,result_id,team_id,athlete_id,grade,athlete_id_2,grade_2,athlete_id_3,grade_3,athlete_id_4,grade_4,running_event_id,event_type,result_time,relay_split,relay_split_2,relay_split_3,wind,meet_id,approved,Track_Event_Type,World_Athletics_Points_Men,World_Athletics_Points_Women,Average_Score,gender,is_hidden,sport_id,start_date,end_date,nationals
44,92879,88,24595,Fr,,,,,,,10,,2:31.48,,,,,1053,True,Distance,892,1239,1511.5,M,False,2,2025-02-14,2025-02-15,False
4135,92993,122,2796,,,,,,,,9,,2:12.91,,,,,1048,True,Distance,515,982,1006.0,M,False,2,2025-02-15,2025-02-15,False
4137,92994,122,1715,,,,,,,,13,,4:27.78,,,,,1048,True,Distance,760,1135,1327.5,M,False,2,2025-02-15,2025-02-15,False
4138,92995,122,2796,,,,,,,,13,,4:56.33,,,,,1048,True,Distance,494,937,962.5,M,False,2,2025-02-15,2025-02-15,False
4139,92996,122,24711,,,,,,,,13,,5:15.06,,,,,1048,True,Distance,350,817,758.5,M,False,2,2025-02-15,2025-02-15,False
4140,92997,122,1715,,,,,,,,14,,9:07.95,,,,,1048,True,Distance,709,1101,1259.5,M,False,2,2025-02-15,2025-02-15,False
19120,93142,1,21425,,,,,,,,24,,4:30.85,,,,,1055,True,Relays,233,704,585.0,M,False,2,2025-02-22,2025-02-22,False
19131,93154,1,150,Jr,,,,,,,13,,4:46.57,,,,,1055,True,Distance,578,1003,1079.5,M,False,2,2025-02-22,2025-02-22,False
19132,93155,1,25151,,,,,,,,13,,4:51.42,,,,,1055,True,Distance,535,970,1020.0,M,False,2,2025-02-22,2025-02-22,False
19133,93156,1,19414,So,,,,,,,13,,4:51.95,,,,,1055,True,Distance,531,966,1014.0,M,False,2,2025-02-22,2025-02-22,False
19134,93157,1,25016,,,,,,,,13,,4:58.54,,,,,1055,True,Distance,475,922,936.0,M,False,2,2025-02-22,2025-02-22,False
19135,93158,1,1,Sr,,,,,,,13,,5:53.97,,,,,1055,True,Distance,130,595,427.5,M,False,2,2025-02-22,2025-02-22,False
19136,93160,1,4909,Sr,,,,,,,14,,9:36.52,,,,,1055,True,Distance,577,1006,1080.0,M,False,2,2025-02-22,2025-02-22,False
19145,93159,1,19,So,,,,,,,14,,9:29.68,,,,,1055,True,Distance,608,1028,1122.0,M,False,2,2025-02-22,2025-02-22,False
19146,93153,1,4603,,,,,,,,13,,4:43.65,,,,,1055,True,Distance,605,1023,1116.5,M,False,2,2025-02-22,2025-02-22,False
19175,93032,56,21405,,,,,,,,24,,4:15.84,,,,,1055,True,Relays,346,806,749.0,M,False,2,2025-02-22,2025-02-22,False
19212,93069,56,128,,,,,,,,9,,1:56.46,,,,,1055,True,Distance,900,1245,1522.5,M,False,2,2025-02-22,2025-02-22,False
19213,93070,56,3415,,,,,,,,9,,2:01.53,,,,,1055,True,Distance,770,1160,1350.0,M,False,2,2025-02-22,2025-02-22,False
19214,93071,56,152,,,,,,,,9,,2:03.24,,,,,1055,True,Distance,728,1133,1294.5,M,False,2,2025-02-22,2025-02-22,False
19215,93073,56,3804,,,,,,,,9,,2:05.57,,,,,1055,True,Distance,673,1095,1220.5,M,False,2,2025-02-22,2025-02-22,False
19216,93074,56,19600,,,,,,,,9,,2:06.89,,,,,1055,True,Distance,643,1075,1180.5,M,False,2,2025-02-22,2025-02-22,False
19217,93075,56,3395,,,,,,,,9,,2:08.94,,,,,1055,True,Distance,598,1043,1119.5,M,False,2,2025-02-22,2025-02-22,False
19218,93076,56,8095,,,,,,,,9,,2:09.50,,,,,1055,True,Distance,586,1034,1103.0,M,False,2,2025-02-22,2025-02-22,False
19219,93077,56,4460,,,,,,,,9,,2:11.63,,,,,1055,True,Distance,541,1002,1042.0,M,False,2,2025-02-22,2025-02-22,False
19220,93078,56,24986,,,,,,,,9,,2:18.97,,,,,1055,True,Distance,400,894,847.0,M,False,2,2025-02-22,2025-02-22,False
19221,93079,56,147,,,,,,,,9,,2:21.98,,,,,1055,True,Distance,348,851,773.5,M,False,2,2025-02-22,2025-02-22,False
19222,93080,56,196,,,,,,,,9,,2:30.46,,,,,1055,True,Distance,221,737,589.5,M,False,2,2025-02-22,2025-02-22,False
19223,93081,56,4854,,,,,,,,9,,2:32.60,,,,,1055,True,Distance,194,709,548.5,M,False,2,2025-02-22,2025-02-22,False
19224,93082,56,2193,,,,,,,,13,,4:31.25,,,,,1055,True,Distance,725,1110,1280.0,M,False,2,2025-02-22,2025-02-22,False
19225,93083,56,8059,,,,,,,,13,,4:41.33,,,,,1055,True,Distance,627,1039,1146.5,M,False,2,2025-02-22,2025-02-22,False
19226,93084,56,163,,,,,,,,13,,4:47.41,,,,,1055,True,Distance,571,997,1069.5,M,False,2,2025-02-22,2025-02-22,False
19227,93085,56,8056,,,,,,,,13,,4:59.20,,,,,1055,True,Distance,470,918,929.0,M,False,2,2025-02-22,2025-02-22,False
19228,93086,56,25143,,,,,,,,13,,5:13.86,,,,,1055,True,Distance,358,825,770.5,M,False,2,2025-02-22,2025-02-22,False
19229,93087,56,24986,,,,,,,,13,,5:13.97,,,,,1055,True,Distance,358,824,770.0,M,False,2,2025-02-22,2025-02-22,False
19230,93088,56,8099,,,,,,,,13,,5:19.19,,,,,1055,True,Distance,322,792,718.0,M,False,2,2025-02-22,2025-02-22,False
19231,93089,56,196,,,,,,,,13,,5:22.33,,,,,1055,True,Distance,301,773,687.5,M,False,2,2025-02-22,2025-02-22,False
19232,93090,56,4854,,,,,,,,13,,5:48.14,,,,,1055,True,Distance,156,626,469.0,M,False,2,2025-02-22,2025-02-22,False
19233,93091,56,8065,,,,,,,,14,,9:05.94,,,,,1055,True,Distance,719,1107,1272.5,M,False,2,2025-02-22,2025-02-22,False
19255,93113,49,18,,,,,,,,9,,2:00.20,,,,,1055,True,Distance,803,1182,1394.0,M,False,2,2025-02-22,2025-02-22,False
19256,93114,49,2260,,,,,,,,9,,2:01.67,,,,,1055,True,Distance,766,1158,1345.0,M,False,2,2025-02-22,2025-02-22,False
19257,93115,49,19502,,,,,,,,9,,2:10.34,,,,,1055,True,Distance,568,1021,1078.5,M,False,2,2025-02-22,2025-02-22,False
19258,93116,49,19503,,,,,,,,9,,2:29.69,,,,,1055,True,Distance,232,747,605.5,M,False,2,2025-02-22,2025-02-22,False
19259,93117,49,2258,,,,,,,,13,,4:23.45,,,,,1055,True,Distance,806,1167,1389.5,M,False,2,2025-02-22,2025-02-22,False
19260,93118,49,2263,,,,,,,,13,,4:30.28,,,,,1055,True,Distance,735,1117,1293.5,M,False,2,2025-02-22,2025-02-22,False
19261,93119,49,18,,,,,,,,13,,4:35.02,,,,,1055,True,Distance,687,1083,1228.5,M,False,2,2025-02-22,2025-02-22,False
19262,93120,49,2260,,,,,,,,13,,4:39.25,,,,,1055,True,Distance,646,1053,1172.5,M,False,2,2025-02-22,2025-02-22,False
19263,93121,49,3782,,,,,,,,13,,4:43.46,,,,,1055,True,Distance,607,1024,1119.0,M,False,2,2025-02-22,2025-02-22,False
19264,93122,49,19502,,,,,,,,13,,4:45.60,,,,,1055,True,Distance,587,1009,1091.5,M,False,2,2025-02-22,2025-02-22,False
19265,93123,49,24849,,,,,,,,13,,4:52.04,,,,,1055,True,Distance,530,965,1012.5,M,False,2,2025-02-22,2025-02-22,False
19266,93124,49,2995,,,,,,,,13,,5:18.70,,,,,1055,True,Distance,325,795,722.5,M,False,2,2025-02-22,2025-02-22,False
19267,93125,49,2263,,,,,,,,14,,9:06.69,,,,,1055,True,Distance,715,1105,1267.5,M,False,2,2025-02-22,2025-02-22,False
19334,93126,49,25145,,,,,,,,14,,14:03.79,,,,,1055,True,Distance,0,328,164.0,M,False,2,2025-02-22,2025-02-22,False
19856,93251,1,18736,Fr,,,,,,,9,,2:00.78,,,,,1057,True,Distance,788,1173,1374.5,M,False,2,2025-02-22,2025-02-22,False
19857,93252,1,2,Jr,,,,,,,14,,8:19.59,,,,,1057,True,Distance,964,1270,1599.0,M,False,2,2025-02-22,2025-02-22,False
19858,93253,1,7,Jr,,,,,,,14,,8:49.02,,,,,1057,True,Distance,804,1166,1387.0,M,False,2,2025-02-22,2025-02-22,False
19859,93254,1,8,So,,,,,,,14,,9:07.88,,,,,1057,True,Distance,710,1101,1260.5,M,False,2,2025-02-22,2025-02-22,False
19860,93256,116,310,Sr,,,,,,,13,,4:29.70,,,,,1058,True,Distance,740,1121,1300.5,M,False,2,2025-02-22,,False
19861,93258,116,24640,Fr,,,,,,,9,,1:56.61,,,,,1058,True,Distance,896,1242,1517.0,M,False,2,2025-02-22,,False
19863,93257,116,4910,Jr,,,,,,,13,,4:25.09,,,,,1058,True,Distance,788,1155,1365.5,M,False,2,2025-02-22,,False
19864,93259,116,24637,Fr,,,,,,,9,,1:58.24,,,,,1058,True,Distance,853,1215,1460.5,M,False,2,2025-02-22,,False
19982,93268,112,420,,,,,,,,9,,1:59.83,,,,,1059,True,Distance,812,1188,1406.0,M,False,2,2025-02-21,2025-02-21,False
19983,93270,112,437,,,,,,,,9,,2:08.24,,,,,1059,True,Distance,613,1054,1140.0,M,False,2,2025-02-21,2025-02-21,False
19985,93274,112,417,,,,,,,,13,,4:25.48,,,,,1059,True,Distance,784,1152,1360.0,M,False,2,2025-02-21,2025-02-21,False
19986,93276,112,421,,,,,,,,13,,4:28.39,,,,,1059,True,Distance,754,1131,1319.5,M,False,2,2025-02-21,2025-02-21,False
19987,93278,112,437,,,,,,,,13,,4:44.42,,,,,1059,True,Distance,598,1017,1106.5,M,False,2,2025-02-21,2025-02-21,False
19989,93282,112,435,,,,,,,,14,,8:55.88,,,,,1059,True,Distance,769,1142,1340.0,M,False,2,2025-02-21,2025-02-21,False
19994,93290,118,3885,,,,,,,,9,,2:31.92,,,,,1059,True,Distance,203,718,562.0,M,False,2,2025-02-21,2025-02-21,False
19995,93292,118,24720,,,,,,,,13,,4:42.95,,,,,1059,True,Distance,611,1027,1124.5,M,False,2,2025-02-21,2025-02-21,False
19996,93294,118,19422,,,,,,,,13,,5:06.90,,,,,1059,True,Distance,410,868,844.0,M,False,2,2025-02-21,2025-02-21,False
20001,93302,118,19430,,,,,,,,14,,11:41.88,,,,,1059,True,Distance,158,642,479.0,M,False,2,2025-02-21,2025-02-21,False
20002,93308,118,11303,,24720.0,,19422.0,,11323.0,,24,,4:06.47,,,,,1059,True,Relays,427,874,864.0,M,False,2,2025-02-21,2025-02-21,False
20012,93267,112,417,,,,,,,,9,,1:58.90,,,,,1059,True,Distance,836,1204,1438.0,M,False,2,2025-02-21,2025-02-21,False
20013,93269,112,415,,,,,,,,9,,2:04.62,,,,,1059,True,Distance,695,1111,1250.5,M,False,2,2025-02-21,2025-02-21,False
20016,93275,112,415,,,,,,,,13,,4:27.25,,,,,1059,True,Distance,766,1139,1335.5,M,False,2,2025-02-21,2025-02-21,False
20017,93277,112,3333,,,,,,,,13,,4:30.79,,,,,1059,True,Distance,729,1113,1285.5,M,False,2,2025-02-21,2025-02-21,False
20020,93283,112,421,,,,,,,,14,,8:58.74,,,,,1059,True,Distance,755,1132,1321.0,M,False,2,2025-02-21,2025-02-21,False
20024,93293,118,11323,,,,,,,,13,,4:52.28,,,,,1059,True,Distance,528,964,1010.0,M,False,2,2025-02-21,2025-02-21,False
20025,93295,118,24719,,,,,,,,13,,6:00.59,,,,,1059,True,Distance,103,560,383.0,M,False,2,2025-02-21,2025-02-21,False
20027,93301,118,24720,,,,,,,,14,,9:59.25,,,,,1059,True,Distance,482,934,949.0,M,False,2,2025-02-21,2025-02-21,False
20028,93303,118,3884,,,,,,,,17,,16:34.76,,,,,1059,True,Distance,574,1007,1077.5,M,False,2,2025-02-21,2025-02-21,False
20029,93304,118,11303,,,,,,,,17,,16:37.22,,,,,1059,True,Distance,568,1003,1069.5,M,False,2,2025-02-21,2025-02-21,False
20036,93313,124,24421,,,,,,,,9,,2:02.82,,,,,1060,True,Distance,738,1139,1307.5,M,False,2,2025-02-21,2025-02-21,False
20039,93317,124,19402,,,,,,,,14,,8:25.49,,,,,1060,True,Distance,931,1249,1555.5,M,False,2,2025-02-21,2025-02-21,False
20040,93318,124,2007,,,,,,,,14,,8:35.49,,,,,1060,True,Distance,876,1213,1482.5,M,False,2,2025-02-21,2025-02-21,False
20041,93319,124,2013,,,,,,,,14,,9:02.17,,,,,1060,True,Distance,738,1120,1298.0,M,False,2,2025-02-21,2025-02-21,False
20057,93335,107,23473,,,,,,,,9,,1:56.81,,,,,1061,True,Distance,890,1239,1509.5,M,False,2,2025-02-21,2025-02-21,False
20058,93336,107,2002,,,,,,,,13,,4:40.10,,,,,1061,True,Distance,638,1047,1161.5,M,False,2,2025-02-21,2025-02-21,False
20059,93337,107,2032,,,,,,,,13,,4:52.72,,,,,1061,True,Distance,524,961,1004.5,M,False,2,2025-02-21,2025-02-21,False
20068,93346,167,666,,,,,,,,17,,14:45.12,,,,,1062,True,Distance,892,1217,1500.5,M,False,2,2025-02-21,2025-02-22,False
20069,93347,167,673,,,,,,,,17,,14:59.03,,,,,1062,True,Distance,848,1189,1442.5,M,False,2,2025-02-21,2025-02-22,False
20070,93348,167,667,,,,,,,,17,,15:11.47,,,,,1062,True,Distance,810,1165,1392.5,M,False,2,2025-02-21,2025-02-22,False
20071,93349,167,2584,,,,,,,,17,,15:11.98,,,,,1062,True,Distance,808,1164,1390.0,M,False,2,2025-02-21,2025-02-22,False
20072,93350,167,466,,,,,,,,17,,15:23.52,,,,,1062,True,Distance,773,1141,1343.5,M,False,2,2025-02-21,2025-02-22,False
20073,93351,167,669,,,,,,,,17,,15:30.42,,,,,1062,True,Distance,753,1128,1317.0,M,False,2,2025-02-21,2025-02-22,False
21045,93856,61,4036,,382.0,,4626.0,,2259.0,,24,,3:48.26,,,,,1071,True,Relays,610,1013,1116.5,M,False,2,2025-02-22,2025-02-22,False
21046,93857,61,24978,,19564.0,,24857.0,,4622.0,,24,,3:50.83,,,,,1071,True,Relays,582,993,1078.5,M,False,2,2025-02-22,2025-02-22,False
21061,93534,172,1810,,,,,,,,14,,8:48.17,,,,,1067,True,Distance,809,1168,1393.0,M,False,2,2025-02-23,2025-02-23,False
21062,93535,172,1814,,,,,,,,17,,16:18.94,,,,,1067,True,Distance,616,1036,1134.0,M,False,2,2025-02-23,2025-02-23,False
21080,93553,174,1856,,,,,,,,9,,2:04.36,,,,,1067,True,Distance,701,1115,1258.5,M,False,2,2025-02-23,2025-02-23,False
21081,93554,174,2111,,,,,,,,9,,2:08.56,,,,,1067,True,Distance,606,1049,1130.5,M,False,2,2025-02-23,2025-02-23,False
21082,93555,174,4648,,,,,,,,9,,2:19.98,,,,,1067,True,Distance,382,879,821.5,M,False,2,2025-02-23,2025-02-23,False
21083,93556,174,3204,,,,,,,,13,,4:27.91,,,,,1067,True,Distance,759,1134,1326.0,M,False,2,2025-02-23,2025-02-23,False
21084,93557,174,25256,,,,,,,,13,,5:20.46,,,,,1067,True,Distance,313,784,705.0,M,False,2,2025-02-23,2025-02-23,False
21085,93558,174,2116,,,,,,,,14,,9:27.14,,,,,1067,True,Distance,619,1037,1137.5,M,False,2,2025-02-23,2025-02-23,False
21086,93559,174,18250,,,,,,,,14,,9:36.13,,,,,1067,True,Distance,579,1008,1083.0,M,False,2,2025-02-23,2025-02-23,False
21090,93563,180,18880,,,,,,,,13,,4:49.29,,,,,1067,True,Distance,554,984,1046.0,M,False,2,2025-02-23,2025-02-23,False
21091,93564,180,1831,,,,,,,,13,,5:45.09,,,,,1067,True,Distance,171,642,492.0,M,False,2,2025-02-23,2025-02-23,False
21092,93565,188,5013,,,,,,,,17,,15:59.55,,,,,1067,True,Distance,669,1072,1205.0,M,False,2,2025-02-23,2025-02-23,False
21107,93582,204,4482,,,,,,,,9,,1:59.53,,,,,1067,True,Distance,820,1193,1416.5,M,False,2,2025-02-23,2025-02-23,False
21108,93584,204,868,,,,,,,,14,,8:59.59,,,,,1067,True,Distance,750,1129,1314.5,M,False,2,2025-02-23,2025-02-23,False
21109,93585,204,18562,,,,,,,,14,,9:27.83,,,,,1067,True,Distance,616,1035,1133.5,M,False,2,2025-02-23,2025-02-23,False
21132,93608,205,25269,,,,,,,,9,,2:03.19,,,,,1067,True,Distance,729,1133,1295.5,M,False,2,2025-02-23,2025-02-23,False
21133,93609,205,19641,,,,,,,,9,,2:12.92,,,,,1067,True,Distance,514,982,1005.0,M,False,2,2025-02-23,2025-02-23,False
21134,93610,205,25270,,,,,,,,9,,2:55.73,,,,,1067,True,Distance,13,445,235.5,M,False,2,2025-02-23,2025-02-23,False
21135,93611,205,19649,,,,,,,,13,,5:36.63,,,,,1067,True,Distance,215,689,559.5,M,False,2,2025-02-23,2025-02-23,False
21136,93612,205,3559,,,,,,,,13,,6:17.61,,,,,1067,True,Distance,49,477,287.5,M,False,2,2025-02-23,2025-02-23,False
21148,93583,204,930,,,,,,,,13,,4:53.51,,,,,1067,True,Distance,517,956,995.0,M,False,2,2025-02-23,2025-02-23,False
21218,93678,203,24555,,,,,,,,9,,2:07.02,,,,,1069,True,Distance,640,1073,1176.5,M,False,2,2025-02-22,2025-02-22,False
21219,93679,203,24549,,,,,,,,9,,2:14.11,,,,,1069,True,Distance,491,964,973.0,M,False,2,2025-02-22,2025-02-22,False
21220,93680,203,4504,,,,,,,,10,,2:57.98,,,,,1069,True,Distance,437,916,895.0,M,False,2,2025-02-22,2025-02-22,False
21221,93681,203,24554,,,,,,,,10,,3:20.24,,,,,1069,True,Distance,179,682,520.0,M,False,2,2025-02-22,2025-02-22,False
21222,93682,203,4418,,,,,,,,13,,4:51.42,,,,,1069,True,Distance,535,970,1020.0,M,False,2,2025-02-22,2025-02-22,False
21223,93683,203,5598,,,,,,,,13,,4:58.63,,,,,1069,True,Distance,475,922,936.0,M,False,2,2025-02-22,2025-02-22,False
21327,93745,202,24367,,,,,,,,9,,2:28.87,,,,,1070,True,Distance,243,758,622.0,M,False,2,2025-02-22,2025-02-22,False
21328,93746,202,5589,,,,,,,,13,,5:42.29,,,,,1070,True,Distance,185,658,514.0,M,False,2,2025-02-22,2025-02-22,False
21329,93747,202,2907,,,,,,,,14,,9:33.11,,,,,1070,True,Distance,592,1017,1100.5,M,False,2,2025-02-22,2025-02-22,False
21330,93748,202,23581,,,,,,,,14,,9:46.32,,,,,1070,True,Distance,535,975,1022.5,M,False,2,2025-02-22,2025-02-22,False
21331,93749,202,25298,,,,,,,,14,,9:54.93,,,,,1070,True,Distance,499,948,973.0,M,False,2,2025-02-22,2025-02-22,False
21335,93753,202,3508,,24368.0,,24370.0,,24363.0,,24,,3:35.00,,,,,1070,True,Relays,763,1121,1323.5,M,False,2,2025-02-22,2025-02-22,False
21667,93819,61,24979,,,,,,,,9,,1:59.70,,,,,1071,True,Distance,815,1190,1410.0,M,False,2,2025-02-22,2025-02-22,False
21668,93821,61,1658,,,,,,,,9,,2:02.93,,,,,1071,True,Distance,735,1138,1304.0,M,False,2,2025-02-22,2025-02-22,False
21669,93822,61,1657,,,,,,,,9,,2:04.79,,,,,1071,True,Distance,691,1108,1245.0,M,False,2,2025-02-22,2025-02-22,False
21670,93823,61,2273,,,,,,,,9,,2:07.28,,,,,1071,True,Distance,634,1069,1168.5,M,False,2,2025-02-22,2025-02-22,False
21671,93824,61,24857,,,,,,,,9,,2:38.83,,,,,1071,True,Distance,124,632,440.0,M,False,2,2025-02-22,2025-02-22,False
21672,93826,61,8147,,,,,,,,13,,4:30.94,,,,,1071,True,Distance,728,1112,1284.0,M,False,2,2025-02-22,2025-02-22,False
21673,93827,61,1657,,,,,,,,13,,4:37.29,,,,,1071,True,Distance,665,1067,1198.5,M,False,2,2025-02-22,2025-02-22,False
21674,93828,61,1658,,,,,,,,13,,4:39.92,,,,,1071,True,Distance,640,1048,1164.0,M,False,2,2025-02-22,2025-02-22,False
21675,93829,61,1660,,,,,,,,13,,4:41.60,,,,,1071,True,Distance,624,1037,1142.5,M,False,2,2025-02-22,2025-02-22,False
21676,93830,61,2261,,,,,,,,13,,4:43.00,,,,,1071,True,Distance,611,1027,1124.5,M,False,2,2025-02-22,2025-02-22,False
21677,93831,61,1663,,,,,,,,13,,4:54.87,,,,,1071,True,Distance,506,947,979.5,M,False,2,2025-02-22,2025-02-22,False
21678,93832,61,2275,,,,,,,,13,,4:58.09,,,,,1071,True,Distance,479,925,941.5,M,False,2,2025-02-22,2025-02-22,False
21679,93833,61,2281,,,,,,,,13,,4:58.20,,,,,1071,True,Distance,478,925,940.5,M,False,2,2025-02-22,2025-02-22,False
21680,93834,61,19564,,,,,,,,13,,5:04.71,,,,,1071,True,Distance,426,882,867.0,M,False,2,2025-02-22,2025-02-22,False
21681,93835,61,4037,,,,,,,,13,,5:09.15,,,,,1071,True,Distance,393,854,820.0,M,False,2,2025-02-22,2025-02-22,False
21682,93836,61,25306,,,,,,,,13,,5:13.08,,,,,1071,True,Distance,364,829,778.5,M,False,2,2025-02-22,2025-02-22,False
21683,93837,61,19559,,,,,,,,13,,5:15.46,,,,,1071,True,Distance,347,815,754.5,M,False,2,2025-02-22,2025-02-22,False
21684,93838,61,4627,,,,,,,,13,,5:32.48,,,,,1071,True,Distance,238,713,594.5,M,False,2,2025-02-22,2025-02-22,False
21685,93839,61,21474,,,,,,,,13,,5:36.17,,,,,1071,True,Distance,218,692,564.0,M,False,2,2025-02-22,2025-02-22,False
21686,93840,61,21470,,,,,,,,14,,8:42.44,,,,,1071,True,Distance,839,1189,1433.5,M,False,2,2025-02-22,2025-02-22,False
21687,93841,61,8146,,,,,,,,14,,8:43.03,,,,,1071,True,Distance,836,1186,1429.0,M,False,2,2025-02-22,2025-02-22,False
21688,93842,61,2259,,,,,,,,14,,8:48.50,,,,,1071,True,Distance,807,1167,1390.5,M,False,2,2025-02-22,2025-02-22,False
21689,93843,61,382,,,,,,,,14,,8:56.72,,,,,1071,True,Distance,765,1139,1334.5,M,False,2,2025-02-22,2025-02-22,False
21690,93844,61,1656,,,,,,,,14,,9:26.25,,,,,1071,True,Distance,623,1040,1143.0,M,False,2,2025-02-22,2025-02-22,False
21691,93845,61,2261,,,,,,,,14,,9:36.85,,,,,1071,True,Distance,576,1005,1078.5,M,False,2,2025-02-22,2025-02-22,False
21692,93846,61,2275,,,,,,,,14,,10:09.98,,,,,1071,True,Distance,440,901,890.5,M,False,2,2025-02-22,2025-02-22,False
21693,93847,61,1663,,,,,,,,14,,10:10.87,,,,,1071,True,Distance,436,898,885.0,M,False,2,2025-02-22,2025-02-22,False
21700,93854,61,24979,,25305.0,,5745.0,,4623.0,,24,,3:35.07,,,,,1071,True,Relays,763,1120,1323.0,M,False,2,2025-02-22,2025-02-22,False
21701,93825,61,21471,,,,,,,,13,,4:29.27,,,,,1071,True,Distance,745,1124,1307.0,M,False,2,2025-02-22,2025-02-22,False
21706,93855,61,2273,,24980.0,,21471.0,,24855.0,,24,,3:40.65,,,,,1071,True,Relays,696,1074,1233.0,M,False,2,2025-02-22,2025-02-22,False
22693,94255,32,25344,,,,,,,,13,,4:30.73,,,,,1076,True,Distance,730,1114,1287.0,M,False,2,2025-02-14,2025-02-15,False
22694,94259,32,19581,,,,,,,,13,,5:02.65,,,,,1076,True,Distance,442,896,890.0,M,False,2,2025-02-14,2025-02-15,False
22696,94262,32,25347,,,,,,,,13,,5:32.39,,,,,1076,True,Distance,239,714,596.0,M,False,2,2025-02-14,2025-02-15,False
22701,94256,32,18770,,,,,,,,13,,4:33.69,,,,,1076,True,Distance,700,1092,1246.0,M,False,2,2025-02-14,2025-02-15,False
22702,94257,32,25345,,,,,,,,13,,4:40.37,,,,,1076,True,Distance,636,1045,1158.5,M,False,2,2025-02-14,2025-02-15,False
22703,94258,32,25346,,,,,,,,13,,4:49.00,,,,,1076,True,Distance,557,986,1050.0,M,False,2,2025-02-14,2025-02-15,False
22704,94260,32,18772,,,,,,,,13,,5:07.44,,,,,1076,True,Distance,406,865,838.5,M,False,2,2025-02-14,2025-02-15,False
27384,95757,59,1638,,24996.0,,19362.0,,25554.0,,22,,1:44.42,,,,,1084,True,Relays,488,955,965.5,M,False,2,2025-03-01,2025-03-01,False
27385,95758,56,4458,,24393.0,,3569.0,,25564.0,,22,,1:45.02,,,,,1084,True,Relays,474,945,946.5,M,False,2,2025-03-01,2025-03-01,False
27386,95759,44,4870,,4135.0,,25568.0,,25569.0,,22,,1:45.24,,,,,1084,True,Relays,468,941,938.5,M,False,2,2025-03-01,2025-03-01,False
27387,95760,117,3997,,4097.0,,24694.0,,25562.0,,22,,1:45.84,,,,,1084,True,Relays,454,930,919.0,M,False,2,2025-03-01,2025-03-01,False
27388,95761,111,25570,,18791.0,,25540.0,,25073.0,,22,,1:46.80,,,,,1084,True,Relays,431,913,887.5,M,False,2,2025-03-01,2025-03-01,False
27389,95762,58,3926,,24840.0,,24842.0,,24844.0,,22,,1:46.98,,,,,1084,True,Relays,427,910,882.0,M,False,2,2025-03-01,2025-03-01,False
27390,95763,49,3781,,25145.0,,19503.0,,2995.0,,22,,1:48.30,,,,,1084,True,Relays,397,888,841.0,M,False,2,2025-03-01,2025-03-01,False
27391,95764,62,25548,,4931.0,,25544.0,,25525.0,,22,,1:51.55,,,,,1084,True,Relays,328,833,744.5,M,False,2,2025-03-01,2025-03-01,False
27392,95765,56,4111,,3578.0,,128.0,,4460.0,,24,,3:27.11,,,,,1084,True,Relays,863,1188,1457.0,M,False,2,2025-03-01,2025-03-01,False
27393,95766,61,4623,,5745.0,,24979.0,,25305.0,,24,,3:29.85,,,,,1084,True,Relays,828,1164,1410.0,M,False,2,2025-03-01,2025-03-01,False
27394,95767,59,1639,,11372.0,,24997.0,,3912.0,,24,,3:29.88,,,,,1084,True,Relays,827,1164,1409.0,M,False,2,2025-03-01,2025-03-01,False
27395,95768,117,3996,,24695.0,,25083.0,,156.0,,24,,3:37.46,,,,,1084,True,Relays,734,1101,1284.5,M,False,2,2025-03-01,2025-03-01,False
27396,95769,167,466,,666.0,,467.0,,673.0,,24,,3:37.55,,,,,1084,True,Relays,733,1100,1283.0,M,False,2,2025-03-01,2025-03-01,False
27397,95770,36,19578,,19576.0,,4883.0,,4878.0,,24,,3:41.08,,,,,1084,True,Relays,691,1071,1226.5,M,False,2,2025-03-01,2025-03-01,False
27398,95772,120,327,,344.0,,24835.0,,24837.0,,24,,3:47.43,,,,,1084,True,Relays,619,1020,1129.0,M,False,2,2025-03-01,2025-03-01,False
27399,95773,127,4516,,24388.0,,4936.0,,24387.0,,24,,3:49.86,,,,,1084,True,Relays,593,1001,1093.5,M,False,2,2025-03-01,2025-03-01,False
27400,95775,60,3386,,4901.0,,3393.0,,19364.0,,24,,3:57.47,,,,,1084,True,Relays,513,941,983.5,M,False,2,2025-03-01,2025-03-01,False
27401,95776,37,18807,,3402.0,,25546.0,,25551.0,,24,,3:57.66,,,,,1084,True,Relays,512,940,982.0,M,False,2,2025-03-01,2025-03-01,False
27402,95777,111,25570,,18131.0,,8005.0,,8011.0,,24,,4:20.22,,,,,1084,True,Relays,311,776,699.0,M,False,2,2025-03-01,2025-03-01,False
27403,95774,44,2214,,2217.0,,25549.0,,19536.0,,24,,3:54.06,,,,,1084,True,Relays,548,968,1032.0,M,False,2,2025-03-01,2025-03-01,False
27775,95333,56,130,,,,,,,,13,,4:22.00,,,,,1084,True,Distance,821,1178,1410.0,M,False,2,2025-03-01,2025-03-01,False
27776,95334,167,673,,,,,,,,13,,4:22.50,,,,,1084,True,Distance,816,1174,1403.0,M,False,2,2025-03-01,2025-03-01,False
27777,95335,167,466,,,,,,,,13,,4:22.76,,,,,1084,True,Distance,813,1172,1399.0,M,False,2,2025-03-01,2025-03-01,False
27778,95336,117,135,,,,,,,,13,,4:22.88,,,,,1084,True,Distance,812,1171,1397.5,M,False,2,2025-03-01,2025-03-01,False
27779,95337,56,123,,,,,,,,13,,4:22.93,,,,,1084,True,Distance,811,1171,1396.5,M,False,2,2025-03-01,2025-03-01,False
27780,95338,122,1715,,,,,,,,13,,4:23.10,,,,,1084,True,Distance,809,1169,1393.5,M,False,2,2025-03-01,2025-03-01,False
27781,95339,117,25088,,,,,,,,13,,4:23.80,,,,,1084,True,Distance,802,1164,1384.0,M,False,2,2025-03-01,2025-03-01,False
27782,95340,61,382,,,,,,,,13,,4:23.93,,,,,1084,True,Distance,800,1163,1381.5,M,False,2,2025-03-01,2025-03-01,False
27783,95341,56,129,,,,,,,,13,,4:27.81,,,,,1084,True,Distance,760,1135,1327.5,M,False,2,2025-03-01,2025-03-01,False
27784,95342,116,7975,,,,,,,,13,,4:27.97,,,,,1084,True,Distance,758,1134,1325.0,M,False,2,2025-03-01,2025-03-01,False
27785,95343,36,4890,,,,,,,,13,,4:28.23,,,,,1084,True,Distance,756,1132,1322.0,M,False,2,2025-03-01,2025-03-01,False
27786,95344,60,3386,,,,,,,,13,,4:28.28,,,,,1084,True,Distance,755,1131,1320.5,M,False,2,2025-03-01,2025-03-01,False
27787,95345,61,19539,,,,,,,,13,,4:28.46,,,,,1084,True,Distance,753,1130,1318.0,M,False,2,2025-03-01,2025-03-01,False
27788,95346,36,19576,,,,,,,,13,,4:28.46,,,,,1084,True,Distance,753,1130,1318.0,M,False,2,2025-03-01,2025-03-01,False
27789,95347,117,24698,,,,,,,,13,,4:29.76,,,,,1084,True,Distance,740,1121,1300.5,M,False,2,2025-03-01,2025-03-01,False
27790,95348,56,25529,,,,,,,,13,,4:30.02,,,,,1084,True,Distance,737,1119,1296.5,M,False,2,2025-03-01,2025-03-01,False
27791,95349,167,467,,,,,,,,13,,4:30.46,,,,,1084,True,Distance,733,1116,1291.0,M,False,2,2025-03-01,2025-03-01,False
27792,95350,116,7976,,,,,,,,13,,4:31.16,,,,,1084,True,Distance,726,1111,1281.5,M,False,2,2025-03-01,2025-03-01,False
27793,95351,108,10,,,,,,,,13,,4:31.20,,,,,1084,True,Distance,725,1110,1280.0,M,False,2,2025-03-01,2025-03-01,False
27794,95352,49,2260,,,,,,,,13,,4:32.41,,,,,1084,True,Distance,713,1102,1264.0,M,False,2,2025-03-01,2025-03-01,False
27795,95353,116,4144,,,,,,,,13,,4:32.96,,,,,1084,True,Distance,708,1098,1257.0,M,False,2,2025-03-01,2025-03-01,False
27796,95354,1,7,,,,,,,,13,,4:33.10,,,,,1084,True,Distance,706,1097,1254.5,M,False,2,2025-03-01,2025-03-01,False
27797,95355,117,120,,,,,,,,13,,4:33.93,,,,,1084,True,Distance,698,1091,1243.5,M,False,2,2025-03-01,2025-03-01,False
27798,95356,49,18,,,,,,,,13,,4:34.85,,,,,1084,True,Distance,689,1084,1231.0,M,False,2,2025-03-01,2025-03-01,False
27799,95357,108,3743,,,,,,,,13,,4:36.44,,,,,1084,True,Distance,673,1073,1209.5,M,False,2,2025-03-01,2025-03-01,False
27800,95358,117,8038,,,,,,,,13,,4:36.54,,,,,1084,True,Distance,672,1072,1208.0,M,False,2,2025-03-01,2025-03-01,False
27801,95359,117,23472,,,,,,,,13,,4:36.65,,,,,1084,True,Distance,671,1071,1206.5,M,False,2,2025-03-01,2025-03-01,False
27802,95360,60,19364,,,,,,,,13,,4:36.97,,,,,1084,True,Distance,668,1069,1202.5,M,False,2,2025-03-01,2025-03-01,False
27803,95361,56,203,,,,,,,,13,,4:37.18,,,,,1084,True,Distance,666,1068,1200.0,M,False,2,2025-03-01,2025-03-01,False
27804,95362,61,2261,,,,,,,,13,,4:37.92,,,,,1084,True,Distance,659,1063,1190.5,M,False,2,2025-03-01,2025-03-01,False
27805,95363,49,2994,,,,,,,,13,,4:37.95,,,,,1084,True,Distance,659,1062,1190.0,M,False,2,2025-03-01,2025-03-01,False
27806,95364,124,11308,,,,,,,,13,,4:38.07,,,,,1084,True,Distance,658,1061,1188.5,M,False,2,2025-03-01,2025-03-01,False
27807,95365,61,25530,,,,,,,,13,,4:38.13,,,,,1084,True,Distance,657,1061,1187.5,M,False,2,2025-03-01,2025-03-01,False
27808,95366,58,178,,,,,,,,13,,4:38.27,,,,,1084,True,Distance,656,1060,1186.0,M,False,2,2025-03-01,2025-03-01,False
27809,95367,116,24643,,,,,,,,13,,4:38.32,,,,,1084,True,Distance,655,1060,1185.0,M,False,2,2025-03-01,2025-03-01,False
27810,95368,1,18733,,,,,,,,13,,4:38.62,,,,,1084,True,Distance,652,1058,1181.0,M,False,2,2025-03-01,2025-03-01,False
27811,95369,59,1631,,,,,,,,13,,4:38.71,,,,,1084,True,Distance,651,1057,1179.5,M,False,2,2025-03-01,2025-03-01,False
27812,95370,61,1657,,,,,,,,13,,4:39.49,,,,,1084,True,Distance,644,1051,1169.5,M,False,2,2025-03-01,2025-03-01,False
27813,95371,1,150,,,,,,,,13,,4:39.57,,,,,1084,True,Distance,643,1051,1168.5,M,False,2,2025-03-01,2025-03-01,False
27814,95372,61,1660,,,,,,,,13,,4:40.52,,,,,1084,True,Distance,634,1044,1156.0,M,False,2,2025-03-01,2025-03-01,False
27815,95373,117,31,,,,,,,,13,,4:40.70,,,,,1084,True,Distance,632,1043,1153.5,M,False,2,2025-03-01,2025-03-01,False
27816,95374,36,4877,,,,,,,,13,,4:40.89,,,,,1084,True,Distance,631,1042,1152.0,M,False,2,2025-03-01,2025-03-01,False
27817,95375,61,8147,,,,,,,,13,,4:40.97,,,,,1084,True,Distance,630,1041,1150.5,M,False,2,2025-03-01,2025-03-01,False
27818,95376,56,163,,,,,,,,13,,4:41.08,,,,,1084,True,Distance,629,1040,1149.0,M,False,2,2025-03-01,2025-03-01,False
27819,95377,59,21472,,,,,,,,13,,4:41.55,,,,,1084,True,Distance,624,1037,1142.5,M,False,2,2025-03-01,2025-03-01,False
27820,95378,44,4138,,,,,,,,13,,4:42.31,,,,,1084,True,Distance,617,1032,1133.0,M,False,2,2025-03-01,2025-03-01,False
27821,95379,167,19381,,,,,,,,13,,4:42.68,,,,,1084,True,Distance,614,1029,1128.5,M,False,2,2025-03-01,2025-03-01,False
27822,95380,107,2002,,,,,,,,13,,4:42.70,,,,,1084,True,Distance,614,1029,1128.5,M,False,2,2025-03-01,2025-03-01,False
27823,95381,117,25531,,,,,,,,13,,4:43.03,,,,,1084,True,Distance,611,1027,1124.5,M,False,2,2025-03-01,2025-03-01,False
27824,95382,117,158,,,,,,,,13,,4:43.09,,,,,1084,True,Distance,610,1026,1123.0,M,False,2,2025-03-01,2025-03-01,False
27825,95383,120,323,,,,,,,,13,,4:43.18,,,,,1084,True,Distance,609,1026,1122.0,M,False,2,2025-03-01,2025-03-01,False
27826,95384,1,18728,,,,,,,,13,,4:43.30,,,,,1084,True,Distance,608,1025,1120.5,M,False,2,2025-03-01,2025-03-01,False
27827,95385,116,24642,,,,,,,,13,,4:43.46,,,,,1084,True,Distance,607,1024,1119.0,M,False,2,2025-03-01,2025-03-01,False
27828,95386,49,3782,,,,,,,,13,,4:44.25,,,,,1084,True,Distance,599,1018,1108.0,M,False,2,2025-03-01,2025-03-01,False
27829,95387,167,19386,,,,,,,,13,,4:44.58,,,,,1084,True,Distance,596,1016,1104.0,M,False,2,2025-03-01,2025-03-01,False
27830,95388,44,2214,,,,,,,,13,,4:44.71,,,,,1084,True,Distance,595,1015,1102.5,M,False,2,2025-03-01,2025-03-01,False
27831,95389,127,11,,,,,,,,13,,4:45.23,,,,,1084,True,Distance,591,1012,1097.0,M,False,2,2025-03-01,2025-03-01,False
27832,95390,167,19384,,,,,,,,13,,4:45.63,,,,,1084,True,Distance,587,1009,1091.5,M,False,2,2025-03-01,2025-03-01,False
27833,95391,59,3901,,,,,,,,13,,4:45.68,,,,,1084,True,Distance,586,1009,1090.5,M,False,2,2025-03-01,2025-03-01,False
27834,95392,56,19600,,,,,,,,13,,4:45.90,,,,,1084,True,Distance,584,1007,1087.5,M,False,2,2025-03-01,2025-03-01,False
27835,95393,117,25087,,,,,,,,13,,4:45.93,,,,,1084,True,Distance,584,1007,1087.5,M,False,2,2025-03-01,2025-03-01,False
27836,95394,56,8051,,,,,,,,13,,4:46.20,,,,,1084,True,Distance,582,1005,1084.5,M,False,2,2025-03-01,2025-03-01,False
27837,95395,117,8058,,,,,,,,13,,4:46.42,,,,,1084,True,Distance,580,1004,1082.0,M,False,2,2025-03-01,2025-03-01,False
27838,95396,116,2059,,,,,,,,13,,4:47.36,,,,,1084,True,Distance,571,997,1069.5,M,False,2,2025-03-01,2025-03-01,False
27839,95397,56,8075,,,,,,,,13,,4:47.84,,,,,1084,True,Distance,567,994,1064.0,M,False,2,2025-03-01,2025-03-01,False
27840,95398,36,25532,,,,,,,,13,,4:48.01,,,,,1084,True,Distance,565,993,1061.5,M,False,2,2025-03-01,2025-03-01,False
27841,95399,1,18730,,,,,,,,13,,4:48.09,,,,,1084,True,Distance,565,992,1061.0,M,False,2,2025-03-01,2025-03-01,False
27842,95400,111,8007,,,,,,,,13,,4:48.15,,,,,1084,True,Distance,564,992,1060.0,M,False,2,2025-03-01,2025-03-01,False
27843,95401,117,156,,,,,,,,13,,4:48.18,,,,,1084,True,Distance,564,992,1060.0,M,False,2,2025-03-01,2025-03-01,False
27844,95402,44,19536,,,,,,,,13,,4:48.61,,,,,1084,True,Distance,560,989,1054.5,M,False,2,2025-03-01,2025-03-01,False
27845,95403,56,8045,,,,,,,,13,,4:48.68,,,,,1084,True,Distance,559,988,1053.0,M,False,2,2025-03-01,2025-03-01,False
27846,95404,167,18977,,,,,,,,13,,4:48.79,,,,,1084,True,Distance,559,987,1052.5,M,False,2,2025-03-01,2025-03-01,False
27847,95405,56,8056,,,,,,,,13,,4:49.54,,,,,1084,True,Distance,552,982,1043.0,M,False,2,2025-03-01,2025-03-01,False
27848,95406,59,19362,,,,,,,,13,,4:49.68,,,,,1084,True,Distance,551,981,1041.5,M,False,2,2025-03-01,2025-03-01,False
27849,95407,61,2265,,,,,,,,13,,4:49.79,,,,,1084,True,Distance,550,981,1040.5,M,False,2,2025-03-01,2025-03-01,False
27850,95408,111,8011,,,,,,,,13,,4:49.94,,,,,1084,True,Distance,548,980,1038.0,M,False,2,2025-03-01,2025-03-01,False
27851,95409,107,3620,,,,,,,,13,,4:51.20,,,,,1084,True,Distance,537,971,1022.5,M,False,2,2025-03-01,2025-03-01,False
27852,95410,108,8048,,,,,,,,13,,4:51.62,,,,,1084,True,Distance,534,968,1018.0,M,False,2,2025-03-01,2025-03-01,False
27853,95411,108,23475,,,,,,,,13,,4:51.72,,,,,1084,True,Distance,533,968,1017.0,M,False,2,2025-03-01,2025-03-01,False
27854,95412,116,18783,,,,,,,,13,,4:51.88,,,,,1084,True,Distance,531,967,1014.5,M,False,2,2025-03-01,2025-03-01,False
27855,95413,59,1632,,,,,,,,13,,4:52.09,,,,,1084,True,Distance,530,965,1012.5,M,False,2,2025-03-01,2025-03-01,False
27856,95414,116,7982,,,,,,,,13,,4:52.19,,,,,1084,True,Distance,529,964,1011.0,M,False,2,2025-03-01,2025-03-01,False
27857,95415,117,25533,,,,,,,,13,,4:52.27,,,,,1084,True,Distance,528,964,1010.0,M,False,2,2025-03-01,2025-03-01,False
27858,95416,117,8060,,,,,,,,13,,4:52.46,,,,,1084,True,Distance,526,963,1007.5,M,False,2,2025-03-01,2025-03-01,False
27859,95417,111,8005,,,,,,,,13,,4:52.93,,,,,1084,True,Distance,522,960,1002.0,M,False,2,2025-03-01,2025-03-01,False
27860,95418,60,5295,,,,,,,,13,,4:53.04,,,,,1084,True,Distance,522,959,1001.5,M,False,2,2025-03-01,2025-03-01,False
27861,95419,117,188,,,,,,,,13,,4:53.11,,,,,1084,True,Distance,521,958,1000.0,M,False,2,2025-03-01,2025-03-01,False
27862,95420,117,161,,,,,,,,13,,4:53.21,,,,,1084,True,Distance,520,958,999.0,M,False,2,2025-03-01,2025-03-01,False
27863,95421,36,4889,,,,,,,,13,,4:53.28,,,,,1084,True,Distance,519,957,997.5,M,False,2,2025-03-01,2025-03-01,False
27864,95422,44,3404,,,,,,,,13,,4:53.61,,,,,1084,True,Distance,517,955,994.5,M,False,2,2025-03-01,2025-03-01,False
27865,95423,62,25534,,,,,,,,13,,4:54.03,,,,,1084,True,Distance,513,952,989.0,M,False,2,2025-03-01,2025-03-01,False
27866,95424,111,8009,,,,,,,,13,,4:54.15,,,,,1084,True,Distance,512,951,987.5,M,False,2,2025-03-01,2025-03-01,False
27867,95425,61,2269,,,,,,,,13,,4:54.52,,,,,1084,True,Distance,509,949,983.5,M,False,2,2025-03-01,2025-03-01,False
27868,95426,36,19582,,,,,,,,13,,4:54.64,,,,,1084,True,Distance,508,948,982.0,M,False,2,2025-03-01,2025-03-01,False
27869,95428,61,25536,,,,,,,,13,,4:54.85,,,,,1084,True,Distance,506,947,979.5,M,False,2,2025-03-01,2025-03-01,False
27870,95429,61,1658,,,,,,,,13,,4:54.85,,,,,1084,True,Distance,506,947,979.5,M,False,2,2025-03-01,2025-03-01,False
27871,95430,59,4082,,,,,,,,13,,4:54.90,,,,,1084,True,Distance,506,946,979.0,M,False,2,2025-03-01,2025-03-01,False
27872,95431,117,166,,,,,,,,13,,4:55.00,,,,,1084,True,Distance,505,946,978.0,M,False,2,2025-03-01,2025-03-01,False
27873,95432,59,11370,,,,,,,,13,,4:55.11,,,,,1084,True,Distance,504,945,976.5,M,False,2,2025-03-01,2025-03-01,False
27874,95433,59,4084,,,,,,,,13,,4:55.43,,,,,1084,True,Distance,501,943,972.5,M,False,2,2025-03-01,2025-03-01,False
27875,95434,120,7691,,,,,,,,13,,4:55.43,,,,,1084,True,Distance,501,943,972.5,M,False,2,2025-03-01,2025-03-01,False
27876,95435,108,6407,,,,,,,,13,,4:55.74,,,,,1084,True,Distance,499,941,969.5,M,False,2,2025-03-01,2025-03-01,False
27877,95436,61,2275,,,,,,,,13,,4:55.98,,,,,1084,True,Distance,497,939,966.5,M,False,2,2025-03-01,2025-03-01,False
27878,95437,124,19424,,,,,,,,13,,4:56.01,,,,,1084,True,Distance,496,939,965.5,M,False,2,2025-03-01,2025-03-01,False
27879,95438,117,192,,,,,,,,13,,4:56.96,,,,,1084,True,Distance,488,933,954.5,M,False,2,2025-03-01,2025-03-01,False
27880,95439,60,4901,,,,,,,,13,,4:57.12,,,,,1084,True,Distance,487,932,953.0,M,False,2,2025-03-01,2025-03-01,False
27881,95440,58,4868,,,,,,,,13,,4:57.13,,,,,1084,True,Distance,487,932,953.0,M,False,2,2025-03-01,2025-03-01,False
27882,95441,167,743,,,,,,,,13,,4:57.63,,,,,1084,True,Distance,483,928,947.0,M,False,2,2025-03-01,2025-03-01,False
27883,95442,59,1641,,,,,,,,13,,4:57.63,,,,,1084,True,Distance,483,928,947.0,M,False,2,2025-03-01,2025-03-01,False
27884,95444,44,19558,,,,,,,,13,,4:58.64,,,,,1084,True,Distance,475,922,936.0,M,False,2,2025-03-01,2025-03-01,False
27885,95445,117,24699,,,,,,,,13,,4:58.65,,,,,1084,True,Distance,475,922,936.0,M,False,2,2025-03-01,2025-03-01,False
27886,95446,117,6,,,,,,,,13,,4:58.93,,,,,1084,True,Distance,472,920,932.0,M,False,2,2025-03-01,2025-03-01,False
27887,95447,117,15,,,,,,,,13,,4:59.23,,,,,1084,True,Distance,470,918,929.0,M,False,2,2025-03-01,2025-03-01,False
27888,95448,116,24645,,,,,,,,13,,4:59.23,,,,,1084,True,Distance,470,918,929.0,M,False,2,2025-03-01,2025-03-01,False
27889,95449,61,1663,,,,,,,,13,,4:59.70,,,,,1084,True,Distance,466,915,923.5,M,False,2,2025-03-01,2025-03-01,False
27890,95450,56,8074,,,,,,,,13,,4:59.86,,,,,1084,True,Distance,465,914,922.0,M,False,2,2025-03-01,2025-03-01,False
27891,95451,117,38,,,,,,,,13,,4:59.92,,,,,1084,True,Distance,464,913,920.5,M,False,2,2025-03-01,2025-03-01,False
27892,95452,36,4879,,,,,,,,13,,5:00.14,,,,,1084,True,Distance,462,912,918.0,M,False,2,2025-03-01,2025-03-01,False
27893,95453,61,1661,,,,,,,,13,,5:00.40,,,,,1084,True,Distance,460,910,915.0,M,False,2,2025-03-01,2025-03-01,False
27894,95454,120,335,,,,,,,,13,,5:01.65,,,,,1084,True,Distance,450,902,901.0,M,False,2,2025-03-01,2025-03-01,False
27895,95455,56,22348,,,,,,,,13,,5:01.83,,,,,1084,True,Distance,449,901,899.5,M,False,2,2025-03-01,2025-03-01,False
27896,95456,124,25537,,,,,,,,13,,5:02.52,,,,,1084,True,Distance,443,896,891.0,M,False,2,2025-03-01,2025-03-01,False
27897,95457,120,7690,,,,,,,,13,,5:03.30,,,,,1084,True,Distance,437,891,882.5,M,False,2,2025-03-01,2025-03-01,False
27898,95458,44,2220,,,,,,,,13,,5:03.41,,,,,1084,True,Distance,436,891,881.5,M,False,2,2025-03-01,2025-03-01,False
27899,95459,108,8077,,,,,,,,13,,5:03.57,,,,,1084,True,Distance,435,890,880.0,M,False,2,2025-03-01,2025-03-01,False
27900,95460,108,24705,,,,,,,,13,,5:04.25,,,,,1084,True,Distance,430,885,872.5,M,False,2,2025-03-01,2025-03-01,False
27901,95461,49,2268,,,,,,,,13,,5:05.70,,,,,1084,True,Distance,419,876,857.0,M,False,2,2025-03-01,2025-03-01,False
27902,95462,111,18131,,,,,,,,13,,5:05.74,,,,,1084,True,Distance,418,876,856.0,M,False,2,2025-03-01,2025-03-01,False
27903,95463,116,4917,,,,,,,,13,,5:05.80,,,,,1084,True,Distance,418,875,855.5,M,False,2,2025-03-01,2025-03-01,False
27904,95464,58,2219,,,,,,,,13,,5:06.05,,,,,1084,True,Distance,416,874,853.0,M,False,2,2025-03-01,2025-03-01,False
27905,95465,60,3393,,,,,,,,13,,5:06.23,,,,,1084,True,Distance,415,873,851.5,M,False,2,2025-03-01,2025-03-01,False
27906,95466,107,2876,,,,,,,,13,,5:06.47,,,,,1084,True,Distance,413,871,848.5,M,False,2,2025-03-01,2025-03-01,False
27907,95467,58,134,,,,,,,,13,,5:07.08,,,,,1084,True,Distance,408,867,841.5,M,False,2,2025-03-01,2025-03-01,False
27908,95468,61,2284,,,,,,,,13,,5:07.62,,,,,1084,True,Distance,404,864,836.0,M,False,2,2025-03-01,2025-03-01,False
27909,95469,117,8073,,,,,,,,13,,5:07.93,,,,,1084,True,Distance,402,862,833.0,M,False,2,2025-03-01,2025-03-01,False
27910,95470,120,8019,,,,,,,,13,,5:08.62,,,,,1084,True,Distance,397,857,825.5,M,False,2,2025-03-01,2025-03-01,False
27911,95471,59,1638,,,,,,,,13,,5:08.65,,,,,1084,True,Distance,396,857,824.5,M,False,2,2025-03-01,2025-03-01,False
27912,95472,167,740,,,,,,,,13,,5:09.22,,,,,1084,True,Distance,392,854,819.0,M,False,2,2025-03-01,2025-03-01,False
27913,95473,61,4037,,,,,,,,13,,5:10.12,,,,,1084,True,Distance,386,848,810.0,M,False,2,2025-03-01,2025-03-01,False
27914,95474,61,2276,,,,,,,,13,,5:12.01,,,,,1084,True,Distance,372,836,790.0,M,False,2,2025-03-01,2025-03-01,False
27915,95475,44,2218,,,,,,,,13,,5:12.50,,,,,1084,True,Distance,368,833,784.5,M,False,2,2025-03-01,2025-03-01,False
27916,95476,56,24986,,,,,,,,13,,5:12.83,,,,,1084,True,Distance,366,831,781.5,M,False,2,2025-03-01,2025-03-01,False
27917,95477,120,21479,,,,,,,,13,,5:12.92,,,,,1084,True,Distance,365,830,780.0,M,False,2,2025-03-01,2025-03-01,False
27918,95478,61,25538,,,,,,,,13,,5:14.46,,,,,1084,True,Distance,354,821,764.5,M,False,2,2025-03-01,2025-03-01,False
27919,95479,167,760,,,,,,,,13,,5:15.04,,,,,1084,True,Distance,350,817,758.5,M,False,2,2025-03-01,2025-03-01,False
27920,95480,37,3388,,,,,,,,13,,5:15.20,,,,,1084,True,Distance,349,816,757.0,M,False,2,2025-03-01,2025-03-01,False
27921,95481,167,19396,,,,,,,,13,,5:16.39,,,,,1084,True,Distance,341,809,745.5,M,False,2,2025-03-01,2025-03-01,False
27922,95482,1,20470,,,,,,,,13,,5:16.60,,,,,1084,True,Distance,339,808,743.0,M,False,2,2025-03-01,2025-03-01,False
27923,95483,36,4883,,,,,,,,13,,5:16.61,,,,,1084,True,Distance,339,808,743.0,M,False,2,2025-03-01,2025-03-01,False
27924,95484,61,25306,,,,,,,,13,,5:17.46,,,,,1084,True,Distance,333,802,734.0,M,False,2,2025-03-01,2025-03-01,False
27925,95485,60,7965,,,,,,,,13,,5:17.46,,,,,1084,True,Distance,333,802,734.0,M,False,2,2025-03-01,2025-03-01,False
27926,95486,62,25539,,,,,,,,13,,5:17.64,,,,,1084,True,Distance,332,801,732.5,M,False,2,2025-03-01,2025-03-01,False
27927,95487,44,19561,,,,,,,,13,,5:19.29,,,,,1084,True,Distance,321,791,716.5,M,False,2,2025-03-01,2025-03-01,False
27928,95488,56,24399,,,,,,,,13,,5:19.67,,,,,1084,True,Distance,318,789,712.5,M,False,2,2025-03-01,2025-03-01,False
27929,95489,117,25,,,,,,,,13,,5:20.76,,,,,1084,True,Distance,311,782,702.0,M,False,2,2025-03-01,2025-03-01,False
27930,95490,124,24808,,,,,,,,13,,5:21.14,,,,,1084,True,Distance,309,780,699.0,M,False,2,2025-03-01,2025-03-01,False
27931,95491,59,1652,,,,,,,,13,,5:21.29,,,,,1084,True,Distance,308,779,697.5,M,False,2,2025-03-01,2025-03-01,False
27932,95492,36,4881,,,,,,,,13,,5:21.44,,,,,1084,True,Distance,307,778,696.0,M,False,2,2025-03-01,2025-03-01,False
27933,95493,117,45,,,,,,,,13,,5:21.57,,,,,1084,True,Distance,306,777,694.5,M,False,2,2025-03-01,2025-03-01,False
27934,95494,56,196,,,,,,,,13,,5:22.96,,,,,1084,True,Distance,297,769,681.5,M,False,2,2025-03-01,2025-03-01,False
27935,95495,60,4902,,,,,,,,13,,5:23.10,,,,,1084,True,Distance,296,768,680.0,M,False,2,2025-03-01,2025-03-01,False
27936,95496,37,18807,,,,,,,,13,,5:23.26,,,,,1084,True,Distance,295,767,678.5,M,False,2,2025-03-01,2025-03-01,False
27937,95497,111,25540,,,,,,,,13,,5:23.38,,,,,1084,True,Distance,294,767,677.5,M,False,2,2025-03-01,2025-03-01,False
27938,95498,37,3402,,,,,,,,13,,5:23.86,,,,,1084,True,Distance,291,764,673.0,M,False,2,2025-03-01,2025-03-01,False
27939,95499,43,20468,,,,,,,,13,,5:24.17,,,,,1084,True,Distance,289,762,670.0,M,False,2,2025-03-01,2025-03-01,False
27940,95500,59,1646,,,,,,,,13,,5:24.19,,,,,1084,True,Distance,289,762,670.0,M,False,2,2025-03-01,2025-03-01,False
27941,95501,167,19013,,,,,,,,13,,5:24.65,,,,,1084,True,Distance,286,759,665.5,M,False,2,2025-03-01,2025-03-01,False
27942,95502,61,1662,,,,,,,,13,,5:25.50,,,,,1084,True,Distance,281,754,658.0,M,False,2,2025-03-01,2025-03-01,False
27943,95503,61,25541,,,,,,,,13,,5:26.37,,,,,1084,True,Distance,275,749,649.5,M,False,2,2025-03-01,2025-03-01,False
27944,95504,37,3410,,,,,,,,13,,5:26.41,,,,,1084,True,Distance,275,749,649.5,M,False,2,2025-03-01,2025-03-01,False
27945,95505,111,25076,,,,,,,,13,,5:26.94,,,,,1084,True,Distance,272,745,644.5,M,False,2,2025-03-01,2025-03-01,False
27946,95506,36,19586,,,,,,,,13,,5:27.32,,,,,1084,True,Distance,269,743,640.5,M,False,2,2025-03-01,2025-03-01,False
27947,95443,167,25030,,,,,,,,13,,4:58.06,,,,,1084,True,Distance,479,925,941.5,M,False,2,2025-03-01,2025-03-01,False
27948,95508,117,2037,,,,,,,,13,,5:28.52,,,,,1084,True,Distance,262,736,630.0,M,False,2,2025-03-01,2025-03-01,False
27949,95509,117,25542,,,,,,,,13,,5:28.93,,,,,1084,True,Distance,259,734,626.0,M,False,2,2025-03-01,2025-03-01,False
27950,95510,56,25543,,,,,,,,13,,5:29.08,,,,,1084,True,Distance,259,733,625.5,M,False,2,2025-03-01,2025-03-01,False
27951,95511,62,25544,,,,,,,,13,,5:29.41,,,,,1084,True,Distance,257,731,622.5,M,False,2,2025-03-01,2025-03-01,False
27952,95512,43,4864,,,,,,,,13,,5:29.41,,,,,1084,True,Distance,257,731,622.5,M,False,2,2025-03-01,2025-03-01,False
27953,95513,59,2788,,,,,,,,13,,5:30.47,,,,,1084,True,Distance,250,725,612.5,M,False,2,2025-03-01,2025-03-01,False
27954,95514,61,1659,,,,,,,,13,,5:31.22,,,,,1084,True,Distance,246,720,606.0,M,False,2,2025-03-01,2025-03-01,False
27955,95515,1,20469,,,,,,,,13,,5:31.32,,,,,1084,True,Distance,245,720,605.0,M,False,2,2025-03-01,2025-03-01,False
27956,95516,59,4081,,,,,,,,13,,5:31.43,,,,,1084,True,Distance,245,719,604.5,M,False,2,2025-03-01,2025-03-01,False
27957,95517,49,19503,,,,,,,,13,,5:33.70,,,,,1084,True,Distance,231,706,584.0,M,False,2,2025-03-01,2025-03-01,False
27958,95518,61,10980,,,,,,,,13,,5:34.34,,,,,1084,True,Distance,228,703,579.5,M,False,2,2025-03-01,2025-03-01,False
27959,95519,117,25086,,,,,,,,13,,5:34.39,,,,,1084,True,Distance,228,702,579.0,M,False,2,2025-03-01,2025-03-01,False
27960,95520,61,25545,,,,,,,,13,,5:35.13,,,,,1084,True,Distance,223,698,572.0,M,False,2,2025-03-01,2025-03-01,False
27961,95521,36,25524,,,,,,,,13,,5:35.33,,,,,1084,True,Distance,222,697,570.5,M,False,2,2025-03-01,2025-03-01,False
27962,95522,43,20479,,,,,,,,13,,5:35.93,,,,,1084,True,Distance,219,693,565.5,M,False,2,2025-03-01,2025-03-01,False
27963,95523,36,4884,,,,,,,,13,,5:35.96,,,,,1084,True,Distance,219,693,565.5,M,False,2,2025-03-01,2025-03-01,False
27964,95524,61,21474,,,,,,,,13,,5:36.63,,,,,1084,True,Distance,215,689,559.5,M,False,2,2025-03-01,2025-03-01,False
27965,95525,111,18791,,,,,,,,13,,5:37.10,,,,,1084,True,Distance,212,687,555.5,M,False,2,2025-03-01,2025-03-01,False
27966,95526,127,52,,,,,,,,13,,5:37.50,,,,,1084,True,Distance,210,685,552.5,M,False,2,2025-03-01,2025-03-01,False
27967,95527,124,19434,,,,,,,,13,,5:38.00,,,,,1084,True,Distance,208,682,549.0,M,False,2,2025-03-01,2025-03-01,False
27968,95528,44,2226,,,,,,,,13,,5:38.24,,,,,1084,True,Distance,206,680,546.0,M,False,2,2025-03-01,2025-03-01,False
27969,95529,117,3352,,,,,,,,13,,5:38.27,,,,,1084,True,Distance,206,680,546.0,M,False,2,2025-03-01,2025-03-01,False
27970,95530,37,25546,,,,,,,,13,,5:38.78,,,,,1084,True,Distance,203,677,541.5,M,False,2,2025-03-01,2025-03-01,False
27971,95531,61,4044,,,,,,,,13,,5:38.91,,,,,1084,True,Distance,203,677,541.5,M,False,2,2025-03-01,2025-03-01,False
27972,95532,120,345,,,,,,,,13,,5:39.69,,,,,1084,True,Distance,199,672,535.0,M,False,2,2025-03-01,2025-03-01,False
27973,95533,59,1650,,,,,,,,13,,5:40.22,,,,,1084,True,Distance,196,669,530.5,M,False,2,2025-03-01,2025-03-01,False
27974,95534,117,8104,,,,,,,,13,,5:40.73,,,,,1084,True,Distance,193,666,526.0,M,False,2,2025-03-01,2025-03-01,False
27975,95535,120,21480,,,,,,,,13,,5:41.33,,,,,1084,True,Distance,190,663,521.5,M,False,2,2025-03-01,2025-03-01,False
27976,95536,116,4913,,,,,,,,13,,5:41.39,,,,,1084,True,Distance,190,663,521.5,M,False,2,2025-03-01,2025-03-01,False
27977,95537,62,25547,,,,,,,,13,,5:41.45,,,,,1084,True,Distance,189,662,520.0,M,False,2,2025-03-01,2025-03-01,False
27978,95538,107,19437,,,,,,,,13,,5:42.60,,,,,1084,True,Distance,183,656,511.0,M,False,2,2025-03-01,2025-03-01,False
27979,95539,62,25548,,,,,,,,13,,5:45.43,,,,,1084,True,Distance,169,640,489.0,M,False,2,2025-03-01,2025-03-01,False
27980,95540,58,193,,,,,,,,13,,5:45.77,,,,,1084,True,Distance,168,639,487.5,M,False,2,2025-03-01,2025-03-01,False
27981,95541,60,3477,,,,,,,,13,,5:48.79,,,,,1084,True,Distance,153,622,464.0,M,False,2,2025-03-01,2025-03-01,False
27982,95542,58,179,,,,,,,,13,,5:56.59,,,,,1084,True,Distance,119,581,409.5,M,False,2,2025-03-01,2025-03-01,False
27983,95543,61,19569,,,,,,,,13,,6:08.41,,,,,1084,True,Distance,76,521,336.5,M,False,2,2025-03-01,2025-03-01,False
27984,95544,107,19440,,,,,,,,13,,6:15.61,,,,,1084,True,Distance,54,486,297.0,M,False,2,2025-03-01,2025-03-01,False
27985,95545,117,54,,,,,,,,13,,6:19.88,,,,,1084,True,Distance,43,466,276.0,M,False,2,2025-03-01,2025-03-01,False
27986,95546,117,3997,,,,,,,,13,,6:28.06,,,,,1084,True,Distance,25,429,239.5,M,False,2,2025-03-01,2025-03-01,False
27987,95547,58,165,,,,,,,,13,,6:33.11,,,,,1084,True,Distance,16,406,219.0,M,False,2,2025-03-01,2025-03-01,False
27988,95548,36,25528,,,,,,,,13,,8:20.26,,,,,1084,True,Distance,0,74,37.0,M,False,2,2025-03-01,2025-03-01,False
27989,95549,167,666,,,,,,,,14,,8:33.55,,,,,1084,True,Distance,886,1220,1496.0,M,False,2,2025-03-01,2025-03-01,False
27990,95550,49,2258,,,,,,,,14,,8:36.52,,,,,1084,True,Distance,870,1209,1474.5,M,False,2,2025-03-01,2025-03-01,False
27991,95551,56,127,,,,,,,,14,,8:39.09,,,,,1084,True,Distance,856,1200,1456.0,M,False,2,2025-03-01,2025-03-01,False
27992,95552,56,2193,,,,,,,,14,,8:40.93,,,,,1084,True,Distance,847,1194,1444.0,M,False,2,2025-03-01,2025-03-01,False
27993,95553,36,19578,,,,,,,,14,,8:49.52,,,,,1084,True,Distance,802,1164,1384.0,M,False,2,2025-03-01,2025-03-01,False
27994,95554,61,8146,,,,,,,,14,,8:50.80,,,,,1084,True,Distance,795,1159,1374.5,M,False,2,2025-03-01,2025-03-01,False
27995,95555,56,8065,,,,,,,,14,,8:58.07,,,,,1084,True,Distance,758,1134,1325.0,M,False,2,2025-03-01,2025-03-01,False
27996,95556,108,24706,,,,,,,,14,,9:03.62,,,,,1084,True,Distance,730,1115,1287.5,M,False,2,2025-03-01,2025-03-01,False
27997,95557,122,1712,,,,,,,,14,,9:04.55,,,,,1084,True,Distance,726,1112,1282.0,M,False,2,2025-03-01,2025-03-01,False
27998,95559,56,19599,,,,,,,,14,,9:04.91,,,,,1084,True,Distance,724,1111,1279.5,M,False,2,2025-03-01,2025-03-01,False
27999,95560,116,4910,,,,,,,,14,,9:05.69,,,,,1084,True,Distance,720,1108,1274.0,M,False,2,2025-03-01,2025-03-01,False
28000,95561,117,115,,,,,,,,14,,9:05.72,,,,,1084,True,Distance,720,1108,1274.0,M,False,2,2025-03-01,2025-03-01,False
28001,95562,1,8,,,,,,,,14,,9:06.11,,,,,1084,True,Distance,718,1107,1271.5,M,False,2,2025-03-01,2025-03-01,False
28002,95563,167,2584,,,,,,,,14,,9:07.29,,,,,1084,True,Distance,712,1103,1263.5,M,False,2,2025-03-01,2025-03-01,False
28003,95564,124,19403,,,,,,,,14,,9:07.78,,,,,1084,True,Distance,710,1101,1260.5,M,False,2,2025-03-01,2025-03-01,False
28004,95565,37,3390,,,,,,,,14,,9:08.15,,,,,1084,True,Distance,708,1100,1258.0,M,False,2,2025-03-01,2025-03-01,False
28005,95566,49,2263,,,,,,,,14,,9:08.92,,,,,1084,True,Distance,705,1097,1253.5,M,False,2,2025-03-01,2025-03-01,False
28006,95568,44,2217,,,,,,,,14,,9:10.16,,,,,1084,True,Distance,699,1093,1245.5,M,False,2,2025-03-01,2025-03-01,False
28007,95569,49,5,,,,,,,,14,,9:12.51,,,,,1084,True,Distance,687,1085,1229.5,M,False,2,2025-03-01,2025-03-01,False
28008,95570,61,2259,,,,,,,,14,,9:14.36,,,,,1084,True,Distance,678,1079,1217.5,M,False,2,2025-03-01,2025-03-01,False
28009,95571,120,7009,,,,,,,,14,,9:15.00,,,,,1084,True,Distance,675,1077,1213.5,M,False,2,2025-03-01,2025-03-01,False
28010,95572,56,2198,,,,,,,,14,,9:16.78,,,,,1084,True,Distance,667,1071,1202.5,M,False,2,2025-03-01,2025-03-01,False
28011,95573,44,25549,,,,,,,,14,,9:17.10,,,,,1084,True,Distance,665,1070,1200.0,M,False,2,2025-03-01,2025-03-01,False
28012,95574,59,2066,,,,,,,,14,,9:17.98,,,,,1084,True,Distance,661,1067,1194.5,M,False,2,2025-03-01,2025-03-01,False
28013,95575,61,25550,,,,,,,,14,,9:18.17,,,,,1084,True,Distance,660,1066,1193.0,M,False,2,2025-03-01,2025-03-01,False
28014,95576,116,312,,,,,,,,14,,9:18.80,,,,,1084,True,Distance,658,1064,1190.0,M,False,2,2025-03-01,2025-03-01,False
28015,95577,124,3832,,,,,,,,14,,9:18.98,,,,,1084,True,Distance,657,1064,1189.0,M,False,2,2025-03-01,2025-03-01,False
28016,95578,49,19502,,,,,,,,14,,9:19.02,,,,,1084,True,Distance,656,1064,1188.0,M,False,2,2025-03-01,2025-03-01,False
28017,95579,117,140,,,,,,,,14,,9:19.09,,,,,1084,True,Distance,656,1063,1187.5,M,False,2,2025-03-01,2025-03-01,False
28018,95580,56,8059,,,,,,,,14,,9:19.48,,,,,1084,True,Distance,654,1062,1185.0,M,False,2,2025-03-01,2025-03-01,False
28019,95581,56,8042,,,,,,,,14,,9:19.83,,,,,1084,True,Distance,653,1061,1183.5,M,False,2,2025-03-01,2025-03-01,False
28020,95582,117,119,,,,,,,,14,,9:21.62,,,,,1084,True,Distance,644,1055,1171.5,M,False,2,2025-03-01,2025-03-01,False
28021,95583,167,18971,,,,,,,,14,,9:22.13,,,,,1084,True,Distance,642,1053,1168.5,M,False,2,2025-03-01,2025-03-01,False
28022,95584,122,18915,,,,,,,,14,,9:22.59,,,,,1084,True,Distance,640,1052,1166.0,M,False,2,2025-03-01,2025-03-01,False
28023,95585,49,24849,,,,,,,,14,,9:22.75,,,,,1084,True,Distance,639,1051,1164.5,M,False,2,2025-03-01,2025-03-01,False
28024,95586,120,327,,,,,,,,14,,9:24.76,,,,,1084,True,Distance,630,1045,1152.5,M,False,2,2025-03-01,2025-03-01,False
28025,95587,120,7689,,,,,,,,14,,9:25.52,,,,,1084,True,Distance,626,1042,1147.0,M,False,2,2025-03-01,2025-03-01,False
28026,95589,116,7977,,,,,,,,14,,9:26.97,,,,,1084,True,Distance,620,1037,1138.5,M,False,2,2025-03-01,2025-03-01,False
28027,95590,108,16,,,,,,,,14,,9:27.02,,,,,1084,True,Distance,620,1037,1138.5,M,False,2,2025-03-01,2025-03-01,False
28028,95591,61,1656,,,,,,,,14,,9:27.33,,,,,1084,True,Distance,618,1036,1136.0,M,False,2,2025-03-01,2025-03-01,False
28029,95592,111,18782,,,,,,,,14,,9:28.83,,,,,1084,True,Distance,611,1031,1126.5,M,False,2,2025-03-01,2025-03-01,False
28030,95593,124,1995,,,,,,,,14,,9:29.85,,,,,1084,True,Distance,607,1028,1121.0,M,False,2,2025-03-01,2025-03-01,False
28031,95594,124,2861,,,,,,,,14,,9:30.58,,,,,1084,True,Distance,604,1026,1117.0,M,False,2,2025-03-01,2025-03-01,False
28032,95595,37,3409,,,,,,,,14,,9:40.61,,,,,1084,True,Distance,559,993,1055.5,M,False,2,2025-03-01,2025-03-01,False
28033,95596,116,24644,,,,,,,,14,,9:44.41,,,,,1084,True,Distance,543,981,1033.5,M,False,2,2025-03-01,2025-03-01,False
28034,95597,37,25551,,,,,,,,14,,9:45.65,,,,,1084,True,Distance,538,977,1026.5,M,False,2,2025-03-01,2025-03-01,False
28035,95598,117,8068,,,,,,,,14,,9:50.61,,,,,1084,True,Distance,517,961,997.5,M,False,2,2025-03-01,2025-03-01,False
28036,95599,107,2038,,,,,,,,14,,9:53.00,,,,,1084,True,Distance,507,954,984.0,M,False,2,2025-03-01,2025-03-01,False
28037,95600,62,8043,,,,,,,,14,,9:55.39,,,,,1084,True,Distance,497,946,970.0,M,False,2,2025-03-01,2025-03-01,False
28038,95601,36,25527,,,,,,,,14,,9:55.39,,,,,1084,True,Distance,497,946,970.0,M,False,2,2025-03-01,2025-03-01,False
28039,95602,43,25552,,,,,,,,14,,9:59.23,,,,,1084,True,Distance,482,934,949.0,M,False,2,2025-03-01,2025-03-01,False
28040,95603,56,2200,,,,,,,,14,,10:00.06,,,,,1084,True,Distance,479,932,945.0,M,False,2,2025-03-01,2025-03-01,False
28041,95604,43,26,,,,,,,,14,,10:00.68,,,,,1084,True,Distance,476,930,941.0,M,False,2,2025-03-01,2025-03-01,False
28042,95605,62,169,,,,,,,,14,,10:04.00,,,,,1084,True,Distance,463,919,922.5,M,False,2,2025-03-01,2025-03-01,False
28043,95606,117,8064,,,,,,,,14,,10:05.30,,,,,1084,True,Distance,458,915,915.5,M,False,2,2025-03-01,2025-03-01,False
28044,95607,124,21237,,,,,,,,14,,10:16.60,,,,,1084,True,Distance,415,881,855.5,M,False,2,2025-03-01,2025-03-01,False
28045,95608,124,23476,,,,,,,,14,,10:20.82,,,,,1084,True,Distance,399,868,833.0,M,False,2,2025-03-01,2025-03-01,False
28046,95609,56,8095,,,,,,,,14,,10:24.36,,,,,1084,True,Distance,386,858,815.0,M,False,2,2025-03-01,2025-03-01,False
28047,95610,116,4918,,,,,,,,14,,10:35.87,,,,,1084,True,Distance,346,824,758.0,M,False,2,2025-03-01,2025-03-01,False
28048,95611,36,4886,,,,,,,,14,,10:36.47,,,,,1084,True,Distance,344,822,755.0,M,False,2,2025-03-01,2025-03-01,False
28049,95612,167,2608,,,,,,,,14,,10:46.77,,,,,1084,True,Distance,310,792,706.0,M,False,2,2025-03-01,2025-03-01,False
28050,95613,44,4136,,,,,,,,14,,10:58.30,,,,,1084,True,Distance,274,759,653.5,M,False,2,2025-03-01,2025-03-01,False
28051,95558,124,2045,,,,,,,,14,,9:04.88,,,,,1084,True,Distance,724,1111,1279.5,M,False,2,2025-03-01,2025-03-01,False
28052,95507,111,984,,,,,,,,13,,5:27.39,,,,,1084,True,Distance,269,743,640.5,M,False,2,2025-03-01,2025-03-01,False
28053,95614,37,3471,,,,,,,,14,,11:12.67,,,,,1084,True,Distance,232,720,592.0,M,False,2,2025-03-01,2025-03-01,False
28054,95615,43,20476,,,,,,,,14,,11:21.28,,,,,1084,True,Distance,209,696,557.0,M,False,2,2025-03-01,2025-03-01,False
28055,95616,1,1,,,,,,,,14,,11:33.15,,,,,1084,True,Distance,179,665,511.5,M,False,2,2025-03-01,2025-03-01,False
28056,95617,49,25145,,,,,,,,14,,11:39.32,,,,,1084,True,Distance,164,649,488.5,M,False,2,2025-03-01,2025-03-01,False
28057,95618,43,25553,,,,,,,,14,,12:14.40,,,,,1084,True,Distance,92,561,372.5,M,False,2,2025-03-01,2025-03-01,False
28177,95739,56,4111,,24984.0,,24391.0,,3578.0,,22,,1:31.05,,,,,1084,True,Relays,874,1208,1478.0,M,False,2,2025-03-01,2025-03-01,False
28178,95740,124,24409,,24415.0,,3871.0,,3843.0,,22,,1:33.33,,,,,1084,True,Relays,800,1163,1381.5,M,False,2,2025-03-01,2025-03-01,False
28179,95741,117,25083,,3996.0,,4924.0,,24695.0,,22,,1:33.75,,,,,1084,True,Relays,787,1154,1364.0,M,False,2,2025-03-01,2025-03-01,False
28180,95742,59,4083,,3908.0,,3912.0,,24407.0,,22,,1:34.29,,,,,1084,True,Relays,770,1144,1342.0,M,False,2,2025-03-01,2025-03-01,False
28181,95743,116,24631,,24630.0,,24635.0,,24629.0,,22,,1:34.41,,,,,1084,True,Relays,766,1141,1336.5,M,False,2,2025-03-01,2025-03-01,False
28182,95744,108,3642,,25515.0,,24702.0,,25517.0,,22,,1:35.89,,,,,1084,True,Relays,721,1113,1277.5,M,False,2,2025-03-01,2025-03-01,False
28183,95745,117,25082,,4095.0,,5668.0,,24692.0,,22,,1:36.24,,,,,1084,True,Relays,711,1106,1264.0,M,False,2,2025-03-01,2025-03-01,False
28184,95746,59,4077,,3916.0,,1624.0,,3907.0,,22,,1:36.36,,,,,1084,True,Relays,707,1104,1259.0,M,False,2,2025-03-01,2025-03-01,False
28185,95747,43,25513,,25512.0,,25565.0,,25516.0,,22,,1:37.27,,,,,1084,True,Relays,681,1087,1224.5,M,False,2,2025-03-01,2025-03-01,False
28186,95748,56,24401,,24392.0,,4461.0,,4110.0,,22,,1:37.67,,,,,1084,True,Relays,669,1079,1208.5,M,False,2,2025-03-01,2025-03-01,False
28187,95749,61,4941,,5633.0,,24855.0,,24976.0,,22,,1:39.16,,,,,1084,True,Relays,627,1051,1152.5,M,False,2,2025-03-01,2025-03-01,False
28188,95750,61,4944,,4623.0,,4621.0,,24978.0,,22,,1:39.18,,,,,1084,True,Relays,626,1051,1151.5,M,False,2,2025-03-01,2025-03-01,False
28189,95751,61,4050,,25521.0,,25305.0,,25302.0,,22,,1:39.77,,,,,1084,True,Relays,610,1040,1130.0,M,False,2,2025-03-01,2025-03-01,False
28190,95753,61,4036,,25304.0,,25567.0,,4622.0,,22,,1:40.86,,,,,1084,True,Relays,580,1020,1090.0,M,False,2,2025-03-01,2025-03-01,False
28191,95754,117,25518,,24693.0,,47.0,,25089.0,,22,,1:40.94,,,,,1084,True,Relays,578,1018,1087.0,M,False,2,2025-03-01,2025-03-01,False
28192,95755,116,24632,,3943.0,,3949.0,,25566.0,,22,,1:41.32,,,,,1084,True,Relays,568,1011,1073.5,M,False,2,2025-03-01,2025-03-01,False
28193,95756,56,24983,,24985.0,,24398.0,,10914.0,,22,,1:43.56,,,,,1084,True,Relays,509,971,994.5,M,False,2,2025-03-01,2025-03-01,False
28194,95778,56,4111,,24984.0,,3415.0,,128.0,,29,,3:35.66,,,,,1084,True,Relays,0,0,0.0,M,False,2,2025-03-01,2025-03-01,False
28195,95779,124,3871,,3843.0,,24409.0,,2860.0,,29,,3:36.45,,,,,1084,True,Relays,0,0,0.0,M,False,2,2025-03-01,2025-03-01,False
28196,95780,61,4623,,4622.0,,4944.0,,24979.0,,29,,3:38.49,,,,,1084,True,Relays,0,0,0.0,M,False,2,2025-03-01,2025-03-01,False
28197,95781,117,24690,,3996.0,,8057.0,,8060.0,,29,,3:47.39,,,,,1084,True,Relays,0,0,0.0,M,False,2,2025-03-01,2025-03-01,False
28198,95782,56,24401,,3574.0,,4460.0,,152.0,,29,,3:47.59,,,,,1084,True,Relays,0,0,0.0,M,False,2,2025-03-01,2025-03-01,False
28199,95783,108,25515,,25517.0,,24566.0,,24703.0,,29,,3:47.76,,,,,1084,True,Relays,0,0,0.0,M,False,2,2025-03-01,2025-03-01,False
28200,95784,124,2861,,1997.0,,2859.0,,3832.0,,29,,3:55.01,,,,,1084,True,Relays,0,0,0.0,M,False,2,2025-03-01,2025-03-01,False
28201,95785,61,24976,,4626.0,,2289.0,,4046.0,,29,,3:55.94,,,,,1084,True,Relays,0,0,0.0,M,False,2,2025-03-01,2025-03-01,False
28202,95786,117,24692,,25082.0,,47.0,,140.0,,29,,3:59.10,,,,,1084,True,Relays,0,0,0.0,M,False,2,2025-03-01,2025-03-01,False
28203,95787,44,4870,,2218.0,,2220.0,,4873.0,,29,,3:59.99,,,,,1084,True,Relays,0,0,0.0,M,False,2,2025-03-01,2025-03-01,False
28204,95788,56,24393,,24985.0,,25571.0,,3801.0,,29,,4:00.71,,,,,1084,True,Relays,0,0,0.0,M,False,2,2025-03-01,2025-03-01,False
28205,95789,59,1638,,3902.0,,1624.0,,4077.0,,29,,4:01.89,,,,,1084,True,Relays,0,0,0.0,M,False,2,2025-03-01,2025-03-01,False
28206,95790,117,4097,,24695.0,,25089.0,,161.0,,29,,4:02.50,,,,,1084,True,Relays,0,0,0.0,M,False,2,2025-03-01,2025-03-01,False
28207,95791,56,25572,,4461.0,,10914.0,,24986.0,,29,,4:06.21,,,,,1084,True,Relays,0,0,0.0,M,False,2,2025-03-01,2025-03-01,False
28208,95792,120,345,,344.0,,25519.0,,8019.0,,29,,4:06.81,,,,,1084,True,Relays,0,0,0.0,M,False,2,2025-03-01,2025-03-01,False
28209,95794,127,4516,,24388.0,,24387.0,,11.0,,29,,4:12.34,,,,,1084,True,Relays,0,0,0.0,M,False,2,2025-03-01,2025-03-01,False
28210,95795,124,24735,,11307.0,,25537.0,,21237.0,,29,,4:16.29,,,,,1084,True,Relays,0,0,0.0,M,False,2,2025-03-01,2025-03-01,False
28211,95796,56,128,,123.0,,3415.0,,25529.0,,26,,7:51.13,,,,,1084,True,Relays,0,0,0.0,M,False,2,2025-03-01,2025-03-01,False
28212,95797,167,466,,467.0,,673.0,,666.0,,26,,7:53.00,,,,,1084,True,Relays,0,0,0.0,M,False,2,2025-03-01,2025-03-01,False
28213,95798,61,5745,,1658.0,,19539.0,,24979.0,,26,,8:05.74,,,,,1084,True,Relays,0,0,0.0,M,False,2,2025-03-01,2025-03-01,False
28214,95799,49,2263,,3782.0,,2260.0,,18.0,,26,,8:06.38,,,,,1084,True,Relays,0,0,0.0,M,False,2,2025-03-01,2025-03-01,False
28215,95800,117,8046,,8057.0,,8060.0,,23472.0,,26,,8:14.88,,,,,1084,True,Relays,0,0,0.0,M,False,2,2025-03-01,2025-03-01,False
28216,95801,108,24703,,10.0,,6342.0,,124.0,,26,,8:19.75,,,,,1084,True,Relays,0,0,0.0,M,False,2,2025-03-01,2025-03-01,False
28217,95802,1,18736,,7.0,,18730.0,,18728.0,,26,,8:19.94,,,,,1084,True,Relays,0,0,0.0,M,False,2,2025-03-01,2025-03-01,False
28218,95803,56,3804,,152.0,,163.0,,19600.0,,26,,8:25.04,,,,,1084,True,Relays,0,0,0.0,M,False,2,2025-03-01,2025-03-01,False
28219,95804,59,1639,,11372.0,,21472.0,,24997.0,,26,,8:25.97,,,,,1084,True,Relays,0,0,0.0,M,False,2,2025-03-01,2025-03-01,False
28220,95805,124,11307,,24735.0,,24809.0,,11304.0,,26,,8:29.06,,,,,1084,True,Relays,0,0,0.0,M,False,2,2025-03-01,2025-03-01,False
28221,95806,117,192,,31.0,,156.0,,6.0,,26,,8:30.29,,,,,1084,True,Relays,0,0,0.0,M,False,2,2025-03-01,2025-03-01,False
28222,95807,167,743,,18977.0,,19386.0,,19384.0,,26,,8:34.27,,,,,1084,True,Relays,0,0,0.0,M,False,2,2025-03-01,2025-03-01,False
28223,95808,124,5500,,3838.0,,11308.0,,2005.0,,26,,8:36.28,,,,,1084,True,Relays,0,0,0.0,M,False,2,2025-03-01,2025-03-01,False
28224,95810,120,18787,,8019.0,,24836.0,,24835.0,,26,,8:40.31,,,,,1084,True,Relays,0,0,0.0,M,False,2,2025-03-01,2025-03-01,False
28225,95811,59,19362,,24996.0,,11370.0,,1632.0,,26,,8:40.88,,,,,1084,True,Relays,0,0,0.0,M,False,2,2025-03-01,2025-03-01,False
28226,95812,61,4046,,2273.0,,25573.0,,1663.0,,26,,8:41.44,,,,,1084,True,Relays,0,0,0.0,M,False,2,2025-03-01,2025-03-01,False
28227,95813,44,2220,,4138.0,,19536.0,,19558.0,,26,,8:43.82,,,,,1084,True,Relays,0,0,0.0,M,False,2,2025-03-01,2025-03-01,False
28228,95814,108,8048,,6407.0,,23475.0,,8084.0,,26,,8:44.45,,,,,1084,True,Relays,0,0,0.0,M,False,2,2025-03-01,2025-03-01,False
28229,95815,58,4868,,131.0,,170.0,,19538.0,,26,,8:44.51,,,,,1084,True,Relays,0,0,0.0,M,False,2,2025-03-01,2025-03-01,False
28230,95816,107,25574,,19407.0,,23473.0,,3620.0,,26,,8:47.47,,,,,1084,True,Relays,0,0,0.0,M,False,2,2025-03-01,2025-03-01,False
28231,95817,117,120,,182.0,,161.0,,25.0,,26,,8:50.74,,,,,1084,True,Relays,0,0,0.0,M,False,2,2025-03-01,2025-03-01,False
28232,95818,56,186,,24986.0,,25143.0,,3395.0,,26,,8:52.14,,,,,1084,True,Relays,0,0,0.0,M,False,2,2025-03-01,2025-03-01,False
28233,95819,60,19364,,7965.0,,4902.0,,3386.0,,26,,9:00.47,,,,,1084,True,Relays,0,0,0.0,M,False,2,2025-03-01,2025-03-01,False
28234,95820,62,8043,,25539.0,,169.0,,25534.0,,26,,9:00.79,,,,,1084,True,Relays,0,0,0.0,M,False,2,2025-03-01,2025-03-01,False
28235,95822,56,24399,,196.0,,147.0,,4854.0,,26,,9:02.91,,,,,1084,True,Relays,0,0,0.0,M,False,2,2025-03-01,2025-03-01,False
28236,95823,167,19381,,760.0,,2608.0,,19013.0,,26,,9:07.25,,,,,1084,True,Relays,0,0,0.0,M,False,2,2025-03-01,2025-03-01,False
28237,95824,127,11,,4936.0,,24387.0,,52.0,,26,,9:10.25,,,,,1084,True,Relays,0,0,0.0,M,False,2,2025-03-01,2025-03-01,False
28238,95825,59,1624,,1638.0,,3902.0,,3909.0,,26,,9:12.98,,,,,1084,True,Relays,0,0,0.0,M,False,2,2025-03-01,2025-03-01,False
28239,95826,120,335,,323.0,,21479.0,,25575.0,,26,,9:16.56,,,,,1084,True,Relays,0,0,0.0,M,False,2,2025-03-01,2025-03-01,False
28240,95827,61,2284,,1665.0,,4627.0,,25536.0,,26,,9:22.61,,,,,1084,True,Relays,0,0,0.0,M,False,2,2025-03-01,2025-03-01,False
28241,95829,117,188,,8073.0,,3339.0,,4006.0,,26,,9:24.62,,,,,1084,True,Relays,0,0,0.0,M,False,2,2025-03-01,2025-03-01,False
28242,95830,111,8011,,18131.0,,25570.0,,25076.0,,26,,9:25.03,,,,,1084,True,Relays,0,0,0.0,M,False,2,2025-03-01,2025-03-01,False
28243,95831,120,344,,338.0,,345.0,,24837.0,,26,,9:28.37,,,,,1084,True,Relays,0,0,0.0,M,False,2,2025-03-01,2025-03-01,False
28244,95832,61,19555,,25306.0,,4950.0,,21474.0,,26,,9:32.58,,,,,1084,True,Relays,0,0,0.0,M,False,2,2025-03-01,2025-03-01,False
28245,95834,61,25541,,10980.0,,25545.0,,24857.0,,26,,9:51.27,,,,,1084,True,Relays,0,0,0.0,M,False,2,2025-03-01,2025-03-01,False
28246,95835,124,2034,,19434.0,,21237.0,,24808.0,,26,,9:53.71,,,,,1084,True,Relays,0,0,0.0,M,False,2,2025-03-01,2025-03-01,False
28252,95752,56,3574,,24402.0,,4112.0,,3801.0,,22,,1:39.94,,,,,1084,True,Relays,605,1037,1123.5,M,False,2,2025-03-01,2025-03-01,False
28253,95793,43,4865,,3400.0,,20472.0,,25561.0,,29,,4:08.08,,,,,1084,True,Relays,0,0,0.0,M,False,2,2025-03-01,2025-03-01,False
28254,95821,43,4865,,20472.0,,20468.0,,3400.0,,26,,9:02.25,,,,,1084,True,Relays,0,0,0.0,M,False,2,2025-03-01,2025-03-01,False
28255,95833,43,5329,,42.0,,20476.0,,20479.0,,26,,9:45.05,,,,,1084,True,Relays,0,0,0.0,M,False,2,2025-03-01,2025-03-01,False
28256,95809,36,4890,,4889.0,,4883.0,,4891.0,,26,,8:38.82,,,,,1084,True,Relays,0,0,0.0,M,False,2,2025-03-01,2025-03-01,False
30359,96524,166,3596,,,,,,,,9,,2:13.92,,,,,1088,True,Distance,494,967,977.5,M,False,2,2025-03-02,2025-03-02,False
30360,96525,166,20441,,,,,,,,9,,2:19.68,,,,,1088,True,Distance,387,883,828.5,M,False,2,2025-03-02,2025-03-02,False
30361,96526,166,4728,,,,,,,,9,,2:21.99,,,,,1088,True,Distance,348,851,773.5,M,False,2,2025-03-02,2025-03-02,False
30362,96527,166,19390,,,,,,,,9,,2:22.47,,,,,1088,True,Distance,340,844,762.0,M,False,2,2025-03-02,2025-03-02,False
30363,96528,166,24464,,,,,,,,13,,4:55.93,,,,,1088,True,Distance,497,940,967.0,M,False,2,2025-03-02,2025-03-02,False
30364,96529,166,19390,,,,,,,,13,,5:12.05,,,,,1088,True,Distance,371,836,789.0,M,False,2,2025-03-02,2025-03-02,False
30365,96530,166,20428,,,,,,,,14,,9:49.07,,,,,1088,True,Distance,523,966,1006.0,M,False,2,2025-03-02,2025-03-02,False
30528,96475,203,4418,,,,,,,,9,,2:03.32,,,,,1087,True,Distance,726,1131,1291.5,M,False,2,2025-03-02,2025-03-02,False
30529,96476,203,5598,,,,,,,,9,,2:03.78,,,,,1087,True,Distance,715,1124,1277.0,M,False,2,2025-03-02,2025-03-02,False
30530,96477,203,24555,,,,,,,,9,,2:10.38,,,,,1087,True,Distance,567,1021,1077.5,M,False,2,2025-03-02,2025-03-02,False
30531,96478,203,24552,,,,,,,,9,,2:32.08,,,,,1087,True,Distance,201,716,559.0,M,False,2,2025-03-02,2025-03-02,False
30532,96479,203,24554,,,,,,,,10,,3:18.43,,,,,1087,True,Distance,196,699,545.5,M,False,2,2025-03-02,2025-03-02,False
31132,91982,44,25549,,,,,,,,13,,4:41.12,,,,,1032,True,Distance,629,1040,1149.0,M,False,2,2025-02-08,2025-02-08,False
31133,91989,44,25549,,,,,,,,14,,9:17.79,,,,,1032,True,Distance,662,1068,1196.0,M,False,2,2025-02-08,2025-02-08,False
31224,96666,174,25701,,,,,,,,26,,08:29.00,,,,,1090,True,Relays,0,0,0.0,M,False,2,2025-03-02,2025-03-02,False
31225,96667,204,25700,,,,,,,,26,,08:31.10,,,,,1090,True,Relays,0,0,0.0,M,False,2,2025-03-02,2025-03-02,False
31226,96668,178,25704,,,,,,,,26,,08:42.10,,,,,1090,True,Relays,0,0,0.0,M,False,2,2025-03-02,2025-03-02,False
31227,96669,175,25705,,,,,,,,26,,09:43.50,,,,,1090,True,Relays,0,0,0.0,M,False,2,2025-03-02,2025-03-02,False
31228,96670,220,25706,,,,,,,,26,,09:55.10,,,,,1090,True,Relays,0,0,0.0,M,False,2,2025-03-02,2025-03-02,False
31229,96671,204,25700,,,,,,,,22,,01:36.80,,,,,1090,True,Relays,694,1095,1241.5,M,False,2,2025-03-02,2025-03-02,False
31230,96672,174,25701,,,,,,,,22,,01:37.40,,,,,1090,True,Relays,677,1084,1219.0,M,False,2,2025-03-02,2025-03-02,False
31316,96673,206,25702,,,,,,,,22,,01:37.50,,,,,1090,True,Relays,674,1082,1215.0,M,False,2,2025-03-02,2025-03-02,False
31383,96674,199,25703,,,,,,,,22,,01:40.10,,,,,1090,True,Relays,601,1034,1118.0,M,False,2,2025-03-02,2025-03-02,False
31384,96680,220,18590,,25707.0,,25708.0,,25709.0,,22,,01:46.00,,,,,1090,True,Relays,450,927,913.5,M,False,2,2025-03-02,2025-03-02,False
31430,96861,204,25800,,,,,,,,14,,12:14.90,,,,,1090,True,Distance,91,560,371.0,M,False,2,2025-03-02,2025-03-02,False
31434,96867,204,25700,,,,,,,,24,,03:40.70,,,,,1090,True,Relays,695,1074,1232.0,M,False,2,2025-03-02,2025-03-02,False
31435,96868,220,25706,,,,,,,,24,,03:47.00,,,,,1090,True,Relays,624,1023,1135.5,M,False,2,2025-03-02,2025-03-02,False
31436,96869,174,25701,,,,,,,,24,,03:51.10,,,,,1090,True,Relays,579,991,1074.5,M,False,2,2025-03-02,2025-03-02,False
31437,96870,191,25848,,,,,,,,24,,03:59.70,,,,,1090,True,Relays,491,925,953.5,M,False,2,2025-03-02,2025-03-02,False
31438,96871,178,25704,,,,,,,,24,,04:00.00,,,,,1090,True,Relays,488,922,949.0,M,False,2,2025-03-02,2025-03-02,False
31439,96872,203,7637,,,,,,,,24,,04:10.50,,,,,1090,True,Relays,391,845,813.5,M,False,2,2025-03-02,2025-03-02,False
31497,96865,203,1827,,,,,,,,14,,12:35.40,,,,,1090,True,Distance,59,511,314.5,M,False,2,2025-03-02,2025-03-02,False
31499,96863,203,1858,,,,,,,,14,,12:32.90,,,,,1090,True,Distance,63,517,321.5,M,False,2,2025-03-02,2025-03-02,False
31504,96864,203,19642,,,,,,,,14,,12:34.80,,,,,1090,True,Distance,60,513,316.5,M,False,2,2025-03-02,2025-03-02,False
31506,96862,203,2113,,,,,,,,14,,12:32.90,,,,,1090,True,Distance,63,517,321.5,M,False,2,2025-03-02,2025-03-02,False
31507,96866,175,5002,,,,,,,,14,,12:41.10,,,,,1090,True,Distance,51,498,300.0,M,False,2,2025-03-02,2025-03-02,False
31508,96873,220,18585,,18590.0,,18583.0,,25707.0,,24,,04:12.50,,,,,1090,True,Relays,374,830,789.0,M,False,2,2025-03-02,2025-03-02,False
31614,96744,203,25776,,,,,,,,13,,05:21.10,,,,,1090,True,Distance,309,780,699.0,M,False,2,2025-03-02,2025-03-02,False
31615,96746,203,25778,,,,,,,,13,,05:23.20,,,,,1090,True,Distance,295,768,679.0,M,False,2,2025-03-02,2025-03-02,False
31617,96748,204,25780,,,,,,,,13,,05:24.30,,,,,1090,True,Distance,288,761,668.5,M,False,2,2025-03-02,2025-03-02,False
31618,96749,186,25781,,,,,,,,13,,05:24.80,,,,,1090,True,Distance,285,758,664.0,M,False,2,2025-03-02,2025-03-02,False
31619,96752,203,25784,,,,,,,,13,,05:29.50,,,,,1090,True,Distance,256,730,621.0,M,False,2,2025-03-02,2025-03-02,False
31621,96758,206,25790,,,,,,,,13,,05:34.20,,,,,1090,True,Distance,229,703,580.5,M,False,2,2025-03-02,2025-03-02,False
31622,96761,205,25793,,,,,,,,13,,05:37.30,,,,,1090,True,Distance,211,686,554.0,M,False,2,2025-03-02,2025-03-02,False
31623,96768,204,25800,,,,,,,,13,,05:50.10,,,,,1090,True,Distance,147,615,454.5,M,False,2,2025-03-02,2025-03-02,False
31624,96769,190,25801,,,,,,,,13,,05:50.90,,,,,1090,True,Distance,144,611,449.5,M,False,2,2025-03-02,2025-03-02,False
31626,96772,175,25804,,,,,,,,13,,05:53.60,,,,,1090,True,Distance,132,597,430.5,M,False,2,2025-03-02,2025-03-02,False
31634,96799,206,25817,,,,,,,,9,,02:08.20,,,,,1090,True,Distance,614,1054,1141.0,M,False,2,2025-03-02,2025-03-02,False
31636,96801,206,25819,,,,,,,,9,,02:09.70,,,,,1090,True,Distance,581,1031,1096.5,M,False,2,2025-03-02,2025-03-02,False
31638,96811,191,25825,,,,,,,,9,,02:24.10,,,,,1090,True,Distance,314,822,725.0,M,False,2,2025-03-02,2025-03-02,False
31641,96724,220,18566,,,,,,,,13,,04:54.70,,,,,1090,True,Distance,507,948,981.0,M,False,2,2025-03-02,2025-03-02,False
31642,96767,220,18570,,,,,,,,13,,05:46.20,,,,,1090,True,Distance,166,636,484.0,M,False,2,2025-03-02,2025-03-02,False
31644,96741,204,18577,,,,,,,,13,,05:15.90,,,,,1090,True,Distance,344,812,750.0,M,False,2,2025-03-02,2025-03-02,False
31645,96753,206,4476,,,,,,,,13,,05:30.00,,,,,1090,True,Distance,253,728,617.0,M,False,2,2025-03-02,2025-03-02,False
31646,96820,206,4476,,,,,,,,9,,02:45.00,,,,,1090,True,Distance,71,560,351.0,M,False,2,2025-03-02,2025-03-02,False
31647,96721,205,25269,,,,,,,,13,,04:45.50,,,,,1090,True,Distance,588,1010,1093.0,M,False,2,2025-03-02,2025-03-02,False
31648,96739,205,19641,,,,,,,,13,,05:11.80,,,,,1090,True,Distance,373,837,791.5,M,False,2,2025-03-02,2025-03-02,False
31649,96759,205,19649,,,,,,,,13,,05:34.30,,,,,1090,True,Distance,228,703,579.5,M,False,2,2025-03-02,2025-03-02,False
31650,96718,220,23583,,,,,,,,13,,04:41.42,,,,,1090,True,Distance,626,1038,1145.0,M,False,2,2025-03-02,2025-03-02,False
31653,96796,204,897,,,,,,,,9,,02:03.80,,,,,1090,True,Distance,715,1124,1277.0,M,False,2,2025-03-02,2025-03-02,False
31654,96727,204,19627,,,,,,,,13,,04:56.40,,,,,1090,True,Distance,493,936,961.0,M,False,2,2025-03-02,2025-03-02,False
31655,96733,204,922,,,,,,,,13,,05:04.50,,,,,1090,True,Distance,428,884,870.0,M,False,2,2025-03-02,2025-03-02,False
31656,96763,204,5038,,,,,,,,13,,05:39.70,,,,,1090,True,Distance,198,672,534.0,M,False,2,2025-03-02,2025-03-02,False
31657,96809,204,964,,,,,,,,9,,02:21.90,,,,,1090,True,Distance,349,852,775.0,M,False,2,2025-03-02,2025-03-02,False
31661,96732,204,19631,,,,,,,,13,,05:02.50,,,,,1090,True,Distance,444,897,892.5,M,False,2,2025-03-02,2025-03-02,False
31662,96729,204,930,,,,,,,,13,,04:56.80,,,,,1090,True,Distance,490,934,957.0,M,False,2,2025-03-02,2025-03-02,False
31663,96760,204,1871,,,,,,,,13,,05:36.00,,,,,1090,True,Distance,219,693,565.5,M,False,2,2025-03-02,2025-03-02,False
31664,96740,204,18565,,,,,,,,13,,05:15.70,,,,,1090,True,Distance,346,813,752.5,M,False,2,2025-03-02,2025-03-02,False
31665,96730,204,18559,,,,,,,,13,,04:58.70,,,,,1090,True,Distance,474,921,934.5,M,False,2,2025-03-02,2025-03-02,False
31666,96726,204,18564,,,,,,,,13,,04:56.10,,,,,1090,True,Distance,496,938,965.0,M,False,2,2025-03-02,2025-03-02,False
31667,96798,204,868,,,,,,,,9,,02:07.20,,,,,1090,True,Distance,636,1070,1171.0,M,False,2,2025-03-02,2025-03-02,False
31669,96738,203,18874,,,,,,,,13,,05:11.70,,,,,1090,True,Distance,374,838,793.0,M,False,2,2025-03-02,2025-03-02,False
31670,96745,203,1894,,,,,,,,13,,05:22.60,,,,,1090,True,Distance,299,771,684.5,M,False,2,2025-03-02,2025-03-02,False
31671,96725,203,1858,,,,,,,,13,,04:55.50,,,,,1090,True,Distance,501,942,972.0,M,False,2,2025-03-02,2025-03-02,False
31672,96803,191,3216,,,,,,,,9,,02:13.40,,,,,1090,True,Distance,505,975,992.5,M,False,2,2025-03-02,2025-03-02,False
31673,96762,191,18897,,,,,,,,13,,05:38.00,,,,,1090,True,Distance,208,682,549.0,M,False,2,2025-03-02,2025-03-02,False
31674,96722,191,22568,,,,,,,,13,,04:46.20,,,,,1090,True,Distance,582,1005,1084.5,M,False,2,2025-03-02,2025-03-02,False
31675,96736,190,19629,,,,,,,,13,,05:07.40,,,,,1090,True,Distance,406,865,838.5,M,False,2,2025-03-02,2025-03-02,False
31676,96756,190,19643,,,,,,,,13,,05:32.10,,,,,1090,True,Distance,241,715,598.5,M,False,2,2025-03-02,2025-03-02,False
31677,96773,190,19651,,,,,,,,13,,06:00.00,,,,,1090,True,Distance,106,563,387.5,M,False,2,2025-03-02,2025-03-02,False
31678,96807,203,22570,,,,,,,,9,,02:18.70,,,,,1090,True,Distance,404,897,852.5,M,False,2,2025-03-02,2025-03-02,False
31679,96728,203,18877,,,,,,,,13,,04:56.70,,,,,1090,True,Distance,491,934,958.0,M,False,2,2025-03-02,2025-03-02,False
31680,96817,203,18877,,,,,,,,9,,02:30.40,,,,,1090,True,Distance,222,738,591.0,M,False,2,2025-03-02,2025-03-02,False
31681,96816,203,1900,,,,,,,,9,,02:30.30,,,,,1090,True,Distance,224,739,593.5,M,False,2,2025-03-02,2025-03-02,False
31682,96716,203,18869,,,,,,,,13,,04:36.20,,,,,1090,True,Distance,676,1075,1213.5,M,False,2,2025-03-02,2025-03-02,False
31683,96797,203,18869,,,,,,,,9,,02:06.30,,,,,1090,True,Distance,656,1084,1198.0,M,False,2,2025-03-02,2025-03-02,False
31685,96810,203,19642,,,,,,,,9,,02:23.80,,,,,1090,True,Distance,318,826,731.0,M,False,2,2025-03-02,2025-03-02,False
31686,96717,203,1835,,,,,,,,13,,04:36.30,,,,,1090,True,Distance,675,1074,1212.0,M,False,2,2025-03-02,2025-03-02,False
31687,96723,203,1844,,,,,,,,13,,04:53.10,,,,,1090,True,Distance,521,958,1000.0,M,False,2,2025-03-02,2025-03-02,False
31688,96715,203,2113,,,,,,,,13,,04:33.60,,,,,1090,True,Distance,701,1093,1247.5,M,False,2,2025-03-02,2025-03-02,False
31689,96750,203,3064,,,,,,,,13,,05:27.20,,,,,1090,True,Distance,270,744,642.0,M,False,2,2025-03-02,2025-03-02,False
31690,96737,203,19637,,,,,,,,13,,05:10.70,,,,,1090,True,Distance,381,844,803.0,M,False,2,2025-03-02,2025-03-02,False
31691,96808,203,19637,,,,,,,,9,,02:18.90,,,,,1090,True,Distance,401,895,848.5,M,False,2,2025-03-02,2025-03-02,False
31692,96819,203,1908,,,,,,,,9,,02:39.20,,,,,1090,True,Distance,121,628,435.0,M,False,2,2025-03-02,2025-03-02,False
31693,96757,203,18895,,,,,,,,13,,05:32.70,,,,,1090,True,Distance,237,712,593.0,M,False,2,2025-03-02,2025-03-02,False
31694,96765,199,1887,,,,,,,,13,,05:43.50,,,,,1090,True,Distance,179,651,504.5,M,False,2,2025-03-02,2025-03-02,False
31696,96771,203,3231,,,,,,,,13,,05:52.80,,,,,1090,True,Distance,135,601,435.5,M,False,2,2025-03-02,2025-03-02,False
31697,96743,186,5011,,,,,,,,13,,05:18.70,,,,,1090,True,Distance,325,795,722.5,M,False,2,2025-03-02,2025-03-02,False
31698,96818,186,5011,,,,,,,,9,,02:31.80,,,,,1090,True,Distance,204,719,563.5,M,False,2,2025-03-02,2025-03-02,False
31700,96719,178,3205,,,,,,,,13,,04:41.42,,,,,1090,True,Distance,626,1038,1145.0,M,False,2,2025-03-02,2025-03-02,False
31701,96813,178,1853,,,,,,,,9,,02:26.30,,,,,1090,True,Distance,280,792,676.0,M,False,2,2025-03-02,2025-03-02,False
31702,96755,175,5006,,,,,,,,13,,05:31.50,,,,,1090,True,Distance,244,719,603.5,M,False,2,2025-03-02,2025-03-02,False
31703,96751,175,19650,,,,,,,,13,,05:27.40,,,,,1090,True,Distance,269,743,640.5,M,False,2,2025-03-02,2025-03-02,False
31704,96814,175,5003,,,,,,,,9,,02:26.40,,,,,1090,True,Distance,278,790,673.0,M,False,2,2025-03-02,2025-03-02,False
31705,96766,175,5002,,,,,,,,13,,05:45.40,,,,,1090,True,Distance,169,641,489.5,M,False,2,2025-03-02,2025-03-02,False
31706,96731,175,5374,,,,,,,,13,,04:59.20,,,,,1090,True,Distance,470,918,929.0,M,False,2,2025-03-02,2025-03-02,False
31707,96734,174,5733,,,,,,,,13,,05:05.90,,,,,1090,True,Distance,417,875,854.5,M,False,2,2025-03-02,2025-03-02,False
31711,96742,174,25256,,,,,,,,13,,05:17.40,,,,,1090,True,Distance,334,803,735.5,M,False,2,2025-03-02,2025-03-02,False
31712,96812,174,4648,,,,,,,,9,,02:26.20,,,,,1090,True,Distance,281,793,677.5,M,False,2,2025-03-02,2025-03-02,False
31713,96735,174,1819,,,,,,,,13,,05:06.30,,,,,1090,True,Distance,414,872,850.0,M,False,2,2025-03-02,2025-03-02,False
31714,96720,173,19622,,,,,,,,13,,04:45.50,,,,,1090,True,Distance,588,1010,1093.0,M,False,2,2025-03-02,2025-03-02,False
31720,96859,204,25780,,,,,,,,14,,11:14.20,,,,,1090,True,Distance,228,716,586.0,M,False,2,2025-03-02,2025-03-02,False
31721,96860,203,25778,,,,,,,,14,,11:19.60,,,,,1090,True,Distance,214,701,564.5,M,False,2,2025-03-02,2025-03-02,False
31758,96857,204,18577,,,,,,,,14,,11:00.00,,,,,1090,True,Distance,269,755,646.5,M,False,2,2025-03-02,2025-03-02,False
31760,96821,205,25270,,,,,,,,9,,02:56.90,,,,,1090,True,Distance,9,433,225.5,M,False,2,2025-03-02,2025-03-02,False
31765,96850,204,903,,,,,,,,14,,09:56.60,,,,,1090,True,Distance,492,942,963.0,M,False,2,2025-03-02,2025-03-02,False
31766,96845,204,872,,,,,,,,14,,09:24.50,,,,,1090,True,Distance,631,1045,1153.5,M,False,2,2025-03-02,2025-03-02,False
31768,96854,204,18565,,,,,,,,14,,10:39.10,,,,,1090,True,Distance,335,814,742.0,M,False,2,2025-03-02,2025-03-02,False
31769,96852,204,18559,,,,,,,,14,,10:14.90,,,,,1090,True,Distance,421,886,864.0,M,False,2,2025-03-02,2025-03-02,False
31770,96858,203,1894,,,,,,,,14,,11:09.60,,,,,1090,True,Distance,241,728,605.0,M,False,2,2025-03-02,2025-03-02,False
31772,96855,203,1883,,,,,,,,14,,10:42.60,,,,,1090,True,Distance,324,804,726.0,M,False,2,2025-03-02,2025-03-02,False
31773,96851,203,19626,,,,,,,,14,,10:11.90,,,,,1090,True,Distance,432,895,879.5,M,False,2,2025-03-02,2025-03-02,False
31774,96846,203,1835,,,,,,,,14,,09:33.50,,,,,1090,True,Distance,591,1016,1099.0,M,False,2,2025-03-02,2025-03-02,False
31775,96856,203,22572,,,,,,,,14,,10:45.50,,,,,1090,True,Distance,314,796,712.0,M,False,2,2025-03-02,2025-03-02,False
31778,96843,199,19635,,,,,,,,14,,09:22.30,,,,,1090,True,Distance,641,1053,1167.5,M,False,2,2025-03-02,2025-03-02,False
31779,96853,199,1895,,,,,,,,14,,10:36.00,,,,,1090,True,Distance,346,823,757.5,M,False,2,2025-03-02,2025-03-02,False
31781,96841,178,18867,,,,,,,,14,,09:18.10,,,,,1090,True,Distance,661,1067,1194.5,M,False,2,2025-03-02,2025-03-02,False
31782,96849,178,1870,,,,,,,,14,,09:54.90,,,,,1090,True,Distance,499,948,973.0,M,False,2,2025-03-02,2025-03-02,False
31783,96839,178,3054,,,,,,,,14,,09:01.80,,,,,1090,True,Distance,739,1122,1300.0,M,False,2,2025-03-02,2025-03-02,False
31785,96844,174,2116,,,,,,,,14,,09:22.90,,,,,1090,True,Distance,638,1051,1163.5,M,False,2,2025-03-02,2025-03-02,False
31786,96842,174,18876,,,,,,,,14,,09:22.00,,,,,1090,True,Distance,643,1054,1170.0,M,False,2,2025-03-02,2025-03-02,False
32930,97679,174,25936,,25937.0,,25938.0,,25939.0,,22,,1:35.99,,,,,1097,True,Relays,719,1111,1274.5,M,False,2,2025-03-09,2025-03-09,False
32931,97680,178,25940,,25941.0,,25942.0,,25943.0,,22,,1:38.02,,,,,1097,True,Relays,659,1073,1195.5,M,False,2,2025-03-09,2025-03-09,False
32932,97681,204,25944,,25945.0,,25946.0,,25947.0,,22,,1:39.76,,,,,1097,True,Relays,610,1040,1130.0,M,False,2,2025-03-09,2025-03-09,False
32933,97682,188,25948,,25949.0,,25950.0,,25951.0,,22,,1:41.38,,,,,1097,True,Relays,566,1010,1071.0,M,False,2,2025-03-09,2025-03-09,False
32934,97683,178,25952,,25953.0,,25954.0,,25955.0,,22,,1:42.38,,,,,1097,True,Relays,540,992,1036.0,M,False,2,2025-03-09,2025-03-09,False
32935,97684,204,25956,,25957.0,,25958.0,,25959.0,,22,,1:43.54,,,,,1097,True,Relays,510,971,995.5,M,False,2,2025-03-09,2025-03-09,False
32936,97685,188,25960,,25961.0,,25962.0,,25963.0,,22,,1:45.41,,,,,1097,True,Relays,464,938,933.0,M,False,2,2025-03-09,2025-03-09,False
32937,97686,196,25964,,25965.0,,25966.0,,25967.0,,22,,1:46.16,,,,,1097,True,Relays,446,925,908.5,M,False,2,2025-03-09,2025-03-09,False
32938,97687,203,25968,,25969.0,,25970.0,,25971.0,,22,,1:47.08,,,,,1097,True,Relays,425,909,879.5,M,False,2,2025-03-09,2025-03-09,False
32939,97688,196,25972,,25973.0,,25974.0,,25975.0,,22,,1:47.30,,,,,1097,True,Relays,420,905,872.5,M,False,2,2025-03-09,2025-03-09,False
32940,97689,203,25976,,25977.0,,25978.0,,25979.0,,22,,1:48.41,,,,,1097,True,Relays,394,886,837.0,M,False,2,2025-03-09,2025-03-09,False
32941,97690,172,25980,,,,,,,,22,,1:49.28,,,,,1097,True,Relays,375,871,810.5,M,False,2,2025-03-09,2025-03-09,False
32942,97691,204,25981,,25982.0,,25983.0,,25984.0,,22,,1:50.64,,,,,1097,True,Relays,347,848,771.0,M,False,2,2025-03-09,2025-03-09,False
32943,97692,188,25985,,25986.0,,25987.0,,25988.0,,22,,1:51.33,,,,,1097,True,Relays,332,836,750.0,M,False,2,2025-03-09,2025-03-09,False
32944,97693,180,25989,,25990.0,,25991.0,,25992.0,,22,,1:55.77,,,,,1097,True,Relays,248,764,630.0,M,False,2,2025-03-09,2025-03-09,False
33157,97231,172,1810,,,,,,,,16,,9:44.00,,,,,1097,True,Distance,752,1117,1310.5,M,False,2,2025-03-09,2025-03-09,False
33158,97232,188,885,,,,,,,,16,,9:47.24,,,,,1097,True,Distance,737,1107,1290.5,M,False,2,2025-03-09,2025-03-09,False
33159,97233,186,5010,,,,,,,,16,,9:55.17,,,,,1097,True,Distance,701,1082,1242.0,M,False,2,2025-03-09,2025-03-09,False
33160,97235,180,23568,,,,,,,,16,,10:07.04,,,,,1097,True,Distance,648,1046,1171.0,M,False,2,2025-03-09,2025-03-09,False
33161,97236,188,882,,,,,,,,16,,10:11.83,,,,,1097,True,Distance,628,1031,1143.5,M,False,2,2025-03-09,2025-03-09,False
33162,97237,188,3543,,,,,,,,16,,10:13.54,,,,,1097,True,Distance,620,1026,1133.0,M,False,2,2025-03-09,2025-03-09,False
33163,97239,196,891,,,,,,,,16,,10:14.80,,,,,1097,True,Distance,615,1022,1126.0,M,False,2,2025-03-09,2025-03-09,False
33164,97242,204,903,,,,,,,,16,,10:21.80,,,,,1097,True,Distance,586,1001,1086.5,M,False,2,2025-03-09,2025-03-09,False
33165,97243,196,866,,,,,,,,16,,10:22.06,,,,,1097,True,Distance,585,1000,1085.0,M,False,2,2025-03-09,2025-03-09,False
33166,97244,180,2110,,,,,,,,16,,10:23.22,,,,,1097,True,Distance,580,997,1078.5,M,False,2,2025-03-09,2025-03-09,False
33167,97245,204,2120,,,,,,,,16,,10:30.86,,,,,1097,True,Distance,549,975,1036.5,M,False,2,2025-03-09,2025-03-09,False
33168,97246,203,1855,,,,,,,,16,,10:32.03,,,,,1097,True,Distance,545,971,1030.5,M,False,2,2025-03-09,2025-03-09,False
33169,97247,220,23583,,,,,,,,16,,10:33.03,,,,,1097,True,Distance,541,968,1025.0,M,False,2,2025-03-09,2025-03-09,False
33170,97248,188,936,,,,,,,,16,,10:35.82,,,,,1097,True,Distance,530,960,1010.0,M,False,2,2025-03-09,2025-03-09,False
33171,97250,204,890,,,,,,,,16,,10:38.18,,,,,1097,True,Distance,520,953,996.5,M,False,2,2025-03-09,2025-03-09,False
33172,97251,196,25897,,,,,,,,16,,10:47.46,,,,,1097,True,Distance,485,926,948.0,M,False,2,2025-03-09,2025-03-09,False
33173,97252,203,18874,,,,,,,,16,,10:47.70,,,,,1097,True,Distance,484,926,947.0,M,False,2,2025-03-09,2025-03-09,False
33174,97253,220,18571,,,,,,,,16,,10:48.55,,,,,1097,True,Distance,481,923,942.5,M,False,2,2025-03-09,2025-03-09,False
33175,97254,196,913,,,,,,,,16,,10:53.28,,,,,1097,True,Distance,464,910,919.0,M,False,2,2025-03-09,2025-03-09,False
33176,97256,203,2124,,,,,,,,16,,10:54.83,,,,,1097,True,Distance,458,906,911.0,M,False,2,2025-03-09,2025-03-09,False
33177,97257,204,18563,,,,,,,,16,,10:58.42,,,,,1097,True,Distance,445,895,892.5,M,False,2,2025-03-09,2025-03-09,False
33178,97258,172,18885,,,,,,,,16,,10:59.52,,,,,1097,True,Distance,441,892,887.0,M,False,2,2025-03-09,2025-03-09,False
33179,97259,204,18565,,,,,,,,16,,11:03.96,,,,,1097,True,Distance,425,880,865.0,M,False,2,2025-03-09,2025-03-09,False
33180,97260,180,25899,,,,,,,,16,,11:04.29,,,,,1097,True,Distance,424,879,863.5,M,False,2,2025-03-09,2025-03-09,False
33181,97261,188,18878,,,,,,,,16,,11:06.04,,,,,1097,True,Distance,418,874,855.0,M,False,2,2025-03-09,2025-03-09,False
33182,97262,172,1837,,,,,,,,16,,11:15.96,,,,,1097,True,Distance,384,847,807.5,M,False,2,2025-03-09,2025-03-09,False
33183,97263,203,1883,,,,,,,,16,,11:19.16,,,,,1097,True,Distance,374,838,793.0,M,False,2,2025-03-09,2025-03-09,False
33184,97264,203,1894,,,,,,,,16,,11:27.98,,,,,1097,True,Distance,345,814,752.0,M,False,2,2025-03-09,2025-03-09,False
33185,97265,178,1811,,,,,,,,16,,11:47.86,,,,,1097,True,Distance,285,762,666.0,M,False,2,2025-03-09,2025-03-09,False
33186,97266,175,5006,,,,,,,,16,,11:53.61,,,,,1097,True,Distance,269,747,642.5,M,False,2,2025-03-09,2025-03-09,False
33187,97267,172,18899,,,,,,,,16,,11:54.81,,,,,1097,True,Distance,266,744,638.0,M,False,2,2025-03-09,2025-03-09,False
33188,97268,174,5733,,,,,,,,16,,11:56.59,,,,,1097,True,Distance,261,739,630.5,M,False,2,2025-03-09,2025-03-09,False
33189,97269,196,2359,,,,,,,,16,,11:59.60,,,,,1097,True,Distance,253,732,619.0,M,False,2,2025-03-09,2025-03-09,False
33190,97270,175,4999,,,,,,,,16,,12:05.88,,,,,1097,True,Distance,236,716,594.0,M,False,2,2025-03-09,2025-03-09,False
33191,97271,199,1887,,,,,,,,16,,12:07.15,,,,,1097,True,Distance,233,713,589.5,M,False,2,2025-03-09,2025-03-09,False
33192,97272,206,5130,,,,,,,,16,,12:10.55,,,,,1097,True,Distance,224,704,576.0,M,False,2,2025-03-09,2025-03-09,False
33193,97274,206,4476,,,,,,,,16,,12:16.72,,,,,1097,True,Distance,209,689,553.5,M,False,2,2025-03-09,2025-03-09,False
33194,97276,220,18585,,,,,,,,16,,12:18.58,,,,,1097,True,Distance,204,684,546.0,M,False,2,2025-03-09,2025-03-09,False
33195,97277,196,946,,,,,,,,16,,12:20.67,,,,,1097,True,Distance,199,679,538.5,M,False,2,2025-03-09,2025-03-09,False
33196,97278,203,1908,,,,,,,,16,,12:28.32,,,,,1097,True,Distance,181,661,511.5,M,False,2,2025-03-09,2025-03-09,False
33197,97279,196,2371,,,,,,,,16,,12:41.66,,,,,1097,True,Distance,152,629,466.5,M,False,2,2025-03-09,2025-03-09,False
33198,97280,199,25008,,,,,,,,16,,12:43.62,,,,,1097,True,Distance,148,624,460.0,M,False,2,2025-03-09,2025-03-09,False
33199,97281,175,5002,,,,,,,,16,,12:47.37,,,,,1097,True,Distance,140,616,448.0,M,False,2,2025-03-09,2025-03-09,False
33200,97282,204,2142,,,,,,,,16,,12:49.67,,,,,1097,True,Distance,135,610,440.0,M,False,2,2025-03-09,2025-03-09,False
33201,97283,204,964,,,,,,,,16,,12:52.11,,,,,1097,True,Distance,131,605,433.5,M,False,2,2025-03-09,2025-03-09,False
33202,97284,196,3084,,,,,,,,16,,13:21.70,,,,,1097,True,Distance,79,538,348.0,M,False,2,2025-03-09,2025-03-09,False
33203,97285,186,25900,,,,,,,,16,,13:21.87,,,,,1097,True,Distance,79,538,348.0,M,False,2,2025-03-09,2025-03-09,False
33204,97286,178,4330,,,,,,,,16,,14:12.53,,,,,1097,True,Distance,21,433,237.5,M,False,2,2025-03-09,2025-03-09,False
33205,97287,188,25888,,,,,,,,16,,15:07.65,,,,,1097,True,Distance,0,332,166.0,M,False,2,2025-03-09,2025-03-09,False
33224,97255,203,19626,,,,,,,,16,,10:54.59,,,,,1097,True,Distance,459,906,912.0,M,False,2,2025-03-09,2025-03-09,False
33225,97238,203,25776,,,,,,,,16,,10:14.34,,,,,1097,True,Distance,617,1024,1129.0,M,False,2,2025-03-09,2025-03-09,False
33226,97273,205,19641,,,,,,,,16,,12:11.10,,,,,1097,True,Distance,223,703,574.5,M,False,2,2025-03-09,2025-03-09,False
33227,97275,203,3231,,,,,,,,16,,12:16.98,,,,,1097,True,Distance,208,688,552.0,M,False,2,2025-03-09,2025-03-09,False
33229,97240,188,918,,,,,,,,16,,10:15.47,,,,,1097,True,Distance,612,1020,1122.0,M,False,2,2025-03-09,2025-03-09,False
33230,97241,188,909,,,,,,,,16,,10:17.13,,,,,1097,True,Distance,605,1015,1112.5,M,False,2,2025-03-09,2025-03-09,False
33231,97249,188,886,,,,,,,,16,,10:37.59,,,,,1097,True,Distance,523,955,1000.5,M,False,2,2025-03-09,2025-03-09,False
33324,97392,178,18865,,,,,,,,9,,1:57.22,,,,,1097,True,Distance,880,1232,1496.0,M,False,2,2025-03-09,2025-03-09,False
33325,97393,188,25000,,,,,,,,9,,1:57.62,,,,,1097,True,Distance,869,1225,1481.5,M,False,2,2025-03-09,2025-03-09,False
33326,97394,180,25908,,,,,,,,9,,1:57.99,,,,,1097,True,Distance,860,1219,1469.5,M,False,2,2025-03-09,2025-03-09,False
33327,97395,178,25909,,,,,,,,9,,1:58.49,,,,,1097,True,Distance,847,1211,1452.5,M,False,2,2025-03-09,2025-03-09,False
33328,97396,203,1809,,,,,,,,9,,1:59.21,,,,,1097,True,Distance,828,1199,1427.5,M,False,2,2025-03-09,2025-03-09,False
33329,97397,205,25269,,,,,,,,9,,1:59.24,,,,,1097,True,Distance,827,1198,1426.0,M,False,2,2025-03-09,2025-03-09,False
33347,97398,174,25910,,,,,,,,9,,1:59.25,,,,,1097,True,Distance,827,1198,1426.0,M,False,2,2025-03-09,2025-03-09,False
33348,97399,204,19627,,,,,,,,9,,1:59.45,,,,,1097,True,Distance,822,1195,1419.5,M,False,2,2025-03-09,2025-03-09,False
33349,97401,196,5025,,,,,,,,9,,2:00.83,,,,,1097,True,Distance,787,1172,1373.0,M,False,2,2025-03-09,2025-03-09,False
33350,97402,188,25911,,,,,,,,9,,2:01.20,,,,,1097,True,Distance,778,1166,1361.0,M,False,2,2025-03-09,2025-03-09,False
33351,97403,188,3547,,,,,,,,9,,2:01.27,,,,,1097,True,Distance,776,1165,1358.5,M,False,2,2025-03-09,2025-03-09,False
33352,97404,178,24915,,,,,,,,9,,2:01.51,,,,,1097,True,Distance,770,1161,1350.5,M,False,2,2025-03-09,2025-03-09,False
33353,97405,203,18869,,,,,,,,9,,2:02.17,,,,,1097,True,Distance,754,1150,1329.0,M,False,2,2025-03-09,2025-03-09,False
33354,97406,188,885,,,,,,,,9,,2:04.04,,,,,1097,True,Distance,709,1120,1269.0,M,False,2,2025-03-09,2025-03-09,False
33355,97407,204,24441,,,,,,,,9,,2:04.10,,,,,1097,True,Distance,708,1119,1267.5,M,False,2,2025-03-09,2025-03-09,False
33356,97409,178,1833,,,,,,,,9,,2:04.64,,,,,1097,True,Distance,695,1110,1250.0,M,False,2,2025-03-09,2025-03-09,False
33357,97410,174,2111,,,,,,,,9,,2:04.81,,,,,1097,True,Distance,691,1108,1245.0,M,False,2,2025-03-09,2025-03-09,False
33358,97411,188,25913,,,,,,,,9,,2:06.59,,,,,1097,True,Distance,650,1079,1189.5,M,False,2,2025-03-09,2025-03-09,False
33359,97412,203,1858,,,,,,,,9,,2:09.73,,,,,1097,True,Distance,581,1031,1096.5,M,False,2,2025-03-09,2025-03-09,False
33360,97413,188,882,,,,,,,,9,,2:10.24,,,,,1097,True,Distance,570,1023,1081.5,M,False,2,2025-03-09,2025-03-09,False
33361,97414,180,2110,,,,,,,,9,,2:10.29,,,,,1097,True,Distance,569,1022,1080.0,M,False,2,2025-03-09,2025-03-09,False
33362,97415,188,18879,,,,,,,,9,,2:10.46,,,,,1097,True,Distance,565,1019,1074.5,M,False,2,2025-03-09,2025-03-09,False
33363,97416,174,2128,,,,,,,,9,,2:11.09,,,,,1097,True,Distance,552,1010,1057.0,M,False,2,2025-03-09,2025-03-09,False
33364,97417,196,19624,,,,,,,,9,,2:11.97,,,,,1097,True,Distance,534,996,1032.0,M,False,2,2025-03-09,2025-03-09,False
33365,97418,203,22572,,,,,,,,9,,2:12.33,,,,,1097,True,Distance,526,991,1021.5,M,False,2,2025-03-09,2025-03-09,False
33366,97419,203,3073,,,,,,,,9,,2:12.39,,,,,1097,True,Distance,525,990,1020.0,M,False,2,2025-03-09,2025-03-09,False
33367,97420,203,1900,,,,,,,,9,,2:12.47,,,,,1097,True,Distance,523,989,1017.5,M,False,2,2025-03-09,2025-03-09,False
33368,97422,203,1844,,,,,,,,9,,2:12.70,,,,,1097,True,Distance,519,985,1011.5,M,False,2,2025-03-09,2025-03-09,False
33369,97423,188,938,,,,,,,,9,,2:13.32,,,,,1097,True,Distance,506,976,994.0,M,False,2,2025-03-09,2025-03-09,False
33370,97424,196,25915,,,,,,,,9,,2:13.44,,,,,1097,True,Distance,504,974,991.0,M,False,2,2025-03-09,2025-03-09,False
33371,97425,196,891,,,,,,,,9,,2:14.27,,,,,1097,True,Distance,487,962,968.0,M,False,2,2025-03-09,2025-03-09,False
33372,97426,196,2359,,,,,,,,9,,2:16.00,,,,,1097,True,Distance,454,937,922.5,M,False,2,2025-03-09,2025-03-09,False
33373,97427,172,18885,,,,,,,,9,,2:16.15,,,,,1097,True,Distance,451,934,918.0,M,False,2,2025-03-09,2025-03-09,False
33374,97428,204,24437,,,,,,,,9,,2:17.05,,,,,1097,True,Distance,434,921,894.5,M,False,2,2025-03-09,2025-03-09,False
33375,97429,203,19637,,,,,,,,9,,2:17.27,,,,,1097,True,Distance,430,918,889.0,M,False,2,2025-03-09,2025-03-09,False
33376,97430,203,19642,,,,,,,,9,,2:17.92,,,,,1097,True,Distance,418,909,872.5,M,False,2,2025-03-09,2025-03-09,False
33377,97431,203,1855,,,,,,,,9,,2:17.95,,,,,1097,True,Distance,418,908,872.0,M,False,2,2025-03-09,2025-03-09,False
33378,97432,204,25092,,,,,,,,9,,2:18.30,,,,,1097,True,Distance,412,903,863.5,M,False,2,2025-03-09,2025-03-09,False
33379,97433,175,25916,,,,,,,,9,,2:18.31,,,,,1097,True,Distance,411,903,862.5,M,False,2,2025-03-09,2025-03-09,False
33380,97435,188,18901,,,,,,,,9,,2:18.85,,,,,1097,True,Distance,402,895,849.5,M,False,2,2025-03-09,2025-03-09,False
33381,97436,199,18892,,,,,,,,9,,2:19.18,,,,,1097,True,Distance,396,891,841.5,M,False,2,2025-03-09,2025-03-09,False
33382,97438,196,866,,,,,,,,9,,2:19.35,,,,,1097,True,Distance,393,888,837.0,M,False,2,2025-03-09,2025-03-09,False
33383,97439,175,5003,,,,,,,,9,,2:22.14,,,,,1097,True,Distance,345,849,769.5,M,False,2,2025-03-09,2025-03-09,False
33384,97440,203,1827,,,,,,,,9,,2:22.21,,,,,1097,True,Distance,344,848,768.0,M,False,2,2025-03-09,2025-03-09,False
33385,97441,172,1837,,,,,,,,9,,2:22.23,,,,,1097,True,Distance,344,848,768.0,M,False,2,2025-03-09,2025-03-09,False
33386,97443,203,3064,,,,,,,,9,,2:23.11,,,,,1097,True,Distance,329,835,746.5,M,False,2,2025-03-09,2025-03-09,False
33387,97445,174,5733,,,,,,,,9,,2:23.77,,,,,1097,True,Distance,319,826,732.0,M,False,2,2025-03-09,2025-03-09,False
33388,97446,196,2373,,,,,,,,9,,2:27.00,,,,,1097,True,Distance,270,782,661.0,M,False,2,2025-03-09,2025-03-09,False
33389,97447,186,18259,,,,,,,,9,,2:28.98,,,,,1097,True,Distance,241,756,619.0,M,False,2,2025-03-09,2025-03-09,False
33390,97448,203,7780,,,,,,,,9,,2:30.31,,,,,1097,True,Distance,223,739,592.5,M,False,2,2025-03-09,2025-03-09,False
33391,97449,196,954,,,,,,,,9,,2:32.40,,,,,1097,True,Distance,196,712,552.0,M,False,2,2025-03-09,2025-03-09,False
33392,97450,196,946,,,,,,,,9,,2:32.71,,,,,1097,True,Distance,193,708,547.0,M,False,2,2025-03-09,2025-03-09,False
33393,97451,204,964,,,,,,,,9,,2:32.89,,,,,1097,True,Distance,190,706,543.0,M,False,2,2025-03-09,2025-03-09,False
33394,97452,204,890,,,,,,,,9,,2:33.21,,,,,1097,True,Distance,187,701,537.5,M,False,2,2025-03-09,2025-03-09,False
33395,97453,220,18570,,,,,,,,9,,2:33.46,,,,,1097,True,Distance,183,698,532.0,M,False,2,2025-03-09,2025-03-09,False
33396,97454,175,5006,,,,,,,,9,,2:34.22,,,,,1097,True,Distance,174,689,518.5,M,False,2,2025-03-09,2025-03-09,False
33397,97455,175,4999,,,,,,,,9,,2:34.57,,,,,1097,True,Distance,170,684,512.0,M,False,2,2025-03-09,2025-03-09,False
33398,97456,220,18585,,,,,,,,9,,2:34.69,,,,,1097,True,Distance,169,683,510.5,M,False,2,2025-03-09,2025-03-09,False
33399,97457,199,25008,,,,,,,,9,,2:35.11,,,,,1097,True,Distance,164,678,503.0,M,False,2,2025-03-09,2025-03-09,False
33400,97458,203,1908,,,,,,,,9,,2:35.11,,,,,1097,True,Distance,164,678,503.0,M,False,2,2025-03-09,2025-03-09,False
33401,97459,206,5130,,,,,,,,9,,2:39.36,,,,,1097,True,Distance,119,626,432.0,M,False,2,2025-03-09,2025-03-09,False
33402,97460,206,4476,,,,,,,,9,,2:41.12,,,,,1097,True,Distance,103,605,405.5,M,False,2,2025-03-09,2025-03-09,False
33403,97461,175,5002,,,,,,,,9,,2:41.15,,,,,1097,True,Distance,102,604,404.0,M,False,2,2025-03-09,2025-03-09,False
33404,97463,196,3084,,,,,,,,9,,2:43.70,,,,,1097,True,Distance,81,575,368.5,M,False,2,2025-03-09,2025-03-09,False
33405,97464,205,25270,,,,,,,,9,,2:44.15,,,,,1097,True,Distance,77,570,362.0,M,False,2,2025-03-09,2025-03-09,False
33406,97465,196,23599,,,,,,,,9,,2:47.84,,,,,1097,True,Distance,51,528,315.0,M,False,2,2025-03-09,2025-03-09,False
33407,97466,196,2371,,,,,,,,9,,2:49.07,,,,,1097,True,Distance,43,515,300.5,M,False,2,2025-03-09,2025-03-09,False
33408,97467,204,2142,,,,,,,,9,,2:51.09,,,,,1097,True,Distance,32,493,278.5,M,False,2,2025-03-09,2025-03-09,False
33409,97468,188,25888,,,,,,,,9,,2:52.08,,,,,1097,True,Distance,28,483,269.5,M,False,2,2025-03-09,2025-03-09,False
33410,97469,178,4330,,,,,,,,9,,3:02.26,,,,,1097,True,Distance,0,382,191.0,M,False,2,2025-03-09,2025-03-09,False
33421,97444,205,25793,,,,,,,,9,,2:23.14,,,,,1097,True,Distance,329,835,746.5,M,False,2,2025-03-09,2025-03-09,False
33422,97400,204,897,,,,,,,,9,,2:00.46,,,,,1097,True,Distance,796,1178,1385.0,M,False,2,2025-03-09,2025-03-09,False
33424,97421,203,22570,,,,,,,,9,,2:12.51,,,,,1097,True,Distance,523,988,1017.0,M,False,2,2025-03-09,2025-03-09,False
33425,97437,205,19641,,,,,,,,9,,2:19.26,,,,,1097,True,Distance,394,889,838.5,M,False,2,2025-03-09,2025-03-09,False
33426,97462,203,3231,,,,,,,,9,,2:42.59,,,,,1097,True,Distance,90,588,384.0,M,False,2,2025-03-09,2025-03-09,False
33427,97434,188,909,,,,,,,,9,,2:18.69,,,,,1097,True,Distance,405,898,854.0,M,False,2,2025-03-09,2025-03-09,False
33428,97442,188,950,,,,,,,,9,,2:22.51,,,,,1097,True,Distance,339,844,761.0,M,False,2,2025-03-09,2025-03-09,False
33513,97574,203,1809,,,,,,,,13,,4:26.12,,,,,1097,True,Distance,777,1147,1350.5,M,False,2,2025-03-09,2025-03-09,False
33514,97575,178,18866,,,,,,,,13,,4:27.96,,,,,1097,True,Distance,758,1134,1325.0,M,False,2,2025-03-09,2025-03-09,False
33515,97576,178,1815,,,,,,,,13,,4:28.19,,,,,1097,True,Distance,756,1132,1322.0,M,False,2,2025-03-09,2025-03-09,False
33516,97577,203,1835,,,,,,,,13,,4:28.77,,,,,1097,True,Distance,750,1128,1314.0,M,False,2,2025-03-09,2025-03-09,False
33517,97578,204,25920,,,,,,,,13,,4:28.89,,,,,1097,True,Distance,749,1127,1312.5,M,False,2,2025-03-09,2025-03-09,False
33518,97579,203,2113,,,,,,,,13,,4:30.02,,,,,1097,True,Distance,737,1119,1296.5,M,False,2,2025-03-09,2025-03-09,False
33519,97580,172,1810,,,,,,,,13,,4:31.32,,,,,1097,True,Distance,724,1109,1278.5,M,False,2,2025-03-09,2025-03-09,False
33520,97581,188,885,,,,,,,,13,,4:34.41,,,,,1097,True,Distance,693,1087,1236.5,M,False,2,2025-03-09,2025-03-09,False
33521,97582,188,25000,,,,,,,,13,,4:34.45,,,,,1097,True,Distance,693,1087,1236.5,M,False,2,2025-03-09,2025-03-09,False
33522,97583,174,2116,,,,,,,,13,,4:34.78,,,,,1097,True,Distance,690,1085,1232.5,M,False,2,2025-03-09,2025-03-09,False
33523,97584,178,1824,,,,,,,,13,,4:38.32,,,,,1097,True,Distance,655,1060,1185.0,M,False,2,2025-03-09,2025-03-09,False
33524,97585,203,18875,,,,,,,,13,,4:38.49,,,,,1097,True,Distance,653,1059,1182.5,M,False,2,2025-03-09,2025-03-09,False
33525,97586,174,1856,,,,,,,,13,,4:38.64,,,,,1097,True,Distance,652,1057,1180.5,M,False,2,2025-03-09,2025-03-09,False
33526,97587,186,5010,,,,,,,,13,,4:38.89,,,,,1097,True,Distance,650,1056,1178.0,M,False,2,2025-03-09,2025-03-09,False
33527,97588,174,18870,,,,,,,,13,,4:39.53,,,,,1097,True,Distance,644,1051,1169.5,M,False,2,2025-03-09,2025-03-09,False
33542,97590,178,1818,,,,,,,,13,,4:40.21,,,,,1097,True,Distance,637,1046,1160.0,M,False,2,2025-03-09,2025-03-09,False
33543,97591,204,1876,,,,,,,,13,,4:40.51,,,,,1097,True,Distance,634,1044,1156.0,M,False,2,2025-03-09,2025-03-09,False
33544,97592,204,18562,,,,,,,,13,,4:40.52,,,,,1097,True,Distance,634,1044,1156.0,M,False,2,2025-03-09,2025-03-09,False
33545,97593,204,874,,,,,,,,13,,4:40.81,,,,,1097,True,Distance,631,1042,1152.0,M,False,2,2025-03-09,2025-03-09,False
33546,97595,172,1814,,,,,,,,13,,4:42.21,,,,,1097,True,Distance,618,1033,1134.5,M,False,2,2025-03-09,2025-03-09,False
33547,97597,204,18561,,,,,,,,13,,4:48.28,,,,,1097,True,Distance,563,991,1058.5,M,False,2,2025-03-09,2025-03-09,False
33548,97598,204,18564,,,,,,,,13,,4:50.00,,,,,1097,True,Distance,548,979,1037.5,M,False,2,2025-03-09,2025-03-09,False
33549,97599,203,1844,,,,,,,,13,,4:51.59,,,,,1097,True,Distance,534,968,1018.0,M,False,2,2025-03-09,2025-03-09,False
33550,97600,188,882,,,,,,,,13,,4:52.28,,,,,1097,True,Distance,528,964,1010.0,M,False,2,2025-03-09,2025-03-09,False
33551,97601,180,2110,,,,,,,,13,,4:53.47,,,,,1097,True,Distance,518,956,996.0,M,False,2,2025-03-09,2025-03-09,False
33552,97602,178,1853,,,,,,,,13,,4:53.51,,,,,1097,True,Distance,517,956,995.0,M,False,2,2025-03-09,2025-03-09,False
33553,97603,220,23583,,,,,,,,13,,4:54.81,,,,,1097,True,Distance,506,947,979.5,M,False,2,2025-03-09,2025-03-09,False
33554,97604,203,1858,,,,,,,,13,,4:54.87,,,,,1097,True,Distance,506,947,979.5,M,False,2,2025-03-09,2025-03-09,False
33555,97605,196,891,,,,,,,,13,,4:56.13,,,,,1097,True,Distance,495,938,964.0,M,False,2,2025-03-09,2025-03-09,False
33556,97606,204,922,,,,,,,,13,,4:57.18,,,,,1097,True,Distance,487,931,952.5,M,False,2,2025-03-09,2025-03-09,False
33557,97607,203,2109,,,,,,,,13,,4:57.88,,,,,1097,True,Distance,481,927,944.5,M,False,2,2025-03-09,2025-03-09,False
33558,97608,220,18571,,,,,,,,13,,4:58.63,,,,,1097,True,Distance,475,922,936.0,M,False,2,2025-03-09,2025-03-09,False
33559,97609,204,19631,,,,,,,,13,,4:59.34,,,,,1097,True,Distance,469,917,927.5,M,False,2,2025-03-09,2025-03-09,False
33560,97611,203,1855,,,,,,,,13,,5:02.27,,,,,1097,True,Distance,445,898,894.0,M,False,2,2025-03-09,2025-03-09,False
33561,97612,203,22572,,,,,,,,13,,5:03.05,,,,,1097,True,Distance,439,893,885.5,M,False,2,2025-03-09,2025-03-09,False
33562,97613,174,5732,,,,,,,,13,,5:04.85,,,,,1097,True,Distance,425,881,865.5,M,False,2,2025-03-09,2025-03-09,False
33563,97614,174,5733,,,,,,,,13,,5:05.00,,,,,1097,True,Distance,424,880,864.0,M,False,2,2025-03-09,2025-03-09,False
33564,97615,203,5033,,,,,,,,13,,5:05.49,,,,,1097,True,Distance,420,877,858.5,M,False,2,2025-03-09,2025-03-09,False
33565,97616,188,936,,,,,,,,13,,5:07.10,,,,,1097,True,Distance,408,867,841.5,M,False,2,2025-03-09,2025-03-09,False
33566,97617,203,18874,,,,,,,,13,,5:07.13,,,,,1097,True,Distance,408,867,841.5,M,False,2,2025-03-09,2025-03-09,False
33567,97618,180,25921,,,,,,,,13,,5:07.22,,,,,1097,True,Distance,407,866,840.0,M,False,2,2025-03-09,2025-03-09,False
33568,97619,203,1883,,,,,,,,13,,5:08.52,,,,,1097,True,Distance,397,858,826.0,M,False,2,2025-03-09,2025-03-09,False
33569,97620,203,2124,,,,,,,,13,,5:08.76,,,,,1097,True,Distance,396,857,824.5,M,False,2,2025-03-09,2025-03-09,False
33570,97621,196,913,,,,,,,,13,,5:08.85,,,,,1097,True,Distance,395,856,823.0,M,False,2,2025-03-09,2025-03-09,False
33571,97622,188,18878,,,,,,,,13,,5:09.36,,,,,1097,True,Distance,391,853,817.5,M,False,2,2025-03-09,2025-03-09,False
33572,97623,204,890,,,,,,,,13,,5:09.75,,,,,1097,True,Distance,388,850,813.0,M,False,2,2025-03-09,2025-03-09,False
33573,97624,196,19624,,,,,,,,13,,5:12.42,,,,,1097,True,Distance,369,834,786.0,M,False,2,2025-03-09,2025-03-09,False
33574,97625,203,18877,,,,,,,,13,,5:12.70,,,,,1097,True,Distance,367,832,783.0,M,False,2,2025-03-09,2025-03-09,False
33575,97626,172,18885,,,,,,,,13,,5:12.85,,,,,1097,True,Distance,366,831,781.5,M,False,2,2025-03-09,2025-03-09,False
33576,97627,186,25922,,,,,,,,13,,5:13.07,,,,,1097,True,Distance,364,830,779.0,M,False,2,2025-03-09,2025-03-09,False
33577,97628,196,2359,,,,,,,,13,,5:13.42,,,,,1097,True,Distance,362,827,775.5,M,False,2,2025-03-09,2025-03-09,False
33578,97629,188,944,,,,,,,,13,,5:14.61,,,,,1097,True,Distance,353,820,763.0,M,False,2,2025-03-09,2025-03-09,False
33579,97630,196,25915,,,,,,,,13,,5:14.86,,,,,1097,True,Distance,351,818,760.0,M,False,2,2025-03-09,2025-03-09,False
33580,97631,204,18581,,,,,,,,13,,5:15.04,,,,,1097,True,Distance,350,817,758.5,M,False,2,2025-03-09,2025-03-09,False
33581,97632,204,18577,,,,,,,,13,,5:15.32,,,,,1097,True,Distance,348,816,756.0,M,False,2,2025-03-09,2025-03-09,False
33582,97633,174,25256,,,,,,,,13,,5:15.46,,,,,1097,True,Distance,347,815,754.5,M,False,2,2025-03-09,2025-03-09,False
33602,97634,180,2130,,,,,,,,13,,5:16.12,,,,,1097,True,Distance,343,811,748.5,M,False,2,2025-03-09,2025-03-09,False
33603,97635,172,1901,,,,,,,,13,,5:16.40,,,,,1097,True,Distance,341,809,745.5,M,False,2,2025-03-09,2025-03-09,False
33606,97596,204,872,,,,,,,,13,,4:43.75,,,,,1097,True,Distance,604,1022,1115.0,M,False,2,2025-03-09,2025-03-09,False
33607,97589,204,930,,,,,,,,13,,4:40.05,,,,,1097,True,Distance,639,1048,1163.0,M,False,2,2025-03-09,2025-03-09,False
33608,97594,188,878,,,,,,,,13,,4:41.08,,,,,1097,True,Distance,629,1040,1149.0,M,False,2,2025-03-09,2025-03-09,False
33609,97610,178,1869,,,,,,,,13,,5:01.14,,,,,1097,True,Distance,454,905,906.5,M,False,2,2025-03-09,2025-03-09,False
33714,97636,203,19637,,,,,,,,13,,5:16.47,,,,,1097,True,Distance,340,809,744.5,M,False,2,2025-03-09,2025-03-09,False
33745,97637,203,1859,,,,,,,,13,,5:17.13,,,,,1097,True,Distance,336,804,738.0,M,False,2,2025-03-09,2025-03-09,False
33816,97652,206,25790,,,,,,,,13,,5:35.36,,,,,1097,True,Distance,222,697,570.5,M,False,2,2025-03-09,2025-03-09,False
33829,97638,220,18583,,,,,,,,13,,5:17.90,,,,,1097,True,Distance,330,800,730.0,M,False,2,2025-03-09,2025-03-09,False
33830,97639,203,1827,,,,,,,,13,,5:18.78,,,,,1097,True,Distance,324,794,721.0,M,False,2,2025-03-09,2025-03-09,False
33831,97640,203,18895,,,,,,,,13,,5:19.02,,,,,1097,True,Distance,323,793,719.5,M,False,2,2025-03-09,2025-03-09,False
33832,97642,203,1900,,,,,,,,13,,5:21.31,,,,,1097,True,Distance,308,779,697.5,M,False,2,2025-03-09,2025-03-09,False
33833,97643,203,1894,,,,,,,,13,,5:21.61,,,,,1097,True,Distance,306,777,694.5,M,False,2,2025-03-09,2025-03-09,False
33834,97645,204,5038,,,,,,,,13,,5:26.49,,,,,1097,True,Distance,274,748,648.0,M,False,2,2025-03-09,2025-03-09,False
33835,97646,178,3082,,,,,,,,13,,5:26.54,,,,,1097,True,Distance,274,748,648.0,M,False,2,2025-03-09,2025-03-09,False
33836,97647,196,2373,,,,,,,,13,,5:29.97,,,,,1097,True,Distance,253,728,617.0,M,False,2,2025-03-09,2025-03-09,False
33837,97648,175,4999,,,,,,,,13,,5:31.68,,,,,1097,True,Distance,243,718,602.0,M,False,2,2025-03-09,2025-03-09,False
33838,97649,220,18585,,,,,,,,13,,5:31.95,,,,,1097,True,Distance,242,716,600.0,M,False,2,2025-03-09,2025-03-09,False
33839,97651,180,1831,,,,,,,,13,,5:33.75,,,,,1097,True,Distance,231,706,584.0,M,False,2,2025-03-09,2025-03-09,False
33840,97653,172,1837,,,,,,,,13,,5:36.11,,,,,1097,True,Distance,218,692,564.0,M,False,2,2025-03-09,2025-03-09,False
33841,97654,203,1908,,,,,,,,13,,5:39.14,,,,,1097,True,Distance,201,675,538.5,M,False,2,2025-03-09,2025-03-09,False
33842,97655,175,5006,,,,,,,,13,,5:41.58,,,,,1097,True,Distance,189,662,520.0,M,False,2,2025-03-09,2025-03-09,False
33843,97656,196,18569,,,,,,,,13,,5:47.89,,,,,1097,True,Distance,158,627,471.5,M,False,2,2025-03-09,2025-03-09,False
33844,97657,206,5130,,,,,,,,13,,5:48.76,,,,,1097,True,Distance,153,622,464.0,M,False,2,2025-03-09,2025-03-09,False
33845,97658,220,18570,,,,,,,,13,,5:48.92,,,,,1097,True,Distance,153,622,464.0,M,False,2,2025-03-09,2025-03-09,False
33846,97659,203,7780,,,,,,,,13,,5:50.73,,,,,1097,True,Distance,144,612,450.0,M,False,2,2025-03-09,2025-03-09,False
33847,97661,175,5002,,,,,,,,13,,5:53.24,,,,,1097,True,Distance,133,598,432.0,M,False,2,2025-03-09,2025-03-09,False
33848,97662,204,964,,,,,,,,13,,6:02.72,,,,,1097,True,Distance,95,549,369.5,M,False,2,2025-03-09,2025-03-09,False
33849,97663,196,954,,,,,,,,13,,6:05.04,,,,,1097,True,Distance,87,538,356.0,M,False,2,2025-03-09,2025-03-09,False
33850,97664,196,3084,,,,,,,,13,,6:08.37,,,,,1097,True,Distance,76,521,336.5,M,False,2,2025-03-09,2025-03-09,False
33851,97665,206,4476,,,,,,,,13,,6:10.38,,,,,1097,True,Distance,69,511,324.5,M,False,2,2025-03-09,2025-03-09,False
33852,97666,196,946,,,,,,,,13,,6:14.30,,,,,1097,True,Distance,58,492,304.0,M,False,2,2025-03-09,2025-03-09,False
33853,97667,199,25008,,,,,,,,13,,6:22.95,,,,,1097,True,Distance,36,452,262.0,M,False,2,2025-03-09,2025-03-09,False
33854,97668,178,4330,,,,,,,,13,,6:27.27,,,,,1097,True,Distance,26,432,242.0,M,False,2,2025-03-09,2025-03-09,False
33855,97669,196,2371,,,,,,,,13,,6:29.32,,,,,1097,True,Distance,23,423,234.5,M,False,2,2025-03-09,2025-03-09,False
33856,97670,196,23599,,,,,,,,13,,6:31.56,,,,,1097,True,Distance,19,413,225.5,M,False,2,2025-03-09,2025-03-09,False
33857,97671,204,2142,,,,,,,,13,,6:38.84,,,,,1097,True,Distance,9,382,200.0,M,False,2,2025-03-09,2025-03-09,False
33858,97672,180,25925,,,,,,,,13,,6:58.84,,,,,1097,True,Distance,0,302,151.0,M,False,2,2025-03-09,2025-03-09,False
33859,97673,188,25888,,,,,,,,13,,7:14.09,,,,,1097,True,Distance,0,247,123.5,M,False,2,2025-03-09,2025-03-09,False
33901,97641,203,25778,,,,,,,,13,,5:19.47,,,,,1097,True,Distance,320,790,715.0,M,False,2,2025-03-09,2025-03-09,False
33902,97644,203,2119,,,,,,,,13,,5:23.19,,,,,1097,True,Distance,295,768,679.0,M,False,2,2025-03-09,2025-03-09,False
33903,97650,205,19641,,,,,,,,13,,5:31.99,,,,,1097,True,Distance,241,716,599.0,M,False,2,2025-03-09,2025-03-09,False
33904,97660,203,3231,,,,,,,,13,,5:50.81,,,,,1097,True,Distance,144,611,449.5,M,False,2,2025-03-09,2025-03-09,False
34557,96815,220,18590,,,,,,,,9,,02:29.50,,,,,1090,True,Distance,234,749,608.5,M,False,2,2025-03-02,2025-03-02,False
34739,97980,206,5130,,,,,,,,17,,19:04.10,,,,,1090,True,Distance,253,753,629.5,M,False,2,2025-03-02,2025-03-02,False
34743,97985,220,26019,,,,,,,,17,,20:03.90,,,,,1090,True,Distance,161,662,492.0,M,False,2,2025-03-02,2025-03-02,False
34744,97986,203,1908,,,,,,,,17,,20:31.60,,,,,1090,True,Distance,125,622,436.0,M,False,2,2025-03-02,2025-03-02,False
34747,97989,203,1855,,,,,,,,17,,21:23.70,,,,,1090,True,Distance,70,549,344.5,M,False,2,2025-03-02,2025-03-02,False
34748,97983,203,3231,,,,,,,,17,,20:00.00,,,,,1090,True,Distance,167,668,501.0,M,False,2,2025-03-02,2025-03-02,False
34762,97990,203,2119,,,,,,,,17,,21:23.70,,,,,1090,True,Distance,70,549,344.5,M,False,2,2025-03-02,2025-03-02,False
34878,96747,220,18583,,,,,,,,13,,05:24.00,,,,,1090,True,Distance,290,763,671.5,M,False,2,2025-03-02,2025-03-02,False
34888,96754,220,18579,,,,,,,,13,,05:31.10,,,,,1090,True,Distance,247,721,607.5,M,False,2,2025-03-02,2025-03-02,False
34974,96764,220,18578,,,,,,,,13,,05:42.10,,,,,1090,True,Distance,186,659,515.5,M,False,2,2025-03-02,2025-03-02,False
34991,96770,220,19654,,,,,,,,13,,05:51.30,,,,,1090,True,Distance,142,609,446.5,M,False,2,2025-03-02,2025-03-02,False
35259,96800,220,18571,,,,,,,,9,,02:09.40,,,,,1090,True,Distance,588,1036,1106.0,M,False,2,2025-03-02,2025-03-02,False
35261,96805,220,18585,,,,,,,,9,,02:15.00,,,,,1090,True,Distance,473,951,948.5,M,False,2,2025-03-02,2025-03-02,False
35407,88067,202,23581,,,,,,,,14,,9:51.95,,,,,842,True,Distance,512,957,990.5,M,False,2,2024-12-06,2024-12-06,False
35514,88042,202,24361,,,,,,,,13,,6:45.06,,,,,842,True,Distance,3,356,181.0,M,False,2,2024-12-06,2024-12-06,False
35587,97960,203,1809,,,,,,,,17,,15:30.80,,,,,1090,True,Distance,751,1127,1314.5,M,False,2,2025-03-02,2025-03-02,False
35588,97961,204,868,,,,,,,,17,,15:49.00,,,,,1090,True,Distance,699,1092,1245.0,M,False,2,2025-03-02,2025-03-02,False
35589,97964,174,18250,,,,,,,,17,,16:38.70,,,,,1090,True,Distance,564,1000,1064.0,M,False,2,2025-03-02,2025-03-02,False
35590,97965,204,1876,,,,,,,,17,,16:51.20,,,,,1090,True,Distance,533,978,1022.0,M,False,2,2025-03-02,2025-03-02,False
35591,97966,204,874,,,,,,,,17,,16:56.90,,,,,1090,True,Distance,519,967,1002.5,M,False,2,2025-03-02,2025-03-02,False
35592,97967,175,5007,,,,,,,,17,,16:58.80,,,,,1090,True,Distance,514,964,996.0,M,False,2,2025-03-02,2025-03-02,False
35593,97968,178,1853,,,,,,,,17,,17:08.00,,,,,1090,True,Distance,492,948,966.0,M,False,2,2025-03-02,2025-03-02,False
35594,97969,204,18559,,,,,,,,17,,17:18.30,,,,,1090,True,Distance,467,929,931.5,M,False,2,2025-03-02,2025-03-02,False
35595,97970,203,22572,,,,,,,,17,,17:28.10,,,,,1090,True,Distance,445,912,901.0,M,False,2,2025-03-02,2025-03-02,False
35596,97971,203,1827,,,,,,,,17,,17:35.40,,,,,1090,True,Distance,428,900,878.0,M,False,2,2025-03-02,2025-03-02,False
35597,97972,203,2124,,,,,,,,17,,17:47.10,,,,,1090,True,Distance,403,880,843.0,M,False,2,2025-03-02,2025-03-02,False
35598,97973,203,5033,,,,,,,,17,,17:57.60,,,,,1090,True,Distance,380,862,811.0,M,False,2,2025-03-02,2025-03-02,False
35599,97974,204,18563,,,,,,,,17,,18:17.00,,,,,1090,True,Distance,341,829,755.5,M,False,2,2025-03-02,2025-03-02,False
35600,97975,203,2141,,,,,,,,17,,18:24.80,,,,,1090,True,Distance,325,817,733.5,M,False,2,2025-03-02,2025-03-02,False
35601,97976,204,924,,,,,,,,17,,18:26.50,,,,,1090,True,Distance,322,814,729.0,M,False,2,2025-03-02,2025-03-02,False
35602,97977,203,1883,,,,,,,,17,,18:32.30,,,,,1090,True,Distance,311,804,713.0,M,False,2,2025-03-02,2025-03-02,False
35626,97962,204,872,,,,,,,,17,,16:05.80,,,,,1090,True,Distance,652,1061,1182.5,M,False,2,2025-03-02,2025-03-02,False
35627,97963,203,25776,,,,,,,,17,,16:24.80,,,,,1090,True,Distance,600,1026,1113.0,M,False,2,2025-03-02,2025-03-02,False
35862,88043,202,5726,,,,,,,,13,,5:15.96,,,,,842,True,Distance,344,812,750.0,M,False,2,2024-12-06,2024-12-06,False
35872,88053,202,24367,,,,,,,,9,,2:26.52,,,,,842,True,Distance,277,789,671.5,M,False,2,2024-12-06,2024-12-06,False
36068,88083,1,24374,,,,,,,,9,,2:01.83,,,,,843,True,Distance,762,1155,1339.5,M,False,2,2024-12-06,2024-12-06,False
36069,88084,1,18736,,,,,,,,9,,2:02.45,,,,,843,True,Distance,747,1145,1319.5,M,False,2,2024-12-06,2024-12-06,False
36070,88085,1,7,Jr,,,,,,,9,,2:02.68,,,,,843,True,Distance,742,1142,1313.0,M,False,2,2024-12-06,2024-12-06,False
36071,88086,1,2,Jr,,,,,,,14,,8:19.53,,,,,843,True,Distance,964,1270,1599.0,M,False,2,2024-12-06,2024-12-06,False
36072,88087,1,3522,So,7.0,,18736.0,,24374.0,,24,,3:38.05,,,,,843,True,Relays,727,1096,1275.0,M,False,2,2024-12-06,2024-12-06,False
36485,88091,127,3634,,,,,,,,14,,10:51.67,,,,,844,True,Distance,295,778,684.0,M,False,2,2024-12-06,2024-12-06,False
36499,88105,107,23473,,,,,,,,13,,4:28.71,,,,,844,True,Distance,751,1128,1315.0,M,False,2,2024-12-06,2024-12-06,False
36830,88106,107,24385,,,,,,,,13,,4:33.86,,,,,844,True,Distance,699,1091,1244.5,M,False,2,2024-12-06,2024-12-06,False
36831,88107,127,19419,,,,,,,,13,,5:10.50,,,,,844,True,Distance,383,846,806.0,M,False,2,2024-12-06,2024-12-06,False
36832,88108,127,3634,,,,,,,,13,,5:33.11,,,,,844,True,Distance,235,710,590.0,M,False,2,2024-12-06,2024-12-06,False
36838,88114,107,3620,,,,,,,,9,,2:00.77,,,,,844,True,Distance,788,1173,1374.5,M,False,2,2024-12-06,2024-12-06,False
36846,88122,127,4516,,24388.0,,4936.0,,24387.0,,24,,3:42.14,,,,,844,True,Relays,679,1062,1210.0,M,False,2,2024-12-06,2024-12-06,False
36871,88136,56,8041,,,,,,,,13,,4:36.30,,,,,845,True,Distance,675,1074,1212.0,M,False,2,2024-12-07,2024-12-07,False
36872,88137,56,3804,,,,,,,,13,,4:38.12,,,,,845,True,Distance,657,1061,1187.5,M,False,2,2024-12-07,2024-12-07,False
36873,88138,56,8059,,,,,,,,13,,4:47.13,,,,,845,True,Distance,573,999,1072.5,M,False,2,2024-12-07,2024-12-07,False
36874,88139,56,8095,,,,,,,,13,,5:02.91,,,,,845,True,Distance,440,894,887.0,M,False,2,2024-12-07,2024-12-07,False
36893,88158,56,24404,,,,,,,,14,,11:49.32,,,,,845,True,Distance,142,623,453.5,M,False,2,2024-12-07,2024-12-07,False
36894,88159,56,24401,,3415.0,,24402.0,,24403.0,,24,,3:38.48,,,,,845,True,Relays,721,1092,1267.0,M,False,2,2024-12-07,2024-12-07,False
36939,88174,118,11303,So,,,,,,,13,,4:46.40,,,,,848,True,Distance,580,1004,1082.0,M,False,2,2024-12-06,2024-12-06,False
36940,88175,118,3887,So,,,,,,,13,,4:56.07,,,,,848,True,Distance,496,939,965.5,M,False,2,2024-12-06,2024-12-06,False
36941,88176,118,11323,Fr,,,,,,,13,,5:24.41,,,,,848,True,Distance,287,760,667.0,M,False,2,2024-12-06,2024-12-06,False
36942,88177,118,3885,Jr,,,,,,,13,,6:37.99,,,,,848,True,Distance,10,385,202.5,M,False,2,2024-12-06,2024-12-06,False
36970,88206,124,2858,Gr,,,,,,,9,,1:58.48,,,,,848,True,Distance,847,1211,1452.5,M,False,2,2024-12-06,2024-12-06,False
36971,88207,124,11306,,,,,,,,9,,2:02.65,,,,,848,True,Distance,742,1142,1313.0,M,False,2,2024-12-06,2024-12-06,False
36972,88208,124,24421,Fr,,,,,,,9,,2:03.08,,,,,848,True,Distance,732,1135,1299.5,M,False,2,2024-12-06,2024-12-06,False
36973,88209,124,19418,,,,,,,,9,,2:04.43,,,,,848,True,Distance,700,1114,1257.0,M,False,2,2024-12-06,2024-12-06,False
36974,88210,124,21241,,,,,,,,9,,2:18.96,,,,,848,True,Distance,400,894,847.0,M,False,2,2024-12-06,2024-12-06,False
36975,88211,124,2858,Gr,,,,,,,13,,4:18.49,,,,,848,True,Distance,859,1204,1461.0,M,False,2,2024-12-06,2024-12-06,False
36976,88212,124,2860,Jr,,,,,,,13,,4:33.40,,,,,848,True,Distance,703,1095,1250.5,M,False,2,2024-12-06,2024-12-06,False
36977,88213,124,2045,,,,,,,,13,,4:45.01,,,,,848,True,Distance,593,1013,1099.5,M,False,2,2024-12-06,2024-12-06,False
36978,88214,124,11308,,,,,,,,13,,4:46.99,,,,,848,True,Distance,575,1000,1075.0,M,False,2,2024-12-06,2024-12-06,False
36979,88215,124,24421,Fr,,,,,,,13,,4:47.71,,,,,848,True,Distance,568,995,1065.5,M,False,2,2024-12-06,2024-12-06,False
36980,88216,124,19411,Fr,,,,,,,13,,4:50.17,,,,,848,True,Distance,546,978,1035.0,M,False,2,2024-12-06,2024-12-06,False
36981,88217,124,23476,,,,,,,,13,,5:07.52,,,,,848,True,Distance,405,864,837.0,M,False,2,2024-12-06,2024-12-06,False
36982,88218,124,2874,,,,,,,,13,,5:26.01,,,,,848,True,Distance,277,751,652.5,M,False,2,2024-12-06,2024-12-06,False
36983,88219,124,21241,,,,,,,,13,,5:37.98,,,,,848,True,Distance,208,682,549.0,M,False,2,2024-12-06,2024-12-06,False
37276,88261,204,18564,,,,,,,,9,,2:15.32,,,,,849,True,Distance,467,947,940.5,M,False,2,2024-12-07,2024-12-07,False
37277,88263,204,24439,,,,,,,,13,,5:56.54,,,,,849,True,Distance,119,581,409.5,M,False,2,2024-12-07,2024-12-07,False
37278,88264,204,18563,,,,,,,,14,,10:28.79,,,,,849,True,Distance,371,845,793.5,M,False,2,2024-12-07,2024-12-07,False
37281,88267,204,3604,,23591.0,,24440.0,,24427.0,,22,,1:38.10,,,,,849,True,Relays,657,1071,1192.5,M,False,2,2024-12-07,2024-12-07,False
37282,88270,204,23591,,18581.0,,23593.0,,19627.0,,24,,4:04.49,,,,,849,True,Relays,445,889,889.5,M,False,2,2024-12-07,2024-12-07,False
37296,88284,205,18115,Jr,,,,,,,13,,5:19.65,,,,,850,True,Distance,319,789,713.5,M,False,2,2024-12-08,2024-12-08,False
37297,88285,205,19649,Fr,,,,,,,13,,5:37.29,,,,,850,True,Distance,211,686,554.0,M,False,2,2024-12-08,2024-12-08,False
37298,88286,205,19656,Fr,,,,,,,13,,6:07.01,,,,,850,True,Distance,80,528,344.0,M,False,2,2024-12-08,2024-12-08,False
37299,88287,205,19666,Fr,,,,,,,13,,6:16.01,,,,,850,True,Distance,53,484,295.0,M,False,2,2024-12-08,2024-12-08,False
37300,88288,205,3559,So,,,,,,,13,,6:32.28,,,,,850,True,Distance,18,410,223.0,M,False,2,2024-12-08,2024-12-08,False
37304,88292,205,24444,,24442.0,,24445.0,,24449.0,,22,,1:36.19,,,,,850,True,Relays,712,1107,1265.5,M,False,2,2024-12-08,2024-12-08,False
37305,88293,205,24447,,4487.0,,24448.0,,2145.0,,22,,1:40.04,,,,,850,True,Relays,602,1035,1119.5,M,False,2,2024-12-08,2024-12-08,False
37317,88305,188,926,,,,,,,,9,,2:12.21,,,,,850,True,Distance,529,993,1025.5,M,False,2,2024-12-08,2024-12-08,False
37318,88306,188,18901,,,,,,,,9,,2:18.75,,,,,850,True,Distance,404,897,852.5,M,False,2,2024-12-08,2024-12-08,False
37319,88307,188,885,,,,,,,,10,,2:34.71,,,,,850,True,Distance,828,1197,1426.5,M,False,2,2024-12-08,2024-12-08,False
37320,88308,188,3543,,,,,,,,10,,2:40.81,,,,,850,True,Distance,714,1120,1274.0,M,False,2,2024-12-08,2024-12-08,False
37321,88309,188,18879,,,,,,,,10,,2:48.45,,,,,850,True,Distance,582,1026,1095.0,M,False,2,2024-12-08,2024-12-08,False
37322,88310,188,24451,,,,,,,,10,,2:59.37,,,,,850,True,Distance,418,900,868.0,M,False,2,2024-12-08,2024-12-08,False
37323,88311,188,24452,,,,,,,,10,,3:03.56,,,,,850,True,Distance,362,854,789.0,M,False,2,2024-12-08,2024-12-08,False
37324,88313,188,24452,,,,,,,,13,,4:58.65,,,,,850,True,Distance,475,922,936.0,M,False,2,2024-12-08,2024-12-08,False
37325,88314,188,18878,,,,,,,,13,,5:02.10,,,,,850,True,Distance,447,899,896.5,M,False,2,2024-12-08,2024-12-08,False
37326,88315,188,5013,,,,,,,,14,,9:45.46,,,,,850,True,Distance,539,978,1028.0,M,False,2,2024-12-08,2024-12-08,False
37327,88318,188,24450,,3549.0,,3551.0,,3541.0,,22,,1:35.62,,,,,850,True,Relays,729,1118,1288.0,M,False,2,2024-12-08,2024-12-08,False
37338,88269,204,18564,,964.0,,930.0,,24441.0,,24,,3:56.43,,,,,849,True,Relays,524,949,998.5,M,False,2,2024-12-07,2024-12-07,False
37340,88268,204,24434,,3607.0,,24437.0,,24435.0,,24,,3:44.45,,,,,849,True,Relays,652,1044,1174.0,M,False,2,2024-12-07,2024-12-07,False
37341,88316,188,909,,,,,,,,14,,9:55.88,,,,,850,True,Distance,495,945,967.5,M,False,2,2024-12-08,2024-12-08,False
37342,88321,188,5013,,909.0,,18878.0,,18901.0,,24,,4:07.02,,,,,850,True,Relays,422,870,857.0,M,False,2,2024-12-08,2024-12-08,False
37343,88312,188,950,,,,,,,,10,,3:11.92,,,,,850,True,Distance,263,765,645.5,M,False,2,2024-12-08,2024-12-08,False
37348,88320,188,3543,,24452.0,,950.0,,880.0,,24,,3:56.86,,,,,850,True,Relays,520,946,993.0,M,False,2,2024-12-08,2024-12-08,False
37349,88319,188,885,,18879.0,,1863.0,,876.0,,24,,3:34.65,,,,,850,True,Relays,768,1124,1330.0,M,False,2,2024-12-08,2024-12-08,False
37355,88341,79,2575,,,,,,,,14,,9:59.66,,,,,851,True,Distance,480,933,946.5,M,False,2,2024-12-08,2024-12-08,False
37365,88340,88,521,Jr,,,,,,,13,,4:30.73,,,,,851,True,Distance,730,1114,1287.0,M,False,2,2024-12-08,2024-12-08,False
37379,88354,166,24463,,,,,,,,13,,4:58.08,,,,,852,True,Distance,479,925,941.5,M,False,2,2024-12-08,2024-12-08,False
37380,88355,166,4726,,,,,,,,13,,4:58.59,,,,,852,True,Distance,475,922,936.0,M,False,2,2024-12-08,2024-12-08,False
37381,88356,166,19390,,,,,,,,13,,5:07.38,,,,,852,True,Distance,406,865,838.5,M,False,2,2024-12-08,2024-12-08,False
37382,88357,166,24464,,,,,,,,13,,5:12.41,,,,,852,True,Distance,369,834,786.0,M,False,2,2024-12-08,2024-12-08,False
37383,88358,166,19393,,,,,,,,13,,5:40.10,,,,,852,True,Distance,196,670,531.0,M,False,2,2024-12-08,2024-12-08,False
37388,88373,166,24467,,,,,,,,9,,2:03.98,,,,,852,True,Distance,710,1121,1270.5,M,False,2,2024-12-08,2024-12-08,False
37389,88374,166,3596,,,,,,,,9,,2:05.47,,,,,852,True,Distance,676,1097,1224.5,M,False,2,2024-12-08,2024-12-08,False
37390,88375,166,4726,,,,,,,,9,,2:14.12,,,,,852,True,Distance,490,964,972.0,M,False,2,2024-12-08,2024-12-08,False
37391,88376,166,20441,,,,,,,,9,,2:19.27,,,,,852,True,Distance,394,889,838.5,M,False,2,2024-12-08,2024-12-08,False
37392,88377,166,19398,,,,,,,,9,,2:26.58,,,,,852,True,Distance,276,788,670.0,M,False,2,2024-12-08,2024-12-08,False
37393,88378,166,4728,,,,,,,,9,,2:30.49,,,,,852,True,Distance,221,736,589.0,M,False,2,2024-12-08,2024-12-08,False
37434,88392,166,24470,,3595.0,,4726.0,,20441.0,,24,,3:51.90,,,,,852,True,Relays,571,985,1063.5,M,False,2,2024-12-08,2024-12-08,False
37435,88393,166,3590,,24471.0,,4728.0,,24458.0,,24,,3:58.97,,,,,852,True,Relays,499,930,964.0,M,False,2,2024-12-08,2024-12-08,False
37936,88656,156,2350,,,,,,,,14,,10:18.38,,,,,863,True,Distance,408,876,846.0,M,False,2,2024-12-08,2024-12-08,False
37937,88657,203,4420,,,,,,,,14,,10:48.97,,,,,863,True,Distance,303,786,696.0,M,False,2,2024-12-08,2024-12-08,False
37938,88658,156,2363,,,,,,,,14,,11:00.49,,,,,863,True,Distance,268,753,644.5,M,False,2,2024-12-08,2024-12-08,False
37939,88659,156,24547,,,,,,,,14,,11:23.55,,,,,863,True,Distance,203,690,548.0,M,False,2,2024-12-08,2024-12-08,False
37954,88674,156,7451,,,,,,,,10,,2:59.36,,,,,863,True,Distance,418,900,868.0,M,False,2,2024-12-08,2024-12-08,False
37955,88675,156,3151,,,,,,,,10,,3:01.01,,,,,863,True,Distance,396,882,837.0,M,False,2,2024-12-08,2024-12-08,False
37956,88677,203,24554,,,,,,,,10,,3:29.98,,,,,863,True,Distance,102,590,397.0,M,False,2,2024-12-08,2024-12-08,False
37957,88678,156,24547,,,,,,,,10,,3:31.21,,,,,863,True,Distance,94,579,383.5,M,False,2,2024-12-08,2024-12-08,False
37962,88683,203,24555,,5598.0,,24549.0,,4418.0,,26,,8:44.61,,,,,863,True,Relays,0,0,0.0,M,False,2,2024-12-08,2024-12-08,False
37963,88684,156,2350,,22401.0,,2363.0,,2368.0,,26,,9:17.45,,,,,863,True,Relays,0,0,0.0,M,False,2,2024-12-08,2024-12-08,False
37964,88685,156,24548,,24545.0,,24542.0,,24556.0,,24,,3:43.90,,,,,863,True,Relays,659,1048,1183.0,M,False,2,2024-12-08,2024-12-08,False
37983,88704,167,466,,,,,,,,14,,8:43.21,,,,,867,True,Distance,835,1186,1428.0,M,False,2,2024-12-05,2024-12-06,False
38010,88676,156,21207,,,,,,,,10,,3:07.27,,,,,863,True,Distance,316,814,723.0,M,False,2,2024-12-08,2024-12-08,False
38070,88709,146,3713,,,,,,,,13,,4:56.01,,,,,868,True,Distance,496,939,965.5,M,False,2,2024-12-14,2024-12-14,False
38092,88710,146,24568,,,,,,,,13,,5:03.30,,,,,868,True,Distance,437,891,882.5,M,False,2,2024-12-14,2024-12-14,False
38093,88711,146,24569,,,,,,,,13,,5:03.35,,,,,868,True,Distance,437,891,882.5,M,False,2,2024-12-14,2024-12-14,False
38094,88713,146,1309,,,,,,,,13,,5:44.46,,,,,868,True,Distance,174,646,497.0,M,False,2,2024-12-14,2024-12-14,False
38145,88767,146,3687,,,,,,,,9,,2:04.63,,,,,868,True,Distance,695,1110,1250.0,M,False,2,2024-12-14,2024-12-14,False
38146,88768,146,24569,,,,,,,,9,,2:09.16,,,,,868,True,Distance,593,1039,1112.5,M,False,2,2024-12-14,2024-12-14,False
38147,88769,146,24582,,,,,,,,9,,2:09.33,,,,,868,True,Distance,589,1037,1107.5,M,False,2,2024-12-14,2024-12-14,False
38148,88770,146,3713,,,,,,,,9,,2:14.07,,,,,868,True,Distance,491,965,973.5,M,False,2,2024-12-14,2024-12-14,False
38149,88771,146,24583,,,,,,,,9,,2:25.34,,,,,868,True,Distance,294,805,696.5,M,False,2,2024-12-14,2024-12-14,False
38150,88772,146,3686,,,,,,,,9,,2:35.16,,,,,868,True,Distance,164,677,502.5,M,False,2,2024-12-14,2024-12-14,False
38169,88791,146,1409,,3699.0,,4386.0,,3728.0,,24,,3:45.84,,,,,868,True,Relays,637,1032,1153.0,M,False,2,2024-12-14,2024-12-14,False
38191,88712,146,1421,,,,,,,,13,,5:28.49,,,,,868,True,Distance,262,736,630.0,M,False,2,2024-12-14,2024-12-14,False
38203,88813,158,2899,,,,,,,,9,,2:09.38,,,,,870,True,Distance,588,1036,1106.0,M,False,2,2025-01-10,2025-01-10,False
38204,88814,158,2467,,,,,,,,9,,2:11.44,,,,,870,True,Distance,545,1004,1047.0,M,False,2,2025-01-10,2025-01-10,False
38205,88815,158,24594,,,,,,,,9,,2:13.96,,,,,870,True,Distance,494,967,977.5,M,False,2,2025-01-10,2025-01-10,False
38206,88816,158,21482,,,,,,,,9,,2:24.62,,,,,870,True,Distance,305,815,712.5,M,False,2,2025-01-10,2025-01-10,False
38207,88817,158,16141,,,,,,,,9,,2:33.66,,,,,870,True,Distance,181,696,529.0,M,False,2,2025-01-10,2025-01-10,False
38208,88818,158,16114,,,,,,,,10,,2:50.86,,,,,870,True,Distance,544,998,1043.0,M,False,2,2025-01-10,2025-01-10,False
38209,88819,158,2470,,,,,,,,10,,3:03.53,,,,,870,True,Distance,363,854,790.0,M,False,2,2025-01-10,2025-01-10,False
38210,88820,158,2463,,,,,,,,10,,3:11.03,,,,,870,True,Distance,273,774,660.0,M,False,2,2025-01-10,2025-01-10,False
38211,88821,158,16141,,,,,,,,10,,3:23.32,,,,,870,True,Distance,153,652,479.0,M,False,2,2025-01-10,2025-01-10,False
38212,88822,158,24594,,,,,,,,13,,4:56.55,,,,,870,True,Distance,492,935,959.5,M,False,2,2025-01-10,2025-01-10,False
38213,88823,158,2474,,,,,,,,13,,4:57.18,,,,,870,True,Distance,487,931,952.5,M,False,2,2025-01-10,2025-01-10,False
38214,88824,158,2456,,,,,,,,13,,5:01.21,,,,,870,True,Distance,454,905,906.5,M,False,2,2025-01-10,2025-01-10,False
38215,88825,158,2473,,,,,,,,13,,5:03.62,,,,,870,True,Distance,435,889,879.5,M,False,2,2025-01-10,2025-01-10,False
38216,88826,158,16124,,,,,,,,13,,5:12.55,,,,,870,True,Distance,368,833,784.5,M,False,2,2025-01-10,2025-01-10,False
38217,88827,158,2463,,,,,,,,13,,5:15.58,,,,,870,True,Distance,346,814,753.0,M,False,2,2025-01-10,2025-01-10,False
38218,88828,158,2900,,,,,,,,14,,10:37.80,,,,,870,True,Distance,340,818,749.0,M,False,2,2025-01-10,2025-01-10,False
38219,88829,158,24594,,21482.0,,16124.0,,16114.0,,30,,12:13.29,,,,,870,True,Relays,0,0,0.0,M,False,2,2025-01-10,2025-01-10,False
38236,88846,88,539,So,,,,,,,10,,2:31.01,,,,,871,True,Distance,901,1245,1523.5,M,False,2,2025-01-17,2025-01-18,False
38237,88847,88,24595,Fr,,,,,,,10,,2:32.80,,,,,871,True,Distance,865,1222,1476.0,M,False,2,2025-01-17,2025-01-18,False
38238,88848,88,530,So,,,,,,,10,,2:34.60,,,,,871,True,Distance,830,1198,1429.0,M,False,2,2025-01-17,2025-01-18,False
38239,88849,88,24596,Fr,,,,,,,10,,2:41.45,,,,,871,True,Distance,702,1112,1258.0,M,False,2,2025-01-17,2025-01-18,False
38240,88850,88,11485,Fr,,,,,,,10,,2:42.64,,,,,871,True,Distance,681,1097,1229.5,M,False,2,2025-01-17,2025-01-18,False
38241,88851,88,11493,Fr,,,,,,,10,,2:48.11,,,,,871,True,Distance,588,1030,1103.0,M,False,2,2025-01-17,2025-01-18,False
38242,88852,88,11483,Fr,,,,,,,13,,4:26.85,,,,,871,True,Distance,770,1142,1341.0,M,False,2,2025-01-17,2025-01-18,False
38243,88853,88,24597,Fr,,,,,,,13,,4:27.67,,,,,871,True,Distance,761,1136,1329.0,M,False,2,2025-01-17,2025-01-18,False
38244,88854,88,2553,Jr,,,,,,,13,,4:31.71,,,,,871,True,Distance,720,1107,1273.5,M,False,2,2025-01-17,2025-01-18,False
38245,88855,88,521,Jr,,,,,,,13,,4:39.27,,,,,871,True,Distance,646,1053,1172.5,M,False,2,2025-01-17,2025-01-18,False
38246,88856,88,2560,Sr,,,,,,,13,,4:43.08,,,,,871,True,Distance,610,1027,1123.5,M,False,2,2025-01-17,2025-01-18,False
38247,88857,88,513,Sr,,,,,,,13,,4:43.89,,,,,871,True,Distance,603,1021,1113.5,M,False,2,2025-01-17,2025-01-18,False
38248,88858,88,11491,Fr,,,,,,,13,,4:44.38,,,,,871,True,Distance,598,1018,1107.0,M,False,2,2025-01-17,2025-01-18,False
38249,88859,88,3615,Jr,,,,,,,13,,4:46.86,,,,,871,True,Distance,576,1001,1076.5,M,False,2,2025-01-17,2025-01-18,False
38250,88860,88,507,So,,,,,,,13,,4:47.01,,,,,871,True,Distance,574,1000,1074.0,M,False,2,2025-01-17,2025-01-18,False
38251,88861,88,3092,Jr,,,,,,,13,,4:51.83,,,,,871,True,Distance,532,967,1015.5,M,False,2,2025-01-17,2025-01-18,False
38252,88862,88,11490,Fr,,,,,,,13,,5:04.13,,,,,871,True,Distance,431,886,874.0,M,False,2,2025-01-17,2025-01-18,False
38435,88949,146,22385,,,,,,,,9,,2:02.48,,,,,873,True,Distance,746,1145,1318.5,M,False,2,2025-01-18,2025-01-18,False
38436,88950,146,3688,,,,,,,,9,,2:03.66,,,,,873,True,Distance,718,1126,1281.0,M,False,2,2025-01-18,2025-01-18,False
38437,88951,146,3687,,,,,,,,9,,2:04.67,,,,,873,True,Distance,694,1110,1249.0,M,False,2,2025-01-18,2025-01-18,False
38438,88952,146,4385,,,,,,,,9,,2:06.95,,,,,873,True,Distance,642,1074,1179.0,M,False,2,2025-01-18,2025-01-18,False
38439,88953,146,24568,,,,,,,,9,,2:12.01,,,,,873,True,Distance,533,996,1031.0,M,False,2,2025-01-18,2025-01-18,False
38440,88954,146,24569,,,,,,,,9,,2:12.48,,,,,873,True,Distance,523,989,1017.5,M,False,2,2025-01-18,2025-01-18,False
38441,88955,146,24582,,,,,,,,9,,2:14.18,,,,,873,True,Distance,489,963,970.5,M,False,2,2025-01-18,2025-01-18,False
38442,88956,146,3713,,,,,,,,9,,2:14.62,,,,,873,True,Distance,481,957,959.5,M,False,2,2025-01-18,2025-01-18,False
38443,88957,146,11400,,,,,,,,9,,2:16.33,,,,,873,True,Distance,448,932,914.0,M,False,2,2025-01-18,2025-01-18,False
38444,88958,146,24610,,,,,,,,9,,2:19.35,,,,,873,True,Distance,393,888,837.0,M,False,2,2025-01-18,2025-01-18,False
38445,88959,146,24583,,,,,,,,9,,2:34.62,,,,,873,True,Distance,170,684,512.0,M,False,2,2025-01-18,2025-01-18,False
38446,88960,146,1309,,,,,,,,9,,2:36.20,,,,,873,True,Distance,152,664,484.0,M,False,2,2025-01-18,2025-01-18,False
38447,88961,146,4385,,,,,,,,13,,4:37.39,,,,,873,True,Distance,664,1066,1197.0,M,False,2,2025-01-18,2025-01-18,False
38448,88962,146,3713,,,,,,,,13,,4:59.00,,,,,873,True,Distance,472,919,931.5,M,False,2,2025-01-18,2025-01-18,False
38449,88963,146,1309,,,,,,,,13,,5:44.35,,,,,873,True,Distance,175,646,498.0,M,False,2,2025-01-18,2025-01-18,False
38450,88965,146,3686,,,,,,,,13,,6:08.12,,,,,873,True,Distance,77,522,338.0,M,False,2,2025-01-18,2025-01-18,False
38451,88966,146,22385,,,,,,,,14,,9:23.86,,,,,873,True,Distance,634,1048,1158.0,M,False,2,2025-01-18,2025-01-18,False
38457,88972,146,3696,,24582.0,,4150.0,,3687.0,,24,,3:38.18,,,,,873,True,Relays,725,1095,1272.5,M,False,2,2025-01-18,2025-01-18,False
38458,88973,146,3728,,4386.0,,3708.0,,24612.0,,24,,3:40.39,,,,,873,True,Relays,699,1077,1237.5,M,False,2,2025-01-18,2025-01-18,False
38489,89002,1,2,Jr,,,,,,,13,,4:16.02,,,,,874,True,Distance,887,1222,1498.0,M,False,2,2025-01-18,2025-01-18,False
38490,89003,1,7,Jr,,,,,,,13,,4:33.99,,,,,874,True,Distance,697,1090,1242.0,M,False,2,2025-01-18,2025-01-18,False
38491,89004,1,8,So,,,,,,,13,,4:36.46,,,,,874,True,Distance,673,1073,1209.5,M,False,2,2025-01-18,2025-01-18,False
38492,89005,1,18733,,,,,,,,13,,4:41.60,,,,,874,True,Distance,624,1037,1142.5,M,False,2,2025-01-18,2025-01-18,False
38493,89006,1,18730,,,,,,,,13,,4:43.08,,,,,874,True,Distance,610,1027,1123.5,M,False,2,2025-01-18,2025-01-18,False
38494,89007,1,18731,,,,,,,,13,,4:44.56,,,,,874,True,Distance,597,1016,1105.0,M,False,2,2025-01-18,2025-01-18,False
38495,89009,1,19414,,,,,,,,14,,9:33.60,,,,,874,True,Distance,590,1016,1098.0,M,False,2,2025-01-18,2025-01-18,False
38496,89010,1,150,Jr,,,,,,,14,,9:40.47,,,,,874,True,Distance,560,994,1057.0,M,False,2,2025-01-18,2025-01-18,False
38509,89023,107,24621,,,,,,,,9,,2:10.22,,,,,874,True,Distance,570,1023,1081.5,M,False,2,2025-01-18,2025-01-18,False
38510,89024,107,19442,,,,,,,,9,,2:43.34,,,,,874,True,Distance,84,579,373.5,M,False,2,2025-01-18,2025-01-18,False
38511,89025,107,19407,,,,,,,,13,,4:45.36,,,,,874,True,Distance,589,1011,1094.5,M,False,2,2025-01-18,2025-01-18,False
38512,89026,107,2038,,,,,,,,13,,4:51.58,,,,,874,True,Distance,534,969,1018.5,M,False,2,2025-01-18,2025-01-18,False
38513,89027,107,24622,,,,,,,,14,,9:12.92,,,,,874,True,Distance,685,1084,1227.0,M,False,2,2025-01-18,2025-01-18,False
38536,89008,1,19,So,,,,,,,14,,9:27.59,,,,,874,True,Distance,617,1035,1134.5,M,False,2,2025-01-18,2025-01-18,False
38629,89088,116,24637,,,,,,,,9,,2:03.33,,,,,875,True,Distance,726,1131,1291.5,M,False,2,2025-01-18,2025-01-18,False
38630,89089,116,24638,,,,,,,,9,,2:06.56,,,,,875,True,Distance,651,1080,1191.0,M,False,2,2025-01-18,2025-01-18,False
38631,89090,116,7976,,,,,,,,9,,2:06.94,,,,,875,True,Distance,642,1074,1179.0,M,False,2,2025-01-18,2025-01-18,False
38633,89091,116,7982,,,,,,,,9,,2:11.83,,,,,875,True,Distance,537,999,1036.5,M,False,2,2025-01-18,2025-01-18,False
38634,89092,116,2059,,,,,,,,9,,2:15.19,,,,,875,True,Distance,470,948,944.0,M,False,2,2025-01-18,2025-01-18,False
38635,89093,116,7981,,,,,,,,9,,2:19.90,,,,,875,True,Distance,383,880,823.0,M,False,2,2025-01-18,2025-01-18,False
38636,89094,116,24639,,,,,,,,9,,2:20.73,,,,,875,True,Distance,369,869,803.5,M,False,2,2025-01-18,2025-01-18,False
38637,89095,116,7975,,,,,,,,13,,4:28.79,,,,,875,True,Distance,750,1128,1314.0,M,False,2,2025-01-18,2025-01-18,False
38638,89096,116,4910,,,,,,,,13,,4:29.20,,,,,875,True,Distance,746,1125,1308.5,M,False,2,2025-01-18,2025-01-18,False
38639,89097,116,24640,,,,,,,,13,,4:33.84,,,,,875,True,Distance,699,1091,1244.5,M,False,2,2025-01-18,2025-01-18,False
38640,89098,116,7976,,,,,,,,13,,4:36.80,,,,,875,True,Distance,670,1070,1205.0,M,False,2,2025-01-18,2025-01-18,False
38641,89099,116,4144,,,,,,,,13,,4:44.62,,,,,875,True,Distance,596,1016,1104.0,M,False,2,2025-01-18,2025-01-18,False
38642,89101,116,24642,,,,,,,,13,,4:49.35,,,,,875,True,Distance,554,984,1046.0,M,False,2,2025-01-18,2025-01-18,False
38643,89102,116,7978,,,,,,,,13,,4:52.18,,,,,875,True,Distance,529,965,1011.5,M,False,2,2025-01-18,2025-01-18,False
38644,89103,116,24643,,,,,,,,13,,4:53.70,,,,,875,True,Distance,516,954,993.0,M,False,2,2025-01-18,2025-01-18,False
38645,89104,116,2059,,,,,,,,13,,4:57.32,,,,,875,True,Distance,486,930,951.0,M,False,2,2025-01-18,2025-01-18,False
38646,89105,116,7982,,,,,,,,13,,5:01.21,,,,,875,True,Distance,454,905,906.5,M,False,2,2025-01-18,2025-01-18,False
38647,89106,116,4917,,,,,,,,13,,5:01.64,,,,,875,True,Distance,450,902,901.0,M,False,2,2025-01-18,2025-01-18,False
38648,89107,116,5652,,,,,,,,13,,5:02.19,,,,,875,True,Distance,446,899,895.5,M,False,2,2025-01-18,2025-01-18,False
38649,89108,116,24644,,,,,,,,13,,5:05.61,,,,,875,True,Distance,419,877,857.5,M,False,2,2025-01-18,2025-01-18,False
38650,89109,116,7980,,,,,,,,13,,5:06.25,,,,,875,True,Distance,415,872,851.0,M,False,2,2025-01-18,2025-01-18,False
38651,89110,116,24645,,,,,,,,13,,5:13.57,,,,,875,True,Distance,361,826,774.0,M,False,2,2025-01-18,2025-01-18,False
38652,89111,116,7981,,,,,,,,13,,5:15.67,,,,,875,True,Distance,346,813,752.5,M,False,2,2025-01-18,2025-01-18,False
38653,89112,116,7975,,,,,,,,14,,9:03.56,,,,,875,True,Distance,731,1116,1289.0,M,False,2,2025-01-18,2025-01-18,False
38654,89113,116,310,,,,,,,,14,,9:08.46,,,,,875,True,Distance,707,1099,1256.5,M,False,2,2025-01-18,2025-01-18,False
38655,89114,116,24646,,,,,,,,14,,9:10.63,,,,,875,True,Distance,696,1092,1242.0,M,False,2,2025-01-18,2025-01-18,False
38656,89115,116,24647,,,,,,,,14,,9:11.73,,,,,875,True,Distance,691,1088,1235.0,M,False,2,2025-01-18,2025-01-18,False
38657,89116,116,24640,,24643.0,,24637.0,,24638.0,,24,,3:42.61,,,,,875,True,Relays,673,1058,1202.0,M,False,2,2025-01-18,2025-01-18,False
38658,89117,116,24646,,7980.0,,7978.0,,7982.0,,24,,3:55.08,,,,,875,True,Relays,538,960,1018.0,M,False,2,2025-01-18,2025-01-18,False
38659,89118,116,4144,,24645.0,,5652.0,,4910.0,,24,,3:56.06,,,,,875,True,Relays,528,952,1004.0,M,False,2,2025-01-18,2025-01-18,False
38723,89100,116,7979,,,,,,,,13,,4:49.00,,,,,875,True,Distance,557,986,1050.0,M,False,2,2025-01-18,2025-01-18,False
38725,89193,188,938,,,,,,,,13,Open,5:10.45,,,,,878,True,Distance,383,846,806.0,M,False,2,2025-01-19,2025-01-19,False
38726,89195,188,944,,,,,,,,13,Open,5:26.96,,,,,878,True,Distance,271,745,643.5,M,False,2,2025-01-19,2025-01-19,False
38727,89196,188,24654,,,,,,,,13,Open,5:46.39,,,,,878,True,Distance,165,635,482.5,M,False,2,2025-01-19,2025-01-19,False
38728,89198,188,936,,,,,,,,14,Open,9:58.36,,,,,878,True,Distance,485,937,953.5,M,False,2,2025-01-19,2025-01-19,False
38729,89200,188,24452,,,,,,,,14,Open,10:08.05,,,,,878,True,Distance,447,907,900.5,M,False,2,2025-01-19,2025-01-19,False
38821,89122,158,4334,,,,,,,,10,,3:06.52,,,,,876,True,Distance,325,822,736.0,M,False,2,2025-01-19,2025-01-19,False
38822,89123,158,2896,,,,,,,,13,,4:23.94,,,,,876,True,Distance,800,1163,1381.5,M,False,2,2025-01-19,2025-01-19,False
38832,89133,104,2040,,,,,,,,9,,2:53.71,,,,,877,True,Distance,20,466,253.0,M,False,2,2025-01-17,2025-01-18,False
38833,89134,104,2040,,,,,,,,13,,5:45.78,,,,,877,True,Distance,168,639,487.5,M,False,2,2025-01-17,2025-01-18,False
38834,89135,104,24649,,,,,,,,13,,5:46.41,,,,,877,True,Distance,165,635,482.5,M,False,2,2025-01-17,2025-01-18,False
38835,89136,104,2051,,,,,,,,13,,6:28.37,,,,,877,True,Distance,24,427,237.5,M,False,2,2025-01-17,2025-01-18,False
38846,89147,127,24651,,,,,,,,13,,5:14.56,,,,,877,True,Distance,354,820,764.0,M,False,2,2025-01-17,2025-01-18,False
38847,89148,127,4516,,24388.0,,4936.0,,24383.0,,24,,3:55.91,,,,,877,True,Relays,529,953,1005.5,M,False,2,2025-01-17,2025-01-18,False
38881,89184,188,3547,,,,,,,,9,Invitational,2:07.72,,,,,878,True,Distance,625,1062,1156.0,M,False,2,2025-01-19,2025-01-19,False
38882,89185,188,926,,,,,,,,9,Open,2:12.28,,,,,878,True,Distance,527,992,1023.0,M,False,2,2025-01-19,2025-01-19,False
38883,89186,188,1865,,,,,,,,10,,2:48.82,,,,,878,True,Distance,576,1022,1087.0,M,False,2,2025-01-19,2025-01-19,False
38884,89187,188,885,,,,,,,,13,Open,4:30.49,,,,,878,True,Distance,732,1115,1289.5,M,False,2,2025-01-19,2025-01-19,False
38885,89188,188,5013,,,,,,,,13,Open,4:31.92,,,,,878,True,Distance,718,1105,1270.5,M,False,2,2025-01-19,2025-01-19,False
38886,89189,188,3543,,,,,,,,13,Open,4:39.87,,,,,878,True,Distance,640,1049,1164.5,M,False,2,2025-01-19,2025-01-19,False
38887,89190,188,18879,,,,,,,,13,Open,4:42.31,,,,,878,True,Distance,617,1032,1133.0,M,False,2,2025-01-19,2025-01-19,False
38888,89194,188,18567,,,,,,,,13,Open,5:21.10,,,,,878,True,Distance,309,780,699.0,M,False,2,2025-01-19,2025-01-19,False
38889,89197,188,882,,,,,,,,14,Invitational,9:25.05,,,,,878,True,Distance,629,1044,1151.0,M,False,2,2025-01-19,2025-01-19,False
38891,89201,188,18878,,,,,,,,14,Open,10:38.91,,,,,878,True,Distance,336,815,743.5,M,False,2,2025-01-19,2025-01-19,False
38892,89202,188,24655,,,,,,,,14,Open,10:51.06,,,,,878,True,Distance,297,780,687.0,M,False,2,2025-01-19,2025-01-19,False
38915,89199,188,909,,,,,,,,14,Open,9:58.46,,,,,878,True,Distance,485,937,953.5,M,False,2,2025-01-19,2025-01-19,False
38916,89191,188,886,,,,,,,,13,Open,4:51.89,,,,,878,True,Distance,531,966,1014.0,M,False,2,2025-01-19,2025-01-19,False
39481,89228,112,417,,,,,,,,9,,2:01.48,,,,,879,True,Distance,771,1161,1351.5,M,False,2,2025-01-25,2025-01-25,False
39482,89229,112,5661,,,,,,,,9,,2:02.41,,,,,879,True,Distance,748,1146,1321.0,M,False,2,2025-01-25,2025-01-25,False
39483,89230,112,420,,,,,,,,9,,2:05.28,,,,,879,True,Distance,680,1100,1230.0,M,False,2,2025-01-25,2025-01-25,False
39484,89231,112,11301,,,,,,,,9,,2:05.51,,,,,879,True,Distance,675,1096,1223.0,M,False,2,2025-01-25,2025-01-25,False
39485,89232,112,415,,,,,,,,9,,2:05.94,,,,,879,True,Distance,665,1090,1210.0,M,False,2,2025-01-25,2025-01-25,False
39486,89233,112,19406,,,,,,,,9,,2:06.35,,,,,879,True,Distance,655,1083,1196.5,M,False,2,2025-01-25,2025-01-25,False
39487,89234,112,416,,,,,,,,9,,2:09.57,,,,,879,True,Distance,584,1033,1100.5,M,False,2,2025-01-25,2025-01-25,False
39488,89235,112,437,,,,,,,,9,,2:14.99,,,,,879,True,Distance,473,951,948.5,M,False,2,2025-01-25,2025-01-25,False
39489,89236,112,5661,,,,,,,,13,,4:33.33,,,,,879,True,Distance,704,1095,1251.5,M,False,2,2025-01-25,2025-01-25,False
39490,89237,112,415,,,,,,,,13,,4:38.58,,,,,879,True,Distance,653,1058,1182.0,M,False,2,2025-01-25,2025-01-25,False
39491,89238,112,416,,,,,,,,13,,4:38.77,,,,,879,True,Distance,651,1057,1179.5,M,False,2,2025-01-25,2025-01-25,False
39492,89239,112,3333,,,,,,,,13,,4:41.20,,,,,879,True,Distance,628,1040,1148.0,M,False,2,2025-01-25,2025-01-25,False
39493,89240,112,435,,,,,,,,13,,4:41.91,,,,,879,True,Distance,621,1035,1138.5,M,False,2,2025-01-25,2025-01-25,False
39494,89241,112,11301,,,,,,,,13,,4:42.94,,,,,879,True,Distance,612,1027,1125.5,M,False,2,2025-01-25,2025-01-25,False
39495,89242,112,437,,,,,,,,13,,4:58.94,,,,,879,True,Distance,472,920,932.0,M,False,2,2025-01-25,2025-01-25,False
39496,89243,112,2886,,,,,,,,13,,5:14.75,,,,,879,True,Distance,352,819,761.5,M,False,2,2025-01-25,2025-01-25,False
39497,89244,112,5645,,,,,,,,13,,5:22.36,,,,,879,True,Distance,301,773,687.5,M,False,2,2025-01-25,2025-01-25,False
39498,89245,112,18085,,,,,,,,13,,5:33.79,,,,,879,True,Distance,231,706,584.0,M,False,2,2025-01-25,2025-01-25,False
39505,89252,1,18736,,,,,,,,9,,2:07.78,,,,,879,True,Distance,623,1061,1153.5,M,False,2,2025-01-25,2025-01-25,False
39506,89254,1,4909,,,,,,,,13,,4:58.18,,,,,879,True,Distance,478,925,940.5,M,False,2,2025-01-25,2025-01-25,False
39507,89255,1,1,,,,,,,,13,,5:51.54,,,,,879,True,Distance,141,608,445.0,M,False,2,2025-01-25,2025-01-25,False
39508,89256,1,8,,,,,,,,14,,9:13.01,,,,,879,True,Distance,685,1084,1227.0,M,False,2,2025-01-25,2025-01-25,False
39509,89257,1,18730,,,,,,,,14,,9:41.14,,,,,879,True,Distance,557,991,1052.5,M,False,2,2025-01-25,2025-01-25,False
39510,89258,1,7,,,,,,,,17,,15:44.19,,,,,879,True,Distance,712,1102,1263.0,M,False,2,2025-01-25,2025-01-25,False
39511,89259,1,150,,,,,,,,17,,16:50.65,,,,,879,True,Distance,534,978,1023.0,M,False,2,2025-01-25,2025-01-25,False
39544,89260,1,24661,,150.0,,19.0,,18736.0,,24,,3:53.99,,,,,879,True,Relays,549,968,1033.0,M,False,2,2025-01-25,2025-01-25,False
39552,89284,127,24384,,,,,,,,9,,3:31.26,,,,,879,True,Distance,0,159,79.5,M,False,2,2025-01-25,2025-01-25,False
39553,89285,127,4516,,24388.0,,4936.0,,24383.0,,24,,3:45.88,,,,,879,True,Relays,636,1032,1152.0,M,False,2,2025-01-25,2025-01-25,False
39558,89290,169,24665,,,,,,,,9,,2:37.08,,,,,880,True,Distance,142,653,468.5,M,False,2,2025-01-25,2025-01-25,False
39559,89291,169,4450,,,,,,,,10,,2:55.53,,,,,880,True,Distance,473,943,944.5,M,False,2,2025-01-25,2025-01-25,False
39560,89292,169,4732,,,,,,,,13,,4:58.44,,,,,880,True,Distance,476,923,937.5,M,False,2,2025-01-25,2025-01-25,False
39561,89293,169,2442,,,,,,,,14,,9:56.86,,,,,880,True,Distance,491,942,962.0,M,False,2,2025-01-25,2025-01-25,False
39562,89294,169,7641,,,,,,,,14,,10:10.38,,,,,880,True,Distance,438,900,888.0,M,False,2,2025-01-25,2025-01-25,False
39563,89295,169,7642,,,,,,,,14,,10:30.08,,,,,880,True,Distance,366,841,786.5,M,False,2,2025-01-25,2025-01-25,False
39564,89296,169,1198,,,,,,,,17,,15:49.61,,,,,880,True,Distance,697,1091,1242.5,M,False,2,2025-01-25,2025-01-25,False
39565,89297,169,7641,,4450.0,,7642.0,,2442.0,,30,,12:07.83,,,,,880,True,Relays,0,0,0.0,M,False,2,2025-01-25,2025-01-25,False
39573,89365,146,26627,,,,,,,,13,,4:27.94,,,,,1007,True,Distance,758,1134,1325.0,M,False,2,2025-01-25,2025-01-25,False
39574,89372,146,26627,,,,,,,,17,,15:26.53,,,,,1007,True,Distance,764,1136,1332.0,M,False,2,2025-01-25,2025-01-25,False
39579,89308,116,24637,,,,,,,,9,,2:00.59,,,,,1007,True,Distance,793,1176,1381.0,M,False,2,2025-01-25,2025-01-25,False
39580,89309,116,7982,,,,,,,,9,,2:19.61,,,,,1007,True,Distance,388,884,830.0,M,False,2,2025-01-25,2025-01-25,False
39581,89311,116,4144,,,,,,,,13,,4:38.34,,,,,1007,True,Distance,655,1060,1185.0,M,False,2,2025-01-25,2025-01-25,False
39582,89312,116,7982,,,,,,,,13,,5:04.63,,,,,1007,True,Distance,427,883,868.5,M,False,2,2025-01-25,2025-01-25,False
39583,89313,116,4910,,,,,,,,14,,8:59.80,,,,,1007,True,Distance,749,1128,1313.0,M,False,2,2025-01-25,2025-01-25,False
39584,89314,116,7975,,,,,,,,17,,15:15.54,,,,,1007,True,Distance,797,1157,1375.5,M,False,2,2025-01-25,2025-01-25,False
39585,89315,116,310,,,,,,,,17,,15:29.34,,,,,1007,True,Distance,756,1130,1321.0,M,False,2,2025-01-25,2025-01-25,False
39626,89361,146,24568,,,,,,,,9,,2:12.03,,,,,1007,True,Distance,532,996,1030.0,M,False,2,2025-01-25,2025-01-25,False
39627,89362,146,3699,,,,,,,,9,,2:12.36,,,,,1007,True,Distance,526,991,1021.5,M,False,2,2025-01-25,2025-01-25,False
39628,89363,146,24583,,,,,,,,9,,2:24.21,,,,,1007,True,Distance,312,820,722.0,M,False,2,2025-01-25,2025-01-25,False
39629,89364,146,3686,,,,,,,,9,,2:35.57,,,,,1007,True,Distance,159,672,495.0,M,False,2,2025-01-25,2025-01-25,False
39631,89366,146,22385,,,,,,,,13,,4:28.48,,,,,1007,True,Distance,753,1130,1318.0,M,False,2,2025-01-25,2025-01-25,False
39632,89367,146,3687,,,,,,,,13,,4:48.85,,,,,1007,True,Distance,558,987,1051.5,M,False,2,2025-01-25,2025-01-25,False
39633,89368,146,24568,,,,,,,,13,,5:02.62,,,,,1007,True,Distance,443,896,891.0,M,False,2,2025-01-25,2025-01-25,False
39634,89370,146,1309,,,,,,,,13,,5:35.72,,,,,1007,True,Distance,220,695,567.5,M,False,2,2025-01-25,2025-01-25,False
39641,89369,146,1421,,,,,,,,13,,5:26.17,,,,,1007,True,Distance,276,750,651.0,M,False,2,2025-01-25,2025-01-25,False
39644,89316,116,24647,,,,,,,,17,,15:54.34,,,,,1007,True,Distance,683,1082,1224.0,M,False,2,2025-01-25,2025-01-25,False
39683,89456,56,3574,,,,,,,,9,,2:13.92,,,,,882,True,Distance,494,967,977.5,M,False,2,2025-01-25,2025-01-25,False
39684,89457,56,8095,,,,,,,,9,,2:16.55,,,,,882,True,Distance,444,928,908.0,M,False,2,2025-01-25,2025-01-25,False
39685,89458,56,24401,,,,,,,,9,,2:22.75,,,,,882,True,Distance,335,840,755.0,M,False,2,2025-01-25,2025-01-25,False
39686,89459,56,24399,,,,,,,,9,,2:23.15,,,,,882,True,Distance,329,835,746.5,M,False,2,2025-01-25,2025-01-25,False
39687,89460,56,130,,,,,,,,13,,4:27.49,,,,,882,True,Distance,763,1137,1331.5,M,False,2,2025-01-25,2025-01-25,False
39688,89461,56,8041,,,,,,,,13,,4:41.92,,,,,882,True,Distance,621,1035,1138.5,M,False,2,2025-01-25,2025-01-25,False
39689,89462,56,19600,,,,,,,,13,,4:43.78,,,,,882,True,Distance,604,1022,1115.0,M,False,2,2025-01-25,2025-01-25,False
39690,89463,56,163,,,,,,,,13,,4:48.75,,,,,882,True,Distance,559,988,1053.0,M,False,2,2025-01-25,2025-01-25,False
39691,89464,56,8075,,,,,,,,13,,4:56.48,,,,,882,True,Distance,492,936,960.0,M,False,2,2025-01-25,2025-01-25,False
39692,89465,56,8056,,,,,,,,13,,5:00.22,,,,,882,True,Distance,462,911,917.5,M,False,2,2025-01-25,2025-01-25,False
39693,89466,56,196,,,,,,,,13,,5:31.04,,,,,882,True,Distance,247,722,608.0,M,False,2,2025-01-25,2025-01-25,False
39694,89467,56,123,,,,,,,,14,,9:00.39,,,,,882,True,Distance,746,1126,1309.0,M,False,2,2025-01-25,2025-01-25,False
39695,89468,56,8065,,,,,,,,14,,9:18.25,,,,,882,True,Distance,660,1066,1193.0,M,False,2,2025-01-25,2025-01-25,False
39696,89469,56,8059,,,,,,,,14,,9:39.42,,,,,882,True,Distance,565,997,1063.5,M,False,2,2025-01-25,2025-01-25,False
39697,89470,56,177,,,,,,,,14,,9:44.28,,,,,882,True,Distance,544,981,1034.5,M,False,2,2025-01-25,2025-01-25,False
39698,89471,56,8056,,,,,,,,14,,10:14.95,,,,,882,True,Distance,421,886,864.0,M,False,2,2025-01-25,2025-01-25,False
39699,89472,56,129,,130.0,,163.0,,8041.0,,24,,3:39.36,,,,,882,True,Relays,711,1085,1253.5,M,False,2,2025-01-25,2025-01-25,False
39703,89477,56,157,,123.0,,127.0,,129.0,,30,,10:55.28,,,,,882,True,Relays,0,0,0.0,M,False,2,2025-01-25,2025-01-25,False
39704,89478,56,8075,,8065.0,,8059.0,,8095.0,,30,,11:19.53,,,,,882,True,Relays,0,0,0.0,M,False,2,2025-01-25,2025-01-25,False
39706,89480,225,24686,,,,,,,,9,,2:09.23,,,,,883,True,Distance,591,1038,1110.0,M,False,2,2025-01-25,2025-01-25,False
39707,89481,225,23479,,,,,,,,13,,5:10.92,,,,,883,True,Distance,380,843,801.5,M,False,2,2025-01-25,2025-01-25,False
39731,89416,162,1288,,,,,,,,14,,10:00.17,,,,,1007,True,Distance,478,931,943.5,M,False,2,2025-01-25,2025-01-25,False
39736,89409,162,24677,,,,,,,,9,,2:07.74,,,,,1007,True,Distance,624,1061,1154.5,M,False,2,2025-01-25,2025-01-25,False
39737,89410,162,11357,,,,,,,,9,,2:15.15,,,,,1007,True,Distance,470,949,944.5,M,False,2,2025-01-25,2025-01-25,False
39738,89411,162,3169,,,,,,,,13,,4:46.41,,,,,1007,True,Distance,580,1004,1082.0,M,False,2,2025-01-25,2025-01-25,False
39739,89412,162,1704,,,,,,,,13,,4:47.17,,,,,1007,True,Distance,573,998,1072.0,M,False,2,2025-01-25,2025-01-25,False
39740,89413,162,24678,,,,,,,,13,,5:00.79,,,,,1007,True,Distance,457,908,911.0,M,False,2,2025-01-25,2025-01-25,False
39741,89414,162,3790,,,,,,,,13,,5:07.14,,,,,1007,True,Distance,408,867,841.5,M,False,2,2025-01-25,2025-01-25,False
39742,89415,162,1266,,,,,,,,13,,5:09.00,,,,,1007,True,Distance,394,855,821.5,M,False,2,2025-01-25,2025-01-25,False
39743,89418,162,3158,,11357.0,,4397.0,,1704.0,,24,,3:46.13,,,,,1007,True,Relays,633,1030,1148.0,M,False,2,2025-01-25,2025-01-25,False
39744,89473,56,24401,,3801.0,,4112.0,,19600.0,,24,,3:48.09,,,,,882,True,Relays,612,1015,1119.5,M,False,2,2025-01-25,2025-01-25,False
39799,89542,117,135,,,,,,,,9,,2:03.08,,,,,883,True,Distance,732,1135,1299.5,M,False,2,2025-01-25,2025-01-25,False
39800,89543,117,8060,,,,,,,,9,,2:04.85,,,,,883,True,Distance,690,1107,1243.5,M,False,2,2025-01-25,2025-01-25,False
39801,89544,117,23472,,,,,,,,9,,2:05.13,,,,,883,True,Distance,683,1102,1234.0,M,False,2,2025-01-25,2025-01-25,False
39802,89545,117,6,,,,,,,,9,,2:08.94,,,,,883,True,Distance,598,1043,1119.5,M,False,2,2025-01-25,2025-01-25,False
39803,89546,117,8057,,,,,,,,9,,2:09.64,,,,,883,True,Distance,583,1032,1099.0,M,False,2,2025-01-25,2025-01-25,False
39804,89547,117,158,,,,,,,,9,,2:13.25,,,,,883,True,Distance,508,977,996.5,M,False,2,2025-01-25,2025-01-25,False
39805,89548,117,140,,,,,,,,9,,2:18.39,,,,,883,True,Distance,410,902,861.0,M,False,2,2025-01-25,2025-01-25,False
39806,89549,117,54,,,,,,,,9,,3:06.21,,,,,883,True,Distance,0,346,173.0,M,False,2,2025-01-25,2025-01-25,False
39807,89550,117,164,,,,,,,,10,,2:58.28,,,,,883,True,Distance,433,912,889.0,M,False,2,2025-01-25,2025-01-25,False
39808,89551,117,161,,,,,,,,10,,2:58.96,,,,,883,True,Distance,424,905,876.5,M,False,2,2025-01-25,2025-01-25,False
39809,89552,117,188,,,,,,,,10,,3:01.83,,,,,883,True,Distance,385,873,821.5,M,False,2,2025-01-25,2025-01-25,False
39810,89553,117,8104,,,,,,,,10,,3:08.16,,,,,883,True,Distance,305,804,707.0,M,False,2,2025-01-25,2025-01-25,False
39811,89554,117,24698,,,,,,,,13,,4:31.10,,,,,883,True,Distance,726,1111,1281.5,M,False,2,2025-01-25,2025-01-25,False
39812,89555,117,135,,,,,,,,13,,4:31.30,,,,,883,True,Distance,724,1110,1279.0,M,False,2,2025-01-25,2025-01-25,False
39813,89556,117,140,,,,,,,,13,,4:44.83,,,,,883,True,Distance,594,1014,1101.0,M,False,2,2025-01-25,2025-01-25,False
39814,89557,117,31,,,,,,,,13,,4:52.15,,,,,883,True,Distance,529,965,1011.5,M,False,2,2025-01-25,2025-01-25,False
39815,89558,117,8058,,,,,,,,13,,4:53.40,,,,,883,True,Distance,518,956,996.0,M,False,2,2025-01-25,2025-01-25,False
39816,89559,117,164,,,,,,,,13,,4:57.13,,,,,883,True,Distance,487,932,953.0,M,False,2,2025-01-25,2025-01-25,False
39817,89561,117,158,,,,,,,,13,,5:02.53,,,,,883,True,Distance,443,896,891.0,M,False,2,2025-01-25,2025-01-25,False
39818,89562,117,24699,,,,,,,,13,,5:02.85,,,,,883,True,Distance,441,894,888.0,M,False,2,2025-01-25,2025-01-25,False
39819,89563,117,188,,,,,,,,13,,5:08.62,,,,,883,True,Distance,397,857,825.5,M,False,2,2025-01-25,2025-01-25,False
39820,89564,117,161,,,,,,,,13,,5:08.94,,,,,883,True,Distance,394,855,821.5,M,False,2,2025-01-25,2025-01-25,False
39821,89565,117,24700,,,,,,,,13,,5:10.65,,,,,883,True,Distance,382,845,804.5,M,False,2,2025-01-25,2025-01-25,False
39822,89566,117,8068,,,,,,,,13,,5:11.89,,,,,883,True,Distance,373,837,791.5,M,False,2,2025-01-25,2025-01-25,False
39823,89567,117,8064,,,,,,,,13,,5:18.93,,,,,883,True,Distance,323,793,719.5,M,False,2,2025-01-25,2025-01-25,False
39824,89568,117,25,,,,,,,,13,,5:28.04,,,,,883,True,Distance,265,739,634.5,M,False,2,2025-01-25,2025-01-25,False
39825,89569,117,3352,,,,,,,,13,,5:28.53,,,,,883,True,Distance,262,736,630.0,M,False,2,2025-01-25,2025-01-25,False
39826,89570,117,215,,,,,,,,13,,5:31.63,,,,,883,True,Distance,243,718,602.0,M,False,2,2025-01-25,2025-01-25,False
39827,89571,117,3339,,,,,,,,13,,5:55.91,,,,,883,True,Distance,122,584,414.0,M,False,2,2025-01-25,2025-01-25,False
39828,89572,117,8058,,,,,,,,14,,9:45.04,,,,,883,True,Distance,540,979,1029.5,M,False,2,2025-01-25,2025-01-25,False
39829,89573,117,140,,,,,,,,14,,9:47.27,,,,,883,True,Distance,531,972,1017.0,M,False,2,2025-01-25,2025-01-25,False
39830,89574,117,161,,,,,,,,14,,10:11.47,,,,,883,True,Distance,434,897,882.5,M,False,2,2025-01-25,2025-01-25,False
39831,89575,117,161,,,,,,,,17,,17:32.86,,,,,883,True,Distance,434,904,886.0,M,False,2,2025-01-25,2025-01-25,False
39832,89576,117,8068,,,,,,,,17,,18:05.76,,,,,883,True,Distance,363,848,787.0,M,False,2,2025-01-25,2025-01-25,False
39833,89577,117,8064,,,,,,,,17,,18:24.49,,,,,883,True,Distance,326,817,734.5,M,False,2,2025-01-25,2025-01-25,False
39837,89581,117,215,,38.0,,54.0,,31.0,,26,,9:53.04,,,,,883,True,Relays,0,0,0.0,M,False,2,2025-01-25,2025-01-25,False
39838,89582,117,23472,,188.0,,8057.0,,8060.0,,30,,11:22.12,,,,,883,True,Relays,0,0,0.0,M,False,2,2025-01-25,2025-01-25,False
39839,89583,117,135,,17.0,,158.0,,160.0,,30,,11:30.16,,,,,883,True,Relays,0,0,0.0,M,False,2,2025-01-25,2025-01-25,False
39840,89584,117,54,,30.0,,38.0,,24699.0,,30,,12:30.44,,,,,883,True,Relays,0,0,0.0,M,False,2,2025-01-25,2025-01-25,False
39849,89593,108,24703,,,,,,,,9,,2:08.06,,,,,883,True,Distance,617,1056,1145.0,M,False,2,2025-01-25,2025-01-25,False
39850,89594,108,23475,,,,,,,,9,,2:19.02,,,,,883,True,Distance,399,893,845.5,M,False,2,2025-01-25,2025-01-25,False
39851,89595,108,8084,,,,,,,,9,,2:22.76,,,,,883,True,Distance,335,840,755.0,M,False,2,2025-01-25,2025-01-25,False
39852,89596,108,24704,,,,,,,,9,,2:38.49,,,,,883,True,Distance,128,636,446.0,M,False,2,2025-01-25,2025-01-25,False
39853,89597,108,24705,,,,,,,,10,,3:04.70,,,,,883,True,Distance,348,841,768.5,M,False,2,2025-01-25,2025-01-25,False
39854,89598,108,20392,,,,,,,,13,,5:06.90,,,,,883,True,Distance,410,868,844.0,M,False,2,2025-01-25,2025-01-25,False
39855,89599,108,24705,,,,,,,,13,,5:07.53,,,,,883,True,Distance,405,864,837.0,M,False,2,2025-01-25,2025-01-25,False
39856,89600,108,24704,,,,,,,,13,,5:32.44,,,,,883,True,Distance,239,713,595.5,M,False,2,2025-01-25,2025-01-25,False
39857,89601,108,24706,,,,,,,,14,,8:55.61,,,,,883,True,Distance,771,1143,1342.5,M,False,2,2025-01-25,2025-01-25,False
39858,89602,108,10,,,,,,,,14,,8:56.23,,,,,883,True,Distance,767,1141,1337.5,M,False,2,2025-01-25,2025-01-25,False
39859,89603,108,124,,,,,,,,14,,9:18.29,,,,,883,True,Distance,660,1066,1193.0,M,False,2,2025-01-25,2025-01-25,False
39860,89604,108,8077,,,,,,,,14,,10:34.99,,,,,883,True,Distance,349,826,762.0,M,False,2,2025-01-25,2025-01-25,False
39861,89605,108,8048,,,,,,,,17,,16:59.44,,,,,883,True,Distance,512,963,993.5,M,False,2,2025-01-25,2025-01-25,False
39864,89608,108,24566,,20392.0,,124.0,,24703.0,,24,,3:48.94,,,,,883,True,Relays,603,1008,1107.0,M,False,2,2025-01-25,2025-01-25,False
39873,89619,96,1552,,,,,,,,9,,2:05.05,,,,,884,True,Distance,685,1104,1237.0,M,False,2,2025-01-25,2025-01-25,False
39874,89620,96,2492,,,,,,,,13,,4:30.80,,,,,884,True,Distance,729,1113,1285.5,M,False,2,2025-01-25,2025-01-25,False
39875,89621,96,364,,,,,,,,13,,4:34.94,,,,,884,True,Distance,688,1084,1230.0,M,False,2,2025-01-25,2025-01-25,False
39876,89622,96,375,,,,,,,,14,,11:58.23,,,,,884,True,Distance,123,601,423.5,M,False,2,2025-01-25,2025-01-25,False
39877,89623,96,364,,,,,,,,14,,9:04.69,,,,,884,True,Distance,725,1112,1281.0,M,False,2,2025-01-25,2025-01-25,False
39878,89624,96,371,,,,,,,,14,,11:49.31,,,,,884,True,Distance,142,623,453.5,M,False,2,2025-01-25,2025-01-25,False
39879,89625,96,24708,,,,,,,,17,,17:35.35,,,,,884,True,Distance,429,900,879.0,M,False,2,2025-01-25,2025-01-25,False
39885,89631,122,24711,,,,,,,,9,,2:25.13,,,,,884,True,Distance,298,808,702.0,M,False,2,2025-01-25,2025-01-25,False
39886,89632,122,1715,,,,,,,,14,,9:06.56,,,,,884,True,Distance,716,1105,1268.5,M,False,2,2025-01-25,2025-01-25,False
39887,89633,122,1712,,,,,,,,14,,9:09.70,,,,,884,True,Distance,701,1095,1248.5,M,False,2,2025-01-25,2025-01-25,False
39907,89653,102,340,,,,,,,,13,,5:25.06,,,,,885,True,Distance,283,757,661.5,M,False,2,2025-01-25,2025-01-25,False
39913,89659,121,8021,,,,,,,,9,,2:26.93,,,,,885,True,Distance,271,783,662.5,M,False,2,2025-01-25,2025-01-25,False
39914,89660,121,3963,,,,,,,,9,,2:27.01,,,,,885,True,Distance,269,782,660.0,M,False,2,2025-01-25,2025-01-25,False
39915,89661,121,2804,,,,,,,,9,,2:27.34,,,,,885,True,Distance,265,778,654.0,M,False,2,2025-01-25,2025-01-25,False
39916,89662,121,2806,,,,,,,,13,,4:59.28,,,,,885,True,Distance,469,917,927.5,M,False,2,2025-01-25,2025-01-25,False
39917,89663,121,2804,,,,,,,,13,,5:22.37,,,,,885,True,Distance,301,773,687.5,M,False,2,2025-01-25,2025-01-25,False
39918,89664,121,2797,,,,,,,,13,,5:36.25,,,,,885,True,Distance,217,692,563.0,M,False,2,2025-01-25,2025-01-25,False
39919,89666,121,3963,,,,,,,,13,,5:38.57,,,,,885,True,Distance,204,679,543.5,M,False,2,2025-01-25,2025-01-25,False
39920,89667,121,2806,,,,,,,,14,,10:22.37,,,,,885,True,Distance,394,864,826.0,M,False,2,2025-01-25,2025-01-25,False
39921,89668,121,3960,,,,,,,,14,,12:44.66,,,,,885,True,Distance,47,490,292.0,M,False,2,2025-01-25,2025-01-25,False
39922,89669,121,8021,,2804.0,,2800.0,,3963.0,,24,,4:13.16,,,,,885,True,Relays,368,825,780.5,M,False,2,2025-01-25,2025-01-25,False
39926,89673,118,3887,,,,,,,,13,,4:47.10,,,,,886,True,Distance,574,999,1073.5,M,False,2,2025-01-25,2025-01-25,False
39927,89674,118,3884,,,,,,,,13,,4:50.55,,,,,886,True,Distance,543,975,1030.5,M,False,2,2025-01-25,2025-01-25,False
39928,89675,118,24720,,,,,,,,13,,4:57.53,,,,,886,True,Distance,484,929,948.5,M,False,2,2025-01-25,2025-01-25,False
39929,89676,118,11323,,,,,,,,13,,5:03.54,,,,,886,True,Distance,435,890,880.0,M,False,2,2025-01-25,2025-01-25,False
39930,89677,118,19422,,,,,,,,13,,5:23.83,,,,,886,True,Distance,291,764,673.0,M,False,2,2025-01-25,2025-01-25,False
39931,89678,118,24721,,,,,,,,13,,5:47.50,,,,,886,True,Distance,159,629,473.5,M,False,2,2025-01-25,2025-01-25,False
39948,89695,107,24621,,,,,,,,9,,2:10.09,,,,,887,True,Distance,573,1025,1085.5,M,False,2,2025-01-24,2025-01-25,False
39949,89696,107,19442,,,,,,,,9,,2:36.80,,,,,887,True,Distance,145,657,473.5,M,False,2,2025-01-24,2025-01-25,False
39950,89697,107,2002,,,,,,,,13,,4:38.31,,,,,887,True,Distance,655,1060,1185.0,M,False,2,2025-01-24,2025-01-25,False
39951,89698,107,24622,,,,,,,,14,,9:09.00,,,,,887,True,Distance,704,1097,1252.5,M,False,2,2025-01-24,2025-01-25,False
39953,89665,121,2800,,,,,,,,13,,5:37.81,,,,,885,True,Distance,209,683,550.5,M,False,2,2025-01-25,2025-01-25,False
40004,89752,124,2860,,,,,,,,9,,1:58.62,,,,,887,True,Distance,843,1208,1447.0,M,False,2,2025-01-24,2025-01-25,False
40005,89753,124,24421,,,,,,,,9,,2:00.76,,,,,887,True,Distance,789,1173,1375.5,M,False,2,2025-01-24,2025-01-25,False
40006,89755,124,19424,,,,,,,,9,,2:13.63,,,,,887,True,Distance,500,972,986.0,M,False,2,2025-01-24,2025-01-25,False
40007,89756,124,24735,,,,,,,,9,,2:13.96,,,,,887,True,Distance,494,967,977.5,M,False,2,2025-01-24,2025-01-25,False
40008,89757,124,2022,,,,,,,,9,,2:15.38,,,,,887,True,Distance,466,946,939.0,M,False,2,2025-01-24,2025-01-25,False
40009,89758,124,24736,,,,,,,,9,,2:16.00,,,,,887,True,Distance,454,937,922.5,M,False,2,2025-01-24,2025-01-25,False
40010,89759,124,2858,,,,,,,,13,,4:16.95,,,,,887,True,Distance,876,1215,1483.5,M,False,2,2025-01-24,2025-01-25,False
40011,89760,124,2860,,,,,,,,13,,4:20.65,,,,,887,True,Distance,836,1188,1430.0,M,False,2,2025-01-24,2025-01-25,False
40012,89761,124,2013,,,,,,,,13,,4:35.00,,,,,887,True,Distance,687,1083,1228.5,M,False,2,2025-01-24,2025-01-25,False
40013,89763,124,2005,,,,,,,,13,,4:41.34,,,,,887,True,Distance,626,1039,1145.5,M,False,2,2025-01-24,2025-01-25,False
40014,89764,124,11307,,,,,,,,13,,4:55.12,,,,,887,True,Distance,504,945,976.5,M,False,2,2025-01-24,2025-01-25,False
40015,89765,124,11310,,,,,,,,13,,4:55.91,,,,,887,True,Distance,497,940,967.0,M,False,2,2025-01-24,2025-01-25,False
40016,89766,124,19424,,,,,,,,13,,4:58.25,,,,,887,True,Distance,478,924,940.0,M,False,2,2025-01-24,2025-01-25,False
40017,89767,124,24737,,,,,,,,13,,5:01.21,,,,,887,True,Distance,454,905,906.5,M,False,2,2025-01-24,2025-01-25,False
40018,89768,124,19417,,,,,,,,13,,5:05.71,,,,,887,True,Distance,419,876,857.0,M,False,2,2025-01-24,2025-01-25,False
40019,89769,124,2022,,,,,,,,13,,5:11.06,,,,,887,True,Distance,379,842,800.0,M,False,2,2025-01-24,2025-01-25,False
40020,89770,124,2874,,,,,,,,13,,5:17.91,,,,,887,True,Distance,330,800,730.0,M,False,2,2025-01-24,2025-01-25,False
40021,89771,124,3834,,,,,,,,13,,5:44.83,,,,,887,True,Distance,172,644,494.0,M,False,2,2025-01-24,2025-01-25,False
40022,89772,124,2007,,,,,,,,14,,8:39.14,,,,,887,True,Distance,856,1200,1456.0,M,False,2,2025-01-24,2025-01-25,False
40023,89773,124,1997,,,,,,,,14,,8:50.80,,,,,887,True,Distance,795,1159,1374.5,M,False,2,2025-01-24,2025-01-25,False
40024,89774,124,2858,,,,,,,,14,,8:53.22,,,,,887,True,Distance,783,1151,1358.5,M,False,2,2025-01-24,2025-01-25,False
40025,89775,124,2871,,,,,,,,14,,9:08.58,,,,,887,True,Distance,706,1099,1255.5,M,False,2,2025-01-24,2025-01-25,False
40026,89776,124,2013,,,,,,,,14,,9:12.66,,,,,887,True,Distance,687,1085,1229.5,M,False,2,2025-01-24,2025-01-25,False
40027,89777,124,3832,,,,,,,,14,,9:29.72,,,,,887,True,Distance,607,1028,1121.0,M,False,2,2025-01-24,2025-01-25,False
40028,89778,124,11310,,,,,,,,14,,9:32.56,,,,,887,True,Distance,595,1019,1104.5,M,False,2,2025-01-24,2025-01-25,False
40029,89779,124,19434,,,,,,,,14,,9:35.90,,,,,887,True,Distance,580,1008,1084.0,M,False,2,2025-01-24,2025-01-25,False
40030,89780,124,19417,,,,,,,,14,,9:58.07,,,,,887,True,Distance,487,938,956.0,M,False,2,2025-01-24,2025-01-25,False
40031,89781,124,21237,,,,,,,,14,,10:01.07,,,,,887,True,Distance,475,929,939.5,M,False,2,2025-01-24,2025-01-25,False
40034,89784,124,24736,,24735.0,,11307.0,,24421.0,,24,,3:53.53,,,,,887,True,Relays,554,972,1040.0,M,False,2,2025-01-24,2025-01-25,False
40048,89792,88,507,So,,,,,,,14,,9:18.14,,,,,889,True,Distance,661,1067,1194.5,M,False,2,2025-01-26,2025-01-26,False
40055,89754,124,2045,,,,,,,,9,,2:10.70,,,,,887,True,Distance,560,1016,1068.0,M,False,2,2025-01-24,2025-01-25,False
40056,89793,88,3615,Jr,,,,,,,14,,9:21.97,,,,,889,True,Distance,643,1054,1170.0,M,False,2,2025-01-26,2025-01-26,False
40057,89794,88,2560,Sr,,,,,,,14,,9:33.75,,,,,889,True,Distance,589,1015,1096.5,M,False,2,2025-01-26,2025-01-26,False
40059,89796,88,521,Jr,,,,,,,9,,2:03.39,,,,,889,True,Distance,724,1130,1289.0,M,False,2,2025-01-26,2025-01-26,False
40060,89797,88,24595,Fr,,,,,,,10,,2:32.30,,,,,889,True,Distance,875,1228,1489.0,M,False,2,2025-01-26,2025-01-26,False
40061,89798,88,11485,Fr,,,,,,,13,,4:34.00,,,,,889,True,Distance,697,1090,1242.0,M,False,2,2025-01-26,2025-01-26,False
40062,89799,88,529,Jr,,,,,,,13,,4:56.88,,,,,889,True,Distance,489,933,955.5,M,False,2,2025-01-26,2025-01-26,False
40132,89419,162,1266,,3790.0,,1288.0,,24678.0,,30,,12:03.20,,,,,1007,True,Relays,0,0,0.0,M,False,2,2025-01-25,2025-01-25,False
40137,89317,116,7976,,,,,,,,17,,16:02.97,,,,,1007,True,Distance,659,1066,1192.0,M,False,2,2025-01-25,2025-01-25,False
40138,89417,162,3169,,1179.0,,24678.0,,3790.0,,24,,3:42.35,,,,,1007,True,Relays,676,1061,1206.5,M,False,2,2025-01-25,2025-01-25,False
40139,89395,146,24669,,4386.0,,24670.0,,4150.0,,24,,3:31.73,,,,,1007,True,Relays,804,1148,1378.0,M,False,2,2025-01-25,2025-01-25,False
40140,89396,146,3708,,3728.0,,3726.0,,3733.0,,24,,3:34.52,,,,,1007,True,Relays,769,1125,1331.5,M,False,2,2025-01-25,2025-01-25,False
40141,89397,146,24673,,24609.0,,3720.0,,24674.0,,24,,3:39.85,,,,,1007,True,Relays,705,1081,1245.5,M,False,2,2025-01-25,2025-01-25,False
40382,89310,116,24640,,,,,,,,13,,4:29.95,,,,,1007,True,Distance,738,1119,1297.5,M,False,2,2025-01-25,2025-01-25,False
40385,89371,146,22385,,,,,,,,14,,9:20.13,,,,,1007,True,Distance,651,1060,1181.0,M,False,2,2025-01-25,2025-01-25,False
41295,90552,79,7954,,,,,,,,9,,2:13.18,,,,,851,True,Distance,509,978,998.0,M,False,2,2024-12-08,2024-12-08,False
41298,90555,79,24801,,,,,,,,17,,16:54.84,,,,,851,True,Distance,524,971,1009.5,M,False,2,2024-12-08,2024-12-08,False
41312,90561,79,2542,,,,,,,,14,,8:58.60,,,,,889,True,Distance,755,1132,1321.0,M,False,2,2025-01-26,2025-01-26,False
41322,90562,79,508,,,,,,,,14,,8:58.77,,,,,889,True,Distance,755,1132,1321.0,M,False,2,2025-01-26,2025-01-26,False
41323,90563,79,7950,,,,,,,,14,,9:50.30,,,,,889,True,Distance,518,962,999.0,M,False,2,2025-01-26,2025-01-26,False
41324,90564,79,509,,,,,,,,14,,10:04.88,,,,,889,True,Distance,460,917,918.5,M,False,2,2025-01-26,2025-01-26,False
41329,90569,79,3859,,,,,,,,13,,4:43.65,,,,,889,True,Distance,605,1023,1116.5,M,False,2,2025-01-26,2025-01-26,False
41330,90570,79,506,,,,,,,,13,,4:56.94,,,,,889,True,Distance,489,933,955.5,M,False,2,2025-01-26,2025-01-26,False
41331,90571,79,3613,,,,,,,,13,,5:09.71,,,,,889,True,Distance,389,851,814.5,M,False,2,2025-01-26,2025-01-26,False
41354,90591,1,2,,,,,,,,17,,14:26.46,,,,,1016,True,Distance,953,1255,1580.5,M,False,2,2025-01-31,2025-02-01,False
41830,90593,122,1715,,,,,,,,13,,4:25.73,,,,,1011,True,Distance,781,1150,1356.0,M,False,2,2025-01-31,2025-01-31,False
41831,90594,122,1712,,,,,,,,17,,15:27.68,,,,,1011,True,Distance,761,1133,1327.5,M,False,2,2025-01-31,2025-01-31,False
41835,90598,104,2020,,,,,,,,13,,4:59.06,,,,,1017,True,Distance,471,919,930.5,M,False,2,2025-01-31,2025-02-01,False
41836,90599,104,2040,,,,,,,,13,,6:13.34,,,,,1017,True,Distance,60,497,308.5,M,False,2,2025-01-31,2025-02-01,False
41848,90611,112,11301,,,,,,,,9,,1:59.08,,,,,1017,True,Distance,831,1201,1431.5,M,False,2,2025-01-31,2025-02-01,False
41849,90612,112,417,,,,,,,,9,,1:59.93,,,,,1017,True,Distance,810,1187,1403.5,M,False,2,2025-01-31,2025-02-01,False
41850,90613,112,19406,,,,,,,,9,,2:00.28,,,,,1017,True,Distance,801,1181,1391.5,M,False,2,2025-01-31,2025-02-01,False
41851,90614,112,426,,,,,,,,9,,2:01.65,,,,,1017,True,Distance,767,1158,1346.0,M,False,2,2025-01-31,2025-02-01,False
41852,90615,112,420,,,,,,,,9,,2:04.02,,,,,1017,True,Distance,709,1120,1269.0,M,False,2,2025-01-31,2025-02-01,False
41853,90616,112,24805,,,,,,,,9,,2:15.60,,,,,1017,True,Distance,462,942,933.0,M,False,2,2025-01-31,2025-02-01,False
41854,90617,112,2886,,,,,,,,9,,2:18.87,,,,,1017,True,Distance,401,895,848.5,M,False,2,2025-01-31,2025-02-01,False
41859,90622,112,426,,,,,,,,13,,4:26.94,,,,,1017,True,Distance,769,1141,1339.5,M,False,2,2025-01-31,2025-02-01,False
41860,90623,112,417,,,,,,,,13,,4:29.66,,,,,1017,True,Distance,741,1121,1301.5,M,False,2,2025-01-31,2025-02-01,False
41861,90624,112,415,,,,,,,,13,,4:32.36,,,,,1017,True,Distance,714,1102,1265.0,M,False,2,2025-01-31,2025-02-01,False
41862,90625,112,11301,,,,,,,,13,,4:32.46,,,,,1017,True,Distance,713,1101,1263.5,M,False,2,2025-01-31,2025-02-01,False
41863,90626,112,3333,,,,,,,,13,,4:34.82,,,,,1017,True,Distance,689,1084,1231.0,M,False,2,2025-01-31,2025-02-01,False
41864,90627,112,11305,,,,,,,,13,,4:47.25,,,,,1017,True,Distance,572,998,1071.0,M,False,2,2025-01-31,2025-02-01,False
41865,90628,112,2886,,,,,,,,13,,5:04.86,,,,,1017,True,Distance,425,881,865.5,M,False,2,2025-01-31,2025-02-01,False
41866,90629,112,5645,,,,,,,,13,,5:05.40,,,,,1017,True,Distance,421,878,860.0,M,False,2,2025-01-31,2025-02-01,False
41867,90630,112,434,,,,,,,,13,,5:14.40,,,,,1017,True,Distance,355,821,765.5,M,False,2,2025-01-31,2025-02-01,False
41868,90631,112,19431,,,,,,,,13,,5:42.82,,,,,1017,True,Distance,182,655,509.5,M,False,2,2025-01-31,2025-02-01,False
41875,90638,112,416,,,,,,,,14,,8:42.28,,,,,1017,True,Distance,840,1189,1434.5,M,False,2,2025-01-31,2025-02-01,False
41876,90639,112,435,,,,,,,,14,,9:01.60,,,,,1017,True,Distance,740,1122,1301.0,M,False,2,2025-01-31,2025-02-01,False
41877,90640,112,415,,,,,,,,14,,9:16.40,,,,,1017,True,Distance,669,1072,1205.0,M,False,2,2025-01-31,2025-02-01,False
41879,90642,112,421,,,,,,,,17,,15:41.84,,,,,1017,True,Distance,719,1106,1272.0,M,False,2,2025-01-31,2025-02-01,False
41882,90645,112,5645,,19406.0,,426.0,,11301.0,,24,,3:32.48,,,,,1017,True,Relays,795,1142,1366.0,M,False,2,2025-01-31,2025-02-01,False
41883,90646,112,3336,,3333.0,,435.0,,417.0,,24,,3:49.94,,,,,1017,True,Relays,592,1000,1092.0,M,False,2,2025-01-31,2025-02-01,False
41884,90647,112,11331,,11322.0,,2886.0,,415.0,,24,,4:01.91,,,,,1017,True,Relays,470,908,924.0,M,False,2,2025-01-31,2025-02-01,False
41886,90649,112,3333,,3336.0,,435.0,,417.0,,30,,10:51.78,,,,,1017,True,Relays,0,0,0.0,M,False,2,2025-01-31,2025-02-01,False
41888,90651,118,11303,,,,,,,,13,,4:39.79,,,,,1017,True,Distance,641,1049,1165.5,M,False,2,2025-01-31,2025-02-01,False
41889,90652,118,3884,,,,,,,,13,,4:46.88,,,,,1017,True,Distance,576,1000,1076.0,M,False,2,2025-01-31,2025-02-01,False
41890,90653,118,24720,,,,,,,,13,,4:52.78,,,,,1017,True,Distance,524,961,1004.5,M,False,2,2025-01-31,2025-02-01,False
41891,90654,118,11323,,,,,,,,13,,5:03.02,,,,,1017,True,Distance,440,893,886.5,M,False,2,2025-01-31,2025-02-01,False
41892,90655,118,19422,,,,,,,,13,,5:15.41,,,,,1017,True,Distance,348,815,755.5,M,False,2,2025-01-31,2025-02-01,False
41893,90656,118,24806,,,,,,,,13,,5:20.57,,,,,1017,True,Distance,312,784,704.0,M,False,2,2025-01-31,2025-02-01,False
41899,90662,118,11303,,,,,,,,14,,9:25.74,,,,,1017,True,Distance,625,1041,1145.5,M,False,2,2025-01-31,2025-02-01,False
41936,90699,124,2860,,,,,,,,9,,1:57.60,,,,,1017,True,Distance,870,1225,1482.5,M,False,2,2025-01-31,2025-02-01,False
41937,90700,124,11307,,,,,,,,9,,2:09.94,,,,,1017,True,Distance,576,1027,1089.5,M,False,2,2025-01-31,2025-02-01,False
41938,90701,124,19435,,,,,,,,9,,2:21.86,,,,,1017,True,Distance,350,853,776.5,M,False,2,2025-01-31,2025-02-01,False
41939,90702,124,24808,,,,,,,,9,,2:26.78,,,,,1017,True,Distance,273,785,665.5,M,False,2,2025-01-31,2025-02-01,False
41945,90708,124,2858,,,,,,,,13,,4:13.49,,,,,1017,True,Distance,915,1241,1535.5,M,False,2,2025-01-31,2025-02-01,False
41946,90709,124,1997,,,,,,,,13,,4:24.10,,,,,1017,True,Distance,799,1162,1380.0,M,False,2,2025-01-31,2025-02-01,False
41947,90710,124,11304,,,,,,,,13,,4:28.31,,,,,1017,True,Distance,755,1131,1320.5,M,False,2,2025-01-31,2025-02-01,False
41948,90711,124,24809,,,,,,,,13,,4:30.44,,,,,1017,True,Distance,733,1116,1291.0,M,False,2,2025-01-31,2025-02-01,False
41949,90712,124,3832,,,,,,,,13,,4:34.78,,,,,1017,True,Distance,690,1085,1232.5,M,False,2,2025-01-31,2025-02-01,False
41950,90713,124,5500,,,,,,,,13,,4:36.26,,,,,1017,True,Distance,675,1074,1212.0,M,False,2,2025-01-31,2025-02-01,False
41951,90715,124,2005,,,,,,,,13,,4:37.08,,,,,1017,True,Distance,667,1068,1201.0,M,False,2,2025-01-31,2025-02-01,False
41952,90716,124,21232,,,,,,,,13,,4:38.13,,,,,1017,True,Distance,657,1061,1187.5,M,False,2,2025-01-31,2025-02-01,False
41953,90717,124,2001,,,,,,,,13,,4:40.18,,,,,1017,True,Distance,637,1047,1160.5,M,False,2,2025-01-31,2025-02-01,False
41954,90718,124,11310,,,,,,,,13,,4:46.46,,,,,1017,True,Distance,579,1003,1080.5,M,False,2,2025-01-31,2025-02-01,False
41955,90719,124,21237,,,,,,,,13,,4:53.50,,,,,1017,True,Distance,518,956,996.0,M,False,2,2025-01-31,2025-02-01,False
41956,90720,124,19417,,,,,,,,13,,4:58.73,,,,,1017,True,Distance,474,921,934.5,M,False,2,2025-01-31,2025-02-01,False
41957,90721,124,24808,,,,,,,,13,,5:21.65,,,,,1017,True,Distance,305,777,693.5,M,False,2,2025-01-31,2025-02-01,False
41958,90722,124,2034,,,,,,,,13,,5:25.27,,,,,1017,True,Distance,282,755,659.5,M,False,2,2025-01-31,2025-02-01,False
41959,90723,124,2042,,,,,,,,13,,5:42.56,,,,,1017,True,Distance,184,656,512.0,M,False,2,2025-01-31,2025-02-01,False
41960,90724,124,19434,,,,,,,,13,,5:45.36,,,,,1017,True,Distance,170,641,490.5,M,False,2,2025-01-31,2025-02-01,False
41976,90740,124,2855,,,,,,,,14,,8:27.66,,,,,1017,True,Distance,919,1241,1539.5,M,False,2,2025-01-31,2025-02-01,False
41977,90741,124,19402,,,,,,,,14,,8:34.13,,,,,1017,True,Distance,883,1218,1492.0,M,False,2,2025-01-31,2025-02-01,False
41978,90743,124,2013,,,,,,,,14,,8:56.84,,,,,1017,True,Distance,764,1138,1333.0,M,False,2,2025-01-31,2025-02-01,False
41979,90744,124,1990,,,,,,,,14,,9:18.35,,,,,1017,True,Distance,660,1066,1193.0,M,False,2,2025-01-31,2025-02-01,False
41980,90745,124,2001,,,,,,,,14,,9:18.45,,,,,1017,True,Distance,659,1065,1191.5,M,False,2,2025-01-31,2025-02-01,False
41981,90746,124,11310,,,,,,,,14,,9:27.97,,,,,1017,True,Distance,615,1034,1132.0,M,False,2,2025-01-31,2025-02-01,False
41982,90747,124,21237,,,,,,,,14,,9:55.12,,,,,1017,True,Distance,498,947,971.5,M,False,2,2025-01-31,2025-02-01,False
41983,90748,124,24811,,,,,,,,14,,9:55.27,,,,,1017,True,Distance,498,947,971.5,M,False,2,2025-01-31,2025-02-01,False
41984,90749,124,19435,,,,,,,,14,,11:56.34,,,,,1017,True,Distance,127,605,429.5,M,False,2,2025-01-31,2025-02-01,False
41992,90757,124,2855,,,,,,,,17,,14:57.57,,,,,1017,True,Distance,853,1192,1449.0,M,False,2,2025-01-31,2025-02-01,False
41993,90759,124,2007,,,,,,,,17,,15:22.53,,,,,1017,True,Distance,776,1143,1347.5,M,False,2,2025-01-31,2025-02-01,False
41994,90762,124,2001,,,,,,,,17,,15:58.02,,,,,1017,True,Distance,673,1075,1210.5,M,False,2,2025-01-31,2025-02-01,False
41995,90763,124,2022,,,,,,,,17,,18:18.43,,,,,1017,True,Distance,338,827,751.5,M,False,2,2025-01-31,2025-02-01,False
42004,90772,124,3846,,2858.0,,24421.0,,2860.0,,24,,3:29.17,,,,,1017,True,Relays,836,1170,1421.0,M,False,2,2025-01-31,2025-02-01,False
42005,90773,124,3832,,2855.0,,1997.0,,1993.0,,24,,3:42.19,,,,,1017,True,Relays,678,1062,1209.0,M,False,2,2025-01-31,2025-02-01,False
42006,90760,124,2871,,,,,,,,17,,15:26.75,,,,,1017,True,Distance,763,1135,1330.5,M,False,2,2025-01-31,2025-02-01,False
42007,90714,124,2045,,,,,,,,13,,4:36.58,,,,,1017,True,Distance,672,1072,1208.0,M,False,2,2025-01-31,2025-02-01,False
42008,90761,124,2045,,,,,,,,17,,15:57.41,,,,,1017,True,Distance,675,1077,1213.5,M,False,2,2025-01-31,2025-02-01,False
42009,90774,124,11304,,24809.0,,11307.0,,19411.0,,24,,3:44.06,,,,,1017,True,Relays,657,1047,1180.5,M,False,2,2025-01-31,2025-02-01,False
42011,90776,124,2860,,19411.0,,24421.0,,2858.0,,30,,10:24.25,,,,,1017,True,Relays,0,0,0.0,M,False,2,2025-01-31,2025-02-01,False
42013,90778,188,3543,,,,,,,,9,,1:59.69,,,,,1018,True,Distance,816,1191,1411.5,M,False,2,2025-01-31,2025-02-01,False
42014,90779,188,5013,,,,,,,,13,,4:30.34,,,,,1018,True,Distance,734,1117,1292.5,M,False,2,2025-01-31,2025-02-01,False
42015,90780,204,868,,,,,,,,13,,4:34.73,,,,,1018,True,Distance,690,1085,1232.5,M,False,2,2025-01-31,2025-02-01,False
42017,90782,164,700,,,,,,,,9,,2:13.18,,,,,1019,True,Distance,509,978,998.0,M,False,2,2025-01-31,2025-02-01,False
42018,90783,164,19003,,,,,,,,9,,2:14.08,,,,,1019,True,Distance,491,965,973.5,M,False,2,2025-01-31,2025-02-01,False
42019,90784,164,772,,,,,,,,9,,2:14.47,,,,,1019,True,Distance,484,959,963.5,M,False,2,2025-01-31,2025-02-01,False
42020,90785,164,2727,,,,,,,,9,,2:21.96,,,,,1019,True,Distance,348,851,773.5,M,False,2,2025-01-31,2025-02-01,False
42021,90786,164,801,,,,,,,,9,,2:33.74,,,,,1019,True,Distance,180,695,527.5,M,False,2,2025-01-31,2025-02-01,False
42029,90795,164,18979,,,,,,,,13,,4:32.48,,,,,1019,True,Distance,712,1101,1262.5,M,False,2,2025-01-31,2025-02-01,False
42030,90796,164,24820,,,,,,,,13,,4:51.69,,,,,1019,True,Distance,533,968,1017.0,M,False,2,2025-01-31,2025-02-01,False
42031,90797,164,772,,,,,,,,13,,4:52.50,,,,,1019,True,Distance,526,962,1007.0,M,False,2,2025-01-31,2025-02-01,False
42032,90798,164,5411,,,,,,,,13,,4:54.72,,,,,1019,True,Distance,507,948,981.0,M,False,2,2025-01-31,2025-02-01,False
42033,90799,164,728,,,,,,,,13,,5:13.37,,,,,1019,True,Distance,362,828,776.0,M,False,2,2025-01-31,2025-02-01,False
42034,90800,164,2749,,,,,,,,13,,5:23.92,,,,,1019,True,Distance,291,763,672.5,M,False,2,2025-01-31,2025-02-01,False
42035,90801,164,2743,,,,,,,,13,,5:27.33,,,,,1019,True,Distance,269,743,640.5,M,False,2,2025-01-31,2025-02-01,False
42036,90802,164,4433,,,,,,,,13,,5:34.00,,,,,1019,True,Distance,230,704,582.0,M,False,2,2025-01-31,2025-02-01,False
42037,90803,164,786,,,,,,,,13,,5:49.60,,,,,1019,True,Distance,150,618,459.0,M,False,2,2025-01-31,2025-02-01,False
42038,90804,164,24821,,,,,,,,13,,5:56.14,,,,,1019,True,Distance,121,583,412.5,M,False,2,2025-01-31,2025-02-01,False
42039,90805,164,18979,,,,,,,,14,,9:14.44,,,,,1019,True,Distance,678,1079,1217.5,M,False,2,2025-01-31,2025-02-01,False
42040,90806,164,18963,,,,,,,,14,,9:20.31,,,,,1019,True,Distance,650,1059,1179.5,M,False,2,2025-01-31,2025-02-01,False
42041,90807,164,709,,,,,,,,14,,9:24.49,,,,,1019,True,Distance,631,1045,1153.5,M,False,2,2025-01-31,2025-02-01,False
42042,90808,164,691,,,,,,,,14,,10:00.30,,,,,1019,True,Distance,478,931,943.5,M,False,2,2025-01-31,2025-02-01,False
42043,90809,164,731,,,,,,,,14,,10:06.51,,,,,1019,True,Distance,453,912,909.0,M,False,2,2025-01-31,2025-02-01,False
42044,90811,164,24820,,,,,,,,14,,10:27.85,,,,,1019,True,Distance,374,847,797.5,M,False,2,2025-01-31,2025-02-01,False
42045,90812,164,24821,,,,,,,,14,,12:04.08,,,,,1019,True,Distance,111,586,404.0,M,False,2,2025-01-31,2025-02-01,False
42046,90813,164,700,,721.0,,772.0,,2727.0,,24,,4:05.63,,,,,1019,True,Relays,435,880,875.0,M,False,2,2025-01-31,2025-02-01,False
42047,90814,164,683,,801.0,,709.0,,24823.0,,24,,4:11.30,,,,,1019,True,Relays,384,839,803.5,M,False,2,2025-01-31,2025-02-01,False
42095,90862,116,24640,,,,,,,,9,,1:59.69,,,,,1020,True,Distance,816,1191,1411.5,M,False,2,2025-01-31,2025-01-31,False
42096,90863,116,24637,,,,,,,,9,,2:03.05,,,,,1020,True,Distance,733,1136,1301.0,M,False,2,2025-01-31,2025-01-31,False
42097,90864,116,2059,,,,,,,,9,,2:10.49,,,,,1020,True,Distance,565,1019,1074.5,M,False,2,2025-01-31,2025-01-31,False
42098,90865,116,458,,,,,,,,9,,2:19.67,,,,,1020,True,Distance,387,884,829.0,M,False,2,2025-01-31,2025-01-31,False
42099,90866,116,4917,,,,,,,,13,,4:53.24,,,,,1020,True,Distance,520,957,998.5,M,False,2,2025-01-31,2025-01-31,False
42100,90867,116,24643,,,,,,,,13,,4:53.48,,,,,1020,True,Distance,518,956,996.0,M,False,2,2025-01-31,2025-01-31,False
42101,90868,116,462,,,,,,,,13,,6:33.16,,,,,1020,True,Distance,16,406,219.0,M,False,2,2025-01-31,2025-01-31,False
42102,90870,116,7976,,,,,,,,14,,9:12.85,,,,,1020,True,Distance,686,1084,1228.0,M,False,2,2025-01-31,2025-01-31,False
42103,90871,116,7977,,,,,,,,14,,9:24.35,,,,,1020,True,Distance,632,1046,1155.0,M,False,2,2025-01-31,2025-01-31,False
42104,90872,116,4144,,,,,,,,14,,9:26.88,,,,,1020,True,Distance,620,1038,1139.0,M,False,2,2025-01-31,2025-01-31,False
42105,90873,116,24642,,,,,,,,14,,9:38.87,,,,,1020,True,Distance,567,999,1066.5,M,False,2,2025-01-31,2025-01-31,False
42106,90874,116,24644,,,,,,,,14,,10:14.58,,,,,1020,True,Distance,422,887,865.5,M,False,2,2025-01-31,2025-01-31,False
42107,90875,116,24635,,24629.0,,24631.0,,24630.0,,22,,1:37.12,,,,,1020,True,Relays,685,1089,1229.5,M,False,2,2025-01-31,2025-01-31,False
42111,90810,164,19007,,,,,,,,14,,10:17.99,,,,,1019,True,Distance,410,877,848.5,M,False,2,2025-01-31,2025-02-01,False
42124,90890,120,18787,,,,,,,,9,,2:07.46,,,,,1020,True,Distance,630,1066,1163.0,M,False,2,2025-01-31,2025-01-31,False
42125,90891,120,24836,,,,,,,,9,,2:11.02,,,,,1020,True,Distance,553,1011,1058.5,M,False,2,2025-01-31,2025-01-31,False
42126,90892,120,7689,,,,,,,,9,,2:14.88,,,,,1020,True,Distance,476,953,952.5,M,False,2,2025-01-31,2025-01-31,False
42127,90893,120,344,,,,,,,,9,,2:17.36,,,,,1020,True,Distance,429,917,887.5,M,False,2,2025-01-31,2025-01-31,False
42128,90894,120,7691,,,,,,,,9,,2:20.48,,,,,1020,True,Distance,373,872,809.0,M,False,2,2025-01-31,2025-01-31,False
42129,90895,120,24837,,,,,,,,9,,2:21.84,,,,,1020,True,Distance,350,853,776.5,M,False,2,2025-01-31,2025-01-31,False
42130,90896,120,8019,,,,,,,,9,,2:23.27,,,,,1020,True,Distance,327,833,743.5,M,False,2,2025-01-31,2025-01-31,False
42131,90897,120,345,,,,,,,,9,,2:33.75,,,,,1020,True,Distance,180,695,527.5,M,False,2,2025-01-31,2025-01-31,False
42132,90898,120,327,,,,,,,,13,,4:48.71,,,,,1020,True,Distance,559,988,1053.0,M,False,2,2025-01-31,2025-01-31,False
42133,90899,120,18787,,,,,,,,13,,4:50.44,,,,,1020,True,Distance,544,976,1032.0,M,False,2,2025-01-31,2025-01-31,False
42134,90900,120,7691,,,,,,,,13,,4:54.67,,,,,1020,True,Distance,508,948,982.0,M,False,2,2025-01-31,2025-01-31,False
42135,90901,120,345,,,,,,,,13,,5:42.58,,,,,1020,True,Distance,184,656,512.0,M,False,2,2025-01-31,2025-01-31,False
42136,90902,120,8019,,,,,,,,13,,5:54.00,,,,,1020,True,Distance,130,594,427.0,M,False,2,2025-01-31,2025-01-31,False
42137,90903,120,7689,,,,,,,,14,,9:28.72,,,,,1020,True,Distance,612,1032,1128.0,M,False,2,2025-01-31,2025-01-31,False
42138,90904,120,327,,,,,,,,14,,9:46.36,,,,,1020,True,Distance,535,975,1022.5,M,False,2,2025-01-31,2025-01-31,False
42139,90905,120,24836,,,,,,,,14,,10:10.10,,,,,1020,True,Distance,439,901,889.5,M,False,2,2025-01-31,2025-01-31,False
42140,90906,120,344,,24835.0,,24833.0,,4011.0,,22,,1:44.54,,,,,1020,True,Relays,485,953,961.5,M,False,2,2025-01-31,2025-01-31,False
42141,90907,120,327,,344.0,,24835.0,,4011.0,,24,,3:55.89,,,,,1020,True,Relays,529,954,1006.0,M,False,2,2025-01-31,2025-01-31,False
42142,90908,120,327,,24836.0,,344.0,,24835.0,,30,,12:44.53,,,,,1020,True,Relays,0,0,0.0,M,False,2,2025-01-31,2025-01-31,False
42158,90924,58,19538,,,,,,,,9,,2:01.45,,,,,1021,True,Distance,772,1162,1353.0,M,False,2,2025-02-01,2025-02-01,False
42159,90925,58,178,,,,,,,,13,,4:44.07,,,,,1021,True,Distance,601,1020,1111.0,M,False,2,2025-02-01,2025-02-01,False
42160,90926,58,24845,,,,,,,,13,,4:47.06,,,,,1021,True,Distance,574,999,1073.5,M,False,2,2025-02-01,2025-02-01,False
42161,90927,58,170,,,,,,,,13,,4:57.55,,,,,1021,True,Distance,484,929,948.5,M,False,2,2025-02-01,2025-02-01,False
42162,90928,58,131,,,,,,,,13,,4:59.28,,,,,1021,True,Distance,469,917,927.5,M,False,2,2025-02-01,2025-02-01,False
42163,90929,58,134,,,,,,,,13,,5:11.53,,,,,1021,True,Distance,375,839,794.5,M,False,2,2025-02-01,2025-02-01,False
42164,90930,58,19534,,,,,,,,13,,5:12.90,,,,,1021,True,Distance,365,831,780.5,M,False,2,2025-02-01,2025-02-01,False
42165,90931,58,162,,,,,,,,13,,5:16.46,,,,,1021,True,Distance,340,809,744.5,M,False,2,2025-02-01,2025-02-01,False
42166,90932,58,179,,,,,,,,13,,5:58.01,,,,,1021,True,Distance,113,574,400.0,M,False,2,2025-02-01,2025-02-01,False
42167,90933,58,3922,,,,,,,,14,,9:15.75,,,,,1021,True,Distance,672,1074,1209.0,M,False,2,2025-02-01,2025-02-01,False
42168,90934,58,19534,,,,,,,,14,,9:59.77,,,,,1021,True,Distance,480,933,946.5,M,False,2,2025-02-01,2025-02-01,False
42169,90935,58,165,,,,,,,,14,,13:14.65,,,,,1021,True,Distance,17,425,229.5,M,False,2,2025-02-01,2025-02-01,False
42172,90938,58,24846,,24841.0,,24839.0,,3923.0,,24,,3:31.85,,,,,1021,True,Relays,802,1147,1375.5,M,False,2,2025-02-01,2025-02-01,False
42185,90951,49,18,,,,,,,,9,,2:01.90,,,,,1022,True,Distance,761,1154,1338.0,M,False,2,2025-02-01,2025-02-01,False
42186,90952,49,19503,,,,,,,,9,,2:31.35,,,,,1022,True,Distance,210,725,572.5,M,False,2,2025-02-01,2025-02-01,False
42187,90953,49,18,,,,,,,,13,,4:38.66,,,,,1022,True,Distance,652,1057,1180.5,M,False,2,2025-02-01,2025-02-01,False
42188,90954,49,3782,,,,,,,,13,,4:47.71,,,,,1022,True,Distance,568,995,1065.5,M,False,2,2025-02-01,2025-02-01,False
42189,90955,49,19502,,,,,,,,13,,4:53.23,,,,,1022,True,Distance,520,957,998.5,M,False,2,2025-02-01,2025-02-01,False
42190,90956,49,24849,,,,,,,,13,,5:00.37,,,,,1022,True,Distance,461,910,916.0,M,False,2,2025-02-01,2025-02-01,False
42191,90957,49,2258,,,,,,,,14,,8:50.30,,,,,1022,True,Distance,798,1161,1378.5,M,False,2,2025-02-01,2025-02-01,False
42192,90958,49,2260,,,,,,,,14,,9:07.82,,,,,1022,True,Distance,710,1101,1260.5,M,False,2,2025-02-01,2025-02-01,False
42193,90959,49,2994,,,,,,,,14,,9:18.08,,,,,1022,True,Distance,661,1067,1194.5,M,False,2,2025-02-01,2025-02-01,False
42194,90960,49,5,,,,,,,,14,,9:21.90,,,,,1022,True,Distance,643,1054,1170.0,M,False,2,2025-02-01,2025-02-01,False
42195,90961,49,19502,,,,,,,,14,,9:40.13,,,,,1022,True,Distance,561,995,1058.5,M,False,2,2025-02-01,2025-02-01,False
42196,90962,49,24849,,,,,,,,14,,9:43.99,,,,,1022,True,Distance,545,982,1036.0,M,False,2,2025-02-01,2025-02-01,False
42197,90963,49,19503,,,,,,,,14,,12:24.14,,,,,1022,True,Distance,76,538,345.0,M,False,2,2025-02-01,2025-02-01,False
42198,90964,49,3781,,3782.0,,2258.0,,18.0,,24,,3:45.38,,,,,1022,True,Relays,642,1036,1160.0,M,False,2,2025-02-01,2025-02-01,False
42233,91000,61,1658,,,,,,,,9,,2:03.27,,,,,1022,True,Distance,727,1132,1293.0,M,False,2,2025-02-01,2025-02-01,False
42234,91001,61,1657,,,,,,,,9,,2:04.30,,,,,1022,True,Distance,703,1116,1261.0,M,False,2,2025-02-01,2025-02-01,False
42235,91003,61,4046,,,,,,,,9,,2:05.68,,,,,1022,True,Distance,671,1094,1218.0,M,False,2,2025-02-01,2025-02-01,False
42236,91004,61,2273,,,,,,,,9,,2:09.90,,,,,1022,True,Distance,577,1028,1091.0,M,False,2,2025-02-01,2025-02-01,False
42237,91005,61,2281,,,,,,,,9,,2:21.98,,,,,1022,True,Distance,348,851,773.5,M,False,2,2025-02-01,2025-02-01,False
42238,91006,61,1662,,,,,,,,9,,2:23.22,,,,,1022,True,Distance,328,834,745.0,M,False,2,2025-02-01,2025-02-01,False
42239,91007,61,21474,,,,,,,,9,,2:33.15,,,,,1022,True,Distance,187,702,538.0,M,False,2,2025-02-01,2025-02-01,False
42240,91008,61,24857,,,,,,,,9,,2:40.05,,,,,1022,True,Distance,113,617,421.5,M,False,2,2025-02-01,2025-02-01,False
42241,91009,61,382,,,,,,,,13,,4:30.18,,,,,1022,True,Distance,736,1118,1295.0,M,False,2,2025-02-01,2025-02-01,False
42242,91010,61,1657,,,,,,,,13,,4:33.17,,,,,1022,True,Distance,705,1096,1253.0,M,False,2,2025-02-01,2025-02-01,False
42243,91011,61,1660,,,,,,,,13,,4:53.08,,,,,1022,True,Distance,521,958,1000.0,M,False,2,2025-02-01,2025-02-01,False
42244,91012,61,1663,,,,,,,,13,,4:58.95,,,,,1022,True,Distance,472,920,932.0,M,False,2,2025-02-01,2025-02-01,False
42245,91013,61,19559,,,,,,,,13,,5:02.45,,,,,1022,True,Distance,444,897,892.5,M,False,2,2025-02-01,2025-02-01,False
42246,91014,61,2778,,,,,,,,13,,5:05.38,,,,,1022,True,Distance,421,878,860.0,M,False,2,2025-02-01,2025-02-01,False
42247,91015,61,2284,,,,,,,,13,,5:06.92,,,,,1022,True,Distance,409,868,843.0,M,False,2,2025-02-01,2025-02-01,False
42248,91016,61,2281,,,,,,,,13,,5:09.71,,,,,1022,True,Distance,389,851,814.5,M,False,2,2025-02-01,2025-02-01,False
42249,91017,61,1661,,,,,,,,13,,5:14.04,,,,,1022,True,Distance,357,823,768.5,M,False,2,2025-02-01,2025-02-01,False
42250,91018,61,8146,,,,,,,,14,,8:51.36,,,,,1022,True,Distance,792,1157,1370.5,M,False,2,2025-02-01,2025-02-01,False
42251,91019,61,1656,,,,,,,,14,,9:21.38,,,,,1022,True,Distance,645,1056,1173.0,M,False,2,2025-02-01,2025-02-01,False
42255,91023,61,24855,,1660.0,,4050.0,,4046.0,,24,,3:44.18,,,,,1022,True,Relays,655,1046,1178.0,M,False,2,2025-02-01,2025-02-01,False
42261,91029,131,24859,,,,,,,,13,,4:50.27,,,,,1023,True,Distance,545,977,1033.5,M,False,2,2025-01-31,2025-02-01,False
42262,91030,131,24860,,,,,,,,14,,9:34.67,,,,,1023,True,Distance,585,1012,1091.0,M,False,2,2025-01-31,2025-02-01,False
42305,91074,146,3688,,,,,,,,9,,2:02.99,,,,,1023,True,Distance,734,1137,1302.5,M,False,2,2025-01-31,2025-02-01,False
42306,91075,146,3687,,,,,,,,9,,2:06.81,,,,,1023,True,Distance,645,1076,1183.0,M,False,2,2025-01-31,2025-02-01,False
42307,91076,146,11400,,,,,,,,9,,2:09.53,,,,,1023,True,Distance,585,1034,1102.0,M,False,2,2025-01-31,2025-02-01,False
42308,91077,146,3713,,,,,,,,9,,2:11.57,,,,,1023,True,Distance,542,1003,1043.5,M,False,2,2025-01-31,2025-02-01,False
42309,91078,146,24609,,,,,,,,9,,2:12.95,,,,,1023,True,Distance,514,982,1005.0,M,False,2,2025-01-31,2025-02-01,False
42310,91079,146,24583,,,,,,,,9,,2:28.87,,,,,1023,True,Distance,243,758,622.0,M,False,2,2025-01-31,2025-02-01,False
42311,91081,146,3688,,,,,,,,10,,2:41.81,,,,,1023,True,Distance,696,1107,1249.5,M,False,2,2025-01-31,2025-02-01,False
42312,91082,146,3713,,,,,,,,10,,2:54.86,,,,,1023,True,Distance,483,951,958.5,M,False,2,2025-01-31,2025-02-01,False
42313,91083,146,3709,,,,,,,,10,,3:13.77,,,,,1023,True,Distance,243,746,616.0,M,False,2,2025-01-31,2025-02-01,False
42314,91084,146,24568,,,,,,,,13,,4:54.55,,,,,1023,True,Distance,509,949,983.5,M,False,2,2025-01-31,2025-02-01,False
42315,91085,146,11417,,,,,,,,13,,5:22.05,,,,,1023,True,Distance,303,775,690.5,M,False,2,2025-01-31,2025-02-01,False
42316,91086,146,3696,,,,,,,,13,,5:24.56,,,,,1023,True,Distance,287,760,667.0,M,False,2,2025-01-31,2025-02-01,False
42319,91080,146,1421,,,,,,,,9,,2:50.92,,,,,1023,True,Distance,33,495,280.5,M,False,2,2025-01-31,2025-02-01,False
42322,91091,146,21404,,,,,,,,24,,3:32.53,,,,,1023,True,Relays,794,1142,1365.0,M,False,2,2025-01-31,2025-02-01,False
42801,91109,159,705,,2184.0,,706.0,,674.0,,30,,11:14.34,,,,,1026,True,Relays,0,0,0.0,M,False,2,2025-02-09,2025-02-09,False
42802,91110,203,4418,,4430.0,,5598.0,,24555.0,,30,,11:23.95,,,,,1026,True,Relays,0,0,0.0,M,False,2,2025-02-09,2025-02-09,False
42803,91111,159,2172,,2173.0,,676.0,,677.0,,30,,11:25.48,,,,,1026,True,Relays,0,0,0.0,M,False,2,2025-02-09,2025-02-09,False
42804,91112,159,16115,,24863.0,,24864.0,,24865.0,,30,,11:32.05,,,,,1026,True,Relays,0,0,0.0,M,False,2,2025-02-09,2025-02-09,False
42805,91114,162,1704,,1266.0,,24868.0,,3790.0,,30,,12:05.93,,,,,1026,True,Relays,0,0,0.0,M,False,2,2025-02-09,2025-02-09,False
42806,91208,146,26627,,,,,,,,13,,4:24.16,,,,,1026,True,Distance,798,1162,1379.0,M,False,2,2025-02-09,2025-02-09,False
42807,91118,130,2453,,6849.0,,6845.0,,3142.0,,30,,12:34.70,,,,,1026,True,Relays,0,0,0.0,M,False,2,2025-02-09,2025-02-09,False
42808,91119,203,24872,,24549.0,,4416.0,,4504.0,,30,,12:35.35,,,,,1026,True,Relays,0,0,0.0,M,False,2,2025-02-09,2025-02-09,False
42809,91120,169,1379,,7642.0,,3166.0,,7641.0,,30,,12:38.22,,,,,1026,True,Relays,0,0,0.0,M,False,2,2025-02-09,2025-02-09,False
42884,91198,146,3719,,4393.0,,3701.0,,3695.0,,22,,1:33.02,,,,,1026,True,Relays,810,1169,1394.5,M,False,2,2025-02-09,2025-02-09,False
42885,91199,146,24893,,24571.0,,3710.0,,24577.0,,22,,1:33.68,,,,,1026,True,Relays,789,1156,1367.0,M,False,2,2025-02-09,2025-02-09,False
42886,91200,203,4430,,24879.0,,4423.0,,24551.0,,22,,1:34.51,,,,,1026,True,Relays,763,1140,1333.0,M,False,2,2025-02-09,2025-02-09,False
42887,91201,159,24881,,24869.0,,24894.0,,5711.0,,22,,1:37.61,,,,,1026,True,Relays,671,1080,1211.0,M,False,2,2025-02-09,2025-02-09,False
42888,91202,169,24664,,24895.0,,24896.0,,24897.0,,22,,1:38.28,,,,,1026,True,Relays,651,1068,1185.0,M,False,2,2025-02-09,2025-02-09,False
42889,91203,203,24543,,4415.0,,24546.0,,24540.0,,22,,1:39.12,,,,,1026,True,Relays,628,1052,1154.0,M,False,2,2025-02-09,2025-02-09,False
42890,91204,146,3698,,3728.0,,3720.0,,4148.0,,22,,1:39.42,,,,,1026,True,Relays,619,1046,1142.0,M,False,2,2025-02-09,2025-02-09,False
42891,91205,69,24890,,24898.0,,2616.0,,24886.0,,22,,1:42.58,,,,,1026,True,Relays,535,988,1029.0,M,False,2,2025-02-09,2025-02-09,False
42892,91206,146,4149,,3730.0,,24899.0,,24582.0,,22,,1:43.19,,,,,1026,True,Relays,519,977,1007.5,M,False,2,2025-02-09,2025-02-09,False
42893,91207,130,6849,,2450.0,,2453.0,,6845.0,,22,,1:52.64,,,,,1026,True,Relays,306,815,713.5,M,False,2,2025-02-09,2025-02-09,False
42894,91116,138,16134,,16126.0,,16127.0,,16136.0,,30,,12:21.55,,,,,1026,True,Relays,0,0,0.0,M,False,2,2025-02-09,2025-02-09,False
42895,91209,146,22385,,,,,,,,13,,4:24.38,,,,,1026,True,Distance,796,1160,1376.0,M,False,2,2025-02-09,2025-02-09,False
42896,91210,159,676,,,,,,,,13,,4:29.90,,,,,1026,True,Distance,738,1120,1298.0,M,False,2,2025-02-09,2025-02-09,False
42897,91121,146,1205,,24873.0,,24874.0,,24875.0,,30,,12:49.17,,,,,1026,True,Relays,0,0,0.0,M,False,2,2025-02-09,2025-02-09,False
42898,91122,146,1225,,24876.0,,1345.0,,24877.0,,30,,14:06.87,,,,,1026,True,Relays,0,0,0.0,M,False,2,2025-02-09,2025-02-09,False
42899,91117,69,4340,,2565.0,,7961.0,,7959.0,,30,,12:23.75,,,,,1026,True,Relays,0,0,0.0,M,False,2,2025-02-09,2025-02-09,False
42901,91108,169,2442,,4450.0,,1294.0,,1198.0,,30,,10:53.94,,,,,1026,True,Relays,0,0,0.0,M,False,2,2025-02-09,2025-02-09,False
42902,91211,146,1201,,,,,,,,13,,4:29.94,,,,,1026,True,Distance,738,1119,1297.5,M,False,2,2025-02-09,2025-02-09,False
42903,91212,162,4397,,,,,,,,13,,4:34.51,,,,,1026,True,Distance,692,1087,1235.5,M,False,2,2025-02-09,2025-02-09,False
42904,91213,178,3209,,,,,,,,13,,4:36.01,,,,,1026,True,Distance,677,1076,1215.0,M,False,2,2025-02-09,2025-02-09,False
42905,91214,162,24900,,,,,,,,13,,4:37.10,,,,,1026,True,Distance,667,1068,1201.0,M,False,2,2025-02-09,2025-02-09,False
42906,91215,159,706,,,,,,,,13,,4:37.21,,,,,1026,True,Distance,666,1068,1200.0,M,False,2,2025-02-09,2025-02-09,False
42907,91216,146,11394,,,,,,,,13,,4:39.13,,,,,1026,True,Distance,647,1054,1174.0,M,False,2,2025-02-09,2025-02-09,False
42908,91218,178,17659,,,,,,,,13,,4:39.76,,,,,1026,True,Distance,641,1050,1166.0,M,False,2,2025-02-09,2025-02-09,False
42909,91219,162,3169,,,,,,,,13,,4:40.79,,,,,1026,True,Distance,632,1042,1153.0,M,False,2,2025-02-09,2025-02-09,False
42910,91220,138,2471,,,,,,,,13,,4:42.13,,,,,1026,True,Distance,619,1033,1135.5,M,False,2,2025-02-09,2025-02-09,False
42911,91221,146,11386,,,,,,,,13,,4:42.34,,,,,1026,True,Distance,617,1032,1133.0,M,False,2,2025-02-09,2025-02-09,False
42912,91222,178,24902,,,,,,,,13,,4:43.00,,,,,1026,True,Distance,611,1027,1124.5,M,False,2,2025-02-09,2025-02-09,False
42913,91223,162,3787,,,,,,,,13,,4:44.74,,,,,1026,True,Distance,595,1015,1102.5,M,False,2,2025-02-09,2025-02-09,False
42914,91224,162,2687,,,,,,,,13,,4:45.93,,,,,1026,True,Distance,584,1007,1087.5,M,False,2,2025-02-09,2025-02-09,False
42915,91225,146,3687,,,,,,,,13,,4:48.51,,,,,1026,True,Distance,561,989,1055.5,M,False,2,2025-02-09,2025-02-09,False
42916,91227,161,24903,,,,,,,,13,,4:49.33,,,,,1026,True,Distance,554,984,1046.0,M,False,2,2025-02-09,2025-02-09,False
42917,91228,146,3713,,,,,,,,13,,4:50.98,,,,,1026,True,Distance,539,973,1025.5,M,False,2,2025-02-09,2025-02-09,False
42918,91229,131,24859,,,,,,,,13,,4:52.09,,,,,1026,True,Distance,530,965,1012.5,M,False,2,2025-02-09,2025-02-09,False
42919,91230,146,11387,,,,,,,,13,,4:55.12,,,,,1026,True,Distance,504,945,976.5,M,False,2,2025-02-09,2025-02-09,False
42920,91231,178,3052,,,,,,,,13,,4:55.23,,,,,1026,True,Distance,503,944,975.0,M,False,2,2025-02-09,2025-02-09,False
42921,91232,146,24568,,,,,,,,13,,4:55.25,,,,,1026,True,Distance,503,944,975.0,M,False,2,2025-02-09,2025-02-09,False
42922,91233,130,24904,,,,,,,,13,,4:56.15,,,,,1026,True,Distance,495,938,964.0,M,False,2,2025-02-09,2025-02-09,False
42923,91235,159,2173,,,,,,,,13,,4:58.65,,,,,1026,True,Distance,475,922,936.0,M,False,2,2025-02-09,2025-02-09,False
42924,91236,138,16126,,,,,,,,13,,4:59.27,,,,,1026,True,Distance,470,918,929.0,M,False,2,2025-02-09,2025-02-09,False
42925,91237,169,7643,,,,,,,,13,,4:59.50,,,,,1026,True,Distance,468,916,926.0,M,False,2,2025-02-09,2025-02-09,False
42926,91238,146,24905,,,,,,,,13,,5:00.13,,,,,1026,True,Distance,463,912,919.0,M,False,2,2025-02-09,2025-02-09,False
42927,91239,169,7642,,,,,,,,13,,5:01.20,,,,,1026,True,Distance,454,905,906.5,M,False,2,2025-02-09,2025-02-09,False
42928,91241,146,11404,,,,,,,,13,,5:04.27,,,,,1026,True,Distance,430,885,872.5,M,False,2,2025-02-09,2025-02-09,False
42929,91242,146,1299,,,,,,,,13,,5:05.15,,,,,1026,True,Distance,423,880,863.0,M,False,2,2025-02-09,2025-02-09,False
42930,91243,159,18319,,,,,,,,13,,5:05.39,,,,,1026,True,Distance,421,878,860.0,M,False,2,2025-02-09,2025-02-09,False
42931,91244,165,24906,,,,,,,,13,,5:06.07,,,,,1026,True,Distance,416,874,853.0,M,False,2,2025-02-09,2025-02-09,False
42932,91245,69,2565,,,,,,,,13,,5:08.26,,,,,1026,True,Distance,399,860,829.0,M,False,2,2025-02-09,2025-02-09,False
42933,91246,178,1872,,,,,,,,13,,5:09.03,,,,,1026,True,Distance,394,855,821.5,M,False,2,2025-02-09,2025-02-09,False
42934,91247,146,11417,,,,,,,,13,,5:11.12,,,,,1026,True,Distance,378,842,799.0,M,False,2,2025-02-09,2025-02-09,False
42935,91248,159,16140,,,,,,,,13,,5:11.59,,,,,1026,True,Distance,375,839,794.5,M,False,2,2025-02-09,2025-02-09,False
42936,91249,131,1231,,,,,,,,13,,5:11.99,,,,,1026,True,Distance,372,836,790.0,M,False,2,2025-02-09,2025-02-09,False
42937,91250,169,7641,,,,,,,,13,,5:14.37,,,,,1026,True,Distance,355,821,765.5,M,False,2,2025-02-09,2025-02-09,False
42938,91251,69,24907,,,,,,,,13,,5:18.53,,,,,1026,True,Distance,326,796,724.0,M,False,2,2025-02-09,2025-02-09,False
42939,91252,165,21206,,,,,,,,13,,5:22.85,,,,,1026,True,Distance,297,770,682.0,M,False,2,2025-02-09,2025-02-09,False
42940,91253,69,2590,,,,,,,,13,,5:23.47,,,,,1026,True,Distance,293,766,676.0,M,False,2,2025-02-09,2025-02-09,False
42941,91255,161,24908,,,,,,,,13,,5:40.38,,,,,1026,True,Distance,195,668,529.0,M,False,2,2025-02-09,2025-02-09,False
42942,91256,146,1309,,,,,,,,13,,5:41.50,,,,,1026,True,Distance,189,662,520.0,M,False,2,2025-02-09,2025-02-09,False
42943,91257,178,3082,,,,,,,,13,,5:41.55,,,,,1026,True,Distance,189,662,520.0,M,False,2,2025-02-09,2025-02-09,False
42944,91258,69,7962,,,,,,,,13,,5:42.57,,,,,1026,True,Distance,184,656,512.0,M,False,2,2025-02-09,2025-02-09,False
42945,91259,146,24909,,,,,,,,13,,5:46.33,,,,,1026,True,Distance,165,636,483.0,M,False,2,2025-02-09,2025-02-09,False
42946,91260,169,3166,,,,,,,,13,,5:48.75,,,,,1026,True,Distance,154,622,465.0,M,False,2,2025-02-09,2025-02-09,False
42947,91261,146,3686,,,,,,,,13,,5:48.78,,,,,1026,True,Distance,153,622,464.0,M,False,2,2025-02-09,2025-02-09,False
42948,91262,161,2367,,,,,,,,13,,5:54.21,,,,,1026,True,Distance,129,593,425.5,M,False,2,2025-02-09,2025-02-09,False
42949,91263,69,7961,,,,,,,,13,,5:59.37,,,,,1026,True,Distance,108,567,391.5,M,False,2,2025-02-09,2025-02-09,False
42950,91264,169,1379,,,,,,,,13,,6:08.91,,,,,1026,True,Distance,74,519,333.5,M,False,2,2025-02-09,2025-02-09,False
42951,91265,130,19016,,,,,,,,13,,6:08.91,,,,,1026,True,Distance,74,519,333.5,M,False,2,2025-02-09,2025-02-09,False
42981,91297,146,1216,,,,,,,,9,,1:54.31,,,,,1026,True,Distance,958,1281,1598.5,M,False,2,2025-02-09,2025-02-09,False
42982,91298,146,24914,,,,,,,,9,,1:56.29,,,,,1026,True,Distance,904,1247,1527.5,M,False,2,2025-02-09,2025-02-09,False
42983,91299,178,18865,,,,,,,,9,,1:56.38,,,,,1026,True,Distance,902,1246,1525.0,M,False,2,2025-02-09,2025-02-09,False
42984,91300,178,24915,,,,,,,,9,,1:59.21,,,,,1026,True,Distance,828,1199,1427.5,M,False,2,2025-02-09,2025-02-09,False
42985,91301,146,3688,,,,,,,,9,,1:59.60,,,,,1026,True,Distance,818,1192,1414.0,M,False,2,2025-02-09,2025-02-09,False
42986,91302,159,2176,,,,,,,,9,,2:00.94,,,,,1026,True,Distance,784,1170,1369.0,M,False,2,2025-02-09,2025-02-09,False
42987,91303,146,3687,,,,,,,,9,,2:01.09,,,,,1026,True,Distance,780,1168,1364.0,M,False,2,2025-02-09,2025-02-09,False
42988,91304,165,395,,,,,,,,9,,2:02.20,,,,,1026,True,Distance,753,1149,1327.5,M,False,2,2025-02-09,2025-02-09,False
42989,91305,169,20766,,,,,,,,9,,2:05.23,,,,,1026,True,Distance,681,1101,1231.5,M,False,2,2025-02-09,2025-02-09,False
42990,91306,146,11400,,,,,,,,9,,2:06.02,,,,,1026,True,Distance,663,1088,1207.0,M,False,2,2025-02-09,2025-02-09,False
42991,91307,178,3205,,,,,,,,9,,2:06.34,,,,,1026,True,Distance,656,1083,1197.5,M,False,2,2025-02-09,2025-02-09,False
42992,91308,131,24867,,,,,,,,9,,2:06.92,,,,,1026,True,Distance,642,1074,1179.0,M,False,2,2025-02-09,2025-02-09,False
42993,91309,146,24569,,,,,,,,9,,2:07.34,,,,,1026,True,Distance,633,1068,1167.0,M,False,2,2025-02-09,2025-02-09,False
42994,91310,161,24903,,,,,,,,9,,2:07.79,,,,,1026,True,Distance,623,1061,1153.5,M,False,2,2025-02-09,2025-02-09,False
42995,91311,203,24555,,,,,,,,9,,2:08.71,,,,,1026,True,Distance,603,1046,1126.0,M,False,2,2025-02-09,2025-02-09,False
42996,91312,162,3169,,,,,,,,9,,2:08.73,,,,,1026,True,Distance,602,1046,1125.0,M,False,2,2025-02-09,2025-02-09,False
42997,91314,146,24582,,,,,,,,9,,2:09.35,,,,,1026,True,Distance,589,1036,1107.0,M,False,2,2025-02-09,2025-02-09,False
42998,91315,165,401,,,,,,,,9,,2:10.44,,,,,1026,True,Distance,566,1020,1076.0,M,False,2,2025-02-09,2025-02-09,False
42999,91317,169,4450,,,,,,,,9,,2:11.09,,,,,1026,True,Distance,552,1010,1057.0,M,False,2,2025-02-09,2025-02-09,False
43000,91240,69,7959,,,,,,,,13,,5:03.92,,,,,1026,True,Distance,433,887,876.5,M,False,2,2025-02-09,2025-02-09,False
43001,91234,169,1294,,,,,,,,13,,4:58.38,,,,,1026,True,Distance,477,923,938.5,M,False,2,2025-02-09,2025-02-09,False
43002,91217,161,2344,,,,,,,,13,,4:39.63,,,,,1026,True,Distance,643,1051,1168.5,M,False,2,2025-02-09,2025-02-09,False
43003,91254,146,1421,,,,,,,,13,,5:33.58,,,,,1026,True,Distance,232,707,585.5,M,False,2,2025-02-09,2025-02-09,False
43004,91226,146,1251,,,,,,,,13,,4:48.57,,,,,1026,True,Distance,560,989,1054.5,M,False,2,2025-02-09,2025-02-09,False
43007,91318,146,1276,,,,,,,,9,,2:11.59,,,,,1026,True,Distance,542,1002,1043.0,M,False,2,2025-02-09,2025-02-09,False
43008,91319,146,24610,,,,,,,,9,,2:12.05,,,,,1026,True,Distance,532,995,1029.5,M,False,2,2025-02-09,2025-02-09,False
43009,91320,159,16133,,,,,,,,9,,2:12.21,,,,,1026,True,Distance,529,993,1025.5,M,False,2,2025-02-09,2025-02-09,False
43010,91321,146,11391,,,,,,,,9,,2:12.62,,,,,1026,True,Distance,520,987,1013.5,M,False,2,2025-02-09,2025-02-09,False
43011,91322,146,3713,,,,,,,,9,,2:12.64,,,,,1026,True,Distance,520,986,1013.0,M,False,2,2025-02-09,2025-02-09,False
43012,91323,69,2565,,,,,,,,9,,2:14.05,,,,,1026,True,Distance,492,965,974.5,M,False,2,2025-02-09,2025-02-09,False
43013,91324,146,11404,,,,,,,,9,,2:14.14,,,,,1026,True,Distance,490,964,972.0,M,False,2,2025-02-09,2025-02-09,False
43014,91325,146,5271,,,,,,,,9,,2:16.01,,,,,1026,True,Distance,454,936,922.0,M,False,2,2025-02-09,2025-02-09,False
43015,91326,146,3699,,,,,,,,9,,2:16.26,,,,,1026,True,Distance,449,933,915.5,M,False,2,2025-02-09,2025-02-09,False
43016,91328,162,3790,,,,,,,,9,,2:18.62,,,,,1026,True,Distance,406,899,855.5,M,False,2,2025-02-09,2025-02-09,False
43017,91329,146,1703,,,,,,,,9,,2:20.37,,,,,1026,True,Distance,375,874,812.0,M,False,2,2025-02-09,2025-02-09,False
43018,91330,146,3689,,,,,,,,9,,2:22.10,,,,,1026,True,Distance,346,849,770.5,M,False,2,2025-02-09,2025-02-09,False
43019,91331,162,1266,,,,,,,,9,,2:22.41,,,,,1026,True,Distance,341,845,763.5,M,False,2,2025-02-09,2025-02-09,False
43020,91332,178,4327,,,,,,,,9,,2:23.85,,,,,1026,True,Distance,318,825,730.5,M,False,2,2025-02-09,2025-02-09,False
43021,91333,162,11357,,,,,,,,9,,2:24.17,,,,,1026,True,Distance,313,821,723.5,M,False,2,2025-02-09,2025-02-09,False
43022,91334,169,7641,,,,,,,,9,,2:24.24,,,,,1026,True,Distance,311,820,721.0,M,False,2,2025-02-09,2025-02-09,False
43023,91335,146,3725,,,,,,,,9,,2:25.95,,,,,1026,True,Distance,285,796,683.0,M,False,2,2025-02-09,2025-02-09,False
43024,91337,69,3021,,,,,,,,9,,2:26.76,,,,,1026,True,Distance,273,786,666.0,M,False,2,2025-02-09,2025-02-09,False
43025,91338,146,24583,,,,,,,,9,,2:27.10,,,,,1026,True,Distance,268,781,658.5,M,False,2,2025-02-09,2025-02-09,False
43026,91339,146,1697,,,,,,,,9,,2:28.23,,,,,1026,True,Distance,252,766,635.0,M,False,2,2025-02-09,2025-02-09,False
43027,91340,146,24917,,,,,,,,9,,2:29.42,,,,,1026,True,Distance,235,750,610.0,M,False,2,2025-02-09,2025-02-09,False
43028,91341,159,24911,,,,,,,,9,,2:29.49,,,,,1026,True,Distance,234,749,608.5,M,False,2,2025-02-09,2025-02-09,False
43029,91342,169,24665,,,,,,,,9,,2:31.61,,,,,1026,True,Distance,206,722,567.0,M,False,2,2025-02-09,2025-02-09,False
43030,91343,146,1309,,,,,,,,9,,2:33.03,,,,,1026,True,Distance,189,704,541.0,M,False,2,2025-02-09,2025-02-09,False
43031,91344,146,1341,,,,,,,,9,,2:33.81,,,,,1026,True,Distance,179,694,526.0,M,False,2,2025-02-09,2025-02-09,False
43032,91345,203,24554,,,,,,,,9,,2:36.99,,,,,1026,True,Distance,143,654,470.0,M,False,2,2025-02-09,2025-02-09,False
43033,91346,203,24552,,,,,,,,9,,2:37.39,,,,,1026,True,Distance,139,649,463.5,M,False,2,2025-02-09,2025-02-09,False
43081,91396,146,1201,,,,,,,,14,,9:00.80,,,,,1026,True,Distance,744,1125,1306.5,M,False,2,2025-02-09,2025-02-09,False
43082,91397,165,399,,,,,,,,14,,9:01.09,,,,,1026,True,Distance,743,1124,1305.0,M,False,2,2025-02-09,2025-02-09,False
43083,91398,159,22384,,,,,,,,14,,9:04.79,,,,,1026,True,Distance,725,1111,1280.5,M,False,2,2025-02-09,2025-02-09,False
43084,91399,146,1216,,,,,,,,14,,9:11.58,,,,,1026,True,Distance,692,1088,1236.0,M,False,2,2025-02-09,2025-02-09,False
43085,91400,165,394,,,,,,,,14,,9:12.53,,,,,1026,True,Distance,687,1085,1229.5,M,False,2,2025-02-09,2025-02-09,False
43086,91401,169,1198,,,,,,,,14,,9:13.21,,,,,1026,True,Distance,684,1083,1225.5,M,False,2,2025-02-09,2025-02-09,False
43087,91402,178,18867,,,,,,,,14,,9:13.41,,,,,1026,True,Distance,683,1082,1224.0,M,False,2,2025-02-09,2025-02-09,False
43088,91403,146,22385,,,,,,,,14,,9:13.56,,,,,1026,True,Distance,682,1082,1223.0,M,False,2,2025-02-09,2025-02-09,False
43089,91404,146,24920,,,,,,,,14,,9:14.54,,,,,1026,True,Distance,678,1079,1217.5,M,False,2,2025-02-09,2025-02-09,False
43090,91405,178,3206,,,,,,,,14,,9:23.39,,,,,1026,True,Distance,636,1049,1160.5,M,False,2,2025-02-09,2025-02-09,False
43091,91406,159,677,,,,,,,,14,,9:25.48,,,,,1026,True,Distance,627,1042,1148.0,M,False,2,2025-02-09,2025-02-09,False
43092,91407,146,11386,,,,,,,,14,,9:30.97,,,,,1026,True,Distance,602,1024,1114.0,M,False,2,2025-02-09,2025-02-09,False
43093,91408,146,24921,,,,,,,,14,,9:36.39,,,,,1026,True,Distance,578,1007,1081.5,M,False,2,2025-02-09,2025-02-09,False
43094,91409,159,2177,,,,,,,,14,,9:37.67,,,,,1026,True,Distance,572,1003,1073.5,M,False,2,2025-02-09,2025-02-09,False
43095,91410,159,705,,,,,,,,14,,9:39.49,,,,,1026,True,Distance,564,997,1062.5,M,False,2,2025-02-09,2025-02-09,False
43096,91411,169,2442,,,,,,,,14,,9:39.70,,,,,1026,True,Distance,563,996,1061.0,M,False,2,2025-02-09,2025-02-09,False
43097,91412,159,674,,,,,,,,14,,9:40.83,,,,,1026,True,Distance,558,992,1054.0,M,False,2,2025-02-09,2025-02-09,False
43098,91413,162,24678,,,,,,,,14,,9:41.16,,,,,1026,True,Distance,557,991,1052.5,M,False,2,2025-02-09,2025-02-09,False
43099,91415,131,1231,,,,,,,,14,,9:43.81,,,,,1026,True,Distance,546,983,1037.5,M,False,2,2025-02-09,2025-02-09,False
43100,91416,138,16134,,,,,,,,14,,9:45.41,,,,,1026,True,Distance,539,978,1028.0,M,False,2,2025-02-09,2025-02-09,False
43101,91417,146,1219,,,,,,,,14,,9:46.47,,,,,1026,True,Distance,534,974,1021.0,M,False,2,2025-02-09,2025-02-09,False
43102,91418,169,4732,,,,,,,,14,,9:46.93,,,,,1026,True,Distance,532,973,1018.5,M,False,2,2025-02-09,2025-02-09,False
43103,91419,178,1853,,,,,,,,14,,9:49.86,,,,,1026,True,Distance,520,964,1002.0,M,False,2,2025-02-09,2025-02-09,False
43104,91420,130,3142,,,,,,,,14,,9:54.19,,,,,1026,True,Distance,502,950,977.0,M,False,2,2025-02-09,2025-02-09,False
43105,91421,146,24922,,,,,,,,14,,9:55.15,,,,,1026,True,Distance,498,947,971.5,M,False,2,2025-02-09,2025-02-09,False
43106,91422,146,24905,,,,,,,,14,,9:56.04,,,,,1026,True,Distance,495,944,967.0,M,False,2,2025-02-09,2025-02-09,False
43107,91423,159,16115,,,,,,,,14,,10:00.63,,,,,1026,True,Distance,476,930,941.0,M,False,2,2025-02-09,2025-02-09,False
43108,91424,130,20434,,,,,,,,14,,10:05.21,,,,,1026,True,Distance,458,916,916.0,M,False,2,2025-02-09,2025-02-09,False
43109,91414,161,2344,,,,,,,,14,,9:43.65,,,,,1026,True,Distance,546,983,1037.5,M,False,2,2025-02-09,2025-02-09,False
43110,91336,146,1421,,,,,,,,9,,2:26.66,,,,,1026,True,Distance,275,787,668.5,M,False,2,2025-02-09,2025-02-09,False
43112,91327,178,1869,,,,,,,,9,,2:17.91,,,,,1026,True,Distance,419,909,873.5,M,False,2,2025-02-09,2025-02-09,False
43113,91425,178,1870,,,,,,,,14,,10:08.74,,,,,1026,True,Distance,445,905,897.5,M,False,2,2025-02-09,2025-02-09,False
43114,91426,146,1299,,,,,,,,14,,10:14.40,,,,,1026,True,Distance,423,888,867.0,M,False,2,2025-02-09,2025-02-09,False
43115,91427,165,24906,,,,,,,,14,,10:16.63,,,,,1026,True,Distance,415,881,855.5,M,False,2,2025-02-09,2025-02-09,False
43116,91428,138,16127,,,,,,,,14,,10:46.33,,,,,1026,True,Distance,312,793,708.5,M,False,2,2025-02-09,2025-02-09,False
43117,91429,178,24923,,,,,,,,14,,10:49.23,,,,,1026,True,Distance,302,785,694.5,M,False,2,2025-02-09,2025-02-09,False
43118,91430,161,24908,,,,,,,,14,,11:14.13,,,,,1026,True,Distance,228,716,586.0,M,False,2,2025-02-09,2025-02-09,False
43119,91431,169,7644,,,,,,,,14,,11:46.96,,,,,1026,True,Distance,147,629,461.5,M,False,2,2025-02-09,2025-02-09,False
43120,91432,161,2367,,,,,,,,14,,12:04.09,,,,,1026,True,Distance,111,586,404.0,M,False,2,2025-02-09,2025-02-09,False
43121,91433,203,4423,,24918.0,,24550.0,,4430.0,,24,,3:25.30,,,,,1026,True,Relays,887,1203,1488.5,M,False,2,2025-02-09,2025-02-09,False
43122,91434,146,4386,,24669.0,,3728.0,,3691.0,,24,,3:28.14,,,,,1026,True,Relays,850,1179,1439.5,M,False,2,2025-02-09,2025-02-09,False
43123,91435,159,2176,,16133.0,,4358.0,,24869.0,,24,,3:34.24,,,,,1026,True,Relays,773,1127,1336.5,M,False,2,2025-02-09,2025-02-09,False
43124,91436,146,3726,,3733.0,,3709.0,,3722.0,,24,,3:40.81,,,,,1026,True,Relays,694,1073,1230.5,M,False,2,2025-02-09,2025-02-09,False
43126,91438,146,3710,,24571.0,,24893.0,,24577.0,,24,,3:45.94,,,,,1026,True,Relays,636,1032,1152.0,M,False,2,2025-02-09,2025-02-09,False
43127,91439,159,5711,,24911.0,,22384.0,,2172.0,,24,,3:46.02,,,,,1026,True,Relays,635,1031,1150.5,M,False,2,2025-02-09,2025-02-09,False
43128,91440,146,24582,,24610.0,,3699.0,,3725.0,,24,,3:50.20,,,,,1026,True,Relays,589,998,1088.0,M,False,2,2025-02-09,2025-02-09,False
43129,91442,146,24674,,24670.0,,24924.0,,24888.0,,24,,3:51.68,,,,,1026,True,Relays,573,986,1066.0,M,False,2,2025-02-09,2025-02-09,False
43130,91444,169,4450,,24895.0,,4451.0,,24664.0,,24,,3:51.78,,,,,1026,True,Relays,572,985,1064.5,M,False,2,2025-02-09,2025-02-09,False
43131,91445,146,3735,,3687.0,,3713.0,,4148.0,,24,,3:53.13,,,,,1026,True,Relays,558,975,1045.5,M,False,2,2025-02-09,2025-02-09,False
43132,91446,178,18865,,3209.0,,1853.0,,3206.0,,24,,3:54.24,,,,,1026,True,Relays,546,966,1029.0,M,False,2,2025-02-09,2025-02-09,False
43214,91447,146,1273,,1225.0,,1254.0,,24926.0,,24,,3:57.03,,,,,1026,True,Relays,518,945,990.5,M,False,2,2025-02-09,2025-02-09,False
43215,91443,131,1371,,24867.0,,24925.0,,4318.0,,24,,3:51.74,,,,,1026,True,Relays,573,986,1066.0,M,False,2,2025-02-09,2025-02-09,False
43216,91441,146,1201,,1299.0,,1251.0,,1195.0,,24,,3:50.58,,,,,1026,True,Relays,585,995,1082.5,M,False,2,2025-02-09,2025-02-09,False
43405,91115,159,5708,,24869.0,,16133.0,,4359.0,,30,,12:09.21,,,,,1026,True,Relays,0,0,0.0,M,False,2,2025-02-09,2025-02-09,False
43605,91718,124,2860,,,,,,,,13,,4:19.33,,,,,1025,True,Distance,850,1197,1448.5,M,False,2,2025-02-08,2025-02-08,False
43608,91721,124,2860,,,,,,,,9,,1:58.16,,,,,1025,True,Distance,855,1216,1463.0,M,False,2,2025-02-08,2025-02-08,False
43609,91722,124,2855,,,,,,,,14,,8:30.31,,,,,1025,True,Distance,904,1231,1519.5,M,False,2,2025-02-08,2025-02-08,False
43625,91738,166,24467,,,,,,,,9,,2:08.46,,,,,1027,True,Distance,608,1050,1133.0,M,False,2,2025-02-09,2025-02-09,False
43626,91739,166,3596,,,,,,,,10,,2:53.00,,,,,1027,True,Distance,511,973,997.5,M,False,2,2025-02-09,2025-02-09,False
43627,91740,166,19390,,,,,,,,13,,5:14.12,,,,,1027,True,Distance,357,823,768.5,M,False,2,2025-02-09,2025-02-09,False
43632,91745,206,4476,,,,,,,,14,,11:11.03,,,,,1028,True,Distance,237,724,599.0,M,False,2,2025-02-09,2025-02-09,False
43640,91753,104,24649,,,,,,,,9,,2:26.70,,,,,1029,True,Distance,274,786,667.0,M,False,2,2025-02-08,2025-02-08,False
43641,91754,104,2040,,,,,,,,9,,2:39.68,,,,,1029,True,Distance,116,622,427.0,M,False,2,2025-02-08,2025-02-08,False
43642,91755,104,2040,,,,,,,,13,,5:31.71,,,,,1029,True,Distance,243,718,602.0,M,False,2,2025-02-08,2025-02-08,False
43643,91756,104,24649,,,,,,,,13,,5:42.51,,,,,1029,True,Distance,184,657,512.5,M,False,2,2025-02-08,2025-02-08,False
43644,91757,104,2020,,,,,,,,14,,9:52.50,,,,,1029,True,Distance,509,955,986.5,M,False,2,2025-02-08,2025-02-08,False
43710,91824,61,382,,,,,,,,9,,2:04.13,,,,,1030,True,Distance,707,1118,1266.0,M,False,2,2025-02-08,2025-02-08,False
43711,91825,61,8146,,,,,,,,9,,2:06.89,,,,,1030,True,Distance,643,1075,1180.5,M,False,2,2025-02-08,2025-02-08,False
43712,91826,61,8147,,,,,,,,9,,2:10.70,,,,,1030,True,Distance,560,1016,1068.0,M,False,2,2025-02-08,2025-02-08,False
43713,91827,61,19559,,,,,,,,9,,2:14.98,,,,,1030,True,Distance,474,952,950.0,M,False,2,2025-02-08,2025-02-08,False
43714,91828,61,2273,,,,,,,,9,,2:18.96,,,,,1030,True,Distance,400,894,847.0,M,False,2,2025-02-08,2025-02-08,False
43715,91829,61,24856,,,,,,,,9,,2:19.12,,,,,1030,True,Distance,397,891,842.5,M,False,2,2025-02-08,2025-02-08,False
43716,91830,61,382,,,,,,,,13,,4:28.59,,,,,1030,True,Distance,752,1129,1316.5,M,False,2,2025-02-08,2025-02-08,False
43717,91831,61,8146,,,,,,,,13,,4:28.82,,,,,1030,True,Distance,749,1128,1313.0,M,False,2,2025-02-08,2025-02-08,False
43718,91833,61,1660,,,,,,,,13,,4:55.45,,,,,1030,True,Distance,501,943,972.5,M,False,2,2025-02-08,2025-02-08,False
43719,91834,61,2265,,,,,,,,13,,4:56.33,,,,,1030,True,Distance,494,937,962.5,M,False,2,2025-02-08,2025-02-08,False
43720,91835,61,1656,,,,,,,,13,,5:00.19,,,,,1030,True,Distance,462,912,918.0,M,False,2,2025-02-08,2025-02-08,False
43721,91836,61,2269,,,,,,,,13,,5:01.06,,,,,1030,True,Distance,455,906,908.0,M,False,2,2025-02-08,2025-02-08,False
43722,91837,61,19553,,,,,,,,13,,5:08.46,,,,,1030,True,Distance,398,858,827.0,M,False,2,2025-02-08,2025-02-08,False
43723,91838,61,24981,,,,,,,,13,,5:09.46,,,,,1030,True,Distance,390,852,816.0,M,False,2,2025-02-08,2025-02-08,False
43724,91839,61,1661,,,,,,,,13,,5:09.63,,,,,1030,True,Distance,389,851,814.5,M,False,2,2025-02-08,2025-02-08,False
43725,91840,61,2281,,,,,,,,13,,5:15.02,,,,,1030,True,Distance,350,817,758.5,M,False,2,2025-02-08,2025-02-08,False
43726,91841,61,2284,,,,,,,,13,,5:16.31,,,,,1030,True,Distance,341,809,745.5,M,False,2,2025-02-08,2025-02-08,False
43727,91842,61,2276,,,,,,,,13,,5:25.97,,,,,1030,True,Distance,278,751,653.5,M,False,2,2025-02-08,2025-02-08,False
43728,91843,61,4037,,,,,,,,13,,5:42.72,,,,,1030,True,Distance,183,655,510.5,M,False,2,2025-02-08,2025-02-08,False
43729,91844,61,1656,,,,,,,,14,,9:25.25,,,,,1030,True,Distance,628,1043,1149.5,M,False,2,2025-02-08,2025-02-08,False
43730,91845,61,1663,,,,,,,,14,,10:20.28,,,,,1030,True,Distance,401,870,836.0,M,False,2,2025-02-08,2025-02-08,False
43731,91846,61,2259,,,,,,,,17,,16:19.47,,,,,1030,True,Distance,615,1035,1132.5,M,False,2,2025-02-08,2025-02-08,False
43732,91847,61,2275,,,,,,,,17,,17:18.11,,,,,1030,True,Distance,468,930,933.0,M,False,2,2025-02-08,2025-02-08,False
43733,91848,61,1663,,,,,,,,17,,17:43.04,,,,,1030,True,Distance,412,887,855.5,M,False,2,2025-02-08,2025-02-08,False
43734,91849,61,2284,,,,,,,,17,,18:17.48,,,,,1030,True,Distance,340,829,754.5,M,False,2,2025-02-08,2025-02-08,False
43737,91852,61,24979,,4941.0,,19553.0,,4623.0,,24,,3:39.00,,,,,1030,True,Relays,715,1088,1259.0,M,False,2,2025-02-08,2025-02-08,False
43775,91891,56,130,,,,,,,,9,,1:58.19,,,,,1031,True,Distance,854,1215,1461.5,M,False,2,2025-02-08,2025-02-08,False
43776,91892,56,8041,,,,,,,,9,,2:03.11,,,,,1031,True,Distance,731,1135,1298.5,M,False,2,2025-02-08,2025-02-08,False
43777,91893,56,152,,,,,,,,9,,2:05.07,,,,,1031,True,Distance,685,1103,1236.5,M,False,2,2025-02-08,2025-02-08,False
43778,91894,56,3804,,,,,,,,9,,2:06.30,,,,,1031,True,Distance,656,1084,1198.0,M,False,2,2025-02-08,2025-02-08,False
43779,91895,56,8065,,,,,,,,9,,2:08.00,,,,,1031,True,Distance,618,1057,1146.5,M,False,2,2025-02-08,2025-02-08,False
43780,91896,56,163,,,,,,,,9,,2:08.56,,,,,1031,True,Distance,606,1049,1130.5,M,False,2,2025-02-08,2025-02-08,False
43781,91897,56,186,,,,,,,,9,,2:11.89,,,,,1031,True,Distance,535,998,1034.0,M,False,2,2025-02-08,2025-02-08,False
43782,91898,56,8095,,,,,,,,9,,2:12.48,,,,,1031,True,Distance,523,989,1017.5,M,False,2,2025-02-08,2025-02-08,False
43783,91899,56,8075,,,,,,,,9,,2:13.12,,,,,1031,True,Distance,510,979,999.5,M,False,2,2025-02-08,2025-02-08,False
43784,91900,56,8074,,,,,,,,9,,2:13.51,,,,,1031,True,Distance,503,973,989.5,M,False,2,2025-02-08,2025-02-08,False
43785,91901,56,3415,,,,,,,,9,,2:14.52,,,,,1031,True,Distance,483,958,962.0,M,False,2,2025-02-08,2025-02-08,False
43786,91902,56,24986,,,,,,,,9,,2:19.02,,,,,1031,True,Distance,399,893,845.5,M,False,2,2025-02-08,2025-02-08,False
43787,91903,56,8099,,,,,,,,9,,2:26.10,,,,,1031,True,Distance,283,794,680.0,M,False,2,2025-02-08,2025-02-08,False
43788,91904,56,123,,,,,,,,13,,4:25.88,,,,,1031,True,Distance,780,1149,1354.5,M,False,2,2025-02-08,2025-02-08,False
43789,91905,56,203,,,,,,,,13,,4:40.45,,,,,1031,True,Distance,635,1045,1157.5,M,False,2,2025-02-08,2025-02-08,False
43790,91906,56,8065,,,,,,,,13,,4:42.38,,,,,1031,True,Distance,617,1031,1132.5,M,False,2,2025-02-08,2025-02-08,False
43791,91907,56,8059,,,,,,,,13,,4:42.61,,,,,1031,True,Distance,615,1030,1130.0,M,False,2,2025-02-08,2025-02-08,False
43792,91908,56,8075,,,,,,,,13,,4:47.12,,,,,1031,True,Distance,573,999,1072.5,M,False,2,2025-02-08,2025-02-08,False
43793,91909,56,163,,,,,,,,13,,4:47.33,,,,,1031,True,Distance,572,997,1070.5,M,False,2,2025-02-08,2025-02-08,False
43794,91910,56,8056,,,,,,,,13,,4:54.21,,,,,1031,True,Distance,512,951,987.5,M,False,2,2025-02-08,2025-02-08,False
43795,91911,56,8095,,,,,,,,13,,4:54.78,,,,,1031,True,Distance,507,947,980.5,M,False,2,2025-02-08,2025-02-08,False
43796,91912,56,6820,,,,,,,,13,,4:56.86,,,,,1031,True,Distance,489,933,955.5,M,False,2,2025-02-08,2025-02-08,False
43797,91913,56,8099,,,,,,,,13,,5:22.90,,,,,1031,True,Distance,297,770,682.0,M,False,2,2025-02-08,2025-02-08,False
43798,91914,56,196,,,,,,,,13,,5:30.38,,,,,1031,True,Distance,251,725,613.5,M,False,2,2025-02-08,2025-02-08,False
43799,91915,56,127,,,,,,,,14,,8:52.95,,,,,1031,True,Distance,784,1152,1360.0,M,False,2,2025-02-08,2025-02-08,False
43800,91916,56,123,,,,,,,,14,,9:02.97,,,,,1031,True,Distance,734,1118,1293.0,M,False,2,2025-02-08,2025-02-08,False
43801,91917,56,8042,,,,,,,,14,,9:21.93,,,,,1031,True,Distance,643,1054,1170.0,M,False,2,2025-02-08,2025-02-08,False
43802,91918,56,8059,,,,,,,,14,,9:25.22,,,,,1031,True,Distance,628,1043,1149.5,M,False,2,2025-02-08,2025-02-08,False
43803,91919,56,177,,,,,,,,14,,9:30.03,,,,,1031,True,Distance,606,1027,1119.5,M,False,2,2025-02-08,2025-02-08,False
43804,91920,56,8056,,,,,,,,14,,10:05.11,,,,,1031,True,Distance,459,916,917.0,M,False,2,2025-02-08,2025-02-08,False
43805,91921,56,24987,,,,,,,,14,,10:32.59,,,,,1031,True,Distance,357,833,773.5,M,False,2,2025-02-08,2025-02-08,False
43806,91924,56,130,,127.0,,152.0,,186.0,,24,,3:39.17,,,,,1031,True,Relays,713,1087,1256.5,M,False,2,2025-02-08,2025-02-08,False
43807,91925,56,3574,,3809.0,,24402.0,,8041.0,,24,,3:39.46,,,,,1031,True,Relays,710,1084,1252.0,M,False,2,2025-02-08,2025-02-08,False
43809,91823,61,21471,,,,,,,,9,,2:02.88,,,,,1030,True,Distance,737,1138,1306.0,M,False,2,2025-02-08,2025-02-08,False
43810,91832,61,21471,,,,,,,,13,,4:34.59,,,,,1030,True,Distance,691,1086,1234.0,M,False,2,2025-02-08,2025-02-08,False
43811,91853,61,2273,,8147.0,,24980.0,,4036.0,,24,,3:53.36,,,,,1030,True,Relays,555,973,1041.5,M,False,2,2025-02-08,2025-02-08,False
43812,91926,56,3801,,163.0,,3415.0,,3804.0,,24,,3:41.54,,,,,1031,True,Relays,686,1067,1219.5,M,False,2,2025-02-08,2025-02-08,False
43813,91927,56,203,,24985.0,,24401.0,,8095.0,,24,,3:53.84,,,,,1031,True,Relays,550,969,1034.5,M,False,2,2025-02-08,2025-02-08,False
43866,91981,44,2220,,,,,,,,10,,2:58.30,,,,,1032,True,Distance,433,912,889.0,M,False,2,2025-02-08,2025-02-08,False
43867,91983,44,2214,,,,,,,,13,,4:46.50,,,,,1032,True,Distance,579,1003,1080.5,M,False,2,2025-02-08,2025-02-08,False
43868,91984,44,4138,,,,,,,,13,,4:52.62,,,,,1032,True,Distance,525,962,1006.0,M,False,2,2025-02-08,2025-02-08,False
43869,91985,44,19536,,,,,,,,13,,4:57.08,,,,,1032,True,Distance,487,932,953.0,M,False,2,2025-02-08,2025-02-08,False
43870,91986,44,19558,,,,,,,,13,,5:02.20,,,,,1032,True,Distance,446,898,895.0,M,False,2,2025-02-08,2025-02-08,False
43871,91987,44,19550,,,,,,,,13,,5:07.90,,,,,1032,True,Distance,402,862,833.0,M,False,2,2025-02-08,2025-02-08,False
43872,91988,44,19561,,,,,,,,13,,5:24.51,,,,,1032,True,Distance,287,760,667.0,M,False,2,2025-02-08,2025-02-08,False
43874,91990,44,4138,,,,,,,,14,,9:57.88,,,,,1032,True,Distance,487,938,956.0,M,False,2,2025-02-08,2025-02-08,False
43875,91991,44,19536,,,,,,,,14,,10:02.86,,,,,1032,True,Distance,467,923,928.5,M,False,2,2025-02-08,2025-02-08,False
43876,91992,44,4136,,,,,,,,14,,11:08.41,,,,,1032,True,Distance,244,731,609.5,M,False,2,2025-02-08,2025-02-08,False
43877,91993,44,2217,,,,,,,,19,,6:24.75,,,,,1032,True,Distance,0,0,0.0,M,False,2,2025-02-08,2025-02-08,False
43878,91994,44,2220,,19546.0,,2217.0,,2222.0,,24,,3:46.41,,,,,1032,True,Relays,630,1028,1144.0,M,False,2,2025-02-08,2025-02-08,False
43914,92030,59,19362,,,,,,,,9,,2:07.14,,,,,1033,True,Distance,637,1071,1172.5,M,False,2,2025-02-08,2025-02-08,False
43915,92031,59,21473,,,,,,,,9,,2:09.89,,,,,1033,True,Distance,577,1028,1091.0,M,False,2,2025-02-08,2025-02-08,False
43916,92032,59,1645,,,,,,,,9,,2:13.63,,,,,1033,True,Distance,500,972,986.0,M,False,2,2025-02-08,2025-02-08,False
43917,92033,59,3909,,,,,,,,9,,2:15.09,,,,,1033,True,Distance,472,950,947.0,M,False,2,2025-02-08,2025-02-08,False
43918,92034,59,3902,,,,,,,,9,,2:16.53,,,,,1033,True,Distance,444,929,908.5,M,False,2,2025-02-08,2025-02-08,False
43919,92035,59,24998,,,,,,,,9,,2:18.12,,,,,1033,True,Distance,415,906,868.0,M,False,2,2025-02-08,2025-02-08,False
43920,92036,59,4084,,,,,,,,9,,2:19.64,,,,,1033,True,Distance,388,884,830.0,M,False,2,2025-02-08,2025-02-08,False
43921,92037,59,4081,,,,,,,,9,,2:39.03,,,,,1033,True,Distance,122,630,437.0,M,False,2,2025-02-08,2025-02-08,False
43922,92038,59,2066,,,,,,,,13,,4:39.63,,,,,1033,True,Distance,643,1051,1168.5,M,False,2,2025-02-08,2025-02-08,False
43923,92039,59,11370,,,,,,,,13,,4:49.04,,,,,1033,True,Distance,556,986,1049.0,M,False,2,2025-02-08,2025-02-08,False
43924,92040,59,1638,,,,,,,,13,,5:00.21,,,,,1033,True,Distance,462,911,917.5,M,False,2,2025-02-08,2025-02-08,False
43925,92041,59,1646,,,,,,,,13,,5:30.77,,,,,1033,True,Distance,248,723,609.5,M,False,2,2025-02-08,2025-02-08,False
43926,92042,59,1652,,,,,,,,13,,5:34.56,,,,,1033,True,Distance,227,701,577.5,M,False,2,2025-02-08,2025-02-08,False
43927,92043,59,2788,,,,,,,,13,,5:47.75,,,,,1033,True,Distance,158,628,472.0,M,False,2,2025-02-08,2025-02-08,False
43928,92044,59,4081,,,,,,,,13,,5:50.17,,,,,1033,True,Distance,147,615,454.5,M,False,2,2025-02-08,2025-02-08,False
43929,92045,59,19573,,,,,,,,13,,6:23.12,,,,,1033,True,Distance,35,451,260.5,M,False,2,2025-02-08,2025-02-08,False
43930,92046,59,1631,,,,,,,,14,,9:30.44,,,,,1033,True,Distance,604,1026,1117.0,M,False,2,2025-02-08,2025-02-08,False
43931,92047,59,1632,,,,,,,,14,,9:36.07,,,,,1033,True,Distance,579,1008,1083.0,M,False,2,2025-02-08,2025-02-08,False
43932,92048,59,2783,,,,,,,,14,,9:48.60,,,,,1033,True,Distance,525,968,1009.0,M,False,2,2025-02-08,2025-02-08,False
43933,92049,59,1638,,,,,,,,14,,9:55.48,,,,,1033,True,Distance,497,946,970.0,M,False,2,2025-02-08,2025-02-08,False
43934,92050,59,1652,,,,,,,,14,,11:13.96,,,,,1033,True,Distance,229,716,587.0,M,False,2,2025-02-08,2025-02-08,False
43936,92052,59,24997,,21473.0,,11372.0,,21472.0,,24,,3:38.03,,,,,1033,True,Relays,727,1096,1275.0,M,False,2,2025-02-08,2025-02-08,False
43937,92053,59,3907,,3912.0,,4077.0,,3900.0,,24,,3:40.01,,,,,1033,True,Relays,703,1080,1243.0,M,False,2,2025-02-08,2025-02-08,False
43938,92054,59,1638,,1645.0,,3902.0,,1622.0,,24,,3:50.18,,,,,1033,True,Relays,589,998,1088.0,M,False,2,2025-02-08,2025-02-08,False
43964,92080,188,25000,,,,,,,,9,,1:58.88,,,,,1034,True,Distance,836,1204,1438.0,M,False,2,2025-02-08,2025-02-08,False
43965,92081,188,3547,,,,,,,,9,,2:01.78,,,,,1034,True,Distance,763,1156,1341.0,M,False,2,2025-02-08,2025-02-08,False
43966,92082,188,885,,,,,,,,9,,2:04.48,,,,,1034,True,Distance,699,1113,1255.5,M,False,2,2025-02-08,2025-02-08,False
43967,92083,188,18901,,,,,,,,9,,2:15.54,,,,,1034,True,Distance,463,943,934.5,M,False,2,2025-02-08,2025-02-08,False
43968,92084,188,19634,,,,,,,,9,,2:19.35,,,,,1034,True,Distance,393,888,837.0,M,False,2,2025-02-08,2025-02-08,False
43969,92087,188,882,,,,,,,,13,,4:40.61,,,,,1034,True,Distance,633,1044,1155.0,M,False,2,2025-02-08,2025-02-08,False
43970,92089,188,18878,,,,,,,,13,,4:56.36,,,,,1034,True,Distance,493,937,961.5,M,False,2,2025-02-08,2025-02-08,False
43971,92090,188,24452,,,,,,,,13,,4:57.19,,,,,1034,True,Distance,487,931,952.5,M,False,2,2025-02-08,2025-02-08,False
43972,92091,188,1868,,,,,,,,13,,4:58.25,,,,,1034,True,Distance,478,924,940.0,M,False,2,2025-02-08,2025-02-08,False
43973,92092,188,19634,,,,,,,,13,,5:10.56,,,,,1034,True,Distance,382,845,804.5,M,False,2,2025-02-08,2025-02-08,False
43974,92093,188,944,,,,,,,,13,,5:21.38,,,,,1034,True,Distance,307,779,696.5,M,False,2,2025-02-08,2025-02-08,False
43975,92095,188,5013,,,,,,,,14,,9:11.41,,,,,1034,True,Distance,693,1089,1237.5,M,False,2,2025-02-08,2025-02-08,False
43976,92096,188,3543,,,,,,,,14,,9:19.88,,,,,1034,True,Distance,652,1061,1182.5,M,False,2,2025-02-08,2025-02-08,False
43977,92097,188,882,,,,,,,,14,,9:23.77,,,,,1034,True,Distance,634,1048,1158.0,M,False,2,2025-02-08,2025-02-08,False
43978,92100,188,18567,,,,,,,,14,,10:15.14,,,,,1034,True,Distance,420,885,862.5,M,False,2,2025-02-08,2025-02-08,False
43979,92101,188,24655,,,,,,,,14,,10:34.68,,,,,1034,True,Distance,350,827,763.5,M,False,2,2025-02-08,2025-02-08,False
43980,92102,188,24654,,,,,,,,14,,11:10.35,,,,,1034,True,Distance,239,726,602.0,M,False,2,2025-02-08,2025-02-08,False
44000,92122,199,18892,,,,,,,,9,,2:18.29,,,,,1034,True,Distance,412,903,863.5,M,False,2,2025-02-08,2025-02-08,False
44001,92123,199,18898,,,,,,,,13,,5:12.84,,,,,1034,True,Distance,366,831,781.5,M,False,2,2025-02-08,2025-02-08,False
44002,92124,199,1895,,,,,,,,13,,5:19.22,,,,,1034,True,Distance,321,792,717.0,M,False,2,2025-02-08,2025-02-08,False
44003,92125,199,1887,,,,,,,,13,,5:42.76,,,,,1034,True,Distance,183,655,510.5,M,False,2,2025-02-08,2025-02-08,False
44004,92126,199,19635,,,,,,,,14,,9:25.78,,,,,1034,True,Distance,625,1041,1145.5,M,False,2,2025-02-08,2025-02-08,False
44005,92127,199,1842,,,,,,,,14,,9:42.77,,,,,1034,True,Distance,550,986,1043.0,M,False,2,2025-02-08,2025-02-08,False
44006,92128,199,19644,,,,,,,,14,,10:54.10,,,,,1034,True,Distance,287,771,672.5,M,False,2,2025-02-08,2025-02-08,False
44017,92085,188,909,,,,,,,,9,,2:20.75,,,,,1034,True,Distance,369,868,803.0,M,False,2,2025-02-08,2025-02-08,False
44018,92086,188,950,,,,,,,,9,,2:23.88,,,,,1034,True,Distance,317,825,729.5,M,False,2,2025-02-08,2025-02-08,False
44019,92094,188,950,,,,,,,,13,,5:33.92,,,,,1034,True,Distance,230,705,582.5,M,False,2,2025-02-08,2025-02-08,False
44020,92088,188,886,,,,,,,,13,,4:53.68,,,,,1034,True,Distance,516,954,993.0,M,False,2,2025-02-08,2025-02-08,False
44025,92143,107,23473,,,,,,,,9,,1:56.95,,,,,1035,True,Distance,887,1236,1505.0,M,False,2,2025-02-08,2025-02-08,False
44026,92144,107,2038,,,,,,,,13,,4:48.78,,,,,1035,True,Distance,559,987,1052.5,M,False,2,2025-02-08,2025-02-08,False
44027,92145,107,2032,,,,,,,,13,,4:57.11,,,,,1035,True,Distance,487,932,953.0,M,False,2,2025-02-08,2025-02-08,False
44028,92146,107,4841,,,,,,,,13,,5:11.68,,,,,1035,True,Distance,374,838,793.0,M,False,2,2025-02-08,2025-02-08,False
44047,92166,112,417,,,,,,,,9,,1:58.46,,,,,1035,True,Distance,847,1211,1452.5,M,False,2,2025-02-08,2025-02-08,False
44048,92167,112,420,,,,,,,,9,,2:00.45,,,,,1035,True,Distance,796,1178,1385.0,M,False,2,2025-02-08,2025-02-08,False
44049,92168,112,25014,,,,,,,,9,,2:22.29,,,,,1035,True,Distance,343,847,766.5,M,False,2,2025-02-08,2025-02-08,False
44050,92169,112,417,,,,,,,,13,,4:25.32,,,,,1035,True,Distance,786,1153,1362.5,M,False,2,2025-02-08,2025-02-08,False
44051,92170,112,3333,,,,,,,,13,,4:29.54,,,,,1035,True,Distance,742,1122,1303.0,M,False,2,2025-02-08,2025-02-08,False
44052,92171,112,421,,,,,,,,13,,4:30.54,,,,,1035,True,Distance,732,1115,1289.5,M,False,2,2025-02-08,2025-02-08,False
44053,92172,112,434,,,,,,,,13,,5:09.71,,,,,1035,True,Distance,389,851,814.5,M,False,2,2025-02-08,2025-02-08,False
44054,92173,112,11322,,,,,,,,13,,5:25.90,,,,,1035,True,Distance,278,752,654.0,M,False,2,2025-02-08,2025-02-08,False
44055,92174,112,421,,,,,,,,14,,9:05.01,,,,,1035,True,Distance,724,1111,1279.5,M,False,2,2025-02-08,2025-02-08,False
44056,92175,112,420,,434.0,,25014.0,,11322.0,,24,,3:53.28,,,,,1035,True,Relays,556,974,1043.0,M,False,2,2025-02-08,2025-02-08,False
44059,92178,49,2260,,,,,,,,13,,4:25.83,,,,,1035,True,Distance,780,1149,1354.5,M,False,2,2025-02-08,2025-02-08,False
44060,92179,49,3782,,,,,,,,13,,4:29.63,,,,,1035,True,Distance,741,1122,1302.0,M,False,2,2025-02-08,2025-02-08,False
44061,92180,49,18,,,,,,,,13,,4:46.24,,,,,1035,True,Distance,581,1005,1083.5,M,False,2,2025-02-08,2025-02-08,False
44065,92184,1,18736,,,,,,,,9,,2:03.02,,,,,1035,True,Distance,733,1136,1301.0,M,False,2,2025-02-08,2025-02-08,False
44066,92186,1,18733,,,,,,,,13,,4:50.09,,,,,1035,True,Distance,547,979,1036.5,M,False,2,2025-02-08,2025-02-08,False
44067,92187,1,25016,,,,,,,,13,,4:58.74,,,,,1035,True,Distance,474,921,934.5,M,False,2,2025-02-08,2025-02-08,False
44068,92188,1,35,,,,,,,,13,,5:10.45,,,,,1035,True,Distance,383,846,806.0,M,False,2,2025-02-08,2025-02-08,False
44069,92189,1,2,,,,,,,,17,,14:45.97,,,,,1035,True,Distance,890,1215,1497.5,M,False,2,2025-02-08,2025-02-08,False
44070,92190,1,8,,,,,,,,17,,15:17.37,,,,,1035,True,Distance,792,1153,1368.5,M,False,2,2025-02-08,2025-02-08,False
44071,92192,1,19414,,,,,,,,17,,16:21.02,,,,,1035,True,Distance,610,1032,1126.0,M,False,2,2025-02-08,2025-02-08,False
44076,92197,118,3887,,,,,,,,9,,2:13.83,,,,,1035,True,Distance,496,969,980.5,M,False,2,2025-02-08,2025-02-08,False
44077,92198,118,11323,,,,,,,,9,,2:16.01,,,,,1035,True,Distance,454,936,922.0,M,False,2,2025-02-08,2025-02-08,False
44078,92199,118,3885,,,,,,,,9,,2:38.07,,,,,1035,True,Distance,132,641,452.5,M,False,2,2025-02-08,2025-02-08,False
44079,92200,118,24720,,,,,,,,13,,4:43.52,,,,,1035,True,Distance,606,1023,1117.5,M,False,2,2025-02-08,2025-02-08,False
44080,92201,118,19422,,,,,,,,13,,5:09.13,,,,,1035,True,Distance,393,854,820.0,M,False,2,2025-02-08,2025-02-08,False
44081,92202,118,19427,,,,,,,,13,,5:14.97,,,,,1035,True,Distance,351,818,760.0,M,False,2,2025-02-08,2025-02-08,False
44082,92203,118,3884,,,,,,,,17,,16:39.01,,,,,1035,True,Distance,563,1000,1063.0,M,False,2,2025-02-08,2025-02-08,False
44097,92218,127,24651,,,,,,,,13,,5:05.61,,,,,1035,True,Distance,419,877,857.5,M,False,2,2025-02-08,2025-02-08,False
44098,92219,127,19419,,,,,,,,13,,5:21.78,,,,,1035,True,Distance,304,776,692.0,M,False,2,2025-02-08,2025-02-08,False
44099,92220,127,24388,,3630.0,,4516.0,,4936.0,,24,,3:39.78,,,,,1035,True,Relays,706,1082,1247.0,M,False,2,2025-02-08,2025-02-08,False
44100,92222,1,7,Jr,,,,,,,14,,8:51.12,,,,,1036,True,Distance,793,1158,1372.0,M,False,2,2025-02-08,2025-02-08,False
44101,92185,1,4603,,,,,,,,13,,4:40.48,,,,,1035,True,Distance,635,1045,1157.5,M,False,2,2025-02-08,2025-02-08,False
44221,92235,139,19010,,,,,,,,10,,2:51.33,,,,,1039,True,Distance,536,992,1032.0,M,False,2,2025-02-07,2025-02-08,False
44222,92236,139,1589,,,,,,,,10,,3:00.57,,,,,1039,True,Distance,402,887,845.5,M,False,2,2025-02-07,2025-02-08,False
44223,92237,139,7693,,,,,,,,13,,4:21.12,,,,,1039,True,Distance,831,1184,1423.0,M,False,2,2025-02-07,2025-02-08,False
44224,92238,139,7697,,,,,,,,13,,5:02.54,,,,,1039,True,Distance,443,896,891.0,M,False,2,2025-02-07,2025-02-08,False
44225,92239,139,19010,,,,,,,,13,,5:07.13,,,,,1039,True,Distance,408,867,841.5,M,False,2,2025-02-07,2025-02-08,False
44226,92240,139,7693,,,,,,,,14,,10:48.22,,,,,1039,True,Distance,306,788,700.0,M,False,2,2025-02-07,2025-02-08,False
44227,92241,139,1589,,,,,,,,14,,11:03.13,,,,,1039,True,Distance,260,746,633.0,M,False,2,2025-02-07,2025-02-08,False
44229,92243,160,2445,,,,,,,,13,,4:45.88,,,,,1039,True,Distance,585,1007,1088.5,M,False,2,2025-02-07,2025-02-08,False
44230,92244,160,1213,,,,,,,,13,,5:07.69,,,,,1039,True,Distance,404,863,835.5,M,False,2,2025-02-07,2025-02-08,False
44231,92245,160,2445,,,,,,,,14,,9:53.66,,,,,1039,True,Distance,504,952,980.0,M,False,2,2025-02-07,2025-02-08,False
44232,92246,160,1213,,,,,,,,14,,9:59.67,,,,,1039,True,Distance,480,933,946.5,M,False,2,2025-02-07,2025-02-08,False
44233,92247,160,11422,,,,,,,,14,,10:29.69,,,,,1039,True,Distance,368,842,789.0,M,False,2,2025-02-07,2025-02-08,False
44262,92277,164,22379,,,,,,,,9,,1:56.09,,,,,1039,True,Distance,910,1251,1535.5,M,False,2,2025-02-07,2025-02-08,False
44263,92278,164,700,,,,,,,,9,,2:01.29,,,,,1039,True,Distance,776,1164,1358.0,M,False,2,2025-02-07,2025-02-08,False
44264,92279,164,747,,,,,,,,9,,2:08.01,,,,,1039,True,Distance,618,1057,1146.5,M,False,2,2025-02-07,2025-02-08,False
44265,92280,164,19003,,,,,,,,9,,2:08.31,,,,,1039,True,Distance,611,1052,1137.0,M,False,2,2025-02-07,2025-02-08,False
44266,92281,164,2727,,,,,,,,9,,2:12.99,,,,,1039,True,Distance,513,981,1003.5,M,False,2,2025-02-07,2025-02-08,False
44267,92282,164,801,,,,,,,,9,,2:27.94,,,,,1039,True,Distance,256,770,641.0,M,False,2,2025-02-07,2025-02-08,False
44268,92283,164,700,,,,,,,,13,,4:32.45,,,,,1039,True,Distance,713,1101,1263.5,M,False,2,2025-02-07,2025-02-08,False
44269,92284,164,747,,,,,,,,13,,4:40.74,,,,,1039,True,Distance,632,1043,1153.5,M,False,2,2025-02-07,2025-02-08,False
44270,92285,164,18963,,,,,,,,13,,4:46.78,,,,,1039,True,Distance,576,1001,1076.5,M,False,2,2025-02-07,2025-02-08,False
44271,92286,164,19003,,,,,,,,13,,5:00.26,,,,,1039,True,Distance,462,911,917.5,M,False,2,2025-02-07,2025-02-08,False
44272,92288,164,2749,,,,,,,,13,,5:16.40,,,,,1039,True,Distance,341,809,745.5,M,False,2,2025-02-07,2025-02-08,False
44273,92289,164,786,,,,,,,,13,,5:27.16,,,,,1039,True,Distance,270,744,642.0,M,False,2,2025-02-07,2025-02-08,False
44274,92290,164,683,,,,,,,,14,,8:43.39,,,,,1039,True,Distance,834,1185,1426.5,M,False,2,2025-02-07,2025-02-08,False
44275,92291,164,18964,,,,,,,,14,,8:44.41,,,,,1039,True,Distance,828,1182,1419.0,M,False,2,2025-02-07,2025-02-08,False
44276,92292,164,709,,,,,,,,14,,9:07.37,,,,,1039,True,Distance,712,1103,1263.5,M,False,2,2025-02-07,2025-02-08,False
44277,92293,164,675,,,,,,,,14,,9:30.96,,,,,1039,True,Distance,602,1024,1114.0,M,False,2,2025-02-07,2025-02-08,False
44278,92295,164,5929,,,,,,,,17,,14:54.97,,,,,1039,True,Distance,861,1197,1459.5,M,False,2,2025-02-07,2025-02-08,False
44279,92296,164,2723,,,,,,,,17,,15:15.41,,,,,1039,True,Distance,798,1157,1376.5,M,False,2,2025-02-07,2025-02-08,False
44290,92287,164,19007,,,,,,,,13,,5:08.04,,,,,1039,True,Distance,401,861,831.5,M,False,2,2025-02-07,2025-02-08,False
44291,92294,164,19007,,,,,,,,14,,10:09.23,,,,,1039,True,Distance,443,903,894.5,M,False,2,2025-02-07,2025-02-08,False
44294,92297,164,18963,,,,,,,,17,,16:12.70,,,,,1039,True,Distance,633,1048,1157.0,M,False,2,2025-02-07,2025-02-08,False
44295,92298,164,691,,,,,,,,17,,17:12.93,,,,,1039,True,Distance,480,939,949.5,M,False,2,2025-02-07,2025-02-08,False
44296,92299,164,731,,,,,,,,17,,17:30.88,,,,,1039,True,Distance,439,908,893.0,M,False,2,2025-02-07,2025-02-08,False
44333,92337,167,468,,,,,,,,9,,1:59.08,,,,,1039,True,Distance,831,1201,1431.5,M,False,2,2025-02-07,2025-02-08,False
44334,92338,167,19386,,,,,,,,9,,2:04.82,,,,,1039,True,Distance,691,1107,1244.5,M,False,2,2025-02-07,2025-02-08,False
44335,92339,167,3015,,,,,,,,9,,2:06.22,,,,,1039,True,Distance,658,1085,1200.5,M,False,2,2025-02-07,2025-02-08,False
44336,92340,167,25028,,,,,,,,9,,2:07.34,,,,,1039,True,Distance,633,1068,1167.0,M,False,2,2025-02-07,2025-02-08,False
44337,92341,167,18977,,,,,,,,9,,2:08.11,,,,,1039,True,Distance,616,1056,1144.0,M,False,2,2025-02-07,2025-02-08,False
44338,92342,167,743,,,,,,,,9,,2:11.96,,,,,1039,True,Distance,534,997,1032.5,M,False,2,2025-02-07,2025-02-08,False
44339,92343,167,25029,,,,,,,,9,,2:14.63,,,,,1039,True,Distance,480,957,958.5,M,False,2,2025-02-07,2025-02-08,False
44340,92344,167,19394,,,,,,,,9,,2:17.07,,,,,1039,True,Distance,434,921,894.5,M,False,2,2025-02-07,2025-02-08,False
44341,92345,167,467,,,,,,,,10,,2:32.32,,,,,1039,True,Distance,875,1228,1489.0,M,False,2,2025-02-07,2025-02-08,False
44342,92347,167,19384,,,,,,,,10,,2:50.04,,,,,1039,True,Distance,557,1007,1060.5,M,False,2,2025-02-07,2025-02-08,False
44343,92348,167,740,,,,,,,,10,,2:52.40,,,,,1039,True,Distance,520,980,1010.0,M,False,2,2025-02-07,2025-02-08,False
44344,92349,167,19387,,,,,,,,10,,2:53.51,,,,,1039,True,Distance,503,967,986.5,M,False,2,2025-02-07,2025-02-08,False
44345,92350,167,25030,,,,,,,,10,,2:55.71,,,,,1039,True,Distance,470,941,940.5,M,False,2,2025-02-07,2025-02-08,False
44346,92351,167,19394,,,,,,,,10,,3:02.98,,,,,1039,True,Distance,370,860,800.0,M,False,2,2025-02-07,2025-02-08,False
44347,92352,167,466,,,,,,,,13,,4:29.83,,,,,1039,True,Distance,739,1120,1299.0,M,False,2,2025-02-07,2025-02-08,False
44348,92353,167,2539,,,,,,,,13,,4:34.36,,,,,1039,True,Distance,694,1088,1238.0,M,False,2,2025-02-07,2025-02-08,False
44349,92354,167,681,,,,,,,,13,,4:44.42,,,,,1039,True,Distance,598,1017,1106.5,M,False,2,2025-02-07,2025-02-08,False
44350,92355,167,702,,,,,,,,13,,4:55.87,,,,,1039,True,Distance,498,940,968.0,M,False,2,2025-02-07,2025-02-08,False
44351,92356,167,720,,,,,,,,13,,5:00.81,,,,,1039,True,Distance,457,908,911.0,M,False,2,2025-02-07,2025-02-08,False
44352,92357,167,760,,,,,,,,13,,5:18.17,,,,,1039,True,Distance,329,798,728.0,M,False,2,2025-02-07,2025-02-08,False
44353,92358,167,19396,,,,,,,,13,,5:38.14,,,,,1039,True,Distance,207,681,547.5,M,False,2,2025-02-07,2025-02-08,False
44354,92359,167,673,,,,,,,,14,,8:41.94,,,,,1039,True,Distance,841,1190,1436.0,M,False,2,2025-02-07,2025-02-08,False
44355,92360,167,2584,,,,,,,,14,,8:58.66,,,,,1039,True,Distance,755,1132,1321.0,M,False,2,2025-02-07,2025-02-08,False
44356,92361,167,669,,,,,,,,14,,9:03.30,,,,,1039,True,Distance,732,1116,1290.0,M,False,2,2025-02-07,2025-02-08,False
44357,92362,167,18971,,,,,,,,14,,9:11.14,,,,,1039,True,Distance,694,1090,1239.0,M,False,2,2025-02-07,2025-02-08,False
44358,92363,167,710,,,,,,,,14,,9:17.31,,,,,1039,True,Distance,664,1069,1198.5,M,False,2,2025-02-07,2025-02-08,False
44359,92364,167,685,,,,,,,,14,,9:22.33,,,,,1039,True,Distance,641,1053,1167.5,M,False,2,2025-02-07,2025-02-08,False
44360,92365,167,695,,,,,,,,14,,9:42.39,,,,,1039,True,Distance,552,987,1045.5,M,False,2,2025-02-07,2025-02-08,False
44361,92366,167,666,,,,,,,,17,,14:40.30,,,,,1039,True,Distance,908,1227,1521.5,M,False,2,2025-02-07,2025-02-08,False
44362,92367,167,667,,,,,,,,17,,15:36.70,,,,,1039,True,Distance,734,1116,1292.0,M,False,2,2025-02-07,2025-02-08,False
44363,92368,167,704,,,,,,,,17,,16:08.13,,,,,1039,True,Distance,645,1056,1173.0,M,False,2,2025-02-07,2025-02-08,False
44369,92374,167,25027,,18977.0,,4304.0,,25024.0,,24,,3:40.77,,,,,1039,True,Relays,695,1073,1231.5,M,False,2,2025-02-07,2025-02-08,False
44370,92375,167,467,,743.0,,760.0,,25030.0,,24,,3:55.02,,,,,1039,True,Relays,538,960,1018.0,M,False,2,2025-02-07,2025-02-08,False
44396,92300,164,2727,,700.0,,721.0,,18964.0,,24,,3:47.68,,,,,1039,True,Relays,616,1018,1125.0,M,False,2,2025-02-07,2025-02-08,False
44399,92390,88,539,So,,,,,,,9,,1:55.76,,,,,1040,True,Distance,918,1256,1546.0,M,False,2,2025-02-07,2025-02-08,False
44400,92391,88,530,So,,,,,,,9,,1:59.39,,,,,1040,True,Distance,823,1196,1421.0,M,False,2,2025-02-07,2025-02-08,False
44401,92392,88,24595,Fr,,,,,,,10,,2:31.54,,,,,1040,True,Distance,891,1238,1510.0,M,False,2,2025-02-07,2025-02-08,False
44402,92393,88,11493,Fr,,,,,,,10,,2:41.46,,,,,1040,True,Distance,702,1111,1257.5,M,False,2,2025-02-07,2025-02-08,False
44403,92394,88,529,Jr,,,,,,,10,,2:51.58,,,,,1040,True,Distance,533,989,1027.5,M,False,2,2025-02-07,2025-02-08,False
44404,92395,88,2560,Sr,,,,,,,13,,4:38.77,,,,,1040,True,Distance,651,1057,1179.5,M,False,2,2025-02-07,2025-02-08,False
44405,92396,88,3092,Jr,,,,,,,13,,4:42.64,,,,,1040,True,Distance,614,1030,1129.0,M,False,2,2025-02-07,2025-02-08,False
44406,92397,88,11485,Fr,,,,,,,14,,8:56.98,,,,,1040,True,Distance,764,1138,1333.0,M,False,2,2025-02-07,2025-02-08,False
44407,92398,88,3615,Jr,,,,,,,14,,9:18.48,,,,,1040,True,Distance,659,1065,1191.5,M,False,2,2025-02-07,2025-02-08,False
44408,92399,88,11490,Fr,,,,,,,14,,9:25.96,,,,,1040,True,Distance,624,1041,1144.5,M,False,2,2025-02-07,2025-02-08,False
44409,92400,88,507,So,,,,,,,17,,16:05.75,,,,,1040,True,Distance,652,1061,1182.5,M,False,2,2025-02-07,2025-02-08,False
44460,92422,167,667,,2539.0,,8108.0,,673.0,,30,,10:36.53,,,,,1044,True,Relays,0,0,0.0,M,False,2,2025-02-15,2025-02-15,False
44498,92425,167,695,,,,,,,,17,,16:48.68,,,,,1044,True,Distance,539,982,1030.0,M,False,2,2025-02-15,2025-02-15,False
44512,92439,167,669,,,,,,,,13,,4:31.91,,,,,1044,True,Distance,718,1105,1270.5,M,False,2,2025-02-15,2025-02-15,False
44513,92440,167,19376,,,,,,,,13,,4:34.98,,,,,1044,True,Distance,688,1083,1229.5,M,False,2,2025-02-15,2025-02-15,False
44514,92442,167,18971,,,,,,,,13,,4:50.11,,,,,1044,True,Distance,547,978,1036.0,M,False,2,2025-02-15,2025-02-15,False
44515,92443,167,25054,,,,,,,,13,,4:50.70,,,,,1044,True,Distance,542,974,1029.0,M,False,2,2025-02-15,2025-02-15,False
44516,92444,167,19387,,,,,,,,13,,4:53.41,,,,,1044,True,Distance,518,956,996.0,M,False,2,2025-02-15,2025-02-15,False
44517,92445,167,25055,,,,,,,,13,,4:58.37,,,,,1044,True,Distance,477,923,938.5,M,False,2,2025-02-15,2025-02-15,False
44518,92446,167,19385,,,,,,,,13,,5:02.86,,,,,1044,True,Distance,441,894,888.0,M,False,2,2025-02-15,2025-02-15,False
44519,92447,167,702,,,,,,,,13,,5:03.95,,,,,1044,True,Distance,432,887,875.5,M,False,2,2025-02-15,2025-02-15,False
44520,92448,167,740,,,,,,,,13,,5:13.36,,,,,1044,True,Distance,362,828,776.0,M,False,2,2025-02-15,2025-02-15,False
44521,92449,167,19394,,,,,,,,13,,5:14.73,,,,,1044,True,Distance,352,819,761.5,M,False,2,2025-02-15,2025-02-15,False
44522,92450,167,760,,,,,,,,13,,5:16.49,,,,,1044,True,Distance,340,808,744.0,M,False,2,2025-02-15,2025-02-15,False
44523,92451,167,19396,,,,,,,,13,,5:23.26,,,,,1044,True,Distance,295,767,678.5,M,False,2,2025-02-15,2025-02-15,False
44531,92461,167,4440,,,,,,,,9,,2:06.92,,,,,1044,True,Distance,642,1074,1179.0,M,False,2,2025-02-15,2025-02-15,False
44532,92462,167,25029,,,,,,,,9,,2:10.97,,,,,1044,True,Distance,554,1012,1060.0,M,False,2,2025-02-15,2025-02-15,False
44533,92464,167,19013,,,,,,,,9,,2:20.38,,,,,1044,True,Distance,375,873,811.5,M,False,2,2025-02-15,2025-02-15,False
44534,92465,167,19394,,,,,,,,9,,2:20.45,,,,,1044,True,Distance,374,872,810.0,M,False,2,2025-02-15,2025-02-15,False
44540,92471,167,704,,,,,,,,14,,9:26.18,,,,,1044,True,Distance,623,1040,1143.0,M,False,2,2025-02-15,2025-02-15,False
44541,92472,167,681,,,,,,,,14,,9:31.96,,,,,1044,True,Distance,597,1021,1107.5,M,False,2,2025-02-15,2025-02-15,False
44542,92473,167,720,,,,,,,,14,,9:59.40,,,,,1044,True,Distance,481,934,948.0,M,False,2,2025-02-15,2025-02-15,False
44543,92474,167,5220,,,,,,,,14,,10:05.10,,,,,1044,True,Distance,459,916,917.0,M,False,2,2025-02-15,2025-02-15,False
44554,90742,124,1993,,,,,,,,14,,8:50.12,,,,,1017,True,Distance,799,1162,1380.0,M,False,2,2025-01-31,2025-02-01,False
44566,92423,167,466,,3015.0,,467.0,,2584.0,,30,,10:43.82,,,,,1044,True,Relays,0,0,0.0,M,False,2,2025-02-15,2025-02-15,False
44567,92424,167,743,,18977.0,,19386.0,,19384.0,,30,,11:19.17,,,,,1044,True,Relays,0,0,0.0,M,False,2,2025-02-15,2025-02-15,False
44569,92460,167,466,,,,,,,,9,,2:01.98,,,,,1044,True,Distance,759,1153,1335.5,M,False,2,2025-02-15,2025-02-15,False
44570,92475,167,4304,,743.0,,25024.0,,25029.0,,24,,3:47.01,,,,,1044,True,Relays,624,1023,1135.5,M,False,2,2025-02-15,2025-02-15,False
44595,92463,167,25030,,,,,,,,9,,2:15.68,,,,,1044,True,Distance,460,941,930.5,M,False,2,2025-02-15,2025-02-15,False
44596,92441,167,710,,,,,,,,13,,4:38.19,,,,,1044,True,Distance,656,1061,1186.5,M,False,2,2025-02-15,2025-02-15,False
44608,92501,56,127,,,,,,,,17,,15:19.54,,,,,1045,True,Distance,785,1149,1359.5,M,False,2,2025-02-15,2025-02-15,False
44609,92502,56,8065,,,,,,,,17,,15:48.12,,,,,1045,True,Distance,701,1094,1248.0,M,False,2,2025-02-15,2025-02-15,False
44610,92503,108,8048,,,,,,,,17,,16:32.19,,,,,1045,True,Distance,581,1012,1087.0,M,False,2,2025-02-15,2025-02-15,False
44611,92504,108,16,,,,,,,,17,,16:34.62,,,,,1045,True,Distance,575,1008,1079.0,M,False,2,2025-02-15,2025-02-15,False
44612,92505,56,8059,,,,,,,,17,,16:47.05,,,,,1045,True,Distance,543,985,1035.5,M,False,2,2025-02-15,2025-02-15,False
44613,92506,56,8056,,,,,,,,17,,16:54.97,,,,,1045,True,Distance,523,971,1008.5,M,False,2,2025-02-15,2025-02-15,False
44616,92509,56,130,,,,,,,,13,,4:22.08,,,,,1045,True,Distance,820,1177,1408.5,M,False,2,2025-02-15,2025-02-15,False
44617,92510,56,129,,,,,,,,13,,4:29.75,,,,,1045,True,Distance,740,1121,1300.5,M,False,2,2025-02-15,2025-02-15,False
44618,92511,56,203,,,,,,,,13,,4:37.38,,,,,1045,True,Distance,664,1066,1197.0,M,False,2,2025-02-15,2025-02-15,False
44619,92512,108,23475,,,,,,,,13,,4:55.00,,,,,1045,True,Distance,505,946,978.0,M,False,2,2025-02-15,2025-02-15,False
44620,92513,108,6407,,,,,,,,13,,5:01.46,,,,,1045,True,Distance,452,903,903.5,M,False,2,2025-02-15,2025-02-15,False
44621,92514,108,24705,,,,,,,,13,,5:09.88,,,,,1045,True,Distance,387,849,811.5,M,False,2,2025-02-15,2025-02-15,False
44622,92515,56,24399,,,,,,,,13,,5:35.72,,,,,1045,True,Distance,220,695,567.5,M,False,2,2025-02-15,2025-02-15,False
44635,92528,56,123,,,,,,,,9,,1:58.29,,,,,1045,True,Distance,852,1214,1459.0,M,False,2,2025-02-15,2025-02-15,False
44636,92529,56,8095,,,,,,,,9,,2:03.66,,,,,1045,True,Distance,718,1126,1281.0,M,False,2,2025-02-15,2025-02-15,False
44637,92530,56,163,,,,,,,,9,,2:05.65,,,,,1045,True,Distance,671,1094,1218.0,M,False,2,2025-02-15,2025-02-15,False
44638,92531,56,19600,,,,,,,,9,,2:05.84,,,,,1045,True,Distance,667,1091,1212.5,M,False,2,2025-02-15,2025-02-15,False
44639,92532,56,8056,,,,,,,,9,,2:15.69,,,,,1045,True,Distance,460,941,930.5,M,False,2,2025-02-15,2025-02-15,False
44640,92533,56,24399,,,,,,,,9,,2:22.86,,,,,1045,True,Distance,333,839,752.5,M,False,2,2025-02-15,2025-02-15,False
44641,92534,56,152,,,,,,,,9,,2:23.55,,,,,1045,True,Distance,322,829,736.5,M,False,2,2025-02-15,2025-02-15,False
44653,92546,56,2193,,,,,,,,14,,8:52.65,,,,,1045,True,Distance,786,1153,1362.5,M,False,2,2025-02-15,2025-02-15,False
44654,92547,108,24706,,,,,,,,14,,9:05.86,,,,,1045,True,Distance,719,1108,1273.0,M,False,2,2025-02-15,2025-02-15,False
44655,92548,56,8065,,,,,,,,14,,9:34.44,,,,,1045,True,Distance,586,1013,1092.5,M,False,2,2025-02-15,2025-02-15,False
44656,92549,108,6407,,,,,,,,14,,10:14.21,,,,,1045,True,Distance,424,888,868.0,M,False,2,2025-02-15,2025-02-15,False
44657,92550,56,130,,129.0,,123.0,,25062.0,,24,,3:34.11,,,,,1045,True,Relays,774,1128,1338.0,M,False,2,2025-02-15,2025-02-15,False
44658,92551,56,19600,,25063.0,,25064.0,,,,24,,3:40.98,,,,,1045,True,Relays,692,1072,1228.0,M,False,2,2025-02-15,2025-02-15,False
44659,92552,56,3801,,25065.0,,3415.0,,3578.0,,24,,3:50.90,,,,,1045,True,Relays,581,992,1077.0,M,False,2,2025-02-15,2025-02-15,False
44669,92563,107,24621,,,,,,,,9,,2:09.31,,,,,1046,True,Distance,590,1037,1108.5,M,False,2,2025-02-14,2025-02-14,False
44671,92565,107,2876,,,,,,,,13,,4:57.55,,,,,1046,True,Distance,484,929,948.5,M,False,2,2025-02-14,2025-02-14,False
44672,92566,107,4841,,,,,,,,13,,5:18.13,,,,,1046,True,Distance,329,798,728.0,M,False,2,2025-02-14,2025-02-14,False
44673,92567,112,25070,,,,,,,,13,,5:30.02,,,,,1046,True,Distance,253,727,616.5,M,False,2,2025-02-14,2025-02-14,False
44676,90758,124,1993,,,,,,,,17,,15:18.13,,,,,1017,True,Distance,789,1152,1365.0,M,False,2,2025-01-31,2025-02-01,False
44697,92553,56,25066,,25067.0,,8095.0,,2193.0,,24,,3:55.90,,,,,1045,True,Relays,529,954,1006.0,M,False,2,2025-02-15,2025-02-15,False
44698,91437,146,22385,,1205.0,,3729.0,,26627.0,,24,,3:45.65,,,,,1026,True,Relays,639,1034,1156.0,M,False,2,2025-02-09,2025-02-09,False
44791,91395,146,26627,,,,,,,,14,,8:54.99,,,,,1026,True,Distance,774,1145,1346.5,M,False,2,2025-02-09,2025-02-09,False
44894,92578,58,19538,,,,,,,,9,,2:00.29,,,,,1047,True,Distance,800,1181,1390.5,M,False,2,2025-02-15,2025-02-15,False
44895,92579,58,178,,,,,,,,13,,4:39.60,,,,,1047,True,Distance,643,1051,1168.5,M,False,2,2025-02-15,2025-02-15,False
44896,92580,58,170,,,,,,,,13,,4:48.37,,,,,1047,True,Distance,562,990,1057.0,M,False,2,2025-02-15,2025-02-15,False
44897,92581,58,162,,,,,,,,13,,5:04.26,,,,,1047,True,Distance,430,885,872.5,M,False,2,2025-02-15,2025-02-15,False
44898,92582,58,2219,,,,,,,,13,,5:04.51,,,,,1047,True,Distance,428,884,870.0,M,False,2,2025-02-15,2025-02-15,False
44899,92583,58,134,,,,,,,,13,,5:08.96,,,,,1047,True,Distance,394,855,821.5,M,False,2,2025-02-15,2025-02-15,False
44900,92584,58,179,,,,,,,,13,,5:36.94,,,,,1047,True,Distance,213,688,557.0,M,False,2,2025-02-15,2025-02-15,False
44901,92585,58,3922,,,,,,,,14,,9:05.11,,,,,1047,True,Distance,723,1110,1278.0,M,False,2,2025-02-15,2025-02-15,False
44928,92608,111,8005,,,,,,,,9,,2:09.88,,,,,1048,True,Distance,577,1028,1091.0,M,False,2,2025-02-15,2025-02-15,False
44929,92609,111,8011,,,,,,,,9,,2:11.80,,,,,1048,True,Distance,537,999,1036.5,M,False,2,2025-02-15,2025-02-15,False
44930,92610,111,25076,,,,,,,,9,,2:27.10,,,,,1048,True,Distance,268,781,658.5,M,False,2,2025-02-15,2025-02-15,False
44931,92611,111,18131,,,,,,,,9,,2:28.12,,,,,1048,True,Distance,253,767,636.5,M,False,2,2025-02-15,2025-02-15,False
44932,92612,111,8009,,,,,,,,13,,4:52.26,,,,,1048,True,Distance,528,964,1010.0,M,False,2,2025-02-15,2025-02-15,False
44933,92613,111,18131,,,,,,,,13,,5:14.07,,,,,1048,True,Distance,357,823,768.5,M,False,2,2025-02-15,2025-02-15,False
44934,92615,111,18791,,,,,,,,13,,6:00.11,,,,,1048,True,Distance,105,563,386.5,M,False,2,2025-02-15,2025-02-15,False
44935,92616,111,25077,,,,,,,,13,,7:44.55,,,,,1048,True,Distance,0,155,77.5,M,False,2,2025-02-15,2025-02-15,False
44936,92617,111,8007,,,,,,,,14,,9:22.07,,,,,1048,True,Distance,642,1053,1168.5,M,False,2,2025-02-15,2025-02-15,False
44937,92618,111,8011,,,,,,,,14,,10:57.57,,,,,1048,True,Distance,276,762,657.0,M,False,2,2025-02-15,2025-02-15,False
44938,92619,111,8011,,8005.0,,18131.0,,25074.0,,24,,4:04.56,,,,,1048,True,Relays,445,888,889.0,M,False,2,2025-02-15,2025-02-15,False
44997,92678,117,24698,,,,,,,,9,,2:00.68,,,,,1048,True,Distance,791,1174,1378.0,M,False,2,2025-02-15,2025-02-15,False
44998,92679,117,156,,,,,,,,9,,2:02.29,,,,,1048,True,Distance,751,1148,1325.0,M,False,2,2025-02-15,2025-02-15,False
44999,92680,117,8060,,,,,,,,9,,2:03.09,,,,,1048,True,Distance,732,1135,1299.5,M,False,2,2025-02-15,2025-02-15,False
45000,92681,117,23472,,,,,,,,9,,2:04.44,,,,,1048,True,Distance,700,1113,1256.5,M,False,2,2025-02-15,2025-02-15,False
45001,92682,117,31,,,,,,,,9,,2:07.47,,,,,1048,True,Distance,630,1066,1163.0,M,False,2,2025-02-15,2025-02-15,False
45002,92683,117,6,,,,,,,,9,,2:15.38,,,,,1048,True,Distance,466,946,939.0,M,False,2,2025-02-15,2025-02-15,False
45003,92684,117,188,,,,,,,,9,,2:19.18,,,,,1048,True,Distance,396,891,841.5,M,False,2,2025-02-15,2025-02-15,False
45004,92685,117,25087,,,,,,,,9,,2:19.56,,,,,1048,True,Distance,389,885,831.5,M,False,2,2025-02-15,2025-02-15,False
45005,92686,117,8104,,,,,,,,9,,2:23.65,,,,,1048,True,Distance,321,828,735.0,M,False,2,2025-02-15,2025-02-15,False
45006,92687,117,54,,,,,,,,9,,2:52.80,,,,,1048,True,Distance,24,475,261.5,M,False,2,2025-02-15,2025-02-15,False
45007,92688,117,2030,,,,,,,,9,,2:53.43,,,,,1048,True,Distance,22,469,256.5,M,False,2,2025-02-15,2025-02-15,False
45008,92689,117,25088,,,,,,,,13,,4:22.95,,,,,1048,True,Distance,811,1170,1396.0,M,False,2,2025-02-15,2025-02-15,False
45009,92690,117,135,,,,,,,,13,,4:25.75,,,,,1048,True,Distance,781,1150,1356.0,M,False,2,2025-02-15,2025-02-15,False
45010,92691,117,24698,,,,,,,,13,,4:41.72,,,,,1048,True,Distance,623,1036,1141.0,M,False,2,2025-02-15,2025-02-15,False
45011,92692,117,31,,,,,,,,13,,4:42.96,,,,,1048,True,Distance,611,1027,1124.5,M,False,2,2025-02-15,2025-02-15,False
45012,92693,117,8038,,,,,,,,13,,4:44.05,,,,,1048,True,Distance,601,1020,1111.0,M,False,2,2025-02-15,2025-02-15,False
45013,92694,117,8058,,,,,,,,13,,4:54.28,,,,,1048,True,Distance,511,950,986.0,M,False,2,2025-02-15,2025-02-15,False
45014,92695,117,166,,,,,,,,13,,4:56.19,,,,,1048,True,Distance,495,938,964.0,M,False,2,2025-02-15,2025-02-15,False
45015,92696,117,6,,,,,,,,13,,4:58.82,,,,,1048,True,Distance,473,921,933.5,M,False,2,2025-02-15,2025-02-15,False
45016,92697,117,38,,,,,,,,13,,4:59.15,,,,,1048,True,Distance,471,918,930.0,M,False,2,2025-02-15,2025-02-15,False
45017,92698,117,25087,,,,,,,,13,,4:59.98,,,,,1048,True,Distance,464,913,920.5,M,False,2,2025-02-15,2025-02-15,False
45018,92699,117,188,,,,,,,,13,,5:06.76,,,,,1048,True,Distance,411,869,845.5,M,False,2,2025-02-15,2025-02-15,False
45019,92700,117,182,,,,,,,,13,,5:10.93,,,,,1048,True,Distance,380,843,801.5,M,False,2,2025-02-15,2025-02-15,False
45020,92701,117,54,,,,,,,,13,,6:09.04,,,,,1048,True,Distance,74,518,333.0,M,False,2,2025-02-15,2025-02-15,False
45021,92702,117,8038,,,,,,,,14,,9:30.81,,,,,1048,True,Distance,602,1025,1114.5,M,False,2,2025-02-15,2025-02-15,False
45022,92703,117,15,,,,,,,,14,,10:14.53,,,,,1048,True,Distance,423,887,866.5,M,False,2,2025-02-15,2025-02-15,False
45023,92704,117,166,,,,,,,,14,,10:21.46,,,,,1048,True,Distance,397,866,830.0,M,False,2,2025-02-15,2025-02-15,False
45024,92705,117,38,,,,,,,,14,,10:21.69,,,,,1048,True,Distance,396,866,829.0,M,False,2,2025-02-15,2025-02-15,False
45025,92706,117,115,,,,,,,,17,,17:16.29,,,,,1048,True,Distance,472,933,938.5,M,False,2,2025-02-15,2025-02-15,False
45026,92707,117,8058,,,,,,,,17,,17:23.96,,,,,1048,True,Distance,454,920,914.0,M,False,2,2025-02-15,2025-02-15,False
45027,92708,117,8068,,,,,,,,17,,17:50.86,,,,,1048,True,Distance,395,873,831.5,M,False,2,2025-02-15,2025-02-15,False
45028,92709,117,19413,,,,,,,,17,,18:41.84,,,,,1048,True,Distance,293,789,687.5,M,False,2,2025-02-15,2025-02-15,False
45037,92718,117,4002,,25083.0,,24695.0,,3996.0,,22,,1:36.53,,,,,1048,True,Relays,702,1101,1252.5,M,False,2,2025-02-15,2025-02-15,False
45038,92719,117,25089,,4097.0,,4095.0,,3997.0,,22,,1:44.81,,,,,1048,True,Relays,478,948,952.0,M,False,2,2025-02-15,2025-02-15,False
45039,92720,117,4002,,182.0,,25082.0,,156.0,,24,,3:36.50,,,,,1048,True,Relays,745,1109,1299.5,M,False,2,2025-02-15,2025-02-15,False
45040,92721,117,2030,,3996.0,,38.0,,23472.0,,24,,4:17.73,,,,,1048,True,Relays,330,793,726.5,M,False,2,2025-02-15,2025-02-15,False
45041,92722,117,23472,,8057.0,,8060.0,,15.0,,30,,11:15.56,,,,,1048,True,Relays,0,0,0.0,M,False,2,2025-02-15,2025-02-15,False
45055,92736,120,18787,,,,,,,,9,,2:07.44,,,,,1048,True,Distance,631,1066,1164.0,M,False,2,2025-02-15,2025-02-15,False
45056,92737,120,8019,,,,,,,,9,,2:12.47,,,,,1048,True,Distance,523,989,1017.5,M,False,2,2025-02-15,2025-02-15,False
45057,92738,120,24836,,,,,,,,9,,2:14.08,,,,,1048,True,Distance,491,965,973.5,M,False,2,2025-02-15,2025-02-15,False
45058,92739,120,24835,,,,,,,,9,,2:15.53,,,,,1048,True,Distance,463,943,934.5,M,False,2,2025-02-15,2025-02-15,False
45059,92740,120,24837,,,,,,,,9,,2:20.05,,,,,1048,True,Distance,381,878,820.0,M,False,2,2025-02-15,2025-02-15,False
45060,92741,120,344,,,,,,,,9,,2:20.08,,,,,1048,True,Distance,380,878,819.0,M,False,2,2025-02-15,2025-02-15,False
45061,92742,120,18787,,,,,,,,13,,4:46.65,,,,,1048,True,Distance,578,1002,1079.0,M,False,2,2025-02-15,2025-02-15,False
45062,92743,120,327,,,,,,,,13,,4:48.89,,,,,1048,True,Distance,558,987,1051.5,M,False,2,2025-02-15,2025-02-15,False
45063,92744,120,24836,,,,,,,,13,,4:51.36,,,,,1048,True,Distance,536,970,1021.0,M,False,2,2025-02-15,2025-02-15,False
45064,92745,120,8019,,,,,,,,13,,5:23.92,,,,,1048,True,Distance,291,763,672.5,M,False,2,2025-02-15,2025-02-15,False
45065,92746,120,327,,,,,,,,14,,9:32.70,,,,,1048,True,Distance,594,1019,1103.5,M,False,2,2025-02-15,2025-02-15,False
45066,92747,120,344,,327.0,,8019.0,,24836.0,,24,,4:02.58,,,,,1048,True,Relays,463,903,914.5,M,False,2,2025-02-15,2025-02-15,False
45070,92752,121,4530,,,,,,,,9,,2:26.60,,,,,1048,True,Distance,275,788,669.0,M,False,2,2025-02-15,2025-02-15,False
45071,92753,121,2800,,,,,,,,9,,2:35.93,,,,,1048,True,Distance,155,667,488.5,M,False,2,2025-02-15,2025-02-15,False
45072,92754,121,2806,,,,,,,,13,,4:59.22,,,,,1048,True,Distance,470,918,929.0,M,False,2,2025-02-15,2025-02-15,False
45073,92755,121,2804,,,,,,,,13,,5:09.83,,,,,1048,True,Distance,388,850,813.0,M,False,2,2025-02-15,2025-02-15,False
45074,92756,121,2806,,,,,,,,14,,10:22.18,,,,,1048,True,Distance,394,864,826.0,M,False,2,2025-02-15,2025-02-15,False
45075,92757,121,3960,,,,,,,,14,,12:12.18,,,,,1048,True,Distance,96,566,379.0,M,False,2,2025-02-15,2025-02-15,False
45076,92758,121,2797,,,,,,,,17,,18:34.34,,,,,1048,True,Distance,307,801,707.5,M,False,2,2025-02-15,2025-02-15,False
45077,92759,121,4530,,,,,,,,17,,19:16.10,,,,,1048,True,Distance,233,735,600.5,M,False,2,2025-02-15,2025-02-15,False
45078,92762,112,421,,,,,,,,17,,15:30.03,,,,,1046,True,Distance,754,1129,1318.5,M,False,2,2025-02-14,2025-02-14,False
45079,92763,112,416,,,,,,,,17,,15:08.70,,,,,1046,True,Distance,818,1170,1403.0,M,False,2,2025-02-14,2025-02-14,False
45106,92790,116,24637,,,,,,,,9,,1:59.96,,,,,1049,True,Distance,809,1186,1402.0,M,False,2,2025-02-15,2025-02-15,False
45107,92791,116,4910,,,,,,,,9,,2:00.71,,,,,1049,True,Distance,790,1174,1377.0,M,False,2,2025-02-15,2025-02-15,False
45108,92792,116,24638,,,,,,,,9,,2:09.88,,,,,1049,True,Distance,577,1028,1091.0,M,False,2,2025-02-15,2025-02-15,False
45109,92793,116,24640,,,,,,,,13,,4:28.83,,,,,1049,True,Distance,749,1127,1312.5,M,False,2,2025-02-15,2025-02-15,False
45110,92794,116,4910,,,,,,,,13,,4:29.13,,,,,1049,True,Distance,746,1125,1308.5,M,False,2,2025-02-15,2025-02-15,False
45111,92795,116,4144,,,,,,,,13,,4:37.08,,,,,1049,True,Distance,667,1068,1201.0,M,False,2,2025-02-15,2025-02-15,False
45112,92796,116,24642,,,,,,,,13,,4:39.72,,,,,1049,True,Distance,642,1050,1167.0,M,False,2,2025-02-15,2025-02-15,False
45113,92797,116,7982,,,,,,,,13,,4:50.29,,,,,1049,True,Distance,545,977,1033.5,M,False,2,2025-02-15,2025-02-15,False
45114,92798,116,7975,,,,,,,,14,,8:45.06,,,,,1049,True,Distance,825,1179,1414.5,M,False,2,2025-02-15,2025-02-15,False
45115,92799,116,310,,,,,,,,14,,9:00.89,,,,,1049,True,Distance,744,1125,1306.5,M,False,2,2025-02-15,2025-02-15,False
45116,92800,116,7976,,,,,,,,14,,9:08.59,,,,,1049,True,Distance,706,1098,1255.0,M,False,2,2025-02-15,2025-02-15,False
45117,92802,116,454,,,,,,,,17,,16:08.02,,,,,1049,True,Distance,645,1057,1173.5,M,False,2,2025-02-15,2025-02-15,False
45118,92803,204,25092,,25093.0,,25094.0,,19627.0,,24,,3:53.65,,,,,1050,True,Relays,552,971,1037.5,M,False,2,2025-02-15,2025-02-15,False
45125,92751,121,8016,,,,,,,,9,,2:09.20,,,,,1048,True,Distance,592,1039,1111.5,M,False,2,2025-02-15,2025-02-15,False
45126,92761,121,2804,,8016.0,,2797.0,,2800.0,,30,,12:52.03,,,,,1048,True,Relays,0,0,0.0,M,False,2,2025-02-15,2025-02-15,False
45127,92760,121,2804,,3960.0,,4530.0,,8016.0,,24,,4:09.49,,,,,1048,True,Relays,400,852,826.0,M,False,2,2025-02-15,2025-02-15,False
45154,92836,59,11372,,,,,,,,9,,2:05.67,,,,,1051,True,Distance,671,1094,1218.0,M,False,2,2025-02-15,2025-02-15,False
45155,92837,59,3902,,,,,,,,9,,2:12.57,,,,,1051,True,Distance,521,987,1014.5,M,False,2,2025-02-15,2025-02-15,False
45156,92838,59,19573,,,,,,,,9,,2:43.42,,,,,1051,True,Distance,83,578,372.0,M,False,2,2025-02-15,2025-02-15,False
45157,92839,59,3909,,,,,,,,10,,3:03.90,,,,,1051,True,Distance,358,850,783.0,M,False,2,2025-02-15,2025-02-15,False
45158,92840,59,4081,,,,,,,,10,,3:26.88,,,,,1051,True,Distance,124,619,433.5,M,False,2,2025-02-15,2025-02-15,False
45159,92841,59,24997,,,,,,,,13,,4:38.00,,,,,1051,True,Distance,658,1062,1189.0,M,False,2,2025-02-15,2025-02-15,False
45160,92842,59,1631,,,,,,,,13,,4:44.73,,,,,1051,True,Distance,595,1015,1102.5,M,False,2,2025-02-15,2025-02-15,False
45161,92843,59,1632,,,,,,,,13,,4:47.16,,,,,1051,True,Distance,573,998,1072.0,M,False,2,2025-02-15,2025-02-15,False
45162,92844,59,21472,,,,,,,,13,,4:47.94,,,,,1051,True,Distance,566,993,1062.5,M,False,2,2025-02-15,2025-02-15,False
45163,92845,59,11370,,,,,,,,13,,4:49.44,,,,,1051,True,Distance,553,983,1044.5,M,False,2,2025-02-15,2025-02-15,False
45164,92846,59,4084,,,,,,,,13,,4:55.86,,,,,1051,True,Distance,498,940,968.0,M,False,2,2025-02-15,2025-02-15,False
45165,92847,59,1639,,,,,,,,13,,5:01.47,,,,,1051,True,Distance,452,903,903.5,M,False,2,2025-02-15,2025-02-15,False
45166,92848,59,4082,,,,,,,,13,,5:08.78,,,,,1051,True,Distance,395,856,823.0,M,False,2,2025-02-15,2025-02-15,False
45167,92849,59,1652,,,,,,,,13,,5:24.39,,,,,1051,True,Distance,288,761,668.5,M,False,2,2025-02-15,2025-02-15,False
45168,92850,59,4081,,,,,,,,13,,5:42.82,,,,,1051,True,Distance,182,655,509.5,M,False,2,2025-02-15,2025-02-15,False
45169,92851,59,2788,,,,,,,,13,,5:43.31,,,,,1051,True,Distance,180,652,506.0,M,False,2,2025-02-15,2025-02-15,False
45170,92852,59,1650,,,,,,,,13,,5:49.55,,,,,1051,True,Distance,150,618,459.0,M,False,2,2025-02-15,2025-02-15,False
45171,92853,59,2066,,,,,,,,14,,9:18.91,,,,,1051,True,Distance,657,1064,1189.0,M,False,2,2025-02-15,2025-02-15,False
45172,92854,59,3901,,,,,,,,14,,9:43.59,,,,,1051,True,Distance,547,984,1039.0,M,False,2,2025-02-15,2025-02-15,False
45173,92855,59,4084,,,,,,,,14,,10:11.36,,,,,1051,True,Distance,435,897,883.5,M,False,2,2025-02-15,2025-02-15,False
45174,92856,59,1638,,,,,,,,17,,17:30.33,,,,,1051,True,Distance,440,908,894.0,M,False,2,2025-02-15,2025-02-15,False
45177,92859,59,3908,,1624.0,,3907.0,,3912.0,,22,,1:32.94,,,,,1051,True,Relays,813,1170,1398.0,M,False,2,2025-02-15,2025-02-15,False
45178,92860,59,11372,,1639.0,,24997.0,,21472.0,,24,,3:38.66,,,,,1051,True,Relays,719,1091,1264.5,M,False,2,2025-02-15,2025-02-15,False
45179,92861,59,3900,,3902.0,,3909.0,,1624.0,,24,,3:49.28,,,,,1051,True,Relays,599,1005,1101.5,M,False,2,2025-02-15,2025-02-15,False
45180,92862,59,1638,,1632.0,,1631.0,,1645.0,,24,,3:58.83,,,,,1051,True,Relays,500,931,965.5,M,False,2,2025-02-15,2025-02-15,False
45192,92874,96,370,,,,,,,,9,,2:13.91,,,,,1052,True,Distance,495,967,978.5,M,False,2,2025-02-15,2025-02-15,False
45193,92875,96,25099,,,,,,,,9,,2:09.90,,,,,1052,True,Distance,577,1028,1091.0,M,False,2,2025-02-15,2025-02-15,False
45194,92876,96,2492,,,,,,,,13,,4:23.53,,,,,1052,True,Distance,805,1166,1388.0,M,False,2,2025-02-15,2025-02-15,False
45195,92877,96,364,,,,,,,,13,,4:27.23,,,,,1052,True,Distance,766,1139,1335.5,M,False,2,2025-02-15,2025-02-15,False
45196,92878,96,368,,,,,,,,13,,4:53.54,,,,,1052,True,Distance,517,955,994.5,M,False,2,2025-02-15,2025-02-15,False
49148,95588,1,19,,,,,,,,14,,9:26.61,,,,,1084,True,Distance,621,1039,1140.5,M,False,2,2025-03-01,2025-03-01,False
49149,89253,1,19,,,,,,,,13,,4:55.67,,,,,879,True,Distance,499,941,969.5,M,False,2,2025-01-25,2025-01-25,False
49150,92191,1,19,,,,,,,,17,,16:03.63,,,,,1035,True,Distance,658,1065,1190.5,M,False,2,2025-02-08,2025-02-08,False
62864,95828,37,25551,,3402.0,,3410.0,,18805.0,,26,,9:22.70,,,,,1084,True,Relays,0,0,0.0,M,False,2,2025-03-01,2025-03-01,False
62866,93072,56,129,,,,,,,,9,,2:04.54,,,,,1055,True,Distance,697,1112,1253.0,M,False,2,2025-02-22,2025-02-22,False
62883,95771,43,20472,,20479.0,,4865.0,,3400.0,,24,,3:45.38,,,,,1084,True,Relays,642,1036,1160.0,M,False,2,2025-03-01,2025-03-01,False
62896,95427,36,4891,,,,,,,,13,,4:54.67,,,,,1084,True,Distance,508,948,982.0,M,False,2,2025-03-01,2025-03-01,False
62914,95567,116,3325,,,,,,,,14,,9:09.95,,,,,1084,True,Distance,700,1094,1247.0,M,False,2,2025-03-01,2025-03-01,False
62915,90869,116,3325,,,,,,,,14,,9:10.65,,,,,1020,True,Distance,696,1092,1242.0,M,False,2,2025-01-31,2025-01-31,False
62916,92801,116,3325,,,,,,,,17,,15:43.92,,,,,1049,True,Distance,713,1102,1264.0,M,False,2,2025-02-15,2025-02-15,False
63155,96774,205,3559,,,,,,,,13,,06:21.20,,,,,1090,True,Distance,40,460,270.0,M,False,2,2025-03-02,2025-03-02,False
63191,93820,61,21471,,,,,,,,9,,2:01.43,,,,,1071,True,Distance,772,1162,1353.0,M,False,2,2025-02-22,2025-02-22,False
63192,91002,61,21471,,,,,,,,9,,2:04.64,,,,,1022,True,Distance,695,1110,1250.0,M,False,2,2025-02-01,2025-02-01,False
63223,91316,138,16136,,,,,,,,9,,2:10.81,,,,,1026,True,Distance,558,1014,1065.0,M,False,2,2025-02-09,2025-02-09,False
63251,96848,220,18566,,,,,,,,14,,09:50.80,,,,,1090,True,Distance,516,961,996.5,M,False,2,2025-03-02,2025-03-02,False
63277,92346,167,19376,,,,,,,,10,,2:39.68,,,,,1039,True,Distance,734,1134,1301.0,M,False,2,2025-02-07,2025-02-08,False
63288,97408,206,25817,,,,,,,,9,,2:04.17,,,,,1097,True,Distance,706,1118,1265.0,M,False,2,2025-03-09,2025-03-09,False
63313,96847,204,18562,,,,,,,,14,,09:37.30,,,,,1090,True,Distance,574,1004,1076.0,M,False,2,2025-03-02,2025-03-02,False
63319,97234,204,872,,,,,,,,16,,10:00.37,,,,,1097,True,Distance,677,1066,1210.0,M,False,2,2025-03-09,2025-03-09,False
63322,88262,204,930,,,,,,,,13,,5:01.97,,,,,849,True,Distance,448,900,898.0,M,False,2,2024-12-07,2024-12-07,False
63343,96806,190,19646,,,,,,,,9,,02:16.60,,,,,1090,True,Distance,443,928,907.0,M,False,2,2025-03-02,2025-03-02,False
63359,96802,203,1858,,,,,,,,9,,02:12.50,,,,,1090,True,Distance,523,988,1017.0,M,False,2,2025-03-02,2025-03-02,False
63371,89762,124,2045,,,,,,,,13,,4:37.46,,,,,887,True,Distance,663,1066,1196.0,M,False,2,2025-01-24,2025-01-25,False
63395,96804,203,1844,,,,,,,,9,,02:14.70,,,,,1090,True,Distance,479,956,957.0,M,False,2,2025-03-02,2025-03-02,False
63398,88748,146,1421,,,,,,,,14,,11:21.44,,,,,868,True,Distance,209,696,557.0,M,False,2,2024-12-14,2024-12-14,False
63399,88964,146,1421,,,,,,,,13,,5:48.98,,,,,873,True,Distance,152,621,462.5,M,False,2,2025-01-18,2025-01-18,False
63401,91087,146,1421,,,,,,,,13,,6:15.63,,,,,1023,True,Distance,54,486,297.0,M,False,2,2025-01-31,2025-02-01,False
63438,89560,117,195,,,,,,,,13,,5:02.01,,,,,883,True,Distance,448,900,898.0,M,False,2,2025-01-25,2025-01-25,False
63443,91313,146,1251,,,,,,,,9,,2:08.95,,,,,1026,True,Distance,598,1043,1119.5,M,False,2,2025-02-09,2025-02-09,False
63465,92098,188,918,,,,,,,,14,,9:30.45,,,,,1034,True,Distance,604,1026,1117.0,M,False,2,2025-02-08,2025-02-08,False
63467,89192,188,909,,,,,,,,13,Open,4:58.78,,,,,878,True,Distance,474,921,934.5,M,False,2,2025-01-19,2025-01-19,False
63469,92099,188,909,,,,,,,,14,,9:44.90,,,,,1034,True,Distance,541,979,1030.5,M,False,2,2025-02-08,2025-02-08,False
63472,88317,188,950,,,,,,,,14,,11:51.41,,,,,850,True,Distance,137,618,446.0,M,False,2,2024-12-08,2024-12-08,False
63484,92614,111,984,,,,,,,,13,,5:37.35,,,,,1048,True,Distance,211,685,553.5,M,False,2,2025-02-15,2025-02-15,False
63496,96840,178,18866,,,,,,,,14,,09:18.10,,,,,1090,True,Distance,661,1067,1194.5,M,False,2,2025-03-02,2025-03-02,False
63507,91113,131,1231,,4318.0,,11397.0,,24867.0,,30,,11:33.13,,,,,1026,True,Relays,0,0,0.0,M,False,2,2025-02-09,2025-02-09,False
