,result_id,team_id,athlete_id,grade,athlete_id_2,grade_2,athlete_id_3,grade_3,athlete_id_4,grade_4,running_event_id,event_type,result_time,relay_split,relay_split_2,relay_split_3,wind,meet_id,approved,Track_Event_Type,World_Athletics_Points_Men,World_Athletics_Points_Women,Average_Score,gender,is_hidden,sport_id,start_date,end_date,nationals
1468,10097,139,1483,,,,,,,,9,,2:36.71,,,,,143,True,Distance,146,658,475.0,F,False,2,2024-02-10,2024-02-10,False
1469,11997,139,1483,,,,,,,,9,,2:33.03,,,,,168,True,Distance,189,704,541.0,F,False,2,2024-02-24,2024-02-24,False
1472,9958,139,1497,,1483.0,,1458.0,,4228.0,,30,,14:25.38,,,,,143,True,Relays,0,0,0.0,F,False,2,2024-02-10,2024-02-10,False
1476,11901,139,5298,,,,,,,,17,,21:50.00,,,,,168,True,Distance,49,514,306.0,F,False,2,2024-02-24,2024-02-24,False
1794,12656,108,3973,,3637.0,,3638.0,,4217.0,,22,,1:55.49,,,,,169,True,Relays,253,769,637.5,F,False,2,2024-02-24,2024-02-24,False
1795,12657,116,3933,,3932.0,,3934.0,,4828.0,,22,,1:58.40,,,,,169,True,Relays,204,723,565.5,F,False,2,2024-02-24,2024-02-24,False
1796,12658,61,4020,,4019.0,,4615.0,,4028.0,,22,,1:59.45,,,,,169,True,Relays,187,707,540.5,F,False,2,2024-02-24,2024-02-24,False
1797,12659,58,4817,,3921.0,,4743.0,,4810.0,,22,,2:00.45,,,,,169,True,Relays,172,692,518.0,F,False,2,2024-02-24,2024-02-24,False
1798,12660,117,3976,,3966.0,,4090.0,,3972.0,,22,,2:02.68,,,,,169,True,Relays,141,658,470.0,F,False,2,2024-02-24,2024-02-24,False
1799,12661,124,1945,,4829.0,,3820.0,,3818.0,,22,,2:03.07,,,,,169,True,Relays,136,653,462.5,F,False,2,2024-02-24,2024-02-24,False
1800,12662,56,4102,,4453.0,,4103.0,,4745.0,,22,,2:05.57,,,,,169,True,Relays,105,616,413.0,F,False,2,2024-02-24,2024-02-24,False
1801,12663,61,2252,,4831.0,,4610.0,,4026.0,,22,,2:07.58,,,,,169,True,Relays,84,588,378.0,F,False,2,2024-02-24,2024-02-24,False
1802,12664,1,4600,,4753.0,,3975.0,,71.0,,22,,2:11.36,,,,,169,True,Relays,49,536,317.0,F,False,2,2024-02-24,2024-02-24,False
1803,12665,108,2232,,3322.0,,4809.0,,3980.0,,22,,2:22.79,,,,,169,True,Relays,0,395,197.5,F,False,2,2024-02-24,2024-02-24,False
2541,8202,88,2509,So,,,,,,,13,,6:12.29,,,,0.0,96,True,Distance,63,502,314.0,F,False,2,2024-01-20,2024-01-20,False
4701,12404,60,3379,,4776.0,,4799.0,,3375.0,,24,,5:34.37,,,,,169,True,Relays,1,346,174.0,F,False,2,2024-02-24,2024-02-24,False
5232,7619,202,3504,,,,,,,,9,,2:34.55,,,,,72,True,Distance,171,685,513.5,F,False,2,2023-12-01,2023-12-01,False
5269,7656,1,68,,,,,,,,13,,5:40.31,,,,,73,True,Distance,195,669,529.5,F,False,2,2023-12-01,2023-12-01,False
5286,7674,205,3531,,,,,,,,13,,6:36.31,,,,,74,True,Distance,12,393,208.5,F,False,2,2023-12-02,2023-12-02,False
5293,7681,188,2081,,,,,,,,10,,3:28.70,,,,,74,True,Distance,111,602,412.0,F,False,2,2023-12-02,2023-12-02,False
5294,7682,188,3530,,,,,,,,10,,4:14.03,,,,,74,True,Distance,0,259,129.5,F,False,2,2023-12-02,2023-12-02,False
5299,7687,188,1752,,,,,,,,14,,12:15.96,,,,,74,True,Distance,90,557,368.5,F,False,2,2023-12-02,2023-12-02,False
5300,7688,199,3533,,3537.0,,3538.0,,1795.0,,22,,2:02.02,,,,,74,True,Relays,150,668,484.0,F,False,2,2023-12-02,2023-12-02,False
5301,7689,199,1776,,1795.0,,1756.0,,3538.0,,24,,4:43.84,,,,,74,True,Relays,154,620,464.0,F,False,2,2023-12-02,2023-12-02,False
5302,7690,188,807,,,,,,,,17,,19:23.14,,,,,74,True,Distance,222,724,584.0,F,False,2,2023-12-02,2023-12-02,False
5326,7673,188,829,,,,,,,,13,,6:03.65,,,,,74,True,Distance,92,545,364.5,F,False,2,2023-12-02,2023-12-02,False
5359,7753,56,246,,,,,,,,13,,5:45.19,,,,,75,True,Distance,171,642,492.0,F,False,2,2023-12-02,2023-12-02,False
5360,7754,56,3366,,,,,,,,13,,5:47.96,,,,,75,True,Distance,157,627,470.5,F,False,2,2023-12-02,2023-12-02,False
5361,7755,56,3563,,,,,,,,9,,2:42.13,,,,,75,True,Distance,94,593,390.5,F,False,2,2023-12-02,2023-12-02,False
5396,7790,174,2073,,,,,,,,14,,11:20.11,,,,,76,True,Distance,212,700,562.0,F,False,2,2023-12-02,2023-12-02,False
5407,7801,166,3585,,,,,,,,9,,2:35.23,,,,,77,True,Distance,163,676,501.0,F,False,2,2023-12-02,2023-12-02,False
5408,7802,166,3586,,,,,,,,13,,5:43.11,,,,,77,True,Distance,181,653,507.5,F,False,2,2023-12-02,2023-12-02,False
5409,7803,166,3587,,,,,,,,13,,5:48.51,,,,,77,True,Distance,155,624,467.0,F,False,2,2023-12-02,2023-12-02,False
5410,7804,166,3588,,,,,,,,13,,6:26.66,,,,,77,True,Distance,28,435,245.5,F,False,2,2023-12-02,2023-12-02,False
5411,7805,166,3581,,3587.0,,3589.0,,3583.0,,24,,4:34.45,,,,,77,True,Relays,210,680,550.0,F,False,2,2023-12-02,2023-12-02,False
5412,7806,166,3589,,3586.0,,3587.0,,3585.0,,30,,13:41.09,,,,,77,True,Relays,0,0,0.0,F,False,2,2023-12-02,2023-12-02,False
5428,7822,204,3600,,,,,,,,9,,2:53.42,,,,,78,True,Distance,22,469,256.5,F,False,2,2023-12-02,2023-12-02,False
5467,7860,107,1936,,,,,,,,13,,5:44.04,,,,,80,True,Distance,176,648,500.0,F,False,2,2023-12-08,2023-12-08,False
5468,7861,107,1942,,,,,,,,13,,6:05.29,,,,,80,True,Distance,86,537,354.5,F,False,2,2023-12-08,2023-12-08,False
5469,7862,107,2830,,,,,,,,13,,6:14.49,,,,,80,True,Distance,57,491,302.5,F,False,2,2023-12-08,2023-12-08,False
5513,7906,141,1018,,,,,,,,10,,3:21.25,,,,,82,True,Distance,170,672,506.0,F,False,2,2023-12-09,2023-12-09,False
5521,7914,146,3648,,3649.0,,3650.0,,3651.0,,29,,5:17.61,,,,,84,True,Relays,0,0,0.0,F,False,2,2023-12-09,2023-12-09,False
5522,7915,158,2397,,2388.0,,3652.0,,3653.0,,29,,5:19.90,,,,,84,True,Relays,0,0,0.0,F,False,2,2023-12-09,2023-12-09,False
5523,7916,146,3654,,3655.0,,3656.0,,3657.0,,29,,5:24.33,,,,,84,True,Relays,0,0,0.0,F,False,2,2023-12-09,2023-12-09,False
5524,7917,158,2388,,,,,,,,13,,5:36.86,,,,,84,True,Distance,214,688,558.0,F,False,2,2023-12-09,2023-12-09,False
5525,7918,146,1032,,,,,,,,13,,5:52.20,,,,,84,True,Distance,138,604,440.0,F,False,2,2023-12-09,2023-12-09,False
5526,7919,158,2397,,,,,,,,13,,5:55.44,,,,,84,True,Distance,124,587,417.5,F,False,2,2023-12-09,2023-12-09,False
5527,7920,158,2400,,,,,,,,13,,6:14.48,,,,,84,True,Distance,57,492,303.0,F,False,2,2023-12-09,2023-12-09,False
5528,7921,158,2422,,,,,,,,13,,6:40.20,,,,,84,True,Distance,7,376,195.0,F,False,2,2023-12-09,2023-12-09,False
5529,7922,158,2416,,,,,,,,13,,6:58.82,,,,,84,True,Distance,0,302,151.0,F,False,2,2023-12-09,2023-12-09,False
5553,7947,158,2397,,,,,,,,9,,2:40.76,,,,,84,True,Distance,106,609,410.5,F,False,2,2023-12-09,2023-12-09,False
5554,7948,158,2422,,,,,,,,9,,2:59.02,,,,,84,True,Distance,4,412,210.0,F,False,2,2023-12-09,2023-12-09,False
5555,7949,158,2388,,,,,,,,9,,2:29.50,,,,,84,True,Distance,234,749,608.5,F,False,2,2023-12-09,2023-12-09,False
5556,7950,158,3653,,3652.0,,3660.0,,2416.0,,24,,4:53.77,,,,,84,True,Relays,104,560,384.0,F,False,2,2023-12-09,2023-12-09,False
5654,8048,107,1936,,,,,,,,13,,5:44.68,,,,,86,True,Distance,173,645,495.5,F,False,2,2024-01-13,2024-01-13,False
5682,8080,146,992,,,,,,,,10,,3:21.76,,,,,88,True,Distance,166,667,499.5,F,False,2,2024-01-13,2024-01-13,False
5771,8167,167,2499,,,,,,,,17,,18:00.22,,,,,89,True,Distance,375,857,803.5,F,False,2,2024-01-13,2024-01-14,False
5773,8169,75,3740,,,,,,,,17,,18:24.51,,,,,90,True,Distance,326,817,734.5,F,False,2,2024-01-14,2024-01-14,False
5778,8174,96,355,,,,,,,,14,,10:50.80,,,,,91,True,Distance,297,781,687.5,F,False,2,2024-01-19,2024-01-19,False
5786,8182,167,2499,,,,,,,,14,,10:22.71,,,,,92,True,Distance,392,863,823.5,F,False,2,2024-01-19,2024-01-20,False
5787,8183,108,3742,,,,,,,,13,,5:26.15,,,,,93,True,Distance,277,750,652.0,F,False,2,2024-01-19,2024-01-20,False
5811,8220,107,1936,,,,,,,,13,,5:39.92,,,,,97,True,Distance,197,671,532.5,F,False,2,2024-01-20,2024-01-20,False
5812,8221,107,1935,,,,,,,,13,,5:54.49,,,,,97,True,Distance,128,592,424.0,F,False,2,2024-01-20,2024-01-20,False
5817,8226,1,68,,,,,,,,14,,11:37.08,,,,,97,True,Distance,169,655,496.5,F,False,2,2024-01-20,2024-01-20,False
5855,8261,104,2832,,,,,,,,13,,6:10.87,,,,,98,True,Distance,68,509,322.5,F,False,2,2024-01-20,2024-01-20,False
5857,8263,127,3767,,3768.0,,3769.0,,3770.0,,24,,4:59.74,,,,,98,True,Relays,79,526,342.0,F,False,2,2024-01-20,2024-01-20,False
5891,8298,49,2246,,,,,,,,14,,11:15.91,,,,,99,True,Distance,224,711,579.5,F,False,2,2024-01-20,2024-01-20,False
5947,8329,162,1100,,,,,,,,9,,2:38.40,,,,,100,True,Distance,129,637,447.5,F,False,2,2024-01-20,2024-01-20,False
5961,8369,56,3366,,,,,,,,9,,2:29.85,,,,,101,True,Distance,230,745,602.5,F,False,2,2024-01-20,2024-01-20,False
5962,8370,56,246,,,,,,,,9,,2:31.48,,,,,101,True,Distance,208,724,570.0,F,False,2,2024-01-20,2024-01-20,False
5963,8371,56,3797,,,,,,,,9,,3:12.63,,,,,101,True,Distance,0,291,145.5,F,False,2,2024-01-20,2024-01-20,False
5964,8372,56,233,,,,,,,,13,,5:41.26,,,,,101,True,Distance,190,663,521.5,F,False,2,2024-01-20,2024-01-20,False
5965,8373,56,240,,,,,,,,13,,6:06.81,,,,,101,True,Distance,81,529,345.5,F,False,2,2024-01-20,2024-01-20,False
5968,8376,56,3796,,3366.0,,246.0,,3563.0,,24,,4:32.16,,,,,101,True,Relays,224,695,571.5,F,False,2,2024-01-20,2024-01-20,False
6009,8419,124,3821,,,,,,,,9,,2:33.57,,,,,102,True,Distance,182,697,530.5,F,False,2,2024-01-20,2024-01-20,False
6010,8420,124,1967,,,,,,,,9,,2:34.44,,,,,102,True,Distance,172,686,515.0,F,False,2,2024-01-20,2024-01-20,False
6011,8421,124,1926,,,,,,,,9,,2:37.49,,,,,102,True,Distance,138,648,462.0,F,False,2,2024-01-20,2024-01-20,False
6012,8422,124,1941,,,,,,,,9,,2:38.64,,,,,102,True,Distance,126,634,443.0,F,False,2,2024-01-20,2024-01-20,False
6013,8423,124,3822,,,,,,,,9,,2:41.40,,,,,102,True,Distance,100,602,401.0,F,False,2,2024-01-20,2024-01-20,False
6014,8424,124,3823,,,,,,,,9,,2:52.01,,,,,102,True,Distance,28,483,269.5,F,False,2,2024-01-20,2024-01-20,False
6015,8425,124,1929,,,,,,,,13,,5:24.84,,,,,102,True,Distance,285,758,664.0,F,False,2,2024-01-20,2024-01-20,False
6016,8426,124,1926,,,,,,,,13,,5:26.69,,,,,102,True,Distance,273,747,646.5,F,False,2,2024-01-20,2024-01-20,False
6017,8427,124,3822,,,,,,,,13,,5:33.90,,,,,102,True,Distance,230,705,582.5,F,False,2,2024-01-20,2024-01-20,False
6018,8428,124,1937,,,,,,,,13,,6:13.36,,,,,102,True,Distance,60,497,308.5,F,False,2,2024-01-20,2024-01-20,False
6019,8429,124,3824,,,,,,,,13,,6:23.18,,,,,102,True,Distance,35,451,260.5,F,False,2,2024-01-20,2024-01-20,False
6020,8430,124,1971,,,,,,,,13,,6:50.66,,,,,102,True,Distance,0,334,167.0,F,False,2,2024-01-20,2024-01-20,False
6021,8431,124,2824,,,,,,,,14,,10:37.38,,,,,102,True,Distance,341,819,750.5,F,False,2,2024-01-20,2024-01-20,False
6022,8432,124,1931,,,,,,,,14,,11:57.05,,,,,102,True,Distance,125,604,427.0,F,False,2,2024-01-20,2024-01-20,False
6023,8433,124,3824,,,,,,,,14,,12:11.10,,,,,102,True,Distance,98,569,382.5,F,False,2,2024-01-20,2024-01-20,False
6024,8434,124,1952,,,,,,,,14,,12:39.04,,,,,102,True,Distance,54,503,305.5,F,False,2,2024-01-20,2024-01-20,False
6025,8435,124,1975,,,,,,,,14,,13:56.99,,,,,102,True,Distance,0,341,170.5,F,False,2,2024-01-20,2024-01-20,False
6027,8437,124,1937,,3821.0,,1953.0,,1945.0,,24,,4:41.25,,,,,102,True,Relays,168,637,486.5,F,False,2,2024-01-20,2024-01-20,False
6028,8438,124,3317,,1939.0,,3825.0,,3826.0,,24,,4:45.94,,,,,102,True,Relays,142,607,445.5,F,False,2,2024-01-20,2024-01-20,False
6029,8439,124,1975,,2842.0,,1952.0,,3824.0,,24,,5:38.36,,,,,102,True,Relays,0,328,164.0,F,False,2,2024-01-20,2024-01-20,False
6084,8497,188,1773,,,,,,,,13,,6:21.86,,,,,104,True,Distance,38,457,266.5,F,False,2,2024-01-21,2024-01-21,False
6089,8502,188,3534,,,,,,,,9,,2:37.40,,,,,104,True,Distance,139,649,463.5,F,False,2,2024-01-21,2024-01-21,False
6090,8504,188,807,,,,,,,,14,,10:34.46,,,,,104,True,Distance,351,828,765.0,F,False,2,2024-01-21,2024-01-21,False
6092,8506,188,3534,,3535.0,,3536.0,,3532.0,,25,,4:35.85,,,,,104,True,Relays,0,0,0.0,F,False,2,2024-01-21,2024-01-21,False
6120,8546,79,490,,,,,,,,14,,12:12.23,,,,,105,True,Distance,96,566,379.0,F,False,2,2024-01-21,2024-01-21,False
6146,8496,188,829,,,,,,,,13,,6:11.00,,,,,104,True,Distance,67,508,321.0,F,False,2,2024-01-21,2024-01-21,False
6147,8503,188,829,,,,,,,,9,,2:55.39,,,,,104,True,Distance,14,449,238.5,F,False,2,2024-01-21,2024-01-21,False
6171,8584,124,1925,,,,,,,,13,,4:53.60,,,,,109,True,Distance,517,955,994.5,F,False,2,2024-01-26,2024-01-27,False
6172,8585,112,404,,,,,,,,13,,5:08.12,,,,,109,True,Distance,400,861,830.5,F,False,2,2024-01-26,2024-01-27,False
6173,8586,124,1930,,,,,,,,13,,5:21.11,,,,,109,True,Distance,309,780,699.0,F,False,2,2024-01-26,2024-01-27,False
6174,8587,124,3862,,,,,,,,13,,5:29.18,,,,,109,True,Distance,258,732,624.0,F,False,2,2024-01-26,2024-01-27,False
6175,8588,112,3863,,,,,,,,13,,5:53.66,,,,,109,True,Distance,132,596,430.0,F,False,2,2024-01-26,2024-01-27,False
6176,8589,124,1948,,,,,,,,13,,5:58.02,,,,,109,True,Distance,113,574,400.0,F,False,2,2024-01-26,2024-01-27,False
6181,8594,124,1928,,,,,,,,9,,2:17.26,,,,,109,True,Distance,431,918,890.0,F,False,2,2024-01-26,2024-01-27,False
6182,8595,124,3317,,,,,,,,9,,2:31.26,,,,,109,True,Distance,211,726,574.0,F,False,2,2024-01-26,2024-01-27,False
6183,8596,124,1932,,,,,,,,9,,2:36.25,,,,,109,True,Distance,151,663,482.5,F,False,2,2024-01-26,2024-01-27,False
6184,8597,124,1966,,,,,,,,9,,2:41.53,,,,,109,True,Distance,99,600,399.0,F,False,2,2024-01-26,2024-01-27,False
6185,8598,124,1948,,,,,,,,9,,2:42.49,,,,,109,True,Distance,91,589,385.5,F,False,2,2024-01-26,2024-01-27,False
6186,8599,124,3820,,,,,,,,9,,2:59.10,,,,,109,True,Distance,4,412,210.0,F,False,2,2024-01-26,2024-01-27,False
6187,8600,124,1925,,,,,,,,14,,9:40.17,,,,,109,True,Distance,561,995,1058.5,F,False,2,2024-01-26,2024-01-27,False
6188,8601,112,404,,,,,,,,14,,10:33.96,,,,,109,True,Distance,353,829,767.5,F,False,2,2024-01-26,2024-01-27,False
6189,8602,124,1930,,,,,,,,14,,10:57.11,,,,,109,True,Distance,278,763,659.5,F,False,2,2024-01-26,2024-01-27,False
6190,8603,124,1933,,,,,,,,14,,11:32.07,,,,,109,True,Distance,182,668,516.0,F,False,2,2024-01-26,2024-01-27,False
6191,8604,124,1932,,,,,,,,14,,12:07.00,,,,,109,True,Distance,106,579,395.5,F,False,2,2024-01-26,2024-01-27,False
6192,8605,124,1937,,,,,,,,14,,12:29.78,,,,,109,True,Distance,67,524,329.0,F,False,2,2024-01-26,2024-01-27,False
6193,8606,124,1954,,,,,,,,14,,12:34.80,,,,,109,True,Distance,60,513,316.5,F,False,2,2024-01-26,2024-01-27,False
6194,8607,124,2850,,,,,,,,14,,12:36.54,,,,,109,True,Distance,57,509,311.5,F,False,2,2024-01-26,2024-01-27,False
6195,8608,124,1952,,,,,,,,14,,12:41.98,,,,,109,True,Distance,50,496,298.0,F,False,2,2024-01-26,2024-01-27,False
6196,8609,118,3865,,,,,,,,14,,12:58.16,,,,,109,True,Distance,31,460,261.0,F,False,2,2024-01-26,2024-01-27,False
6197,8610,118,3866,,,,,,,,14,,14:29.23,,,,,109,True,Distance,0,283,141.5,F,False,2,2024-01-26,2024-01-27,False
6198,8611,118,3865,,3867.0,,3868.0,,3869.0,,30,,15:12.77,,,,,109,True,Relays,0,0,0.0,F,False,2,2024-01-26,2024-01-27,False
6199,8612,118,3867,,,,,,,,13,,6:43.39,,,,,109,True,Distance,4,363,185.5,F,False,2,2024-01-26,2024-01-27,False
6200,8613,118,3870,,,,,,,,13,,6:49.74,,,,,109,True,Distance,0,337,168.5,F,False,2,2024-01-26,2024-01-27,False
6201,8614,118,3866,,,,,,,,13,,6:55.23,,,,,109,True,Distance,0,316,158.0,F,False,2,2024-01-26,2024-01-27,False
6202,8615,124,1937,,1966.0,,1954.0,,3862.0,,24,,4:42.66,,,,,109,True,Relays,160,628,474.0,F,False,2,2024-01-26,2024-01-27,False
6203,8616,124,1928,,2850.0,,1939.0,,1952.0,,24,,4:45.06,,,,,109,True,Relays,147,613,453.5,F,False,2,2024-01-26,2024-01-27,False
6204,8617,112,3753,,2835.0,,3755.0,,3754.0,,24,,4:48.00,,,,,109,True,Relays,132,595,429.5,F,False,2,2024-01-26,2024-01-27,False
6205,8618,124,3317,,3820.0,,1930.0,,1953.0,,24,,4:58.88,,,,,109,True,Relays,82,531,347.5,F,False,2,2024-01-26,2024-01-27,False
6297,8713,59,2061,,,,,,,,13,,5:58.42,,,,,111,True,Distance,112,571,397.5,F,False,2,2024-01-26,2024-01-27,False
6298,8714,59,3895,,,,,,,,13,,6:08.54,,,,,111,True,Distance,75,520,335.0,F,False,2,2024-01-26,2024-01-27,False
6299,8715,59,1667,,,,,,,,13,,6:24.09,,,,,111,True,Distance,33,447,256.5,F,False,2,2024-01-26,2024-01-27,False
6300,8716,59,1667,,,,,,,,14,,12:08.44,,,,,111,True,Distance,103,575,390.5,F,False,2,2024-01-26,2024-01-27,False
6374,8791,116,442,,,,,,,,14,,11:22.05,,,,,113,True,Distance,207,694,554.0,F,False,2,2024-01-27,2024-01-27,False
6375,8792,116,285,,,,,,,,14,,11:39.85,,,,,113,True,Distance,163,647,486.5,F,False,2,2024-01-27,2024-01-27,False
6376,8793,116,2056,,,,,,,,14,,12:07.19,,,,,113,True,Distance,105,578,394.0,F,False,2,2024-01-27,2024-01-27,False
6377,8794,116,3936,,,,,,,,14,,12:11.51,,,,,113,True,Distance,97,568,381.0,F,False,2,2024-01-27,2024-01-27,False
6410,8828,121,2791,So,,,,,,,9,,2:58.22,,,,,114,True,Distance,6,420,216.0,F,False,2,2024-01-27,2024-01-27,False
6411,8829,121,3955,Sr,2791.0,,3954.0,,3956.0,,22,,2:07.86,,,,,114,True,Relays,81,584,373.0,F,False,2,2024-01-27,2024-01-27,False
6431,8850,117,231,,,,,,,,17,,19:07.55,,,,,115,True,Distance,248,748,622.0,F,False,2,2024-01-27,2024-01-27,False
6432,8851,1,65,,,,,,,,17,,19:23.15,,,,,115,True,Distance,222,724,584.0,F,False,2,2024-01-27,2024-01-27,False
6433,8852,117,69,,,,,,,,17,,20:14.35,,,,,115,True,Distance,147,647,470.5,F,False,2,2024-01-27,2024-01-27,False
6434,8853,117,3967,,,,,,,,17,,21:06.11,,,,,115,True,Distance,87,573,373.5,F,False,2,2024-01-27,2024-01-27,False
6435,8854,1,68,,64.0,,70.0,,67.0,,26,,10:56.41,,,,,115,True,Relays,0,0,0.0,F,False,2,2024-01-27,2024-01-27,False
6436,8855,117,1956,,238.0,,3968.0,,3969.0,,26,,11:21.93,,,,,115,True,Relays,0,0,0.0,F,False,2,2024-01-27,2024-01-27,False
6437,8856,108,3970,,2232.0,,3322.0,,3971.0,,26,,11:30.09,,,,,115,True,Relays,0,0,0.0,F,False,2,2024-01-27,2024-01-27,False
6444,8863,108,3742,,,,,,,,13,,5:18.32,,,,,115,True,Distance,328,797,726.5,F,False,2,2024-01-27,2024-01-27,False
6445,8864,117,234,,,,,,,,13,,5:31.56,,,,,115,True,Distance,244,719,603.5,F,False,2,2024-01-27,2024-01-27,False
6446,8865,1,64,,,,,,,,13,,5:32.85,,,,,115,True,Distance,236,711,591.5,F,False,2,2024-01-27,2024-01-27,False
6447,8866,117,237,,,,,,,,13,,5:45.68,,,,,115,True,Distance,168,639,487.5,F,False,2,2024-01-27,2024-01-27,False
6448,8867,1,68,,,,,,,,13,,5:45.78,,,,,115,True,Distance,168,639,487.5,F,False,2,2024-01-27,2024-01-27,False
6449,8868,117,3968,,,,,,,,13,,5:52.80,,,,,115,True,Distance,135,601,435.5,F,False,2,2024-01-27,2024-01-27,False
6450,8869,108,74,,,,,,,,13,,5:56.18,,,,,115,True,Distance,121,583,412.5,F,False,2,2024-01-27,2024-01-27,False
6451,8870,108,2229,,,,,,,,13,,5:59.63,,,,,115,True,Distance,107,565,389.5,F,False,2,2024-01-27,2024-01-27,False
6452,8871,1,75,,,,,,,,13,,6:04.19,,,,,115,True,Distance,90,542,361.0,F,False,2,2024-01-27,2024-01-27,False
6453,8872,117,238,,,,,,,,13,,6:07.28,,,,,115,True,Distance,79,527,342.5,F,False,2,2024-01-27,2024-01-27,False
6454,8873,1,71,,,,,,,,13,,6:12.40,,,,,115,True,Distance,63,502,314.0,F,False,2,2024-01-27,2024-01-27,False
6455,8874,117,3977,,,,,,,,13,,6:12.54,,,,,115,True,Distance,63,501,313.5,F,False,2,2024-01-27,2024-01-27,False
6456,8875,108,2233,,,,,,,,13,,6:13.91,,,,,115,True,Distance,59,494,306.0,F,False,2,2024-01-27,2024-01-27,False
6457,8876,1,3978,,,,,,,,13,,6:20.51,,,,,115,True,Distance,41,463,272.5,F,False,2,2024-01-27,2024-01-27,False
6458,8877,117,264,,,,,,,,13,,6:30.60,,,,,115,True,Distance,20,417,228.5,F,False,2,2024-01-27,2024-01-27,False
6459,8878,117,1956,,,,,,,,13,,6:33.82,,,,,115,True,Distance,15,403,216.5,F,False,2,2024-01-27,2024-01-27,False
6460,8879,117,271,,,,,,,,13,,8:31.53,,,,,115,True,Distance,0,54,27.0,F,False,2,2024-01-27,2024-01-27,False
6463,8882,117,237,,,,,,,,10,,3:24.90,,,,,115,True,Distance,140,637,458.5,F,False,2,2024-01-27,2024-01-27,False
6464,8883,108,3980,,,,,,,,10,,3:38.21,,,,,115,True,Distance,54,518,313.0,F,False,2,2024-01-27,2024-01-27,False
6465,8884,117,264,,,,,,,,10,,3:52.09,,,,,115,True,Distance,7,407,210.5,F,False,2,2024-01-27,2024-01-27,False
6466,8885,117,243,,,,,,,,9,,2:30.51,,,,,115,True,Distance,221,736,589.0,F,False,2,2024-01-27,2024-01-27,False
6467,8886,117,234,,,,,,,,9,,2:37.18,,,,,115,True,Distance,141,652,467.0,F,False,2,2024-01-27,2024-01-27,False
6468,8887,117,3968,,,,,,,,9,,2:40.53,,,,,115,True,Distance,108,612,414.0,F,False,2,2024-01-27,2024-01-27,False
6469,8888,117,3977,,,,,,,,9,,2:42.63,,,,,115,True,Distance,90,587,383.5,F,False,2,2024-01-27,2024-01-27,False
6470,8889,108,2232,,,,,,,,9,,2:44.39,,,,,115,True,Distance,75,567,358.5,F,False,2,2024-01-27,2024-01-27,False
6471,8890,108,74,,,,,,,,9,,2:44.40,,,,,115,True,Distance,75,567,358.5,F,False,2,2024-01-27,2024-01-27,False
6472,8891,108,2233,,,,,,,,9,,2:59.19,,,,,115,True,Distance,4,411,209.5,F,False,2,2024-01-27,2024-01-27,False
6479,8898,1,67,,,,,,,,14,,11:04.97,,,,,115,True,Distance,254,741,624.5,F,False,2,2024-01-27,2024-01-27,False
6480,8899,117,231,,,,,,,,14,,11:09.97,,,,,115,True,Distance,240,727,603.5,F,False,2,2024-01-27,2024-01-27,False
6481,8900,1,70,,,,,,,,14,,11:40.27,,,,,115,True,Distance,162,646,485.0,F,False,2,2024-01-27,2024-01-27,False
6482,8901,117,238,,,,,,,,14,,12:12.38,,,,,115,True,Distance,96,566,379.0,F,False,2,2024-01-27,2024-01-27,False
6483,8902,117,236,,,,,,,,14,,12:13.15,,,,,115,True,Distance,94,564,376.0,F,False,2,2024-01-27,2024-01-27,False
6484,8903,117,1956,,,,,,,,14,,13:00.30,,,,,115,True,Distance,29,456,257.0,F,False,2,2024-01-27,2024-01-27,False
6485,8904,117,3977,,243.0,,3972.0,,234.0,,24,,4:33.00,,,,,115,True,Relays,219,690,564.0,F,False,2,2024-01-27,2024-01-27,False
6486,8905,108,3971,,3638.0,,3742.0,,3637.0,,24,,4:38.53,,,,,115,True,Relays,184,654,511.0,F,False,2,2024-01-27,2024-01-27,False
6487,8906,1,65,,64.0,,71.0,,3975.0,,24,,4:39.45,,,,,115,True,Relays,179,648,503.0,F,False,2,2024-01-27,2024-01-27,False
6488,8907,117,237,,238.0,,3968.0,,236.0,,24,,4:59.58,,,,,115,True,Relays,79,527,342.5,F,False,2,2024-01-27,2024-01-27,False
6641,9064,49,2246,,,,,,,,13,,6:02.49,,,,,119,True,Distance,96,551,371.5,F,False,2,2024-02-02,2024-02-02,False
6651,9074,116,442,,,,,,,,17,,19:19.07,,,,,122,True,Distance,228,730,593.0,F,False,2,2024-02-02,2024-02-03,False
6652,9075,116,3936,,,,,,,,17,,21:10.97,,,,,122,True,Distance,82,567,365.5,F,False,2,2024-02-02,2024-02-03,False
6677,9100,61,4025,,,,,,,,9,,2:22.70,,,,,123,True,Distance,336,841,756.5,F,False,2,2024-02-03,2024-02-03,False
6678,9101,61,2238,,,,,,,,9,,2:30.04,,,,,123,True,Distance,227,742,598.0,F,False,2,2024-02-03,2024-02-03,False
6679,9102,61,4026,,,,,,,,9,,2:45.34,,,,,123,True,Distance,68,556,346.0,F,False,2,2024-02-03,2024-02-03,False
6680,9103,61,4022,,,,,,,,9,,2:46.54,,,,,123,True,Distance,60,543,331.5,F,False,2,2024-02-03,2024-02-03,False
6681,9104,61,2244,,,,,,,,9,,2:47.34,,,,,123,True,Distance,54,534,321.0,F,False,2,2024-02-03,2024-02-03,False
6682,9105,61,4027,,,,,,,,9,,2:52.57,,,,,123,True,Distance,25,478,264.0,F,False,2,2024-02-03,2024-02-03,False
6683,9106,61,1621,,,,,,,,9,,3:22.62,,,,,123,True,Distance,0,215,107.5,F,False,2,2024-02-03,2024-02-03,False
6684,9107,61,4025,,,,,,,,13,,5:08.73,,,,,123,True,Distance,396,857,824.5,F,False,2,2024-02-03,2024-02-03,False
6685,9108,61,2238,,,,,,,,13,,5:16.72,,,,,123,True,Distance,338,807,741.5,F,False,2,2024-02-03,2024-02-03,False
6686,9109,61,2244,,,,,,,,13,,5:56.83,,,,,123,True,Distance,118,580,408.0,F,False,2,2024-02-03,2024-02-03,False
6687,9110,61,4027,,,,,,,,13,,6:14.83,,,,,123,True,Distance,56,490,301.0,F,False,2,2024-02-03,2024-02-03,False
6688,9111,61,1621,,,,,,,,13,,7:13.62,,,,,123,True,Distance,0,249,124.5,F,False,2,2024-02-03,2024-02-03,False
6691,9114,61,4024,,4026.0,,4021.0,,4029.0,,24,,4:30.38,,,,,123,True,Relays,236,707,589.5,F,False,2,2024-02-03,2024-02-03,False
6692,9115,61,2245,,2249.0,,4027.0,,2238.0,,24,,4:31.73,,,,,123,True,Relays,227,698,576.0,F,False,2,2024-02-03,2024-02-03,False
6769,9192,15,3237,,,,,,,,14,,11:11.93,,,,,125,True,Distance,235,722,596.0,F,False,2,2024-02-03,2024-02-03,False
6770,9193,15,3238,,,,,,,,14,,11:32.00,,,,,125,True,Distance,182,668,516.0,F,False,2,2024-02-03,2024-02-03,False
6771,9194,15,3240,,,,,,,,14,,11:40.95,,,,,125,True,Distance,160,645,482.5,F,False,2,2024-02-03,2024-02-03,False
6772,9195,11,2931,,,,,,,,14,,11:48.41,,,,,125,True,Distance,144,625,456.5,F,False,2,2024-02-03,2024-02-03,False
6773,9196,15,3241,,,,,,,,14,,12:06.27,,,,,125,True,Distance,107,581,397.5,F,False,2,2024-02-03,2024-02-03,False
6774,9197,15,4052,,,,,,,,14,,12:10.70,,,,,125,True,Distance,99,570,384.0,F,False,2,2024-02-03,2024-02-03,False
6775,9198,11,4053,,,,,,,,14,,12:43.57,,,,,125,True,Distance,48,493,294.5,F,False,2,2024-02-03,2024-02-03,False
6776,9199,11,2924,,,,,,,,10,,3:15.99,,,,,125,True,Distance,220,724,582.0,F,False,2,2024-02-03,2024-02-03,False
6781,9204,15,3250,,,,,,,,9,,2:31.88,,,,,125,True,Distance,203,718,562.0,F,False,2,2024-02-03,2024-02-03,False
6837,9264,59,3895,,,,,,,,9,,2:45.92,,,,,127,True,Distance,64,550,339.0,F,False,2,2024-02-03,2024-02-03,False
6838,9265,59,2061,,,,,,,,13,,5:48.79,,,,,127,True,Distance,153,622,464.0,F,False,2,2024-02-03,2024-02-03,False
6839,9266,59,3895,,,,,,,,13,,6:02.75,,,,,127,True,Distance,95,549,369.5,F,False,2,2024-02-03,2024-02-03,False
6840,9267,59,1673,,,,,,,,13,,6:42.29,,,,,127,True,Distance,5,367,188.5,F,False,2,2024-02-03,2024-02-03,False
6841,9268,59,4075,,,,,,,,13,,6:44.64,,,,,127,True,Distance,3,358,182.0,F,False,2,2024-02-03,2024-02-03,False
6842,9269,59,2773,,,,,,,,14,,12:03.15,,,,,127,True,Distance,113,588,407.0,F,False,2,2024-02-03,2024-02-03,False
6898,9324,117,4087,,,,,,,,17,,18:38.36,,,,,128,True,Distance,299,794,696.0,F,False,2,2024-02-03,2024-02-03,False
6899,9325,117,231,,,,,,,,17,,19:15.39,,,,,128,True,Distance,234,736,602.0,F,False,2,2024-02-03,2024-02-03,False
6900,9326,117,69,,,,,,,,17,,20:05.59,,,,,128,True,Distance,159,659,488.5,F,False,2,2024-02-03,2024-02-03,False
6901,9327,117,3967,,,,,,,,17,,20:05.69,,,,,128,True,Distance,159,659,488.5,F,False,2,2024-02-03,2024-02-03,False
6902,9328,117,236,,,,,,,,17,,20:24.63,,,,,128,True,Distance,134,632,450.0,F,False,2,2024-02-03,2024-02-03,False
6903,9329,117,1956,,,,,,,,17,,22:03.42,,,,,128,True,Distance,39,497,287.5,F,False,2,2024-02-03,2024-02-03,False
6911,9337,117,3968,,,,,,,,13,,5:43.66,,,,,128,True,Distance,178,650,503.0,F,False,2,2024-02-03,2024-02-03,False
6912,9338,117,237,,,,,,,,13,,5:53.60,,,,,128,True,Distance,132,597,430.5,F,False,2,2024-02-03,2024-02-03,False
6913,9339,117,238,,,,,,,,13,,6:00.35,,,,,128,True,Distance,104,562,385.0,F,False,2,2024-02-03,2024-02-03,False
6914,9340,117,4091,,,,,,,,13,,6:15.21,,,,,128,True,Distance,55,488,299.0,F,False,2,2024-02-03,2024-02-03,False
6915,9341,117,264,,,,,,,,13,,6:20.88,,,,,128,True,Distance,40,461,270.5,F,False,2,2024-02-03,2024-02-03,False
6916,9342,117,79,,,,,,,,13,,6:38.89,,,,,128,True,Distance,9,382,200.0,F,False,2,2024-02-03,2024-02-03,False
6920,9346,117,4092,,,,,,,,10,,3:40.92,,,,,128,True,Distance,41,495,288.5,F,False,2,2024-02-03,2024-02-03,False
6921,9347,117,79,,,,,,,,10,,3:50.88,,,,,128,True,Distance,9,416,217.0,F,False,2,2024-02-03,2024-02-03,False
6922,9348,117,243,,,,,,,,9,,2:34.36,,,,,128,True,Distance,173,687,516.5,F,False,2,2024-02-03,2024-02-03,False
6923,9349,117,239,,,,,,,,9,,2:37.53,,,,,128,True,Distance,138,648,462.0,F,False,2,2024-02-03,2024-02-03,False
6924,9350,117,3979,,,,,,,,9,,2:45.46,,,,,128,True,Distance,67,555,344.5,F,False,2,2024-02-03,2024-02-03,False
6925,9351,117,3968,,,,,,,,9,,2:46.59,,,,,128,True,Distance,59,542,330.0,F,False,2,2024-02-03,2024-02-03,False
6926,9352,117,4093,,,,,,,,9,,2:53.38,,,,,128,True,Distance,22,469,256.5,F,False,2,2024-02-03,2024-02-03,False
6927,9353,117,1956,,,,,,,,9,,2:57.62,,,,,128,True,Distance,8,426,221.0,F,False,2,2024-02-03,2024-02-03,False
6928,9354,117,4091,,,,,,,,9,,3:06.82,,,,,128,True,Distance,0,340,170.0,F,False,2,2024-02-03,2024-02-03,False
6929,9355,101,275,,,,,,,,9,,3:12.37,,,,,128,True,Distance,0,293,146.5,F,False,2,2024-02-03,2024-02-03,False
6933,9359,117,234,,,,,,,,14,,11:21.67,,,,,128,True,Distance,208,695,555.5,F,False,2,2024-02-03,2024-02-03,False
6934,9360,117,238,,,,,,,,14,,12:02.53,,,,,128,True,Distance,114,590,409.0,F,False,2,2024-02-03,2024-02-03,False
7014,9441,56,246,,,,,,,,13,,5:27.35,,,,,129,True,Distance,269,743,640.5,F,False,2,2024-02-03,2024-02-03,False
7015,9442,56,235,,,,,,,,13,,5:52.41,,,,,129,True,Distance,137,603,438.5,F,False,2,2024-02-03,2024-02-03,False
7016,9443,56,3368,,,,,,,,13,,6:35.55,,,,,129,True,Distance,13,396,211.0,F,False,2,2024-02-03,2024-02-03,False
7026,9453,56,4106,,,,,,,,9,,2:38.49,,,,,129,True,Distance,128,636,446.0,F,False,2,2024-02-03,2024-02-03,False
7027,9454,56,3797,,,,,,,,9,,2:58.94,,,,,129,True,Distance,5,413,211.5,F,False,2,2024-02-03,2024-02-03,False
7031,9458,56,233,,,,,,,,14,,10:58.96,,,,,129,True,Distance,272,758,651.0,F,False,2,2024-02-03,2024-02-03,False
7032,9459,56,3368,,,,,,,,14,,13:10.47,,,,,129,True,Distance,20,434,237.0,F,False,2,2024-02-03,2024-02-03,False
7033,9460,56,3792,,3797.0,,4102.0,,4103.0,,22,,2:01.19,,,,,129,True,Relays,162,681,502.5,F,False,2,2024-02-03,2024-02-03,False
7034,9461,56,3796,,3563.0,,4105.0,,3798.0,,24,,4:27.44,,,,,129,True,Relays,257,726,620.0,F,False,2,2024-02-03,2024-02-03,False
7073,9501,164,574,,,,,,,,17,,19:33.81,,,,,130,True,Distance,205,707,558.5,F,False,2,2024-02-03,2024-02-03,False
7074,9502,164,620,,,,,,,,9,,2:31.59,,,,,130,True,Distance,207,722,568.0,F,False,2,2024-02-03,2024-02-03,False
7075,9503,164,4114,,,,,,,,9,,2:33.29,,,,,130,True,Distance,186,700,536.0,F,False,2,2024-02-03,2024-02-03,False
7076,9504,164,567,,,,,,,,9,,2:38.08,,,,,130,True,Distance,132,641,452.5,F,False,2,2024-02-03,2024-02-03,False
7077,9505,164,3002,,,,,,,,9,,2:46.72,,,,,130,True,Distance,58,541,328.5,F,False,2,2024-02-03,2024-02-03,False
7078,9506,164,4115,,,,,,,,9,,3:00.54,,,,,130,True,Distance,2,398,201.0,F,False,2,2024-02-03,2024-02-03,False
7079,9507,164,568,,,,,,,,13,,5:37.20,,,,,130,True,Distance,212,686,555.0,F,False,2,2024-02-03,2024-02-03,False
7080,9508,164,575,,,,,,,,13,,5:39.64,,,,,130,True,Distance,199,672,535.0,F,False,2,2024-02-03,2024-02-03,False
7081,9509,164,578,,,,,,,,13,,5:46.05,,,,,130,True,Distance,166,637,484.5,F,False,2,2024-02-03,2024-02-03,False
7082,9510,164,3002,,,,,,,,13,,6:03.99,,,,,130,True,Distance,91,543,362.5,F,False,2,2024-02-03,2024-02-03,False
7083,9511,164,4116,,,,,,,,13,,6:09.93,,,,,130,True,Distance,71,514,328.0,F,False,2,2024-02-03,2024-02-03,False
7084,9512,164,573,,,,,,,,13,,6:19.54,,,,,130,True,Distance,44,468,278.0,F,False,2,2024-02-03,2024-02-03,False
7085,9513,164,3116,,,,,,,,13,,6:25.51,,,,,130,True,Distance,30,440,250.0,F,False,2,2024-02-03,2024-02-03,False
7086,9514,164,567,,,,,,,,14,,11:07.21,,,,,130,True,Distance,248,735,615.5,F,False,2,2024-02-03,2024-02-03,False
7087,9515,164,578,,,,,,,,14,,11:42.57,,,,,130,True,Distance,157,640,477.0,F,False,2,2024-02-03,2024-02-03,False
7088,9516,164,4117,,,,,,,,14,,11:53.95,,,,,130,True,Distance,132,611,437.5,F,False,2,2024-02-03,2024-02-03,False
7130,9607,116,283,,,,,,,,13,,5:49.33,,,,,122,True,Distance,151,619,460.5,F,False,2,2024-02-02,2024-02-03,False
7138,9571,44,2203,,,,,,,,13,,5:55.76,,,,,131,True,Distance,123,585,415.5,F,False,2,2024-02-03,2024-02-03,False
7139,9572,44,4129,,,,,,,,13,,6:44.04,,,,,131,True,Distance,4,360,184.0,F,False,2,2024-02-03,2024-02-03,False
7140,9573,44,2207,,,,,,,,13,,6:47.08,,,,,131,True,Distance,2,348,176.0,F,False,2,2024-02-03,2024-02-03,False
7176,9608,116,2056,,,,,,,,13,,5:56.20,,,,,122,True,Distance,121,583,412.5,F,False,2,2024-02-02,2024-02-03,False
7177,9609,116,4139,,,,,,,,13,,6:27.06,,,,,122,True,Distance,27,433,243.5,F,False,2,2024-02-02,2024-02-03,False
7188,9621,146,992,,,,,,,,9,,2:33.36,,,,,122,True,Distance,185,700,535.0,F,False,2,2024-02-02,2024-02-03,False
7196,9628,116,282,,,,,,,,14,,11:01.61,,,,,122,True,Distance,264,750,639.0,F,False,2,2024-02-02,2024-02-03,False
7197,9629,116,285,,,,,,,,14,,11:12.12,,,,,122,True,Distance,234,721,594.5,F,False,2,2024-02-02,2024-02-03,False
7203,9710,111,4152,,,,,,,,9,,2:45.01,,,,,136,True,Distance,71,560,351.0,F,False,2,2024-02-09,2024-02-09,False
7204,9711,111,295,,,,,,,,9,,2:53.53,,,,,136,True,Distance,21,468,255.0,F,False,2,2024-02-09,2024-02-09,False
7205,9712,111,4153,,,,,,,,13,,5:33.26,,,,,136,True,Distance,234,709,588.5,F,False,2,2024-02-09,2024-02-09,False
7206,9713,111,4152,,,,,,,,13,,5:40.68,,,,,136,True,Distance,193,667,526.5,F,False,2,2024-02-09,2024-02-09,False
7207,9714,111,976,,,,,,,,13,,5:47.48,,,,,136,True,Distance,159,629,473.5,F,False,2,2024-02-09,2024-02-09,False
7208,9715,111,302,,,,,,,,13,,6:49.35,,,,,136,True,Distance,1,339,170.5,F,False,2,2024-02-09,2024-02-09,False
7209,9716,111,309,,,,,,,,13,,7:01.17,,,,,136,True,Distance,0,293,146.5,F,False,2,2024-02-09,2024-02-09,False
7210,9717,111,4153,,,,,,,,14,,10:57.35,,,,,136,True,Distance,277,762,658.0,F,False,2,2024-02-09,2024-02-09,False
7222,9729,145,4155,,,,,,,,9,,2:43.48,,,,,137,True,Distance,83,577,371.5,F,False,2,2024-02-10,2024-02-10,False
7223,9730,145,2162,,,,,,,,14,,11:35.67,,,,,137,True,Distance,173,658,502.0,F,False,2,2024-02-10,2024-02-10,False
7228,9630,116,283,,,,,,,,14,,11:20.06,,,,,122,True,Distance,212,700,562.0,F,False,2,2024-02-02,2024-02-03,False
7229,9631,116,4140,,,,,,,,14,,12:51.18,,,,,122,True,Distance,39,476,277.0,F,False,2,2024-02-02,2024-02-03,False
7230,9632,146,3656,,3650.0,,3648.0,,3651.0,,24,,4:23.28,,,,,122,True,Relays,287,755,664.5,F,False,2,2024-02-02,2024-02-03,False
7236,9633,116,294,,3938.0,,285.0,,291.0,,24,,4:34.71,,,,,122,True,Relays,208,678,547.0,F,False,2,2024-02-02,2024-02-03,False
7298,9742,17,3247,,,,,,,,9,,2:35.93,,,,,138,True,Distance,155,667,488.5,F,False,2,2024-02-10,2024-02-10,False
7299,9743,17,4164,,,,,,,,9,,2:39.27,,,,,138,True,Distance,120,627,433.5,F,False,2,2024-02-10,2024-02-10,False
7300,9744,17,4165,,,,,,,,9,,2:39.96,,,,,138,True,Distance,113,619,422.5,F,False,2,2024-02-10,2024-02-10,False
7301,9745,20,3253,,,,,,,,9,,2:41.45,,,,,138,True,Distance,100,601,400.5,F,False,2,2024-02-10,2024-02-10,False
7302,9746,17,4166,,,,,,,,11,,5:05.25,,,,,138,True,Distance,258,738,627.0,F,False,2,2024-02-10,2024-02-10,False
7303,9747,17,3242,,,,,,,,11,,5:05.56,,,,,138,True,Distance,256,736,624.0,F,False,2,2024-02-10,2024-02-10,False
7304,9748,17,4167,,,,,,,,11,,5:18.03,,,,,138,True,Distance,182,660,512.0,F,False,2,2024-02-10,2024-02-10,False
7305,9749,17,4168,,,,,,,,11,,5:18.33,,,,,138,True,Distance,180,658,509.0,F,False,2,2024-02-10,2024-02-10,False
7306,9750,17,4169,,,,,,,,11,,5:18.97,,,,,138,True,Distance,177,654,504.0,F,False,2,2024-02-10,2024-02-10,False
7307,9751,17,4170,,,,,,,,11,,5:22.17,,,,,138,True,Distance,160,635,477.5,F,False,2,2024-02-10,2024-02-10,False
7308,9752,20,3253,,,,,,,,11,,5:34.72,,,,,138,True,Distance,102,564,384.0,F,False,2,2024-02-10,2024-02-10,False
7309,9753,17,4171,,,,,,,,11,,5:36.53,,,,,138,True,Distance,95,554,372.0,F,False,2,2024-02-10,2024-02-10,False
7310,9754,17,4172,,,,,,,,11,,5:36.99,,,,,138,True,Distance,93,552,369.0,F,False,2,2024-02-10,2024-02-10,False
7311,9755,20,3259,,,,,,,,11,,7:06.99,,,,,138,True,Distance,0,171,85.5,F,False,2,2024-02-10,2024-02-10,False
7312,9756,17,4166,,,,,,,,14,,11:12.52,,,,,138,True,Distance,233,720,593.0,F,False,2,2024-02-10,2024-02-10,False
7313,9757,17,4173,,,,,,,,14,,11:51.79,,,,,138,True,Distance,136,617,444.5,F,False,2,2024-02-10,2024-02-10,False
7314,9758,17,4168,,,,,,,,14,,11:53.02,,,,,138,True,Distance,134,614,441.0,F,False,2,2024-02-10,2024-02-10,False
7315,9759,17,4171,,,,,,,,14,,12:14.87,,,,,138,True,Distance,91,560,371.0,F,False,2,2024-02-10,2024-02-10,False
7316,9760,17,4174,,4159.0,,4175.0,,4162.0,,21,,53.33,,,,,138,True,Relays,322,776,710.0,F,False,2,2024-02-10,2024-02-10,False
7317,9761,17,4176,,4177.0,,4178.0,,4161.0,,21,,54.95,,,,,138,True,Relays,261,721,621.5,F,False,2,2024-02-10,2024-02-10,False
7389,9833,59,2061,,,,,,,,13,,5:40.03,,,,,139,True,Distance,197,670,532.0,F,False,2,2024-02-10,2024-02-10,False
7390,9834,59,4075,,,,,,,,13,,6:39.80,,,,,139,True,Distance,8,378,197.0,F,False,2,2024-02-10,2024-02-10,False
7391,9835,59,1673,,,,,,,,13,,7:02.73,,,,,139,True,Distance,0,288,144.0,F,False,2,2024-02-10,2024-02-10,False
7392,9836,59,2773,,,,,,,,17,,20:48.62,,,,,139,True,Distance,106,597,404.5,F,False,2,2024-02-10,2024-02-10,False
7395,9839,59,2773,,1673.0,,4075.0,,2061.0,,24,,4:51.94,,,,,139,True,Relays,112,571,397.5,F,False,2,2024-02-10,2024-02-10,False
7449,9893,108,3980,,,,,,,,9,,2:41.56,,,,,140,True,Distance,99,600,399.0,F,False,2,2024-02-10,2024-02-10,False
7450,9894,108,4218,,,,,,,,9,,2:43.93,,,,,140,True,Distance,79,572,365.0,F,False,2,2024-02-10,2024-02-10,False
7451,9895,108,3322,,,,,,,,9,,3:04.80,,,,,140,True,Distance,0,358,179.0,F,False,2,2024-02-10,2024-02-10,False
7452,9896,108,3742,,,,,,,,14,,10:49.69,,,,,140,True,Distance,301,784,693.0,F,False,2,2024-02-10,2024-02-10,False
7453,9897,108,2229,,,,,,,,14,,11:26.71,,,,,140,True,Distance,195,682,536.0,F,False,2,2024-02-10,2024-02-10,False
7454,9898,108,4219,,,,,,,,14,,11:32.25,,,,,140,True,Distance,181,667,514.5,F,False,2,2024-02-10,2024-02-10,False
7455,9899,108,2230,,,,,,,,13,,5:57.48,,,,,140,True,Distance,116,576,404.0,F,False,2,2024-02-10,2024-02-10,False
7456,9900,108,3638,,3637.0,,4216.0,,78.0,,24,,4:24.49,,,,,140,True,Relays,278,746,651.0,F,False,2,2024-02-10,2024-02-10,False
7457,9901,108,2229,,78.0,,3742.0,,4219.0,,30,,13:33.63,,,,,140,True,Relays,0,0,0.0,F,False,2,2024-02-10,2024-02-10,False
7458,9902,108,2230,,4218.0,,3980.0,,3322.0,,30,,15:28.88,,,,,140,True,Relays,0,0,0.0,F,False,2,2024-02-10,2024-02-10,False
7490,9936,124,1928,,,,,,,,9,,2:16.54,,,,,142,True,Distance,444,929,908.5,F,False,2,2024-02-10,2024-02-10,False
7491,9937,112,404,,,,,,,,13,,5:09.23,,,,,142,True,Distance,392,854,819.0,F,False,2,2024-02-10,2024-02-10,False
7492,9938,124,1925,,,,,,,,17,,16:26.71,,,,,142,True,Distance,595,1022,1106.0,F,False,2,2024-02-10,2024-02-10,False
7506,9953,159,583,,648.0,,590.0,,2700.0,,30,,13:51.57,,,,,143,True,Relays,0,0,0.0,F,False,2,2024-02-10,2024-02-10,False
7507,9954,164,575,,573.0,,4223.0,,568.0,,30,,13:54.02,,,,,143,True,Relays,0,0,0.0,F,False,2,2024-02-10,2024-02-10,False
7508,9955,178,1730,,3180.0,,3032.0,,1725.0,,30,,14:07.13,,,,,143,True,Relays,0,0,0.0,F,False,2,2024-02-10,2024-02-10,False
7509,9956,203,4224,,4225.0,,4226.0,,4227.0,,30,,14:20.07,,,,,143,True,Relays,0,0,0.0,F,False,2,2024-02-10,2024-02-10,False
7510,9957,164,578,,613.0,,620.0,,3002.0,,30,,14:24.26,,,,,143,True,Relays,0,0,0.0,F,False,2,2024-02-10,2024-02-10,False
7511,9959,164,3098,,567.0,,4115.0,,618.0,,30,,14:31.30,,,,,143,True,Relays,0,0,0.0,F,False,2,2024-02-10,2024-02-10,False
7512,9960,171,1034,,1072.0,,1044.0,,1066.0,,30,,14:35.97,,,,,143,True,Relays,0,0,0.0,F,False,2,2024-02-10,2024-02-10,False
7513,9963,130,4230,,2722.0,,4231.0,,2394.0,,30,,15:14.67,,,,,143,True,Relays,0,0,0.0,F,False,2,2024-02-10,2024-02-10,False
7514,9964,138,644,,607.0,,4232.0,,4233.0,,30,,15:29.71,,,,,143,True,Relays,0,0,0.0,F,False,2,2024-02-10,2024-02-10,False
7515,9965,165,3117,,3108.0,,390.0,,388.0,,30,,15:33.41,,,,,143,True,Relays,0,0,0.0,F,False,2,2024-02-10,2024-02-10,False
7516,9966,158,2389,,2403.0,,4234.0,,2422.0,,30,,15:38.00,,,,,143,True,Relays,0,0,0.0,F,False,2,2024-02-10,2024-02-10,False
7517,9967,159,2163,,2712.0,,650.0,,4235.0,,30,,15:38.94,,,,,143,True,Relays,0,0,0.0,F,False,2,2024-02-10,2024-02-10,False
7518,9968,169,2420,,4236.0,,1153.0,,4237.0,,30,,15:51.58,,,,,143,True,Relays,0,0,0.0,F,False,2,2024-02-10,2024-02-10,False
7519,9969,69,4238,,2536.0,,2524.0,,4239.0,,30,,16:10.90,,,,,143,True,Relays,0,0,0.0,F,False,2,2024-02-10,2024-02-10,False
7523,9973,203,4242,,4243.0,,4244.0,,4245.0,,24,,4:15.60,,,,,143,True,Relays,348,808,752.0,F,False,2,2024-02-10,2024-02-10,False
7524,9974,146,3651,,1054.0,,3648.0,,992.0,,24,,4:27.48,,,,,143,True,Relays,257,726,620.0,F,False,2,2024-02-10,2024-02-10,False
7525,9977,159,4246,,4235.0,,648.0,,4247.0,,24,,4:45.24,,,,,143,True,Relays,146,612,452.0,F,False,2,2024-02-10,2024-02-10,False
7526,9978,164,3098,,3002.0,,4115.0,,620.0,,24,,4:46.72,,,,,143,True,Relays,138,603,439.5,F,False,2,2024-02-10,2024-02-10,False
7527,9979,178,1725,,1730.0,,3180.0,,3179.0,,24,,4:51.03,,,,,143,True,Relays,117,577,405.5,F,False,2,2024-02-10,2024-02-10,False
7528,9981,130,4231,,2394.0,,4249.0,,2387.0,,24,,5:02.44,,,,,143,True,Relays,68,510,323.0,F,False,2,2024-02-10,2024-02-10,False
7529,9982,178,3033,,1764.0,,1746.0,,4250.0,,24,,5:06.98,,,,,143,True,Relays,53,485,295.5,F,False,2,2024-02-10,2024-02-10,False
7530,9983,165,390,,388.0,,3117.0,,3108.0,,24,,5:10.79,,,,,143,True,Relays,41,464,273.0,F,False,2,2024-02-10,2024-02-10,False
7531,9984,164,613,,567.0,,3116.0,,578.0,,24,,5:11.35,,,,,143,True,Relays,40,461,270.5,F,False,2,2024-02-10,2024-02-10,False
7532,9985,130,2708,,2722.0,,2414.0,,4230.0,,24,,5:35.28,,,,,143,True,Relays,1,342,172.0,F,False,2,2024-02-10,2024-02-10,False
7533,9986,158,2416,,4251.0,,4252.0,,2428.0,,24,,6:03.46,,,,,143,True,Relays,0,225,112.5,F,False,2,2024-02-10,2024-02-10,False
7534,9987,203,4242,,4243.0,,4253.0,,4245.0,,22,,1:49.78,,,,,143,True,Relays,365,862,796.0,F,False,2,2024-02-10,2024-02-10,False
7535,9988,146,4248,,3649.0,,3648.0,,3658.0,,22,,1:52.78,,,,,143,True,Relays,303,813,709.5,F,False,2,2024-02-10,2024-02-10,False
7536,9989,159,4254,,4255.0,,4256.0,,2700.0,,22,,1:54.03,,,,,143,True,Relays,280,792,676.0,F,False,2,2024-02-10,2024-02-10,False
7537,9990,167,4257,,4258.0,,4259.0,,4260.0,,22,,1:55.44,,,,,143,True,Relays,254,769,638.5,F,False,2,2024-02-10,2024-02-10,False
7538,9991,146,4261,,3655.0,,3657.0,,4262.0,,22,,1:58.82,,,,,143,True,Relays,197,717,555.5,F,False,2,2024-02-10,2024-02-10,False
7539,9992,158,3660,,4263.0,,3664.0,,4264.0,,22,,2:05.88,,,,,143,True,Relays,102,612,408.0,F,False,2,2024-02-10,2024-02-10,False
7566,10021,138,607,,,,,,,,13,,5:20.99,,,,,143,True,Distance,310,781,700.5,F,False,2,2024-02-10,2024-02-10,False
7567,10023,178,3179,,,,,,,,13,,5:29.60,,,,,143,True,Distance,255,730,620.0,F,False,2,2024-02-10,2024-02-10,False
7568,10024,164,575,,,,,,,,13,,5:34.24,,,,,143,True,Distance,228,703,579.5,F,False,2,2024-02-10,2024-02-10,False
7569,10025,146,994,,,,,,,,13,,5:35.95,,,,,143,True,Distance,219,693,565.5,F,False,2,2024-02-10,2024-02-10,False
7570,10026,162,4277,,,,,,,,13,,5:37.48,,,,,143,True,Distance,210,685,552.5,F,False,2,2024-02-10,2024-02-10,False
7571,10027,141,1018,,,,,,,,13,,5:39.75,,,,,143,True,Distance,198,672,534.0,F,False,2,2024-02-10,2024-02-10,False
7572,10028,139,1458,,,,,,,,13,,5:40.24,,,,,143,True,Distance,196,669,530.5,F,False,2,2024-02-10,2024-02-10,False
7573,10029,69,2524,,,,,,,,13,,5:40.81,,,,,143,True,Distance,193,666,526.0,F,False,2,2024-02-10,2024-02-10,False
7574,10030,146,996,,,,,,,,13,,5:45.65,,,,,143,True,Distance,168,639,487.5,F,False,2,2024-02-10,2024-02-10,False
7575,10031,146,992,,,,,,,,13,,5:45.83,,,,,143,True,Distance,167,638,486.0,F,False,2,2024-02-10,2024-02-10,False
7576,10032,178,1743,,,,,,,,13,,5:47.87,,,,,143,True,Distance,158,627,471.5,F,False,2,2024-02-10,2024-02-10,False
7577,10033,178,1748,,,,,,,,13,,5:49.64,,,,,143,True,Distance,149,618,458.0,F,False,2,2024-02-10,2024-02-10,False
7578,10034,146,1046,,,,,,,,13,,5:50.13,,,,,143,True,Distance,147,615,454.5,F,False,2,2024-02-10,2024-02-10,False
7579,10035,146,1032,,,,,,,,13,,5:50.85,,,,,143,True,Distance,144,611,449.5,F,False,2,2024-02-10,2024-02-10,False
7580,10036,159,4278,,,,,,,,13,,5:51.51,,,,,143,True,Distance,141,608,445.0,F,False,2,2024-02-10,2024-02-10,False
7581,10037,171,1034,,,,,,,,13,,5:55.83,,,,,143,True,Distance,122,585,414.5,F,False,2,2024-02-10,2024-02-10,False
7582,10038,164,4279,,,,,,,,13,,5:56.03,,,,,143,True,Distance,122,584,414.0,F,False,2,2024-02-10,2024-02-10,False
7583,10039,164,4116,,,,,,,,13,,5:56.56,,,,,143,True,Distance,119,581,409.5,F,False,2,2024-02-10,2024-02-10,False
7584,10041,141,4280,,,,,,,,13,,5:57.62,,,,,143,True,Distance,115,576,403.0,F,False,2,2024-02-10,2024-02-10,False
7585,10042,158,2388,,,,,,,,13,,5:58.03,,,,,143,True,Distance,113,573,399.5,F,False,2,2024-02-10,2024-02-10,False
7586,10044,161,2322,,,,,,,,13,,5:59.24,,,,,143,True,Distance,109,567,392.5,F,False,2,2024-02-10,2024-02-10,False
7587,10045,162,4281,,,,,,,,13,,5:59.71,,,,,143,True,Distance,107,565,389.5,F,False,2,2024-02-10,2024-02-10,False
7588,10040,162,1014,,,,,,,,13,,5:56.64,,,,,143,True,Distance,119,581,409.5,F,False,2,2024-02-10,2024-02-10,False
7590,10022,146,1020,,,,,,,,13,,5:22.87,,,,,143,True,Distance,297,770,682.0,F,False,2,2024-02-10,2024-02-10,False
7591,9952,146,1046,,996.0,,990.0,,994.0,,30,,13:40.09,,,,,143,True,Relays,0,0,0.0,F,False,2,2024-02-10,2024-02-10,False
7593,9980,146,1020,,4248.0,,3654.0,,3716.0,,24,,5:01.30,,,,,143,True,Relays,73,517,331.5,F,False,2,2024-02-10,2024-02-10,False
7594,9962,146,1112,,1050.0,,1042.0,,1004.0,,30,,15:12.67,,,,,143,True,Relays,0,0,0.0,F,False,2,2024-02-10,2024-02-10,False
7595,10046,178,3033,,,,,,,,13,,6:02.02,,,,,143,True,Distance,98,553,374.5,F,False,2,2024-02-10,2024-02-10,False
7596,10047,158,4234,,,,,,,,13,,6:07.80,,,,,143,True,Distance,78,524,340.0,F,False,2,2024-02-10,2024-02-10,False
7597,10048,178,1746,,,,,,,,13,,6:08.67,,,,,143,True,Distance,75,520,335.0,F,False,2,2024-02-10,2024-02-10,False
7598,10049,138,645,,,,,,,,13,,6:09.06,,,,,143,True,Distance,74,518,333.0,F,False,2,2024-02-10,2024-02-10,False
7599,10050,164,3116,,,,,,,,13,,6:12.66,,,,,143,True,Distance,62,500,312.0,F,False,2,2024-02-10,2024-02-10,False
7600,10051,146,4282,,,,,,,,13,,6:13.53,,,,,143,True,Distance,60,496,308.0,F,False,2,2024-02-10,2024-02-10,False
7601,10052,158,2400,,,,,,,,13,,6:15.62,,,,,143,True,Distance,54,486,297.0,F,False,2,2024-02-10,2024-02-10,False
7602,10053,159,4235,,,,,,,,13,,6:15.65,,,,,143,True,Distance,54,486,297.0,F,False,2,2024-02-10,2024-02-10,False
7604,10055,164,613,,,,,,,,13,,6:18.45,,,,,143,True,Distance,46,473,282.5,F,False,2,2024-02-10,2024-02-10,False
7605,10056,164,4283,,,,,,,,13,,6:19.26,,,,,143,True,Distance,44,469,278.5,F,False,2,2024-02-10,2024-02-10,False
7606,10058,158,2401,,,,,,,,13,,6:21.60,,,,,143,True,Distance,39,458,268.0,F,False,2,2024-02-10,2024-02-10,False
7607,10059,138,601,,,,,,,,13,,6:25.33,,,,,143,True,Distance,30,441,250.5,F,False,2,2024-02-10,2024-02-10,False
7608,10060,159,2163,,,,,,,,13,,6:30.66,,,,,143,True,Distance,20,417,228.5,F,False,2,2024-02-10,2024-02-10,False
7609,10061,119,2831,,,,,,,,13,,6:31.39,,,,,143,True,Distance,19,414,226.0,F,False,2,2024-02-10,2024-02-10,False
7610,10062,159,643,,,,,,,,13,,6:33.50,,,,,143,True,Distance,16,405,218.5,F,False,2,2024-02-10,2024-02-10,False
7611,10064,159,646,,,,,,,,13,,6:38.81,,,,,143,True,Distance,9,382,200.0,F,False,2,2024-02-10,2024-02-10,False
7612,10065,162,1116,,,,,,,,13,,6:42.74,,,,,143,True,Distance,5,366,188.0,F,False,2,2024-02-10,2024-02-10,False
7613,10067,158,4251,,,,,,,,13,,6:50.43,,,,,143,True,Distance,0,334,167.0,F,False,2,2024-02-10,2024-02-10,False
7614,10068,69,2527,,,,,,,,13,,6:52.34,,,,,143,True,Distance,0,327,163.5,F,False,2,2024-02-10,2024-02-10,False
7615,10069,169,1153,,,,,,,,13,,6:55.40,,,,,143,True,Distance,0,315,157.5,F,False,2,2024-02-10,2024-02-10,False
7616,10070,138,4233,,,,,,,,13,,6:57.44,,,,,143,True,Distance,0,307,153.5,F,False,2,2024-02-10,2024-02-10,False
7617,10118,162,1122,,,,,,,,9,,2:55.57,,,,,143,True,Distance,13,447,236.5,F,False,2,2024-02-10,2024-02-10,False
7618,10072,69,4238,,,,,,,,13,,7:22.97,,,,,143,True,Distance,0,218,109.0,F,False,2,2024-02-10,2024-02-10,False
7619,10073,158,4252,,,,,,,,13,,7:53.27,,,,,143,True,Distance,0,132,66.0,F,False,2,2024-02-10,2024-02-10,False
7634,10089,146,992,,,,,,,,9,,2:30.13,,,,,143,True,Distance,226,741,596.5,F,False,2,2024-02-10,2024-02-10,False
7635,10090,164,620,,,,,,,,9,,2:31.03,,,,,143,True,Distance,214,729,578.5,F,False,2,2024-02-10,2024-02-10,False
7636,10091,69,2524,,,,,,,,9,,2:31.55,,,,,143,True,Distance,207,723,568.5,F,False,2,2024-02-10,2024-02-10,False
7637,10093,178,3179,,,,,,,,9,,2:33.49,,,,,143,True,Distance,183,698,532.0,F,False,2,2024-02-10,2024-02-10,False
7638,10094,130,2387,,,,,,,,9,,2:33.80,,,,,143,True,Distance,179,694,526.0,F,False,2,2024-02-10,2024-02-10,False
7639,10095,203,4227,,,,,,,,9,,2:34.78,,,,,143,True,Distance,168,682,509.0,F,False,2,2024-02-10,2024-02-10,False
7640,10096,159,4285,,,,,,,,9,,2:36.14,,,,,143,True,Distance,153,665,485.5,F,False,2,2024-02-10,2024-02-10,False
7641,10098,203,4224,,,,,,,,9,,2:36.96,,,,,143,True,Distance,144,655,471.5,F,False,2,2024-02-10,2024-02-10,False
7642,10099,178,4287,,,,,,,,9,,2:37.65,,,,,143,True,Distance,136,646,459.0,F,False,2,2024-02-10,2024-02-10,False
7643,10100,146,1050,,,,,,,,9,,2:37.69,,,,,143,True,Distance,136,646,459.0,F,False,2,2024-02-10,2024-02-10,False
7644,10101,141,1018,,,,,,,,9,,2:38.23,,,,,143,True,Distance,130,639,449.5,F,False,2,2024-02-10,2024-02-10,False
7645,10102,159,4278,,,,,,,,9,,2:38.97,,,,,143,True,Distance,123,630,438.0,F,False,2,2024-02-10,2024-02-10,False
7646,10103,162,1029,,,,,,,,9,,2:39.87,,,,,143,True,Distance,114,620,424.0,F,False,2,2024-02-10,2024-02-10,False
7647,10104,138,4232,,,,,,,,9,,2:41.89,,,,,143,True,Distance,96,596,394.0,F,False,2,2024-02-10,2024-02-10,False
7648,10107,203,4226,,,,,,,,9,,2:45.30,,,,,143,True,Distance,68,557,346.5,F,False,2,2024-02-10,2024-02-10,False
7649,10108,164,618,,,,,,,,9,,2:45.67,,,,,143,True,Distance,66,552,342.0,F,False,2,2024-02-10,2024-02-10,False
7650,10109,178,1746,,,,,,,,9,,2:46.55,,,,,143,True,Distance,60,543,331.5,F,False,2,2024-02-10,2024-02-10,False
7651,10111,138,644,,,,,,,,9,,2:51.76,,,,,143,True,Distance,29,486,272.0,F,False,2,2024-02-10,2024-02-10,False
7652,10112,138,2396,,,,,,,,9,,2:52.20,,,,,143,True,Distance,27,481,267.5,F,False,2,2024-02-10,2024-02-10,False
7653,10113,146,4288,,,,,,,,9,,2:53.22,,,,,143,True,Distance,22,471,257.5,F,False,2,2024-02-10,2024-02-10,False
7654,10114,161,4276,,,,,,,,9,,2:54.64,,,,,143,True,Distance,17,456,245.0,F,False,2,2024-02-10,2024-02-10,False
7655,10115,169,4237,,,,,,,,9,,2:55.08,,,,,143,True,Distance,15,452,241.0,F,False,2,2024-02-10,2024-02-10,False
7656,10116,159,2163,,,,,,,,9,,2:55.31,,,,,143,True,Distance,14,449,238.5,F,False,2,2024-02-10,2024-02-10,False
7657,10119,169,1153,,,,,,,,9,,2:58.02,,,,,143,True,Distance,7,422,218.0,F,False,2,2024-02-10,2024-02-10,False
7658,10120,159,2712,,,,,,,,9,,2:58.32,,,,,143,True,Distance,6,419,215.5,F,False,2,2024-02-10,2024-02-10,False
7659,10121,138,601,,,,,,,,9,,2:58.66,,,,,143,True,Distance,5,416,213.0,F,False,2,2024-02-10,2024-02-10,False
7660,10122,159,650,,,,,,,,9,,3:02.68,,,,,143,True,Distance,0,378,189.0,F,False,2,2024-02-10,2024-02-10,False
7661,10123,162,1100,,,,,,,,9,,3:03.20,,,,,143,True,Distance,0,373,186.5,F,False,2,2024-02-10,2024-02-10,False
7662,10124,119,2831,,,,,,,,9,,3:03.82,,,,,143,True,Distance,0,367,183.5,F,False,2,2024-02-10,2024-02-10,False
7663,10125,169,2420,,,,,,,,9,,3:05.08,,,,,143,True,Distance,0,356,178.0,F,False,2,2024-02-10,2024-02-10,False
7664,10126,158,2422,,,,,,,,9,,3:10.45,,,,,143,True,Distance,0,309,154.5,F,False,2,2024-02-10,2024-02-10,False
7665,10127,158,2402,,,,,,,,9,,3:14.59,,,,,143,True,Distance,0,275,137.5,F,False,2,2024-02-10,2024-02-10,False
7666,10128,130,2722,,,,,,,,9,,3:20.61,,,,,143,True,Distance,0,229,114.5,F,False,2,2024-02-10,2024-02-10,False
7667,10129,158,2428,,,,,,,,9,,3:34.69,,,,,143,True,Distance,0,139,69.5,F,False,2,2024-02-10,2024-02-10,False
7690,10092,169,1068,,,,,,,,9,,2:32.44,,,,,143,True,Distance,196,711,551.5,F,False,2,2024-02-10,2024-02-10,False
7691,10105,162,1014,,,,,,,,9,,2:42.78,,,,,143,True,Distance,88,585,380.5,F,False,2,2024-02-10,2024-02-10,False
7692,10057,161,2335,,,,,,,,13,,6:20.44,,,,,143,True,Distance,41,463,272.5,F,False,2,2024-02-10,2024-02-10,False
7693,10110,161,2335,,,,,,,,9,,2:50.53,,,,,143,True,Distance,35,499,284.5,F,False,2,2024-02-10,2024-02-10,False
7694,10063,146,1062,,,,,,,,13,,6:34.08,,,,,143,True,Distance,15,402,216.0,F,False,2,2024-02-10,2024-02-10,False
7696,10066,146,1090,,,,,,,,13,,6:48.97,,,,,143,True,Distance,1,340,171.0,F,False,2,2024-02-10,2024-02-10,False
7697,10054,146,1056,,,,,,,,13,,6:17.52,,,,,143,True,Distance,49,477,287.5,F,False,2,2024-02-10,2024-02-10,False
7698,10117,138,631,,,,,,,,9,,2:55.51,,,,,143,True,Distance,14,447,237.5,F,False,2,2024-02-10,2024-02-10,False
7703,10184,171,1066,,,,,,,,14,,12:27.49,,,,,143,True,Distance,71,530,336.0,F,False,2,2024-02-10,2024-02-10,False
7706,10244,162,1122,,1100.0,,4306.0,,3786.0,,24,,4:29.66,,,,,143,True,Relays,241,712,597.0,F,False,2,2024-02-10,2024-02-10,False
7708,10162,164,567,,,,,,,,14,,10:51.23,,,,,143,True,Distance,296,779,685.5,F,False,2,2024-02-10,2024-02-10,False
7709,10164,164,568,,,,,,,,14,,10:54.80,,,,,143,True,Distance,285,769,669.5,F,False,2,2024-02-10,2024-02-10,False
7710,10165,146,4292,,,,,,,,14,,11:26.89,,,,,143,True,Distance,195,681,535.5,F,False,2,2024-02-10,2024-02-10,False
7711,10166,164,573,,,,,,,,14,,11:32.15,,,,,143,True,Distance,181,667,514.5,F,False,2,2024-02-10,2024-02-10,False
7712,10167,164,578,,,,,,,,14,,11:38.58,,,,,143,True,Distance,166,651,491.5,F,False,2,2024-02-10,2024-02-10,False
7713,10168,164,4117,,,,,,,,14,,11:40.25,,,,,143,True,Distance,162,646,485.0,F,False,2,2024-02-10,2024-02-10,False
7714,10169,164,574,,,,,,,,14,,11:42.82,,,,,143,True,Distance,156,640,476.0,F,False,2,2024-02-10,2024-02-10,False
7715,10170,141,4280,,,,,,,,14,,11:47.97,,,,,143,True,Distance,145,626,458.0,F,False,2,2024-02-10,2024-02-10,False
7716,10171,165,386,,,,,,,,14,,11:51.57,,,,,143,True,Distance,137,617,445.5,F,False,2,2024-02-10,2024-02-10,False
7717,10172,178,3032,,,,,,,,14,,11:51.70,,,,,143,True,Distance,136,617,444.5,F,False,2,2024-02-10,2024-02-10,False
7718,10173,171,1034,,,,,,,,14,,11:54.86,,,,,143,True,Distance,130,609,434.5,F,False,2,2024-02-10,2024-02-10,False
7719,10174,146,1004,,,,,,,,14,,11:57.70,,,,,143,True,Distance,124,602,425.0,F,False,2,2024-02-10,2024-02-10,False
7720,10175,178,1748,,,,,,,,14,,11:58.97,,,,,143,True,Distance,121,599,420.5,F,False,2,2024-02-10,2024-02-10,False
7721,10176,130,2383,,,,,,,,14,,12:05.13,,,,,143,True,Distance,109,584,401.0,F,False,2,2024-02-10,2024-02-10,False
7722,10177,159,591,,,,,,,,14,,12:10.62,,,,,143,True,Distance,99,570,384.0,F,False,2,2024-02-10,2024-02-10,False
7723,10178,178,1764,,,,,,,,14,,12:13.76,,,,,143,True,Distance,93,562,374.0,F,False,2,2024-02-10,2024-02-10,False
7724,10179,138,598,,,,,,,,14,,12:15.86,,,,,143,True,Distance,90,557,368.5,F,False,2,2024-02-10,2024-02-10,False
7725,10181,158,2406,,,,,,,,14,,12:21.64,,,,,143,True,Distance,80,544,352.0,F,False,2,2024-02-10,2024-02-10,False
7726,10182,178,1730,,,,,,,,14,,12:27.21,,,,,143,True,Distance,71,530,336.0,F,False,2,2024-02-10,2024-02-10,False
7727,10183,158,2400,,,,,,,,14,,12:27.47,,,,,143,True,Distance,71,530,336.0,F,False,2,2024-02-10,2024-02-10,False
7728,10185,130,2394,,,,,,,,14,,12:33.09,,,,,143,True,Distance,62,517,320.5,F,False,2,2024-02-10,2024-02-10,False
7729,10187,158,2389,,,,,,,,14,,12:51.56,,,,,143,True,Distance,38,475,275.5,F,False,2,2024-02-10,2024-02-10,False
7730,10188,141,1076,,,,,,,,14,,12:52.76,,,,,143,True,Distance,37,472,273.0,F,False,2,2024-02-10,2024-02-10,False
7731,10190,158,2404,,,,,,,,14,,13:28.11,,,,,143,True,Distance,8,397,206.5,F,False,2,2024-02-10,2024-02-10,False
7732,10191,161,2333,,,,,,,,14,,13:49.15,,,,,143,True,Distance,0,356,178.0,F,False,2,2024-02-10,2024-02-10,False
7733,10192,130,2708,,,,,,,,14,,14:22.79,,,,,143,True,Distance,0,294,147.0,F,False,2,2024-02-10,2024-02-10,False
7781,10240,146,3649,,3651.0,,3726.0,,3729.0,,24,,4:03.48,,,,,143,True,Relays,455,896,903.0,F,False,2,2024-02-10,2024-02-10,False
7782,10241,167,4258,,4303.0,,4257.0,,4304.0,,24,,4:10.54,,,,,143,True,Relays,391,844,813.0,F,False,2,2024-02-10,2024-02-10,False
7783,10243,158,3653,,2454.0,,2416.0,,3170.0,,24,,4:27.38,,,,,143,True,Relays,257,727,620.5,F,False,2,2024-02-10,2024-02-10,False
7797,10189,146,1060,,,,,,,,14,,13:05.45,,,,,143,True,Distance,24,445,246.5,F,False,2,2024-02-10,2024-02-10,False
7798,10186,139,1497,,,,,,,,14,,12:47.91,,,,,143,True,Distance,43,483,284.5,F,False,2,2024-02-10,2024-02-10,False
7799,10180,139,5298,,,,,,,,14,,12:20.32,,,,,143,True,Distance,82,547,355.5,F,False,2,2024-02-10,2024-02-10,False
7800,10245,162,1029,,1014.0,,1428.0,,4307.0,,24,,4:39.36,,,,,143,True,Relays,179,649,503.5,F,False,2,2024-02-10,2024-02-10,False
7801,10163,146,990,,,,,,,,14,,10:53.68,,,,,143,True,Distance,288,772,674.0,F,False,2,2024-02-10,2024-02-10,False
8337,10811,56,3563,,,,,,,,9,,2:37.57,,,,,144,True,Distance,137,647,460.5,F,False,2,2024-02-10,2024-02-10,False
8338,10812,56,246,,,,,,,,13,,5:30.01,,,,,144,True,Distance,253,728,617.0,F,False,2,2024-02-10,2024-02-10,False
8339,10813,56,3366,,,,,,,,13,,5:44.28,,,,,144,True,Distance,175,647,498.5,F,False,2,2024-02-10,2024-02-10,False
8340,10814,56,240,,,,,,,,13,,5:50.98,,,,,144,True,Distance,143,610,448.0,F,False,2,2024-02-10,2024-02-10,False
8341,10815,56,233,,,,,,,,13,,5:53.03,,,,,144,True,Distance,134,600,434.0,F,False,2,2024-02-10,2024-02-10,False
8342,10816,56,3368,,,,,,,,13,,6:19.00,,,,,144,True,Distance,45,470,280.0,F,False,2,2024-02-10,2024-02-10,False
8343,10817,56,253,,,,,,,,13,,6:23.01,,,,,144,True,Distance,35,452,261.0,F,False,2,2024-02-10,2024-02-10,False
8344,10818,56,4454,,,,,,,,13,,6:29.46,,,,,144,True,Distance,22,422,233.0,F,False,2,2024-02-10,2024-02-10,False
8345,10819,56,240,,,,,,,,14,,11:38.51,,,,,144,True,Distance,166,651,491.5,F,False,2,2024-02-10,2024-02-10,False
8346,10820,56,3370,,,,,,,,14,,11:45.02,,,,,144,True,Distance,151,634,468.0,F,False,2,2024-02-10,2024-02-10,False
8348,10822,56,3796,,3563.0,,4105.0,,246.0,,24,,4:20.59,,,,,144,True,Relays,308,773,694.5,F,False,2,2024-02-10,2024-02-10,False
8417,10891,58,2992,,,,,,,,13,,6:00.23,,,,,145,True,Distance,105,562,386.0,F,False,2,2024-02-10,2024-02-10,False
8483,10957,204,809,,,,,,,,9,,2:28.98,,,,,148,True,Distance,241,756,619.0,F,False,2,2024-02-11,2024-02-11,False
8486,10960,204,809,,,,,,,,14,,10:54.59,,,,,148,True,Distance,286,770,671.0,F,False,2,2024-02-11,2024-02-11,False
8528,11002,203,4227,,,,,,,,9,,2:30.45,,,,,149,True,Distance,222,737,590.5,F,False,2,2024-02-16,2024-02-16,False
8529,11003,203,4226,,,,,,,,9,,2:45.28,,,,,149,True,Distance,69,557,347.5,F,False,2,2024-02-16,2024-02-16,False
8530,11004,203,4494,,,,,,,,9,,2:51.34,,,,,149,True,Distance,31,491,276.5,F,False,2,2024-02-16,2024-02-16,False
8531,11005,203,4495,,,,,,,,9,,3:19.73,,,,,149,True,Distance,0,236,118.0,F,False,2,2024-02-16,2024-02-16,False
8581,11055,107,2830,,,,,,,,13,,6:06.97,,,,,150,True,Distance,80,528,344.0,F,False,2,2024-02-16,2024-02-16,False
8587,11061,112,406,,,,,,,,14,,11:43.69,,,,,150,True,Distance,154,637,472.5,F,False,2,2024-02-16,2024-02-16,False
8594,11068,127,73,,,,,,,,14,,12:00.34,,,,,150,True,Distance,119,595,416.5,F,False,2,2024-02-16,2024-02-16,False
8650,11125,124,1928,,,,,,,,9,,2:16.68,,,,,152,True,Distance,441,927,904.5,F,False,2,2024-02-16,2024-02-16,False
8669,11145,59,3895,,,,,,,,9,,2:46.68,,,,,153,True,Distance,59,541,329.5,F,False,2,2024-02-16,2024-02-16,False
8670,11146,59,2061,,,,,,,,13,,5:31.68,,,,,153,True,Distance,243,718,602.0,F,False,2,2024-02-16,2024-02-16,False
8671,11147,59,3895,,,,,,,,13,,5:49.67,,,,,153,True,Distance,149,618,458.0,F,False,2,2024-02-16,2024-02-16,False
8672,11148,59,4520,,,,,,,,13,,6:04.78,,,,,153,True,Distance,88,539,357.5,F,False,2,2024-02-16,2024-02-16,False
8673,11149,59,2773,,,,,,,,14,,11:47.43,,,,,153,True,Distance,146,628,460.0,F,False,2,2024-02-16,2024-02-16,False
8675,11151,59,3888,,3891.0,,3894.0,,3893.0,,24,,4:28.84,,,,,153,True,Relays,247,717,605.5,F,False,2,2024-02-16,2024-02-16,False
8676,11152,59,2061,,3895.0,,2773.0,,1673.0,,24,,4:59.96,,,,,153,True,Relays,78,524,340.0,F,False,2,2024-02-16,2024-02-16,False
8724,11200,167,2499,,,,,,,,14,,10:18.57,,,,,155,True,Distance,408,875,845.5,F,False,2,2024-02-16,2024-02-17,False
8747,11223,116,4529,,,,,,,,9,,2:48.69,,,,,157,True,Distance,46,519,305.5,F,False,2,2024-02-17,2024-02-17,False
8748,11224,116,294,,,,,,,,9,,2:56.35,,,,,157,True,Distance,11,439,230.5,F,False,2,2024-02-17,2024-02-17,False
8749,11225,116,285,,,,,,,,10,,3:17.56,,,,,157,True,Distance,205,708,559.0,F,False,2,2024-02-17,2024-02-17,False
8750,11226,116,297,,,,,,,,10,,3:55.12,,,,,157,True,Distance,2,384,194.0,F,False,2,2024-02-17,2024-02-17,False
8751,11227,116,291,,,,,,,,13,,5:42.74,,,,,157,True,Distance,183,655,510.5,F,False,2,2024-02-17,2024-02-17,False
8752,11228,116,445,,,,,,,,13,,5:49.86,,,,,157,True,Distance,148,616,456.0,F,False,2,2024-02-17,2024-02-17,False
8753,11229,116,4139,,,,,,,,13,,6:12.90,,,,,157,True,Distance,62,499,311.5,F,False,2,2024-02-17,2024-02-17,False
8754,11230,116,294,,,,,,,,13,,6:12.98,,,,,157,True,Distance,61,499,310.5,F,False,2,2024-02-17,2024-02-17,False
8755,11231,116,290,,,,,,,,13,,6:26.31,,,,,157,True,Distance,28,437,246.5,F,False,2,2024-02-17,2024-02-17,False
8756,11232,116,4139,,,,,,,,14,,12:44.59,,,,,157,True,Distance,47,490,292.0,F,False,2,2024-02-17,2024-02-17,False
8759,11235,116,4528,,3932.0,,3938.0,,3937.0,,24,,4:28.84,,,,,157,True,Relays,247,717,605.5,F,False,2,2024-02-17,2024-02-17,False
8760,11236,116,3933,,285.0,,291.0,,294.0,,24,,4:36.60,,,,,157,True,Relays,196,666,529.0,F,False,2,2024-02-17,2024-02-17,False
8761,11237,116,3935,,3933.0,,3934.0,,4526.0,,22,,1:57.86,,,,,157,True,Relays,213,731,578.5,F,False,2,2024-02-17,2024-02-17,False
9030,11568,56,235,,,,,,,,9,,2:33.27,,,,,161,True,Distance,186,701,536.5,F,False,2,2024-02-17,2024-02-17,False
9031,11569,56,3797,,,,,,,,9,,3:02.44,,,,,161,True,Distance,0,380,190.0,F,False,2,2024-02-17,2024-02-17,False
9032,11570,56,253,,,,,,,,14,,12:55.96,,,,,161,True,Distance,34,465,266.5,F,False,2,2024-02-17,2024-02-17,False
9037,11575,49,4598,,,,,,,,9,,2:39.41,,,,,161,True,Distance,119,625,431.5,F,False,2,2024-02-17,2024-02-17,False
9038,11576,49,2257,,,,,,,,9,,2:55.72,,,,,161,True,Distance,13,445,235.5,F,False,2,2024-02-17,2024-02-17,False
9039,11577,49,2246,,,,,,,,13,,5:57.74,,,,,161,True,Distance,115,575,402.5,F,False,2,2024-02-17,2024-02-17,False
9040,11578,49,2257,,,,,,,,13,,6:19.64,,,,,161,True,Distance,43,467,276.5,F,False,2,2024-02-17,2024-02-17,False
9043,11581,1,65,,,,,,,,13,,5:33.26,,,,,161,True,Distance,234,709,588.5,F,False,2,2024-02-17,2024-02-17,False
9044,11582,1,68,,,,,,,,13,,5:34.50,,,,,161,True,Distance,227,702,578.0,F,False,2,2024-02-17,2024-02-17,False
9045,11583,1,67,,,,,,,,13,,5:34.66,,,,,161,True,Distance,226,701,576.5,F,False,2,2024-02-17,2024-02-17,False
9046,11584,1,70,,,,,,,,13,,5:52.71,,,,,161,True,Distance,136,601,436.5,F,False,2,2024-02-17,2024-02-17,False
9047,11585,1,4601,,,,,,,,13,,6:07.75,,,,,161,True,Distance,78,524,340.0,F,False,2,2024-02-17,2024-02-17,False
9048,11586,1,245,,,,,,,,13,,6:05.18,,,,,161,True,Distance,87,537,355.5,F,False,2,2024-02-17,2024-02-17,False
9049,11587,1,86,,,,,,,,13,,6:05.43,,,,,161,True,Distance,86,536,354.0,F,False,2,2024-02-17,2024-02-17,False
9050,11588,1,3978,,,,,,,,13,,6:12.07,,,,,161,True,Distance,64,503,315.5,F,False,2,2024-02-17,2024-02-17,False
9051,11589,1,65,,,,,,,,14,,10:53.02,,,,,161,True,Distance,290,774,677.0,F,False,2,2024-02-17,2024-02-17,False
9052,11590,1,70,,,,,,,,14,,11:40.74,,,,,161,True,Distance,161,645,483.5,F,False,2,2024-02-17,2024-02-17,False
9053,11591,1,245,,,,,,,,14,,12:11.24,,,,,161,True,Distance,98,569,382.5,F,False,2,2024-02-17,2024-02-17,False
9057,11595,1,68,,4601.0,,70.0,,65.0,,24,,4:39.72,,,,,161,True,Relays,177,646,500.0,F,False,2,2024-02-17,2024-02-17,False
9058,11596,1,3975,,4600.0,,86.0,,4599.0,,24,,4:42.61,,,,,161,True,Relays,161,628,475.0,F,False,2,2024-02-17,2024-02-17,False
9133,11673,61,2242,,,,,,,,9,,2:32.18,,,,,162,True,Distance,199,715,556.5,F,False,2,2024-02-17,2024-02-17,False
9134,11674,61,1619,,,,,,,,9,,2:40.36,,,,,162,True,Distance,110,614,417.0,F,False,2,2024-02-17,2024-02-17,False
9135,11675,61,2244,,,,,,,,9,,2:43.22,,,,,162,True,Distance,85,580,375.0,F,False,2,2024-02-17,2024-02-17,False
9136,11676,61,4612,,,,,,,,9,,2:44.36,,,,,162,True,Distance,76,567,359.5,F,False,2,2024-02-17,2024-02-17,False
9137,11677,61,4613,,,,,,,,9,,2:44.62,,,,,162,True,Distance,74,564,356.0,F,False,2,2024-02-17,2024-02-17,False
9138,11678,61,4022,,,,,,,,9,,2:44.70,,,,,162,True,Distance,73,563,354.5,F,False,2,2024-02-17,2024-02-17,False
9139,11679,61,2254,,,,,,,,9,,2:46.41,,,,,162,True,Distance,61,544,333.0,F,False,2,2024-02-17,2024-02-17,False
9140,11680,61,4614,,,,,,,,9,,2:51.55,,,,,162,True,Distance,30,488,274.0,F,False,2,2024-02-17,2024-02-17,False
9141,11681,61,2238,,,,,,,,13,,5:22.61,,,,,162,True,Distance,299,771,684.5,F,False,2,2024-02-17,2024-02-17,False
9142,11682,61,2239,,,,,,,,13,,5:23.72,,,,,162,True,Distance,292,765,674.5,F,False,2,2024-02-17,2024-02-17,False
9143,11683,61,2241,,,,,,,,13,,5:29.78,,,,,162,True,Distance,254,729,618.5,F,False,2,2024-02-17,2024-02-17,False
9144,11684,61,3363,,,,,,,,13,,5:39.60,,,,,162,True,Distance,199,673,535.5,F,False,2,2024-02-17,2024-02-17,False
9145,11685,61,1619,,,,,,,,13,,5:56.23,,,,,162,True,Distance,121,583,412.5,F,False,2,2024-02-17,2024-02-17,False
9146,11686,61,4613,,,,,,,,13,,5:56.80,,,,,162,True,Distance,118,580,408.0,F,False,2,2024-02-17,2024-02-17,False
9147,11687,61,4612,,,,,,,,13,,5:57.67,,,,,162,True,Distance,115,575,402.5,F,False,2,2024-02-17,2024-02-17,False
9148,11688,61,2254,,,,,,,,13,,6:14.17,,,,,162,True,Distance,58,493,304.5,F,False,2,2024-02-17,2024-02-17,False
9149,11689,61,4614,,,,,,,,13,,6:15.01,,,,,162,True,Distance,56,489,300.5,F,False,2,2024-02-17,2024-02-17,False
9150,11690,61,2256,,,,,,,,13,,6:33.08,,,,,162,True,Distance,16,406,219.0,F,False,2,2024-02-17,2024-02-17,False
9151,11691,61,1621,,,,,,,,13,,7:20.59,,,,,162,True,Distance,0,226,113.0,F,False,2,2024-02-17,2024-02-17,False
9152,11692,61,2238,,,,,,,,14,,10:56.48,,,,,162,True,Distance,280,765,662.5,F,False,2,2024-02-17,2024-02-17,False
9153,11693,61,1621,,,,,,,,14,,14:14.34,,,,,162,True,Distance,0,309,154.5,F,False,2,2024-02-17,2024-02-17,False
9157,11697,61,4024,,4022.0,,4026.0,,2244.0,,24,,4:32.19,,,,,162,True,Relays,224,695,571.5,F,False,2,2024-02-17,2024-02-17,False
9158,11698,61,2252,,2256.0,,2242.0,,2249.0,,24,,4:42.31,,,,,162,True,Relays,162,630,477.0,F,False,2,2024-02-17,2024-02-17,False
9284,11824,188,807,,,,,,,,17,,18:39.41,,,,,166,True,Distance,298,793,694.5,F,False,2,2024-02-18,2024-02-18,False
9285,11825,174,2073,,,,,,,,17,,18:42.30,,,,,166,True,Distance,292,788,686.0,F,False,2,2024-02-18,2024-02-18,False
9287,11827,174,1759,,,,,,,,13,,5:46.31,,,,,166,True,Distance,165,636,483.0,F,False,2,2024-02-18,2024-02-18,False
9288,11828,174,1767,,,,,,,,13,,6:05.12,,,,,166,True,Distance,87,537,355.5,F,False,2,2024-02-18,2024-02-18,False
9291,11831,174,2084,,,,,,,,9,,2:36.81,,,,,166,True,Distance,145,657,473.5,F,False,2,2024-02-18,2024-02-18,False
9292,11832,174,1759,,,,,,,,9,,2:39.47,,,,,166,True,Distance,118,624,430.0,F,False,2,2024-02-18,2024-02-18,False
9309,11867,96,1454,,,,,,,,11,,5:30.00,,,,,167,True,Distance,122,590,417.0,F,False,2,2024-02-23,2024-02-23,False
9325,11864,96,4654,,,,,,,,11,,5:06.00,,,,,167,True,Distance,253,733,619.5,F,False,2,2024-02-23,2024-02-23,False
9326,11865,96,355,,,,,,,,11,,5:16.00,,,,,167,True,Distance,193,672,529.0,F,False,2,2024-02-23,2024-02-23,False
9327,11866,96,4655,,,,,,,,11,,5:20.00,,,,,167,True,Distance,171,648,495.0,F,False,2,2024-02-23,2024-02-23,False
9328,11868,96,358,,,,,,,,11,,5:37.00,,,,,167,True,Distance,93,552,369.0,F,False,2,2024-02-23,2024-02-23,False
9329,11869,96,4656,,,,,,,,11,,5:45.00,,,,,167,True,Distance,65,509,319.5,F,False,2,2024-02-23,2024-02-23,False
9330,11870,96,4657,,,,,,,,11,,6:20.00,,,,,167,True,Distance,1,342,172.0,F,False,2,2024-02-23,2024-02-23,False
9331,11871,96,3431,,,,,,,,11,,6:35.00,,,,,167,True,Distance,0,281,140.5,F,False,2,2024-02-23,2024-02-23,False
9344,11884,137,2381,,,,,,,,17,,19:08.00,,,,,168,True,Distance,247,747,620.5,F,False,2,2024-02-24,2024-02-24,False
9345,11885,164,4117,,,,,,,,17,,19:27.00,,,,,168,True,Distance,216,718,575.0,F,False,2,2024-02-24,2024-02-24,False
9346,11886,159,583,,,,,,,,17,,19:35.00,,,,,168,True,Distance,203,705,555.5,F,False,2,2024-02-24,2024-02-24,False
9347,11887,130,2698,,,,,,,,17,,19:39.00,,,,,168,True,Distance,197,699,546.5,F,False,2,2024-02-24,2024-02-24,False
9348,11888,164,574,,,,,,,,17,,19:50.00,,,,,168,True,Distance,181,683,522.5,F,False,2,2024-02-24,2024-02-24,False
9349,11889,164,573,,,,,,,,17,,19:56.00,,,,,168,True,Distance,172,674,509.0,F,False,2,2024-02-24,2024-02-24,False
9350,11890,165,386,,,,,,,,17,,20:25.00,,,,,168,True,Distance,134,631,449.5,F,False,2,2024-02-24,2024-02-24,False
9351,11891,164,3098,,,,,,,,17,,20:46.00,,,,,168,True,Distance,109,601,409.5,F,False,2,2024-02-24,2024-02-24,False
9352,11892,159,591,,,,,,,,17,,20:52.00,,,,,168,True,Distance,102,593,398.5,F,False,2,2024-02-24,2024-02-24,False
9353,11893,130,2394,,,,,,,,17,,21:09.00,,,,,168,True,Distance,84,569,368.5,F,False,2,2024-02-24,2024-02-24,False
9354,11894,138,599,,,,,,,,17,,21:12.00,,,,,168,True,Distance,81,565,363.5,F,False,2,2024-02-24,2024-02-24,False
9355,11895,158,2389,,,,,,,,17,,21:19.00,,,,,168,True,Distance,75,556,353.0,F,False,2,2024-02-24,2024-02-24,False
9356,11896,159,2700,,,,,,,,17,,21:29.00,,,,,168,True,Distance,66,542,337.0,F,False,2,2024-02-24,2024-02-24,False
9357,11897,159,619,,,,,,,,17,,21:33.00,,,,,168,True,Distance,62,537,330.5,F,False,2,2024-02-24,2024-02-24,False
9358,11898,137,4660,,,,,,,,17,,21:34.00,,,,,168,True,Distance,61,535,328.5,F,False,2,2024-02-24,2024-02-24,False
9359,11900,130,2385,,,,,,,,17,,21:49.00,,,,,168,True,Distance,49,516,307.0,F,False,2,2024-02-24,2024-02-24,False
9360,11902,158,2400,,,,,,,,17,,21:56.00,,,,,168,True,Distance,44,507,297.5,F,False,2,2024-02-24,2024-02-24,False
9361,11903,158,2404,,,,,,,,17,,22:22.00,,,,,168,True,Distance,27,474,264.0,F,False,2,2024-02-24,2024-02-24,False
9362,11905,130,4230,,,,,,,,17,,22:49.00,,,,,168,True,Distance,14,440,234.0,F,False,2,2024-02-24,2024-02-24,False
9363,11906,159,643,,,,,,,,17,,22:50.00,,,,,168,True,Distance,14,439,233.5,F,False,2,2024-02-24,2024-02-24,False
9364,11907,152,2431,,,,,,,,17,,29:08.00,,,,,168,True,Distance,0,102,51.0,F,False,2,2024-02-24,2024-02-24,False
9377,11920,138,607,,,,,,,,11,,4:51.74,,,,,168,True,Distance,353,825,765.5,F,False,2,2024-02-24,2024-02-24,False
9378,11921,169,4236,,,,,,,,11,,5:07.58,,,,,168,True,Distance,243,723,604.5,F,False,2,2024-02-24,2024-02-24,False
9379,11922,159,2160,,,,,,,,11,,5:08.52,,,,,168,True,Distance,237,717,595.5,F,False,2,2024-02-24,2024-02-24,False
9380,11923,166,3585,,,,,,,,11,,5:11.31,,,,,168,True,Distance,220,700,570.0,F,False,2,2024-02-24,2024-02-24,False
9381,11924,139,1458,,,,,,,,11,,5:12.24,,,,,168,True,Distance,215,695,562.5,F,False,2,2024-02-24,2024-02-24,False
9382,11925,166,3586,,,,,,,,11,,5:13.18,,,,,168,True,Distance,209,689,553.5,F,False,2,2024-02-24,2024-02-24,False
9383,11926,164,606,,,,,,,,11,,5:15.04,,,,,168,True,Distance,198,678,537.0,F,False,2,2024-02-24,2024-02-24,False
9384,11927,164,4114,,,,,,,,11,,5:17.84,,,,,168,True,Distance,183,661,513.5,F,False,2,2024-02-24,2024-02-24,False
9385,11928,166,3587,,,,,,,,11,,5:18.77,,,,,168,True,Distance,178,655,505.5,F,False,2,2024-02-24,2024-02-24,False
9386,11929,164,578,,,,,,,,11,,5:25.29,,,,,168,True,Distance,144,617,452.5,F,False,2,2024-02-24,2024-02-24,False
9387,11930,138,645,,,,,,,,11,,5:27.15,,,,,168,True,Distance,136,607,439.5,F,False,2,2024-02-24,2024-02-24,False
9388,11931,164,3002,,,,,,,,11,,5:28.09,,,,,168,True,Distance,131,601,431.5,F,False,2,2024-02-24,2024-02-24,False
9389,11932,137,623,,,,,,,,11,,5:29.02,,,,,168,True,Distance,127,596,425.0,F,False,2,2024-02-24,2024-02-24,False
9390,11933,158,4234,,,,,,,,11,,5:29.55,,,,,168,True,Distance,124,593,420.5,F,False,2,2024-02-24,2024-02-24,False
9391,11934,152,3103,,,,,,,,11,,5:29.95,,,,,168,True,Distance,123,591,418.5,F,False,2,2024-02-24,2024-02-24,False
9392,11935,137,628,,,,,,,,11,,5:39.27,,,,,168,True,Distance,84,539,353.5,F,False,2,2024-02-24,2024-02-24,False
9393,11936,137,4664,,,,,,,,11,,5:40.21,,,,,168,True,Distance,81,534,348.0,F,False,2,2024-02-24,2024-02-24,False
9394,11937,164,3116,,,,,,,,11,,5:46.73,,,,,168,True,Distance,59,500,309.0,F,False,2,2024-02-24,2024-02-24,False
9395,11938,138,601,,,,,,,,11,,5:47.15,,,,,168,True,Distance,58,498,307.0,F,False,2,2024-02-24,2024-02-24,False
9396,11939,138,4233,,,,,,,,11,,5:47.66,,,,,168,True,Distance,56,495,303.5,F,False,2,2024-02-24,2024-02-24,False
9397,11940,158,2401,,,,,,,,11,,5:49.53,,,,,168,True,Distance,51,486,294.0,F,False,2,2024-02-24,2024-02-24,False
9398,11941,137,588,,,,,,,,11,,5:50.46,,,,,168,True,Distance,48,481,288.5,F,False,2,2024-02-24,2024-02-24,False
9399,11942,158,4665,,,,,,,,11,,5:54.19,,,,,168,True,Distance,38,462,269.0,F,False,2,2024-02-24,2024-02-24,False
9400,11943,132,2705,,,,,,,,11,,5:54.19,,,,,168,True,Distance,38,462,269.0,F,False,2,2024-02-24,2024-02-24,False
9401,11944,158,2402,,,,,,,,11,,5:55.12,,,,,168,True,Distance,36,457,264.5,F,False,2,2024-02-24,2024-02-24,False
9402,11945,159,591,,,,,,,,11,,5:57.92,,,,,168,True,Distance,29,444,251.0,F,False,2,2024-02-24,2024-02-24,False
9403,11946,159,2712,,,,,,,,11,,5:58.85,,,,,168,True,Distance,27,439,246.5,F,False,2,2024-02-24,2024-02-24,False
9404,11947,137,633,,,,,,,,11,,5:59.78,,,,,168,True,Distance,25,435,242.5,F,False,2,2024-02-24,2024-02-24,False
9405,11948,138,2411,,,,,,,,11,,6:03.51,,,,,168,True,Distance,18,417,226.5,F,False,2,2024-02-24,2024-02-24,False
9406,11949,130,4666,,,,,,,,11,,6:03.51,,,,,168,True,Distance,18,417,226.5,F,False,2,2024-02-24,2024-02-24,False
9407,11950,158,2410,,,,,,,,11,,6:04.44,,,,,168,True,Distance,17,412,223.0,F,False,2,2024-02-24,2024-02-24,False
9408,11951,165,388,,,,,,,,11,,6:06.30,,,,,168,True,Distance,14,404,216.0,F,False,2,2024-02-24,2024-02-24,False
9409,11952,159,4667,,,,,,,,11,,6:07.24,,,,,168,True,Distance,12,399,211.5,F,False,2,2024-02-24,2024-02-24,False
9410,11953,159,646,,,,,,,,11,,6:08.17,,,,,168,True,Distance,11,395,208.5,F,False,2,2024-02-24,2024-02-24,False
9411,11904,139,1497,,,,,,,,17,,22:45.00,,,,,168,True,Distance,16,445,238.5,F,False,2,2024-02-24,2024-02-24,False
9412,11899,160,1022,,,,,,,,17,,21:34.57,,,,,168,True,Distance,61,535,328.5,F,False,2,2024-02-24,2024-02-24,False
9413,11954,158,2416,,,,,,,,11,,6:10.03,,,,,168,True,Distance,9,387,202.5,F,False,2,2024-02-24,2024-02-24,False
9414,11957,130,2708,,,,,,,,11,,6:14.69,,,,,168,True,Distance,4,366,187.0,F,False,2,2024-02-24,2024-02-24,False
9415,11958,158,4251,,,,,,,,11,,6:16.56,,,,,168,True,Distance,2,357,180.5,F,False,2,2024-02-24,2024-02-24,False
9416,11959,159,619,,,,,,,,11,,6:16.56,,,,,168,True,Distance,2,357,180.5,F,False,2,2024-02-24,2024-02-24,False
9417,11960,159,4669,,,,,,,,11,,6:18.42,,,,,168,True,Distance,1,349,175.5,F,False,2,2024-02-24,2024-02-24,False
9418,11961,139,2716,,,,,,,,11,,6:19.35,,,,,168,True,Distance,1,345,173.5,F,False,2,2024-02-24,2024-02-24,False
9420,11963,158,2412,,,,,,,,11,,6:28.67,,,,,168,True,Distance,0,306,153.0,F,False,2,2024-02-24,2024-02-24,False
9421,11964,144,4670,,,,,,,,11,,6:33.33,,,,,168,True,Distance,0,288,144.0,F,False,2,2024-02-24,2024-02-24,False
9422,11965,144,4671,,,,,,,,11,,6:34.27,,,,,168,True,Distance,0,284,142.0,F,False,2,2024-02-24,2024-02-24,False
9423,11966,160,4672,,,,,,,,11,,6:35.19,,,,,168,True,Distance,0,280,140.0,F,False,2,2024-02-24,2024-02-24,False
9424,11967,130,4673,,,,,,,,11,,6:37.06,,,,,168,True,Distance,0,273,136.5,F,False,2,2024-02-24,2024-02-24,False
9425,11968,138,2424,,,,,,,,11,,6:38.92,,,,,168,True,Distance,0,266,133.0,F,False,2,2024-02-24,2024-02-24,False
9426,11969,158,2421,,,,,,,,11,,6:39.77,,,,,168,True,Distance,0,263,131.5,F,False,2,2024-02-24,2024-02-24,False
9427,11970,158,2428,,,,,,,,11,,6:41.72,,,,,168,True,Distance,0,256,128.0,F,False,2,2024-02-24,2024-02-24,False
9428,11971,136,4674,,,,,,,,11,,6:49.18,,,,,168,True,Distance,0,229,114.5,F,False,2,2024-02-24,2024-02-24,False
9429,11972,158,4252,,,,,,,,11,,7:12.48,,,,,168,True,Distance,0,154,77.0,F,False,2,2024-02-24,2024-02-24,False
9430,11973,158,2430,,,,,,,,11,,7:21.80,,,,,168,True,Distance,0,129,64.5,F,False,2,2024-02-24,2024-02-24,False
9431,11974,169,4675,,,,,,,,11,,8:10.27,,,,,168,True,Distance,0,33,16.5,F,False,2,2024-02-24,2024-02-24,False
9450,11993,130,4231,,,,,,,,9,,2:27.79,,,,,168,True,Distance,258,772,644.0,F,False,2,2024-02-24,2024-02-24,False
9451,11994,164,620,,,,,,,,9,,2:28.09,,,,,168,True,Distance,254,768,638.0,F,False,2,2024-02-24,2024-02-24,False
9452,11995,158,2388,,,,,,,,9,,2:29.13,,,,,168,True,Distance,239,754,616.0,F,False,2,2024-02-24,2024-02-24,False
9453,11996,159,4682,,,,,,,,9,,2:32.19,,,,,168,True,Distance,199,714,556.0,F,False,2,2024-02-24,2024-02-24,False
9454,11998,164,595,,,,,,,,9,,2:34.24,,,,,168,True,Distance,174,688,518.0,F,False,2,2024-02-24,2024-02-24,False
9455,11999,166,3586,,,,,,,,9,,2:35.49,,,,,168,True,Distance,160,673,496.5,F,False,2,2024-02-24,2024-02-24,False
9456,12000,166,3587,,,,,,,,9,,2:35.84,,,,,168,True,Distance,156,669,490.5,F,False,2,2024-02-24,2024-02-24,False
9457,12001,152,3103,,,,,,,,9,,2:36.70,,,,,168,True,Distance,147,658,476.0,F,False,2,2024-02-24,2024-02-24,False
9458,12002,158,2403,,,,,,,,9,,2:37.27,,,,,168,True,Distance,140,651,465.5,F,False,2,2024-02-24,2024-02-24,False
9459,12003,166,4683,,,,,,,,9,,2:37.56,,,,,168,True,Distance,137,647,460.5,F,False,2,2024-02-24,2024-02-24,False
9460,12004,159,4285,,,,,,,,9,,2:38.56,,,,,168,True,Distance,127,635,444.5,F,False,2,2024-02-24,2024-02-24,False
9461,12005,159,590,,,,,,,,9,,2:42.85,,,,,168,True,Distance,88,585,380.5,F,False,2,2024-02-24,2024-02-24,False
9462,12006,158,4234,,,,,,,,9,,2:43.59,,,,,168,True,Distance,82,576,370.0,F,False,2,2024-02-24,2024-02-24,False
9463,12007,164,606,,,,,,,,9,,2:44.22,,,,,168,True,Distance,77,569,361.5,F,False,2,2024-02-24,2024-02-24,False
9464,12008,165,390,,,,,,,,9,,2:47.24,,,,,168,True,Distance,55,535,322.5,F,False,2,2024-02-24,2024-02-24,False
9465,12009,139,4684,,,,,,,,9,,2:48.53,,,,,168,True,Distance,47,521,307.5,F,False,2,2024-02-24,2024-02-24,False
9466,12010,159,4278,,,,,,,,9,,2:48.87,,,,,168,True,Distance,45,517,303.5,F,False,2,2024-02-24,2024-02-24,False
9467,12011,159,2163,,,,,,,,9,,2:50.03,,,,,168,True,Distance,38,504,290.0,F,False,2,2024-02-24,2024-02-24,False
9468,12012,138,4676,,,,,,,,9,,2:50.41,,,,,168,True,Distance,36,500,286.0,F,False,2,2024-02-24,2024-02-24,False
9469,12013,159,650,,,,,,,,9,,2:53.89,,,,,168,True,Distance,20,464,252.0,F,False,2,2024-02-24,2024-02-24,False
9470,12014,159,4667,,,,,,,,9,,2:54.07,,,,,168,True,Distance,19,462,250.0,F,False,2,2024-02-24,2024-02-24,False
9471,12016,132,603,,,,,,,,9,,2:54.97,,,,,168,True,Distance,16,453,242.5,F,False,2,2024-02-24,2024-02-24,False
9472,12017,138,4233,,,,,,,,9,,2:55.21,,,,,168,True,Distance,15,450,240.0,F,False,2,2024-02-24,2024-02-24,False
9473,12019,158,2410,,,,,,,,9,,2:55.72,,,,,168,True,Distance,13,445,235.5,F,False,2,2024-02-24,2024-02-24,False
9474,12020,139,4680,,,,,,,,9,,3:01.60,,,,,168,True,Distance,1,388,195.0,F,False,2,2024-02-24,2024-02-24,False
9475,12021,164,4115,,,,,,,,9,,3:02.30,,,,,168,True,Distance,0,381,190.5,F,False,2,2024-02-24,2024-02-24,False
9476,12022,159,646,,,,,,,,9,,3:02.59,,,,,168,True,Distance,0,379,189.5,F,False,2,2024-02-24,2024-02-24,False
9477,12023,137,588,,,,,,,,9,,3:03.50,,,,,168,True,Distance,0,370,185.0,F,False,2,2024-02-24,2024-02-24,False
9478,12024,169,2420,,,,,,,,9,,3:04.30,,,,,168,True,Distance,0,363,181.5,F,False,2,2024-02-24,2024-02-24,False
9479,12025,158,2402,,,,,,,,9,,3:11.28,,,,,168,True,Distance,0,302,151.0,F,False,2,2024-02-24,2024-02-24,False
9480,12026,139,4681,,,,,,,,9,,3:13.81,,,,,168,True,Distance,0,281,140.5,F,False,2,2024-02-24,2024-02-24,False
9481,12027,130,2722,,,,,,,,9,,3:15.02,,,,,168,True,Distance,0,272,136.0,F,False,2,2024-02-24,2024-02-24,False
9482,12028,139,4686,,,,,,,,9,,3:17.64,,,,,168,True,Distance,0,251,125.5,F,False,2,2024-02-24,2024-02-24,False
9483,12029,152,4687,,,,,,,,9,,3:27.53,,,,,168,True,Distance,0,182,91.0,F,False,2,2024-02-24,2024-02-24,False
9514,12015,139,5391,,,,,,,,9,,2:54.83,,,,,168,True,Distance,16,454,243.0,F,False,2,2024-02-24,2024-02-24,False
9515,11955,164,641,,,,,,,,11,,6:13.76,,,,,168,True,Distance,5,370,190.0,F,False,2,2024-02-24,2024-02-24,False
9516,11956,138,631,,,,,,,,11,,6:14.69,,,,,168,True,Distance,4,366,187.0,F,False,2,2024-02-24,2024-02-24,False
9555,12100,158,4665,,,,,,,,17,,17:37.00,,,,,168,True,Distance,425,897,873.5,F,False,2,2024-02-24,2024-02-24,False
9832,12383,61,4016,,4754.0,,4023.0,,4029.0,,24,,4:05.89,,,,,169,True,Relays,433,878,872.0,F,False,2,2024-02-24,2024-02-24,False
9833,12384,124,3317,,3818.0,,1945.0,,1930.0,,24,,4:19.21,,,,,169,True,Relays,319,783,710.5,F,False,2,2024-02-24,2024-02-24,False
9834,12385,56,4105,,4106.0,,4755.0,,235.0,,24,,4:23.09,,,,,169,True,Relays,289,756,667.0,F,False,2,2024-02-24,2024-02-24,False
9835,12386,56,3796,,246.0,,3366.0,,3563.0,,24,,4:25.81,,,,,169,True,Relays,269,737,637.5,F,False,2,2024-02-24,2024-02-24,False
9836,12387,61,4022,,4026.0,,2245.0,,2242.0,,24,,4:36.02,,,,,169,True,Relays,200,670,535.0,F,False,2,2024-02-24,2024-02-24,False
9837,12389,127,3617,,85.0,,4757.0,,4758.0,,24,,4:53.97,,,,,169,True,Relays,103,559,382.5,F,False,2,2024-02-24,2024-02-24,False
9838,12390,117,234,,3977.0,,3972.0,,243.0,,24,,4:59.23,,,,,169,True,Relays,81,529,345.5,F,False,2,2024-02-24,2024-02-24,False
9839,12391,44,2206,,2208.0,,2204.0,,4759.0,,24,,5:09.45,,,,,169,True,Relays,45,472,281.0,F,False,2,2024-02-24,2024-02-24,False
9840,12392,61,4760,,4761.0,,4031.0,,4762.0,,24,,5:11.12,,,,,169,True,Relays,40,463,271.5,F,False,2,2024-02-24,2024-02-24,False
9841,12393,56,3382,,3364.0,,3368.0,,233.0,,24,,5:11.30,,,,,169,True,Relays,40,462,271.0,F,False,2,2024-02-24,2024-02-24,False
9842,12394,60,4763,,4764.0,,4765.0,,3360.0,,24,,5:12.74,,,,,169,True,Relays,36,454,263.0,F,False,2,2024-02-24,2024-02-24,False
9843,12395,111,295,,302.0,,304.0,,4766.0,,24,,5:15.45,,,,,169,True,Relays,29,440,249.0,F,False,2,2024-02-24,2024-02-24,False
9844,12396,107,1935,,4767.0,,4768.0,,1936.0,,24,,5:17.63,,,,,169,True,Relays,24,428,238.0,F,False,2,2024-02-24,2024-02-24,False
9845,12397,56,4769,,2188.0,,3370.0,,4770.0,,24,,5:17.65,,,,,169,True,Relays,24,428,238.0,F,False,2,2024-02-24,2024-02-24,False
9846,12398,59,4748,,4520.0,,1667.0,,4771.0,,24,,5:18.88,,,,,169,True,Relays,21,422,232.0,F,False,2,2024-02-24,2024-02-24,False
9847,12399,116,294,,4140.0,,442.0,,291.0,,24,,5:29.60,,,,,169,True,Relays,5,369,189.5,F,False,2,2024-02-24,2024-02-24,False
9848,12400,104,4772,,1987.0,,1983.0,,2832.0,,24,,5:29.67,,,,,169,True,Relays,5,369,189.5,F,False,2,2024-02-24,2024-02-24,False
9849,12401,116,4773,,282.0,,284.0,,448.0,,24,,5:30.39,,,,,169,True,Relays,4,365,186.5,F,False,2,2024-02-24,2024-02-24,False
9850,12402,120,307,,4740.0,,306.0,,4774.0,,24,,5:33.02,,,,,169,True,Relays,2,353,178.5,F,False,2,2024-02-24,2024-02-24,False
9851,12403,59,2061,,4775.0,,2062.0,,1673.0,,24,,5:33.78,,,,,169,True,Relays,1,349,175.5,F,False,2,2024-02-24,2024-02-24,False
9852,12405,117,4778,,4092.0,,69.0,,1970.0,,24,,5:42.30,,,,,169,True,Relays,0,311,155.5,F,False,2,2024-02-24,2024-02-24,False
9853,12406,44,2207,,2203.0,,4129.0,,4779.0,,24,,5:47.26,,,,,169,True,Relays,0,289,144.5,F,False,2,2024-02-24,2024-02-24,False
9854,12408,58,2992,,3921.0,,263.0,,4782.0,,24,,5:49.76,,,,,169,True,Relays,0,279,139.5,F,False,2,2024-02-24,2024-02-24,False
9855,12409,116,3932,,4527.0,,4783.0,,4784.0,,24,,5:52.80,,,,,169,True,Relays,0,266,133.0,F,False,2,2024-02-24,2024-02-24,False
9856,12410,36,4785,,4786.0,,4749.0,,4787.0,,24,,6:00.86,,,,,169,True,Relays,0,234,117.0,F,False,2,2024-02-24,2024-02-24,False
9857,12411,36,4751,,4788.0,,4752.0,,4789.0,,24,,6:25.43,,,,,169,True,Relays,0,150,75.0,F,False,2,2024-02-24,2024-02-24,False
9858,12412,61,4025,,,,,,,,13,,5:20.70,,,,,169,True,Distance,312,783,703.5,F,False,2,2024-02-24,2024-02-24,False
9859,12413,1,65,,,,,,,,13,,5:26.24,,,,,169,True,Distance,276,750,651.0,F,False,2,2024-02-24,2024-02-24,False
9860,12414,1,67,,,,,,,,13,,5:26.44,,,,,169,True,Distance,275,748,649.0,F,False,2,2024-02-24,2024-02-24,False
9861,12415,56,246,,,,,,,,13,,5:27.20,,,,,169,True,Distance,270,744,642.0,F,False,2,2024-02-24,2024-02-24,False
9862,12416,124,3822,,,,,,,,13,,5:27.47,,,,,169,True,Distance,268,742,639.0,F,False,2,2024-02-24,2024-02-24,False
9863,12417,124,1930,,,,,,,,13,,5:27.99,,,,,169,True,Distance,265,739,634.5,F,False,2,2024-02-24,2024-02-24,False
9864,12418,124,1967,,,,,,,,13,,5:28.83,,,,,169,True,Distance,260,734,627.0,F,False,2,2024-02-24,2024-02-24,False
9865,12419,124,1926,,,,,,,,13,,5:32.40,,,,,169,True,Distance,239,714,596.0,F,False,2,2024-02-24,2024-02-24,False
9866,12420,59,2061,,,,,,,,13,,5:32.66,,,,,169,True,Distance,237,712,593.0,F,False,2,2024-02-24,2024-02-24,False
9867,12421,61,3363,,,,,,,,13,,5:32.84,,,,,169,True,Distance,236,711,591.5,F,False,2,2024-02-24,2024-02-24,False
9868,12422,1,68,,,,,,,,13,,5:34.63,,,,,169,True,Distance,226,701,576.5,F,False,2,2024-02-24,2024-02-24,False
9869,12423,56,3366,,,,,,,,13,,5:36.14,,,,,169,True,Distance,218,692,564.0,F,False,2,2024-02-24,2024-02-24,False
9870,12424,56,233,,,,,,,,13,,5:36.60,,,,,169,True,Distance,215,690,560.0,F,False,2,2024-02-24,2024-02-24,False
9871,12425,116,442,,,,,,,,13,,5:37.61,,,,,169,True,Distance,210,684,552.0,F,False,2,2024-02-24,2024-02-24,False
9872,12426,116,291,,,,,,,,13,,5:37.63,,,,,169,True,Distance,210,684,552.0,F,False,2,2024-02-24,2024-02-24,False
9873,12427,60,3360,,,,,,,,13,,5:38.12,,,,,169,True,Distance,207,681,547.5,F,False,2,2024-02-24,2024-02-24,False
9874,12428,1,70,,,,,,,,13,,5:39.11,,,,,169,True,Distance,202,675,539.5,F,False,2,2024-02-24,2024-02-24,False
9875,12429,117,239,,,,,,,,13,,5:39.47,,,,,169,True,Distance,200,673,536.5,F,False,2,2024-02-24,2024-02-24,False
9876,12430,61,2239,,,,,,,,13,,5:40.12,,,,,169,True,Distance,196,670,531.0,F,False,2,2024-02-24,2024-02-24,False
9877,12431,56,4790,,,,,,,,13,,5:40.26,,,,,169,True,Distance,196,669,530.5,F,False,2,2024-02-24,2024-02-24,False
9878,12432,117,3968,,,,,,,,13,,5:43.11,,,,,169,True,Distance,181,653,507.5,F,False,2,2024-02-24,2024-02-24,False
9879,12433,60,3359,,,,,,,,13,,5:44.06,,,,,169,True,Distance,176,648,500.0,F,False,2,2024-02-24,2024-02-24,False
9880,12434,117,231,,,,,,,,13,,5:44.25,,,,,169,True,Distance,175,647,498.5,F,False,2,2024-02-24,2024-02-24,False
9881,12435,116,283,,,,,,,,13,,5:44.79,,,,,169,True,Distance,172,644,494.0,F,False,2,2024-02-24,2024-02-24,False
9882,12436,107,1936,,,,,,,,13,,5:45.13,,,,,169,True,Distance,171,642,492.0,F,False,2,2024-02-24,2024-02-24,False
9883,12437,61,2245,,,,,,,,13,,5:48.14,,,,,169,True,Distance,156,626,469.0,F,False,2,2024-02-24,2024-02-24,False
9884,12438,56,240,,,,,,,,13,,5:49.87,,,,,169,True,Distance,148,616,456.0,F,False,2,2024-02-24,2024-02-24,False
9885,12439,44,2203,,,,,,,,13,,5:50.41,,,,,169,True,Distance,146,614,453.0,F,False,2,2024-02-24,2024-02-24,False
9886,12440,124,1948,,,,,,,,13,,5:50.49,,,,,169,True,Distance,146,613,452.5,F,False,2,2024-02-24,2024-02-24,False
9887,12441,61,2774,,,,,,,,13,,5:50.78,,,,,169,True,Distance,144,612,450.0,F,False,2,2024-02-24,2024-02-24,False
9888,12442,116,294,,,,,,,,13,,5:51.32,,,,,169,True,Distance,142,609,446.5,F,False,2,2024-02-24,2024-02-24,False
9889,12443,127,4758,,,,,,,,13,,5:51.58,,,,,169,True,Distance,141,607,444.5,F,False,2,2024-02-24,2024-02-24,False
9890,12444,61,4612,,,,,,,,13,,5:51.70,,,,,169,True,Distance,140,607,443.5,F,False,2,2024-02-24,2024-02-24,False
9891,12445,117,234,,,,,,,,13,,5:52.67,,,,,169,True,Distance,136,602,437.0,F,False,2,2024-02-24,2024-02-24,False
9892,12446,59,4520,,,,,,,,13,,5:53.94,,,,,169,True,Distance,130,595,427.5,F,False,2,2024-02-24,2024-02-24,False
9893,12447,61,2247,,,,,,,,13,,5:56.09,,,,,169,True,Distance,121,584,413.0,F,False,2,2024-02-24,2024-02-24,False
9894,12448,116,284,,,,,,,,13,,5:56.13,,,,,169,True,Distance,121,583,412.5,F,False,2,2024-02-24,2024-02-24,False
9895,12449,61,1619,,,,,,,,13,,5:57.75,,,,,169,True,Distance,115,575,402.5,F,False,2,2024-02-24,2024-02-24,False
9896,12450,61,4613,,,,,,,,13,,5:57.81,,,,,169,True,Distance,114,575,401.5,F,False,2,2024-02-24,2024-02-24,False
9897,12451,124,1953,,,,,,,,13,,5:58.38,,,,,169,True,Distance,112,572,398.0,F,False,2,2024-02-24,2024-02-24,False
9898,12452,124,1957,,,,,,,,13,,5:58.75,,,,,169,True,Distance,111,570,396.0,F,False,2,2024-02-24,2024-02-24,False
9899,12453,104,2832,,,,,,,,13,,5:59.19,,,,,169,True,Distance,109,567,392.5,F,False,2,2024-02-24,2024-02-24,False
9900,12454,1,75,,,,,,,,13,,5:59.53,,,,,169,True,Distance,107,566,390.0,F,False,2,2024-02-24,2024-02-24,False
9901,12455,124,1952,,,,,,,,13,,6:03.31,,,,,169,True,Distance,93,546,366.0,F,False,2,2024-02-24,2024-02-24,False
9902,12456,49,4598,,,,,,,,13,,6:03.85,,,,,169,True,Distance,91,544,363.0,F,False,2,2024-02-24,2024-02-24,False
9903,12457,1,4601,,,,,,,,13,,6:04.30,,,,,169,True,Distance,90,541,360.5,F,False,2,2024-02-24,2024-02-24,False
9904,12458,61,4027,,,,,,,,13,,6:04.41,,,,,169,True,Distance,89,541,359.5,F,False,2,2024-02-24,2024-02-24,False
9905,12459,60,3375,,,,,,,,13,,6:05.06,,,,,169,True,Distance,87,538,356.0,F,False,2,2024-02-24,2024-02-24,False
9906,12460,108,2232,,,,,,,,13,,6:05.71,,,,,169,True,Distance,85,534,352.0,F,False,2,2024-02-24,2024-02-24,False
9907,12461,58,2992,,,,,,,,13,,6:07.22,,,,,169,True,Distance,80,527,343.5,F,False,2,2024-02-24,2024-02-24,False
9908,12462,59,2773,,,,,,,,13,,6:07.81,,,,,169,True,Distance,78,524,340.0,F,False,2,2024-02-24,2024-02-24,False
9909,12463,36,4749,,,,,,,,13,,6:07.98,,,,,169,True,Distance,77,523,338.5,F,False,2,2024-02-24,2024-02-24,False
9910,12464,62,244,,,,,,,,13,,6:08.08,,,,,169,True,Distance,77,523,338.5,F,False,2,2024-02-24,2024-02-24,False
9911,12465,117,4092,,,,,,,,13,,6:09.80,,,,,169,True,Distance,71,514,328.0,F,False,2,2024-02-24,2024-02-24,False
9912,12466,117,3979,,,,,,,,13,,6:10.22,,,,,169,True,Distance,70,512,326.0,F,False,2,2024-02-24,2024-02-24,False
9913,12467,49,2257,,,,,,,,13,,6:12.28,,,,,169,True,Distance,64,502,315.0,F,False,2,2024-02-24,2024-02-24,False
9914,12468,61,4791,,,,,,,,13,,6:12.28,,,,,169,True,Distance,64,502,315.0,F,False,2,2024-02-24,2024-02-24,False
9915,12469,107,2830,,,,,,,,13,,6:12.69,,,,,169,True,Distance,62,500,312.0,F,False,2,2024-02-24,2024-02-24,False
9916,12470,44,2204,,,,,,,,13,,6:13.56,,,,,169,True,Distance,60,496,308.0,F,False,2,2024-02-24,2024-02-24,False
9917,12471,56,4454,,,,,,,,13,,6:13.57,,,,,169,True,Distance,60,496,308.0,F,False,2,2024-02-24,2024-02-24,False
9918,12472,108,3980,,,,,,,,13,,6:13.89,,,,,169,True,Distance,59,494,306.0,F,False,2,2024-02-24,2024-02-24,False
9919,12473,108,2229,,,,,,,,13,,6:14.55,,,,,169,True,Distance,57,491,302.5,F,False,2,2024-02-24,2024-02-24,False
9920,12474,61,4614,,,,,,,,13,,6:14.99,,,,,169,True,Distance,56,489,300.5,F,False,2,2024-02-24,2024-02-24,False
9921,12475,56,3368,,,,,,,,13,,6:16.27,,,,,169,True,Distance,52,483,293.5,F,False,2,2024-02-24,2024-02-24,False
9922,12476,56,253,,,,,,,,13,,6:17.04,,,,,169,True,Distance,50,479,289.5,F,False,2,2024-02-24,2024-02-24,False
9923,12477,111,4766,,,,,,,,13,,6:19.15,,,,,169,True,Distance,45,469,279.5,F,False,2,2024-02-24,2024-02-24,False
9924,12478,61,4792,,,,,,,,13,,6:20.95,,,,,169,True,Distance,40,461,270.5,F,False,2,2024-02-24,2024-02-24,False
9925,12479,62,4793,,,,,,,,13,,6:21.56,,,,,169,True,Distance,39,458,268.0,F,False,2,2024-02-24,2024-02-24,False
9926,12480,120,4774,,,,,,,,13,,6:21.99,,,,,169,True,Distance,38,456,266.0,F,False,2,2024-02-24,2024-02-24,False
9927,12481,61,4794,,,,,,,,13,,6:23.50,,,,,169,True,Distance,34,449,258.5,F,False,2,2024-02-24,2024-02-24,False
9928,12482,61,4795,,,,,,,,13,,6:24.13,,,,,169,True,Distance,33,446,256.0,F,False,2,2024-02-24,2024-02-24,False
9929,12483,61,2254,,,,,,,,13,,6:24.71,,,,,169,True,Distance,32,444,254.0,F,False,2,2024-02-24,2024-02-24,False
9930,12484,117,238,,,,,,,,13,,6:24.96,,,,,169,True,Distance,31,443,252.5,F,False,2,2024-02-24,2024-02-24,False
9931,12485,117,237,,,,,,,,13,,6:26.94,,,,,169,True,Distance,27,434,244.0,F,False,2,2024-02-24,2024-02-24,False
9932,12486,117,264,,,,,,,,13,,6:30.34,,,,,169,True,Distance,21,419,230.5,F,False,2,2024-02-24,2024-02-24,False
9933,12487,44,4129,,,,,,,,13,,6:36.23,,,,,169,True,Distance,12,393,208.5,F,False,2,2024-02-24,2024-02-24,False
9934,12488,61,4796,,,,,,,,13,,6:36.34,,,,,169,True,Distance,12,392,208.0,F,False,2,2024-02-24,2024-02-24,False
9935,12489,124,1962,,,,,,,,13,,6:36.62,,,,,169,True,Distance,11,391,206.5,F,False,2,2024-02-24,2024-02-24,False
9936,12490,111,302,,,,,,,,13,,6:38.73,,,,,169,True,Distance,9,382,200.0,F,False,2,2024-02-24,2024-02-24,False
9937,12491,44,2207,,,,,,,,13,,6:38.81,,,,,169,True,Distance,9,382,200.0,F,False,2,2024-02-24,2024-02-24,False
9938,12492,58,263,,,,,,,,13,,6:40.01,,,,,169,True,Distance,7,377,195.5,F,False,2,2024-02-24,2024-02-24,False
9939,12493,60,3379,,,,,,,,13,,6:40.40,,,,,169,True,Distance,7,375,194.5,F,False,2,2024-02-24,2024-02-24,False
9940,12494,124,2838,,,,,,,,13,,6:42.47,,,,,169,True,Distance,5,367,188.5,F,False,2,2024-02-24,2024-02-24,False
9941,12495,43,87,,,,,,,,13,,6:43.56,,,,,169,True,Distance,4,362,185.0,F,False,2,2024-02-24,2024-02-24,False
9942,12496,61,4797,,,,,,,,13,,6:46.19,,,,,169,True,Distance,2,351,177.5,F,False,2,2024-02-24,2024-02-24,False
9943,12497,104,1983,,,,,,,,13,,6:48.43,,,,,169,True,Distance,1,342,172.0,F,False,2,2024-02-24,2024-02-24,False
9944,12498,117,4798,,,,,,,,13,,6:48.61,,,,,169,True,Distance,1,342,172.0,F,False,2,2024-02-24,2024-02-24,False
9945,12499,111,304,,,,,,,,13,,6:50.56,,,,,169,True,Distance,0,334,167.0,F,False,2,2024-02-24,2024-02-24,False
9946,12500,59,2062,,,,,,,,13,,6:51.24,,,,,169,True,Distance,0,331,165.5,F,False,2,2024-02-24,2024-02-24,False
9947,12501,60,4799,,,,,,,,13,,6:57.83,,,,,169,True,Distance,0,306,153.0,F,False,2,2024-02-24,2024-02-24,False
9948,12502,108,3322,,,,,,,,13,,7:05.75,,,,,169,True,Distance,0,277,138.5,F,False,2,2024-02-24,2024-02-24,False
9949,12503,107,4768,,,,,,,,13,,7:09.00,,,,,169,True,Distance,0,265,132.5,F,False,2,2024-02-24,2024-02-24,False
9950,12504,58,4800,,,,,,,,13,,7:17.58,,,,,169,True,Distance,0,236,118.0,F,False,2,2024-02-24,2024-02-24,False
9951,12505,61,1621,,,,,,,,13,,7:21.46,,,,,169,True,Distance,0,223,111.5,F,False,2,2024-02-24,2024-02-24,False
9952,12506,127,4801,,,,,,,,13,,7:45.91,,,,,169,True,Distance,0,151,75.5,F,False,2,2024-02-24,2024-02-24,False
9953,12507,36,4788,,,,,,,,13,,8:20.28,,,,,169,True,Distance,0,74,37.0,F,False,2,2024-02-24,2024-02-24,False
9954,12508,61,4025,,,,,,,,14,,10:37.05,,,,,169,True,Distance,342,820,752.0,F,False,2,2024-02-24,2024-02-24,False
9955,12509,56,2187,,,,,,,,14,,10:42.65,,,,,169,True,Distance,324,804,726.0,F,False,2,2024-02-24,2024-02-24,False
9956,12510,111,4153,,,,,,,,14,,10:46.62,,,,,169,True,Distance,311,793,707.5,F,False,2,2024-02-24,2024-02-24,False
9957,12511,61,2241,,,,,,,,14,,10:51.59,,,,,169,True,Distance,295,778,684.0,F,False,2,2024-02-24,2024-02-24,False
9958,12512,56,233,,,,,,,,14,,10:51.73,,,,,169,True,Distance,294,778,683.0,F,False,2,2024-02-24,2024-02-24,False
9959,12513,60,3359,,,,,,,,14,,10:51.74,,,,,169,True,Distance,294,778,683.0,F,False,2,2024-02-24,2024-02-24,False
9960,12514,116,282,,,,,,,,14,,10:54.07,,,,,169,True,Distance,287,771,672.5,F,False,2,2024-02-24,2024-02-24,False
9961,12515,117,231,,,,,,,,14,,10:57.97,,,,,169,True,Distance,275,760,655.0,F,False,2,2024-02-24,2024-02-24,False
9962,12516,117,234,,,,,,,,14,,10:59.78,,,,,169,True,Distance,270,755,647.5,F,False,2,2024-02-24,2024-02-24,False
9963,12517,116,442,,,,,,,,14,,10:59.79,,,,,169,True,Distance,270,755,647.5,F,False,2,2024-02-24,2024-02-24,False
9964,12518,108,2229,,,,,,,,14,,11:07.57,,,,,169,True,Distance,247,734,614.0,F,False,2,2024-02-24,2024-02-24,False
9965,12519,124,1931,,,,,,,,14,,11:08.48,,,,,169,True,Distance,244,731,609.5,F,False,2,2024-02-24,2024-02-24,False
9966,12520,116,285,,,,,,,,14,,11:15.68,,,,,169,True,Distance,224,711,579.5,F,False,2,2024-02-24,2024-02-24,False
9967,12521,61,2239,,,,,,,,14,,11:19.12,,,,,169,True,Distance,215,702,566.0,F,False,2,2024-02-24,2024-02-24,False
9968,12522,56,240,,,,,,,,14,,11:20.77,,,,,169,True,Distance,210,698,559.0,F,False,2,2024-02-24,2024-02-24,False
9969,12523,116,283,,,,,,,,14,,11:23.40,,,,,169,True,Distance,204,691,549.5,F,False,2,2024-02-24,2024-02-24,False
9970,12524,116,445,,,,,,,,14,,11:25.06,,,,,169,True,Distance,199,686,542.0,F,False,2,2024-02-24,2024-02-24,False
9971,12525,56,3364,,,,,,,,14,,11:25.62,,,,,169,True,Distance,198,685,540.5,F,False,2,2024-02-24,2024-02-24,False
9972,12526,124,1933,,,,,,,,14,,11:30.27,,,,,169,True,Distance,186,672,522.0,F,False,2,2024-02-24,2024-02-24,False
9973,12527,56,3370,,,,,,,,14,,11:30.64,,,,,169,True,Distance,185,671,520.5,F,False,2,2024-02-24,2024-02-24,False
9974,12528,117,69,,,,,,,,14,,11:31.52,,,,,169,True,Distance,183,669,517.5,F,False,2,2024-02-24,2024-02-24,False
9975,12529,36,4786,,,,,,,,14,,11:31.66,,,,,169,True,Distance,183,669,517.5,F,False,2,2024-02-24,2024-02-24,False
9976,12530,60,3375,,,,,,,,14,,11:33.33,,,,,169,True,Distance,178,664,510.0,F,False,2,2024-02-24,2024-02-24,False
9977,12531,61,2774,,,,,,,,14,,11:35.81,,,,,169,True,Distance,172,658,501.0,F,False,2,2024-02-24,2024-02-24,False
9978,12532,116,2056,,,,,,,,14,,11:38.00,,,,,169,True,Distance,167,652,493.0,F,False,2,2024-02-24,2024-02-24,False
9979,12533,116,446,,,,,,,,14,,11:48.40,,,,,169,True,Distance,144,625,456.5,F,False,2,2024-02-24,2024-02-24,False
9980,12534,49,2246,,,,,,,,14,,11:49.18,,,,,169,True,Distance,142,623,453.5,F,False,2,2024-02-24,2024-02-24,False
9981,12535,124,3824,,,,,,,,14,,11:54.39,,,,,169,True,Distance,131,610,436.0,F,False,2,2024-02-24,2024-02-24,False
9982,12536,107,1935,,,,,,,,14,,12:01.99,,,,,169,True,Distance,115,591,410.5,F,False,2,2024-02-24,2024-02-24,False
9983,12537,60,4764,,,,,,,,14,,12:11.09,,,,,169,True,Distance,98,569,382.5,F,False,2,2024-02-24,2024-02-24,False
9984,12538,60,3369,,,,,,,,14,,12:12.03,,,,,169,True,Distance,96,567,379.5,F,False,2,2024-02-24,2024-02-24,False
9985,12539,56,2188,,,,,,,,14,,12:18.28,,,,,169,True,Distance,86,552,362.0,F,False,2,2024-02-24,2024-02-24,False
9986,12540,117,236,,,,,,,,14,,12:27.36,,,,,169,True,Distance,71,530,336.0,F,False,2,2024-02-24,2024-02-24,False
9987,12541,117,238,,,,,,,,14,,12:28.25,,,,,169,True,Distance,70,528,334.0,F,False,2,2024-02-24,2024-02-24,False
9988,12542,116,4140,,,,,,,,14,,12:28.53,,,,,169,True,Distance,69,527,332.5,F,False,2,2024-02-24,2024-02-24,False
9989,12543,124,1951,,,,,,,,14,,12:29.94,,,,,169,True,Distance,67,524,329.0,F,False,2,2024-02-24,2024-02-24,False
9990,12544,60,3371,,,,,,,,14,,12:35.81,,,,,169,True,Distance,58,510,313.0,F,False,2,2024-02-24,2024-02-24,False
9991,12545,59,1667,,,,,,,,14,,12:35.84,,,,,169,True,Distance,58,510,313.0,F,False,2,2024-02-24,2024-02-24,False
9992,12546,61,4794,,,,,,,,14,,12:36.52,,,,,169,True,Distance,57,509,311.5,F,False,2,2024-02-24,2024-02-24,False
9993,12547,117,1956,,,,,,,,14,,12:42.65,,,,,169,True,Distance,49,495,296.5,F,False,2,2024-02-24,2024-02-24,False
9994,12548,56,247,,,,,,,,14,,12:52.38,,,,,169,True,Distance,38,473,274.5,F,False,2,2024-02-24,2024-02-24,False
9995,12549,124,1954,,,,,,,,14,,12:58.55,,,,,169,True,Distance,31,460,261.0,F,False,2,2024-02-24,2024-02-24,False
9996,12550,36,4789,,,,,,,,14,,13:12.09,,,,,169,True,Distance,19,430,234.0,F,False,2,2024-02-24,2024-02-24,False
9997,12551,58,4782,,,,,,,,14,,13:18.94,,,,,169,True,Distance,14,416,222.0,F,False,2,2024-02-24,2024-02-24,False
9998,12552,124,1962,,,,,,,,14,,13:21.99,,,,,169,True,Distance,12,410,217.0,F,False,2,2024-02-24,2024-02-24,False
9999,12553,61,4792,,,,,,,,14,,13:47.80,,,,,169,True,Distance,1,358,180.0,F,False,2,2024-02-24,2024-02-24,False
10000,12554,61,1621,,,,,,,,14,,13:48.19,,,,,169,True,Distance,1,358,180.0,F,False,2,2024-02-24,2024-02-24,False
10073,12629,56,3366,,246.0,,235.0,,4106.0,,26,,9:55.74,,,,,169,True,Relays,0,0,0.0,F,False,2,2024-02-24,2024-02-24,False
10074,12630,124,3317,,1926.0,,1930.0,,3822.0,,26,,10:00.92,,,,,169,True,Relays,0,0,0.0,F,False,2,2024-02-24,2024-02-24,False
10075,12631,61,4754,,2245.0,,1619.0,,2242.0,,26,,10:00.98,,,,,169,True,Relays,0,0,0.0,F,False,2,2024-02-24,2024-02-24,False
10076,12632,117,243,,234.0,,237.0,,239.0,,26,,10:09.07,,,,,169,True,Relays,0,0,0.0,F,False,2,2024-02-24,2024-02-24,False
10077,12633,1,67,,68.0,,70.0,,65.0,,26,,10:14.73,,,,,169,True,Relays,0,0,0.0,F,False,2,2024-02-24,2024-02-24,False
10078,12634,124,1931,,2850.0,,1925.0,,2824.0,,26,,10:29.34,,,,,169,True,Relays,0,0,0.0,F,False,2,2024-02-24,2024-02-24,False
10079,12635,61,4811,,4612.0,,4804.0,,2254.0,,26,,10:55.16,,,,,169,True,Relays,0,0,0.0,F,False,2,2024-02-24,2024-02-24,False
10080,12636,61,4791,,4795.0,,2244.0,,4030.0,,26,,11:00.19,,,,,169,True,Relays,0,0,0.0,F,False,2,2024-02-24,2024-02-24,False
10081,12637,124,4812,,1966.0,,1948.0,,1953.0,,26,,11:00.23,,,,,169,True,Relays,0,0,0.0,F,False,2,2024-02-24,2024-02-24,False
10082,12638,107,1942,,1949.0,,1936.0,,1935.0,,26,,11:03.11,,,,,169,True,Relays,0,0,0.0,F,False,2,2024-02-24,2024-02-24,False
10083,12639,124,1933,,1952.0,,1939.0,,3824.0,,26,,11:04.94,,,,,169,True,Relays,0,0,0.0,F,False,2,2024-02-24,2024-02-24,False
10084,12640,117,4813,,3968.0,,236.0,,1956.0,,26,,11:12.32,,,,,169,True,Relays,0,0,0.0,F,False,2,2024-02-24,2024-02-24,False
10085,12641,61,4026,,4814.0,,4027.0,,4815.0,,26,,11:20.23,,,,,169,True,Relays,0,0,0.0,F,False,2,2024-02-24,2024-02-24,False
10086,12642,56,4454,,3382.0,,3797.0,,3364.0,,26,,11:22.03,,,,,169,True,Relays,0,0,0.0,F,False,2,2024-02-24,2024-02-24,False
10087,12643,58,4816,,4817.0,,263.0,,4782.0,,26,,11:22.32,,,,,169,True,Relays,0,0,0.0,F,False,2,2024-02-24,2024-02-24,False
10088,12644,60,3371,,4763.0,,4764.0,,3360.0,,26,,11:22.58,,,,,169,True,Relays,0,0,0.0,F,False,2,2024-02-24,2024-02-24,False
10089,12645,44,4759,,2204.0,,2208.0,,2206.0,,26,,11:35.85,,,,,169,True,Relays,0,0,0.0,F,False,2,2024-02-24,2024-02-24,False
10090,12646,124,1957,,4818.0,,1975.0,,4819.0,,26,,11:41.41,,,,,169,True,Relays,0,0,0.0,F,False,2,2024-02-24,2024-02-24,False
10091,12647,111,295,,302.0,,4766.0,,304.0,,26,,11:42.81,,,,,169,True,Relays,0,0,0.0,F,False,2,2024-02-24,2024-02-24,False
10092,12648,36,4751,,4752.0,,4786.0,,4788.0,,26,,11:45.63,,,,,169,True,Relays,0,0,0.0,F,False,2,2024-02-24,2024-02-24,False
10093,12649,36,4785,,4820.0,,4821.0,,4822.0,,26,,11:53.05,,,,,169,True,Relays,0,0,0.0,F,False,2,2024-02-24,2024-02-24,False
10094,12650,60,4776,,3460.0,,3379.0,,4765.0,,26,,11:59.86,,,,,169,True,Relays,0,0,0.0,F,False,2,2024-02-24,2024-02-24,False
10095,12651,59,4520,,4215.0,,2062.0,,1673.0,,26,,12:00.26,,,,,169,True,Relays,0,0,0.0,F,False,2,2024-02-24,2024-02-24,False
10096,12652,117,4092,,4823.0,,4778.0,,4824.0,,26,,12:02.27,,,,,169,True,Relays,0,0,0.0,F,False,2,2024-02-24,2024-02-24,False
10097,12653,120,4774,,306.0,,307.0,,293.0,,26,,12:06.93,,,,,169,True,Relays,0,0,0.0,F,False,2,2024-02-24,2024-02-24,False
10098,12667,59,4826,,4834.0,,3891.0,,2061.0,,29,,4:24.42,,,,,169,True,Relays,0,0,0.0,F,False,2,2024-02-24,2024-02-24,False
10099,12668,56,3795,,4105.0,,3796.0,,4835.0,,29,,4:33.33,,,,,169,True,Relays,0,0,0.0,F,False,2,2024-02-24,2024-02-24,False
10100,12669,56,3564,,4102.0,,3563.0,,235.0,,29,,4:40.57,,,,,169,True,Relays,0,0,0.0,F,False,2,2024-02-24,2024-02-24,False
10101,12670,117,3972,,1970.0,,237.0,,3977.0,,29,,4:40.73,,,,,169,True,Relays,0,0,0.0,F,False,2,2024-02-24,2024-02-24,False
10102,12671,116,3933,,3934.0,,3938.0,,4783.0,,29,,4:44.43,,,,,169,True,Relays,0,0,0.0,F,False,2,2024-02-24,2024-02-24,False
10103,12672,107,4742,,4836.0,,1949.0,,1942.0,,29,,4:56.02,,,,,169,True,Relays,0,0,0.0,F,False,2,2024-02-24,2024-02-24,False
10104,12673,108,4809,,3638.0,,3637.0,,3980.0,,29,,4:57.87,,,,,169,True,Relays,0,0,0.0,F,False,2,2024-02-24,2024-02-24,False
10105,12674,124,4829,,3818.0,,1939.0,,3820.0,,29,,5:04.39,,,,,169,True,Relays,0,0,0.0,F,False,2,2024-02-24,2024-02-24,False
10106,12675,36,4837,,4751.0,,4822.0,,4752.0,,29,,5:12.28,,,,,169,True,Relays,0,0,0.0,F,False,2,2024-02-24,2024-02-24,False
10107,12676,59,4748,,3893.0,,3894.0,,1667.0,,29,,5:15.37,,,,,169,True,Relays,0,0,0.0,F,False,2,2024-02-24,2024-02-24,False
10108,12677,127,4830,,3617.0,,4806.0,,4801.0,,29,,5:38.76,,,,,169,True,Relays,0,0,0.0,F,False,2,2024-02-24,2024-02-24,False
10123,12655,59,4826,,4827.0,,3893.0,,3891.0,,22,,1:51.93,,,,,169,True,Relays,320,826,733.0,F,False,2,2024-02-24,2024-02-24,False
10684,13263,174,4956,,4957.0,,2083.0,,2072.0,,26,,11:02.85,,,,,170,True,Relays,0,0,0.0,F,False,2,2024-02-25,2024-02-25,False
10685,13265,204,1726,,,,,,,,17,,19:30.05,,,,,170,True,Distance,211,713,567.5,F,False,2,2024-02-25,2024-02-25,False
10686,13267,172,4959,,,,,,,,17,,20:16.14,,,,,170,True,Distance,145,644,467.0,F,False,2,2024-02-25,2024-02-25,False
10687,13268,172,4960,,,,,,,,17,,20:40.98,,,,,170,True,Distance,114,608,418.0,F,False,2,2024-02-25,2024-02-25,False
10688,13269,206,4961,,,,,,,,17,,20:46.58,,,,,170,True,Distance,108,600,408.0,F,False,2,2024-02-25,2024-02-25,False
10689,13270,203,1763,,,,,,,,17,,20:48.13,,,,,170,True,Distance,106,598,405.0,F,False,2,2024-02-25,2024-02-25,False
10690,13271,172,1734,,,,,,,,17,,20:53.17,,,,,170,True,Distance,101,591,396.5,F,False,2,2024-02-25,2024-02-25,False
10691,13272,188,1752,,,,,,,,17,,20:59.44,,,,,170,True,Distance,94,582,385.0,F,False,2,2024-02-25,2024-02-25,False
10692,13273,172,1735,,,,,,,,17,,21:12.31,,,,,170,True,Distance,81,565,363.5,F,False,2,2024-02-25,2024-02-25,False
10721,13303,204,809,,,,,,,,13,,5:24.46,,,,,170,True,Distance,287,760,667.0,F,False,2,2024-02-25,2024-02-25,False
10722,13304,188,807,,,,,,,,13,,5:24.94,,,,,170,True,Distance,284,757,662.5,F,False,2,2024-02-25,2024-02-25,False
10723,13305,203,1732,,,,,,,,13,,5:39.44,,,,,170,True,Distance,200,674,537.0,F,False,2,2024-02-25,2024-02-25,False
10724,13306,172,4970,,,,,,,,13,,5:46.89,,,,,170,True,Distance,162,633,478.5,F,False,2,2024-02-25,2024-02-25,False
10725,13307,203,4971,,,,,,,,13,,5:49.86,,,,,170,True,Distance,148,616,456.0,F,False,2,2024-02-25,2024-02-25,False
10726,13308,176,4972,,,,,,,,13,,5:50.42,,,,,170,True,Distance,146,613,452.5,F,False,2,2024-02-25,2024-02-25,False
10727,13309,203,4973,,,,,,,,13,,5:52.25,,,,,170,True,Distance,138,604,440.0,F,False,2,2024-02-25,2024-02-25,False
10728,13310,204,4974,,,,,,,,13,,5:53.90,,,,,170,True,Distance,130,595,427.5,F,False,2,2024-02-25,2024-02-25,False
10729,13311,171,1044,,,,,,,,13,,5:56.03,,,,,170,True,Distance,122,584,414.0,F,False,2,2024-02-25,2024-02-25,False
10730,13312,171,1034,,,,,,,,13,,5:56.44,,,,,170,True,Distance,120,582,411.0,F,False,2,2024-02-25,2024-02-25,False
10731,13314,174,1767,,,,,,,,13,,5:56.81,,,,,170,True,Distance,118,580,408.0,F,False,2,2024-02-25,2024-02-25,False
10732,13315,203,4227,,,,,,,,13,,5:59.36,,,,,170,True,Distance,108,567,391.5,F,False,2,2024-02-25,2024-02-25,False
10733,13316,196,3030,,,,,,,,13,,6:01.11,,,,,170,True,Distance,101,558,380.0,F,False,2,2024-02-25,2024-02-25,False
10734,13318,206,4975,,,,,,,,13,,6:08.78,,,,,170,True,Distance,74,519,333.5,F,False,2,2024-02-25,2024-02-25,False
10735,13319,204,831,,,,,,,,13,,6:09.79,,,,,170,True,Distance,71,514,328.0,F,False,2,2024-02-25,2024-02-25,False
10736,13320,204,2074,,,,,,,,13,,6:09.84,,,,,170,True,Distance,71,514,328.0,F,False,2,2024-02-25,2024-02-25,False
10737,13274,196,859,,,,,,,,17,,26:20.94,,,,,170,True,Distance,0,222,111.0,F,False,2,2024-02-25,2024-02-25,False
10738,13313,188,829,,,,,,,,13,,5:56.78,,,,,170,True,Distance,118,580,408.0,F,False,2,2024-02-25,2024-02-25,False
10739,13264,196,819,,859.0,,833.0,,4958.0,,26,,11:49.53,,,,,170,True,Relays,0,0,0.0,F,False,2,2024-02-25,2024-02-25,False
10740,13266,188,823,,,,,,,,17,,20:10.49,,,,,170,True,Distance,152,652,478.0,F,False,2,2024-02-25,2024-02-25,False
10741,13321,203,4976,,,,,,,,13,,6:10.65,,,,,170,True,Distance,69,510,324.0,F,False,2,2024-02-25,2024-02-25,False
10742,13322,204,839,,,,,,,,13,,6:11.32,,,,,170,True,Distance,66,507,319.5,F,False,2,2024-02-25,2024-02-25,False
10743,13323,176,2077,,,,,,,,13,,6:11.45,,,,,170,True,Distance,66,506,319.0,F,False,2,2024-02-25,2024-02-25,False
10744,13324,203,1769,,,,,,,,13,,6:14.43,,,,,170,True,Distance,57,492,303.0,F,False,2,2024-02-25,2024-02-25,False
10745,13325,188,1791,,,,,,,,13,,6:15.44,,,,,170,True,Distance,54,487,297.5,F,False,2,2024-02-25,2024-02-25,False
10746,13326,196,833,,,,,,,,13,,6:19.66,,,,,170,True,Distance,43,467,276.5,F,False,2,2024-02-25,2024-02-25,False
10747,13328,203,1783,,,,,,,,13,,6:24.30,,,,,170,True,Distance,33,446,256.0,F,False,2,2024-02-25,2024-02-25,False
10748,13329,188,1773,,,,,,,,13,,6:25.23,,,,,170,True,Distance,31,441,251.5,F,False,2,2024-02-25,2024-02-25,False
10749,13330,203,1765,,,,,,,,13,,6:28.67,,,,,170,True,Distance,24,426,237.0,F,False,2,2024-02-25,2024-02-25,False
10750,13331,196,4977,,,,,,,,13,,6:28.94,,,,,170,True,Distance,23,425,235.5,F,False,2,2024-02-25,2024-02-25,False
10751,13332,203,1781,,,,,,,,13,,6:35.88,,,,,170,True,Distance,12,394,209.0,F,False,2,2024-02-25,2024-02-25,False
10752,13333,206,4978,,,,,,,,13,,6:36.04,,,,,170,True,Distance,12,394,209.0,F,False,2,2024-02-25,2024-02-25,False
10753,13334,191,2097,,,,,,,,13,,6:37.49,,,,,170,True,Distance,10,388,204.0,F,False,2,2024-02-25,2024-02-25,False
10754,13335,203,1796,,,,,,,,13,,6:38.61,,,,,170,True,Distance,9,383,200.5,F,False,2,2024-02-25,2024-02-25,False
10755,13336,191,4979,,,,,,,,13,,6:41.03,,,,,170,True,Distance,6,373,192.5,F,False,2,2024-02-25,2024-02-25,False
10756,13337,205,3531,,,,,,,,13,,6:41.43,,,,,170,True,Distance,6,371,191.5,F,False,2,2024-02-25,2024-02-25,False
10757,13338,191,3201,,,,,,,,13,,6:43.53,,,,,170,True,Distance,4,362,185.0,F,False,2,2024-02-25,2024-02-25,False
10758,13339,206,4470,,,,,,,,13,,6:50.22,,,,,170,True,Distance,0,335,167.5,F,False,2,2024-02-25,2024-02-25,False
10759,13341,204,4980,,,,,,,,13,,7:10.95,,,,,170,True,Distance,0,258,129.0,F,False,2,2024-02-25,2024-02-25,False
10769,13351,174,2084,,,,,,,,9,,2:32.83,,,,,170,True,Distance,191,706,544.0,F,False,2,2024-02-25,2024-02-25,False
10770,13352,188,807,,,,,,,,9,,2:32.90,,,,,170,True,Distance,190,705,542.5,F,False,2,2024-02-25,2024-02-25,False
10771,13353,204,1726,,,,,,,,9,,2:36.84,,,,,170,True,Distance,145,656,473.0,F,False,2,2024-02-25,2024-02-25,False
10772,13354,188,2081,,,,,,,,9,,2:37.09,,,,,170,True,Distance,142,653,468.5,F,False,2,2024-02-25,2024-02-25,False
10773,13355,174,1759,,,,,,,,9,,2:39.49,,,,,170,True,Distance,118,624,430.0,F,False,2,2024-02-25,2024-02-25,False
10774,13357,171,1044,,,,,,,,9,,2:42.35,,,,,170,True,Distance,92,590,387.0,F,False,2,2024-02-25,2024-02-25,False
10775,13358,180,2086,,,,,,,,9,,2:43.03,,,,,170,True,Distance,86,583,377.5,F,False,2,2024-02-25,2024-02-25,False
10776,13359,203,2094,,,,,,,,9,,2:43.69,,,,,170,True,Distance,81,575,368.5,F,False,2,2024-02-25,2024-02-25,False
10777,13361,191,2079,,,,,,,,9,,2:46.87,,,,,170,True,Distance,57,539,326.5,F,False,2,2024-02-25,2024-02-25,False
10778,13362,203,1769,,,,,,,,9,,2:52.41,,,,,170,True,Distance,26,479,265.5,F,False,2,2024-02-25,2024-02-25,False
10779,13363,172,1735,,,,,,,,9,,2:54.63,,,,,170,True,Distance,17,456,245.0,F,False,2,2024-02-25,2024-02-25,False
10780,13364,199,1776,,,,,,,,9,,2:57.23,,,,,170,True,Distance,9,430,224.0,F,False,2,2024-02-25,2024-02-25,False
10781,13365,199,1756,,,,,,,,9,,2:58.44,,,,,170,True,Distance,6,418,215.0,F,False,2,2024-02-25,2024-02-25,False
10782,13366,204,1757,,,,,,,,9,,2:59.33,,,,,170,True,Distance,4,409,208.5,F,False,2,2024-02-25,2024-02-25,False
10783,13367,203,1798,,,,,,,,9,,3:04.89,,,,,170,True,Distance,0,357,178.5,F,False,2,2024-02-25,2024-02-25,False
10784,13368,196,4958,,,,,,,,9,,3:12.44,,,,,170,True,Distance,0,292,146.0,F,False,2,2024-02-25,2024-02-25,False
10808,13392,174,4956,,,,,,,,14,,11:31.10,,,,,170,True,Distance,184,670,519.0,F,False,2,2024-02-25,2024-02-25,False
10809,13394,203,4971,,,,,,,,14,,11:52.50,,,,,170,True,Distance,135,615,442.5,F,False,2,2024-02-25,2024-02-25,False
10810,13395,171,1034,,,,,,,,14,,11:58.16,,,,,170,True,Distance,123,601,423.5,F,False,2,2024-02-25,2024-02-25,False
10811,13396,203,1732,,,,,,,,14,,12:03.50,,,,,170,True,Distance,112,588,406.0,F,False,2,2024-02-25,2024-02-25,False
10812,13397,203,3035,,,,,,,,14,,12:40.77,,,,,170,True,Distance,52,499,301.5,F,False,2,2024-02-25,2024-02-25,False
10813,13398,203,4987,,,,,,,,14,,12:55.62,,,,,170,True,Distance,34,466,267.0,F,False,2,2024-02-25,2024-02-25,False
10814,13399,203,2096,,,,,,,,14,,12:57.51,,,,,170,True,Distance,32,462,263.0,F,False,2,2024-02-25,2024-02-25,False
10815,13400,188,3532,,4981.0,,2081.0,,3534.0,,24,,4:22.72,,,,,170,True,Relays,291,758,670.0,F,False,2,2024-02-25,2024-02-25,False
10816,13401,174,1759,,1767.0,,2100.0,,2084.0,,24,,4:45.14,,,,,170,True,Relays,147,612,453.0,F,False,2,2024-02-25,2024-02-25,False
10817,13402,191,2079,,2097.0,,3201.0,,4982.0,,24,,4:59.73,,,,,170,True,Relays,79,526,342.0,F,False,2,2024-02-25,2024-02-25,False
10818,13404,188,3527,,3526.0,,3848.0,,4983.0,,22,,1:56.80,,,,,170,True,Relays,230,748,604.0,F,False,2,2024-02-25,2024-02-25,False
10819,13405,199,3533,,3537.0,,1776.0,,4964.0,,22,,1:58.87,,,,,170,True,Relays,196,716,554.0,F,False,2,2024-02-25,2024-02-25,False
10820,13406,174,1767,,4646.0,,4645.0,,2084.0,,22,,1:57.92,,,,,170,True,Relays,212,730,577.0,F,False,2,2024-02-25,2024-02-25,False
10821,13407,206,4966,,4469.0,,4978.0,,4963.0,,22,,2:03.13,,,,,170,True,Relays,135,652,461.0,F,False,2,2024-02-25,2024-02-25,False
10822,13408,196,4986,,861.0,,4977.0,,4985.0,,22,,2:09.60,,,,,170,True,Relays,64,560,344.0,F,False,2,2024-02-25,2024-02-25,False
10823,13409,204,831,,2106.0,,1726.0,,1757.0,,22,,2:21.64,,,,,170,True,Relays,1,408,205.0,F,False,2,2024-02-25,2024-02-25,False
10841,13340,204,849,,,,,,,,13,,6:55.73,,,,,170,True,Distance,0,314,157.0,F,False,2,2024-02-25,2024-02-25,False
10842,13356,196,825,,,,,,,,9,,2:39.54,,,,,170,True,Distance,118,624,430.0,F,False,2,2024-02-25,2024-02-25,False
10843,13393,196,825,,,,,,,,14,,11:41.61,,,,,170,True,Distance,159,643,480.5,F,False,2,2024-02-25,2024-02-25,False
10844,13360,196,819,,,,,,,,9,,2:46.45,,,,,170,True,Distance,60,544,332.0,F,False,2,2024-02-25,2024-02-25,False
10845,13403,196,861,,3030.0,,833.0,,825.0,,24,,5:09.38,,,,,170,True,Relays,45,472,281.0,F,False,2,2024-02-25,2024-02-25,False
11108,13702,164,567,,,,,,,,17,,18:58.42,,,,,171,True,Distance,263,762,644.0,F,False,2,2024-02-25,2024-02-26,False
11319,13916,188,807,,,,,,,,16,,11:25.14,,,,,177,True,Distance,354,822,765.0,F,False,2,2024-03-03,2024-03-03,False
11320,13917,186,5057,,,,,,,,16,,11:27.21,,,,,177,True,Distance,348,816,756.0,F,False,2,2024-03-03,2024-03-03,False
11321,13918,204,809,,,,,,,,16,,11:41.11,,,,,177,True,Distance,305,780,695.0,F,False,2,2024-03-03,2024-03-03,False
11322,13919,174,2072,,,,,,,,16,,11:43.70,,,,,177,True,Distance,297,773,683.5,F,False,2,2024-03-03,2024-03-03,False
11323,13920,204,1726,,,,,,,,16,,11:47.20,,,,,177,True,Distance,287,764,669.0,F,False,2,2024-03-03,2024-03-03,False
11324,13921,174,2073,,,,,,,,16,,11:48.71,,,,,177,True,Distance,283,760,663.0,F,False,2,2024-03-03,2024-03-03,False
11325,13922,203,4971,,,,,,,,16,,12:11.97,,,,,177,True,Distance,220,701,570.5,F,False,2,2024-03-03,2024-03-03,False
11326,13924,186,3184,,,,,,,,16,,12:46.63,,,,,177,True,Distance,142,617,450.5,F,False,2,2024-03-03,2024-03-03,False
11327,13925,203,1763,,,,,,,,16,,12:53.67,,,,,177,True,Distance,128,601,428.5,F,False,2,2024-03-03,2024-03-03,False
11328,13927,174,4957,,,,,,,,16,,12:58.85,,,,,177,True,Distance,118,589,412.5,F,False,2,2024-03-03,2024-03-03,False
11329,13928,174,2083,,,,,,,,16,,13:01.03,,,,,177,True,Distance,114,584,406.0,F,False,2,2024-03-03,2024-03-03,False
11330,13930,203,4973,,,,,,,,16,,13:14.33,,,,,177,True,Distance,91,554,368.0,F,False,2,2024-03-03,2024-03-03,False
11331,13931,204,831,,,,,,,,16,,13:14.82,,,,,177,True,Distance,90,553,366.5,F,False,2,2024-03-03,2024-03-03,False
11332,13932,194,5064,,,,,,,,16,,13:23.01,,,,,177,True,Distance,77,535,344.5,F,False,2,2024-03-03,2024-03-03,False
11333,13933,203,5063,,,,,,,,16,,13:23.62,,,,,177,True,Distance,77,534,344.0,F,False,2,2024-03-03,2024-03-03,False
11334,13934,203,3035,,,,,,,,16,,13:25.59,,,,,177,True,Distance,74,530,339.0,F,False,2,2024-03-03,2024-03-03,False
11335,13935,208,3188,,,,,,,,16,,13:27.80,,,,,177,True,Distance,70,525,332.5,F,False,2,2024-03-03,2024-03-03,False
11336,13936,174,4646,,,,,,,,16,,13:30.37,,,,,177,True,Distance,67,519,326.5,F,False,2,2024-03-03,2024-03-03,False
11337,13937,203,5065,,,,,,,,16,,13:40.48,,,,,177,True,Distance,53,498,302.0,F,False,2,2024-03-03,2024-03-03,False
11338,13938,180,1785,,,,,,,,16,,13:42.79,,,,,177,True,Distance,51,493,297.5,F,False,2,2024-03-03,2024-03-03,False
11339,13939,210,5066,,,,,,,,16,,13:42.87,,,,,177,True,Distance,51,493,297.5,F,False,2,2024-03-03,2024-03-03,False
11340,13940,203,3036,,,,,,,,16,,13:45.24,,,,,177,True,Distance,48,488,292.0,F,False,2,2024-03-03,2024-03-03,False
11341,13941,203,2096,,,,,,,,16,,13:47.78,,,,,177,True,Distance,45,483,286.5,F,False,2,2024-03-03,2024-03-03,False
11342,13942,196,4977,,,,,,,,16,,13:54.46,,,,,177,True,Distance,37,469,271.5,F,False,2,2024-03-03,2024-03-03,False
11343,13943,196,833,,,,,,,,16,,13:59.86,,,,,177,True,Distance,32,458,261.0,F,False,2,2024-03-03,2024-03-03,False
11344,13944,203,4225,,,,,,,,16,,13:59.99,,,,,177,True,Distance,32,458,261.0,F,False,2,2024-03-03,2024-03-03,False
11345,13945,180,2093,,,,,,,,16,,14:03.88,,,,,177,True,Distance,28,450,253.0,F,False,2,2024-03-03,2024-03-03,False
11346,13946,203,4226,,,,,,,,16,,14:09.54,,,,,177,True,Distance,23,439,242.5,F,False,2,2024-03-03,2024-03-03,False
11347,13947,210,5067,,,,,,,,16,,14:16.70,,,,,177,True,Distance,18,425,230.5,F,False,2,2024-03-03,2024-03-03,False
11348,13948,172,5068,,,,,,,,16,,14:18.27,,,,,177,True,Distance,17,422,228.0,F,False,2,2024-03-03,2024-03-03,False
11349,13949,194,5069,,,,,,,,16,,14:22.29,,,,,177,True,Distance,14,414,221.0,F,False,2,2024-03-03,2024-03-03,False
11350,13950,203,5058,,,,,,,,16,,14:38.78,,,,,177,True,Distance,5,383,196.5,F,False,2,2024-03-03,2024-03-03,False
11351,13951,180,1779,,,,,,,,16,,14:41.96,,,,,177,True,Distance,4,378,193.0,F,False,2,2024-03-03,2024-03-03,False
11352,13952,191,5060,,,,,,,,16,,14:57.53,,,,,177,True,Distance,0,350,175.0,F,False,2,2024-03-03,2024-03-03,False
11359,13929,208,3183,,,,,,,,16,,13:08.95,,,,,177,True,Distance,100,566,383.0,F,False,2,2024-03-03,2024-03-03,False
11363,13923,188,823,,,,,,,,16,,12:42.22,,,,,177,True,Distance,151,628,465.0,F,False,2,2024-03-03,2024-03-03,False
11400,13999,188,807,,,,,,,,9,,2:29.63,,,,,177,True,Distance,233,748,607.0,F,False,2,2024-03-03,2024-03-03,False
11401,14000,186,5057,,,,,,,,9,,2:30.83,,,,,177,True,Distance,217,732,583.0,F,False,2,2024-03-03,2024-03-03,False
11402,14001,204,809,,,,,,,,9,,2:32.26,,,,,177,True,Distance,198,714,555.0,F,False,2,2024-03-03,2024-03-03,False
11403,14002,203,4227,,,,,,,,9,,2:32.61,,,,,177,True,Distance,194,709,548.5,F,False,2,2024-03-03,2024-03-03,False
11404,14003,203,4492,,,,,,,,9,,2:32.67,,,,,177,True,Distance,193,708,547.0,F,False,2,2024-03-03,2024-03-03,False
11405,14004,180,5074,,,,,,,,9,,2:33.18,,,,,177,True,Distance,187,702,538.0,F,False,2,2024-03-03,2024-03-03,False
11406,14005,174,1759,,,,,,,,9,,2:33.47,,,,,177,True,Distance,183,698,532.0,F,False,2,2024-03-03,2024-03-03,False
11407,14006,203,4225,,,,,,,,9,,2:39.19,,,,,177,True,Distance,121,628,435.0,F,False,2,2024-03-03,2024-03-03,False
11408,14007,178,4287,,,,,,,,9,,2:41.36,,,,,177,True,Distance,101,602,402.0,F,False,2,2024-03-03,2024-03-03,False
11409,14008,203,2094,,,,,,,,9,,2:41.57,,,,,177,True,Distance,99,600,399.0,F,False,2,2024-03-03,2024-03-03,False
11410,14009,203,5063,,,,,,,,9,,2:41.62,,,,,177,True,Distance,98,599,397.5,F,False,2,2024-03-03,2024-03-03,False
11411,14010,174,4646,,,,,,,,9,,2:42.23,,,,,177,True,Distance,93,592,389.0,F,False,2,2024-03-03,2024-03-03,False
11412,14012,208,5075,,,,,,,,9,,2:44.32,,,,,177,True,Distance,76,568,360.0,F,False,2,2024-03-03,2024-03-03,False
11413,14014,203,1769,,,,,,,,9,,2:47.72,,,,,177,True,Distance,52,530,317.0,F,False,2,2024-03-03,2024-03-03,False
11414,14015,199,1776,,,,,,,,9,,2:47.74,,,,,177,True,Distance,52,529,316.5,F,False,2,2024-03-03,2024-03-03,False
11415,14016,203,4973,,,,,,,,9,,2:48.79,,,,,177,True,Distance,45,518,304.0,F,False,2,2024-03-03,2024-03-03,False
11416,14017,186,3184,,,,,,,,9,,2:49.53,,,,,177,True,Distance,41,510,296.0,F,False,2,2024-03-03,2024-03-03,False
11417,14018,194,5076,,,,,,,,9,,2:50.74,,,,,177,True,Distance,34,497,282.5,F,False,2,2024-03-03,2024-03-03,False
11418,14019,180,2098,,,,,,,,9,,2:51.50,,,,,177,True,Distance,30,489,274.5,F,False,2,2024-03-03,2024-03-03,False
11419,14020,203,4226,,,,,,,,9,,2:53.51,,,,,177,True,Distance,21,468,255.0,F,False,2,2024-03-03,2024-03-03,False
11420,14021,203,3035,,,,,,,,9,,2:54.75,,,,,177,True,Distance,16,455,243.5,F,False,2,2024-03-03,2024-03-03,False
11421,14022,199,1756,,,,,,,,9,,2:55.01,,,,,177,True,Distance,15,452,241.0,F,False,2,2024-03-03,2024-03-03,False
11422,14024,196,833,,,,,,,,9,,2:55.33,,,,,177,True,Distance,14,449,238.5,F,False,2,2024-03-03,2024-03-03,False
11423,14025,204,831,,,,,,,,9,,2:56.48,,,,,177,True,Distance,11,438,230.0,F,False,2,2024-03-03,2024-03-03,False
11424,14026,174,2083,,,,,,,,9,,2:58.35,,,,,177,True,Distance,6,419,215.5,F,False,2,2024-03-03,2024-03-03,False
11425,14027,174,4957,,,,,,,,9,,2:58.79,,,,,177,True,Distance,5,415,212.5,F,False,2,2024-03-03,2024-03-03,False
11426,14028,204,1757,,,,,,,,9,,2:59.46,,,,,177,True,Distance,4,408,208.0,F,False,2,2024-03-03,2024-03-03,False
11427,14029,208,5077,,,,,,,,9,,2:59.71,,,,,177,True,Distance,3,406,206.0,F,False,2,2024-03-03,2024-03-03,False
11428,14030,194,5064,,,,,,,,9,,3:01.41,,,,,177,True,Distance,1,390,196.0,F,False,2,2024-03-03,2024-03-03,False
11429,14031,203,4495,,,,,,,,9,,3:03.11,,,,,177,True,Distance,0,374,187.0,F,False,2,2024-03-03,2024-03-03,False
11430,14032,203,1798,,,,,,,,9,,3:03.71,,,,,177,True,Distance,0,368,184.0,F,False,2,2024-03-03,2024-03-03,False
11431,14033,204,1801,,,,,,,,9,,3:05.15,,,,,177,True,Distance,0,355,177.5,F,False,2,2024-03-03,2024-03-03,False
11432,14034,194,5069,,,,,,,,9,,3:05.78,,,,,177,True,Distance,0,349,174.5,F,False,2,2024-03-03,2024-03-03,False
11433,14035,208,3188,,,,,,,,9,,3:06.11,,,,,177,True,Distance,0,346,173.0,F,False,2,2024-03-03,2024-03-03,False
11434,14036,196,4977,,,,,,,,9,,3:08.06,,,,,177,True,Distance,0,329,164.5,F,False,2,2024-03-03,2024-03-03,False
11435,14037,180,1785,,,,,,,,9,,3:08.88,,,,,177,True,Distance,0,322,161.0,F,False,2,2024-03-03,2024-03-03,False
11436,14038,203,5058,,,,,,,,9,,3:13.04,,,,,177,True,Distance,0,287,143.5,F,False,2,2024-03-03,2024-03-03,False
11437,14039,210,5067,,,,,,,,9,,3:14.45,,,,,177,True,Distance,0,276,138.0,F,False,2,2024-03-03,2024-03-03,False
11460,14023,208,3183,,,,,,,,9,,2:55.23,,,,,177,True,Distance,15,450,240.0,F,False,2,2024-03-03,2024-03-03,False
11463,14040,204,857,,,,,,,,9,,3:16.89,,,,,177,True,Distance,0,257,128.5,F,False,2,2024-03-03,2024-03-03,False
11466,14013,188,823,,,,,,,,9,,2:47.05,,,,,177,True,Distance,56,537,324.5,F,False,2,2024-03-03,2024-03-03,False
11477,14076,188,807,,,,,,,,13,,5:23.95,,,,,177,True,Distance,290,763,671.5,F,False,2,2024-03-03,2024-03-03,False
11478,14077,204,1726,,,,,,,,13,,5:29.35,,,,,177,True,Distance,257,731,622.5,F,False,2,2024-03-03,2024-03-03,False
11479,14078,186,5057,,,,,,,,13,,5:32.55,,,,,177,True,Distance,238,713,594.5,F,False,2,2024-03-03,2024-03-03,False
11480,14079,204,809,,,,,,,,13,,5:40.02,,,,,177,True,Distance,197,670,532.0,F,False,2,2024-03-03,2024-03-03,False
11481,14080,174,1759,,,,,,,,13,,5:40.20,,,,,177,True,Distance,196,669,530.5,F,False,2,2024-03-03,2024-03-03,False
11482,14082,174,1767,,,,,,,,13,,5:47.34,,,,,177,True,Distance,160,630,475.0,F,False,2,2024-03-03,2024-03-03,False
11483,14083,203,4971,,,,,,,,13,,5:47.35,,,,,177,True,Distance,160,630,475.0,F,False,2,2024-03-03,2024-03-03,False
11484,14084,188,2081,,,,,,,,13,,5:48.81,,,,,177,True,Distance,153,622,464.0,F,False,2,2024-03-03,2024-03-03,False
11485,14085,203,1732,,,,,,,,13,,5:51.18,,,,,177,True,Distance,142,609,446.5,F,False,2,2024-03-03,2024-03-03,False
11486,14087,206,4975,,,,,,,,13,,5:55.21,,,,,177,True,Distance,125,588,419.0,F,False,2,2024-03-03,2024-03-03,False
11487,14088,188,5079,,,,,,,,13,,5:55.42,,,,,177,True,Distance,124,587,417.5,F,False,2,2024-03-03,2024-03-03,False
11488,14090,203,1751,,,,,,,,13,,5:57.27,,,,,177,True,Distance,116,577,404.5,F,False,2,2024-03-03,2024-03-03,False
11489,14091,180,5074,,,,,,,,13,,5:59.78,,,,,177,True,Distance,106,564,388.0,F,False,2,2024-03-03,2024-03-03,False
11490,14092,186,3184,,,,,,,,13,,6:00.08,,,,,177,True,Distance,105,563,386.5,F,False,2,2024-03-03,2024-03-03,False
11491,14093,172,5054,,,,,,,,13,,6:02.53,,,,,177,True,Distance,96,550,371.0,F,False,2,2024-03-03,2024-03-03,False
11492,14094,204,2074,,,,,,,,13,,6:04.78,,,,,177,True,Distance,88,539,357.5,F,False,2,2024-03-03,2024-03-03,False
11493,14096,208,5075,,,,,,,,13,,6:07.29,,,,,177,True,Distance,79,527,342.5,F,False,2,2024-03-03,2024-03-03,False
11494,14097,203,1765,,,,,,,,13,,6:10.36,,,,,177,True,Distance,69,511,324.5,F,False,2,2024-03-03,2024-03-03,False
11495,14098,208,5072,,,,,,,,13,,6:11.42,,,,,177,True,Distance,66,506,319.0,F,False,2,2024-03-03,2024-03-03,False
11496,14099,201,5080,,,,,,,,13,,6:12.18,,,,,177,True,Distance,64,503,315.5,F,False,2,2024-03-03,2024-03-03,False
11497,14100,188,5081,,,,,,,,13,,6:16.22,,,,,177,True,Distance,52,483,293.5,F,False,2,2024-03-03,2024-03-03,False
11498,14101,204,5082,,,,,,,,13,,6:17.03,,,,,177,True,Distance,50,479,289.5,F,False,2,2024-03-03,2024-03-03,False
11499,14103,178,4287,,,,,,,,13,,6:18.83,,,,,177,True,Distance,45,471,280.5,F,False,2,2024-03-03,2024-03-03,False
11500,14104,210,5066,,,,,,,,13,,6:19.46,,,,,177,True,Distance,44,468,278.0,F,False,2,2024-03-03,2024-03-03,False
11501,14106,191,2097,,,,,,,,13,,6:26.24,,,,,177,True,Distance,29,437,247.5,F,False,2,2024-03-03,2024-03-03,False
11502,14107,174,2083,,,,,,,,13,,6:27.17,,,,,177,True,Distance,27,433,243.5,F,False,2,2024-03-03,2024-03-03,False
11503,14108,203,3035,,,,,,,,13,,6:27.68,,,,,177,True,Distance,26,430,241.0,F,False,2,2024-03-03,2024-03-03,False
11504,14109,203,4973,,,,,,,,13,,6:06.92,,,,,177,True,Distance,81,528,345.0,F,False,2,2024-03-03,2024-03-03,False
11505,14110,194,5064,,,,,,,,13,,6:16.11,,,,,177,True,Distance,53,484,295.0,F,False,2,2024-03-03,2024-03-03,False
11506,14111,203,5063,,,,,,,,13,,6:19.69,,,,,177,True,Distance,43,467,276.5,F,False,2,2024-03-03,2024-03-03,False
11507,14112,174,4646,,,,,,,,13,,6:25.16,,,,,177,True,Distance,31,442,252.0,F,False,2,2024-03-03,2024-03-03,False
11508,14113,174,4957,,,,,,,,13,,6:28.46,,,,,177,True,Distance,24,427,237.5,F,False,2,2024-03-03,2024-03-03,False
11509,14114,208,3188,,,,,,,,13,,6:30.94,,,,,177,True,Distance,20,416,228.0,F,False,2,2024-03-03,2024-03-03,False
11510,14116,191,3201,,,,,,,,13,,6:31.88,,,,,177,True,Distance,18,412,224.0,F,False,2,2024-03-03,2024-03-03,False
11511,14117,210,5083,,,,,,,,13,,6:33.45,,,,,177,True,Distance,16,405,218.5,F,False,2,2024-03-03,2024-03-03,False
11512,14118,180,1785,,,,,,,,13,,6:33.94,,,,,177,True,Distance,15,403,216.5,F,False,2,2024-03-03,2024-03-03,False
11513,14119,196,4977,,,,,,,,13,,6:34.28,,,,,177,True,Distance,15,401,215.5,F,False,2,2024-03-03,2024-03-03,False
11514,14120,191,4979,,,,,,,,13,,6:34.44,,,,,177,True,Distance,14,401,214.5,F,False,2,2024-03-03,2024-03-03,False
11515,14121,203,4226,,,,,,,,13,,6:35.40,,,,,177,True,Distance,13,396,211.0,F,False,2,2024-03-03,2024-03-03,False
11516,14122,203,4225,,,,,,,,13,,6:35.88,,,,,177,True,Distance,12,394,209.0,F,False,2,2024-03-03,2024-03-03,False
11517,14123,208,3200,,,,,,,,13,,6:36.81,,,,,177,True,Distance,11,390,206.0,F,False,2,2024-03-03,2024-03-03,False
11518,14124,194,5069,,,,,,,,13,,6:39.91,,,,,177,True,Distance,7,377,195.5,F,False,2,2024-03-03,2024-03-03,False
11519,14125,196,833,,,,,,,,13,,6:42.70,,,,,177,True,Distance,5,366,188.0,F,False,2,2024-03-03,2024-03-03,False
11520,14126,194,5084,,,,,,,,13,,6:44.31,,,,,177,True,Distance,4,359,183.5,F,False,2,2024-03-03,2024-03-03,False
11521,14127,203,5058,,,,,,,,13,,6:46.40,,,,,177,True,Distance,2,351,177.5,F,False,2,2024-03-03,2024-03-03,False
11522,14128,206,5085,,,,,,,,13,,6:46.79,,,,,177,True,Distance,2,349,176.5,F,False,2,2024-03-03,2024-03-03,False
11523,14129,210,5067,,,,,,,,13,,6:51.72,,,,,177,True,Distance,0,329,164.5,F,False,2,2024-03-03,2024-03-03,False
11524,14130,194,5086,,,,,,,,13,,6:53.44,,,,,177,True,Distance,0,323,161.5,F,False,2,2024-03-03,2024-03-03,False
11525,14131,208,3199,,,,,,,,13,,6:55.49,,,,,177,True,Distance,0,315,157.5,F,False,2,2024-03-03,2024-03-03,False
11526,14132,188,3532,,4981.0,,3848.0,,4983.0,,22,,1:52.83,,,,,177,True,Relays,302,812,708.0,F,False,2,2024-03-03,2024-03-03,False
11527,14133,191,4967,,3201.0,,4979.0,,4982.0,,22,,2:01.51,,,,,177,True,Relays,157,676,495.0,F,False,2,2024-03-03,2024-03-03,False
11528,14134,206,4471,,4963.0,,4469.0,,4470.0,,22,,2:05.19,,,,,177,True,Relays,110,622,421.0,F,False,2,2024-03-03,2024-03-03,False
11529,14136,188,3530,,2081.0,,4991.0,,807.0,,22,,2:07.05,,,,,177,True,Relays,89,595,386.5,F,False,2,2024-03-03,2024-03-03,False
11530,14137,194,5087,,5076.0,,5084.0,,5088.0,,22,,2:15.90,,,,,177,True,Relays,20,478,259.0,F,False,2,2024-03-03,2024-03-03,False
11531,14138,180,2086,,5055.0,,2098.0,,2093.0,,22,,2:19.46,,,,,177,True,Relays,6,434,223.0,F,False,2,2024-03-03,2024-03-03,False
11532,14139,203,5065,,1732.0,,1796.0,,1769.0,,22,,2:21.01,,,,,177,True,Relays,2,416,210.0,F,False,2,2024-03-03,2024-03-03,False
11565,14115,204,835,,,,,,,,13,,6:31.83,,,,,177,True,Distance,18,412,224.0,F,False,2,2024-03-03,2024-03-03,False
11566,14105,204,831,,,,,,,,13,,6:25.19,,,,,177,True,Distance,31,442,252.0,F,False,2,2024-03-03,2024-03-03,False
11568,14081,196,825,,,,,,,,13,,5:44.69,,,,,177,True,Distance,173,645,495.5,F,False,2,2024-03-03,2024-03-03,False
11569,14095,196,819,,,,,,,,13,,6:05.12,,,,,177,True,Distance,87,537,355.5,F,False,2,2024-03-03,2024-03-03,False
11570,14135,196,861,,4985.0,,4986.0,,819.0,,22,,2:05.42,,,,,177,True,Relays,107,619,416.5,F,False,2,2024-03-03,2024-03-03,False
11571,14086,188,829,,,,,,,,13,,5:54.46,,,,,177,True,Distance,128,592,424.0,F,False,2,2024-03-03,2024-03-03,False
11572,14089,188,823,,,,,,,,13,,5:55.51,,,,,177,True,Distance,124,587,417.5,F,False,2,2024-03-03,2024-03-03,False
13124,15774,44,4127,,4128.0,,4126.0,,4779.0,,22,,2:00.69,,,,,203,True,Relays,169,688,513.0,F,False,2,2024-03-23,2024-03-23,False
13125,15775,44,5320,,2208.0,,2204.0,,2206.0,,24,,5:03.09,,,,,203,True,Relays,66,507,319.5,F,False,2,2024-03-23,2024-03-23,False
13126,15776,44,4779,,5321.0,,5322.0,,5323.0,,24,,5:14.51,,,,,203,True,Relays,31,445,253.5,F,False,2,2024-03-23,2024-03-23,False
13127,15777,44,5320,,2208.0,,2204.0,,2206.0,,26,,11:58.14,,,,,203,True,Relays,0,0,0.0,F,False,2,2024-03-23,2024-03-23,False
13134,15784,43,5325,,5326.0,,5327.0,,5328.0,,22,,2:13.83,,,,,203,True,Relays,32,504,284.0,F,False,2,2024-03-23,2024-03-23,False
27338,10043,69,5264,,,,,,,,13,,5:58.70,,,,,143,True,Distance,111,570,396.0,F,False,2,2024-02-10,2024-02-10,False
29849,12388,61,4815,,2252.0,,1619.0,,2244.0,,24,,4:37.89,,,,,169,True,Relays,188,658,517.0,F,False,2,2024-02-24,2024-02-24,False
40039,12654,56,3793,,3792.0,,3796.0,,3795.0,,22,,1:49.87,,,,,169,True,Relays,363,861,793.5,F,False,2,2024-02-24,2024-02-24,False
43419,10071,138,5691,,,,,,,,13,,7:00.82,,,,,143,True,Distance,0,295,147.5,F,False,2,2024-02-10,2024-02-10,False
43420,11962,138,5691,,,,,,,,11,,6:26.81,,,,,168,True,Distance,0,314,157.0,F,False,2,2024-02-24,2024-02-24,False
43473,9961,138,5691,,2396.0,,631.0,,645.0,,30,,15:11.82,,,,,143,True,Relays,0,0,0.0,F,False,2,2024-02-10,2024-02-10,False
62923,12407,116,285,,4780.0,,2056.0,,283.0,,24,,5:48.08,,,,,169,True,Relays,0,286,143.0,F,False,2,2024-02-24,2024-02-24,False
63208,12666,61,4017,,4741.0,,4016.0,,4025.0,,29,,4:21.28,,,,,169,True,Relays,0,0,0.0,F,False,2,2024-02-24,2024-02-24,False
63255,9975,169,1068,,1153.0,,1126.0,,2420.0,,24,,4:31.36,,,,,143,True,Relays,230,700,580.0,F,False,2,2024-02-10,2024-02-10,False
63265,14102,208,3183,,,,,,,,13,,6:17.78,,,,,177,True,Distance,48,476,286.0,F,False,2,2024-03-03,2024-03-03,False
63312,13327,204,843,,,,,,,,13,,6:22.24,,,,,170,True,Distance,37,455,264.5,F,False,2,2024-02-25,2024-02-25,False
63324,9606,146,992,,,,,,,,13,,5:44.90,,,,,122,True,Distance,172,643,493.5,F,False,2,2024-02-02,2024-02-03,False
63393,13262,203,4492,,4226.0,,4224.0,,4227.0,,26,,10:33.26,,,,,170,True,Relays,0,0,0.0,F,False,2,2024-02-25,2024-02-25,False
63408,13317,196,819,,,,,,,,13,,6:01.17,,,,,170,True,Distance,101,557,379.5,F,False,2,2024-02-25,2024-02-25,False
63409,13926,196,819,,,,,,,,16,,12:54.98,,,,,177,True,Distance,125,598,424.0,F,False,2,2024-03-03,2024-03-03,False
63410,14011,196,819,,,,,,,,9,,2:43.46,,,,,177,True,Distance,83,578,372.0,F,False,2,2024-03-03,2024-03-03,False
63451,10106,146,1042,,,,,,,,9,,2:43.69,,,,,143,True,Distance,81,575,368.5,F,False,2,2024-02-10,2024-02-10,False
63456,10242,146,4305,,1050.0,,1112.0,,1299.0,,24,,4:18.57,,,,,143,True,Relays,324,787,717.5,F,False,2,2024-02-10,2024-02-10,False
63492,12018,138,631,,,,,,,,9,,2:55.54,,,,,168,True,Distance,14,447,237.5,F,False,2,2024-02-24,2024-02-24,False
