gender,event_group,from_event,to_event,n_athlete_seasons,best_model,linear_cv_median_abs,best_cv_median_abs,improvement_seconds,params_json,params_summary,band_width,band,band_lo,band_hi
Men,Sprints,100m,200m,541,robust_trimmed_linear,0.4368,0.4059,0.0309,"{""intercept"": -1.7679789975496298, ""slope"": 2.1944967974265035}","{""intercept"": -1.7679789975496298, ""slope"": 2.1944967974265035}",100,all,,
Men,Sprints,100m,400m,190,chain_residual_adjusted,1.907,1.1384,0.7686,"{""from_to_mid"": {""intercept"": -5.712610167668789, ""slope"": 2.514353291878295}, ""mid_to_to"": {""intercept"": 1.0097576481720836, ""slope"": 2.2297692587081728}, ""residual_k"": -1.0543911079907788e-14, ""mid_event"": ""200m""}",chain via 200m + residual k=-0.0000,100,all,,
Men,Sprints,200m,100m,541,quadratic,0.1929,0.1832,0.0096,"{""intercept"": -4.028774697783996, ""slope"": 0.9208618870692122, ""quad"": -0.010911496503481857}",-4.0288 + 0.9209×x + -0.010911×x²,100,all,,
Men,Sprints,200m,400m,327,knn_median,1.2917,1.17,0.1217,"{""k"": 20, ""n_train"": 327}",k=20 nearest neighbors,100,all,,
Men,Sprints,400m,100m,190,quadratic,0.2951,0.2716,0.0235,"{""intercept"": -6.828836879894463, ""slope"": 0.5302953113424174, ""quad"": -0.003357691111844774}",-6.8288 + 0.5303×x + -0.003358×x²,100,all,,
Men,Sprints,400m,200m,327,robust_trimmed_linear,0.5312,0.5269,0.0043,"{""intercept"": 5.316680434099286, ""slope"": 0.35076558346754994}","{""intercept"": 5.316680434099286, ""slope"": 0.35076558346754994}",100,all,,
Women,Sprints,100m,200m,243,robust_trimmed_linear,0.4935,0.4824,0.0111,"{""intercept"": -4.194400585172293, ""slope"": 2.4012710847157988}","{""intercept"": -4.194400585172293, ""slope"": 2.4012710847157988}",100,all,,
Women,Sprints,100m,400m,62,multivariate_ols,2.0075,1.7492,0.2582,"{""intercept"": -5.379927200884765, ""coef_a"": 3.1837943885847526, ""coef_b"": 0.9361285321753603, ""event_a"": ""100m"", ""event_b"": ""200m""}",-5.38 + 3.1838×100m + 0.9361×200m,100,all,,
Women,Sprints,200m,100m,243,robust_trimmed_linear,0.2001,0.1868,0.0133,"{""intercept"": 3.391536562880555, ""slope"": 0.35939991388410086}","{""intercept"": 3.391536562880555, ""slope"": 0.35939991388410086}",100,all,,
Women,Sprints,200m,400m,145,median_ratio,1.5414,1.3139,0.2275,"{""ratio"": 2.2712407823020198}",x × 2.2712,100,all,,
Women,Sprints,400m,100m,62,robust_trimmed_linear,0.2977,0.2943,0.0034,"{""intercept"": 4.5900718223104295, ""slope"": 0.1409939278305339}","{""intercept"": 4.5900718223104295, ""slope"": 0.1409939278305339}",100,all,,
Women,Sprints,400m,200m,145,robust_trimmed_linear,0.5753,0.5211,0.0542,"{""intercept"": 2.7758258924144705, ""slope"": 0.3990014928723562}","{""intercept"": 2.7758258924144705, ""slope"": 0.3990014928723562}",100,all,,
Men,Distance,800m,1500m,686,robust_trimmed_linear,6.335,6.3045,0.0305,"{""intercept"": 19.841621332737333, ""slope"": 1.9114769284883035}","{""intercept"": 19.841621332737333, ""slope"": 1.9114769284883035}",100,all,,
Men,Distance,800m,5000m,201,chain_residual_adjusted,36.0962,23.74,12.3562,"{""from_to_mid"": {""intercept"": 38.8533811767945, ""slope"": 1.7322790966415693}, ""mid_to_to"": {""intercept"": 70.50488241019184, ""slope"": 3.5508581228925498}, ""residual_k"": 6.626758396161063e-14, ""mid_event"": ""1500m""}",chain via 1500m + residual k=0.0000,100,all,,
Men,Distance,1500m,800m,686,log_linear,3.005,2.9907,0.0143,"{""intercept"": -0.10002183729056924, ""slope"": 0.8886219982576907}",exp(-0.1000 + 0.8886×log(x)),100,all,,
Men,Distance,1500m,5000m,498,quadratic,23.2662,23.1139,0.1523,"{""intercept"": -61.99619327088524, ""slope"": 4.424432450556047, ""quad"": -0.0015374836691473474}",-61.9962 + 4.4244×x + -0.001537×x²,100,all,,
Men,Distance,5000m,800m,201,robust_trimmed_linear,4.1895,4.0998,0.0897,"{""intercept"": 26.987059966672078, ""slope"": 0.10359089115204338}","{""intercept"": 26.987059966672078, ""slope"": 0.10359089115204338}",100,all,,
Men,Distance,5000m,1500m,498,robust_trimmed_linear,6.0469,5.8169,0.23,"{""intercept"": 37.77182361422879, ""slope"": 0.22759083790619605}","{""intercept"": 37.77182361422879, ""slope"": 0.22759083790619605}",100,all,,
Women,Distance,800m,1500m,312,median_ratio,7.6871,7.6382,0.0489,"{""ratio"": 2.0280623519183143}",x × 2.0281,100,all,,
Women,Distance,800m,5000m,82,chain_residual_adjusted,48.1068,32.5694,15.5374,"{""from_to_mid"": {""intercept"": 81.00025040027043, ""slope"": 1.5125390034432715}, ""mid_to_to"": {""intercept"": -33.610508103144184, ""slope"": 3.860020725750451}, ""residual_k"": 8.318540946941974e-13, ""mid_event"": ""1500m""}",chain via 1500m + residual k=0.0000,100,all,,
Women,Distance,1500m,800m,312,ratio_linear,3.7362,3.6579,0.0783,"{""intercept"": 0.525997247680436, ""slope"": -0.00010164458974819595}",x × (0.5260 + -0.000102×x),100,all,,
Women,Distance,1500m,5000m,135,binned_ratio,32.8199,31.1624,1.6575,"{""edges"": [288.53999999999996, 304.28, 314.15999999999997, 319.995, 326.79999999999995, 338.045, 348.495, 361.41499999999996, 391.09], ""ratios"": [3.7432452425612626, 3.7142380799995993, 3.7206585651038657, 3.668461637644717, 3.789112137892479, 3.6957009495878426, 3.7327981703090014, 3.7422551335433623, 3.6178287035820342]}",9 bins (see JSON),100,all,,
Women,Distance,5000m,800m,82,median_ratio,6.2443,5.206,1.0382,"{""ratio"": 0.13419245370162436}",x × 0.1342,100,all,,
Women,Distance,5000m,1500m,135,binned_ratio,8.044,7.8785,0.1654,"{""edges"": [1073.0900000000001, 1134.395, 1160.46, 1187.3249999999998, 1230.53, 1252.295, 1305.52, 1370.685, 1470.01], ""ratios"": [0.27292167564315617, 0.270293849176072, 0.27330288017216897, 0.26489156399329317, 0.26824068131001144, 0.2705860490915196, 0.26315892411256986, 0.2654815138123071, 0.256949574752575]}",9 bins (see JSON),100,all,,
Men,Distance,800m,1500m,40,quadratic,12.4197,10.31,2.1098,"{""intercept"": 2055.9965028892243, ""slope"": -23.187341828098976, ""quad"": 0.07731406833578816}",2055.9965 + -23.1873×x + 0.077314×x²,100,0-100,0,100
Men,Distance,1500m,800m,40,binned_ratio,4.4722,3.9886,0.4836,"{""edges"": [305.99, 314.23, 325.42, 330.77, 338.67, 344.85, 355.35, 375.5], ""ratios"": [0.5309650642177849, 0.5009711779448621, 0.4910284463894967, 0.48738193844412, 0.46497503430957454, 0.46930217762225623, 0.48343886309272543, 0.467466444306964]}",8 bins (see JSON),100,0-100,0,100
Men,Distance,1500m,5000m,22,median_ratio,50.6192,34.5283,16.0909,"{""ratio"": 3.768920471502783}",x × 3.7689,100,0-100,0,100
Men,Distance,5000m,1500m,22,quadratic,7.8511,7.281,0.57,"{""intercept"": 262.03061937419, ""slope"": -0.0508054326002339, ""quad"": 8.383298374215537e-05}",262.0306 + -0.0508×x + 0.000084×x²,100,0-100,0,100
Men,Sprints,100m,200m,28,median_ratio,1.7525,1.5105,0.242,"{""ratio"": 2.1687303596368714}",x × 2.1687,100,50-150,50,150
Men,Sprints,100m,400m,25,quadratic,1.7813,1.7198,0.0615,"{""intercept"": 174.87951213349714, ""slope"": -15.876714529790153, ""quad"": 0.5939521431590187}",174.8795 + -15.8767×x + 0.593952×x²,100,50-150,50,150
Men,Sprints,200m,100m,28,binned_ratio,0.7192,0.6179,0.1013,"{""edges"": [25.59, 27.47, 27.92, 29.16, 30.27, 30.55, 31.0, 31.48, 32.19, 33.64], ""ratios"": [0.492001729355815, 0.46368305209097577, 0.46026609133405255, 0.48151986183074263, 0.4654773703336637, 0.4663382594417077, 0.4619354838709678, 0.41357437361243254, 0.42563630788101814, 0.45541022592152197]}",10 bins (see JSON),100,50-150,50,150
Men,Sprints,200m,400m,28,knn_median,2.8661,2.52,0.3461,"{""k"": 20, ""n_train"": 28}",k=20 nearest neighbors,100,50-150,50,150
Men,Sprints,400m,100m,25,median_ratio,0.7401,0.5486,0.1915,"{""ratio"": 0.20154577883472058}",x × 0.2015,100,50-150,50,150
Men,Sprints,400m,200m,28,ratio_linear,1.3227,1.2956,0.0271,"{""intercept"": 0.6405012180481173, ""slope"": -0.0030690895499766524}",x × (0.6405 + -0.003069×x),100,50-150,50,150
Men,Distance,800m,1500m,48,quadratic,12.0566,9.9058,2.1509,"{""intercept"": 1148.5094795364275, ""slope"": -11.230772276107796, ""quad"": 0.03790453678680723}",1148.5095 + -11.2308×x + 0.037905×x²,100,50-150,50,150
Men,Distance,800m,5000m,22,knn_median,57.153,48.365,8.788,"{""k"": 20, ""n_train"": 22}",k=20 nearest neighbors,100,50-150,50,150
Men,Distance,1500m,800m,48,robust_trimmed_linear,5.7556,4.9669,0.7887,"{""intercept"": 115.78871506545053, ""slope"": 0.13038616806137676}","{""intercept"": 115.78871506545053, ""slope"": 0.13038616806137676}",100,50-150,50,150
Men,Distance,1500m,5000m,34,knn_median,33.0082,31.885,1.1232,"{""k"": 20, ""n_train"": 34}",k=20 nearest neighbors,100,50-150,50,150
Men,Distance,5000m,800m,22,knn_median,9.2033,5.41,3.7933,"{""k"": 20, ""n_train"": 22}",k=20 nearest neighbors,100,50-150,50,150
Men,Distance,5000m,1500m,34,linear_ols,8.9589,8.9589,0.0,"{""intercept"": 145.57912156946998, ""slope"": 0.14454742526039266}",145.5791 + 0.1445×x,100,50-150,50,150
Men,Sprints,100m,200m,27,robust_trimmed_linear,0.8648,0.7733,0.0916,"{""intercept"": 12.481775871782617, ""slope"": 1.2303859972036881}","{""intercept"": 12.481775871782617, ""slope"": 1.2303859972036881}",100,100-200,100,200
Men,Sprints,100m,400m,28,median_ratio,1.8688,1.7391,0.1297,"{""ratio"": 4.907099627769642}",x × 4.9071,100,100-200,100,200
Men,Sprints,200m,100m,27,quadratic,0.4269,0.3968,0.0301,"{""intercept"": -17.43831873630181, ""slope"": 1.9350852196025343, ""quad"": -0.02971075872765818}",-17.4383 + 1.9351×x + -0.029711×x²,100,100-200,100,200
Men,Sprints,200m,400m,29,knn_median,2.2197,1.665,0.5547,"{""k"": 20, ""n_train"": 29}",k=20 nearest neighbors,100,100-200,100,200
Men,Sprints,400m,100m,28,median_ratio,0.4113,0.3549,0.0563,"{""ratio"": 0.20378636589411592}",x × 0.2038,100,100-200,100,200
Men,Sprints,400m,200m,29,log_linear,1.0049,0.9695,0.0354,"{""intercept"": 0.4525045009020019, ""slope"": 0.6950357032764636}",exp(0.4525 + 0.6950×log(x)),100,100-200,100,200
Men,Distance,800m,1500m,77,linear_ols,9.2795,9.2795,0.0,"{""intercept"": 193.17483526682247, ""slope"": 0.7761950004705461}",193.1748 + 0.7762×x,100,100-200,100,200
Men,Distance,800m,5000m,37,binned_ratio,39.8589,33.6507,6.2082,"{""edges"": [133.33499999999998, 138.10500000000002, 140.98499999999999, 147.505, 150.67000000000002, 152.97, 153.595, 156.54500000000002, 162.55, 167.28], ""ratios"": [8.612005879163604, 8.61681417749416, 8.26387276701227, 7.9759784291954805, 7.545283611771289, 7.331136296990023, 7.5489334090218545, 7.739172000596245, 7.28257785190014, 6.991869918699186]}",10 bins (see JSON),100,100-200,100,200
Men,Distance,1500m,800m,77,ratio_linear,4.4863,4.3911,0.0952,"{""intercept"": 0.7414692048962657, ""slope"": -0.0008230389755794951}",x × (0.7415 + -0.000823×x),100,100-200,100,200
Men,Distance,1500m,5000m,57,knn_median,35.9456,28.615,7.3306,"{""k"": 20, ""n_train"": 57}",k=20 nearest neighbors,100,100-200,100,200
Men,Distance,5000m,800m,37,binned_ratio,8.0981,5.4497,2.6484,"{""edges"": [1045.2849999999999, 1113.5149999999999, 1122.615, 1152.99, 1169.55, 1175.975, 1182.3449999999998, 1207.94, 1236.54, 1378.12], ""ratios"": [0.14450177582325033, 0.13619098670697918, 0.1364051211430645, 0.12666867106875285, 0.12045963301832116, 0.12173847627835055, 0.12414175146243532, 0.1270618057098023, 0.12843198118223154, 0.1118625373697501]}",10 bins (see JSON),100,100-200,100,200
Men,Distance,5000m,1500m,57,linear_ols,7.6662,7.6662,0.0,"{""intercept"": 147.10657193134534, ""slope"": 0.13706875654614956}",147.1066 + 0.1371×x,100,100-200,100,200
Women,Distance,800m,1500m,24,robust_trimmed_linear,18.4295,17.3654,1.064,"{""intercept"": 0.8500049483681096, ""slope"": 2.0257088069258438}","{""intercept"": 0.8500049483681096, ""slope"": 2.0257088069258438}",100,100-200,100,200
Women,Distance,1500m,800m,24,knn_median,6.3357,4.825,1.5107,"{""k"": 20, ""n_train"": 24}",k=20 nearest neighbors,100,100-200,100,200
Men,Sprints,100m,200m,30,robust_trimmed_linear,0.8681,0.8606,0.0075,"{""intercept"": 8.946421442853289, ""slope"": 1.4694623074844628}","{""intercept"": 8.946421442853289, ""slope"": 1.4694623074844628}",100,150-250,150,250
Men,Sprints,100m,400m,33,quadratic,2.511,2.0076,0.5034,"{""intercept"": 425.4731468785343, ""slope"": -55.7139365199096, ""quad"": 2.1473270106565643}",425.4731 + -55.7139×x + 2.147327×x²,100,150-250,150,250
Men,Sprints,200m,100m,30,linear_ols,0.3393,0.3393,0.0,"{""intercept"": 5.812244688423819, ""slope"": 0.26884145176323954}",5.8122 + 0.2688×x,100,150-250,150,250
Men,Sprints,200m,400m,36,ratio_linear,1.8878,1.8754,0.0125,"{""intercept"": 3.6540042309884027, ""slope"": -0.04783644979806136}",x × (3.6540 + -0.047836×x),100,150-250,150,250
Men,Sprints,400m,100m,33,robust_trimmed_linear,0.4198,0.2974,0.1225,"{""intercept"": 10.313760708765347, ""slope"": 0.05243914518770717}","{""intercept"": 10.313760708765347, ""slope"": 0.05243914518770717}",100,150-250,150,250
Men,Sprints,400m,200m,36,median_ratio,1.0414,0.935,0.1065,"{""ratio"": 0.4376336288049477}",x × 0.4376,100,150-250,150,250
Men,Distance,800m,1500m,102,binned_ratio,7.5618,7.4511,0.1107,"{""edges"": [134.81, 139.015, 143.19, 147.41, 148.495, 150.29500000000002, 152.41000000000003, 154.88, 163.785], ""ratios"": [2.1747367397308404, 2.1209551098376314, 2.122380054015241, 2.0517667550860006, 2.0359433812189027, 2.0108101630469255, 2.017577667565395, 2.0140291387199856, 1.9056002569108474]}",9 bins (see JSON),100,150-250,150,250
Men,Distance,800m,5000m,44,robust_trimmed_linear,38.093,35.0402,3.0528,"{""intercept"": 1117.6339874995583, ""slope"": 0.23297040872827893}","{""intercept"": 1117.6339874995583, ""slope"": 0.23297040872827893}",100,150-250,150,250
Men,Distance,1500m,800m,102,quadratic,4.7563,4.1944,0.5619,"{""intercept"": -464.47762883408245, ""slope"": 3.82970251667138, ""quad"": -0.005963954677340825}",-464.4776 + 3.8297×x + -0.005964×x²,100,150-250,150,250
Men,Distance,1500m,5000m,69,knn_median,35.6212,31.405,4.2162,"{""k"": 20, ""n_train"": 69}",k=20 nearest neighbors,100,150-250,150,250
Men,Distance,5000m,800m,44,knn_median,7.8271,7.635,0.1921,"{""k"": 20, ""n_train"": 44}",k=20 nearest neighbors,100,150-250,150,250
Men,Distance,5000m,1500m,69,ratio_linear,9.4658,9.2025,0.2633,"{""intercept"": 0.4212760405704701, ""slope"": -0.00013891180220673932}",x × (0.4213 + -0.000139×x),100,150-250,150,250
Women,Distance,800m,1500m,35,ratio_linear,11.9939,11.4942,0.4997,"{""intercept"": 2.9488464688394127, ""slope"": -0.0049075144189318545}",x × (2.9488 + -0.004908×x),100,150-250,150,250
Women,Distance,1500m,800m,35,ratio_linear,5.272,4.7372,0.5348,"{""intercept"": 0.779569022259653, ""slope"": -0.0007218295754041443}",x × (0.7796 + -0.000722×x),100,150-250,150,250
Men,Sprints,100m,200m,46,knn_median,0.7791,0.7225,0.0566,"{""k"": 20, ""n_train"": 46}",k=20 nearest neighbors,100,200-300,200,300
Men,Sprints,100m,400m,38,binned_ratio,1.8557,1.5763,0.2795,"{""edges"": [12.365, 12.844999999999999, 13.15, 13.24, 13.344999999999999, 13.58, 13.81, 13.99, 14.21, 14.39], ""ratios"": [5.112545064725765, 4.933621137074782, 4.798976111794569, 4.717542916916612, 4.749568598449195, 4.803816565776199, 4.926295351018787, 4.489478336398937, 4.66176184370631, 4.472202918693537]}",10 bins (see JSON),100,200-300,200,300
Men,Sprints,200m,100m,46,knn_median,0.3307,0.295,0.0357,"{""k"": 20, ""n_train"": 46}",k=20 nearest neighbors,100,200-300,200,300
Men,Sprints,200m,400m,45,robust_trimmed_linear,1.8182,1.5837,0.2345,"{""intercept"": 34.707292084155206, ""slope"": 1.0305950635142411}","{""intercept"": 34.707292084155206, ""slope"": 1.0305950635142411}",100,200-300,200,300
Men,Sprints,400m,100m,38,robust_trimmed_linear,0.4171,0.3718,0.0453,"{""intercept"": 10.383852446119434, ""slope"": 0.048650753474035635}","{""intercept"": 10.383852446119434, ""slope"": 0.048650753474035635}",100,200-300,200,300
Men,Sprints,400m,200m,45,median_ratio,0.9697,0.7695,0.2002,"{""ratio"": 0.4381060116354234}",x × 0.4381,100,200-300,200,300
Men,Distance,800m,1500m,135,binned_ratio,7.581,6.1316,1.4494,"{""edges"": [133.39499999999998, 137.6, 140.78, 143.42000000000002, 144.975, 146.765, 148.58499999999998, 152.10500000000002, 162.47], ""ratios"": [2.1057026512216357, 2.155172940279533, 2.1367725931627155, 2.0983317264376513, 2.019440218128279, 2.0509659466984584, 2.0359433812189027, 2.0025846833348875, 1.8833630824152152]}",9 bins (see JSON),100,200-300,200,300
Men,Distance,800m,5000m,46,multivariate_ols,44.2661,35.3277,8.9384,"{""intercept"": 365.9726872967758, ""coef_a"": 0.49730822651927775, ""coef_b"": 2.3063841492343657, ""event_a"": ""800m"", ""event_b"": ""1500m""}",365.97 + 0.4973×800m + 2.3064×1500m,100,200-300,200,300
Men,Distance,1500m,800m,135,quadratic,4.7034,4.0533,0.6501,"{""intercept"": -273.49396010843026, ""slope"": 2.5890504960153278, ""quad"": -0.00397404625898776}",-273.4940 + 2.5891×x + -0.003974×x²,100,200-300,200,300
Men,Distance,1500m,5000m,83,ratio_linear,32.1793,28.8883,3.2911,"{""intercept"": 5.074040583956849, ""slope"": -0.0042036429037683445}",x × (5.0740 + -0.004204×x),100,200-300,200,300
Men,Distance,5000m,800m,46,binned_ratio,6.5834,5.6057,0.9777,"{""edges"": [1002.06, 1057.7, 1081.35, 1115.74, 1121.94, 1144.35, 1163.47, 1169.6, 1184.16, 1215.53], ""ratios"": [0.13246159258824908, 0.14004560406698566, 0.1275770205419053, 0.13516589886532704, 0.12132739420935412, 0.12910562225630717, 0.12086129657918675, 0.12494889963889078, 0.12712716094215812, 0.12754107261852854]}",10 bins (see JSON),100,200-300,200,300
Men,Distance,5000m,1500m,83,quadratic,8.3826,7.7004,0.6822,"{""intercept"": -387.0902252242081, ""slope"": 1.061901136474706, ""quad"": -0.0004043376581444283}",-387.0902 + 1.0619×x + -0.000404×x²,100,200-300,200,300
Women,Distance,800m,1500m,43,ratio_linear,9.7262,9.6618,0.0644,"{""intercept"": 2.6879692092291942, ""slope"": -0.0035639253884296204}",x × (2.6880 + -0.003564×x),100,200-300,200,300
Women,Distance,1500m,800m,43,knn_median,4.125,3.31,0.815,"{""k"": 20, ""n_train"": 43}",k=20 nearest neighbors,100,200-300,200,300
Men,Sprints,100m,200m,58,binned_ratio,0.7773,0.5297,0.2476,"{""edges"": [12.09, 12.64, 12.91, 13.14, 13.24, 13.32, 13.46, 13.64, 13.985], ""ratios"": [2.057583130575831, 2.076984126984127, 2.1456386292834893, 2.085041761579347, 2.068233510235027, 2.005235602094241, 2.1648023862788963, 2.0242468772961058, 2.011303947111347]}",9 bins (see JSON),100,250-350,250,350
Men,Sprints,100m,400m,41,chain_residual_adjusted,2.4531,1.6569,0.7962,"{""from_to_mid"": {""intercept"": 0.44525005968381137, ""slope"": 2.0566229232818785}, ""mid_to_to"": {""intercept"": 23.160233224260786, ""slope"": 1.4483209332503038}, ""residual_k"": -1.495191993458366e-14, ""mid_event"": ""200m""}",chain via 200m + residual k=-0.0000,100,250-350,250,350
Men,Sprints,200m,100m,58,binned_ratio,0.2799,0.2007,0.0791,"{""edges"": [25.01, 26.22, 27.17, 27.33, 27.47, 27.63, 28.06, 29.6, 31.015], ""ratios"": [0.49830364715860903, 0.49869451697127937, 0.4836216415163784, 0.48350439882697943, 0.47979614124499453, 0.4665944384254243, 0.4679577464788732, 0.4601351351351351, 0.43024017535358744]}",9 bins (see JSON),100,250-350,250,350
Men,Sprints,200m,400m,50,robust_trimmed_linear,1.731,1.5902,0.1408,"{""intercept"": 23.779656195793578, ""slope"": 1.3950685872003257}","{""intercept"": 23.779656195793578, ""slope"": 1.3950685872003257}",100,250-350,250,350
Men,Sprints,400m,100m,41,ratio_linear,0.2999,0.2986,0.0013,"{""intercept"": 0.3706775725752612, ""slope"": -0.002567858164550519}",x × (0.3707 + -0.002568×x),100,250-350,250,350
Men,Sprints,400m,200m,50,knn_median,0.7064,0.4075,0.2989,"{""k"": 20, ""n_train"": 50}",k=20 nearest neighbors,100,250-350,250,350
Women,Sprints,100m,200m,28,median_ratio,0.9175,0.7954,0.1221,"{""ratio"": 2.153343420488196}",x × 2.1533,100,250-350,250,350
Women,Sprints,200m,100m,28,quadratic,0.5082,0.2942,0.214,"{""intercept"": -76.8729541155212, ""slope"": 5.117082235563182, ""quad"": -0.07017656684367117}",-76.8730 + 5.1171×x + -0.070177×x²,100,250-350,250,350
Women,Sprints,200m,400m,20,quadratic,2.3323,2.0754,0.2569,"{""intercept"": 267.74598160581144, ""slope"": -11.01006770895411, ""quad"": 0.15777165612263158}",267.7460 + -11.0101×x + 0.157772×x²,100,250-350,250,350
Women,Sprints,400m,200m,20,knn_median,0.9667,0.54,0.4267,"{""k"": 20, ""n_train"": 20}",k=20 nearest neighbors,100,250-350,250,350
Men,Distance,800m,1500m,159,knn_median,7.7748,6.29,1.4848,"{""k"": 20, ""n_train"": 159}",k=20 nearest neighbors,100,250-350,250,350
Men,Distance,800m,5000m,52,knn_median,40.0476,38.915,1.1326,"{""k"": 20, ""n_train"": 52}",k=20 nearest neighbors,100,250-350,250,350
Men,Distance,1500m,800m,159,linear_ols,4.1801,4.1801,0.0,"{""intercept"": 80.17021871596077, ""slope"": 0.21167798568780952}",80.1702 + 0.2117×x,100,250-350,250,350
Men,Distance,1500m,5000m,93,quadratic,30.9969,29.3097,1.6872,"{""intercept"": 3697.9162623821603, ""slope"": -20.19405922969535, ""quad"": 0.03874428986363829}",3697.9163 + -20.1941×x + 0.038744×x²,100,250-350,250,350
Men,Distance,5000m,800m,52,knn_median,6.1624,5.7175,0.4449,"{""k"": 20, ""n_train"": 52}",k=20 nearest neighbors,100,250-350,250,350
Men,Distance,5000m,1500m,93,knn_median,7.6915,6.8,0.8915,"{""k"": 20, ""n_train"": 93}",k=20 nearest neighbors,100,250-350,250,350
Women,Distance,800m,1500m,48,knn_median,11.0261,9.6275,1.3986,"{""k"": 20, ""n_train"": 48}",k=20 nearest neighbors,100,250-350,250,350
Women,Distance,1500m,800m,48,knn_median,4.785,3.58,1.205,"{""k"": 20, ""n_train"": 48}",k=20 nearest neighbors,100,250-350,250,350
Men,Sprints,100m,200m,72,binned_ratio,0.7457,0.432,0.3137,"{""edges"": [12.03, 12.46, 12.74, 12.91, 13.06, 13.21, 13.32, 13.61], ""ratios"": [2.040783034257749, 2.057583130575831, 2.1137254901960785, 2.1125674633770237, 2.066310975609756, 2.068233510235027, 2.054804804804805, 2.0242468772961058]}",8 bins (see JSON),100,300-400,300,400
Men,Sprints,100m,400m,47,chain_residual_adjusted,2.6876,1.6209,1.0667,"{""from_to_mid"": {""intercept"": 2.4002288905254296, ""slope"": 1.8940532337789264}, ""mid_to_to"": {""intercept"": 7.110482725806165, ""slope"": 2.0420652299151274}, ""residual_k"": -1.5739587818124956e-14, ""mid_event"": ""200m""}",chain via 200m + residual k=-0.0000,100,300-400,300,400
Men,Sprints,200m,100m,72,quadratic,0.267,0.2307,0.0364,"{""intercept"": -26.509681503216783, ""slope"": 2.700606385133778, ""quad"": -0.04577834472697051}",-26.5097 + 2.7006×x + -0.045778×x²,100,300-400,300,400
Men,Sprints,200m,400m,67,knn_median,1.7284,1.635,0.0934,"{""k"": 20, ""n_train"": 67}",k=20 nearest neighbors,100,300-400,300,400
Men,Sprints,400m,100m,47,knn_median,0.3958,0.255,0.1408,"{""k"": 20, ""n_train"": 47}",k=20 nearest neighbors,100,300-400,300,400
Men,Sprints,400m,200m,67,knn_median,0.6149,0.485,0.1299,"{""k"": 20, ""n_train"": 67}",k=20 nearest neighbors,100,300-400,300,400
Women,Sprints,100m,200m,35,median_ratio,1.1659,0.8184,0.3474,"{""ratio"": 2.1605104096709202}",x × 2.1605,100,300-400,300,400
Women,Sprints,200m,100m,35,robust_trimmed_linear,0.3352,0.2882,0.047,"{""intercept"": 10.175470295630742, ""slope"": 0.1627241371577421}","{""intercept"": 10.175470295630742, ""slope"": 0.1627241371577421}",100,300-400,300,400
Women,Sprints,200m,400m,25,knn_median,2.5798,2.085,0.4948,"{""k"": 20, ""n_train"": 25}",k=20 nearest neighbors,100,300-400,300,400
Women,Sprints,400m,200m,25,knn_median,1.4492,0.955,0.4942,"{""k"": 20, ""n_train"": 25}",k=20 nearest neighbors,100,300-400,300,400
Men,Distance,800m,1500m,185,quadratic,6.9974,6.0621,0.9354,"{""intercept"": -203.93895073711053, ""slope"": 6.296348532987973, ""quad"": -0.019805834068777138}",-203.9390 + 6.2963×x + -0.019806×x²,100,300-400,300,400
Men,Distance,800m,5000m,58,multivariate_ols,47.2457,31.3203,15.9254,"{""intercept"": 464.4032507614363, ""coef_a"": -1.7085241822887092, ""coef_b"": 3.040188125948421, ""event_a"": ""800m"", ""event_b"": ""1500m""}",464.40 + -1.7085×800m + 3.0402×1500m,100,300-400,300,400
Men,Distance,1500m,800m,185,knn_median,3.7454,3.0,0.7454,"{""k"": 20, ""n_train"": 185}",k=20 nearest neighbors,100,300-400,300,400
Men,Distance,1500m,5000m,111,median_ratio,30.8609,28.5179,2.3429,"{""ratio"": 3.816541565352222}",x × 3.8165,100,300-400,300,400
Men,Distance,5000m,800m,58,knn_median,4.2245,4.075,0.1495,"{""k"": 20, ""n_train"": 58}",k=20 nearest neighbors,100,300-400,300,400
Men,Distance,5000m,1500m,111,knn_median,6.796,6.195,0.601,"{""k"": 20, ""n_train"": 111}",k=20 nearest neighbors,100,300-400,300,400
Women,Distance,800m,1500m,72,robust_trimmed_linear,7.1226,5.997,1.1256,"{""intercept"": 93.06407648731056, ""slope"": 1.4960009032999348}","{""intercept"": 93.06407648731056, ""slope"": 1.4960009032999348}",100,300-400,300,400
Women,Distance,1500m,800m,72,median_ratio,4.0298,3.9313,0.0985,"{""ratio"": 0.4953557502632391}",x × 0.4954,100,300-400,300,400
Men,Sprints,100m,200m,98,log_linear,0.5345,0.5266,0.0079,"{""intercept"": 1.3015611474590012, ""slope"": 0.7743524015051078}",exp(1.3016 + 0.7744×log(x)),100,350-450,350,450
Men,Sprints,100m,400m,56,multivariate_ols,1.8884,1.1697,0.7187,"{""intercept"": 8.82866082143886, ""coef_a"": -1.9535501638108226, ""coef_b"": 2.888065369315643, ""event_a"": ""100m"", ""event_b"": ""200m""}",8.83 + -1.9536×100m + 2.8881×200m,100,350-450,350,450
Men,Sprints,200m,100m,98,binned_ratio,0.2625,0.2168,0.0457,"{""edges"": [24.605, 25.265, 25.65, 26.1, 26.244999999999997, 26.59, 27.055, 27.66, 31.405], ""ratios"": [0.48968289995089476, 0.4884224643860551, 0.49540224604858984, 0.48897521771795605, 0.48210175594906635, 0.48246191978102626, 0.4779112807158321, 0.46632807220726746, 0.41266953974739273]}",9 bins (see JSON),100,350-450,350,450
Men,Sprints,200m,400m,84,quadratic,1.7264,1.5366,0.1898,"{""intercept"": 231.4686216592859, ""slope"": -14.716034162729303, ""quad"": 0.31014995899151343}",231.4686 + -14.7160×x + 0.310150×x²,100,350-450,350,450
Men,Sprints,400m,100m,56,knn_median,0.3284,0.315,0.0134,"{""k"": 20, ""n_train"": 56}",k=20 nearest neighbors,100,350-450,350,450
Men,Sprints,400m,200m,84,knn_median,0.5925,0.4975,0.095,"{""k"": 20, ""n_train"": 84}",k=20 nearest neighbors,100,350-450,350,450
Women,Sprints,100m,200m,44,binned_ratio,0.7704,0.5036,0.2668,"{""edges"": [14.16, 14.54, 14.75, 15.03, 15.21, 15.5, 15.75, 15.9, 16.200000000000003], ""ratios"": [2.1649122807017545, 2.1884852638793695, 2.1596467391304346, 2.1310160427807485, 2.084155161078238, 2.10077519379845, 2.1013299556681444, 2.1973434535104364, 2.053058023747224]}",9 bins (see JSON),100,350-450,350,450
Women,Sprints,200m,100m,44,quadratic,0.3795,0.2841,0.0955,"{""intercept"": -67.64669010506718, ""slope"": 4.671070200703608, ""quad"": -0.06516563493013688}",-67.6467 + 4.6711×x + -0.065166×x²,100,350-450,350,450
Women,Sprints,200m,400m,25,knn_median,3.1589,2.11,1.0489,"{""k"": 20, ""n_train"": 25}",k=20 nearest neighbors,100,350-450,350,450
Women,Sprints,400m,200m,25,robust_trimmed_linear,1.0909,0.8249,0.266,"{""intercept"": 21.795045404134004, ""slope"": 0.14550223784822938}","{""intercept"": 21.795045404134004, ""slope"": 0.14550223784822938}",100,350-450,350,450
Men,Distance,800m,1500m,208,knn_median,7.7339,7.3425,0.3914,"{""k"": 20, ""n_train"": 208}",k=20 nearest neighbors,100,350-450,350,450
Men,Distance,800m,5000m,74,chain_residual_adjusted,38.1815,29.6071,8.5744,"{""from_to_mid"": {""intercept"": 139.84756237127195, ""slope"": 1.0111988843802067}, ""mid_to_to"": {""intercept"": 313.8542933106412, ""slope"": 2.679957098107333}, ""residual_k"": 2.63545382578299e-13, ""mid_event"": ""1500m""}",chain via 1500m + residual k=0.0000,100,350-450,350,450
Men,Distance,1500m,800m,208,robust_trimmed_linear,3.0432,2.6416,0.4017,"{""intercept"": 96.1316342126302, ""slope"": 0.14041654569542453}","{""intercept"": 96.1316342126302, ""slope"": 0.14041654569542453}",100,350-450,350,450
Men,Distance,1500m,5000m,159,robust_trimmed_linear,25.3134,23.7302,1.5831,"{""intercept"": 337.9079018933393, ""slope"": 2.5637808227676286}","{""intercept"": 337.9079018933393, ""slope"": 2.5637808227676286}",100,350-450,350,450
Men,Distance,5000m,800m,74,knn_median,4.0965,2.9725,1.124,"{""k"": 20, ""n_train"": 74}",k=20 nearest neighbors,100,350-450,350,450
Men,Distance,5000m,1500m,159,robust_trimmed_linear,6.2835,5.8386,0.4448,"{""intercept"": 122.41373002573985, ""slope"": 0.14765835029889157}","{""intercept"": 122.41373002573985, ""slope"": 0.14765835029889157}",100,350-450,350,450
Women,Distance,800m,1500m,102,robust_trimmed_linear,7.1689,6.8694,0.2996,"{""intercept"": 162.59457821269126, ""slope"": 1.0863449918897727}","{""intercept"": 162.59457821269126, ""slope"": 1.0863449918897727}",100,350-450,350,450
Women,Distance,800m,5000m,29,linear_ols,41.3774,41.3774,0.0,"{""intercept"": 760.2753629160117, ""slope"": 3.2928443887422953}",760.2754 + 3.2928×x,100,350-450,350,450
Women,Distance,1500m,800m,102,quadratic,3.8986,3.6655,0.2331,"{""intercept"": 62.96637333869256, ""slope"": 0.25931828922686806, ""quad"": 0.00015933914217779646}",62.9664 + 0.2593×x + 0.000159×x²,100,350-450,350,450
Women,Distance,1500m,5000m,35,quadratic,42.5141,41.8432,0.671,"{""intercept"": -1818.6994404047891, ""slope"": 15.287392771195227, ""quad"": -0.017969505238481884}",-1818.6994 + 15.2874×x + -0.017970×x²,100,350-450,350,450
Women,Distance,5000m,800m,29,knn_median,7.7237,5.775,1.9487,"{""k"": 20, ""n_train"": 29}",k=20 nearest neighbors,100,350-450,350,450
Women,Distance,5000m,1500m,35,linear_ols,11.7318,11.7318,0.0,"{""intercept"": 147.7070609459073, ""slope"": 0.15764059779029857}",147.7071 + 0.1576×x,100,350-450,350,450
Men,Sprints,100m,200m,132,robust_trimmed_linear,0.5238,0.5071,0.0167,"{""intercept"": 11.740296174693464, ""slope"": 1.1164591586335437}","{""intercept"": 11.740296174693464, ""slope"": 1.1164591586335437}",100,400-500,400,500
Men,Sprints,100m,400m,61,chain_residual_adjusted,2.0318,1.3212,0.7106,"{""from_to_mid"": {""intercept"": 1.3806431042719218, ""slope"": 1.9388309037478824}, ""mid_to_to"": {""intercept"": -10.060681720105585, ""slope"": 2.666598744682024}, ""residual_k"": 2.482971960517965e-14, ""mid_event"": ""200m""}",chain via 200m + residual k=0.0000,100,400-500,400,500
Men,Sprints,200m,100m,132,ratio_linear,0.2178,0.2129,0.0049,"{""intercept"": 0.7560952162148094, ""slope"": -0.010521263425969238}",x × (0.7561 + -0.010521×x),100,400-500,400,500
Men,Sprints,200m,400m,96,knn_median,1.4866,1.4375,0.0491,"{""k"": 20, ""n_train"": 96}",k=20 nearest neighbors,100,400-500,400,500
Men,Sprints,400m,100m,61,knn_median,0.2607,0.195,0.0657,"{""k"": 20, ""n_train"": 61}",k=20 nearest neighbors,100,400-500,400,500
Men,Sprints,400m,200m,96,knn_median,0.6498,0.6075,0.0423,"{""k"": 20, ""n_train"": 96}",k=20 nearest neighbors,100,400-500,400,500
Women,Sprints,100m,200m,51,robust_trimmed_linear,0.5483,0.4808,0.0674,"{""intercept"": 13.117860976765236, ""slope"": 1.2410051904645392}","{""intercept"": 13.117860976765236, ""slope"": 1.2410051904645392}",100,400-500,400,500
Women,Sprints,200m,100m,51,median_ratio,0.2619,0.23,0.0319,"{""ratio"": 0.4692597239648683}",x × 0.4693,100,400-500,400,500
Women,Sprints,200m,400m,32,log_linear,2.0033,1.8923,0.111,"{""intercept"": 2.515832384489568, ""slope"": 0.5066958149729744}",exp(2.5158 + 0.5067×log(x)),100,400-500,400,500
Women,Sprints,400m,200m,32,knn_median,0.9658,0.64,0.3258,"{""k"": 20, ""n_train"": 32}",k=20 nearest neighbors,100,400-500,400,500
Men,Distance,800m,1500m,212,binned_ratio,6.3655,5.981,0.3845,"{""edges"": [125.28, 129.025, 131.515, 132.555, 134.14, 135.28, 136.63, 139.89, 150.27499999999998], ""ratios"": [2.1382219502384627, 2.088242236302889, 2.084750312561874, 2.081663440223606, 2.0440356579857584, 2.0558063248607374, 2.0623280354403892, 1.9748791259802807, 1.8590813281193217]}",9 bins (see JSON),100,400-500,400,500
Men,Distance,800m,5000m,77,multivariate_ols,30.1627,25.918,4.2447,"{""intercept"": 395.5505239854581, ""coef_a"": 0.1534383923921805, ""coef_b"": 2.285329973485607, ""event_a"": ""800m"", ""event_b"": ""1500m""}",395.55 + 0.1534×800m + 2.2853×1500m,100,400-500,400,500
Men,Distance,1500m,800m,212,quadratic,2.6424,2.5502,0.0922,"{""intercept"": -409.6650590000864, ""slope"": 3.7596648758775744, ""quad"": -0.006483604843727175}",-409.6651 + 3.7597×x + -0.006484×x²,100,400-500,400,500
Men,Distance,1500m,5000m,188,quadratic,22.6455,22.3111,0.3343,"{""intercept"": -1664.6230663378883, ""slope"": 17.710489404189804, ""quad"": -0.028683143070644516}",-1664.6231 + 17.7105×x + -0.028683×x²,100,400-500,400,500
Men,Distance,5000m,800m,77,robust_trimmed_linear,2.7297,2.5492,0.1805,"{""intercept"": 116.79316573054967, ""slope"": 0.017158949241122868}","{""intercept"": 116.79316573054967, ""slope"": 0.017158949241122868}",100,400-500,400,500
Men,Distance,5000m,1500m,188,quadratic,5.4183,5.0464,0.3719,"{""intercept"": -136.93007593721987, ""slope"": 0.6949860881242157, ""quad"": -0.0002870846433061509}",-136.9301 + 0.6950×x + -0.000287×x²,100,400-500,400,500
Women,Distance,800m,1500m,127,knn_median,7.1347,6.83,0.3047,"{""k"": 20, ""n_train"": 127}",k=20 nearest neighbors,100,400-500,400,500
Women,Distance,800m,5000m,33,quadratic,37.454,36.342,1.112,"{""intercept"": 1718.7433103368082, ""slope"": -6.851307208777797, ""quad"": 0.02538937774360195}",1718.7433 + -6.8513×x + 0.025389×x²,100,400-500,400,500
Women,Distance,1500m,800m,127,knn_median,3.3498,3.3,0.0498,"{""k"": 20, ""n_train"": 127}",k=20 nearest neighbors,100,400-500,400,500
Women,Distance,1500m,5000m,44,log_linear,35.5385,34.4004,1.1381,"{""intercept"": 4.820846149039097, ""slope"": 0.40235340833026934}",exp(4.8208 + 0.4024×log(x)),100,400-500,400,500
Women,Distance,5000m,800m,33,knn_median,5.5363,4.55,0.9863,"{""k"": 20, ""n_train"": 33}",k=20 nearest neighbors,100,400-500,400,500
Women,Distance,5000m,1500m,44,quadratic,9.5713,8.8482,0.723,"{""intercept"": -173.81828491215762, ""slope"": 0.6793973600125377, ""quad"": -0.0002141538689002232}",-173.8183 + 0.6794×x + -0.000214×x²,100,400-500,400,500
Men,Sprints,100m,200m,150,log_linear,0.4418,0.4308,0.011,"{""intercept"": 1.8549447870465876, ""slope"": 0.5489180876580295}",exp(1.8549 + 0.5489×log(x)),100,450-550,450,550
Men,Sprints,100m,400m,64,multivariate_ols,1.9849,1.5151,0.4697,"{""intercept"": 3.0244474852320877, ""coef_a"": -2.0837824154465068, ""coef_b"": 3.179157220325584, ""event_a"": ""100m"", ""event_b"": ""200m""}",3.02 + -2.0838×100m + 3.1792×200m,100,450-550,450,550
Men,Sprints,200m,100m,150,quadratic,0.2121,0.1974,0.0147,"{""intercept"": -17.542221026571063, ""slope"": 2.122457292485271, ""quad"": -0.03723661646345294}",-17.5422 + 2.1225×x + -0.037237×x²,100,450-550,450,550
Men,Sprints,200m,400m,109,knn_median,1.5154,1.15,0.3654,"{""k"": 20, ""n_train"": 109}",k=20 nearest neighbors,100,450-550,450,550
Men,Sprints,400m,100m,64,knn_median,0.3029,0.26,0.0429,"{""k"": 20, ""n_train"": 64}",k=20 nearest neighbors,100,450-550,450,550
Men,Sprints,400m,200m,109,ratio_linear,0.5036,0.4517,0.0519,"{""intercept"": 0.6851349117356111, ""slope"": -0.004226483509924215}",x × (0.6851 + -0.004226×x),100,450-550,450,550
Women,Sprints,100m,200m,66,robust_trimmed_linear,0.5425,0.4845,0.058,"{""intercept"": 4.846901192906721, ""slope"": 1.79056140491537}","{""intercept"": 4.846901192906721, ""slope"": 1.79056140491537}",100,450-550,450,550
Women,Sprints,200m,100m,66,quadratic,0.175,0.1715,0.0035,"{""intercept"": -41.82297897970724, ""slope"": 3.3143334041213013, ""quad"": -0.04823555660603346}",-41.8230 + 3.3143×x + -0.048236×x²,100,450-550,450,550
Women,Sprints,200m,400m,40,robust_trimmed_linear,1.7783,1.6724,0.1059,"{""intercept"": 33.00181551295547, ""slope"": 1.1803658804473258}","{""intercept"": 33.00181551295547, ""slope"": 1.1803658804473258}",100,450-550,450,550
Women,Sprints,400m,200m,40,linear_ols,0.6824,0.6824,0.0,"{""intercept"": 18.5604598305125, ""slope"": 0.17326435938533039}",18.5605 + 0.1733×x,100,450-550,450,550
Men,Distance,800m,1500m,234,ratio_linear,5.5537,5.3413,0.2125,"{""intercept"": 3.4371172409731248, ""slope"": -0.010479279737946988}",x × (3.4371 + -0.010479×x),100,450-550,450,550
Men,Distance,800m,5000m,80,knn_median,27.2982,20.025,7.2732,"{""k"": 20, ""n_train"": 80}",k=20 nearest neighbors,100,450-550,450,550
Men,Distance,1500m,800m,234,quadratic,2.46,2.3789,0.0812,"{""intercept"": -451.7738991677984, ""slope"": 4.124861394003358, ""quad"": -0.007271846064057556}",-451.7739 + 4.1249×x + -0.007272×x²,100,450-550,450,550
Men,Distance,1500m,5000m,203,robust_trimmed_linear,19.9546,19.1399,0.8147,"{""intercept"": 637.976079488069, ""slope"": 1.39882633917968}","{""intercept"": 637.976079488069, ""slope"": 1.39882633917968}",100,450-550,450,550
Men,Distance,5000m,800m,80,robust_trimmed_linear,2.8493,2.7665,0.0827,"{""intercept"": 102.57707986274833, ""slope"": 0.02965721441498627}","{""intercept"": 102.57707986274833, ""slope"": 0.02965721441498627}",100,450-550,450,550
Men,Distance,5000m,1500m,203,quadratic,5.3852,4.8717,0.5134,"{""intercept"": -497.6148560476414, ""slope"": 1.3999197772997636, ""quad"": -0.0006335559438206978}",-497.6149 + 1.3999×x + -0.000634×x²,100,450-550,450,550
Women,Distance,800m,1500m,138,knn_median,7.5439,5.63,1.9139,"{""k"": 20, ""n_train"": 138}",k=20 nearest neighbors,100,450-550,450,550
Women,Distance,800m,5000m,37,binned_ratio,38.4874,35.9404,2.547,"{""edges"": [151.805, 159.37, 163.015, 164.715, 166.525, 168.01, 172.43, 178.83499999999998, 187.7, 200.74], ""ratios"": [7.85732947168732, 7.826011276203825, 7.452598892065879, 7.732497050601698, 7.541776214704366, 7.66640682774179, 7.52746158497219, 7.5366564236861215, 7.009398868904172, 6.488940918601175]}",10 bins (see JSON),100,450-550,450,550
Women,Distance,1500m,800m,138,knn_median,3.9213,3.6325,0.2888,"{""k"": 20, ""n_train"": 138}",k=20 nearest neighbors,100,450-550,450,550
Women,Distance,1500m,5000m,56,robust_trimmed_linear,38.2857,35.783,2.5027,"{""intercept"": 496.43791203984154, ""slope"": 2.2944711945167264}","{""intercept"": 496.43791203984154, ""slope"": 2.2944711945167264}",100,450-550,450,550
Women,Distance,5000m,800m,37,knn_median,7.0417,4.92,2.1217,"{""k"": 20, ""n_train"": 37}",k=20 nearest neighbors,100,450-550,450,550
Women,Distance,5000m,1500m,56,ratio_linear,8.7405,8.6205,0.12,"{""intercept"": 0.3744083432587474, ""slope"": -8.472051218033513e-05}",x × (0.3744 + -0.000085×x),100,450-550,450,550
Men,Sprints,100m,200m,196,knn_median,0.4498,0.4025,0.0473,"{""k"": 20, ""n_train"": 196}",k=20 nearest neighbors,100,500-600,500,600
Men,Sprints,100m,400m,70,robust_trimmed_linear,1.2998,1.217,0.0828,"{""intercept"": 34.4380633334715, ""slope"": 1.711928829988299}","{""intercept"": 34.4380633334715, ""slope"": 1.711928829988299}",100,500-600,500,600
Men,Sprints,200m,100m,196,binned_ratio,0.1829,0.1598,0.0231,"{""edges"": [23.759999999999998, 24.205, 24.525, 24.745, 24.915, 25.15, 25.479999999999997, 25.99, 29.35], ""ratios"": [0.4983191841121938, 0.4975267863514492, 0.4916429679678682, 0.4863413313268772, 0.4880886916438636, 0.48686906834579935, 0.48482469224868185, 0.4741771996285626, 0.4228979625302341]}",9 bins (see JSON),100,500-600,500,600
Men,Sprints,200m,400m,120,knn_median,1.1236,0.9475,0.1761,"{""k"": 20, ""n_train"": 120}",k=20 nearest neighbors,100,500-600,500,600
Men,Sprints,400m,100m,70,knn_median,0.2453,0.2375,0.0078,"{""k"": 20, ""n_train"": 70}",k=20 nearest neighbors,100,500-600,500,600
Men,Sprints,400m,200m,120,knn_median,0.4949,0.4775,0.0174,"{""k"": 20, ""n_train"": 120}",k=20 nearest neighbors,100,500-600,500,600
Women,Sprints,100m,200m,84,knn_median,0.5857,0.4,0.1857,"{""k"": 20, ""n_train"": 84}",k=20 nearest neighbors,100,500-600,500,600
Women,Sprints,200m,100m,84,quadratic,0.2012,0.1307,0.0704,"{""intercept"": -16.468667477441443, ""slope"": 1.7703634111058784, ""quad"": -0.02488704479923219}",-16.4687 + 1.7704×x + -0.024887×x²,100,500-600,500,600
Women,Sprints,200m,400m,46,binned_ratio,1.7874,1.3997,0.3877,"{""edges"": [28.14, 29.07, 29.3, 29.55, 29.66, 29.87, 30.52, 31.15, 31.47, 40.99], ""ratios"": [2.311808776311095, 2.3415977961432506, 2.2433537832310835, 2.2945945945945945, 2.2838840188806473, 2.2776109442776113, 2.284457478005865, 2.288504642971502, 2.217515923566879, 1.88972920224445]}",10 bins (see JSON),100,500-600,500,600
Women,Sprints,400m,200m,46,binned_ratio,0.6006,0.4412,0.1594,"{""edges"": [63.28, 65.62, 66.98, 68.16, 68.52, 68.96000000000001, 69.96000000000001, 70.9, 72.5, 79.07], ""ratios"": [0.45073812580231065, 0.4503200243828101, 0.44091316025067145, 0.43727126335821986, 0.4321761960326721, 0.42927823050058206, 0.4377406931964057, 0.43696655939555057, 0.42578124999999994, 0.37612242316934363]}",10 bins (see JSON),100,500-600,500,600
Men,Distance,800m,1500m,241,linear_ols,4.9296,4.9296,0.0,"{""intercept"": 181.565183286356, ""slope"": 0.6514606341537451}",181.5652 + 0.6515×x,100,500-600,500,600
Men,Distance,800m,5000m,86,knn_median,23.5531,22.29,1.2631,"{""k"": 20, ""n_train"": 86}",k=20 nearest neighbors,100,500-600,500,600
Men,Distance,1500m,800m,241,knn_median,2.4361,2.265,0.1711,"{""k"": 20, ""n_train"": 241}",k=20 nearest neighbors,100,500-600,500,600
Men,Distance,1500m,5000m,213,knn_median,20.8008,17.325,3.4758,"{""k"": 20, ""n_train"": 213}",k=20 nearest neighbors,100,500-600,500,600
Men,Distance,5000m,800m,86,log_linear,2.8894,2.8782,0.0112,"{""intercept"": 3.6377334083177923, ""slope"": 0.17768831987443343}",exp(3.6377 + 0.1777×log(x)),100,500-600,500,600
Men,Distance,5000m,1500m,213,knn_median,5.0199,4.54,0.4799,"{""k"": 20, ""n_train"": 213}",k=20 nearest neighbors,100,500-600,500,600
Women,Distance,800m,1500m,129,robust_trimmed_linear,5.8948,5.6737,0.2211,"{""intercept"": 192.9462689716172, ""slope"": 0.856796688551752}","{""intercept"": 192.9462689716172, ""slope"": 0.856796688551752}",100,500-600,500,600
Women,Distance,800m,5000m,43,quadratic,44.9217,35.8306,9.0911,"{""intercept"": -1760.8499840916966, ""slope"": 32.53656839637299, ""quad"": -0.0865521624115684}",-1760.8500 + 32.5366×x + -0.086552×x²,100,500-600,500,600
Women,Distance,1500m,800m,129,knn_median,3.4622,3.245,0.2172,"{""k"": 20, ""n_train"": 129}",k=20 nearest neighbors,100,500-600,500,600
Women,Distance,1500m,5000m,58,quadratic,31.3671,31.1267,0.2404,"{""intercept"": -3598.5130643670536, ""slope"": 26.744981939953412, ""quad"": -0.03662582848946819}",-3598.5131 + 26.7450×x + -0.036626×x²,100,500-600,500,600
Women,Distance,5000m,800m,43,linear_ols,4.0509,4.0509,0.0,"{""intercept"": 79.70658261412353, ""slope"": 0.06908450010842006}",79.7066 + 0.0691×x,100,500-600,500,600
Women,Distance,5000m,1500m,58,quadratic,8.8699,7.4613,1.4087,"{""intercept"": -1343.3369578517122, ""slope"": 2.5537728691620956, ""quad"": -0.0009665612383776246}",-1343.3370 + 2.5538×x + -0.000967×x²,100,500-600,500,600
Men,Sprints,100m,200m,224,log_linear,0.3632,0.3595,0.0037,"{""intercept"": 1.8415100267591595, ""slope"": 0.5476297837203956}",exp(1.8415 + 0.5476×log(x)),100,550-650,550,650
Men,Sprints,100m,400m,77,log_linear,0.9174,0.8946,0.0228,"{""intercept"": 3.0210039878214348, ""slope"": 0.39320351878570003}",exp(3.0210 + 0.3932×log(x)),100,550-650,550,650
Men,Sprints,200m,100m,224,quadratic,0.1724,0.1576,0.0148,"{""intercept"": -31.877974312462715, ""slope"": 3.351149416744101, ""quad"": -0.06369010423901891}",-31.8780 + 3.3511×x + -0.063690×x²,100,550-650,550,650
Men,Sprints,200m,400m,136,knn_median,0.8979,0.82,0.0779,"{""k"": 20, ""n_train"": 136}",k=20 nearest neighbors,100,550-650,550,650
Men,Sprints,400m,100m,77,linear_ols,0.1964,0.1964,0.0,"{""intercept"": 9.39395591133298, ""slope"": 0.04779569167364045}",9.3940 + 0.0478×x,100,550-650,550,650
Men,Sprints,400m,200m,136,quadratic,0.392,0.3784,0.0136,"{""intercept"": -69.88673662553155, ""slope"": 3.2333138557734467, ""quad"": -0.02755887130360527}",-69.8867 + 3.2333×x + -0.027559×x²,100,550-650,550,650
Women,Sprints,100m,200m,94,knn_median,0.4279,0.3975,0.0304,"{""k"": 20, ""n_train"": 94}",k=20 nearest neighbors,100,550-650,550,650
Women,Sprints,100m,400m,21,log_linear,1.8599,1.7726,0.0873,"{""intercept"": 1.9792557387209397, ""slope"": 0.8445498542182204}",exp(1.9793 + 0.8445×log(x)),100,550-650,550,650
Women,Sprints,200m,100m,94,robust_trimmed_linear,0.1849,0.1506,0.0344,"{""intercept"": 6.900131678306127, ""slope"": 0.2397602862435222}","{""intercept"": 6.900131678306127, ""slope"": 0.2397602862435222}",100,550-650,550,650
Women,Sprints,200m,400m,68,robust_trimmed_linear,1.5408,1.3873,0.1535,"{""intercept"": 38.06735726010929, ""slope"": 0.9560958448232942}","{""intercept"": 38.06735726010929, ""slope"": 0.9560958448232942}",100,550-650,550,650
Women,Sprints,400m,100m,21,log_linear,0.2495,0.2486,0.0009,"{""intercept"": 1.8954863048503983, ""slope"": 0.17438632708739243}",exp(1.8955 + 0.1744×log(x)),100,550-650,550,650
Women,Sprints,400m,200m,68,knn_median,0.5465,0.475,0.0715,"{""k"": 20, ""n_train"": 68}",k=20 nearest neighbors,100,550-650,550,650
Men,Distance,800m,1500m,239,quadratic,5.0496,4.849,0.2006,"{""intercept"": -511.54443785136925, ""slope"": 11.332389898592588, ""quad"": -0.0412713165992384}",-511.5444 + 11.3324×x + -0.041271×x²,100,550-650,550,650
Men,Distance,800m,5000m,86,binned_ratio,25.8072,22.513,3.2942,"{""edges"": [117.86500000000001, 123.065, 125.03, 126.38, 127.61, 129.095, 130.98000000000002, 134.37, 137.945], ""ratios"": [8.204463066177535, 7.802078023668529, 7.50606737873111, 7.563724892462103, 7.552120567807295, 7.523532950079282, 7.711733320570303, 7.358530137178828, 7.401091146387337]}",9 bins (see JSON),100,550-650,550,650
Men,Distance,1500m,800m,239,quadratic,2.5473,2.3445,0.2027,"{""intercept"": -485.91075855142276, ""slope"": 4.496216347544371, ""quad"": -0.00822022056561091}",-485.9108 + 4.4962×x + -0.008220×x²,100,550-650,550,650
Men,Distance,1500m,5000m,197,quadratic,20.704,18.5002,2.2038,"{""intercept"": -5595.26280908144, ""slope"": 49.31048144213212, ""quad"": -0.09228961014198296}",-5595.2628 + 49.3105×x + -0.092290×x²,100,550-650,550,650
Men,Distance,5000m,800m,86,robust_trimmed_linear,2.8124,2.6995,0.1129,"{""intercept"": 74.9959671885001, ""slope"": 0.05440979820328803}","{""intercept"": 74.9959671885001, ""slope"": 0.05440979820328803}",100,550-650,550,650
Men,Distance,5000m,1500m,197,knn_median,4.6123,4.225,0.3873,"{""k"": 20, ""n_train"": 197}",k=20 nearest neighbors,100,550-650,550,650
Women,Distance,800m,1500m,125,log_linear,6.5726,6.5073,0.0653,"{""intercept"": 3.4357146471150193, ""slope"": 0.46346464043792984}",exp(3.4357 + 0.4635×log(x)),100,550-650,550,650
Women,Distance,800m,5000m,43,median_ratio,43.0556,33.3143,9.7413,"{""ratio"": 7.421895424836601}",x × 7.4219,100,550-650,550,650
Women,Distance,1500m,800m,125,binned_ratio,4.0167,3.5079,0.5089,"{""edges"": [305.66, 315.31, 319.91, 323.11, 327.06, 333.27, 335.18, 337.97, 358.84000000000003], ""ratios"": [0.5024327276338001, 0.49313247673903404, 0.4986170245827765, 0.4926102281862593, 0.4937192456982181, 0.48334032480373945, 0.48922966764126735, 0.49056940030296725, 0.45747238280579244]}",9 bins (see JSON),100,550-650,550,650
Women,Distance,1500m,5000m,61,robust_trimmed_linear,32.3561,25.6032,6.7529,"{""intercept"": 417.36925871930305, ""slope"": 2.418368261541584}","{""intercept"": 417.36925871930305, ""slope"": 2.418368261541584}",100,550-650,550,650
Women,Distance,5000m,800m,43,robust_trimmed_linear,4.6155,4.03,0.5855,"{""intercept"": 84.66269039977404, ""slope"": 0.06365355427909355}","{""intercept"": 84.66269039977404, ""slope"": 0.06365355427909355}",100,550-650,550,650
Women,Distance,5000m,1500m,61,binned_ratio,8.247,6.7474,1.4996,"{""edges"": [1134.13, 1158.72, 1172.89, 1207.81, 1224.99, 1240.59, 1250.56, 1271.38, 1305.43], ""ratios"": [0.27285502749299706, 0.27561749571183536, 0.27656696610861575, 0.26522383487469053, 0.26794720812182743, 0.2686419075890552, 0.2758130016307997, 0.26178733320564385, 0.2547513079981309]}",9 bins (see JSON),100,550-650,550,650
Men,Sprints,100m,200m,234,knn_median,0.4327,0.385,0.0477,"{""k"": 20, ""n_train"": 234}",k=20 nearest neighbors,100,600-700,600,700
Men,Sprints,100m,400m,70,chain_residual_adjusted,0.9387,0.7112,0.2275,"{""from_to_mid"": {""intercept"": 6.236801822461235, ""slope"": 1.4864222606381634}, ""mid_to_to"": {""intercept"": 18.39367580891355, ""slope"": 1.4888430691194592}, ""residual_k"": 7.113723161025707e-16, ""mid_event"": ""200m""}",chain via 200m + residual k=0.0000,100,600-700,600,700
Men,Sprints,200m,100m,234,knn_median,0.1534,0.1425,0.0109,"{""k"": 20, ""n_train"": 234}",k=20 nearest neighbors,100,600-700,600,700
Men,Sprints,200m,400m,129,ratio_linear,0.883,0.8626,0.0204,"{""intercept"": 3.2955766690394346, ""slope"": -0.044206811155456154}",x × (3.2956 + -0.044207×x),100,600-700,600,700
Men,Sprints,400m,100m,70,robust_trimmed_linear,0.1751,0.1622,0.0129,"{""intercept"": 10.085486540103872, ""slope"": 0.032450144817749695}","{""intercept"": 10.085486540103872, ""slope"": 0.032450144817749695}",100,600-700,600,700
Men,Sprints,400m,200m,129,knn_median,0.3246,0.31,0.0146,"{""k"": 20, ""n_train"": 129}",k=20 nearest neighbors,100,600-700,600,700
Women,Sprints,100m,200m,104,log_linear,0.3886,0.3859,0.0027,"{""intercept"": 0.9456805527220187, ""slope"": 0.9216419653536204}",exp(0.9457 + 0.9216×log(x)),100,600-700,600,700
Women,Sprints,100m,400m,28,median_ratio,2.1623,2.0443,0.118,"{""ratio"": 4.74528485193917}",x × 4.7453,100,600-700,600,700
Women,Sprints,200m,100m,104,quadratic,0.1763,0.1624,0.0139,"{""intercept"": -46.65085200654511, ""slope"": 3.981462466373815, ""quad"": -0.06541499893607947}",-46.6509 + 3.9815×x + -0.065415×x²,100,600-700,600,700
Women,Sprints,200m,400m,72,knn_median,1.1293,1.0825,0.0468,"{""k"": 20, ""n_train"": 72}",k=20 nearest neighbors,100,600-700,600,700
Women,Sprints,400m,100m,28,log_linear,0.2887,0.2828,0.0059,"{""intercept"": 1.2625341459731383, ""slope"": 0.32430669197459505}",exp(1.2625 + 0.3243×log(x)),100,600-700,600,700
Women,Sprints,400m,200m,72,quadratic,0.4471,0.3861,0.061,"{""intercept"": -80.48481697734563, ""slope"": 3.1116541166691336, ""quad"": -0.022009588766906788}",-80.4848 + 3.1117×x + -0.022010×x²,100,600-700,600,700
Men,Distance,800m,1500m,195,robust_trimmed_linear,3.9936,3.6093,0.3844,"{""intercept"": 199.0295416160564, ""slope"": 0.46323019974371454}","{""intercept"": 199.0295416160564, ""slope"": 0.46323019974371454}",100,600-700,600,700
Men,Distance,800m,5000m,66,chain_residual_adjusted,24.8648,19.8666,4.9982,"{""from_to_mid"": {""intercept"": 106.22676940383042, ""slope"": 1.1696876122578994}, ""mid_to_to"": {""intercept"": 222.22393894146285, ""slope"": 2.931616177879221}, ""residual_k"": 3.966745435931233e-13, ""mid_event"": ""1500m""}",chain via 1500m + residual k=0.0000,100,600-700,600,700
Men,Distance,1500m,800m,195,linear_ols,2.3716,2.3716,0.0,"{""intercept"": 81.66450300708138, ""slope"": 0.16773030078285944}",81.6645 + 0.1677×x,100,600-700,600,700
Men,Distance,1500m,5000m,173,quadratic,18.6216,17.4501,1.1715,"{""intercept"": -5839.151016208441, ""slope"": 51.49236666228122, ""quad"": -0.09718929442030463}",-5839.1510 + 51.4924×x + -0.097189×x²,100,600-700,600,700
Men,Distance,5000m,800m,66,robust_trimmed_linear,2.8229,2.6901,0.1329,"{""intercept"": 77.20373273621696, ""slope"": 0.05092223023624621}","{""intercept"": 77.20373273621696, ""slope"": 0.05092223023624621}",100,600-700,600,700
Men,Distance,5000m,1500m,173,knn_median,4.1284,3.955,0.1734,"{""k"": 20, ""n_train"": 173}",k=20 nearest neighbors,100,600-700,600,700
Women,Distance,800m,1500m,113,ratio_linear,5.4777,5.4763,0.0014,"{""intercept"": 3.160611166056081, ""slope"": -0.007217593996433568}",x × (3.1606 + -0.007218×x),100,600-700,600,700
Women,Distance,800m,5000m,36,knn_median,35.1738,25.3375,9.8363,"{""k"": 20, ""n_train"": 36}",k=20 nearest neighbors,100,600-700,600,700
Women,Distance,1500m,800m,113,binned_ratio,3.9383,3.2885,0.6498,"{""edges"": [296.105, 304.645, 311.35, 315.13, 319.32500000000005, 322.44, 326.03, 330.97, 342.97], ""ratios"": [0.5049868068140401, 0.4973603702989188, 0.4801410005683826, 0.4896714218150904, 0.4884087115412038, 0.49704190338585863, 0.49618372381803244, 0.47192867057670196, 0.45374230982301655]}",9 bins (see JSON),100,600-700,600,700
Women,Distance,1500m,5000m,61,robust_trimmed_linear,30.3236,28.5326,1.791,"{""intercept"": 506.1815172938825, ""slope"": 2.123239598604349}","{""intercept"": 506.1815172938825, ""slope"": 2.123239598604349}",100,600-700,600,700
Women,Distance,5000m,800m,36,binned_ratio,4.2827,3.5191,0.7636,"{""edges"": [1103.92, 1136.73, 1153.54, 1160.46, 1178.635, 1192.0300000000002, 1214.365, 1234.04, 1287.4450000000002], ""ratios"": [0.13670834170863957, 0.135654414499843, 0.13097786989663351, 0.12932804451446753, 0.12911587418751685, 0.13745475392553308, 0.13567283896944488, 0.1275883720358043, 0.12687690814572605]}",9 bins (see JSON),100,600-700,600,700
Women,Distance,5000m,1500m,61,binned_ratio,5.8313,5.0339,0.7974,"{""edges"": [1133.37, 1153.36, 1162.2, 1172.89, 1183.78, 1200.39, 1220.51, 1244.61, 1322.7], ""ratios"": [0.2702600231014081, 0.27526643332838724, 0.27486803318022895, 0.2716335108826983, 0.2645592931118958, 0.26522383487469053, 0.2635235035145828, 0.25955118470846295, 0.24557096958231991]}",9 bins (see JSON),100,600-700,600,700
Men,Sprints,100m,200m,215,knn_median,0.3842,0.335,0.0492,"{""k"": 20, ""n_train"": 215}",k=20 nearest neighbors,100,650-750,650,750
Men,Sprints,100m,400m,62,chain_residual_adjusted,1.0409,0.6948,0.3461,"{""from_to_mid"": {""intercept"": 6.377714108463014, ""slope"": 1.4697565010598144}, ""mid_to_to"": {""intercept"": 39.40959060132701, ""slope"": 0.5990296955803173}, ""residual_k"": -8.05473465835958e-15, ""mid_event"": ""200m""}",chain via 200m + residual k=-0.0000,100,650-750,650,750
Men,Sprints,200m,100m,215,quadratic,0.1659,0.1284,0.0375,"{""intercept"": -51.90688094265429, ""slope"": 5.136486845492463, ""quad"": -0.10355298740969371}",-51.9069 + 5.1365×x + -0.103553×x²,100,650-750,650,750
Men,Sprints,200m,400m,126,ratio_linear,0.8084,0.7656,0.0428,"{""intercept"": 4.040996207583889, ""slope"": -0.07611920063122822}",x × (4.0410 + -0.076119×x),100,650-750,650,750
Men,Sprints,400m,100m,62,ratio_linear,0.1784,0.1781,0.0003,"{""intercept"": 0.4148497028375978, ""slope"": -0.0036387895824239367}",x × (0.4148 + -0.003639×x),100,650-750,650,750
Men,Sprints,400m,200m,126,log_linear,0.3193,0.309,0.0103,"{""intercept"": 2.748800073510818, ""slope"": 0.10515200643224876}",exp(2.7488 + 0.1052×log(x)),100,650-750,650,750
Women,Sprints,100m,200m,103,ratio_linear,0.4316,0.4298,0.0019,"{""intercept"": 2.1053020584082422, ""slope"": -0.0010573290090941244}",x × (2.1053 + -0.001057×x),100,650-750,650,750
Women,Sprints,100m,400m,31,knn_median,1.8224,1.6,0.2224,"{""k"": 20, ""n_train"": 31}",k=20 nearest neighbors,100,650-750,650,750
Women,Sprints,200m,100m,103,quadratic,0.1525,0.1442,0.0083,"{""intercept"": -35.854244353084695, ""slope"": 3.286536112083839, ""quad"": -0.054479647235109216}",-35.8542 + 3.2865×x + -0.054480×x²,100,650-750,650,750
Women,Sprints,200m,400m,64,quadratic,0.937,0.9003,0.0367,"{""intercept"": -356.40844189229654, ""slope"": 28.53320592908516, ""quad"": -0.4830016225226472}",-356.4084 + 28.5332×x + -0.483002×x²,100,650-750,650,750
Women,Sprints,400m,100m,31,robust_trimmed_linear,0.2705,0.2517,0.0188,"{""intercept"": 9.113664782180482, ""slope"": 0.06811823938492514}","{""intercept"": 9.113664782180482, ""slope"": 0.06811823938492514}",100,650-750,650,750
Women,Sprints,400m,200m,64,binned_ratio,0.4715,0.3811,0.0904,"{""edges"": [59.085, 61.47, 62.565, 63.22, 63.955, 64.69, 65.55, 66.22], ""ratios"": [0.44964839878752405, 0.4462267796013948, 0.44765052925516624, 0.4414134371234044, 0.44843196078395575, 0.436560255528338, 0.43687416653895006, 0.42888201258440406]}",8 bins (see JSON),100,650-750,650,750
Men,Distance,800m,1500m,188,robust_trimmed_linear,4.0936,3.8414,0.2523,"{""intercept"": 212.2374192819549, ""slope"": 0.3322463961058357}","{""intercept"": 212.2374192819549, ""slope"": 0.3322463961058357}",100,650-750,650,750
Men,Distance,800m,5000m,58,chain_residual_adjusted,24.9441,16.2286,8.7155,"{""from_to_mid"": {""intercept"": 159.7599543672317, ""slope"": 0.7321106953111697}, ""mid_to_to"": {""intercept"": -176.97937779804863, ""slope"": 4.522137315388458}, ""residual_k"": 3.982613941453115e-14, ""mid_event"": ""1500m""}",chain via 1500m + residual k=0.0000,100,650-750,650,750
Men,Distance,1500m,800m,188,knn_median,2.4423,2.3025,0.1398,"{""k"": 20, ""n_train"": 188}",k=20 nearest neighbors,100,650-750,650,750
Men,Distance,1500m,5000m,131,knn_median,21.4557,17.525,3.9307,"{""k"": 20, ""n_train"": 131}",k=20 nearest neighbors,100,650-750,650,750
Men,Distance,5000m,800m,58,knn_median,2.8208,2.7425,0.0783,"{""k"": 20, ""n_train"": 58}",k=20 nearest neighbors,100,650-750,650,750
Men,Distance,5000m,1500m,131,log_linear,3.4957,3.4511,0.0445,"{""intercept"": 3.0467215141054975, ""slope"": 0.36211624972098716}",exp(3.0467 + 0.3621×log(x)),100,650-750,650,750
Women,Distance,800m,1500m,89,quadratic,6.8673,6.3966,0.4707,"{""intercept"": -422.52048795294786, ""slope"": 8.64911804096202, ""quad"": -0.02519214571449061}",-422.5205 + 8.6491×x + -0.025192×x²,100,650-750,650,750
Women,Distance,800m,5000m,28,median_ratio,25.0955,21.878,3.2175,"{""ratio"": 7.422622807189837}",x × 7.4226,100,650-750,650,750
Women,Distance,1500m,800m,89,robust_trimmed_linear,2.9668,2.8772,0.0895,"{""intercept"": 73.70212466136297, ""slope"": 0.24992748779562807}","{""intercept"": 73.70212466136297, ""slope"": 0.24992748779562807}",100,650-750,650,750
Women,Distance,1500m,5000m,54,quadratic,27.703,23.3733,4.3297,"{""intercept"": -6724.446226737869, ""slope"": 48.428087060685016, ""quad"": -0.07413765370492935}",-6724.4462 + 48.4281×x + -0.074138×x²,100,650-750,650,750
Women,Distance,5000m,800m,28,binned_ratio,3.4887,2.2309,1.2578,"{""edges"": [1076.49, 1133.37, 1137.91, 1153.36, 1157.01, 1166.96, 1185.99, 1191.16, 1201.76, 1248.67], ""ratios"": [0.1349199713884941, 0.13669169510807735, 0.13694404654146636, 0.13217035444267186, 0.12895307732863154, 0.13615428654436082, 0.12543685731567983, 0.140771356805027, 0.13341104958574462, 0.13452713687363352]}",10 bins (see JSON),100,650-750,650,750
Women,Distance,5000m,1500m,54,quadratic,7.1104,5.6118,1.4987,"{""intercept"": -1395.9767447054646, ""slope"": 2.778918081825519, ""quad"": -0.001124014473934245}",-1395.9767 + 2.7789×x + -0.001124×x²,100,650-750,650,750
Men,Sprints,100m,200m,187,binned_ratio,0.3509,0.3194,0.0314,"{""edges"": [10.95, 11.13, 11.3, 11.37, 11.47, 11.56, 11.62, 11.81, 12.32], ""ratios"": [2.05877034358047, 2.030548068283917, 2.056, 2.044973544973545, 2.0341207349081367, 2.0414507772020727, 2.026701119724376, 1.991460290350128, 1.9865506329113922]}",9 bins (see JSON),100,700-800,700,800
Men,Sprints,100m,400m,53,multivariate_ols,0.8815,0.7205,0.1609,"{""intercept"": 44.40484630109975, ""coef_a"": -3.210862628067138, ""coef_b"": 1.9665408127303905, ""event_a"": ""100m"", ""event_b"": ""200m""}",44.40 + -3.2109×100m + 1.9665×200m,100,700-800,700,800
Men,Sprints,200m,100m,187,knn_median,0.165,0.155,0.01,"{""k"": 20, ""n_train"": 187}",k=20 nearest neighbors,100,700-800,700,800
Men,Sprints,200m,400m,103,knn_median,0.8194,0.72,0.0994,"{""k"": 20, ""n_train"": 103}",k=20 nearest neighbors,100,700-800,700,800
Men,Sprints,400m,100m,53,quadratic,0.2641,0.2598,0.0043,"{""intercept"": 1.7774969875488367, ""slope"": 0.34633330914622606, ""quad"": -0.0030011417952451177}",1.7775 + 0.3463×x + -0.003001×x²,100,700-800,700,800
Men,Sprints,400m,200m,103,knn_median,0.4009,0.365,0.0359,"{""k"": 20, ""n_train"": 103}",k=20 nearest neighbors,100,700-800,700,800
Women,Sprints,100m,200m,98,knn_median,0.4794,0.435,0.0444,"{""k"": 20, ""n_train"": 98}",k=20 nearest neighbors,100,700-800,700,800
Women,Sprints,100m,400m,32,knn_median,2.232,1.7275,0.5045,"{""k"": 20, ""n_train"": 32}",k=20 nearest neighbors,100,700-800,700,800
Women,Sprints,200m,100m,98,knn_median,0.1594,0.14,0.0194,"{""k"": 20, ""n_train"": 98}",k=20 nearest neighbors,100,700-800,700,800
Women,Sprints,200m,400m,54,quadratic,0.9233,0.8455,0.0778,"{""intercept"": -379.0964819497307, ""slope"": 30.429132813908844, ""quad"": -0.522251165430347}",-379.0965 + 30.4291×x + -0.522251×x²,100,700-800,700,800
Women,Sprints,400m,100m,32,robust_trimmed_linear,0.2069,0.1956,0.0113,"{""intercept"": 9.074364760721815, ""slope"": 0.06684823553464002}","{""intercept"": 9.074364760721815, ""slope"": 0.06684823553464002}",100,700-800,700,800
Women,Sprints,400m,200m,54,binned_ratio,0.5625,0.3983,0.1641,"{""edges"": [57.87, 60.495000000000005, 61.345, 62.230000000000004, 62.75, 63.14, 63.59, 64.21000000000001, 66.22], ""ratios"": [0.45115036237912376, 0.439246558397245, 0.4441749500351626, 0.4489364559600738, 0.44765052925516624, 0.4408916501419984, 0.4432551994418301, 0.44933485723714783, 0.41817051034928127]}",9 bins (see JSON),100,700-800,700,800
Men,Distance,800m,1500m,162,knn_median,4.2931,4.245,0.0481,"{""k"": 20, ""n_train"": 162}",k=20 nearest neighbors,100,700-800,700,800
Men,Distance,800m,5000m,54,multivariate_ols,24.6184,18.5092,6.1092,"{""intercept"": 283.9528073731044, ""coef_a"": -5.810671896098007, ""coef_b"": 5.545601405527093, ""event_a"": ""800m"", ""event_b"": ""1500m""}",283.95 + -5.8107×800m + 5.5456×1500m,100,700-800,700,800
Men,Distance,1500m,800m,162,knn_median,2.1204,1.82,0.3004,"{""k"": 20, ""n_train"": 162}",k=20 nearest neighbors,100,700-800,700,800
Men,Distance,1500m,5000m,113,binned_ratio,20.161,16.3458,3.8151,"{""edges"": [236.99, 240.535, 244.77499999999998, 246.875, 249.12, 250.935, 252.73000000000002, 255.775, 284.26], ""ratios"": [3.857739062819185, 3.8032630701133607, 3.7977237291968446, 3.7444254289937566, 3.787540739269244, 3.8156560508636037, 3.742224941726323, 3.615783135320325, 3.297650038696968]}",9 bins (see JSON),100,700-800,700,800
Men,Distance,5000m,800m,54,binned_ratio,3.2216,3.0532,0.1684,"{""edges"": [894.4449999999999, 911.29, 916.87, 923.685, 933.065, 941.17, 957.245, 975.4300000000001, 987.455], ""ratios"": [0.1354160373454566, 0.13088868573794443, 0.131654955964074, 0.13793642215986623, 0.13662675365411475, 0.13037476136109696, 0.1291700600477715, 0.1262066363636384, 0.11808021619755443]}",9 bins (see JSON),100,700-800,700,800
Men,Distance,5000m,1500m,113,knn_median,4.1753,4.015,0.1603,"{""k"": 20, ""n_train"": 113}",k=20 nearest neighbors,100,700-800,700,800
Women,Distance,800m,1500m,69,binned_ratio,7.2857,6.4869,0.7988,"{""edges"": [142.35000000000002, 144.43, 145.63, 147.16500000000002, 148.81, 149.82, 151.235, 154.63, 160.16], ""ratios"": [2.0850372603110436, 2.0715065542686695, 2.0785837098990783, 2.0270694012654102, 2.034317207469037, 2.006035959469303, 2.0203008749443674, 1.9899600849158512, 1.9661534546379946]}",9 bins (see JSON),100,700-800,700,800
Women,Distance,800m,5000m,24,binned_ratio,25.072,12.7315,12.3405,"{""edges"": [143.13, 145.24, 149.2, 150.29, 153.24, 154.96, 159.34, 160.44], ""ratios"": [7.426814783763013, 7.447261453668618, 7.7050277833567655, 7.731500633882698, 7.335899094437258, 7.3139519876097046, 7.248645893073344, 7.075432356187906]}",8 bins (see JSON),100,700-800,700,800
Women,Distance,1500m,800m,69,quadratic,2.9375,2.7442,0.1933,"{""intercept"": -466.958524926622, ""slope"": 3.8641293943824833, ""quad"": -0.006040016040823236}",-466.9585 + 3.8641×x + -0.006040×x²,100,700-800,700,800
Women,Distance,1500m,5000m,43,quadratic,18.0592,13.9573,4.1019,"{""intercept"": -6935.589510605076, ""slope"": 50.61633771386068, ""quad"": -0.0791720579438797}",-6935.5895 + 50.6163×x + -0.079172×x²,100,700-800,700,800
Women,Distance,5000m,800m,24,binned_ratio,4.3598,3.179,1.1808,"{""edges"": [1063.0, 1080.97, 1126.54, 1135.55, 1145.69, 1153.72, 1158.72, 1170.29], ""ratios"": [0.13806659848563038, 0.1349199713884941, 0.138167326366661, 0.13631594261680757, 0.13499288638287843, 0.13217035444267186, 0.12931509206676992, 0.13615428654436082]}",8 bins (see JSON),100,700-800,700,800
Women,Distance,5000m,1500m,43,binned_ratio,7.2016,5.9616,1.24,"{""edges"": [1065.79, 1092.93, 1112.05, 1133.37, 1137.91, 1153.36, 1156.66, 1166.0, 1178.5], ""ratios"": [0.27285502749299706, 0.2758822614440083, 0.26633694528123736, 0.2703276752507359, 0.2740146807724128, 0.27526643332838724, 0.27139398132134207, 0.27486803318022895, 0.2587350165774038]}",9 bins (see JSON),100,700-800,700,800
Men,Sprints,100m,200m,158,knn_median,0.3468,0.285,0.0618,"{""k"": 20, ""n_train"": 158}",k=20 nearest neighbors,100,750-850,750,850
Men,Sprints,100m,400m,33,log_linear,1.116,1.0304,0.0856,"{""intercept"": 4.07493712671518, ""slope"": -0.049618455735428384}",exp(4.0749 + -0.0496×log(x)),100,750-850,750,850
Men,Sprints,200m,100m,158,knn_median,0.1422,0.115,0.0272,"{""k"": 20, ""n_train"": 158}",k=20 nearest neighbors,100,750-850,750,850
Men,Sprints,200m,400m,67,knn_median,0.8658,0.725,0.1408,"{""k"": 20, ""n_train"": 67}",k=20 nearest neighbors,100,750-850,750,850
Men,Sprints,400m,100m,33,knn_median,0.3026,0.25,0.0526,"{""k"": 20, ""n_train"": 33}",k=20 nearest neighbors,100,750-850,750,850
Men,Sprints,400m,200m,67,knn_median,0.4529,0.4,0.0529,"{""k"": 20, ""n_train"": 67}",k=20 nearest neighbors,100,750-850,750,850
Women,Sprints,100m,200m,70,robust_trimmed_linear,0.4117,0.4063,0.0054,"{""intercept"": 11.537114825564188, ""slope"": 1.1833606888519643}","{""intercept"": 11.537114825564188, ""slope"": 1.1833606888519643}",100,750-850,750,850
Women,Sprints,100m,400m,24,quadratic,1.9361,1.4882,0.4479,"{""intercept"": -576.3182441610106, ""slope"": 92.90382338925299, ""quad"": -3.3769271352093373}",-576.3182 + 92.9038×x + -3.376927×x²,100,750-850,750,850
Women,Sprints,200m,100m,70,quadratic,0.1819,0.1562,0.0257,"{""intercept"": -21.383433922080627, ""slope"": 2.2512580801090736, ""quad"": -0.03616958183088249}",-21.3834 + 2.2513×x + -0.036170×x²,100,750-850,750,850
Women,Sprints,200m,400m,33,quadratic,1.0256,0.5946,0.431,"{""intercept"": -553.164976191682, ""slope"": 43.69391751813904, ""quad"": -0.7750703233233781}",-553.1650 + 43.6939×x + -0.775070×x²,100,750-850,750,850
Women,Sprints,400m,100m,24,robust_trimmed_linear,0.2317,0.1903,0.0413,"{""intercept"": 10.337420425151375, ""slope"": 0.04435382286501813}","{""intercept"": 10.337420425151375, ""slope"": 0.04435382286501813}",100,750-850,750,850
Women,Sprints,400m,200m,33,binned_ratio,0.4917,0.3221,0.1696,"{""edges"": [57.379999999999995, 58.620000000000005, 60.295, 61.025, 61.47, 62.185, 62.379999999999995, 63.25, 66.99], ""ratios"": [0.4481937433296883, 0.45403791780764513, 0.4357812444896497, 0.44855574846489976, 0.43972187302861765, 0.44912223384373673, 0.4519065388780932, 0.4205681075766008, 0.4199134199134199]}",9 bins (see JSON),100,750-850,750,850
Men,Distance,800m,1500m,113,robust_trimmed_linear,3.987,3.7274,0.2596,"{""intercept"": 221.66412487708956, ""slope"": 0.19585010491778246}","{""intercept"": 221.66412487708956, ""slope"": 0.19585010491778246}",100,750-850,750,850
Men,Distance,800m,5000m,36,chain_residual_adjusted,26.3377,16.5893,9.7484,"{""from_to_mid"": {""intercept"": 182.82059196363093, ""slope"": 0.5056324881986762}, ""mid_to_to"": {""intercept"": 395.93497850288384, ""slope"": 2.198899334308841}, ""residual_k"": -4.934713049575797e-14, ""mid_event"": ""1500m""}",chain via 1500m + residual k=-0.0000,100,750-850,750,850
Men,Distance,1500m,800m,113,knn_median,2.0699,1.605,0.4649,"{""k"": 20, ""n_train"": 113}",k=20 nearest neighbors,100,750-850,750,850
Men,Distance,1500m,5000m,77,binned_ratio,21.6455,17.8854,3.7601,"{""edges"": [236.56, 239.45, 240.88, 243.81, 244.97, 246.46, 247.63, 249.66, 253.99], ""ratios"": [3.858353357784242, 3.7954743979035817, 3.7952092328130194, 3.790082441245232, 3.805365017148457, 3.7386483632523757, 3.806793368378487, 3.658215172634783, 3.573186881670172]}",9 bins (see JSON),100,750-850,750,850
Men,Distance,5000m,800m,36,quadratic,3.3399,3.2482,0.0917,"{""intercept"": -867.5245451064154, ""slope"": 2.1355737138841007, ""quad"": -0.0011525015220495807}",-867.5245 + 2.1356×x + -0.001153×x²,100,750-850,750,850
Men,Distance,5000m,1500m,77,binned_ratio,3.3712,3.3542,0.017,"{""edges"": [891.26, 895.81, 903.24, 912.17, 917.38, 926.0, 941.94, 964.38, 986.78], ""ratios"": [0.272434530888854, 0.27341619349935176, 0.26902427509579385, 0.2636257874750313, 0.26258828145435525, 0.2653230229831901, 0.26154091901389703, 0.2544917318957027, 0.250152422264645]}",9 bins (see JSON),100,750-850,750,850
Women,Distance,800m,1500m,45,log_linear,4.3986,4.2748,0.1238,"{""intercept"": 3.959958956962023, ""slope"": 0.34754635822307495}",exp(3.9600 + 0.3475×log(x)),100,750-850,750,850
Women,Distance,1500m,800m,45,quadratic,2.916,2.7568,0.1592,"{""intercept"": -682.5773514644793, ""slope"": 5.388396251659376, ""quad"": -0.008734166605369196}",-682.5774 + 5.3884×x + -0.008734×x²,100,750-850,750,850
Women,Distance,1500m,5000m,27,quadratic,20.6132,20.263,0.3502,"{""intercept"": -3466.9508040028686, ""slope"": 28.47421496950649, ""quad"": -0.04404831268281144}",-3466.9508 + 28.4742×x + -0.044048×x²,100,750-850,750,850
Women,Distance,5000m,1500m,27,robust_trimmed_linear,6.4219,6.404,0.0179,"{""intercept"": 85.9850151787121, ""slope"": 0.1912330189758411}","{""intercept"": 85.9850151787121, ""slope"": 0.1912330189758411}",100,750-850,750,850
Men,Sprints,100m,200m,109,binned_ratio,0.2539,0.2291,0.0248,"{""edges"": [10.86, 10.99, 11.09, 11.13, 11.17, 11.26, 11.33, 11.48, 11.72], ""ratios"": [2.041208791208791, 2.042766151046406, 2.0351668169522092, 2.030548068283917, 2.025067144136079, 2.0401069518716577, 1.9929078014184398, 1.9763986013986015, 1.9538855678906915]}",9 bins (see JSON),100,800-900,800,900
Men,Sprints,100m,400m,22,knn_median,1.1141,0.955,0.1591,"{""k"": 20, ""n_train"": 22}",k=20 nearest neighbors,100,800-900,800,900
Men,Sprints,200m,100m,109,knn_median,0.1408,0.115,0.0258,"{""k"": 20, ""n_train"": 109}",k=20 nearest neighbors,100,800-900,800,900
Men,Sprints,200m,400m,44,binned_ratio,1.0445,0.673,0.3715,"{""edges"": [21.95, 22.33, 22.51, 22.61, 22.7, 22.87, 22.9, 23.12, 23.675], ""ratios"": [2.2284034373586614, 2.2364044943820223, 2.2407818747223454, 2.270473660911908, 2.2367724867724865, 2.2739244951712028, 2.241153342070773, 2.153114186851211, 2.1028628856437166]}",9 bins (see JSON),100,800-900,800,900
Men,Sprints,400m,100m,22,robust_trimmed_linear,0.2636,0.2321,0.0314,"{""intercept"": 10.305712567802159, ""slope"": 0.01985967231237368}","{""intercept"": 10.305712567802159, ""slope"": 0.01985967231237368}",100,800-900,800,900
Men,Sprints,400m,200m,44,robust_trimmed_linear,0.2786,0.2191,0.0595,"{""intercept"": 18.629745215443556, ""slope"": 0.07981592428720033}","{""intercept"": 18.629745215443556, ""slope"": 0.07981592428720033}",100,800-900,800,900
Women,Sprints,100m,200m,46,ratio_linear,0.3559,0.3518,0.0042,"{""intercept"": 2.9154900206609646, ""slope"": -0.06595514481541395}",x × (2.9155 + -0.065955×x),100,800-900,800,900
Women,Sprints,200m,100m,46,knn_median,0.1558,0.1325,0.0233,"{""k"": 20, ""n_train"": 46}",k=20 nearest neighbors,100,800-900,800,900
Men,Distance,800m,1500m,76,robust_trimmed_linear,3.4411,2.7417,0.6995,"{""intercept"": 238.34074177891188, ""slope"": 0.03068961097657258}","{""intercept"": 238.34074177891188, ""slope"": 0.03068961097657258}",100,800-900,800,900
Men,Distance,800m,5000m,24,knn_median,32.2159,19.215,13.0009,"{""k"": 20, ""n_train"": 24}",k=20 nearest neighbors,100,800-900,800,900
Men,Distance,1500m,800m,76,ratio_linear,2.024,2.0232,0.0009,"{""intercept"": 0.9868239074896837, ""slope"": -0.0020527793511020053}",x × (0.9868 + -0.002053×x),100,800-900,800,900
Men,Distance,1500m,5000m,57,binned_ratio,21.8082,12.3266,9.4816,"{""edges"": [235.4, 237.23, 239.45, 240.61, 242.32, 244.13, 246.05, 250.84, 270.21], ""ratios"": [3.860750764987286, 3.857124767854128, 3.7982830820770515, 3.7952092328130194, 3.80824305814967, 3.786261418096916, 3.6574278472733215, 3.570084516026152, 4.340809000407091]}",9 bins (see JSON),100,800-900,800,900
Men,Distance,5000m,800m,24,knn_median,3.0955,2.23,0.8655,"{""k"": 20, ""n_train"": 24}",k=20 nearest neighbors,100,800-900,800,900
Men,Distance,5000m,1500m,57,knn_median,3.8002,3.165,0.6352,"{""k"": 20, ""n_train"": 57}",k=20 nearest neighbors,100,800-900,800,900
Women,Distance,800m,1500m,24,linear_ols,3.0729,3.0729,0.0,"{""intercept"": 229.28446328994843, ""slope"": 0.42094722110627497}",229.2845 + 0.4209×x,100,800-900,800,900
Women,Distance,1500m,800m,24,median_ratio,2.923,2.0976,0.8255,"{""ratio"": 0.4989671111380862}",x × 0.4990,100,800-900,800,900
Men,Sprints,100m,200m,69,binned_ratio,0.2458,0.2075,0.0383,"{""edges"": [10.655000000000001, 10.905000000000001, 10.95, 11.024999999999999, 11.085, 11.105, 11.17, 11.34, 11.58], ""ratios"": [2.0632264877362814, 2.02845220925217, 2.0360930939203463, 2.036355852292713, 2.0487720067767095, 2.024319474327956, 1.998209489704566, 1.977988666356156, 1.975438596491228]}",9 bins (see JSON),100,850-950,850,950
Men,Sprints,200m,100m,69,knn_median,0.1327,0.11,0.0227,"{""k"": 20, ""n_train"": 69}",k=20 nearest neighbors,100,850-950,850,950
Men,Sprints,200m,400m,28,robust_trimmed_linear,0.826,0.5505,0.2755,"{""intercept"": 47.80578201732799, ""slope"": 0.09003684059582313}","{""intercept"": 47.80578201732799, ""slope"": 0.09003684059582313}",100,850-950,850,950
Men,Sprints,400m,200m,28,knn_median,0.3078,0.275,0.0328,"{""k"": 20, ""n_train"": 28}",k=20 nearest neighbors,100,850-950,850,950
Women,Sprints,100m,200m,25,binned_ratio,0.5255,0.412,0.1135,"{""edges"": [12.2, 12.34, 12.47, 12.53, 12.64, 12.7, 12.84, 13.05, 13.16], ""ratios"": [2.0798045602605866, 2.104501607717042, 2.1539695268644747, 2.086124401913876, 2.094220110847189, 2.104559748427673, 2.00855365474339, 2.025855513307985, 2.026595744680851]}",9 bins (see JSON),100,850-950,850,950
Women,Sprints,200m,100m,25,binned_ratio,0.2394,0.1467,0.0927,"{""edges"": [25.05, 25.58, 25.69, 26.16, 26.31, 26.64, 26.77, 26.93, 27.14], ""ratios"": [0.48702594810379235, 0.49921813917122754, 0.48773841961852854, 0.47935779816513757, 0.4815659445077917, 0.49343832020997375, 0.4727000747943157, 0.46465773809523814, 0.4591009579955785]}",9 bins (see JSON),100,850-950,850,950
Men,Distance,800m,1500m,43,knn_median,3.8496,2.395,1.4546,"{""k"": 20, ""n_train"": 43}",k=20 nearest neighbors,100,850-950,850,950
Men,Distance,1500m,800m,43,binned_ratio,1.7824,1.6135,0.1689,"{""edges"": [234.43, 237.0, 238.56, 238.96, 239.59, 240.3, 244.97, 249.64, 252.79], ""ratios"": [0.4938397919597562, 0.4963620981387479, 0.4854820463401349, 0.49283236511054457, 0.5003130347677283, 0.5009575353871774, 0.4653631056864106, 0.4575691763191764, 0.4564262826852328]}",9 bins (see JSON),100,850-950,850,950
Men,Distance,1500m,5000m,27,log_linear,16.8232,16.5478,0.2755,"{""intercept"": -2.3365663181944587, ""slope"": 1.6723186933522172}",exp(-2.3366 + 1.6723×log(x)),100,850-950,850,950
Men,Distance,5000m,1500m,27,quadratic,2.4324,1.8593,0.573,"{""intercept"": 498.79128312252516, ""slope"": -0.6050712483998167, ""quad"": 0.00035018487214485245}",498.7913 + -0.6051×x + 0.000350×x²,100,850-950,850,950
Men,Sprints,100m,200m,30,knn_median,0.171,0.16,0.011,"{""k"": 20, ""n_train"": 30}",k=20 nearest neighbors,100,900-1000,900,1000
Men,Sprints,200m,100m,30,binned_ratio,0.1515,0.1348,0.0167,"{""edges"": [21.56, 21.92, 22.0, 22.06, 22.1, 22.13, 22.18, 22.29, 22.38, 22.59], ""ratios"": [0.49650023331777887, 0.49771897810218974, 0.49863636363636366, 0.503398278205709, 0.49547101449275366, 0.49661093538183465, 0.49233543733092877, 0.4899057873485868, 0.48460508701472554, 0.4714222419140452]}",10 bins (see JSON),100,900-1000,900,1000
Men,Sprints,100m,200m,541,robust_trimmed_linear,0.4368,0.4059,0.0309,"{""intercept"": -1.7679789975496298, ""slope"": 2.1944967974265035}","{""intercept"": -1.7679789975496298, ""slope"": 2.1944967974265035}",150,all,,
Men,Sprints,100m,400m,190,chain_residual_adjusted,1.907,1.1384,0.7686,"{""from_to_mid"": {""intercept"": -5.712610167668789, ""slope"": 2.514353291878295}, ""mid_to_to"": {""intercept"": 1.0097576481720836, ""slope"": 2.2297692587081728}, ""residual_k"": -1.0543911079907788e-14, ""mid_event"": ""200m""}",chain via 200m + residual k=-0.0000,150,all,,
Men,Sprints,200m,100m,541,quadratic,0.1929,0.1832,0.0096,"{""intercept"": -4.028774697783996, ""slope"": 0.9208618870692122, ""quad"": -0.010911496503481857}",-4.0288 + 0.9209×x + -0.010911×x²,150,all,,
Men,Sprints,200m,400m,327,knn_median,1.2917,1.17,0.1217,"{""k"": 20, ""n_train"": 327}",k=20 nearest neighbors,150,all,,
Men,Sprints,400m,100m,190,quadratic,0.2951,0.2716,0.0235,"{""intercept"": -6.828836879894463, ""slope"": 0.5302953113424174, ""quad"": -0.003357691111844774}",-6.8288 + 0.5303×x + -0.003358×x²,150,all,,
Men,Sprints,400m,200m,327,robust_trimmed_linear,0.5312,0.5269,0.0043,"{""intercept"": 5.316680434099286, ""slope"": 0.35076558346754994}","{""intercept"": 5.316680434099286, ""slope"": 0.35076558346754994}",150,all,,
Women,Sprints,100m,200m,243,robust_trimmed_linear,0.4935,0.4824,0.0111,"{""intercept"": -4.194400585172293, ""slope"": 2.4012710847157988}","{""intercept"": -4.194400585172293, ""slope"": 2.4012710847157988}",150,all,,
Women,Sprints,100m,400m,62,multivariate_ols,2.0075,1.7492,0.2582,"{""intercept"": -5.379927200884765, ""coef_a"": 3.1837943885847526, ""coef_b"": 0.9361285321753603, ""event_a"": ""100m"", ""event_b"": ""200m""}",-5.38 + 3.1838×100m + 0.9361×200m,150,all,,
Women,Sprints,200m,100m,243,robust_trimmed_linear,0.2001,0.1868,0.0133,"{""intercept"": 3.391536562880555, ""slope"": 0.35939991388410086}","{""intercept"": 3.391536562880555, ""slope"": 0.35939991388410086}",150,all,,
Women,Sprints,200m,400m,145,median_ratio,1.5414,1.3139,0.2275,"{""ratio"": 2.2712407823020198}",x × 2.2712,150,all,,
Women,Sprints,400m,100m,62,robust_trimmed_linear,0.2977,0.2943,0.0034,"{""intercept"": 4.5900718223104295, ""slope"": 0.1409939278305339}","{""intercept"": 4.5900718223104295, ""slope"": 0.1409939278305339}",150,all,,
Women,Sprints,400m,200m,145,robust_trimmed_linear,0.5753,0.5211,0.0542,"{""intercept"": 2.7758258924144705, ""slope"": 0.3990014928723562}","{""intercept"": 2.7758258924144705, ""slope"": 0.3990014928723562}",150,all,,
Men,Distance,800m,1500m,686,robust_trimmed_linear,6.335,6.3045,0.0305,"{""intercept"": 19.841621332737333, ""slope"": 1.9114769284883035}","{""intercept"": 19.841621332737333, ""slope"": 1.9114769284883035}",150,all,,
Men,Distance,800m,5000m,201,chain_residual_adjusted,36.0962,23.74,12.3562,"{""from_to_mid"": {""intercept"": 38.8533811767945, ""slope"": 1.7322790966415693}, ""mid_to_to"": {""intercept"": 70.50488241019184, ""slope"": 3.5508581228925498}, ""residual_k"": 6.626758396161063e-14, ""mid_event"": ""1500m""}",chain via 1500m + residual k=0.0000,150,all,,
Men,Distance,1500m,800m,686,log_linear,3.005,2.9907,0.0143,"{""intercept"": -0.10002183729056924, ""slope"": 0.8886219982576907}",exp(-0.1000 + 0.8886×log(x)),150,all,,
Men,Distance,1500m,5000m,498,quadratic,23.2662,23.1139,0.1523,"{""intercept"": -61.99619327088524, ""slope"": 4.424432450556047, ""quad"": -0.0015374836691473474}",-61.9962 + 4.4244×x + -0.001537×x²,150,all,,
Men,Distance,5000m,800m,201,robust_trimmed_linear,4.1895,4.0998,0.0897,"{""intercept"": 26.987059966672078, ""slope"": 0.10359089115204338}","{""intercept"": 26.987059966672078, ""slope"": 0.10359089115204338}",150,all,,
Men,Distance,5000m,1500m,498,robust_trimmed_linear,6.0469,5.8169,0.23,"{""intercept"": 37.77182361422879, ""slope"": 0.22759083790619605}","{""intercept"": 37.77182361422879, ""slope"": 0.22759083790619605}",150,all,,
Women,Distance,800m,1500m,312,median_ratio,7.6871,7.6382,0.0489,"{""ratio"": 2.0280623519183143}",x × 2.0281,150,all,,
Women,Distance,800m,5000m,82,chain_residual_adjusted,48.1068,32.5694,15.5374,"{""from_to_mid"": {""intercept"": 81.00025040027043, ""slope"": 1.5125390034432715}, ""mid_to_to"": {""intercept"": -33.610508103144184, ""slope"": 3.860020725750451}, ""residual_k"": 8.318540946941974e-13, ""mid_event"": ""1500m""}",chain via 1500m + residual k=0.0000,150,all,,
Women,Distance,1500m,800m,312,ratio_linear,3.7362,3.6579,0.0783,"{""intercept"": 0.525997247680436, ""slope"": -0.00010164458974819595}",x × (0.5260 + -0.000102×x),150,all,,
Women,Distance,1500m,5000m,135,binned_ratio,32.8199,31.1624,1.6575,"{""edges"": [288.53999999999996, 304.28, 314.15999999999997, 319.995, 326.79999999999995, 338.045, 348.495, 361.41499999999996, 391.09], ""ratios"": [3.7432452425612626, 3.7142380799995993, 3.7206585651038657, 3.668461637644717, 3.789112137892479, 3.6957009495878426, 3.7327981703090014, 3.7422551335433623, 3.6178287035820342]}",9 bins (see JSON),150,all,,
Women,Distance,5000m,800m,82,median_ratio,6.2443,5.206,1.0382,"{""ratio"": 0.13419245370162436}",x × 0.1342,150,all,,
Women,Distance,5000m,1500m,135,binned_ratio,8.044,7.8785,0.1654,"{""edges"": [1073.0900000000001, 1134.395, 1160.46, 1187.3249999999998, 1230.53, 1252.295, 1305.52, 1370.685, 1470.01], ""ratios"": [0.27292167564315617, 0.270293849176072, 0.27330288017216897, 0.26489156399329317, 0.26824068131001144, 0.2705860490915196, 0.26315892411256986, 0.2654815138123071, 0.256949574752575]}",9 bins (see JSON),150,all,,
Men,Sprints,100m,200m,30,median_ratio,2.0618,1.4519,0.6099,"{""ratio"": 2.160725019446998}",x × 2.1607,150,0-150,0,150
Men,Sprints,100m,400m,27,quadratic,2.6139,1.8665,0.7473,"{""intercept"": 133.76339315621, ""slope"": -10.563854955899954, ""quad"": 0.42459797258201304}",133.7634 + -10.5639×x + 0.424598×x²,150,0-150,0,150
Men,Sprints,200m,100m,30,binned_ratio,0.6548,0.3869,0.2679,"{""edges"": [24.43, 27.26, 27.81, 28.95, 29.68, 30.45, 30.87, 31.28, 32.06, 33.64], ""ratios"": [0.492001729355815, 0.47832530566876624, 0.46024355300859593, 0.49459742070407803, 0.4568733153638814, 0.4663382594417077, 0.4700356333009394, 0.411764705882353, 0.41357437361243254, 0.45541022592152197]}",10 bins (see JSON),150,0-150,0,150
Men,Sprints,200m,400m,31,robust_trimmed_linear,3.1101,2.6063,0.5038,"{""intercept"": 44.0008093041438, ""slope"": 0.8259139394485234}","{""intercept"": 44.0008093041438, ""slope"": 0.8259139394485234}",150,0-150,0,150
Men,Sprints,400m,100m,27,median_ratio,0.5518,0.5205,0.0313,"{""ratio"": 0.20154577883472058}",x × 0.2015,150,0-150,0,150
Men,Sprints,400m,200m,31,binned_ratio,1.4508,1.2546,0.1962,"{""edges"": [59.81, 63.9, 64.81, 67.14, 67.5, 68.45, 69.14, 70.1, 71.85, 76.4, 77.78999999999999], ""ratios"": [0.4278548737669286, 0.4515118282939057, 0.47153217096127137, 0.4302586335775153, 0.4498146775389177, 0.4174305252437073, 0.43780734741105004, 0.4084367945823928, 0.42379958246346555, 0.4212248102590944, 0.40532202082529895]}",11 bins (see JSON),150,0-150,0,150
Men,Distance,800m,1500m,59,quadratic,11.2017,8.5806,2.6211,"{""intercept"": 2129.6903475087997, ""slope"": -24.321794883538892, ""quad"": 0.08142382960192211}",2129.6903 + -24.3218×x + 0.081424×x²,150,0-150,0,150
Men,Distance,800m,5000m,26,median_ratio,59.1409,48.5665,10.5745,"{""ratio"": 7.862808493835883}",x × 7.8628,150,0-150,0,150
Men,Distance,1500m,800m,59,robust_trimmed_linear,4.5969,4.2783,0.3186,"{""intercept"": 65.11244809810712, ""slope"": 0.28977274044275964}","{""intercept"": 65.11244809810712, ""slope"": 0.28977274044275964}",150,0-150,0,150
Men,Distance,1500m,5000m,39,log_linear,36.5343,35.7725,0.7618,"{""intercept"": 3.1661744273461045, ""slope"": 0.6822117170110394}",exp(3.1662 + 0.6822×log(x)),150,0-150,0,150
Men,Distance,5000m,800m,26,median_ratio,10.4689,6.1751,4.2938,"{""ratio"": 0.1271810205575671}",x × 0.1272,150,0-150,0,150
Men,Distance,5000m,1500m,39,linear_ols,9.0557,9.0557,0.0,"{""intercept"": 122.48029046712224, ""slope"": 0.16385472449431168}",122.4803 + 0.1639×x,150,0-150,0,150
Men,Sprints,100m,200m,36,quadratic,1.3538,1.1217,0.232,"{""intercept"": 2.6940768120667986, ""slope"": 2.769927097357136, ""quad"": -0.05841626888481609}",2.6941 + 2.7699×x + -0.058416×x²,150,50-200,50,200
Men,Sprints,100m,400m,35,quadratic,2.4125,2.298,0.1146,"{""intercept"": 243.45284674684808, ""slope"": -26.15567999698791, ""quad"": 0.9715314565745674}",243.4528 + -26.1557×x + 0.971531×x²,150,50-200,50,200
Men,Sprints,200m,100m,36,robust_trimmed_linear,0.4818,0.4763,0.0055,"{""intercept"": 6.610345556777003, ""slope"": 0.24026681198536648}","{""intercept"": 6.610345556777003, ""slope"": 0.24026681198536648}",150,50-200,50,200
Men,Sprints,200m,400m,36,knn_median,2.4225,2.1925,0.23,"{""k"": 20, ""n_train"": 36}",k=20 nearest neighbors,150,50-200,50,200
Men,Sprints,400m,100m,35,median_ratio,0.5436,0.5214,0.0221,"{""ratio"": 0.20327204285507458}",x × 0.2033,150,50-200,50,200
Men,Sprints,400m,200m,36,linear_ols,1.2429,1.2429,0.0,"{""intercept"": 11.058173515042363, ""slope"": 0.2661924615270835}",11.0582 + 0.2662×x,150,50-200,50,200
Men,Distance,800m,1500m,88,robust_trimmed_linear,10.9827,10.582,0.4007,"{""intercept"": 158.8886586730619, ""slope"": 1.010816260980364}","{""intercept"": 158.8886586730619, ""slope"": 1.010816260980364}",150,50-200,50,200
Men,Distance,800m,5000m,44,ratio_linear,46.3044,42.5796,3.7248,"{""intercept"": 15.436868224409134, ""slope"": -0.05054661451039625}",x × (15.4369 + -0.050547×x),150,50-200,50,200
Men,Distance,1500m,800m,88,knn_median,4.9537,4.575,0.3787,"{""k"": 20, ""n_train"": 88}",k=20 nearest neighbors,150,50-200,50,200
Men,Distance,1500m,5000m,62,knn_median,38.5605,32.0075,6.553,"{""k"": 20, ""n_train"": 62}",k=20 nearest neighbors,150,50-200,50,200
Men,Distance,5000m,800m,44,binned_ratio,9.0921,6.963,2.1291,"{""edges"": [1062.38, 1111.29, 1122.73, 1165.22, 1173.14, 1180.6, 1208.04, 1257.55, 1299.33], ""ratios"": [0.14874126979698502, 0.13721607454863133, 0.13611464911421267, 0.12279606669516889, 0.11852805291781032, 0.12580697155557818, 0.1271691614783415, 0.12754107261852854, 0.1269067782742493]}",9 bins (see JSON),150,50-200,50,200
Men,Distance,5000m,1500m,62,quadratic,9.6231,8.2575,1.3656,"{""intercept"": 1270.2031203226534, ""slope"": -1.8068365187127218, ""quad"": 0.000838708397632679}",1270.2031 + -1.8068×x + 0.000839×x²,150,50-200,50,200
Women,Distance,800m,1500m,25,ratio_linear,17.4981,17.1341,0.364,"{""intercept"": 1.7675236008934516, ""slope"": 0.0012363092737893587}",x × (1.7675 + 0.001236×x),150,50-200,50,200
Women,Distance,1500m,800m,25,knn_median,5.694,4.88,0.814,"{""k"": 20, ""n_train"": 25}",k=20 nearest neighbors,150,50-200,50,200
Men,Sprints,100m,200m,35,median_ratio,0.9835,0.8948,0.0887,"{""ratio"": 2.109798471160528}",x × 2.1098,150,100-250,100,250
Men,Sprints,100m,400m,37,robust_trimmed_linear,2.3811,2.1578,0.2233,"{""intercept"": 54.867832043656634, ""slope"": 0.8438760234698086}","{""intercept"": 54.867832043656634, ""slope"": 0.8438760234698086}",150,100-250,100,250
Men,Sprints,200m,100m,35,quadratic,0.3878,0.3316,0.0561,"{""intercept"": -17.18967823513853, ""slope"": 1.904150884963195, ""quad"": -0.028966767016705575}",-17.1897 + 1.9042×x + -0.028967×x²,150,100-250,100,250
Men,Sprints,200m,400m,42,linear_ols,1.8436,1.8436,0.0,"{""intercept"": 37.27911869728443, ""slope"": 0.9867287055324628}",37.2791 + 0.9867×x,150,100-250,100,250
Men,Sprints,400m,100m,37,robust_trimmed_linear,0.4635,0.4184,0.0451,"{""intercept"": 10.4734699142037, ""slope"": 0.049672149646391564}","{""intercept"": 10.4734699142037, ""slope"": 0.049672149646391564}",150,100-250,100,250
Men,Sprints,400m,200m,42,robust_trimmed_linear,1.1485,1.1093,0.0393,"{""intercept"": 11.707036333077756, ""slope"": 0.259069221602381}","{""intercept"": 11.707036333077756, ""slope"": 0.259069221602381}",150,100-250,100,250
Men,Distance,800m,1500m,117,knn_median,8.63,8.325,0.305,"{""k"": 20, ""n_train"": 117}",k=20 nearest neighbors,150,100-250,100,250
Men,Distance,800m,5000m,48,multivariate_ols,40.3568,35.6755,4.6814,"{""intercept"": 604.4161645600698, ""coef_a"": -1.0845048030949813, ""coef_b"": 2.3387577020239183, ""event_a"": ""800m"", ""event_b"": ""1500m""}",604.42 + -1.0845×800m + 2.3388×1500m,150,100-250,100,250
Men,Distance,1500m,800m,117,knn_median,4.753,4.62,0.133,"{""k"": 20, ""n_train"": 117}",k=20 nearest neighbors,150,100-250,100,250
Men,Distance,1500m,5000m,77,knn_median,37.8511,30.985,6.8661,"{""k"": 20, ""n_train"": 77}",k=20 nearest neighbors,150,100-250,100,250
Men,Distance,5000m,800m,48,robust_trimmed_linear,8.1575,7.6872,0.4703,"{""intercept"": 125.61513191785846, ""slope"": 0.01879156367775113}","{""intercept"": 125.61513191785846, ""slope"": 0.01879156367775113}",150,100-250,100,250
Men,Distance,5000m,1500m,77,quadratic,8.7559,8.0268,0.729,"{""intercept"": 64.01324448441197, ""slope"": 0.2741731075716585, ""quad"": -5.8058904210332306e-05}",64.0132 + 0.2742×x + -0.000058×x²,150,100-250,100,250
Women,Distance,800m,1500m,40,linear_ols,12.4272,12.4272,0.0,"{""intercept"": 79.1061501248787, ""slope"": 1.6076411132312038}",79.1062 + 1.6076×x,150,100-250,100,250
Women,Distance,1500m,800m,40,log_linear,4.5387,4.4335,0.1052,"{""intercept"": 2.0699468422621425, ""slope"": 0.5362657630396688}",exp(2.0699 + 0.5363×log(x)),150,100-250,100,250
Men,Sprints,100m,200m,51,quadratic,0.8186,0.6533,0.1653,"{""intercept"": 22.484165657017204, ""slope"": -0.9536447004911872, ""quad"": 0.10330641028420821}",22.4842 + -0.9536×x + 0.103306×x²,150,150-300,150,300
Men,Sprints,100m,400m,44,multivariate_ols,2.7118,2.1884,0.5234,"{""intercept"": 33.86235796682658, ""coef_a"": -0.09664969214283303, ""coef_b"": 1.1456489900071245, ""event_a"": ""100m"", ""event_b"": ""200m""}",33.86 + -0.0966×100m + 1.1456×200m,150,150-300,150,300
Men,Sprints,200m,100m,51,robust_trimmed_linear,0.3372,0.3356,0.0016,"{""intercept"": 5.962181094413742, ""slope"": 0.2641535872739878}","{""intercept"": 5.962181094413742, ""slope"": 0.2641535872739878}",150,150-300,150,300
Men,Sprints,200m,400m,51,binned_ratio,1.978,1.967,0.0109,"{""edges"": [25.535, 26.84, 27.23, 27.43, 27.865000000000002, 28.735, 29.005000000000003, 30.405, 32.19], ""ratios"": [2.281536406176275, 2.371248411500735, 2.3178889658728368, 2.2850588073675646, 2.2928003420176557, 2.1997227445180503, 2.2351888486447087, 2.172743826912636, 2.2708130871396177]}",9 bins (see JSON),150,150-300,150,300
Men,Sprints,400m,100m,44,robust_trimmed_linear,0.4091,0.3424,0.0667,"{""intercept"": 9.359176825624635, ""slope"": 0.06533761499091344}","{""intercept"": 9.359176825624635, ""slope"": 0.06533761499091344}",150,150-300,150,300
Men,Sprints,400m,200m,51,median_ratio,0.9396,0.8701,0.0695,"{""ratio"": 0.43780734741105004}",x × 0.4378,150,150-300,150,300
Women,Sprints,100m,200m,20,knn_median,0.7875,0.3725,0.415,"{""k"": 20, ""n_train"": 20}",k=20 nearest neighbors,150,150-300,150,300
Women,Sprints,200m,100m,20,quadratic,0.435,0.3967,0.0383,"{""intercept"": 34.9857213816756, ""slope"": -1.1047299778051505, ""quad"": 0.01603781424888629}",34.9857 + -1.1047×x + 0.016038×x²,150,150-300,150,300
Men,Distance,800m,1500m,157,binned_ratio,7.8954,7.5887,0.3068,"{""edges"": [133.17, 138.0, 141.06, 143.81, 145.74, 148.22, 150.81, 154.43, 164.1], ""ratios"": [2.101527471692378, 2.185246851020704, 2.125673878036827, 2.0400194201692328, 2.0308321964529332, 2.02103134479272, 2.0031327067919746, 2.012432260121135, 1.8833630824152152]}",9 bins (see JSON),150,150-300,150,300
Men,Distance,800m,5000m,55,chain_residual_adjusted,43.1612,36.3245,6.8367,"{""from_to_mid"": {""intercept"": 159.62492629324584, ""slope"": 0.9263769365326736}, ""mid_to_to"": {""intercept"": 435.10753039519557, ""slope"": 2.3472226872871707}, ""residual_k"": 1.370935571785342e-13, ""mid_event"": ""1500m""}",chain via 1500m + residual k=0.0000,150,150-300,150,300
Men,Distance,1500m,800m,157,binned_ratio,4.6942,4.3553,0.339,"{""edges"": [273.17, 287.02, 292.13, 297.54, 300.6, 304.16, 309.4, 319.02, 325.42], ""ratios"": [0.49956382669380633, 0.4987493920655874, 0.4948411342671678, 0.4926136748661652, 0.47943059074543276, 0.48247632824829034, 0.48790115532734274, 0.47904401234764343, 0.43402336420313536]}",9 bins (see JSON),150,150-300,150,300
Men,Distance,1500m,5000m,101,knn_median,36.0665,32.67,3.3965,"{""k"": 20, ""n_train"": 101}",k=20 nearest neighbors,150,150-300,150,300
Men,Distance,5000m,800m,55,ratio_linear,7.0343,6.9729,0.0614,"{""intercept"": 0.21948692596188496, ""slope"": -8.066812825875375e-05}",x × (0.2195 + -0.000081×x),150,150-300,150,300
Men,Distance,5000m,1500m,101,robust_trimmed_linear,9.1327,8.3461,0.7866,"{""intercept"": 140.38646876901888, ""slope"": 0.13737491959054857}","{""intercept"": 140.38646876901888, ""slope"": 0.13737491959054857}",150,150-300,150,300
Women,Distance,800m,1500m,53,median_ratio,12.7132,11.6932,1.0201,"{""ratio"": 1.990809108276966}",x × 1.9908,150,150-300,150,300
Women,Distance,1500m,800m,53,ratio_linear,4.4112,3.9929,0.4183,"{""intercept"": 0.7425013630809109, ""slope"": -0.0006358195395080144}",x × (0.7425 + -0.000636×x),150,150-300,150,300
Men,Sprints,100m,200m,68,binned_ratio,0.7717,0.6385,0.1333,"{""edges"": [12.015, 12.620000000000001, 12.91, 13.165, 13.274999999999999, 13.395, 13.614999999999998, 13.91, 14.31], ""ratios"": [2.0467082319545824, 2.0807966565621685, 2.1444137418863267, 2.0846301372388387, 2.047949609530867, 2.0679831916801388, 2.1085540885813843, 2.0819031822764833, 2.0171343654660134]}",9 bins (see JSON),150,200-350,200,350
Men,Sprints,100m,400m,53,chain_residual_adjusted,2.799,2.1897,0.6093,"{""from_to_mid"": {""intercept"": -2.502149358922619, ""slope"": 2.2869836545447533}, ""mid_to_to"": {""intercept"": 33.556881160729084, ""slope"": 1.0891585167677504}, ""residual_k"": 1.465417157666627e-15, ""mid_event"": ""200m""}",chain via 200m + residual k=0.0000,150,200-350,200,350
Men,Sprints,200m,100m,68,binned_ratio,0.3185,0.2711,0.0474,"{""edges"": [24.72, 26.405, 27.23, 27.365000000000002, 27.55, 27.880000000000003, 28.79, 29.64, 31.015], ""ratios"": [0.49791725567806994, 0.4957213752576739, 0.4835630201716789, 0.4797014209502467, 0.4896328528382372, 0.4619936778509343, 0.4782296854953921, 0.4585042252495083, 0.4321307562318348]}",9 bins (see JSON),150,200-350,200,350
Men,Sprints,200m,400m,67,log_linear,1.8715,1.8211,0.0504,"{""intercept"": 2.556504349807609, ""slope"": 0.47801701936783864}",exp(2.5565 + 0.4780×log(x)),150,200-350,200,350
Men,Sprints,400m,100m,53,knn_median,0.4086,0.38,0.0286,"{""k"": 20, ""n_train"": 53}",k=20 nearest neighbors,150,200-350,200,350
Men,Sprints,400m,200m,67,log_linear,0.9101,0.8949,0.0152,"{""intercept"": 1.2476385462562014, ""slope"": 0.4984831762820977}",exp(1.2476 + 0.4985×log(x)),150,200-350,200,350
Women,Sprints,100m,200m,32,linear_ols,0.854,0.854,0.0,"{""intercept"": 23.65291826875677, ""slope"": 0.6616526527795389}",23.6529 + 0.6617×x,150,200-350,200,350
Women,Sprints,200m,100m,32,linear_ols,0.4061,0.4061,0.0,"{""intercept"": 12.707658317668894, ""slope"": 0.09266115304731691}",12.7077 + 0.0927×x,150,200-350,200,350
Women,Sprints,200m,400m,23,knn_median,3.3703,2.36,1.0103,"{""k"": 20, ""n_train"": 23}",k=20 nearest neighbors,150,200-350,200,350
Women,Sprints,400m,200m,23,log_linear,1.0108,0.9608,0.05,"{""intercept"": 2.6093342093240217, ""slope"": 0.20983261503660122}",exp(2.6093 + 0.2098×log(x)),150,200-350,200,350
Men,Distance,800m,1500m,186,quadratic,7.1014,6.6834,0.418,"{""intercept"": -266.99828576316304, ""slope"": 6.956778248722774, ""quad"": -0.021143957864045916}",-266.9983 + 6.9568×x + -0.021144×x²,150,200-350,200,350
Men,Distance,800m,5000m,63,chain_residual_adjusted,45.489,36.3231,9.1658,"{""from_to_mid"": {""intercept"": 145.07776711242707, ""slope"": 0.9997535646704693}, ""mid_to_to"": {""intercept"": 434.437222108798, ""slope"": 2.3122527190459214}, ""residual_k"": 9.193086558737492e-14, ""mid_event"": ""1500m""}",chain via 1500m + residual k=0.0000,150,200-350,200,350
Men,Distance,1500m,800m,186,quadratic,4.4921,4.4416,0.0505,"{""intercept"": -199.29789875638988, ""slope"": 2.0780809093805264, ""quad"": -0.003103322119811867}",-199.2979 + 2.0781×x + -0.003103×x²,150,200-350,200,350
Men,Distance,1500m,5000m,116,robust_trimmed_linear,31.5581,30.2974,1.2608,"{""intercept"": 332.0802425786104, ""slope"": 2.6797722928005374}","{""intercept"": 332.0802425786104, ""slope"": 2.6797722928005374}",150,200-350,200,350
Men,Distance,5000m,800m,63,binned_ratio,7.1885,5.7137,1.4748,"{""edges"": [1002.08, 1036.44, 1069.64, 1088.85, 1111.29, 1122.5, 1157.53, 1169.6, 1184.16], ""ratios"": [0.13458307027342042, 0.13392848599668936, 0.14004560406698566, 0.12506973723922846, 0.13474430616670718, 0.12910562225630717, 0.12514491427176763, 0.12086129657918675, 0.12712716094215812]}",9 bins (see JSON),150,200-350,200,350
Men,Distance,5000m,1500m,116,knn_median,8.0892,7.42,0.6692,"{""k"": 20, ""n_train"": 116}",k=20 nearest neighbors,150,200-350,200,350
Women,Distance,800m,1500m,61,binned_ratio,10.3716,10.1957,0.176,"{""edges"": [166.9, 177.94, 180.22, 184.07, 186.49, 188.72, 190.89, 196.46, 202.18], ""ratios"": [2.147333732774116, 2.0285067873303166, 1.9649347040844682, 1.9887713943093863, 1.9622237679918673, 2.0298260591185575, 2.0596330275229358, 1.9781728749295486, 1.9659058622975658]}",9 bins (see JSON),150,200-350,200,350
Women,Distance,1500m,800m,61,knn_median,4.2499,3.63,0.6199,"{""k"": 20, ""n_train"": 61}",k=20 nearest neighbors,150,200-350,200,350
Men,Sprints,100m,200m,81,binned_ratio,0.8067,0.6455,0.1612,"{""edges"": [12.059999999999999, 12.475000000000001, 12.745000000000001, 12.915, 13.129999999999999, 13.245000000000001, 13.395, 13.629999999999999, 14.23], ""ratios"": [2.049778586818211, 2.0563474758310467, 2.1150204344032693, 2.127878158933094, 2.067021545643539, 2.067349383516305, 2.049319192892744, 2.0886368044056, 1.9170765987350669]}",9 bins (see JSON),150,250-400,250,400
Men,Sprints,100m,400m,55,chain_residual_adjusted,2.7158,1.8758,0.84,"{""from_to_mid"": {""intercept"": -1.2778006098197245, ""slope"": 2.1865794059124624}, ""mid_to_to"": {""intercept"": 10.587458060652068, ""slope"": 1.9070986613214693}, ""residual_k"": -3.769743260236091e-17, ""mid_event"": ""200m""}",chain via 200m + residual k=-0.0000,150,250-400,250,400
Men,Sprints,200m,100m,81,binned_ratio,0.2675,0.2205,0.0471,"{""edges"": [24.765, 25.66, 26.59, 26.979999999999997, 27.295, 27.515, 27.880000000000003, 29.64, 31.53], ""ratios"": [0.49436510463253536, 0.4906798134363922, 0.48701613658048665, 0.4809734735925723, 0.4834341006931972, 0.4845363839631007, 0.4651578513966202, 0.4585042252495083, 0.41357437361243254]}",9 bins (see JSON),150,250-400,250,400
Men,Sprints,200m,400m,73,robust_trimmed_linear,1.8915,1.5763,0.3152,"{""intercept"": 17.290577016184756, ""slope"": 1.6267837236806733}","{""intercept"": 17.290577016184756, ""slope"": 1.6267837236806733}",150,250-400,250,400
Men,Sprints,400m,100m,55,knn_median,0.3178,0.28,0.0378,"{""k"": 20, ""n_train"": 55}",k=20 nearest neighbors,150,250-400,250,400
Men,Sprints,400m,200m,73,binned_ratio,0.6998,0.5203,0.1795,"{""edges"": [56.29, 58.65, 59.42, 60.23, 61.49, 63.01, 64.05, 67.28, 77.78999999999999], ""ratios"": [0.447265625, 0.45754956786985257, 0.43467336683417085, 0.4438758666226478, 0.43949863409930906, 0.4349904397705545, 0.427921568627451, 0.4072398190045249, 0.40532202082529895]}",9 bins (see JSON),150,250-400,250,400
Women,Sprints,100m,200m,38,median_ratio,0.9918,0.7843,0.2075,"{""ratio"": 2.153343420488196}",x × 2.1533,150,250-400,250,400
Women,Sprints,200m,100m,38,quadratic,0.3864,0.3048,0.0816,"{""intercept"": -82.79156138542595, ""slope"": 5.497143737947947, ""quad"": -0.07624640209147913}",-82.7916 + 5.4971×x + -0.076246×x²,150,250-400,250,400
Women,Sprints,200m,400m,28,ratio_linear,2.3194,2.2022,0.1172,"{""intercept"": 4.133365417733885, ""slope"": -0.05531990187408558}",x × (4.1334 + -0.055320×x),150,250-400,250,400
Women,Sprints,400m,200m,28,knn_median,1.209,1.175,0.034,"{""k"": 20, ""n_train"": 28}",k=20 nearest neighbors,150,250-400,250,400
Men,Distance,800m,1500m,229,quadratic,7.7014,7.337,0.3645,"{""intercept"": -191.6865083698556, ""slope"": 5.979040424387025, ""quad"": -0.01811167458084747}",-191.6865 + 5.9790×x + -0.018112×x²,150,250-400,250,400
Men,Distance,800m,5000m,74,chain_residual_adjusted,49.2154,37.4041,11.8113,"{""from_to_mid"": {""intercept"": 145.71527593378738, ""slope"": 0.9874322109943411}, ""mid_to_to"": {""intercept"": 352.3330108734152, ""slope"": 2.58326128526487}, ""residual_k"": 6.0171748114390636e-15, ""mid_event"": ""1500m""}",chain via 1500m + residual k=0.0000,150,250-400,250,400
Men,Distance,1500m,800m,229,robust_trimmed_linear,4.0594,4.0012,0.0582,"{""intercept"": 77.42836163425372, ""slope"": 0.21614020086347124}","{""intercept"": 77.42836163425372, ""slope"": 0.21614020086347124}",150,250-400,250,400
Men,Distance,1500m,5000m,135,robust_trimmed_linear,32.2719,29.5766,2.6953,"{""intercept"": 294.3210486591722, ""slope"": 2.780397819719609}","{""intercept"": 294.3210486591722, ""slope"": 2.780397819719609}",150,250-400,250,400
Men,Distance,5000m,800m,74,robust_trimmed_linear,5.1655,4.6049,0.5606,"{""intercept"": 113.65542954208146, ""slope"": 0.024497744514194113}","{""intercept"": 113.65542954208146, ""slope"": 0.024497744514194113}",150,250-400,250,400
Men,Distance,5000m,1500m,135,log_linear,7.2219,7.0849,0.137,"{""intercept"": 1.9479247499103787, ""slope"": 0.530091917370446}",exp(1.9479 + 0.5301×log(x)),150,250-400,250,400
Women,Distance,800m,1500m,82,binned_ratio,8.1735,6.4914,1.6821,"{""edges"": [164.365, 172.6, 175.15, 177.76, 180.08499999999998, 184.59, 187.485, 192.845, 200.71], ""ratios"": [2.072167316697853, 2.0478885140271164, 2.0111793883078715, 2.020003535869168, 1.9664427754895937, 1.9902655627082004, 2.004969324608471, 1.9884174251655384, 1.9440810235686588]}",9 bins (see JSON),150,250-400,250,400
Women,Distance,800m,5000m,22,median_ratio,54.3315,49.5911,4.7404,"{""ratio"": 7.40018306921411}",x × 7.4002,150,250-400,250,400
Women,Distance,1500m,800m,82,quadratic,4.1964,4.1571,0.0393,"{""intercept"": 170.3275663616835, ""slope"": -0.3498092820859491, ""quad"": 0.0010341067410653082}",170.3276 + -0.3498×x + 0.001034×x²,150,250-400,250,400
Women,Distance,1500m,5000m,21,knn_median,52.2799,41.73,10.5499,"{""k"": 20, ""n_train"": 21}",k=20 nearest neighbors,150,250-400,250,400
Women,Distance,5000m,800m,22,knn_median,9.7313,6.345,3.3863,"{""k"": 20, ""n_train"": 22}",k=20 nearest neighbors,150,250-400,250,400
Women,Distance,5000m,1500m,21,quadratic,13.7703,11.7086,2.0617,"{""intercept"": -546.067486395058, ""slope"": 1.1921736358801118, ""quad"": -0.00038295662547342994}",-546.0675 + 1.1922×x + -0.000383×x²,150,250-400,250,400
Men,Sprints,100m,200m,121,binned_ratio,0.6115,0.5818,0.0297,"{""edges"": [11.91, 12.24, 12.52, 12.72, 12.83, 12.97, 13.19, 13.41, 14.23], ""ratios"": [2.0888324873096447, 2.0775577557755778, 2.0759493670886076, 2.0290880503144653, 2.051683633516053, 2.0906274206041826, 2.068233510235027, 2.0242468772961058, 1.9170765987350669]}",9 bins (see JSON),150,300-450,300,450
Men,Sprints,100m,400m,72,chain_residual_adjusted,2.2789,1.5674,0.7115,"{""from_to_mid"": {""intercept"": 1.1423138169415452, ""slope"": 1.9843612445538492}, ""mid_to_to"": {""intercept"": -0.6944838424008282, ""slope"": 2.323042450776228}, ""residual_k"": 5.375915903796993e-15, ""mid_event"": ""200m""}",chain via 200m + residual k=0.0000,150,300-450,300,450
Men,Sprints,200m,100m,121,binned_ratio,0.2651,0.2117,0.0534,"{""edges"": [24.47, 25.32, 25.82, 26.17, 26.57, 27.11, 27.47, 28.06, 31.53], ""ratios"": [0.4911993450675399, 0.49000799360511593, 0.4930286599535244, 0.48170731707317077, 0.4824961948249619, 0.48350439882697943, 0.48336380255941497, 0.46193592834998276, 0.41357437361243254]}",9 bins (see JSON),150,300-450,300,450
Men,Sprints,200m,400m,101,knn_median,1.7116,1.595,0.1166,"{""k"": 20, ""n_train"": 101}",k=20 nearest neighbors,150,300-450,300,450
Men,Sprints,400m,100m,72,knn_median,0.3667,0.28,0.0867,"{""k"": 20, ""n_train"": 72}",k=20 nearest neighbors,150,300-450,300,450
Men,Sprints,400m,200m,101,knn_median,0.6004,0.53,0.0704,"{""k"": 20, ""n_train"": 101}",k=20 nearest neighbors,150,300-450,300,450
Women,Sprints,100m,200m,54,binned_ratio,0.904,0.6356,0.2685,"{""edges"": [14.165, 14.605, 14.9, 15.09, 15.3, 15.65, 15.805, 16.12, 16.42], ""ratios"": [2.182456140350877, 2.163922534561952, 2.1597545282454735, 2.143182467955336, 2.0831689677843523, 2.134300601146907, 2.1794893368181114, 2.1773546869143097, 2.0997936010950458]}",9 bins (see JSON),150,300-450,300,450
Women,Sprints,200m,100m,54,quadratic,0.3777,0.3256,0.0521,"{""intercept"": -67.67930150005475, ""slope"": 4.651353785892799, ""quad"": -0.06452585089329102}",-67.6793 + 4.6514×x + -0.064526×x²,150,300-450,300,450
Women,Sprints,200m,400m,32,knn_median,2.8361,2.6475,0.1886,"{""k"": 20, ""n_train"": 32}",k=20 nearest neighbors,150,300-450,300,450
Women,Sprints,400m,200m,32,robust_trimmed_linear,1.0556,0.8661,0.1895,"{""intercept"": 22.252343014823758, ""slope"": 0.14191649415152935}","{""intercept"": 22.252343014823758, ""slope"": 0.14191649415152935}",150,300-450,300,450
Men,Distance,800m,1500m,257,binned_ratio,7.9416,6.8131,1.1285,"{""edges"": [127.875, 131.92000000000002, 134.66500000000002, 136.03, 137.76999999999998, 139.60500000000002, 142.29, 148.17000000000002, 163.47], ""ratios"": [2.121545257485803, 2.109304583636529, 2.070497769626318, 2.0657590431917736, 2.087971566109395, 2.0714063891579997, 2.0676330320680254, 1.9692938110022316, 1.8893986664219735]}",9 bins (see JSON),150,300-450,300,450
Men,Distance,800m,5000m,85,multivariate_ols,43.3718,29.8066,13.5652,"{""intercept"": 343.5207345795293, ""coef_a"": -0.4677415112654666, ""coef_b"": 2.812329059504103, ""event_a"": ""800m"", ""event_b"": ""1500m""}",343.52 + -0.4677×800m + 2.8123×1500m,150,300-450,300,450
Men,Distance,1500m,800m,257,binned_ratio,3.3519,3.1671,0.1848,"{""edges"": [264.64, 272.875, 277.775, 282.005, 286.655, 290.88, 295.115, 302.975, 327.23], ""ratios"": [0.4997635751506051, 0.4960551702790468, 0.48642841170171947, 0.4814739045057005, 0.47225358681191765, 0.4795889147675783, 0.4838764363568093, 0.45850432053220147, 0.4268557283867616]}",9 bins (see JSON),150,300-450,300,450
Men,Distance,1500m,5000m,180,binned_ratio,27.3159,25.631,1.6849,"{""edges"": [262.09000000000003, 269.52, 273.02, 277.735, 280.78999999999996, 285.28499999999997, 289.435, 297.745, 321.17999999999995], ""ratios"": [3.878086948587158, 3.8532708998200302, 3.8167737413235443, 3.782956495714635, 3.760313170300279, 3.6842859914485135, 3.844873197664569, 3.6840772214030175, 3.6889474375441833]}",9 bins (see JSON),150,300-450,300,450
Men,Distance,5000m,800m,85,knn_median,4.0697,3.06,1.0097,"{""k"": 20, ""n_train"": 85}",k=20 nearest neighbors,150,300-450,300,450
Men,Distance,5000m,1500m,180,ratio_linear,6.5401,6.275,0.2651,"{""intercept"": 0.3826888526017538, ""slope"": -0.00011170769364342198}",x × (0.3827 + -0.000112×x),150,300-450,300,450
Women,Distance,800m,1500m,116,robust_trimmed_linear,8.137,7.5095,0.6275,"{""intercept"": 125.93900899147084, ""slope"": 1.3031713244492558}","{""intercept"": 125.93900899147084, ""slope"": 1.3031713244492558}",150,300-450,300,450
Women,Distance,800m,5000m,32,ratio_linear,41.3803,36.1584,5.2219,"{""intercept"": 11.913479362007065, ""slope"": -0.024456999383875366}",x × (11.9135 + -0.024457×x),150,300-450,300,450
Women,Distance,1500m,800m,116,quadratic,4.3242,4.0257,0.2986,"{""intercept"": 276.07701335908314, ""slope"": -0.9678934093813703, ""quad"": 0.0019257476348027542}",276.0770 + -0.9679×x + 0.001926×x²,150,300-450,300,450
Women,Distance,1500m,5000m,36,binned_ratio,42.7862,41.0422,1.744,"{""edges"": [335.025, 340.63, 349.305, 354.765, 358.09000000000003, 361.41499999999996, 368.1, 379.59000000000003, 391.995], ""ratios"": [3.7973780957778382, 3.8680460630450644, 3.814873522129715, 3.8016348829425377, 3.680727932212106, 3.568854864444244, 3.7644213611266277, 3.8641145007423487, 3.5227591254652726]}",9 bins (see JSON),150,300-450,300,450
Women,Distance,5000m,800m,32,knn_median,8.1443,5.945,2.1993,"{""k"": 20, ""n_train"": 32}",k=20 nearest neighbors,150,300-450,300,450
Women,Distance,5000m,1500m,36,log_linear,11.1084,10.75,0.3584,"{""intercept"": 1.7162633444137398, ""slope"": 0.5785745926232968}",exp(1.7163 + 0.5786×log(x)),150,300-450,300,450
Men,Sprints,100m,200m,151,robust_trimmed_linear,0.5401,0.5212,0.0189,"{""intercept"": 6.965837196914993, ""slope"": 1.506801436055298}","{""intercept"": 6.965837196914993, ""slope"": 1.506801436055298}",150,350-500,350,500
Men,Sprints,100m,400m,75,multivariate_ols,2.0962,1.403,0.6932,"{""intercept"": 6.651579641984654, ""coef_a"": -2.237288945221138, ""coef_b"": 3.1129554263887114, ""event_a"": ""100m"", ""event_b"": ""200m""}",6.65 + -2.2373×100m + 3.1130×200m,150,350-500,350,500
Men,Sprints,200m,100m,151,quadratic,0.2295,0.2237,0.0058,"{""intercept"": -15.722405786610917, ""slope"": 1.925910684343148, ""quad"": -0.03217597628821408}",-15.7224 + 1.9259×x + -0.032176×x²,150,350-500,350,500
Men,Sprints,200m,400m,118,log_linear,1.6858,1.5955,0.0903,"{""intercept"": 1.1175389723855509, ""slope"": 0.9070017613023769}",exp(1.1175 + 0.9070×log(x)),150,350-500,350,500
Men,Sprints,400m,100m,75,robust_trimmed_linear,0.3213,0.2929,0.0284,"{""intercept"": 10.87791744903538, ""slope"": 0.030757910747364888}","{""intercept"": 10.87791744903538, ""slope"": 0.030757910747364888}",150,350-500,350,500
Men,Sprints,400m,200m,118,knn_median,0.619,0.5075,0.1115,"{""k"": 20, ""n_train"": 118}",k=20 nearest neighbors,150,350-500,350,500
Women,Sprints,100m,200m,66,knn_median,0.7151,0.5875,0.1276,"{""k"": 20, ""n_train"": 66}",k=20 nearest neighbors,150,350-500,350,500
Women,Sprints,200m,100m,66,quadratic,0.3656,0.2739,0.0917,"{""intercept"": -53.9550567293861, ""slope"": 3.8995364315361045, ""quad"": -0.05446254590778723}",-53.9551 + 3.8995×x + -0.054463×x²,150,350-500,350,500
Women,Sprints,200m,400m,44,knn_median,2.8,2.015,0.785,"{""k"": 20, ""n_train"": 44}",k=20 nearest neighbors,150,350-500,350,500
Women,Sprints,400m,200m,44,robust_trimmed_linear,1.0845,0.8786,0.2059,"{""intercept"": 16.885614889445016, ""slope"": 0.21030659081687125}","{""intercept"": 16.885614889445016, ""slope"": 0.21030659081687125}",150,350-500,350,500
Men,Distance,800m,1500m,278,binned_ratio,7.7227,6.8246,0.898,"{""edges"": [125.28, 129.745, 131.945, 133.835, 135.28, 136.865, 138.54000000000002, 143.39499999999998, 157.4], ""ratios"": [2.1529793638637207, 2.082370671643208, 2.0997092092514222, 2.043972296245398, 2.061973849793905, 2.0657590431917736, 2.0952862400155974, 1.970625187205541, 1.8521929768731034]}",9 bins (see JSON),150,350-500,350,500
Men,Distance,800m,5000m,96,multivariate_ols,37.7456,28.1241,9.6215,"{""intercept"": 314.5717396433538, ""coef_a"": -0.568334081738179, ""coef_b"": 2.952224068839551, ""event_a"": ""800m"", ""event_b"": ""1500m""}",314.57 + -0.5683×800m + 2.9522×1500m,150,350-500,350,500
Men,Distance,1500m,800m,278,knn_median,3.0332,2.87,0.1632,"{""k"": 20, ""n_train"": 278}",k=20 nearest neighbors,150,350-500,350,500
Men,Distance,1500m,5000m,226,binned_ratio,25.5882,24.4561,1.132,"{""edges"": [260.62, 265.835, 271.045, 274.195, 277.145, 280.135, 285.53999999999996, 292.92499999999995, 324.69], ""ratios"": [3.8580086725219926, 3.823013716697443, 3.800633663196899, 3.7363263962870077, 3.7158022841946514, 3.7700458614520143, 3.7388360295594003, 3.674452076755625, 3.7524658181247004]}",9 bins (see JSON),150,350-500,350,500
Men,Distance,5000m,800m,96,robust_trimmed_linear,3.7722,3.1548,0.6173,"{""intercept"": 113.55436497838019, ""slope"": 0.02073730722933302}","{""intercept"": 113.55436497838019, ""slope"": 0.02073730722933302}",150,350-500,350,500
Men,Distance,5000m,1500m,226,quadratic,6.058,5.8586,0.1994,"{""intercept"": 127.19874569584371, ""slope"": 0.15087785164400527, ""quad"": -7.468163310544642e-06}",127.1987 + 0.1509×x + -0.000007×x²,150,350-500,350,500
Women,Distance,800m,1500m,140,quadratic,7.8633,7.4966,0.3667,"{""intercept"": -12.345645933775586, ""slope"": 3.2251070883881865, ""quad"": -0.006531537601564827}",-12.3456 + 3.2251×x + -0.006532×x²,150,350-500,350,500
Women,Distance,800m,5000m,39,linear_ols,42.7765,42.7765,0.0,"{""intercept"": 711.9538902522826, ""slope"": 3.4742764919489546}",711.9539 + 3.4743×x,150,350-500,350,500
Women,Distance,1500m,800m,140,quadratic,4.0273,3.7086,0.3187,"{""intercept"": 352.47595720343213, ""slope"": -1.3800747954251662, ""quad"": 0.0024743434117739335}",352.4760 + -1.3801×x + 0.002474×x²,150,350-500,350,500
Women,Distance,1500m,5000m,51,median_ratio,44.8225,42.4994,2.3231,"{""ratio"": 3.7535558215269855}",x × 3.7536,150,350-500,350,500
Women,Distance,5000m,800m,39,knn_median,5.8415,4.545,1.2965,"{""k"": 20, ""n_train"": 39}",k=20 nearest neighbors,150,350-500,350,500
Women,Distance,5000m,1500m,51,log_linear,8.75,8.7146,0.0354,"{""intercept"": 1.0580384433466117, ""slope"": 0.6687661860115296}",exp(1.0580 + 0.6688×log(x)),150,350-500,350,500
Men,Sprints,100m,200m,183,robust_trimmed_linear,0.5744,0.4806,0.0938,"{""intercept"": 9.645652417581971, ""slope"": 1.2784632652279107}","{""intercept"": 9.645652417581971, ""slope"": 1.2784632652279107}",150,400-550,400,550
Men,Sprints,100m,400m,81,chain_residual_adjusted,1.9951,1.5604,0.4347,"{""from_to_mid"": {""intercept"": 0.640155156103809, ""slope"": 1.998222750339411}, ""mid_to_to"": {""intercept"": -6.276816482268636, ""slope"": 2.5186899353637973}, ""residual_k"": 1.8664725543345304e-14, ""mid_event"": ""200m""}",chain via 200m + residual k=0.0000,150,400-550,400,550
Men,Sprints,200m,100m,183,quadratic,0.2537,0.2012,0.0525,"{""intercept"": -19.25870479119594, ""slope"": 2.2232731524259384, ""quad"": -0.03850326776205895}",-19.2587 + 2.2233×x + -0.038503×x²,150,400-550,400,550
Men,Sprints,200m,400m,132,knn_median,1.6079,1.3525,0.2554,"{""k"": 20, ""n_train"": 132}",k=20 nearest neighbors,150,400-550,400,550
Men,Sprints,400m,100m,81,quadratic,0.3063,0.2865,0.0198,"{""intercept"": -4.406544618787587, ""slope"": 0.5167002755829045, ""quad"": -0.0038564638976388865}",-4.4065 + 0.5167×x + -0.003856×x²,150,400-550,400,550
Men,Sprints,400m,200m,132,linear_ols,0.6214,0.6214,0.0,"{""intercept"": 12.014742373889632, ""slope"": 0.23479082352030656}",12.0147 + 0.2348×x,150,400-550,400,550
Women,Sprints,100m,200m,76,robust_trimmed_linear,0.506,0.4471,0.0589,"{""intercept"": 7.753386840387574, ""slope"": 1.5903205059093388}","{""intercept"": 7.753386840387574, ""slope"": 1.5903205059093388}",150,400-550,400,550
Women,Sprints,200m,100m,76,knn_median,0.2314,0.2,0.0314,"{""k"": 20, ""n_train"": 76}",k=20 nearest neighbors,150,400-550,400,550
Women,Sprints,200m,400m,47,quadratic,1.8763,1.7778,0.0985,"{""intercept"": 60.51537446664179, ""slope"": -0.6109431261482949, ""quad"": 0.029854256948074285}",60.5154 + -0.6109×x + 0.029854×x²,150,400-550,400,550
Women,Sprints,400m,200m,47,robust_trimmed_linear,0.7388,0.6301,0.1087,"{""intercept"": 19.297996614474528, ""slope"": 0.1626448350044661}","{""intercept"": 19.297996614474528, ""slope"": 0.1626448350044661}",150,400-550,400,550
Men,Distance,800m,1500m,289,quadratic,6.1203,5.6934,0.4269,"{""intercept"": -182.93255077778, ""slope"": 5.9671759119227605, ""quad"": -0.019032471974713607}",-182.9326 + 5.9672×x + -0.019032×x²,150,400-550,400,550
Men,Distance,800m,5000m,101,chain_residual_adjusted,34.942,23.3699,11.5721,"{""from_to_mid"": {""intercept"": 133.406293795566, ""slope"": 1.0227853956558017}, ""mid_to_to"": {""intercept"": 291.6315742645339, ""slope"": 2.742809905817201}, ""residual_k"": -6.773302077572409e-13, ""mid_event"": ""1500m""}",chain via 1500m + residual k=-0.0000,150,400-550,400,550
Men,Distance,1500m,800m,289,linear_ols,2.4189,2.4189,0.0,"{""intercept"": 70.47323739637402, ""slope"": 0.22584368996097512}",70.4732 + 0.2258×x,150,400-550,400,550
Men,Distance,1500m,5000m,247,ratio_linear,22.1784,21.4347,0.7438,"{""intercept"": 5.555859082818994, ""slope"": -0.006552558533406841}",x × (5.5559 + -0.006553×x),150,400-550,400,550
Men,Distance,5000m,800m,101,log_linear,2.9104,2.8132,0.0972,"{""intercept"": 3.50054985123944, ""slope"": 0.20068918786187986}",exp(3.5005 + 0.2007×log(x)),150,400-550,400,550
Men,Distance,5000m,1500m,247,knn_median,6.1413,5.51,0.6313,"{""k"": 20, ""n_train"": 247}",k=20 nearest neighbors,150,400-550,400,550
Women,Distance,800m,1500m,166,knn_median,7.1971,6.8225,0.3746,"{""k"": 20, ""n_train"": 166}",k=20 nearest neighbors,150,400-550,400,550
Women,Distance,800m,5000m,45,multivariate_ols,40.9127,36.9587,3.954,"{""intercept"": 347.2994429293501, ""coef_a"": 2.2160620003649365, ""coef_b"": 1.6199407198618654, ""event_a"": ""800m"", ""event_b"": ""1500m""}",347.30 + 2.2161×800m + 1.6199×1500m,150,400-550,400,550
Women,Distance,1500m,800m,166,quadratic,3.9293,3.7839,0.1454,"{""intercept"": -261.79257040413285, ""slope"": 2.153344213268848, ""quad"": -0.0026091798173691976}",-261.7926 + 2.1533×x + -0.002609×x²,150,400-550,400,550
Women,Distance,1500m,5000m,63,robust_trimmed_linear,37.6374,35.8635,1.7739,"{""intercept"": 491.9368918840705, ""slope"": 2.2949166711905216}","{""intercept"": 491.9368918840705, ""slope"": 2.2949166711905216}",150,400-550,400,550
Women,Distance,5000m,800m,45,knn_median,7.3981,5.09,2.3081,"{""k"": 20, ""n_train"": 45}",k=20 nearest neighbors,150,400-550,400,550
Women,Distance,5000m,1500m,63,ratio_linear,9.2168,9.042,0.1748,"{""intercept"": 0.37613390965395865, ""slope"": -8.523763387063908e-05}",x × (0.3761 + -0.000085×x),150,400-550,400,550
Men,Sprints,100m,200m,226,robust_trimmed_linear,0.4414,0.4121,0.0293,"{""intercept"": 7.868068233485456, ""slope"": 1.4013845979773594}","{""intercept"": 7.868068233485456, ""slope"": 1.4013845979773594}",150,450-600,450,600
Men,Sprints,100m,400m,86,knn_median,1.6128,1.335,0.2778,"{""k"": 20, ""n_train"": 86}",k=20 nearest neighbors,150,450-600,450,600
Men,Sprints,200m,100m,226,binned_ratio,0.2038,0.1912,0.0126,"{""edges"": [23.759999999999998, 24.235, 24.61, 24.83, 25.04, 25.435000000000002, 25.745, 26.200000000000003, 31.54], ""ratios"": [0.4983191841121938, 0.4954610242196805, 0.4894184232640634, 0.48872021536879173, 0.48783403364787425, 0.483713021403961, 0.48680698140355394, 0.47145593869731794, 0.39233839034080603]}",9 bins (see JSON),150,450-600,450,600
Men,Sprints,200m,400m,149,knn_median,1.3663,1.07,0.2963,"{""k"": 20, ""n_train"": 149}",k=20 nearest neighbors,150,450-600,450,600
Men,Sprints,400m,100m,86,knn_median,0.2885,0.2675,0.021,"{""k"": 20, ""n_train"": 86}",k=20 nearest neighbors,150,450-600,450,600
Men,Sprints,400m,200m,149,quadratic,0.507,0.4987,0.0083,"{""intercept"": -1.2338004184507305, ""slope"": 0.714790539950692, ""quad"": -0.004394171643306307}",-1.2338 + 0.7148×x + -0.004394×x²,150,450-600,450,600
Women,Sprints,100m,200m,101,knn_median,0.535,0.465,0.07,"{""k"": 20, ""n_train"": 101}",k=20 nearest neighbors,150,450-600,450,600
Women,Sprints,200m,100m,101,quadratic,0.237,0.1492,0.0878,"{""intercept"": -19.943294896795482, ""slope"": 1.9699302097811027, ""quad"": -0.027668851723232604}",-19.9433 + 1.9699×x + -0.027669×x²,150,450-600,450,600
Women,Sprints,200m,400m,56,median_ratio,2.0274,1.693,0.3344,"{""ratio"": 2.2744258632898156}",x × 2.2744,150,450-600,450,600
Women,Sprints,400m,200m,56,quadratic,0.6226,0.4765,0.1461,"{""intercept"": 20.736075241356563, ""slope"": -0.012812199650066747, ""quad"": 0.0022146005754738354}",20.7361 + -0.0128×x + 0.002215×x²,150,450-600,450,600
Men,Distance,800m,1500m,301,quadratic,5.8898,5.4109,0.4789,"{""intercept"": -118.99982814287989, ""slope"": 5.084744071404673, ""quad"": -0.016195959101489986}",-118.9998 + 5.0847×x + -0.016196×x²,150,450-600,450,600
Men,Distance,800m,5000m,105,knn_median,25.468,23.835,1.633,"{""k"": 20, ""n_train"": 105}",k=20 nearest neighbors,150,450-600,450,600
Men,Distance,1500m,800m,301,ratio_linear,2.6132,2.5319,0.0813,"{""intercept"": 0.7303824113184181, ""slope"": -0.0009128172920797711}",x × (0.7304 + -0.000913×x),150,450-600,450,600
Men,Distance,1500m,5000m,267,quadratic,21.9806,20.649,1.3315,"{""intercept"": -2951.306288078207, ""slope"": 27.50038466789986, ""quad"": -0.04738288436616585}",-2951.3063 + 27.5004×x + -0.047383×x²,150,450-600,450,600
Men,Distance,5000m,800m,105,knn_median,3.2739,3.255,0.0189,"{""k"": 20, ""n_train"": 105}",k=20 nearest neighbors,150,450-600,450,600
Men,Distance,5000m,1500m,267,quadratic,5.5756,5.1275,0.4481,"{""intercept"": -551.3592047605182, ""slope"": 1.4913616425144711, ""quad"": -0.000672747032384394}",-551.3592 + 1.4914×x + -0.000673×x²,150,450-600,450,600
Women,Distance,800m,1500m,171,knn_median,6.8321,6.575,0.2571,"{""k"": 20, ""n_train"": 171}",k=20 nearest neighbors,150,450-600,450,600
Women,Distance,800m,5000m,52,chain_residual_adjusted,38.1884,36.749,1.4394,"{""from_to_mid"": {""intercept"": 193.84675563019422, ""slope"": 0.8429882331379441}, ""mid_to_to"": {""intercept"": 296.32245014148225, ""slope"": 2.8724646751833833}, ""residual_k"": -4.0340022334775283e-13, ""mid_event"": ""1500m""}",chain via 1500m + residual k=-0.0000,150,450-600,450,600
Women,Distance,1500m,800m,171,knn_median,3.7644,3.71,0.0544,"{""k"": 20, ""n_train"": 171}",k=20 nearest neighbors,150,450-600,450,600
Women,Distance,1500m,5000m,73,quadratic,35.5234,34.2015,1.3219,"{""intercept"": -1307.3293705145743, ""slope"": 12.64840330619117, ""quad"": -0.014894458150773632}",-1307.3294 + 12.6484×x + -0.014894×x²,150,450-600,450,600
Women,Distance,5000m,800m,52,knn_median,6.8833,5.4125,1.4708,"{""k"": 20, ""n_train"": 52}",k=20 nearest neighbors,150,450-600,450,600
Women,Distance,5000m,1500m,73,robust_trimmed_linear,8.1018,7.8586,0.2432,"{""intercept"": 130.28057031578132, ""slope"": 0.16403798827606156}","{""intercept"": 130.28057031578132, ""slope"": 0.16403798827606156}",150,450-600,450,600
Men,Sprints,100m,200m,261,log_linear,0.4222,0.4085,0.0137,"{""intercept"": 1.4521828502948688, ""slope"": 0.7062534553408051}",exp(1.4522 + 0.7063×log(x)),150,500-650,500,650
Men,Sprints,100m,400m,92,robust_trimmed_linear,1.1988,1.0494,0.1494,"{""intercept"": 27.177677417140966, ""slope"": 2.280719003972105}","{""intercept"": 27.177677417140966, ""slope"": 2.280719003972105}",150,500-650,500,650
Men,Sprints,200m,100m,261,quadratic,0.1872,0.1688,0.0184,"{""intercept"": -14.763192476483223, ""slope"": 1.9254827429415526, ""quad"": -0.0339988210605777}",-14.7632 + 1.9255×x + -0.033999×x²,150,500-650,500,650
Men,Sprints,200m,400m,162,binned_ratio,0.9499,0.8876,0.0622,"{""edges"": [23.345, 23.835, 24.11, 24.384999999999998, 24.634999999999998, 25.020000000000003, 25.270000000000003, 25.715, 27.134999999999998], ""ratios"": [2.270523344889388, 2.244992392195185, 2.2279350069666837, 2.2431943814465303, 2.2720675842574183, 2.206513609815824, 2.1854359220718527, 2.173928037909314, 2.204629834437302]}",9 bins (see JSON),150,500-650,500,650
Men,Sprints,400m,100m,92,robust_trimmed_linear,0.2392,0.2242,0.015,"{""intercept"": 8.910345704101246, ""slope"": 0.0574110702703014}","{""intercept"": 8.910345704101246, ""slope"": 0.0574110702703014}",150,500-650,500,650
Men,Sprints,400m,200m,162,knn_median,0.4842,0.455,0.0292,"{""k"": 20, ""n_train"": 162}",k=20 nearest neighbors,150,500-650,500,650
Women,Sprints,100m,200m,111,knn_median,0.5112,0.425,0.0862,"{""k"": 20, ""n_train"": 111}",k=20 nearest neighbors,150,500-650,500,650
Women,Sprints,100m,400m,26,quadratic,2.032,1.8895,0.1425,"{""intercept"": 223.78295554611174, ""slope"": -26.583049278197763, ""quad"": 1.0998082775553752}",223.7830 + -26.5830×x + 1.099808×x²,150,500-650,500,650
Women,Sprints,200m,100m,111,quadratic,0.2165,0.1592,0.0573,"{""intercept"": -16.41529619344263, ""slope"": 1.75905424334111, ""quad"": -0.02462830341274899}",-16.4153 + 1.7591×x + -0.024628×x²,150,500-650,500,650
Women,Sprints,200m,400m,81,knn_median,1.7521,1.36,0.3921,"{""k"": 20, ""n_train"": 81}",k=20 nearest neighbors,150,500-650,500,650
Women,Sprints,400m,100m,26,quadratic,0.3482,0.3341,0.0141,"{""intercept"": 1.9807468559647265, ""slope"": 0.2784873956419591, ""quad"": -0.0014767563809774656}",1.9807 + 0.2785×x + -0.001477×x²,150,500-650,500,650
Women,Sprints,400m,200m,81,ratio_linear,0.5183,0.5105,0.0078,"{""intercept"": 0.5620418145474777, ""slope"": -0.0017941414542041977}",x × (0.5620 + -0.001794×x),150,500-650,500,650
Men,Distance,800m,1500m,310,quadratic,5.1479,4.8899,0.2579,"{""intercept"": -306.3622968726239, ""slope"": 7.961276464358053, ""quad"": -0.02737780359632759}",-306.3623 + 7.9613×x + -0.027378×x²,150,500-650,500,650
Men,Distance,800m,5000m,111,knn_median,29.0792,22.8,6.2792,"{""k"": 20, ""n_train"": 111}",k=20 nearest neighbors,150,500-650,500,650
Men,Distance,1500m,800m,310,quadratic,2.4848,2.3953,0.0894,"{""intercept"": -484.20575445452585, ""slope"": 4.422597990456784, ""quad"": -0.007953576636695155}",-484.2058 + 4.4226×x + -0.007954×x²,150,500-650,500,650
Men,Distance,1500m,5000m,267,binned_ratio,21.5839,20.2628,1.3211,"{""edges"": [246.83, 253.42, 258.26, 261.08, 264.15, 266.98, 271.29, 275.64, 287.5], ""ratios"": [3.879001978279301, 3.8328757311686763, 3.7918349906774393, 3.794224378318499, 3.7454586825438962, 3.75739026575097, 3.8001026618757794, 3.6463309352517985, 3.5010086956521738]}",9 bins (see JSON),150,500-650,500,650
Men,Distance,5000m,800m,111,robust_trimmed_linear,3.239,2.9904,0.2487,"{""intercept"": 84.63555106629201, ""slope"": 0.04508953612078781}","{""intercept"": 84.63555106629201, ""slope"": 0.04508953612078781}",150,500-650,500,650
Men,Distance,5000m,1500m,267,log_linear,5.4005,5.3897,0.0108,"{""intercept"": 2.4319068109069253, ""slope"": 0.4547814440600747}",exp(2.4319 + 0.4548×log(x)),150,500-650,500,650
Women,Distance,800m,1500m,161,quadratic,6.5807,6.1348,0.4459,"{""intercept"": -305.8092807999751, ""slope"": 6.738647892134966, ""quad"": -0.017337066378144743}",-305.8093 + 6.7386×x + -0.017337×x²,150,500-650,500,650
Women,Distance,800m,5000m,54,chain_residual_adjusted,48.8073,33.9936,14.8137,"{""from_to_mid"": {""intercept"": 146.0722876569485, ""slope"": 1.1186091771441729}, ""mid_to_to"": {""intercept"": 309.3033476969831, ""slope"": 2.8015904931880105}, ""residual_k"": -3.3218491177182935e-13, ""mid_event"": ""1500m""}",chain via 1500m + residual k=-0.0000,150,500-650,500,650
Women,Distance,1500m,800m,161,knn_median,3.6435,3.61,0.0335,"{""k"": 20, ""n_train"": 161}",k=20 nearest neighbors,150,500-650,500,650
Women,Distance,1500m,5000m,75,ratio_linear,31.0765,30.7073,0.3693,"{""intercept"": 4.684155422153577, ""slope"": -0.002925433996482245}",x × (4.6842 + -0.002925×x),150,500-650,500,650
Women,Distance,5000m,800m,54,ratio_linear,4.4355,4.2403,0.1951,"{""intercept"": 0.19226420961699514, ""slope"": -4.7418660651197355e-05}",x × (0.1923 + -0.000047×x),150,500-650,500,650
Women,Distance,5000m,1500m,75,binned_ratio,8.8548,7.5188,1.3361,"{""edges"": [1137.91, 1166.0, 1179.35, 1217.9, 1239.68, 1250.92, 1292.28, 1305.43, 1332.12], ""ratios"": [0.27526643332838724, 0.27486803318022895, 0.27656696610861575, 0.26522383487469053, 0.2686419075890552, 0.275387987863962, 0.2699738696650566, 0.264887646918831, 0.2509687663889051]}",9 bins (see JSON),150,500-650,500,650
Men,Sprints,100m,200m,292,robust_trimmed_linear,0.4208,0.3887,0.0321,"{""intercept"": 6.827617187125355, ""slope"": 1.4647359552896844}","{""intercept"": 6.827617187125355, ""slope"": 1.4647359552896844}",150,550-700,550,700
Men,Sprints,100m,400m,89,log_linear,0.9214,0.8847,0.0367,"{""intercept"": 2.8623238807437166, ""slope"": 0.4560513627172013}",exp(2.8623 + 0.4561×log(x)),150,550-700,550,700
Men,Sprints,200m,100m,292,quadratic,0.1717,0.1568,0.0149,"{""intercept"": -30.225150643413397, ""slope"": 3.2072048436507745, ""quad"": -0.06061417737032429}",-30.2252 + 3.2072×x + -0.060614×x²,150,550-700,550,700
Men,Sprints,200m,400m,169,knn_median,0.944,0.895,0.049,"{""k"": 20, ""n_train"": 169}",k=20 nearest neighbors,150,550-700,550,700
Men,Sprints,400m,100m,89,log_linear,0.1844,0.1843,0.0001,"{""intercept"": 1.2324299680850992, ""slope"": 0.31219536215272}",exp(1.2324 + 0.3122×log(x)),150,550-700,550,700
Men,Sprints,400m,200m,169,binned_ratio,0.3815,0.3733,0.0082,"{""edges"": [51.44, 52.44, 52.97, 53.6, 54.31, 54.97, 55.55, 57.09, 61.16], ""ratios"": [0.4562283069803317, 0.4570827757598929, 0.4471299093655589, 0.44702358667165853, 0.44425987449243265, 0.450671019223794, 0.45234248788368336, 0.43135228251507324, 0.3994440810987574]}",9 bins (see JSON),150,550-700,550,700
Women,Sprints,100m,200m,127,median_ratio,0.5407,0.4022,0.1385,"{""ratio"": 2.0998520710059174}",x × 2.0999,150,550-700,550,700
Women,Sprints,100m,400m,30,median_ratio,2.343,2.1605,0.1825,"{""ratio"": 4.746633746603024}",x × 4.7466,150,550-700,550,700
Women,Sprints,200m,100m,127,robust_trimmed_linear,0.2092,0.1669,0.0424,"{""intercept"": 5.818752812475381, ""slope"": 0.2751444006060437}","{""intercept"": 5.818752812475381, ""slope"": 0.2751444006060437}",150,550-700,550,700
Women,Sprints,200m,400m,85,median_ratio,1.3408,1.128,0.2128,"{""ratio"": 2.2680203045685277}",x × 2.2680,150,550-700,550,700
Women,Sprints,400m,100m,30,robust_trimmed_linear,0.2836,0.2331,0.0506,"{""intercept"": 9.169980263503506, ""slope"": 0.06881532694377133}","{""intercept"": 9.169980263503506, ""slope"": 0.06881532694377133}",150,550-700,550,700
Women,Sprints,400m,200m,85,robust_trimmed_linear,0.5204,0.4353,0.085,"{""intercept"": 10.002629954454015, ""slope"": 0.2868433341404211}","{""intercept"": 10.002629954454015, ""slope"": 0.2868433341404211}",150,550-700,550,700
Men,Distance,800m,1500m,276,knn_median,4.8093,4.3925,0.4168,"{""k"": 20, ""n_train"": 276}",k=20 nearest neighbors,150,550-700,550,700
Men,Distance,800m,5000m,91,chain_residual_adjusted,25.9334,21.5497,4.3837,"{""from_to_mid"": {""intercept"": 104.76718251243057, ""slope"": 1.188445365409354}, ""mid_to_to"": {""intercept"": 206.8487217709702, ""slope"": 3.0015439032766165}, ""residual_k"": 1.911534002595588e-13, ""mid_event"": ""1500m""}",chain via 1500m + residual k=0.0000,150,550-700,550,700
Men,Distance,1500m,800m,276,quadratic,2.7792,2.5083,0.2709,"{""intercept"": -444.03855576174453, ""slope"": 4.16391175152803, ""quad"": -0.007569199778886435}",-444.0386 + 4.1639×x + -0.007569×x²,150,550-700,550,700
Men,Distance,1500m,5000m,221,quadratic,21.1243,19.8411,1.2831,"{""intercept"": -5810.906828992524, ""slope"": 50.84531012757316, ""quad"": -0.09502609025237779}",-5810.9068 + 50.8453×x + -0.095026×x²,150,550-700,550,700
Men,Distance,5000m,800m,91,robust_trimmed_linear,2.8923,2.8036,0.0887,"{""intercept"": 67.99745489225211, ""slope"": 0.06149810482805278}","{""intercept"": 67.99745489225211, ""slope"": 0.06149810482805278}",150,550-700,550,700
Men,Distance,5000m,1500m,221,quadratic,4.854,4.313,0.541,"{""intercept"": -778.1132826853361, ""slope"": 2.0020734460063703, ""quad"": -0.0009618759065162494}",-778.1133 + 2.0021×x + -0.000962×x²,150,550-700,550,700
Women,Distance,800m,1500m,155,binned_ratio,7.6406,6.5783,1.0623,"{""edges"": [145.62, 149.87, 152.44, 155.52, 158.7, 160.92000000000002, 164.32, 168.5, 175.19], ""ratios"": [2.1164995936060693, 2.066613108388565, 2.045262679394766, 2.059241094475994, 2.0660015349194167, 2.0398776834747876, 2.0075808522345175, 1.9725779103081331, 1.9310324859574963]}",9 bins (see JSON),150,550-700,550,700
Women,Distance,800m,5000m,52,binned_ratio,37.2167,28.5522,8.6646,"{""edges"": [147.91, 151.365, 154.81, 157.24, 159.665, 162.805, 166.525, 169.95499999999998, 180.055], ""ratios"": [7.813574964261722, 7.4939443012401314, 7.469103966889272, 8.058145887640345, 7.399804819017891, 7.452598892065879, 7.434041148251401, 7.358136361877015, 6.83885401915278]}",9 bins (see JSON),150,550-700,550,700
Women,Distance,1500m,800m,155,knn_median,4.2371,3.45,0.7871,"{""k"": 20, ""n_train"": 155}",k=20 nearest neighbors,150,550-700,550,700
Women,Distance,1500m,5000m,79,quadratic,25.8576,23.5799,2.2777,"{""intercept"": -3220.454774685143, ""slope"": 24.933096661108905, ""quad"": -0.0347047453155427}",-3220.4548 + 24.9331×x + -0.034705×x²,150,550-700,550,700
Women,Distance,5000m,800m,52,binned_ratio,4.9168,3.9476,0.9692,"{""edges"": [1104.8249999999998, 1137.72, 1155.63, 1178.635, 1201.355, 1234.04, 1249.96, 1265.58, 1314.33], ""ratios"": [0.1374461573379314, 0.135654414499843, 0.12932804451446753, 0.13447458880185734, 0.13567283896944488, 0.1315431615626344, 0.1351377945482567, 0.13174535896566747, 0.12258426747870513]}",9 bins (see JSON),150,550-700,550,700
Women,Distance,5000m,1500m,79,binned_ratio,8.5035,6.8511,1.6524,"{""edges"": [1134.13, 1154.59, 1169.86, 1179.35, 1200.95, 1229.81, 1248.67, 1259.06, 1305.43], ""ratios"": [0.27285502749299706, 0.27139398132134207, 0.2735609589333789, 0.2645592931118958, 0.2635235035145828, 0.26794720812182743, 0.27574782966169326, 0.2699738696650566, 0.2531044614551921]}",9 bins (see JSON),150,550-700,550,700
Men,Sprints,100m,200m,284,binned_ratio,0.4056,0.3777,0.0278,"{""edges"": [11.15, 11.4, 11.57, 11.68, 11.77, 11.87, 11.99, 12.12, 12.629999999999999], ""ratios"": [2.0513728963684676, 2.0589270008795078, 2.0414507772020727, 2.046351931330472, 2.0474174428450467, 2.0404380791912384, 2.053377814845705, 2.0016393442622955, 1.9663339535396898]}",9 bins (see JSON),150,600-750,600,750
Men,Sprints,100m,400m,79,chain_residual_adjusted,1.1547,0.8731,0.2816,"{""from_to_mid"": {""intercept"": 5.707539405937062, ""slope"": 1.5290380679675137}, ""mid_to_to"": {""intercept"": 29.385485834498404, ""slope"": 1.0310963085938676}, ""residual_k"": 8.524280955077332e-15, ""mid_event"": ""200m""}",chain via 200m + residual k=0.0000,150,600-750,600,750
Men,Sprints,200m,100m,284,quadratic,0.1696,0.1467,0.0229,"{""intercept"": -24.502057208797186, ""slope"": 2.76250260911668, ""quad"": -0.052148085835100576}",-24.5021 + 2.7625×x + -0.052148×x²,150,600-750,600,750
Men,Sprints,200m,400m,154,log_linear,0.9364,0.9203,0.0161,"{""intercept"": 2.5374270518856976, ""slope"": 0.45404320129320636}",exp(2.5374 + 0.4540×log(x)),150,600-750,600,750
Men,Sprints,400m,100m,79,linear_ols,0.1911,0.1911,0.0,"{""intercept"": 11.615880489033804, ""slope"": 0.003809360950073563}",11.6159 + 0.0038×x,150,600-750,600,750
Men,Sprints,400m,200m,154,knn_median,0.365,0.305,0.06,"{""k"": 20, ""n_train"": 154}",k=20 nearest neighbors,150,600-750,600,750
Women,Sprints,100m,200m,132,log_linear,0.3823,0.3736,0.0087,"{""intercept"": 0.6313253921723336, ""slope"": 1.0411158728273617}",exp(0.6313 + 1.0411×log(x)),150,600-750,600,750
Women,Sprints,100m,400m,35,multivariate_ols,2.004,1.3563,0.6478,"{""intercept"": 2.4304698307730064, ""coef_a"": 0.15261917404132674, ""coef_b"": 2.12713491516402, ""event_a"": ""100m"", ""event_b"": ""200m""}",2.43 + 0.1526×100m + 2.1271×200m,150,600-750,600,750
Women,Sprints,200m,100m,132,robust_trimmed_linear,0.1835,0.1586,0.0249,"{""intercept"": 4.971173817250698, ""slope"": 0.3028792550892826}","{""intercept"": 4.971173817250698, ""slope"": 0.3028792550892826}",150,600-750,600,750
Women,Sprints,200m,400m,85,median_ratio,1.2617,1.1363,0.1254,"{""ratio"": 2.261588214157384}",x × 2.2616,150,600-750,600,750
Women,Sprints,400m,100m,35,ratio_linear,0.2672,0.2624,0.0047,"{""intercept"": 0.3441381276718492, ""slope"": -0.002060810660927823}",x × (0.3441 + -0.002061×x),150,600-750,600,750
Women,Sprints,400m,200m,85,binned_ratio,0.4704,0.4092,0.0612,"{""edges"": [59.879999999999995, 62.185, 62.985, 63.725, 64.69, 65.62, 66.18, 67.00999999999999, 68.86], ""ratios"": [0.44964839878752405, 0.448376118437398, 0.44188331877108156, 0.44936214876040315, 0.43917059790533886, 0.4459164339051028, 0.4389882534562145, 0.43581565181742155, 0.4121424401634559]}",9 bins (see JSON),150,600-750,600,750
Men,Distance,800m,1500m,249,linear_ols,4.5625,4.5625,0.0,"{""intercept"": 161.66370867742134, ""slope"": 0.7588447229224481}",161.6637 + 0.7588×x,150,600-750,600,750
Men,Distance,800m,5000m,80,chain_residual_adjusted,26.2813,19.3962,6.8851,"{""from_to_mid"": {""intercept"": 118.09676544614356, ""slope"": 1.072385514596253}, ""mid_to_to"": {""intercept"": 77.13281680927025, ""slope"": 3.5160756176995607}, ""residual_k"": -1.728620281780712e-13, ""mid_event"": ""1500m""}",chain via 1500m + residual k=-0.0000,150,600-750,600,750
Men,Distance,1500m,800m,249,quadratic,2.522,2.2505,0.2715,"{""intercept"": -426.5019239194578, ""slope"": 4.079964926126493, ""quad"": -0.007527049611933373}",-426.5019 + 4.0800×x + -0.007527×x²,150,600-750,600,750
Men,Distance,1500m,5000m,204,knn_median,20.3673,17.845,2.5223,"{""k"": 20, ""n_train"": 204}",k=20 nearest neighbors,150,600-750,600,750
Men,Distance,5000m,800m,80,ratio_linear,3.6469,3.3595,0.2874,"{""intercept"": 0.22686561978164782, ""slope"": -9.986022616343352e-05}",x × (0.2269 + -0.000100×x),150,600-750,600,750
Men,Distance,5000m,1500m,204,knn_median,4.5386,4.1825,0.3561,"{""k"": 20, ""n_train"": 204}",k=20 nearest neighbors,150,600-750,600,750
Women,Distance,800m,1500m,127,ratio_linear,6.111,6.0134,0.0976,"{""intercept"": 2.9244832247304364, ""slope"": -0.005750721960374153}",x × (2.9245 + -0.005751×x),150,600-750,600,750
Women,Distance,800m,5000m,39,knn_median,35.366,24.41,10.956,"{""k"": 20, ""n_train"": 39}",k=20 nearest neighbors,150,600-750,600,750
Women,Distance,1500m,800m,127,binned_ratio,3.7266,3.4331,0.2935,"{""edges"": [291.39, 299.33, 305.66, 312.99, 316.1, 320.76, 323.42, 327.19, 337.7], ""ratios"": [0.504691083466537, 0.49926992765646777, 0.494502977553825, 0.48359372503913867, 0.4889347515478648, 0.4986170245827765, 0.4954667821889408, 0.47505251301409485, 0.45944906352634846]}",9 bins (see JSON),150,600-750,600,750
Women,Distance,1500m,5000m,72,robust_trimmed_linear,30.3218,30.1789,0.1429,"{""intercept"": 336.6118759774582, ""slope"": 2.6416377104435345}","{""intercept"": 336.6118759774582, ""slope"": 2.6416377104435345}",150,600-750,600,750
Women,Distance,5000m,800m,39,binned_ratio,3.9818,2.6511,1.3308,"{""edges"": [1078.73, 1133.75, 1141.8000000000002, 1153.9850000000001, 1164.58, 1188.155, 1196.9250000000002, 1219.205, 1241.44, 1289.91], ""ratios"": [0.1358058332482857, 0.13652046546300467, 0.1359684664621724, 0.13056171588565169, 0.13274764175326298, 0.12911587418751685, 0.13561853631385967, 0.13505862662961254, 0.1275883720358043, 0.12652013332132242]}",10 bins (see JSON),150,600-750,600,750
Women,Distance,5000m,1500m,72,quadratic,6.31,5.2608,1.0492,"{""intercept"": -1204.5841938042856, ""slope"": 2.4196568859623637, ""quad"": -0.0009561852979464079}",-1204.5842 + 2.4197×x + -0.000956×x²,150,600-750,600,750
Men,Sprints,100m,200m,258,knn_median,0.3469,0.31,0.0369,"{""k"": 20, ""n_train"": 258}",k=20 nearest neighbors,150,650-800,650,800
Men,Sprints,100m,400m,74,multivariate_ols,1.0628,0.7423,0.3206,"{""intercept"": 40.87873436240503, ""coef_a"": -2.799581059210791, ""coef_b"": 1.9161386640562272, ""event_a"": ""100m"", ""event_b"": ""200m""}",40.88 + -2.7996×100m + 1.9161×200m,150,650-800,650,800
Men,Sprints,200m,100m,258,quadratic,0.1697,0.1465,0.0232,"{""intercept"": -47.844967662506804, ""slope"": 4.756216922977105, ""quad"": -0.09478039531993517}",-47.8450 + 4.7562×x + -0.094780×x²,150,650-800,650,800
Men,Sprints,200m,400m,145,quadratic,0.9501,0.884,0.0661,"{""intercept"": -25.021829960468665, ""slope"": 5.7219601872436066, ""quad"": -0.10275022621603627}",-25.0218 + 5.7220×x + -0.102750×x²,150,650-800,650,800
Men,Sprints,400m,100m,74,binned_ratio,0.2054,0.1906,0.0148,"{""edges"": [50.11, 51.54, 52.05, 52.64, 53.12, 53.59, 54.09, 55.16, 64.095], ""ratios"": [0.2292823360065803, 0.2278382581648523, 0.22562620423892102, 0.22720364741641338, 0.22025602409638553, 0.2203294646199925, 0.214561500275786, 0.21472727272727274, 0.18289067632789985]}",9 bins (see JSON),150,650-800,650,800
Men,Sprints,400m,200m,145,quadratic,0.3776,0.3737,0.0039,"{""intercept"": -21.311158845298365, ""slope"": 1.5385698943799329, ""quad"": -0.012974520726231504}",-21.3112 + 1.5386×x + -0.012975×x²,150,650-800,650,800
Women,Sprints,100m,200m,122,quadratic,0.5048,0.49,0.0148,"{""intercept"": 70.27685199768631, ""slope"": -8.46132804618091, ""quad"": 0.3956014933918235}",70.2769 + -8.4613×x + 0.395601×x²,150,650-800,650,800
Women,Sprints,100m,400m,36,multivariate_ols,2.0289,1.5584,0.4706,"{""intercept"": 12.944914613959448, ""coef_a"": -0.25231751013142745, ""coef_b"": 1.9262355364308232, ""event_a"": ""100m"", ""event_b"": ""200m""}",12.94 + -0.2523×100m + 1.9262×200m,150,650-800,650,800
Women,Sprints,200m,100m,122,quadratic,0.1665,0.1637,0.0028,"{""intercept"": -37.60641727024589, ""slope"": 3.387906635582378, ""quad"": -0.05589494248406087}",-37.6064 + 3.3879×x + -0.055895×x²,150,650-800,650,800
Women,Sprints,200m,400m,70,binned_ratio,0.9939,0.8786,0.1153,"{""edges"": [26.16, 26.64, 27.465, 27.8, 28.04, 28.265, 28.635, 29.095, 29.675], ""ratios"": [2.271593155280696, 2.2864777242288836, 2.2767942914510026, 2.2615798982519966, 2.249108416547789, 2.290659539420157, 2.241702300698816, 2.225521277526559, 2.214153467603083]}",9 bins (see JSON),150,650-800,650,800
Women,Sprints,400m,100m,36,robust_trimmed_linear,0.2586,0.2368,0.0218,"{""intercept"": 8.195842883980703, ""slope"": 0.08216453810079626}","{""intercept"": 8.195842883980703, ""slope"": 0.08216453810079626}",150,650-800,650,800
Women,Sprints,400m,200m,70,quadratic,0.4883,0.4527,0.0356,"{""intercept"": -96.4816164114509, ""slope"": 3.6625459990339304, ""quad"": -0.026757161099741678}",-96.4816 + 3.6625×x + -0.026757×x²,150,650-800,650,800
Men,Distance,800m,1500m,215,ratio_linear,4.3391,4.2678,0.0713,"{""intercept"": 3.4647959137413413, ""slope"": -0.011449311794335726}",x × (3.4648 + -0.011449×x),150,650-800,650,800
Men,Distance,800m,5000m,69,multivariate_ols,27.6966,17.8605,9.8361,"{""intercept"": 196.3262001976509, ""coef_a"": -5.198512109874168, ""coef_b"": 5.599869720046394, ""event_a"": ""800m"", ""event_b"": ""1500m""}",196.33 + -5.1985×800m + 5.5999×1500m,150,650-800,650,800
Men,Distance,1500m,800m,215,binned_ratio,2.7168,2.308,0.4088,"{""edges"": [239.44, 244.135, 247.685, 250.83499999999998, 252.715, 254.775, 257.20500000000004, 261.645, 284.12], ""ratios"": [0.4970326706806493, 0.48986915849370083, 0.4889858919525798, 0.4895457914519831, 0.48400374803672397, 0.4917632975476217, 0.48257815886280697, 0.47004807561965894, 0.4315782063916655]}",9 bins (see JSON),150,650-800,650,800
Men,Distance,1500m,5000m,155,knn_median,21.0342,18.9,2.1342,"{""k"": 20, ""n_train"": 155}",k=20 nearest neighbors,150,650-800,650,800
Men,Distance,5000m,800m,69,ratio_linear,3.4262,3.2891,0.1371,"{""intercept"": 0.2542482134658105, ""slope"": -0.0001307173372489539}",x × (0.2542 + -0.000131×x),150,650-800,650,800
Men,Distance,5000m,1500m,155,robust_trimmed_linear,4.2162,4.1308,0.0854,"{""intercept"": 153.75757704390156, ""slope"": 0.10156898971994807}","{""intercept"": 153.75757704390156, ""slope"": 0.10156898971994807}",150,650-800,650,800
Women,Distance,800m,1500m,97,quadratic,6.8175,6.3582,0.4593,"{""intercept"": -282.1262691867821, ""slope"": 6.801331664551041, ""quad"": -0.01914692753956689}",-282.1263 + 6.8013×x + -0.019147×x²,150,650-800,650,800
Women,Distance,800m,5000m,34,median_ratio,31.2382,24.2737,6.9645,"{""ratio"": 7.4097994533045775}",x × 7.4098,150,650-800,650,800
Women,Distance,1500m,800m,97,ratio_linear,2.7845,2.7263,0.0582,"{""intercept"": 0.7204703360556377, ""slope"": -0.0007465436412988023}",x × (0.7205 + -0.000747×x),150,650-800,650,800
Women,Distance,1500m,5000m,63,quadratic,25.8825,20.7595,5.123,"{""intercept"": -6424.065309394892, ""slope"": 46.38597356586439, ""quad"": -0.07069944572669896}",-6424.0653 + 46.3860×x + -0.070699×x²,150,650-800,650,800
Women,Distance,5000m,800m,34,median_ratio,4.3243,3.2847,1.0396,"{""ratio"": 0.13495642888568626}",x × 0.1350,150,650-800,650,800
Women,Distance,5000m,1500m,63,knn_median,7.0133,5.545,1.4683,"{""k"": 20, ""n_train"": 63}",k=20 nearest neighbors,150,650-800,650,800
Men,Sprints,100m,200m,211,knn_median,0.3472,0.305,0.0422,"{""k"": 20, ""n_train"": 211}",k=20 nearest neighbors,150,700-850,700,850
Men,Sprints,100m,400m,56,multivariate_ols,0.9274,0.8423,0.0851,"{""intercept"": 41.27591716624963, ""coef_a"": -3.194681467159648, ""coef_b"": 2.089935463191899, ""event_a"": ""100m"", ""event_b"": ""200m""}",41.28 + -3.1947×100m + 2.0899×200m,150,700-850,700,850
Men,Sprints,200m,100m,211,knn_median,0.1638,0.145,0.0188,"{""k"": 20, ""n_train"": 211}",k=20 nearest neighbors,150,700-850,700,850
Men,Sprints,200m,400m,109,knn_median,0.9033,0.78,0.1233,"{""k"": 20, ""n_train"": 109}",k=20 nearest neighbors,150,700-850,700,850
Men,Sprints,400m,100m,56,binned_ratio,0.2608,0.2054,0.0554,"{""edges"": [49.9, 51.26, 51.74, 52.11, 52.64, 52.9, 53.64, 55.2], ""ratios"": [0.2282958199356913, 0.2278382581648523, 0.22295463357890655, 0.22562620423892102, 0.22811367537669275, 0.2192351382052253, 0.21774193548387097, 0.2099264705882353]}",8 bins (see JSON),150,700-850,700,850
Men,Sprints,400m,200m,109,knn_median,0.4217,0.375,0.0467,"{""k"": 20, ""n_train"": 109}",k=20 nearest neighbors,150,700-850,700,850
Women,Sprints,100m,200m,106,ratio_linear,0.452,0.4512,0.0008,"{""intercept"": 2.3361186768841615, ""slope"": -0.019230903974425378}",x × (2.3361 + -0.019231×x),150,700-850,700,850
Women,Sprints,100m,400m,34,chain_residual_adjusted,1.9399,1.5301,0.4099,"{""from_to_mid"": {""intercept"": -0.039314988196366585, ""slope"": 2.052714834026562}, ""mid_to_to"": {""intercept"": 11.949022282840744, ""slope"": 1.8352203240104659}, ""residual_k"": 1.486032260759961e-16, ""mid_event"": ""200m""}",chain via 200m + residual k=0.0000,150,700-850,700,850
Women,Sprints,200m,100m,106,ratio_linear,0.1582,0.1541,0.0041,"{""intercept"": 0.7037841784777652, ""slope"": -0.008149369912259749}",x × (0.7038 + -0.008149×x),150,700-850,700,850
Women,Sprints,200m,400m,56,linear_ols,0.8333,0.8333,0.0,"{""intercept"": 21.897761665182898, ""slope"": 1.4640131447184577}",21.8978 + 1.4640×x,150,700-850,700,850
Women,Sprints,400m,100m,34,log_linear,0.1983,0.1936,0.0047,"{""intercept"": 1.1189325734167146, ""slope"": 0.3550609268046479}",exp(1.1189 + 0.3551×log(x)),150,700-850,700,850
Women,Sprints,400m,200m,56,binned_ratio,0.5225,0.3369,0.1857,"{""edges"": [57.51, 60.45, 61.43, 62.3, 62.94, 63.43, 64.14, 66.21], ""ratios"": [0.4503923278116826, 0.43861386138613856, 0.4450073541428338, 0.45110968156963654, 0.4421671433110899, 0.4415994942310732, 0.44845925230721106, 0.4164276007851426]}",8 bins (see JSON),150,700-850,700,850
Men,Distance,800m,1500m,174,knn_median,4.4701,3.9925,0.4776,"{""k"": 20, ""n_train"": 174}",k=20 nearest neighbors,150,700-850,700,850
Men,Distance,800m,5000m,55,multivariate_ols,26.2532,18.9039,7.3493,"{""intercept"": 307.4914764270816, ""coef_a"": -5.3736654065988585, ""coef_b"": 5.230323806760308, ""event_a"": ""800m"", ""event_b"": ""1500m""}",307.49 + -5.3737×800m + 5.2303×1500m,150,700-850,700,850
Men,Distance,1500m,800m,174,knn_median,2.1315,1.905,0.2265,"{""k"": 20, ""n_train"": 174}",k=20 nearest neighbors,150,700-850,700,850
Men,Distance,1500m,5000m,121,knn_median,22.7778,20.25,2.5278,"{""k"": 20, ""n_train"": 121}",k=20 nearest neighbors,150,700-850,700,850
Men,Distance,5000m,800m,55,binned_ratio,3.5956,3.1187,0.477,"{""edges"": [894.4449999999999, 911.29, 916.87, 923.685, 933.065, 941.17, 957.245, 975.4300000000001, 985.875, 1172.93], ""ratios"": [0.1354160373454566, 0.13088868573794443, 0.131654955964074, 0.13793642215986623, 0.13662675365411475, 0.13037476136109696, 0.1291700600477715, 0.1262066363636384, 0.11898411856164265, 0.09829231070907896]}",10 bins (see JSON),150,700-850,700,850
Men,Distance,5000m,1500m,121,knn_median,3.6057,3.435,0.1707,"{""k"": 20, ""n_train"": 121}",k=20 nearest neighbors,150,700-850,700,850
Women,Distance,800m,1500m,72,median_ratio,7.0737,6.5465,0.5271,"{""ratio"": 2.0260375817370884}",x × 2.0260,150,700-850,700,850
Women,Distance,800m,5000m,25,binned_ratio,26.6574,15.7168,10.9407,"{""edges"": [143.13, 145.24, 149.2, 150.19, 153.0, 154.66, 156.93, 160.16, 163.06], ""ratios"": [7.426814783763013, 7.447261453668618, 7.7050277833567655, 7.731500633882698, 7.421895424836601, 7.335899094437258, 7.30225245459796, 7.0215656943405635, 7.075432356187906]}",9 bins (see JSON),150,700-850,700,850
Women,Distance,1500m,800m,72,quadratic,2.958,2.3853,0.5728,"{""intercept"": -536.5900659418021, ""slope"": 4.312783522872048, ""quad"": -0.00676182889496673}",-536.5901 + 4.3128×x + -0.006762×x²,150,700-850,700,850
Women,Distance,1500m,5000m,46,robust_trimmed_linear,16.7693,16.5504,0.2188,"{""intercept"": 434.17357082303124, ""slope"": 2.2603199135848637}","{""intercept"": 434.17357082303124, ""slope"": 2.2603199135848637}",150,700-850,700,850
Women,Distance,5000m,800m,25,median_ratio,3.9715,2.6712,1.3002,"{""ratio"": 0.13615428654436082}",x × 0.1362,150,700-850,700,850
Women,Distance,5000m,1500m,46,binned_ratio,7.4197,6.2289,1.1908,"{""edges"": [1035.67, 1080.97, 1099.36, 1116.0, 1134.66, 1140.66, 1154.25, 1158.72, 1170.29, 1184.33], ""ratios"": [0.27285502749299706, 0.2728845388863706, 0.27325168060042654, 0.2641436588103255, 0.2703276752507359, 0.27526643332838724, 0.27139398132134207, 0.2730448014109591, 0.2621572430765024, 0.25904942034736944]}",10 bins (see JSON),150,700-850,700,850
Men,Sprints,100m,200m,165,knn_median,0.3421,0.29,0.0521,"{""k"": 20, ""n_train"": 165}",k=20 nearest neighbors,150,750-900,750,900
Men,Sprints,100m,400m,35,linear_ols,1.005,1.005,0.0,"{""intercept"": 54.91256245084454, ""slope"": -0.24835843618782577}",54.9126 + -0.2484×x,150,750-900,750,900
Men,Sprints,200m,100m,165,knn_median,0.1466,0.115,0.0316,"{""k"": 20, ""n_train"": 165}",k=20 nearest neighbors,150,750-900,750,900
Men,Sprints,200m,400m,72,knn_median,0.9986,0.74,0.2586,"{""k"": 20, ""n_train"": 72}",k=20 nearest neighbors,150,750-900,750,900
Men,Sprints,400m,100m,35,robust_trimmed_linear,0.3738,0.2882,0.0855,"{""intercept"": 11.487495203699398, ""slope"": -0.0002311470169168848}","{""intercept"": 11.487495203699398, ""slope"": -0.0002311470169168848}",150,750-900,750,900
Men,Sprints,400m,200m,72,robust_trimmed_linear,0.4572,0.4128,0.0444,"{""intercept"": 20.77985210304994, ""slope"": 0.04349811436548557}","{""intercept"": 20.77985210304994, ""slope"": 0.04349811436548557}",150,750-900,750,900
Women,Sprints,100m,200m,73,median_ratio,0.4281,0.4087,0.0194,"{""ratio"": 2.068058778035576}",x × 2.0681,150,750-900,750,900
Women,Sprints,100m,400m,24,quadratic,1.9361,1.4882,0.4479,"{""intercept"": -576.3182441610106, ""slope"": 92.90382338925299, ""quad"": -3.3769271352093373}",-576.3182 + 92.9038×x + -3.376927×x²,150,750-900,750,900
Women,Sprints,200m,100m,73,linear_ols,0.1614,0.1614,0.0,"{""intercept"": 4.363306430682284, ""slope"": 0.3203111625685163}",4.3633 + 0.3203×x,150,750-900,750,900
Women,Sprints,200m,400m,34,binned_ratio,0.9674,0.4487,0.5188,"{""edges"": [25.65, 26.155, 26.465, 26.630000000000003, 26.814999999999998, 27.615000000000002, 27.880000000000003, 28.11, 28.695], ""ratios"": [2.2341377968080964, 2.271593155280696, 2.2988854346185468, 2.257057536499685, 2.2700998081573616, 2.230287527742415, 2.2356039077378416, 2.2176694594469395, 2.1735732017459695]}",9 bins (see JSON),150,750-900,750,900
Women,Sprints,400m,100m,24,robust_trimmed_linear,0.2317,0.1903,0.0413,"{""intercept"": 10.337420425151375, ""slope"": 0.04435382286501813}","{""intercept"": 10.337420425151375, ""slope"": 0.04435382286501813}",150,750-900,750,900
Women,Sprints,400m,200m,34,binned_ratio,0.449,0.2576,0.1914,"{""edges"": [57.365, 58.26, 59.885000000000005, 60.79, 61.345, 62.065, 62.31, 62.75, 65.845], ""ratios"": [0.44831072215947987, 0.45403791780764513, 0.43793098121265595, 0.44535900208655216, 0.4441749500351626, 0.44912223384373673, 0.44864354123181344, 0.43573063097163156, 0.416602768689322]}",9 bins (see JSON),150,750-900,750,900
Men,Distance,800m,1500m,123,binned_ratio,4.5071,3.8346,0.6725,"{""edges"": [114.38, 116.22, 117.52000000000001, 118.74000000000001, 119.6, 120.33, 122.11, 125.2, 129.69], ""ratios"": [2.157982164714111, 2.0656574394463667, 2.058584145824502, 2.066616136095671, 2.123156836461126, 2.0388365559411668, 2.017622583013788, 1.9603079143613182, 1.8956218519953505]}",9 bins (see JSON),150,750-900,750,900
Men,Distance,800m,5000m,37,multivariate_ols,23.6475,17.761,5.8865,"{""intercept"": 224.48078081330868, ""coef_a"": -5.385547781726581, ""coef_b"": 5.57787712264763, ""event_a"": ""800m"", ""event_b"": ""1500m""}",224.48 + -5.3855×800m + 5.5779×1500m,150,750-900,750,900
Men,Distance,1500m,800m,123,quadratic,2.0208,1.9067,0.1141,"{""intercept"": -805.1635378528603, ""slope"": 7.390765270865872, ""quad"": -0.014752960329813132}",-805.1635 + 7.3908×x + -0.014753×x²,150,750-900,750,900
Men,Distance,1500m,5000m,83,binned_ratio,21.3615,18.5345,2.827,"{""edges"": [236.28, 238.74, 240.635, 243.22, 244.945, 246.525, 247.79, 250.48000000000002, 257.6], ""ratios"": [3.859552061385764, 3.821086073702264, 3.794232426564711, 3.8040686561409336, 3.7738034452810165, 3.7444254289937566, 3.8062366535304837, 3.6105720602881126, 3.8306677018633537]}",9 bins (see JSON),150,750-900,750,900
Men,Distance,5000m,800m,37,robust_trimmed_linear,2.8747,2.843,0.0317,"{""intercept"": 142.8239500517617, ""slope"": -0.024033575476430386}","{""intercept"": 142.8239500517617, ""slope"": -0.024033575476430386}",150,750-900,750,900
Men,Distance,5000m,1500m,83,linear_ols,3.2211,3.2211,0.0,"{""intercept"": 173.63734131625455, ""slope"": 0.07620298629186195}",173.6373 + 0.0762×x,150,750-900,750,900
Women,Distance,800m,1500m,47,median_ratio,4.6564,4.2984,0.358,"{""ratio"": 2.007019051711789}",x × 2.0070,150,750-900,750,900
Women,Distance,1500m,800m,47,median_ratio,3.2012,2.1405,1.0607,"{""ratio"": 0.498251373920491}",x × 0.4983,150,750-900,750,900
Women,Distance,1500m,5000m,29,quadratic,22.1984,19.6276,2.5708,"{""intercept"": -4285.026171363371, ""slope"": 33.60378583446243, ""quad"": -0.05206694177622707}",-4285.0262 + 33.6038×x + -0.052067×x²,150,750-900,750,900
Women,Distance,5000m,1500m,29,robust_trimmed_linear,5.8262,5.5426,0.2836,"{""intercept"": 127.4365844792186, ""slope"": 0.15392157106767085}","{""intercept"": 127.4365844792186, ""slope"": 0.15392157106767085}",150,750-900,750,900
Men,Sprints,100m,200m,113,knn_median,0.2572,0.23,0.0272,"{""k"": 20, ""n_train"": 113}",k=20 nearest neighbors,150,800-950,800,950
Men,Sprints,100m,400m,23,knn_median,1.2508,0.875,0.3758,"{""k"": 20, ""n_train"": 23}",k=20 nearest neighbors,150,800-950,800,950
Men,Sprints,200m,100m,113,knn_median,0.1353,0.13,0.0053,"{""k"": 20, ""n_train"": 113}",k=20 nearest neighbors,150,800-950,800,950
Men,Sprints,200m,400m,46,binned_ratio,1.1016,0.8376,0.264,"{""edges"": [21.92, 22.25, 22.4, 22.59, 22.68, 22.76, 22.89, 23.07, 23.58, 24.33], ""ratios"": [2.3344021988089785, 2.2239140170174654, 2.2407818747223454, 2.2671992898357742, 2.255629139072848, 2.2739244951712028, 2.253275109170306, 2.183116883116883, 2.128381279519107, 2.0595972050965887]}",10 bins (see JSON),150,800-950,800,950
Men,Sprints,400m,100m,23,robust_trimmed_linear,0.2342,0.2026,0.0316,"{""intercept"": 10.20759259835174, ""slope"": 0.02122099552514717}","{""intercept"": 10.20759259835174, ""slope"": 0.02122099552514717}",150,800-950,800,950
Men,Sprints,400m,200m,46,robust_trimmed_linear,0.2495,0.2087,0.0408,"{""intercept"": 18.74228113495829, ""slope"": 0.07773132348844436}","{""intercept"": 18.74228113495829, ""slope"": 0.07773132348844436}",150,800-950,800,950
Women,Sprints,100m,200m,47,quadratic,0.385,0.3067,0.0784,"{""intercept"": -449.1764527900213, ""slope"": 73.92500187901085, ""quad"": -2.8709782694710126}",-449.1765 + 73.9250×x + -2.870978×x²,150,800-950,800,950
Women,Sprints,200m,100m,47,linear_ols,0.1442,0.1442,0.0,"{""intercept"": 8.674337052882569, ""slope"": 0.15418182867723654}",8.6743 + 0.1542×x,150,800-950,800,950
Men,Distance,800m,1500m,78,robust_trimmed_linear,3.7165,2.987,0.7295,"{""intercept"": 242.1357441134938, ""slope"": -0.0004035750190357998}","{""intercept"": 242.1357441134938, ""slope"": -0.0004035750190357998}",150,800-950,800,950
Men,Distance,800m,5000m,24,knn_median,32.2159,19.215,13.0009,"{""k"": 20, ""n_train"": 24}",k=20 nearest neighbors,150,800-950,800,950
Men,Distance,1500m,800m,78,robust_trimmed_linear,2.1151,1.957,0.1581,"{""intercept"": 131.9887831187548, ""slope"": -0.05980425016144742}","{""intercept"": 131.9887831187548, ""slope"": -0.05980425016144742}",150,800-950,800,950
Men,Distance,1500m,5000m,57,binned_ratio,21.8082,12.3266,9.4816,"{""edges"": [235.4, 237.23, 239.45, 240.61, 242.32, 244.13, 246.05, 250.84, 270.21], ""ratios"": [3.860750764987286, 3.857124767854128, 3.7982830820770515, 3.7952092328130194, 3.80824305814967, 3.786261418096916, 3.6574278472733215, 3.570084516026152, 4.340809000407091]}",9 bins (see JSON),150,800-950,800,950
Men,Distance,5000m,800m,24,knn_median,3.0955,2.23,0.8655,"{""k"": 20, ""n_train"": 24}",k=20 nearest neighbors,150,800-950,800,950
Men,Distance,5000m,1500m,57,knn_median,3.8002,3.165,0.6352,"{""k"": 20, ""n_train"": 57}",k=20 nearest neighbors,150,800-950,800,950
Women,Distance,800m,1500m,25,binned_ratio,4.5746,3.3009,1.2737,"{""edges"": [137.34, 140.13, 142.36, 143.5, 145.24, 147.0, 147.34, 150.13, 155.82999999999998], ""ratios"": [2.101094470046083, 2.0044074784957697, 2.06401287253393, 2.026604287410097, 2.0143820533993946, 1.9822448979591836, 1.9790907864562257, 1.9674282288683143, 1.888532375024065]}",9 bins (see JSON),150,800-950,800,950
Women,Distance,1500m,800m,25,median_ratio,2.7243,1.9855,0.7388,"{""ratio"": 0.4990336690062049}",x × 0.4990,150,800-950,800,950
Men,Sprints,100m,200m,70,knn_median,0.2245,0.2075,0.017,"{""k"": 20, ""n_train"": 70}",k=20 nearest neighbors,150,850-1000,850,1000
Men,Sprints,200m,100m,70,knn_median,0.1174,0.1,0.0174,"{""k"": 20, ""n_train"": 70}",k=20 nearest neighbors,150,850-1000,850,1000
Men,Sprints,200m,400m,28,robust_trimmed_linear,0.826,0.5505,0.2755,"{""intercept"": 47.80578201732799, ""slope"": 0.09003684059582313}","{""intercept"": 47.80578201732799, ""slope"": 0.09003684059582313}",150,850-1000,850,1000
Men,Sprints,400m,200m,28,knn_median,0.3078,0.275,0.0328,"{""k"": 20, ""n_train"": 28}",k=20 nearest neighbors,150,850-1000,850,1000
Women,Sprints,100m,200m,25,binned_ratio,0.5255,0.412,0.1135,"{""edges"": [12.2, 12.34, 12.47, 12.53, 12.64, 12.7, 12.84, 13.05, 13.16], ""ratios"": [2.0798045602605866, 2.104501607717042, 2.1539695268644747, 2.086124401913876, 2.094220110847189, 2.104559748427673, 2.00855365474339, 2.025855513307985, 2.026595744680851]}",9 bins (see JSON),150,850-1000,850,1000
Women,Sprints,200m,100m,25,binned_ratio,0.2394,0.1467,0.0927,"{""edges"": [25.05, 25.58, 25.69, 26.16, 26.31, 26.64, 26.77, 26.93, 27.14], ""ratios"": [0.48702594810379235, 0.49921813917122754, 0.48773841961852854, 0.47935779816513757, 0.4815659445077917, 0.49343832020997375, 0.4727000747943157, 0.46465773809523814, 0.4591009579955785]}",9 bins (see JSON),150,850-1000,850,1000
Men,Distance,800m,1500m,44,knn_median,3.6753,2.465,1.2103,"{""k"": 20, ""n_train"": 44}",k=20 nearest neighbors,150,850-1000,850,1000
Men,Distance,1500m,800m,44,log_linear,1.639,1.5521,0.0869,"{""intercept"": 5.302331968251104, ""slope"": -0.09899773630755149}",exp(5.3023 + -0.0990×log(x)),150,850-1000,850,1000
Men,Distance,1500m,5000m,27,log_linear,16.8232,16.5478,0.2755,"{""intercept"": -2.3365663181944587, ""slope"": 1.6723186933522172}",exp(-2.3366 + 1.6723×log(x)),150,850-1000,850,1000
Men,Distance,5000m,1500m,27,quadratic,2.4324,1.8593,0.573,"{""intercept"": 498.79128312252516, ""slope"": -0.6050712483998167, ""quad"": 0.00035018487214485245}",498.7913 + -0.6051×x + 0.000350×x²,150,850-1000,850,1000
Men,Sprints,100m,200m,31,log_linear,0.1172,0.1115,0.0057,"{""intercept"": 3.1838593760823652, ""slope"": -0.03680057138768134}",exp(3.1839 + -0.0368×log(x)),150,900-1050,900,1050
Men,Sprints,200m,100m,31,linear_ols,0.1438,0.1438,0.0,"{""intercept"": 11.400015988876385, ""slope"": -0.02163709208247199}",11.4000 + -0.0216×x,150,900-1050,900,1050
Men,Sprints,100m,200m,541,robust_trimmed_linear,0.4368,0.4059,0.0309,"{""intercept"": -1.7679789975496298, ""slope"": 2.1944967974265035}","{""intercept"": -1.7679789975496298, ""slope"": 2.1944967974265035}",200,all,,
Men,Sprints,100m,400m,190,chain_residual_adjusted,1.907,1.1384,0.7686,"{""from_to_mid"": {""intercept"": -5.712610167668789, ""slope"": 2.514353291878295}, ""mid_to_to"": {""intercept"": 1.0097576481720836, ""slope"": 2.2297692587081728}, ""residual_k"": -1.0543911079907788e-14, ""mid_event"": ""200m""}",chain via 200m + residual k=-0.0000,200,all,,
Men,Sprints,200m,100m,541,quadratic,0.1929,0.1832,0.0096,"{""intercept"": -4.028774697783996, ""slope"": 0.9208618870692122, ""quad"": -0.010911496503481857}",-4.0288 + 0.9209×x + -0.010911×x²,200,all,,
Men,Sprints,200m,400m,327,knn_median,1.2917,1.17,0.1217,"{""k"": 20, ""n_train"": 327}",k=20 nearest neighbors,200,all,,
Men,Sprints,400m,100m,190,quadratic,0.2951,0.2716,0.0235,"{""intercept"": -6.828836879894463, ""slope"": 0.5302953113424174, ""quad"": -0.003357691111844774}",-6.8288 + 0.5303×x + -0.003358×x²,200,all,,
Men,Sprints,400m,200m,327,robust_trimmed_linear,0.5312,0.5269,0.0043,"{""intercept"": 5.316680434099286, ""slope"": 0.35076558346754994}","{""intercept"": 5.316680434099286, ""slope"": 0.35076558346754994}",200,all,,
Women,Sprints,100m,200m,243,robust_trimmed_linear,0.4935,0.4824,0.0111,"{""intercept"": -4.194400585172293, ""slope"": 2.4012710847157988}","{""intercept"": -4.194400585172293, ""slope"": 2.4012710847157988}",200,all,,
Women,Sprints,100m,400m,62,multivariate_ols,2.0075,1.7492,0.2582,"{""intercept"": -5.379927200884765, ""coef_a"": 3.1837943885847526, ""coef_b"": 0.9361285321753603, ""event_a"": ""100m"", ""event_b"": ""200m""}",-5.38 + 3.1838×100m + 0.9361×200m,200,all,,
Women,Sprints,200m,100m,243,robust_trimmed_linear,0.2001,0.1868,0.0133,"{""intercept"": 3.391536562880555, ""slope"": 0.35939991388410086}","{""intercept"": 3.391536562880555, ""slope"": 0.35939991388410086}",200,all,,
Women,Sprints,200m,400m,145,median_ratio,1.5414,1.3139,0.2275,"{""ratio"": 2.2712407823020198}",x × 2.2712,200,all,,
Women,Sprints,400m,100m,62,robust_trimmed_linear,0.2977,0.2943,0.0034,"{""intercept"": 4.5900718223104295, ""slope"": 0.1409939278305339}","{""intercept"": 4.5900718223104295, ""slope"": 0.1409939278305339}",200,all,,
Women,Sprints,400m,200m,145,robust_trimmed_linear,0.5753,0.5211,0.0542,"{""intercept"": 2.7758258924144705, ""slope"": 0.3990014928723562}","{""intercept"": 2.7758258924144705, ""slope"": 0.3990014928723562}",200,all,,
Men,Distance,800m,1500m,686,robust_trimmed_linear,6.335,6.3045,0.0305,"{""intercept"": 19.841621332737333, ""slope"": 1.9114769284883035}","{""intercept"": 19.841621332737333, ""slope"": 1.9114769284883035}",200,all,,
Men,Distance,800m,5000m,201,chain_residual_adjusted,36.0962,23.74,12.3562,"{""from_to_mid"": {""intercept"": 38.8533811767945, ""slope"": 1.7322790966415693}, ""mid_to_to"": {""intercept"": 70.50488241019184, ""slope"": 3.5508581228925498}, ""residual_k"": 6.626758396161063e-14, ""mid_event"": ""1500m""}",chain via 1500m + residual k=0.0000,200,all,,
Men,Distance,1500m,800m,686,log_linear,3.005,2.9907,0.0143,"{""intercept"": -0.10002183729056924, ""slope"": 0.8886219982576907}",exp(-0.1000 + 0.8886×log(x)),200,all,,
Men,Distance,1500m,5000m,498,quadratic,23.2662,23.1139,0.1523,"{""intercept"": -61.99619327088524, ""slope"": 4.424432450556047, ""quad"": -0.0015374836691473474}",-61.9962 + 4.4244×x + -0.001537×x²,200,all,,
Men,Distance,5000m,800m,201,robust_trimmed_linear,4.1895,4.0998,0.0897,"{""intercept"": 26.987059966672078, ""slope"": 0.10359089115204338}","{""intercept"": 26.987059966672078, ""slope"": 0.10359089115204338}",200,all,,
Men,Distance,5000m,1500m,498,robust_trimmed_linear,6.0469,5.8169,0.23,"{""intercept"": 37.77182361422879, ""slope"": 0.22759083790619605}","{""intercept"": 37.77182361422879, ""slope"": 0.22759083790619605}",200,all,,
Women,Distance,800m,1500m,312,median_ratio,7.6871,7.6382,0.0489,"{""ratio"": 2.0280623519183143}",x × 2.0281,200,all,,
Women,Distance,800m,5000m,82,chain_residual_adjusted,48.1068,32.5694,15.5374,"{""from_to_mid"": {""intercept"": 81.00025040027043, ""slope"": 1.5125390034432715}, ""mid_to_to"": {""intercept"": -33.610508103144184, ""slope"": 3.860020725750451}, ""residual_k"": 8.318540946941974e-13, ""mid_event"": ""1500m""}",chain via 1500m + residual k=0.0000,200,all,,
Women,Distance,1500m,800m,312,ratio_linear,3.7362,3.6579,0.0783,"{""intercept"": 0.525997247680436, ""slope"": -0.00010164458974819595}",x × (0.5260 + -0.000102×x),200,all,,
Women,Distance,1500m,5000m,135,binned_ratio,32.8199,31.1624,1.6575,"{""edges"": [288.53999999999996, 304.28, 314.15999999999997, 319.995, 326.79999999999995, 338.045, 348.495, 361.41499999999996, 391.09], ""ratios"": [3.7432452425612626, 3.7142380799995993, 3.7206585651038657, 3.668461637644717, 3.789112137892479, 3.6957009495878426, 3.7327981703090014, 3.7422551335433623, 3.6178287035820342]}",9 bins (see JSON),200,all,,
Women,Distance,5000m,800m,82,median_ratio,6.2443,5.206,1.0382,"{""ratio"": 0.13419245370162436}",x × 0.1342,200,all,,
Women,Distance,5000m,1500m,135,binned_ratio,8.044,7.8785,0.1654,"{""edges"": [1073.0900000000001, 1134.395, 1160.46, 1187.3249999999998, 1230.53, 1252.295, 1305.52, 1370.685, 1470.01], ""ratios"": [0.27292167564315617, 0.270293849176072, 0.27330288017216897, 0.26489156399329317, 0.26824068131001144, 0.2705860490915196, 0.26315892411256986, 0.2654815138123071, 0.256949574752575]}",9 bins (see JSON),200,all,,
Men,Sprints,100m,200m,38,median_ratio,1.2468,1.151,0.0958,"{""ratio"": 2.152488860040787}",x × 2.1525,200,0-200,0,200
Men,Sprints,100m,400m,37,quadratic,2.4748,1.8147,0.6602,"{""intercept"": 185.5957818796574, ""slope"": -18.180321021877685, ""quad"": 0.6976264174693517}",185.5958 + -18.1803×x + 0.697626×x²,200,0-200,0,200
Men,Sprints,200m,100m,38,ratio_linear,0.509,0.4814,0.0276,"{""intercept"": 0.6823233206265186, ""slope"": -0.007470584968479928}",x × (0.6823 + -0.007471×x),200,0-200,0,200
Men,Sprints,200m,400m,39,linear_ols,2.2296,2.2296,0.0,"{""intercept"": 44.30464164406026, ""slope"": 0.7848690763282709}",44.3046 + 0.7849×x,200,0-200,0,200
Men,Sprints,400m,100m,37,median_ratio,0.5439,0.4919,0.052,"{""ratio"": 0.20327204285507458}",x × 0.2033,200,0-200,0,200
Men,Sprints,400m,200m,39,robust_trimmed_linear,1.4447,1.2489,0.1958,"{""intercept"": 6.0271027371280645, ""slope"": 0.3434786535496251}","{""intercept"": 6.0271027371280645, ""slope"": 0.3434786535496251}",200,0-200,0,200
Men,Distance,800m,1500m,98,median_ratio,12.4312,10.7996,1.6316,"{""ratio"": 2.0552291348735965}",x × 2.0552,200,0-200,0,200
Men,Distance,800m,5000m,46,chain_residual_adjusted,51.5832,39.7795,11.8037,"{""from_to_mid"": {""intercept"": 150.3740887441244, ""slope"": 1.0337675013551777}, ""mid_to_to"": {""intercept"": 296.28493555019986, ""slope"": 2.8426375479781436}, ""residual_k"": -1.5948659849760728e-13, ""mid_event"": ""1500m""}",chain via 1500m + residual k=-0.0000,200,0-200,0,200
Men,Distance,1500m,800m,98,quadratic,4.2414,4.1999,0.0415,"{""intercept"": 143.52997761804903, ""slope"": -0.24924780269718683, ""quad"": 0.0008837861472999569}",143.5300 + -0.2492×x + 0.000884×x²,200,0-200,0,200
Men,Distance,1500m,5000m,66,knn_median,41.9764,36.8525,5.1239,"{""k"": 20, ""n_train"": 66}",k=20 nearest neighbors,200,0-200,0,200
Men,Distance,5000m,800m,46,binned_ratio,9.0947,6.2159,2.8788,"{""edges"": [1062.38, 1111.29, 1122.73, 1165.22, 1173.14, 1180.6, 1208.04, 1257.55, 1299.82, 1415.49], ""ratios"": [0.14874126979698502, 0.13721607454863133, 0.13611464911421267, 0.12279606669516889, 0.11852805291781032, 0.12580697155557818, 0.1271691614783415, 0.12754107261852854, 0.12683780630105018, 0.12397826900931834]}",10 bins (see JSON),200,0-200,0,200
Men,Distance,5000m,1500m,66,quadratic,10.3035,8.7817,1.5218,"{""intercept"": 878.1005111116139, ""slope"": -1.1127508300366786, ""quad"": 0.0005326704710506686}",878.1005 + -1.1128×x + 0.000533×x²,200,0-200,0,200
Women,Distance,800m,1500m,25,ratio_linear,17.4981,17.1341,0.364,"{""intercept"": 1.7675236008934516, ""slope"": 0.0012363092737893587}",x × (1.7675 + 0.001236×x),200,0-200,0,200
Women,Distance,1500m,800m,25,knn_median,5.694,4.88,0.814,"{""k"": 20, ""n_train"": 25}",k=20 nearest neighbors,200,0-200,0,200
Men,Sprints,100m,200m,43,robust_trimmed_linear,1.2546,1.0344,0.2202,"{""intercept"": 15.051984419604802, ""slope"": 1.0552033514996475}","{""intercept"": 15.051984419604802, ""slope"": 1.0552033514996475}",200,50-250,50,250
Men,Sprints,100m,400m,43,binned_ratio,3.0048,2.1228,0.882,"{""edges"": [12.64, 12.88, 13.19, 13.41, 13.64, 13.98, 14.2, 14.39, 15.04], ""ratios"": [5.49762658227848, 5.31875, 4.727824109173617, 4.799551234106208, 4.891495601173021, 4.7092857142857145, 4.907026259758694, 4.485059068797776, 4.764360313315927]}",9 bins (see JSON),200,50-250,50,250
Men,Sprints,200m,100m,43,median_ratio,0.5309,0.5164,0.0146,"{""ratio"": 0.4654773703336637}",x × 0.4655,200,50-250,50,250
Men,Sprints,200m,400m,48,binned_ratio,2.6715,2.26,0.4115,"{""edges"": [25.57, 27.175, 27.465, 27.865000000000002, 28.93, 29.939999999999998, 30.555, 31.86], ""ratios"": [2.3666071320854676, 2.4377520140678035, 2.3158372603529234, 2.341431552760336, 2.239033212979446, 2.2239396762225514, 2.1565081454507737, 2.283618253483129]}",8 bins (see JSON),200,50-250,50,250
Men,Sprints,400m,100m,43,knn_median,0.5269,0.47,0.0569,"{""k"": 20, ""n_train"": 43}",k=20 nearest neighbors,200,50-250,50,250
Men,Sprints,400m,200m,48,ratio_linear,1.1404,1.0729,0.0675,"{""intercept"": 0.6234620320800606, ""slope"": -0.0028561813542694677}",x × (0.6235 + -0.002856×x),200,50-250,50,250
Men,Distance,800m,1500m,125,robust_trimmed_linear,9.7239,8.9354,0.7885,"{""intercept"": 120.97709820101431, ""slope"": 1.2431654327296515}","{""intercept"": 120.97709820101431, ""slope"": 1.2431654327296515}",200,50-250,50,250
Men,Distance,800m,5000m,54,binned_ratio,46.2279,42.6458,3.5821,"{""edges"": [132.61, 136.74, 139.735, 144.28, 150.17000000000002, 152.97, 154.055, 161.245, 165.16500000000002], ""ratios"": [8.395548455901675, 8.353949600199012, 8.395284074990759, 7.997003993423645, 7.556857666348766, 7.331136296990023, 7.739172000596245, 7.2714912413199535, 7.282683135809645]}",9 bins (see JSON),200,50-250,50,250
Men,Distance,1500m,800m,125,quadratic,4.5773,4.2165,0.3609,"{""intercept"": -143.01119090984037, ""slope"": 1.5858141144592726, ""quad"": -0.0020584984698152264}",-143.0112 + 1.5858×x + -0.002058×x²,200,50-250,50,250
Men,Distance,1500m,5000m,80,knn_median,38.6246,35.21,3.4146,"{""k"": 20, ""n_train"": 80}",k=20 nearest neighbors,200,50-250,50,250
Men,Distance,5000m,800m,54,binned_ratio,8.9712,6.9924,1.9788,"{""edges"": [1040.47, 1085.9450000000002, 1118.065, 1145.79, 1165.075, 1173.65, 1184.125, 1213.175, 1289.275], ""ratios"": [0.14055176544143605, 0.1391377491139162, 0.13564027398976986, 0.12955328627782572, 0.12028403003785292, 0.12173847627835055, 0.1271481612102498, 0.12843198118223154, 0.11924160714072797]}",9 bins (see JSON),200,50-250,50,250
Men,Distance,5000m,1500m,80,quadratic,8.959,8.7147,0.2443,"{""intercept"": 247.2228748765061, ""slope"": -0.05584477961107781, ""quad"": 9.004900741724536e-05}",247.2229 + -0.0558×x + 0.000090×x²,200,50-250,50,250
Women,Distance,800m,1500m,41,linear_ols,12.6967,12.6967,0.0,"{""intercept"": 36.588311785406745, ""slope"": 1.83287427970463}",36.5883 + 1.8329×x,200,50-250,50,250
Women,Distance,1500m,800m,41,log_linear,5.204,5.0952,0.1088,"{""intercept"": 2.1037835696257035, ""slope"": 0.5305741614147689}",exp(2.1038 + 0.5306×log(x)),200,50-250,50,250
Men,Sprints,100m,200m,55,knn_median,0.8954,0.76,0.1354,"{""k"": 20, ""n_train"": 55}",k=20 nearest neighbors,200,100-300,100,300
Men,Sprints,100m,400m,47,knn_median,2.4293,2.355,0.0743,"{""k"": 20, ""n_train"": 47}",k=20 nearest neighbors,200,100-300,100,300
Men,Sprints,200m,100m,55,robust_trimmed_linear,0.3315,0.3232,0.0084,"{""intercept"": 6.8498581894702495, ""slope"": 0.23349142320684207}","{""intercept"": 6.8498581894702495, ""slope"": 0.23349142320684207}",200,100-300,100,300
Men,Sprints,200m,400m,56,median_ratio,2.0931,2.0463,0.0468,"{""ratio"": 2.2833311215901837}",x × 2.2833,200,100-300,100,300
Men,Sprints,400m,100m,47,knn_median,0.387,0.35,0.037,"{""k"": 20, ""n_train"": 47}",k=20 nearest neighbors,200,100-300,100,300
Men,Sprints,400m,200m,56,median_ratio,1.01,0.8978,0.1122,"{""ratio"": 0.4379566795232367}",x × 0.4380,200,100-300,100,300
Women,Sprints,100m,200m,22,knn_median,1.2082,0.66,0.5482,"{""k"": 20, ""n_train"": 22}",k=20 nearest neighbors,200,100-300,100,300
Women,Sprints,200m,100m,22,linear_ols,0.3222,0.3222,0.0,"{""intercept"": 13.151017097610108, ""slope"": 0.08347517788242417}",13.1510 + 0.0835×x,200,100-300,100,300
Men,Distance,800m,1500m,170,binned_ratio,8.4277,7.6041,0.8236,"{""edges"": [133.62, 138.14, 142.15, 144.67000000000002, 146.75, 149.17000000000002, 153.04, 158.65, 166.07999999999998], ""ratios"": [2.109877830750894, 2.1576793279241757, 2.125673878036827, 2.0299883073113696, 2.040809374574193, 2.018487619301876, 2.015626017318836, 2.0269937895837176, 1.892646066840838]}",9 bins (see JSON),200,100-300,100,300
Men,Distance,800m,5000m,58,chain_residual_adjusted,49.6398,37.4444,12.1953,"{""from_to_mid"": {""intercept"": 148.210142968793, ""slope"": 1.009510646894165}, ""mid_to_to"": {""intercept"": 407.1906395141028, ""slope"": 2.4411020040196663}, ""residual_k"": -1.9475859879522966e-14, ""mid_event"": ""1500m""}",chain via 1500m + residual k=-0.0000,200,100-300,100,300
Men,Distance,1500m,800m,170,median_ratio,4.8979,4.4972,0.4007,"{""ratio"": 0.4863354114046531}",x × 0.4863,200,100-300,100,300
Men,Distance,1500m,5000m,108,linear_ols,33.8717,33.8717,0.0,"{""intercept"": 505.0325921163586, ""slope"": 2.134512949623396}",505.0326 + 2.1345×x,200,100-300,100,300
Men,Distance,5000m,800m,58,log_linear,7.4608,7.223,0.2378,"{""intercept"": 2.6912237680201283, ""slope"": 0.32510785276640525}",exp(2.6912 + 0.3251×log(x)),200,100-300,100,300
Men,Distance,5000m,1500m,108,robust_trimmed_linear,9.4122,9.0246,0.3876,"{""intercept"": 99.56481712892003, ""slope"": 0.173665635982246}","{""intercept"": 99.56481712892003, ""slope"": 0.173665635982246}",200,100-300,100,300
Women,Distance,800m,1500m,58,robust_trimmed_linear,13.8569,12.2942,1.5627,"{""intercept"": 31.338645665621414, ""slope"": 1.8543372681573353}","{""intercept"": 31.338645665621414, ""slope"": 1.8543372681573353}",200,100-300,100,300
Women,Distance,1500m,800m,58,quadratic,4.7975,4.0961,0.7014,"{""intercept"": 393.71856611499084, ""slope"": -1.3127343627966215, ""quad"": 0.0020353339482730506}",393.7186 + -1.3127×x + 0.002035×x²,200,100-300,100,300
Men,Sprints,100m,200m,73,knn_median,0.7891,0.65,0.1391,"{""k"": 20, ""n_train"": 73}",k=20 nearest neighbors,200,150-350,150,350
Men,Sprints,100m,400m,59,binned_ratio,2.9716,2.3251,0.6465,"{""edges"": [12.09, 12.73, 13.07, 13.26, 13.39, 13.6, 13.98, 14.23, 14.45], ""ratios"": [5.07655116841257, 5.180675569520817, 4.878347360367253, 4.572075471698113, 4.75689783743475, 4.850735294117647, 4.907026259758694, 4.84355179704017, 4.7792387543252595]}",9 bins (see JSON),200,150-350,150,350
Men,Sprints,200m,100m,73,quadratic,0.3111,0.2651,0.046,"{""intercept"": -11.330459930700552, ""slope"": 1.4985664221938064, ""quad"": -0.022027523146789022}",-11.3305 + 1.4986×x + -0.022028×x²,200,150-350,150,350
Men,Sprints,200m,400m,72,quadratic,2.0908,1.9497,0.141,"{""intercept"": 114.32984222540126, ""slope"": -5.095987854595286, ""quad"": 0.11706993344034486}",114.3298 + -5.0960×x + 0.117070×x²,200,150-350,150,350
Men,Sprints,400m,100m,59,robust_trimmed_linear,0.4109,0.3318,0.0792,"{""intercept"": 8.003301871147405, ""slope"": 0.08433854185916685}","{""intercept"": 8.003301871147405, ""slope"": 0.08433854185916685}",200,150-350,150,350
Men,Sprints,400m,200m,72,robust_trimmed_linear,0.9303,0.8602,0.0701,"{""intercept"": 10.52354190183015, ""slope"": 0.26845668139231316}","{""intercept"": 10.52354190183015, ""slope"": 0.26845668139231316}",200,150-350,150,350
Women,Sprints,100m,200m,34,median_ratio,1.3187,1.0327,0.286,"{""ratio"": 2.1646499453922345}",x × 2.1646,200,150-350,150,350
Women,Sprints,200m,100m,34,knn_median,0.4397,0.42,0.0197,"{""k"": 20, ""n_train"": 34}",k=20 nearest neighbors,200,150-350,150,350
Women,Sprints,200m,400m,25,knn_median,3.7823,2.49,1.2923,"{""k"": 20, ""n_train"": 25}",k=20 nearest neighbors,200,150-350,150,350
Women,Sprints,400m,200m,25,linear_ols,0.8776,0.8776,0.0,"{""intercept"": 22.063989999737892, ""slope"": 0.1555916255938348}",22.0640 + 0.1556×x,200,150-350,150,350
Men,Distance,800m,1500m,202,ratio_linear,7.9832,7.2804,0.7027,"{""intercept"": 3.14047489843591, ""slope"": -0.007498413574831917}",x × (3.1405 + -0.007498×x),200,150-350,150,350
Men,Distance,800m,5000m,69,chain_residual_adjusted,55.6515,35.0309,20.6205,"{""from_to_mid"": {""intercept"": 157.51640387209088, ""slope"": 0.9262052475399698}, ""mid_to_to"": {""intercept"": 394.1802362306265, ""slope"": 2.46731765176508}, ""residual_k"": -4.343761364915914e-14, ""mid_event"": ""1500m""}",chain via 1500m + residual k=-0.0000,200,150-350,150,350
Men,Distance,1500m,800m,202,binned_ratio,4.4415,4.0161,0.4254,"{""edges"": [272.83, 283.23, 289.37, 294.13, 298.08, 302.43, 307.06, 319.02, 333.57000000000005], ""ratios"": [0.5021256860168508, 0.48775914908959794, 0.4860213567405052, 0.48694641880809186, 0.4706397011811421, 0.4737415055749819, 0.4864891357621303, 0.4778619739478958, 0.43585820146483684]}",9 bins (see JSON),200,150-350,150,350
Men,Distance,1500m,5000m,129,quadratic,32.719,31.4899,1.2291,"{""intercept"": 649.3199310808006, ""slope"": 0.8179302239313009, ""quad"": 0.002707963209788244}",649.3199 + 0.8179×x + 0.002708×x²,200,150-350,150,350
Men,Distance,5000m,800m,69,log_linear,7.2901,7.1785,0.1115,"{""intercept"": 2.9433082098214327, ""slope"": 0.2882693767356844}",exp(2.9433 + 0.2883×log(x)),200,150-350,150,350
Men,Distance,5000m,1500m,129,knn_median,8.522,8.325,0.197,"{""k"": 20, ""n_train"": 129}",k=20 nearest neighbors,200,150-350,150,350
Women,Distance,800m,1500m,68,median_ratio,12.2856,11.5767,0.7089,"{""ratio"": 1.9996815062323525}",x × 1.9997,200,150-350,150,350
Women,Distance,1500m,800m,68,log_linear,4.2113,4.0977,0.1136,"{""intercept"": 1.65686393162995, ""slope"": 0.6028700245287176}",exp(1.6569 + 0.6029×log(x)),200,150-350,150,350
Men,Sprints,100m,200m,91,median_ratio,0.7495,0.6345,0.115,"{""ratio"": 2.0717423133235724}",x × 2.0717,200,200-400,200,400
Men,Sprints,100m,400m,65,chain_residual_adjusted,2.6939,2.2595,0.4344,"{""from_to_mid"": {""intercept"": -3.162087805941585, ""slope"": 2.3354225384231166}, ""mid_to_to"": {""intercept"": 21.613556029792527, ""slope"": 1.5153991311491368}, ""residual_k"": 1.7688954497669948e-14, ""mid_event"": ""200m""}",chain via 200m + residual k=0.0000,200,200-400,200,400
Men,Sprints,200m,100m,91,quadratic,0.2813,0.2294,0.0519,"{""intercept"": -18.617339721287948, ""slope"": 2.0584931017285077, ""quad"": -0.03279248894562434}",-18.6173 + 2.0585×x + -0.032792×x²,200,200-400,200,400
Men,Sprints,200m,400m,85,median_ratio,2.3822,1.9077,0.4745,"{""ratio"": 2.278548123980424}",x × 2.2785,200,200-400,200,400
Men,Sprints,400m,100m,65,binned_ratio,0.3631,0.3508,0.0123,"{""edges"": [56.095, 58.925, 59.989999999999995, 61.26, 63.095, 64.11, 66.91, 69.315, 77.78999999999999], ""ratios"": [0.22123628330813355, 0.22221294478208298, 0.21996025864281654, 0.21215993779005193, 0.21145440377780939, 0.20902773662388857, 0.20129449895536328, 0.19911941427268598, 0.16763080087414836]}",9 bins (see JSON),200,200-400,200,400
Men,Sprints,400m,200m,85,binned_ratio,0.7135,0.6957,0.0178,"{""edges"": [56.305, 58.39, 59.435, 60.55, 62.015, 63.485, 64.73, 67.68, 70.88], ""ratios"": [0.4482679452589239, 0.4586189573766607, 0.43442753121752364, 0.443632113734869, 0.4419715392718767, 0.4335149230909914, 0.43887254571160306, 0.42384457941061127, 0.39228665995107215]}",9 bins (see JSON),200,200-400,200,400
Women,Sprints,100m,200m,41,median_ratio,1.1859,0.9208,0.2651,"{""ratio"": 2.1596467391304346}",x × 2.1596,200,200-400,200,400
Women,Sprints,200m,100m,41,median_ratio,0.5331,0.4264,0.1067,"{""ratio"": 0.46303869141239384}",x × 0.4630,200,200-400,200,400
Women,Sprints,200m,400m,30,ratio_linear,2.5989,2.261,0.3379,"{""intercept"": 3.9204502662944187, ""slope"": -0.04864136765388999}",x × (3.9205 + -0.048641×x),200,200-400,200,400
Women,Sprints,400m,200m,30,knn_median,1.4099,1.29,0.1199,"{""k"": 20, ""n_train"": 30}",k=20 nearest neighbors,200,200-400,200,400
Men,Distance,800m,1500m,247,binned_ratio,7.5545,7.172,0.3826,"{""edges"": [130.33999999999997, 134.61, 137.265, 138.64499999999998, 140.91, 143.68, 147.07999999999998, 151.35, 162.47], ""ratios"": [2.1239805179579943, 2.1105685450050764, 2.0861152215241434, 2.0952862400155974, 2.0686291219919966, 2.0611374523264683, 2.025509826052045, 2.0025846833348875, 1.871176112126752]}",9 bins (see JSON),200,200-400,200,400
Men,Distance,800m,5000m,81,multivariate_ols,50.4372,33.3504,17.0868,"{""intercept"": 324.1630369180666, ""coef_a"": -0.5727293672418785, ""coef_b"": 2.9736046559223284, ""event_a"": ""800m"", ""event_b"": ""1500m""}",324.16 + -0.5727×800m + 2.9736×1500m,200,200-400,200,400
Men,Distance,1500m,800m,247,knn_median,4.3148,4.14,0.1748,"{""k"": 20, ""n_train"": 247}",k=20 nearest neighbors,200,200-400,200,400
Men,Distance,1500m,5000m,152,robust_trimmed_linear,30.5409,28.8571,1.6838,"{""intercept"": 200.68147900726012, ""slope"": 3.1140711548097695}","{""intercept"": 200.68147900726012, ""slope"": 3.1140711548097695}",200,200-400,200,400
Men,Distance,5000m,800m,81,knn_median,6.1419,5.42,0.7219,"{""k"": 20, ""n_train"": 81}",k=20 nearest neighbors,200,200-400,200,400
Men,Distance,5000m,1500m,152,knn_median,7.7326,7.405,0.3276,"{""k"": 20, ""n_train"": 152}",k=20 nearest neighbors,200,200-400,200,400
Women,Distance,800m,1500m,90,robust_trimmed_linear,7.5377,6.8628,0.6749,"{""intercept"": 78.38994557314084, ""slope"": 1.5840252907165926}","{""intercept"": 78.38994557314084, ""slope"": 1.5840252907165926}",200,200-400,200,400
Women,Distance,800m,5000m,23,linear_ols,32.41,32.41,0.0,"{""intercept"": 634.1756296708078, ""slope"": 4.001382563904045}",634.1756 + 4.0014×x,200,200-400,200,400
Women,Distance,1500m,800m,90,median_ratio,4.7708,4.261,0.5098,"{""ratio"": 0.496502795614031}",x × 0.4965,200,200-400,200,400
Women,Distance,1500m,5000m,21,knn_median,52.2799,41.73,10.5499,"{""k"": 20, ""n_train"": 21}",k=20 nearest neighbors,200,200-400,200,400
Women,Distance,5000m,800m,23,knn_median,7.7532,6.93,0.8232,"{""k"": 20, ""n_train"": 23}",k=20 nearest neighbors,200,200-400,200,400
Women,Distance,5000m,1500m,21,quadratic,13.7703,11.7086,2.0617,"{""intercept"": -546.067486395058, ""slope"": 1.1921736358801118, ""quad"": -0.00038295662547342994}",-546.0675 + 1.1922×x + -0.000383×x²,200,200-400,200,400
Men,Sprints,100m,200m,127,median_ratio,0.6376,0.5938,0.0438,"{""ratio"": 2.0677321156773214}",x × 2.0677,200,250-450,250,450
Men,Sprints,100m,400m,77,multivariate_ols,2.3509,1.443,0.9079,"{""intercept"": 15.472812315476347, ""coef_a"": -1.7159394659882405, ""coef_b"": 2.5352397968492597, ""event_a"": ""100m"", ""event_b"": ""200m""}",15.47 + -1.7159×100m + 2.5352×200m,200,250-450,250,450
Men,Sprints,200m,100m,127,quadratic,0.2623,0.2261,0.0362,"{""intercept"": -22.33616469368025, ""slope"": 2.3655014783291177, ""quad"": -0.03917539409054237}",-22.3362 + 2.3655×x + -0.039175×x²,200,250-450,250,450
Men,Sprints,200m,400m,105,log_linear,1.6249,1.5666,0.0582,"{""intercept"": 1.3340636059931494, ""slope"": 0.8436764190531636}",exp(1.3341 + 0.8437×log(x)),200,250-450,250,450
Men,Sprints,400m,100m,77,knn_median,0.3683,0.32,0.0483,"{""k"": 20, ""n_train"": 77}",k=20 nearest neighbors,200,250-450,250,450
Men,Sprints,400m,200m,105,knn_median,0.71,0.515,0.195,"{""k"": 20, ""n_train"": 105}",k=20 nearest neighbors,200,250-450,250,450
Women,Sprints,100m,200m,56,binned_ratio,0.8748,0.692,0.1828,"{""edges"": [14.17, 14.65, 14.96, 15.21, 15.56, 15.8, 16.12, 16.46], ""ratios"": [2.1983240223463687, 2.160409556313993, 2.1676646706586826, 2.085430463576159, 2.1215611004478565, 2.161635220125786, 2.175558312655087, 2.080856123662307]}",8 bins (see JSON),200,250-450,250,450
Women,Sprints,200m,100m,56,quadratic,0.3939,0.3383,0.0556,"{""intercept"": -71.998633949745, ""slope"": 4.895981103866074, ""quad"": -0.06793700692342308}",-71.9986 + 4.8960×x + -0.067937×x²,200,250-450,250,450
Women,Sprints,200m,400m,34,knn_median,3.0,2.6175,0.3825,"{""k"": 20, ""n_train"": 34}",k=20 nearest neighbors,200,250-450,250,450
Women,Sprints,400m,200m,34,robust_trimmed_linear,1.1853,1.1148,0.0704,"{""intercept"": 22.623502276074937, ""slope"": 0.13793459689051538}","{""intercept"": 22.623502276074937, ""slope"": 0.13793459689051538}",200,250-450,250,450
Men,Distance,800m,1500m,291,binned_ratio,7.8688,7.4125,0.4564,"{""edges"": [128.10999999999999, 132.375, 135.07, 136.8, 138.515, 141.29, 144.76, 149.785, 162.47], ""ratios"": [2.116254575131899, 2.109304583636529, 2.06725490389916, 2.0657590431917736, 2.1045848661905797, 2.0686291219919966, 2.032247507640996, 1.9907142425962343, 1.8833630824152152]}",9 bins (see JSON),200,250-450,250,450
Men,Distance,800m,5000m,97,multivariate_ols,44.7696,32.3589,12.4107,"{""intercept"": 294.2159391550001, ""coef_a"": -0.4068947962008935, ""coef_b"": 2.965566464995924, ""event_a"": ""800m"", ""event_b"": ""1500m""}",294.22 + -0.4069×800m + 2.9656×1500m,200,250-450,250,450
Men,Distance,1500m,800m,291,binned_ratio,4.0133,3.5206,0.4927,"{""edges"": [265.415, 273.96, 279.29499999999996, 284.23, 287.98, 293.22, 299.29999999999995, 304.94, 327.23], ""ratios"": [0.5009513851394999, 0.4960551702790468, 0.4855093917310611, 0.47616510601246265, 0.47679741312426527, 0.48399832644177826, 0.4722518959898809, 0.4720476863925992, 0.4268557283867616]}",9 bins (see JSON),200,250-450,250,450
Men,Distance,1500m,5000m,200,median_ratio,29.6374,27.8147,1.8227,"{""ratio"": 3.799192871976415}",x × 3.7992,200,250-450,250,450
Men,Distance,5000m,800m,97,robust_trimmed_linear,4.7221,4.2578,0.4643,"{""intercept"": 100.40979389757806, ""slope"": 0.03541691765728057}","{""intercept"": 100.40979389757806, ""slope"": 0.03541691765728057}",200,250-450,250,450
Men,Distance,5000m,1500m,200,robust_trimmed_linear,6.7996,6.6655,0.1341,"{""intercept"": 101.7125900597361, ""slope"": 0.16810837242434964}","{""intercept"": 101.7125900597361, ""slope"": 0.16810837242434964}",200,250-450,250,450
Women,Distance,800m,1500m,121,log_linear,7.557,7.4992,0.0578,"{""intercept"": 2.6124597773338056, ""slope"": 0.6312446186694328}",exp(2.6125 + 0.6312×log(x)),200,250-450,250,450
Women,Distance,800m,5000m,34,ratio_linear,46.6949,44.5468,2.148,"{""intercept"": 12.35212468563262, ""slope"": -0.027108578002893388}",x × (12.3521 + -0.027109×x),200,250-450,250,450
Women,Distance,1500m,800m,121,quadratic,4.3661,4.0594,0.3068,"{""intercept"": 260.17853852013786, ""slope"": -0.8781147762988397, ""quad"": 0.0017992357518198225}",260.1785 + -0.8781×x + 0.001799×x²,200,250-450,250,450
Women,Distance,1500m,5000m,36,binned_ratio,42.7862,41.0422,1.744,"{""edges"": [335.025, 340.63, 349.305, 354.765, 358.09000000000003, 361.41499999999996, 368.1, 379.59000000000003, 391.995], ""ratios"": [3.7973780957778382, 3.8680460630450644, 3.814873522129715, 3.8016348829425377, 3.680727932212106, 3.568854864444244, 3.7644213611266277, 3.8641145007423487, 3.5227591254652726]}",9 bins (see JSON),200,250-450,250,450
Women,Distance,5000m,800m,34,binned_ratio,9.7842,7.4819,2.3023,"{""edges"": [1230.105, 1250.5500000000002, 1287.9099999999999, 1302.755, 1329.7649999999999, 1353.7150000000001, 1374.495, 1441.42, 1559.54], ""ratios"": [0.1426208304281932, 0.1359041560829809, 0.13860057752105837, 0.12979975221452567, 0.1306675050802264, 0.1365031911301393, 0.12871855019644424, 0.1344971438150058, 0.11331141028420551]}",9 bins (see JSON),200,250-450,250,450
Women,Distance,5000m,1500m,36,log_linear,11.1084,10.75,0.3584,"{""intercept"": 1.7162633444137398, ""slope"": 0.5785745926232968}",exp(1.7163 + 0.5786×log(x)),200,250-450,250,450
Men,Sprints,100m,200m,171,binned_ratio,0.6327,0.5451,0.0876,"{""edges"": [11.86, 12.12, 12.33, 12.52, 12.68, 12.81, 13.05, 13.32, 13.71], ""ratios"": [2.0834035383319294, 2.0833333333333335, 2.0771103896103895, 2.053642914331465, 2.0149842271293377, 2.051683633516053, 2.0677321156773214, 2.054804804804805, 2.007293946024799]}",9 bins (see JSON),200,300-500,300,500
Men,Sprints,100m,400m,88,chain_residual_adjusted,2.2257,1.2197,1.006,"{""from_to_mid"": {""intercept"": -1.6142047644355344, ""slope"": 2.190596860771716}, ""mid_to_to"": {""intercept"": -3.426655250217074, ""slope"": 2.4166657463501116}, ""residual_k"": 1.807195344363866e-14, ""mid_event"": ""200m""}",chain via 200m + residual k=0.0000,200,300-500,300,500
Men,Sprints,200m,100m,171,quadratic,0.2408,0.2268,0.014,"{""intercept"": -17.141845521650204, ""slope"": 1.9981868209600455, ""quad"": -0.0328033862916136}",-17.1418 + 1.9982×x + -0.032803×x²,200,300-500,300,500
Men,Sprints,200m,400m,132,binned_ratio,1.6542,1.5797,0.0745,"{""edges"": [24.205, 24.81, 25.455, 25.715, 26.12, 26.67, 27.205, 27.72, 30.915], ""ratios"": [2.290030785662677, 2.3112489272826906, 2.23081978140302, 2.2538860775135854, 2.213268038810347, 2.1883771707975046, 2.306734756739891, 2.2446285506190824, 2.319918630784099]}",9 bins (see JSON),200,300-500,300,500
Men,Sprints,400m,100m,88,knn_median,0.3572,0.3225,0.0347,"{""k"": 20, ""n_train"": 88}",k=20 nearest neighbors,200,300-500,300,500
Men,Sprints,400m,200m,132,knn_median,0.6198,0.525,0.0948,"{""k"": 20, ""n_train"": 132}",k=20 nearest neighbors,200,300-500,300,500
Women,Sprints,100m,200m,73,knn_median,0.8435,0.64,0.2035,"{""k"": 20, ""n_train"": 73}",k=20 nearest neighbors,200,300-500,300,500
Women,Sprints,100m,400m,21,log_linear,1.984,1.8307,0.1534,"{""intercept"": 2.32757167604595, ""slope"": 0.7275555799117491}",exp(2.3276 + 0.7276×log(x)),200,300-500,300,500
Women,Sprints,200m,100m,73,binned_ratio,0.3386,0.2762,0.0625,"{""edges"": [30.09, 30.81, 31.23, 31.67, 32.17, 33.1, 34.74, 36.28, 40.99], ""ratios"": [0.47282968853545393, 0.4679883002924927, 0.4693418940609952, 0.4692597239648683, 0.47122191443521083, 0.47588908981314043, 0.4588942996276139, 0.4399659381209197, 0.3478897292022444]}",9 bins (see JSON),200,300-500,300,500
Women,Sprints,200m,400m,48,median_ratio,2.8457,2.3635,0.4822,"{""ratio"": 2.2747358240242845}",x × 2.2747,200,300-500,300,500
Women,Sprints,400m,100m,21,ratio_linear,0.5386,0.3569,0.1818,"{""intercept"": 0.32225830112212006, ""slope"": -0.0015588283023146151}",x × (0.3223 + -0.001559×x),200,300-500,300,500
Women,Sprints,400m,200m,48,knn_median,0.9882,0.715,0.2732,"{""k"": 20, ""n_train"": 48}",k=20 nearest neighbors,200,300-500,300,500
Men,Distance,800m,1500m,319,quadratic,7.8745,7.3118,0.5626,"{""intercept"": -250.7635667596927, ""slope"": 6.629582135947694, ""quad"": -0.019928844422869848}",-250.7636 + 6.6296×x + -0.019929×x²,200,300-500,300,500
Men,Distance,800m,5000m,102,chain_residual_adjusted,42.1331,28.7368,13.3964,"{""from_to_mid"": {""intercept"": 113.79210064827322, ""slope"": 1.191400019614366}, ""mid_to_to"": {""intercept"": 267.14419424927235, ""slope"": 2.8452134142294967}, ""residual_k"": -4.0859516324700723e-13, ""mid_event"": ""1500m""}",chain via 1500m + residual k=-0.0000,200,300-500,300,500
Men,Distance,1500m,800m,319,binned_ratio,3.2723,3.1717,0.1006,"{""edges"": [260.58, 268.28, 274.15, 277.77, 282.96, 287.56, 292.64, 299.34000000000003, 322.79], ""ratios"": [0.49971355459649397, 0.4928345150098054, 0.4901210265383493, 0.477140182878537, 0.4801818440119335, 0.47460528154254583, 0.4836413415468857, 0.46634340169040644, 0.43272613065326637]}",9 bins (see JSON),200,300-500,300,500
Men,Distance,1500m,5000m,241,binned_ratio,26.4365,25.5395,0.897,"{""edges"": [260.73, 266.225, 271.765, 274.91999999999996, 278.17, 281.45000000000005, 287.78, 296.99, 325.42], ""ratios"": [3.8580086725219926, 3.827994677163039, 3.7970238249382584, 3.7465378719789237, 3.6730316004179695, 3.743107406915021, 3.782701795688706, 3.721565297331577, 3.5837993977014317]}",9 bins (see JSON),200,300-500,300,500
Men,Distance,5000m,800m,102,robust_trimmed_linear,3.857,3.3003,0.5567,"{""intercept"": 110.51587139734234, ""slope"": 0.023740194872656443}","{""intercept"": 110.51587139734234, ""slope"": 0.023740194872656443}",200,300-500,300,500
Men,Distance,5000m,1500m,241,linear_ols,6.3634,6.3634,0.0,"{""intercept"": 127.75278645959153, ""slope"": 0.14277826095990176}",127.7528 + 0.1428×x,200,300-500,300,500
Women,Distance,800m,1500m,151,robust_trimmed_linear,8.2286,7.8161,0.4125,"{""intercept"": 136.90290205028916, ""slope"": 1.2338367102556322}","{""intercept"": 136.90290205028916, ""slope"": 1.2338367102556322}",200,300-500,300,500
Women,Distance,800m,5000m,41,knn_median,43.2751,33.42,9.8551,"{""k"": 20, ""n_train"": 41}",k=20 nearest neighbors,200,300-500,300,500
Women,Distance,1500m,800m,151,knn_median,4.4719,3.715,0.7569,"{""k"": 20, ""n_train"": 151}",k=20 nearest neighbors,200,300-500,300,500
Women,Distance,1500m,5000m,52,log_linear,45.2678,44.5407,0.7271,"{""intercept"": 3.8149019720806545, ""slope"": 0.5753924895642889}",exp(3.8149 + 0.5754×log(x)),200,300-500,300,500
Women,Distance,5000m,800m,41,binned_ratio,6.6709,4.9633,1.7076,"{""edges"": [1201.76, 1248.67, 1255.43, 1296.54, 1310.15, 1339.05, 1372.88, 1445.58, 1572.9], ""ratios"": [0.140771356805027, 0.1357484522228799, 0.13318890745285508, 0.12709439187629817, 0.13250511255275313, 0.13487173742578693, 0.13068895051817253, 0.1336014360658475, 0.11153919511729925]}",9 bins (see JSON),200,300-500,300,500
Women,Distance,5000m,1500m,52,ratio_linear,9.5198,9.2091,0.3107,"{""intercept"": 0.3529686578457993, ""slope"": -6.51113441428556e-05}",x × (0.3530 + -0.000065×x),200,300-500,300,500
Men,Sprints,100m,200m,199,knn_median,0.6058,0.545,0.0608,"{""k"": 20, ""n_train"": 199}",k=20 nearest neighbors,200,350-550,350,550
Men,Sprints,100m,400m,92,chain_residual_adjusted,1.9595,1.3486,0.6109,"{""from_to_mid"": {""intercept"": -2.349863072867855, ""slope"": 2.246683430885325}, ""mid_to_to"": {""intercept"": -8.980918863172484, ""slope"": 2.625277615021864}, ""residual_k"": 3.037018139146836e-15, ""mid_event"": ""200m""}",chain via 200m + residual k=0.0000,200,350-550,350,550
Men,Sprints,200m,100m,199,quadratic,0.2676,0.2169,0.0507,"{""intercept"": -20.92836459756303, ""slope"": 2.3211938958753, ""quad"": -0.03974058438349664}",-20.9284 + 2.3212×x + -0.039741×x²,200,350-550,350,550
Men,Sprints,200m,400m,152,binned_ratio,1.5739,1.3862,0.1878,"{""edges"": [23.86, 24.57, 25.11, 25.42, 25.7, 26.2, 26.92, 27.74], ""ratios"": [2.2774736842105265, 2.287059787059787, 2.210714285714286, 2.208251473477407, 2.2521301316808673, 2.200459066564652, 2.240857037310676, 2.285923753665689]}",8 bins (see JSON),200,350-550,350,550
Men,Sprints,400m,100m,92,knn_median,0.3377,0.3075,0.0302,"{""k"": 20, ""n_train"": 92}",k=20 nearest neighbors,200,350-550,350,550
Men,Sprints,400m,200m,152,knn_median,0.5956,0.58,0.0156,"{""k"": 20, ""n_train"": 152}",k=20 nearest neighbors,200,350-550,350,550
Women,Sprints,100m,200m,90,median_ratio,0.7179,0.5616,0.1564,"{""ratio"": 2.1227905193236425}",x × 2.1228,200,350-550,350,550
Women,Sprints,100m,400m,21,median_ratio,2.8083,1.7249,1.0834,"{""ratio"": 4.855775366943204}",x × 4.8558,200,350-550,350,550
Women,Sprints,200m,100m,90,knn_median,0.287,0.2575,0.0295,"{""k"": 20, ""n_train"": 90}",k=20 nearest neighbors,200,350-550,350,550
Women,Sprints,200m,400m,59,median_ratio,2.2018,2.0774,0.1244,"{""ratio"": 2.2776109442776113}",x × 2.2776,200,350-550,350,550
Women,Sprints,400m,100m,21,median_ratio,0.4818,0.3553,0.1265,"{""ratio"": 0.2059403338152188}",x × 0.2059,200,350-550,350,550
Women,Sprints,400m,200m,59,log_linear,0.9281,0.8835,0.0445,"{""intercept"": 0.7683432041243443, ""slope"": 0.6288273550694392}",exp(0.7683 + 0.6288×log(x)),200,350-550,350,550
Men,Distance,800m,1500m,346,quadratic,7.1611,6.515,0.6461,"{""intercept"": -235.21285045483145, ""slope"": 6.405366629188766, ""quad"": -0.019256587300739987}",-235.2129 + 6.4054×x + -0.019257×x²,200,350-550,350,550
Men,Distance,800m,5000m,117,multivariate_ols,37.8239,24.695,13.1289,"{""intercept"": 282.01877451867335, ""coef_a"": -1.0083040362817517, ""coef_b"": 3.2805312199185743, ""event_a"": ""800m"", ""event_b"": ""1500m""}",282.02 + -1.0083×800m + 3.2805×1500m,200,350-550,350,550
Men,Distance,1500m,800m,346,robust_trimmed_linear,2.7874,2.6137,0.1737,"{""intercept"": 60.15113978669588, ""slope"": 0.2642424815322006}","{""intercept"": 60.15113978669588, ""slope"": 0.2642424815322006}",200,350-550,350,550
Men,Distance,1500m,5000m,278,median_ratio,23.782,23.5105,0.2715,"{""ratio"": 3.7769765072421304}",x × 3.7770,200,350-550,350,550
Men,Distance,5000m,800m,117,robust_trimmed_linear,3.3713,2.9542,0.4171,"{""intercept"": 99.50811087842175, ""slope"": 0.03327004280603138}","{""intercept"": 99.50811087842175, ""slope"": 0.03327004280603138}",200,350-550,350,550
Men,Distance,5000m,1500m,278,knn_median,6.1931,5.8925,0.3006,"{""k"": 20, ""n_train"": 278}",k=20 nearest neighbors,200,350-550,350,550
Women,Distance,800m,1500m,179,robust_trimmed_linear,7.6417,7.2917,0.35,"{""intercept"": 130.1844189259386, ""slope"": 1.2582515648334252}","{""intercept"": 130.1844189259386, ""slope"": 1.2582515648334252}",200,350-550,350,550
Women,Distance,800m,5000m,51,multivariate_ols,46.4175,33.3821,13.0354,"{""intercept"": 112.49254338830576, ""coef_a"": 1.909611797992656, ""coef_b"": 2.48313030556486, ""event_a"": ""800m"", ""event_b"": ""1500m""}",112.49 + 1.9096×800m + 2.4831×1500m,200,350-550,350,550
Women,Distance,1500m,800m,179,knn_median,4.2264,3.825,0.4014,"{""k"": 20, ""n_train"": 179}",k=20 nearest neighbors,200,350-550,350,550
Women,Distance,1500m,5000m,70,robust_trimmed_linear,41.0531,38.2917,2.7614,"{""intercept"": 354.32684193496584, ""slope"": 2.7071976633288717}","{""intercept"": 354.32684193496584, ""slope"": 2.7071976633288717}",200,350-550,350,550
Women,Distance,5000m,800m,51,knn_median,6.905,5.535,1.37,"{""k"": 20, ""n_train"": 51}",k=20 nearest neighbors,200,350-550,350,550
Women,Distance,5000m,1500m,70,robust_trimmed_linear,9.8283,9.2629,0.5653,"{""intercept"": 120.99915737728637, ""slope"": 0.17308027743143067}","{""intercept"": 120.99915737728637, ""slope"": 0.17308027743143067}",200,350-550,350,550
Men,Sprints,100m,200m,255,knn_median,0.5048,0.465,0.0398,"{""k"": 20, ""n_train"": 255}",k=20 nearest neighbors,200,400-600,400,600
Men,Sprints,100m,400m,102,knn_median,1.7506,1.4375,0.3131,"{""k"": 20, ""n_train"": 102}",k=20 nearest neighbors,200,400-600,400,600
Men,Sprints,200m,100m,255,quadratic,0.2067,0.1882,0.0185,"{""intercept"": -19.413720143572583, ""slope"": 2.226741506021293, ""quad"": -0.03844031046681093}",-19.4137 + 2.2267×x + -0.038440×x²,200,400-600,400,600
Men,Sprints,200m,400m,167,binned_ratio,1.3481,1.1966,0.1515,"{""edges"": [23.475, 24.19, 24.505, 24.86, 25.21, 25.54, 25.939999999999998, 26.545, 27.92], ""ratios"": [2.28831596115461, 2.2320596296863067, 2.2758604237705304, 2.229769186040076, 2.18987225100297, 2.2164556542367633, 2.222857994029992, 2.1883771707975046, 2.2915462427745665]}",9 bins (see JSON),200,400-600,400,600
Men,Sprints,400m,100m,102,knn_median,0.3219,0.285,0.0369,"{""k"": 20, ""n_train"": 102}",k=20 nearest neighbors,200,400-600,400,600
Men,Sprints,400m,200m,167,binned_ratio,0.5627,0.5359,0.0268,"{""edges"": [52.525, 54.010000000000005, 54.94, 55.49, 56.165000000000006, 57.075, 58.239999999999995, 59.515, 68.08], ""ratios"": [0.45830467839293554, 0.4488461285709128, 0.45026283519329235, 0.4525049964117537, 0.4463448562312643, 0.4495998718280353, 0.4431691905434721, 0.43422401149848744, 0.4094240837696335]}",9 bins (see JSON),200,400-600,400,600
Women,Sprints,100m,200m,109,knn_median,0.5351,0.465,0.0701,"{""k"": 20, ""n_train"": 109}",k=20 nearest neighbors,200,400-600,400,600
Women,Sprints,100m,400m,21,robust_trimmed_linear,2.0834,2.0005,0.0829,"{""intercept"": 23.39478615630393, ""slope"": 3.210882064734572}","{""intercept"": 23.39478615630393, ""slope"": 3.210882064734572}",200,400-600,400,600
Women,Sprints,200m,100m,109,robust_trimmed_linear,0.2253,0.1677,0.0576,"{""intercept"": 6.2073033427256625, ""slope"": 0.26641082290046897}","{""intercept"": 6.2073033427256625, ""slope"": 0.26641082290046897}",200,400-600,400,600
Women,Sprints,200m,400m,62,robust_trimmed_linear,1.8909,1.772,0.119,"{""intercept"": 33.96797241292599, ""slope"": 1.1407542560964834}","{""intercept"": 33.96797241292599, ""slope"": 1.1407542560964834}",200,400-600,400,600
Women,Sprints,400m,100m,21,binned_ratio,0.3845,0.3715,0.013,"{""edges"": [62.875, 65.22999999999999, 66.84, 68.22, 69.52, 70.715, 72.09, 72.59, 73.65, 75.94, 79.76], ""ratios"": [0.22263623571373498, 0.22082926730670158, 0.2100483624026244, 0.20282141450021557, 0.20792374555920407, 0.20817267465716083, 0.20531977370689652, 0.20546879366383414, 0.21266908876759436, 0.18718322459674896, 0.18881644934804412]}",11 bins (see JSON),200,400-600,400,600
Women,Sprints,400m,200m,62,ratio_linear,0.7271,0.7205,0.0066,"{""intercept"": 0.5697839924622881, ""slope"": -0.0018417827910584877}",x × (0.5698 + -0.001842×x),200,400-600,400,600
Men,Distance,800m,1500m,348,quadratic,6.3929,6.0202,0.3727,"{""intercept"": -172.48991003673402, ""slope"": 5.693525604776209, ""quad"": -0.017626091818850047}",-172.4899 + 5.6935×x + -0.017626×x²,200,400-600,400,600
Men,Distance,800m,5000m,120,chain_residual_adjusted,29.1394,23.8594,5.28,"{""from_to_mid"": {""intercept"": 108.52442341140318, ""slope"": 1.2016734780389442}, ""mid_to_to"": {""intercept"": 198.0775286248528, ""slope"": 3.079880510852363}, ""residual_k"": -3.8808717945085774e-13, ""mid_event"": ""1500m""}",chain via 1500m + residual k=-0.0000,200,400-600,400,600
Men,Distance,1500m,800m,348,quadratic,2.6292,2.4295,0.1997,"{""intercept"": -222.42741930467156, ""slope"": 2.3566853289743745, ""quad"": -0.0038748200923729545}",-222.4274 + 2.3567×x + -0.003875×x²,200,400-600,400,600
Men,Distance,1500m,5000m,301,log_linear,22.5734,22.1531,0.4204,"{""intercept"": 3.42923670526359, ""slope"": 0.6242423462928655}",exp(3.4292 + 0.6242×log(x)),200,400-600,400,600
Men,Distance,5000m,800m,120,ratio_linear,3.3065,2.9717,0.3347,"{""intercept"": 0.21522723522672826, ""slope"": -8.370890240971182e-05}",x × (0.2152 + -0.000084×x),200,400-600,400,600
Men,Distance,5000m,1500m,301,knn_median,5.8767,5.735,0.1417,"{""k"": 20, ""n_train"": 301}",k=20 nearest neighbors,200,400-600,400,600
Women,Distance,800m,1500m,191,quadratic,7.7956,7.3124,0.4832,"{""intercept"": -422.54653399889185, ""slope"": 7.981036605460846, ""quad"": -0.020402421007207815}",-422.5465 + 7.9810×x + -0.020402×x²,200,400-600,400,600
Women,Distance,800m,5000m,54,chain_residual_adjusted,38.0033,36.749,1.2543,"{""from_to_mid"": {""intercept"": 193.84675563019422, ""slope"": 0.8429882331379441}, ""mid_to_to"": {""intercept"": 296.32245014148225, ""slope"": 2.8724646751833833}, ""residual_k"": -4.0340022334775283e-13, ""mid_event"": ""1500m""}",chain via 1500m + residual k=-0.0000,200,400-600,400,600
Women,Distance,1500m,800m,191,linear_ols,3.6445,3.6445,0.0,"{""intercept"": 25.233942351810015, ""slope"": 0.41842031739396907}",25.2339 + 0.4184×x,200,400-600,400,600
Women,Distance,1500m,5000m,76,robust_trimmed_linear,34.2347,32.7278,1.507,"{""intercept"": 294.51919677650346, ""slope"": 2.8487189483634916}","{""intercept"": 294.51919677650346, ""slope"": 2.8487189483634916}",200,400-600,400,600
Women,Distance,5000m,800m,54,knn_median,6.1374,4.985,1.1524,"{""k"": 20, ""n_train"": 54}",k=20 nearest neighbors,200,400-600,400,600
Women,Distance,5000m,1500m,76,quadratic,8.8939,7.8764,1.0174,"{""intercept"": -278.0633122783339, ""slope"": 0.8079756683880697, ""quad"": -0.0002526343739215364}",-278.0633 + 0.8080×x + -0.000253×x²,200,400-600,400,600
Men,Sprints,100m,200m,287,log_linear,0.4256,0.4208,0.0048,"{""intercept"": 1.3534605807944566, ""slope"": 0.7461527249979517}",exp(1.3535 + 0.7462×log(x)),200,450-650,450,650
Men,Sprints,100m,400m,108,chain_residual_adjusted,1.2824,1.1234,0.159,"{""from_to_mid"": {""intercept"": 2.5847789125034453, ""slope"": 1.8142423406017114}, ""mid_to_to"": {""intercept"": -3.918039736421882, ""slope"": 2.4222491088653872}, ""residual_k"": -2.404887518400165e-14, ""mid_event"": ""200m""}",chain via 200m + residual k=-0.0000,200,450-650,450,650
Men,Sprints,200m,100m,287,quadratic,0.2029,0.1883,0.0146,"{""intercept"": -19.45166171989274, ""slope"": 2.262383415423465, ""quad"": -0.039901397002116326}",-19.4517 + 2.2624×x + -0.039901×x²,200,450-650,450,650
Men,Sprints,200m,400m,187,knn_median,1.121,1.04,0.081,"{""k"": 20, ""n_train"": 187}",k=20 nearest neighbors,200,450-650,450,650
Men,Sprints,400m,100m,108,knn_median,0.2728,0.2575,0.0153,"{""k"": 20, ""n_train"": 108}",k=20 nearest neighbors,200,450-650,450,650
Men,Sprints,400m,200m,187,binned_ratio,0.5075,0.4223,0.0852,"{""edges"": [51.82, 52.99, 53.89, 54.78, 55.34, 56.13, 57.16, 58.95, 69.49], ""ratios"": [0.45821270025091676, 0.4522340624415779, 0.44425987449243265, 0.4498714652956298, 0.45266750493982394, 0.447265625, 0.44992947813822287, 0.43015819589363846, 0.39228665995107215]}",9 bins (see JSON),200,450-650,450,650
Women,Sprints,100m,200m,125,knn_median,0.5424,0.475,0.0674,"{""k"": 20, ""n_train"": 125}",k=20 nearest neighbors,200,450-650,450,650
Women,Sprints,100m,400m,29,median_ratio,2.1175,1.5537,0.5638,"{""ratio"": 4.825018615040953}",x × 4.8250,200,450-650,450,650
Women,Sprints,200m,100m,125,quadratic,0.2159,0.1681,0.0477,"{""intercept"": -20.59534220589697, ""slope"": 2.0033813885266696, ""quad"": -0.028083170805945478}",-20.5953 + 2.0034×x + -0.028083×x²,200,450-650,450,650
Women,Sprints,200m,400m,87,median_ratio,1.6364,1.5069,0.1294,"{""ratio"": 2.2712407823020198}",x × 2.2712,200,450-650,450,650
Women,Sprints,400m,100m,29,binned_ratio,0.3742,0.2353,0.1389,"{""edges"": [62.44, 63.43, 64.8, 66.21, 67.0, 68.52, 69.96000000000001, 72.5, 73.37, 78.61000000000001], ""ratios"": [0.22341447789878283, 0.21677439697304116, 0.20848765432098765, 0.2118107863814402, 0.2026865671641791, 0.200863309352518, 0.2094053744997141, 0.20496209510682287, 0.2058061878151833, 0.18645573306544988]}",10 bins (see JSON),200,450-650,450,650
Women,Sprints,400m,200m,87,binned_ratio,0.5611,0.5426,0.0185,"{""edges"": [62.93, 64.155, 65.30000000000001, 66.11500000000001, 66.985, 68.39500000000001, 69.63, 71.575, 77.46000000000001], ""ratios"": [0.4519065388780932, 0.4480237131895536, 0.43917059790533886, 0.44310785613657083, 0.43636542463658945, 0.43653904746238437, 0.4369516333998688, 0.4362846981374916, 0.42919449366225976]}",9 bins (see JSON),200,450-650,450,650
Men,Distance,800m,1500m,364,log_linear,5.4379,5.3098,0.1282,"{""intercept"": 2.990587748416387, ""slope"": 0.5331692274095488}",exp(2.9906 + 0.5332×log(x)),200,450-650,450,650
Men,Distance,800m,5000m,127,knn_median,29.7441,22.71,7.0341,"{""k"": 20, ""n_train"": 127}",k=20 nearest neighbors,200,450-650,450,650
Men,Distance,1500m,800m,364,quadratic,2.6389,2.5756,0.0633,"{""intercept"": -324.6038069803041, ""slope"": 3.1457316462536555, ""quad"": -0.005404048005070423}",-324.6038 + 3.1457×x + -0.005404×x²,200,450-650,450,650
Men,Distance,1500m,5000m,314,quadratic,22.3013,20.5108,1.7905,"{""intercept"": -2529.037541320501, ""slope"": 24.272614064539795, ""quad"": -0.04125907280874783}",-2529.0375 + 24.2726×x + -0.041259×x²,200,450-650,450,650
Men,Distance,5000m,800m,127,knn_median,3.2983,3.15,0.1483,"{""k"": 20, ""n_train"": 127}",k=20 nearest neighbors,200,450-650,450,650
Men,Distance,5000m,1500m,314,knn_median,6.0048,5.1475,0.8573,"{""k"": 20, ""n_train"": 314}",k=20 nearest neighbors,200,450-650,450,650
Women,Distance,800m,1500m,198,quadratic,6.9546,6.6383,0.3163,"{""intercept"": -400.05372905838544, ""slope"": 7.719591245586496, ""quad"": -0.01973703886668537}",-400.0537 + 7.7196×x + -0.019737×x²,200,450-650,450,650
Women,Distance,800m,5000m,61,chain_residual_adjusted,46.075,35.181,10.894,"{""from_to_mid"": {""intercept"": 160.59461401285097, ""slope"": 1.029420834127975}, ""mid_to_to"": {""intercept"": 187.9335195833262, ""slope"": 3.1848858845117856}, ""residual_k"": -3.202534047415775e-13, ""mid_event"": ""1500m""}",chain via 1500m + residual k=-0.0000,200,450-650,450,650
Women,Distance,1500m,800m,198,robust_trimmed_linear,3.6676,3.6183,0.0493,"{""intercept"": 13.580860745766586, ""slope"": 0.4526692502097091}","{""intercept"": 13.580860745766586, ""slope"": 0.4526692502097091}",200,450-650,450,650
Women,Distance,1500m,5000m,87,quadratic,36.9271,31.7741,5.153,"{""intercept"": -1888.581812241419, ""slope"": 15.796395324408937, ""quad"": -0.019142693828150165}",-1888.5818 + 15.7964×x + -0.019143×x²,200,450-650,450,650
Women,Distance,5000m,800m,61,robust_trimmed_linear,5.7301,5.1425,0.5876,"{""intercept"": 47.61279859613171, ""slope"": 0.09505415778812953}","{""intercept"": 47.61279859613171, ""slope"": 0.09505415778812953}",200,450-650,450,650
Women,Distance,5000m,1500m,87,binned_ratio,8.1592,7.6196,0.5396,"{""edges"": [1139.285, 1168.4099999999999, 1191.9, 1227.4, 1249.205, 1267.14, 1301.1100000000001, 1330.8600000000001, 1370.2], ""ratios"": [0.2740607304106921, 0.2742144960568039, 0.2732079183139331, 0.26701142477781753, 0.27578041564624645, 0.26967991553645543, 0.26564073358903034, 0.26266693363431676, 0.2558868909429119]}",9 bins (see JSON),200,450-650,450,650
Men,Sprints,100m,200m,328,knn_median,0.4758,0.4175,0.0583,"{""k"": 20, ""n_train"": 328}",k=20 nearest neighbors,200,500-700,500,700
Men,Sprints,100m,400m,104,log_linear,1.0939,1.0476,0.0462,"{""intercept"": 2.493589279250269, ""slope"": 0.6063216788242539}",exp(2.4936 + 0.6063×log(x)),200,500-700,500,700
Men,Sprints,200m,100m,328,quadratic,0.1785,0.1708,0.0078,"{""intercept"": -16.655047072615048, ""slope"": 2.058134432412463, ""quad"": -0.03630114321732734}",-16.6550 + 2.0581×x + -0.036301×x²,200,500-700,500,700
Men,Sprints,200m,400m,192,knn_median,0.9967,0.915,0.0817,"{""k"": 20, ""n_train"": 192}",k=20 nearest neighbors,200,500-700,500,700
Men,Sprints,400m,100m,104,linear_ols,0.23,0.23,0.0,"{""intercept"": 7.879621240265179, ""slope"": 0.07570774813598377}",7.8796 + 0.0757×x,200,500-700,500,700
Men,Sprints,400m,200m,192,knn_median,0.4551,0.4325,0.0226,"{""k"": 20, ""n_train"": 192}",k=20 nearest neighbors,200,500-700,500,700
Women,Sprints,100m,200m,143,robust_trimmed_linear,0.4937,0.4696,0.0242,"{""intercept"": -2.1434656111817354, ""slope"": 2.2582748370755215}","{""intercept"": -2.1434656111817354, ""slope"": 2.2582748370755215}",200,500-700,500,700
Women,Sprints,100m,400m,35,multivariate_ols,2.0343,1.9639,0.0704,"{""intercept"": 2.137390911486733, ""coef_a"": 2.7539034550526793, ""coef_b"": 0.8872521155146625, ""event_a"": ""100m"", ""event_b"": ""200m""}",2.14 + 2.7539×100m + 0.8873×200m,200,500-700,500,700
Women,Sprints,200m,100m,143,robust_trimmed_linear,0.2221,0.1756,0.0465,"{""intercept"": 5.157350480590818, ""slope"": 0.2987552427601444}","{""intercept"": 5.157350480590818, ""slope"": 0.2987552427601444}",200,500-700,500,700
Women,Sprints,200m,400m,98,median_ratio,1.5886,1.1568,0.4318,"{""ratio"": 2.2706804289621627}",x × 2.2707,200,500-700,500,700
Women,Sprints,400m,100m,35,knn_median,0.371,0.35,0.021,"{""k"": 20, ""n_train"": 35}",k=20 nearest neighbors,200,500-700,500,700
Women,Sprints,400m,200m,98,robust_trimmed_linear,0.5675,0.4627,0.1047,"{""intercept"": 6.40325248431941, ""slope"": 0.3435583483500122}","{""intercept"": 6.40325248431941, ""slope"": 0.3435583483500122}",200,500-700,500,700
Men,Distance,800m,1500m,341,ratio_linear,5.0053,4.7934,0.2118,"{""intercept"": 3.1173240258932027, ""slope"": -0.008283440608520883}",x × (3.1173 + -0.008283×x),200,500-700,500,700
Men,Distance,800m,5000m,115,chain_residual_adjusted,28.8652,22.6266,6.2387,"{""from_to_mid"": {""intercept"": 108.14647593630869, ""slope"": 1.1723658811056445}, ""mid_to_to"": {""intercept"": -13.148270491854532, ""slope"": 3.8811297638506095}, ""residual_k"": 1.75307351356896e-13, ""mid_event"": ""1500m""}",chain via 1500m + residual k=0.0000,200,500-700,500,700
Men,Distance,1500m,800m,341,quadratic,2.7995,2.6433,0.1562,"{""intercept"": -460.30089248504396, ""slope"": 4.220232212315803, ""quad"": -0.007535554798727204}",-460.3009 + 4.2202×x + -0.007536×x²,200,500-700,500,700
Men,Distance,1500m,5000m,288,quadratic,21.9616,21.3149,0.6467,"{""intercept"": -2581.663334744604, ""slope"": 24.85932004160302, ""quad"": -0.042787849949967094}",-2581.6633 + 24.8593×x + -0.042788×x²,200,500-700,500,700
Men,Distance,5000m,800m,115,ratio_linear,3.0136,2.8045,0.2091,"{""intercept"": 0.21092011987173587, ""slope"": -8.155761837818529e-05}",x × (0.2109 + -0.000082×x),200,500-700,500,700
Men,Distance,5000m,1500m,288,quadratic,5.3867,5.1664,0.2204,"{""intercept"": -564.1835246576613, ""slope"": 1.5161539386510654, ""quad"": -0.0006871829031995929}",-564.1835 + 1.5162×x + -0.000687×x²,200,500-700,500,700
Women,Distance,800m,1500m,190,quadratic,7.3343,6.4342,0.9002,"{""intercept"": -423.44981904587337, ""slope"": 8.037861294434435, ""quad"": -0.020894987873935553}",-423.4498 + 8.0379×x + -0.020895×x²,200,500-700,500,700
Women,Distance,800m,5000m,62,knn_median,44.5262,32.95,11.5762,"{""k"": 20, ""n_train"": 62}",k=20 nearest neighbors,200,500-700,500,700
Women,Distance,1500m,800m,190,knn_median,3.7466,3.5625,0.1841,"{""k"": 20, ""n_train"": 190}",k=20 nearest neighbors,200,500-700,500,700
Women,Distance,1500m,5000m,90,robust_trimmed_linear,27.2694,26.3369,0.9325,"{""intercept"": 332.2665044896148, ""slope"": 2.688856661960481}","{""intercept"": 332.2665044896148, ""slope"": 2.688856661960481}",200,500-700,500,700
Women,Distance,5000m,800m,62,robust_trimmed_linear,4.9538,4.5322,0.4216,"{""intercept"": 61.400211636874246, ""slope"": 0.0820867278545116}","{""intercept"": 61.400211636874246, ""slope"": 0.0820867278545116}",200,500-700,500,700
Women,Distance,5000m,1500m,90,knn_median,9.1508,7.405,1.7458,"{""k"": 20, ""n_train"": 90}",k=20 nearest neighbors,200,500-700,500,700
Men,Sprints,100m,200m,338,knn_median,0.3994,0.3725,0.0269,"{""k"": 20, ""n_train"": 338}",k=20 nearest neighbors,200,550-750,550,750
Men,Sprints,100m,400m,96,linear_ols,0.9398,0.9398,0.0,"{""intercept"": 35.64773442959304, ""slope"": 1.5633805542516663}",35.6477 + 1.5634×x,200,550-750,550,750
Men,Sprints,200m,100m,338,quadratic,0.1829,0.1575,0.0254,"{""intercept"": -30.773917918538228, ""slope"": 3.2365045448877083, ""quad"": -0.06092384475991034}",-30.7739 + 3.2365×x + -0.060924×x²,200,550-750,550,750
Men,Sprints,200m,400m,191,knn_median,0.9563,0.825,0.1313,"{""k"": 20, ""n_train"": 191}",k=20 nearest neighbors,200,550-750,550,750
Men,Sprints,400m,100m,96,knn_median,0.2165,0.205,0.0115,"{""k"": 20, ""n_train"": 96}",k=20 nearest neighbors,200,550-750,550,750
Men,Sprints,400m,200m,191,robust_trimmed_linear,0.3878,0.3594,0.0284,"{""intercept"": 13.523027872845768, ""slope"": 0.1958483111582338}","{""intercept"": 13.523027872845768, ""slope"": 0.1958483111582338}",200,550-750,550,750
Women,Sprints,100m,200m,153,median_ratio,0.4202,0.3962,0.024,"{""ratio"": 2.0974320241691844}",x × 2.0974,200,550-750,550,750
Women,Sprints,100m,400m,37,chain_residual_adjusted,2.3896,1.8442,0.5454,"{""from_to_mid"": {""intercept"": -15.793918015934207, ""slope"": 3.2521845283988697}, ""mid_to_to"": {""intercept"": 27.302988467994076, ""slope"": 1.3053673119191467}, ""residual_k"": -1.3633083254245515e-15, ""mid_event"": ""200m""}",chain via 200m + residual k=-0.0000,200,550-750,550,750
Women,Sprints,200m,100m,153,quadratic,0.2143,0.1571,0.0572,"{""intercept"": -12.958071354102568, ""slope"": 1.5524342718982989, ""quad"": -0.021686309957882892}",-12.9581 + 1.5524×x + -0.021686×x²,200,550-750,550,750
Women,Sprints,200m,400m,97,median_ratio,1.37,1.1884,0.1816,"{""ratio"": 2.2664051355206847}",x × 2.2664,200,550-750,550,750
Women,Sprints,400m,100m,37,ratio_linear,0.2693,0.2477,0.0216,"{""intercept"": 0.33972502384928116, ""slope"": -0.0019884834956891712}",x × (0.3397 + -0.001988×x),200,550-750,550,750
Women,Sprints,400m,200m,97,binned_ratio,0.4854,0.4486,0.0368,"{""edges"": [60.57, 62.31, 63.275000000000006, 64.33500000000001, 65.58500000000001, 66.22, 67.83, 68.91, 79.07], ""ratios"": [0.44926096026016227, 0.44765052925516624, 0.4414134371234044, 0.44719094377659463, 0.44304994445625734, 0.43758060406137955, 0.4375609343068041, 0.4230074626667675, 0.37612242316934363]}",9 bins (see JSON),200,550-750,550,750
Men,Distance,800m,1500m,323,knn_median,5.1731,4.735,0.4381,"{""k"": 20, ""n_train"": 323}",k=20 nearest neighbors,200,550-750,550,750
Men,Distance,800m,5000m,101,multivariate_ols,29.3423,19.8701,9.4723,"{""intercept"": 143.56782743399322, ""coef_a"": -2.1545465411689637, ""coef_b"": 4.3259439231751164, ""event_a"": ""800m"", ""event_b"": ""1500m""}",143.57 + -2.1545×800m + 4.3259×1500m,200,550-750,550,750
Men,Distance,1500m,800m,323,quadratic,2.7483,2.4485,0.2998,"{""intercept"": -478.01219440814174, ""slope"": 4.411495063987858, ""quad"": -0.008023823099375533}",-478.0122 + 4.4115×x + -0.008024×x²,200,550-750,550,750
Men,Distance,1500m,5000m,247,quadratic,20.904,19.8132,1.0908,"{""intercept"": -5341.144936933215, ""slope"": 46.961427450071, ""quad"": -0.08705746024378372}",-5341.1449 + 46.9614×x + -0.087057×x²,200,550-750,550,750
Men,Distance,5000m,800m,101,robust_trimmed_linear,3.4323,3.0689,0.3634,"{""intercept"": 71.90187539612651, ""slope"": 0.0567866991235985}","{""intercept"": 71.90187539612651, ""slope"": 0.0567866991235985}",200,550-750,550,750
Men,Distance,5000m,1500m,247,quadratic,4.8545,4.6597,0.1948,"{""intercept"": -530.8061317503199, ""slope"": 1.483725130032824, ""quad"": -0.0006910076102783447}",-530.8061 + 1.4837×x + -0.000691×x²,200,550-750,550,750
Women,Distance,800m,1500m,168,quadratic,7.6641,7.1082,0.5559,"{""intercept"": -535.9018834300434, ""slope"": 9.474785861669694, ""quad"": -0.025549433795977797}",-535.9019 + 9.4748×x + -0.025549×x²,200,550-750,550,750
Women,Distance,800m,5000m,54,median_ratio,38.3918,30.2094,8.1824,"{""ratio"": 7.4403529556710755}",x × 7.4404,200,550-750,550,750
Women,Distance,1500m,800m,168,binned_ratio,3.8718,3.4689,0.4028,"{""edges"": [293.43, 303.82, 312.99, 318.59, 323.04, 328.49, 334.53, 339.25], ""ratios"": [0.5045154333468123, 0.494502977553825, 0.48532012734347363, 0.4888123924268502, 0.4986170245827765, 0.4902254719001438, 0.484301717699776, 0.47294058633374203]}",8 bins (see JSON),200,550-750,550,750
Women,Distance,1500m,5000m,89,knn_median,28.5748,27.265,1.3098,"{""k"": 20, ""n_train"": 89}",k=20 nearest neighbors,200,550-750,550,750
Women,Distance,5000m,800m,54,median_ratio,4.6482,4.0578,0.5904,"{""ratio"": 0.1344023419457948}",x × 0.1344,200,550-750,550,750
Women,Distance,5000m,1500m,89,binned_ratio,8.332,6.5404,1.7916,"{""edges"": [1099.03, 1139.53, 1158.72, 1176.3, 1200.39, 1231.25, 1250.18, 1293.3, 1332.12], ""ratios"": [0.2728845388863706, 0.27526643332838724, 0.2730448014109591, 0.2683712880150738, 0.2635235035145828, 0.2686419075890552, 0.2711982285179826, 0.2547513079981309, 0.24557096958231991]}",9 bins (see JSON),200,550-750,550,750
Men,Sprints,100m,200m,325,binned_ratio,0.3777,0.3352,0.0425,"{""edges"": [11.055, 11.3, 11.434999999999999, 11.59, 11.725000000000001, 11.84, 11.96, 12.094999999999999, 12.62], ""ratios"": [2.0439900479993156, 2.047752729933581, 2.039980417754569, 2.0289288369626903, 2.0546557597264368, 2.0336970037644573, 2.063981695925664, 2.0024753012702208, 1.9865506329113922]}",9 bins (see JSON),200,600-800,600,800
Men,Sprints,100m,400m,89,chain_residual_adjusted,1.222,0.9207,0.3012,"{""from_to_mid"": {""intercept"": 3.8471283773440703, ""slope"": 1.686133506057723}, ""mid_to_to"": {""intercept"": 24.54723793220463, ""slope"": 1.2272024350038244}, ""residual_k"": 3.2992418936259913e-15, ""mid_event"": ""200m""}",chain via 200m + residual k=0.0000,200,600-800,600,800
Men,Sprints,200m,100m,325,quadratic,0.1745,0.1501,0.0244,"{""intercept"": -28.476375346851135, ""slope"": 3.0656418687623166, ""quad"": -0.05789634646092955}",-28.4764 + 3.0656×x + -0.057896×x²,200,600-800,600,800
Men,Sprints,200m,400m,172,knn_median,1.0732,0.95,0.1232,"{""k"": 20, ""n_train"": 172}",k=20 nearest neighbors,200,600-800,600,800
Men,Sprints,400m,100m,89,log_linear,0.2185,0.215,0.0035,"{""intercept"": 2.074229279619331, ""slope"": 0.09874069883118476}",exp(2.0742 + 0.0987×log(x)),200,600-800,600,800
Men,Sprints,400m,200m,172,quadratic,0.3834,0.3578,0.0256,"{""intercept"": -31.407542275914427, ""slope"": 1.877608240354615, ""quad"": -0.015746882001151437}",-31.4075 + 1.8776×x + -0.015747×x²,200,600-800,600,800
Women,Sprints,100m,200m,151,median_ratio,0.4044,0.3933,0.0111,"{""ratio"": 2.0897988505747125}",x × 2.0898,200,600-800,600,800
Women,Sprints,100m,400m,40,multivariate_ols,2.0074,1.1589,0.8485,"{""intercept"": -2.3723387388751007, ""coef_a"": 0.41031020303164567, ""coef_b"": 2.1710248316105933, ""event_a"": ""100m"", ""event_b"": ""200m""}",-2.37 + 0.4103×100m + 2.1710×200m,200,600-800,600,800
Women,Sprints,200m,100m,151,knn_median,0.1656,0.16,0.0056,"{""k"": 20, ""n_train"": 151}",k=20 nearest neighbors,200,600-800,600,800
Women,Sprints,200m,400m,90,median_ratio,1.3008,1.111,0.1898,"{""ratio"": 2.263041780664948}",x × 2.2630,200,600-800,600,800
Women,Sprints,400m,100m,40,robust_trimmed_linear,0.2322,0.2181,0.0142,"{""intercept"": 8.033453017709002, ""slope"": 0.08501158815051696}","{""intercept"": 8.033453017709002, ""slope"": 0.08501158815051696}",200,600-800,600,800
Women,Sprints,400m,200m,90,quadratic,0.4612,0.429,0.0321,"{""intercept"": -76.84960578431476, ""slope"": 2.986510460353387, ""quad"": -0.02095495190040197}",-76.8496 + 2.9865×x + -0.020955×x²,200,600-800,600,800
Men,Distance,800m,1500m,272,quadratic,4.7882,4.6449,0.1433,"{""intercept"": -565.5166233353702, ""slope"": 12.329332701835597, ""quad"": -0.04599433298397121}",-565.5166 + 12.3293×x + -0.045994×x²,200,600-800,600,800
Men,Distance,800m,5000m,88,multivariate_ols,28.8873,20.4506,8.4367,"{""intercept"": 112.79785720281984, ""coef_a"": -2.508034348541355, ""coef_b"": 4.6179044910898295, ""event_a"": ""800m"", ""event_b"": ""1500m""}",112.80 + -2.5080×800m + 4.6179×1500m,200,600-800,600,800
Men,Distance,1500m,800m,272,quadratic,2.833,2.3274,0.5056,"{""intercept"": -440.34058950776966, ""slope"": 4.172670561393484, ""quad"": -0.007680031069798278}",-440.3406 + 4.1727×x + -0.007680×x²,200,600-800,600,800
Men,Distance,1500m,5000m,221,knn_median,20.1435,18.585,1.5585,"{""k"": 20, ""n_train"": 221}",k=20 nearest neighbors,200,600-800,600,800
Men,Distance,5000m,800m,88,median_ratio,3.6711,3.3881,0.2829,"{""ratio"": 0.1315907051840317}",x × 0.1316,200,600-800,600,800
Men,Distance,5000m,1500m,221,knn_median,4.5944,4.085,0.5094,"{""k"": 20, ""n_train"": 221}",k=20 nearest neighbors,200,600-800,600,800
Women,Distance,800m,1500m,133,quadratic,6.3399,5.5702,0.7697,"{""intercept"": -615.1564208444046, ""slope"": 10.85004283844149, ""quad"": -0.03123204048860974}",-615.1564 + 10.8500×x + -0.031232×x²,200,600-800,600,800
Women,Distance,800m,5000m,43,median_ratio,38.5311,30.3259,8.2053,"{""ratio"": 7.426814783763013}",x × 7.4268,200,600-800,600,800
Women,Distance,1500m,800m,133,knn_median,3.5961,3.46,0.1361,"{""k"": 20, ""n_train"": 133}",k=20 nearest neighbors,200,600-800,600,800
Women,Distance,1500m,5000m,79,robust_trimmed_linear,31.3994,29.778,1.6214,"{""intercept"": 262.80557621925686, ""slope"": 2.8659177668130957}","{""intercept"": 262.80557621925686, ""slope"": 2.8659177668130957}",200,600-800,600,800
Women,Distance,5000m,800m,43,binned_ratio,3.7579,3.0818,0.6761,"{""edges"": [1065.79, 1109.09, 1137.53, 1153.72, 1166.96, 1190.37, 1210.83, 1238.27, 1289.91], ""ratios"": [0.1349199713884941, 0.138167326366661, 0.13631594261680757, 0.12978538535059517, 0.13279489105935385, 0.13413815104603916, 0.13424675635720953, 0.12897025689066197, 0.12652013332132242]}",9 bins (see JSON),200,600-800,600,800
Women,Distance,5000m,1500m,79,quadratic,6.2264,5.4369,0.7895,"{""intercept"": -942.5654700520425, ""slope"": 1.9805770033293544, ""quad"": -0.0007729275306245345}",-942.5655 + 1.9806×x + -0.000773×x²,200,600-800,600,800
Men,Sprints,100m,200m,279,binned_ratio,0.3378,0.3011,0.0366,"{""edges"": [10.97, 11.165, 11.31, 11.425, 11.58, 11.69, 11.77, 11.945, 12.25], ""ratios"": [2.0419874711275985, 2.029111734702882, 2.050952405631042, 2.0362074518753044, 2.0415587219343694, 2.0273801694172926, 2.0483267180269378, 2.0037617790969495, 1.9729508196721313]}",9 bins (see JSON),200,650-850,650,850
Men,Sprints,100m,400m,76,multivariate_ols,1.1067,0.768,0.3387,"{""intercept"": 38.49017390848309, ""coef_a"": -2.662413494404287, ""coef_b"": 1.9479155633565703, ""event_a"": ""100m"", ""event_b"": ""200m""}",38.49 + -2.6624×100m + 1.9479×200m,200,650-850,650,850
Men,Sprints,200m,100m,279,knn_median,0.1665,0.145,0.0215,"{""k"": 20, ""n_train"": 279}",k=20 nearest neighbors,200,650-850,650,850
Men,Sprints,200m,400m,150,quadratic,1.034,0.8792,0.1548,"{""intercept"": -34.86123718885924, ""slope"": 6.428028165873567, ""quad"": -0.11510193540519532}",-34.8612 + 6.4280×x + -0.115102×x²,200,650-850,650,850
Men,Sprints,400m,100m,76,ratio_linear,0.2303,0.2072,0.0231,"{""intercept"": 0.40144676422055214, ""slope"": -0.00339579079658726}",x × (0.4014 + -0.003396×x),200,650-850,650,850
Men,Sprints,400m,200m,150,log_linear,0.407,0.4037,0.0033,"{""intercept"": 2.211392003028133, ""slope"": 0.2399096031348071}",exp(2.2114 + 0.2399×log(x)),200,650-850,650,850
Women,Sprints,100m,200m,130,median_ratio,0.4799,0.4425,0.0374,"{""ratio"": 2.081587513126358}",x × 2.0816,200,650-850,650,850
Women,Sprints,100m,400m,38,chain_residual_adjusted,2.1161,1.5203,0.5959,"{""from_to_mid"": {""intercept"": -2.0114609504127507, ""slope"": 2.2047397189499605}, ""mid_to_to"": {""intercept"": 9.503108158216875, ""slope"": 1.9271994723170933}, ""residual_k"": -1.003900338566399e-14, ""mid_event"": ""200m""}",chain via 200m + residual k=-0.0000,200,650-850,650,850
Women,Sprints,200m,100m,130,quadratic,0.1651,0.1525,0.0125,"{""intercept"": -42.10651315445136, ""slope"": 3.701896203887084, ""quad"": -0.06136451185223789}",-42.1065 + 3.7019×x + -0.061365×x²,200,650-850,650,850
Women,Sprints,200m,400m,72,log_linear,0.8716,0.8559,0.0157,"{""intercept"": 1.6593730274562115, ""slope"": 0.746249076186918}",exp(1.6594 + 0.7462×log(x)),200,650-850,650,850
Women,Sprints,400m,100m,38,log_linear,0.2531,0.2523,0.0008,"{""intercept"": 0.6498482162228174, ""slope"": 0.46986012756837375}",exp(0.6498 + 0.4699×log(x)),200,650-850,650,850
Women,Sprints,400m,200m,72,binned_ratio,0.5027,0.3562,0.1466,"{""edges"": [58.23, 60.98, 62.19, 62.94, 63.58, 64.4, 65.37, 66.21], ""ratios"": [0.44890446976336545, 0.43861386138613856, 0.4471347861178369, 0.4421671433110899, 0.44528301886792454, 0.4467391304347826, 0.43511803733991666, 0.4331404203472434]}",8 bins (see JSON),200,650-850,650,850
Men,Distance,800m,1500m,226,knn_median,4.6879,4.1875,0.5004,"{""k"": 20, ""n_train"": 226}",k=20 nearest neighbors,200,650-850,650,850
Men,Distance,800m,5000m,69,multivariate_ols,27.6966,17.8605,9.8361,"{""intercept"": 196.3262001976509, ""coef_a"": -5.198512109874168, ""coef_b"": 5.599869720046394, ""event_a"": ""800m"", ""event_b"": ""1500m""}",196.33 + -5.1985×800m + 5.5999×1500m,200,650-850,650,850
Men,Distance,1500m,800m,226,knn_median,2.6639,2.14,0.5239,"{""k"": 20, ""n_train"": 226}",k=20 nearest neighbors,200,650-850,650,850
Men,Distance,1500m,5000m,161,knn_median,22.9253,18.85,4.0753,"{""k"": 20, ""n_train"": 161}",k=20 nearest neighbors,200,650-850,650,850
Men,Distance,5000m,800m,69,ratio_linear,3.4262,3.2891,0.1371,"{""intercept"": 0.2542482134658105, ""slope"": -0.0001307173372489539}",x × (0.2542 + -0.000131×x),200,650-850,650,850
Men,Distance,5000m,1500m,161,robust_trimmed_linear,4.1875,3.7752,0.4123,"{""intercept"": 152.09089398765036, ""slope"": 0.10338343139643032}","{""intercept"": 152.09089398765036, ""slope"": 0.10338343139643032}",200,650-850,650,850
Women,Distance,800m,1500m,100,quadratic,7.2524,6.4783,0.7742,"{""intercept"": -623.0650526620369, ""slope"": 11.154927559294116, ""quad"": -0.03301815033362176}",-623.0651 + 11.1549×x + -0.033018×x²,200,650-850,650,850
Women,Distance,800m,5000m,34,median_ratio,31.2382,24.2737,6.9645,"{""ratio"": 7.4097994533045775}",x × 7.4098,200,650-850,650,850
Women,Distance,1500m,800m,100,robust_trimmed_linear,2.7135,2.676,0.0375,"{""intercept"": 62.157543438705076, ""slope"": 0.2871285013523408}","{""intercept"": 62.157543438705076, ""slope"": 0.2871285013523408}",200,650-850,650,850
Women,Distance,1500m,5000m,66,knn_median,23.7788,22.1825,1.5963,"{""k"": 20, ""n_train"": 66}",k=20 nearest neighbors,200,650-850,650,850
Women,Distance,5000m,800m,34,median_ratio,4.3243,3.2847,1.0396,"{""ratio"": 0.13495642888568626}",x × 0.1350,200,650-850,650,850
Women,Distance,5000m,1500m,66,quadratic,6.6407,5.8342,0.8065,"{""intercept"": -1029.2088290150375, ""slope"": 2.14948255927735, ""quad"": -0.0008548904440234419}",-1029.2088 + 2.1495×x + -0.000855×x²,200,650-850,650,850
Men,Sprints,100m,200m,217,knn_median,0.3398,0.315,0.0248,"{""k"": 20, ""n_train"": 217}",k=20 nearest neighbors,200,700-900,700,900
Men,Sprints,100m,400m,58,robust_trimmed_linear,0.8503,0.8217,0.0287,"{""intercept"": 51.50156317212443, ""slope"": 0.07278988215034994}","{""intercept"": 51.50156317212443, ""slope"": 0.07278988215034994}",200,700-900,700,900
Men,Sprints,200m,100m,217,knn_median,0.1616,0.145,0.0166,"{""k"": 20, ""n_train"": 217}",k=20 nearest neighbors,200,700-900,700,900
Men,Sprints,200m,400m,113,knn_median,0.8727,0.74,0.1327,"{""k"": 20, ""n_train"": 113}",k=20 nearest neighbors,200,700-900,700,900
Men,Sprints,400m,100m,58,knn_median,0.2792,0.2625,0.0167,"{""k"": 20, ""n_train"": 58}",k=20 nearest neighbors,200,700-900,700,900
Men,Sprints,400m,200m,113,knn_median,0.4578,0.38,0.0778,"{""k"": 20, ""n_train"": 113}",k=20 nearest neighbors,200,700-900,700,900
Women,Sprints,100m,200m,109,knn_median,0.4825,0.43,0.0525,"{""k"": 20, ""n_train"": 109}",k=20 nearest neighbors,200,700-900,700,900
Women,Sprints,100m,400m,34,chain_residual_adjusted,1.9399,1.5301,0.4099,"{""from_to_mid"": {""intercept"": -0.039314988196366585, ""slope"": 2.052714834026562}, ""mid_to_to"": {""intercept"": 11.949022282840744, ""slope"": 1.8352203240104659}, ""residual_k"": 1.486032260759961e-16, ""mid_event"": ""200m""}",chain via 200m + residual k=0.0000,200,700-900,700,900
Women,Sprints,200m,100m,109,quadratic,0.1665,0.1535,0.013,"{""intercept"": -39.7126455214074, ""slope"": 3.566994041062878, ""quad"": -0.05967222183584817}",-39.7126 + 3.5670×x + -0.059672×x²,200,700-900,700,900
Women,Sprints,200m,400m,57,binned_ratio,0.8525,0.8154,0.0371,"{""edges"": [25.69, 26.56, 26.74, 27.58, 27.82, 28.04, 28.29, 28.88, 30.85], ""ratios"": [2.2347216815881663, 2.295790671217292, 2.2555922258892553, 2.2979963570127504, 2.261588214157384, 2.231811697574893, 2.235963041933191, 2.206206896551724, 2.0560777957860616]}",9 bins (see JSON),200,700-900,700,900
Women,Sprints,400m,100m,34,log_linear,0.1983,0.1936,0.0047,"{""intercept"": 1.1189325734167146, ""slope"": 0.3550609268046479}",exp(1.1189 + 0.3551×log(x)),200,700-900,700,900
Women,Sprints,400m,200m,57,binned_ratio,0.4634,0.3366,0.1268,"{""edges"": [57.41, 60.14, 61.26, 62.27, 62.92, 63.28, 63.98, 64.8, 68.52], ""ratios"": [0.44890446976336545, 0.43861386138613856, 0.4450073541428338, 0.45073812580231065, 0.4421703950499762, 0.44122738001573564, 0.44845925230721106, 0.4199134199134199, 0.4121424401634559]}",9 bins (see JSON),200,700-900,700,900
Men,Distance,800m,1500m,180,quadratic,4.8338,4.478,0.3558,"{""intercept"": -922.8092495173997, ""slope"": 18.794891860326718, ""quad"": -0.07519319390721581}",-922.8092 + 18.7949×x + -0.075193×x²,200,700-900,700,900
Men,Distance,800m,5000m,55,multivariate_ols,26.2532,18.9039,7.3493,"{""intercept"": 307.4914764270816, ""coef_a"": -5.3736654065988585, ""coef_b"": 5.230323806760308, ""event_a"": ""800m"", ""event_b"": ""1500m""}",307.49 + -5.3737×800m + 5.2303×1500m,200,700-900,700,900
Men,Distance,1500m,800m,180,knn_median,2.3535,1.8975,0.456,"{""k"": 20, ""n_train"": 180}",k=20 nearest neighbors,200,700-900,700,900
Men,Distance,1500m,5000m,123,knn_median,21.6785,19.035,2.6435,"{""k"": 20, ""n_train"": 123}",k=20 nearest neighbors,200,700-900,700,900
Men,Distance,5000m,800m,55,binned_ratio,3.5956,3.1187,0.477,"{""edges"": [894.4449999999999, 911.29, 916.87, 923.685, 933.065, 941.17, 957.245, 975.4300000000001, 985.875, 1172.93], ""ratios"": [0.1354160373454566, 0.13088868573794443, 0.131654955964074, 0.13793642215986623, 0.13662675365411475, 0.13037476136109696, 0.1291700600477715, 0.1262066363636384, 0.11898411856164265, 0.09829231070907896]}",10 bins (see JSON),200,700-900,700,900
Men,Distance,5000m,1500m,123,knn_median,3.8216,3.67,0.1516,"{""k"": 20, ""n_train"": 123}",k=20 nearest neighbors,200,700-900,700,900
Women,Distance,800m,1500m,74,median_ratio,6.9319,6.8068,0.1251,"{""ratio"": 2.0260375817370884}",x × 2.0260,200,700-900,700,900
Women,Distance,800m,5000m,25,binned_ratio,26.6574,15.7168,10.9407,"{""edges"": [143.13, 145.24, 149.2, 150.19, 153.0, 154.66, 156.93, 160.16, 163.06], ""ratios"": [7.426814783763013, 7.447261453668618, 7.7050277833567655, 7.731500633882698, 7.421895424836601, 7.335899094437258, 7.30225245459796, 7.0215656943405635, 7.075432356187906]}",9 bins (see JSON),200,700-900,700,900
Women,Distance,1500m,800m,74,quadratic,2.9806,2.5882,0.3924,"{""intercept"": -539.2898470923285, ""slope"": 4.337208654081818, ""quad"": -0.006812198437022831}",-539.2898 + 4.3372×x + -0.006812×x²,200,700-900,700,900
Women,Distance,1500m,5000m,48,log_linear,19.5552,18.7658,0.7894,"{""intercept"": 2.4519877380433774, ""slope"": 0.7995023326422686}",exp(2.4520 + 0.7995×log(x)),200,700-900,700,900
Women,Distance,5000m,800m,25,median_ratio,3.9715,2.6712,1.3002,"{""ratio"": 0.13615428654436082}",x × 0.1362,200,700-900,700,900
Women,Distance,5000m,1500m,48,binned_ratio,7.5815,4.892,2.6895,"{""edges"": [1028.04, 1078.73, 1104.225, 1127.295, 1137.045, 1153.54, 1157.865, 1173.295], ""ratios"": [0.2743919406239689, 0.2711498572419074, 0.2731052465001842, 0.2672018409558668, 0.27217117801157437, 0.2722177878106612, 0.2722193913661506, 0.26060333171193595]}",8 bins (see JSON),200,700-900,700,900
Men,Sprints,100m,200m,168,knn_median,0.3388,0.2575,0.0813,"{""k"": 20, ""n_train"": 168}",k=20 nearest neighbors,200,750-950,750,950
Men,Sprints,100m,400m,36,log_linear,1.1446,1.0556,0.0889,"{""intercept"": 3.7679871230200654, ""slope"": 0.07394593879021526}",exp(3.7680 + 0.0739×log(x)),200,750-950,750,950
Men,Sprints,200m,100m,168,knn_median,0.1532,0.115,0.0382,"{""k"": 20, ""n_train"": 168}",k=20 nearest neighbors,200,750-950,750,950
Men,Sprints,200m,400m,74,knn_median,1.0606,0.745,0.3156,"{""k"": 20, ""n_train"": 74}",k=20 nearest neighbors,200,750-950,750,950
Men,Sprints,400m,100m,36,robust_trimmed_linear,0.3495,0.3116,0.0379,"{""intercept"": 11.405462567019722, ""slope"": 0.0008367405065123849}","{""intercept"": 11.405462567019722, ""slope"": 0.0008367405065123849}",200,750-950,750,950
Men,Sprints,400m,200m,74,robust_trimmed_linear,0.4684,0.4008,0.0676,"{""intercept"": 20.943188472324543, ""slope"": 0.04004639025877118}","{""intercept"": 20.943188472324543, ""slope"": 0.04004639025877118}",200,750-950,750,950
Women,Sprints,100m,200m,73,median_ratio,0.4281,0.4087,0.0194,"{""ratio"": 2.068058778035576}",x × 2.0681,200,750-950,750,950
Women,Sprints,100m,400m,24,quadratic,1.9361,1.4882,0.4479,"{""intercept"": -576.3182441610106, ""slope"": 92.90382338925299, ""quad"": -3.3769271352093373}",-576.3182 + 92.9038×x + -3.376927×x²,200,750-950,750,950
Women,Sprints,200m,100m,73,linear_ols,0.1614,0.1614,0.0,"{""intercept"": 4.363306430682284, ""slope"": 0.3203111625685163}",4.3633 + 0.3203×x,200,750-950,750,950
Women,Sprints,200m,400m,34,binned_ratio,0.9674,0.4487,0.5188,"{""edges"": [25.65, 26.155, 26.465, 26.630000000000003, 26.814999999999998, 27.615000000000002, 27.880000000000003, 28.11, 28.695], ""ratios"": [2.2341377968080964, 2.271593155280696, 2.2988854346185468, 2.257057536499685, 2.2700998081573616, 2.230287527742415, 2.2356039077378416, 2.2176694594469395, 2.1735732017459695]}",9 bins (see JSON),200,750-950,750,950
Women,Sprints,400m,100m,24,robust_trimmed_linear,0.2317,0.1903,0.0413,"{""intercept"": 10.337420425151375, ""slope"": 0.04435382286501813}","{""intercept"": 10.337420425151375, ""slope"": 0.04435382286501813}",200,750-950,750,950
Women,Sprints,400m,200m,34,binned_ratio,0.449,0.2576,0.1914,"{""edges"": [57.365, 58.26, 59.885000000000005, 60.79, 61.345, 62.065, 62.31, 62.75, 65.845], ""ratios"": [0.44831072215947987, 0.45403791780764513, 0.43793098121265595, 0.44535900208655216, 0.4441749500351626, 0.44912223384373673, 0.44864354123181344, 0.43573063097163156, 0.416602768689322]}",9 bins (see JSON),200,750-950,750,950
Men,Distance,800m,1500m,124,binned_ratio,4.5081,3.4708,1.0373,"{""edges"": [114.08, 116.08, 117.50999999999999, 118.66, 119.43, 120.25, 121.85, 124.73, 129.37], ""ratios"": [2.1533647741701434, 2.0656574394463667, 2.0626166638384524, 2.0665880966411314, 2.102626499958043, 2.047547672578899, 2.0183216096842793, 1.9696797730036484, 1.8824032797517056]}",9 bins (see JSON),200,750-950,750,950
Men,Distance,800m,5000m,37,multivariate_ols,23.6475,17.761,5.8865,"{""intercept"": 224.48078081330868, ""coef_a"": -5.385547781726581, ""coef_b"": 5.57787712264763, ""event_a"": ""800m"", ""event_b"": ""1500m""}",224.48 + -5.3855×800m + 5.5779×1500m,200,750-950,750,950
Men,Distance,1500m,800m,124,knn_median,2.2397,1.8775,0.3622,"{""k"": 20, ""n_train"": 124}",k=20 nearest neighbors,200,750-950,750,950
Men,Distance,1500m,5000m,83,binned_ratio,21.3615,18.5345,2.827,"{""edges"": [236.28, 238.74, 240.635, 243.22, 244.945, 246.525, 247.79, 250.48000000000002, 257.6], ""ratios"": [3.859552061385764, 3.821086073702264, 3.794232426564711, 3.8040686561409336, 3.7738034452810165, 3.7444254289937566, 3.8062366535304837, 3.6105720602881126, 3.8306677018633537]}",9 bins (see JSON),200,750-950,750,950
Men,Distance,5000m,800m,37,robust_trimmed_linear,2.8747,2.843,0.0317,"{""intercept"": 142.8239500517617, ""slope"": -0.024033575476430386}","{""intercept"": 142.8239500517617, ""slope"": -0.024033575476430386}",200,750-950,750,950
Men,Distance,5000m,1500m,83,linear_ols,3.2211,3.2211,0.0,"{""intercept"": 173.63734131625455, ""slope"": 0.07620298629186195}",173.6373 + 0.0762×x,200,750-950,750,950
Women,Distance,800m,1500m,47,median_ratio,4.6564,4.2984,0.358,"{""ratio"": 2.007019051711789}",x × 2.0070,200,750-950,750,950
Women,Distance,1500m,800m,47,median_ratio,3.2012,2.1405,1.0607,"{""ratio"": 0.498251373920491}",x × 0.4983,200,750-950,750,950
Women,Distance,1500m,5000m,29,quadratic,22.1984,19.6276,2.5708,"{""intercept"": -4285.026171363371, ""slope"": 33.60378583446243, ""quad"": -0.05206694177622707}",-4285.0262 + 33.6038×x + -0.052067×x²,200,750-950,750,950
Women,Distance,5000m,1500m,29,robust_trimmed_linear,5.8262,5.5426,0.2836,"{""intercept"": 127.4365844792186, ""slope"": 0.15392157106767085}","{""intercept"": 127.4365844792186, ""slope"": 0.15392157106767085}",200,750-950,750,950
Men,Sprints,100m,200m,114,binned_ratio,0.2633,0.2018,0.0615,"{""edges"": [10.775, 10.95, 11.08, 11.114999999999998, 11.17, 11.26, 11.355, 11.559999999999999, 12.075], ""ratios"": [2.0568012072846327, 2.0305405423372758, 2.043368735438963, 2.032329689438188, 2.023744334399878, 2.0453194333826374, 1.9849709831366331, 1.9690222810474587, 1.9552453361907753]}",9 bins (see JSON),200,800-1000,800,1000
Men,Sprints,100m,400m,23,knn_median,1.2508,0.875,0.3758,"{""k"": 20, ""n_train"": 23}",k=20 nearest neighbors,200,800-1000,800,1000
Men,Sprints,200m,100m,114,binned_ratio,0.1391,0.1198,0.0193,"{""edges"": [21.965, 22.189999999999998, 22.384999999999998, 22.54, 22.645, 22.775, 22.905, 23.28, 24.045], ""ratios"": [0.49817767086927667, 0.4942425347515794, 0.49508709245198745, 0.501885783494348, 0.49359255620755715, 0.4937402218100621, 0.4907259921317335, 0.4834907468855176, 0.48616949395309444]}",9 bins (see JSON),200,800-1000,800,1000
Men,Sprints,200m,400m,46,binned_ratio,1.1016,0.8376,0.264,"{""edges"": [21.92, 22.25, 22.4, 22.59, 22.68, 22.76, 22.89, 23.07, 23.58, 24.33], ""ratios"": [2.3344021988089785, 2.2239140170174654, 2.2407818747223454, 2.2671992898357742, 2.255629139072848, 2.2739244951712028, 2.253275109170306, 2.183116883116883, 2.128381279519107, 2.0595972050965887]}",10 bins (see JSON),200,800-1000,800,1000
Men,Sprints,400m,100m,23,robust_trimmed_linear,0.2342,0.2026,0.0316,"{""intercept"": 10.20759259835174, ""slope"": 0.02122099552514717}","{""intercept"": 10.20759259835174, ""slope"": 0.02122099552514717}",200,800-1000,800,1000
Men,Sprints,400m,200m,46,robust_trimmed_linear,0.2495,0.2087,0.0408,"{""intercept"": 18.74228113495829, ""slope"": 0.07773132348844436}","{""intercept"": 18.74228113495829, ""slope"": 0.07773132348844436}",200,800-1000,800,1000
Women,Sprints,100m,200m,47,quadratic,0.385,0.3067,0.0784,"{""intercept"": -449.1764527900213, ""slope"": 73.92500187901085, ""quad"": -2.8709782694710126}",-449.1765 + 73.9250×x + -2.870978×x²,200,800-1000,800,1000
Women,Sprints,200m,100m,47,linear_ols,0.1442,0.1442,0.0,"{""intercept"": 8.674337052882569, ""slope"": 0.15418182867723654}",8.6743 + 0.1542×x,200,800-1000,800,1000
Women,Sprints,200m,400m,20,binned_ratio,1.1467,0.634,0.5126,"{""edges"": [25.21, 25.65, 25.759999999999998, 26.155, 26.245, 26.465, 26.585, 26.64, 26.705, 27.775], ""ratios"": [2.257171936358291, 2.2305996815118654, 2.2275040850836687, 2.2817520704455827, 2.287665661343107, 2.344807986211056, 2.2360436084442545, 2.28734984984985, 2.3014740958427318, 2.1972068775720315]}",10 bins (see JSON),200,800-1000,800,1000
Women,Sprints,400m,200m,20,binned_ratio,0.3515,0.1969,0.1545,"{""edges"": [56.67, 57.365, 57.459999999999994, 58.26, 59.085, 59.885000000000005, 60.495000000000005, 60.79, 61.995000000000005, 64.14], ""ratios"": [0.44509533312293337, 0.4490546511836384, 0.4461376134732186, 0.4570893865162277, 0.44623450917912505, 0.43793098121265595, 0.4349941920564383, 0.44839843610467967, 0.4377494649090582, 0.4155167727936375]}",10 bins (see JSON),200,800-1000,800,1000
Men,Distance,800m,1500m,79,robust_trimmed_linear,3.8719,3.0109,0.861,"{""intercept"": 239.6985602445176, ""slope"": 0.01943975941693595}","{""intercept"": 239.6985602445176, ""slope"": 0.01943975941693595}",200,800-1000,800,1000
Men,Distance,800m,5000m,24,knn_median,32.2159,19.215,13.0009,"{""k"": 20, ""n_train"": 24}",k=20 nearest neighbors,200,800-1000,800,1000
Men,Distance,1500m,800m,79,robust_trimmed_linear,2.1677,2.116,0.0517,"{""intercept"": 125.82592370940513, ""slope"": -0.03516160928274862}","{""intercept"": 125.82592370940513, ""slope"": -0.03516160928274862}",200,800-1000,800,1000
Men,Distance,1500m,5000m,57,binned_ratio,21.8082,12.3266,9.4816,"{""edges"": [235.4, 237.23, 239.45, 240.61, 242.32, 244.13, 246.05, 250.84, 270.21], ""ratios"": [3.860750764987286, 3.857124767854128, 3.7982830820770515, 3.7952092328130194, 3.80824305814967, 3.786261418096916, 3.6574278472733215, 3.570084516026152, 4.340809000407091]}",9 bins (see JSON),200,800-1000,800,1000
Men,Distance,5000m,800m,24,knn_median,3.0955,2.23,0.8655,"{""k"": 20, ""n_train"": 24}",k=20 nearest neighbors,200,800-1000,800,1000
Men,Distance,5000m,1500m,57,knn_median,3.8002,3.165,0.6352,"{""k"": 20, ""n_train"": 57}",k=20 nearest neighbors,200,800-1000,800,1000
Women,Distance,800m,1500m,25,binned_ratio,4.5746,3.3009,1.2737,"{""edges"": [137.34, 140.13, 142.36, 143.5, 145.24, 147.0, 147.34, 150.13, 155.82999999999998], ""ratios"": [2.101094470046083, 2.0044074784957697, 2.06401287253393, 2.026604287410097, 2.0143820533993946, 1.9822448979591836, 1.9790907864562257, 1.9674282288683143, 1.888532375024065]}",9 bins (see JSON),200,800-1000,800,1000
Women,Distance,1500m,800m,25,median_ratio,2.7243,1.9855,0.7388,"{""ratio"": 0.4990336690062049}",x × 0.4990,200,800-1000,800,1000
Men,Sprints,100m,200m,70,knn_median,0.2245,0.2075,0.017,"{""k"": 20, ""n_train"": 70}",k=20 nearest neighbors,200,850-1050,850,1050
Men,Sprints,200m,100m,70,knn_median,0.1174,0.1,0.0174,"{""k"": 20, ""n_train"": 70}",k=20 nearest neighbors,200,850-1050,850,1050
Men,Sprints,200m,400m,28,robust_trimmed_linear,0.826,0.5505,0.2755,"{""intercept"": 47.80578201732799, ""slope"": 0.09003684059582313}","{""intercept"": 47.80578201732799, ""slope"": 0.09003684059582313}",200,850-1050,850,1050
Men,Sprints,400m,200m,28,knn_median,0.3078,0.275,0.0328,"{""k"": 20, ""n_train"": 28}",k=20 nearest neighbors,200,850-1050,850,1050
Women,Sprints,100m,200m,25,binned_ratio,0.5255,0.412,0.1135,"{""edges"": [12.2, 12.34, 12.47, 12.53, 12.64, 12.7, 12.84, 13.05, 13.16], ""ratios"": [2.0798045602605866, 2.104501607717042, 2.1539695268644747, 2.086124401913876, 2.094220110847189, 2.104559748427673, 2.00855365474339, 2.025855513307985, 2.026595744680851]}",9 bins (see JSON),200,850-1050,850,1050
Women,Sprints,200m,100m,25,binned_ratio,0.2394,0.1467,0.0927,"{""edges"": [25.05, 25.58, 25.69, 26.16, 26.31, 26.64, 26.77, 26.93, 27.14], ""ratios"": [0.48702594810379235, 0.49921813917122754, 0.48773841961852854, 0.47935779816513757, 0.4815659445077917, 0.49343832020997375, 0.4727000747943157, 0.46465773809523814, 0.4591009579955785]}",9 bins (see JSON),200,850-1050,850,1050
Men,Distance,800m,1500m,44,knn_median,3.6753,2.465,1.2103,"{""k"": 20, ""n_train"": 44}",k=20 nearest neighbors,200,850-1050,850,1050
Men,Distance,1500m,800m,44,log_linear,1.639,1.5521,0.0869,"{""intercept"": 5.302331968251104, ""slope"": -0.09899773630755149}",exp(5.3023 + -0.0990×log(x)),200,850-1050,850,1050
Men,Distance,1500m,5000m,27,log_linear,16.8232,16.5478,0.2755,"{""intercept"": -2.3365663181944587, ""slope"": 1.6723186933522172}",exp(-2.3366 + 1.6723×log(x)),200,850-1050,850,1050
Men,Distance,5000m,1500m,27,quadratic,2.4324,1.8593,0.573,"{""intercept"": 498.79128312252516, ""slope"": -0.6050712483998167, ""quad"": 0.00035018487214485245}",498.7913 + -0.6051×x + 0.000350×x²,200,850-1050,850,1050
Men,Sprints,100m,200m,31,log_linear,0.1172,0.1115,0.0057,"{""intercept"": 3.1838593760823652, ""slope"": -0.03680057138768134}",exp(3.1839 + -0.0368×log(x)),200,900-1100,900,1100
Men,Sprints,200m,100m,31,linear_ols,0.1438,0.1438,0.0,"{""intercept"": 11.400015988876385, ""slope"": -0.02163709208247199}",11.4000 + -0.0216×x,200,900-1100,900,1100
