,result_id,team_id,athlete_id,grade,athlete_id_2,grade_2,athlete_id_3,grade_3,athlete_id_4,grade_4,running_event_id,event_type,result_time,relay_split,relay_split_2,relay_split_3,wind,meet_id,approved,Track_Event_Type,World_Athletics_Points_Men,World_Athletics_Points_Women,Average_Score,gender,is_hidden,sport_id,start_date,end_date,nationals
16,25987,188,3541,,,,,,,,3,,11.50,,,,,339,True,Sprints,742,1091,1287.5,M,False,3,2024-04-14,2024-04-14,False
17,25988,205,3554,,,,,,,,3,,11.58,,,,,339,True,Sprints,720,1075,1257.5,M,False,3,2024-04-14,2024-04-14,False
18,25989,188,3549,,,,,,,,3,,11.78,,,,,339,True,Sprints,668,1034,1185.0,M,False,3,2024-04-14,2024-04-14,False
19,25990,205,5738,,,,,,,,3,,11.91,,,,,339,True,Sprints,635,1007,1138.5,M,False,3,2024-04-14,2024-04-14,False
20,25991,206,4477,,,,,,,,3,,12.08,,,,,339,True,Sprints,593,974,1080.0,M,False,3,2024-04-14,2024-04-14,False
21,25992,199,5028,,,,,,,,3,,12.09,,,,,339,True,Sprints,591,972,1077.0,M,False,3,2024-04-14,2024-04-14,False
22,25993,205,4652,,,,,,,,3,,12.31,,,,,339,True,Sprints,539,929,1003.5,M,False,3,2024-04-14,2024-04-14,False
23,25994,187,7626,,,,,,,,3,,12.37,,,,,339,True,Sprints,525,918,984.0,M,False,3,2024-04-14,2024-04-14,False
24,25995,199,1887,,,,,,,,3,,12.41,,,,,339,True,Sprints,516,910,971.0,M,False,3,2024-04-14,2024-04-14,False
25,25996,174,3580,,,,,,,,3,,12.41,,,,,339,True,Sprints,516,910,971.0,M,False,3,2024-04-14,2024-04-14,False
26,25997,187,7627,,,,,,,,3,,12.51,,,,,339,True,Sprints,494,891,939.5,M,False,3,2024-04-14,2024-04-14,False
27,25998,174,4647,,,,,,,,3,,12.55,,,,,339,True,Sprints,485,884,927.0,M,False,3,2024-04-14,2024-04-14,False
28,25999,188,3547,,,,,,,,3,,12.64,,,,,339,True,Sprints,466,867,899.5,M,False,3,2024-04-14,2024-04-14,False
29,26000,174,4996,,,,,,,,3,,12.67,,,,,339,True,Sprints,459,861,889.5,M,False,3,2024-04-14,2024-04-14,False
30,26001,205,7628,,,,,,,,3,,12.95,,,,,339,True,Sprints,402,810,807.0,M,False,3,2024-04-14,2024-04-14,False
31,26002,173,7629,,,,,,,,3,,13.18,,,,,339,True,Sprints,357,769,741.5,M,False,3,2024-04-14,2024-04-14,False
32,26003,188,3551,,,,,,,,3,,13.22,,,,,339,True,Sprints,350,762,731.0,M,False,3,2024-04-14,2024-04-14,False
33,26004,205,3559,,,,,,,,3,,13.29,,,,,339,True,Sprints,337,750,712.0,M,False,3,2024-04-14,2024-04-14,False
34,26005,173,7630,,,,,,,,3,,13.43,,,,,339,True,Sprints,312,726,675.0,M,False,3,2024-04-14,2024-04-14,False
35,26006,199,5029,,,,,,,,3,,13.65,,,,,339,True,Sprints,274,689,618.5,M,False,3,2024-04-14,2024-04-14,False
148,26044,188,3541,,,,,,,,4,,23.34,,,,,339,True,Sprints,749,1099,1298.5,M,False,3,2024-04-14,2024-04-14,False
149,26045,205,3554,,,,,,,,4,,23.37,,,,,339,True,Sprints,746,1096,1294.0,M,False,3,2024-04-14,2024-04-14,False
150,26046,206,4477,,,,,,,,4,,24.26,,,,,339,True,Sprints,640,1010,1145.0,M,False,3,2024-04-14,2024-04-14,False
151,26047,205,4485,,,,,,,,4,,24.63,,,,,339,True,Sprints,599,975,1086.5,M,False,3,2024-04-14,2024-04-14,False
152,26048,187,7633,,,,,,,,4,,25.06,,,,,339,True,Sprints,552,935,1019.5,M,False,3,2024-04-14,2024-04-14,False
153,26049,188,3547,,,,,,,,4,,25.11,,,,,339,True,Sprints,547,931,1012.5,M,False,3,2024-04-14,2024-04-14,False
154,26050,205,5738,,,,,,,,4,,25.30,,,,,339,True,Sprints,527,913,983.5,M,False,3,2024-04-14,2024-04-14,False
155,26051,187,7626,,,,,,,,4,,25.53,,,,,339,True,Sprints,503,893,949.5,M,False,3,2024-04-14,2024-04-14,False
243,26053,188,4649,,,,,,,,4,,25.56,,,,,339,True,Sprints,500,890,945.0,M,False,3,2024-04-14,2024-04-14,False
244,26054,205,2145,,,,,,,,4,,25.77,,,,,339,True,Sprints,479,871,914.5,M,False,3,2024-04-14,2024-04-14,False
245,26055,199,2139,,,,,,,,4,,25.97,,,,,339,True,Sprints,460,854,887.0,M,False,3,2024-04-14,2024-04-14,False
246,26056,173,7629,,,,,,,,4,,27.47,,,,,339,True,Sprints,326,728,690.0,M,False,3,2024-04-14,2024-04-14,False
247,26057,187,7624,,,,,,,,4,,27.62,,,,,339,True,Sprints,314,715,671.5,M,False,3,2024-04-14,2024-04-14,False
248,26058,173,7630,,,,,,,,4,,27.95,,,,,339,True,Sprints,288,689,632.5,M,False,3,2024-04-14,2024-04-14,False
256,26052,204,930,,,,,,,,4,,25.53,,,,,339,True,Sprints,503,893,949.5,M,False,3,2024-04-14,2024-04-14,False
290,26091,188,3851,,,,,,,,6,,53.22,,,,,339,True,Sprints,678,1079,1217.5,M,False,3,2024-04-14,2024-04-14,False
291,26092,176,2152,,,,,,,,6,,55.55,,,,,339,True,Sprints,560,992,1056.0,M,False,3,2024-04-14,2024-04-14,False
292,26093,205,4485,,,,,,,,6,,55.58,,,,,339,True,Sprints,559,991,1054.5,M,False,3,2024-04-14,2024-04-14,False
293,26094,188,3549,,,,,,,,6,,55.87,,,,,339,True,Sprints,545,981,1035.5,M,False,3,2024-04-14,2024-04-14,False
294,26095,188,4649,,,,,,,,6,,57.37,,,,,339,True,Sprints,477,927,940.5,M,False,3,2024-04-14,2024-04-14,False
295,26096,205,7628,,,,,,,,6,,58.73,,,,,339,True,Sprints,419,880,859.0,M,False,3,2024-04-14,2024-04-14,False
296,26097,188,938,,,,,,,,6,,58.91,,,,,339,True,Sprints,411,874,848.0,M,False,3,2024-04-14,2024-04-14,False
297,26098,188,916,,,,,,,,6,,59.25,,,,,339,True,Sprints,397,862,828.0,M,False,3,2024-04-14,2024-04-14,False
370,17872,88,556,So,,,,,,,6,,59.44,,,,0.0,227,True,Sprints,390,856,818.0,M,False,3,2024-04-06,2024-04-07,True
456,17642,88,4589,So,,,,,,,3,Prelims,13.42,,,,0.0,227,True,Sprints,313,728,677.0,M,False,3,2024-04-06,2024-04-07,True
514,17685,88,5541,Fr,,,,,,,4,Prelims,23.71,,,,0.0,227,True,Sprints,704,1063,1235.5,M,False,3,2024-04-06,2024-04-07,True
529,17817,88,539,Fr,,,,,,,6,,52.88,,,,0.0,227,True,Sprints,696,1092,1242.0,M,False,3,2024-04-06,2024-04-07,True
531,17548,88,5541,Fr,,,,,,,3,Prelims,11.33,,,,0.0,227,True,Sprints,789,1127,1352.5,M,False,3,2024-04-06,2024-04-07,True
1405,20931,88,4073,Fr,,,,,,,4,,22.76,,,,0.0,271,True,Sprints,823,1158,1402.0,M,False,3,2024-04-26,2024-04-27,False
1453,14824,139,4706,,,,,,,,6,,1:00.42,,,,,186,True,Sprints,352,823,763.5,M,False,3,2024-03-16,2024-03-16,False
2732,19073,79,5870,,,,,,,,6,,52.15,,,,,238,True,Sprints,735,1120,1295.0,M,False,3,2024-04-12,2024-04-13,False
11891,14561,15,4060,,,,,,,,6,,58.76,,,,,178,True,Sprints,417,879,856.5,M,False,3,2024-03-08,2024-03-09,False
11893,14563,15,5140,,,,,,,,4,,25.87,,,,,178,True,Sprints,470,863,901.5,M,False,3,2024-03-08,2024-03-09,False
11894,14564,15,5140,,,,,,,,6,,55.36,,,,,178,True,Sprints,570,999,1069.5,M,False,3,2024-03-08,2024-03-09,False
11895,14565,15,4064,,,,,,,,3,,11.99,,,,,178,True,Sprints,615,990,1110.0,M,False,3,2024-03-08,2024-03-09,False
11896,14566,15,4064,,,,,,,,4,,24.62,,,,,178,True,Sprints,600,976,1088.0,M,False,3,2024-03-08,2024-03-09,False
11897,14567,15,4065,,,,,,,,6,,56.84,,,,,178,True,Sprints,500,946,973.0,M,False,3,2024-03-08,2024-03-09,False
11907,14579,19,5146,,,,,,,,3,,11.74,,,,,179,True,Sprints,678,1042,1199.0,M,False,3,2024-03-09,2024-03-09,False
11912,14584,19,5148,,,,,,,,4,,24.46,,,,,179,True,Sprints,618,991,1113.5,M,False,3,2024-03-09,2024-03-09,False
11923,14595,19,5157,,,,,,,,3,,12.60,,,,,179,True,Sprints,474,874,911.0,M,False,3,2024-03-09,2024-03-09,False
11924,14596,19,5157,,,,,,,,4,,25.89,,,,,179,True,Sprints,468,861,898.5,M,False,3,2024-03-09,2024-03-09,False
11926,14598,19,5159,,,,,,,,6,,1:03.87,,,,,179,True,Sprints,233,712,589.0,M,False,3,2024-03-09,2024-03-09,False
11928,14600,19,5160,,,,,,,,3,,12.06,,,,,179,True,Sprints,598,978,1087.0,M,False,3,2024-03-09,2024-03-09,False
11929,14601,19,5160,,,,,,,,4,,24.54,,,,,179,True,Sprints,609,984,1101.0,M,False,3,2024-03-09,2024-03-09,False
11932,14604,19,5162,,,,,,,,3,,12.10,,,,,179,True,Sprints,588,970,1073.0,M,False,3,2024-03-09,2024-03-09,False
11935,14607,19,5165,,,,,,,,3,,12.10,,,,,179,True,Sprints,588,970,1073.0,M,False,3,2024-03-09,2024-03-09,False
11936,14608,19,5165,,,,,,,,4,,24.81,,,,,179,True,Sprints,579,958,1058.0,M,False,3,2024-03-09,2024-03-09,False
11986,14669,94,5184,,,,,,,,3,,13.34,,,,,182,True,Sprints,328,742,699.0,M,False,3,2024-03-15,2024-03-15,False
11995,14680,162,3158,,,,,,,,4,,25.27,,,,,183,True,Sprints,530,916,988.0,M,False,3,2024-03-16,2024-03-16,False
11996,14681,162,3158,,,,,,,,6,,56.99,,,,,183,True,Sprints,494,941,964.5,M,False,3,2024-03-16,2024-03-16,False
12024,14651,88,4073,Fr,,,,,,,3,,11.39,,,,,181,True,Sprints,772,1114,1329.0,M,False,3,2024-03-14,2024-03-16,False
12042,14726,60,4906,,,,,,,,4,,24.35,,,,,185,True,Sprints,630,1001,1130.5,M,False,3,2024-03-16,2024-03-16,False
12043,14727,60,4906,,,,,,,,6,,55.30,,,,,185,True,Sprints,573,1001,1073.5,M,False,3,2024-03-16,2024-03-16,False
12109,14718,60,4903,,,,,,,,4,,25.45,,,,,185,True,Sprints,512,900,962.0,M,False,3,2024-03-16,2024-03-16,False
12112,14806,86,5213,,,,,,,,3,,12.31,,,,,186,True,Sprints,539,929,1003.5,M,False,3,2024-03-16,2024-03-16,False
12113,14807,86,5213,,,,,,,,4,,32.06,,,,,186,True,Sprints,59,404,261.0,M,False,3,2024-03-16,2024-03-16,False
12114,14809,86,3012,,,,,,,,6,,59.71,,,,,186,True,Sprints,379,846,802.0,M,False,3,2024-03-16,2024-03-16,False
12117,14803,63,528,,,,,,,,4,,27.96,,,,,186,True,Sprints,288,688,632.0,M,False,3,2024-03-16,2024-03-16,False
12122,14719,60,4903,,,,,,,,6,,56.97,,,,,185,True,Sprints,495,941,965.5,M,False,3,2024-03-16,2024-03-16,False
12130,14820,86,1609,,,,,,,,6,,1:05.26,,,,,186,True,Sprints,192,670,527.0,M,False,3,2024-03-16,2024-03-16,False
12132,14822,86,2620,,,,,,,,6,,1:04.05,,,,,186,True,Sprints,227,707,580.5,M,False,3,2024-03-16,2024-03-16,False
12135,14826,139,4118,,,,,,,,3,,12.23,,,,,186,True,Sprints,558,944,1030.0,M,False,3,2024-03-16,2024-03-16,False
12138,14829,139,4118,,,,,,,,4,,23.95,,,,,186,True,Sprints,676,1040,1196.0,M,False,3,2024-03-16,2024-03-16,False
12139,14830,139,4356,,,,,,,,3,,12.83,,,,,186,True,Sprints,426,832,842.0,M,False,3,2024-03-16,2024-03-16,False
12148,14840,90,5216,,,,,,,,3,,12.97,,,,,186,True,Sprints,398,807,801.5,M,False,3,2024-03-16,2024-03-16,False
12149,14841,167,5217,,,,,,,,3,,11.58,,,,,186,True,Sprints,720,1075,1257.5,M,False,3,2024-03-16,2024-03-16,False
12153,14845,167,790,,,,,,,,4,,28.82,,,,,186,True,Sprints,226,623,537.5,M,False,3,2024-03-16,2024-03-16,False
12155,14848,167,4437,,,,,,,,3,,12.52,,,,,186,True,Sprints,492,889,936.5,M,False,3,2024-03-16,2024-03-16,False
12156,14849,167,4437,,,,,,,,4,,24.94,,,,,186,True,Sprints,565,946,1038.0,M,False,3,2024-03-16,2024-03-16,False
12160,14853,167,5218,,,,,,,,3,,11.77,,,,,186,True,Sprints,671,1036,1189.0,M,False,3,2024-03-16,2024-03-16,False
12161,14854,167,5218,,,,,,,,4,,22.90,,,,,186,True,Sprints,805,1144,1377.0,M,False,3,2024-03-16,2024-03-16,False
12162,14855,167,4438,,,,,,,,6,,53.00,,,,,186,True,Sprints,689,1088,1233.0,M,False,3,2024-03-16,2024-03-16,False
12169,14862,167,5220,,,,,,,,4,,26.59,,,,,186,True,Sprints,402,800,802.0,M,False,3,2024-03-16,2024-03-16,False
12171,14865,167,4439,,,,,,,,6,,54.57,,,,,186,True,Sprints,608,1028,1122.0,M,False,3,2024-03-16,2024-03-16,False
12172,14867,167,5221,,,,,,,,3,,12.57,,,,,186,True,Sprints,481,880,921.0,M,False,3,2024-03-16,2024-03-16,False
12173,14868,167,5221,,,,,,,,4,,25.14,,,,,186,True,Sprints,544,928,1008.0,M,False,3,2024-03-16,2024-03-16,False
12176,14871,167,5222,,,,,,,,6,,1:01.86,,,,,186,True,Sprints,299,776,687.0,M,False,3,2024-03-16,2024-03-16,False
12177,14872,167,5222,,,,,,,,4,,25.95,,,,,186,True,Sprints,462,856,890.0,M,False,3,2024-03-16,2024-03-16,False
12178,14873,167,5223,,,,,,,,6,,56.93,,,,,186,True,Sprints,496,943,967.5,M,False,3,2024-03-16,2024-03-16,False
12183,14878,167,5226,,,,,,,,6,,54.54,,,,,186,True,Sprints,610,1030,1125.0,M,False,3,2024-03-16,2024-03-16,False
12196,14894,167,4304,,,,,,,,3,,12.49,,,,,186,True,Sprints,498,895,945.5,M,False,3,2024-03-16,2024-03-16,False
12199,14897,167,5232,,,,,,,,3,,12.21,,,,,186,True,Sprints,562,948,1036.0,M,False,3,2024-03-16,2024-03-16,False
12200,14898,167,5232,,,,,,,,6,,54.38,,,,,186,True,Sprints,618,1035,1135.5,M,False,3,2024-03-16,2024-03-16,False
12203,14901,167,5233,,,,,,,,4,,23.64,,,,,186,True,Sprints,713,1070,1248.0,M,False,3,2024-03-16,2024-03-16,False
12204,14902,167,4303,,,,,,,,6,,56.63,,,,,186,True,Sprints,510,953,986.5,M,False,3,2024-03-16,2024-03-16,False
12208,14906,167,5234,,,,,,,,3,,11.57,,,,,186,True,Sprints,723,1077,1261.5,M,False,3,2024-03-16,2024-03-16,False
12209,14907,167,5234,,,,,,,,4,,23.52,,,,,186,True,Sprints,727,1082,1268.0,M,False,3,2024-03-16,2024-03-16,False
12211,14909,167,5235,,,,,,,,3,,12.21,,,,,186,True,Sprints,562,948,1036.0,M,False,3,2024-03-16,2024-03-16,False
12212,14910,167,5235,,,,,,,,4,,24.43,,,,,186,True,Sprints,621,994,1118.0,M,False,3,2024-03-16,2024-03-16,False
12216,14914,167,5238,,,,,,,,3,,11.34,,,,,186,True,Sprints,786,1125,1348.5,M,False,3,2024-03-16,2024-03-16,False
12217,14915,167,5238,,,,,,,,4,,22.27,,,,,186,True,Sprints,887,1208,1491.0,M,False,3,2024-03-16,2024-03-16,False
12220,14833,88,529,So,,,,,,,6,,1:01.76,,,,,186,True,Sprints,303,779,692.5,M,False,3,2024-03-16,2024-03-16,False
12222,14919,167,5240,,,,,,,,3,,12.39,,,,,186,True,Sprints,521,914,978.0,M,False,3,2024-03-16,2024-03-16,False
12223,14920,167,5240,,,,,,,,4,,24.89,,,,,186,True,Sprints,570,951,1045.5,M,False,3,2024-03-16,2024-03-16,False
12231,14929,167,5243,,,,,,,,3,,11.58,,,,,186,True,Sprints,720,1075,1257.5,M,False,3,2024-03-16,2024-03-16,False
12232,14930,167,5244,,,,,,,,4,,23.11,,,,,186,True,Sprints,778,1122,1339.0,M,False,3,2024-03-16,2024-03-16,False
12236,14934,167,5246,,,,,,,,3,,11.52,,,,,186,True,Sprints,736,1087,1279.5,M,False,3,2024-03-16,2024-03-16,False
12248,14948,167,5250,,,,,,,,4,,23.57,,,,,186,True,Sprints,721,1077,1259.5,M,False,3,2024-03-16,2024-03-16,False
12250,14950,167,754,,,,,,,,3,,14.00,,,,,186,True,Sprints,220,633,536.5,M,False,3,2024-03-16,2024-03-16,False
12252,14952,167,754,,,,,,,,6,,1:05.50,,,,,186,True,Sprints,185,663,516.5,M,False,3,2024-03-16,2024-03-16,False
12260,14961,167,5252,,,,,,,,4,,23.26,,,,,186,True,Sprints,759,1107,1312.5,M,False,3,2024-03-16,2024-03-16,False
12264,14965,167,673,,,,,,,,3,,13.24,,,,,186,True,Sprints,346,759,725.5,M,False,3,2024-03-16,2024-03-16,False
12267,14969,168,671,,,,,,,,6,,1:00.59,,,,,186,True,Sprints,345,817,753.5,M,False,3,2024-03-16,2024-03-16,False
12268,14970,168,701,,,,,,,,6,,55.25,,,,,186,True,Sprints,575,1003,1076.5,M,False,3,2024-03-16,2024-03-16,False
12272,14974,73,5256,,,,,,,,3,,11.76,,,,,186,True,Sprints,673,1038,1192.0,M,False,3,2024-03-16,2024-03-16,False
12273,14975,73,5257,,,,,,,,3,,11.83,,,,,186,True,Sprints,655,1023,1166.5,M,False,3,2024-03-16,2024-03-16,False
12274,14976,73,5258,,,,,,,,3,,12.16,,,,,186,True,Sprints,574,958,1053.0,M,False,3,2024-03-16,2024-03-16,False
12275,14977,73,5259,,,,,,,,3,,13.89,,,,,186,True,Sprints,236,650,561.0,M,False,3,2024-03-16,2024-03-16,False
12277,14979,73,5259,,,,,,,,4,,23.35,,,,,186,True,Sprints,748,1098,1297.0,M,False,3,2024-03-16,2024-03-16,False
12278,14980,73,5257,,,,,,,,4,,24.13,,,,,186,True,Sprints,655,1022,1166.0,M,False,3,2024-03-16,2024-03-16,False
12279,14981,73,5258,,,,,,,,4,,24.60,,,,,186,True,Sprints,602,978,1091.0,M,False,3,2024-03-16,2024-03-16,False
12297,15000,69,4342,,,,,,,,4,,23.75,,,,,187,True,Sprints,700,1059,1229.5,M,False,3,2024-03-16,2024-03-16,False
12298,15001,69,4342,,,,,,,,6,,54.09,,,,,187,True,Sprints,633,1046,1156.0,M,False,3,2024-03-16,2024-03-16,False
12301,15004,69,2616,,,,,,,,4,,26.09,,,,,187,True,Sprints,448,843,869.5,M,False,3,2024-03-16,2024-03-16,False
12302,15005,69,2616,,,,,,,,6,,59.41,,,,,187,True,Sprints,391,857,819.5,M,False,3,2024-03-16,2024-03-16,False
12362,15070,159,2182,,,,,,,,4,,23.48,,,,,188,True,Sprints,732,1086,1275.0,M,False,3,2024-03-16,2024-03-16,False
12363,15071,159,2182,,,,,,,,6,,52.53,,,,,188,True,Sprints,714,1106,1267.0,M,False,3,2024-03-16,2024-03-16,False
12364,15072,159,5270,,,,,,,,3,,12.26,,,,,188,True,Sprints,551,939,1020.5,M,False,3,2024-03-16,2024-03-16,False
12365,15073,159,5270,,,,,,,,4,,25.53,,,,,188,True,Sprints,503,893,949.5,M,False,3,2024-03-16,2024-03-16,False
12369,15077,146,4150,,,,,,,,6,,52.10,,,,,188,True,Sprints,738,1122,1299.0,M,False,3,2024-03-16,2024-03-16,False
12373,15081,146,3689,,,,,,,,3,,11.43,,,,,188,True,Sprints,761,1106,1314.0,M,False,3,2024-03-16,2024-03-16,False
12376,15084,146,3690,,,,,,,,3,,11.47,,,,,188,True,Sprints,750,1097,1298.5,M,False,3,2024-03-16,2024-03-16,False
12377,15085,146,3690,,,,,,,,4,,22.68,,,,,188,True,Sprints,833,1166,1416.0,M,False,3,2024-03-16,2024-03-16,False
12378,15086,146,1409,,,,,,,,6,,54.65,,,,,188,True,Sprints,604,1025,1116.5,M,False,3,2024-03-16,2024-03-16,False
12379,15087,146,3691,,,,,,,,4,,23.34,,,,,188,True,Sprints,749,1099,1298.5,M,False,3,2024-03-16,2024-03-16,False
12380,15088,146,3691,,,,,,,,6,,52.80,,,,,188,True,Sprints,700,1095,1247.5,M,False,3,2024-03-16,2024-03-16,False
12382,15090,146,3720,,,,,,,,3,,12.26,,,,,188,True,Sprints,551,939,1020.5,M,False,3,2024-03-16,2024-03-16,False
12383,15091,146,3720,,,,,,,,4,,25.78,,,,,188,True,Sprints,478,870,913.0,M,False,3,2024-03-16,2024-03-16,False
12384,15092,146,3721,,,,,,,,3,,12.29,,,,,188,True,Sprints,544,933,1010.5,M,False,3,2024-03-16,2024-03-16,False
12385,15093,146,3721,,,,,,,,4,,25.99,,,,,188,True,Sprints,458,852,884.0,M,False,3,2024-03-16,2024-03-16,False
12386,15094,146,4380,,,,,,,,3,,12.55,,,,,188,True,Sprints,485,884,927.0,M,False,3,2024-03-16,2024-03-16,False
12387,15095,146,4380,,,,,,,,4,,25.94,,,,,188,True,Sprints,463,856,891.0,M,False,3,2024-03-16,2024-03-16,False
12390,15098,146,3696,,,,,,,,4,,23.69,,,,,188,True,Sprints,707,1065,1239.5,M,False,3,2024-03-16,2024-03-16,False
12391,15099,146,3696,,,,,,,,6,,53.51,,,,,188,True,Sprints,662,1068,1196.0,M,False,3,2024-03-16,2024-03-16,False
12393,15101,146,3698,,,,,,,,3,,11.36,,,,,188,True,Sprints,780,1120,1340.0,M,False,3,2024-03-16,2024-03-16,False
12394,15102,146,3698,,,,,,,,4,,23.23,,,,,188,True,Sprints,763,1110,1318.0,M,False,3,2024-03-16,2024-03-16,False
12395,15103,146,3699,,,,,,,,4,,28.17,,,,,188,True,Sprints,272,672,608.0,M,False,3,2024-03-16,2024-03-16,False
12399,15108,146,3701,,,,,,,,3,,11.65,,,,,188,True,Sprints,702,1060,1232.0,M,False,3,2024-03-16,2024-03-16,False
12400,15109,146,3701,,,,,,,,4,,23.24,,,,,188,True,Sprints,762,1109,1316.5,M,False,3,2024-03-16,2024-03-16,False
12401,15110,146,3725,,,,,,,,4,,25.87,,,,,188,True,Sprints,470,863,901.5,M,False,3,2024-03-16,2024-03-16,False
12404,15114,146,3727,,,,,,,,6,,1:05.71,,,,,188,True,Sprints,180,656,508.0,M,False,3,2024-03-16,2024-03-16,False
12405,15115,146,3728,,,,,,,,3,,11.81,,,,,188,True,Sprints,660,1028,1174.0,M,False,3,2024-03-16,2024-03-16,False
12406,15116,146,3728,,,,,,,,4,,24.18,,,,,188,True,Sprints,649,1018,1158.0,M,False,3,2024-03-16,2024-03-16,False
12409,15119,146,4386,,,,,,,,3,,12.12,,,,,188,True,Sprints,584,966,1067.0,M,False,3,2024-03-16,2024-03-16,False
12410,15120,146,4386,,,,,,,,4,,25.04,,,,,188,True,Sprints,554,937,1022.5,M,False,3,2024-03-16,2024-03-16,False
12411,15121,146,3705,,,,,,,,4,,24.43,,,,,188,True,Sprints,621,994,1118.0,M,False,3,2024-03-16,2024-03-16,False
12412,15122,146,3705,,,,,,,,6,,56.48,,,,,188,True,Sprints,517,959,996.5,M,False,3,2024-03-16,2024-03-16,False
12415,15126,146,5273,,,,,,,,4,,27.26,,,,,188,True,Sprints,344,745,716.5,M,False,3,2024-03-16,2024-03-16,False
12416,15127,146,5273,,,,,,,,6,,1:00.05,,,,,188,True,Sprints,366,835,783.5,M,False,3,2024-03-16,2024-03-16,False
12417,15128,146,3729,,,,,,,,6,,52.47,,,,,188,True,Sprints,718,1108,1272.0,M,False,3,2024-03-16,2024-03-16,False
12418,15129,146,4149,,,,,,,,3,,12.85,,,,,188,True,Sprints,422,828,836.0,M,False,3,2024-03-16,2024-03-16,False
12419,15130,146,3730,,,,,,,,3,,12.12,,,,,188,True,Sprints,584,966,1067.0,M,False,3,2024-03-16,2024-03-16,False
12421,15131,146,3730,,,,,,,,4,,24.88,,,,,188,True,Sprints,571,952,1047.0,M,False,3,2024-03-16,2024-03-16,False
12422,15132,146,3708,,,,,,,,3,,11.86,,,,,188,True,Sprints,648,1017,1156.5,M,False,3,2024-03-16,2024-03-16,False
12423,15133,146,3708,,,,,,,,4,,24.11,,,,,188,True,Sprints,657,1024,1169.0,M,False,3,2024-03-16,2024-03-16,False
12424,15134,146,3709,,,,,,,,3,,13.49,,,,,188,True,Sprints,301,716,659.0,M,False,3,2024-03-16,2024-03-16,False
12435,15145,146,3710,,,,,,,,3,,11.73,,,,,188,True,Sprints,681,1044,1203.0,M,False,3,2024-03-16,2024-03-16,False
12439,15149,146,3734,,,,,,,,3,,11.74,,,,,188,True,Sprints,678,1042,1199.0,M,False,3,2024-03-16,2024-03-16,False
12440,15150,146,5274,,,,,,,,6,,56.09,,,,,188,True,Sprints,535,973,1021.5,M,False,3,2024-03-16,2024-03-16,False
12441,15151,146,4393,,,,,,,,3,,11.43,,,,,188,True,Sprints,761,1106,1314.0,M,False,3,2024-03-16,2024-03-16,False
12442,15152,146,4393,,,,,,,,4,,23.52,,,,,188,True,Sprints,727,1082,1268.0,M,False,3,2024-03-16,2024-03-16,False
12461,15177,116,3942,,,,,,,,4,,24.50,,,,,190,True,Sprints,613,987,1106.5,M,False,3,2024-03-22,2024-03-23,False
12462,15178,116,3942,,,,,,,,6,,54.69,,,,,190,True,Sprints,602,1024,1114.0,M,False,3,2024-03-22,2024-03-23,False
12467,15183,116,3944,,,,,,,,3,,11.34,,,,,190,True,Sprints,786,1125,1348.5,M,False,3,2024-03-22,2024-03-23,False
12468,15184,116,3944,,,,,,,,4,,23.72,,,,,190,True,Sprints,703,1062,1234.0,M,False,3,2024-03-22,2024-03-23,False
12469,15185,116,3945,,,,,,,,3,,12.70,,,,,190,True,Sprints,453,856,881.0,M,False,3,2024-03-22,2024-03-23,False
12470,15186,116,3945,,,,,,,,4,,25.80,,,,,190,True,Sprints,476,869,910.5,M,False,3,2024-03-22,2024-03-23,False
12472,15188,116,458,,,,,,,,6,,59.09,,,,,190,True,Sprints,404,867,837.5,M,False,3,2024-03-22,2024-03-23,False
12474,15190,116,3946,,,,,,,,3,,11.95,,,,,190,True,Sprints,625,999,1124.5,M,False,3,2024-03-22,2024-03-23,False
12475,15191,116,3946,,,,,,,,4,,24.37,,,,,190,True,Sprints,628,1000,1128.0,M,False,3,2024-03-22,2024-03-23,False
12476,15192,116,3946,,,,,,,,6,,53.67,,,,,190,True,Sprints,654,1062,1185.0,M,False,3,2024-03-22,2024-03-23,False
12477,15193,116,4537,,,,,,,,3,,12.65,,,,,190,True,Sprints,463,865,895.5,M,False,3,2024-03-22,2024-03-23,False
12478,15194,116,3949,,,,,,,,4,,25.26,,,,,190,True,Sprints,531,917,989.5,M,False,3,2024-03-22,2024-03-23,False
12479,15195,116,3949,,,,,,,,6,,58.58,,,,,190,True,Sprints,425,885,867.5,M,False,3,2024-03-22,2024-03-23,False
12480,15196,116,4538,,,,,,,,4,,26.56,,,,,190,True,Sprints,405,803,806.5,M,False,3,2024-03-22,2024-03-23,False
12482,15198,116,3952,,,,,,,,3,,12.51,,,,,190,True,Sprints,494,891,939.5,M,False,3,2024-03-22,2024-03-23,False
12565,15291,167,790,,,,,,,,4,,29.22,,,,,193,True,Sprints,199,593,495.5,M,False,3,2024-03-22,2024-03-23,False
12567,15293,167,4437,,,,,,,,3,,12.78,,,,,193,True,Sprints,436,841,856.5,M,False,3,2024-03-22,2024-03-23,False
12571,15297,167,5218,,,,,,,,4,,23.12,,,,,193,True,Sprints,777,1121,1337.5,M,False,3,2024-03-22,2024-03-23,False
12572,15298,167,4438,,,,,,,,4,,23.74,,,,,193,True,Sprints,701,1060,1231.0,M,False,3,2024-03-22,2024-03-23,False
12573,15299,167,4438,,,,,,,,6,,53.03,,,,,193,True,Sprints,688,1086,1231.0,M,False,3,2024-03-22,2024-03-23,False
12576,15302,167,5220,,,,,,,,3,,13.61,,,,,193,True,Sprints,281,696,629.0,M,False,3,2024-03-22,2024-03-23,False
12580,15306,167,4439,,,,,,,,4,,25.28,,,,,193,True,Sprints,529,915,986.5,M,False,3,2024-03-22,2024-03-23,False
12581,15307,167,4439,,,,,,,,6,,54.64,,,,,193,True,Sprints,605,1026,1118.0,M,False,3,2024-03-22,2024-03-23,False
12586,15313,167,5221,,,,,,,,3,,12.61,,,,,193,True,Sprints,472,872,908.0,M,False,3,2024-03-22,2024-03-23,False
12587,15314,167,5221,,,,,,,,4,,25.83,,,,,193,True,Sprints,474,866,907.0,M,False,3,2024-03-22,2024-03-23,False
12590,15317,167,5222,,,,,,,,4,,26.91,,,,,193,True,Sprints,373,773,759.5,M,False,3,2024-03-22,2024-03-23,False
12591,15318,167,5222,,,,,,,,6,,59.70,,,,,193,True,Sprints,379,847,802.5,M,False,3,2024-03-22,2024-03-23,False
12593,15320,167,5226,,,,,,,,3,,12.38,,,,,193,True,Sprints,523,916,981.0,M,False,3,2024-03-22,2024-03-23,False
12594,15321,167,5226,,,,,,,,4,,25.23,,,,,193,True,Sprints,534,920,994.0,M,False,3,2024-03-22,2024-03-23,False
12606,15333,167,5233,,,,,,,,3,,12.15,,,,,193,True,Sprints,576,960,1056.0,M,False,3,2024-03-22,2024-03-23,False
12611,15338,167,5234,,,,,,,,3,,11.80,,,,,193,True,Sprints,663,1030,1178.0,M,False,3,2024-03-22,2024-03-23,False
12612,15339,167,5234,,,,,,,,4,,23.94,,,,,193,True,Sprints,677,1041,1197.5,M,False,3,2024-03-22,2024-03-23,False
12615,15342,167,5235,,,,,,,,3,,12.40,,,,,193,True,Sprints,518,912,974.0,M,False,3,2024-03-22,2024-03-23,False
12624,15349,167,5240,,,,,,,,3,,12.47,,,,,193,True,Sprints,503,899,952.5,M,False,3,2024-03-22,2024-03-23,False
12627,15352,167,5284,,,,,,,,3,,13.28,,,,,193,True,Sprints,339,752,715.0,M,False,3,2024-03-22,2024-03-23,False
12628,15353,167,5284,,,,,,,,4,,27.10,,,,,193,True,Sprints,357,758,736.0,M,False,3,2024-03-22,2024-03-23,False
12633,15358,167,5244,,,,,,,,4,,23.40,,,,,193,True,Sprints,742,1094,1289.0,M,False,3,2024-03-22,2024-03-23,False
12634,15359,167,5244,,,,,,,,6,,52.34,,,,,193,True,Sprints,725,1113,1281.5,M,False,3,2024-03-22,2024-03-23,False
12636,15361,167,5285,,,,,,,,3,,12.37,,,,,193,True,Sprints,525,918,984.0,M,False,3,2024-03-22,2024-03-23,False
12637,15362,167,5285,,,,,,,,4,,25.04,,,,,193,True,Sprints,554,937,1022.5,M,False,3,2024-03-22,2024-03-23,False
12638,15363,167,5246,,,,,,,,3,,11.48,,,,,193,True,Sprints,747,1095,1294.5,M,False,3,2024-03-22,2024-03-23,False
12648,15373,167,5250,,,,,,,,3,,11.87,,,,,193,True,Sprints,645,1015,1152.5,M,False,3,2024-03-22,2024-03-23,False
12721,15450,56,3574,,,,,,,,6,,56.89,,,,,195,True,Sprints,498,944,970.0,M,False,3,2024-03-22,2024-03-23,False
12725,15454,108,3983,,,,,,,,3,,11.20,,,,,195,True,Sprints,825,1154,1402.0,M,False,3,2024-03-22,2024-03-23,False
12726,15455,108,3983,,,,,,,,4,,22.73,,,,,195,True,Sprints,827,1161,1407.5,M,False,3,2024-03-22,2024-03-23,False
12727,15456,108,3642,,,,,,,,3,,11.13,,,,,195,True,Sprints,845,1169,1429.5,M,False,3,2024-03-22,2024-03-23,False
12734,15463,1,3522,,,,,,,,6,,53.81,,,,,195,True,Sprints,647,1057,1175.5,M,False,3,2024-03-22,2024-03-23,False
12736,15465,1,3987,,,,,,,,3,,12.18,,,,,195,True,Sprints,569,954,1046.0,M,False,3,2024-03-22,2024-03-23,False
12737,15466,1,3987,,,,,,,,4,,24.54,,,,,195,True,Sprints,609,984,1101.0,M,False,3,2024-03-22,2024-03-23,False
12743,15472,1,50,,,,,,,,4,,27.68,,,,,195,True,Sprints,309,711,664.5,M,False,3,2024-03-22,2024-03-23,False
12744,15473,1,50,,,,,,,,6,,1:03.52,,,,,195,True,Sprints,244,723,605.5,M,False,3,2024-03-22,2024-03-23,False
12745,15474,1,5291,,,,,,,,3,,12.35,,,,,195,True,Sprints,530,921,990.5,M,False,3,2024-03-22,2024-03-23,False
12746,15475,1,4604,,,,,,,,4,,27.18,,,,,195,True,Sprints,350,751,725.5,M,False,3,2024-03-22,2024-03-23,False
12747,15476,1,4604,,,,,,,,6,,1:03.63,,,,,195,True,Sprints,240,719,599.5,M,False,3,2024-03-22,2024-03-23,False
12756,15487,117,3993,,,,,,,,4,,23.97,,,,,195,True,Sprints,674,1038,1193.0,M,False,3,2024-03-22,2024-03-23,False
12765,15496,117,3996,,,,,,,,4,,23.12,,,,,195,True,Sprints,777,1121,1337.5,M,False,3,2024-03-22,2024-03-23,False
12767,15498,117,3997,,,,,,,,3,,14.19,,,,,195,True,Sprints,193,603,494.5,M,False,3,2024-03-22,2024-03-23,False
12768,15499,117,3997,,,,,,,,4,,28.69,,,,,195,True,Sprints,234,632,550.0,M,False,3,2024-03-22,2024-03-23,False
12769,15500,117,3997,,,,,,,,6,,1:08.73,,,,,195,True,Sprints,107,570,392.0,M,False,3,2024-03-22,2024-03-23,False
12809,15540,60,4906,,,,,,,,4,,24.01,,,,,198,True,Sprints,669,1034,1186.0,M,False,3,2024-03-22,2024-03-23,False
12810,15541,60,4906,,,,,,,,6,,53.49,,,,,198,True,Sprints,663,1069,1197.5,M,False,3,2024-03-22,2024-03-23,False
12816,15547,162,5296,,,,,,,,6,,57.60,,,,,200,True,Sprints,467,919,926.5,M,False,3,2024-03-22,2024-03-23,False
12825,15558,169,4442,,,,,,,,3,,13.41,,,,,200,True,Sprints,315,730,680.0,M,False,3,2024-03-22,2024-03-23,False
12826,15559,169,4451,,,,,,,,6,,53.32,,,,,200,True,Sprints,672,1075,1209.5,M,False,3,2024-03-22,2024-03-23,False
12827,15560,169,4447,,,,,,,,6,,54.16,,,,,200,True,Sprints,629,1044,1151.0,M,False,3,2024-03-22,2024-03-23,False
12828,15561,169,4734,,,,,,,,6,,59.75,,,,,200,True,Sprints,377,845,799.5,M,False,3,2024-03-22,2024-03-23,False
12904,15651,130,2464,,,,,,,,6,,54.76,,,,,202,True,Sprints,599,1021,1109.5,M,False,3,2024-03-23,2024-03-23,False
12908,15655,63,554,,,,,,,,6,,52.34,,,,,202,True,Sprints,725,1113,1281.5,M,False,3,2024-03-23,2024-03-23,False
12910,15657,63,4561,,,,,,,,6,,1:12.23,,,,,202,True,Sprints,46,477,284.5,M,False,3,2024-03-23,2024-03-23,False
12912,15659,138,802,,,,,,,,6,,1:00.69,,,,,202,True,Sprints,341,814,748.0,M,False,3,2024-03-23,2024-03-23,False
12913,15660,138,802,,,,,,,,4,,25.18,,,,,202,True,Sprints,539,924,1001.0,M,False,3,2024-03-23,2024-03-23,False
12930,15671,139,4706,,,,,,,,6,,1:01.52,,,,,202,True,Sprints,311,787,704.5,M,False,3,2024-03-23,2024-03-23,False
12935,15676,139,1589,,,,,,,,6,,59.33,,,,,202,True,Sprints,394,859,823.5,M,False,3,2024-03-23,2024-03-23,False
12936,15677,139,1589,,,,,,,,4,,25.76,,,,,202,True,Sprints,480,872,916.0,M,False,3,2024-03-23,2024-03-23,False
12937,15679,139,5309,,,,,,,,3,,13.93,,,,,202,True,Sprints,230,644,552.0,M,False,3,2024-03-23,2024-03-23,False
12940,15684,139,4348,,,,,,,,6,,58.79,,,,,202,True,Sprints,416,878,855.0,M,False,3,2024-03-23,2024-03-23,False
12947,15691,139,2747,,,,,,,,6,,58.47,,,,,202,True,Sprints,429,889,873.5,M,False,3,2024-03-23,2024-03-23,False
12953,15698,139,4354,,,,,,,,6,,1:08.37,,,,,202,True,Sprints,115,580,405.0,M,False,3,2024-03-23,2024-03-23,False
12957,15704,139,4356,,,,,,,,6,,58.73,,,,,202,True,Sprints,419,880,859.0,M,False,3,2024-03-23,2024-03-23,False
12963,15711,142,765,,,,,,,,6,,1:09.21,,,,,202,True,Sprints,97,557,375.5,M,False,3,2024-03-23,2024-03-23,False
12984,15732,164,5315,,,,,,,,6,,59.23,,,,,202,True,Sprints,398,863,829.5,M,False,3,2024-03-23,2024-03-23,False
12985,15733,164,5315,,,,,,,,4,,26.66,,,,,202,True,Sprints,396,794,793.0,M,False,3,2024-03-23,2024-03-23,False
12996,15744,164,4124,,,,,,,,3,,12.34,,,,,202,True,Sprints,532,923,993.5,M,False,3,2024-03-23,2024-03-23,False
12997,15745,166,3590,,,,,,,,3,,10.66,,,,,202,True,Sprints,986,1273,1622.5,M,False,3,2024-03-23,2024-03-23,False
12998,15746,166,3590,,,,,,,,4,,23.95,,,,,202,True,Sprints,676,1040,1196.0,M,False,3,2024-03-23,2024-03-23,False
13003,15751,166,4728,,,,,,,,6,,58.63,,,,,202,True,Sprints,423,883,864.5,M,False,3,2024-03-23,2024-03-23,False
13005,15753,167,5248,,,,,,,,6,,53.21,,,,,202,True,Sprints,678,1080,1218.0,M,False,3,2024-03-23,2024-03-23,False
13006,15754,132,3173,,,,,,,,6,,57.98,,,,,202,True,Sprints,450,906,903.0,M,False,3,2024-03-23,2024-03-23,False
13011,15761,132,5317,,,,,,,,3,,11.58,,,,,202,True,Sprints,720,1075,1257.5,M,False,3,2024-03-23,2024-03-23,False
13012,15762,132,5317,,,,,,,,4,,24.49,,,,,202,True,Sprints,614,988,1108.0,M,False,3,2024-03-23,2024-03-23,False
13013,15763,132,5318,,,,,,,,6,,54.42,,,,,202,True,Sprints,616,1034,1133.0,M,False,3,2024-03-23,2024-03-23,False
13014,15764,132,5318,,,,,,,,4,,24.87,,,,,202,True,Sprints,572,953,1048.5,M,False,3,2024-03-23,2024-03-23,False
13016,15766,132,678,,,,,,,,6,,52.85,,,,,202,True,Sprints,697,1093,1243.5,M,False,3,2024-03-23,2024-03-23,False
13018,15668,139,1533,,,,,,,,6,,58.20,,,,,202,True,Sprints,441,898,890.0,M,False,3,2024-03-23,2024-03-23,False
13023,15682,139,4347,,,,,,,,6,,59.46,,,,,202,True,Sprints,389,855,816.5,M,False,3,2024-03-23,2024-03-23,False
13024,15683,139,4347,,,,,,,,4,,26.92,,,,,202,True,Sprints,373,773,759.5,M,False,3,2024-03-23,2024-03-23,False
13080,15825,158,2487,,,,,,,,3,,11.98,,,,,206,True,Sprints,618,993,1114.5,M,False,3,2024-03-23,2024-03-23,False
13111,15840,162,3158,,,,,,,,6,,56.30,,,,,200,True,Sprints,525,965,1007.5,M,False,3,2024-03-22,2024-03-23,False
13115,15847,169,4451,,,,,,,,4,,23.95,,,,,200,True,Sprints,676,1040,1196.0,M,False,3,2024-03-22,2024-03-23,False
13116,15848,169,4735,,,,,,,,4,,26.30,,,,,200,True,Sprints,429,825,841.5,M,False,3,2024-03-22,2024-03-23,False
13117,15849,169,4735,,,,,,,,6,,1:00.23,,,,,200,True,Sprints,359,829,773.5,M,False,3,2024-03-22,2024-03-23,False
13118,15850,169,1379,,,,,,,,6,,1:00.56,,,,,200,True,Sprints,346,818,755.0,M,False,3,2024-03-22,2024-03-23,False
13143,15895,73,5258,,,,,,,,4,,24.03,,,,,209,True,Sprints,667,1032,1183.0,M,False,3,2024-03-23,2024-03-23,False
13150,15903,94,5183,,,,,,,,3,,12.05,,,,,209,True,Sprints,601,980,1091.0,M,False,3,2024-03-23,2024-03-23,False
13151,15904,73,5359,,,,,,,,3,,11.76,,,,,209,True,Sprints,673,1038,1192.0,M,False,3,2024-03-23,2024-03-23,False
13152,15905,94,5184,,,,,,,,3,,12.80,,,,,209,True,Sprints,432,837,850.5,M,False,3,2024-03-23,2024-03-23,False
13153,15906,86,2620,,,,,,,,3,,12.85,,,,,209,True,Sprints,422,828,836.0,M,False,3,2024-03-23,2024-03-23,False
13154,15907,73,5258,,,,,,,,3,,11.30,,,,,209,True,Sprints,797,1133,1363.5,M,False,3,2024-03-23,2024-03-23,False
13155,15908,73,5256,,,,,,,,3,,11.37,,,,,209,True,Sprints,777,1118,1336.0,M,False,3,2024-03-23,2024-03-23,False
13156,15909,73,5257,,,,,,,,3,,11.05,,,,,209,True,Sprints,869,1187,1462.5,M,False,3,2024-03-23,2024-03-23,False
13167,15921,73,5256,,,,,,,,4,,25.90,,,,,209,True,Sprints,467,860,897.0,M,False,3,2024-03-23,2024-03-23,False
13168,15922,94,5183,,,,,,,,4,,25.94,,,,,209,True,Sprints,463,856,891.0,M,False,3,2024-03-23,2024-03-23,False
13169,15923,86,2620,,,,,,,,4,,28.02,,,,,209,True,Sprints,283,684,625.0,M,False,3,2024-03-23,2024-03-23,False
13170,15924,94,5184,,,,,,,,4,,27.81,,,,,209,True,Sprints,299,700,649.0,M,False,3,2024-03-23,2024-03-23,False
13171,15925,73,5259,,,,,,,,4,,23.22,,,,,209,True,Sprints,764,1111,1319.5,M,False,3,2024-03-23,2024-03-23,False
13172,15926,73,5257,,,,,,,,4,,23.06,,,,,209,True,Sprints,784,1127,1347.5,M,False,3,2024-03-23,2024-03-23,False
13173,15927,73,5259,,,,,,,,6,,1:10.07,,,,,209,True,Sprints,81,533,347.5,M,False,3,2024-03-23,2024-03-23,False
13174,15928,86,2569,,,,,,,,6,,56.26,,,,,209,True,Sprints,527,967,1010.5,M,False,3,2024-03-23,2024-03-23,False
13175,15929,86,3012,,,,,,,,6,,1:00.09,,,,,209,True,Sprints,364,834,781.0,M,False,3,2024-03-23,2024-03-23,False
13176,15930,86,5361,,,,,,,,6,,1:03.91,,,,,209,True,Sprints,232,711,587.5,M,False,3,2024-03-23,2024-03-23,False
13177,15931,86,2620,,,,,,,,6,,1:07.57,,,,,209,True,Sprints,133,602,434.0,M,False,3,2024-03-23,2024-03-23,False
13178,15932,94,5184,,,,,,,,6,,1:08.08,,,,,209,True,Sprints,121,588,415.0,M,False,3,2024-03-23,2024-03-23,False
13231,15988,171,1183,,,,,,,,6,,59.55,,,,,210,True,Sprints,385,852,811.0,M,False,3,2024-03-24,2024-03-24,False
13236,15995,174,5373,,,,,,,,4,,24.10,,,,,210,True,Sprints,659,1025,1171.5,M,False,3,2024-03-24,2024-03-24,False
13237,15996,174,3580,,,,,,,,3,,12.89,,,,,210,True,Sprints,414,821,824.5,M,False,3,2024-03-24,2024-03-24,False
13238,15997,174,3580,,,,,,,,4,,27.59,,,,,210,True,Sprints,317,718,676.0,M,False,3,2024-03-24,2024-03-24,False
13240,15999,175,5374,,,,,,,,6,,59.98,,,,,210,True,Sprints,368,837,786.5,M,False,3,2024-03-24,2024-03-24,False
13241,16000,175,5001,,,,,,,,6,,59.49,,,,,210,True,Sprints,388,854,815.0,M,False,3,2024-03-24,2024-03-24,False
13242,16001,175,5001,,,,,,,,4,,26.83,,,,,210,True,Sprints,380,780,770.0,M,False,3,2024-03-24,2024-03-24,False
13243,16002,175,5375,,,,,,,,6,,1:05.93,,,,,210,True,Sprints,174,650,499.0,M,False,3,2024-03-24,2024-03-24,False
13244,16003,175,5003,,,,,,,,6,,1:04.17,,,,,210,True,Sprints,224,703,575.5,M,False,3,2024-03-24,2024-03-24,False
13248,16009,188,5012,,,,,,,,4,,25.63,,,,,210,True,Sprints,493,884,935.0,M,False,3,2024-03-24,2024-03-24,False
13249,16010,188,3540,,,,,,,,3,,13.35,,,,,210,True,Sprints,326,740,696.0,M,False,3,2024-03-24,2024-03-24,False
13250,16011,188,3540,,,,,,,,4,,28.46,,,,,210,True,Sprints,251,650,576.0,M,False,3,2024-03-24,2024-03-24,False
13251,16013,188,3541,,,,,,,,3,,11.85,,,,,210,True,Sprints,650,1019,1159.5,M,False,3,2024-03-24,2024-03-24,False
13252,16014,188,3541,,,,,,,,4,,23.86,,,,,210,True,Sprints,687,1048,1211.0,M,False,3,2024-03-24,2024-03-24,False
13257,16020,188,5378,,,,,,,,3,,13.00,,,,,210,True,Sprints,392,801,792.5,M,False,3,2024-03-24,2024-03-24,False
13258,16021,188,5378,,,,,,,,4,,26.81,,,,,210,True,Sprints,382,782,773.0,M,False,3,2024-03-24,2024-03-24,False
13263,16026,188,4222,,,,,,,,4,,28.75,,,,,210,True,Sprints,230,628,544.0,M,False,3,2024-03-24,2024-03-24,False
13264,16027,188,4649,,,,,,,,4,,26.13,,,,,210,True,Sprints,445,840,865.0,M,False,3,2024-03-24,2024-03-24,False
13265,16028,188,5015,,,,,,,,6,,55.73,,,,,210,True,Sprints,552,986,1045.0,M,False,3,2024-03-24,2024-03-24,False
13271,16038,188,5018,,,,,,,,3,,13.78,,,,,210,True,Sprints,253,668,587.0,M,False,3,2024-03-24,2024-03-24,False
13275,16043,188,867,,,,,,,,6,,55.11,,,,,210,True,Sprints,582,1008,1086.0,M,False,3,2024-03-24,2024-03-24,False
13276,16044,188,867,,,,,,,,4,,25.28,,,,,210,True,Sprints,529,915,986.5,M,False,3,2024-03-24,2024-03-24,False
13280,16048,204,3601,,,,,,,,3,,12.42,,,,,210,True,Sprints,514,908,968.0,M,False,3,2024-03-24,2024-03-24,False
13282,16052,204,964,,,,,,,,6,,1:00.72,,,,,210,True,Sprints,340,813,746.5,M,False,3,2024-03-24,2024-03-24,False
13285,16055,204,3605,,,,,,,,3,,12.89,,,,,210,True,Sprints,414,821,824.5,M,False,3,2024-03-24,2024-03-24,False
13287,16057,205,3554,,,,,,,,3,,11.85,,,,,210,True,Sprints,650,1019,1159.5,M,False,3,2024-03-24,2024-03-24,False
13288,16058,205,3554,,,,,,,,4,,24.07,,,,,210,True,Sprints,662,1028,1176.0,M,False,3,2024-03-24,2024-03-24,False
13292,16064,205,4486,,,,,,,,3,,13.31,,,,,210,True,Sprints,333,747,706.5,M,False,3,2024-03-24,2024-03-24,False
13293,16065,205,4487,,,,,,,,3,,13.26,,,,,210,True,Sprints,342,756,720.0,M,False,3,2024-03-24,2024-03-24,False
13295,16067,206,4477,,,,,,,,3,,12.09,,,,,210,True,Sprints,591,972,1077.0,M,False,3,2024-03-24,2024-03-24,False
13296,16068,206,4477,,,,,,,,6,,52.65,,,,,210,True,Sprints,708,1101,1258.5,M,False,3,2024-03-24,2024-03-24,False
13297,16069,206,4477,,,,,,,,4,,25.61,,,,,210,True,Sprints,495,886,938.0,M,False,3,2024-03-24,2024-03-24,False
13315,16051,204,930,,,,,,,,4,,27.47,,,,,210,True,Sprints,326,728,690.0,M,False,3,2024-03-24,2024-03-24,False
13317,16062,205,4485,,,,,,,,3,,12.72,,,,,210,True,Sprints,449,852,875.0,M,False,3,2024-03-24,2024-03-24,False
13319,16016,188,966,,,,,,,,6,,1:01.79,,,,,210,True,Sprints,302,778,691.0,M,False,3,2024-03-24,2024-03-24,False
13325,15990,171,1260,,,,,,,,4,,27.55,,,,,210,True,Sprints,320,721,680.5,M,False,3,2024-03-24,2024-03-24,False
13461,16227,159,5405,,,,,,,,6,,51.97,,,,,214,True,Sprints,745,1127,1308.5,M,False,3,2024-03-30,2024-03-30,False
13462,16228,164,5397,,,,,,,,6,,53.28,,,,,214,True,Sprints,674,1077,1212.5,M,False,3,2024-03-30,2024-03-30,False
13463,16229,159,4358,,,,,,,,6,,53.87,,,,,214,True,Sprints,644,1055,1171.5,M,False,3,2024-03-30,2024-03-30,False
13464,16230,164,5316,,,,,,,,6,,55.32,,,,,214,True,Sprints,572,1001,1072.5,M,False,3,2024-03-30,2024-03-30,False
13465,16231,159,4364,,,,,,,,6,,55.64,,,,,214,True,Sprints,556,989,1050.5,M,False,3,2024-03-30,2024-03-30,False
13466,16232,160,4722,,,,,,,,6,,56.82,,,,,214,True,Sprints,501,947,974.5,M,False,3,2024-03-30,2024-03-30,False
13467,16233,166,4728,,,,,,,,6,,57.21,,,,,214,True,Sprints,484,933,950.5,M,False,3,2024-03-30,2024-03-30,False
13468,16234,159,5414,,,,,,,,6,,57.40,,,,,214,True,Sprints,475,926,938.0,M,False,3,2024-03-30,2024-03-30,False
13469,16235,159,5407,,,,,,,,6,,58.09,,,,,214,True,Sprints,445,902,896.0,M,False,3,2024-03-30,2024-03-30,False
13470,16236,160,2445,,,,,,,,6,,58.48,,,,,214,True,Sprints,429,888,873.0,M,False,3,2024-03-30,2024-03-30,False
13471,16237,139,4706,,,,,,,,6,,59.45,,,,,214,True,Sprints,389,855,816.5,M,False,3,2024-03-30,2024-03-30,False
13472,16238,159,4714,,,,,,,,6,,1:02.06,,,,,214,True,Sprints,292,769,676.5,M,False,3,2024-03-30,2024-03-30,False
13473,16239,137,5408,,,,,,,,6,,1:04.16,,,,,214,True,Sprints,224,703,575.5,M,False,3,2024-03-30,2024-03-30,False
13474,16240,139,4348,,,,,,,,6,,1:04.17,,,,,214,True,Sprints,224,703,575.5,M,False,3,2024-03-30,2024-03-30,False
13475,16241,164,4122,,,,,,,,3,,11.39,,,,,214,True,Sprints,772,1114,1329.0,M,False,3,2024-03-30,2024-03-30,False
13476,16242,164,4124,,,,,,,,3,,11.43,,,,,214,True,Sprints,761,1106,1314.0,M,False,3,2024-03-30,2024-03-30,False
13477,16243,159,5404,,,,,,,,3,,11.75,,,,,214,True,Sprints,676,1040,1196.0,M,False,3,2024-03-30,2024-03-30,False
13478,16244,164,5415,,,,,,,,3,,12.01,,,,,214,True,Sprints,610,988,1104.0,M,False,3,2024-03-30,2024-03-30,False
13479,16245,159,5406,,,,,,,,3,,12.08,,,,,214,True,Sprints,593,974,1080.0,M,False,3,2024-03-30,2024-03-30,False
13480,16246,132,5317,,,,,,,,3,,12.08,,,,,214,True,Sprints,593,974,1080.0,M,False,3,2024-03-30,2024-03-30,False
13481,16247,164,5416,,,,,,,,3,,12.09,,,,,214,True,Sprints,591,972,1077.0,M,False,3,2024-03-30,2024-03-30,False
13482,16248,164,4120,,,,,,,,3,,12.69,,,,,214,True,Sprints,455,857,883.5,M,False,3,2024-03-30,2024-03-30,False
13483,16249,130,5417,,,,,,,,3,,12.84,,,,,214,True,Sprints,424,830,839.0,M,False,3,2024-03-30,2024-03-30,False
13484,16250,132,5418,,,,,,,,3,,16.02,,,,,214,True,Sprints,23,353,199.5,M,False,3,2024-03-30,2024-03-30,False
13520,16291,96,5421,,,,,,,,6,,59.33,,,,,215,True,Sprints,394,859,823.5,M,False,3,2024-03-30,2024-03-30,False
13536,16302,108,3983,,,,,,,,3,,11.15,,,,,215,True,Sprints,840,1165,1422.5,M,False,3,2024-03-30,2024-03-30,False
13537,16303,108,5422,,,,,,,,3,,10.87,,,,,215,True,Sprints,922,1226,1535.0,M,False,3,2024-03-30,2024-03-30,False
13538,16304,108,3642,,,,,,,,3,,11.10,,,,,215,True,Sprints,854,1176,1442.0,M,False,3,2024-03-30,2024-03-30,False
13539,16305,108,3983,,,,,,,,4,,22.41,,,,,215,True,Sprints,869,1194,1466.0,M,False,3,2024-03-30,2024-03-30,False
13540,16306,108,5422,,,,,,,,4,,21.56,,,,,215,True,Sprints,985,1283,1626.5,M,False,3,2024-03-30,2024-03-30,False
13541,16307,108,3642,,,,,,,,4,,22.01,,,,,215,True,Sprints,923,1236,1541.0,M,False,3,2024-03-30,2024-03-30,False
13560,16328,56,3808,,,,,,,,3,,11.51,,,,,216,True,Sprints,739,1089,1283.5,M,False,3,2024-03-30,2024-03-30,False
13561,16329,56,3567,,,,,,,,3,,11.85,,,,,216,True,Sprints,650,1019,1159.5,M,False,3,2024-03-30,2024-03-30,False
13562,16330,56,3801,,,,,,,,3,,12.20,,,,,216,True,Sprints,565,950,1040.0,M,False,3,2024-03-30,2024-03-30,False
13563,16331,56,4456,,,,,,,,3,,12.26,,,,,216,True,Sprints,551,939,1020.5,M,False,3,2024-03-30,2024-03-30,False
13564,16332,56,3576,,,,,,,,4,,23.47,,,,,216,True,Sprints,733,1087,1276.5,M,False,3,2024-03-30,2024-03-30,False
13565,16333,56,3567,,,,,,,,4,,24.09,,,,,216,True,Sprints,660,1026,1173.0,M,False,3,2024-03-30,2024-03-30,False
13566,16334,56,4461,,,,,,,,4,,24.74,,,,,216,True,Sprints,587,965,1069.5,M,False,3,2024-03-30,2024-03-30,False
13567,16335,56,3577,,,,,,,,4,,25.00,,,,,216,True,Sprints,559,941,1029.5,M,False,3,2024-03-30,2024-03-30,False
13568,16336,56,128,,,,,,,,6,,50.28,,,,,216,True,Sprints,841,1194,1438.0,M,False,3,2024-03-30,2024-03-30,False
13569,16338,56,3801,,,,,,,,6,,52.64,,,,,216,True,Sprints,708,1101,1258.5,M,False,3,2024-03-30,2024-03-30,False
13570,16339,56,152,,,,,,,,6,,52.99,,,,,216,True,Sprints,690,1088,1234.0,M,False,3,2024-03-30,2024-03-30,False
13571,16340,56,4460,,,,,,,,6,,53.96,,,,,216,True,Sprints,639,1051,1164.5,M,False,3,2024-03-30,2024-03-30,False
13572,16341,56,3806,,,,,,,,6,,1:12.39,,,,,216,True,Sprints,44,473,280.5,M,False,3,2024-03-30,2024-03-30,False
13585,16337,56,4112,,,,,,,,6,,51.30,,,,,216,True,Sprints,782,1153,1358.5,M,False,3,2024-03-30,2024-03-30,False
13618,16391,85,5443,,,,,,,,3,,11.17,,,,,217,True,Sprints,834,1161,1414.5,M,False,3,2024-03-30,2024-03-30,False
13619,16392,85,5444,,,,,,,,3,,11.40,,,,,217,True,Sprints,769,1112,1325.0,M,False,3,2024-03-30,2024-03-30,False
13620,16393,85,5445,,,,,,,,3,,11.75,,,,,217,True,Sprints,676,1040,1196.0,M,False,3,2024-03-30,2024-03-30,False
13621,16394,85,5446,,,,,,,,3,,11.78,,,,,217,True,Sprints,668,1034,1185.0,M,False,3,2024-03-30,2024-03-30,False
13622,16395,211,5447,,,,,,,,3,,12.21,,,,,217,True,Sprints,562,948,1036.0,M,False,3,2024-03-30,2024-03-30,False
13623,16396,86,2620,,,,,,,,3,,13.39,,,,,217,True,Sprints,319,733,685.5,M,False,3,2024-03-30,2024-03-30,False
13624,16397,211,5448,,,,,,,,3,,12.97,,,,,217,True,Sprints,398,807,801.5,M,False,3,2024-03-30,2024-03-30,False
13625,16398,85,5443,,,,,,,,4,,23.25,,,,,217,True,Sprints,761,1108,1315.0,M,False,3,2024-03-30,2024-03-30,False
13626,16399,85,5444,,,,,,,,4,,23.63,,,,,217,True,Sprints,714,1071,1249.5,M,False,3,2024-03-30,2024-03-30,False
13627,16400,85,5446,,,,,,,,4,,24.39,,,,,217,True,Sprints,625,998,1124.0,M,False,3,2024-03-30,2024-03-30,False
13628,16401,211,5447,,,,,,,,4,,25.03,,,,,217,True,Sprints,555,938,1024.0,M,False,3,2024-03-30,2024-03-30,False
13629,16402,85,5449,,,,,,,,4,,25.83,,,,,217,True,Sprints,474,866,907.0,M,False,3,2024-03-30,2024-03-30,False
13634,16403,212,5450,,,,,,,,4,,28.18,,,,,217,True,Sprints,271,671,606.5,M,False,3,2024-03-30,2024-03-30,False
13635,16404,211,5451,,,,,,,,4,,25.88,,,,,217,True,Sprints,469,862,900.0,M,False,3,2024-03-30,2024-03-30,False
13636,16405,86,2620,,,,,,,,4,,27.92,,,,,217,True,Sprints,291,692,637.0,M,False,3,2024-03-30,2024-03-30,False
13637,16406,86,2569,,,,,,,,6,,55.04,,,,,217,True,Sprints,585,1011,1090.5,M,False,3,2024-03-30,2024-03-30,False
13638,16407,86,3012,,,,,,,,6,,58.86,,,,,217,True,Sprints,413,875,850.5,M,False,3,2024-03-30,2024-03-30,False
13639,16408,212,5450,,,,,,,,6,,1:00.23,,,,,217,True,Sprints,359,829,773.5,M,False,3,2024-03-30,2024-03-30,False
13640,16409,86,1609,,,,,,,,6,,1:03.85,,,,,217,True,Sprints,234,713,590.5,M,False,3,2024-03-30,2024-03-30,False
13641,16410,86,1612,,,,,,,,6,,1:06.08,,,,,217,True,Sprints,170,645,492.5,M,False,3,2024-03-30,2024-03-30,False
13642,16411,211,5448,,,,,,,,6,,56.79,,,,,217,True,Sprints,503,948,977.0,M,False,3,2024-03-30,2024-03-30,False
13643,16412,211,5451,,,,,,,,6,,57.24,,,,,217,True,Sprints,482,932,948.0,M,False,3,2024-03-30,2024-03-30,False
13644,16413,86,1558,,,,,,,,6,,59.61,,,,,217,True,Sprints,383,850,808.0,M,False,3,2024-03-30,2024-03-30,False
13724,16515,146,3719,,,,,,,,3,,11.07,,,,,218,True,Sprints,863,1182,1454.0,M,False,3,2024-03-30,2024-03-30,False
13725,16516,146,3698,,,,,,,,3,,11.13,,,,,218,True,Sprints,845,1169,1429.5,M,False,3,2024-03-30,2024-03-30,False
13726,16517,146,4393,,,,,,,,3,,11.25,,,,,218,True,Sprints,811,1144,1383.0,M,False,3,2024-03-30,2024-03-30,False
13727,16518,146,3689,,,,,,,,3,,11.31,,,,,218,True,Sprints,794,1131,1359.5,M,False,3,2024-03-30,2024-03-30,False
13728,16519,146,3701,,,,,,,,3,,11.36,,,,,218,True,Sprints,780,1120,1340.0,M,False,3,2024-03-30,2024-03-30,False
13729,16520,146,3734,,,,,,,,3,,11.52,,,,,218,True,Sprints,736,1087,1279.5,M,False,3,2024-03-30,2024-03-30,False
13730,16521,146,3723,,,,,,,,4,,22.25,,,,,218,True,Sprints,890,1210,1495.0,M,False,3,2024-03-30,2024-03-30,False
13731,16522,146,3719,,,,,,,,4,,22.41,,,,,218,True,Sprints,869,1194,1466.0,M,False,3,2024-03-30,2024-03-30,False
13732,16523,146,4393,,,,,,,,4,,22.77,,,,,218,True,Sprints,821,1157,1399.5,M,False,3,2024-03-30,2024-03-30,False
13733,16524,146,3701,,,,,,,,4,,22.79,,,,,218,True,Sprints,819,1155,1396.5,M,False,3,2024-03-30,2024-03-30,False
13734,16525,146,3698,,,,,,,,4,,23.01,,,,,218,True,Sprints,791,1132,1357.0,M,False,3,2024-03-30,2024-03-30,False
13735,16526,146,3734,,,,,,,,4,,23.21,,,,,218,True,Sprints,766,1112,1322.0,M,False,3,2024-03-30,2024-03-30,False
13736,16527,146,3723,,,,,,,,6,,49.76,,,,,218,True,Sprints,872,1215,1479.5,M,False,3,2024-03-30,2024-03-30,False
13737,16528,146,3691,,,,,,,,6,,53.89,,,,,218,True,Sprints,643,1054,1170.0,M,False,3,2024-03-30,2024-03-30,False
13738,16529,146,3705,,,,,,,,6,,55.76,,,,,218,True,Sprints,550,985,1042.5,M,False,3,2024-03-30,2024-03-30,False
13788,16585,199,5030,,,,,,,,3,,12.28,,,,,220,True,Sprints,546,935,1013.5,M,False,3,2024-03-30,2024-03-30,False
13789,16586,199,5028,,,,,,,,3,,12.41,,,,,220,True,Sprints,516,910,971.0,M,False,3,2024-03-30,2024-03-30,False
13817,16616,116,3951,,,,,,,,3,,10.64,,,,,221,True,Sprints,993,1277,1631.5,M,False,3,2024-03-30,2024-03-30,False
13818,16617,116,3944,,,,,,,,3,,11.11,,,,,221,True,Sprints,851,1174,1438.0,M,False,3,2024-03-30,2024-03-30,False
13819,16618,116,3952,,,,,,,,3,,12.34,,,,,221,True,Sprints,532,923,993.5,M,False,3,2024-03-30,2024-03-30,False
13820,16619,116,3951,,,,,,,,4,,21.98,,,,,221,True,Sprints,927,1239,1546.5,M,False,3,2024-03-30,2024-03-30,False
13821,16620,116,3944,,,,,,,,4,,22.94,,,,,221,True,Sprints,800,1140,1370.0,M,False,3,2024-03-30,2024-03-30,False
13822,16621,116,3946,,,,,,,,4,,23.34,,,,,221,True,Sprints,749,1099,1298.5,M,False,3,2024-03-30,2024-03-30,False
13823,16622,116,3942,,,,,,,,4,,24.68,,,,,221,True,Sprints,593,970,1078.0,M,False,3,2024-03-30,2024-03-30,False
13824,16623,116,2057,,,,,,,,6,,51.49,,,,,221,True,Sprints,772,1146,1345.0,M,False,3,2024-03-30,2024-03-30,False
13825,16624,116,3946,,,,,,,,6,,51.58,,,,,221,True,Sprints,767,1142,1338.0,M,False,3,2024-03-30,2024-03-30,False
13826,16625,116,3942,,,,,,,,6,,1:00.72,,,,,221,True,Sprints,340,813,746.5,M,False,3,2024-03-30,2024-03-30,False
13849,16648,203,4405,,,,,,,,3,,10.97,,,,,222,True,Sprints,892,1204,1494.0,M,False,3,2024-03-30,2024-03-30,False
13850,16649,203,4413,,,,,,,,3,,11.31,,,,,222,True,Sprints,794,1131,1359.5,M,False,3,2024-03-30,2024-03-30,False
13851,16650,203,4414,,,,,,,,6,,52.11,,,,,222,True,Sprints,737,1122,1298.0,M,False,3,2024-03-30,2024-03-30,False
13907,16708,124,3843,,,,,,,,3,,10.88,,,,,223,True,Sprints,919,1224,1531.0,M,False,3,2024-03-30,2024-03-30,False
13908,16710,124,5498,,,,,,,,3,,13.41,,,,,223,True,Sprints,315,730,680.0,M,False,3,2024-03-30,2024-03-30,False
13909,16711,124,3846,,,,,,,,4,,21.83,,,,,223,True,Sprints,947,1255,1574.5,M,False,3,2024-03-30,2024-03-30,False
13910,16712,124,3843,,,,,,,,4,,22.06,,,,,223,True,Sprints,916,1230,1531.0,M,False,3,2024-03-30,2024-03-30,False
13911,16713,124,3871,,,,,,,,4,,22.70,,,,,223,True,Sprints,831,1164,1413.0,M,False,3,2024-03-30,2024-03-30,False
13912,16715,124,3838,,,,,,,,4,,24.42,,,,,223,True,Sprints,622,995,1119.5,M,False,3,2024-03-30,2024-03-30,False
13913,16716,124,2883,,,,,,,,4,,24.49,,,,,223,True,Sprints,614,988,1108.0,M,False,3,2024-03-30,2024-03-30,False
13914,16717,124,2858,,,,,,,,4,,24.56,,,,,223,True,Sprints,606,982,1097.0,M,False,3,2024-03-30,2024-03-30,False
13915,16718,124,3841,,,,,,,,4,,33.36,,,,,223,True,Sprints,23,329,187.5,M,False,3,2024-03-30,2024-03-30,False
13916,16719,124,3841,,,,,,,,6,,51.82,,,,,223,True,Sprints,753,1133,1319.5,M,False,3,2024-03-30,2024-03-30,False
13918,16720,124,5499,,,,,,,,6,,54.22,,,,,223,True,Sprints,626,1041,1146.5,M,False,3,2024-03-30,2024-03-30,False
13919,16721,124,3838,,,,,,,,6,,55.85,,,,,223,True,Sprints,546,981,1036.5,M,False,3,2024-03-30,2024-03-30,False
13920,16722,124,2883,,,,,,,,6,,55.86,,,,,223,True,Sprints,546,981,1036.5,M,False,3,2024-03-30,2024-03-30,False
13952,16760,120,344,,,,,,,,6,,1:00.31,,,,,223,True,Sprints,356,826,769.0,M,False,3,2024-03-30,2024-03-30,False
13953,16761,120,4010,,,,,,,,6,,1:06.17,,,,,223,True,Sprints,167,643,488.5,M,False,3,2024-03-30,2024-03-30,False
13979,16789,108,3642,,,,,,,,3,,11.15,,,,,225,True,Sprints,840,1165,1422.5,M,False,3,2024-04-06,2024-04-06,False
13980,16790,108,3983,,,,,,,,3,,11.29,,,,,225,True,Sprints,800,1135,1367.5,M,False,3,2024-04-06,2024-04-06,False
13981,16791,108,3983,,,,,,,,4,,23.00,,,,,225,True,Sprints,792,1134,1359.0,M,False,3,2024-04-06,2024-04-06,False
13994,16805,60,3393,,,,,,,,6,,53.73,,,,,226,True,Sprints,651,1060,1181.0,M,False,3,2024-04-06,2024-04-06,False
14678,17534,56,3578,,,,,,,,3,Prelims,10.89,,,,,227,True,Sprints,916,1222,1527.0,M,False,3,2024-04-06,2024-04-07,True
14679,17535,167,5238,,,,,,,,3,Prelims,11.08,,,,,227,True,Sprints,860,1180,1450.0,M,False,3,2024-04-06,2024-04-07,True
14680,17536,116,3944,,,,,,,,3,Prelims,10.95,,,,,227,True,Sprints,898,1209,1502.5,M,False,3,2024-04-06,2024-04-07,True
14681,17537,124,3843,,,,,,,,3,Prelims,11.20,,,,,227,True,Sprints,825,1154,1402.0,M,False,3,2024-04-06,2024-04-07,True
14682,17538,56,3809,,,,,,,,3,Prelims,11.20,,,,,227,True,Sprints,825,1154,1402.0,M,False,3,2024-04-06,2024-04-07,True
14683,17539,167,5246,,,,,,,,3,Prelims,11.22,,,,,227,True,Sprints,820,1150,1395.0,M,False,3,2024-04-06,2024-04-07,True
14684,17540,203,4405,,,,,,,,3,Prelims,11.15,,,,,227,True,Sprints,840,1165,1422.5,M,False,3,2024-04-06,2024-04-07,True
14685,17541,166,4727,,,,,,,,3,Prelims,11.20,,,,,227,True,Sprints,825,1154,1402.0,M,False,3,2024-04-06,2024-04-07,True
14686,17543,146,3719,,,,,,,,3,Prelims,11.25,,,,,227,True,Sprints,811,1144,1383.0,M,False,3,2024-04-06,2024-04-07,True
14687,17544,17,4206,,,,,,,,3,Prelims,11.25,,,,,227,True,Sprints,811,1144,1383.0,M,False,3,2024-04-06,2024-04-07,True
14688,17545,167,5243,,,,,,,,3,Prelims,11.28,,,,,227,True,Sprints,803,1137,1371.5,M,False,3,2024-04-06,2024-04-07,True
14689,17546,188,3541,,,,,,,,3,Prelims,11.28,,,,,227,True,Sprints,803,1137,1371.5,M,False,3,2024-04-06,2024-04-07,True
14690,17549,202,3513,,,,,,,,3,Prelims,11.35,,,,,227,True,Sprints,783,1123,1344.5,M,False,3,2024-04-06,2024-04-07,True
14691,17542,124,3871,,,,,,,,3,Prelims,11.22,,,,,227,True,Sprints,820,1150,1395.0,M,False,3,2024-04-06,2024-04-07,True
14694,17547,167,5217,,,,,,,,3,Prelims,11.28,,,,,227,True,Sprints,803,1137,1371.5,M,False,3,2024-04-06,2024-04-07,True
14699,17550,117,3996,,,,,,,,3,Prelims,11.35,,,,,227,True,Sprints,783,1123,1344.5,M,False,3,2024-04-06,2024-04-07,True
14700,17551,146,3723,,,,,,,,3,Prelims,11.36,,,,,227,True,Sprints,780,1120,1340.0,M,False,3,2024-04-06,2024-04-07,True
14701,17553,146,4393,,,,,,,,3,Prelims,11.40,,,,,227,True,Sprints,769,1112,1325.0,M,False,3,2024-04-06,2024-04-07,True
14702,17554,166,3590,,,,,,,,3,Prelims,11.41,,,,,227,True,Sprints,766,1110,1321.0,M,False,3,2024-04-06,2024-04-07,True
14703,17555,164,4122,,,,,,,,3,Prelims,11.41,,,,,227,True,Sprints,766,1110,1321.0,M,False,3,2024-04-06,2024-04-07,True
14704,17556,56,4462,,,,,,,,3,Prelims,11.44,,,,,227,True,Sprints,758,1104,1310.0,M,False,3,2024-04-06,2024-04-07,True
14705,17557,146,3690,,,,,,,,3,Prelims,11.47,,,,,227,True,Sprints,750,1097,1298.5,M,False,3,2024-04-06,2024-04-07,True
14706,17558,56,3808,,,,,,,,3,Prelims,11.48,,,,,227,True,Sprints,747,1095,1294.5,M,False,3,2024-04-06,2024-04-07,True
14707,17559,167,5218,,,,,,,,3,Prelims,11.48,,,,,227,True,Sprints,747,1095,1294.5,M,False,3,2024-04-06,2024-04-07,True
14708,17560,61,2289,,,,,,,,3,Prelims,11.53,,,,,227,True,Sprints,734,1085,1276.5,M,False,3,2024-04-06,2024-04-07,True
14709,17561,56,5543,,,,,,,,3,Prelims,11.53,,,,,227,True,Sprints,734,1085,1276.5,M,False,3,2024-04-06,2024-04-07,True
14710,17562,167,5234,,,,,,,,3,Prelims,11.58,,,,,227,True,Sprints,720,1075,1257.5,M,False,3,2024-04-06,2024-04-07,True
14711,17563,159,4375,,,,,,,,3,Prelims,11.60,,,,,227,True,Sprints,715,1070,1250.0,M,False,3,2024-04-06,2024-04-07,True
14712,17564,169,4451,,,,,,,,3,Prelims,11.61,,,,,227,True,Sprints,712,1068,1246.0,M,False,3,2024-04-06,2024-04-07,True
14713,17565,203,4413,,,,,,,,3,Prelims,11.66,,,,,227,True,Sprints,699,1058,1228.0,M,False,3,2024-04-06,2024-04-07,True
14714,17566,116,3946,,,,,,,,3,Prelims,11.68,,,,,227,True,Sprints,694,1054,1221.0,M,False,3,2024-04-06,2024-04-07,True
14715,17567,95,5544,,,,,,,,3,Prelims,11.68,,,,,227,True,Sprints,694,1054,1221.0,M,False,3,2024-04-06,2024-04-07,True
14716,17568,158,3680,,,,,,,,3,Prelims,11.69,,,,,227,True,Sprints,691,1052,1217.0,M,False,3,2024-04-06,2024-04-07,True
14717,17569,203,4426,,,,,,,,3,Prelims,11.71,,,,,227,True,Sprints,686,1048,1210.0,M,False,3,2024-04-06,2024-04-07,True
14718,17570,124,3836,,,,,,,,3,Prelims,11.71,,,,,227,True,Sprints,686,1048,1210.0,M,False,3,2024-04-06,2024-04-07,True
14719,17571,146,3701,,,,,,,,3,Prelims,11.72,,,,,227,True,Sprints,684,1046,1207.0,M,False,3,2024-04-06,2024-04-07,True
14720,17572,188,3549,,,,,,,,3,Prelims,11.73,,,,,227,True,Sprints,681,1044,1203.0,M,False,3,2024-04-06,2024-04-07,True
14721,17573,56,3570,,,,,,,,3,Prelims,11.76,,,,,227,True,Sprints,673,1038,1192.0,M,False,3,2024-04-06,2024-04-07,True
14722,17574,203,4404,,,,,,,,3,Prelims,11.76,,,,,227,True,Sprints,673,1038,1192.0,M,False,3,2024-04-06,2024-04-07,True
14723,17575,146,3734,,,,,,,,3,Prelims,11.77,,,,,227,True,Sprints,671,1036,1189.0,M,False,3,2024-04-06,2024-04-07,True
14724,17578,167,5252,,,,,,,,3,Prelims,11.81,,,,,227,True,Sprints,660,1028,1174.0,M,False,3,2024-04-06,2024-04-07,True
14725,17577,146,3696,,,,,,,,3,Prelims,11.79,,,,,227,True,Sprints,665,1032,1181.0,M,False,3,2024-04-06,2024-04-07,True
14726,17579,61,4626,,,,,,,,3,Prelims,11.81,,,,,227,True,Sprints,660,1028,1174.0,M,False,3,2024-04-06,2024-04-07,True
14727,17580,146,3689,,,,,,,,3,Prelims,11.81,,,,,227,True,Sprints,660,1028,1174.0,M,False,3,2024-04-06,2024-04-07,True
14728,17581,139,4346,,,,,,,,3,Prelims,11.82,,,,,227,True,Sprints,658,1026,1171.0,M,False,3,2024-04-06,2024-04-07,True
14729,17582,203,5547,,,,,,,,3,Prelims,11.83,,,,,227,True,Sprints,655,1023,1166.5,M,False,3,2024-04-06,2024-04-07,True
14730,17583,146,4149,,,,,,,,3,Prelims,11.84,,,,,227,True,Sprints,653,1021,1163.5,M,False,3,2024-04-06,2024-04-07,True
14731,17584,95,5548,,,,,,,,3,Prelims,11.84,,,,,227,True,Sprints,653,1021,1163.5,M,False,3,2024-04-06,2024-04-07,True
14732,17586,146,4384,,,,,,,,3,Prelims,11.86,,,,,227,True,Sprints,648,1017,1156.5,M,False,3,2024-04-06,2024-04-07,True
14733,17587,159,5550,,,,,,,,3,Prelims,11.87,,,,,227,True,Sprints,645,1015,1152.5,M,False,3,2024-04-06,2024-04-07,True
14734,17588,17,4204,,,,,,,,3,Prelims,11.88,,,,,227,True,Sprints,643,1013,1149.5,M,False,3,2024-04-06,2024-04-07,True
14735,17589,158,3682,,,,,,,,3,Prelims,11.88,,,,,227,True,Sprints,643,1013,1149.5,M,False,3,2024-04-06,2024-04-07,True
14736,17590,188,3854,,,,,,,,3,Prelims,11.94,,,,,227,True,Sprints,628,1001,1128.5,M,False,3,2024-04-06,2024-04-07,True
14737,17591,202,5551,,,,,,,,3,Prelims,11.94,,,,,227,True,Sprints,628,1001,1128.5,M,False,3,2024-04-06,2024-04-07,True
14738,17592,146,3708,,,,,,,,3,Prelims,11.94,,,,,227,True,Sprints,628,1001,1128.5,M,False,3,2024-04-06,2024-04-07,True
14739,17593,146,3728,,,,,,,,3,Prelims,11.95,,,,,227,True,Sprints,625,999,1124.5,M,False,3,2024-04-06,2024-04-07,True
14740,17594,202,5552,,,,,,,,3,Prelims,12.00,,,,,227,True,Sprints,613,990,1108.0,M,False,3,2024-04-06,2024-04-07,True
14741,17595,1,3987,,,,,,,,3,Prelims,12.00,,,,,227,True,Sprints,613,990,1108.0,M,False,3,2024-04-06,2024-04-07,True
14742,17596,56,3801,,,,,,,,3,Prelims,12.02,,,,,227,True,Sprints,608,986,1101.0,M,False,3,2024-04-06,2024-04-07,True
14743,17597,167,5225,,,,,,,,3,Prelims,12.02,,,,,227,True,Sprints,608,986,1101.0,M,False,3,2024-04-06,2024-04-07,True
14744,17598,159,5270,,,,,,,,3,Prelims,12.05,,,,,227,True,Sprints,601,980,1091.0,M,False,3,2024-04-06,2024-04-07,True
14745,17599,124,3830,,,,,,,,3,Prelims,12.05,,,,,227,True,Sprints,601,980,1091.0,M,False,3,2024-04-06,2024-04-07,True
14746,17600,146,4386,,,,,,,,3,Prelims,12.09,,,,,227,True,Sprints,591,972,1077.0,M,False,3,2024-04-06,2024-04-07,True
14747,17601,146,3705,,,,,,,,3,Prelims,12.09,,,,,227,True,Sprints,591,972,1077.0,M,False,3,2024-04-06,2024-04-07,True
14748,17602,159,5406,,,,,,,,3,Prelims,12.11,,,,,227,True,Sprints,586,968,1070.0,M,False,3,2024-04-06,2024-04-07,True
14749,17603,146,3721,,,,,,,,3,Prelims,12.12,,,,,227,True,Sprints,584,966,1067.0,M,False,3,2024-04-06,2024-04-07,True
14750,17604,146,3687,,,,,,,,3,Prelims,12.12,,,,,227,True,Sprints,584,966,1067.0,M,False,3,2024-04-06,2024-04-07,True
14751,17605,202,5553,,,,,,,,3,Prelims,12.13,,,,,227,True,Sprints,581,964,1063.0,M,False,3,2024-04-06,2024-04-07,True
14752,17606,56,3576,,,,,,,,3,Prelims,12.15,,,,,227,True,Sprints,576,960,1056.0,M,False,3,2024-04-06,2024-04-07,True
14753,17607,146,3730,,,,,,,,3,Prelims,12.18,,,,,227,True,Sprints,569,954,1046.0,M,False,3,2024-04-06,2024-04-07,True
14754,17608,73,5256,,,,,,,,3,Prelims,12.20,,,,,227,True,Sprints,565,950,1040.0,M,False,3,2024-04-06,2024-04-07,True
14755,17609,146,1216,,,,,,,,3,Prelims,12.26,,,,,227,True,Sprints,551,939,1020.5,M,False,3,2024-04-06,2024-04-07,True
14756,17610,167,5221,,,,,,,,3,Prelims,12.27,,,,,227,True,Sprints,548,937,1016.5,M,False,3,2024-04-06,2024-04-07,True
14757,17611,199,5030,,,,,,,,3,Prelims,12.34,,,,,227,True,Sprints,532,923,993.5,M,False,3,2024-04-06,2024-04-07,True
14758,17612,203,4424,,,,,,,,3,Prelims,12.37,,,,,227,True,Sprints,525,918,984.0,M,False,3,2024-04-06,2024-04-07,True
14759,17613,146,3725,,,,,,,,3,Prelims,12.38,,,,,227,True,Sprints,523,916,981.0,M,False,3,2024-04-06,2024-04-07,True
14760,17614,146,3720,,,,,,,,3,Prelims,12.39,,,,,227,True,Sprints,521,914,978.0,M,False,3,2024-04-06,2024-04-07,True
14761,17615,203,4415,,,,,,,,3,Prelims,12.41,,,,,227,True,Sprints,516,910,971.0,M,False,3,2024-04-06,2024-04-07,True
14762,17616,146,4380,,,,,,,,3,Prelims,12.41,,,,,227,True,Sprints,516,910,971.0,M,False,3,2024-04-06,2024-04-07,True
14763,17617,56,4463,,,,,,,,3,Prelims,12.44,,,,,227,True,Sprints,509,904,961.0,M,False,3,2024-04-06,2024-04-07,True
14764,17618,158,2466,,,,,,,,3,Prelims,12.44,,,,,227,True,Sprints,509,904,961.0,M,False,3,2024-04-06,2024-04-07,True
14765,17619,146,3685,,,,,,,,3,Prelims,12.45,,,,,227,True,Sprints,507,902,958.0,M,False,3,2024-04-06,2024-04-07,True
14766,17620,167,5240,,,,,,,,3,Prelims,12.47,,,,,227,True,Sprints,503,899,952.5,M,False,3,2024-04-06,2024-04-07,True
14767,17621,202,5554,,,,,,,,3,Prelims,12.51,,,,,227,True,Sprints,494,891,939.5,M,False,3,2024-04-06,2024-04-07,True
14768,17622,56,3577,,,,,,,,3,Prelims,12.52,,,,,227,True,Sprints,492,889,936.5,M,False,3,2024-04-06,2024-04-07,True
14769,17623,158,4691,,,,,,,,3,Prelims,12.57,,,,,227,True,Sprints,481,880,921.0,M,False,3,2024-04-06,2024-04-07,True
14770,17624,167,4437,,,,,,,,3,Prelims,12.58,,,,,227,True,Sprints,479,878,918.0,M,False,3,2024-04-06,2024-04-07,True
14771,17625,146,4148,,,,,,,,3,Prelims,12.60,,,,,227,True,Sprints,474,874,911.0,M,False,3,2024-04-06,2024-04-07,True
14772,17626,167,5284,,,,,,,,3,Prelims,12.60,,,,,227,True,Sprints,474,874,911.0,M,False,3,2024-04-06,2024-04-07,True
14773,17627,202,3514,,,,,,,,3,Prelims,12.62,,,,,227,True,Sprints,470,870,905.0,M,False,3,2024-04-06,2024-04-07,True
14774,17628,124,2858,,,,,,,,3,Prelims,12.62,,,,,227,True,Sprints,470,870,905.0,M,False,3,2024-04-06,2024-04-07,True
14775,17629,95,5555,,,,,,,,3,Prelims,12.64,,,,,227,True,Sprints,466,867,899.5,M,False,3,2024-04-06,2024-04-07,True
14776,17630,199,1890,,,,,,,,3,Prelims,12.65,,,,,227,True,Sprints,463,865,895.5,M,False,3,2024-04-06,2024-04-07,True
14777,17631,159,4373,,,,,,,,3,Prelims,12.70,,,,,227,True,Sprints,453,856,881.0,M,False,3,2024-04-06,2024-04-07,True
14778,17632,203,4421,,,,,,,,3,Prelims,12.72,,,,,227,True,Sprints,449,852,875.0,M,False,3,2024-04-06,2024-04-07,True
14779,17633,61,4045,,,,,,,,3,Prelims,12.73,,,,,227,True,Sprints,446,850,871.0,M,False,3,2024-04-06,2024-04-07,True
14780,17634,203,4427,,,,,,,,3,Prelims,12.77,,,,,227,True,Sprints,438,843,859.5,M,False,3,2024-04-06,2024-04-07,True
14781,17635,164,4120,,,,,,,,3,Prelims,12.78,,,,,227,True,Sprints,436,841,856.5,M,False,3,2024-04-06,2024-04-07,True
14782,17636,159,5556,,,,,,,,3,Prelims,12.82,,,,,227,True,Sprints,428,834,845.0,M,False,3,2024-04-06,2024-04-07,True
14783,17637,146,3699,,,,,,,,3,Prelims,13.18,,,,,227,True,Sprints,357,769,741.5,M,False,3,2024-04-06,2024-04-07,True
14784,17638,167,754,,,,,,,,3,Prelims,13.19,,,,,227,True,Sprints,355,768,739.0,M,False,3,2024-04-06,2024-04-07,True
14785,17639,169,4736,,,,,,,,3,Prelims,13.27,,,,,227,True,Sprints,340,754,717.0,M,False,3,2024-04-06,2024-04-07,True
14786,17640,167,5220,,,,,,,,3,Prelims,13.32,,,,,227,True,Sprints,331,745,703.5,M,False,3,2024-04-06,2024-04-07,True
14787,17641,146,3709,,,,,,,,3,Prelims,13.34,,,,,227,True,Sprints,328,742,699.0,M,False,3,2024-04-06,2024-04-07,True
14788,17643,56,3569,,,,,,,,3,Prelims,13.46,,,,,227,True,Sprints,306,721,666.5,M,False,3,2024-04-06,2024-04-07,True
14789,17644,146,3713,,,,,,,,3,Prelims,13.49,,,,,227,True,Sprints,301,716,659.0,M,False,3,2024-04-06,2024-04-07,True
14790,17645,158,2487,,,,,,,,3,Prelims,14.07,,,,,227,True,Sprints,210,622,521.0,M,False,3,2024-04-06,2024-04-07,True
14791,17646,196,3084,,,,,,,,3,Prelims,14.45,,,,,227,True,Sprints,158,563,439.5,M,False,3,2024-04-06,2024-04-07,True
14792,17552,73,5259,,,,,,,,3,Prelims,11.38,,,,,227,True,Sprints,775,1116,1333.0,M,False,3,2024-04-06,2024-04-07,True
14793,17585,158,4333,,,,,,,,3,Prelims,11.84,,,,,227,True,Sprints,653,1021,1163.5,M,False,3,2024-04-06,2024-04-07,True
14794,17647,159,4361,,,,,,,,3,Prelims,15.32,,,,,227,True,Sprints,68,441,288.5,M,False,3,2024-04-06,2024-04-07,True
14795,17648,56,3578,,,,,,,,3,Finals,10.53,,,,,227,True,Sprints,1027,1302,1678.0,M,False,3,2024-04-06,2024-04-07,True
14796,17649,167,5238,,,,,,,,3,Finals,10.94,,,,,227,True,Sprints,901,1211,1506.5,M,False,3,2024-04-06,2024-04-07,True
14797,17650,116,3944,,,,,,,,3,Finals,10.95,,,,,227,True,Sprints,898,1209,1502.5,M,False,3,2024-04-06,2024-04-07,True
14798,17651,124,3843,,,,,,,,3,Finals,11.06,,,,,227,True,Sprints,866,1185,1458.5,M,False,3,2024-04-06,2024-04-07,True
14799,17652,56,3809,,,,,,,,3,Finals,11.12,,,,,227,True,Sprints,848,1172,1434.0,M,False,3,2024-04-06,2024-04-07,True
14800,17653,167,5246,,,,,,,,3,Finals,11.25,,,,,227,True,Sprints,811,1144,1383.0,M,False,3,2024-04-06,2024-04-07,True
14801,17654,203,4405,,,,,,,,3,Finals,11.36,,,,,227,True,Sprints,780,1120,1340.0,M,False,3,2024-04-06,2024-04-07,True
14802,17655,166,4727,,,,,,,,3,Finals,12.15,,,,,227,True,Sprints,576,960,1056.0,M,False,3,2024-04-06,2024-04-07,True
14803,17656,56,3578,,,,,,,,4,Prelims,21.73,,,,,227,True,Sprints,961,1265,1593.5,M,False,3,2024-04-06,2024-04-07,True
14804,17658,146,3719,,,,,,,,4,Prelims,22.68,,,,,227,True,Sprints,833,1166,1416.0,M,False,3,2024-04-06,2024-04-07,True
14805,17659,203,4509,,,,,,,,4,Prelims,22.64,,,,,227,True,Sprints,838,1170,1423.0,M,False,3,2024-04-06,2024-04-07,True
14806,17660,146,3723,,,,,,,,4,Prelims,22.59,,,,,227,True,Sprints,845,1175,1432.5,M,False,3,2024-04-06,2024-04-07,True
14807,17661,124,3843,,,,,,,,4,Prelims,22.47,,,,,227,True,Sprints,861,1188,1455.0,M,False,3,2024-04-06,2024-04-07,True
14808,17662,202,3513,,,,,,,,4,Prelims,22.74,,,,,227,True,Sprints,825,1160,1405.0,M,False,3,2024-04-06,2024-04-07,True
14809,17663,167,5238,,,,,,,,4,Prelims,22.77,,,,,227,True,Sprints,821,1157,1399.5,M,False,3,2024-04-06,2024-04-07,True
14810,17665,116,3944,,,,,,,,4,Prelims,23.00,,,,,227,True,Sprints,792,1134,1359.0,M,False,3,2024-04-06,2024-04-07,True
14811,17666,56,3809,,,,,,,,4,Prelims,23.04,,,,,227,True,Sprints,787,1129,1351.5,M,False,3,2024-04-06,2024-04-07,True
14812,17667,17,4206,,,,,,,,4,Prelims,23.09,,,,,227,True,Sprints,781,1124,1343.0,M,False,3,2024-04-06,2024-04-07,True
14813,17668,164,4122,,,,,,,,4,Prelims,23.09,,,,,227,True,Sprints,781,1124,1343.0,M,False,3,2024-04-06,2024-04-07,True
14814,17670,146,3690,,,,,,,,4,Prelims,23.16,,,,,227,True,Sprints,772,1117,1330.5,M,False,3,2024-04-06,2024-04-07,True
14815,17671,146,3691,,,,,,,,4,Prelims,23.21,,,,,227,True,Sprints,766,1112,1322.0,M,False,3,2024-04-06,2024-04-07,True
14816,17672,202,3518,,,,,,,,4,Prelims,23.25,,,,,227,True,Sprints,761,1108,1315.0,M,False,3,2024-04-06,2024-04-07,True
14817,17673,146,4147,,,,,,,,4,Prelims,23.29,,,,,227,True,Sprints,756,1104,1308.0,M,False,3,2024-04-06,2024-04-07,True
14818,17674,188,3541,,,,,,,,4,Prelims,23.31,,,,,227,True,Sprints,753,1102,1304.0,M,False,3,2024-04-06,2024-04-07,True
14819,17675,146,3734,,,,,,,,4,Prelims,23.32,,,,,227,True,Sprints,752,1101,1302.5,M,False,3,2024-04-06,2024-04-07,True
14820,17676,116,3946,,,,,,,,4,Prelims,23.34,,,,,227,True,Sprints,749,1099,1298.5,M,False,3,2024-04-06,2024-04-07,True
14821,17677,167,5218,,,,,,,,4,Prelims,23.34,,,,,227,True,Sprints,749,1099,1298.5,M,False,3,2024-04-06,2024-04-07,True
14822,17678,167,5244,,,,,,,,4,Prelims,23.42,,,,,227,True,Sprints,740,1092,1286.0,M,False,3,2024-04-06,2024-04-07,True
14823,17679,159,2182,,,,,,,,4,Prelims,23.43,,,,,227,True,Sprints,738,1091,1283.5,M,False,3,2024-04-06,2024-04-07,True
14824,17680,146,3701,,,,,,,,4,Prelims,23.46,,,,,227,True,Sprints,735,1088,1279.0,M,False,3,2024-04-06,2024-04-07,True
14825,17681,166,3590,,,,,,,,4,Prelims,23.49,,,,,227,True,Sprints,731,1085,1273.5,M,False,3,2024-04-06,2024-04-07,True
14826,17682,203,4430,,,,,,,,4,Prelims,23.52,,,,,227,True,Sprints,727,1082,1268.0,M,False,3,2024-04-06,2024-04-07,True
14827,17683,169,4451,,,,,,,,4,Prelims,23.53,,,,,227,True,Sprints,726,1081,1266.5,M,False,3,2024-04-06,2024-04-07,True
14828,17684,159,4375,,,,,,,,4,Prelims,23.64,,,,,227,True,Sprints,713,1070,1248.0,M,False,3,2024-04-06,2024-04-07,True
14829,17720,73,5257,,,,,,,,4,Prelims,24.46,,,,,227,True,Sprints,618,991,1113.5,M,False,3,2024-04-06,2024-04-07,True
14830,17686,203,4413,,,,,,,,4,Prelims,23.74,,,,,227,True,Sprints,701,1060,1231.0,M,False,3,2024-04-06,2024-04-07,True
14831,17687,167,4438,,,,,,,,4,Prelims,23.75,,,,,227,True,Sprints,700,1059,1229.5,M,False,3,2024-04-06,2024-04-07,True
14832,17688,203,4419,,,,,,,,4,Prelims,23.78,,,,,227,True,Sprints,696,1056,1224.0,M,False,3,2024-04-06,2024-04-07,True
14833,17689,61,2289,,,,,,,,4,Prelims,23.79,,,,,227,True,Sprints,695,1055,1222.5,M,False,3,2024-04-06,2024-04-07,True
14834,17690,202,3509,,,,,,,,4,Prelims,23.83,,,,,227,True,Sprints,690,1051,1215.5,M,False,3,2024-04-06,2024-04-07,True
14835,17691,167,5233,,,,,,,,4,Prelims,23.85,,,,,227,True,Sprints,688,1049,1212.5,M,False,3,2024-04-06,2024-04-07,True
14836,17692,188,3549,,,,,,,,4,Prelims,23.85,,,,,227,True,Sprints,688,1049,1212.5,M,False,3,2024-04-06,2024-04-07,True
14837,17693,146,3708,,,,,,,,4,Prelims,23.87,,,,,227,True,Sprints,685,1047,1208.5,M,False,3,2024-04-06,2024-04-07,True
14838,17694,203,5547,,,,,,,,4,Prelims,23.89,,,,,227,True,Sprints,683,1046,1206.0,M,False,3,2024-04-06,2024-04-07,True
14839,17695,167,5250,,,,,,,,4,Prelims,23.89,,,,,227,True,Sprints,683,1046,1206.0,M,False,3,2024-04-06,2024-04-07,True
14840,17696,188,3854,,,,,,,,4,Prelims,23.91,,,,,227,True,Sprints,681,1044,1203.0,M,False,3,2024-04-06,2024-04-07,True
14841,17697,56,4461,,,,,,,,4,Prelims,23.92,,,,,227,True,Sprints,680,1043,1201.5,M,False,3,2024-04-06,2024-04-07,True
14842,17698,1,3522,,,,,,,,4,Prelims,23.95,,,,,227,True,Sprints,676,1040,1196.0,M,False,3,2024-04-06,2024-04-07,True
14843,17699,95,5548,,,,,,,,4,Prelims,23.97,,,,,227,True,Sprints,674,1038,1193.0,M,False,3,2024-04-06,2024-04-07,True
14844,17700,167,5234,,,,,,,,4,Prelims,23.98,,,,,227,True,Sprints,672,1037,1190.5,M,False,3,2024-04-06,2024-04-07,True
14845,17702,56,5543,,,,,,,,4,Prelims,24.06,,,,,227,True,Sprints,663,1029,1177.5,M,False,3,2024-04-06,2024-04-07,True
14846,17703,202,3512,,,,,,,,4,Prelims,24.10,,,,,227,True,Sprints,659,1025,1171.5,M,False,3,2024-04-06,2024-04-07,True
14847,17706,56,3801,,,,,,,,4,Prelims,24.13,,,,,227,True,Sprints,655,1022,1166.0,M,False,3,2024-04-06,2024-04-07,True
14848,17707,124,3836,,,,,,,,4,Prelims,24.16,,,,,227,True,Sprints,652,1020,1162.0,M,False,3,2024-04-06,2024-04-07,True
14849,17708,56,3576,,,,,,,,4,Prelims,24.18,,,,,227,True,Sprints,649,1018,1158.0,M,False,3,2024-04-06,2024-04-07,True
14850,17709,158,3682,,,,,,,,4,Prelims,24.18,,,,,227,True,Sprints,649,1018,1158.0,M,False,3,2024-04-06,2024-04-07,True
14851,17710,139,4346,,,,,,,,4,Prelims,24.18,,,,,227,True,Sprints,649,1018,1158.0,M,False,3,2024-04-06,2024-04-07,True
14852,17711,146,3728,,,,,,,,4,Prelims,24.19,,,,,227,True,Sprints,648,1017,1156.5,M,False,3,2024-04-06,2024-04-07,True
14853,17712,56,3570,,,,,,,,4,Prelims,24.19,,,,,227,True,Sprints,648,1017,1156.5,M,False,3,2024-04-06,2024-04-07,True
14854,17713,146,4149,,,,,,,,4,Prelims,24.24,,,,,227,True,Sprints,642,1012,1148.0,M,False,3,2024-04-06,2024-04-07,True
14855,17714,116,3942,,,,,,,,4,Prelims,24.27,,,,,227,True,Sprints,639,1009,1143.5,M,False,3,2024-04-06,2024-04-07,True
14856,17715,146,3705,,,,,,,,4,Prelims,24.30,,,,,227,True,Sprints,636,1006,1139.0,M,False,3,2024-04-06,2024-04-07,True
14857,17716,146,3696,,,,,,,,4,Prelims,24.30,,,,,227,True,Sprints,636,1006,1139.0,M,False,3,2024-04-06,2024-04-07,True
14858,17717,146,1216,,,,,,,,4,Prelims,24.33,,,,,227,True,Sprints,632,1003,1133.5,M,False,3,2024-04-06,2024-04-07,True
14859,17718,146,3689,,,,,,,,4,Prelims,24.33,,,,,227,True,Sprints,632,1003,1133.5,M,False,3,2024-04-06,2024-04-07,True
14860,17719,56,3574,,,,,,,,4,Prelims,24.43,,,,,227,True,Sprints,621,994,1118.0,M,False,3,2024-04-06,2024-04-07,True
14861,17721,159,4358,,,,,,,,4,Prelims,24.47,,,,,227,True,Sprints,616,990,1111.0,M,False,3,2024-04-06,2024-04-07,True
14862,17722,146,4384,,,,,,,,4,Prelims,24.47,,,,,227,True,Sprints,616,990,1111.0,M,False,3,2024-04-06,2024-04-07,True
14863,17723,202,5553,,,,,,,,4,Prelims,24.50,,,,,227,True,Sprints,613,987,1106.5,M,False,3,2024-04-06,2024-04-07,True
14864,17724,202,5558,,,,,,,,4,Prelims,24.50,,,,,227,True,Sprints,613,987,1106.5,M,False,3,2024-04-06,2024-04-07,True
14865,17725,202,5552,,,,,,,,4,Prelims,24.55,,,,,227,True,Sprints,607,983,1098.5,M,False,3,2024-04-06,2024-04-07,True
14866,17726,1,3987,,,,,,,,4,Prelims,24.62,,,,,227,True,Sprints,600,976,1088.0,M,False,3,2024-04-06,2024-04-07,True
14867,17727,146,4383,,,,,,,,4,Prelims,24.66,,,,,227,True,Sprints,595,972,1081.0,M,False,3,2024-04-06,2024-04-07,True
14868,17728,203,4423,,,,,,,,4,Prelims,24.69,,,,,227,True,Sprints,592,969,1076.5,M,False,3,2024-04-06,2024-04-07,True
14869,17729,158,3680,,,,,,,,4,Prelims,24.71,,,,,227,True,Sprints,590,968,1074.0,M,False,3,2024-04-06,2024-04-07,True
14870,17730,61,4626,,,,,,,,4,Prelims,24.78,,,,,227,True,Sprints,582,961,1062.5,M,False,3,2024-04-06,2024-04-07,True
14871,17731,159,5550,,,,,,,,4,Prelims,24.83,,,,,227,True,Sprints,577,956,1055.0,M,False,3,2024-04-06,2024-04-07,True
14872,17732,159,5406,,,,,,,,4,Prelims,24.89,,,,,227,True,Sprints,570,951,1045.5,M,False,3,2024-04-06,2024-04-07,True
14873,17733,162,3158,,,,,,,,4,Prelims,24.90,,,,,227,True,Sprints,569,950,1044.0,M,False,3,2024-04-06,2024-04-07,True
14874,17734,124,3838,,,,,,,,4,Prelims,25.02,,,,,227,True,Sprints,556,939,1025.5,M,False,3,2024-04-06,2024-04-07,True
14875,17735,146,4386,,,,,,,,4,Prelims,25.17,,,,,227,True,Sprints,541,925,1003.5,M,False,3,2024-04-06,2024-04-07,True
14876,17736,146,3730,,,,,,,,4,Prelims,25.17,,,,,227,True,Sprints,541,925,1003.5,M,False,3,2024-04-06,2024-04-07,True
14877,17737,202,5559,,,,,,,,4,Prelims,25.18,,,,,227,True,Sprints,539,924,1001.0,M,False,3,2024-04-06,2024-04-07,True
14878,17738,169,4735,,,,,,,,4,Prelims,25.19,,,,,227,True,Sprints,538,923,999.5,M,False,3,2024-04-06,2024-04-07,True
14879,17739,159,5270,,,,,,,,4,Prelims,25.21,,,,,227,True,Sprints,536,922,997.0,M,False,3,2024-04-06,2024-04-07,True
14880,17740,167,4439,,,,,,,,4,Prelims,25.22,,,,,227,True,Sprints,535,921,995.5,M,False,3,2024-04-06,2024-04-07,True
14881,17741,73,5256,,,,,,,,4,Prelims,25.27,,,,,227,True,Sprints,530,916,988.0,M,False,3,2024-04-06,2024-04-07,True
14882,17742,159,789,,,,,,,,4,Prelims,25.28,,,,,227,True,Sprints,529,915,986.5,M,False,3,2024-04-06,2024-04-07,True
14883,17743,117,3996,,,,,,,,4,Prelims,25.30,,,,,227,True,Sprints,527,913,983.5,M,False,3,2024-04-06,2024-04-07,True
14884,17657,124,3871,,,,,,,,4,Prelims,22.74,,,,,227,True,Sprints,825,1160,1405.0,M,False,3,2024-04-06,2024-04-07,True
14885,17669,73,5259,,,,,,,,4,Prelims,23.13,,,,,227,True,Sprints,776,1120,1336.0,M,False,3,2024-04-06,2024-04-07,True
14886,17664,56,4112,,,,,,,,4,Prelims,22.89,,,,,227,True,Sprints,806,1145,1378.5,M,False,3,2024-04-06,2024-04-07,True
14887,17705,56,4457,,,,,,,,4,Prelims,24.13,,,,,227,True,Sprints,655,1022,1166.0,M,False,3,2024-04-06,2024-04-07,True
14888,17701,167,5252,,,,,,,,4,Prelims,24.00,,,,,227,True,Sprints,670,1035,1187.5,M,False,3,2024-04-06,2024-04-07,True
14889,17744,117,4929,,,,,,,,4,Prelims,25.33,,,,,227,True,Sprints,524,911,979.5,M,False,3,2024-04-06,2024-04-07,True
14890,17745,56,4463,,,,,,,,4,Prelims,25.44,,,,,227,True,Sprints,513,901,963.5,M,False,3,2024-04-06,2024-04-07,True
14891,17746,56,3572,,,,,,,,4,Prelims,25.45,,,,,227,True,Sprints,512,900,962.0,M,False,3,2024-04-06,2024-04-07,True
14892,17747,124,3830,,,,,,,,4,Prelims,25.45,,,,,227,True,Sprints,512,900,962.0,M,False,3,2024-04-06,2024-04-07,True
14893,17748,120,344,,,,,,,,4,Prelims,25.49,,,,,227,True,Sprints,508,896,956.0,M,False,3,2024-04-06,2024-04-07,True
14894,17749,203,4415,,,,,,,,4,Prelims,25.49,,,,,227,True,Sprints,508,896,956.0,M,False,3,2024-04-06,2024-04-07,True
14895,17750,203,4424,,,,,,,,4,Prelims,25.54,,,,,227,True,Sprints,502,892,948.0,M,False,3,2024-04-06,2024-04-07,True
14896,17751,167,4437,,,,,,,,4,Prelims,25.56,,,,,227,True,Sprints,500,890,945.0,M,False,3,2024-04-06,2024-04-07,True
14897,17752,122,5560,,,,,,,,4,Prelims,25.57,,,,,227,True,Sprints,499,889,943.5,M,False,3,2024-04-06,2024-04-07,True
14898,17753,146,4387,,,,,,,,4,Prelims,25.57,,,,,227,True,Sprints,499,889,943.5,M,False,3,2024-04-06,2024-04-07,True
14899,17754,167,5239,,,,,,,,4,Prelims,25.61,,,,,227,True,Sprints,495,886,938.0,M,False,3,2024-04-06,2024-04-07,True
14900,17755,146,3720,,,,,,,,4,Prelims,25.64,,,,,227,True,Sprints,492,883,933.5,M,False,3,2024-04-06,2024-04-07,True
14901,17756,158,4337,,,,,,,,4,Prelims,25.70,,,,,227,True,Sprints,486,878,925.0,M,False,3,2024-04-06,2024-04-07,True
14902,17757,199,5028,,,,,,,,4,Prelims,25.76,,,,,227,True,Sprints,480,872,916.0,M,False,3,2024-04-06,2024-04-07,True
14903,17758,167,5226,,,,,,,,4,Prelims,25.80,,,,,227,True,Sprints,476,869,910.5,M,False,3,2024-04-06,2024-04-07,True
14904,17759,167,5221,,,,,,,,4,Prelims,25.83,,,,,227,True,Sprints,474,866,907.0,M,False,3,2024-04-06,2024-04-07,True
14905,17760,203,4408,,,,,,,,4,Prelims,25.83,,,,,227,True,Sprints,474,866,907.0,M,False,3,2024-04-06,2024-04-07,True
14906,17761,167,5240,,,,,,,,4,Prelims,25.84,,,,,227,True,Sprints,473,865,905.5,M,False,3,2024-04-06,2024-04-07,True
14907,17762,146,4380,,,,,,,,4,Prelims,25.87,,,,,227,True,Sprints,470,863,901.5,M,False,3,2024-04-06,2024-04-07,True
14908,17763,158,3674,,,,,,,,4,Prelims,25.90,,,,,227,True,Sprints,467,860,897.0,M,False,3,2024-04-06,2024-04-07,True
14909,17764,164,2742,,,,,,,,4,Prelims,25.99,,,,,227,True,Sprints,458,852,884.0,M,False,3,2024-04-06,2024-04-07,True
14910,17765,159,5556,,,,,,,,4,Prelims,26.01,,,,,227,True,Sprints,456,850,881.0,M,False,3,2024-04-06,2024-04-07,True
14911,17766,146,3685,,,,,,,,4,Prelims,26.03,,,,,227,True,Sprints,454,849,878.5,M,False,3,2024-04-06,2024-04-07,True
14912,17767,56,3577,,,,,,,,4,Prelims,26.09,,,,,227,True,Sprints,448,843,869.5,M,False,3,2024-04-06,2024-04-07,True
14913,17768,146,4148,,,,,,,,4,Prelims,26.14,,,,,227,True,Sprints,444,839,863.5,M,False,3,2024-04-06,2024-04-07,True
14914,17769,158,2466,,,,,,,,4,Prelims,26.23,,,,,227,True,Sprints,435,831,850.5,M,False,3,2024-04-06,2024-04-07,True
14915,17770,95,5555,,,,,,,,4,Prelims,26.24,,,,,227,True,Sprints,434,830,849.0,M,False,3,2024-04-06,2024-04-07,True
14916,17771,167,5284,,,,,,,,4,Prelims,26.24,,,,,227,True,Sprints,434,830,849.0,M,False,3,2024-04-06,2024-04-07,True
14917,17772,61,4045,,,,,,,,4,Prelims,26.32,,,,,227,True,Sprints,427,823,838.5,M,False,3,2024-04-06,2024-04-07,True
14918,17773,158,4691,,,,,,,,4,Prelims,26.33,,,,,227,True,Sprints,426,823,837.5,M,False,3,2024-04-06,2024-04-07,True
14919,17774,203,5037,,,,,,,,4,Prelims,26.47,,,,,227,True,Sprints,413,811,818.5,M,False,3,2024-04-06,2024-04-07,True
14920,17775,158,5561,,,,,,,,4,Prelims,26.51,,,,,227,True,Sprints,409,807,812.5,M,False,3,2024-04-06,2024-04-07,True
14921,17776,158,3681,,,,,,,,4,Prelims,26.70,,,,,227,True,Sprints,392,791,787.5,M,False,3,2024-04-06,2024-04-07,True
14922,17777,120,327,,,,,,,,4,Prelims,26.82,,,,,227,True,Sprints,381,781,771.5,M,False,3,2024-04-06,2024-04-07,True
14923,17778,124,3877,,,,,,,,4,Prelims,26.86,,,,,227,True,Sprints,378,778,767.0,M,False,3,2024-04-06,2024-04-07,True
14924,17781,167,754,,,,,,,,4,Prelims,27.28,,,,,227,True,Sprints,342,743,713.5,M,False,3,2024-04-06,2024-04-07,True
14925,17782,122,5563,,,,,,,,4,Prelims,27.30,,,,,227,True,Sprints,340,741,710.5,M,False,3,2024-04-06,2024-04-07,True
14926,17783,146,3709,,,,,,,,4,Prelims,27.40,,,,,227,True,Sprints,332,733,698.5,M,False,3,2024-04-06,2024-04-07,True
14927,17784,56,3569,,,,,,,,4,Prelims,27.47,,,,,227,True,Sprints,326,728,690.0,M,False,3,2024-04-06,2024-04-07,True
14928,17785,167,5220,,,,,,,,4,Prelims,27.53,,,,,227,True,Sprints,321,723,682.5,M,False,3,2024-04-06,2024-04-07,True
14929,17786,120,4010,,,,,,,,4,Prelims,27.70,,,,,227,True,Sprints,308,709,662.5,M,False,3,2024-04-06,2024-04-07,True
14930,17787,1,50,,,,,,,,4,Prelims,28.02,,,,,227,True,Sprints,283,684,625.0,M,False,3,2024-04-06,2024-04-07,True
14931,17788,169,4736,,,,,,,,4,Prelims,28.38,,,,,227,True,Sprints,256,656,584.0,M,False,3,2024-04-06,2024-04-07,True
14932,17789,124,5564,,,,,,,,4,Prelims,28.62,,,,,227,True,Sprints,239,638,558.0,M,False,3,2024-04-06,2024-04-07,True
14933,17790,159,2759,,,,,,,,4,Prelims,29.01,,,,,227,True,Sprints,213,608,517.0,M,False,3,2024-04-06,2024-04-07,True
14934,17791,158,2487,,,,,,,,4,Prelims,29.23,,,,,227,True,Sprints,199,592,495.0,M,False,3,2024-04-06,2024-04-07,True
14935,17792,167,790,,,,,,,,4,Prelims,29.66,,,,,227,True,Sprints,172,561,452.5,M,False,3,2024-04-06,2024-04-07,True
14936,17793,159,5565,,,,,,,,4,Prelims,30.34,,,,,227,True,Sprints,134,514,391.0,M,False,3,2024-04-06,2024-04-07,True
14937,17794,56,3578,,,,,,,,4,Finals,21.73,,,,,227,True,Sprints,961,1265,1593.5,M,False,3,2024-04-06,2024-04-07,True
14938,17796,146,3719,,,,,,,,4,Finals,22.51,,,,,227,True,Sprints,855,1183,1446.5,M,False,3,2024-04-06,2024-04-07,True
14939,17797,203,4509,,,,,,,,4,Finals,22.59,,,,,227,True,Sprints,845,1175,1432.5,M,False,3,2024-04-06,2024-04-07,True
14940,17798,146,3723,,,,,,,,4,Finals,22.68,,,,,227,True,Sprints,833,1166,1416.0,M,False,3,2024-04-06,2024-04-07,True
14941,17799,124,3843,,,,,,,,4,Finals,22.77,,,,,227,True,Sprints,821,1157,1399.5,M,False,3,2024-04-06,2024-04-07,True
14942,17800,202,3513,,,,,,,,4,Finals,23.30,,,,,227,True,Sprints,754,1103,1305.5,M,False,3,2024-04-06,2024-04-07,True
14943,17801,56,3578,,,,,,,,6,,48.90,,,,,227,True,Sprints,924,1250,1549.0,M,False,3,2024-04-06,2024-04-07,True
14944,17802,146,3723,,,,,,,,6,,50.66,,,,,227,True,Sprints,819,1179,1408.5,M,False,3,2024-04-06,2024-04-07,True
14945,17803,124,3846,,,,,,,,6,,50.96,,,,,227,True,Sprints,802,1167,1385.5,M,False,3,2024-04-06,2024-04-07,True
14946,17804,63,554,,,,,,,,6,,51.27,,,,,227,True,Sprints,784,1155,1361.5,M,False,3,2024-04-06,2024-04-07,True
14947,17805,203,5566,,,,,,,,6,,51.31,,,,,227,True,Sprints,782,1153,1358.5,M,False,3,2024-04-06,2024-04-07,True
14948,17806,146,5567,,,,,,,,6,,52.02,,,,,227,True,Sprints,742,1125,1304.5,M,False,3,2024-04-06,2024-04-07,True
14949,17807,202,3508,,,,,,,,6,,52.15,,,,,227,True,Sprints,735,1120,1295.0,M,False,3,2024-04-06,2024-04-07,True
14950,17808,167,5248,,,,,,,,6,,52.24,,,,,227,True,Sprints,730,1117,1288.5,M,False,3,2024-04-06,2024-04-07,True
14951,17809,203,4430,,,,,,,,6,,52.27,,,,,227,True,Sprints,728,1116,1286.0,M,False,3,2024-04-06,2024-04-07,True
14952,17811,188,3851,,,,,,,,6,,52.54,,,,,227,True,Sprints,714,1105,1266.5,M,False,3,2024-04-06,2024-04-07,True
14953,17812,188,1863,,,,,,,,6,,52.64,,,,,227,True,Sprints,708,1101,1258.5,M,False,3,2024-04-06,2024-04-07,True
14954,17813,159,2182,,,,,,,,6,,52.65,,,,,227,True,Sprints,708,1101,1258.5,M,False,3,2024-04-06,2024-04-07,True
14955,17814,146,3691,,,,,,,,6,,52.70,,,,,227,True,Sprints,705,1099,1254.5,M,False,3,2024-04-06,2024-04-07,True
14956,17815,146,3733,,,,,,,,6,,52.80,,,,,227,True,Sprints,700,1095,1247.5,M,False,3,2024-04-06,2024-04-07,True
14957,17816,146,1216,,,,,,,,6,,52.87,,,,,227,True,Sprints,696,1093,1242.5,M,False,3,2024-04-06,2024-04-07,True
14958,17810,56,4112,,,,,,,,6,,52.54,,,,,227,True,Sprints,714,1105,1266.5,M,False,3,2024-04-06,2024-04-07,True
14959,17819,167,4438,,,,,,,,6,,53.02,,,,,227,True,Sprints,688,1087,1231.5,M,False,3,2024-04-06,2024-04-07,True
14960,17820,164,4122,,,,,,,,6,,53.06,,,,,227,True,Sprints,686,1085,1228.5,M,False,3,2024-04-06,2024-04-07,True
14961,17821,159,4358,,,,,,,,6,,53.12,,,,,227,True,Sprints,683,1083,1224.5,M,False,3,2024-04-06,2024-04-07,True
14962,17822,164,772,,,,,,,,6,,53.18,,,,,227,True,Sprints,680,1081,1220.5,M,False,3,2024-04-06,2024-04-07,True
14963,17823,95,5544,,,,,,,,6,,53.44,,,,,227,True,Sprints,666,1071,1201.5,M,False,3,2024-04-06,2024-04-07,True
14964,17824,56,3801,,,,,,,,6,,53.62,,,,,227,True,Sprints,657,1064,1189.0,M,False,3,2024-04-06,2024-04-07,True
14965,17825,203,4414,,,,,,,,6,,53.86,,,,,227,True,Sprints,644,1055,1171.5,M,False,3,2024-04-06,2024-04-07,True
14966,17826,203,4509,,,,,,,,6,,53.93,,,,,227,True,Sprints,641,1052,1167.0,M,False,3,2024-04-06,2024-04-07,True
14967,17827,202,5558,,,,,,,,6,,54.13,,,,,227,True,Sprints,630,1045,1152.5,M,False,3,2024-04-06,2024-04-07,True
14968,17828,1,3522,,,,,,,,6,,54.32,,,,,227,True,Sprints,621,1038,1140.0,M,False,3,2024-04-06,2024-04-07,True
14969,17829,169,4451,,,,,,,,6,,54.38,,,,,227,True,Sprints,618,1035,1135.5,M,False,3,2024-04-06,2024-04-07,True
14970,17830,61,2289,,,,,,,,6,,54.40,,,,,227,True,Sprints,617,1035,1134.5,M,False,3,2024-04-06,2024-04-07,True
14971,17831,167,5244,,,,,,,,6,,54.49,,,,,227,True,Sprints,612,1031,1127.5,M,False,3,2024-04-06,2024-04-07,True
14972,17832,203,4423,,,,,,,,6,,54.49,,,,,227,True,Sprints,612,1031,1127.5,M,False,3,2024-04-06,2024-04-07,True
14973,17833,79,4579,,,,,,,,6,,54.51,,,,,227,True,Sprints,611,1031,1126.5,M,False,3,2024-04-06,2024-04-07,True
14974,17834,158,3677,,,,,,,,6,,54.68,,,,,227,True,Sprints,603,1024,1115.0,M,False,3,2024-04-06,2024-04-07,True
14975,17835,56,3574,,,,,,,,6,,54.69,,,,,227,True,Sprints,602,1024,1114.0,M,False,3,2024-04-06,2024-04-07,True
14976,17836,188,3547,,,,,,,,6,,54.86,,,,,227,True,Sprints,594,1018,1103.0,M,False,3,2024-04-06,2024-04-07,True
14977,17837,146,3696,,,,,,,,6,,54.88,,,,,227,True,Sprints,593,1017,1101.5,M,False,3,2024-04-06,2024-04-07,True
14978,17838,146,3687,,,,,,,,6,,54.93,,,,,227,True,Sprints,591,1015,1098.5,M,False,3,2024-04-06,2024-04-07,True
14979,17839,162,3158,,,,,,,,6,,54.97,,,,,227,True,Sprints,589,1014,1096.0,M,False,3,2024-04-06,2024-04-07,True
14980,17840,146,3728,,,,,,,,6,,55.00,,,,,227,True,Sprints,587,1013,1093.5,M,False,3,2024-04-06,2024-04-07,True
14981,17841,146,1409,,,,,,,,6,,55.05,,,,,227,True,Sprints,585,1011,1090.5,M,False,3,2024-04-06,2024-04-07,True
14982,17842,116,3942,,,,,,,,6,,55.15,,,,,227,True,Sprints,580,1007,1083.5,M,False,3,2024-04-06,2024-04-07,True
14983,17843,202,3509,,,,,,,,6,,55.56,,,,,227,True,Sprints,560,992,1056.0,M,False,3,2024-04-06,2024-04-07,True
14984,17844,158,3170,,,,,,,,6,,55.59,,,,,227,True,Sprints,559,991,1054.5,M,False,3,2024-04-06,2024-04-07,True
14985,17795,124,3871,,,,,,,,4,Finals,22.49,,,,,227,True,Sprints,858,1186,1451.0,M,False,3,2024-04-06,2024-04-07,True
14986,17780,146,5273,,,,,,,,4,Prelims,27.14,,,,,227,True,Sprints,354,754,731.0,M,False,3,2024-04-06,2024-04-07,True
14987,17779,188,966,,,,,,,,4,Prelims,26.99,,,,,227,True,Sprints,367,767,750.5,M,False,3,2024-04-06,2024-04-07,True
14988,17845,124,2883,,,,,,,,6,,55.67,,,,,227,True,Sprints,555,988,1049.0,M,False,3,2024-04-06,2024-04-07,True
14989,17846,56,4460,,,,,,,,6,,55.71,,,,,227,True,Sprints,553,987,1046.5,M,False,3,2024-04-06,2024-04-07,True
14990,17847,165,400,,,,,,,,6,,55.75,,,,,227,True,Sprints,551,985,1043.5,M,False,3,2024-04-06,2024-04-07,True
14991,17848,146,3705,,,,,,,,6,,55.94,,,,,227,True,Sprints,542,978,1031.0,M,False,3,2024-04-06,2024-04-07,True
14992,17849,146,4147,,,,,,,,6,,56.12,,,,,227,True,Sprints,534,972,1020.0,M,False,3,2024-04-06,2024-04-07,True
14993,17850,202,2916,,,,,,,,6,,56.19,,,,,227,True,Sprints,530,969,1014.5,M,False,3,2024-04-06,2024-04-07,True
14994,17851,146,3700,,,,,,,,6,,56.28,,,,,227,True,Sprints,526,966,1009.0,M,False,3,2024-04-06,2024-04-07,True
14995,17852,159,4364,,,,,,,,6,,56.31,,,,,227,True,Sprints,525,965,1007.5,M,False,3,2024-04-06,2024-04-07,True
14996,17853,169,4735,,,,,,,,6,,56.32,,,,,227,True,Sprints,524,964,1006.0,M,False,3,2024-04-06,2024-04-07,True
14997,17854,146,4396,,,,,,,,6,,56.42,,,,,227,True,Sprints,520,961,1000.5,M,False,3,2024-04-06,2024-04-07,True
14998,17855,104,3772,,,,,,,,6,,56.56,,,,,227,True,Sprints,513,956,991.0,M,False,3,2024-04-06,2024-04-07,True
14999,17856,158,4337,,,,,,,,6,,56.71,,,,,227,True,Sprints,506,950,981.0,M,False,3,2024-04-06,2024-04-07,True
15000,17857,124,3838,,,,,,,,6,,56.83,,,,,227,True,Sprints,501,946,974.0,M,False,3,2024-04-06,2024-04-07,True
15001,17858,162,5296,,,,,,,,6,,57.03,,,,,227,True,Sprints,492,939,961.5,M,False,3,2024-04-06,2024-04-07,True
15002,17859,167,5226,,,,,,,,6,,57.10,,,,,227,True,Sprints,489,937,957.5,M,False,3,2024-04-06,2024-04-07,True
15003,17860,63,5568,,,,,,,,6,,57.27,,,,,227,True,Sprints,481,931,946.5,M,False,3,2024-04-06,2024-04-07,True
15004,17861,124,2867,,,,,,,,6,,57.44,,,,,227,True,Sprints,474,925,936.5,M,False,3,2024-04-06,2024-04-07,True
15005,17862,146,4387,,,,,,,,6,,57.75,,,,,227,True,Sprints,460,914,917.0,M,False,3,2024-04-06,2024-04-07,True
15006,17863,146,4386,,,,,,,,6,,58.05,,,,,227,True,Sprints,447,903,898.5,M,False,3,2024-04-06,2024-04-07,True
15007,17864,116,3949,,,,,,,,6,,58.20,,,,,227,True,Sprints,441,898,890.0,M,False,3,2024-04-06,2024-04-07,True
15008,17865,122,5560,,,,,,,,6,,58.44,,,,,227,True,Sprints,431,890,876.0,M,False,3,2024-04-06,2024-04-07,True
15009,17866,146,3699,,,,,,,,6,,58.65,,,,,227,True,Sprints,422,882,863.0,M,False,3,2024-04-06,2024-04-07,True
15010,17867,139,4348,,,,,,,,6,,58.83,,,,,227,True,Sprints,414,876,852.0,M,False,3,2024-04-06,2024-04-07,True
15011,17868,203,1883,,,,,,,,6,,58.84,,,,,227,True,Sprints,414,876,852.0,M,False,3,2024-04-06,2024-04-07,True
15012,17869,167,4304,,,,,,,,6,,59.04,,,,,227,True,Sprints,406,869,840.5,M,False,3,2024-04-06,2024-04-07,True
15013,17870,164,5315,,,,,,,,6,,59.11,,,,,227,True,Sprints,403,867,836.5,M,False,3,2024-04-06,2024-04-07,True
15014,17871,166,4728,,,,,,,,6,,59.43,,,,,227,True,Sprints,390,856,818.0,M,False,3,2024-04-06,2024-04-07,True
15015,17873,120,344,,,,,,,,6,,59.58,,,,,227,True,Sprints,384,851,809.5,M,False,3,2024-04-06,2024-04-07,True
15016,17874,117,3996,,,,,,,,6,,59.65,,,,,227,True,Sprints,381,848,805.0,M,False,3,2024-04-06,2024-04-07,True
15017,17875,165,401,,,,,,,,6,,59.90,,,,,227,True,Sprints,372,840,792.0,M,False,3,2024-04-06,2024-04-07,True
15018,17876,167,5220,,,,,,,,6,,59.97,,,,,227,True,Sprints,369,838,788.0,M,False,3,2024-04-06,2024-04-07,True
15019,17877,95,5569,,,,,,,,6,,1:00.01,,,,,227,True,Sprints,367,836,785.0,M,False,3,2024-04-06,2024-04-07,True
15020,17878,196,2373,,,,,,,,6,,1:00.38,,,,,227,True,Sprints,353,824,765.0,M,False,3,2024-04-06,2024-04-07,True
15021,17880,203,5037,,,,,,,,6,,1:01.01,,,,,227,True,Sprints,330,803,731.5,M,False,3,2024-04-06,2024-04-07,True
15022,17882,159,761,,,,,,,,6,,1:01.35,,,,,227,True,Sprints,317,792,713.0,M,False,3,2024-04-06,2024-04-07,True
15023,17883,188,3548,,,,,,,,6,,1:01.52,,,,,227,True,Sprints,311,787,704.5,M,False,3,2024-04-06,2024-04-07,True
15024,17884,196,2375,,,,,,,,6,,1:01.63,,,,,227,True,Sprints,307,783,698.5,M,False,3,2024-04-06,2024-04-07,True
15025,17885,96,371,,,,,,,,6,,1:01.73,,,,,227,True,Sprints,304,780,694.0,M,False,3,2024-04-06,2024-04-07,True
15026,17886,164,747,,,,,,,,6,,1:01.76,,,,,227,True,Sprints,303,779,692.5,M,False,3,2024-04-06,2024-04-07,True
15027,17887,61,4045,,,,,,,,6,,1:02.15,,,,,227,True,Sprints,289,766,672.0,M,False,3,2024-04-06,2024-04-07,True
15028,17888,196,2371,,,,,,,,6,,1:02.20,,,,,227,True,Sprints,287,765,669.5,M,False,3,2024-04-06,2024-04-07,True
15029,17889,167,754,,,,,,,,6,,1:02.36,,,,,227,True,Sprints,282,759,661.5,M,False,3,2024-04-06,2024-04-07,True
15030,17890,122,5563,,,,,,,,6,,1:02.76,,,,,227,True,Sprints,268,747,641.5,M,False,3,2024-04-06,2024-04-07,True
15031,17891,146,3709,,,,,,,,6,,1:03.33,,,,,227,True,Sprints,250,729,614.5,M,False,3,2024-04-06,2024-04-07,True
15032,17892,86,1609,,,,,,,,6,,1:03.53,,,,,227,True,Sprints,244,723,605.5,M,False,3,2024-04-06,2024-04-07,True
15033,17893,120,327,,,,,,,,6,,1:04.26,,,,,227,True,Sprints,221,700,571.0,M,False,3,2024-04-06,2024-04-07,True
15034,17894,167,2626,,,,,,,,6,,1:04.60,,,,,227,True,Sprints,211,690,556.0,M,False,3,2024-04-06,2024-04-07,True
15035,17895,124,3877,,,,,,,,6,,1:04.65,,,,,227,True,Sprints,209,688,553.0,M,False,3,2024-04-06,2024-04-07,True
15036,17896,1,50,,,,,,,,6,,1:04.82,,,,,227,True,Sprints,205,683,546.5,M,False,3,2024-04-06,2024-04-07,True
15037,17898,86,1612,,,,,,,,6,,1:05.63,,,,,227,True,Sprints,182,659,511.5,M,False,3,2024-04-06,2024-04-07,True
15038,17899,203,4411,,,,,,,,6,,1:06.58,,,,,227,True,Sprints,157,631,472.5,M,False,3,2024-04-06,2024-04-07,True
15039,17900,159,5565,,,,,,,,6,,1:07.45,,,,,227,True,Sprints,135,606,438.0,M,False,3,2024-04-06,2024-04-07,True
15040,17901,56,3569,,,,,,,,6,,1:08.12,,,,,227,True,Sprints,120,587,413.5,M,False,3,2024-04-06,2024-04-07,True
15041,17902,196,3084,,,,,,,,6,,1:09.06,,,,,227,True,Sprints,100,561,380.5,M,False,3,2024-04-06,2024-04-07,True
15042,17903,159,4361,,,,,,,,6,,1:12.99,,,,,227,True,Sprints,36,458,265.0,M,False,3,2024-04-06,2024-04-07,True
15078,17881,146,5273,,,,,,,,6,,1:01.14,,,,,227,True,Sprints,325,799,724.5,M,False,3,2024-04-06,2024-04-07,True
15088,17879,188,966,,,,,,,,6,,1:00.57,,,,,227,True,Sprints,346,818,755.0,M,False,3,2024-04-06,2024-04-07,True
15089,17897,88,529,So,,,,,,,6,,1:04.93,,,,0.0,227,True,Sprints,201,680,541.0,M,False,3,2024-04-06,2024-04-07,True
15868,18822,44,4135,,,,,,,,3,,11.19,,,,,228,True,Sprints,828,1157,1406.5,M,False,3,2024-04-06,2024-04-06,False
15869,18823,44,4869,,,,,,,,3,,11.58,,,,,228,True,Sprints,720,1075,1257.5,M,False,3,2024-04-06,2024-04-06,False
15870,18824,44,4870,,,,,,,,3,,11.97,,,,,228,True,Sprints,620,995,1117.5,M,False,3,2024-04-06,2024-04-06,False
15871,18825,44,4135,,,,,,,,4,,22.49,,,,,228,True,Sprints,858,1186,1451.0,M,False,3,2024-04-06,2024-04-06,False
15872,18826,44,4869,,,,,,,,4,,24.65,,,,,228,True,Sprints,596,973,1082.5,M,False,3,2024-04-06,2024-04-06,False
15906,18862,49,3784,,,,,,,,3,,11.31,,,,,230,True,Sprints,794,1131,1359.5,M,False,3,2024-04-06,2024-04-06,False
15907,18863,49,3781,,,,,,,,3,,11.97,,,,,230,True,Sprints,620,995,1117.5,M,False,3,2024-04-06,2024-04-06,False
15908,18864,49,5610,,,,,,,,3,,13.22,,,,,230,True,Sprints,350,762,731.0,M,False,3,2024-04-06,2024-04-06,False
15918,18874,61,4621,,,,,,,,3,,10.85,,,,,230,True,Sprints,928,1231,1543.5,M,False,3,2024-04-06,2024-04-06,False
15919,18875,61,4944,,,,,,,,3,,11.22,,,,,230,True,Sprints,820,1150,1395.0,M,False,3,2024-04-06,2024-04-06,False
15935,18891,88,4073,,,,,,,,3,,11.22,,,,,231,True,Sprints,820,1150,1395.0,M,False,3,2024-04-11,2024-04-13,False
15953,18912,86,1609,,,,,,,,6,,1:02.51,,,,,232,True,Sprints,277,755,654.5,M,False,3,2024-04-12,2024-04-13,False
15954,18913,86,1612,,,,,,,,6,,1:03.72,,,,,232,True,Sprints,238,717,596.5,M,False,3,2024-04-12,2024-04-13,False
15980,18944,127,3630,,,,,,,,3,,11.36,,,,,233,True,Sprints,780,1120,1340.0,M,False,3,2024-04-12,2024-04-13,False
15981,18945,127,4516,,,,,,,,6,,53.49,,,,,233,True,Sprints,663,1069,1197.5,M,False,3,2024-04-12,2024-04-13,False
15982,18946,127,3635,,,,,,,,6,,54.49,,,,,233,True,Sprints,612,1031,1127.5,M,False,3,2024-04-12,2024-04-13,False
15983,18947,127,4936,,,,,,,,6,,55.86,,,,,233,True,Sprints,546,981,1036.5,M,False,3,2024-04-12,2024-04-13,False
15990,18954,10,5613,,,,,,,,3,,12.01,,,,,234,True,Sprints,610,988,1104.0,M,False,3,2024-04-12,2024-04-13,False
15991,18955,10,5614,,,,,,,,4,,25.36,,,,,234,True,Sprints,521,908,975.0,M,False,3,2024-04-12,2024-04-13,False
15992,18956,10,5615,,,,,,,,6,,54.21,,,,,234,True,Sprints,626,1042,1147.0,M,False,3,2024-04-12,2024-04-13,False
16011,18975,96,2492,,,,,,,,4,,25.07,,,,,235,True,Sprints,551,934,1018.0,M,False,3,2024-04-12,2024-04-13,False
16012,18977,96,2492,,,,,,,,6,,52.55,,,,,235,True,Sprints,713,1105,1265.5,M,False,3,2024-04-12,2024-04-13,False
16013,18978,96,1552,,,,,,,,6,,54.11,,,,,235,True,Sprints,632,1046,1155.0,M,False,3,2024-04-12,2024-04-13,False
16014,18980,96,5421,,,,,,,,6,,1:03.56,,,,,235,True,Sprints,243,722,604.0,M,False,3,2024-04-12,2024-04-13,False
16023,18990,58,3928,,,,,,,,3,,10.85,,,,,236,True,Sprints,928,1231,1543.5,M,False,3,2024-04-12,2024-04-13,False
16024,18991,58,3926,,,,,,,,3,,11.42,,,,,236,True,Sprints,764,1108,1318.0,M,False,3,2024-04-12,2024-04-13,False
16025,18992,58,3925,,,,,,,,3,,11.77,,,,,236,True,Sprints,671,1036,1189.0,M,False,3,2024-04-12,2024-04-13,False
16026,18993,58,3926,,,,,,,,4,,23.62,,,,,236,True,Sprints,715,1072,1251.0,M,False,3,2024-04-12,2024-04-13,False
16027,18994,58,3925,,,,,,,,4,,24.24,,,,,236,True,Sprints,642,1012,1148.0,M,False,3,2024-04-12,2024-04-13,False
16028,18995,58,2219,,,,,,,,6,,55.59,,,,,236,True,Sprints,559,991,1054.5,M,False,3,2024-04-12,2024-04-13,False
16045,18976,96,370,,,,,,,,4,,25.73,,,,,235,True,Sprints,483,875,920.5,M,False,3,2024-04-12,2024-04-13,False
16046,18979,96,370,,,,,,,,6,,55.42,,,,,235,True,Sprints,567,997,1065.5,M,False,3,2024-04-12,2024-04-13,False
16047,19010,146,3719,,,,,,,,3,,11.00,,,,,237,True,Sprints,883,1198,1482.0,M,False,3,2024-04-12,2024-04-13,False
16048,19011,146,4393,,,,,,,,3,,11.06,,,,,237,True,Sprints,866,1185,1458.5,M,False,3,2024-04-12,2024-04-13,False
16049,19012,146,3690,,,,,,,,3,,11.35,,,,,237,True,Sprints,783,1123,1344.5,M,False,3,2024-04-12,2024-04-13,False
16050,19013,146,3701,,,,,,,,3,,11.43,,,,,237,True,Sprints,761,1106,1314.0,M,False,3,2024-04-12,2024-04-13,False
16051,19014,146,3733,,,,,,,,3,,11.44,,,,,237,True,Sprints,758,1104,1310.0,M,False,3,2024-04-12,2024-04-13,False
16052,19015,146,3708,,,,,,,,3,,11.52,,,,,237,True,Sprints,736,1087,1279.5,M,False,3,2024-04-12,2024-04-13,False
16053,19016,146,3696,,,,,,,,3,,11.58,,,,,237,True,Sprints,720,1075,1257.5,M,False,3,2024-04-12,2024-04-13,False
16054,19017,146,3734,,,,,,,,3,,11.69,,,,,237,True,Sprints,691,1052,1217.0,M,False,3,2024-04-12,2024-04-13,False
16055,19018,146,3710,,,,,,,,3,,11.77,,,,,237,True,Sprints,671,1036,1189.0,M,False,3,2024-04-12,2024-04-13,False
16056,19019,146,4384,,,,,,,,3,,11.83,,,,,237,True,Sprints,655,1023,1166.5,M,False,3,2024-04-12,2024-04-13,False
16057,19020,146,3705,,,,,,,,3,,12.10,,,,,237,True,Sprints,588,970,1073.0,M,False,3,2024-04-12,2024-04-13,False
16058,19021,146,4386,,,,,,,,3,,12.33,,,,,237,True,Sprints,534,925,996.5,M,False,3,2024-04-12,2024-04-13,False
16059,19022,146,4379,,,,,,,,3,,12.63,,,,,237,True,Sprints,468,869,902.5,M,False,3,2024-04-12,2024-04-13,False
16060,19023,146,3699,,,,,,,,3,,12.84,,,,,237,True,Sprints,424,830,839.0,M,False,3,2024-04-12,2024-04-13,False
16061,19024,146,3709,,,,,,,,3,,12.97,,,,,237,True,Sprints,398,807,801.5,M,False,3,2024-04-12,2024-04-13,False
16062,19025,146,3690,,,,,,,,4,,22.04,,,,,237,True,Sprints,918,1232,1534.0,M,False,3,2024-04-12,2024-04-13,False
16063,19026,146,3719,,,,,,,,4,,22.26,,,,,237,True,Sprints,889,1209,1493.5,M,False,3,2024-04-12,2024-04-13,False
16064,19027,146,3701,,,,,,,,4,,22.69,,,,,237,True,Sprints,832,1165,1414.5,M,False,3,2024-04-12,2024-04-13,False
16065,19028,146,3733,,,,,,,,4,,22.88,,,,,237,True,Sprints,807,1146,1380.0,M,False,3,2024-04-12,2024-04-13,False
16066,19029,146,3696,,,,,,,,4,,23.35,,,,,237,True,Sprints,748,1098,1297.0,M,False,3,2024-04-12,2024-04-13,False
16067,19030,146,3734,,,,,,,,4,,23.37,,,,,237,True,Sprints,746,1096,1294.0,M,False,3,2024-04-12,2024-04-13,False
16068,19031,146,3710,,,,,,,,4,,24.09,,,,,237,True,Sprints,660,1026,1173.0,M,False,3,2024-04-12,2024-04-13,False
16069,19032,146,3687,,,,,,,,4,,24.19,,,,,237,True,Sprints,648,1017,1156.5,M,False,3,2024-04-12,2024-04-13,False
16070,19033,146,4384,,,,,,,,4,,26.56,,,,,237,True,Sprints,405,803,806.5,M,False,3,2024-04-12,2024-04-13,False
16071,19034,146,4150,,,,,,,,6,,52.35,,,,,237,True,Sprints,724,1112,1280.0,M,False,3,2024-04-12,2024-04-13,False
16072,19035,146,3696,,,,,,,,6,,53.50,,,,,237,True,Sprints,663,1069,1197.5,M,False,3,2024-04-12,2024-04-13,False
16073,19036,146,3708,,,,,,,,6,,54.28,,,,,237,True,Sprints,623,1039,1142.5,M,False,3,2024-04-12,2024-04-13,False
16074,19037,146,3688,,,,,,,,6,,54.85,,,,,237,True,Sprints,594,1018,1103.0,M,False,3,2024-04-12,2024-04-13,False
16075,19038,146,1409,,,,,,,,6,,56.44,,,,,237,True,Sprints,519,960,999.0,M,False,3,2024-04-12,2024-04-13,False
16076,19039,146,4387,,,,,,,,6,,56.72,,,,,237,True,Sprints,506,950,981.0,M,False,3,2024-04-12,2024-04-13,False
16103,19072,79,3610,,,,,,,,4,,23.93,,,,,238,True,Sprints,678,1042,1199.0,M,False,3,2024-04-12,2024-04-13,False
16190,19159,61,4036,,,,,,,,6,,52.62,,,,,241,True,Sprints,709,1102,1260.0,M,False,3,2024-04-13,2024-04-13,False
16191,19160,61,2273,,,,,,,,6,,52.96,,,,,241,True,Sprints,691,1089,1235.5,M,False,3,2024-04-13,2024-04-13,False
16192,19161,61,4050,,,,,,,,6,,56.82,,,,,241,True,Sprints,501,947,974.5,M,False,3,2024-04-13,2024-04-13,False
16193,19162,61,4621,,,,,,,,3,,10.81,,,,,241,True,Sprints,940,1239,1559.5,M,False,3,2024-04-13,2024-04-13,False
16194,19163,61,4944,,,,,,,,3,,11.11,,,,,241,True,Sprints,851,1174,1438.0,M,False,3,2024-04-13,2024-04-13,False
16195,19164,61,2289,,,,,,,,3,,11.42,,,,,241,True,Sprints,764,1108,1318.0,M,False,3,2024-04-13,2024-04-13,False
16196,19165,61,4626,,,,,,,,3,,11.56,,,,,241,True,Sprints,726,1079,1265.5,M,False,3,2024-04-13,2024-04-13,False
16197,19166,61,4042,,,,,,,,3,,11.58,,,,,241,True,Sprints,720,1075,1257.5,M,False,3,2024-04-13,2024-04-13,False
16198,19167,61,5633,,,,,,,,3,,11.75,,,,,241,True,Sprints,676,1040,1196.0,M,False,3,2024-04-13,2024-04-13,False
16208,19177,61,4623,,,,,,,,4,,22.95,,,,,241,True,Sprints,798,1139,1367.5,M,False,3,2024-04-13,2024-04-13,False
16209,19178,61,4944,,,,,,,,4,,23.21,,,,,241,True,Sprints,766,1112,1322.0,M,False,3,2024-04-13,2024-04-13,False
16210,19179,61,4036,,,,,,,,4,,25.04,,,,,241,True,Sprints,554,937,1022.5,M,False,3,2024-04-13,2024-04-13,False
16211,19180,61,4626,,,,,,,,4,,25.13,,,,,241,True,Sprints,545,929,1009.5,M,False,3,2024-04-13,2024-04-13,False
16212,19181,61,5633,,,,,,,,4,,25.51,,,,,241,True,Sprints,505,895,952.5,M,False,3,2024-04-13,2024-04-13,False
16213,19182,61,5634,,,,,,,,4,,25.78,,,,,241,True,Sprints,478,870,913.0,M,False,3,2024-04-13,2024-04-13,False
16214,19183,61,4050,,,,,,,,4,,26.10,,,,,241,True,Sprints,447,842,868.0,M,False,3,2024-04-13,2024-04-13,False
16257,19227,59,1622,,,,,,,,3,,11.13,,,,,242,True,Sprints,845,1169,1429.5,M,False,3,2024-04-13,2024-04-13,False
16258,19228,59,3896,,,,,,,,3,,11.20,,,,,242,True,Sprints,825,1154,1402.0,M,False,3,2024-04-13,2024-04-13,False
16259,19229,59,4083,,,,,,,,3,,11.38,,,,,242,True,Sprints,775,1116,1333.0,M,False,3,2024-04-13,2024-04-13,False
16260,19230,59,3908,,,,,,,,3,,11.43,,,,,242,True,Sprints,761,1106,1314.0,M,False,3,2024-04-13,2024-04-13,False
16261,19231,59,1622,,,,,,,,4,,22.83,,,,,242,True,Sprints,814,1151,1389.5,M,False,3,2024-04-13,2024-04-13,False
16262,19232,59,3896,,,,,,,,4,,22.85,,,,,242,True,Sprints,811,1149,1385.5,M,False,3,2024-04-13,2024-04-13,False
16263,19233,59,4522,,,,,,,,4,,22.90,,,,,242,True,Sprints,805,1144,1377.0,M,False,3,2024-04-13,2024-04-13,False
16264,19234,59,3908,,,,,,,,4,,23.37,,,,,242,True,Sprints,746,1096,1294.0,M,False,3,2024-04-13,2024-04-13,False
16265,19235,59,3902,,,,,,,,4,,23.77,,,,,242,True,Sprints,697,1057,1225.5,M,False,3,2024-04-13,2024-04-13,False
16266,19236,59,3907,,,,,,,,4,,24.14,,,,,242,True,Sprints,654,1021,1164.5,M,False,3,2024-04-13,2024-04-13,False
16267,19237,59,3919,,,,,,,,4,,24.39,,,,,242,True,Sprints,625,998,1124.0,M,False,3,2024-04-13,2024-04-13,False
16268,19238,59,4077,,,,,,,,4,,24.73,,,,,242,True,Sprints,588,966,1071.0,M,False,3,2024-04-13,2024-04-13,False
16269,19239,59,3912,,,,,,,,6,,52.37,,,,,242,True,Sprints,723,1112,1279.0,M,False,3,2024-04-13,2024-04-13,False
16270,19240,59,3902,,,,,,,,6,,52.86,,,,,242,True,Sprints,697,1093,1243.5,M,False,3,2024-04-13,2024-04-13,False
16271,19241,59,3907,,,,,,,,6,,52.96,,,,,242,True,Sprints,691,1089,1235.5,M,False,3,2024-04-13,2024-04-13,False
16272,19242,59,1624,,,,,,,,6,,52.97,,,,,242,True,Sprints,691,1089,1235.5,M,False,3,2024-04-13,2024-04-13,False
16273,19243,59,3919,,,,,,,,6,,55.35,,,,,242,True,Sprints,570,1000,1070.0,M,False,3,2024-04-13,2024-04-13,False
16274,19244,59,4077,,,,,,,,6,,58.94,,,,,242,True,Sprints,410,873,846.5,M,False,3,2024-04-13,2024-04-13,False
16275,19245,59,4081,,,,,,,,6,,1:12.12,,,,,242,True,Sprints,48,480,288.0,M,False,3,2024-04-13,2024-04-13,False
16326,19296,107,3622,,,,,,,,3,,11.76,,,,,244,True,Sprints,673,1038,1192.0,M,False,3,2024-04-13,2024-04-13,False
16327,19297,107,3622,,,,,,,,4,,22.43,,,,,244,True,Sprints,866,1192,1462.0,M,False,3,2024-04-13,2024-04-13,False
16328,19298,107,3624,,,,,,,,4,,22.60,,,,,244,True,Sprints,844,1174,1431.0,M,False,3,2024-04-13,2024-04-13,False
16331,19301,112,5644,,,,,,,,3,,11.35,,,,,244,True,Sprints,783,1123,1344.5,M,False,3,2024-04-13,2024-04-13,False
16332,19302,112,3764,,,,,,,,3,,11.48,,,,,244,True,Sprints,747,1095,1294.5,M,False,3,2024-04-13,2024-04-13,False
16333,19303,112,5644,,,,,,,,4,,23.73,,,,,244,True,Sprints,702,1061,1232.5,M,False,3,2024-04-13,2024-04-13,False
16334,19304,112,4514,,,,,,,,4,,24.50,,,,,244,True,Sprints,613,987,1106.5,M,False,3,2024-04-13,2024-04-13,False
16372,19342,116,3944,,,,,,,,3,,11.42,,,,,245,True,Sprints,764,1108,1318.0,M,False,3,2024-04-13,2024-04-13,False
16373,19343,116,3943,,,,,,,,3,,12.32,,,,,245,True,Sprints,537,927,1000.5,M,False,3,2024-04-13,2024-04-13,False
16374,19344,116,3947,,,,,,,,3,,12.34,,,,,245,True,Sprints,532,923,993.5,M,False,3,2024-04-13,2024-04-13,False
16375,19345,116,3952,,,,,,,,3,,12.55,,,,,245,True,Sprints,485,884,927.0,M,False,3,2024-04-13,2024-04-13,False
16376,19346,116,4531,,,,,,,,3,,13.62,,,,,245,True,Sprints,279,694,626.0,M,False,3,2024-04-13,2024-04-13,False
16377,19347,116,350,,,,,,,,3,,13.81,,,,,245,True,Sprints,249,663,580.5,M,False,3,2024-04-13,2024-04-13,False
16378,19348,116,3944,,,,,,,,4,,23.25,,,,,245,True,Sprints,761,1108,1315.0,M,False,3,2024-04-13,2024-04-13,False
16379,19349,116,3942,,,,,,,,4,,24.10,,,,,245,True,Sprints,659,1025,1171.5,M,False,3,2024-04-13,2024-04-13,False
16380,19350,116,3943,,,,,,,,4,,24.60,,,,,245,True,Sprints,602,978,1091.0,M,False,3,2024-04-13,2024-04-13,False
16381,19351,116,3947,,,,,,,,4,,25.08,,,,,245,True,Sprints,550,933,1016.5,M,False,3,2024-04-13,2024-04-13,False
16382,19352,116,4534,,,,,,,,4,,26.53,,,,,245,True,Sprints,407,805,809.5,M,False,3,2024-04-13,2024-04-13,False
16383,19353,116,350,,,,,,,,4,,27.59,,,,,245,True,Sprints,317,718,676.0,M,False,3,2024-04-13,2024-04-13,False
16384,19354,116,4531,,,,,,,,4,,27.89,,,,,245,True,Sprints,293,694,640.0,M,False,3,2024-04-13,2024-04-13,False
16385,19355,116,3946,,,,,,,,6,,53.83,,,,,245,True,Sprints,646,1056,1174.0,M,False,3,2024-04-13,2024-04-13,False
16386,19356,116,3942,,,,,,,,6,,53.89,,,,,245,True,Sprints,643,1054,1170.0,M,False,3,2024-04-13,2024-04-13,False
16387,19357,116,5646,,,,,,,,6,,56.02,,,,,245,True,Sprints,538,975,1025.5,M,False,3,2024-04-13,2024-04-13,False
16388,19358,116,3949,,,,,,,,6,,56.71,,,,,245,True,Sprints,506,950,981.0,M,False,3,2024-04-13,2024-04-13,False
16409,19379,104,2040,,,,,,,,3,,14.27,,,,,246,True,Sprints,182,591,477.5,M,False,3,2024-04-13,2024-04-13,False
16410,19380,104,2053,,,,,,,,3,,15.13,,,,,246,True,Sprints,85,466,318.0,M,False,3,2024-04-13,2024-04-13,False
16411,19381,104,3772,,,,,,,,4,,24.57,,,,,246,True,Sprints,605,981,1095.5,M,False,3,2024-04-13,2024-04-13,False
16412,19382,104,3772,,,,,,,,6,,53.73,,,,,246,True,Sprints,651,1060,1181.0,M,False,3,2024-04-13,2024-04-13,False
16429,19399,121,2807,,,,,,,,4,,26.16,,,,,247,True,Sprints,442,837,860.5,M,False,3,2024-04-18,2024-04-19,False
16430,19400,121,3963,,,,,,,,4,,27.19,,,,,247,True,Sprints,349,750,724.0,M,False,3,2024-04-18,2024-04-19,False
16431,19401,121,2807,,,,,,,,6,,57.06,,,,,247,True,Sprints,491,938,960.0,M,False,3,2024-04-18,2024-04-19,False
16451,19421,56,3578,,,,,,,,3,,10.50,,,,,248,True,Sprints,1037,1309,1691.5,M,False,3,2024-04-18,2024-04-20,False
16452,19422,108,3983,,,,,,,,3,,10.86,,,,,248,True,Sprints,925,1228,1539.0,M,False,3,2024-04-18,2024-04-20,False
16453,19423,56,3578,,,,,,,,4,,21.64,,,,,248,True,Sprints,974,1275,1611.5,M,False,3,2024-04-18,2024-04-20,False
16454,19424,107,3622,,,,,,,,3,,11.33,,,,,249,True,Sprints,789,1127,1352.5,M,False,3,2024-04-19,2024-04-20,False
16455,19425,107,3622,,,,,,,,4,,22.54,,,,,249,True,Sprints,851,1180,1441.0,M,False,3,2024-04-19,2024-04-20,False
16456,19426,107,3624,,,,,,,,4,,22.83,,,,,249,True,Sprints,814,1151,1389.5,M,False,3,2024-04-19,2024-04-20,False
16466,19438,116,3951,,,,,,,,3,,10.63,,,,,250,True,Sprints,996,1280,1636.0,M,False,3,2024-04-19,2024-04-20,False
16467,19439,116,3951,,,,,,,,4,,22.36,,,,,250,True,Sprints,875,1199,1474.5,M,False,3,2024-04-19,2024-04-20,False
16481,19456,169,4451,,,,,,,,3,,11.93,,,,,251,True,Sprints,630,1003,1131.5,M,False,3,2024-04-19,2024-04-20,False
16482,19457,169,4736,,,,,,,,3,,13.05,,,,,251,True,Sprints,382,792,778.0,M,False,3,2024-04-19,2024-04-20,False
16483,19458,169,4735,,,,,,,,3,,13.06,,,,,251,True,Sprints,380,791,775.5,M,False,3,2024-04-19,2024-04-20,False
16484,19459,169,4734,,,,,,,,3,,13.07,,,,,251,True,Sprints,378,789,772.5,M,False,3,2024-04-19,2024-04-20,False
16485,19460,169,4735,,,,,,,,4,,26.03,,,,,251,True,Sprints,454,849,878.5,M,False,3,2024-04-19,2024-04-20,False
16486,19461,169,4736,,,,,,,,4,,27.33,,,,,251,True,Sprints,338,739,707.5,M,False,3,2024-04-19,2024-04-20,False
16487,19462,169,5649,,,,,,,,6,,54.02,,,,,251,True,Sprints,636,1049,1160.5,M,False,3,2024-04-19,2024-04-20,False
16488,19463,169,4735,,,,,,,,6,,58.16,,,,,251,True,Sprints,443,899,892.5,M,False,3,2024-04-19,2024-04-20,False
16489,19464,169,4734,,,,,,,,6,,59.03,,,,,251,True,Sprints,406,869,840.5,M,False,3,2024-04-19,2024-04-20,False
16522,19498,116,3947,,,,,,,,3,,11.81,,,,,252,True,Sprints,660,1028,1174.0,M,False,3,2024-04-19,2024-04-19,False
16523,19499,116,3942,,,,,,,,3,,11.94,,,,,252,True,Sprints,628,1001,1128.5,M,False,3,2024-04-19,2024-04-19,False
16524,19500,116,3950,,,,,,,,3,,11.95,,,,,252,True,Sprints,625,999,1124.5,M,False,3,2024-04-19,2024-04-19,False
16525,19501,116,3952,,,,,,,,3,,12.10,,,,,252,True,Sprints,588,970,1073.0,M,False,3,2024-04-19,2024-04-19,False
16526,19502,116,350,,,,,,,,3,,13.24,,,,,252,True,Sprints,346,759,725.5,M,False,3,2024-04-19,2024-04-19,False
16527,19503,116,3944,,,,,,,,3,,11.11,,,,,252,True,Sprints,851,1174,1438.0,M,False,3,2024-04-19,2024-04-19,False
16528,19504,116,3946,,,,,,,,3,,11.50,,,,,252,True,Sprints,742,1091,1287.5,M,False,3,2024-04-19,2024-04-19,False
16529,19505,116,3944,,,,,,,,4,,23.19,,,,,252,True,Sprints,768,1114,1325.0,M,False,3,2024-04-19,2024-04-19,False
16530,19506,116,3942,,,,,,,,4,,24.07,,,,,252,True,Sprints,662,1028,1176.0,M,False,3,2024-04-19,2024-04-19,False
16531,19507,116,3947,,,,,,,,4,,24.93,,,,,252,True,Sprints,566,947,1039.5,M,False,3,2024-04-19,2024-04-19,False
16532,19508,116,4538,,,,,,,,4,,26.01,,,,,252,True,Sprints,456,850,881.0,M,False,3,2024-04-19,2024-04-19,False
16533,19509,116,4534,,,,,,,,4,,26.69,,,,,252,True,Sprints,393,792,789.0,M,False,3,2024-04-19,2024-04-19,False
16534,19510,116,4531,,,,,,,,4,,27.20,,,,,252,True,Sprints,349,750,724.0,M,False,3,2024-04-19,2024-04-19,False
16535,19511,116,350,,,,,,,,4,,27.36,,,,,252,True,Sprints,335,736,703.0,M,False,3,2024-04-19,2024-04-19,False
16536,19512,116,5646,,,,,,,,6,,56.69,,,,,252,True,Sprints,507,951,982.5,M,False,3,2024-04-19,2024-04-19,False
16537,19513,116,3949,,,,,,,,6,,57.14,,,,,252,True,Sprints,487,935,954.5,M,False,3,2024-04-19,2024-04-19,False
16604,19585,164,4120,,,,,,,,3,,12.84,,,,,253,True,Sprints,424,830,839.0,M,False,3,2024-04-19,2024-04-20,False
16605,19586,164,5653,,,,,,,,3,,14.23,,,,,253,True,Sprints,187,597,485.5,M,False,3,2024-04-19,2024-04-20,False
16606,19587,164,5653,,,,,,,,4,,27.28,,,,,253,True,Sprints,342,743,713.5,M,False,3,2024-04-19,2024-04-20,False
16607,19588,164,5653,,,,,,,,6,,1:03.75,,,,,253,True,Sprints,237,716,595.0,M,False,3,2024-04-19,2024-04-20,False
16630,19611,167,5238,,,,,,,,3,,11.00,,,,,253,True,Sprints,883,1198,1482.0,M,False,3,2024-04-19,2024-04-20,False
16631,19612,167,5246,,,,,,,,3,,11.45,,,,,253,True,Sprints,755,1102,1306.0,M,False,3,2024-04-19,2024-04-20,False
16632,19613,167,5234,,,,,,,,3,,11.52,,,,,253,True,Sprints,736,1087,1279.5,M,False,3,2024-04-19,2024-04-20,False
16633,19614,167,5240,,,,,,,,3,,12.31,,,,,253,True,Sprints,539,929,1003.5,M,False,3,2024-04-19,2024-04-20,False
16634,19615,167,5221,,,,,,,,3,,12.33,,,,,253,True,Sprints,534,925,996.5,M,False,3,2024-04-19,2024-04-20,False
16635,19616,167,5284,,,,,,,,3,,12.84,,,,,253,True,Sprints,424,830,839.0,M,False,3,2024-04-19,2024-04-20,False
16636,19617,167,5238,,,,,,,,4,,22.40,,,,,253,True,Sprints,870,1195,1467.5,M,False,3,2024-04-19,2024-04-20,False
16637,19618,167,5246,,,,,,,,4,,22.60,,,,,253,True,Sprints,844,1174,1431.0,M,False,3,2024-04-19,2024-04-20,False
16638,19619,167,5248,,,,,,,,4,,23.58,,,,,253,True,Sprints,720,1076,1258.0,M,False,3,2024-04-19,2024-04-20,False
16639,19620,167,5250,,,,,,,,4,,23.80,,,,,253,True,Sprints,694,1054,1221.0,M,False,3,2024-04-19,2024-04-20,False
16640,19621,167,5221,,,,,,,,4,,25.08,,,,,253,True,Sprints,550,933,1016.5,M,False,3,2024-04-19,2024-04-20,False
16641,19622,167,5226,,,,,,,,4,,25.37,,,,,253,True,Sprints,520,907,973.5,M,False,3,2024-04-19,2024-04-20,False
16642,19623,167,5240,,,,,,,,4,,25.40,,,,,253,True,Sprints,517,904,969.0,M,False,3,2024-04-19,2024-04-20,False
16643,19624,167,5284,,,,,,,,4,,26.17,,,,,253,True,Sprints,441,836,859.0,M,False,3,2024-04-19,2024-04-20,False
16644,19625,167,5248,,,,,,,,6,,50.78,,,,,253,True,Sprints,812,1174,1399.0,M,False,3,2024-04-19,2024-04-20,False
16645,19626,167,4438,,,,,,,,6,,52.44,,,,,253,True,Sprints,719,1109,1273.5,M,False,3,2024-04-19,2024-04-20,False
16646,19627,167,5250,,,,,,,,6,,53.64,,,,,253,True,Sprints,656,1063,1187.5,M,False,3,2024-04-19,2024-04-20,False
16647,19628,167,4439,,,,,,,,6,,54.31,,,,,253,True,Sprints,621,1038,1140.0,M,False,3,2024-04-19,2024-04-20,False
16648,19629,167,5226,,,,,,,,6,,56.02,,,,,253,True,Sprints,538,975,1025.5,M,False,3,2024-04-19,2024-04-20,False
16649,19630,167,790,,,,,,,,6,,1:03.83,,,,,253,True,Sprints,234,713,590.5,M,False,3,2024-04-19,2024-04-20,False
16741,19727,203,4405,,,,5065.0,,1732.0,,3,,11.02,,,,,254,True,Sprints,877,1193,1473.5,M,False,3,2024-04-20,2024-04-20,False
16742,19728,203,4413,,,,,,,,3,,11.36,,,,,254,True,Sprints,780,1120,1340.0,M,False,3,2024-04-20,2024-04-20,False
16743,19729,203,4509,,,,,,,,3,,11.42,,,,,254,True,Sprints,764,1108,1318.0,M,False,3,2024-04-20,2024-04-20,False
16744,19730,203,4510,,,,,,,,3,,11.69,,,,,254,True,Sprints,691,1052,1217.0,M,False,3,2024-04-20,2024-04-20,False
16745,19731,203,4424,,,,,,,,3,,12.51,,,,,254,True,Sprints,494,891,939.5,M,False,3,2024-04-20,2024-04-20,False
16746,19732,203,4415,,,,,,,,3,,12.63,,,,,254,True,Sprints,468,869,902.5,M,False,3,2024-04-20,2024-04-20,False
16747,19733,203,5566,,,,,,,,4,,22.40,,,,,254,True,Sprints,870,1195,1467.5,M,False,3,2024-04-20,2024-04-20,False
16748,19734,203,4509,,,,,,,,4,,22.86,,,,,254,True,Sprints,810,1148,1384.0,M,False,3,2024-04-20,2024-04-20,False
16749,19735,203,4419,,,,,,,,4,,23.74,,,,,254,True,Sprints,701,1060,1231.0,M,False,3,2024-04-20,2024-04-20,False
16750,19736,203,4510,,,,,,,,4,,24.28,,,,,254,True,Sprints,638,1008,1142.0,M,False,3,2024-04-20,2024-04-20,False
16751,19737,203,4424,,,,,,,,4,,24.94,,,,,254,True,Sprints,565,946,1038.0,M,False,3,2024-04-20,2024-04-20,False
16752,19738,203,4415,,,,,,,,4,,25.15,,,,,254,True,Sprints,543,927,1006.5,M,False,3,2024-04-20,2024-04-20,False
16753,19739,203,4418,,,,,,,,4,,25.83,,,,,254,True,Sprints,474,866,907.0,M,False,3,2024-04-20,2024-04-20,False
16754,19740,203,5037,,,,,,,,4,,26.36,,,,,254,True,Sprints,423,820,833.0,M,False,3,2024-04-20,2024-04-20,False
16755,19741,203,4420,,,,,,,,4,,27.79,,,,,254,True,Sprints,301,702,652.0,M,False,3,2024-04-20,2024-04-20,False
16756,19742,203,5566,,,,,,,,6,,49.32,,,,,254,True,Sprints,898,1233,1514.5,M,False,3,2024-04-20,2024-04-20,False
16757,19743,203,4423,,,,,,,,6,,52.65,,,,,254,True,Sprints,708,1101,1258.5,M,False,3,2024-04-20,2024-04-20,False
16758,19744,203,5037,,,,,,,,6,,57.76,,,,,254,True,Sprints,460,913,916.5,M,False,3,2024-04-20,2024-04-20,False
16772,19759,203,1908,,,,,,,,3,,13.09,,,,,254,True,Sprints,374,785,766.5,M,False,3,2024-04-20,2024-04-20,False
16773,19760,203,1900,,,,,,,,3,,13.59,,,,,254,True,Sprints,284,699,633.5,M,False,3,2024-04-20,2024-04-20,False
16774,19761,203,1883,,,,,,,,3,,13.96,,,,,254,True,Sprints,226,639,545.5,M,False,3,2024-04-20,2024-04-20,False
16808,19800,112,3764,,,,,,,,3,,11.34,,,,,255,True,Sprints,786,1125,1348.5,M,False,3,2024-04-20,2024-04-20,False
16809,19801,112,5661,,,,,,,,4,,25.36,,,,,255,True,Sprints,521,908,975.0,M,False,3,2024-04-20,2024-04-20,False
16810,19802,112,5661,,,,,,,,6,,56.10,,,,,255,True,Sprints,534,972,1020.0,M,False,3,2024-04-20,2024-04-20,False
16885,19876,117,30,,,,,,,,6,,53.10,,,,,256,True,Sprints,684,1084,1226.0,M,False,3,2024-04-20,2024-04-20,False
16886,19877,56,3809,,,,,,,,6,,53.25,,,,,256,True,Sprints,676,1078,1215.0,M,False,3,2024-04-20,2024-04-20,False
16887,19878,56,3801,,,,,,,,6,,53.65,,,,,256,True,Sprints,655,1063,1186.5,M,False,3,2024-04-20,2024-04-20,False
16888,19879,56,152,,,,,,,,6,,53.96,,,,,256,True,Sprints,639,1051,1164.5,M,False,3,2024-04-20,2024-04-20,False
16889,19880,117,182,,,,,,,,6,,54.75,,,,,256,True,Sprints,599,1022,1110.0,M,False,3,2024-04-20,2024-04-20,False
16890,19881,56,3576,,,,,,,,6,,55.20,,,,,256,True,Sprints,577,1005,1079.5,M,False,3,2024-04-20,2024-04-20,False
16891,19882,117,3996,,,,,,,,6,,55.52,,,,,256,True,Sprints,562,993,1058.5,M,False,3,2024-04-20,2024-04-20,False
16892,19883,117,47,,,,,,,,6,,1:02.23,,,,,256,True,Sprints,286,764,668.0,M,False,3,2024-04-20,2024-04-20,False
16893,19884,117,5664,,,,,,,,6,,1:03.81,,,,,256,True,Sprints,235,714,592.0,M,False,3,2024-04-20,2024-04-20,False
16894,19885,117,54,,,,,,,,6,,1:15.32,,,,,256,True,Sprints,13,402,214.0,M,False,3,2024-04-20,2024-04-20,False
16924,19918,117,4924,,,,,,,,3,,11.52,,,,,256,True,Sprints,736,1087,1279.5,M,False,3,2024-04-20,2024-04-20,False
16925,19920,56,3576,,,,,,,,3,,11.63,,,,,256,True,Sprints,707,1064,1239.0,M,False,3,2024-04-20,2024-04-20,False
16926,19921,56,3570,,,,,,,,3,,11.69,,,,,256,True,Sprints,691,1052,1217.0,M,False,3,2024-04-20,2024-04-20,False
16927,19922,117,5668,,,,,,,,3,,11.70,,,,,256,True,Sprints,689,1050,1214.0,M,False,3,2024-04-20,2024-04-20,False
16928,19923,56,4111,,,,,,,,3,,11.72,,,,,256,True,Sprints,684,1046,1207.0,M,False,3,2024-04-20,2024-04-20,False
16929,19924,56,3567,,,,,,,,3,,12.10,,,,,256,True,Sprints,588,970,1073.0,M,False,3,2024-04-20,2024-04-20,False
16930,19925,117,4002,,,,,,,,3,,12.16,,,,,256,True,Sprints,574,958,1053.0,M,False,3,2024-04-20,2024-04-20,False
16931,19926,117,3993,,,,,,,,3,,12.16,,,,,256,True,Sprints,574,958,1053.0,M,False,3,2024-04-20,2024-04-20,False
16932,19927,56,4456,,,,,,,,3,,12.31,,,,,256,True,Sprints,539,929,1003.5,M,False,3,2024-04-20,2024-04-20,False
16933,19928,56,3577,,,,,,,,3,,12.32,,,,,256,True,Sprints,537,927,1000.5,M,False,3,2024-04-20,2024-04-20,False
16934,19929,117,47,,,,,,,,3,,13.22,,,,,256,True,Sprints,350,762,731.0,M,False,3,2024-04-20,2024-04-20,False
16935,19930,117,3997,,,,,,,,3,,14.31,,,,,256,True,Sprints,176,585,468.5,M,False,3,2024-04-20,2024-04-20,False
16936,19932,117,54,,,,,,,,3,,16.38,,,,,256,True,Sprints,9,312,165.0,M,False,3,2024-04-20,2024-04-20,False
16963,19962,56,3576,,,,,,,,4,,23.78,,,,,256,True,Sprints,696,1056,1224.0,M,False,3,2024-04-20,2024-04-20,False
16964,19963,56,3570,,,,,,,,4,,24.03,,,,,256,True,Sprints,667,1032,1183.0,M,False,3,2024-04-20,2024-04-20,False
16965,19964,56,3801,,,,,,,,4,,24.13,,,,,256,True,Sprints,655,1022,1166.0,M,False,3,2024-04-20,2024-04-20,False
16966,19965,117,5668,,,,,,,,4,,24.30,,,,,256,True,Sprints,636,1006,1139.0,M,False,3,2024-04-20,2024-04-20,False
16967,19966,56,3567,,,,,,,,4,,24.31,,,,,256,True,Sprints,634,1005,1136.5,M,False,3,2024-04-20,2024-04-20,False
16968,19967,117,3993,,,,,,,,4,,25.13,,,,,256,True,Sprints,545,929,1009.5,M,False,3,2024-04-20,2024-04-20,False
16971,19968,56,5669,,,,,,,,4,,25.49,,,,,256,True,Sprints,508,896,956.0,M,False,3,2024-04-20,2024-04-20,False
16972,19969,117,4100,,,,,,,,4,,25.58,,,,,256,True,Sprints,498,888,942.0,M,False,3,2024-04-20,2024-04-20,False
16973,19970,56,4456,,,,,,,,4,,26.78,,,,,256,True,Sprints,385,784,777.0,M,False,3,2024-04-20,2024-04-20,False
16974,19971,117,47,,,,,,,,4,,27.35,,,,,256,True,Sprints,336,737,704.5,M,False,3,2024-04-20,2024-04-20,False
16975,19972,117,3997,,,,,,,,4,,30.81,,,,,256,True,Sprints,111,483,352.5,M,False,3,2024-04-20,2024-04-20,False
16976,19973,117,54,,,,,,,,4,,34.43,,,,,256,True,Sprints,5,274,142.0,M,False,3,2024-04-20,2024-04-20,False
17024,20029,59,3908,,,,,,,,3,,11.27,,,,,257,True,Sprints,805,1139,1374.5,M,False,3,2024-04-20,2024-04-20,False
17025,20030,59,1622,,,,,,,,3,,11.33,,,,,257,True,Sprints,789,1127,1352.5,M,False,3,2024-04-20,2024-04-20,False
17026,20031,59,3896,,,,,,,,3,,11.36,,,,,257,True,Sprints,780,1120,1340.0,M,False,3,2024-04-20,2024-04-20,False
17027,20032,59,3912,,,,,,,,3,,11.71,,,,,257,True,Sprints,686,1048,1210.0,M,False,3,2024-04-20,2024-04-20,False
17028,20033,59,3912,,,,,,,,4,,23.03,,,,,257,True,Sprints,788,1130,1353.0,M,False,3,2024-04-20,2024-04-20,False
17029,20034,59,3908,,,,,,,,4,,23.29,,,,,257,True,Sprints,756,1104,1308.0,M,False,3,2024-04-20,2024-04-20,False
17030,20035,59,3896,,,,,,,,4,,23.33,,,,,257,True,Sprints,751,1100,1301.0,M,False,3,2024-04-20,2024-04-20,False
17031,20036,59,3902,,,,,,,,4,,23.92,,,,,257,True,Sprints,680,1043,1201.5,M,False,3,2024-04-20,2024-04-20,False
17032,20037,59,3907,,,,,,,,4,,23.97,,,,,257,True,Sprints,674,1038,1193.0,M,False,3,2024-04-20,2024-04-20,False
17033,20038,59,1624,,,,,,,,4,,24.48,,,,,257,True,Sprints,615,989,1109.5,M,False,3,2024-04-20,2024-04-20,False
17034,20039,59,3900,,,,,,,,4,,24.58,,,,,257,True,Sprints,604,980,1094.0,M,False,3,2024-04-20,2024-04-20,False
17035,20040,59,3919,,,,,,,,4,,24.86,,,,,257,True,Sprints,574,954,1051.0,M,False,3,2024-04-20,2024-04-20,False
17036,20041,59,4077,,,,,,,,4,,25.08,,,,,257,True,Sprints,550,933,1016.5,M,False,3,2024-04-20,2024-04-20,False
17037,20042,59,3907,,,,,,,,6,,53.50,,,,,257,True,Sprints,663,1069,1197.5,M,False,3,2024-04-20,2024-04-20,False
17038,20043,59,1624,,,,,,,,6,,53.54,,,,,257,True,Sprints,661,1067,1194.5,M,False,3,2024-04-20,2024-04-20,False
17039,20044,59,3902,,,,,,,,6,,54.72,,,,,257,True,Sprints,601,1023,1112.5,M,False,3,2024-04-20,2024-04-20,False
17040,20045,59,3916,,,,,,,,6,,55.93,,,,,257,True,Sprints,542,979,1031.5,M,False,3,2024-04-20,2024-04-20,False
17041,20046,59,3909,,,,,,,,6,,56.42,,,,,257,True,Sprints,520,961,1000.5,M,False,3,2024-04-20,2024-04-20,False
17042,20047,59,1631,,,,,,,,6,,56.71,,,,,257,True,Sprints,506,950,981.0,M,False,3,2024-04-20,2024-04-20,False
17043,20048,59,4077,,,,,,,,6,,58.61,,,,,257,True,Sprints,424,884,866.0,M,False,3,2024-04-20,2024-04-20,False
17093,20100,146,3719,,,,,,,,3,,11.29,,,,,258,True,Sprints,800,1135,1367.5,M,False,3,2024-04-20,2024-04-20,False
17094,20101,146,3689,,,,,,,,3,,11.38,,,,,258,True,Sprints,775,1116,1333.0,M,False,3,2024-04-20,2024-04-20,False
17095,20102,146,3698,,,,,,,,3,,11.47,,,,,258,True,Sprints,750,1097,1298.5,M,False,3,2024-04-20,2024-04-20,False
17096,20103,146,3701,,,,,,,,3,,11.52,,,,,258,True,Sprints,736,1087,1279.5,M,False,3,2024-04-20,2024-04-20,False
17097,20104,146,3690,,,,,,,,3,,11.56,,,,,258,True,Sprints,726,1079,1265.5,M,False,3,2024-04-20,2024-04-20,False
17098,20105,146,3734,,,,,,,,3,,11.82,,,,,258,True,Sprints,658,1026,1171.0,M,False,3,2024-04-20,2024-04-20,False
17099,20106,146,3708,,,,,,,,3,,11.89,,,,,258,True,Sprints,640,1011,1145.5,M,False,3,2024-04-20,2024-04-20,False
17100,20107,146,4149,,,,,,,,3,,11.92,,,,,258,True,Sprints,633,1005,1135.5,M,False,3,2024-04-20,2024-04-20,False
17101,20108,146,3710,,,,,,,,3,,12.09,,,,,258,True,Sprints,591,972,1077.0,M,False,3,2024-04-20,2024-04-20,False
17102,20109,146,4384,,,,,,,,3,,12.10,,,,,258,True,Sprints,588,970,1073.0,M,False,3,2024-04-20,2024-04-20,False
17103,20110,146,3728,,,,,,,,3,,12.11,,,,,258,True,Sprints,586,968,1070.0,M,False,3,2024-04-20,2024-04-20,False
17104,20111,146,3687,,,,,,,,3,,12.30,,,,,258,True,Sprints,541,931,1006.5,M,False,3,2024-04-20,2024-04-20,False
17105,20112,146,4386,,,,,,,,3,,12.32,,,,,258,True,Sprints,537,927,1000.5,M,False,3,2024-04-20,2024-04-20,False
17106,20113,146,3725,,,,,,,,3,,12.49,,,,,258,True,Sprints,498,895,945.5,M,False,3,2024-04-20,2024-04-20,False
17107,20114,146,3694,,,,,,,,3,,12.61,,,,,258,True,Sprints,472,872,908.0,M,False,3,2024-04-20,2024-04-20,False
17108,20115,146,3721,,,,,,,,3,,12.62,,,,,258,True,Sprints,470,870,905.0,M,False,3,2024-04-20,2024-04-20,False
17109,20116,146,3730,,,,,,,,3,,12.72,,,,,258,True,Sprints,449,852,875.0,M,False,3,2024-04-20,2024-04-20,False
17110,20117,146,4380,,,,,,,,3,,12.78,,,,,258,True,Sprints,436,841,856.5,M,False,3,2024-04-20,2024-04-20,False
17111,20118,146,3699,,,,,,,,3,,13.49,,,,,258,True,Sprints,301,716,659.0,M,False,3,2024-04-20,2024-04-20,False
17112,20119,146,3709,,,,,,,,3,,13.53,,,,,258,True,Sprints,294,709,648.5,M,False,3,2024-04-20,2024-04-20,False
17113,20120,146,3698,,,,,,,,4,,23.35,,,,,258,True,Sprints,748,1098,1297.0,M,False,3,2024-04-20,2024-04-20,False
17114,20121,146,3690,,,,,,,,4,,23.35,,,,,258,True,Sprints,748,1098,1297.0,M,False,3,2024-04-20,2024-04-20,False
17115,20122,146,3689,,,,,,,,4,,23.54,,,,,258,True,Sprints,725,1080,1265.0,M,False,3,2024-04-20,2024-04-20,False
17116,20123,146,3701,,,,,,,,4,,23.70,,,,,258,True,Sprints,706,1064,1238.0,M,False,3,2024-04-20,2024-04-20,False
17117,20124,146,3734,,,,,,,,4,,23.85,,,,,258,True,Sprints,688,1049,1212.5,M,False,3,2024-04-20,2024-04-20,False
17118,20125,146,4149,,,,,,,,4,,24.25,,,,,258,True,Sprints,641,1011,1146.5,M,False,3,2024-04-20,2024-04-20,False
17119,20126,146,4384,,,,,,,,4,,24.90,,,,,258,True,Sprints,569,950,1044.0,M,False,3,2024-04-20,2024-04-20,False
17120,20127,146,3730,,,,,,,,4,,25.15,,,,,258,True,Sprints,543,927,1006.5,M,False,3,2024-04-20,2024-04-20,False
17121,20128,146,4387,,,,,,,,4,,25.21,,,,,258,True,Sprints,536,922,997.0,M,False,3,2024-04-20,2024-04-20,False
17122,20129,146,4386,,,,,,,,4,,25.27,,,,,258,True,Sprints,530,916,988.0,M,False,3,2024-04-20,2024-04-20,False
17123,20130,146,3721,,,,,,,,4,,26.35,,,,,258,True,Sprints,424,821,834.5,M,False,3,2024-04-20,2024-04-20,False
17124,20131,146,4380,,,,,,,,4,,26.36,,,,,258,True,Sprints,423,820,833.0,M,False,3,2024-04-20,2024-04-20,False
17125,20132,146,3705,,,,,,,,4,,27.77,,,,,258,True,Sprints,302,703,653.5,M,False,3,2024-04-20,2024-04-20,False
17126,20133,146,1216,,,,,,,,6,,50.11,,,,,258,True,Sprints,851,1201,1451.5,M,False,3,2024-04-20,2024-04-20,False
17127,20134,146,4387,,,,,,,,6,,55.65,,,,,258,True,Sprints,556,989,1050.5,M,False,3,2024-04-20,2024-04-20,False
17128,20135,146,5274,,,,,,,,6,,55.77,,,,,258,True,Sprints,550,984,1042.0,M,False,3,2024-04-20,2024-04-20,False
17129,20136,146,4380,,,,,,,,6,,1:03.00,,,,,258,True,Sprints,261,739,630.5,M,False,3,2024-04-20,2024-04-20,False
17270,20293,69,4341,,,,,,,,3,,11.37,,,,,259,True,Sprints,777,1118,1336.0,M,False,3,2024-04-20,2024-04-20,False
17271,20294,159,4375,,,,,,,,3,,11.49,,,,,259,True,Sprints,745,1093,1291.5,M,False,3,2024-04-20,2024-04-20,False
17272,20295,157,5696,,,,,,,,3,,11.60,,,,,259,True,Sprints,715,1070,1250.0,M,False,3,2024-04-20,2024-04-20,False
17273,20296,159,5550,,,,,,,,3,,11.62,,,,,259,True,Sprints,710,1066,1243.0,M,False,3,2024-04-20,2024-04-20,False
17274,20297,69,4342,,,,,,,,3,,11.84,,,,,259,True,Sprints,653,1021,1163.5,M,False,3,2024-04-20,2024-04-20,False
17275,20298,159,5270,,,,,,,,3,,12.01,,,,,259,True,Sprints,610,988,1104.0,M,False,3,2024-04-20,2024-04-20,False
17276,20299,157,5697,,,,,,,,3,,12.03,,,,,259,True,Sprints,605,984,1097.0,M,False,3,2024-04-20,2024-04-20,False
17277,20300,157,5698,,,,,,,,3,,12.33,,,,,259,True,Sprints,534,925,996.5,M,False,3,2024-04-20,2024-04-20,False
17278,20301,159,2168,,,,,,,,3,,12.44,,,,,259,True,Sprints,509,904,961.0,M,False,3,2024-04-20,2024-04-20,False
17279,20302,159,4373,,,,,,,,3,,12.50,,,,,259,True,Sprints,496,893,942.5,M,False,3,2024-04-20,2024-04-20,False
17280,20303,157,5699,,,,,,,,3,,12.68,,,,,259,True,Sprints,457,859,886.5,M,False,3,2024-04-20,2024-04-20,False
17281,20304,159,5556,,,,,,,,3,,12.69,,,,,259,True,Sprints,455,857,883.5,M,False,3,2024-04-20,2024-04-20,False
17282,20305,130,5417,,,,,,,,3,,13.01,,,,,259,True,Sprints,390,799,789.5,M,False,3,2024-04-20,2024-04-20,False
17283,20306,159,5700,,,,,,,,3,,13.03,,,,,259,True,Sprints,386,796,784.0,M,False,3,2024-04-20,2024-04-20,False
17284,20307,157,5701,,,,,,,,3,,13.41,,,,,259,True,Sprints,315,730,680.0,M,False,3,2024-04-20,2024-04-20,False
17285,20308,137,799,,,,,,,,3,,13.49,,,,,259,True,Sprints,301,716,659.0,M,False,3,2024-04-20,2024-04-20,False
17286,20309,69,3021,,,,,,,,3,,13.72,,,,,259,True,Sprints,263,678,602.0,M,False,3,2024-04-20,2024-04-20,False
17287,20310,159,4363,,,,,,,,3,,14.55,,,,,259,True,Sprints,146,549,420.5,M,False,3,2024-04-20,2024-04-20,False
17288,20311,159,2182,,,,,,,,4,,23.06,,,,,259,True,Sprints,784,1127,1347.5,M,False,3,2024-04-20,2024-04-20,False
17289,20312,159,4375,,,,,,,,4,,23.42,,,,,259,True,Sprints,740,1092,1286.0,M,False,3,2024-04-20,2024-04-20,False
17290,20313,69,4342,,,,,,,,4,,23.91,,,,,259,True,Sprints,681,1044,1203.0,M,False,3,2024-04-20,2024-04-20,False
17291,20314,157,5696,,,,,,,,4,,23.94,,,,,259,True,Sprints,677,1041,1197.5,M,False,3,2024-04-20,2024-04-20,False
17292,20315,159,5550,,,,,,,,4,,24.01,,,,,259,True,Sprints,669,1034,1186.0,M,False,3,2024-04-20,2024-04-20,False
17293,20316,69,4341,,,,,,,,4,,24.14,,,,,259,True,Sprints,654,1021,1164.5,M,False,3,2024-04-20,2024-04-20,False
17294,20317,159,5404,,,,,,,,4,,24.28,,,,,259,True,Sprints,638,1008,1142.0,M,False,3,2024-04-20,2024-04-20,False
17295,20318,159,4358,,,,,,,,4,,24.55,,,,,259,True,Sprints,607,983,1098.5,M,False,3,2024-04-20,2024-04-20,False
17296,20319,159,5270,,,,,,,,4,,24.94,,,,,259,True,Sprints,565,946,1038.0,M,False,3,2024-04-20,2024-04-20,False
17297,20320,139,4348,,,,,,,,4,,25.55,,,,,259,True,Sprints,501,891,946.5,M,False,3,2024-04-20,2024-04-20,False
17298,20321,139,4356,,,,,,,,4,,25.82,,,,,259,True,Sprints,475,867,908.5,M,False,3,2024-04-20,2024-04-20,False
17299,20322,159,5414,,,,,,,,4,,26.09,,,,,259,True,Sprints,448,843,869.5,M,False,3,2024-04-20,2024-04-20,False
17300,20323,159,5700,,,,,,,,4,,26.11,,,,,259,True,Sprints,446,842,867.0,M,False,3,2024-04-20,2024-04-20,False
17301,20324,138,802,,,,,,,,4,,26.12,,,,,259,True,Sprints,446,841,866.5,M,False,3,2024-04-20,2024-04-20,False
17302,20325,157,5699,,,,,,,,4,,26.28,,,,,259,True,Sprints,430,827,843.5,M,False,3,2024-04-20,2024-04-20,False
17303,20326,159,761,,,,,,,,4,,26.70,,,,,259,True,Sprints,392,791,787.5,M,False,3,2024-04-20,2024-04-20,False
17304,20327,159,5702,,,,,,,,4,,27.04,,,,,259,True,Sprints,362,763,743.5,M,False,3,2024-04-20,2024-04-20,False
17305,20328,130,5417,,,,,,,,4,,27.55,,,,,259,True,Sprints,320,721,680.5,M,False,3,2024-04-20,2024-04-20,False
17306,20329,137,804,,,,,,,,4,,29.85,,,,,259,True,Sprints,161,548,435.0,M,False,3,2024-04-20,2024-04-20,False
17307,20330,159,5703,,,,,,,,4,,30.68,,,,,259,True,Sprints,117,491,362.5,M,False,3,2024-04-20,2024-04-20,False
17308,20331,139,1599,,,,,,,,4,,31.21,,,,,259,True,Sprints,93,457,321.5,M,False,3,2024-04-20,2024-04-20,False
17309,20332,137,4702,,,,,,,,4,,32.64,,,,,259,True,Sprints,41,370,226.0,M,False,3,2024-04-20,2024-04-20,False
17310,20333,159,4361,,,,,,,,4,,33.64,,,,,259,True,Sprints,17,314,174.0,M,False,3,2024-04-20,2024-04-20,False
17311,20334,157,5698,,,,,,,,4,,37.23,,,,,259,True,Sprints,0,152,76.0,M,False,3,2024-04-20,2024-04-20,False
17312,20335,159,2182,,,,,,,,6,,50.98,,,,,259,True,Sprints,801,1166,1384.0,M,False,3,2024-04-20,2024-04-20,False
17313,20336,159,4358,,,,,,,,6,,52.78,,,,,259,True,Sprints,701,1096,1249.0,M,False,3,2024-04-20,2024-04-20,False
17314,20337,159,5704,,,,,,,,6,,55.18,,,,,259,True,Sprints,578,1006,1081.0,M,False,3,2024-04-20,2024-04-20,False
17315,20338,159,4364,,,,,,,,6,,55.26,,,,,259,True,Sprints,574,1003,1075.5,M,False,3,2024-04-20,2024-04-20,False
17316,20339,157,5705,,,,,,,,6,,56.27,,,,,259,True,Sprints,527,966,1010.0,M,False,3,2024-04-20,2024-04-20,False
17317,20340,139,4348,,,,,,,,6,,56.87,,,,,259,True,Sprints,499,945,971.5,M,False,3,2024-04-20,2024-04-20,False
17318,20342,69,4342,,,,,,,,6,,58.46,,,,,259,True,Sprints,430,889,874.5,M,False,3,2024-04-20,2024-04-20,False
17319,20343,157,5699,,,,,,,,6,,59.73,,,,,259,True,Sprints,378,846,801.0,M,False,3,2024-04-20,2024-04-20,False
17320,20344,137,5408,,,,,,,,6,,1:01.28,,,,,259,True,Sprints,320,794,717.0,M,False,3,2024-04-20,2024-04-20,False
17321,20345,157,5706,,,,,,,,6,,1:01.67,,,,,259,True,Sprints,306,782,697.0,M,False,3,2024-04-20,2024-04-20,False
17322,20346,137,799,,,,,,,,6,,1:07.10,,,,,259,True,Sprints,144,616,452.0,M,False,3,2024-04-20,2024-04-20,False
17323,20347,139,1599,,,,,,,,6,,1:08.45,,,,,259,True,Sprints,113,578,402.0,M,False,3,2024-04-20,2024-04-20,False
17369,20341,139,4347,,,,,,,,6,,57.47,,,,,259,True,Sprints,472,924,934.0,M,False,3,2024-04-20,2024-04-20,False
17428,20467,202,3513,,,,,,,,3,,11.20,,,,,260,True,Sprints,825,1154,1402.0,M,False,3,2024-04-20,2024-04-20,False
17429,20468,202,3518,,,,,,,,3,,11.43,,,,,260,True,Sprints,761,1106,1314.0,M,False,3,2024-04-20,2024-04-20,False
17430,20469,202,3512,,,,,,,,3,,11.86,,,,,260,True,Sprints,648,1017,1156.5,M,False,3,2024-04-20,2024-04-20,False
17431,20470,202,5551,,,,,,,,3,,12.10,,,,,260,True,Sprints,588,970,1073.0,M,False,3,2024-04-20,2024-04-20,False
17432,20471,202,5724,,,,,,,,3,,15.51,,,,,260,True,Sprints,53,416,261.0,M,False,3,2024-04-20,2024-04-20,False
17433,20472,202,3515,,,,,,,,4,,24.68,,,,,260,True,Sprints,593,970,1078.0,M,False,3,2024-04-20,2024-04-20,False
17434,20473,202,5558,,,,,,,,6,,52.10,,,,,260,True,Sprints,738,1122,1299.0,M,False,3,2024-04-20,2024-04-20,False
17435,20474,202,3509,,,,,,,,6,,53.69,,,,,260,True,Sprints,653,1061,1183.5,M,False,3,2024-04-20,2024-04-20,False
17436,20475,202,2918,,,,,,,,6,,51.66,,,,,260,True,Sprints,762,1139,1331.5,M,False,3,2024-04-20,2024-04-20,False
17437,20476,202,2916,,,,,,,,6,,52.96,,,,,260,True,Sprints,691,1089,1235.5,M,False,3,2024-04-20,2024-04-20,False
17522,20559,174,5373,,,,,,,,3,Prelims,11.48,,,,,261,True,Sprints,747,1095,1294.5,M,False,3,2024-04-21,2024-04-21,False
17523,20560,174,5373,,,,,,,,3,Finals,23.16,,,,,261,True,Sprints,0,0,0.0,M,False,3,2024-04-21,2024-04-21,False
17524,20561,174,3580,,,,,,,,3,Prelims,12.33,,,,,261,True,Sprints,534,925,996.5,M,False,3,2024-04-21,2024-04-21,False
17525,20562,174,4996,,,,,,,,3,Prelims,12.42,,,,,261,True,Sprints,514,908,968.0,M,False,3,2024-04-21,2024-04-21,False
17526,20563,174,4647,,,,,,,,3,Prelims,12.49,,,,,261,True,Sprints,498,895,945.5,M,False,3,2024-04-21,2024-04-21,False
17527,20564,174,4996,,,,,,,,4,,25.07,,,,,261,True,Sprints,551,934,1018.0,M,False,3,2024-04-21,2024-04-21,False
17528,20565,174,4994,,,,,,,,4,,25.31,,,,,261,True,Sprints,526,913,982.5,M,False,3,2024-04-21,2024-04-21,False
17529,20566,174,3580,,,,,,,,4,,25.37,,,,,261,True,Sprints,520,907,973.5,M,False,3,2024-04-21,2024-04-21,False
17530,20567,174,4647,,,,,,,,4,,25.65,,,,,261,True,Sprints,491,882,932.0,M,False,3,2024-04-21,2024-04-21,False
17531,20568,174,2128,,,,,,,,6,,55.88,,,,,261,True,Sprints,545,980,1035.0,M,False,3,2024-04-21,2024-04-21,False
17532,20569,174,5731,,,,,,,,6,,58.23,,,,,261,True,Sprints,440,897,888.5,M,False,3,2024-04-21,2024-04-21,False
17541,20579,175,5375,,,,,,,,3,Prelims,14.00,,,,,261,True,Sprints,220,633,536.5,M,False,3,2024-04-21,2024-04-21,False
17542,20580,175,5001,,,,,,,,4,,25.93,,,,,261,True,Sprints,464,857,892.5,M,False,3,2024-04-21,2024-04-21,False
17543,20581,175,5001,,,,,,,,6,,56.29,,,,,261,True,Sprints,526,966,1009.0,M,False,3,2024-04-21,2024-04-21,False
17544,20582,175,5006,,,,,,,,6,,1:01.25,,,,,261,True,Sprints,321,795,718.5,M,False,3,2024-04-21,2024-04-21,False
17552,20590,176,2152,,,,,,,,6,,55.51,,,,,261,True,Sprints,562,994,1059.0,M,False,3,2024-04-21,2024-04-21,False
17557,20595,188,3541,,,,,,,,3,Prelims,11.45,,,,,261,True,Sprints,755,1102,1306.0,M,False,3,2024-04-21,2024-04-21,False
17558,20596,188,3541,,,,,,,,3,Finals,11.52,,,,,261,True,Sprints,736,1087,1279.5,M,False,3,2024-04-21,2024-04-21,False
17559,20598,188,3549,,,,,,,,3,Prelims,11.65,,,,,261,True,Sprints,702,1060,1232.0,M,False,3,2024-04-21,2024-04-21,False
17560,20600,188,3549,,,,,,,,3,Finals,11.87,,,,,261,True,Sprints,645,1015,1152.5,M,False,3,2024-04-21,2024-04-21,False
17561,20601,188,1863,,,,,,,,3,Prelims,11.96,,,,,261,True,Sprints,623,997,1121.5,M,False,3,2024-04-21,2024-04-21,False
17562,20602,188,3540,,,,,,,,3,Prelims,13.12,,,,,261,True,Sprints,368,780,758.0,M,False,3,2024-04-21,2024-04-21,False
17563,20603,188,3549,,,,,,,,4,,23.48,,,,,261,True,Sprints,732,1086,1275.0,M,False,3,2024-04-21,2024-04-21,False
17564,20604,188,4649,,,,,,,,4,,25.20,,,,,261,True,Sprints,537,922,998.0,M,False,3,2024-04-21,2024-04-21,False
17565,20605,188,5012,,,,,,,,4,,26.00,,,,,261,True,Sprints,457,851,882.5,M,False,3,2024-04-21,2024-04-21,False
17566,20606,188,3540,,,,,,,,4,,27.11,,,,,261,True,Sprints,356,757,734.5,M,False,3,2024-04-21,2024-04-21,False
17571,20607,188,3851,,,,,,,,6,,51.69,,,,,261,True,Sprints,760,1138,1329.0,M,False,3,2024-04-21,2024-04-21,False
17572,20608,188,3547,,,,,,,,6,,52.43,,,,,261,True,Sprints,720,1109,1274.5,M,False,3,2024-04-21,2024-04-21,False
17573,20609,188,4649,,,,,,,,6,,55.67,,,,,261,True,Sprints,555,988,1049.0,M,False,3,2024-04-21,2024-04-21,False
17595,20642,191,5022,,,,,,,,3,Prelims,13.18,,,,,261,True,Sprints,357,769,741.5,M,False,3,2024-04-21,2024-04-21,False
17596,20643,191,5022,,,,,,,,4,,26.59,,,,,261,True,Sprints,402,800,802.0,M,False,3,2024-04-21,2024-04-21,False
17626,20684,205,3554,,,,,,,,3,Prelims,11.61,,,,,261,True,Sprints,712,1068,1246.0,M,False,3,2024-04-21,2024-04-21,False
17627,20685,205,3554,,,,,,,,3,Finals,11.71,,,,,261,True,Sprints,686,1048,1210.0,M,False,3,2024-04-21,2024-04-21,False
17628,20686,205,5738,,,,,,,,3,Prelims,12.06,,,,,261,True,Sprints,598,978,1087.0,M,False,3,2024-04-21,2024-04-21,False
17629,20687,205,4487,,,,,,,,3,Prelims,12.84,,,,,261,True,Sprints,424,830,839.0,M,False,3,2024-04-21,2024-04-21,False
17630,20688,205,3559,,,,,,,,3,Prelims,13.41,,,,,261,True,Sprints,315,730,680.0,M,False,3,2024-04-21,2024-04-21,False
17631,20689,205,3554,,,,,,,,4,,23.09,,,,,261,True,Sprints,781,1124,1343.0,M,False,3,2024-04-21,2024-04-21,False
17632,20690,205,4485,,,,,,,,4,,24.35,,,,,261,True,Sprints,630,1001,1130.5,M,False,3,2024-04-21,2024-04-21,False
17633,20691,205,5738,,,,,,,,4,,24.76,,,,,261,True,Sprints,584,963,1065.5,M,False,3,2024-04-21,2024-04-21,False
17634,20692,205,2145,,,,,,,,4,,25.77,,,,,261,True,Sprints,479,871,914.5,M,False,3,2024-04-21,2024-04-21,False
17635,20693,205,4485,,,,,,,,6,,54.95,,,,,261,True,Sprints,590,1014,1097.0,M,False,3,2024-04-21,2024-04-21,False
17636,20694,205,3559,,,,,,,,6,,1:00.23,,,,,261,True,Sprints,359,829,773.5,M,False,3,2024-04-21,2024-04-21,False
17644,20702,206,5741,,,,,,,,3,Prelims,11.46,,,,,261,True,Sprints,753,1099,1302.5,M,False,3,2024-04-21,2024-04-21,False
17645,20703,206,5741,,,,,,,,3,Finals,11.48,,,,,261,True,Sprints,747,1095,1294.5,M,False,3,2024-04-21,2024-04-21,False
17646,20704,206,4475,,,,,,,,3,Prelims,11.57,,,,,261,True,Sprints,723,1077,1261.5,M,False,3,2024-04-21,2024-04-21,False
17647,20705,206,4475,,,,,,,,3,Finals,11.58,,,,,261,True,Sprints,720,1075,1257.5,M,False,3,2024-04-21,2024-04-21,False
17648,20706,206,5041,,,,,,,,3,Prelims,11.68,,,,,261,True,Sprints,694,1054,1221.0,M,False,3,2024-04-21,2024-04-21,False
17649,20707,206,5127,,,,,,,,3,Prelims,12.19,,,,,261,True,Sprints,567,952,1043.0,M,False,3,2024-04-21,2024-04-21,False
17650,20708,206,4477,,,,,,,,3,Prelims,12.20,,,,,261,True,Sprints,565,950,1040.0,M,False,3,2024-04-21,2024-04-21,False
17651,20709,206,4473,,,,,,,,3,Prelims,12.20,,,,,261,True,Sprints,565,950,1040.0,M,False,3,2024-04-21,2024-04-21,False
17652,20710,206,4480,,,,,,,,3,Prelims,12.28,,,,,261,True,Sprints,546,935,1013.5,M,False,3,2024-04-21,2024-04-21,False
17653,20711,206,5042,,,,,,,,3,Prelims,13.21,,,,,261,True,Sprints,351,764,733.0,M,False,3,2024-04-21,2024-04-21,False
17654,20712,206,5128,,,,,,,,3,Prelims,13.66,,,,,261,True,Sprints,273,688,617.0,M,False,3,2024-04-21,2024-04-21,False
17655,20670,204,930,,,,,,,,4,,25.05,,,,,261,True,Sprints,553,936,1021.0,M,False,3,2024-04-21,2024-04-21,False
17661,20652,196,960,,,,,,,,4,,30.56,,,,,261,True,Sprints,123,499,372.5,M,False,3,2024-04-21,2024-04-21,False
17665,20611,188,966,,,,,,,,6,,57.83,,,,,261,True,Sprints,457,911,912.5,M,False,3,2024-04-21,2024-04-21,False
17670,20713,206,5741,,,,,,,,4,,22.69,,,,,261,True,Sprints,832,1165,1414.5,M,False,3,2024-04-21,2024-04-21,False
17671,20714,206,4478,,,,,,,,4,,23.78,,,,,261,True,Sprints,696,1056,1224.0,M,False,3,2024-04-21,2024-04-21,False
17672,20715,206,4477,,,,,,,,4,,24.20,,,,,261,True,Sprints,647,1016,1155.0,M,False,3,2024-04-21,2024-04-21,False
17673,20716,206,5127,,,,,,,,4,,24.80,,,,,261,True,Sprints,580,959,1059.5,M,False,3,2024-04-21,2024-04-21,False
17674,20717,206,4480,,,,,,,,4,,24.89,,,,,261,True,Sprints,570,951,1045.5,M,False,3,2024-04-21,2024-04-21,False
17675,20718,206,5042,,,,,,,,4,,27.63,,,,,261,True,Sprints,313,715,670.5,M,False,3,2024-04-21,2024-04-21,False
17676,20719,206,5128,,,,,,,,4,,28.30,,,,,261,True,Sprints,262,662,593.0,M,False,3,2024-04-21,2024-04-21,False
17677,20720,206,4477,,,,,,,,6,,52.50,,,,,261,True,Sprints,716,1107,1269.5,M,False,3,2024-04-21,2024-04-21,False
17678,20721,206,4479,,,,,,,,6,,54.30,,,,,261,True,Sprints,622,1038,1141.0,M,False,3,2024-04-21,2024-04-21,False
17698,20742,58,2219,,,,,,,,6,,57.04,,,,,263,True,Sprints,491,939,960.5,M,False,3,2024-04-21,2024-04-21,False
17718,20765,107,3622,,,,,,,,3,,11.17,,,,,267,True,Sprints,834,1161,1414.5,M,False,3,2024-04-25,2024-04-25,False
17719,20766,107,3622,,,,,,,,4,,22.20,,,,,267,True,Sprints,897,1216,1505.0,M,False,3,2024-04-25,2024-04-25,False
17720,20767,107,3624,,,,,,,,4,,22.74,,,,,267,True,Sprints,825,1160,1405.0,M,False,3,2024-04-25,2024-04-25,False
17740,20790,59,1622,,,,,,,,3,,11.27,,,,,268,True,Sprints,805,1139,1374.5,M,False,3,2024-04-25,2024-04-27,False
17741,20791,59,4522,,,,,,,,3,,11.35,,,,,268,True,Sprints,783,1123,1344.5,M,False,3,2024-04-25,2024-04-27,False
17742,20792,59,3896,,,,,,,,3,,11.42,,,,,268,True,Sprints,764,1108,1318.0,M,False,3,2024-04-25,2024-04-27,False
17743,20793,59,3899,,,,,,,,3,,11.44,,,,,268,True,Sprints,758,1104,1310.0,M,False,3,2024-04-25,2024-04-27,False
17744,20794,59,3908,,,,,,,,3,,11.48,,,,,268,True,Sprints,747,1095,1294.5,M,False,3,2024-04-25,2024-04-27,False
17745,20795,59,4083,,,,,,,,3,,11.70,,,,,268,True,Sprints,689,1050,1214.0,M,False,3,2024-04-25,2024-04-27,False
17746,20796,59,3908,,,,,,,,4,,23.03,,,,,268,True,Sprints,788,1130,1353.0,M,False,3,2024-04-25,2024-04-27,False
17747,20797,59,1622,,,,,,,,4,,23.11,,,,,268,True,Sprints,778,1122,1339.0,M,False,3,2024-04-25,2024-04-27,False
17748,20798,59,3899,,,,,,,,4,,23.19,,,,,268,True,Sprints,768,1114,1325.0,M,False,3,2024-04-25,2024-04-27,False
17749,20799,59,3907,,,,,,,,4,,23.68,,,,,268,True,Sprints,708,1066,1241.0,M,False,3,2024-04-25,2024-04-27,False
17750,20800,59,4083,,,,,,,,4,,23.81,,,,,268,True,Sprints,693,1053,1219.5,M,False,3,2024-04-25,2024-04-27,False
17751,20801,59,3919,,,,,,,,4,,24.80,,,,,268,True,Sprints,580,959,1059.5,M,False,3,2024-04-25,2024-04-27,False
17752,20802,59,4077,,,,,,,,4,,24.86,,,,,268,True,Sprints,574,954,1051.0,M,False,3,2024-04-25,2024-04-27,False
17753,20803,59,3912,,,,,,,,6,,52.22,,,,,268,True,Sprints,731,1118,1290.0,M,False,3,2024-04-25,2024-04-27,False
17754,20804,59,1624,,,,,,,,6,,53.62,,,,,268,True,Sprints,657,1064,1189.0,M,False,3,2024-04-25,2024-04-27,False
17755,20805,59,3907,,,,,,,,6,,54.20,,,,,268,True,Sprints,627,1042,1148.0,M,False,3,2024-04-25,2024-04-27,False
17756,20806,59,3919,,,,,,,,6,,54.72,,,,,268,True,Sprints,601,1023,1112.5,M,False,3,2024-04-25,2024-04-27,False
17790,20840,61,4623,,,,,,,,3,,11.05,,,,,270,True,Sprints,869,1187,1462.5,M,False,3,2024-04-25,2024-04-25,False
17791,20841,61,4944,,,,,,,,3,,11.12,,,,,270,True,Sprints,848,1172,1434.0,M,False,3,2024-04-25,2024-04-25,False
17792,20842,61,4623,,,,,,,,4,,22.53,,,,,270,True,Sprints,853,1181,1443.5,M,False,3,2024-04-25,2024-04-25,False
17793,20843,61,4944,,,,,,,,4,,23.19,,,,,270,True,Sprints,768,1114,1325.0,M,False,3,2024-04-25,2024-04-25,False
17794,20844,61,4042,,,,,,,,4,,23.64,,,,,270,True,Sprints,713,1070,1248.0,M,False,3,2024-04-25,2024-04-25,False
17795,20845,61,4622,,,,,,,,4,,23.75,,,,,270,True,Sprints,700,1059,1229.5,M,False,3,2024-04-25,2024-04-25,False
17796,20846,61,2273,,,,,,,,4,,24.17,,,,,270,True,Sprints,650,1019,1159.5,M,False,3,2024-04-25,2024-04-25,False
17797,20847,61,4036,,,,,,,,4,,25.01,,,,,270,True,Sprints,557,940,1027.0,M,False,3,2024-04-25,2024-04-25,False
17798,20848,61,4045,,,,,,,,4,,25.52,,,,,270,True,Sprints,504,894,951.0,M,False,3,2024-04-25,2024-04-25,False
17799,20849,61,4623,,,,,,,,6,,49.99,,,,,270,True,Sprints,858,1205,1460.5,M,False,3,2024-04-25,2024-04-25,False
17800,20850,61,4042,,,,,,,,6,,50.61,,,,,270,True,Sprints,822,1181,1412.5,M,False,3,2024-04-25,2024-04-25,False
17801,20851,61,4622,,,,,,,,6,,51.41,,,,,270,True,Sprints,776,1149,1350.5,M,False,3,2024-04-25,2024-04-25,False
17802,20852,61,4944,,,,,,,,6,,51.82,,,,,270,True,Sprints,753,1133,1319.5,M,False,3,2024-04-25,2024-04-25,False
17803,20853,61,2273,,,,,,,,6,,52.53,,,,,270,True,Sprints,714,1106,1267.0,M,False,3,2024-04-25,2024-04-25,False
17804,20854,61,5745,,,,,,,,6,,52.57,,,,,270,True,Sprints,712,1104,1264.0,M,False,3,2024-04-25,2024-04-25,False
17805,20855,61,4036,,,,,,,,6,,54.15,,,,,270,True,Sprints,629,1044,1151.0,M,False,3,2024-04-25,2024-04-25,False
17806,20856,61,4045,,,,,,,,6,,56.72,,,,,270,True,Sprints,506,950,981.0,M,False,3,2024-04-25,2024-04-25,False
17856,20916,167,790,,,,,,,,4,,31.14,,,,,271,True,Sprints,96,461,326.5,M,False,3,2024-04-26,2024-04-27,False
17867,20932,167,5238,,,,,,,,3,,10.80,,,,,271,True,Sprints,943,1242,1564.0,M,False,3,2024-04-26,2024-04-27,False
17868,20933,167,5246,,,,,,,,3,,11.19,,,,,271,True,Sprints,828,1157,1406.5,M,False,3,2024-04-26,2024-04-27,False
17869,20934,167,3023,,,,,,,,3,,14.13,,,,,271,True,Sprints,201,612,507.0,M,False,3,2024-04-26,2024-04-27,False
17870,20935,167,5246,,,,,,,,4,,22.77,,,,,271,True,Sprints,821,1157,1399.5,M,False,3,2024-04-26,2024-04-27,False
17871,20936,167,4438,,,,,,,,4,,23.60,,,,,271,True,Sprints,718,1074,1255.0,M,False,3,2024-04-26,2024-04-27,False
17872,20937,167,5240,,,,,,,,4,,26.14,,,,,271,True,Sprints,444,839,863.5,M,False,3,2024-04-26,2024-04-27,False
17873,20938,167,3023,,,,,,,,4,,29.49,,,,,271,True,Sprints,182,573,468.5,M,False,3,2024-04-26,2024-04-27,False
17874,20939,167,4438,,,,,,,,6,,52.44,,,,,271,True,Sprints,719,1109,1273.5,M,False,3,2024-04-26,2024-04-27,False
17875,20940,167,4304,,,,,,,,6,,56.72,,,,,271,True,Sprints,506,950,981.0,M,False,3,2024-04-26,2024-04-27,False
17940,21029,203,4414,,,,,,,,3,,11.89,,,,,272,True,Sprints,640,1011,1145.5,M,False,3,2024-04-26,2024-04-27,False
17941,21030,203,4420,,,,,,,,4,,26.99,,,,,272,True,Sprints,367,767,750.5,M,False,3,2024-04-26,2024-04-27,False
17948,21033,203,4405,,,,,,,,3,,10.88,,,,,272,True,Sprints,919,1224,1531.0,M,False,3,2024-04-26,2024-04-27,False
17949,21034,203,4413,,,,,,,,3,,11.42,,,,,272,True,Sprints,764,1108,1318.0,M,False,3,2024-04-26,2024-04-27,False
17950,21035,203,4510,,,,,,,,3,,11.76,,,,,272,True,Sprints,673,1038,1192.0,M,False,3,2024-04-26,2024-04-27,False
17951,21036,203,4424,,,,,,,,3,,12.12,,,,,272,True,Sprints,584,966,1067.0,M,False,3,2024-04-26,2024-04-27,False
17952,21037,203,4415,,,,,,,,3,,12.42,,,,,272,True,Sprints,514,908,968.0,M,False,3,2024-04-26,2024-04-27,False
17953,21038,203,3852,,,,,,,,3,,12.66,,,,,272,True,Sprints,461,863,892.5,M,False,3,2024-04-26,2024-04-27,False
17954,21039,203,5597,,,,,,,,3,,12.69,,,,,272,True,Sprints,455,857,883.5,M,False,3,2024-04-26,2024-04-27,False
17955,21040,203,4421,,,,,,,,3,,12.75,,,,,272,True,Sprints,442,846,865.0,M,False,3,2024-04-26,2024-04-27,False
17956,21041,203,4416,,,,,,,,3,,13.09,,,,,272,True,Sprints,374,785,766.5,M,False,3,2024-04-26,2024-04-27,False
17957,21042,203,4508,,,,,,,,3,,16.59,,,,,272,True,Sprints,3,289,147.5,M,False,3,2024-04-26,2024-04-27,False
17958,21043,203,4509,,,,,,,,4,,22.61,,,,,272,True,Sprints,842,1173,1428.5,M,False,3,2024-04-26,2024-04-27,False
17959,21044,203,4423,,,,,,,,4,,23.68,,,,,272,True,Sprints,708,1066,1241.0,M,False,3,2024-04-26,2024-04-27,False
17960,21045,203,4510,,,,,,,,4,,24.15,,,,,272,True,Sprints,653,1020,1163.0,M,False,3,2024-04-26,2024-04-27,False
17961,21046,203,4424,,,,,,,,4,,24.53,,,,,272,True,Sprints,610,984,1102.0,M,False,3,2024-04-26,2024-04-27,False
17962,21047,203,4415,,,,,,,,4,,24.95,,,,,272,True,Sprints,564,945,1036.5,M,False,3,2024-04-26,2024-04-27,False
17963,21048,203,4509,,,,,,,,6,,51.29,,,,,272,True,Sprints,783,1154,1360.0,M,False,3,2024-04-26,2024-04-27,False
17964,21049,203,4430,,,,,,,,6,,51.65,,,,,272,True,Sprints,763,1140,1333.0,M,False,3,2024-04-26,2024-04-27,False
17965,21050,203,4414,,,,,,,,6,,52.12,,,,,272,True,Sprints,737,1121,1297.5,M,False,3,2024-04-26,2024-04-27,False
17998,21087,56,3578,,,,,,,,3,,10.49,,,,,273,True,Sprints,1040,1311,1695.5,M,False,3,2024-04-26,2024-04-27,False
17999,21088,56,3567,,,,,,,,3,,11.68,,,,,273,True,Sprints,694,1054,1221.0,M,False,3,2024-04-26,2024-04-27,False
18000,21089,56,3577,,,,,,,,3,,11.95,,,,,273,True,Sprints,625,999,1124.5,M,False,3,2024-04-26,2024-04-27,False
18003,21092,49,3784,,,,,,,,3,,11.27,,,,,273,True,Sprints,805,1139,1374.5,M,False,3,2024-04-26,2024-04-27,False
18004,21093,49,3783,,,,,,,,3,,11.33,,,,,273,True,Sprints,789,1127,1352.5,M,False,3,2024-04-26,2024-04-27,False
18005,21094,49,3781,,,,,,,,3,,11.67,,,,,273,True,Sprints,697,1056,1225.0,M,False,3,2024-04-26,2024-04-27,False
18006,21095,49,3785,,,,,,,,3,,11.75,,,,,273,True,Sprints,676,1040,1196.0,M,False,3,2024-04-26,2024-04-27,False
18007,21096,49,3784,,,,,,,,4,,23.33,,,,,273,True,Sprints,751,1100,1301.0,M,False,3,2024-04-26,2024-04-27,False
18008,21097,49,3783,,,,,,,,4,,23.71,,,,,273,True,Sprints,704,1063,1235.5,M,False,3,2024-04-26,2024-04-27,False
18009,21098,49,3781,,,,,,,,4,,24.19,,,,,273,True,Sprints,648,1017,1156.5,M,False,3,2024-04-26,2024-04-27,False
18010,21099,49,3785,,,,,,,,4,,24.54,,,,,273,True,Sprints,609,984,1101.0,M,False,3,2024-04-26,2024-04-27,False
18011,21100,49,3778,,,,,,,,6,,1:15.24,,,,,273,True,Sprints,14,404,216.0,M,False,3,2024-04-26,2024-04-27,False
18027,21117,19,5162,,,,,,,,4,,24.03,,,,,274,True,Sprints,667,1032,1183.0,M,False,3,2024-04-26,2024-04-27,False
18029,21119,19,5761,,,,,,,,3,,11.36,,,,,274,True,Sprints,780,1120,1340.0,M,False,3,2024-04-26,2024-04-27,False
18030,21120,19,5165,,,,,,,,3,,11.67,,,,,274,True,Sprints,697,1056,1225.0,M,False,3,2024-04-26,2024-04-27,False
18031,21121,19,5761,,,,,,,,4,,22.91,,,,,274,True,Sprints,803,1143,1374.5,M,False,3,2024-04-26,2024-04-27,False
18032,21122,19,5148,,,,,,,,4,,23.03,,,,,274,True,Sprints,788,1130,1353.0,M,False,3,2024-04-26,2024-04-27,False
18033,21123,19,5148,,,,,,,,6,,50.73,,,,,274,True,Sprints,815,1176,1403.0,M,False,3,2024-04-26,2024-04-27,False
18034,21124,19,5762,,,,,,,,6,,52.15,,,,,274,True,Sprints,735,1120,1295.0,M,False,3,2024-04-26,2024-04-27,False
18050,21139,116,3942,,,,,,,,3,,11.75,,,,,275,True,Sprints,676,1040,1196.0,M,False,3,2024-04-27,2024-04-27,False
18051,21140,116,3942,,,,,,,,4,,23.58,,,,,275,True,Sprints,720,1076,1258.0,M,False,3,2024-04-27,2024-04-27,False
18074,21164,96,5421,,,,,,,,6,,1:04.74,,,,,277,True,Sprints,207,685,549.5,M,False,3,2024-04-27,2024-04-27,False
18075,21165,96,5421,,,,,,,,4,,28.60,,,,,277,True,Sprints,241,639,560.5,M,False,3,2024-04-27,2024-04-27,False
18118,21210,158,4333,,,,,,,,3,,11.99,,,,,278,True,Sprints,615,990,1110.0,M,False,3,2024-04-27,2024-04-27,False
18121,21213,159,2182,,,,,,,,4,,23.41,,,,,278,True,Sprints,741,1093,1287.5,M,False,3,2024-04-27,2024-04-27,False
18123,21215,146,3730,,,,,,,,3,,12.37,,,,,278,True,Sprints,525,918,984.0,M,False,3,2024-04-27,2024-04-27,False
18124,21216,146,3699,,,,,,,,3,,13.68,,,,,278,True,Sprints,269,685,611.5,M,False,3,2024-04-27,2024-04-27,False
18126,21218,158,5768,,,,,,,,3,,11.34,,,,,278,True,Sprints,786,1125,1348.5,M,False,3,2024-04-27,2024-04-27,False
18127,21219,158,3680,,,,,,,,3,,11.79,,,,,278,True,Sprints,665,1032,1181.0,M,False,3,2024-04-27,2024-04-27,False
18128,21220,158,3682,,,,,,,,3,,12.06,,,,,278,True,Sprints,598,978,1087.0,M,False,3,2024-04-27,2024-04-27,False
18129,21221,158,3681,,,,,,,,3,,13.06,,,,,278,True,Sprints,380,791,775.5,M,False,3,2024-04-27,2024-04-27,False
18130,21222,158,2487,,,,,,,,3,,14.73,,,,,278,True,Sprints,125,522,386.0,M,False,3,2024-04-27,2024-04-27,False
18131,21223,158,5768,,,,,,,,4,,23.19,,,,,278,True,Sprints,768,1114,1325.0,M,False,3,2024-04-27,2024-04-27,False
18132,21224,158,5561,,,,,,,,4,,26.09,,,,,278,True,Sprints,448,843,869.5,M,False,3,2024-04-27,2024-04-27,False
18133,21225,158,3681,,,,,,,,4,,26.70,,,,,278,True,Sprints,392,791,787.5,M,False,3,2024-04-27,2024-04-27,False
18134,21226,158,3170,,,,,,,,6,,54.44,,,,,278,True,Sprints,615,1033,1131.5,M,False,3,2024-04-27,2024-04-27,False
18135,21227,158,4337,,,,,,,,6,,57.01,,,,,278,True,Sprints,493,940,963.0,M,False,3,2024-04-27,2024-04-27,False
18157,21249,159,5723,,,,,,,,3,,11.74,,,,,278,True,Sprints,678,1042,1199.0,M,False,3,2024-04-27,2024-04-27,False
18158,21250,159,5550,,,,,,,,3,,11.83,,,,,278,True,Sprints,655,1023,1166.5,M,False,3,2024-04-27,2024-04-27,False
18159,21251,159,2182,,,,,,,,3,,11.89,,,,,278,True,Sprints,640,1011,1145.5,M,False,3,2024-04-27,2024-04-27,False
18160,21252,159,5771,,,,,,,,3,,12.42,,,,,278,True,Sprints,514,908,968.0,M,False,3,2024-04-27,2024-04-27,False
18161,21253,159,4373,,,,,,,,3,,13.09,,,,,278,True,Sprints,374,785,766.5,M,False,3,2024-04-27,2024-04-27,False
18162,21254,159,5550,,,,,,,,4,,24.19,,,,,278,True,Sprints,648,1017,1156.5,M,False,3,2024-04-27,2024-04-27,False
18163,21255,159,2182,,,,,,,,6,,50.92,,,,,278,True,Sprints,804,1168,1388.0,M,False,3,2024-04-27,2024-04-27,False
18164,21256,159,4358,,,,,,,,6,,52.20,,,,,278,True,Sprints,732,1118,1291.0,M,False,3,2024-04-27,2024-04-27,False
18165,21257,159,4364,,,,,,,,6,,56.03,,,,,278,True,Sprints,538,975,1025.5,M,False,3,2024-04-27,2024-04-27,False
18166,21258,159,5711,,,,,,,,6,,57.35,,,,,278,True,Sprints,478,928,942.0,M,False,3,2024-04-27,2024-04-27,False
18188,21281,146,5777,,,,,,,,3,,13.41,,,,,278,True,Sprints,315,730,680.0,M,False,3,2024-04-27,2024-04-27,False
18189,21282,146,3698,,,,,,,,3,,11.50,,,,,278,True,Sprints,742,1091,1287.5,M,False,3,2024-04-27,2024-04-27,False
18190,21283,146,3708,,,,,,,,3,,11.92,,,,,278,True,Sprints,633,1005,1135.5,M,False,3,2024-04-27,2024-04-27,False
18191,21284,146,3734,,,,,,,,3,,11.90,,,,,278,True,Sprints,638,1009,1142.5,M,False,3,2024-04-27,2024-04-27,False
18192,21285,146,3721,,,,,,,,3,,12.40,,,,,278,True,Sprints,518,912,974.0,M,False,3,2024-04-27,2024-04-27,False
18193,21286,146,4149,,,,,,,,3,,11.88,,,,,278,True,Sprints,643,1013,1149.5,M,False,3,2024-04-27,2024-04-27,False
18194,21287,146,4393,,,,,,,,3,,12.25,,,,,278,True,Sprints,553,941,1023.5,M,False,3,2024-04-27,2024-04-27,False
18195,21288,146,4148,,,,,,,,3,,13.18,,,,,278,True,Sprints,357,769,741.5,M,False,3,2024-04-27,2024-04-27,False
18196,21289,146,4384,,,,,,,,3,,12.21,,,,,278,True,Sprints,562,948,1036.0,M,False,3,2024-04-27,2024-04-27,False
18197,21290,146,3728,,,,,,,,3,,12.07,,,,,278,True,Sprints,596,976,1084.0,M,False,3,2024-04-27,2024-04-27,False
18198,21291,146,3698,,,,,,,,4,,23.25,,,,,278,True,Sprints,761,1108,1315.0,M,False,3,2024-04-27,2024-04-27,False
18199,21292,146,3705,,,,,,,,4,,24.63,,,,,278,True,Sprints,599,975,1086.5,M,False,3,2024-04-27,2024-04-27,False
18200,21293,146,4384,,,,,,,,4,,25.29,,,,,278,True,Sprints,528,914,985.0,M,False,3,2024-04-27,2024-04-27,False
18201,21294,146,4148,,,,,,,,4,,25.32,,,,,278,True,Sprints,525,912,981.0,M,False,3,2024-04-27,2024-04-27,False
18202,21295,146,4387,,,,,,,,4,,25.55,,,,,278,True,Sprints,501,891,946.5,M,False,3,2024-04-27,2024-04-27,False
18203,21296,146,3705,,,,,,,,6,,55.89,,,,,278,True,Sprints,544,980,1034.0,M,False,3,2024-04-27,2024-04-27,False
18204,21297,146,4387,,,,,,,,6,,56.03,,,,,278,True,Sprints,538,975,1025.5,M,False,3,2024-04-27,2024-04-27,False
18227,21322,61,4623,,,,,,,,6,,48.67,,,,,280,True,Sprints,938,1259,1567.5,M,False,3,2024-05-03,2024-05-03,False
18228,21323,61,4042,,,,,,,,6,,49.90,,,,,280,True,Sprints,863,1209,1467.5,M,False,3,2024-05-03,2024-05-03,False
18232,21328,58,3926,,,,,,,,4,,23.48,,,,,281,True,Sprints,732,1086,1275.0,M,False,3,2024-05-03,2024-05-03,False
18233,21329,58,3929,,,,,,,,4,,24.06,,,,,281,True,Sprints,663,1029,1177.5,M,False,3,2024-05-03,2024-05-03,False
18234,21330,58,3926,,,,,,,,3,,11.56,,,,,281,True,Sprints,726,1079,1265.5,M,False,3,2024-05-03,2024-05-03,False
18235,21331,58,3929,,,,,,,,3,,11.70,,,,,281,True,Sprints,689,1050,1214.0,M,False,3,2024-05-03,2024-05-03,False
18236,21332,58,3925,,,,,,,,3,,12.11,,,,,281,True,Sprints,586,968,1070.0,M,False,3,2024-05-03,2024-05-03,False
18237,21333,108,3983,,,,,,,,3,,11.02,,,,,282,True,Sprints,877,1193,1473.5,M,False,3,2024-05-03,2024-05-03,False
18241,21337,146,3719,,,,,,,,3,,11.19,,,,,283,True,Sprints,828,1157,1406.5,M,False,3,2024-05-03,2024-05-03,False
18242,21338,146,3698,,,,,,,,3,,11.23,,,,,283,True,Sprints,817,1148,1391.0,M,False,3,2024-05-03,2024-05-03,False
18243,21339,146,4393,,,,,,,,3,,11.32,,,,,283,True,Sprints,791,1129,1355.5,M,False,3,2024-05-03,2024-05-03,False
18244,21340,146,3689,,,,,,,,3,,11.41,,,,,283,True,Sprints,766,1110,1321.0,M,False,3,2024-05-03,2024-05-03,False
18245,21341,146,3719,,,,,,,,4,,22.21,,,,,283,True,Sprints,895,1215,1502.5,M,False,3,2024-05-03,2024-05-03,False
18246,21342,146,3723,,,,,,,,4,,22.43,,,,,283,True,Sprints,866,1192,1462.0,M,False,3,2024-05-03,2024-05-03,False
18247,21343,146,3698,,,,,,,,4,,22.60,,,,,283,True,Sprints,844,1174,1431.0,M,False,3,2024-05-03,2024-05-03,False
18248,21344,146,3690,,,,,,,,4,,22.71,,,,,283,True,Sprints,829,1163,1410.5,M,False,3,2024-05-03,2024-05-03,False
18249,21345,146,3723,,,,,,,,6,,50.17,,,,,283,True,Sprints,848,1198,1447.0,M,False,3,2024-05-03,2024-05-03,False
18265,21366,159,5723,,,,,,,,3,,11.53,,,,,284,True,Sprints,734,1085,1276.5,M,False,3,2024-05-03,2024-05-03,False
18266,21367,159,2182,,,,,,,,4,,22.90,,,,,284,True,Sprints,805,1144,1377.0,M,False,3,2024-05-03,2024-05-03,False
18267,21368,159,5550,,,,,,,,4,,23.78,,,,,284,True,Sprints,696,1056,1224.0,M,False,3,2024-05-03,2024-05-03,False
18268,21369,159,5771,,,,,,,,4,,24.78,,,,,284,True,Sprints,582,961,1062.5,M,False,3,2024-05-03,2024-05-03,False
18269,21370,159,2182,,,,,,,,6,,51.31,,,,,284,True,Sprints,782,1153,1358.5,M,False,3,2024-05-03,2024-05-03,False
18296,21399,59,3908,,,,,,,,3,,11.08,,,,,285,True,Sprints,860,1180,1450.0,M,False,3,2024-05-03,2024-05-03,False
18297,21400,59,3896,,,,,,,,3,,11.09,,,,,285,True,Sprints,857,1178,1446.0,M,False,3,2024-05-03,2024-05-03,False
18298,21401,59,4522,,,,,,,,3,,11.09,,,,,285,True,Sprints,857,1178,1446.0,M,False,3,2024-05-03,2024-05-03,False
18299,21402,59,1622,,,,,,,,3,,11.11,,,,,285,True,Sprints,851,1174,1438.0,M,False,3,2024-05-03,2024-05-03,False
18300,21403,59,4083,,,,,,,,3,,11.60,,,,,285,True,Sprints,715,1070,1250.0,M,False,3,2024-05-03,2024-05-03,False
18301,21404,59,3899,,,,,,,,4,,22.61,,,,,285,True,Sprints,842,1173,1428.5,M,False,3,2024-05-03,2024-05-03,False
18302,21405,59,1622,,,,,,,,4,,23.07,,,,,285,True,Sprints,783,1126,1346.0,M,False,3,2024-05-03,2024-05-03,False
18303,21406,59,3908,,,,,,,,4,,23.24,,,,,285,True,Sprints,762,1109,1316.5,M,False,3,2024-05-03,2024-05-03,False
18304,21407,59,3902,,,,,,,,4,,23.74,,,,,285,True,Sprints,701,1060,1231.0,M,False,3,2024-05-03,2024-05-03,False
18305,21408,59,3919,,,,,,,,4,,24.19,,,,,285,True,Sprints,648,1017,1156.5,M,False,3,2024-05-03,2024-05-03,False
18306,21409,59,4077,,,,,,,,4,,25.02,,,,,285,True,Sprints,556,939,1025.5,M,False,3,2024-05-03,2024-05-03,False
18307,21410,59,1639,,,,,,,,4,,26.00,,,,,285,True,Sprints,457,851,882.5,M,False,3,2024-05-03,2024-05-03,False
18308,21411,59,3902,,,,,,,,6,,53.17,,,,,285,True,Sprints,680,1081,1220.5,M,False,3,2024-05-03,2024-05-03,False
18309,21412,59,1624,,,,,,,,6,,53.40,,,,,285,True,Sprints,668,1072,1204.0,M,False,3,2024-05-03,2024-05-03,False
18310,21413,59,3919,,,,,,,,6,,54.44,,,,,285,True,Sprints,615,1033,1131.5,M,False,3,2024-05-03,2024-05-03,False
18311,21414,59,1639,,,,,,,,6,,56.33,,,,,285,True,Sprints,524,964,1006.0,M,False,3,2024-05-03,2024-05-03,False
18372,21478,124,3843,,,,,,,,3,,10.96,,,,,289,True,Sprints,895,1206,1498.0,M,False,3,2024-05-09,2024-05-10,False
18373,21479,124,3843,,,,,,,,4,,22.40,,,,,289,True,Sprints,870,1195,1467.5,M,False,3,2024-05-09,2024-05-10,False
18381,21487,49,3781,,,,,,,,3,,12.06,,,,,290,True,Sprints,598,978,1087.0,M,False,3,2024-05-10,2024-05-11,False
18382,21488,49,3781,,,,,,,,4,,24.29,,,,,290,True,Sprints,637,1007,1140.5,M,False,3,2024-05-10,2024-05-11,False
18383,21489,49,3778,,,,,,,,6,,53.59,,,,,290,True,Sprints,658,1065,1190.5,M,False,3,2024-05-10,2024-05-11,False
18384,21490,49,3781,,,,,,,,6,,54.39,,,,,290,True,Sprints,617,1035,1134.5,M,False,3,2024-05-10,2024-05-11,False
18402,21509,19,5165,,,,,,,,3,,11.50,,,,,291,True,Sprints,742,1091,1287.5,M,False,3,2024-05-11,2024-05-11,False
18403,21510,19,5791,,,,,,,,3,,11.99,,,,,291,True,Sprints,615,990,1110.0,M,False,3,2024-05-11,2024-05-11,False
18404,21511,19,5762,,,,,,,,4,,22.68,,,,,291,True,Sprints,833,1166,1416.0,M,False,3,2024-05-11,2024-05-11,False
18405,21512,19,5148,,,,,,,,4,,22.68,,,,,291,True,Sprints,833,1166,1416.0,M,False,3,2024-05-11,2024-05-11,False
18406,21513,19,5761,,,,,,,,4,,22.71,,,,,291,True,Sprints,829,1163,1410.5,M,False,3,2024-05-11,2024-05-11,False
18407,21514,19,5165,,,,,,,,4,,23.53,,,,,291,True,Sprints,726,1081,1266.5,M,False,3,2024-05-11,2024-05-11,False
18408,21515,19,5791,,,,,,,,4,,25.15,,,,,291,True,Sprints,543,927,1006.5,M,False,3,2024-05-11,2024-05-11,False
18409,21516,19,5792,,,,,,,,4,,25.59,,,,,291,True,Sprints,497,887,940.5,M,False,3,2024-05-11,2024-05-11,False
18410,21517,19,5762,,,,,,,,6,,50.08,,,,,291,True,Sprints,853,1202,1454.0,M,False,3,2024-05-11,2024-05-11,False
18411,21518,19,5148,,,,,,,,6,,52.42,,,,,291,True,Sprints,720,1110,1275.0,M,False,3,2024-05-11,2024-05-11,False
18429,21536,19,5761,,,,,,,,3,,11.11,,,,,291,True,Sprints,851,1174,1438.0,M,False,3,2024-05-11,2024-05-11,False
18441,21548,61,4944,,,,,,,,3,,11.09,,,,,292,True,Sprints,857,1178,1446.0,M,False,3,2024-05-12,2024-05-12,False
18443,21551,61,2273,,,,,,,,6,,53.40,,,,,292,True,Sprints,668,1072,1204.0,M,False,3,2024-05-12,2024-05-12,False
18444,21552,61,4944,,,,,,,,6,,53.67,,,,,292,True,Sprints,654,1062,1185.0,M,False,3,2024-05-12,2024-05-12,False
18445,21553,61,4622,,,,,,,,6,,54.18,,,,,292,True,Sprints,628,1043,1149.5,M,False,3,2024-05-12,2024-05-12,False
18447,21555,61,4623,,,,,,,,4,,21.95,,,,,292,True,Sprints,931,1242,1552.0,M,False,3,2024-05-12,2024-05-12,False
18448,21556,61,4944,,,,,,,,4,,22.61,,,,,292,True,Sprints,842,1173,1428.5,M,False,3,2024-05-12,2024-05-12,False
18454,21550,61,5745,,,,,,,,6,,52.54,,,,,292,True,Sprints,714,1105,1266.5,M,False,3,2024-05-12,2024-05-12,False
26630,14653,88,3616,So,,,,,,,3,,11.82,,,,,181,True,Sprints,658,1026,1171.0,M,False,3,2024-03-14,2024-03-16,False
26631,14655,88,4073,Fr,,,,,,,4,,23.42,,,,,181,True,Sprints,740,1092,1286.0,M,False,3,2024-03-14,2024-03-16,False
26632,14656,88,3616,So,,,,,,,4,,23.87,,,,,181,True,Sprints,685,1047,1208.5,M,False,3,2024-03-14,2024-03-16,False
28360,16012,188,928,,,,,,,,6,,52.60,,,,,210,True,Sprints,711,1103,1262.5,M,False,3,2024-03-24,2024-03-24,False
28362,17818,188,928,,,,,,,,6,,52.98,,,,,227,True,Sprints,690,1088,1234.0,M,False,3,2024-04-06,2024-04-07,True
34387,100185,19,5165,,,,,,,,3,,11.56,,,,,1170,True,Sprints,726,1079,1265.5,M,False,3,2024-05-04,2024-05-04,False
34388,100186,19,5791,,,,,,,,3,,12.17,,,,,1170,True,Sprints,572,956,1050.0,M,False,3,2024-05-04,2024-05-04,False
34389,100187,19,26064,,,,,,,,3,,12.46,,,,,1170,True,Sprints,505,900,955.0,M,False,3,2024-05-04,2024-05-04,False
34391,100189,19,5165,,,,,,,,4,,23.66,,,,,1170,True,Sprints,710,1068,1244.0,M,False,3,2024-05-04,2024-05-04,False
34392,100190,19,5791,,,,,,,,4,,25.54,,,,,1170,True,Sprints,502,892,948.0,M,False,3,2024-05-04,2024-05-04,False
35229,100192,19,5762,,,,,,,,6,,50.50,,,,,1170,True,Sprints,828,1185,1420.5,M,False,3,2024-05-04,2024-05-04,False
37786,17576,73,5257,,,,,,,,3,Prelims,11.78,,,,,227,True,Sprints,668,1034,1185.0,M,False,3,2024-04-06,2024-04-07,True
42945,15650,130,6849,,,,,,,,6,,1:05.69,,,,,202,True,Sprints,180,657,508.5,M,False,3,2024-03-23,2024-03-23,False
62557,16709,124,3836,,,,,,,,3,,11.59,,,,,223,True,Sprints,718,1072,1254.0,M,False,3,2024-03-30,2024-03-30,False
62558,16714,124,3836,,,,,,,,4,,23.52,,,,,223,True,Sprints,727,1082,1268.0,M,False,3,2024-03-30,2024-03-30,False
62561,16063,205,4485,,,,,,,,4,,26.05,,,,,210,True,Sprints,452,847,875.5,M,False,3,2024-03-24,2024-03-24,False
62568,17704,158,4333,,,,,,,,4,Prelims,24.12,,,,,227,True,Sprints,656,1023,1167.5,M,False,3,2024-04-06,2024-04-07,True
62614,20653,196,960,,,,,,,,6,,1:04.81,,,,,261,True,Sprints,205,683,546.5,M,False,3,2024-04-21,2024-04-21,False
30790,98988,146,4150,,,,,,,,6,,52.26,,,,,1137,True,Sprints,729,1116,1287.0,M,False,3,2025-03-22,2025-03-22,False
30977,99696,32,18775,,,,,,,,4,,24.60,,,,3.3,1163,True,Sprints,602,978,1091.0,M,False,3,2025-03-21,2025-03-22,False
31048,99697,32,18775,,,,,,,,6,,55.12,,,,,1163,True,Sprints,581,1008,1085.0,M,False,3,2025-03-21,2025-03-22,False
31468,96899,79,25856,,,,,,,,6,,49.63,,,,,1092,True,Sprints,880,1220,1490.0,M,False,3,2025-03-07,2025-03-08,False
31469,96900,79,25857,,,,,,,,6,,52.55,,,,,1092,True,Sprints,713,1105,1265.5,M,False,3,2025-03-07,2025-03-08,False
31470,96901,79,25858,,,,,,,,6,,53.98,,,,,1092,True,Sprints,638,1050,1163.0,M,False,3,2025-03-07,2025-03-08,False
31471,96902,79,4581,,,,,,,,6,,55.04,,,,,1092,True,Sprints,585,1011,1090.5,M,False,3,2025-03-07,2025-03-08,False
31473,96904,79,25859,,,,,,,,3,,11.58,,,,,1092,True,Sprints,720,1075,1257.5,M,False,3,2025-03-07,2025-03-08,False
31474,96905,79,3610,,,,,,,,3,,11.84,,,,,1092,True,Sprints,653,1021,1163.5,M,False,3,2025-03-07,2025-03-08,False
31475,96906,79,25860,,,,,,,,3,,14.18,,,,,1092,True,Sprints,194,605,496.5,M,False,3,2025-03-07,2025-03-08,False
31485,96916,79,25856,,,,,,,,4,,23.07,,,,,1092,True,Sprints,783,1126,1346.0,M,False,3,2025-03-07,2025-03-08,False
31486,96917,79,25859,,,,,,,,4,,23.69,,,,,1092,True,Sprints,707,1065,1239.5,M,False,3,2025-03-07,2025-03-08,False
31487,96918,79,3610,,,,,,,,4,,23.99,,,,,1092,True,Sprints,671,1036,1189.0,M,False,3,2025-03-07,2025-03-08,False
31488,96919,79,25860,,,,,,,,4,,29.68,,,,,1092,True,Sprints,171,560,451.0,M,False,3,2025-03-07,2025-03-08,False
31648,97020,166,24470,,,,,,,,4,,32.41,,,,,1093,True,Sprints,48,383,239.5,M,False,3,2025-03-08,2025-03-08,False
31773,96941,166,24460,,,,,,,,3,,11.13,,,,,1093,True,Sprints,845,1169,1429.5,M,False,3,2025-03-08,2025-03-08,False
31774,96942,166,4727,,,,,,,,3,,11.19,,,,,1093,True,Sprints,828,1157,1406.5,M,False,3,2025-03-08,2025-03-08,False
31775,96943,166,25667,,,,,,,,3,,11.24,,,,,1093,True,Sprints,814,1146,1387.0,M,False,3,2025-03-08,2025-03-08,False
31776,96944,139,4346,,,,,,,,3,,11.44,,,,,1093,True,Sprints,758,1104,1310.0,M,False,3,2025-03-08,2025-03-08,False
31777,96945,69,24886,,,,,,,,3,,11.48,,,,,1093,True,Sprints,747,1095,1294.5,M,False,3,2025-03-08,2025-03-08,False
31778,96947,139,25862,,,,,,,,3,,11.78,,,,,1093,True,Sprints,668,1034,1185.0,M,False,3,2025-03-08,2025-03-08,False
31779,96948,139,18712,,,,,,,,3,,11.82,,,,,1093,True,Sprints,658,1026,1171.0,M,False,3,2025-03-08,2025-03-08,False
31780,96949,69,25863,,,,,,,,3,,11.86,,,,,1093,True,Sprints,648,1017,1156.5,M,False,3,2025-03-08,2025-03-08,False
31781,96950,139,25018,,,,,,,,3,,11.96,,,,,1093,True,Sprints,623,997,1121.5,M,False,3,2025-03-08,2025-03-08,False
31782,96951,69,2616,,,,,,,,3,,11.97,,,,,1093,True,Sprints,620,995,1117.5,M,False,3,2025-03-08,2025-03-08,False
31783,96952,139,25864,,,,,,,,3,,11.99,,,,,1093,True,Sprints,615,990,1110.0,M,False,3,2025-03-08,2025-03-08,False
31784,96953,166,24470,,,,,,,,3,,12.00,,,,,1093,True,Sprints,613,990,1108.0,M,False,3,2025-03-08,2025-03-08,False
31785,96954,157,5697,,,,,,,,3,,12.01,,,,,1093,True,Sprints,610,988,1104.0,M,False,3,2025-03-08,2025-03-08,False
31786,96955,157,5698,,,,,,,,3,,12.03,,,,,1093,True,Sprints,605,984,1097.0,M,False,3,2025-03-08,2025-03-08,False
31787,96956,166,24971,,,,,,,,3,,12.04,,,,,1093,True,Sprints,603,982,1094.0,M,False,3,2025-03-08,2025-03-08,False
31788,96957,69,24890,,,,,,,,3,,12.08,,,,,1093,True,Sprints,593,974,1080.0,M,False,3,2025-03-08,2025-03-08,False
31789,96958,157,25865,,,,,,,,3,,12.13,,,,,1093,True,Sprints,581,964,1063.0,M,False,3,2025-03-08,2025-03-08,False
31790,96959,157,25866,,,,,,,,3,,12.73,,,,,1093,True,Sprints,446,850,871.0,M,False,3,2025-03-08,2025-03-08,False
31791,96960,69,2565,,,,,,,,3,,12.92,,,,,1093,True,Sprints,407,816,815.0,M,False,3,2025-03-08,2025-03-08,False
31792,96961,69,3021,,,,,,,,3,,13.17,,,,,1093,True,Sprints,359,771,744.5,M,False,3,2025-03-08,2025-03-08,False
31793,96962,139,7696,,,,,,,,3,,13.69,,,,,1093,True,Sprints,268,683,609.5,M,False,3,2025-03-08,2025-03-08,False
31794,96963,139,5309,,,,,,,,3,,13.79,,,,,1093,True,Sprints,252,667,585.5,M,False,3,2025-03-08,2025-03-08,False
31815,96985,166,4727,,,,,,,,6,,50.93,,,,,1093,True,Sprints,803,1168,1387.0,M,False,3,2025-03-08,2025-03-08,False
31816,96986,166,19398,,,,,,,,6,,53.43,,,,,1093,True,Sprints,667,1071,1202.5,M,False,3,2025-03-08,2025-03-08,False
31817,96987,139,11494,,,,,,,,6,,53.69,,,,,1093,True,Sprints,653,1061,1183.5,M,False,3,2025-03-08,2025-03-08,False
31818,96988,139,4347,,,,,,,,6,,1:00.26,,,,,1093,True,Sprints,358,828,772.0,M,False,3,2025-03-08,2025-03-08,False
31819,96989,139,4348,,,,,,,,6,,1:00.47,,,,,1093,True,Sprints,350,821,760.5,M,False,3,2025-03-08,2025-03-08,False
31820,96990,69,2565,,,,,,,,6,,1:01.29,,,,,1093,True,Sprints,319,794,716.0,M,False,3,2025-03-08,2025-03-08,False
31821,96991,139,25872,,,,,,,,6,,1:04.47,,,,,1093,True,Sprints,215,694,562.0,M,False,3,2025-03-08,2025-03-08,False
31822,96992,69,3021,,,,,,,,6,,1:04.66,,,,,1093,True,Sprints,209,688,553.0,M,False,3,2025-03-08,2025-03-08,False
31823,96993,157,25866,,,,,,,,6,,1:05.95,,,,,1093,True,Sprints,173,649,497.5,M,False,3,2025-03-08,2025-03-08,False
31837,97010,166,24460,,,,,,,,4,,23.76,,,,,1093,True,Sprints,698,1058,1227.0,M,False,3,2025-03-08,2025-03-08,False
31838,97012,166,19398,,,,,,,,4,,25.26,,,,,1093,True,Sprints,531,917,989.5,M,False,3,2025-03-08,2025-03-08,False
31839,97013,139,25018,,,,,,,,4,,25.29,,,,,1093,True,Sprints,528,914,985.0,M,False,3,2025-03-08,2025-03-08,False
31840,97014,69,25863,,,,,,,,4,,25.88,,,,,1093,True,Sprints,469,862,900.0,M,False,3,2025-03-08,2025-03-08,False
31841,97015,166,24971,,,,,,,,4,,25.99,,,,,1093,True,Sprints,458,852,884.0,M,False,3,2025-03-08,2025-03-08,False
31842,97016,69,24890,,,,,,,,4,,26.11,,,,,1093,True,Sprints,446,842,867.0,M,False,3,2025-03-08,2025-03-08,False
31843,97017,157,25865,,,,,,,,4,,26.97,,,,,1093,True,Sprints,368,768,752.0,M,False,3,2025-03-08,2025-03-08,False
31844,97018,69,3021,,,,,,,,4,,27.46,,,,,1093,True,Sprints,327,728,691.0,M,False,3,2025-03-08,2025-03-08,False
31845,97019,69,2565,,,,,,,,4,,27.69,,,,,1093,True,Sprints,309,710,664.0,M,False,3,2025-03-08,2025-03-08,False
31853,97011,69,25673,,,,,,,,4,,24.52,,,,,1093,True,Sprints,611,985,1103.5,M,False,3,2025-03-08,2025-03-08,False
33748,97812,11,26000,,,,,,,,4,,25.04,,,,0.9,1101,True,Sprints,554,937,1022.5,M,False,3,2025-03-08,2025-03-08,False
33841,97731,158,3680,,,,,,,,3,,11.59,,,,4.0,1098,True,Sprints,718,1072,1254.0,M,False,3,2025-03-08,2025-03-08,False
33842,97732,158,3682,,,,,,,,3,,11.96,,,,4.0,1098,True,Sprints,623,997,1121.5,M,False,3,2025-03-08,2025-03-08,False
33843,97733,158,25474,,,,,,,,3,,12.37,,,,4.0,1098,True,Sprints,525,918,984.0,M,False,3,2025-03-08,2025-03-08,False
33844,97734,158,3680,,,,,,,,4,,24.52,,,,-0.9,1098,True,Sprints,611,985,1103.5,M,False,3,2025-03-08,2025-03-08,False
33845,97735,158,23919,,,,,,,,4,,25.45,,,,2.1,1098,True,Sprints,512,900,962.0,M,False,3,2025-03-08,2025-03-08,False
33846,97736,158,25474,,,,,,,,4,,25.79,,,,-0.9,1098,True,Sprints,477,870,912.0,M,False,3,2025-03-08,2025-03-08,False
33847,97737,158,3682,,,,,,,,4,,26.37,,,,-0.9,1098,True,Sprints,422,819,831.5,M,False,3,2025-03-08,2025-03-08,False
33848,97738,158,3678,,,,,,,,4,,32.02,,,,2.1,1098,True,Sprints,61,406,264.0,M,False,3,2025-03-08,2025-03-08,False
33849,97739,158,23919,,,,,,,,6,,56.20,,,,,1098,True,Sprints,530,969,1014.5,M,False,3,2025-03-08,2025-03-08,False
33850,97740,158,4337,,,,,,,,6,,1:00.02,,,,,1098,True,Sprints,367,836,785.0,M,False,3,2025-03-08,2025-03-08,False
34031,97790,84,25109,,,,,,,,4,,24.83,,,,1.4,1100,True,Sprints,577,956,1055.0,M,False,3,2025-03-08,2025-03-08,False
34032,97791,84,25997,,,,,,,,6,,51.90,,,,,1100,True,Sprints,749,1130,1314.0,M,False,3,2025-03-08,2025-03-08,False
34033,97792,84,23460,,,,,,,,6,,1:05.53,,,,,1100,True,Sprints,184,662,515.0,M,False,3,2025-03-08,2025-03-08,False
34043,97803,95,25998,,,,,,,,3,,11.14,,,,2.4,1100,True,Sprints,842,1167,1425.5,M,False,3,2025-03-08,2025-03-08,False
34044,97804,95,25998,,,,,,,,4,,22.68,,,,0.6,1100,True,Sprints,833,1166,1416.0,M,False,3,2025-03-08,2025-03-08,False
34101,97847,15,5140,,,,,,,,4,,25.53,,,,2.7,1101,True,Sprints,503,893,949.5,M,False,3,2025-03-08,2025-03-08,False
34130,97875,95,25998,,,,,,,,3,,11.19,,,,-0.3,1102,True,Sprints,828,1157,1406.5,M,False,3,2025-03-07,2025-03-07,False
34131,97876,95,25271,,,,,,,,3,,11.56,,,,-0.4,1102,True,Sprints,726,1079,1265.5,M,False,3,2025-03-07,2025-03-07,False
34132,97877,95,25271,,,,,,,,4,,23.13,,,,-0.2,1102,True,Sprints,776,1120,1336.0,M,False,3,2025-03-07,2025-03-07,False
34133,97878,95,26010,,,,,,,,4,,25.81,,,,0.5,1102,True,Sprints,476,868,910.0,M,False,3,2025-03-07,2025-03-07,False
34134,97879,95,26011,,,,,,,,4,,30.22,,,,-0.2,1102,True,Sprints,141,522,402.0,M,False,3,2025-03-07,2025-03-07,False
35248,101522,157,26519,,,,,,,,4,,25.14,,,,-1.0,1219,True,Sprints,544,928,1008.0,M,False,3,2025-03-28,2025-03-29,False
35249,101523,157,5697,,,,,,,,4,,25.53,,,,-0.1,1219,True,Sprints,503,893,949.5,M,False,3,2025-03-28,2025-03-29,False
35250,101524,157,26520,,,,,,,,4,,25.76,,,,-0.4,1219,True,Sprints,480,872,916.0,M,False,3,2025-03-28,2025-03-29,False
35414,100978,146,24880,,,,,,,,3,,11.35,,,,3.4,1212,True,Sprints,783,1123,1344.5,M,False,3,2025-03-29,2025-03-29,False
35441,100973,146,4393,,,,,,,,3,,10.91,,,,3.9,1212,True,Sprints,910,1217,1518.5,M,False,3,2025-03-29,2025-03-29,False
35442,100974,146,3698,,,,,,,,3,,10.94,,,,3.9,1212,True,Sprints,901,1211,1506.5,M,False,3,2025-03-29,2025-03-29,False
35443,100975,146,24581,,,,,,,,3,,10.98,,,,3.9,1212,True,Sprints,889,1202,1490.0,M,False,3,2025-03-29,2025-03-29,False
35444,100976,146,3719,,,,,,,,3,,11.02,,,,3.9,1212,True,Sprints,877,1193,1473.5,M,False,3,2025-03-29,2025-03-29,False
35445,100977,146,3701,,,,,,,,3,,11.17,,,,3.4,1212,True,Sprints,834,1161,1414.5,M,False,3,2025-03-29,2025-03-29,False
35446,100979,146,3710,,,,,,,,3,,11.51,,,,2.4,1212,True,Sprints,739,1089,1283.5,M,False,3,2025-03-29,2025-03-29,False
35447,100980,146,3689,,,,,,,,3,,11.52,,,,2.4,1212,True,Sprints,736,1087,1279.5,M,False,3,2025-03-29,2025-03-29,False
35448,100981,146,4149,,,,,,,,3,,11.58,,,,2.4,1212,True,Sprints,720,1075,1257.5,M,False,3,2025-03-29,2025-03-29,False
35449,100982,146,26153,,,,,,,,3,,12.28,,,,2.4,1212,True,Sprints,546,935,1013.5,M,False,3,2025-03-29,2025-03-29,False
35571,100983,146,3720,,,,,,,,3,,12.39,,,,3.6,1212,True,Sprints,521,914,978.0,M,False,3,2025-03-29,2025-03-29,False
35572,100984,146,24889,,,,,,,,3,,12.43,,,,2.4,1212,True,Sprints,512,906,965.0,M,False,3,2025-03-29,2025-03-29,False
35573,100985,146,3724,,,,,,,,3,,12.83,,,,3.6,1212,True,Sprints,426,832,842.0,M,False,3,2025-03-29,2025-03-29,False
35574,100986,146,24580,,,,,,,,4,,21.92,,,,4.1,1212,True,Sprints,935,1245,1557.5,M,False,3,2025-03-29,2025-03-29,False
35575,100987,146,24574,,,,,,,,4,,22.07,,,,4.1,1212,True,Sprints,914,1229,1528.5,M,False,3,2025-03-29,2025-03-29,False
35576,100988,146,3698,,,,,,,,4,,22.08,,,,2.8,1212,True,Sprints,913,1228,1527.0,M,False,3,2025-03-29,2025-03-29,False
35577,100989,146,4393,,,,,,,,4,,22.14,,,,2.8,1212,True,Sprints,905,1222,1516.0,M,False,3,2025-03-29,2025-03-29,False
35578,100990,146,3719,,,,,,,,4,,22.37,,,,2.8,1212,True,Sprints,874,1198,1473.0,M,False,3,2025-03-29,2025-03-29,False
35579,100991,146,3701,,,,,,,,4,,22.62,,,,2.8,1212,True,Sprints,841,1172,1427.0,M,False,3,2025-03-29,2025-03-29,False
35580,100992,146,3691,,,,,,,,4,,22.70,,,,1.0,1212,True,Sprints,831,1164,1413.0,M,False,3,2025-03-29,2025-03-29,False
35581,100993,146,24581,,,,,,,,4,,22.98,,,,1.0,1212,True,Sprints,795,1136,1363.0,M,False,3,2025-03-29,2025-03-29,False
35582,100994,146,3690,,,,,,,,4,,22.99,,,,2.8,1212,True,Sprints,793,1135,1360.5,M,False,3,2025-03-29,2025-03-29,False
35583,100997,146,3728,,,,,,,,4,,23.45,,,,2.8,1212,True,Sprints,736,1089,1280.5,M,False,3,2025-03-29,2025-03-29,False
35584,100998,146,4149,,,,,,,,4,,23.87,,,,3.4,1212,True,Sprints,685,1047,1208.5,M,False,3,2025-03-29,2025-03-29,False
35585,100999,146,4386,,,,,,,,4,,23.92,,,,2.8,1212,True,Sprints,680,1043,1201.5,M,False,3,2025-03-29,2025-03-29,False
35586,101000,146,4387,,,,,,,,4,,24.81,,,,1.6,1212,True,Sprints,579,958,1058.0,M,False,3,2025-03-29,2025-03-29,False
35587,101001,146,4380,,,,,,,,4,,25.01,,,,1.6,1212,True,Sprints,557,940,1027.0,M,False,3,2025-03-29,2025-03-29,False
35588,101002,146,24889,,,,,,,,4,,25.31,,,,1.6,1212,True,Sprints,526,913,982.5,M,False,3,2025-03-29,2025-03-29,False
35589,101003,146,4148,,,,,,,,4,,25.45,,,,1.6,1212,True,Sprints,512,900,962.0,M,False,3,2025-03-29,2025-03-29,False
35590,101004,146,3720,,,,,,,,4,,25.54,,,,1.6,1212,True,Sprints,502,892,948.0,M,False,3,2025-03-29,2025-03-29,False
35591,101005,146,3709,,,,,,,,4,,25.55,,,,2.4,1212,True,Sprints,501,891,946.5,M,False,3,2025-03-29,2025-03-29,False
35592,101006,146,24608,,,,,,,,4,,25.59,,,,1.6,1212,True,Sprints,497,887,940.5,M,False,3,2025-03-29,2025-03-29,False
35593,101007,146,3691,,,,,,,,6,,51.95,,,,,1212,True,Sprints,746,1128,1310.0,M,False,3,2025-03-29,2025-03-29,False
35594,101008,146,24669,,,,,,,,6,,52.87,,,,,1212,True,Sprints,696,1093,1242.5,M,False,3,2025-03-29,2025-03-29,False
35595,101009,146,24580,,,,,,,,6,,52.90,,,,,1212,True,Sprints,694,1091,1239.5,M,False,3,2025-03-29,2025-03-29,False
35596,101010,146,4386,,,,,,,,6,,53.52,,,,,1212,True,Sprints,662,1068,1196.0,M,False,3,2025-03-29,2025-03-29,False
35597,101011,146,3728,,,,,,,,6,,53.98,,,,,1212,True,Sprints,638,1050,1163.0,M,False,3,2025-03-29,2025-03-29,False
35598,101012,146,3708,,,,,,,,6,,54.03,,,,,1212,True,Sprints,636,1049,1160.5,M,False,3,2025-03-29,2025-03-29,False
35599,101013,146,24673,,,,,,,,6,,54.41,,,,,1212,True,Sprints,616,1034,1133.0,M,False,3,2025-03-29,2025-03-29,False
35600,101014,146,3729,,,,,,,,6,,55.60,,,,,1212,True,Sprints,558,991,1053.5,M,False,3,2025-03-29,2025-03-29,False
35601,101015,146,4387,,,,,,,,6,,56.41,,,,,1212,True,Sprints,520,961,1000.5,M,False,3,2025-03-29,2025-03-29,False
35602,101016,146,24609,,,,,,,,6,,57.53,,,,,1212,True,Sprints,470,921,930.5,M,False,3,2025-03-29,2025-03-29,False
35603,101017,146,4380,,,,,,,,6,,1:01.28,,,,,1212,True,Sprints,320,794,717.0,M,False,3,2025-03-29,2025-03-29,False
35604,101018,146,24608,,,,,,,,6,,1:02.48,,,,,1212,True,Sprints,278,756,656.0,M,False,3,2025-03-29,2025-03-29,False
35624,100996,146,24880,,,,,,,,4,,23.27,,,,4.1,1212,True,Sprints,758,1106,1311.0,M,False,3,2025-03-29,2025-03-29,False
35654,98052,19,5761,,,,,,,,4,,22.93,,,,,1108,True,Sprints,801,1141,1371.5,M,False,3,2025-03-08,2025-03-08,False
35655,98053,19,5761,,,,,,,,6,,51.74,,,,,1108,True,Sprints,758,1136,1326.0,M,False,3,2025-03-08,2025-03-08,False
36039,101082,101,8022,,,,,,,,4,,26.29,,,,0.8,1213,True,Sprints,429,826,842.0,M,False,3,2025-03-29,2025-03-29,False
36040,101083,101,8022,,,,,,,,6,,59.63,,,,,1213,True,Sprints,382,849,806.5,M,False,3,2025-03-29,2025-03-29,False
36386,101121,124,3843,,,,,,,,3,,10.95,,,,2.0,1213,True,Sprints,898,1209,1502.5,M,False,3,2025-03-29,2025-03-29,False
36387,101122,124,3846,,,,,,,,4,,21.21,,,,2.4,1213,True,Sprints,1035,1321,1695.5,M,False,3,2025-03-29,2025-03-29,False
36698,98199,19,26030,,,,,,,,6,,54.80,,,,,1119,True,Sprints,597,1020,1107.0,M,False,3,2025-03-15,2025-03-15,False
36701,98202,19,25499,,,,,,,,3,,11.44,,,,,1119,True,Sprints,758,1104,1310.0,M,False,3,2025-03-15,2025-03-15,False
36702,98203,19,5165,,,,,,,,3,,12.33,,,,,1119,True,Sprints,534,925,996.5,M,False,3,2025-03-15,2025-03-15,False
36703,98204,19,26063,,,,,,,,3,,12.43,,,,,1119,True,Sprints,512,906,965.0,M,False,3,2025-03-15,2025-03-15,False
36704,98205,19,5791,,,,,,,,3,,12.59,,,,,1119,True,Sprints,476,876,914.0,M,False,3,2025-03-15,2025-03-15,False
36705,98206,19,26064,,,,,,,,3,,12.65,,,,,1119,True,Sprints,463,865,895.5,M,False,3,2025-03-15,2025-03-15,False
36706,98207,19,26065,,,,,,,,3,,12.77,,,,,1119,True,Sprints,438,843,859.5,M,False,3,2025-03-15,2025-03-15,False
36707,98208,19,26066,,,,,,,,3,,12.78,,,,,1119,True,Sprints,436,841,856.5,M,False,3,2025-03-15,2025-03-15,False
36758,101161,88,4073,,,,,,,,3,,11.31,,,,1.2,1214,True,Sprints,794,1131,1359.5,M,False,3,2025-03-29,2025-03-29,False
36760,101162,88,4073,,,,,,,,4,,22.96,,,,0.5,1214,True,Sprints,797,1138,1366.0,M,False,3,2025-03-29,2025-03-29,False
36801,101123,124,3838,,,,,,,,4,,24.49,,,,0.6,1213,True,Sprints,614,988,1108.0,M,False,3,2025-03-29,2025-03-29,False
36802,101124,124,3843,,,,,,,,4,,36.83,,,,1.1,1213,True,Sprints,0,168,84.0,M,False,3,2025-03-29,2025-03-29,False
36803,101125,124,24409,,,,,,,,6,,52.41,,,,,1213,True,Sprints,721,1110,1276.0,M,False,3,2025-03-29,2025-03-29,False
36804,101126,124,3838,,,,,,,,6,,55.91,,,,,1213,True,Sprints,543,979,1032.5,M,False,3,2025-03-29,2025-03-29,False
36805,101127,124,24733,,,,,,,,6,,58.15,,,,,1213,True,Sprints,443,900,893.0,M,False,3,2025-03-29,2025-03-29,False
36806,101128,124,19104,,,,,,,,6,,58.78,,,,,1213,True,Sprints,417,878,856.0,M,False,3,2025-03-29,2025-03-29,False
36807,101129,124,2022,,,,,,,,6,,1:00.78,,,,,1213,True,Sprints,338,811,743.5,M,False,3,2025-03-29,2025-03-29,False
37469,98323,11,4056,,,,,,,,4,,23.30,,,,-0.3,1128,True,Sprints,754,1103,1305.5,M,False,3,2025-03-15,2025-03-15,False
37470,98324,11,4056,,,,,,,,6,,51.47,,,,,1128,True,Sprints,773,1147,1346.5,M,False,3,2025-03-15,2025-03-15,False
37620,98356,15,26078,,,,,,,,4,,22.70,,,,-0.8,1130,True,Sprints,831,1164,1413.0,M,False,3,2025-03-14,2025-03-15,False
37621,98357,15,26078,,,,,,,,6,,49.20,,,,,1130,True,Sprints,906,1237,1524.5,M,False,3,2025-03-14,2025-03-15,False
37622,98358,15,26079,,,,,,,,6,,55.99,,,,,1130,True,Sprints,540,976,1028.0,M,False,3,2025-03-14,2025-03-15,False
38589,101186,156,24541,,,,,,,,3,,11.61,,,,-1.2,1216,True,Sprints,712,1068,1246.0,M,False,3,2025-03-28,2025-03-29,False
38590,101187,156,26156,,,,,,,,3,,11.85,,,,-1.2,1216,True,Sprints,650,1019,1159.5,M,False,3,2025-03-28,2025-03-29,False
38591,101188,156,26158,,,,,,,,3,,13.62,,,,-1.3,1216,True,Sprints,279,694,626.0,M,False,3,2025-03-28,2025-03-29,False
38592,101189,156,24541,,,,,,,,4,,22.57,,,,-0.8,1216,True,Sprints,847,1177,1435.5,M,False,3,2025-03-28,2025-03-29,False
38593,101190,156,26156,,,,,,,,4,,24.06,,,,-1.9,1216,True,Sprints,663,1029,1177.5,M,False,3,2025-03-28,2025-03-29,False
38594,101191,156,24545,,,,,,,,4,,24.70,,,,-1.9,1216,True,Sprints,591,969,1075.5,M,False,3,2025-03-28,2025-03-29,False
38595,101192,156,24548,,,,,,,,6,,51.68,,,,,1216,True,Sprints,761,1139,1330.5,M,False,3,2025-03-28,2025-03-29,False
38596,101193,156,2368,,,,,,,,6,,55.26,,,,,1216,True,Sprints,574,1003,1075.5,M,False,3,2025-03-28,2025-03-29,False
38644,98417,73,5257,,,,,,,,3,,11.41,,,,,1133,True,Sprints,766,1110,1321.0,M,False,3,2025-03-22,2025-03-22,False
38645,98418,79,25859,,,,,,,,3,,11.53,,,,,1133,True,Sprints,734,1085,1276.5,M,False,3,2025-03-22,2025-03-22,False
38646,98419,223,26090,,,,,,,,3,,11.55,,,,,1133,True,Sprints,728,1081,1268.5,M,False,3,2025-03-22,2025-03-22,False
38647,98420,88,25155,,,,,,,,3,,11.58,,,,,1133,True,Sprints,720,1075,1257.5,M,False,3,2025-03-22,2025-03-22,False
38648,98421,79,3610,,,,,,,,3,,11.61,,,,,1133,True,Sprints,712,1068,1246.0,M,False,3,2025-03-22,2025-03-22,False
38649,98422,73,5259,,,,,,,,3,,11.96,,,,,1133,True,Sprints,623,997,1121.5,M,False,3,2025-03-22,2025-03-22,False
38650,98423,223,26091,,,,,,,,3,,12.00,,,,,1133,True,Sprints,613,990,1108.0,M,False,3,2025-03-22,2025-03-22,False
38651,98424,63,25176,,,,,,,,3,,12.22,,,,,1133,True,Sprints,560,946,1033.0,M,False,3,2025-03-22,2025-03-22,False
38652,98425,79,26089,,,,,,,,3,,12.32,,,,,1133,True,Sprints,537,927,1000.5,M,False,3,2025-03-22,2025-03-22,False
38653,98426,223,26092,,,,,,,,3,,12.50,,,,,1133,True,Sprints,496,893,942.5,M,False,3,2025-03-22,2025-03-22,False
38654,98427,223,26093,,,,,,,,3,,12.63,,,,,1133,True,Sprints,468,869,902.5,M,False,3,2025-03-22,2025-03-22,False
38655,98428,79,26094,,,,,,,,3,,12.71,,,,,1133,True,Sprints,451,854,878.0,M,False,3,2025-03-22,2025-03-22,False
38656,98429,79,3609,,,,,,,,3,,12.88,,,,,1133,True,Sprints,416,823,827.5,M,False,3,2025-03-22,2025-03-22,False
38657,98430,76,26095,,,,,,,,3,,12.91,,,,,1133,True,Sprints,410,817,818.5,M,False,3,2025-03-22,2025-03-22,False
38658,98431,223,26096,,,,,,,,3,,13.01,,,,,1133,True,Sprints,390,799,789.5,M,False,3,2025-03-22,2025-03-22,False
38659,98432,88,556,,,,,,,,3,,13.32,,,,,1133,True,Sprints,331,745,703.5,M,False,3,2025-03-22,2025-03-22,False
38660,98433,88,2583,,,,,,,,3,,13.74,,,,,1133,True,Sprints,260,675,597.5,M,False,3,2025-03-22,2025-03-22,False
38661,98434,88,25656,,,,,,,,3,,13.80,,,,,1133,True,Sprints,250,665,582.5,M,False,3,2025-03-22,2025-03-22,False
38662,98435,79,2559,,,,,,,,3,,13.88,,,,,1133,True,Sprints,238,652,564.0,M,False,3,2025-03-22,2025-03-22,False
38663,98436,79,25860,,,,,,,,3,,13.94,,,,,1133,True,Sprints,229,642,550.0,M,False,3,2025-03-22,2025-03-22,False
38664,98437,79,18975,,,,,,,,3,,14.04,,,,,1133,True,Sprints,214,626,527.0,M,False,3,2025-03-22,2025-03-22,False
38665,98438,79,3613,,,,,,,,3,,14.09,,,,,1133,True,Sprints,207,619,516.5,M,False,3,2025-03-22,2025-03-22,False
38666,98439,88,517,,,,,,,,3,,14.20,,,,,1133,True,Sprints,191,601,491.5,M,False,3,2025-03-22,2025-03-22,False
38667,98440,76,26097,,,,,,,,3,,14.28,,,,,1133,True,Sprints,180,589,474.5,M,False,3,2025-03-22,2025-03-22,False
38668,98441,88,550,,,,,,,,3,,14.51,,,,,1133,True,Sprints,151,555,428.5,M,False,3,2025-03-22,2025-03-22,False
38669,98442,79,25856,,,,,,,,6,,50.57,,,,,1133,True,Sprints,824,1182,1415.0,M,False,3,2025-03-22,2025-03-22,False
38670,98443,63,554,,,,,,,,6,,50.64,,,,,1133,True,Sprints,820,1180,1410.0,M,False,3,2025-03-22,2025-03-22,False
38671,98444,223,26098,,,,,,,,6,,52.02,,,,,1133,True,Sprints,742,1125,1304.5,M,False,3,2025-03-22,2025-03-22,False
38672,98445,79,25857,,,,,,,,6,,52.83,,,,,1133,True,Sprints,698,1094,1245.0,M,False,3,2025-03-22,2025-03-22,False
38673,98446,88,25672,,,,,,,,6,,53.49,,,,,1133,True,Sprints,663,1069,1197.5,M,False,3,2025-03-22,2025-03-22,False
38674,98447,223,26099,,,,,,,,6,,55.17,,,,,1133,True,Sprints,579,1006,1082.0,M,False,3,2025-03-22,2025-03-22,False
38675,98448,79,26100,,,,,,,,6,,55.64,,,,,1133,True,Sprints,556,989,1050.5,M,False,3,2025-03-22,2025-03-22,False
38676,98449,223,26091,,,,,,,,6,,56.13,,,,,1133,True,Sprints,533,971,1018.5,M,False,3,2025-03-22,2025-03-22,False
38677,98451,88,2583,,,,,,,,6,,1:02.71,,,,,1133,True,Sprints,270,748,644.0,M,False,3,2025-03-22,2025-03-22,False
38678,98452,88,556,,,,,,,,6,,1:03.01,,,,,1133,True,Sprints,260,739,629.5,M,False,3,2025-03-22,2025-03-22,False
38679,98453,79,26089,,,,,,,,6,,1:03.43,,,,,1133,True,Sprints,247,726,610.0,M,False,3,2025-03-22,2025-03-22,False
38680,98454,223,26102,,,,,,,,6,,1:03.45,,,,,1133,True,Sprints,246,725,608.5,M,False,3,2025-03-22,2025-03-22,False
38681,98455,88,4589,,,,,,,,6,,1:05.59,,,,,1133,True,Sprints,183,660,513.0,M,False,3,2025-03-22,2025-03-22,False
38682,98456,90,5215,,,,,,,,6,,1:07.52,,,,,1133,True,Sprints,134,604,436.0,M,False,3,2025-03-22,2025-03-22,False
38683,98457,79,2559,,,,,,,,6,,1:08.86,,,,,1133,True,Sprints,104,566,387.0,M,False,3,2025-03-22,2025-03-22,False
38684,98458,79,18975,,,,,,,,6,,1:09.07,,,,,1133,True,Sprints,100,560,380.0,M,False,3,2025-03-22,2025-03-22,False
38685,98459,79,3613,,,,,,,,6,,1:09.14,,,,,1133,True,Sprints,99,559,378.5,M,False,3,2025-03-22,2025-03-22,False
38686,98460,88,550,,,,,,,,6,,1:10.10,,,,,1133,True,Sprints,80,533,346.5,M,False,3,2025-03-22,2025-03-22,False
38687,98461,79,25860,,,,,,,,6,,1:10.88,,,,,1133,True,Sprints,67,512,323.0,M,False,3,2025-03-22,2025-03-22,False
38688,98462,88,517,,,,,,,,6,,1:11.85,,,,,1133,True,Sprints,52,487,295.5,M,False,3,2025-03-22,2025-03-22,False
38689,98463,79,3609,,,,,,,,6,,1:16.40,,,,,1133,True,Sprints,6,377,194.5,M,False,3,2025-03-22,2025-03-22,False
38690,98464,79,25849,,,,,,,,6,,1:30.38,,,,,1133,True,Sprints,0,128,64.0,M,False,3,2025-03-22,2025-03-22,False
38774,98550,223,26098,,,,,,,,4,,22.76,,,,,1133,True,Sprints,823,1158,1402.0,M,False,3,2025-03-22,2025-03-22,False
38775,98551,79,3610,,,,,,,,4,,23.16,,,,,1133,True,Sprints,772,1117,1330.5,M,False,3,2025-03-22,2025-03-22,False
38776,98552,63,554,,,,,,,,4,,23.29,,,,,1133,True,Sprints,756,1104,1308.0,M,False,3,2025-03-22,2025-03-22,False
38777,98553,79,25859,,,,,,,,4,,23.83,,,,,1133,True,Sprints,690,1051,1215.5,M,False,3,2025-03-22,2025-03-22,False
38778,98554,79,25857,,,,,,,,4,,23.84,,,,,1133,True,Sprints,689,1050,1214.0,M,False,3,2025-03-22,2025-03-22,False
38779,98555,88,25672,,,,,,,,4,,24.19,,,,,1133,True,Sprints,648,1017,1156.5,M,False,3,2025-03-22,2025-03-22,False
38780,98556,63,25680,,,,,,,,4,,24.36,,,,,1133,True,Sprints,629,1001,1129.5,M,False,3,2025-03-22,2025-03-22,False
38781,98557,79,26100,,,,,,,,4,,24.64,,,,,1133,True,Sprints,598,974,1085.0,M,False,3,2025-03-22,2025-03-22,False
38782,98558,223,26091,,,,,,,,4,,25.24,,,,,1133,True,Sprints,533,919,992.5,M,False,3,2025-03-22,2025-03-22,False
38783,98559,73,5259,,,,,,,,4,,25.30,,,,,1133,True,Sprints,527,913,983.5,M,False,3,2025-03-22,2025-03-22,False
38784,98560,223,26099,,,,,,,,4,,25.63,,,,,1133,True,Sprints,493,884,935.0,M,False,3,2025-03-22,2025-03-22,False
38785,98561,223,26092,,,,,,,,4,,25.97,,,,,1133,True,Sprints,460,854,887.0,M,False,3,2025-03-22,2025-03-22,False
38786,98563,223,26102,,,,,,,,4,,27.04,,,,,1133,True,Sprints,362,763,743.5,M,False,3,2025-03-22,2025-03-22,False
38787,98564,88,556,,,,,,,,4,,27.37,,,,,1133,True,Sprints,334,736,702.0,M,False,3,2025-03-22,2025-03-22,False
38788,98565,79,26089,,,,,,,,4,,27.68,,,,,1133,True,Sprints,309,711,664.5,M,False,3,2025-03-22,2025-03-22,False
38789,98566,88,2583,,,,,,,,4,,28.93,,,,,1133,True,Sprints,218,614,525.0,M,False,3,2025-03-22,2025-03-22,False
38790,98567,79,25860,,,,,,,,4,,28.95,,,,,1133,True,Sprints,217,613,523.5,M,False,3,2025-03-22,2025-03-22,False
38791,98568,88,4589,,,,,,,,4,,29.13,,,,,1133,True,Sprints,205,600,505.0,M,False,3,2025-03-22,2025-03-22,False
38792,98569,79,3613,,,,,,,,4,,30.27,,,,,1133,True,Sprints,138,519,397.5,M,False,3,2025-03-22,2025-03-22,False
38793,98570,88,517,,,,,,,,4,,30.45,,,,,1133,True,Sprints,129,507,382.5,M,False,3,2025-03-22,2025-03-22,False
38794,98571,88,550,,,,,,,,4,,30.87,,,,,1133,True,Sprints,108,479,347.5,M,False,3,2025-03-22,2025-03-22,False
38795,98572,79,3609,,,,,,,,4,,31.28,,,,,1133,True,Sprints,90,452,316.0,M,False,3,2025-03-22,2025-03-22,False
38796,98573,79,2559,,,,,,,,4,,32.61,,,,,1133,True,Sprints,42,371,227.5,M,False,3,2025-03-22,2025-03-22,False
38797,98574,79,18975,,,,,,,,4,,36.01,,,,,1133,True,Sprints,0,201,100.5,M,False,3,2025-03-22,2025-03-22,False
39023,98798,132,26136,,,,,,,,3,,12.09,,,,,1133,True,Sprints,591,972,1077.0,M,False,3,2025-03-22,2025-03-22,False
39031,98806,132,26138,,,,,,,,6,,51.86,,,,,1133,True,Sprints,751,1131,1316.5,M,False,3,2025-03-22,2025-03-22,False
39654,101268,167,5246,,,,,,,,3,Final,10.97,,,,1.6,1217,True,Sprints,892,1204,1494.0,M,False,3,2025-03-28,2025-03-29,False
39655,101269,167,5234,,,,,,,,3,Final,10.97,,,,1.6,1217,True,Sprints,892,1204,1494.0,M,False,3,2025-03-28,2025-03-29,False
39656,101270,167,5246,,,,,,,,3,Prelims,10.98,,,,2.8,1217,True,Sprints,889,1202,1490.0,M,False,3,2025-03-28,2025-03-29,False
39657,101271,167,5234,,,,,,,,3,Prelims,11.00,,,,1.3,1217,True,Sprints,883,1198,1482.0,M,False,3,2025-03-28,2025-03-29,False
39658,101272,167,4440,,,,,,,,3,Prelims,11.58,,,,0.9,1217,True,Sprints,720,1075,1257.5,M,False,3,2025-03-28,2025-03-29,False
39659,101273,167,26497,,,,,,,,3,Prelims,11.59,,,,1.4,1217,True,Sprints,718,1072,1254.0,M,False,3,2025-03-28,2025-03-29,False
39660,101274,167,26167,,,,,,,,3,Prelims,11.70,,,,0.9,1217,True,Sprints,689,1050,1214.0,M,False,3,2025-03-28,2025-03-29,False
39661,101275,167,25025,,,,,,,,3,Prelims,11.82,,,,3.7,1217,True,Sprints,658,1026,1171.0,M,False,3,2025-03-28,2025-03-29,False
39662,101276,167,26171,,,,,,,,3,Prelims,11.92,,,,0.9,1217,True,Sprints,633,1005,1135.5,M,False,3,2025-03-28,2025-03-29,False
39663,101278,167,26499,,,,,,,,3,Prelims,13.85,,,,1.4,1217,True,Sprints,242,657,570.5,M,False,3,2025-03-28,2025-03-29,False
39664,101279,167,5246,,,,,,,,4,,22.00,,,,1.3,1217,True,Sprints,924,1237,1542.5,M,False,3,2025-03-28,2025-03-29,False
39665,101280,167,5218,,,,,,,,4,,22.52,,,,1.6,1217,True,Sprints,854,1182,1445.0,M,False,3,2025-03-28,2025-03-29,False
39666,101281,167,5234,,,,,,,,4,,22.86,,,,1.7,1217,True,Sprints,810,1148,1384.0,M,False,3,2025-03-28,2025-03-29,False
39667,101282,167,25031,,,,,,,,4,,22.94,,,,1.3,1217,True,Sprints,800,1140,1370.0,M,False,3,2025-03-28,2025-03-29,False
39668,101283,167,25024,,,,,,,,4,,23.49,,,,1.5,1217,True,Sprints,731,1085,1273.5,M,False,3,2025-03-28,2025-03-29,False
39669,101284,167,26497,,,,,,,,4,,23.83,,,,1.6,1217,True,Sprints,690,1051,1215.5,M,False,3,2025-03-28,2025-03-29,False
39670,101286,167,4304,,,,,,,,4,,24.35,,,,0.6,1217,True,Sprints,630,1001,1130.5,M,False,3,2025-03-28,2025-03-29,False
39671,101287,167,26171,,,,,,,,4,,24.64,,,,0.6,1217,True,Sprints,598,974,1085.0,M,False,3,2025-03-28,2025-03-29,False
39672,101288,167,19065,,,,,,,,6,,50.47,,,,,1217,True,Sprints,830,1186,1423.0,M,False,3,2025-03-28,2025-03-29,False
39673,101289,167,5218,,,,,,,,6,,51.54,,,,,1217,True,Sprints,769,1144,1341.0,M,False,3,2025-03-28,2025-03-29,False
39674,101290,167,25024,,,,,,,,6,,51.99,,,,,1217,True,Sprints,744,1126,1307.0,M,False,3,2025-03-28,2025-03-29,False
39675,101291,167,18977,,,,,,,,6,,54.85,,,,,1217,True,Sprints,594,1018,1103.0,M,False,3,2025-03-28,2025-03-29,False
39676,101293,167,19009,,,,,,,,6,,1:00.35,,,,,1217,True,Sprints,354,825,766.5,M,False,3,2025-03-28,2025-03-29,False
39712,101277,167,26169,,,,,,,,3,Prelims,12.06,,,,0.9,1217,True,Sprints,598,978,1087.0,M,False,3,2025-03-28,2025-03-29,False
39713,101285,167,26169,,,,,,,,4,,24.24,,,,1.7,1217,True,Sprints,642,1012,1148.0,M,False,3,2025-03-28,2025-03-29,False
39714,101292,167,26169,,,,,,,,6,,56.30,,,,,1217,True,Sprints,525,965,1007.5,M,False,3,2025-03-28,2025-03-29,False
40286,98815,188,3541,,,,,,,,3,Finals,11.19,,,,,1135,True,Sprints,828,1157,1406.5,M,False,3,2025-03-22,2025-03-22,False
40287,98816,205,24442,,,,,,,,3,Finals,11.36,,,,,1135,True,Sprints,780,1120,1340.0,M,False,3,2025-03-22,2025-03-22,False
40288,98817,204,26139,,,,,,,,3,Finals,11.43,,,,,1135,True,Sprints,761,1106,1314.0,M,False,3,2025-03-22,2025-03-22,False
40289,98818,206,4475,,,,,,,,3,Finals,11.47,,,,,1135,True,Sprints,750,1097,1298.5,M,False,3,2025-03-22,2025-03-22,False
40290,98819,204,25259,,,,,,,,3,Finals,11.55,,,,,1135,True,Sprints,728,1081,1268.5,M,False,3,2025-03-22,2025-03-22,False
40291,98820,206,4473,,,,,,,,3,Finals,11.56,,,,,1135,True,Sprints,726,1079,1265.5,M,False,3,2025-03-22,2025-03-22,False
40292,98821,188,3854,,,,,,,,3,Finals,11.92,,,,,1135,True,Sprints,633,1005,1135.5,M,False,3,2025-03-22,2025-03-22,False
40293,98822,188,3549,,,,,,,,3,Finals,11.95,,,,,1135,True,Sprints,625,999,1124.5,M,False,3,2025-03-22,2025-03-22,False
40294,98823,204,26139,,,,,,,,3,Prelims,11.17,,,,,1135,True,Sprints,834,1161,1414.5,M,False,3,2025-03-22,2025-03-22,False
40295,98824,206,4475,,,,,,,,3,Prelims,11.27,,,,,1135,True,Sprints,805,1139,1374.5,M,False,3,2025-03-22,2025-03-22,False
40296,98825,188,3541,,,,,,,,3,Prelims,11.30,,,,,1135,True,Sprints,797,1133,1363.5,M,False,3,2025-03-22,2025-03-22,False
40297,98826,205,24442,,,,,,,,3,Prelims,11.44,,,,,1135,True,Sprints,758,1104,1310.0,M,False,3,2025-03-22,2025-03-22,False
40298,98827,204,25259,,,,,,,,3,Prelims,11.63,,,,,1135,True,Sprints,707,1064,1239.0,M,False,3,2025-03-22,2025-03-22,False
40299,98828,206,4473,,,,,,,,3,Prelims,11.71,,,,,1135,True,Sprints,686,1048,1210.0,M,False,3,2025-03-22,2025-03-22,False
40300,98829,188,3549,,,,,,,,3,Prelims,11.75,,,,,1135,True,Sprints,676,1040,1196.0,M,False,3,2025-03-22,2025-03-22,False
40301,98830,188,3854,,,,,,,,3,Prelims,11.97,,,,,1135,True,Sprints,620,995,1117.5,M,False,3,2025-03-22,2025-03-22,False
40302,98831,205,24444,,,,,,,,3,Prelims,11.99,,,,,1135,True,Sprints,615,990,1110.0,M,False,3,2025-03-22,2025-03-22,False
40303,98832,206,26140,,,,,,,,3,Prelims,12.03,,,,,1135,True,Sprints,605,984,1097.0,M,False,3,2025-03-22,2025-03-22,False
40304,98833,188,24999,,,,,,,,3,Prelims,12.03,,,,,1135,True,Sprints,605,984,1097.0,M,False,3,2025-03-22,2025-03-22,False
40305,98834,191,5022,,,,,,,,3,Prelims,12.72,,,,,1135,True,Sprints,449,852,875.0,M,False,3,2025-03-22,2025-03-22,False
40306,98835,205,4487,,,,,,,,3,Prelims,12.78,,,,,1135,True,Sprints,436,841,856.5,M,False,3,2025-03-22,2025-03-22,False
40307,98836,188,3551,,,,,,,,3,Prelims,12.81,,,,,1135,True,Sprints,430,835,847.5,M,False,3,2025-03-22,2025-03-22,False
40308,98837,188,3540,,,,,,,,3,Prelims,12.83,,,,,1135,True,Sprints,426,832,842.0,M,False,3,2025-03-22,2025-03-22,False
40309,98838,204,26139,,,,,,,,4,,22.44,,,,,1135,True,Sprints,865,1191,1460.5,M,False,3,2025-03-22,2025-03-22,False
40310,98839,188,3541,,,,,,,,4,,22.67,,,,,1135,True,Sprints,834,1167,1417.5,M,False,3,2025-03-22,2025-03-22,False
40311,98840,205,24442,,,,,,,,4,,23.44,,,,,1135,True,Sprints,737,1090,1282.0,M,False,3,2025-03-22,2025-03-22,False
40312,98841,205,4485,,,,,,,,4,,23.74,,,,,1135,True,Sprints,701,1060,1231.0,M,False,3,2025-03-22,2025-03-22,False
40313,98842,204,24434,,,,,,,,4,,24.07,,,,,1135,True,Sprints,662,1028,1176.0,M,False,3,2025-03-22,2025-03-22,False
40314,98843,205,24448,,,,,,,,4,,24.49,,,,,1135,True,Sprints,614,988,1108.0,M,False,3,2025-03-22,2025-03-22,False
40315,98844,205,24444,,,,,,,,4,,24.80,,,,,1135,True,Sprints,580,959,1059.5,M,False,3,2025-03-22,2025-03-22,False
40316,98845,204,24437,,,,,,,,4,,24.83,,,,,1135,True,Sprints,577,956,1055.0,M,False,3,2025-03-22,2025-03-22,False
40317,98846,205,25267,,,,,,,,4,,25.93,,,,,1135,True,Sprints,464,857,892.5,M,False,3,2025-03-22,2025-03-22,False
40318,98847,205,25268,,,,,,,,4,,26.10,,,,,1135,True,Sprints,447,842,868.0,M,False,3,2025-03-22,2025-03-22,False
40319,98848,191,5022,,,,,,,,4,,26.24,,,,,1135,True,Sprints,434,830,849.0,M,False,3,2025-03-22,2025-03-22,False
40320,98849,206,4477,,,,,,,,4,,26.60,,,,,1135,True,Sprints,401,800,801.0,M,False,3,2025-03-22,2025-03-22,False
40321,98850,188,3540,,,,,,,,4,,26.91,,,,,1135,True,Sprints,373,773,759.5,M,False,3,2025-03-22,2025-03-22,False
40322,98851,205,7639,,,,,,,,4,,27.97,,,,,1135,True,Sprints,287,688,631.0,M,False,3,2025-03-22,2025-03-22,False
40323,98852,204,24434,,,,,,,,6,,51.86,,,,,1135,True,Sprints,751,1131,1316.5,M,False,3,2025-03-22,2025-03-22,False
40324,98853,204,19627,,,,,,,,6,,51.89,,,,,1135,True,Sprints,749,1130,1314.0,M,False,3,2025-03-22,2025-03-22,False
40325,98854,188,3851,,,,,,,,6,,52.24,,,,,1135,True,Sprints,730,1117,1288.5,M,False,3,2025-03-22,2025-03-22,False
40326,98855,204,24437,,,,,,,,6,,54.76,,,,,1135,True,Sprints,599,1021,1109.5,M,False,3,2025-03-22,2025-03-22,False
40327,98856,174,1856,,,,,,,,6,,55.23,,,,,1135,True,Sprints,576,1004,1078.0,M,False,3,2025-03-22,2025-03-22,False
40328,98857,205,25267,,,,,,,,6,,57.62,,,,,1135,True,Sprints,466,918,925.0,M,False,3,2025-03-22,2025-03-22,False
40329,98859,205,3559,,,,,,,,6,,1:04.54,,,,,1135,True,Sprints,213,692,559.0,M,False,3,2025-03-22,2025-03-22,False
40383,98858,191,25825,,,,,,,,6,,1:00.00,,,,,1135,True,Sprints,368,837,786.5,M,False,3,2025-03-22,2025-03-22,False
40417,98954,19,25499,,,,,,,,3,,11.09,,,,1.6,1136,True,Sprints,857,1178,1446.0,M,False,3,2025-03-21,2025-03-22,False
40418,98955,19,25499,,,,,,,,4,,22.15,,,,0.6,1136,True,Sprints,904,1221,1514.5,M,False,3,2025-03-21,2025-03-22,False
40495,98970,146,24880,,,,,,,,3,,11.47,,,,2.4,1137,True,Sprints,750,1097,1298.5,M,False,3,2025-03-22,2025-03-22,False
40526,98964,146,24580,,,,,,,,3,,10.91,,,,2.2,1137,True,Sprints,910,1217,1518.5,M,False,3,2025-03-22,2025-03-22,False
40527,98966,146,24574,,,,,,,,3,,11.11,,,,1.7,1137,True,Sprints,851,1174,1438.0,M,False,3,2025-03-22,2025-03-22,False
40528,98967,146,3698,,,,,,,,3,,11.14,,,,1.7,1137,True,Sprints,842,1167,1425.5,M,False,3,2025-03-22,2025-03-22,False
40529,98968,146,3719,,,,,,,,3,,11.33,,,,1.7,1137,True,Sprints,789,1127,1352.5,M,False,3,2025-03-22,2025-03-22,False
40530,98969,146,3701,,,,,,,,3,,11.41,,,,1.7,1137,True,Sprints,766,1110,1321.0,M,False,3,2025-03-22,2025-03-22,False
40531,98971,146,3689,,,,,,,,3,,11.75,,,,2.9,1137,True,Sprints,676,1040,1196.0,M,False,3,2025-03-22,2025-03-22,False
40532,98972,146,4149,,,,,,,,3,,11.80,,,,2.1,1137,True,Sprints,663,1030,1178.0,M,False,3,2025-03-22,2025-03-22,False
40533,98973,146,3695,,,,,,,,3,,11.81,,,,1.7,1137,True,Sprints,660,1028,1174.0,M,False,3,2025-03-22,2025-03-22,False
40534,98974,146,3728,,,,,,,,3,,11.81,,,,2.1,1137,True,Sprints,660,1028,1174.0,M,False,3,2025-03-22,2025-03-22,False
40535,98975,146,3708,,,,,,,,3,,11.82,,,,2.9,1137,True,Sprints,658,1026,1171.0,M,False,3,2025-03-22,2025-03-22,False
40536,98976,146,24607,,,,,,,,3,,12.05,,,,2.1,1137,True,Sprints,601,980,1091.0,M,False,3,2025-03-22,2025-03-22,False
40537,98977,146,3696,,,,,,,,3,,12.17,,,,2.9,1137,True,Sprints,572,956,1050.0,M,False,3,2025-03-22,2025-03-22,False
40538,98978,146,3709,,,,,,,,3,,12.68,,,,2.1,1137,True,Sprints,457,859,886.5,M,False,3,2025-03-22,2025-03-22,False
40539,98979,146,24580,,,,,,,,4,,22.32,,,,3.5,1137,True,Sprints,881,1203,1482.5,M,False,3,2025-03-22,2025-03-22,False
40540,98980,146,24574,,,,,,,,4,,22.69,,,,3.5,1137,True,Sprints,832,1165,1414.5,M,False,3,2025-03-22,2025-03-22,False
40541,98981,146,3691,,,,,,,,4,,22.96,,,,2.0,1137,True,Sprints,797,1138,1366.0,M,False,3,2025-03-22,2025-03-22,False
40542,98983,146,24607,,,,,,,,4,,24.63,,,,1.8,1137,True,Sprints,599,975,1086.5,M,False,3,2025-03-22,2025-03-22,False
40543,98984,146,4147,,,,,,,,4,,24.82,,,,2.0,1137,True,Sprints,578,957,1056.5,M,False,3,2025-03-22,2025-03-22,False
40544,98985,146,4387,,,,,,,,4,,25.07,,,,3.1,1137,True,Sprints,551,934,1018.0,M,False,3,2025-03-22,2025-03-22,False
40545,98986,146,3709,,,,,,,,4,,25.76,,,,3.1,1137,True,Sprints,480,872,916.0,M,False,3,2025-03-22,2025-03-22,False
40546,98987,146,4380,,,,,,,,4,,25.94,,,,1.8,1137,True,Sprints,463,856,891.0,M,False,3,2025-03-22,2025-03-22,False
40548,98989,146,24669,,,,,,,,6,,52.49,,,,,1137,True,Sprints,716,1107,1269.5,M,False,3,2025-03-22,2025-03-22,False
40549,98990,146,3728,,,,,,,,6,,53.93,,,,,1137,True,Sprints,641,1052,1167.0,M,False,3,2025-03-22,2025-03-22,False
40550,98991,146,4386,,,,,,,,6,,54.25,,,,,1137,True,Sprints,624,1040,1144.0,M,False,3,2025-03-22,2025-03-22,False
40551,98992,146,3696,,,,,,,,6,,55.49,,,,,1137,True,Sprints,563,995,1060.5,M,False,3,2025-03-22,2025-03-22,False
40552,98993,146,4387,,,,,,,,6,,56.71,,,,,1137,True,Sprints,506,950,981.0,M,False,3,2025-03-22,2025-03-22,False
40553,98994,146,3691,,,,,,,,6,,57.06,,,,,1137,True,Sprints,491,938,960.0,M,False,3,2025-03-22,2025-03-22,False
40554,98995,146,4380,,,,,,,,6,,1:01.05,,,,,1137,True,Sprints,328,802,729.0,M,False,3,2025-03-22,2025-03-22,False
40555,98996,146,24608,,,,,,,,6,,1:09.41,,,,,1137,True,Sprints,93,551,368.5,M,False,3,2025-03-22,2025-03-22,False
40582,98982,146,24880,,,,,,,,4,,23.59,,,,3.5,1137,True,Sprints,719,1075,1256.5,M,False,3,2025-03-22,2025-03-22,False
40957,99079,4,20492,,,,,,,,6,,52.82,,,,,1138,True,Sprints,699,1094,1246.0,M,False,3,2025-03-22,2025-03-22,False
40987,99107,156,24541,,,,,,,,3,,11.75,,,,0.3,1139,True,Sprints,676,1040,1196.0,M,False,3,2025-03-22,2025-03-22,False
40988,99108,156,26156,,,,,,,,3,,12.22,,,,-0.6,1139,True,Sprints,560,946,1033.0,M,False,3,2025-03-22,2025-03-22,False
40989,99109,156,26157,,,,,,,,3,,12.70,,,,-0.5,1139,True,Sprints,453,856,881.0,M,False,3,2025-03-22,2025-03-22,False
40990,99110,156,26158,,,,,,,,3,,13.62,,,,0.3,1139,True,Sprints,279,694,626.0,M,False,3,2025-03-22,2025-03-22,False
40991,99111,156,24541,,,,,,,,4,,23.82,,,,-0.6,1139,True,Sprints,691,1052,1217.0,M,False,3,2025-03-22,2025-03-22,False
40992,99112,156,26157,,,,,,,,4,,24.64,,,,-1.2,1139,True,Sprints,598,974,1085.0,M,False,3,2025-03-22,2025-03-22,False
40993,99113,156,26158,,,,,,,,4,,29.60,,,,-1.2,1139,True,Sprints,176,566,459.0,M,False,3,2025-03-22,2025-03-22,False
40994,99114,156,24548,,,,,,,,6,,53.18,,,,,1139,True,Sprints,680,1081,1220.5,M,False,3,2025-03-22,2025-03-22,False
40995,99115,156,24545,,,,,,,,6,,55.96,,,,,1139,True,Sprints,541,977,1029.5,M,False,3,2025-03-22,2025-03-22,False
41011,99132,162,24675,,,,,,,,3,,11.89,,,,,1141,True,Sprints,640,1011,1145.5,M,False,3,2025-03-21,2025-03-22,False
41012,99133,162,24676,,,,,,,,3,,12.15,,,,,1141,True,Sprints,576,960,1056.0,M,False,3,2025-03-21,2025-03-22,False
41013,99134,162,24675,,,,,,,,4,,24.91,,,,,1141,True,Sprints,568,949,1042.5,M,False,3,2025-03-21,2025-03-22,False
41014,99135,162,3158,,,,,,,,4,,25.77,,,,,1141,True,Sprints,479,871,914.5,M,False,3,2025-03-21,2025-03-22,False
41015,99136,162,26161,,,,,,,,6,,51.56,,,,,1141,True,Sprints,768,1143,1339.5,M,False,3,2025-03-21,2025-03-22,False
41016,99137,162,11357,,,,,,,,6,,53.33,,,,,1141,True,Sprints,672,1075,1209.5,M,False,3,2025-03-21,2025-03-22,False
41017,99138,162,24676,,,,,,,,6,,53.91,,,,,1141,True,Sprints,642,1053,1168.5,M,False,3,2025-03-21,2025-03-22,False
41018,99139,162,3158,,,,,,,,6,,54.70,,,,,1141,True,Sprints,602,1024,1114.0,M,False,3,2025-03-21,2025-03-22,False
41038,99165,101,8022,,,,,,,,6,,1:00.79,,,,,1142,True,Sprints,338,810,743.0,M,False,3,2025-03-21,2025-03-22,False
41056,99184,1,3522,,,,,,,,4,,24.13,,,,2.2,1142,True,Sprints,655,1022,1166.0,M,False,3,2025-03-21,2025-03-22,False
41057,99185,1,3522,,,,,,,,6,,53.16,,,,,1142,True,Sprints,681,1081,1221.5,M,False,3,2025-03-21,2025-03-22,False
41067,99196,167,5246,,,,,,,,3,,11.07,,,,,1143,True,Sprints,863,1182,1454.0,M,False,3,2025-03-22,2025-03-22,False
41068,99197,167,5234,,,,,,,,3,,11.35,,,,,1143,True,Sprints,783,1123,1344.5,M,False,3,2025-03-22,2025-03-22,False
41069,99198,167,5218,,,,,,,,3,,11.40,,,,,1143,True,Sprints,769,1112,1325.0,M,False,3,2025-03-22,2025-03-22,False
41070,99199,167,25023,,,,,,,,3,,11.52,,,,,1143,True,Sprints,736,1087,1279.5,M,False,3,2025-03-22,2025-03-22,False
41071,99200,167,5250,,,,,,,,3,,11.57,,,,,1143,True,Sprints,723,1077,1261.5,M,False,3,2025-03-22,2025-03-22,False
41072,99201,167,4440,,,,,,,,3,,11.76,,,,,1143,True,Sprints,673,1038,1192.0,M,False,3,2025-03-22,2025-03-22,False
41073,99202,167,26166,,,,,,,,3,,11.83,,,,,1143,True,Sprints,655,1023,1166.5,M,False,3,2025-03-22,2025-03-22,False
41074,99203,167,26167,,,,,,,,3,,11.85,,,,,1143,True,Sprints,650,1019,1159.5,M,False,3,2025-03-22,2025-03-22,False
41075,99204,167,26168,,,,,,,,3,,11.98,,,,,1143,True,Sprints,618,993,1114.5,M,False,3,2025-03-22,2025-03-22,False
41076,99205,167,25026,,,,,,,,3,,11.99,,,,,1143,True,Sprints,615,990,1110.0,M,False,3,2025-03-22,2025-03-22,False
41077,99206,167,26169,,,,,,,,3,,12.12,,,,,1143,True,Sprints,584,966,1067.0,M,False,3,2025-03-22,2025-03-22,False
41084,99207,167,25024,,,,,,,,3,,12.13,,,,,1143,True,Sprints,581,964,1063.0,M,False,3,2025-03-22,2025-03-22,False
41085,99208,167,26170,,,,,,,,3,,12.17,,,,,1143,True,Sprints,572,956,1050.0,M,False,3,2025-03-22,2025-03-22,False
41086,99209,167,26171,,,,,,,,3,,12.41,,,,,1143,True,Sprints,516,910,971.0,M,False,3,2025-03-22,2025-03-22,False
41087,99210,167,18977,,,,,,,,3,,12.72,,,,,1143,True,Sprints,449,852,875.0,M,False,3,2025-03-22,2025-03-22,False
41088,99211,167,5221,,,,,,,,3,,12.86,,,,,1143,True,Sprints,420,826,833.0,M,False,3,2025-03-22,2025-03-22,False
41089,99212,86,26172,,,,,,,,3,,12.91,,,,,1143,True,Sprints,410,817,818.5,M,False,3,2025-03-22,2025-03-22,False
41090,99213,167,26173,,,,,,,,3,,13.37,,,,,1143,True,Sprints,322,737,690.5,M,False,3,2025-03-22,2025-03-22,False
41091,99214,86,1612,,,,,,,,3,,13.41,,,,,1143,True,Sprints,315,730,680.0,M,False,3,2025-03-22,2025-03-22,False
41092,99215,86,25108,,,,,,,,3,,13.73,,,,,1143,True,Sprints,261,676,599.0,M,False,3,2025-03-22,2025-03-22,False
41093,99216,167,2626,,,,,,,,3,,14.24,,,,,1143,True,Sprints,186,595,483.5,M,False,3,2025-03-22,2025-03-22,False
41094,99218,167,5240,,,,,,,,3,,15.10,,,,,1143,True,Sprints,87,470,322.0,M,False,3,2025-03-22,2025-03-22,False
41095,99219,86,26174,,,,,,,,3,,15.22,,,,,1143,True,Sprints,77,454,304.0,M,False,3,2025-03-22,2025-03-22,False
41096,99220,167,760,,,,,,,,3,,15.38,,,,,1143,True,Sprints,63,433,279.5,M,False,3,2025-03-22,2025-03-22,False
41097,99221,167,5246,,,,,,,,4,,22.01,,,,,1143,True,Sprints,923,1236,1541.0,M,False,3,2025-03-22,2025-03-22,False
41098,99222,167,5218,,,,,,,,4,,22.34,,,,,1143,True,Sprints,878,1201,1478.5,M,False,3,2025-03-22,2025-03-22,False
41099,99223,167,25023,,,,,,,,4,,22.80,,,,,1143,True,Sprints,818,1154,1395.0,M,False,3,2025-03-22,2025-03-22,False
41100,99224,167,5234,,,,,,,,4,,22.89,,,,,1143,True,Sprints,806,1145,1378.5,M,False,3,2025-03-22,2025-03-22,False
41101,99225,167,25026,,,,,,,,4,,23.41,,,,,1143,True,Sprints,741,1093,1287.5,M,False,3,2025-03-22,2025-03-22,False
41102,99226,167,5250,,,,,,,,4,,23.47,,,,,1143,True,Sprints,733,1087,1276.5,M,False,3,2025-03-22,2025-03-22,False
41103,99227,167,26169,,,,,,,,4,,24.21,,,,,1143,True,Sprints,646,1015,1153.5,M,False,3,2025-03-22,2025-03-22,False
41104,99228,167,26170,,,,,,,,4,,24.30,,,,,1143,True,Sprints,636,1006,1139.0,M,False,3,2025-03-22,2025-03-22,False
41105,99229,167,26175,,,,,,,,4,,24.69,,,,,1143,True,Sprints,592,969,1076.5,M,False,3,2025-03-22,2025-03-22,False
41106,99230,167,18977,,,,,,,,4,,25.21,,,,,1143,True,Sprints,536,922,997.0,M,False,3,2025-03-22,2025-03-22,False
41107,99231,167,5221,,,,,,,,4,,25.55,,,,,1143,True,Sprints,501,891,946.5,M,False,3,2025-03-22,2025-03-22,False
41108,99232,167,26173,,,,,,,,4,,27.21,,,,,1143,True,Sprints,348,749,722.5,M,False,3,2025-03-22,2025-03-22,False
41109,99233,86,25108,,,,,,,,4,,27.52,,,,,1143,True,Sprints,322,723,683.5,M,False,3,2025-03-22,2025-03-22,False
41110,99234,86,1612,,,,,,,,4,,29.03,,,,,1143,True,Sprints,211,607,514.5,M,False,3,2025-03-22,2025-03-22,False
41111,99235,86,26172,,,,,,,,4,,30.66,,,,,1143,True,Sprints,118,493,364.5,M,False,3,2025-03-22,2025-03-22,False
41112,99237,167,4440,,,,,,,,6,,52.05,,,,,1143,True,Sprints,741,1124,1303.0,M,False,3,2025-03-22,2025-03-22,False
41113,99238,167,25024,,,,,,,,6,,53.14,,,,,1143,True,Sprints,682,1082,1223.0,M,False,3,2025-03-22,2025-03-22,False
41114,99239,167,688,,,,,,,,6,,54.83,,,,,1143,True,Sprints,595,1019,1104.5,M,False,3,2025-03-22,2025-03-22,False
41115,99240,167,4303,,,,,,,,6,,55.25,,,,,1143,True,Sprints,575,1003,1076.5,M,False,3,2025-03-22,2025-03-22,False
41116,99241,86,26176,,,,,,,,6,,56.31,,,,,1143,True,Sprints,525,965,1007.5,M,False,3,2025-03-22,2025-03-22,False
41117,99242,86,1612,,,,,,,,6,,1:04.86,,,,,1143,True,Sprints,203,682,544.0,M,False,3,2025-03-22,2025-03-22,False
41185,99217,164,19007,,,,,,,,3,,15.04,,,,,1143,True,Sprints,93,479,332.5,M,False,3,2025-03-22,2025-03-22,False
42008,101426,116,5646,,,,,,,,3,,11.49,,,,,1218,True,Sprints,745,1093,1291.5,M,False,3,2025-03-28,2025-03-29,False
42009,101427,116,26502,,,,,,,,3,,11.51,,,,,1218,True,Sprints,739,1089,1283.5,M,False,3,2025-03-28,2025-03-29,False
42010,101428,116,26503,,,,,,,,3,,12.22,,,,,1218,True,Sprints,560,946,1033.0,M,False,3,2025-03-28,2025-03-29,False
42011,101429,116,26504,,,,,,,,4,,22.33,,,,,1218,True,Sprints,879,1202,1480.0,M,False,3,2025-03-28,2025-03-29,False
42012,101430,116,26502,,,,,,,,4,,23.33,,,,,1218,True,Sprints,751,1100,1301.0,M,False,3,2025-03-28,2025-03-29,False
42013,101431,116,24635,,,,,,,,4,,24.24,,,,,1218,True,Sprints,642,1012,1148.0,M,False,3,2025-03-28,2025-03-29,False
42014,101432,116,5646,,,,,,,,4,,24.57,,,,,1218,True,Sprints,605,981,1095.5,M,False,3,2025-03-28,2025-03-29,False
42015,101433,116,26503,,,,,,,,4,,25.15,,,,,1218,True,Sprints,543,927,1006.5,M,False,3,2025-03-28,2025-03-29,False
42016,101434,116,26504,,,,,,,,6,,49.66,,,,,1218,True,Sprints,878,1219,1487.5,M,False,3,2025-03-28,2025-03-29,False
42143,101435,116,24636,,,,,,,,6,,55.02,,,,,1218,True,Sprints,586,1012,1092.0,M,False,3,2025-03-28,2025-03-29,False
42163,99635,166,3590,,,,,,,,3,,11.78,,,,-1.3,1158,True,Sprints,668,1034,1185.0,M,False,3,2025-03-22,2025-03-22,False
42164,99636,166,24460,,,,,,,,3,,11.88,,,,-1.3,1158,True,Sprints,643,1013,1149.5,M,False,3,2025-03-22,2025-03-22,False
42165,99637,166,24971,,,,,,,,3,,12.45,,,,-0.8,1158,True,Sprints,507,902,958.0,M,False,3,2025-03-22,2025-03-22,False
42166,99638,166,24470,,,,,,,,3,,12.46,,,,-0.7,1158,True,Sprints,505,900,955.0,M,False,3,2025-03-22,2025-03-22,False
42167,99639,166,3590,,,,,,,,4,,24.29,,,,0.7,1158,True,Sprints,637,1007,1140.5,M,False,3,2025-03-22,2025-03-22,False
42168,99640,166,24971,,,,,,,,4,,26.07,,,,-2.3,1158,True,Sprints,450,845,872.5,M,False,3,2025-03-22,2025-03-22,False
42169,99641,166,24463,,,,,,,,6,,53.75,,,,,1158,True,Sprints,650,1059,1179.5,M,False,3,2025-03-22,2025-03-22,False
42313,101483,159,5550,,,,,,,,3,,11.86,,,,1.8,1219,True,Sprints,648,1017,1156.5,M,False,3,2025-03-28,2025-03-29,False
42314,101484,159,25643,,,,,,,,3,,11.89,,,,1.1,1219,True,Sprints,640,1011,1145.5,M,False,3,2025-03-28,2025-03-29,False
42315,101485,159,26511,,,,,,,,3,,12.33,,,,1.0,1219,True,Sprints,534,925,996.5,M,False,3,2025-03-28,2025-03-29,False
42316,101486,159,25491,,,,,,,,3,,15.90,,,,1.4,1219,True,Sprints,29,367,212.5,M,False,3,2025-03-28,2025-03-29,False
42317,101487,159,24869,,,,,,,,6,,50.15,,,,,1219,True,Sprints,849,1199,1448.5,M,False,3,2025-03-28,2025-03-29,False
42318,101488,159,24863,,,,,,,,6,,53.46,,,,,1219,True,Sprints,665,1070,1200.0,M,False,3,2025-03-28,2025-03-29,False
42319,101489,159,25643,,,,,,,,6,,55.11,,,,,1219,True,Sprints,582,1008,1086.0,M,False,3,2025-03-28,2025-03-29,False
42320,101490,159,25475,,,,,,,,6,,55.37,,,,,1219,True,Sprints,569,999,1068.5,M,False,3,2025-03-28,2025-03-29,False
42321,101491,159,4364,,,,,,,,6,,56.39,,,,,1219,True,Sprints,521,962,1002.0,M,False,3,2025-03-28,2025-03-29,False
42322,101492,159,26512,,,,,,,,6,,57.22,,,,,1219,True,Sprints,483,932,949.0,M,False,3,2025-03-28,2025-03-29,False
42323,101493,159,5711,,,,,,,,6,,57.69,,,,,1219,True,Sprints,463,916,921.0,M,False,3,2025-03-28,2025-03-29,False
42324,101494,159,26511,,,,,,,,6,,1:00.01,,,,,1219,True,Sprints,367,836,785.0,M,False,3,2025-03-28,2025-03-29,False
42325,101495,159,16133,,,,,,,,6,,1:00.85,,,,,1219,True,Sprints,335,808,739.0,M,False,3,2025-03-28,2025-03-29,False
42326,101496,159,25491,,,,,,,,6,,1:18.80,,,,,1219,True,Sprints,0,325,162.5,M,False,3,2025-03-28,2025-03-29,False
44719,101525,157,26521,,,,,,,,4,,26.50,,,,-0.4,1219,True,Sprints,410,808,814.0,M,False,3,2025-03-28,2025-03-29,False
44720,101526,157,5698,,,,,,,,4,,27.31,,,,-1.2,1219,True,Sprints,339,741,709.5,M,False,3,2025-03-28,2025-03-29,False
44759,101568,56,24391,,,,,,,,3,,10.92,,,,1.9,1220,True,Sprints,907,1215,1514.5,M,False,3,2025-03-28,2025-03-29,False
44760,101569,56,4111,,,,,,,,3,,11.09,,,,1.2,1220,True,Sprints,857,1178,1446.0,M,False,3,2025-03-28,2025-03-29,False
44761,101570,56,24984,,,,,,,,3,,11.40,,,,1.0,1220,True,Sprints,769,1112,1325.0,M,False,3,2025-03-28,2025-03-29,False
44762,101571,56,4457,,,,,,,,3,,11.88,,,,1.2,1220,True,Sprints,643,1013,1149.5,M,False,3,2025-03-28,2025-03-29,False
44763,101572,56,24393,,,,,,,,3,,12.01,,,,2.2,1220,True,Sprints,610,988,1104.0,M,False,3,2025-03-28,2025-03-29,False
44764,101573,56,26523,,,,,,,,3,,12.23,,,,2.2,1220,True,Sprints,558,944,1030.0,M,False,3,2025-03-28,2025-03-29,False
44765,101574,56,24983,,,,,,,,3,,12.56,,,,2.2,1220,True,Sprints,483,882,924.0,M,False,3,2025-03-28,2025-03-29,False
44766,101575,56,24397,,,,,,,,3,,12.77,,,,1.6,1220,True,Sprints,438,843,859.5,M,False,3,2025-03-28,2025-03-29,False
44767,101576,56,24398,,,,,,,,3,,12.91,,,,1.7,1220,True,Sprints,410,817,818.5,M,False,3,2025-03-28,2025-03-29,False
44768,101577,56,25572,,,,,,,,3,,13.04,,,,2.7,1220,True,Sprints,384,794,781.0,M,False,3,2025-03-28,2025-03-29,False
44769,101578,56,24391,,,,,,,,4,,22.29,,,,1.3,1220,True,Sprints,885,1206,1488.0,M,False,3,2025-03-28,2025-03-29,False
44770,101579,56,4111,,,,,,,,4,,22.39,,,,1.3,1220,True,Sprints,871,1196,1469.0,M,False,3,2025-03-28,2025-03-29,False
44771,101580,56,24984,,,,,,,,4,,22.87,,,,3.4,1220,True,Sprints,809,1147,1382.5,M,False,3,2025-03-28,2025-03-29,False
44772,101581,56,4461,,,,,,,,4,,23.34,,,,1.1,1220,True,Sprints,749,1099,1298.5,M,False,3,2025-03-28,2025-03-29,False
44773,101582,56,26523,,,,,,,,4,,24.59,,,,2.0,1220,True,Sprints,603,979,1092.5,M,False,3,2025-03-28,2025-03-29,False
44774,101583,56,24393,,,,,,,,4,,24.81,,,,1.0,1220,True,Sprints,579,958,1058.0,M,False,3,2025-03-28,2025-03-29,False
44775,101584,56,24983,,,,,,,,4,,26.05,,,,1.0,1220,True,Sprints,452,847,875.5,M,False,3,2025-03-28,2025-03-29,False
44776,101585,56,3578,,,,,,,,6,,49.17,,,,,1220,True,Sprints,907,1239,1526.5,M,False,3,2025-03-28,2025-03-29,False
44833,100732,64,26450,,,,,,,,3,,13.16,,,,,1211,True,Sprints,361,773,747.5,M,False,3,2025-03-29,2025-03-29,False
44834,100733,75,25995,,,,,,,,3,,11.92,,,,,1211,True,Sprints,633,1005,1135.5,M,False,3,2025-03-29,2025-03-29,False
44835,100734,94,25157,,,,,,,,3,,11.39,,,,,1211,True,Sprints,772,1114,1329.0,M,False,3,2025-03-29,2025-03-29,False
44836,100735,69,5874,,,,,,,,3,,12.49,,,,,1211,True,Sprints,498,895,945.5,M,False,3,2025-03-29,2025-03-29,False
44837,100736,86,26172,,,,,,,,3,,12.96,,,,,1211,True,Sprints,400,808,804.0,M,False,3,2025-03-29,2025-03-29,False
44838,100737,86,26176,,,,,,,,3,,12.60,,,,,1211,True,Sprints,474,874,911.0,M,False,3,2025-03-29,2025-03-29,False
44839,100738,94,26451,,,,,,,,3,,11.50,,,,,1211,True,Sprints,742,1091,1287.5,M,False,3,2025-03-29,2025-03-29,False
44840,100739,69,7964,,,,,,,,3,,13.32,,,,,1211,True,Sprints,331,745,703.5,M,False,3,2025-03-29,2025-03-29,False
44841,100740,86,26174,,,,,,,,3,,14.49,,,,,1211,True,Sprints,153,557,431.5,M,False,3,2025-03-29,2025-03-29,False
44842,100741,86,25160,,,,,,,,3,,11.28,,,,,1211,True,Sprints,803,1137,1371.5,M,False,3,2025-03-29,2025-03-29,False
44843,100742,69,2565,,,,,,,,3,,12.94,,,,,1211,True,Sprints,403,812,809.0,M,False,3,2025-03-29,2025-03-29,False
44844,100743,94,5358,,,,,,,,3,,11.76,,,,,1211,True,Sprints,673,1038,1192.0,M,False,3,2025-03-29,2025-03-29,False
44845,100744,69,4344,,,,,,,,3,,12.19,,,,,1211,True,Sprints,567,952,1043.0,M,False,3,2025-03-29,2025-03-29,False
44846,100745,94,26452,,,,,,,,3,,11.90,,,,,1211,True,Sprints,638,1009,1142.5,M,False,3,2025-03-29,2025-03-29,False
44847,100746,94,26453,,,,,,,,3,,13.37,,,,,1211,True,Sprints,322,737,690.5,M,False,3,2025-03-29,2025-03-29,False
44848,100747,69,24886,,,,,,,,3,,11.56,,,,,1211,True,Sprints,726,1079,1265.5,M,False,3,2025-03-29,2025-03-29,False
44849,100748,86,26454,,,,,,,,3,,17.00,,,,,1211,True,Sprints,0,247,123.5,M,False,3,2025-03-29,2025-03-29,False
44904,100805,86,11501,,,,,,,,6,,0:56.93,,,,,1211,True,Sprints,496,943,967.5,M,False,3,2025-03-29,2025-03-29,False
44905,100807,75,25995,,,,,,,,6,,0:53.59,,,,,1211,True,Sprints,658,1065,1190.5,M,False,3,2025-03-29,2025-03-29,False
44906,100808,94,26468,,,,,,,,6,,0:53.49,,,,,1211,True,Sprints,663,1069,1197.5,M,False,3,2025-03-29,2025-03-29,False
44907,100809,94,26453,,,,,,,,6,,1:04.17,,,,,1211,True,Sprints,224,703,575.5,M,False,3,2025-03-29,2025-03-29,False
44908,100810,69,2590,,,,,,,,6,,0:58.63,,,,,1211,True,Sprints,423,883,864.5,M,False,3,2025-03-29,2025-03-29,False
44909,100811,77,7741,,,,,,,,6,,0:54.63,,,,,1211,True,Sprints,605,1026,1118.0,M,False,3,2025-03-29,2025-03-29,False
44910,100812,94,26469,,,,,,,,6,,0:58.54,,,,,1211,True,Sprints,426,886,869.0,M,False,3,2025-03-29,2025-03-29,False
44911,100813,72,26470,,,,,,,,6,,0:53.31,,,,,1211,True,Sprints,673,1076,1211.0,M,False,3,2025-03-29,2025-03-29,False
44912,100814,73,26471,,,,,,,,6,,0:59.16,,,,,1211,True,Sprints,401,865,833.5,M,False,3,2025-03-29,2025-03-29,False
44913,100815,77,7743,,,,,,,,6,,1:06.66,,,,,1211,True,Sprints,155,628,469.0,M,False,3,2025-03-29,2025-03-29,False
44916,100816,77,1592,,,,,,,,6,,1:00.86,,,,,1211,True,Sprints,335,808,739.0,M,False,3,2025-03-29,2025-03-29,False
44917,100817,64,26472,,,,,,,,6,,1:04.11,,,,,1211,True,Sprints,226,705,578.5,M,False,3,2025-03-29,2025-03-29,False
44918,100818,64,26450,,,,,,,,6,,1:02.11,,,,,1211,True,Sprints,290,767,673.5,M,False,3,2025-03-29,2025-03-29,False
44919,100819,86,11492,,,,,,,,6,,1:00.06,,,,,1211,True,Sprints,365,835,782.5,M,False,3,2025-03-29,2025-03-29,False
44920,100820,94,5358,,,,,,,,6,,0:54.90,,,,,1211,True,Sprints,592,1016,1100.0,M,False,3,2025-03-29,2025-03-29,False
44921,100821,69,3021,,,,,,,,6,,1:01.49,,,,,1211,True,Sprints,312,788,706.0,M,False,3,2025-03-29,2025-03-29,False
44969,100871,64,26450,,,,,,,,4,,0:28.43,,,,,1211,True,Sprints,253,652,579.0,M,False,3,2025-03-29,2025-03-29,False
44970,100872,94,25157,,,,,,,,4,,0:23.57,,,,,1211,True,Sprints,721,1077,1259.5,M,False,3,2025-03-29,2025-03-29,False
44971,100873,94,26482,,,,,,,,4,,0:22.86,,,,,1211,True,Sprints,810,1148,1384.0,M,False,3,2025-03-29,2025-03-29,False
44972,100875,86,26174,,,,,,,,4,,0:29.16,,,,,1211,True,Sprints,203,597,501.5,M,False,3,2025-03-29,2025-03-29,False
44973,100876,94,26452,,,,,,,,4,,0:24.91,,,,,1211,True,Sprints,568,949,1042.5,M,False,3,2025-03-29,2025-03-29,False
44974,100877,69,7964,,,,,,,,4,,0:28.06,,,,,1211,True,Sprints,280,681,620.5,M,False,3,2025-03-29,2025-03-29,False
44975,100878,86,25160,,,,,,,,4,,0:23.58,,,,,1211,True,Sprints,720,1076,1258.0,M,False,3,2025-03-29,2025-03-29,False
44976,100879,86,11516,,,,,,,,4,,0:26.23,,,,,1211,True,Sprints,435,831,850.5,M,False,3,2025-03-29,2025-03-29,False
44977,100880,94,5358,,,,,,,,4,,0:25.18,,,,,1211,True,Sprints,539,924,1001.0,M,False,3,2025-03-29,2025-03-29,False
44978,100881,69,3021,,,,,,,,4,,0:27.65,,,,,1211,True,Sprints,312,713,668.5,M,False,3,2025-03-29,2025-03-29,False
44979,100882,86,26483,,,,,,,,4,,0:23.19,,,,,1211,True,Sprints,768,1114,1325.0,M,False,3,2025-03-29,2025-03-29,False
44980,100883,69,5874,,,,,,,,4,,0:24.83,,,,,1211,True,Sprints,577,956,1055.0,M,False,3,2025-03-29,2025-03-29,False
45018,100874,69,25673,,,,,,,,4,,0:24.06,,,,,1211,True,Sprints,663,1029,1177.5,M,False,3,2025-03-29,2025-03-29,False
45065,101829,15,4064,,,,,,,,3,,11.87,,,,,1226,True,Sprints,645,1015,1152.5,M,False,3,2025-04-03,2025-04-05,False
45066,101830,15,26534,,,,,,,,3,,12.27,,,,,1226,True,Sprints,548,937,1016.5,M,False,3,2025-04-03,2025-04-05,False
45067,101831,15,3279,,,,,,,,6,,54.26,,,,,1226,True,Sprints,624,1040,1144.0,M,False,3,2025-04-03,2025-04-05,False
45068,101832,15,26534,,,,,,,,6,,55.86,,,,,1226,True,Sprints,546,981,1036.5,M,False,3,2025-04-03,2025-04-05,False
45069,101833,15,4065,,,,,,,,6,,56.24,,,,,1226,True,Sprints,528,967,1011.5,M,False,3,2025-04-03,2025-04-05,False
45070,101834,15,5140,,,,,,,,6,,56.43,,,,,1226,True,Sprints,519,961,999.5,M,False,3,2025-04-03,2025-04-05,False
45071,101835,15,5139,,,,,,,,6,,56.74,,,,,1226,True,Sprints,505,949,979.5,M,False,3,2025-04-03,2025-04-05,False
45143,101880,88,4073,So,,,,,,,3,Prelims,11.37,,,,0.5,1228,True,Sprints,777,1118,1336.0,M,False,3,2025-04-10,2025-04-12,False
45144,101934,88,4073,,,,,,,,3,,11.03,,,,,1231,True,Sprints,874,1191,1469.5,M,False,3,2025-04-18,2025-04-19,False
45145,101935,88,4073,,,,,,,,4,,22.71,,,,,1231,True,Sprints,829,1163,1410.5,M,False,3,2025-04-18,2025-04-19,False
45189,101980,86,3012,,,,,,,,6,,55.25,,,,,1234,True,Sprints,575,1003,1076.5,M,False,3,2025-04-11,2025-04-12,False
45190,101981,86,26172,,,,,,,,3,,13.00,,,,2.1,1234,True,Sprints,392,801,792.5,M,False,3,2025-04-11,2025-04-12,False
45197,101988,86,26483,,,,,,,,4,,23.78,,,,0.9,1234,True,Sprints,696,1056,1224.0,M,False,3,2025-04-11,2025-04-12,False
45198,101989,86,3012,,,,,,,,4,,25.12,,,,1.8,1234,True,Sprints,546,930,1011.0,M,False,3,2025-04-11,2025-04-12,False
45199,101990,86,26544,,,,,,,,4,,27.23,,,,1.8,1234,True,Sprints,346,747,719.5,M,False,3,2025-04-11,2025-04-12,False
45214,102006,88,3616,Jr,,,,,,,3,,12.21,,,,,1235,True,Sprints,562,948,1036.0,M,False,3,2025-05-04,2025-05-04,False
45215,102007,88,3616,Jr,,,,,,,4,,24.66,,,,,1235,True,Sprints,595,972,1081.0,M,False,3,2025-05-04,2025-05-04,False
46510,102085,56,3578,,,,,,,,3,Prelims,11.15,,,,,1237,True,Sprints,840,1165,1422.5,M,False,3,2025-04-05,2025-04-06,True
46511,102086,124,3846,,,,,,,,3,Prelims,11.15,,,,,1237,True,Sprints,840,1165,1422.5,M,False,3,2025-04-05,2025-04-06,True
46512,102087,116,3951,,,,,,,,3,Prelims,11.22,,,,,1237,True,Sprints,820,1150,1395.0,M,False,3,2025-04-05,2025-04-06,True
46513,102089,146,24580,,,,,,,,3,Prelims,11.25,,,,,1237,True,Sprints,811,1144,1383.0,M,False,3,2025-04-05,2025-04-06,True
46514,102090,166,26548,,,,,,,,3,Prelims,11.26,,,,,1237,True,Sprints,808,1142,1379.0,M,False,3,2025-04-05,2025-04-06,True
46515,102091,146,3698,,,,,,,,3,Prelims,11.30,,,,,1237,True,Sprints,797,1133,1363.5,M,False,3,2025-04-05,2025-04-06,True
46516,102092,56,24391,,,,,,,,3,Prelims,11.34,,,,,1237,True,Sprints,786,1125,1348.5,M,False,3,2025-04-05,2025-04-06,True
46517,102093,167,5246,,,,,,,,3,Prelims,11.42,,,,,1237,True,Sprints,764,1108,1318.0,M,False,3,2025-04-05,2025-04-06,True
46518,102094,146,3719,,,,,,,,3,Prelims,11.43,,,,,1237,True,Sprints,761,1106,1314.0,M,False,3,2025-04-05,2025-04-06,True
46519,102095,124,3843,,,,,,,,3,Prelims,11.47,,,,,1237,True,Sprints,750,1097,1298.5,M,False,3,2025-04-05,2025-04-06,True
46520,102096,202,3513,,,,,,,,3,Prelims,11.47,,,,,1237,True,Sprints,750,1097,1298.5,M,False,3,2025-04-05,2025-04-06,True
46521,102097,17,25198,,,,,,,,3,Prelims,11.50,,,,,1237,True,Sprints,742,1091,1287.5,M,False,3,2025-04-05,2025-04-06,True
46522,102098,56,4111,,,,,,,,3,Prelims,11.51,,,,,1237,True,Sprints,739,1089,1283.5,M,False,3,2025-04-05,2025-04-06,True
46523,102099,146,4393,,,,,,,,3,Prelims,11.55,,,,,1237,True,Sprints,728,1081,1268.5,M,False,3,2025-04-05,2025-04-06,True
46524,102100,202,3507,,,,,,,,3,Prelims,11.57,,,,,1237,True,Sprints,723,1077,1261.5,M,False,3,2025-04-05,2025-04-06,True
46525,102101,174,25253,,,,,,,,3,Prelims,11.59,,,,,1237,True,Sprints,718,1072,1254.0,M,False,3,2025-04-05,2025-04-06,True
46526,102102,167,5218,,,,,,,,3,Prelims,11.59,,,,,1237,True,Sprints,718,1072,1254.0,M,False,3,2025-04-05,2025-04-06,True
46527,102103,188,3541,,,,,,,,3,Prelims,11.59,,,,,1237,True,Sprints,718,1072,1254.0,M,False,3,2025-04-05,2025-04-06,True
46528,102104,166,24460,,,,,,,,3,Prelims,11.63,,,,,1237,True,Sprints,707,1064,1239.0,M,False,3,2025-04-05,2025-04-06,True
46529,102105,61,24978,,,,,,,,3,Prelims,11.63,,,,,1237,True,Sprints,707,1064,1239.0,M,False,3,2025-04-05,2025-04-06,True
46530,102106,167,5234,,,,,,,,3,Prelims,11.63,,,,,1237,True,Sprints,707,1064,1239.0,M,False,3,2025-04-05,2025-04-06,True
46531,102107,204,26139,,,,,,,,3,Prelims,11.63,,,,,1237,True,Sprints,707,1064,1239.0,M,False,3,2025-04-05,2025-04-06,True
46532,102108,167,25023,,,,,,,,3,Prelims,11.64,,,,,1237,True,Sprints,704,1062,1235.0,M,False,3,2025-04-05,2025-04-06,True
46533,102109,116,24630,,,,,,,,3,Prelims,11.65,,,,,1237,True,Sprints,702,1060,1232.0,M,False,3,2025-04-05,2025-04-06,True
46534,102110,88,25155,,,,,,,,3,Prelims,11.68,,,,,1237,True,Sprints,694,1054,1221.0,M,False,3,2025-04-05,2025-04-06,True
46535,102111,167,25031,,,,,,,,3,Prelims,11.68,,,,,1237,True,Sprints,694,1054,1221.0,M,False,3,2025-04-05,2025-04-06,True
46536,102112,56,24984,,,,,,,,3,Prelims,11.70,,,,,1237,True,Sprints,689,1050,1214.0,M,False,3,2025-04-05,2025-04-06,True
46537,102113,124,24415,,,,,,,,3,Prelims,11.70,,,,,1237,True,Sprints,689,1050,1214.0,M,False,3,2025-04-05,2025-04-06,True
46538,102114,205,24442,,,,,,,,3,Prelims,11.72,,,,,1237,True,Sprints,684,1046,1207.0,M,False,3,2025-04-05,2025-04-06,True
46539,102115,146,3691,,,,,,,,3,Prelims,11.72,,,,,1237,True,Sprints,684,1046,1207.0,M,False,3,2025-04-05,2025-04-06,True
46540,102117,171,26549,,,,,,,,3,Prelims,11.74,,,,,1237,True,Sprints,678,1042,1199.0,M,False,3,2025-04-05,2025-04-06,True
46541,102118,146,24581,,,,,,,,3,Prelims,11.74,,,,,1237,True,Sprints,678,1042,1199.0,M,False,3,2025-04-05,2025-04-06,True
46542,102119,166,3590,,,,,,,,3,Prelims,11.75,,,,,1237,True,Sprints,676,1040,1196.0,M,False,3,2025-04-05,2025-04-06,True
46543,102120,146,3701,,,,,,,,3,Prelims,11.75,,,,,1237,True,Sprints,676,1040,1196.0,M,False,3,2025-04-05,2025-04-06,True
46544,102121,117,3996,,,,,,,,3,Prelims,11.76,,,,,1237,True,Sprints,673,1038,1192.0,M,False,3,2025-04-05,2025-04-06,True
46545,102122,166,26550,,,,,,,,3,Prelims,11.77,,,,,1237,True,Sprints,671,1036,1189.0,M,False,3,2025-04-05,2025-04-06,True
46546,102123,202,24359,,,,,,,,3,Prelims,11.78,,,,,1237,True,Sprints,668,1034,1185.0,M,False,3,2025-04-05,2025-04-06,True
46547,102124,169,24897,,,,,,,,3,Prelims,11.79,,,,,1237,True,Sprints,665,1032,1181.0,M,False,3,2025-04-05,2025-04-06,True
46548,102125,202,4592,,,,,,,,3,Prelims,11.79,,,,,1237,True,Sprints,665,1032,1181.0,M,False,3,2025-04-05,2025-04-06,True
46549,102126,202,24369,,,,,,,,3,Prelims,11.83,,,,,1237,True,Sprints,655,1023,1166.5,M,False,3,2025-04-05,2025-04-06,True
46550,102127,167,5250,,,,,,,,3,Prelims,11.83,,,,,1237,True,Sprints,655,1023,1166.5,M,False,3,2025-04-05,2025-04-06,True
46551,102128,202,3512,,,,,,,,3,Prelims,11.87,,,,,1237,True,Sprints,645,1015,1152.5,M,False,3,2025-04-05,2025-04-06,True
46552,102129,167,26170,,,,,,,,3,Prelims,11.87,,,,,1237,True,Sprints,645,1015,1152.5,M,False,3,2025-04-05,2025-04-06,True
46553,102130,158,25474,,,,,,,,3,Prelims,11.87,,,,,1237,True,Sprints,645,1015,1152.5,M,False,3,2025-04-05,2025-04-06,True
46554,102131,117,25082,,,,,,,,3,Prelims,11.87,,,,,1237,True,Sprints,645,1015,1152.5,M,False,3,2025-04-05,2025-04-06,True
46555,102132,146,4149,,,,,,,,3,Prelims,11.89,,,,,1237,True,Sprints,640,1011,1145.5,M,False,3,2025-04-05,2025-04-06,True
46556,102133,117,4097,,,,,,,,3,Prelims,11.91,,,,,1237,True,Sprints,635,1007,1138.5,M,False,3,2025-04-05,2025-04-06,True
46557,102134,158,3680,,,,,,,,3,Prelims,11.94,,,,,1237,True,Sprints,628,1001,1128.5,M,False,3,2025-04-05,2025-04-06,True
46558,102135,159,5404,,,,,,,,3,Prelims,11.95,,,,,1237,True,Sprints,625,999,1124.5,M,False,3,2025-04-05,2025-04-06,True
46559,102136,165,24882,,,,,,,,3,Prelims,11.95,,,,,1237,True,Sprints,625,999,1124.5,M,False,3,2025-04-05,2025-04-06,True
46560,102137,122,26551,,,,,,,,3,Prelims,11.96,,,,,1237,True,Sprints,623,997,1121.5,M,False,3,2025-04-05,2025-04-06,True
46561,102138,202,24357,,,,,,,,3,Prelims,11.96,,,,,1237,True,Sprints,623,997,1121.5,M,False,3,2025-04-05,2025-04-06,True
46562,102139,61,26552,,,,,,,,3,Prelims,12.01,,,,,1237,True,Sprints,610,988,1104.0,M,False,3,2025-04-05,2025-04-06,True
46563,102140,167,4440,,,,,,,,3,Prelims,12.02,,,,,1237,True,Sprints,608,986,1101.0,M,False,3,2025-04-05,2025-04-06,True
46564,102141,188,24450,,,,,,,,3,Prelims,12.03,,,,,1237,True,Sprints,605,984,1097.0,M,False,3,2025-04-05,2025-04-06,True
46565,102142,56,24401,,,,,,,,3,Prelims,12.04,,,,,1237,True,Sprints,603,982,1094.0,M,False,3,2025-04-05,2025-04-06,True
46566,102143,167,25024,,,,,,,,3,Prelims,12.06,,,,,1237,True,Sprints,598,978,1087.0,M,False,3,2025-04-05,2025-04-06,True
46567,102144,146,3689,,,,,,,,3,Prelims,12.06,,,,,1237,True,Sprints,598,978,1087.0,M,False,3,2025-04-05,2025-04-06,True
46568,102145,146,3695,,,,,,,,3,Prelims,12.07,,,,,1237,True,Sprints,596,976,1084.0,M,False,3,2025-04-05,2025-04-06,True
46569,102146,146,3708,,,,,,,,3,Prelims,12.08,,,,,1237,True,Sprints,593,974,1080.0,M,False,3,2025-04-05,2025-04-06,True
46570,102147,159,5550,,,,,,,,3,Prelims,12.09,,,,,1237,True,Sprints,591,972,1077.0,M,False,3,2025-04-05,2025-04-06,True
46571,102148,158,3682,,,,,,,,3,Prelims,12.12,,,,,1237,True,Sprints,584,966,1067.0,M,False,3,2025-04-05,2025-04-06,True
46572,102149,203,24543,,,,,,,,3,Prelims,12.15,,,,,1237,True,Sprints,576,960,1056.0,M,False,3,2025-04-05,2025-04-06,True
46573,102150,167,26168,,,,,,,,3,Prelims,12.15,,,,,1237,True,Sprints,576,960,1056.0,M,False,3,2025-04-05,2025-04-06,True
46574,102151,146,26553,,,,,,,,3,Prelims,12.16,,,,,1237,True,Sprints,574,958,1053.0,M,False,3,2025-04-05,2025-04-06,True
46575,102152,188,24999,,,,,,,,3,Prelims,12.17,,,,,1237,True,Sprints,572,956,1050.0,M,False,3,2025-04-05,2025-04-06,True
46576,102153,111,25073,,,,,,,,3,Prelims,12.20,,,,,1237,True,Sprints,565,950,1040.0,M,False,3,2025-04-05,2025-04-06,True
46577,102154,63,25680,,,,,,,,3,Prelims,12.23,,,,,1237,True,Sprints,558,944,1030.0,M,False,3,2025-04-05,2025-04-06,True
46578,102155,167,26171,,,,,,,,3,Prelims,12.25,,,,,1237,True,Sprints,553,941,1023.5,M,False,3,2025-04-05,2025-04-06,True
46579,102156,205,25267,,,,,,,,3,Prelims,12.25,,,,,1237,True,Sprints,553,941,1023.5,M,False,3,2025-04-05,2025-04-06,True
46580,102157,146,3728,,,,,,,,3,Prelims,12.26,,,,,1237,True,Sprints,551,939,1020.5,M,False,3,2025-04-05,2025-04-06,True
46581,102158,199,25005,,,,,,,,3,Prelims,12.28,,,,,1237,True,Sprints,546,935,1013.5,M,False,3,2025-04-05,2025-04-06,True
46582,102159,61,2289,,,,,,,,3,Prelims,12.28,,,,,1237,True,Sprints,546,935,1013.5,M,False,3,2025-04-05,2025-04-06,True
46583,102160,202,23592,,,,,,,,3,Prelims,12.29,,,,,1237,True,Sprints,544,933,1010.5,M,False,3,2025-04-05,2025-04-06,True
46584,102161,188,3549,,,,,,,,3,Prelims,12.32,,,,,1237,True,Sprints,537,927,1000.5,M,False,3,2025-04-05,2025-04-06,True
46585,102162,202,5552,,,,,,,,3,Prelims,12.34,,,,,1237,True,Sprints,532,923,993.5,M,False,3,2025-04-05,2025-04-06,True
46586,102163,159,5406,,,,,,,,3,Prelims,12.34,,,,,1237,True,Sprints,532,923,993.5,M,False,3,2025-04-05,2025-04-06,True
46587,102164,56,24983,,,,,,,,3,Prelims,12.35,,,,,1237,True,Sprints,530,921,990.5,M,False,3,2025-04-05,2025-04-06,True
46589,102116,146,24880,,,,,,,,3,Prelims,11.73,,,,,1237,True,Sprints,681,1044,1203.0,M,False,3,2025-04-05,2025-04-06,True
46590,102165,166,24971,,,,,,,,3,Prelims,12.36,,,,,1237,True,Sprints,527,919,986.5,M,False,3,2025-04-05,2025-04-06,True
46591,102166,167,25025,,,,,,,,3,Prelims,12.36,,,,,1237,True,Sprints,527,919,986.5,M,False,3,2025-04-05,2025-04-06,True
46592,102167,146,3687,,,,,,,,3,Prelims,12.38,,,,,1237,True,Sprints,523,916,981.0,M,False,3,2025-04-05,2025-04-06,True
46593,102168,56,24393,,,,,,,,3,Prelims,12.42,,,,,1237,True,Sprints,514,908,968.0,M,False,3,2025-04-05,2025-04-06,True
46594,102169,146,24607,,,,,,,,3,Prelims,12.47,,,,,1237,True,Sprints,503,899,952.5,M,False,3,2025-04-05,2025-04-06,True
46595,102170,167,5239,,,,,,,,3,Prelims,12.48,,,,,1237,True,Sprints,500,897,948.5,M,False,3,2025-04-05,2025-04-06,True
46596,102172,146,1216,,,,,,,,3,Prelims,12.50,,,,,1237,True,Sprints,496,893,942.5,M,False,3,2025-04-05,2025-04-06,True
46597,102173,166,26554,,,,,,,,3,Prelims,12.53,,,,,1237,True,Sprints,489,887,932.5,M,False,3,2025-04-05,2025-04-06,True
46598,102174,139,25018,,,,,,,,3,Prelims,12.54,,,,,1237,True,Sprints,487,885,929.5,M,False,3,2025-04-05,2025-04-06,True
46599,102175,84,25109,,,,,,,,3,Prelims,12.54,,,,,1237,True,Sprints,487,885,929.5,M,False,3,2025-04-05,2025-04-06,True
46600,102176,167,26167,,,,,,,,3,Prelims,12.54,,,,,1237,True,Sprints,487,885,929.5,M,False,3,2025-04-05,2025-04-06,True
46601,102177,79,26094,,,,,,,,3,Prelims,12.68,,,,,1237,True,Sprints,457,859,886.5,M,False,3,2025-04-05,2025-04-06,True
46602,102178,203,4415,,,,,,,,3,Prelims,12.69,,,,,1237,True,Sprints,455,857,883.5,M,False,3,2025-04-05,2025-04-06,True
46603,102179,199,5028,,,,,,,,3,Prelims,12.70,,,,,1237,True,Sprints,453,856,881.0,M,False,3,2025-04-05,2025-04-06,True
46604,102180,124,24733,,,,,,,,3,Prelims,12.73,,,,,1237,True,Sprints,446,850,871.0,M,False,3,2025-04-05,2025-04-06,True
46605,102181,139,11517,,,,,,,,3,Prelims,12.75,,,,,1237,True,Sprints,442,846,865.0,M,False,3,2025-04-05,2025-04-06,True
46606,102182,56,3572,,,,,,,,3,Prelims,12.78,,,,,1237,True,Sprints,436,841,856.5,M,False,3,2025-04-05,2025-04-06,True
46607,102183,146,3720,,,,,,,,3,Prelims,12.81,,,,,1237,True,Sprints,430,835,847.5,M,False,3,2025-04-05,2025-04-06,True
46608,102184,146,3709,,,,,,,,3,Prelims,12.92,,,,,1237,True,Sprints,407,816,815.0,M,False,3,2025-04-05,2025-04-06,True
46609,102185,205,4487,,,,,,,,3,Prelims,12.97,,,,,1237,True,Sprints,398,807,801.5,M,False,3,2025-04-05,2025-04-06,True
46610,102186,122,24709,,,,,,,,3,Prelims,12.97,,,,,1237,True,Sprints,398,807,801.5,M,False,3,2025-04-05,2025-04-06,True
46611,102187,116,3943,,,,,,,,3,Prelims,13.01,,,,,1237,True,Sprints,390,799,789.5,M,False,3,2025-04-05,2025-04-06,True
46612,102188,146,24889,,,,,,,,3,Prelims,13.01,,,,,1237,True,Sprints,390,799,789.5,M,False,3,2025-04-05,2025-04-06,True
46613,102189,56,3571,,,,,,,,3,Prelims,13.04,,,,,1237,True,Sprints,384,794,781.0,M,False,3,2025-04-05,2025-04-06,True
46614,102190,188,3551,,,,,,,,3,Prelims,13.07,,,,,1237,True,Sprints,378,789,772.5,M,False,3,2025-04-05,2025-04-06,True
46615,102191,188,25907,,,,,,,,3,Prelims,13.14,,,,,1237,True,Sprints,365,776,753.0,M,False,3,2025-04-05,2025-04-06,True
46616,102192,203,5037,,,,,,,,3,Prelims,13.16,,,,,1237,True,Sprints,361,773,747.5,M,False,3,2025-04-05,2025-04-06,True
46617,102193,203,25281,,,,,,,,3,Prelims,13.23,,,,,1237,True,Sprints,348,761,728.5,M,False,3,2025-04-05,2025-04-06,True
46618,102194,130,5417,,,,,,,,3,Prelims,13.29,,,,,1237,True,Sprints,337,750,712.0,M,False,3,2025-04-05,2025-04-06,True
46619,102195,86,26172,,,,,,,,3,Prelims,13.30,,,,,1237,True,Sprints,335,749,709.5,M,False,3,2025-04-05,2025-04-06,True
46620,102197,146,3699,,,,,,,,3,Prelims,13.36,,,,,1237,True,Sprints,324,738,693.0,M,False,3,2025-04-05,2025-04-06,True
46621,102198,117,161,,,,,,,,3,Prelims,13.39,,,,,1237,True,Sprints,319,733,685.5,M,False,3,2025-04-05,2025-04-06,True
46622,102199,202,3520,,,,,,,,3,Prelims,13.46,,,,,1237,True,Sprints,306,721,666.5,M,False,3,2025-04-05,2025-04-06,True
46623,102200,203,25665,,,,,,,,3,Prelims,13.54,,,,,1237,True,Sprints,293,708,647.0,M,False,3,2025-04-05,2025-04-06,True
46624,102201,86,25108,,,,,,,,3,Prelims,13.71,,,,,1237,True,Sprints,264,680,604.0,M,False,3,2025-04-05,2025-04-06,True
46625,102202,56,24398,,,,,,,,3,Prelims,13.72,,,,,1237,True,Sprints,263,678,602.0,M,False,3,2025-04-05,2025-04-06,True
46626,102203,203,3064,,,,,,,,3,Prelims,13.86,,,,,1237,True,Sprints,241,655,568.5,M,False,3,2025-04-05,2025-04-06,True
46627,102204,203,4420,,,,,,,,3,Prelims,13.98,,,,,1237,True,Sprints,223,636,541.0,M,False,3,2025-04-05,2025-04-06,True
46628,102206,124,19434,,,,,,,,3,Prelims,14.70,,,,,1237,True,Sprints,129,527,392.5,M,False,3,2025-04-05,2025-04-06,True
46629,102207,158,26555,,,,,,,,3,Prelims,17.18,,,,,1237,True,Sprints,0,229,114.5,M,False,3,2025-04-05,2025-04-06,True
46630,102208,11,3265,,,,,,,,3,Prelims,17.48,,,,,1237,True,Sprints,0,201,100.5,M,False,3,2025-04-05,2025-04-06,True
46631,102209,100,23461,,,,,,,,3,Prelims,18.71,,,,,1237,True,Sprints,0,106,53.0,M,False,3,2025-04-05,2025-04-06,True
46632,102210,124,3846,,,,,,,,3,Finals,11.14,,,,,1237,True,Sprints,842,1167,1425.5,M,False,3,2025-04-05,2025-04-06,True
46633,102211,56,3578,,,,,,,,3,Finals,11.22,,,,,1237,True,Sprints,820,1150,1395.0,M,False,3,2025-04-05,2025-04-06,True
46634,102213,56,24391,,,,,,,,3,Finals,11.29,,,,,1237,True,Sprints,800,1135,1367.5,M,False,3,2025-04-05,2025-04-06,True
46635,102214,166,26548,,,,,,,,3,Finals,11.36,,,,,1237,True,Sprints,780,1120,1340.0,M,False,3,2025-04-05,2025-04-06,True
46636,102215,116,3951,,,,,,,,3,Finals,11.36,,,,,1237,True,Sprints,780,1120,1340.0,M,False,3,2025-04-05,2025-04-06,True
46637,102216,146,24580,,,,,,,,3,Finals,11.38,,,,,1237,True,Sprints,775,1116,1333.0,M,False,3,2025-04-05,2025-04-06,True
46638,102217,146,3698,,,,,,,,3,Finals,11.47,,,,,1237,True,Sprints,750,1097,1298.5,M,False,3,2025-04-05,2025-04-06,True
46645,102212,146,29817,,,,,,,,3,Finals,11.27,,,,,1237,True,Sprints,805,1139,1374.5,M,False,3,2025-04-05,2025-04-06,True
46654,102205,117,3997,,,,,,,,3,Prelims,14.24,,,,,1237,True,Sprints,186,595,483.5,M,False,3,2025-04-05,2025-04-06,True
46669,102171,167,26169,,,,,,,,3,Prelims,12.49,,,,,1237,True,Sprints,498,895,945.5,M,False,3,2025-04-05,2025-04-06,True
46685,102196,146,24608,,,,,,,,3,Prelims,13.31,,,,,1237,True,Sprints,333,747,706.5,M,False,3,2025-04-05,2025-04-06,True
46804,102439,171,26549,,,,,,,,4,Prelims,23.61,,,,,1237,True,Sprints,716,1073,1252.5,M,False,3,2025-04-05,2025-04-06,True
46837,102416,124,3846,,,,,,,,4,Prelims,22.50,,,,,1237,True,Sprints,857,1184,1449.0,M,False,3,2025-04-05,2025-04-06,True
46838,102417,56,3578,,,,,,,,4,Prelims,22.59,,,,,1237,True,Sprints,845,1175,1432.5,M,False,3,2025-04-05,2025-04-06,True
46839,102418,146,24580,,,,,,,,4,Prelims,22.83,,,,,1237,True,Sprints,814,1151,1389.5,M,False,3,2025-04-05,2025-04-06,True
46840,102419,116,3951,,,,,,,,4,Prelims,22.89,,,,,1237,True,Sprints,806,1145,1378.5,M,False,3,2025-04-05,2025-04-06,True
46841,102420,56,24391,,,,,,,,4,Prelims,22.91,,,,,1237,True,Sprints,803,1143,1374.5,M,False,3,2025-04-05,2025-04-06,True
46842,102421,204,26139,,,,,,,,4,Prelims,23.09,,,,,1237,True,Sprints,781,1124,1343.0,M,False,3,2025-04-05,2025-04-06,True
46843,102422,146,3698,,,,,,,,4,Prelims,23.10,,,,,1237,True,Sprints,779,1123,1340.5,M,False,3,2025-04-05,2025-04-06,True
46844,102423,146,4393,,,,,,,,4,Prelims,23.12,,,,,1237,True,Sprints,777,1121,1337.5,M,False,3,2025-04-05,2025-04-06,True
46845,102424,124,3843,,,,,,,,4,Prelims,23.13,,,,,1237,True,Sprints,776,1120,1336.0,M,False,3,2025-04-05,2025-04-06,True
46846,102425,167,5246,,,,,,,,4,Prelims,23.13,,,,,1237,True,Sprints,776,1120,1336.0,M,False,3,2025-04-05,2025-04-06,True
46847,102427,146,3719,,,,,,,,4,Prelims,23.18,,,,,1237,True,Sprints,769,1115,1326.5,M,False,3,2025-04-05,2025-04-06,True
46848,102428,146,3691,,,,,,,,4,Prelims,23.20,,,,,1237,True,Sprints,767,1113,1323.5,M,False,3,2025-04-05,2025-04-06,True
46849,102429,167,5218,,,,,,,,4,Prelims,23.20,,,,,1237,True,Sprints,767,1113,1323.5,M,False,3,2025-04-05,2025-04-06,True
46850,102430,159,24869,,,,,,,,4,Prelims,23.12,,,,,1237,True,Sprints,777,1121,1337.5,M,False,3,2025-04-05,2025-04-06,True
46851,102431,167,25023,,,,,,,,4,Prelims,23.22,,,,,1237,True,Sprints,764,1111,1319.5,M,False,3,2025-04-05,2025-04-06,True
46852,102432,188,3541,,,,,,,,4,Prelims,23.38,,,,,1237,True,Sprints,744,1096,1292.0,M,False,3,2025-04-05,2025-04-06,True
46853,102434,202,24363,,,,,,,,4,Prelims,23.45,,,,,1237,True,Sprints,736,1089,1280.5,M,False,3,2025-04-05,2025-04-06,True
46854,102435,174,25253,,,,,,,,4,Prelims,23.51,,,,,1237,True,Sprints,729,1083,1270.5,M,False,3,2025-04-05,2025-04-06,True
46855,102436,202,3508,,,,,,,,4,Prelims,23.52,,,,,1237,True,Sprints,727,1082,1268.0,M,False,3,2025-04-05,2025-04-06,True
46856,102437,202,3513,,,,,,,,4,Prelims,23.58,,,,,1237,True,Sprints,720,1076,1258.0,M,False,3,2025-04-05,2025-04-06,True
46857,102438,167,5234,,,,,,,,4,Prelims,23.60,,,,,1237,True,Sprints,718,1074,1255.0,M,False,3,2025-04-05,2025-04-06,True
46858,102440,56,4111,,,,,,,,4,Prelims,23.62,,,,,1237,True,Sprints,715,1072,1251.0,M,False,3,2025-04-05,2025-04-06,True
46859,102441,146,3701,,,,,,,,4,Prelims,23.63,,,,,1237,True,Sprints,714,1071,1249.5,M,False,3,2025-04-05,2025-04-06,True
46860,102442,204,24434,,,,,,,,4,Prelims,23.66,,,,,1237,True,Sprints,710,1068,1244.0,M,False,3,2025-04-05,2025-04-06,True
46861,102443,116,24634,,,,,,,,4,Prelims,23.71,,,,,1237,True,Sprints,704,1063,1235.5,M,False,3,2025-04-05,2025-04-06,True
46862,102444,88,25155,,,,,,,,4,Prelims,23.71,,,,,1237,True,Sprints,704,1063,1235.5,M,False,3,2025-04-05,2025-04-06,True
46863,102445,146,3733,,,,,,,,4,Prelims,23.75,,,,,1237,True,Sprints,700,1059,1229.5,M,False,3,2025-04-05,2025-04-06,True
46864,102446,146,24670,,,,,,,,4,Prelims,23.76,,,,,1237,True,Sprints,698,1058,1227.0,M,False,3,2025-04-05,2025-04-06,True
46865,102447,146,3690,,,,,,,,4,Prelims,23.76,,,,,1237,True,Sprints,698,1058,1227.0,M,False,3,2025-04-05,2025-04-06,True
46866,102448,56,24984,,,,,,,,4,Prelims,23.79,,,,,1237,True,Sprints,695,1055,1222.5,M,False,3,2025-04-05,2025-04-06,True
46867,102449,202,3512,,,,,,,,4,Prelims,23.79,,,,,1237,True,Sprints,695,1055,1222.5,M,False,3,2025-04-05,2025-04-06,True
46868,102450,169,24895,,,,,,,,4,Prelims,23.81,,,,,1237,True,Sprints,693,1053,1219.5,M,False,3,2025-04-05,2025-04-06,True
46869,102451,116,24630,,,,,,,,4,Prelims,23.84,,,,,1237,True,Sprints,689,1050,1214.0,M,False,3,2025-04-05,2025-04-06,True
46870,102452,1,3522,,,,,,,,4,Prelims,23.85,,,,,1237,True,Sprints,688,1049,1212.5,M,False,3,2025-04-05,2025-04-06,True
46871,102453,117,3996,,,,,,,,4,Prelims,23.89,,,,,1237,True,Sprints,683,1046,1206.0,M,False,3,2025-04-05,2025-04-06,True
46872,102454,124,24409,,,,,,,,4,Prelims,23.90,,,,,1237,True,Sprints,682,1045,1204.5,M,False,3,2025-04-05,2025-04-06,True
46873,102455,202,24370,,,,,,,,4,Prelims,23.91,,,,,1237,True,Sprints,681,1044,1203.0,M,False,3,2025-04-05,2025-04-06,True
46875,102433,204,3607,,,,,,,,4,Prelims,23.45,,,,,1237,True,Sprints,736,1089,1280.5,M,False,3,2025-04-05,2025-04-06,True
46877,102456,17,25200,,,,,,,,4,Prelims,23.91,,,,,1237,True,Sprints,681,1044,1203.0,M,False,3,2025-04-05,2025-04-06,True
46878,102457,202,5558,,,,,,,,4,Prelims,23.91,,,,,1237,True,Sprints,681,1044,1203.0,M,False,3,2025-04-05,2025-04-06,True
46879,102458,56,24401,,,,,,,,4,Prelims,23.96,,,,,1237,True,Sprints,675,1039,1194.5,M,False,3,2025-04-05,2025-04-06,True
46880,102460,205,24442,,,,,,,,4,Prelims,23.98,,,,,1237,True,Sprints,672,1037,1190.5,M,False,3,2025-04-05,2025-04-06,True
46881,102461,166,19398,,,,,,,,4,Prelims,24.01,,,,,1237,True,Sprints,669,1034,1186.0,M,False,3,2025-04-05,2025-04-06,True
46882,102462,63,554,,,,,,,,4,Prelims,24.05,,,,,1237,True,Sprints,664,1030,1179.0,M,False,3,2025-04-05,2025-04-06,True
46883,102463,202,4592,,,,,,,,4,Prelims,24.05,,,,,1237,True,Sprints,664,1030,1179.0,M,False,3,2025-04-05,2025-04-06,True
46884,102464,117,25082,,,,,,,,4,Prelims,24.08,,,,,1237,True,Sprints,661,1027,1174.5,M,False,3,2025-04-05,2025-04-06,True
46885,102465,146,3708,,,,,,,,4,Prelims,24.10,,,,,1237,True,Sprints,659,1025,1171.5,M,False,3,2025-04-05,2025-04-06,True
46886,102466,146,24880,,,,,,,,4,Prelims,24.11,,,,,1237,True,Sprints,657,1024,1169.0,M,False,3,2025-04-05,2025-04-06,True
46887,102467,117,4095,,,,,,,,4,Prelims,24.17,,,,,1237,True,Sprints,650,1019,1159.5,M,False,3,2025-04-05,2025-04-06,True
46888,102468,146,3728,,,,,,,,4,Prelims,24.21,,,,,1237,True,Sprints,646,1015,1153.5,M,False,3,2025-04-05,2025-04-06,True
46889,102469,117,24692,,,,,,,,4,Prelims,24.30,,,,,1237,True,Sprints,636,1006,1139.0,M,False,3,2025-04-05,2025-04-06,True
46890,102470,124,24415,,,,,,,,4,Prelims,24.31,,,,,1237,True,Sprints,634,1005,1136.5,M,False,3,2025-04-05,2025-04-06,True
46891,102471,146,4149,,,,,,,,4,Prelims,24.31,,,,,1237,True,Sprints,634,1005,1136.5,M,False,3,2025-04-05,2025-04-06,True
46892,102472,116,24635,,,,,,,,4,Prelims,24.32,,,,,1237,True,Sprints,633,1004,1135.0,M,False,3,2025-04-05,2025-04-06,True
46893,102473,111,25073,,,,,,,,4,Prelims,24.33,,,,,1237,True,Sprints,632,1003,1133.5,M,False,3,2025-04-05,2025-04-06,True
46894,102474,202,24357,,,,,,,,4,Prelims,24.38,,,,,1237,True,Sprints,627,999,1126.5,M,False,3,2025-04-05,2025-04-06,True
46895,102475,203,4423,,,,,,,,4,Prelims,24.38,,,,,1237,True,Sprints,627,999,1126.5,M,False,3,2025-04-05,2025-04-06,True
46896,102476,139,26617,,,,,,,,4,Prelims,24.41,,,,,1237,True,Sprints,623,996,1121.0,M,False,3,2025-04-05,2025-04-06,True
46897,102477,166,3590,,,,,,,,4,Prelims,24.42,,,,,1237,True,Sprints,622,995,1119.5,M,False,3,2025-04-05,2025-04-06,True
46898,102478,188,24450,,,,,,,,4,Prelims,24.42,,,,,1237,True,Sprints,622,995,1119.5,M,False,3,2025-04-05,2025-04-06,True
46899,102479,166,24470,,,,,,,,4,Prelims,24.43,,,,,1237,True,Sprints,621,994,1118.0,M,False,3,2025-04-05,2025-04-06,True
46900,102480,79,25857,,,,,,,,4,Prelims,24.48,,,,,1237,True,Sprints,615,989,1109.5,M,False,3,2025-04-05,2025-04-06,True
46901,102481,63,25680,,,,,,,,4,Prelims,24.50,,,,,1237,True,Sprints,613,987,1106.5,M,False,3,2025-04-05,2025-04-06,True
46902,102482,169,24896,,,,,,,,4,Prelims,24.58,,,,,1237,True,Sprints,604,980,1094.0,M,False,3,2025-04-05,2025-04-06,True
46903,102483,117,26605,,,,,,,,4,Prelims,24.58,,,,,1237,True,Sprints,604,980,1094.0,M,False,3,2025-04-05,2025-04-06,True
46904,102484,146,4386,,,,,,,,4,Prelims,24.59,,,,,1237,True,Sprints,603,979,1092.5,M,False,3,2025-04-05,2025-04-06,True
46905,102485,167,26170,,,,,,,,4,Prelims,24.63,,,,,1237,True,Sprints,599,975,1086.5,M,False,3,2025-04-05,2025-04-06,True
46906,102486,159,5550,,,,,,,,4,Prelims,24.67,,,,,1237,True,Sprints,594,971,1079.5,M,False,3,2025-04-05,2025-04-06,True
46907,102487,61,2289,,,,,,,,4,Prelims,24.72,,,,,1237,True,Sprints,589,967,1072.5,M,False,3,2025-04-05,2025-04-06,True
46908,102488,158,25474,,,,,,,,4,Prelims,24.73,,,,,1237,True,Sprints,588,966,1071.0,M,False,3,2025-04-05,2025-04-06,True
46909,102489,162,3158,,,,,,,,4,Prelims,24.78,,,,,1237,True,Sprints,582,961,1062.5,M,False,3,2025-04-05,2025-04-06,True
46910,102490,159,4358,,,,,,,,4,Prelims,24.82,,,,,1237,True,Sprints,578,957,1056.5,M,False,3,2025-04-05,2025-04-06,True
46911,102491,61,26552,,,,,,,,4,Prelims,24.82,,,,,1237,True,Sprints,578,957,1056.5,M,False,3,2025-04-05,2025-04-06,True
46912,102492,146,3696,,,,,,,,4,Prelims,24.85,,,,,1237,True,Sprints,575,955,1052.5,M,False,3,2025-04-05,2025-04-06,True
46913,102493,205,24444,,,,,,,,4,Prelims,24.85,,,,,1237,True,Sprints,575,955,1052.5,M,False,3,2025-04-05,2025-04-06,True
46914,102494,204,26618,,,,,,,,4,Prelims,24.90,,,,,1237,True,Sprints,569,950,1044.0,M,False,3,2025-04-05,2025-04-06,True
46915,102495,167,26168,,,,,,,,4,Prelims,24.90,,,,,1237,True,Sprints,569,950,1044.0,M,False,3,2025-04-05,2025-04-06,True
46916,102496,96,18751,,,,,,,,4,Prelims,24.95,,,,,1237,True,Sprints,564,945,1036.5,M,False,3,2025-04-05,2025-04-06,True
46917,102497,169,4451,,,,,,,,4,Prelims,24.98,,,,,1237,True,Sprints,561,943,1032.5,M,False,3,2025-04-05,2025-04-06,True
46918,102499,165,24882,,,,,,,,4,Prelims,25.04,,,,,1237,True,Sprints,554,937,1022.5,M,False,3,2025-04-05,2025-04-06,True
46919,102500,17,25246,,,,,,,,4,Prelims,25.04,,,,,1237,True,Sprints,554,937,1022.5,M,False,3,2025-04-05,2025-04-06,True
46920,102501,79,26094,,,,,,,,4,Prelims,25.07,,,,,1237,True,Sprints,551,934,1018.0,M,False,3,2025-04-05,2025-04-06,True
46921,102502,203,24543,,,,,,,,4,Prelims,25.08,,,,,1237,True,Sprints,550,933,1016.5,M,False,3,2025-04-05,2025-04-06,True
46922,102503,124,3838,,,,,,,,4,Prelims,25.09,,,,,1237,True,Sprints,549,933,1015.5,M,False,3,2025-04-05,2025-04-06,True
46923,102504,203,24918,,,,,,,,4,Prelims,25.10,,,,,1237,True,Sprints,548,932,1014.0,M,False,3,2025-04-05,2025-04-06,True
46924,102505,205,25267,,,,,,,,4,Prelims,25.11,,,,,1237,True,Sprints,547,931,1012.5,M,False,3,2025-04-05,2025-04-06,True
46925,102506,202,5559,,,,,,,,4,Prelims,25.16,,,,,1237,True,Sprints,542,926,1005.0,M,False,3,2025-04-05,2025-04-06,True
46926,102507,84,25109,,,,,,,,4,Prelims,25.17,,,,,1237,True,Sprints,541,925,1003.5,M,False,3,2025-04-05,2025-04-06,True
46927,102508,146,24607,,,,,,,,4,Prelims,25.22,,,,,1237,True,Sprints,535,921,995.5,M,False,3,2025-04-05,2025-04-06,True
46928,102509,171,26619,,,,,,,,4,Prelims,25.23,,,,,1237,True,Sprints,534,920,994.0,M,False,3,2025-04-05,2025-04-06,True
46929,102510,120,24835,,,,,,,,4,Prelims,25.24,,,,,1237,True,Sprints,533,919,992.5,M,False,3,2025-04-05,2025-04-06,True
46930,102511,188,3549,,,,,,,,4,Prelims,25.39,,,,,1237,True,Sprints,518,905,970.5,M,False,3,2025-04-05,2025-04-06,True
46931,102512,146,3689,,,,,,,,4,Prelims,25.42,,,,,1237,True,Sprints,515,903,966.5,M,False,3,2025-04-05,2025-04-06,True
46932,102513,159,5406,,,,,,,,4,Prelims,25.47,,,,,1237,True,Sprints,510,898,959.0,M,False,3,2025-04-05,2025-04-06,True
46933,102514,203,4415,,,,,,,,4,Prelims,25.49,,,,,1237,True,Sprints,508,896,956.0,M,False,3,2025-04-05,2025-04-06,True
46934,102515,120,344,,,,,,,,4,Prelims,25.59,,,,,1237,True,Sprints,497,887,940.5,M,False,3,2025-04-05,2025-04-06,True
46935,102516,139,25018,,,,,,,,4,Prelims,25.61,,,,,1237,True,Sprints,495,886,938.0,M,False,3,2025-04-05,2025-04-06,True
46936,102517,56,24393,,,,,,,,4,Prelims,25.62,,,,,1237,True,Sprints,494,885,936.5,M,False,3,2025-04-05,2025-04-06,True
46937,102518,146,5567,,,,,,,,4,Prelims,25.63,,,,,1237,True,Sprints,493,884,935.0,M,False,3,2025-04-05,2025-04-06,True
46938,102519,146,4380,,,,,,,,4,Prelims,25.70,,,,,1237,True,Sprints,486,878,925.0,M,False,3,2025-04-05,2025-04-06,True
46939,102520,124,24733,,,,,,,,4,Prelims,25.82,,,,,1237,True,Sprints,475,867,908.5,M,False,3,2025-04-05,2025-04-06,True
46940,102521,202,3506,,,,,,,,4,Prelims,25.85,,,,,1237,True,Sprints,472,864,904.0,M,False,3,2025-04-05,2025-04-06,True
46941,102522,202,5552,,,,,,,,4,Prelims,25.87,,,,,1237,True,Sprints,470,863,901.5,M,False,3,2025-04-05,2025-04-06,True
46942,102523,146,4387,,,,,,,,4,Prelims,25.87,,,,,1237,True,Sprints,470,863,901.5,M,False,3,2025-04-05,2025-04-06,True
46943,102524,160,11421,,,,,,,,4,Prelims,25.94,,,,,1237,True,Sprints,463,856,891.0,M,False,3,2025-04-05,2025-04-06,True
46944,102526,158,4337,,,,,,,,4,Prelims,26.00,,,,,1237,True,Sprints,457,851,882.5,M,False,3,2025-04-05,2025-04-06,True
46945,102527,111,25570,,,,,,,,4,Prelims,26.12,,,,,1237,True,Sprints,446,841,866.5,M,False,3,2025-04-05,2025-04-06,True
46946,102528,122,26551,,,,,,,,4,Prelims,26.33,,,,,1237,True,Sprints,426,823,837.5,M,False,3,2025-04-05,2025-04-06,True
46947,102529,204,25092,,,,,,,,4,Prelims,26.34,,,,,1237,True,Sprints,425,822,836.0,M,False,3,2025-04-05,2025-04-06,True
46948,102530,203,24892,,,,,,,,4,Prelims,26.47,,,,,1237,True,Sprints,413,811,818.5,M,False,3,2025-04-05,2025-04-06,True
46949,102531,117,4097,,,,,,,,4,Prelims,26.57,,,,,1237,True,Sprints,404,802,805.0,M,False,3,2025-04-05,2025-04-06,True
46950,102532,146,3709,,,,,,,,4,Prelims,26.57,,,,,1237,True,Sprints,404,802,805.0,M,False,3,2025-04-05,2025-04-06,True
46951,102533,86,26176,,,,,,,,4,Prelims,26.59,,,,,1237,True,Sprints,402,800,802.0,M,False,3,2025-04-05,2025-04-06,True
46952,102535,117,161,,,,,,,,4,Prelims,26.68,,,,,1237,True,Sprints,394,793,790.5,M,False,3,2025-04-05,2025-04-06,True
46953,102536,146,24889,,,,,,,,4,Prelims,26.70,,,,,1237,True,Sprints,392,791,787.5,M,False,3,2025-04-05,2025-04-06,True
46954,102537,101,8022,,,,,,,,4,Prelims,26.71,,,,,1237,True,Sprints,391,790,786.0,M,False,3,2025-04-05,2025-04-06,True
46955,102538,146,4148,,,,,,,,4,Prelims,26.71,,,,,1237,True,Sprints,391,790,786.0,M,False,3,2025-04-05,2025-04-06,True
46956,102539,167,26173,,,,,,,,4,Prelims,26.81,,,,,1237,True,Sprints,382,782,773.0,M,False,3,2025-04-05,2025-04-06,True
46957,102540,146,3720,,,,,,,,4,Prelims,26.82,,,,,1237,True,Sprints,381,781,771.5,M,False,3,2025-04-05,2025-04-06,True
46958,102541,86,26172,,,,,,,,4,Prelims,26.99,,,,,1237,True,Sprints,367,767,750.5,M,False,3,2025-04-05,2025-04-06,True
46959,102542,122,26620,,,,,,,,4,Prelims,27.00,,,,,1237,True,Sprints,366,766,749.0,M,False,3,2025-04-05,2025-04-06,True
46960,102543,203,5037,,,,,,,,4,Prelims,27.00,,,,,1237,True,Sprints,366,766,749.0,M,False,3,2025-04-05,2025-04-06,True
46961,102544,188,3551,,,,,,,,4,Prelims,27.11,,,,,1237,True,Sprints,356,757,734.5,M,False,3,2025-04-05,2025-04-06,True
46962,102545,90,25180,,,,,,,,4,Prelims,27.14,,,,,1237,True,Sprints,354,754,731.0,M,False,3,2025-04-05,2025-04-06,True
46963,102546,188,25907,,,,,,,,4,Prelims,27.17,,,,,1237,True,Sprints,351,752,727.0,M,False,3,2025-04-05,2025-04-06,True
46964,102547,17,25227,,,,,,,,4,Prelims,27.25,,,,,1237,True,Sprints,344,745,716.5,M,False,3,2025-04-05,2025-04-06,True
46965,102548,202,3520,,,,,,,,4,Prelims,27.51,,,,,1237,True,Sprints,323,724,685.0,M,False,3,2025-04-05,2025-04-06,True
46966,102549,11,3265,,,,,,,,4,Prelims,27.74,,,,,1237,True,Sprints,305,706,658.0,M,False,3,2025-04-05,2025-04-06,True
46967,102550,56,24398,,,,,,,,4,Prelims,27.84,,,,,1237,True,Sprints,297,698,646.0,M,False,3,2025-04-05,2025-04-06,True
46968,102551,130,5417,,,,,,,,4,Prelims,28.40,,,,,1237,True,Sprints,255,654,582.0,M,False,3,2025-04-05,2025-04-06,True
46969,102552,86,25108,,,,,,,,4,Prelims,28.78,,,,,1237,True,Sprints,228,626,541.0,M,False,3,2025-04-05,2025-04-06,True
46970,102459,117,24695,,,,,,,,4,Prelims,23.97,,,,,1237,True,Sprints,674,1038,1193.0,M,False,3,2025-04-05,2025-04-06,True
46971,102534,146,24608,,,,,,,,4,Prelims,26.62,,,,,1237,True,Sprints,399,798,798.0,M,False,3,2025-04-05,2025-04-06,True
46972,102525,178,4324,,,,,,,,4,Prelims,25.96,,,,,1237,True,Sprints,461,855,888.5,M,False,3,2025-04-05,2025-04-06,True
46973,102553,88,4589,,,,,,,,4,Prelims,28.98,,,,,1237,True,Sprints,215,611,520.5,M,False,3,2025-04-05,2025-04-06,True
46974,102554,158,3678,,,,,,,,4,Prelims,30.82,,,,,1237,True,Sprints,110,482,351.0,M,False,3,2025-04-05,2025-04-06,True
46975,102556,158,2481,,,,,,,,4,Prelims,37.73,,,,,1237,True,Sprints,0,135,67.5,M,False,3,2025-04-05,2025-04-06,True
46976,102557,124,3846,,,,,,,,4,Finals,22.67,,,,,1237,True,Sprints,834,1167,1417.5,M,False,3,2025-04-05,2025-04-06,True
46977,102558,56,3578,,,,,,,,4,Finals,23.26,,,,,1237,True,Sprints,759,1107,1312.5,M,False,3,2025-04-05,2025-04-06,True
46978,102559,56,24391,,,,,,,,4,Finals,23.35,,,,,1237,True,Sprints,748,1098,1297.0,M,False,3,2025-04-05,2025-04-06,True
46979,102560,146,24580,,,,,,,,4,Finals,23.37,,,,,1237,True,Sprints,746,1096,1294.0,M,False,3,2025-04-05,2025-04-06,True
46980,102561,146,3698,,,,,,,,4,Finals,23.90,,,,,1237,True,Sprints,682,1045,1204.5,M,False,3,2025-04-05,2025-04-06,True
46981,102562,204,26139,,,,,,,,4,Finals,23.96,,,,,1237,True,Sprints,675,1039,1194.5,M,False,3,2025-04-05,2025-04-06,True
47479,103065,56,3578,,,,,,,,6,Finals,48.63,,,,,1237,True,Sprints,941,1261,1571.5,M,False,3,2025-04-05,2025-04-06,True
47480,103066,63,554,,,,,,,,6,Finals,49.57,,,,,1237,True,Sprints,883,1222,1494.0,M,False,3,2025-04-05,2025-04-06,True
47481,103067,116,24634,,,,,,,,6,Finals,49.67,,,,,1237,True,Sprints,877,1218,1486.0,M,False,3,2025-04-05,2025-04-06,True
47482,103068,159,24869,,,,,,,,6,Finals,49.78,,,,,1237,True,Sprints,871,1214,1478.0,M,False,3,2025-04-05,2025-04-06,True
47483,103069,79,25856,,,,,,,,6,Finals,50.38,,,,,1237,True,Sprints,835,1190,1430.0,M,False,3,2025-04-05,2025-04-06,True
47484,103070,204,19627,,,,,,,,6,Finals,50.41,,,,,1237,True,Sprints,833,1189,1427.5,M,False,3,2025-04-05,2025-04-06,True
47485,103071,203,24540,,,,,,,,6,Finals,50.51,,,,,1237,True,Sprints,828,1185,1420.5,M,False,3,2025-04-05,2025-04-06,True
47486,103072,167,19065,,,,,,,,6,Finals,50.81,,,,,1237,True,Sprints,810,1173,1396.5,M,False,3,2025-04-05,2025-04-06,True
47487,103073,166,24467,,,,,,,,6,Finals,50.84,,,,,1237,True,Sprints,809,1172,1395.0,M,False,3,2025-04-05,2025-04-06,True
47488,103074,202,24370,,,,,,,,6,Finals,51.07,,,,,1237,True,Sprints,795,1162,1376.0,M,False,3,2025-04-05,2025-04-06,True
47489,103075,146,24914,,,,,,,,6,Finals,51.13,,,,,1237,True,Sprints,792,1160,1372.0,M,False,3,2025-04-05,2025-04-06,True
47490,103076,1,3522,,,,,,,,6,Finals,51.31,,,,,1237,True,Sprints,782,1153,1358.5,M,False,3,2025-04-05,2025-04-06,True
47491,103077,88,25165,,,,,,,,6,Finals,51.40,,,,,1237,True,Sprints,777,1149,1351.5,M,False,3,2025-04-05,2025-04-06,True
47492,103078,146,1216,,,,,,,,6,Finals,51.40,,,,,1237,True,Sprints,777,1149,1351.5,M,False,3,2025-04-05,2025-04-06,True
47493,103079,158,2896,,,,,,,,6,Finals,51.41,,,,,1237,True,Sprints,776,1149,1350.5,M,False,3,2025-04-05,2025-04-06,True
47494,103080,146,3691,,,,,,,,6,Finals,51.44,,,,,1237,True,Sprints,774,1148,1348.0,M,False,3,2025-04-05,2025-04-06,True
47495,103081,166,4727,,,,,,,,6,Finals,51.46,,,,,1237,True,Sprints,773,1147,1346.5,M,False,3,2025-04-05,2025-04-06,True
47496,103082,167,5248,,,,,,,,6,Finals,51.71,,,,,1237,True,Sprints,759,1137,1327.5,M,False,3,2025-04-05,2025-04-06,True
47497,103083,166,19398,,,,,,,,6,Finals,51.73,,,,,1237,True,Sprints,758,1137,1326.5,M,False,3,2025-04-05,2025-04-06,True
47498,103084,162,24676,,,,,,,,6,Finals,51.74,,,,,1237,True,Sprints,758,1136,1326.0,M,False,3,2025-04-05,2025-04-06,True
47499,103086,205,4485,,,,,,,,6,Finals,51.81,,,,,1237,True,Sprints,754,1133,1320.5,M,False,3,2025-04-05,2025-04-06,True
47500,103087,162,26161,,,,,,,,6,Finals,51.93,,,,,1237,True,Sprints,747,1129,1311.5,M,False,3,2025-04-05,2025-04-06,True
47501,103088,188,3851,,,,,,,,6,Finals,52.10,,,,,1237,True,Sprints,738,1122,1299.0,M,False,3,2025-04-05,2025-04-06,True
47502,103089,17,25198,,,,,,,,6,Finals,52.16,,,,,1237,True,Sprints,734,1120,1294.0,M,False,3,2025-04-05,2025-04-06,True
47503,103090,146,24669,,,,,,,,6,Finals,52.16,,,,,1237,True,Sprints,734,1120,1294.0,M,False,3,2025-04-05,2025-04-06,True
47504,103091,130,26637,,,,,,,,6,Finals,52.23,,,,,1237,True,Sprints,731,1117,1289.5,M,False,3,2025-04-05,2025-04-06,True
47505,103092,17,25200,,,,,,,,6,Finals,52.31,,,,,1237,True,Sprints,726,1114,1283.0,M,False,3,2025-04-05,2025-04-06,True
47506,103093,146,4386,,,,,,,,6,Finals,52.50,,,,,1237,True,Sprints,716,1107,1269.5,M,False,3,2025-04-05,2025-04-06,True
47507,103094,146,3708,,,,,,,,6,Finals,52.66,,,,,1237,True,Sprints,707,1101,1257.5,M,False,3,2025-04-05,2025-04-06,True
47508,103095,146,3687,,,,,,,,6,Finals,52.77,,,,,1237,True,Sprints,701,1096,1249.0,M,False,3,2025-04-05,2025-04-06,True
47509,103096,75,2561,,,,,,,,6,Finals,53.01,,,,,1237,True,Sprints,689,1087,1232.5,M,False,3,2025-04-05,2025-04-06,True
47510,103097,167,25027,,,,,,,,6,Finals,53.13,,,,,1237,True,Sprints,682,1083,1223.5,M,False,3,2025-04-05,2025-04-06,True
47511,103098,146,24670,,,,,,,,6,Finals,53.18,,,,,1237,True,Sprints,680,1081,1220.5,M,False,3,2025-04-05,2025-04-06,True
47512,103099,1,24661,,,,,,,,6,Finals,53.18,,,,,1237,True,Sprints,680,1081,1220.5,M,False,3,2025-04-05,2025-04-06,True
47513,103100,204,24434,,,,,,,,6,Finals,53.22,,,,,1237,True,Sprints,678,1079,1217.5,M,False,3,2025-04-05,2025-04-06,True
47514,103101,162,11357,,,,,,,,6,Finals,53.24,,,,,1237,True,Sprints,676,1078,1215.0,M,False,3,2025-04-05,2025-04-06,True
47515,103102,204,18564,,,,,,,,6,Finals,53.25,,,,,1237,True,Sprints,676,1078,1215.0,M,False,3,2025-04-05,2025-04-06,True
47516,103103,79,25857,,,,,,,,6,Finals,53.29,,,,,1237,True,Sprints,674,1076,1212.0,M,False,3,2025-04-05,2025-04-06,True
47517,103104,203,5598,,,,,,,,6,Finals,53.33,,,,,1237,True,Sprints,672,1075,1209.5,M,False,3,2025-04-05,2025-04-06,True
47518,103105,117,25082,,,,,,,,6,Finals,53.38,,,,,1237,True,Sprints,669,1073,1205.5,M,False,3,2025-04-05,2025-04-06,True
47519,103106,202,24357,,,,,,,,6,Finals,53.41,,,,,1237,True,Sprints,668,1072,1204.0,M,False,3,2025-04-05,2025-04-06,True
47520,103107,167,25029,,,,,,,,6,Finals,53.50,,,,,1237,True,Sprints,663,1069,1197.5,M,False,3,2025-04-05,2025-04-06,True
47521,103108,167,25024,,,,,,,,6,Finals,53.70,,,,,1237,True,Sprints,653,1061,1183.5,M,False,3,2025-04-05,2025-04-06,True
47522,103109,158,3677,,,,,,,,6,Finals,53.71,,,,,1237,True,Sprints,652,1061,1182.5,M,False,3,2025-04-05,2025-04-06,True
47523,103110,204,26618,,,,,,,,6,Finals,53.74,,,,,1237,True,Sprints,650,1059,1179.5,M,False,3,2025-04-05,2025-04-06,True
47524,103111,117,182,,,,,,,,6,Finals,53.74,,,,,1237,True,Sprints,650,1059,1179.5,M,False,3,2025-04-05,2025-04-06,True
47525,103113,204,24435,,,,,,,,6,Finals,53.79,,,,,1237,True,Sprints,648,1058,1177.0,M,False,3,2025-04-05,2025-04-06,True
47526,103114,146,24673,,,,,,,,6,Finals,53.83,,,,,1237,True,Sprints,646,1056,1174.0,M,False,3,2025-04-05,2025-04-06,True
47527,103115,202,4592,,,,,,,,6,Finals,53.86,,,,,1237,True,Sprints,644,1055,1171.5,M,False,3,2025-04-05,2025-04-06,True
47528,103116,199,25008,,,,,,,,6,Finals,53.86,,,,,1237,True,Sprints,644,1055,1171.5,M,False,3,2025-04-05,2025-04-06,True
47529,103117,56,24984,,,,,,,,6,Finals,53.89,,,,,1237,True,Sprints,643,1054,1170.0,M,False,3,2025-04-05,2025-04-06,True
47530,103118,117,3996,,,,,,,,6,Finals,53.93,,,,,1237,True,Sprints,641,1052,1167.0,M,False,3,2025-04-05,2025-04-06,True
47531,103119,146,3728,,,,,,,,6,Finals,53.95,,,,,1237,True,Sprints,640,1052,1166.0,M,False,3,2025-04-05,2025-04-06,True
47532,103121,124,19411,,,,,,,,6,Finals,54.04,,,,,1237,True,Sprints,635,1048,1159.0,M,False,3,2025-04-05,2025-04-06,True
47533,103122,56,3415,,,,,,,,6,Finals,54.22,,,,,1237,True,Sprints,626,1041,1146.5,M,False,3,2025-04-05,2025-04-06,True
47534,103123,164,18996,,,,,,,,6,Finals,54.32,,,,,1237,True,Sprints,621,1038,1140.0,M,False,3,2025-04-05,2025-04-06,True
47535,103124,158,4334,,,,,,,,6,Finals,54.51,,,,,1237,True,Sprints,611,1031,1126.5,M,False,3,2025-04-05,2025-04-06,True
47536,103125,17,25246,,,,,,,,6,Finals,54.53,,,,,1237,True,Sprints,610,1030,1125.0,M,False,3,2025-04-05,2025-04-06,True
47537,103126,161,26638,,,,,,,,6,Finals,54.55,,,,,1237,True,Sprints,609,1029,1123.5,M,False,3,2025-04-05,2025-04-06,True
47538,103127,146,5567,,,,,,,,6,Finals,54.57,,,,,1237,True,Sprints,608,1028,1122.0,M,False,3,2025-04-05,2025-04-06,True
47539,103128,96,369,,,,,,,,6,Finals,54.59,,,,,1237,True,Sprints,607,1028,1121.0,M,False,3,2025-04-05,2025-04-06,True
47540,103129,167,4303,,,,,,,,6,Finals,54.66,,,,,1237,True,Sprints,604,1025,1116.5,M,False,3,2025-04-05,2025-04-06,True
47541,103130,167,5289,,,,,,,,6,Finals,54.76,,,,,1237,True,Sprints,599,1021,1109.5,M,False,3,2025-04-05,2025-04-06,True
47542,103131,162,3158,,,,,,,,6,Finals,54.77,,,,,1237,True,Sprints,598,1021,1108.5,M,False,3,2025-04-05,2025-04-06,True
47543,103132,171,26619,,,,,,,,6,Finals,54.78,,,,,1237,True,Sprints,598,1021,1108.5,M,False,3,2025-04-05,2025-04-06,True
47544,103133,159,5404,,,,,,,,6,Finals,55.08,,,,,1237,True,Sprints,583,1010,1088.0,M,False,3,2025-04-05,2025-04-06,True
47545,103134,146,3696,,,,,,,,6,Finals,55.14,,,,,1237,True,Sprints,580,1007,1083.5,M,False,3,2025-04-05,2025-04-06,True
47547,103120,204,3607,,,,,,,,6,Finals,53.97,,,,,1237,True,Sprints,639,1051,1164.5,M,False,3,2025-04-05,2025-04-06,True
47548,103112,117,24695,,,,,,,,6,Finals,53.77,,,,,1237,True,Sprints,649,1058,1178.0,M,False,3,2025-04-05,2025-04-06,True
47549,103135,56,24401,,,,,,,,6,Finals,55.31,,,,,1237,True,Sprints,572,1001,1072.5,M,False,3,2025-04-05,2025-04-06,True
47550,103136,203,24549,,,,,,,,6,Finals,55.36,,,,,1237,True,Sprints,570,999,1069.5,M,False,3,2025-04-05,2025-04-06,True
47551,103137,146,4387,,,,,,,,6,Finals,55.49,,,,,1237,True,Sprints,563,995,1060.5,M,False,3,2025-04-05,2025-04-06,True
47552,103138,159,25643,,,,,,,,6,Finals,55.64,,,,,1237,True,Sprints,556,989,1050.5,M,False,3,2025-04-05,2025-04-06,True
47553,103139,124,26491,,,,,,,,6,Finals,55.67,,,,,1237,True,Sprints,555,988,1049.0,M,False,3,2025-04-05,2025-04-06,True
47554,103140,159,4364,,,,,,,,6,Finals,55.94,,,,,1237,True,Sprints,542,978,1031.0,M,False,3,2025-04-05,2025-04-06,True
47555,103141,56,3801,,,,,,,,6,Finals,56.07,,,,,1237,True,Sprints,536,973,1022.5,M,False,3,2025-04-05,2025-04-06,True
47556,103142,160,4722,,,,,,,,6,Finals,56.33,,,,,1237,True,Sprints,524,964,1006.0,M,False,3,2025-04-05,2025-04-06,True
47557,103143,166,4728,,,,,,,,6,Finals,56.54,,,,,1237,True,Sprints,514,957,992.5,M,False,3,2025-04-05,2025-04-06,True
47558,103144,146,24888,,,,,,,,6,Finals,56.70,,,,,1237,True,Sprints,507,951,982.5,M,False,3,2025-04-05,2025-04-06,True
47559,103145,56,24983,,,,,,,,6,Finals,56.76,,,,,1237,True,Sprints,504,949,978.5,M,False,3,2025-04-05,2025-04-06,True
47560,103147,111,8011,,,,,,,,6,Finals,56.87,,,,,1237,True,Sprints,499,945,971.5,M,False,3,2025-04-05,2025-04-06,True
47561,103148,167,4304,,,,,,,,6,Finals,57.01,,,,,1237,True,Sprints,493,940,963.0,M,False,3,2025-04-05,2025-04-06,True
47562,103149,204,25092,,,,,,,,6,Finals,57.11,,,,,1237,True,Sprints,488,936,956.0,M,False,3,2025-04-05,2025-04-06,True
47563,103150,158,2897,,,,,,,,6,Finals,57.50,,,,,1237,True,Sprints,471,922,932.0,M,False,3,2025-04-05,2025-04-06,True
47564,103151,117,161,,,,,,,,6,Finals,57.75,,,,,1237,True,Sprints,460,914,917.0,M,False,3,2025-04-05,2025-04-06,True
47565,103152,146,3709,,,,,,,,6,Finals,57.77,,,,,1237,True,Sprints,459,913,915.5,M,False,3,2025-04-05,2025-04-06,True
47566,103153,159,5711,,,,,,,,6,Finals,57.98,,,,,1237,True,Sprints,450,906,903.0,M,False,3,2025-04-05,2025-04-06,True
47567,103154,90,25180,,,,,,,,6,Finals,58.07,,,,,1237,True,Sprints,446,903,897.5,M,False,3,2025-04-05,2025-04-06,True
47568,103155,139,4347,,,,,,,,6,Finals,58.10,,,,,1237,True,Sprints,445,902,896.0,M,False,3,2025-04-05,2025-04-06,True
47569,103156,202,24363,,,,,,,,6,Finals,58.14,,,,,1237,True,Sprints,443,900,893.0,M,False,3,2025-04-05,2025-04-06,True
47570,103157,132,18969,,,,,,,,6,Finals,58.14,,,,,1237,True,Sprints,443,900,893.0,M,False,3,2025-04-05,2025-04-06,True
47571,103158,167,3015,,,,,,,,6,Finals,58.20,,,,,1237,True,Sprints,441,898,890.0,M,False,3,2025-04-05,2025-04-06,True
47572,103159,167,19009,,,,,,,,6,Finals,58.38,,,,,1237,True,Sprints,433,892,879.0,M,False,3,2025-04-05,2025-04-06,True
47573,103160,158,4337,,,,,,,,6,Finals,58.69,,,,,1237,True,Sprints,420,881,860.5,M,False,3,2025-04-05,2025-04-06,True
47574,103161,101,8022,,,,,,,,6,Finals,58.92,,,,,1237,True,Sprints,411,873,847.5,M,False,3,2025-04-05,2025-04-06,True
47575,103162,203,5037,,,,,,,,6,Finals,59.01,,,,,1237,True,Sprints,407,870,842.0,M,False,3,2025-04-05,2025-04-06,True
47576,103163,88,11503,,,,,,,,6,Finals,59.02,,,,,1237,True,Sprints,407,870,842.0,M,False,3,2025-04-05,2025-04-06,True
47577,103164,167,25051,,,,,,,,6,Finals,59.45,,,,,1237,True,Sprints,389,855,816.5,M,False,3,2025-04-05,2025-04-06,True
47578,103165,203,4420,,,,,,,,6,Finals,59.69,,,,,1237,True,Sprints,380,847,803.5,M,False,3,2025-04-05,2025-04-06,True
47579,103166,56,3574,,,,,,,,6,Finals,59.72,,,,,1237,True,Sprints,379,846,802.0,M,False,3,2025-04-05,2025-04-06,True
47580,103168,88,2596,,,,,,,,6,Finals,59.88,,,,,1237,True,Sprints,372,841,792.5,M,False,3,2025-04-05,2025-04-06,True
47581,103169,11,3265,,,,,,,,6,Finals,59.94,,,,,1237,True,Sprints,370,839,789.5,M,False,3,2025-04-05,2025-04-06,True
47582,103170,88,529,,,,,,,,6,Finals,1:00.00,,,,,1237,True,Sprints,368,837,786.5,M,False,3,2025-04-05,2025-04-06,True
47583,103171,124,26631,,,,,,,,6,Finals,1:00.22,,,,,1237,True,Sprints,359,829,773.5,M,False,3,2025-04-05,2025-04-06,True
47584,103172,166,24470,,,,,,,,6,Finals,1:01.16,,,,,1237,True,Sprints,324,798,723.0,M,False,3,2025-04-05,2025-04-06,True
47585,103173,146,4380,,,,,,,,6,Finals,1:01.83,,,,,1237,True,Sprints,300,776,688.0,M,False,3,2025-04-05,2025-04-06,True
47586,103174,130,3155,,,,,,,,6,Finals,1:02.80,,,,,1237,True,Sprints,267,746,640.0,M,False,3,2025-04-05,2025-04-06,True
47587,103175,167,2626,,,,,,,,6,Finals,1:03.18,,,,,1237,True,Sprints,255,734,622.0,M,False,3,2025-04-05,2025-04-06,True
47588,103177,86,1609,,,,,,,,6,Finals,1:03.45,,,,,1237,True,Sprints,246,725,608.5,M,False,3,2025-04-05,2025-04-06,True
47589,103178,124,3877,,,,,,,,6,Finals,1:03.59,,,,,1237,True,Sprints,242,721,602.5,M,False,3,2025-04-05,2025-04-06,True
47590,103179,86,1612,,,,,,,,6,Finals,1:03.79,,,,,1237,True,Sprints,235,715,592.5,M,False,3,2025-04-05,2025-04-06,True
47591,103180,122,26620,,,,,,,,6,Finals,1:06.30,,,,,1237,True,Sprints,164,639,483.5,M,False,3,2025-04-05,2025-04-06,True
47592,103181,86,26544,,,,,,,,6,Finals,1:07.14,,,,,1237,True,Sprints,143,615,450.5,M,False,3,2025-04-05,2025-04-06,True
47593,103182,88,4589,,,,,,,,6,Finals,1:08.02,,,,,1237,True,Sprints,122,590,417.0,M,False,3,2025-04-05,2025-04-06,True
47594,103183,167,790,,,,,,,,6,Finals,1:11.90,,,,,1237,True,Sprints,51,486,294.0,M,False,3,2025-04-05,2025-04-06,True
47595,103185,130,4689,,,,,,,,6,Finals,1:19.25,,,,,1237,True,Sprints,0,316,158.0,M,False,3,2025-04-05,2025-04-06,True
47596,103186,117,54,,,,,,,,6,Finals,1:23.13,,,,,1237,True,Sprints,0,241,120.5,M,False,3,2025-04-05,2025-04-06,True
47597,103187,158,2481,,,,,,,,6,Finals,1:29.11,,,,,1237,True,Sprints,0,146,73.0,M,False,3,2025-04-05,2025-04-06,True
47641,103184,117,3997,,,,,,,,6,Finals,1:16.42,,,,,1237,True,Sprints,6,377,194.5,M,False,3,2025-04-05,2025-04-06,True
47642,103146,167,26169,,,,,,,,6,Finals,56.77,,,,,1237,True,Sprints,504,948,978.0,M,False,3,2025-04-05,2025-04-06,True
47643,103167,146,24608,,,,,,,,6,Finals,59.81,,,,,1237,True,Sprints,375,843,796.5,M,False,3,2025-04-05,2025-04-06,True
47644,103176,188,950,,,,,,,,6,Finals,1:03.37,,,,,1237,True,Sprints,249,728,613.0,M,False,3,2025-04-05,2025-04-06,True
48644,104271,205,24442,,,,,,,,3,Prelims,11.74,,,,,1238,True,Sprints,678,1042,1199.0,M,False,3,2025-04-13,2025-04-13,False
48645,104272,174,4647,,,,,,,,3,Prelims,11.78,,,,,1238,True,Sprints,668,1034,1185.0,M,False,3,2025-04-13,2025-04-13,False
48646,104273,204,25259,,,,,,,,3,Prelims,11.86,,,,,1238,True,Sprints,648,1017,1156.5,M,False,3,2025-04-13,2025-04-13,False
48647,104274,174,25253,,,,,,,,3,Prelims,11.87,,,,,1238,True,Sprints,645,1015,1152.5,M,False,3,2025-04-13,2025-04-13,False
48648,104275,204,24426,,,,,,,,3,Prelims,11.87,,,,,1238,True,Sprints,645,1015,1152.5,M,False,3,2025-04-13,2025-04-13,False
48649,104276,205,24443,,,,,,,,3,Prelims,11.88,,,,,1238,True,Sprints,643,1013,1149.5,M,False,3,2025-04-13,2025-04-13,False
48650,104277,188,24450,,,,,,,,3,Prelims,12.18,,,,,1238,True,Sprints,569,954,1046.0,M,False,3,2025-04-13,2025-04-13,False
48651,104278,205,4485,,,,,,,,3,Prelims,12.19,,,,,1238,True,Sprints,567,952,1043.0,M,False,3,2025-04-13,2025-04-13,False
48652,104279,204,24428,,,,,,,,3,Prelims,12.20,,,,,1238,True,Sprints,565,950,1040.0,M,False,3,2025-04-13,2025-04-13,False
48653,104280,176,2152,,,,,,,,3,Prelims,12.37,,,,,1238,True,Sprints,525,918,984.0,M,False,3,2025-04-13,2025-04-13,False
48654,104281,186,26776,,,,,,,,3,Prelims,12.41,,,,,1238,True,Sprints,516,910,971.0,M,False,3,2025-04-13,2025-04-13,False
48655,104282,176,26777,,,,,,,,3,Prelims,12.45,,,,,1238,True,Sprints,507,902,958.0,M,False,3,2025-04-13,2025-04-13,False
48656,104283,188,3549,,,,,,,,3,Prelims,12.48,,,,,1238,True,Sprints,500,897,948.5,M,False,3,2025-04-13,2025-04-13,False
48657,104284,188,18879,,,,,,,,3,Prelims,12.54,,,,,1238,True,Sprints,487,885,929.5,M,False,3,2025-04-13,2025-04-13,False
48658,104285,205,25268,,,,,,,,3,Prelims,12.80,,,,,1238,True,Sprints,432,837,850.5,M,False,3,2025-04-13,2025-04-13,False
48659,104286,206,26778,,,,,,,,3,Prelims,12.96,,,,,1238,True,Sprints,400,808,804.0,M,False,3,2025-04-13,2025-04-13,False
48660,104287,220,25708,,,,,,,,3,Prelims,13.07,,,,,1238,True,Sprints,378,789,772.5,M,False,3,2025-04-13,2025-04-13,False
48661,104288,188,3551,,,,,,,,3,Prelims,13.11,,,,,1238,True,Sprints,370,782,761.0,M,False,3,2025-04-13,2025-04-13,False
48662,104289,206,26779,,,,,,,,3,Prelims,13.45,,,,,1238,True,Sprints,308,723,669.5,M,False,3,2025-04-13,2025-04-13,False
48663,104290,188,25907,,,,,,,,3,Prelims,13.58,,,,,1238,True,Sprints,286,701,636.5,M,False,3,2025-04-13,2025-04-13,False
48664,104291,173,25892,,,,,,,,3,Prelims,13.60,,,,,1238,True,Sprints,283,698,632.0,M,False,3,2025-04-13,2025-04-13,False
48665,104292,205,3559,,,,,,,,3,Prelims,14.39,,,,,1238,True,Sprints,166,572,452.0,M,False,3,2025-04-13,2025-04-13,False
48666,104293,174,25253,,,,,,,,3,Finals,11.70,,,,,1238,True,Sprints,689,1050,1214.0,M,False,3,2025-04-13,2025-04-13,False
48667,104294,174,4647,,,,,,,,3,Finals,11.72,,,,,1238,True,Sprints,684,1046,1207.0,M,False,3,2025-04-13,2025-04-13,False
48668,104295,205,24442,,,,,,,,3,Finals,11.73,,,,,1238,True,Sprints,681,1044,1203.0,M,False,3,2025-04-13,2025-04-13,False
48669,104296,204,25259,,,,,,,,3,Finals,11.86,,,,,1238,True,Sprints,648,1017,1156.5,M,False,3,2025-04-13,2025-04-13,False
48721,104349,205,24443,,,,,,,,6,,53.87,,,,,1238,True,Sprints,644,1055,1171.5,M,False,3,2025-04-13,2025-04-13,False
48722,104350,220,26788,,,,,,,,6,,54.22,,,,,1238,True,Sprints,626,1041,1146.5,M,False,3,2025-04-13,2025-04-13,False
48723,104351,204,24435,,,,,,,,6,,54.41,,,,,1238,True,Sprints,616,1034,1133.0,M,False,3,2025-04-13,2025-04-13,False
48724,104352,174,4994,,,,,,,,6,,54.60,,,,,1238,True,Sprints,607,1027,1120.5,M,False,3,2025-04-13,2025-04-13,False
48725,104353,188,3851,,,,,,,,6,,54.80,,,,,1238,True,Sprints,597,1020,1107.0,M,False,3,2025-04-13,2025-04-13,False
48726,104354,174,1856,,,,,,,,6,,54.86,,,,,1238,True,Sprints,594,1018,1103.0,M,False,3,2025-04-13,2025-04-13,False
48727,104355,204,24441,,,,,,,,6,,54.88,,,,,1238,True,Sprints,593,1017,1101.5,M,False,3,2025-04-13,2025-04-13,False
48728,104356,172,1901,,,,,,,,6,,54.94,,,,,1238,True,Sprints,590,1015,1097.5,M,False,3,2025-04-13,2025-04-13,False
48729,104357,176,2152,,,,,,,,6,,55.26,,,,,1238,True,Sprints,574,1003,1075.5,M,False,3,2025-04-13,2025-04-13,False
48730,104358,206,4480,,,,,,,,6,,55.68,,,,,1238,True,Sprints,554,988,1048.0,M,False,3,2025-04-13,2025-04-13,False
48731,104359,188,938,,,,,,,,6,,56.90,,,,,1238,True,Sprints,498,944,970.0,M,False,3,2025-04-13,2025-04-13,False
48732,104360,173,25892,,,,,,,,6,,58.70,,,,,1238,True,Sprints,420,881,860.5,M,False,3,2025-04-13,2025-04-13,False
48733,104361,188,18901,,,,,,,,6,,59.10,,,,,1238,True,Sprints,403,867,836.5,M,False,3,2025-04-13,2025-04-13,False
48734,104362,220,26786,,,,,,,,6,,59.91,,,,,1238,True,Sprints,371,840,791.0,M,False,3,2025-04-13,2025-04-13,False
48735,104363,186,5010,,,,,,,,6,,1:00.40,,,,,1238,True,Sprints,352,823,763.5,M,False,3,2025-04-13,2025-04-13,False
48736,104364,220,25708,,,,,,,,6,,1:03.76,,,,,1238,True,Sprints,236,715,593.5,M,False,3,2025-04-13,2025-04-13,False
48737,104365,206,4476,,,,,,,,6,,1:05.43,,,,,1238,True,Sprints,187,665,519.5,M,False,3,2025-04-13,2025-04-13,False
48738,104366,188,25907,,,,,,,,6,,1:05.75,,,,,1238,True,Sprints,178,655,505.5,M,False,3,2025-04-13,2025-04-13,False
48755,104385,204,26139,,,,,,,,4,,23.03,,,,,1238,True,Sprints,788,1130,1353.0,M,False,3,2025-04-13,2025-04-13,False
48756,104386,205,24442,,,,,,,,4,,23.80,,,,,1238,True,Sprints,694,1054,1221.0,M,False,3,2025-04-13,2025-04-13,False
48757,104387,173,26791,,,,,,,,4,,24.02,,,,,1238,True,Sprints,668,1033,1184.5,M,False,3,2025-04-13,2025-04-13,False
48758,104388,204,24426,,,,,,,,4,,24.22,,,,,1238,True,Sprints,645,1014,1152.0,M,False,3,2025-04-13,2025-04-13,False
48759,104389,204,25259,,,,,,,,4,,24.39,,,,,1238,True,Sprints,625,998,1124.0,M,False,3,2025-04-13,2025-04-13,False
48760,104390,204,24428,,,,,,,,4,,24.42,,,,,1238,True,Sprints,622,995,1119.5,M,False,3,2025-04-13,2025-04-13,False
48761,104391,174,4647,,,,,,,,4,,24.70,,,,,1238,True,Sprints,591,969,1075.5,M,False,3,2025-04-13,2025-04-13,False
48762,104392,205,24444,,,,,,,,4,,24.77,,,,,1238,True,Sprints,583,962,1064.0,M,False,3,2025-04-13,2025-04-13,False
48763,104393,204,18564,,,,,,,,4,,25.42,,,,,1238,True,Sprints,515,903,966.5,M,False,3,2025-04-13,2025-04-13,False
48764,104394,204,24437,,,,,,,,4,,29.38,,,,,1238,True,Sprints,189,581,479.5,M,False,3,2025-04-13,2025-04-13,False
51033,100995,146,29817,,,,,,,,4,,23.05,,,,1.0,1212,True,Sprints,786,1128,1350.0,M,False,3,2025-03-29,2025-03-29,False
51034,102088,146,29817,,,,,,,,3,Prelims,11.24,,,,,1237,True,Sprints,814,1146,1387.0,M,False,3,2025-04-05,2025-04-06,True
51035,102426,146,29817,,,,,,,,4,Prelims,23.16,,,,,1237,True,Sprints,772,1117,1330.5,M,False,3,2025-04-05,2025-04-06,True
52002,100972,146,29817,,,,,,,,3,,10.64,,,,3.5,1212,True,Sprints,993,1277,1631.5,M,False,3,2025-03-29,2025-03-29,False
52004,98965,146,29817,,,,,,,,3,,10.94,,,,2.2,1137,True,Sprints,901,1211,1506.5,M,False,3,2025-03-22,2025-03-22,False
52543,123870,17,31007,,,,,,,,4,,24.70,,,,,1233,True,Sprints,591,969,1075.5,M,False,3,2025-04-12,2025-04-12,False
52619,123871,17,31007,,,,,,,,6,,56.40,,,,,1233,True,Sprints,521,962,1002.0,M,False,3,2025-04-12,2025-04-12,False
53232,116113,61,4944,Jr,,,,,,,3,Prelims,10.67,,,,2.2,1359,True,Sprints,983,1271,1618.5,M,False,3,2025-05-09,,False
53233,116115,61,2289,Sr,,,,,,,3,,11.58,,,,2.2,1359,True,Sprints,720,1075,1257.5,M,False,3,2025-05-09,,False
53234,116117,61,25521,Fr,,,,,,,3,,11.91,,,,2.2,1359,True,Sprints,635,1007,1138.5,M,False,3,2025-05-09,,False
53235,116119,61,25302,Jr,,,,,,,3,,12.20,,,,1.4,1359,True,Sprints,565,950,1040.0,M,False,3,2025-05-09,,False
53236,116121,61,25521,Fr,,,,,,,4,,24.52,,,,2.0,1359,True,Sprints,611,985,1103.5,M,False,3,2025-05-09,,False
53237,116123,61,4036,Jr,,,,,,,6,,52.34,,,,,1359,True,Sprints,725,1113,1281.5,M,False,3,2025-05-09,,False
53238,116125,61,24855,Fr,,,,,,,6,,54.04,,,,,1359,True,Sprints,635,1048,1159.0,M,False,3,2025-05-09,,False
53374,116114,61,4944,Jr,,,,,,,3,Finals,10.78,,,,1.6,1359,True,Sprints,949,1246,1572.0,M,False,3,2025-05-09,,False
53375,116116,61,4626,So,,,,,,,3,,11.78,,,,1.6,1359,True,Sprints,668,1034,1185.0,M,False,3,2025-05-09,,False
53376,116118,61,5633,Jr,,,,,,,3,,12.09,,,,1.4,1359,True,Sprints,591,972,1077.0,M,False,3,2025-05-09,,False
53377,116120,61,4944,Jr,,,,,,,4,,21.58,,,,1.1,1359,True,Sprints,982,1281,1622.5,M,False,3,2025-05-09,,False
53378,116122,61,5633,Jr,,,,,,,4,,24.72,,,,2.0,1359,True,Sprints,589,967,1072.5,M,False,3,2025-05-09,,False
53379,116124,61,2289,Sr,,,,,,,6,,52.82,,,,,1359,True,Sprints,699,1094,1246.0,M,False,3,2025-05-09,,False
53380,116126,61,25521,Fr,,,,,,,6,,55.87,,,,,1359,True,Sprints,545,981,1035.5,M,False,3,2025-05-09,,False
53623,116193,61,2289,Sr,,,,,,,3,Prelims,12.41,,,,-1.5,1365,True,Sprints,516,910,971.0,M,False,3,2025-04-24,,False
53624,116195,61,4944,Jr,,,,,,,3,Finals,11.10,,,,-0.9,1365,True,Sprints,854,1176,1442.0,M,False,3,2025-04-24,,False
53625,116197,61,2289,Sr,,,,,,,4,,23.91,,,,0.9,1365,True,Sprints,681,1044,1203.0,M,False,3,2025-04-24,,False
53631,116206,61,25521,Fr,,,,,,,3,,12.13,,,,3.6,1366,True,Sprints,581,964,1063.0,M,False,3,2025-04-05,,False
53632,116208,61,24977,Fr,,,,,,,3,,11.95,,,,3.3,1366,True,Sprints,625,999,1124.5,M,False,3,2025-04-05,,False
53633,116210,61,4626,So,,,,,,,3,,11.76,,,,3.8,1366,True,Sprints,673,1038,1192.0,M,False,3,2025-04-05,,False
53634,116212,61,4944,Jr,,,,,,,4,,22.56,,,,1.8,1366,True,Sprints,849,1178,1438.0,M,False,3,2025-04-05,,False
53635,116214,61,25521,Fr,,,,,,,4,,25.67,,,,3.0,1366,True,Sprints,489,880,929.0,M,False,3,2025-04-05,,False
53636,116216,61,25305,Fr,,,,,,,6,,52.23,,,,,1366,True,Sprints,731,1117,1289.5,M,False,3,2025-04-05,,False
53637,116219,61,25521,Fr,,,,,,,6,,59.96,,,,,1366,True,Sprints,369,838,788.0,M,False,3,2025-04-05,,False
53785,116181,61,2289,Sr,,,,,,,3,,11.70,,,,,1360,True,Sprints,689,1050,1214.0,M,False,3,2025-06-14,,False
53786,116184,61,2289,Sr,,,,,,,4,,23.55,,,,,1361,True,Sprints,724,1079,1263.5,M,False,3,2025-07-01,,False
53787,116187,61,2289,Sr,,,,,,,4,,23.39,,,,,1362,True,Sprints,743,1095,1290.5,M,False,3,2025-06-21,,False
53788,116190,61,2289,Sr,,,,,,,6,,53.12,,,,,1363,True,Sprints,683,1083,1224.5,M,False,3,2025-06-21,,False
53790,116183,61,2289,Sr,,,,,,,3,,11.61,,,,,1361,True,Sprints,712,1068,1246.0,M,False,3,2025-07-01,,False
53792,116186,61,2289,Sr,,,,,,,3,,11.73,,,,,1362,True,Sprints,681,1044,1203.0,M,False,3,2025-06-21,,False
53794,116189,61,2289,Sr,,,,,,,3,,11.74,,,,0.5,1363,True,Sprints,678,1042,1199.0,M,False,3,2025-06-21,,False
53796,116192,61,2289,Sr,,,,,,,3,,12.38,,,,,1364,True,Sprints,523,916,981.0,M,False,3,2025-06-28,,False
53871,116194,61,4944,Jr,,,,,,,3,Prelims,11.08,,,,-1.5,1365,True,Sprints,860,1180,1450.0,M,False,3,2025-04-24,,False
53872,116196,61,4944,Jr,,,,,,,4,,21.86,,,,-0.1,1365,True,Sprints,943,1251,1568.5,M,False,3,2025-04-24,,False
53875,116207,61,4618,So,,,,,,,3,,14.36,,,,2.6,1366,True,Sprints,170,577,458.5,M,False,3,2025-04-05,,False
53876,116209,61,4944,Jr,,,,,,,3,,11.02,,,,3.8,1366,True,Sprints,877,1193,1473.5,M,False,3,2025-04-05,,False
53877,116211,61,24855,Fr,,,,,,,3,,12.20,,,,3.8,1366,True,Sprints,565,950,1040.0,M,False,3,2025-04-05,,False
53878,116213,61,24852,Fr,,,,,,,4,,22.80,,,,1.8,1366,True,Sprints,818,1154,1395.0,M,False,3,2025-04-05,,False
53879,116215,61,4626,So,,,,,,,4,,25.63,,,,2.1,1366,True,Sprints,493,884,935.0,M,False,3,2025-04-05,,False
53880,116217,61,24855,Fr,,,,,,,6,,55.79,,,,,1366,True,Sprints,549,984,1041.0,M,False,3,2025-04-05,,False
53881,116218,61,29351,Fr,,,,,,,6,,58.87,,,,,1366,True,Sprints,413,875,850.5,M,False,3,2025-04-05,,False
53882,116220,61,2269,,,,,,,,6,,1:03.24,,,,,1366,True,Sprints,253,732,619.0,M,False,3,2025-04-05,,False
54006,116255,61,4944,Jr,,,,,,,3,,11.07,,,,-0.5,1367,True,Sprints,863,1182,1454.0,M,False,3,2025-05-02,,False
54007,116256,61,4944,Jr,,,,,,,4,,21.95,,,,0.8,1367,True,Sprints,931,1242,1552.0,M,False,3,2025-05-02,,False
61916,132641,19,5761,,,,,,,,3,Prelims,11.14,,,,,1548,True,Sprints,842,1167,1425.5,M,False,3,2025-05-08,2025-05-08,False
61917,132642,19,5761,,,,,,,,4,,22.66,,,,,1548,True,Sprints,836,1168,1420.0,M,False,3,2025-05-08,2025-05-08,False
61918,132643,19,5761,,,,,,,,6,,57.17,,,,,1548,True,Sprints,486,934,953.0,M,False,3,2025-05-08,2025-05-08,False
61942,132644,146,29817,,,,,,,,3,,10.88,,,,,1549,True,Sprints,919,1224,1531.0,M,False,3,2025-05-03,2025-05-03,False
61943,132645,146,24581,,,,,,,,3,,10.95,,,,,1549,True,Sprints,898,1209,1502.5,M,False,3,2025-05-03,2025-05-03,False
61944,132646,146,24580,,,,,,,,3,,11.03,,,,,1549,True,Sprints,874,1191,1469.5,M,False,3,2025-05-03,2025-05-03,False
61945,132647,146,3701,,,,,,,,3,,11.32,,,,,1549,True,Sprints,791,1129,1355.5,M,False,3,2025-05-03,2025-05-03,False
61946,132649,146,3733,,,,,,,,3,,11.40,,,,,1549,True,Sprints,769,1112,1325.0,M,False,3,2025-05-03,2025-05-03,False
61947,132650,146,3719,,,,,,,,3,,11.44,,,,,1549,True,Sprints,758,1104,1310.0,M,False,3,2025-05-03,2025-05-03,False
61948,132651,146,3689,,,,,,,,3,,11.47,,,,,1549,True,Sprints,750,1097,1298.5,M,False,3,2025-05-03,2025-05-03,False
61949,132652,146,3710,,,,,,,,3,,11.56,,,,,1549,True,Sprints,726,1079,1265.5,M,False,3,2025-05-03,2025-05-03,False
61950,132653,146,26553,,,,,,,,3,,11.64,,,,,1549,True,Sprints,704,1062,1235.0,M,False,3,2025-05-03,2025-05-03,False
61951,132654,146,3708,,,,,,,,3,,11.75,,,,,1549,True,Sprints,676,1040,1196.0,M,False,3,2025-05-03,2025-05-03,False
61952,132655,146,24888,,,,,,,,3,,12.08,,,,,1549,True,Sprints,593,974,1080.0,M,False,3,2025-05-03,2025-05-03,False
61953,132656,146,4379,,,,,,,,3,,12.19,,,,,1549,True,Sprints,567,952,1043.0,M,False,3,2025-05-03,2025-05-03,False
61954,132657,146,24889,,,,,,,,3,,12.26,,,,,1549,True,Sprints,551,939,1020.5,M,False,3,2025-05-03,2025-05-03,False
61955,132658,146,4148,,,,,,,,3,,12.39,,,,,1549,True,Sprints,521,914,978.0,M,False,3,2025-05-03,2025-05-03,False
61956,132659,146,4380,,,,,,,,3,,12.49,,,,,1549,True,Sprints,498,895,945.5,M,False,3,2025-05-03,2025-05-03,False
61968,132671,146,24574,,,,,,,,4,,22.10,,,,,1549,True,Sprints,910,1226,1523.0,M,False,3,2025-05-03,2025-05-03,False
61969,132672,146,24581,,,,,,,,4,,22.21,,,,,1549,True,Sprints,895,1215,1502.5,M,False,3,2025-05-03,2025-05-03,False
61970,132673,146,24580,,,,,,,,4,,22.33,,,,,1549,True,Sprints,879,1202,1480.0,M,False,3,2025-05-03,2025-05-03,False
61971,132674,146,3733,,,,,,,,4,,22.51,,,,,1549,True,Sprints,855,1183,1446.5,M,False,3,2025-05-03,2025-05-03,False
61972,132675,146,29817,,,,,,,,4,,22.57,,,,,1549,True,Sprints,847,1177,1435.5,M,False,3,2025-05-03,2025-05-03,False
61973,132676,146,3719,,,,,,,,4,,22.69,,,,,1549,True,Sprints,832,1165,1414.5,M,False,3,2025-05-03,2025-05-03,False
61974,132677,146,3701,,,,,,,,4,,22.90,,,,,1549,True,Sprints,805,1144,1377.0,M,False,3,2025-05-03,2025-05-03,False
61975,132679,146,4386,,,,,,,,4,,23.85,,,,,1549,True,Sprints,688,1049,1212.5,M,False,3,2025-05-03,2025-05-03,False
61976,132680,146,24888,,,,,,,,4,,24.48,,,,,1549,True,Sprints,615,989,1109.5,M,False,3,2025-05-03,2025-05-03,False
61977,132681,146,24889,,,,,,,,4,,25.02,,,,,1549,True,Sprints,556,939,1025.5,M,False,3,2025-05-03,2025-05-03,False
61978,132682,146,4148,,,,,,,,4,,26.09,,,,,1549,True,Sprints,448,843,869.5,M,False,3,2025-05-03,2025-05-03,False
61980,132684,146,4150,,,,,,,,6,,50.94,,,,,1549,True,Sprints,803,1168,1387.0,M,False,3,2025-05-03,2025-05-03,False
61981,132685,146,4386,,,,,,,,6,,52.44,,,,,1549,True,Sprints,719,1109,1273.5,M,False,3,2025-05-03,2025-05-03,False
61982,132686,146,24888,,,,,,,,6,,53.74,,,,,1549,True,Sprints,650,1059,1179.5,M,False,3,2025-05-03,2025-05-03,False
61983,132687,146,24568,,,,,,,,6,,55.02,,,,,1549,True,Sprints,586,1012,1092.0,M,False,3,2025-05-03,2025-05-03,False
61984,132688,146,3725,,,,,,,,6,,55.07,,,,,1549,True,Sprints,584,1010,1089.0,M,False,3,2025-05-03,2025-05-03,False
61985,132689,146,3709,,,,,,,,6,,57.18,,,,,1549,True,Sprints,485,934,952.0,M,False,3,2025-05-03,2025-05-03,False
62013,132648,146,24880,,,,,,,,3,,11.36,,,,,1549,True,Sprints,780,1120,1340.0,M,False,3,2025-05-03,2025-05-03,False
62014,132678,146,24880,,,,,,,,4,,23.00,,,,,1549,True,Sprints,792,1134,1359.0,M,False,3,2025-05-03,2025-05-03,False
62035,103085,11,4056,,,,,,,,6,Finals,51.79,,,,,1237,True,Sprints,755,1134,1322.0,M,False,3,2025-04-05,2025-04-06,True
62116,102555,117,3997,,,,,,,,4,Prelims,32.19,,,,,1237,True,Sprints,55,396,253.0,M,False,3,2025-04-05,2025-04-06,True
62384,98562,90,25180,,,,,,,,4,,26.35,,,,,1133,True,Sprints,424,821,834.5,M,False,3,2025-03-22,2025-03-22,False
62393,98450,90,25180,,,,,,,,6,,58.09,,,,,1133,True,Sprints,445,902,896.0,M,False,3,2025-03-22,2025-03-22,False
62409,96946,69,25673,,,,,,,,3,,11.72,,,,,1093,True,Sprints,684,1046,1207.0,M,False,3,2025-03-08,2025-03-08,False
62413,100806,77,1542,,,,,,,,6,,0:57.59,,,,,1211,True,Sprints,467,919,926.5,M,False,3,2025-03-29,2025-03-29,False
62516,102498,167,26169,,,,,,,,4,Prelims,25.01,,,,,1237,True,Sprints,557,940,1027.0,M,False,3,2025-04-05,2025-04-06,True
62527,99236,164,19007,,,,,,,,4,,30.79,,,,,1143,True,Sprints,112,484,354.0,M,False,3,2025-03-22,2025-03-22,False
62528,99243,164,19007,,,,,,,,6,,1:07.50,,,,,1143,True,Sprints,134,604,436.0,M,False,3,2025-03-22,2025-03-22,False
26695,126860,146,24580,,,,,,,,3,,10.64,,,,,1519,True,Sprints,993,1277,1631.5,M,False,3,2026-03-28,2026-03-28,False
29594,126864,146,4149,,,,,,,,3,,11.64,,,,,1519,True,Sprints,704,1062,1235.0,M,False,3,2026-03-28,2026-03-28,False
29595,126866,146,29989,,,,,,,,3,,12.16,,,,,1519,True,Sprints,574,958,1053.0,M,False,3,2026-03-28,2026-03-28,False
29596,126869,146,24889,,,,,,,,3,,12.65,,,,,1519,True,Sprints,463,865,895.5,M,False,3,2026-03-28,2026-03-28,False
29601,126879,146,31313,,,,,,,,4,,22.30,,,,,1519,True,Sprints,883,1205,1485.5,M,False,3,2026-03-28,2026-03-28,False
29602,126881,146,3719,,,,,,,,4,,23.36,,,,,1519,True,Sprints,747,1097,1295.5,M,False,3,2026-03-28,2026-03-28,False
29603,126883,146,3728,,,,,,,,4,,23.91,,,,2.9,1519,True,Sprints,681,1044,1203.0,M,False,3,2026-03-28,2026-03-28,False
29604,126885,146,24888,,,,,,,,4,,24.03,,,,4.2,1519,True,Sprints,667,1032,1183.0,M,False,3,2026-03-28,2026-03-28,False
29605,126887,146,3709,,,,,,,,4,,25.20,,,,3.5,1519,True,Sprints,537,922,998.0,M,False,3,2026-03-28,2026-03-28,False
29606,126889,146,24889,,,,,,,,4,,26.72,,,,2.4,1519,True,Sprints,390,789,784.5,M,False,3,2026-03-28,2026-03-28,False
29607,126891,146,29673,,,,,,,,4,,28.67,,,,2.4,1519,True,Sprints,236,634,553.0,M,False,3,2026-03-28,2026-03-28,False
29611,126899,146,29456,,,,,,,,6,,53.67,,,,,1519,True,Sprints,654,1062,1185.0,M,False,3,2026-03-28,2026-03-28,False
29612,126901,146,4386,,,,,,,,6,,54.84,,,,,1519,True,Sprints,595,1018,1104.0,M,False,3,2026-03-28,2026-03-28,False
29613,126903,146,4387,,,,,,,,6,,57.73,,,,,1519,True,Sprints,461,914,918.0,M,False,3,2026-03-28,2026-03-28,False
29617,126862,146,24880,,,,,,,,3,,11.35,,,,2.8,1519,True,Sprints,783,1123,1344.5,M,False,3,2026-03-28,2026-03-28,False
30422,126900,146,3728,,,,,,,,6,,54.53,,,,,1519,True,Sprints,610,1030,1125.0,M,False,3,2026-03-28,2026-03-28,False
30423,126902,146,24888,,,,,,,,6,,55.83,,,,,1519,True,Sprints,547,982,1038.0,M,False,3,2026-03-28,2026-03-28,False
30490,126861,146,3719,,,,,,,,3,,11.19,,,,2.8,1519,True,Sprints,828,1157,1406.5,M,False,3,2026-03-28,2026-03-28,False
30491,126863,146,29772,,,,,,,,3,,11.64,,,,,1519,True,Sprints,704,1062,1235.0,M,False,3,2026-03-28,2026-03-28,False
30492,126865,146,24888,,,,,,,,3,,12.11,,,,,1519,True,Sprints,586,968,1070.0,M,False,3,2026-03-28,2026-03-28,False
30493,126867,146,24891,,,,,,,,3,,12.34,,,,,1519,True,Sprints,532,923,993.5,M,False,3,2026-03-28,2026-03-28,False
30530,126868,146,31370,,,,,,,,3,,12.46,,,,,1519,True,Sprints,505,900,955.0,M,False,3,2026-03-28,2026-03-28,False
30531,126870,146,29449,,,,,,,,3,,13.65,,,,,1519,True,Sprints,274,689,618.5,M,False,3,2026-03-28,2026-03-28,False
30535,126878,146,24580,,,,,,,,4,,21.43,,,,,1519,True,Sprints,1004,1297,1652.5,M,False,3,2026-03-28,2026-03-28,False
30536,126882,146,4149,,,,,,,,4,,23.65,,,,2.9,1519,True,Sprints,712,1069,1246.5,M,False,3,2026-03-28,2026-03-28,False
30537,126884,146,29456,,,,,,,,4,,23.92,,,,2.0,1519,True,Sprints,680,1043,1201.5,M,False,3,2026-03-28,2026-03-28,False
30538,126886,146,3710,,,,,,,,4,,24.37,,,,2.9,1519,True,Sprints,628,1000,1128.0,M,False,3,2026-03-28,2026-03-28,False
30539,126888,146,29989,,,,,,,,4,,25.95,,,,2.4,1519,True,Sprints,462,856,890.0,M,False,3,2026-03-28,2026-03-28,False
30540,126890,146,29449,,,,,,,,4,,28.15,,,,2.4,1519,True,Sprints,273,674,610.0,M,False,3,2026-03-28,2026-03-28,False
30541,126892,146,30065,,,,,,,,4,,29.35,,,,2.4,1519,True,Sprints,191,584,483.0,M,False,3,2026-03-28,2026-03-28,False
30585,126880,146,24880,,,,,,,,4,,23.21,,,,2.0,1519,True,Sprints,766,1112,1322.0,M,False,3,2026-03-28,2026-03-28,False
30865,126987,61,24977,,,,,,,,3,,11.92,,,,,1520,True,Sprints,633,1005,1135.5,M,False,3,2026-03-28,2026-03-28,False
30866,126989,61,4036,,,,,,,,6,,55.04,,,,,1520,True,Sprints,585,1011,1090.5,M,False,3,2026-03-28,2026-03-28,False
30933,126988,61,4036,,,,,,,,4,,24.76,,,,,1520,True,Sprints,584,963,1065.5,M,False,3,2026-03-28,2026-03-28,False
30936,127006,159,29973,,,,,,,,3,,10.86,,,,,1521,True,Sprints,925,1228,1539.0,M,False,3,2026-03-28,2026-03-28,False
30937,127007,164,31376,,,,,,,,3,,11.09,,,,,1521,True,Sprints,857,1178,1446.0,M,False,3,2026-03-28,2026-03-28,False
30938,127009,166,29872,,,,,,,,3,,11.43,,,,,1521,True,Sprints,761,1106,1314.0,M,False,3,2026-03-28,2026-03-28,False
30939,127011,169,24896,,,,,,,,3,,11.44,,,,,1521,True,Sprints,758,1104,1310.0,M,False,3,2026-03-28,2026-03-28,False
31032,128152,233,31180,Fr,,,,,,,3,,11.74,,,,,1533,True,Sprints,678,1042,1199.0,M,False,3,2026-03-28,2026-03-28,False
31136,127008,169,29747,,,,,,,,3,,11.32,,,,,1521,True,Sprints,791,1129,1355.5,M,False,3,2026-03-28,2026-03-28,False
31137,127010,169,24897,,,,,,,,3,,11.43,,,,,1521,True,Sprints,761,1106,1314.0,M,False,3,2026-03-28,2026-03-28,False
31138,127012,130,29979,,,,,,,,3,,11.46,,,,,1521,True,Sprints,753,1099,1302.5,M,False,3,2026-03-28,2026-03-28,False
31140,127014,136,31377,,,,,,,,3,,11.50,,,,,1521,True,Sprints,742,1091,1287.5,M,False,3,2026-03-28,2026-03-28,False
31141,127016,139,30072,,,,,,,,3,,11.76,,,,,1521,True,Sprints,673,1038,1192.0,M,False,3,2026-03-28,2026-03-28,False
31142,127018,169,29748,,,,,,,,3,,11.94,,,,,1521,True,Sprints,628,1001,1128.5,M,False,3,2026-03-28,2026-03-28,False
31143,127020,139,29984,,,,,,,,3,,11.97,,,,,1521,True,Sprints,620,995,1117.5,M,False,3,2026-03-28,2026-03-28,False
31144,127022,139,25018,,,,,,,,3,,12.09,,,,,1521,True,Sprints,591,972,1077.0,M,False,3,2026-03-28,2026-03-28,False
31145,127023,139,31378,,,,,,,,3,,12.10,,,,,1521,True,Sprints,588,970,1073.0,M,False,3,2026-03-28,2026-03-28,False
31146,127027,166,31024,,,,,,,,3,,12.69,,,,,1521,True,Sprints,455,857,883.5,M,False,3,2026-03-28,2026-03-28,False
31147,127030,139,1589,,,,,,,,3,,13.40,,,,,1521,True,Sprints,317,731,682.5,M,False,3,2026-03-28,2026-03-28,False
31148,127032,139,26835,,,,,,,,3,,14.26,,,,,1521,True,Sprints,183,592,479.0,M,False,3,2026-03-28,2026-03-28,False
31149,127034,130,30343,,,,,,,,3,,15.72,,,,,1521,True,Sprints,39,389,233.5,M,False,3,2026-03-28,2026-03-28,False
31150,127036,157,30969,,,,,,,,4,,23.01,,,,,1521,True,Sprints,791,1132,1357.0,M,False,3,2026-03-28,2026-03-28,False
31151,127038,130,30039,,,,,,,,4,,23.40,,,,,1521,True,Sprints,742,1094,1289.0,M,False,3,2026-03-28,2026-03-28,False
31152,127040,136,31377,,,,,,,,4,,23.53,,,,,1521,True,Sprints,726,1081,1266.5,M,False,3,2026-03-28,2026-03-28,False
32419,125393,10,31091,,,,,,,,3,,11.15,,,,,1495,True,Sprints,840,1165,1422.5,M,False,3,2026-03-14,2026-03-14,False
32420,125395,10,5614,,,,,,,,3,,12.05,,,,,1495,True,Sprints,601,980,1091.0,M,False,3,2026-03-14,2026-03-14,False
32422,127013,130,28331,,,,,,,,3,,11.47,,,,,1521,True,Sprints,750,1097,1298.5,M,False,3,2026-03-28,2026-03-28,False
32423,127043,166,31382,,,,,,,,4,,23.90,,,,,1521,True,Sprints,682,1045,1204.5,M,False,3,2026-03-28,2026-03-28,False
32440,128151,233,31179,Fr,,,,,,,3,,11.28,,,,,1533,True,Sprints,803,1137,1371.5,M,False,3,2026-03-28,2026-03-28,False
32441,128153,233,31211,So,,,,,,,4,,23.40,,,,,1533,True,Sprints,742,1094,1289.0,M,False,3,2026-03-28,2026-03-28,False
32442,128155,233,31198,Fr,,,,,,,4,,24.07,,,,,1533,True,Sprints,662,1028,1176.0,M,False,3,2026-03-28,2026-03-28,False
32443,128157,233,31180,Fr,,,,,,,4,,24.63,,,,,1533,True,Sprints,599,975,1086.5,M,False,3,2026-03-28,2026-03-28,False
32444,128159,233,31426,Fr,,,,,,,6,,53.28,,,,,1533,True,Sprints,674,1077,1212.5,M,False,3,2026-03-28,2026-03-28,False
32467,125394,10,31093,,,,,,,,3,,11.96,,,,,1495,True,Sprints,623,997,1121.5,M,False,3,2026-03-14,2026-03-14,False
32468,125396,10,31094,,,,,,,,3,,12.22,,,,,1495,True,Sprints,560,946,1033.0,M,False,3,2026-03-14,2026-03-14,False
32469,125445,19,31232,,,,,,,,4,,24.14,,,,,1495,True,Sprints,654,1021,1164.5,M,False,3,2026-03-14,2026-03-14,False
32486,125398,10,31091,,,,,,,,4,,23.60,,,,,1495,True,Sprints,718,1074,1255.0,M,False,3,2026-03-14,2026-03-14,False
32487,125400,10,31093,,,,,,,,4,,24.66,,,,,1495,True,Sprints,595,972,1081.0,M,False,3,2026-03-14,2026-03-14,False
32503,125434,19,5165,,,,,,,,3,,11.77,,,,,1495,True,Sprints,671,1036,1189.0,M,False,3,2026-03-14,2026-03-14,False
32504,125435,19,31235,,,,,,,,3,,11.86,,,,,1495,True,Sprints,648,1017,1156.5,M,False,3,2026-03-14,2026-03-14,False
32505,125437,19,25501,,,,,,,,3,,12.13,,,,,1495,True,Sprints,581,964,1063.0,M,False,3,2026-03-14,2026-03-14,False
32506,125438,19,31236,,,,,,,,3,,12.44,,,,,1495,True,Sprints,509,904,961.0,M,False,3,2026-03-14,2026-03-14,False
32507,125439,19,31237,,,,,,,,3,,12.45,,,,,1495,True,Sprints,507,902,958.0,M,False,3,2026-03-14,2026-03-14,False
32508,125443,19,25499,,,,,,,,4,,22.13,,,,,1495,True,Sprints,906,1223,1517.5,M,False,3,2026-03-14,2026-03-14,False
32509,125446,19,5165,,,,,,,,4,,24.83,,,,,1495,True,Sprints,577,956,1055.0,M,False,3,2026-03-14,2026-03-14,False
32510,125447,19,31240,,,,,,,,4,,25.23,,,,,1495,True,Sprints,534,920,994.0,M,False,3,2026-03-14,2026-03-14,False
32550,125399,10,5614,,,,,,,,4,,24.45,,,,,1495,True,Sprints,619,992,1115.0,M,False,3,2026-03-14,2026-03-14,False
32551,125401,10,31094,,,,,,,,4,,25.47,,,,,1495,True,Sprints,510,898,959.0,M,False,3,2026-03-14,2026-03-14,False
32552,125403,10,5613,,,,,,,,6,,53.57,,,,,1495,True,Sprints,659,1066,1192.0,M,False,3,2026-03-14,2026-03-14,False
32565,125430,19,25499,,,,,,,,3,,10.99,,,,,1495,True,Sprints,886,1200,1486.0,M,False,3,2026-03-14,2026-03-14,False
32566,125431,19,31232,,,,,,,,3,,11.58,,,,,1495,True,Sprints,720,1075,1257.5,M,False,3,2026-03-14,2026-03-14,False
32567,125432,19,31233,,,,,,,,3,,11.59,,,,,1495,True,Sprints,718,1072,1254.0,M,False,3,2026-03-14,2026-03-14,False
32568,125433,19,31234,,,,,,,,3,,11.74,,,,,1495,True,Sprints,678,1042,1199.0,M,False,3,2026-03-14,2026-03-14,False
32569,125436,19,25500,,,,,,,,3,,12.07,,,,,1495,True,Sprints,596,976,1084.0,M,False,3,2026-03-14,2026-03-14,False
32573,125444,19,2306,,,,,,,,4,,23.73,,,,,1495,True,Sprints,702,1061,1232.5,M,False,3,2026-03-14,2026-03-14,False
32574,125448,19,25500,,,,,,,,4,,25.46,,,,,1495,True,Sprints,511,899,960.5,M,False,3,2026-03-14,2026-03-14,False
32575,125449,19,31241,,,,,,,,4,,27.52,,,,,1495,True,Sprints,322,723,683.5,M,False,3,2026-03-14,2026-03-14,False
33704,125453,19,31244,,,,,,,,6,,52.53,,,,,1495,True,Sprints,714,1106,1267.0,M,False,3,2026-03-14,2026-03-14,False
33705,125454,19,31245,,,,,,,,6,,53.58,,,,,1495,True,Sprints,659,1065,1191.5,M,False,3,2026-03-14,2026-03-14,False
33706,125455,19,31246,,,,,,,,6,,57.29,,,,,1495,True,Sprints,480,930,945.0,M,False,3,2026-03-14,2026-03-14,False
33707,125458,19,31242,,,,,,,,6,,1:06.89,,,,,1495,True,Sprints,149,622,460.0,M,False,3,2026-03-14,2026-03-14,False
33723,125450,19,31242,,,,,,,,4,,28.78,,,,,1495,True,Sprints,228,626,541.0,M,False,3,2026-03-14,2026-03-14,False
33724,125456,19,31241,,,,,,,,6,,1:01.92,,,,,1495,True,Sprints,297,774,684.0,M,False,3,2026-03-14,2026-03-14,False
33725,125457,19,31247,,,,,,,,6,,1:02.13,,,,,1495,True,Sprints,290,767,673.5,M,False,3,2026-03-14,2026-03-14,False
34259,125494,95,30147,,,,,,,,3,,11.95,,,,,1496,True,Sprints,625,999,1124.5,M,False,3,2026-03-13,2026-03-13,False
34260,125496,95,30149,,,,,,,,4,,23.04,,,,,1496,True,Sprints,787,1129,1351.5,M,False,3,2026-03-13,2026-03-13,False
34305,125495,95,30148,,,,,,,,3,,12.43,,,,,1496,True,Sprints,512,906,965.0,M,False,3,2026-03-13,2026-03-13,False
35670,125497,160,31252,,,,,,,,3,,11.37,,,,,1497,True,Sprints,777,1118,1336.0,M,False,3,2026-03-15,2026-03-15,False
35671,125498,160,31253,,,,,,,,3,,11.40,,,,,1497,True,Sprints,769,1112,1325.0,M,False,3,2026-03-15,2026-03-15,False
35672,125500,165,29793,,,,,,,,3,,11.89,,,,,1497,True,Sprints,640,1011,1145.5,M,False,3,2026-03-15,2026-03-15,False
35673,125503,152,25473,,,,,,,,3,,12.12,,,,,1497,True,Sprints,584,966,1067.0,M,False,3,2026-03-15,2026-03-15,False
35674,125504,160,31255,,,,,,,,3,,12.20,,,,,1497,True,Sprints,565,950,1040.0,M,False,3,2026-03-15,2026-03-15,False
35675,125506,160,31252,,,,,,,,4,,23.41,,,,,1497,True,Sprints,741,1093,1287.5,M,False,3,2026-03-15,2026-03-15,False
35715,125499,152,30994,,,,,,,,3,,11.89,,,,,1497,True,Sprints,640,1011,1145.5,M,False,3,2026-03-15,2026-03-15,False
35716,125501,165,24882,,,,,,,,3,,11.91,,,,,1497,True,Sprints,635,1007,1138.5,M,False,3,2026-03-15,2026-03-15,False
35717,125502,160,31254,,,,,,,,3,,12.04,,,,,1497,True,Sprints,603,982,1094.0,M,False,3,2026-03-15,2026-03-15,False
35718,125505,160,25407,,,,,,,,3,,13.51,,,,,1497,True,Sprints,298,713,654.5,M,False,3,2026-03-15,2026-03-15,False
35719,125507,160,31253,,,,,,,,4,,23.79,,,,,1497,True,Sprints,695,1055,1222.5,M,False,3,2026-03-15,2026-03-15,False
37023,125509,160,31254,,,,,,,,4,,26.04,,,,,1497,True,Sprints,453,848,877.0,M,False,3,2026-03-15,2026-03-15,False
37024,125511,160,11421,,,,,,,,4,,27.32,,,,,1497,True,Sprints,339,740,709.0,M,False,3,2026-03-15,2026-03-15,False
37025,125512,160,31256,,,,,,,,6,,54.33,,,,,1497,True,Sprints,620,1037,1138.5,M,False,3,2026-03-15,2026-03-15,False
37026,125514,138,802,,,,,,,,6,,57.00,,,,,1497,True,Sprints,493,940,963.0,M,False,3,2026-03-15,2026-03-15,False
37028,125582,17,30159,So,,,,,,,3,,11.47,,,,,1498,True,Sprints,750,1097,1298.5,M,False,3,2026-03-14,2026-03-14,False
37029,125583,20,31272,,,,,,,,3,,12.32,,,,,1498,True,Sprints,537,927,1000.5,M,False,3,2026-03-14,2026-03-14,False
37340,125515,152,16142,,,,,,,,6,,57.73,,,,,1497,True,Sprints,461,914,918.0,M,False,3,2026-03-15,2026-03-15,False
37341,125580,17,25198,So,,,,,,,3,,11.28,,,,,1498,True,Sprints,803,1137,1371.5,M,False,3,2026-03-14,2026-03-14,False
37342,125581,20,31271,,,,,,,,3,,11.46,,,,,1498,True,Sprints,753,1099,1302.5,M,False,3,2026-03-14,2026-03-14,False
38294,125508,160,31255,,,,,,,,4,,25.03,,,,,1497,True,Sprints,555,938,1024.0,M,False,3,2026-03-15,2026-03-15,False
38295,125510,152,30971,,,,,,,,4,,26.48,,,,,1497,True,Sprints,412,810,817.0,M,False,3,2026-03-15,2026-03-15,False
38296,125513,152,30971,,,,,,,,6,,55.15,,,,,1497,True,Sprints,580,1007,1083.5,M,False,3,2026-03-15,2026-03-15,False
38297,125516,160,30346,,,,,,,,6,,57.98,,,,,1497,True,Sprints,450,906,903.0,M,False,3,2026-03-15,2026-03-15,False
38298,125517,160,31257,,,,,,,,6,,58.08,,,,,1497,True,Sprints,446,902,897.0,M,False,3,2026-03-15,2026-03-15,False
38299,125518,160,31258,,,,,,,,6,,1:02.46,,,,,1497,True,Sprints,278,756,656.0,M,False,3,2026-03-15,2026-03-15,False
38308,125519,160,27514,,,,,,,,6,,1:07.16,,,,,1497,True,Sprints,142,614,449.0,M,False,3,2026-03-15,2026-03-15,False
38325,125520,160,12027,,,,,,,,6,,1:12.79,,,,,1497,True,Sprints,39,463,270.5,M,False,3,2026-03-15,2026-03-15,False
38395,128154,233,31189,Fr,,,,,,,4,,24.06,,,,,1533,True,Sprints,663,1029,1177.5,M,False,3,2026-03-28,2026-03-28,False
38396,128156,233,31192,Fr,,,,,,,4,,24.12,,,,,1533,True,Sprints,656,1023,1167.5,M,False,3,2026-03-28,2026-03-28,False
38397,128158,233,31425,Fr,,,,,,,6,,51.37,,,,,1533,True,Sprints,778,1151,1353.5,M,False,3,2026-03-28,2026-03-28,False
39817,127042,139,27046,,,,,,,,4,,23.88,,,,,1521,True,Sprints,684,1046,1207.0,M,False,3,2026-03-28,2026-03-28,False
39818,127045,139,29984,,,,,,,,4,,24.02,,,,,1521,True,Sprints,668,1033,1184.5,M,False,3,2026-03-28,2026-03-28,False
39819,127047,169,30071,,,,,,,,4,,24.20,,,,,1521,True,Sprints,647,1016,1155.0,M,False,3,2026-03-28,2026-03-28,False
39820,127049,130,28331,,,,,,,,4,,24.37,,,,,1521,True,Sprints,628,1000,1128.0,M,False,3,2026-03-28,2026-03-28,False
39821,127050,139,31383,,,,,,,,4,,24.44,,,,,1521,True,Sprints,620,993,1116.5,M,False,3,2026-03-28,2026-03-28,False
39822,127051,160,31384,,,,,,,,4,,24.89,,,,,1521,True,Sprints,570,951,1045.5,M,False,3,2026-03-28,2026-03-28,False
39823,127053,169,29750,,,,,,,,4,,26.37,,,,,1521,True,Sprints,422,819,831.5,M,False,3,2026-03-28,2026-03-28,False
39824,127055,139,1589,,,,,,,,4,,30.55,,,,,1521,True,Sprints,123,500,373.0,M,False,3,2026-03-28,2026-03-28,False
39825,127057,159,24869,,,,,,,,6,,50.66,,,,,1521,True,Sprints,819,1179,1408.5,M,False,3,2026-03-28,2026-03-28,False
39826,127059,130,30039,,,,,,,,6,,51.35,,,,,1521,True,Sprints,780,1151,1355.5,M,False,3,2026-03-28,2026-03-28,False
39827,127061,164,22379,,,,,,,,6,,52.69,,,,,1521,True,Sprints,706,1099,1255.5,M,False,3,2026-03-28,2026-03-28,False
39828,127063,164,27239,,,,,,,,6,,53.08,,,,,1521,True,Sprints,685,1084,1227.0,M,False,3,2026-03-28,2026-03-28,False
39829,127065,137,27840,,,,,,,,6,,53.56,,,,,1521,True,Sprints,660,1066,1193.0,M,False,3,2026-03-28,2026-03-28,False
39830,127067,166,19398,,,,,,,,6,,54.19,,,,,1521,True,Sprints,627,1043,1148.5,M,False,3,2026-03-28,2026-03-28,False
39831,127069,159,4364,,,,,,,,6,,55.31,,,,,1521,True,Sprints,572,1001,1072.5,M,False,3,2026-03-28,2026-03-28,False
39832,127071,79,7954,,,,,,,,6,,55.55,,,,,1521,True,Sprints,560,992,1056.0,M,False,3,2026-03-28,2026-03-28,False
39833,127073,79,31032,,,,,,,,6,,57.57,,,,,1521,True,Sprints,468,920,928.0,M,False,3,2026-03-28,2026-03-28,False
39834,127076,132,30348,,,,,,,,6,,59.16,,,,,1521,True,Sprints,401,865,833.5,M,False,3,2026-03-28,2026-03-28,False
39835,127078,139,1584,,,,,,,,6,,1:00.60,,,,,1521,True,Sprints,345,817,753.5,M,False,3,2026-03-28,2026-03-28,False
39836,127081,139,1589,,,,,,,,6,,1:03.90,,,,,1521,True,Sprints,232,711,587.5,M,False,3,2026-03-28,2026-03-28,False
39837,127083,132,2754,,,,,,,,6,,1:07.13,,,,,1521,True,Sprints,143,615,450.5,M,False,3,2026-03-28,2026-03-28,False
39884,127039,130,27917,,,,,,,,4,,23.47,,,,,1521,True,Sprints,733,1087,1276.5,M,False,3,2026-03-28,2026-03-28,False
39885,127060,130,27917,,,,,,,,6,,52.50,,,,,1521,True,Sprints,716,1107,1269.5,M,False,3,2026-03-28,2026-03-28,False
39903,127015,166,24460,,,,,,,,3,,11.63,,,,,1521,True,Sprints,707,1064,1239.0,M,False,3,2026-03-28,2026-03-28,False
39904,127017,139,4346,,,,,,,,3,,11.90,,,,,1521,True,Sprints,638,1009,1142.5,M,False,3,2026-03-28,2026-03-28,False
39905,127019,139,27046,,,,,,,,3,,11.95,,,,,1521,True,Sprints,625,999,1124.5,M,False,3,2026-03-28,2026-03-28,False
39906,127021,157,29978,,,,,,,,3,,11.99,,,,,1521,True,Sprints,615,990,1110.0,M,False,3,2026-03-28,2026-03-28,False
39907,127024,159,26511,,,,,,,,3,,12.40,,,,,1521,True,Sprints,518,912,974.0,M,False,3,2026-03-28,2026-03-28,False
39908,127025,139,31379,,,,,,,,3,,12.45,,,,,1521,True,Sprints,507,902,958.0,M,False,3,2026-03-28,2026-03-28,False
39909,127026,139,31380,,,,,,,,3,,12.49,,,,,1521,True,Sprints,498,895,945.5,M,False,3,2026-03-28,2026-03-28,False
39910,127028,139,31033,,,,,,,,3,,12.82,,,,,1521,True,Sprints,428,834,845.0,M,False,3,2026-03-28,2026-03-28,False
39911,127029,139,31381,,,,,,,,3,,13.13,,,,,1521,True,Sprints,366,778,755.0,M,False,3,2026-03-28,2026-03-28,False
39912,127031,139,1557,,,,,,,,3,,13.56,,,,,1521,True,Sprints,289,704,641.0,M,False,3,2026-03-28,2026-03-28,False
39913,127033,139,28523,,,,,,,,3,,14.32,,,,,1521,True,Sprints,175,583,466.5,M,False,3,2026-03-28,2026-03-28,False
39914,127035,159,29973,,,,,,,,4,,22.28,,,,,1521,True,Sprints,886,1207,1489.5,M,False,3,2026-03-28,2026-03-28,False
39915,127037,169,24897,,,,,,,,4,,23.14,,,,,1521,True,Sprints,774,1119,1333.5,M,False,3,2026-03-28,2026-03-28,False
39916,127041,79,25858,,,,,,,,4,,23.64,,,,,1521,True,Sprints,713,1070,1248.0,M,False,3,2026-03-28,2026-03-28,False
39917,127044,166,4727,,,,,,,,4,,23.92,,,,,1521,True,Sprints,680,1043,1201.5,M,False,3,2026-03-28,2026-03-28,False
39918,127046,169,29748,,,,,,,,4,,24.09,,,,,1521,True,Sprints,660,1026,1173.0,M,False,3,2026-03-28,2026-03-28,False
39919,127048,166,24460,,,,,,,,4,,24.29,,,,,1521,True,Sprints,637,1007,1140.5,M,False,3,2026-03-28,2026-03-28,False
39920,127052,159,26511,,,,,,,,4,,25.73,,,,,1521,True,Sprints,483,875,920.5,M,False,3,2026-03-28,2026-03-28,False
39921,127054,159,761,,,,,,,,4,,27.07,,,,,1521,True,Sprints,360,760,740.0,M,False,3,2026-03-28,2026-03-28,False
39922,127056,166,29864,,,,,,,,6,,50.23,,,,,1521,True,Sprints,844,1196,1442.0,M,False,3,2026-03-28,2026-03-28,False
39923,127058,169,29749,,,,,,,,6,,51.17,,,,,1521,True,Sprints,790,1159,1369.5,M,False,3,2026-03-28,2026-03-28,False
39924,127062,169,30071,,,,,,,,6,,52.88,,,,,1521,True,Sprints,696,1092,1242.0,M,False,3,2026-03-28,2026-03-28,False
39925,127064,160,31256,,,,,,,,6,,53.54,,,,,1521,True,Sprints,661,1067,1194.5,M,False,3,2026-03-28,2026-03-28,False
39926,127066,79,25858,,,,,,,,6,,53.60,,,,,1521,True,Sprints,658,1065,1190.5,M,False,3,2026-03-28,2026-03-28,False
39927,127068,139,4346,,,,,,,,6,,54.45,,,,,1521,True,Sprints,614,1033,1130.5,M,False,3,2026-03-28,2026-03-28,False
39928,127070,159,30043,,,,,,,,6,,55.34,,,,,1521,True,Sprints,571,1000,1071.0,M,False,3,2026-03-28,2026-03-28,False
39929,127072,166,29862,,,,,,,,6,,56.41,,,,,1521,True,Sprints,520,961,1000.5,M,False,3,2026-03-28,2026-03-28,False
39930,127074,139,30042,,,,,,,,6,,58.31,,,,,1521,True,Sprints,436,894,883.0,M,False,3,2026-03-28,2026-03-28,False
39931,127075,130,31385,,,,,,,,6,,58.86,,,,,1521,True,Sprints,413,875,850.5,M,False,3,2026-03-28,2026-03-28,False
39932,127077,139,4347,,,,,,,,6,,59.96,,,,,1521,True,Sprints,369,838,788.0,M,False,3,2026-03-28,2026-03-28,False
39933,127079,169,29750,,,,,,,,6,,1:00.80,,,,,1521,True,Sprints,337,810,742.0,M,False,3,2026-03-28,2026-03-28,False
39934,127080,160,31386,,,,,,,,6,,1:03.08,,,,,1521,True,Sprints,258,737,626.5,M,False,3,2026-03-28,2026-03-28,False
39935,127082,157,30045,,,,,,,,6,,1:04.51,,,,,1521,True,Sprints,214,692,560.0,M,False,3,2026-03-28,2026-03-28,False
40060,125618,166,29864,,,,,,,,4,,22.89,,,,,1500,True,Sprints,806,1145,1378.5,M,False,3,2026-03-13,2026-03-14,False
40061,125620,166,29864,,,,,,,,6,,50.29,,,,,1500,True,Sprints,840,1193,1436.5,M,False,3,2026-03-13,2026-03-14,False
40142,125621,166,27016,,,,,,,,6,,54.75,,,,,1500,True,Sprints,599,1022,1110.0,M,False,3,2026-03-13,2026-03-14,False
44321,125630,167,25023,,,,,,,,3,,11.09,,,,,1501,True,Sprints,857,1178,1446.0,M,False,3,2026-03-21,2026-03-21,False
44322,125632,167,5234,,,,,,,,3,,11.30,,,,,1501,True,Sprints,797,1133,1363.5,M,False,3,2026-03-21,2026-03-21,False
44323,125634,88,4073,,,,,,,,3,,11.43,,,,,1501,True,Sprints,761,1106,1314.0,M,False,3,2026-03-21,2026-03-21,False
44324,125636,167,25031,,,,,,,,3,,11.52,,,,,1501,True,Sprints,736,1087,1279.5,M,False,3,2026-03-21,2026-03-21,False
44325,125641,166,31047,,,,,,,,3,,12.09,,,,,1501,True,Sprints,591,972,1077.0,M,False,3,2026-03-21,2026-03-21,False
44326,125643,167,29846,,,,,,,,3,,12.47,,,,,1501,True,Sprints,503,899,952.5,M,False,3,2026-03-21,2026-03-21,False
44327,125644,167,31281,,,,,,,,3,,12.49,,,,,1501,True,Sprints,498,895,945.5,M,False,3,2026-03-21,2026-03-21,False
44328,125646,167,5221,,,,,,,,3,,12.60,,,,,1501,True,Sprints,474,874,911.0,M,False,3,2026-03-21,2026-03-21,False
44329,125651,86,11516,,,,,,,,3,,12.93,,,,,1501,True,Sprints,405,814,812.0,M,False,3,2026-03-21,2026-03-21,False
44330,125653,86,1536,,,,,,,,3,,14.02,,,,,1501,True,Sprints,217,630,532.0,M,False,3,2026-03-21,2026-03-21,False
44331,125655,88,4073,,,,,,,,4,,22.18,,,,,1501,True,Sprints,899,1218,1508.0,M,False,3,2026-03-21,2026-03-21,False
44332,125657,166,29864,,,,,,,,4,,22.54,,,,,1501,True,Sprints,851,1180,1441.0,M,False,3,2026-03-21,2026-03-21,False
44333,125659,166,4727,,,,,,,,4,,22.98,,,,,1501,True,Sprints,795,1136,1363.0,M,False,3,2026-03-21,2026-03-21,False
44334,125661,167,25024,,,,,,,,4,,23.59,,,,,1501,True,Sprints,719,1075,1256.5,M,False,3,2026-03-21,2026-03-21,False
44335,125662,167,31283,,,,,,,,4,,23.99,,,,,1501,True,Sprints,671,1036,1189.0,M,False,3,2026-03-21,2026-03-21,False
44336,125664,167,31278,,,,,,,,4,,24.15,,,,,1501,True,Sprints,653,1020,1163.0,M,False,3,2026-03-21,2026-03-21,False
44337,125666,167,4304,,,,,,,,4,,24.72,,,,,1501,True,Sprints,589,967,1072.5,M,False,3,2026-03-21,2026-03-21,False
44338,125668,167,29846,,,,,,,,4,,25.15,,,,,1501,True,Sprints,543,927,1006.5,M,False,3,2026-03-21,2026-03-21,False
44339,125670,167,5240,,,,,,,,4,,25.49,,,,,1501,True,Sprints,508,896,956.0,M,False,3,2026-03-21,2026-03-21,False
44340,125672,167,5221,,,,,,,,4,,25.59,,,,,1501,True,Sprints,497,887,940.5,M,False,3,2026-03-21,2026-03-21,False
44341,125675,167,2540,,,,,,,,4,,26.55,,,,,1501,True,Sprints,406,804,808.0,M,False,3,2026-03-21,2026-03-21,False
44342,125677,63,554,,,,,,,,6,,51.71,,,,,1501,True,Sprints,759,1137,1327.5,M,False,3,2026-03-21,2026-03-21,False
44343,125679,88,31028,,,,,,,,6,,51.89,,,,,1501,True,Sprints,749,1130,1314.0,M,False,3,2026-03-21,2026-03-21,False
44344,125682,167,25024,,,,,,,,6,,53.20,,,,,1501,True,Sprints,679,1080,1219.0,M,False,3,2026-03-21,2026-03-21,False
44345,125684,167,31278,,,,,,,,6,,53.59,,,,,1501,True,Sprints,658,1065,1190.5,M,False,3,2026-03-21,2026-03-21,False
44346,125686,167,31281,,,,,,,,6,,1:00.28,,,,,1501,True,Sprints,357,827,770.5,M,False,3,2026-03-21,2026-03-21,False
44348,125631,167,5246,,,,,,,,3,,11.20,,,,,1501,True,Sprints,825,1154,1402.0,M,False,3,2026-03-21,2026-03-21,False
44349,125633,166,24460,,,,,,,,3,,11.43,,,,,1501,True,Sprints,761,1106,1314.0,M,False,3,2026-03-21,2026-03-21,False
44350,125635,88,5541,,,,,,,,3,,11.44,,,,,1501,True,Sprints,758,1104,1310.0,M,False,3,2026-03-21,2026-03-21,False
44351,125637,166,4727,,,,,,,,3,,11.68,,,,,1501,True,Sprints,694,1054,1221.0,M,False,3,2026-03-21,2026-03-21,False
44352,125638,167,31278,,,,,,,,3,,11.91,,,,,1501,True,Sprints,635,1007,1138.5,M,False,3,2026-03-21,2026-03-21,False
44353,125639,86,31279,,,,,,,,3,,11.93,,,,,1501,True,Sprints,630,1003,1131.5,M,False,3,2026-03-21,2026-03-21,False
44354,125640,167,31280,,,,,,,,3,,12.08,,,,,1501,True,Sprints,593,974,1080.0,M,False,3,2026-03-21,2026-03-21,False
44355,125642,167,5240,,,,,,,,3,,12.31,,,,,1501,True,Sprints,539,929,1003.5,M,False,3,2026-03-21,2026-03-21,False
44356,125645,167,4304,,,,,,,,3,,12.59,,,,,1501,True,Sprints,476,876,914.0,M,False,3,2026-03-21,2026-03-21,False
44357,125647,166,31024,,,,,,,,3,,12.61,,,,,1501,True,Sprints,472,872,908.0,M,False,3,2026-03-21,2026-03-21,False
44358,125648,167,31282,,,,,,,,3,,12.65,,,,,1501,True,Sprints,463,865,895.5,M,False,3,2026-03-21,2026-03-21,False
44359,125650,167,26171,,,,,,,,3,,12.83,,,,,1501,True,Sprints,426,832,842.0,M,False,3,2026-03-21,2026-03-21,False
44360,125652,86,30285,,,,,,,,3,,13.47,,,,,1501,True,Sprints,305,720,665.0,M,False,3,2026-03-21,2026-03-21,False
44361,125654,167,5246,,,,,,,,4,,22.12,,,,,1501,True,Sprints,908,1224,1520.0,M,False,3,2026-03-21,2026-03-21,False
44362,125656,167,5234,,,,,,,,4,,22.39,,,,,1501,True,Sprints,871,1196,1469.0,M,False,3,2026-03-21,2026-03-21,False
44363,125658,167,25023,,,,,,,,4,,22.63,,,,,1501,True,Sprints,840,1171,1425.5,M,False,3,2026-03-21,2026-03-21,False
44364,125660,88,31028,,,,,,,,4,,23.46,,,,,1501,True,Sprints,735,1088,1279.0,M,False,3,2026-03-21,2026-03-21,False
44365,125663,167,25032,,,,,,,,4,,24.13,,,,,1501,True,Sprints,655,1022,1166.0,M,False,3,2026-03-21,2026-03-21,False
44366,125665,167,5252,,,,,,,,4,,24.34,,,,,1501,True,Sprints,631,1002,1132.0,M,False,3,2026-03-21,2026-03-21,False
44367,125667,167,31280,,,,,,,,4,,24.77,,,,,1501,True,Sprints,583,962,1064.0,M,False,3,2026-03-21,2026-03-21,False
44368,125669,167,19375,,,,,,,,4,,25.44,,,,,1501,True,Sprints,513,901,963.5,M,False,3,2026-03-21,2026-03-21,False
44369,125673,167,26171,,,,,,,,4,,26.18,,,,,1501,True,Sprints,440,835,857.5,M,False,3,2026-03-21,2026-03-21,False
44370,125674,167,31284,,,,,,,,4,,26.51,,,,,1501,True,Sprints,409,807,812.5,M,False,3,2026-03-21,2026-03-21,False
44371,125676,166,29864,,,,,,,,6,,50.25,,,,,1501,True,Sprints,843,1195,1440.5,M,False,3,2026-03-21,2026-03-21,False
44372,125678,167,31283,,,,,,,,6,,51.85,,,,,1501,True,Sprints,752,1132,1318.0,M,False,3,2026-03-21,2026-03-21,False
44373,125680,166,27016,,,,,,,,6,,52.89,,,,,1501,True,Sprints,695,1092,1241.0,M,False,3,2026-03-21,2026-03-21,False
44374,125681,167,31285,,,,,,,,6,,52.96,,,,,1501,True,Sprints,691,1089,1235.5,M,False,3,2026-03-21,2026-03-21,False
44375,125683,166,29862,,,,,,,,6,,53.22,,,,,1501,True,Sprints,678,1079,1217.5,M,False,3,2026-03-21,2026-03-21,False
44376,125685,86,3012,,,,,,,,6,,54.07,,,,,1501,True,Sprints,634,1047,1157.5,M,False,3,2026-03-21,2026-03-21,False
44377,125687,86,30285,,,,,,,,6,,1:01.23,,,,,1501,True,Sprints,322,796,720.0,M,False,3,2026-03-21,2026-03-21,False
44378,125688,167,31286,,,,,,,,6,,1:01.88,,,,,1501,True,Sprints,298,775,685.5,M,False,3,2026-03-21,2026-03-21,False
44392,125649,167,26169,,,,,,,,3,,12.79,,,,,1501,True,Sprints,434,839,853.5,M,False,3,2026-03-21,2026-03-21,False
44393,125671,167,26169,,,,,,,,4,,25.56,,,,,1501,True,Sprints,500,890,945.0,M,False,3,2026-03-21,2026-03-21,False
44394,125689,164,19007,,,,,,,,6,,1:07.19,,,,,1501,True,Sprints,142,613,448.5,M,False,3,2026-03-21,2026-03-21,False
45562,127428,124,29660,,,,,,,,3,,11.13,,,,,1522,True,Sprints,845,1169,1429.5,M,False,3,2026-03-28,2026-03-28,False
45563,127430,124,3843,,,,,,,,3,,11.28,,,,,1522,True,Sprints,803,1137,1371.5,M,False,3,2026-03-28,2026-03-28,False
45564,127432,124,29660,,,,,,,,4,,22.40,,,,,1522,True,Sprints,870,1195,1467.5,M,False,3,2026-03-28,2026-03-28,False
45565,127434,124,3871,,,,,,,,4,,22.94,,,,,1522,True,Sprints,800,1140,1370.0,M,False,3,2026-03-28,2026-03-28,False
45566,127436,124,29633,,,,,,,,4,,23.46,,,,,1522,True,Sprints,735,1088,1279.0,M,False,3,2026-03-28,2026-03-28,False
45567,127438,124,29633,,,,,,,,6,,52.39,,,,,1522,True,Sprints,722,1111,1277.5,M,False,3,2026-03-28,2026-03-28,False
45605,127521,116,29873,,,,,,,,3,,10.77,,,,,1522,True,Sprints,952,1248,1576.0,M,False,3,2026-03-28,2026-03-28,False
45606,127525,116,29613,,,,,,,,3,,11.62,,,,,1522,True,Sprints,710,1066,1243.0,M,False,3,2026-03-28,2026-03-28,False
45607,127527,116,3945,,,,,,,,3,,12.30,,,,,1522,True,Sprints,541,931,1006.5,M,False,3,2026-03-28,2026-03-28,False
45608,127529,116,31415,,,,,,,,4,,23.58,,,,,1522,True,Sprints,720,1076,1258.0,M,False,3,2026-03-28,2026-03-28,False
45609,127531,116,31415,,,,,,,,6,,52.56,,,,,1522,True,Sprints,713,1104,1265.0,M,False,3,2026-03-28,2026-03-28,False
45610,127533,116,24638,,,,,,,,6,,53.53,,,,,1522,True,Sprints,661,1067,1194.5,M,False,3,2026-03-28,2026-03-28,False
45620,127554,102,29876,,,,,,,,3,,12.15,,,,,1522,True,Sprints,576,960,1056.0,M,False,3,2026-03-28,2026-03-28,False
45621,127556,102,29882,,,,,,,,6,,55.18,,,,,1522,True,Sprints,578,1006,1081.0,M,False,3,2026-03-28,2026-03-28,False
45629,127572,120,18785,,,,,,,,3,,12.15,,,,,1522,True,Sprints,576,960,1056.0,M,False,3,2026-03-28,2026-03-28,False
45630,127576,120,29679,,,,,,,,4,,22.77,,,,,1522,True,Sprints,821,1157,1399.5,M,False,3,2026-03-28,2026-03-28,False
46229,127581,120,30410,,,,,,,,4,,27.93,,,,,1522,True,Sprints,290,691,635.5,M,False,3,2026-03-28,2026-03-28,False
46274,127553,102,30168,,,,,,,,3,,11.67,,,,,1522,True,Sprints,697,1056,1225.0,M,False,3,2026-03-28,2026-03-28,False
46275,127555,102,29878,,,,,,,,4,,24.17,,,,,1522,True,Sprints,650,1019,1159.5,M,False,3,2026-03-28,2026-03-28,False
46283,127571,120,29679,,,,,,,,3,,11.66,,,,,1522,True,Sprints,699,1058,1228.0,M,False,3,2026-03-28,2026-03-28,False
46284,127573,120,29677,,,,,,,,3,,12.27,,,,,1522,True,Sprints,548,937,1016.5,M,False,3,2026-03-28,2026-03-28,False
46285,127574,120,31418,,,,,,,,3,,12.87,,,,,1522,True,Sprints,418,825,830.5,M,False,3,2026-03-28,2026-03-28,False
46286,127575,120,31419,,,,,,,,3,,13.18,,,,,1522,True,Sprints,357,769,741.5,M,False,3,2026-03-28,2026-03-28,False
46287,127577,120,18785,,,,,,,,4,,24.05,,,,,1522,True,Sprints,664,1030,1179.0,M,False,3,2026-03-28,2026-03-28,False
46288,127579,120,29677,,,,,,,,4,,25.23,,,,,1522,True,Sprints,534,920,994.0,M,False,3,2026-03-28,2026-03-28,False
46289,127429,124,3871,,,,,,,,3,,11.27,,,,,1522,True,Sprints,805,1139,1374.5,M,False,3,2026-03-28,2026-03-28,False
46290,127431,124,29630,,,,,,,,3,,11.37,,,,,1522,True,Sprints,777,1118,1336.0,M,False,3,2026-03-28,2026-03-28,False
46291,127433,124,24415,,,,,,,,4,,22.76,,,,,1522,True,Sprints,823,1158,1402.0,M,False,3,2026-03-28,2026-03-28,False
46292,127435,124,29630,,,,,,,,4,,23.26,,,,,1522,True,Sprints,759,1107,1312.5,M,False,3,2026-03-28,2026-03-28,False
46293,127437,124,30041,,,,,,,,4,,24.29,,,,,1522,True,Sprints,637,1007,1140.5,M,False,3,2026-03-28,2026-03-28,False
46294,127439,124,30041,,,,,,,,6,,55.16,,,,,1522,True,Sprints,579,1007,1082.5,M,False,3,2026-03-28,2026-03-28,False
49003,126076,19,31237,Fr,,,,,,,3,,12.25,,,,,1504,True,Sprints,553,941,1023.5,M,False,3,2026-03-20,2026-03-21,False
49009,126089,10,31093,So,,,,,,,3,,11.99,,,,,1504,True,Sprints,615,990,1110.0,M,False,3,2026-03-20,2026-03-21,False
49010,126091,10,31094,,,,,,,,3,,12.41,,,,,1504,True,Sprints,516,910,971.0,M,False,3,2026-03-20,2026-03-21,False
49011,126093,10,5614,Jr,,,,,,,4,,24.22,,,,2.2,1504,True,Sprints,645,1014,1152.0,M,False,3,2026-03-20,2026-03-21,False
49012,126095,10,31096,,,,,,,,6,,52.87,,,,,1504,True,Sprints,696,1093,1242.5,M,False,3,2026-03-20,2026-03-21,False
49041,127522,116,29612,,,,,,,,3,,11.09,,,,,1522,True,Sprints,857,1178,1446.0,M,False,3,2026-03-28,2026-03-28,False
49042,127523,116,31414,,,,,,,,3,,11.58,,,,,1522,True,Sprints,720,1075,1257.5,M,False,3,2026-03-28,2026-03-28,False
49043,127524,116,31415,,,,,,,,3,,11.58,,,,,1522,True,Sprints,720,1075,1257.5,M,False,3,2026-03-28,2026-03-28,False
49044,127526,116,24630,,,,,,,,3,,11.78,,,,,1522,True,Sprints,668,1034,1185.0,M,False,3,2026-03-28,2026-03-28,False
49045,127528,116,26504,,,,,,,,4,,22.10,,,,,1522,True,Sprints,910,1226,1523.0,M,False,3,2026-03-28,2026-03-28,False
49064,127530,116,24634,,,,,,,,6,,50.31,,,,,1522,True,Sprints,839,1193,1435.5,M,False,3,2026-03-28,2026-03-28,False
49065,127532,116,26504,,,,,,,,6,,53.46,,,,,1522,True,Sprints,665,1070,1200.0,M,False,3,2026-03-28,2026-03-28,False
49066,127534,116,27954,,,,,,,,6,,56.81,,,,,1522,True,Sprints,502,947,975.5,M,False,3,2026-03-28,2026-03-28,False
49075,127578,120,344,,,,,,,,4,,24.62,,,,,1522,True,Sprints,600,976,1088.0,M,False,3,2026-03-28,2026-03-28,False
49076,127580,120,26895,,,,,,,,4,,25.46,,,,,1522,True,Sprints,511,899,960.5,M,False,3,2026-03-28,2026-03-28,False
49077,127582,120,24835,,,,,,,,6,,55.78,,,,,1522,True,Sprints,550,984,1042.0,M,False,3,2026-03-28,2026-03-28,False
49232,126075,19,31234,Fr,,,,,,,3,,11.64,,,,,1504,True,Sprints,704,1062,1235.0,M,False,3,2026-03-20,2026-03-21,False
49234,126078,19,31305,Fr,,,,,,,4,,22.18,,,,,1504,True,Sprints,899,1218,1508.0,M,False,3,2026-03-20,2026-03-21,False
49240,126090,10,5614,Jr,,,,,,,3,,12.09,,,,,1504,True,Sprints,591,972,1077.0,M,False,3,2026-03-20,2026-03-21,False
49241,126092,10,31096,,,,,,,,4,,23.95,,,,2.2,1504,True,Sprints,676,1040,1196.0,M,False,3,2026-03-20,2026-03-21,False
49242,126094,10,31094,,,,,,,,4,,24.90,,,,,1504,True,Sprints,569,950,1044.0,M,False,3,2026-03-20,2026-03-21,False
49248,126194,146,3719,,,,,,,,3,,11.14,,,,,1506,True,Sprints,842,1167,1425.5,M,False,3,2026-03-20,2026-03-21,False
49249,126196,146,4149,,,,,,,,3,,11.62,,,,,1506,True,Sprints,710,1066,1243.0,M,False,3,2026-03-20,2026-03-21,False
49270,126198,146,3689,,,,,,,,3,,11.85,,,,,1506,True,Sprints,650,1019,1159.5,M,False,3,2026-03-20,2026-03-21,False
49271,126200,146,24607,,,,,,,,3,,12.00,,,,,1506,True,Sprints,613,990,1108.0,M,False,3,2026-03-20,2026-03-21,False
49272,126202,146,24891,,,,,,,,3,,12.39,,,,,1506,True,Sprints,521,914,978.0,M,False,3,2026-03-20,2026-03-21,False
49273,126204,146,29989,,,,,,,,3,,12.49,,,,,1506,True,Sprints,498,895,945.5,M,False,3,2026-03-20,2026-03-21,False
49274,126206,146,3709,,,,,,,,3,,12.53,,,,,1506,True,Sprints,489,887,932.5,M,False,3,2026-03-20,2026-03-21,False
49275,126208,146,24608,,,,,,,,3,,12.92,,,,,1506,True,Sprints,407,816,815.0,M,False,3,2026-03-20,2026-03-21,False
50620,126115,233,31178,Fr,,,,,,,3,,11.40,,,,,1505,True,Sprints,769,1112,1325.0,M,False,3,2026-03-20,2026-03-21,False
50621,126117,233,31180,Fr,,,,,,,3,,11.87,,,,,1505,True,Sprints,645,1015,1152.5,M,False,3,2026-03-20,2026-03-21,False
50622,126119,233,31198,Fr,,,,,,,3,,12.04,,,,,1505,True,Sprints,603,982,1094.0,M,False,3,2026-03-20,2026-03-21,False
50630,126136,233,31199,Fr,,,,,,,4,,24.20,,,,,1505,True,Sprints,647,1016,1155.0,M,False,3,2026-03-20,2026-03-21,False
50891,126145,233,31188,Fr,,,,,,,6,,51.90,,,,,1505,True,Sprints,749,1130,1314.0,M,False,3,2026-03-20,2026-03-21,False
50892,126147,233,31192,Fr,,,,,,,6,,53.57,,,,,1505,True,Sprints,659,1066,1192.0,M,False,3,2026-03-20,2026-03-21,False
50898,126116,233,31188,Fr,,,,,,,3,,11.71,,,,,1505,True,Sprints,686,1048,1210.0,M,False,3,2026-03-20,2026-03-21,False
50899,126118,233,31181,So,,,,,,,3,,11.98,,,,,1505,True,Sprints,618,993,1114.5,M,False,3,2026-03-20,2026-03-21,False
50900,126120,233,31223,Fr,,,,,,,3,,12.41,,,,,1505,True,Sprints,516,910,971.0,M,False,3,2026-03-20,2026-03-21,False
50907,126134,233,31178,Fr,,,,,,,4,,23.06,,,,,1505,True,Sprints,784,1127,1347.5,M,False,3,2026-03-20,2026-03-21,False
50908,126135,233,31309,Fr,,,,,,,4,,23.40,,,,,1505,True,Sprints,742,1094,1289.0,M,False,3,2026-03-20,2026-03-21,False
50909,126137,233,31219,Fr,,,,,,,4,,24.46,,,,,1505,True,Sprints,618,991,1113.5,M,False,3,2026-03-20,2026-03-21,False
50913,126144,233,31309,Fr,,,,,,,6,,50.43,,,,,1505,True,Sprints,832,1188,1426.0,M,False,3,2026-03-20,2026-03-21,False
50914,126146,233,31199,Fr,,,,,,,6,,51.99,,,,,1505,True,Sprints,744,1126,1307.0,M,False,3,2026-03-20,2026-03-21,False
51055,126192,146,3698,,,,,,,,3,,10.99,,,,,1506,True,Sprints,886,1200,1486.0,M,False,3,2026-03-20,2026-03-21,False
51056,126193,146,31313,,,,,,,,3,,11.08,,,,,1506,True,Sprints,860,1180,1450.0,M,False,3,2026-03-20,2026-03-21,False
51057,126197,146,24575,,,,,,,,3,,11.70,,,,,1506,True,Sprints,689,1050,1214.0,M,False,3,2026-03-20,2026-03-21,False
51058,126199,146,24888,,,,,,,,3,,11.99,,,,,1506,True,Sprints,615,990,1110.0,M,False,3,2026-03-20,2026-03-21,False
51059,126201,146,29774,,,,,,,,3,,12.02,,,,,1506,True,Sprints,608,986,1101.0,M,False,3,2026-03-20,2026-03-21,False
51060,126203,146,4380,,,,,,,,3,,12.43,,,,,1506,True,Sprints,512,906,965.0,M,False,3,2026-03-20,2026-03-21,False
51061,126205,146,29605,,,,,,,,3,,12.49,,,,,1506,True,Sprints,498,895,945.5,M,False,3,2026-03-20,2026-03-21,False
51062,126207,146,3720,,,,,,,,3,,12.74,,,,,1506,True,Sprints,444,848,868.0,M,False,3,2026-03-20,2026-03-21,False
51063,126209,146,29449,,,,,,,,3,,12.92,,,,,1506,True,Sprints,407,816,815.0,M,False,3,2026-03-20,2026-03-21,False
51078,126195,146,24880,So,,,,,,,3,,11.38,,,,,1506,True,Sprints,775,1116,1333.0,M,False,3,2026-03-20,2026-03-21,False
52036,126245,146,4150,Fr,,,,,,,6,,52.51,,,,,1506,True,Sprints,715,1106,1268.0,M,False,3,2026-03-20,2026-03-21,False
52037,126247,146,29456,Fr,,,,,,,6,,54.20,,,,,1506,True,Sprints,627,1042,1148.0,M,False,3,2026-03-20,2026-03-21,False
52038,126249,146,24888,,,,,,,,6,,54.97,,,,,1506,True,Sprints,589,1014,1096.0,M,False,3,2026-03-20,2026-03-21,False
52039,126251,146,3725,,,,,,,,6,,56.68,,,,,1506,True,Sprints,508,952,984.0,M,False,3,2026-03-20,2026-03-21,False
52056,128207,124,24415,,,,,,,,3,,11.45,,,,,1535,True,Sprints,755,1102,1306.0,M,False,3,2026-04-03,2026-04-03,False
52057,128209,124,29632,,,,,,,,3,,11.68,,,,,1535,True,Sprints,694,1054,1221.0,M,False,3,2026-04-03,2026-04-03,False
52058,128211,124,30041,,,,,,,,3,,12.25,,,,,1535,True,Sprints,553,941,1023.5,M,False,3,2026-04-03,2026-04-03,False
52060,128215,124,31458,,,,,,,,4,,23.52,,,,,1535,True,Sprints,727,1082,1268.0,M,False,3,2026-04-03,2026-04-03,False
52061,128217,124,30041,,,,,,,,4,,24.13,,,,,1535,True,Sprints,655,1022,1166.0,M,False,3,2026-04-03,2026-04-03,False
52062,128219,124,2867,,,,,,,,4,,26.82,,,,,1535,True,Sprints,381,781,771.5,M,False,3,2026-04-03,2026-04-03,False
52064,128223,124,27299,,,,,,,,6,,53.26,,,,,1535,True,Sprints,675,1078,1214.0,M,False,3,2026-04-03,2026-04-03,False
52082,128275,112,3764,,,,,,,,3,,11.55,,,,,1535,True,Sprints,728,1081,1268.5,M,False,3,2026-04-03,2026-04-03,False
52505,126225,146,3719,,,,,,,,4,,22.98,,,,,1506,True,Sprints,795,1136,1363.0,M,False,3,2026-03-20,2026-03-21,False
52506,126229,146,3709,,,,,,,,4,,24.81,,,,,1506,True,Sprints,579,958,1058.0,M,False,3,2026-03-20,2026-03-21,False
52507,126231,146,24608,,,,,,,,4,,25.93,,,,,1506,True,Sprints,464,857,892.5,M,False,3,2026-03-20,2026-03-21,False
52508,126233,146,29449,,,,,,,,4,,28.32,,,,,1506,True,Sprints,261,660,591.0,M,False,3,2026-03-20,2026-03-21,False
52510,126224,146,3698,,,,,,,,4,,22.71,,,,,1506,True,Sprints,829,1163,1410.5,M,False,3,2026-03-20,2026-03-21,False
52511,126226,146,24670,,,,,,,,4,,23.13,,,,,1506,True,Sprints,776,1120,1336.0,M,False,3,2026-03-20,2026-03-21,False
52512,126228,146,24888,,,,,,,,4,,24.34,,,,,1506,True,Sprints,631,1002,1132.0,M,False,3,2026-03-20,2026-03-21,False
52513,126230,146,29608,Fr,,,,,,,4,,24.98,,,,,1506,True,Sprints,561,943,1032.5,M,False,3,2026-03-20,2026-03-21,False
52514,126232,146,3720,,,,,,,,4,,26.29,,,,,1506,True,Sprints,429,826,842.0,M,False,3,2026-03-20,2026-03-21,False
52515,126234,146,4380,,,,,,,,4,,31.02,,,,,1506,True,Sprints,101,469,335.5,M,False,3,2026-03-20,2026-03-21,False
52520,126244,146,29607,,,,,,,,6,,51.26,,,,,1506,True,Sprints,785,1155,1362.5,M,False,3,2026-03-20,2026-03-21,False
52521,126246,146,3696,,,,,,,,6,,53.43,,,,,1506,True,Sprints,667,1071,1202.5,M,False,3,2026-03-20,2026-03-21,False
52522,126248,146,4387,,,,,,,,6,,54.26,,,,,1506,True,Sprints,624,1040,1144.0,M,False,3,2026-03-20,2026-03-21,False
52529,126227,146,24880,So,,,,,,,4,,23.56,,,,,1506,True,Sprints,723,1078,1262.0,M,False,3,2026-03-20,2026-03-21,False
52548,126250,146,24568,Fr,,,,,,,6,,55.97,,,,,1506,True,Sprints,541,977,1029.5,M,False,3,2026-03-20,2026-03-21,False
52549,126252,146,24582,,,,,,,,6,,59.29,,,,,1506,True,Sprints,396,861,826.5,M,False,3,2026-03-20,2026-03-21,False
52640,126413,162,24676,,,,,,,,4,,22.74,,,,,1510,True,Sprints,825,1160,1405.0,M,False,3,2026-03-20,2026-03-21,False
52641,126417,162,26161,,,,,,,,6,,52.68,,,,,1510,True,Sprints,706,1100,1256.0,M,False,3,2026-03-20,2026-03-21,False
52642,126419,162,22382,,,,,,,,6,,59.78,,,,,1510,True,Sprints,376,844,798.0,M,False,3,2026-03-20,2026-03-21,False
52726,126412,162,19498,,,,,,,,3,,13.70,,,,,1510,True,Sprints,266,681,606.5,M,False,3,2026-03-20,2026-03-21,False
52727,126414,162,29711,,,,,,,,4,,24.61,,,,,1510,True,Sprints,601,977,1089.5,M,False,3,2026-03-20,2026-03-21,False
52728,126416,162,24676,,,,,,,,6,,50.59,,,,,1510,True,Sprints,823,1182,1414.0,M,False,3,2026-03-20,2026-03-21,False
52729,126418,162,30040,,,,,,,,6,,53.39,,,,,1510,True,Sprints,669,1073,1205.5,M,False,3,2026-03-20,2026-03-21,False
52828,128208,124,29630,,,,,,,,3,,11.62,,,,,1535,True,Sprints,710,1066,1243.0,M,False,3,2026-04-03,2026-04-03,False
52829,128210,124,29634,,,,,,,,3,,11.95,,,,,1535,True,Sprints,625,999,1124.5,M,False,3,2026-04-03,2026-04-03,False
52831,128214,124,29632,,,,,,,,4,,22.89,,,,,1535,True,Sprints,806,1145,1378.5,M,False,3,2026-04-03,2026-04-03,False
52832,128216,124,29634,,,,,,,,4,,23.88,,,,,1535,True,Sprints,684,1046,1207.0,M,False,3,2026-04-03,2026-04-03,False
52833,128218,124,3845,,,,,,,,4,,24.56,,,,,1535,True,Sprints,606,982,1097.0,M,False,3,2026-04-03,2026-04-03,False
52835,128222,124,29633,,,,,,,,6,,51.88,,,,,1535,True,Sprints,750,1131,1315.5,M,False,3,2026-04-03,2026-04-03,False
52836,128224,124,29663,,,,,,,,6,,59.10,,,,,1535,True,Sprints,403,867,836.5,M,False,3,2026-04-03,2026-04-03,False
52860,128274,112,31461,,,,,,,,3,,11.02,,,,,1535,True,Sprints,877,1193,1473.5,M,False,3,2026-04-03,2026-04-03,False
52861,128276,112,24659,,,,,,,,3,,11.55,,,,,1535,True,Sprints,728,1081,1268.5,M,False,3,2026-04-03,2026-04-03,False
52862,128278,112,31462,,,,,,,,3,,11.78,,,,,1535,True,Sprints,668,1034,1185.0,M,False,3,2026-04-03,2026-04-03,False
52863,128280,112,31464,,,,,,,,3,,13.15,,,,,1535,True,Sprints,363,775,750.5,M,False,3,2026-04-03,2026-04-03,False
52865,128284,112,31461,,,,,,,,4,,22.36,,,,,1535,True,Sprints,875,1199,1474.5,M,False,3,2026-04-03,2026-04-03,False
52866,128286,112,31462,,,,,,,,4,,24.14,,,,,1535,True,Sprints,654,1021,1164.5,M,False,3,2026-04-03,2026-04-03,False
52868,128290,112,31466,,,,,,,,6,,55.86,,,,,1535,True,Sprints,546,981,1036.5,M,False,3,2026-04-03,2026-04-03,False
52869,128292,112,25014,,,,,,,,6,,57.33,,,,,1535,True,Sprints,479,928,943.0,M,False,3,2026-04-03,2026-04-03,False
52870,128294,112,31468,,,,,,,,6,,1:01.41,,,,,1535,True,Sprints,315,790,710.0,M,False,3,2026-04-03,2026-04-03,False
52873,128277,112,3879,,,,,,,,3,,11.75,,,,,1535,True,Sprints,676,1040,1196.0,M,False,3,2026-04-03,2026-04-03,False
52874,128279,112,31463,,,,,,,,3,,11.87,,,,,1535,True,Sprints,645,1015,1152.5,M,False,3,2026-04-03,2026-04-03,False
52877,128285,112,31465,,,,,,,,4,,22.97,,,,,1535,True,Sprints,796,1137,1364.5,M,False,3,2026-04-03,2026-04-03,False
52878,128287,112,29643,,,,,,,,4,,24.53,,,,,1535,True,Sprints,610,984,1102.0,M,False,3,2026-04-03,2026-04-03,False
52893,128291,112,27297,,,,,,,,6,,55.88,,,,,1535,True,Sprints,545,980,1035.0,M,False,3,2026-04-03,2026-04-03,False
52894,128293,112,31467,,,,,,,,6,,57.70,,,,,1535,True,Sprints,462,915,919.5,M,False,3,2026-04-03,2026-04-03,False
52971,126483,1,25148,,,,,,,,3,,11.46,,,,0.8,1512,True,Sprints,753,1099,1302.5,M,False,3,2026-03-20,2026-03-21,False
52981,126484,1,3522,Jr,,,,,,,4,,22.33,,,,2.5,1512,True,Sprints,879,1202,1480.0,M,False,3,2026-03-20,2026-03-21,False
52982,126486,1,25148,,,,,,,,4,,23.62,,,,2.5,1512,True,Sprints,715,1072,1251.0,M,False,3,2026-03-20,2026-03-21,False
52983,126488,1,29669,,,,,,,,6,,48.72,,,,,1512,True,Sprints,935,1257,1563.5,M,False,3,2026-03-20,2026-03-21,False
52984,126490,1,29691,,,,,,,,6,,54.89,,,,,1512,True,Sprints,593,1017,1101.5,M,False,3,2026-03-20,2026-03-21,False
53009,123901,88,29599,Fr,,,,,,,3,,11.26,,,,,1485,True,Sprints,808,1142,1379.0,M,False,3,2026-03-07,2026-03-07,False
53010,123903,90,30320,,,,,,,,3,,11.29,,,,,1485,True,Sprints,800,1135,1367.5,M,False,3,2026-03-07,2026-03-07,False
53011,123906,88,5541,Jr,,,,,,,3,,11.49,,,,,1485,True,Sprints,745,1093,1291.5,M,False,3,2026-03-07,2026-03-07,False
53012,123908,139,4346,,,,,,,,3,,12.03,,,,,1485,True,Sprints,605,984,1097.0,M,False,3,2026-03-07,2026-03-07,False
53013,123911,139,29984,,,,,,,,3,,12.20,,,,,1485,True,Sprints,565,950,1040.0,M,False,3,2026-03-07,2026-03-07,False
53014,123913,223,26092,,,,,,,,3,,12.28,,,,,1485,True,Sprints,546,935,1013.5,M,False,3,2026-03-07,2026-03-07,False
53015,123915,90,30323,,,,,,,,3,,12.42,,,,,1485,True,Sprints,514,908,968.0,M,False,3,2026-03-07,2026-03-07,False
53016,123916,88,31019,Fr,,,,,,,3,,12.45,,,,,1485,True,Sprints,507,902,958.0,M,False,3,2026-03-07,2026-03-07,False
53017,123919,79,4586,,,,,,,,3,,12.67,,,,,1485,True,Sprints,459,861,889.5,M,False,3,2026-03-07,2026-03-07,False
53018,123920,73,31021,,,,,,,,3,,12.73,,,,,1485,True,Sprints,446,850,871.0,M,False,3,2026-03-07,2026-03-07,False
53019,123921,73,31022,,,,,,,,3,,12.75,,,,,1485,True,Sprints,442,846,865.0,M,False,3,2026-03-07,2026-03-07,False
53020,123922,90,31023,,,,,,,,3,,12.88,,,,,1485,True,Sprints,416,823,827.5,M,False,3,2026-03-07,2026-03-07,False
53021,123925,79,26922,,,,,,,,3,,13.27,,,,,1485,True,Sprints,340,754,717.0,M,False,3,2026-03-07,2026-03-07,False
53022,123904,223,26090,,,,,,,,3,,11.36,,,,,1485,True,Sprints,780,1120,1340.0,M,False,3,2026-03-07,2026-03-07,False
53023,123905,76,31017,,,,,,,,3,,11.43,,,,,1485,True,Sprints,761,1106,1314.0,M,False,3,2026-03-07,2026-03-07,False
53024,123907,88,29600,So,,,,,,,3,,11.83,,,,,1485,True,Sprints,655,1023,1166.5,M,False,3,2026-03-07,2026-03-07,False
53025,123909,79,7954,,,,,,,,3,,12.06,,,,,1485,True,Sprints,598,978,1087.0,M,False,3,2026-03-07,2026-03-07,False
53026,123910,139,31018,,,,,,,,3,,12.17,,,,,1485,True,Sprints,572,956,1050.0,M,False,3,2026-03-07,2026-03-07,False
53027,123912,139,25018,,,,,,,,3,,12.22,,,,,1485,True,Sprints,560,946,1033.0,M,False,3,2026-03-07,2026-03-07,False
53028,123914,223,26096,,,,,,,,3,,12.29,,,,,1485,True,Sprints,544,933,1010.5,M,False,3,2026-03-07,2026-03-07,False
53029,123917,79,26089,,,,,,,,3,,12.64,,,,,1485,True,Sprints,466,867,899.5,M,False,3,2026-03-07,2026-03-07,False
53030,123918,88,31020,Fr,,,,,,,3,,12.66,,,,,1485,True,Sprints,461,863,892.5,M,False,3,2026-03-07,2026-03-07,False
53031,123923,79,28762,,,,,,,,3,,13.04,,,,,1485,True,Sprints,384,794,781.0,M,False,3,2026-03-07,2026-03-07,False
53032,123924,166,31024,,,,,,,,3,,13.17,,,,,1485,True,Sprints,359,771,744.5,M,False,3,2026-03-07,2026-03-07,False
53033,123926,79,3609,,,,,,,,3,,13.28,,,,,1485,True,Sprints,339,752,715.0,M,False,3,2026-03-07,2026-03-07,False
53034,123928,79,506,,,,,,,,3,,13.60,,,,,1485,True,Sprints,283,698,632.0,M,False,3,2026-03-07,2026-03-07,False
53035,123930,88,513,Sr,,,,,,,3,,14.22,,,,,1485,True,Sprints,188,598,487.0,M,False,3,2026-03-07,2026-03-07,False
53036,123931,79,31025,,,,,,,,3,,14.31,,,,,1485,True,Sprints,176,585,468.5,M,False,3,2026-03-07,2026-03-07,False
53037,123933,79,18975,,,,,,,,3,,14.65,,,,,1485,True,Sprints,134,534,401.0,M,False,3,2026-03-07,2026-03-07,False
53038,123935,88,5828,Sr,,,,,,,3,,18.23,,,,,1485,True,Sprints,0,140,70.0,M,False,3,2026-03-07,2026-03-07,False
53039,123938,88,29597,Jr,,,,,,,4,,23.13,,,,,1485,True,Sprints,776,1120,1336.0,M,False,3,2026-03-07,2026-03-07,False
53040,123940,76,31017,,,,,,,,4,,23.36,,,,,1485,True,Sprints,747,1097,1295.5,M,False,3,2026-03-07,2026-03-07,False
53041,123941,76,31027,,,,,,,,4,,23.54,,,,,1485,True,Sprints,725,1080,1265.0,M,False,3,2026-03-07,2026-03-07,False
53042,123943,223,26090,,,,,,,,4,,23.59,,,,,1485,True,Sprints,719,1075,1256.5,M,False,3,2026-03-07,2026-03-07,False
53043,123947,73,31021,,,,,,,,4,,24.79,,,,,1485,True,Sprints,581,960,1061.0,M,False,3,2026-03-07,2026-03-07,False
53044,123949,76,26088,,,,,,,,4,,25.03,,,,,1485,True,Sprints,555,938,1024.0,M,False,3,2026-03-07,2026-03-07,False
53045,123951,79,26922,,,,,,,,4,,26.22,,,,,1485,True,Sprints,436,832,852.0,M,False,3,2026-03-07,2026-03-07,False
53046,123953,73,31022,,,,,,,,4,,26.95,,,,,1485,True,Sprints,370,770,755.0,M,False,3,2026-03-07,2026-03-07,False
53047,123955,79,4586,,,,,,,,4,,27.55,,,,,1485,True,Sprints,320,721,680.5,M,False,3,2026-03-07,2026-03-07,False
53048,123957,88,4589,Sr,,,,,,,4,,28.65,,,,,1485,True,Sprints,237,635,554.5,M,False,3,2026-03-07,2026-03-07,False
53049,123959,79,506,,,,,,,,4,,29.89,,,,,1485,True,Sprints,159,545,431.5,M,False,3,2026-03-07,2026-03-07,False
53050,123961,79,7950,,,,,,,,4,,30.36,,,,,1485,True,Sprints,133,513,389.5,M,False,3,2026-03-07,2026-03-07,False
53051,123963,79,3609,,,,,,,,4,,31.48,,,,,1485,True,Sprints,81,440,301.0,M,False,3,2026-03-07,2026-03-07,False
53052,123965,139,26843,,,,,,,,4,,32.35,,,,,1485,True,Sprints,50,387,243.5,M,False,3,2026-03-07,2026-03-07,False
53053,123936,88,29599,,,,,,,,4,,22.77,,,,,1485,True,Sprints,821,1157,1399.5,M,False,3,2026-03-07,2026-03-07,False
53059,123902,88,29597,Jr,,,,,,,3,,11.28,,,,,1485,True,Sprints,803,1137,1371.5,M,False,3,2026-03-07,2026-03-07,False
53066,126482,1,3522,Jr,,,,,,,3,,11.27,,,,0.8,1512,True,Sprints,805,1139,1374.5,M,False,3,2026-03-20,2026-03-21,False
53067,126485,1,29669,,,,,,,,4,,22.84,,,,1.5,1512,True,Sprints,812,1150,1387.0,M,False,3,2026-03-20,2026-03-21,False
53068,126487,1,29691,,,,,,,,4,,24.82,,,,3.1,1512,True,Sprints,578,957,1056.5,M,False,3,2026-03-20,2026-03-21,False
53069,126489,1,3522,Jr,,,,,,,6,,50.35,,,,,1512,True,Sprints,837,1191,1432.5,M,False,3,2026-03-20,2026-03-21,False
53070,126491,1,7,Sr,,,,,,,6,,57.27,,,,,1512,True,Sprints,481,931,946.5,M,False,3,2026-03-20,2026-03-21,False
53462,127663,167,5240,,,,,,,,3,,12.59,,,,-1.3,1527,True,Sprints,476,876,914.0,M,False,3,2026-03-27,2026-03-28,False
53463,127665,167,31429,,,,,,,,4,,23.84,,,,-2.1,1527,True,Sprints,689,1050,1214.0,M,False,3,2026-03-27,2026-03-28,False
53464,127667,167,29696,,,,,,,,6,,51.56,,,,,1527,True,Sprints,768,1143,1339.5,M,False,3,2026-03-27,2026-03-28,False
53465,127669,167,31430,,,,,,,,6,,55.68,,,,,1527,True,Sprints,554,988,1048.0,M,False,3,2026-03-27,2026-03-28,False
53538,126535,90,30320,,,,,,,,3,,11.68,,,,,1515,True,Sprints,694,1054,1221.0,M,False,3,2026-03-28,2026-03-28,False
53539,126537,100,25677,,,,,,,,4,,28.93,,,,,1515,True,Sprints,218,614,525.0,M,False,3,2026-03-28,2026-03-28,False
53540,126539,100,25677,,,,,,,,6,,58.13,,,,,1515,True,Sprints,444,900,894.0,M,False,3,2026-03-28,2026-03-28,False
53768,123967,79,31025,,,,,,,,4,,42.37,,,,,1485,True,Sprints,0,21,10.5,M,False,3,2026-03-07,2026-03-07,False
53820,123970,166,19398,,,,,,,,6,,53.06,,,,,1485,True,Sprints,686,1085,1228.5,M,False,3,2026-03-07,2026-03-07,False
53821,123972,79,25858,,,,,,,,6,,54.34,,,,,1485,True,Sprints,620,1037,1138.5,M,False,3,2026-03-07,2026-03-07,False
53822,123974,88,31020,Fr,,,,,,,6,,55.00,,,,,1485,True,Sprints,587,1013,1093.5,M,False,3,2026-03-07,2026-03-07,False
53823,123977,76,31027,,,,,,,,6,,57.16,,,,,1485,True,Sprints,486,934,953.0,M,False,3,2026-03-07,2026-03-07,False
53824,123978,79,31032,,,,,,,,6,,57.76,,,,,1485,True,Sprints,460,913,916.5,M,False,3,2026-03-07,2026-03-07,False
53825,123981,139,4347,,,,,,,,6,,59.18,,,,,1485,True,Sprints,400,864,832.0,M,False,3,2026-03-07,2026-03-07,False
53826,123984,79,7950,,,,,,,,6,,1:04.17,,,,,1485,True,Sprints,224,703,575.5,M,False,3,2026-03-07,2026-03-07,False
53827,123986,79,25855,,,,,,,,6,,1:06.72,,,,,1485,True,Sprints,153,627,466.5,M,False,3,2026-03-07,2026-03-07,False
53828,123988,79,26089,,,,,,,,6,,1:09.49,,,,,1485,True,Sprints,92,549,366.5,M,False,3,2026-03-07,2026-03-07,False
53829,123990,79,4586,,,,,,,,6,,1:11.09,,,,,1485,True,Sprints,63,506,316.0,M,False,3,2026-03-07,2026-03-07,False
53830,123992,79,3609,,,,,,,,6,,1:26.90,,,,,1485,True,Sprints,0,178,89.0,M,False,3,2026-03-07,2026-03-07,False
53831,123994,79,18975,,,,,,,,6,,1:52.16,,,,,1485,True,Sprints,0,0,0.0,M,False,3,2026-03-07,2026-03-07,False
53833,123927,88,551,Sr,,,,,,,3,,13.56,,,,,1485,True,Sprints,289,704,641.0,M,False,3,2026-03-07,2026-03-07,False
53834,123929,79,25855,,,,,,,,3,,13.64,,,,,1485,True,Sprints,276,691,621.5,M,False,3,2026-03-07,2026-03-07,False
53835,123932,79,7950,,,,,,,,3,,14.39,,,,,1485,True,Sprints,166,572,452.0,M,False,3,2026-03-07,2026-03-07,False
53836,123934,139,28523,,,,,,,,3,,14.90,,,,,1485,True,Sprints,107,498,356.0,M,False,3,2026-03-07,2026-03-07,False
53837,123937,166,29864,,,,,,,,4,,22.81,,,,,1485,True,Sprints,816,1153,1392.5,M,False,3,2026-03-07,2026-03-07,False
53838,123939,90,30320,,,,,,,,4,,23.16,,,,,1485,True,Sprints,772,1117,1330.5,M,False,3,2026-03-07,2026-03-07,False
53839,123942,79,25858,,,,,,,,4,,23.59,,,,,1485,True,Sprints,719,1075,1256.5,M,False,3,2026-03-07,2026-03-07,False
53840,123944,88,29600,So,,,,,,,4,,23.92,,,,,1485,True,Sprints,680,1043,1201.5,M,False,3,2026-03-07,2026-03-07,False
53841,123945,88,31028,Fr,,,,,,,4,,24.06,,,,,1485,True,Sprints,663,1029,1177.5,M,False,3,2026-03-07,2026-03-07,False
53842,123946,166,31029,,,,,,,,4,,24.10,,,,,1485,True,Sprints,659,1025,1171.5,M,False,3,2026-03-07,2026-03-07,False
53843,123948,76,28544,,,,,,,,4,,24.94,,,,,1485,True,Sprints,565,946,1038.0,M,False,3,2026-03-07,2026-03-07,False
53844,123950,223,26092,,,,,,,,4,,26.10,,,,,1485,True,Sprints,447,842,868.0,M,False,3,2026-03-07,2026-03-07,False
53845,123952,79,7954,,,,,,,,4,,26.25,,,,,1485,True,Sprints,433,829,847.5,M,False,3,2026-03-07,2026-03-07,False
53846,123954,79,26089,,,,,,,,4,,27.26,,,,,1485,True,Sprints,344,745,716.5,M,False,3,2026-03-07,2026-03-07,False
53847,123956,139,11494,,,,,,,,4,,28.32,,,,,1485,True,Sprints,261,660,591.0,M,False,3,2026-03-07,2026-03-07,False
53848,123958,88,551,Sr,,,,,,,4,,29.68,,,,,1485,True,Sprints,171,560,451.0,M,False,3,2026-03-07,2026-03-07,False
53849,123960,79,25855,,,,,,,,4,,29.99,,,,,1485,True,Sprints,153,538,422.0,M,False,3,2026-03-07,2026-03-07,False
53850,123962,139,28523,,,,,,,,4,,31.00,,,,,1485,True,Sprints,102,470,337.0,M,False,3,2026-03-07,2026-03-07,False
53851,123964,79,28762,,,,,,,,4,,31.53,,,,,1485,True,Sprints,79,436,297.0,M,False,3,2026-03-07,2026-03-07,False
53852,123966,79,18975,,,,,,,,4,,37.28,,,,,1485,True,Sprints,0,151,75.5,M,False,3,2026-03-07,2026-03-07,False
53853,123968,166,29864,,,,,,,,6,,51.42,,,,,1485,True,Sprints,776,1149,1350.5,M,False,3,2026-03-07,2026-03-07,False
53854,123969,223,31030,,,,,,,,6,,52.43,,,,,1485,True,Sprints,720,1109,1274.5,M,False,3,2026-03-07,2026-03-07,False
53855,123971,88,31028,Fr,,,,,,,6,,53.16,,,,,1485,True,Sprints,681,1081,1221.5,M,False,3,2026-03-07,2026-03-07,False
53856,123973,139,4346,,,,,,,,6,,54.56,,,,,1485,True,Sprints,609,1029,1123.5,M,False,3,2026-03-07,2026-03-07,False
53857,123975,166,29862,,,,,,,,6,,55.34,,,,,1485,True,Sprints,571,1000,1071.0,M,False,3,2026-03-07,2026-03-07,False
53858,123976,223,31031,,,,,,,,6,,55.50,,,,,1485,True,Sprints,563,994,1060.0,M,False,3,2026-03-07,2026-03-07,False
53859,123979,79,7954,,,,,,,,6,,58.98,,,,,1485,True,Sprints,408,871,843.5,M,False,3,2026-03-07,2026-03-07,False
53860,123980,139,31033,,,,,,,,6,,59.00,,,,,1485,True,Sprints,407,870,842.0,M,False,3,2026-03-07,2026-03-07,False
53861,123982,79,26922,,,,,,,,6,,1:00.52,,,,,1485,True,Sprints,348,819,757.5,M,False,3,2026-03-07,2026-03-07,False
53862,123983,166,31034,,,,,,,,6,,1:03.05,,,,,1485,True,Sprints,259,738,628.0,M,False,3,2026-03-07,2026-03-07,False
53863,123985,79,506,,,,,,,,6,,1:05.97,,,,,1485,True,Sprints,173,649,497.5,M,False,3,2026-03-07,2026-03-07,False
53864,123987,88,551,Sr,,,,,,,6,,1:07.28,,,,,1485,True,Sprints,140,611,445.5,M,False,3,2026-03-07,2026-03-07,False
53865,123989,88,513,Sr,,,,,,,6,,1:09.78,,,,,1485,True,Sprints,86,541,356.5,M,False,3,2026-03-07,2026-03-07,False
53866,123991,79,28762,,,,,,,,6,,1:17.79,,,,,1485,True,Sprints,1,347,174.5,M,False,3,2026-03-07,2026-03-07,False
53867,123993,79,31025,,,,,,,,6,,1:31.93,,,,,1485,True,Sprints,0,109,54.5,M,False,3,2026-03-07,2026-03-07,False
54238,126536,90,30323,,,,,,,,3,,12.59,,,,,1515,True,Sprints,476,876,914.0,M,False,3,2026-03-28,2026-03-28,False
54239,126538,100,30332,,,,,,,,6,,53.92,,,,,1515,True,Sprints,641,1053,1167.5,M,False,3,2026-03-28,2026-03-28,False
54240,126540,63,27399,,,,,,,,6,,1:01.52,,,,,1515,True,Sprints,311,787,704.5,M,False,3,2026-03-28,2026-03-28,False
54279,127664,167,26171,,,,,,,,3,,12.74,,,,-1.3,1527,True,Sprints,444,848,868.0,M,False,3,2026-03-27,2026-03-28,False
54280,127668,167,31283,,,,,,,,6,,51.96,,,,,1527,True,Sprints,745,1128,1309.0,M,False,3,2026-03-27,2026-03-28,False
54286,127666,167,26169,,,,,,,,4,,26.10,,,,-3.3,1527,True,Sprints,447,842,868.0,M,False,3,2026-03-27,2026-03-28,False
54422,128760,59,3908,,,,,,,,4,Prelims,22.91,,,,,1536,True,Sprints,803,1143,1374.5,M,False,3,2026-04-11,2026-04-12,True
54423,128762,146,24670,,,,,,,,4,Prelims,22.99,,,,,1536,True,Sprints,793,1135,1360.5,M,False,3,2026-04-11,2026-04-12,True
54516,124464,10,31091,,,,,,,,3,,11.54,,,,,1488,True,Sprints,731,1083,1272.5,M,False,3,2026-03-06,2026-03-07,False
54517,124465,10,31092,,,,,,,,3,,12.11,,,,,1488,True,Sprints,586,968,1070.0,M,False,3,2026-03-06,2026-03-07,False
54518,124466,10,31093,,,,,,,,3,,12.18,,,,,1488,True,Sprints,569,954,1046.0,M,False,3,2026-03-06,2026-03-07,False
54519,124470,10,31091,,,,,,,,4,,23.83,,,,,1488,True,Sprints,690,1051,1215.5,M,False,3,2026-03-06,2026-03-07,False
54591,124467,10,5614,,,,,,,,3,,12.34,,,,,1488,True,Sprints,532,923,993.5,M,False,3,2026-03-06,2026-03-07,False
54592,124468,10,31094,,,,,,,,3,,12.67,,,,,1488,True,Sprints,459,861,889.5,M,False,3,2026-03-06,2026-03-07,False
54594,124471,10,31094,,,,,,,,4,,26.02,,,,,1488,True,Sprints,455,849,879.5,M,False,3,2026-03-06,2026-03-07,False
54656,124540,159,29980,,,,,,,,4,,24.71,,,,,1489,True,Sprints,590,968,1074.0,M,False,3,2026-03-07,2026-03-07,False
54657,124542,159,26511,,,,,,,,4,,25.50,,,,,1489,True,Sprints,506,895,953.5,M,False,3,2026-03-07,2026-03-07,False
54658,124544,159,31105,,,,,,,,4,,25.88,,,,,1489,True,Sprints,469,862,900.0,M,False,3,2026-03-07,2026-03-07,False
54659,124546,159,31106,,,,,,,,4,,26.15,,,,,1489,True,Sprints,443,838,862.0,M,False,3,2026-03-07,2026-03-07,False
54660,124548,159,30043,,,,,,,,6,,56.27,,,,,1489,True,Sprints,527,966,1010.0,M,False,3,2026-03-07,2026-03-07,False
54661,124550,159,761,,,,,,,,6,,1:00.66,,,,,1489,True,Sprints,343,815,750.5,M,False,3,2026-03-07,2026-03-07,False
54695,126594,122,31348,,,,,,,,3,,11.77,,,,,1516,True,Sprints,671,1036,1189.0,M,False,3,2026-03-28,2026-03-28,False
54753,124533,159,29980,,,,,,,,3,,11.77,,,,,1489,True,Sprints,671,1036,1189.0,M,False,3,2026-03-07,2026-03-07,False
54754,124537,159,24869,,,,,,,,4,,22.99,,,,,1489,True,Sprints,793,1135,1360.5,M,False,3,2026-03-07,2026-03-07,False
54755,124539,159,31104,,,,,,,,4,,23.32,,,,,1489,True,Sprints,752,1101,1302.5,M,False,3,2026-03-07,2026-03-07,False
54756,124541,159,4364,,,,,,,,4,,25.39,,,,,1489,True,Sprints,518,905,970.5,M,False,3,2026-03-07,2026-03-07,False
54757,124543,159,30043,,,,,,,,4,,25.68,,,,,1489,True,Sprints,488,879,927.5,M,False,3,2026-03-07,2026-03-07,False
54758,124545,159,16133,,,,,,,,4,,26.01,,,,,1489,True,Sprints,456,850,881.0,M,False,3,2026-03-07,2026-03-07,False
54759,124547,159,24869,,,,,,,,6,,50.57,,,,,1489,True,Sprints,824,1182,1415.0,M,False,3,2026-03-07,2026-03-07,False
54760,124549,159,26511,,,,,,,,6,,58.86,,,,,1489,True,Sprints,413,875,850.5,M,False,3,2026-03-07,2026-03-07,False
54761,124551,159,25491,,,,,,,,6,,1:12.24,,,,,1489,True,Sprints,46,477,284.5,M,False,3,2026-03-07,2026-03-07,False
54786,126599,122,31349,,,,,,,,3,,12.47,,,,,1516,True,Sprints,503,899,952.5,M,False,3,2026-03-28,2026-03-28,False
54791,126620,122,31347,,,,,,,,4,,27.57,,,,,1516,True,Sprints,318,719,677.5,M,False,3,2026-03-28,2026-03-28,False
54796,126636,162,29709,,,,,,,,3,,12.12,,,,,1517,True,Sprints,584,966,1067.0,M,False,3,2026-03-27,2026-03-28,False
54799,126641,162,29711,,,,,,,,4,,25.29,,,,,1517,True,Sprints,528,914,985.0,M,False,3,2026-03-27,2026-03-28,False
54800,126643,162,30040,,,,,,,,6,,53.71,,,,,1517,True,Sprints,652,1061,1182.5,M,False,3,2026-03-27,2026-03-28,False
54844,124532,159,31104,,,,,,,,3,,11.71,,,,,1489,True,Sprints,686,1048,1210.0,M,False,3,2026-03-07,2026-03-07,False
54845,124534,159,26511,,,,,,,,3,,12.55,,,,,1489,True,Sprints,485,884,927.0,M,False,3,2026-03-07,2026-03-07,False
54846,124535,159,31105,,,,,,,,3,,12.78,,,,,1489,True,Sprints,436,841,856.5,M,False,3,2026-03-07,2026-03-07,False
54847,124536,159,31106,,,,,,,,3,,12.93,,,,,1489,True,Sprints,405,814,812.0,M,False,3,2026-03-07,2026-03-07,False
54848,124538,159,30069,,,,,,,,4,,23.17,,,,,1489,True,Sprints,771,1116,1329.0,M,False,3,2026-03-07,2026-03-07,False
54858,126619,122,31346,,,,,,,,4,,26.23,,,,,1516,True,Sprints,435,831,850.5,M,False,3,2026-03-28,2026-03-28,False
54915,126593,122,31349,,,,,,,,6,,58.47,,,,,1516,True,Sprints,429,889,873.5,M,False,3,2026-03-28,2026-03-28,False
54920,126618,122,31352,,,,,,,,4,,24.98,,,,,1516,True,Sprints,561,943,1032.5,M,False,3,2026-03-28,2026-03-28,False
54951,126596,96,31350,,,,,,,,3,,12.11,,,,,1516,True,Sprints,586,968,1070.0,M,False,3,2026-03-28,2026-03-28,False
55015,124636,158,25474,,,,,,,,3,,12.15,,,,,1489,True,Sprints,576,960,1056.0,M,False,3,2026-03-07,2026-03-07,False
55016,124638,158,30075,,,,,,,,3,,13.61,,,,,1489,True,Sprints,281,696,629.0,M,False,3,2026-03-07,2026-03-07,False
55017,124639,158,31109,,,,,,,,3,,13.65,,,,,1489,True,Sprints,274,689,618.5,M,False,3,2026-03-07,2026-03-07,False
55018,124641,158,25474,,,,,,,,4,,24.42,,,,,1489,True,Sprints,622,995,1119.5,M,False,3,2026-03-07,2026-03-07,False
55019,124643,158,23919,,,,,,,,4,,25.29,,,,,1489,True,Sprints,528,914,985.0,M,False,3,2026-03-07,2026-03-07,False
55109,124645,158,30075,,,,,,,,4,,27.55,,,,,1489,True,Sprints,320,721,680.5,M,False,3,2026-03-07,2026-03-07,False
55110,124647,158,23919,,,,,,,,6,,55.03,,,,,1489,True,Sprints,586,1011,1091.5,M,False,3,2026-03-07,2026-03-07,False
55111,124649,158,27205,,,,,,,,6,,1:03.87,,,,,1489,True,Sprints,233,712,589.0,M,False,3,2026-03-07,2026-03-07,False
55114,124635,158,5768,,,,,,,,3,,11.95,,,,,1489,True,Sprints,625,999,1124.5,M,False,3,2026-03-07,2026-03-07,False
55115,124637,158,3682,,,,,,,,3,,12.19,,,,,1489,True,Sprints,567,952,1043.0,M,False,3,2026-03-07,2026-03-07,False
55116,124640,158,5768,,,,,,,,4,,23.86,,,,,1489,True,Sprints,687,1048,1211.0,M,False,3,2026-03-07,2026-03-07,False
55117,124642,158,3682,,,,,,,,4,,25.18,,,,,1489,True,Sprints,539,924,1001.0,M,False,3,2026-03-07,2026-03-07,False
55118,124644,158,4337,,,,,,,,4,,27.14,,,,,1489,True,Sprints,354,754,731.0,M,False,3,2026-03-07,2026-03-07,False
55119,124646,158,31109,,,,,,,,4,,27.59,,,,,1489,True,Sprints,317,718,676.0,M,False,3,2026-03-07,2026-03-07,False
55120,124648,158,4337,,,,,,,,6,,59.04,,,,,1489,True,Sprints,406,869,840.5,M,False,3,2026-03-07,2026-03-07,False
55143,124695,157,29985,,,,,,,,3,,12.36,,,,,1489,True,Sprints,527,919,986.5,M,False,3,2026-03-07,2026-03-07,False
55144,124697,157,30969,,,,,,,,4,,23.36,,,,,1489,True,Sprints,747,1097,1295.5,M,False,3,2026-03-07,2026-03-07,False
55145,124699,157,29221,,,,,,,,6,,55.88,,,,,1489,True,Sprints,545,980,1035.0,M,False,3,2026-03-07,2026-03-07,False
55211,124696,157,30998,,,,,,,,3,,13.30,,,,,1489,True,Sprints,335,749,709.5,M,False,3,2026-03-07,2026-03-07,False
55212,124698,157,29221,,,,,,,,4,,26.50,,,,,1489,True,Sprints,410,808,814.0,M,False,3,2026-03-07,2026-03-07,False
55218,126592,122,31346,,,,,,,,6,,58.39,,,,,1516,True,Sprints,433,891,878.5,M,False,3,2026-03-28,2026-03-28,False
55223,126617,122,31348,,,,,,,,4,,23.86,,,,,1516,True,Sprints,687,1048,1211.0,M,False,3,2026-03-28,2026-03-28,False
55234,126598,122,31352,,,,,,,,3,,12.12,,,,,1516,True,Sprints,584,966,1067.0,M,False,3,2026-03-28,2026-03-28,False
55288,126635,162,24676,,,,,,,,3,,11.66,,,,,1517,True,Sprints,699,1058,1228.0,M,False,3,2026-03-27,2026-03-28,False
55289,126637,162,31320,,,,,,,,3,,12.73,,,,,1517,True,Sprints,446,850,871.0,M,False,3,2026-03-27,2026-03-28,False
55290,126640,162,4306,,,,,,,,4,,23.65,,,,,1517,True,Sprints,712,1069,1246.5,M,False,3,2026-03-27,2026-03-28,False
55291,126642,162,4306,,,,,,,,6,,51.93,,,,,1517,True,Sprints,747,1129,1311.5,M,False,3,2026-03-27,2026-03-28,False
55292,126644,162,29711,,,,,,,,6,,57.09,,,,,1517,True,Sprints,489,937,957.5,M,False,3,2026-03-27,2026-03-28,False
57371,125263,75,25995,,,,,,,,6,,53.22,,,,,1491,True,Sprints,678,1079,1217.5,M,False,3,2026-03-07,2026-03-07,False
57425,126806,43,30399,,,,,,,,3,,11.63,,,,,1518,True,Sprints,707,1064,1239.0,M,False,3,2026-03-28,2026-03-28,False
57433,126808,43,3400,,,,,,,,3,,12.43,,,,,1518,True,Sprints,512,906,965.0,M,False,3,2026-03-28,2026-03-28,False
57897,125259,75,31168,,,,,,,,3,,11.18,,,,,1491,True,Sprints,831,1159,1410.5,M,False,3,2026-03-07,2026-03-07,False
57898,125261,75,31170,,,,,,,,3,,12.33,,,,,1491,True,Sprints,534,925,996.5,M,False,3,2026-03-07,2026-03-07,False
57902,126807,43,30405,,,,,,,,3,,12.40,,,,,1518,True,Sprints,518,912,974.0,M,False,3,2026-03-28,2026-03-28,False
57903,126809,43,4864,,,,,,,,3,,12.44,,,,,1518,True,Sprints,509,904,961.0,M,False,3,2026-03-28,2026-03-28,False
57905,126814,43,25516,,,,,,,,4,,23.42,,,,,1518,True,Sprints,740,1092,1286.0,M,False,3,2026-03-28,2026-03-28,False
57906,126816,43,30399,,,,,,,,4,,25.34,,,,,1518,True,Sprints,523,910,978.0,M,False,3,2026-03-28,2026-03-28,False
57907,126818,43,4864,,,,,,,,4,,25.42,,,,,1518,True,Sprints,515,903,966.5,M,False,3,2026-03-28,2026-03-28,False
57910,126824,43,30393,,,,,,,,6,,53.15,,,,,1518,True,Sprints,681,1082,1222.0,M,False,3,2026-03-28,2026-03-28,False
57919,125262,75,31168,,,,,,,,4,,22.13,,,,,1491,True,Sprints,906,1223,1517.5,M,False,3,2026-03-07,2026-03-07,False
57935,125260,75,31169,,,,,,,,3,,11.82,,,,,1491,True,Sprints,658,1026,1171.0,M,False,3,2026-03-07,2026-03-07,False
58001,126689,117,29817,,,,,,,,3,,10.75,,,,,1518,True,Sprints,959,1253,1585.5,M,False,3,2026-03-28,2026-03-28,False
58002,126691,117,29819,,,,,,,,3,,11.37,,,,,1518,True,Sprints,777,1118,1336.0,M,False,3,2026-03-28,2026-03-28,False
58003,126693,117,29820,,,,,,,,3,,11.76,,,,,1518,True,Sprints,673,1038,1192.0,M,False,3,2026-03-28,2026-03-28,False
58004,126695,117,24694,,,,,,,,3,,12.10,,,,,1518,True,Sprints,588,970,1073.0,M,False,3,2026-03-28,2026-03-28,False
58007,126701,117,29818,,,,,,,,4,,22.55,,,,,1518,True,Sprints,850,1179,1439.5,M,False,3,2026-03-28,2026-03-28,False
58008,126703,117,29819,,,,,,,,4,,23.41,,,,,1518,True,Sprints,741,1093,1287.5,M,False,3,2026-03-28,2026-03-28,False
58063,126705,117,4101,,,,,,,,4,,24.45,,,,,1518,True,Sprints,619,992,1115.0,M,False,3,2026-03-28,2026-03-28,False
58064,126707,117,25085,,,,,,,,4,,24.53,,,,,1518,True,Sprints,610,984,1102.0,M,False,3,2026-03-28,2026-03-28,False
58066,126712,117,8060,,,,,,,,6,,54.84,,,,,1518,True,Sprints,595,1018,1104.0,M,False,3,2026-03-28,2026-03-28,False
58067,126714,117,47,,,,,,,,6,,56.83,,,,,1518,True,Sprints,501,946,974.0,M,False,3,2026-03-28,2026-03-28,False
58146,126690,117,29818,,,,,,,,3,,11.11,,,,,1518,True,Sprints,851,1174,1438.0,M,False,3,2026-03-28,2026-03-28,False
58147,126692,117,3996,,,,,,,,3,,11.67,,,,,1518,True,Sprints,697,1056,1225.0,M,False,3,2026-03-28,2026-03-28,False
58148,126694,117,4101,,,,,,,,3,,11.79,,,,,1518,True,Sprints,665,1032,1181.0,M,False,3,2026-03-28,2026-03-28,False
58152,126702,117,29817,,,,,,,,4,,22.73,,,,,1518,True,Sprints,827,1161,1407.5,M,False,3,2026-03-28,2026-03-28,False
58153,126704,117,25082,,,,,,,,4,,23.73,,,,,1518,True,Sprints,702,1061,1232.5,M,False,3,2026-03-28,2026-03-28,False
58154,126706,117,3996,,,,,,,,4,,24.50,,,,,1518,True,Sprints,613,987,1106.5,M,False,3,2026-03-28,2026-03-28,False
58155,126708,117,24694,,,,,,,,4,,25.42,,,,,1518,True,Sprints,515,903,966.5,M,False,3,2026-03-28,2026-03-28,False
58156,126709,117,31360,,,,,,,,4,,25.50,,,,,1518,True,Sprints,506,895,953.5,M,False,3,2026-03-28,2026-03-28,False
58157,126711,117,25082,,,,,,,,6,,54.14,,,,,1518,True,Sprints,630,1044,1152.0,M,False,3,2026-03-28,2026-03-28,False
58158,126713,117,25085,,,,,,,,6,,55.31,,,,,1518,True,Sprints,572,1001,1072.5,M,False,3,2026-03-28,2026-03-28,False
58159,126715,117,117,,,,,,,,6,,57.91,,,,,1518,True,Sprints,453,908,907.0,M,False,3,2026-03-28,2026-03-28,False
58212,126815,43,25513,,,,,,,,4,,24.24,,,,,1518,True,Sprints,642,1012,1148.0,M,False,3,2026-03-28,2026-03-28,False
58213,126819,43,30405,,,,,,,,4,,25.80,,,,,1518,True,Sprints,476,869,910.5,M,False,3,2026-03-28,2026-03-28,False
58215,126823,43,25516,,,,,,,,6,,50.83,,,,,1518,True,Sprints,809,1172,1395.0,M,False,3,2026-03-28,2026-03-28,False
58257,126817,43,3400,,,,,,,,4,,25.34,,,,,1518,True,Sprints,523,910,978.0,M,False,3,2026-03-28,2026-03-28,False
58258,128479,146,4149,,,,,,,,3,Prelims,11.80,,,,,1536,True,Sprints,663,1030,1178.0,M,False,3,2026-04-11,2026-04-12,True
58259,128481,146,31480,,,,,,,,3,Prelims,11.81,,,,,1536,True,Sprints,660,1028,1174.0,M,False,3,2026-04-11,2026-04-12,True
58260,128483,169,29748,,,,,,,,3,Prelims,11.83,,,,,1536,True,Sprints,655,1023,1166.5,M,False,3,2026-04-11,2026-04-12,True
58261,128485,56,29434,,,,,,,,3,Prelims,11.84,,,,,1536,True,Sprints,653,1021,1163.5,M,False,3,2026-04-11,2026-04-12,True
58262,128487,111,25073,,,,,,,,3,Prelims,11.87,,,,,1536,True,Sprints,645,1015,1152.5,M,False,3,2026-04-11,2026-04-12,True
58263,128489,188,31117,,,,,,,,3,Prelims,11.90,,,,,1536,True,Sprints,638,1009,1142.5,M,False,3,2026-04-11,2026-04-12,True
58264,128491,96,31350,,,,,,,,3,Prelims,11.96,,,,,1536,True,Sprints,623,997,1121.5,M,False,3,2026-04-11,2026-04-12,True
58265,128493,174,4647,,,,,,,,3,Prelims,11.96,,,,,1536,True,Sprints,623,997,1121.5,M,False,3,2026-04-11,2026-04-12,True
58266,128495,146,24891,,,,,,,,3,Prelims,12.04,,,,,1536,True,Sprints,603,982,1094.0,M,False,3,2026-04-11,2026-04-12,True
58267,128497,203,24543,,,,,,,,3,Prelims,12.06,,,,,1536,True,Sprints,598,978,1087.0,M,False,3,2026-04-11,2026-04-12,True
58268,128480,167,31429,,,,,,,,3,Prelims,11.80,,,,,1536,True,Sprints,663,1030,1178.0,M,False,3,2026-04-11,2026-04-12,True
58269,128482,120,29677,,,,,,,,3,Prelims,11.82,,,,,1536,True,Sprints,658,1026,1171.0,M,False,3,2026-04-11,2026-04-12,True
58270,128484,56,3570,,,,,,,,3,Prelims,11.84,,,,,1536,True,Sprints,653,1021,1163.5,M,False,3,2026-04-11,2026-04-12,True
58271,128486,120,8008,,,,,,,,3,Prelims,11.87,,,,,1536,True,Sprints,645,1015,1152.5,M,False,3,2026-04-11,2026-04-12,True
58272,128488,233,31210,,,,,,,,3,Prelims,11.89,,,,,1536,True,Sprints,640,1011,1145.5,M,False,3,2026-04-11,2026-04-12,True
58273,128490,162,29709,,,,,,,,3,Prelims,11.94,,,,,1536,True,Sprints,628,1001,1128.5,M,False,3,2026-04-11,2026-04-12,True
58274,128492,146,3728,,,,,,,,3,Prelims,11.96,,,,,1536,True,Sprints,623,997,1121.5,M,False,3,2026-04-11,2026-04-12,True
58275,128494,59,31481,,,,,,,,3,Prelims,11.99,,,,,1536,True,Sprints,615,990,1110.0,M,False,3,2026-04-11,2026-04-12,True
58276,128496,56,24983,,,,,,,,3,Prelims,12.06,,,,,1536,True,Sprints,598,978,1087.0,M,False,3,2026-04-11,2026-04-12,True
58277,128498,204,3602,,,,,,,,3,Prelims,12.07,,,,,1536,True,Sprints,596,976,1084.0,M,False,3,2026-04-11,2026-04-12,True
58278,128500,202,31482,,,,,,,,3,Prelims,12.08,,,,,1536,True,Sprints,593,974,1080.0,M,False,3,2026-04-11,2026-04-12,True
58279,128502,146,26553,,,,,,,,3,Prelims,12.17,,,,,1536,True,Sprints,572,956,1050.0,M,False,3,2026-04-11,2026-04-12,True
58280,128499,49,24848,,,,,,,,3,Prelims,12.07,,,,,1536,True,Sprints,596,976,1084.0,M,False,3,2026-04-11,2026-04-12,True
58281,128501,167,26171,,,,,,,,3,Prelims,12.12,,,,,1536,True,Sprints,584,966,1067.0,M,False,3,2026-04-11,2026-04-12,True
58282,128503,159,26511,,,,,,,,3,Prelims,12.17,,,,,1536,True,Sprints,572,956,1050.0,M,False,3,2026-04-11,2026-04-12,True
58283,128505,43,4864,,,,,,,,3,Prelims,12.20,,,,,1536,True,Sprints,565,950,1040.0,M,False,3,2026-04-11,2026-04-12,True
58284,128507,167,18977,,,,,,,,3,Prelims,12.24,,,,,1536,True,Sprints,555,943,1026.5,M,False,3,2026-04-11,2026-04-12,True
58285,128509,233,31424,,,,,,,,3,Prelims,12.28,,,,,1536,True,Sprints,546,935,1013.5,M,False,3,2026-04-11,2026-04-12,True
58286,128511,56,29436,,,,,,,,3,Prelims,12.31,,,,,1536,True,Sprints,539,929,1003.5,M,False,3,2026-04-11,2026-04-12,True
58287,128513,56,30137,,,,,,,,3,Prelims,12.31,,,,,1536,True,Sprints,539,929,1003.5,M,False,3,2026-04-11,2026-04-12,True
58288,128515,146,1216,,,,,,,,3,Prelims,12.32,,,,,1536,True,Sprints,537,927,1000.5,M,False,3,2026-04-11,2026-04-12,True
58289,128504,146,24607,,,,,,,,3,Prelims,12.18,,,,,1536,True,Sprints,569,954,1046.0,M,False,3,2026-04-11,2026-04-12,True
58290,128506,56,3574,,,,,,,,3,Prelims,12.20,,,,,1536,True,Sprints,565,950,1040.0,M,False,3,2026-04-11,2026-04-12,True
58291,128508,166,31483,,,,,,,,3,Prelims,12.27,,,,,1536,True,Sprints,548,937,1016.5,M,False,3,2026-04-11,2026-04-12,True
58292,128510,196,29800,,,,,,,,3,Prelims,12.31,,,,,1536,True,Sprints,539,929,1003.5,M,False,3,2026-04-11,2026-04-12,True
58293,128512,117,24694,,,,,,,,3,Prelims,12.31,,,,,1536,True,Sprints,539,929,1003.5,M,False,3,2026-04-11,2026-04-12,True
58294,128514,167,29694,,,,,,,,3,Prelims,12.32,,,,,1536,True,Sprints,537,927,1000.5,M,False,3,2026-04-11,2026-04-12,True
58295,128516,146,29605,,,,,,,,3,Prelims,12.32,,,,,1536,True,Sprints,537,927,1000.5,M,False,3,2026-04-11,2026-04-12,True
58296,128518,188,31485,,,,,,,,3,Prelims,12.39,,,,,1536,True,Sprints,521,914,978.0,M,False,3,2026-04-11,2026-04-12,True
58297,128520,43,3400,,,,,,,,3,Prelims,12.39,,,,,1536,True,Sprints,521,914,978.0,M,False,3,2026-04-11,2026-04-12,True
58298,128522,167,29846,,,,,,,,3,Prelims,12.50,,,,,1536,True,Sprints,496,893,942.5,M,False,3,2026-04-11,2026-04-12,True
58299,128524,169,29750,,,,,,,,3,Prelims,12.52,,,,,1536,True,Sprints,492,889,936.5,M,False,3,2026-04-11,2026-04-12,True
58300,128526,188,3551,,,,,,,,3,Prelims,12.55,,,,,1536,True,Sprints,485,884,927.0,M,False,3,2026-04-11,2026-04-12,True
58301,128528,43,30405,,,,,,,,3,Prelims,12.59,,,,,1536,True,Sprints,476,876,914.0,M,False,3,2026-04-11,2026-04-12,True
58302,128530,202,31486,,,,,,,,3,Prelims,12.67,,,,,1536,True,Sprints,459,861,889.5,M,False,3,2026-04-11,2026-04-12,True
58303,128532,146,24608,,,,,,,,3,Prelims,12.72,,,,,1536,True,Sprints,449,852,875.0,M,False,3,2026-04-11,2026-04-12,True
58304,128534,166,31024,,,,,,,,3,Prelims,12.74,,,,,1536,True,Sprints,444,848,868.0,M,False,3,2026-04-11,2026-04-12,True
58305,128536,196,5025,,,,,,,,3,Prelims,12.77,,,,,1536,True,Sprints,438,843,859.5,M,False,3,2026-04-11,2026-04-12,True
58306,128538,146,3720,,,,,,,,3,Prelims,12.77,,,,,1536,True,Sprints,438,843,859.5,M,False,3,2026-04-11,2026-04-12,True
58307,128540,169,4442,,,,,,,,3,Prelims,12.82,,,,,1536,True,Sprints,428,834,845.0,M,False,3,2026-04-11,2026-04-12,True
58308,128542,117,15,,,,,,,,3,Prelims,12.87,,,,,1536,True,Sprints,418,825,830.5,M,False,3,2026-04-11,2026-04-12,True
58309,128544,59,30402,,,,,,,,3,Prelims,12.94,,,,,1536,True,Sprints,403,812,809.0,M,False,3,2026-04-11,2026-04-12,True
58310,128546,56,29443,,,,,,,,3,Prelims,13.00,,,,,1536,True,Sprints,392,801,792.5,M,False,3,2026-04-11,2026-04-12,True
58311,128548,120,335,,,,,,,,3,Prelims,13.25,,,,,1536,True,Sprints,344,757,722.5,M,False,3,2026-04-11,2026-04-12,True
58312,128550,203,29566,,,,,,,,3,Prelims,13.30,,,,,1536,True,Sprints,335,749,709.5,M,False,3,2026-04-11,2026-04-12,True
58313,128552,178,1818,,,,,,,,3,Prelims,13.34,,,,,1536,True,Sprints,328,742,699.0,M,False,3,2026-04-11,2026-04-12,True
58314,128554,203,31487,,,,,,,,3,Prelims,13.53,,,,,1536,True,Sprints,294,709,648.5,M,False,3,2026-04-11,2026-04-12,True
58315,128556,196,18569,,,,,,,,3,Prelims,14.04,,,,,1536,True,Sprints,214,626,527.0,M,False,3,2026-04-11,2026-04-12,True
58316,128558,111,25077,,,,,,,,3,Prelims,14.34,,,,,1536,True,Sprints,172,580,462.0,M,False,3,2026-04-11,2026-04-12,True
58317,128560,59,5674,,,,,,,,3,Prelims,14.80,,,,,1536,True,Sprints,118,512,374.0,M,False,3,2026-04-11,2026-04-12,True
58319,128517,202,31484,,,,,,,,3,Prelims,12.33,,,,,1536,True,Sprints,534,925,996.5,M,False,3,2026-04-11,2026-04-12,True
58320,128519,117,8060,,,,,,,,3,Prelims,12.39,,,,,1536,True,Sprints,521,914,978.0,M,False,3,2026-04-11,2026-04-12,True
58321,128521,174,31122,,,,,,,,3,Prelims,12.48,,,,,1536,True,Sprints,500,897,948.5,M,False,3,2026-04-11,2026-04-12,True
58322,128523,124,29631,,,,,,,,3,Prelims,12.51,,,,,1536,True,Sprints,494,891,939.5,M,False,3,2026-04-11,2026-04-12,True
58323,128525,116,27954,,,,,,,,3,Prelims,12.53,,,,,1536,True,Sprints,489,887,932.5,M,False,3,2026-04-11,2026-04-12,True
58324,128527,233,31437,,,,,,,,3,Prelims,12.58,,,,,1536,True,Sprints,479,878,918.0,M,False,3,2026-04-11,2026-04-12,True
58325,128531,196,31121,,,,,,,,3,Prelims,12.68,,,,,1536,True,Sprints,457,859,886.5,M,False,3,2026-04-11,2026-04-12,True
58326,128533,204,3605,,,,,,,,3,Prelims,12.72,,,,,1536,True,Sprints,449,852,875.0,M,False,3,2026-04-11,2026-04-12,True
58327,128535,117,29821,,,,,,,,3,Prelims,12.74,,,,,1536,True,Sprints,444,848,868.0,M,False,3,2026-04-11,2026-04-12,True
58328,128537,117,2037,,,,,,,,3,Prelims,12.77,,,,,1536,True,Sprints,438,843,859.5,M,False,3,2026-04-11,2026-04-12,True
58329,128539,56,30138,,,,,,,,3,Prelims,12.80,,,,,1536,True,Sprints,432,837,850.5,M,False,3,2026-04-11,2026-04-12,True
58330,128541,117,31,,,,,,,,3,Prelims,12.84,,,,,1536,True,Sprints,424,830,839.0,M,False,3,2026-04-11,2026-04-12,True
58331,128543,146,29449,,,,,,,,3,Prelims,12.91,,,,,1536,True,Sprints,410,817,818.5,M,False,3,2026-04-11,2026-04-12,True
58332,128545,167,3015,,,,,,,,3,Prelims,12.96,,,,,1536,True,Sprints,400,808,804.0,M,False,3,2026-04-11,2026-04-12,True
58333,128547,117,3993,,,,,,,,3,Prelims,13.05,,,,,1536,True,Sprints,382,792,778.0,M,False,3,2026-04-11,2026-04-12,True
58334,128549,162,19498,,,,,,,,3,Prelims,13.26,,,,,1536,True,Sprints,342,756,720.0,M,False,3,2026-04-11,2026-04-12,True
58335,128551,196,28486,,,,,,,,3,Prelims,13.31,,,,,1536,True,Sprints,333,747,706.5,M,False,3,2026-04-11,2026-04-12,True
58336,128553,117,164,,,,,,,,3,Prelims,13.40,,,,,1536,True,Sprints,317,731,682.5,M,False,3,2026-04-11,2026-04-12,True
58337,128555,167,702,,,,,,,,3,Prelims,13.94,,,,,1536,True,Sprints,229,642,550.0,M,False,3,2026-04-11,2026-04-12,True
58338,128557,196,27139,,,,,,,,3,Prelims,14.11,,,,,1536,True,Sprints,204,615,511.5,M,False,3,2026-04-11,2026-04-12,True
58339,128559,59,25558,,,,,,,,3,Prelims,14.62,,,,,1536,True,Sprints,138,538,407.0,M,False,3,2026-04-11,2026-04-12,True
58340,128561,199,31116,,,,,,,,3,Prelims,16.81,,,,,1536,True,Sprints,0,266,133.0,M,False,3,2026-04-11,2026-04-12,True
58446,128732,56,24391,,,,,,,,4,Prelims,22.10,,,,,1536,True,Sprints,910,1226,1523.0,M,False,3,2026-04-11,2026-04-12,True
58447,128734,167,5246,,,,,,,,4,Prelims,22.12,,,,,1536,True,Sprints,908,1224,1520.0,M,False,3,2026-04-11,2026-04-12,True
58448,128736,117,29817,,,,,,,,4,Prelims,22.38,,,,,1536,True,Sprints,873,1197,1471.5,M,False,3,2026-04-11,2026-04-12,True
58449,128738,146,3698,,,,,,,,4,Prelims,22.45,,,,,1536,True,Sprints,863,1190,1458.0,M,False,3,2026-04-11,2026-04-12,True
58450,128740,116,24634,,,,,,,,4,Prelims,22.49,,,,,1536,True,Sprints,858,1186,1451.0,M,False,3,2026-04-11,2026-04-12,True
58451,128742,162,24676,,,,,,,,4,Prelims,22.51,,,,,1536,True,Sprints,855,1183,1446.5,M,False,3,2026-04-11,2026-04-12,True
58452,128744,124,29632,,,,,,,,4,Prelims,22.53,,,,,1536,True,Sprints,853,1181,1443.5,M,False,3,2026-04-11,2026-04-12,True
58454,128746,169,29747,,,,,,,,4,Prelims,22.55,,,,,1536,True,Sprints,850,1179,1439.5,M,False,3,2026-04-11,2026-04-12,True
58455,128748,146,3719,,,,,,,,4,Prelims,22.57,,,,,1536,True,Sprints,847,1177,1435.5,M,False,3,2026-04-11,2026-04-12,True
58456,128750,167,5234,,,,,,,,4,Prelims,22.66,,,,,1536,True,Sprints,836,1168,1420.0,M,False,3,2026-04-11,2026-04-12,True
58457,128752,202,3513,,,,,,,,4,Prelims,22.71,,,,,1536,True,Sprints,829,1163,1410.5,M,False,3,2026-04-11,2026-04-12,True
58458,128754,1,29669,,,,,,,,4,Prelims,22.76,,,,,1536,True,Sprints,823,1158,1402.0,M,False,3,2026-04-11,2026-04-12,True
58459,128758,56,31476,,,,,,,,4,Prelims,22.89,,,,,1536,True,Sprints,806,1145,1378.5,M,False,3,2026-04-11,2026-04-12,True
58481,128731,146,24580,,,,,,,,4,Prelims,21.88,,,,,1536,True,Sprints,940,1249,1564.5,M,False,3,2026-04-11,2026-04-12,True
58482,128733,166,29864,,,,,,,,4,Prelims,22.11,,,,,1536,True,Sprints,909,1225,1521.5,M,False,3,2026-04-11,2026-04-12,True
58483,128735,124,24415,,,,,,,,4,Prelims,22.36,,,,,1536,True,Sprints,875,1199,1474.5,M,False,3,2026-04-11,2026-04-12,True
58484,128737,124,29660,,,,,,,,4,Prelims,22.39,,,,,1536,True,Sprints,871,1196,1469.0,M,False,3,2026-04-11,2026-04-12,True
58485,128739,43,30391,,,,,,,,4,Prelims,22.48,,,,,1536,True,Sprints,859,1187,1452.5,M,False,3,2026-04-11,2026-04-12,True
58486,128741,124,5540,,,,,,,,4,Prelims,22.50,,,,,1536,True,Sprints,857,1184,1449.0,M,False,3,2026-04-11,2026-04-12,True
58487,128743,116,24629,,,,,,,,4,Prelims,22.52,,,,,1536,True,Sprints,854,1182,1445.0,M,False,3,2026-04-11,2026-04-12,True
58488,128745,203,24540,,,,,,,,4,Prelims,22.53,,,,,1536,True,Sprints,853,1181,1443.5,M,False,3,2026-04-11,2026-04-12,True
58489,128747,76,31017,,,,,,,,4,Prelims,22.56,,,,,1536,True,Sprints,849,1178,1438.0,M,False,3,2026-04-11,2026-04-12,True
58490,128749,203,24551,,,,,,,,4,Prelims,22.65,,,,,1536,True,Sprints,837,1169,1421.5,M,False,3,2026-04-11,2026-04-12,True
58491,128751,117,29818,,,,,,,,4,Prelims,22.69,,,,,1536,True,Sprints,832,1165,1414.5,M,False,3,2026-04-11,2026-04-12,True
58492,128753,1,3522,,,,,,,,4,Prelims,22.73,,,,,1536,True,Sprints,827,1161,1407.5,M,False,3,2026-04-11,2026-04-12,True
58493,128755,43,31088,,,,,,,,4,Prelims,22.78,,,,,1536,True,Sprints,820,1156,1398.0,M,False,3,2026-04-11,2026-04-12,True
58494,128757,233,31188,,,,,,,,4,Prelims,22.88,,,,,1536,True,Sprints,807,1146,1380.0,M,False,3,2026-04-11,2026-04-12,True
58495,128759,124,29633,,,,,,,,4,Prelims,22.90,,,,,1536,True,Sprints,805,1144,1377.0,M,False,3,2026-04-11,2026-04-12,True
58496,128761,127,3630,,,,,,,,4,Prelims,22.97,,,,,1536,True,Sprints,796,1137,1364.5,M,False,3,2026-04-11,2026-04-12,True
58497,128763,76,31027,,,,,,,,4,Prelims,23.06,,,,,1536,True,Sprints,784,1127,1347.5,M,False,3,2026-04-11,2026-04-12,True
58498,128765,233,31309,,,,,,,,4,Prelims,23.10,,,,,1536,True,Sprints,779,1123,1340.5,M,False,3,2026-04-11,2026-04-12,True
58499,128764,61,24852,,,,,,,,4,Prelims,23.09,,,,,1536,True,Sprints,781,1124,1343.0,M,False,3,2026-04-11,2026-04-12,True
58500,128766,169,24896,,,,,,,,4,Prelims,23.12,,,,,1536,True,Sprints,777,1121,1337.5,M,False,3,2026-04-11,2026-04-12,True
58501,128768,56,24401,,,,,,,,4,Prelims,23.12,,,,,1536,True,Sprints,777,1121,1337.5,M,False,3,2026-04-11,2026-04-12,True
58502,128770,117,5668,,,,,,,,4,Prelims,23.13,,,,,1536,True,Sprints,776,1120,1336.0,M,False,3,2026-04-11,2026-04-12,True
58503,128772,49,3784,,,,,,,,4,Prelims,23.18,,,,,1536,True,Sprints,769,1115,1326.5,M,False,3,2026-04-11,2026-04-12,True
58504,128774,204,26139,,,,,,,,4,Prelims,23.24,,,,,1536,True,Sprints,762,1109,1316.5,M,False,3,2026-04-11,2026-04-12,True
58505,128776,116,31415,,,,,,,,4,Prelims,23.29,,,,,1536,True,Sprints,756,1104,1308.0,M,False,3,2026-04-11,2026-04-12,True
58506,128778,146,4149,,,,,,,,4,Prelims,23.31,,,,,1536,True,Sprints,753,1102,1304.0,M,False,3,2026-04-11,2026-04-12,True
58507,128780,124,29630,,,,,,,,4,Prelims,23.34,,,,,1536,True,Sprints,749,1099,1298.5,M,False,3,2026-04-11,2026-04-12,True
58508,128782,117,26605,,,,,,,,4,Prelims,23.37,,,,,1536,True,Sprints,746,1096,1294.0,M,False,3,2026-04-11,2026-04-12,True
58509,128784,196,29798,,,,,,,,4,Prelims,23.46,,,,,1536,True,Sprints,735,1088,1279.0,M,False,3,2026-04-11,2026-04-12,True
58510,128788,146,3690,,,,,,,,4,Prelims,23.50,,,,,1536,True,Sprints,730,1084,1272.0,M,False,3,2026-04-11,2026-04-12,True
58511,128790,167,25024,,,,,,,,4,Prelims,23.52,,,,,1536,True,Sprints,727,1082,1268.0,M,False,3,2026-04-11,2026-04-12,True
58512,128792,116,24630,,,,,,,,4,Prelims,23.61,,,,,1536,True,Sprints,716,1073,1252.5,M,False,3,2026-04-11,2026-04-12,True
58513,128794,233,31189,,,,,,,,4,Prelims,23.70,,,,,1536,True,Sprints,706,1064,1238.0,M,False,3,2026-04-11,2026-04-12,True
58514,128796,146,24861,,,,,,,,4,Prelims,23.75,,,,,1536,True,Sprints,700,1059,1229.5,M,False,3,2026-04-11,2026-04-12,True
58515,128798,188,3851,,,,,,,,4,Prelims,23.77,,,,,1536,True,Sprints,697,1057,1225.5,M,False,3,2026-04-11,2026-04-12,True
58516,128800,188,3541,,,,,,,,4,Prelims,23.82,,,,,1536,True,Sprints,691,1052,1217.0,M,False,3,2026-04-11,2026-04-12,True
58517,128802,146,31480,,,,,,,,4,Prelims,23.85,,,,,1536,True,Sprints,688,1049,1212.5,M,False,3,2026-04-11,2026-04-12,True
58518,128804,120,8008,,,,,,,,4,Prelims,23.87,,,,,1536,True,Sprints,685,1047,1208.5,M,False,3,2026-04-11,2026-04-12,True
58519,128806,59,31481,,,,,,,,4,Prelims,23.93,,,,,1536,True,Sprints,678,1042,1199.0,M,False,3,2026-04-11,2026-04-12,True
58520,128808,188,31129,,,,,,,,4,Prelims,23.96,,,,,1536,True,Sprints,675,1039,1194.5,M,False,3,2026-04-11,2026-04-12,True
58521,128810,124,30041,,,,,,,,4,Prelims,24.03,,,,,1536,True,Sprints,667,1032,1183.0,M,False,3,2026-04-11,2026-04-12,True
58522,128812,174,19638,,,,,,,,4,Prelims,24.05,,,,,1536,True,Sprints,664,1030,1179.0,M,False,3,2026-04-11,2026-04-12,True
58523,128814,56,3574,,,,,,,,4,Prelims,24.07,,,,,1536,True,Sprints,662,1028,1176.0,M,False,3,2026-04-11,2026-04-12,True
58524,128816,233,31180,,,,,,,,4,Prelims,24.14,,,,,1536,True,Sprints,654,1021,1164.5,M,False,3,2026-04-11,2026-04-12,True
58525,128818,56,24984,,,,,,,,4,Prelims,24.17,,,,,1536,True,Sprints,650,1019,1159.5,M,False,3,2026-04-11,2026-04-12,True
58526,128820,96,31350,,,,,,,,4,Prelims,24.24,,,,,1536,True,Sprints,642,1012,1148.0,M,False,3,2026-04-11,2026-04-12,True
58527,128767,169,30071,,,,,,,,4,Prelims,23.12,,,,,1536,True,Sprints,777,1121,1337.5,M,False,3,2026-04-11,2026-04-12,True
58528,128769,169,24897,,,,,,,,4,Prelims,23.13,,,,,1536,True,Sprints,776,1120,1336.0,M,False,3,2026-04-11,2026-04-12,True
58529,128771,116,29613,,,,,,,,4,Prelims,23.17,,,,,1536,True,Sprints,771,1116,1329.0,M,False,3,2026-04-11,2026-04-12,True
58530,128773,1,25148,,,,,,,,4,Prelims,23.18,,,,,1536,True,Sprints,769,1115,1326.5,M,False,3,2026-04-11,2026-04-12,True
58531,128775,167,31429,,,,,,,,4,Prelims,23.29,,,,,1536,True,Sprints,756,1104,1308.0,M,False,3,2026-04-11,2026-04-12,True
58532,128777,116,24635,,,,,,,,4,Prelims,23.31,,,,,1536,True,Sprints,753,1102,1304.0,M,False,3,2026-04-11,2026-04-12,True
58533,128779,169,29748,,,,,,,,4,Prelims,23.33,,,,,1536,True,Sprints,751,1100,1301.0,M,False,3,2026-04-11,2026-04-12,True
58534,128781,202,24370,,,,,,,,4,Prelims,23.37,,,,,1536,True,Sprints,746,1096,1294.0,M,False,3,2026-04-11,2026-04-12,True
58535,128783,124,29634,,,,,,,,4,Prelims,23.41,,,,,1536,True,Sprints,741,1093,1287.5,M,False,3,2026-04-11,2026-04-12,True
58536,128785,162,26161,,,,,,,,4,Prelims,23.47,,,,,1536,True,Sprints,733,1087,1276.5,M,False,3,2026-04-11,2026-04-12,True
58537,128787,117,25082,,,,,,,,4,Prelims,23.48,,,,,1536,True,Sprints,732,1086,1275.0,M,False,3,2026-04-11,2026-04-12,True
58538,128789,59,3912,,,,,,,,4,Prelims,23.51,,,,,1536,True,Sprints,729,1083,1270.5,M,False,3,2026-04-11,2026-04-12,True
58539,128791,199,31498,,,,,,,,4,Prelims,23.58,,,,,1536,True,Sprints,720,1076,1258.0,M,False,3,2026-04-11,2026-04-12,True
58540,128793,88,31028,,,,,,,,4,Prelims,23.61,,,,,1536,True,Sprints,716,1073,1252.5,M,False,3,2026-04-11,2026-04-12,True
58541,128795,203,4423,,,,,,,,4,Prelims,23.72,,,,,1536,True,Sprints,703,1062,1234.0,M,False,3,2026-04-11,2026-04-12,True
58542,128797,202,3512,,,,,,,,4,Prelims,23.76,,,,,1536,True,Sprints,698,1058,1227.0,M,False,3,2026-04-11,2026-04-12,True
58543,128801,43,27573,,,,,,,,4,Prelims,23.83,,,,,1536,True,Sprints,690,1051,1215.5,M,False,3,2026-04-11,2026-04-12,True
58544,128803,146,3728,,,,,,,,4,Prelims,23.86,,,,,1536,True,Sprints,687,1048,1211.0,M,False,3,2026-04-11,2026-04-12,True
58545,128805,146,31479,,,,,,,,4,Prelims,23.88,,,,,1536,True,Sprints,684,1046,1207.0,M,False,3,2026-04-11,2026-04-12,True
58546,128807,167,31285,,,,,,,,4,Prelims,23.95,,,,,1536,True,Sprints,676,1040,1196.0,M,False,3,2026-04-11,2026-04-12,True
58548,128786,117,24695,,,,,,,,4,Prelims,23.48,,,,,1536,True,Sprints,732,1086,1275.0,M,False,3,2026-04-11,2026-04-12,True
58549,128756,146,24880,,,,,,,,4,Prelims,22.81,,,,,1536,True,Sprints,816,1153,1392.5,M,False,3,2026-04-11,2026-04-12,True
58550,128809,11,29234,,,,,,,,4,Prelims,23.96,,,,,1536,True,Sprints,675,1039,1194.5,M,False,3,2026-04-11,2026-04-12,True
58551,128811,56,29434,,,,,,,,4,Prelims,24.04,,,,,1536,True,Sprints,666,1031,1181.5,M,False,3,2026-04-11,2026-04-12,True
58552,128813,103,31499,,,,,,,,4,Prelims,24.07,,,,,1536,True,Sprints,662,1028,1176.0,M,False,3,2026-04-11,2026-04-12,True
58553,128815,124,3845,,,,,,,,4,Prelims,24.09,,,,,1536,True,Sprints,660,1026,1173.0,M,False,3,2026-04-11,2026-04-12,True
58554,128817,122,31478,,,,,,,,4,Prelims,24.14,,,,,1536,True,Sprints,654,1021,1164.5,M,False,3,2026-04-11,2026-04-12,True
58555,128819,204,3602,,,,,,,,4,Prelims,24.23,,,,,1536,True,Sprints,644,1013,1150.5,M,False,3,2026-04-11,2026-04-12,True
58556,128821,76,28544,,,,,,,,4,Prelims,24.28,,,,,1536,True,Sprints,638,1008,1142.0,M,False,3,2026-04-11,2026-04-12,True
58557,128823,117,25085,,,,,,,,4,Prelims,24.34,,,,,1536,True,Sprints,631,1002,1132.0,M,False,3,2026-04-11,2026-04-12,True
58558,128825,202,5559,,,,,,,,4,Prelims,24.40,,,,,1536,True,Sprints,624,997,1122.5,M,False,3,2026-04-11,2026-04-12,True
58559,128827,1,29691,,,,,,,,4,Prelims,24.42,,,,,1536,True,Sprints,622,995,1119.5,M,False,3,2026-04-11,2026-04-12,True
58560,128829,43,25513,,,,,,,,4,Prelims,24.48,,,,,1536,True,Sprints,615,989,1109.5,M,False,3,2026-04-11,2026-04-12,True
58561,128831,146,24607,,,,,,,,4,Prelims,24.51,,,,,1536,True,Sprints,612,986,1105.0,M,False,3,2026-04-11,2026-04-12,True
58562,128833,188,31117,,,,,,,,4,Prelims,24.54,,,,,1536,True,Sprints,609,984,1101.0,M,False,3,2026-04-11,2026-04-12,True
58563,128835,202,31482,,,,,,,,4,Prelims,24.55,,,,,1536,True,Sprints,607,983,1098.5,M,False,3,2026-04-11,2026-04-12,True
58564,128837,49,24848,,,,,,,,4,Prelims,24.59,,,,,1536,True,Sprints,603,979,1092.5,M,False,3,2026-04-11,2026-04-12,True
58565,128839,56,24393,,,,,,,,4,Prelims,24.59,,,,,1536,True,Sprints,603,979,1092.5,M,False,3,2026-04-11,2026-04-12,True
58566,128841,174,31128,,,,,,,,4,Prelims,24.63,,,,,1536,True,Sprints,599,975,1086.5,M,False,3,2026-04-11,2026-04-12,True
58567,128843,120,29677,,,,,,,,4,Prelims,24.69,,,,,1536,True,Sprints,592,969,1076.5,M,False,3,2026-04-11,2026-04-12,True
58568,128845,117,161,,,,,,,,4,Prelims,24.76,,,,,1536,True,Sprints,584,963,1065.5,M,False,3,2026-04-11,2026-04-12,True
58569,128847,43,3400,,,,,,,,4,Prelims,24.83,,,,,1536,True,Sprints,577,956,1055.0,M,False,3,2026-04-11,2026-04-12,True
58570,128849,166,31483,,,,,,,,4,Prelims,24.87,,,,,1536,True,Sprints,572,953,1048.5,M,False,3,2026-04-11,2026-04-12,True
58571,128851,159,26511,,,,,,,,4,Prelims,24.92,,,,,1536,True,Sprints,567,948,1041.0,M,False,3,2026-04-11,2026-04-12,True
58572,128853,167,29694,,,,,,,,4,Prelims,25.03,,,,,1536,True,Sprints,555,938,1024.0,M,False,3,2026-04-11,2026-04-12,True
58573,128855,146,3709,,,,,,,,4,Prelims,25.08,,,,,1536,True,Sprints,550,933,1016.5,M,False,3,2026-04-11,2026-04-12,True
58574,128857,204,26618,,,,,,,,4,Prelims,25.20,,,,,1536,True,Sprints,537,922,998.0,M,False,3,2026-04-11,2026-04-12,True
58575,128859,117,4002,,,,,,,,4,Prelims,25.22,,,,,1536,True,Sprints,535,921,995.5,M,False,3,2026-04-11,2026-04-12,True
58576,128861,146,1216,,,,,,,,4,Prelims,25.35,,,,,1536,True,Sprints,522,909,976.5,M,False,3,2026-04-11,2026-04-12,True
58577,128863,120,24835,,,,,,,,4,Prelims,25.46,,,,,1536,True,Sprints,511,899,960.5,M,False,3,2026-04-11,2026-04-12,True
58578,128865,167,18977,,,,,,,,4,Prelims,25.50,,,,,1536,True,Sprints,506,895,953.5,M,False,3,2026-04-11,2026-04-12,True
58579,128867,56,31502,,,,,,,,4,Prelims,25.54,,,,,1536,True,Sprints,502,892,948.0,M,False,3,2026-04-11,2026-04-12,True
58580,128869,117,15,,,,,,,,4,Prelims,25.60,,,,,1536,True,Sprints,496,886,939.0,M,False,3,2026-04-11,2026-04-12,True
58581,128871,117,31,,,,,,,,4,Prelims,25.70,,,,,1536,True,Sprints,486,878,925.0,M,False,3,2026-04-11,2026-04-12,True
58582,128873,169,29750,,,,,,,,4,Prelims,25.73,,,,,1536,True,Sprints,483,875,920.5,M,False,3,2026-04-11,2026-04-12,True
58583,128875,188,31485,,,,,,,,4,Prelims,25.90,,,,,1536,True,Sprints,467,860,897.0,M,False,3,2026-04-11,2026-04-12,True
58584,128877,202,31484,,,,,,,,4,Prelims,26.10,,,,,1536,True,Sprints,447,842,868.0,M,False,3,2026-04-11,2026-04-12,True
58585,128878,117,3993,,,,,,,,4,Prelims,26.14,,,,,1536,True,Sprints,444,839,863.5,M,False,3,2026-04-11,2026-04-12,True
58586,128879,169,4442,,,,,,,,4,Prelims,26.16,,,,,1536,True,Sprints,442,837,860.5,M,False,3,2026-04-11,2026-04-12,True
58587,128880,117,2037,,,,,,,,4,Prelims,26.20,,,,,1536,True,Sprints,438,834,855.0,M,False,3,2026-04-11,2026-04-12,True
58623,128418,117,29817,,,,,,,,3,Prelims,10.87,,,,,1536,True,Sprints,922,1226,1535.0,M,False,3,2026-04-11,2026-04-12,True
58624,128420,124,24415,,,,,,,,3,Prelims,10.94,,,,,1536,True,Sprints,901,1211,1506.5,M,False,3,2026-04-11,2026-04-12,True
58625,128422,146,3719,,,,,,,,3,Prelims,11.09,,,,,1536,True,Sprints,857,1178,1446.0,M,False,3,2026-04-11,2026-04-12,True
58626,128424,1,3522,,,,,,,,3,Prelims,11.10,,,,,1536,True,Sprints,854,1176,1442.0,M,False,3,2026-04-11,2026-04-12,True
58627,128426,169,29747,,,,,,,,3,Prelims,11.15,,,,,1536,True,Sprints,840,1165,1422.5,M,False,3,2026-04-11,2026-04-12,True
58628,128428,167,5246,,,,,,,,3,Prelims,11.17,,,,,1536,True,Sprints,834,1161,1414.5,M,False,3,2026-04-11,2026-04-12,True
58629,128430,146,3698,,,,,,,,3,Prelims,11.18,,,,,1536,True,Sprints,831,1159,1410.5,M,False,3,2026-04-11,2026-04-12,True
58630,128432,112,31463,,,,,,,,3,Prelims,11.20,,,,,1536,True,Sprints,825,1154,1402.0,M,False,3,2026-04-11,2026-04-12,True
58631,128434,202,3513,,,,,,,,3,Prelims,11.25,,,,,1536,True,Sprints,811,1144,1383.0,M,False,3,2026-04-11,2026-04-12,True
58666,128419,146,24580,,,,,,,,3,Prelims,10.89,,,,,1536,True,Sprints,916,1222,1527.0,M,False,3,2026-04-11,2026-04-12,True
58667,128421,56,24391,,,,,,,,3,Prelims,11.00,,,,,1536,True,Sprints,883,1198,1482.0,M,False,3,2026-04-11,2026-04-12,True
58668,128423,167,25023,,,,,,,,3,Prelims,11.10,,,,,1536,True,Sprints,854,1176,1442.0,M,False,3,2026-04-11,2026-04-12,True
58669,128425,124,29660,,,,,,,,3,Prelims,11.12,,,,,1536,True,Sprints,848,1172,1434.0,M,False,3,2026-04-11,2026-04-12,True
58670,128427,56,31476,,,,,,,,3,Prelims,11.16,,,,,1536,True,Sprints,837,1163,1418.5,M,False,3,2026-04-11,2026-04-12,True
58671,128429,203,24539,,,,,,,,3,Prelims,11.18,,,,,1536,True,Sprints,831,1159,1410.5,M,False,3,2026-04-11,2026-04-12,True
58672,128431,167,31432,,,,,,,,3,Prelims,11.20,,,,,1536,True,Sprints,825,1154,1402.0,M,False,3,2026-04-11,2026-04-12,True
58673,128433,169,24897,,,,,,,,3,Prelims,11.25,,,,,1536,True,Sprints,811,1144,1383.0,M,False,3,2026-04-11,2026-04-12,True
58674,128435,117,5668,,,,,,,,3,Prelims,11.26,,,,,1536,True,Sprints,808,1142,1379.0,M,False,3,2026-04-11,2026-04-12,True
58675,128437,112,3764,,,,,,,,3,Prelims,11.27,,,,,1536,True,Sprints,805,1139,1374.5,M,False,3,2026-04-11,2026-04-12,True
58676,128439,43,30391,,,,,,,,3,Prelims,11.28,,,,,1536,True,Sprints,803,1137,1371.5,M,False,3,2026-04-11,2026-04-12,True
58677,128441,146,24861,,,,,,,,3,Prelims,11.30,,,,,1536,True,Sprints,797,1133,1363.5,M,False,3,2026-04-11,2026-04-12,True
58678,128443,117,29818,,,,,,,,3,Prelims,11.32,,,,,1536,True,Sprints,791,1129,1355.5,M,False,3,2026-04-11,2026-04-12,True
58679,128445,169,24896,,,,,,,,3,Prelims,11.33,,,,,1536,True,Sprints,789,1127,1352.5,M,False,3,2026-04-11,2026-04-12,True
58680,128822,111,25073,,,,,,,,4,Prelims,24.30,,,,,1536,True,Sprints,636,1006,1139.0,M,False,3,2026-04-11,2026-04-12,True
58681,128824,202,24357,,,,,,,,4,Prelims,24.39,,,,,1536,True,Sprints,625,998,1124.0,M,False,3,2026-04-11,2026-04-12,True
58682,128436,59,3908,,,,,,,,3,Prelims,11.27,,,,,1536,True,Sprints,805,1139,1374.5,M,False,3,2026-04-11,2026-04-12,True
58683,128438,56,29744,,,,,,,,3,Prelims,11.27,,,,,1536,True,Sprints,805,1139,1374.5,M,False,3,2026-04-11,2026-04-12,True
58684,128440,76,31017,,,,,,,,3,Prelims,11.30,,,,,1536,True,Sprints,797,1133,1363.5,M,False,3,2026-04-11,2026-04-12,True
58685,128442,124,29630,,,,,,,,3,Prelims,11.31,,,,,1536,True,Sprints,794,1131,1359.5,M,False,3,2026-04-11,2026-04-12,True
58686,128444,166,29872,,,,,,,,3,Prelims,11.33,,,,,1536,True,Sprints,789,1127,1352.5,M,False,3,2026-04-11,2026-04-12,True
58687,128446,124,29632,,,,,,,,3,Prelims,11.33,,,,,1536,True,Sprints,789,1127,1352.5,M,False,3,2026-04-11,2026-04-12,True
58688,128828,171,11413,,,,,,,,4,Prelims,24.45,,,,,1536,True,Sprints,619,992,1115.0,M,False,3,2026-04-11,2026-04-12,True
58689,128830,233,31192,,,,,,,,4,Prelims,24.49,,,,,1536,True,Sprints,614,988,1108.0,M,False,3,2026-04-11,2026-04-12,True
58690,128832,203,24543,,,,,,,,4,Prelims,24.52,,,,,1536,True,Sprints,611,985,1103.5,M,False,3,2026-04-11,2026-04-12,True
58691,128834,146,3725,,,,,,,,4,Prelims,24.54,,,,,1536,True,Sprints,609,984,1101.0,M,False,3,2026-04-11,2026-04-12,True
58692,128836,56,31501,,,,,,,,4,Prelims,24.58,,,,,1536,True,Sprints,604,980,1094.0,M,False,3,2026-04-11,2026-04-12,True
58693,128838,56,3570,,,,,,,,4,Prelims,24.59,,,,,1536,True,Sprints,603,979,1092.5,M,False,3,2026-04-11,2026-04-12,True
58694,128840,196,29800,,,,,,,,4,Prelims,24.62,,,,,1536,True,Sprints,600,976,1088.0,M,False,3,2026-04-11,2026-04-12,True
58695,128842,146,24891,,,,,,,,4,Prelims,24.68,,,,,1536,True,Sprints,593,970,1078.0,M,False,3,2026-04-11,2026-04-12,True
58696,128844,56,24983,,,,,,,,4,Prelims,24.70,,,,,1536,True,Sprints,591,969,1075.5,M,False,3,2026-04-11,2026-04-12,True
58697,128846,124,29663,,,,,,,,4,Prelims,24.78,,,,,1536,True,Sprints,582,961,1062.5,M,False,3,2026-04-11,2026-04-12,True
58698,128848,61,30118,,,,,,,,4,Prelims,24.86,,,,,1536,True,Sprints,574,954,1051.0,M,False,3,2026-04-11,2026-04-12,True
58699,128850,120,344,,,,,,,,4,Prelims,24.87,,,,,1536,True,Sprints,572,953,1048.5,M,False,3,2026-04-11,2026-04-12,True
58700,128852,117,8060,,,,,,,,4,Prelims,24.98,,,,,1536,True,Sprints,561,943,1032.5,M,False,3,2026-04-11,2026-04-12,True
58701,128854,203,29557,,,,,,,,4,Prelims,25.05,,,,,1536,True,Sprints,553,936,1021.0,M,False,3,2026-04-11,2026-04-12,True
58702,128856,167,26171,,,,,,,,4,Prelims,25.18,,,,,1536,True,Sprints,539,924,1001.0,M,False,3,2026-04-11,2026-04-12,True
58703,128858,117,24694,,,,,,,,4,Prelims,25.20,,,,,1536,True,Sprints,537,922,998.0,M,False,3,2026-04-11,2026-04-12,True
58704,128860,43,4864,,,,,,,,4,Prelims,25.33,,,,,1536,True,Sprints,524,911,979.5,M,False,3,2026-04-11,2026-04-12,True
58705,128862,204,3605,,,,,,,,4,Prelims,25.43,,,,,1536,True,Sprints,514,902,965.0,M,False,3,2026-04-11,2026-04-12,True
58706,128864,196,31121,,,,,,,,4,Prelims,25.49,,,,,1536,True,Sprints,508,896,956.0,M,False,3,2026-04-11,2026-04-12,True
58707,128866,202,31486,,,,,,,,4,Prelims,25.51,,,,,1536,True,Sprints,505,895,952.5,M,False,3,2026-04-11,2026-04-12,True
58708,128868,146,29605,,,,,,,,4,Prelims,25.59,,,,,1536,True,Sprints,497,887,940.5,M,False,3,2026-04-11,2026-04-12,True
58709,128870,202,3506,,,,,,,,4,Prelims,25.67,,,,,1536,True,Sprints,489,880,929.0,M,False,3,2026-04-11,2026-04-12,True
58710,128872,188,3551,,,,,,,,4,Prelims,25.72,,,,,1536,True,Sprints,484,876,922.0,M,False,3,2026-04-11,2026-04-12,True
58711,128874,146,24608,,,,,,,,4,Prelims,25.81,,,,,1536,True,Sprints,476,868,910.0,M,False,3,2026-04-11,2026-04-12,True
58712,128876,43,30405,,,,,,,,4,Prelims,25.96,,,,,1536,True,Sprints,461,855,888.5,M,False,3,2026-04-11,2026-04-12,True
58713,128447,127,3630,,,,,,,,3,Prelims,11.34,,,,,1536,True,Sprints,786,1125,1348.5,M,False,3,2026-04-11,2026-04-12,True
58714,128449,116,24629,,,,,,,,3,Prelims,11.40,,,,,1536,True,Sprints,769,1112,1325.0,M,False,3,2026-04-11,2026-04-12,True
58715,128451,1,25148,,,,,,,,3,Prelims,11.40,,,,,1536,True,Sprints,769,1112,1325.0,M,False,3,2026-04-11,2026-04-12,True
58716,128453,233,31190,,,,,,,,3,Prelims,11.42,,,,,1536,True,Sprints,764,1108,1318.0,M,False,3,2026-04-11,2026-04-12,True
58717,128455,56,30378,,,,,,,,3,Prelims,11.45,,,,,1536,True,Sprints,755,1102,1306.0,M,False,3,2026-04-11,2026-04-12,True
58718,128457,202,31477,,,,,,,,3,Prelims,11.48,,,,,1536,True,Sprints,747,1095,1294.5,M,False,3,2026-04-11,2026-04-12,True
58719,128459,49,3784,,,,,,,,3,Prelims,11.55,,,,,1536,True,Sprints,728,1081,1268.5,M,False,3,2026-04-11,2026-04-12,True
58720,128461,233,31180,,,,,,,,3,Prelims,11.61,,,,,1536,True,Sprints,712,1068,1246.0,M,False,3,2026-04-11,2026-04-12,True
58721,128463,204,26139,,,,,,,,3,Prelims,11.63,,,,,1536,True,Sprints,707,1064,1239.0,M,False,3,2026-04-11,2026-04-12,True
58722,128465,167,5233,,,,,,,,3,Prelims,11.66,,,,,1536,True,Sprints,699,1058,1228.0,M,False,3,2026-04-11,2026-04-12,True
58723,128467,202,24359,,,,,,,,3,Prelims,11.69,,,,,1536,True,Sprints,691,1052,1217.0,M,False,3,2026-04-11,2026-04-12,True
58724,128469,122,31478,,,,,,,,3,Prelims,11.70,,,,,1536,True,Sprints,689,1050,1214.0,M,False,3,2026-04-11,2026-04-12,True
58725,128473,196,29798,,,,,,,,3,Prelims,11.72,,,,,1536,True,Sprints,684,1046,1207.0,M,False,3,2026-04-11,2026-04-12,True
58726,128475,124,29634,,,,,,,,3,Prelims,11.75,,,,,1536,True,Sprints,676,1040,1196.0,M,False,3,2026-04-11,2026-04-12,True
58727,128477,233,31189,,,,,,,,3,Prelims,11.77,,,,,1536,True,Sprints,671,1036,1189.0,M,False,3,2026-04-11,2026-04-12,True
58728,128448,17,25198,,,,,,,,3,Prelims,11.36,,,,,1536,True,Sprints,780,1120,1340.0,M,False,3,2026-04-11,2026-04-12,True
58729,128452,167,25031,,,,,,,,3,Prelims,11.41,,,,,1536,True,Sprints,766,1110,1321.0,M,False,3,2026-04-11,2026-04-12,True
58730,128454,167,5234,,,,,,,,3,Prelims,11.44,,,,,1536,True,Sprints,758,1104,1310.0,M,False,3,2026-04-11,2026-04-12,True
58731,128456,124,5540,,,,,,,,3,Prelims,11.47,,,,,1536,True,Sprints,750,1097,1298.5,M,False,3,2026-04-11,2026-04-12,True
58732,128458,43,31088,,,,,,,,3,Prelims,11.54,,,,,1536,True,Sprints,731,1083,1272.5,M,False,3,2026-04-11,2026-04-12,True
58733,128460,166,24460,,,,,,,,3,Prelims,11.56,,,,,1536,True,Sprints,726,1079,1265.5,M,False,3,2026-04-11,2026-04-12,True
58734,128462,166,31382,,,,,,,,3,Prelims,11.62,,,,,1536,True,Sprints,710,1066,1243.0,M,False,3,2026-04-11,2026-04-12,True
58735,128464,116,29613,,,,,,,,3,Prelims,11.65,,,,,1536,True,Sprints,702,1060,1232.0,M,False,3,2026-04-11,2026-04-12,True
58736,128466,116,24630,,,,,,,,3,Prelims,11.66,,,,,1536,True,Sprints,699,1058,1228.0,M,False,3,2026-04-11,2026-04-12,True
58737,128468,167,25024,,,,,,,,3,Prelims,11.70,,,,,1536,True,Sprints,689,1050,1214.0,M,False,3,2026-04-11,2026-04-12,True
58738,128470,166,29867,,,,,,,,3,Prelims,11.70,,,,,1536,True,Sprints,689,1050,1214.0,M,False,3,2026-04-11,2026-04-12,True
58739,128472,202,24369,,,,,,,,3,Prelims,11.72,,,,,1536,True,Sprints,684,1046,1207.0,M,False,3,2026-04-11,2026-04-12,True
58740,128826,59,30826,,,,,,,,4,Prelims,24.40,,,,,1536,True,Sprints,624,997,1122.5,M,False,3,2026-04-11,2026-04-12,True
58742,128450,146,24880,,,,,,,,3,Prelims,11.40,,,,,1536,True,Sprints,769,1112,1325.0,M,False,3,2026-04-11,2026-04-12,True
58743,128474,56,24401,,,,,,,,3,Prelims,11.74,,,,,1536,True,Sprints,678,1042,1199.0,M,False,3,2026-04-11,2026-04-12,True
58744,128476,146,31479,,,,,,,,3,Prelims,11.77,,,,,1536,True,Sprints,671,1036,1189.0,M,False,3,2026-04-11,2026-04-12,True
58745,128478,117,25082,,,,,,,,3,Prelims,11.77,,,,,1536,True,Sprints,671,1036,1189.0,M,False,3,2026-04-11,2026-04-12,True
58746,128881,174,31122,,,,,,,,4,Prelims,26.26,,,,,1536,True,Sprints,432,829,846.5,M,False,3,2026-04-11,2026-04-12,True
58747,128883,101,8022,,,,,,,,4,Prelims,26.50,,,,,1536,True,Sprints,410,808,814.0,M,False,3,2026-04-11,2026-04-12,True
58748,128885,146,3720,,,,,,,,4,Prelims,26.85,,,,,1536,True,Sprints,379,778,768.0,M,False,3,2026-04-11,2026-04-12,True
58749,128887,167,31286,,,,,,,,4,Prelims,27.11,,,,,1536,True,Sprints,356,757,734.5,M,False,3,2026-04-11,2026-04-12,True
58750,128889,202,3520,,,,,,,,4,Prelims,27.97,,,,,1536,True,Sprints,287,688,631.0,M,False,3,2026-04-11,2026-04-12,True
58751,128891,146,30065,,,,,,,,4,Prelims,28.68,,,,,1536,True,Sprints,235,633,551.5,M,False,3,2026-04-11,2026-04-12,True
58752,128893,196,18569,,,,,,,,4,Prelims,28.89,,,,,1536,True,Sprints,221,617,529.5,M,False,3,2026-04-11,2026-04-12,True
58851,128882,59,30402,,,,,,,,4,Prelims,26.31,,,,,1536,True,Sprints,428,824,840.0,M,False,3,2026-04-11,2026-04-12,True
58852,128884,117,29821,,,,,,,,4,Prelims,26.54,,,,,1536,True,Sprints,406,805,808.5,M,False,3,2026-04-11,2026-04-12,True
58853,128886,120,335,,,,,,,,4,Prelims,26.89,,,,,1536,True,Sprints,375,775,762.5,M,False,3,2026-04-11,2026-04-12,True
58854,128888,146,29449,,,,,,,,4,Prelims,27.60,,,,,1536,True,Sprints,316,717,674.5,M,False,3,2026-04-11,2026-04-12,True
58855,128890,188,31503,,,,,,,,4,Prelims,28.06,,,,,1536,True,Sprints,280,681,620.5,M,False,3,2026-04-11,2026-04-12,True
58856,128892,88,529,,,,,,,,4,Prelims,28.75,,,,,1536,True,Sprints,230,628,544.0,M,False,3,2026-04-11,2026-04-12,True
58857,128894,117,164,,,,,,,,4,Prelims,44.04,,,,,1536,True,Sprints,0,4,2.0,M,False,3,2026-04-11,2026-04-12,True
59214,129401,146,31313,,,,,,,,6,,48.96,,,,,1536,True,Sprints,920,1247,1543.5,M,False,3,2026-04-11,2026-04-12,True
59215,129403,116,24634,,,,,,,,6,,49.29,,,,,1536,True,Sprints,900,1234,1517.0,M,False,3,2026-04-11,2026-04-12,True
59216,129405,146,24914,,,,,,,,6,,49.96,,,,,1536,True,Sprints,860,1207,1463.5,M,False,3,2026-04-11,2026-04-12,True
59217,129407,1,3522,,,,,,,,6,,50.15,,,,,1536,True,Sprints,849,1199,1448.5,M,False,3,2026-04-11,2026-04-12,True
59218,129409,162,24676,,,,,,,,6,,50.44,,,,,1536,True,Sprints,832,1187,1425.5,M,False,3,2026-04-11,2026-04-12,True
59219,129411,102,29877,,,,,,,,6,,50.84,,,,,1536,True,Sprints,809,1172,1395.0,M,False,3,2026-04-11,2026-04-12,True
59220,129413,59,30380,,,,,,,,6,,50.91,,,,,1536,True,Sprints,805,1169,1389.5,M,False,3,2026-04-11,2026-04-12,True
59221,129415,202,24370,,,,,,,,6,,51.07,,,,,1536,True,Sprints,795,1162,1376.0,M,False,3,2026-04-11,2026-04-12,True
59222,129417,203,24551,,,,,,,,6,,51.09,,,,,1536,True,Sprints,794,1162,1375.0,M,False,3,2026-04-11,2026-04-12,True
59223,129419,233,31437,,,,,,,,6,,51.26,,,,,1536,True,Sprints,785,1155,1362.5,M,False,3,2026-04-11,2026-04-12,True
59224,129421,116,29616,,,,,,,,6,,51.54,,,,,1536,True,Sprints,769,1144,1341.0,M,False,3,2026-04-11,2026-04-12,True
59225,129423,124,29633,,,,,,,,6,,51.60,,,,,1536,True,Sprints,765,1142,1336.0,M,False,3,2026-04-11,2026-04-12,True
59226,129425,146,24670,,,,,,,,6,,51.80,,,,,1536,True,Sprints,754,1134,1321.0,M,False,3,2026-04-11,2026-04-12,True
59227,129427,164,27239,,,,,,,,6,,51.98,,,,,1536,True,Sprints,744,1127,1307.5,M,False,3,2026-04-11,2026-04-12,True
59228,129429,164,22379,,,,,,,,6,,52.12,,,,,1536,True,Sprints,737,1121,1297.5,M,False,3,2026-04-11,2026-04-12,True
59229,129431,233,31199,,,,,,,,6,,52.17,,,,,1536,True,Sprints,734,1119,1293.5,M,False,3,2026-04-11,2026-04-12,True
59230,129433,169,30071,,,,,,,,6,,52.40,,,,,1536,True,Sprints,721,1111,1276.5,M,False,3,2026-04-11,2026-04-12,True
59231,129435,116,29619,,,,,,,,6,,52.46,,,,,1536,True,Sprints,718,1108,1272.0,M,False,3,2026-04-11,2026-04-12,True
59232,129437,167,8108,,,,,,,,6,,52.50,,,,,1536,True,Sprints,716,1107,1269.5,M,False,3,2026-04-11,2026-04-12,True
59233,129439,11,29234,,,,,,,,6,,52.51,,,,,1536,True,Sprints,715,1106,1268.0,M,False,3,2026-04-11,2026-04-12,True
59234,129441,203,5598,,,,,,,,6,,52.53,,,,,1536,True,Sprints,714,1106,1267.0,M,False,3,2026-04-11,2026-04-12,True
59235,129443,59,11372,,,,,,,,6,,52.67,,,,,1536,True,Sprints,707,1100,1257.0,M,False,3,2026-04-11,2026-04-12,True
59236,129445,124,19426,,,,,,,,6,,52.78,,,,,1536,True,Sprints,701,1096,1249.0,M,False,3,2026-04-11,2026-04-12,True
59237,129447,188,31129,,,,,,,,6,,52.82,,,,,1536,True,Sprints,699,1094,1246.0,M,False,3,2026-04-11,2026-04-12,True
59238,129449,117,4002,,,,,,,,6,,52.87,,,,,1536,True,Sprints,696,1093,1242.5,M,False,3,2026-04-11,2026-04-12,True
59239,129451,202,24357,,,,,,,,6,,53.10,,,,,1536,True,Sprints,684,1084,1226.0,M,False,3,2026-04-11,2026-04-12,True
59240,129453,167,25024,,,,,,,,6,,53.12,,,,,1536,True,Sprints,683,1083,1224.5,M,False,3,2026-04-11,2026-04-12,True
59241,129455,107,30181,,,,,,,,6,,53.42,,,,,1536,True,Sprints,667,1072,1203.0,M,False,3,2026-04-11,2026-04-12,True
59242,129457,124,24736,,,,,,,,6,,53.43,,,,,1536,True,Sprints,667,1071,1202.5,M,False,3,2026-04-11,2026-04-12,True
59243,129459,188,3851,,,,,,,,6,,53.64,,,,,1536,True,Sprints,656,1063,1187.5,M,False,3,2026-04-11,2026-04-12,True
59244,129461,43,27573,,,,,,,,6,,53.67,,,,,1536,True,Sprints,654,1062,1185.0,M,False,3,2026-04-11,2026-04-12,True
59245,129463,103,31520,,,,,,,,6,,53.94,,,,,1536,True,Sprints,640,1052,1166.0,M,False,3,2026-04-11,2026-04-12,True
59246,129465,166,27016,,,,,,,,6,,53.96,,,,,1536,True,Sprints,639,1051,1164.5,M,False,3,2026-04-11,2026-04-12,True
59247,129467,171,11393,,,,,,,,6,,53.98,,,,,1536,True,Sprints,638,1050,1163.0,M,False,3,2026-04-11,2026-04-12,True
59248,129469,103,31499,,,,,,,,6,,54.18,,,,,1536,True,Sprints,628,1043,1149.5,M,False,3,2026-04-11,2026-04-12,True
59249,129471,203,24549,,,,,,,,6,,54.26,,,,,1536,True,Sprints,624,1040,1144.0,M,False,3,2026-04-11,2026-04-12,True
59250,129473,56,3574,,,,,,,,6,,54.46,,,,,1536,True,Sprints,614,1032,1130.0,M,False,3,2026-04-11,2026-04-12,True
59251,129475,233,31192,,,,,,,,6,,54.83,,,,,1536,True,Sprints,595,1019,1104.5,M,False,3,2026-04-11,2026-04-12,True
59252,129477,178,29268,,,,,,,,6,,54.94,,,,,1536,True,Sprints,590,1015,1097.5,M,False,3,2026-04-11,2026-04-12,True
59253,129479,124,24808,,,,,,,,6,,55.19,,,,,1536,True,Sprints,578,1006,1081.0,M,False,3,2026-04-11,2026-04-12,True
59254,129481,108,27576,,,,,,,,6,,55.26,,,,,1536,True,Sprints,574,1003,1075.5,M,False,3,2026-04-11,2026-04-12,True
59255,129483,116,27954,,,,,,,,6,,55.33,,,,,1536,True,Sprints,571,1000,1071.0,M,False,3,2026-04-11,2026-04-12,True
59256,129485,146,3709,,,,,,,,6,,55.49,,,,,1536,True,Sprints,563,995,1060.5,M,False,3,2026-04-11,2026-04-12,True
59257,129487,117,25085,,,,,,,,6,,55.63,,,,,1536,True,Sprints,557,989,1051.5,M,False,3,2026-04-11,2026-04-12,True
59258,129489,174,31523,,,,,,,,6,,55.92,,,,,1536,True,Sprints,543,979,1032.5,M,False,3,2026-04-11,2026-04-12,True
59259,129491,117,8060,,,,,,,,6,,56.22,,,,,1536,True,Sprints,529,968,1013.0,M,False,3,2026-04-11,2026-04-12,True
59260,129493,188,31132,,,,,,,,6,,56.66,,,,,1536,True,Sprints,509,952,985.0,M,False,3,2026-04-11,2026-04-12,True
59261,129495,112,3336,,,,,,,,6,,56.93,,,,,1536,True,Sprints,496,943,967.5,M,False,3,2026-04-11,2026-04-12,True
59262,129497,203,26703,,,,,,,,6,,57.08,,,,,1536,True,Sprints,490,937,958.5,M,False,3,2026-04-11,2026-04-12,True
59263,129499,120,24835,,,,,,,,6,,57.39,,,,,1536,True,Sprints,476,926,939.0,M,False,3,2026-04-11,2026-04-12,True
59264,129501,167,29694,,,,,,,,6,,57.47,,,,,1536,True,Sprints,472,924,934.0,M,False,3,2026-04-11,2026-04-12,True
59265,129503,43,4865,,,,,,,,6,,57.55,,,,,1536,True,Sprints,469,921,929.5,M,False,3,2026-04-11,2026-04-12,True
59266,129505,124,5577,,,,,,,,6,,57.78,,,,,1536,True,Sprints,459,913,915.5,M,False,3,2026-04-11,2026-04-12,True
59267,129507,117,31,,,,,,,,6,,57.97,,,,,1536,True,Sprints,451,906,904.0,M,False,3,2026-04-11,2026-04-12,True
59268,129509,159,26511,,,,,,,,6,,58.33,,,,,1536,True,Sprints,435,894,882.0,M,False,3,2026-04-11,2026-04-12,True
59269,129511,117,2037,,,,,,,,6,,58.53,,,,,1536,True,Sprints,427,887,870.5,M,False,3,2026-04-11,2026-04-12,True
59270,129513,124,29663,,,,,,,,6,,58.75,,,,,1536,True,Sprints,418,879,857.5,M,False,3,2026-04-11,2026-04-12,True
59271,129515,174,31128,,,,,,,,6,,58.86,,,,,1536,True,Sprints,413,875,850.5,M,False,3,2026-04-11,2026-04-12,True
59272,129517,127,31524,,,,,,,,6,,58.91,,,,,1536,True,Sprints,411,874,848.0,M,False,3,2026-04-11,2026-04-12,True
59273,129519,117,15,,,,,,,,6,,58.95,,,,,1536,True,Sprints,410,872,846.0,M,False,3,2026-04-11,2026-04-12,True
59320,129402,166,29864,,,,,,,,6,,49.27,,,,,1536,True,Sprints,901,1235,1518.5,M,False,3,2026-04-11,2026-04-12,True
59321,129404,124,29636,,,,,,,,6,,49.30,,,,,1536,True,Sprints,900,1233,1516.5,M,False,3,2026-04-11,2026-04-12,True
59322,129406,204,24434,,,,,,,,6,,50.00,,,,,1536,True,Sprints,858,1205,1460.5,M,False,3,2026-04-11,2026-04-12,True
59323,129408,203,24539,,,,,,,,6,,50.38,,,,,1536,True,Sprints,835,1190,1430.0,M,False,3,2026-04-11,2026-04-12,True
59324,129410,233,31309,,,,,,,,6,,50.57,,,,,1536,True,Sprints,824,1182,1415.0,M,False,3,2026-04-11,2026-04-12,True
59325,129412,146,29607,,,,,,,,6,,50.89,,,,,1536,True,Sprints,806,1170,1391.0,M,False,3,2026-04-11,2026-04-12,True
59326,129414,117,29818,,,,,,,,6,,51.04,,,,,1536,True,Sprints,797,1164,1379.0,M,False,3,2026-04-11,2026-04-12,True
59327,129416,203,24540,,,,,,,,6,,51.08,,,,,1536,True,Sprints,795,1162,1376.0,M,False,3,2026-04-11,2026-04-12,True
59328,129418,85,28744,,,,,,,,6,,51.15,,,,,1536,True,Sprints,791,1159,1370.5,M,False,3,2026-04-11,2026-04-12,True
59329,129420,111,27097,,,,,,,,6,,51.38,,,,,1536,True,Sprints,778,1150,1353.0,M,False,3,2026-04-11,2026-04-12,True
59330,129422,146,1216,,,,,,,,6,,51.58,,,,,1536,True,Sprints,767,1142,1338.0,M,False,3,2026-04-11,2026-04-12,True
59331,129424,167,29696,,,,,,,,6,,51.75,,,,,1536,True,Sprints,757,1136,1325.0,M,False,3,2026-04-11,2026-04-12,True
59332,129426,56,157,,,,,,,,6,,51.90,,,,,1536,True,Sprints,749,1130,1314.0,M,False,3,2026-04-11,2026-04-12,True
59333,129428,146,29456,,,,,,,,6,,52.07,,,,,1536,True,Sprints,739,1123,1300.5,M,False,3,2026-04-11,2026-04-12,True
59334,129430,43,25516,,,,,,,,6,,52.13,,,,,1536,True,Sprints,736,1121,1296.5,M,False,3,2026-04-11,2026-04-12,True
59335,129432,88,31028,,,,,,,,6,,52.28,,,,,1536,True,Sprints,728,1115,1285.5,M,False,3,2026-04-11,2026-04-12,True
59336,129434,146,3728,,,,,,,,6,,52.43,,,,,1536,True,Sprints,720,1109,1274.5,M,False,3,2026-04-11,2026-04-12,True
59337,129436,233,31308,,,,,,,,6,,52.49,,,,,1536,True,Sprints,716,1107,1269.5,M,False,3,2026-04-11,2026-04-12,True
59338,129438,233,31188,,,,,,,,6,,52.51,,,,,1536,True,Sprints,715,1106,1268.0,M,False,3,2026-04-11,2026-04-12,True
59339,129440,199,31498,,,,,,,,6,,52.52,,,,,1536,True,Sprints,715,1106,1268.0,M,False,3,2026-04-11,2026-04-12,True
59340,129442,167,31283,,,,,,,,6,,52.66,,,,,1536,True,Sprints,707,1101,1257.5,M,False,3,2026-04-11,2026-04-12,True
59341,129444,116,31415,,,,,,,,6,,52.75,,,,,1536,True,Sprints,702,1097,1250.5,M,False,3,2026-04-11,2026-04-12,True
59342,129446,117,24692,,,,,,,,6,,52.79,,,,,1536,True,Sprints,700,1096,1248.0,M,False,3,2026-04-11,2026-04-12,True
59343,129448,56,24401,,,,,,,,6,,52.83,,,,,1536,True,Sprints,698,1094,1245.0,M,False,3,2026-04-11,2026-04-12,True
59344,129450,124,26491,,,,,,,,6,,52.99,,,,,1536,True,Sprints,690,1088,1234.0,M,False,3,2026-04-11,2026-04-12,True
59345,129452,117,25082,,,,,,,,6,,53.10,,,,,1536,True,Sprints,684,1084,1226.0,M,False,3,2026-04-11,2026-04-12,True
59346,129456,146,31479,,,,,,,,6,,53.42,,,,,1536,True,Sprints,667,1072,1203.0,M,False,3,2026-04-11,2026-04-12,True
59347,129458,107,3620,,,,,,,,6,,53.45,,,,,1536,True,Sprints,665,1070,1200.0,M,False,3,2026-04-11,2026-04-12,True
59348,129460,166,19398,,,,,,,,6,,53.65,,,,,1536,True,Sprints,655,1063,1186.5,M,False,3,2026-04-11,2026-04-12,True
59349,129462,166,29862,,,,,,,,6,,53.82,,,,,1536,True,Sprints,646,1056,1174.0,M,False,3,2026-04-11,2026-04-12,True
59350,129464,162,30040,,,,,,,,6,,53.95,,,,,1536,True,Sprints,640,1052,1166.0,M,False,3,2026-04-11,2026-04-12,True
59351,129466,146,4387,,,,,,,,6,,53.97,,,,,1536,True,Sprints,639,1051,1164.5,M,False,3,2026-04-11,2026-04-12,True
59352,129468,188,31521,,,,,,,,6,,54.06,,,,,1536,True,Sprints,634,1047,1157.5,M,False,3,2026-04-11,2026-04-12,True
59353,129470,174,19638,,,,,,,,6,,54.23,,,,,1536,True,Sprints,625,1041,1145.5,M,False,3,2026-04-11,2026-04-12,True
59354,129472,117,3996,,,,,,,,6,,54.46,,,,,1536,True,Sprints,614,1032,1130.0,M,False,3,2026-04-11,2026-04-12,True
59355,129474,120,8008,,,,,,,,6,,54.80,,,,,1536,True,Sprints,597,1020,1107.0,M,False,3,2026-04-11,2026-04-12,True
59356,129476,159,25643,,,,,,,,6,,54.84,,,,,1536,True,Sprints,595,1018,1104.0,M,False,3,2026-04-11,2026-04-12,True
59357,129478,120,344,,,,,,,,6,,55.07,,,,,1536,True,Sprints,584,1010,1089.0,M,False,3,2026-04-11,2026-04-12,True
59358,129480,146,31522,,,,,,,,6,,55.22,,,,,1536,True,Sprints,576,1004,1078.0,M,False,3,2026-04-11,2026-04-12,True
59359,129482,124,30041,,,,,,,,6,,55.29,,,,,1536,True,Sprints,573,1002,1074.0,M,False,3,2026-04-11,2026-04-12,True
59360,129484,146,31314,,,,,,,,6,,55.47,,,,,1536,True,Sprints,564,995,1061.5,M,False,3,2026-04-11,2026-04-12,True
59361,129486,196,31121,,,,,,,,6,,55.56,,,,,1536,True,Sprints,560,992,1056.0,M,False,3,2026-04-11,2026-04-12,True
59362,129488,204,26618,,,,,,,,6,,55.71,,,,,1536,True,Sprints,553,987,1046.5,M,False,3,2026-04-11,2026-04-12,True
59363,129490,146,29674,,,,,,,,6,,55.95,,,,,1536,True,Sprints,541,978,1030.0,M,False,3,2026-04-11,2026-04-12,True
59364,129492,112,25014,,,,,,,,6,,56.38,,,,,1536,True,Sprints,521,962,1002.0,M,False,3,2026-04-11,2026-04-12,True
59365,129494,171,11413,,,,,,,,6,,56.89,,,,,1536,True,Sprints,498,944,970.0,M,False,3,2026-04-11,2026-04-12,True
59366,129496,167,4304,,,,,,,,6,,56.96,,,,,1536,True,Sprints,495,942,966.0,M,False,3,2026-04-11,2026-04-12,True
59367,129498,199,25008,,,,,,,,6,,57.18,,,,,1536,True,Sprints,485,934,952.0,M,False,3,2026-04-11,2026-04-12,True
59368,129500,117,27569,,,,,,,,6,,57.42,,,,,1536,True,Sprints,475,925,937.5,M,False,3,2026-04-11,2026-04-12,True
59369,129502,117,3993,,,,,,,,6,,57.52,,,,,1536,True,Sprints,470,922,931.0,M,False,3,2026-04-11,2026-04-12,True
59370,129504,127,24388,,,,,,,,6,,57.74,,,,,1536,True,Sprints,461,914,918.0,M,False,3,2026-04-11,2026-04-12,True
59371,129506,203,29563,,,,,,,,6,,57.93,,,,,1536,True,Sprints,452,907,905.5,M,False,3,2026-04-11,2026-04-12,True
59372,129508,120,29677,,,,,,,,6,,58.12,,,,,1536,True,Sprints,444,901,894.5,M,False,3,2026-04-11,2026-04-12,True
59373,129510,188,18901,,,,,,,,6,,58.34,,,,,1536,True,Sprints,435,893,881.5,M,False,3,2026-04-11,2026-04-12,True
59374,129512,146,24582,,,,,,,,6,,58.68,,,,,1536,True,Sprints,421,881,861.5,M,False,3,2026-04-11,2026-04-12,True
59375,129514,112,31468,,,,,,,,6,,58.79,,,,,1536,True,Sprints,416,878,855.0,M,False,3,2026-04-11,2026-04-12,True
59377,129516,56,29441,,,,,,,,6,,58.88,,,,,1536,True,Sprints,412,875,849.5,M,False,3,2026-04-11,2026-04-12,True
59378,129518,167,18977,,,,,,,,6,,58.95,,,,,1536,True,Sprints,410,872,846.0,M,False,3,2026-04-11,2026-04-12,True
59379,129521,169,29750,,,,,,,,6,,59.45,,,,,1536,True,Sprints,389,855,816.5,M,False,3,2026-04-11,2026-04-12,True
59380,129523,203,31515,,,,,,,,6,,59.83,,,,,1536,True,Sprints,374,842,795.0,M,False,3,2026-04-11,2026-04-12,True
59381,129525,120,335,,,,,,,,6,,1:00.58,,,,,1536,True,Sprints,346,817,754.5,M,False,3,2026-04-11,2026-04-12,True
59382,129529,96,368,,,,,,,,6,,1:02.35,,,,,1536,True,Sprints,282,760,662.0,M,False,3,2026-04-11,2026-04-12,True
59383,129531,111,25076,,,,,,,,6,,1:04.48,,,,,1536,True,Sprints,214,693,560.5,M,False,3,2026-04-11,2026-04-12,True
59384,129533,112,26985,,,,,,,,6,,1:05.38,,,,,1536,True,Sprints,189,666,522.0,M,False,3,2026-04-11,2026-04-12,True
59427,129623,146,24580,,,,,,,,3,Finals,10.65,,,,,1536,True,Sprints,990,1275,1627.5,M,False,3,2026-04-11,2026-04-12,True
59428,129625,56,24391,,,,,,,,3,Finals,10.90,,,,,1536,True,Sprints,913,1220,1523.0,M,False,3,2026-04-11,2026-04-12,True
59429,129627,124,24415,,,,,,,,3,Finals,11.06,,,,,1536,True,Sprints,866,1185,1458.5,M,False,3,2026-04-11,2026-04-12,True
59430,129629,1,3522,,,,,,,,3,Finals,11.18,,,,,1536,True,Sprints,831,1159,1410.5,M,False,3,2026-04-11,2026-04-12,True
59472,129520,167,26169,,,,,,,,6,,59.42,,,,,1536,True,Sprints,391,856,819.0,M,False,3,2026-04-11,2026-04-12,True
59475,129527,171,2354,,,,,,,,6,,1:00.82,,,,,1536,True,Sprints,337,809,741.5,M,False,3,2026-04-11,2026-04-12,True
59479,129524,56,8099,,,,,,,,6,,1:00.35,,,,,1536,True,Sprints,354,825,766.5,M,False,3,2026-04-11,2026-04-12,True
59480,129526,188,31494,,,,,,,,6,,1:00.58,,,,,1536,True,Sprints,346,817,754.5,M,False,3,2026-04-11,2026-04-12,True
59481,129528,104,28303,,,,,,,,6,,1:02.02,,,,,1536,True,Sprints,294,770,679.0,M,False,3,2026-04-11,2026-04-12,True
59482,129532,162,19498,,,,,,,,6,,1:05.31,,,,,1536,True,Sprints,191,668,525.0,M,False,3,2026-04-11,2026-04-12,True
59483,129534,56,31516,,,,,,,,6,,1:08.19,,,,,1536,True,Sprints,119,585,411.5,M,False,3,2026-04-11,2026-04-12,True
59527,129624,117,29817,,,,,,,,3,Finals,10.84,,,,,1536,True,Sprints,931,1233,1547.5,M,False,3,2026-04-11,2026-04-12,True
59528,129626,167,25023,,,,,,,,3,Finals,11.05,,,,,1536,True,Sprints,869,1187,1462.5,M,False,3,2026-04-11,2026-04-12,True
59529,129628,124,29660,,,,,,,,3,Finals,11.08,,,,,1536,True,Sprints,860,1180,1450.0,M,False,3,2026-04-11,2026-04-12,True
59530,129630,146,3719,,,,,,,,3,Finals,11.23,,,,,1536,True,Sprints,817,1148,1391.0,M,False,3,2026-04-11,2026-04-12,True
59569,129522,146,1421,,,,,,,,6,,59.73,,,,,1536,True,Sprints,378,846,801.0,M,False,3,2026-04-11,2026-04-12,True
59573,129530,188,950,,,,,,,,6,,1:03.40,,,,,1536,True,Sprints,248,727,611.5,M,False,3,2026-04-11,2026-04-12,True
60305,130606,56,24391,,,,,,,,4,Finals,22.19,,,,,1536,True,Sprints,898,1217,1506.5,M,False,3,2026-04-11,2026-04-12,True
60306,130608,167,5246,,,,,,,,4,Finals,22.78,,,,,1536,True,Sprints,820,1156,1398.0,M,False,3,2026-04-11,2026-04-12,True
60307,130610,124,29660,,,,,,,,4,Finals,22.95,,,,,1536,True,Sprints,798,1139,1367.5,M,False,3,2026-04-11,2026-04-12,True
60308,130612,117,29817,,,,,,,,4,Finals,23.27,,,,,1536,True,Sprints,758,1106,1311.0,M,False,3,2026-04-11,2026-04-12,True
60411,130605,146,24580,,,,,,,,4,Finals,21.96,,,,,1536,True,Sprints,929,1241,1549.5,M,False,3,2026-04-11,2026-04-12,True
60412,130607,166,29864,,,,,,,,4,Finals,22.44,,,,,1536,True,Sprints,865,1191,1460.5,M,False,3,2026-04-11,2026-04-12,True
60413,130609,146,3698,,,,,,,,4,Finals,22.87,,,,,1536,True,Sprints,809,1147,1382.5,M,False,3,2026-04-11,2026-04-12,True
60414,130611,124,24415,,,,,,,,4,Finals,22.99,,,,,1536,True,Sprints,793,1135,1360.5,M,False,3,2026-04-11,2026-04-12,True
60650,130950,79,31553,,,,,,,,3,Prelims,11.21,,,,,1538,True,Sprints,822,1152,1398.0,M,False,3,2026-04-10,2026-04-11,False
60651,130951,79,31553,,,,,,,,4,,23.39,,,,,1538,True,Sprints,743,1095,1290.5,M,False,3,2026-04-10,2026-04-11,False
60708,131069,146,29607,,,,,,,,6,,51.70,,,,,1539,True,Sprints,760,1138,1329.0,M,False,3,2026-04-03,2026-04-04,False
60709,131071,146,4386,,,,,,,,6,,53.28,,,,,1539,True,Sprints,674,1077,1212.5,M,False,3,2026-04-03,2026-04-04,False
60710,131073,146,4387,,,,,,,,6,,54.71,,,,,1539,True,Sprints,601,1023,1112.5,M,False,3,2026-04-03,2026-04-04,False
60711,131075,146,24610,,,,,,,,6,,55.43,,,,,1539,True,Sprints,566,997,1064.5,M,False,3,2026-04-03,2026-04-04,False
60712,131077,146,3708,,,,,,,,6,,56.30,,,,,1539,True,Sprints,525,965,1007.5,M,False,3,2026-04-03,2026-04-04,False
60715,131007,146,24580,,,,,,,,3,Prelims,10.68,,,,,1539,True,Sprints,980,1268,1614.0,M,False,3,2026-04-03,2026-04-04,False
60716,131008,146,3698,,,,,,,,3,Prelims,11.14,,,,,1539,True,Sprints,842,1167,1425.5,M,False,3,2026-04-03,2026-04-04,False
60717,131010,146,3719,,,,,,,,3,Prelims,11.30,,,,,1539,True,Sprints,797,1133,1363.5,M,False,3,2026-04-03,2026-04-04,False
60718,131011,146,3733,,,,,,,,3,Prelims,11.41,,,,,1539,True,Sprints,766,1110,1321.0,M,False,3,2026-04-03,2026-04-04,False
60719,131012,146,29447,,,,,,,,3,Prelims,11.48,,,,,1539,True,Sprints,747,1095,1294.5,M,False,3,2026-04-03,2026-04-04,False
60720,131009,146,24880,,,,,,,,3,Prelims,11.30,,,,,1539,True,Sprints,797,1133,1363.5,M,False,3,2026-04-03,2026-04-04,False
60721,131013,146,4149,,,,,,,,3,Prelims,11.54,,,,,1539,True,Sprints,731,1083,1272.5,M,False,3,2026-04-03,2026-04-04,False
60722,131014,146,3710,,,,,,,,3,Prelims,11.61,,,,,1539,True,Sprints,712,1068,1246.0,M,False,3,2026-04-03,2026-04-04,False
60723,131015,146,29990,,,,,,,,3,Prelims,11.72,,,,,1539,True,Sprints,684,1046,1207.0,M,False,3,2026-04-03,2026-04-04,False
60724,131016,146,24888,,,,,,,,3,Prelims,11.76,,,,,1539,True,Sprints,673,1038,1192.0,M,False,3,2026-04-03,2026-04-04,False
60725,131017,146,24607,,,,,,,,3,Prelims,12.04,,,,,1539,True,Sprints,603,982,1094.0,M,False,3,2026-04-03,2026-04-04,False
60726,131018,146,24891,,,,,,,,3,Prelims,12.10,,,,,1539,True,Sprints,588,970,1073.0,M,False,3,2026-04-03,2026-04-04,False
60727,131019,146,4380,,,,,,,,3,Prelims,12.43,,,,,1539,True,Sprints,512,906,965.0,M,False,3,2026-04-03,2026-04-04,False
60728,131020,146,24889,,,,,,,,3,Prelims,12.46,,,,,1539,True,Sprints,505,900,955.0,M,False,3,2026-04-03,2026-04-04,False
60729,131021,146,3709,,,,,,,,3,Prelims,12.70,,,,,1539,True,Sprints,453,856,881.0,M,False,3,2026-04-03,2026-04-04,False
60730,131022,146,29449,,,,,,,,3,Prelims,13.06,,,,,1539,True,Sprints,380,791,775.5,M,False,3,2026-04-03,2026-04-04,False
60739,131031,146,24580,,,,,,,,3,Finals,10.66,,,,,1539,True,Sprints,986,1273,1622.5,M,False,3,2026-04-03,2026-04-04,False
60754,131046,146,24580,,,,,,,,4,,21.58,,,,,1539,True,Sprints,982,1281,1622.5,M,False,3,2026-04-03,2026-04-04,False
60755,131047,146,24670,,,,,,,,4,,22.78,,,,,1539,True,Sprints,820,1156,1398.0,M,False,3,2026-04-03,2026-04-04,False
60756,131048,146,3698,,,,,,,,4,,22.88,,,,,1539,True,Sprints,807,1146,1380.0,M,False,3,2026-04-03,2026-04-04,False
60757,131049,146,3719,,,,,,,,4,,22.90,,,,,1539,True,Sprints,805,1144,1377.0,M,False,3,2026-04-03,2026-04-04,False
60758,131051,146,4149,,,,,,,,4,,23.63,,,,,1539,True,Sprints,714,1071,1249.5,M,False,3,2026-04-03,2026-04-04,False
60759,131052,146,3728,,,,,,,,4,,24.16,,,,,1539,True,Sprints,652,1020,1162.0,M,False,3,2026-04-03,2026-04-04,False
60760,131053,146,24888,,,,,,,,4,,24.16,,,,,1539,True,Sprints,652,1020,1162.0,M,False,3,2026-04-03,2026-04-04,False
60761,131054,146,4386,,,,,,,,4,,24.30,,,,,1539,True,Sprints,636,1006,1139.0,M,False,3,2026-04-03,2026-04-04,False
60762,131055,146,24891,,,,,,,,4,,25.25,,,,,1539,True,Sprints,532,918,991.0,M,False,3,2026-04-03,2026-04-04,False
60763,131056,146,3709,,,,,,,,4,,25.81,,,,,1539,True,Sprints,476,868,910.0,M,False,3,2026-04-03,2026-04-04,False
60764,131057,146,24889,,,,,,,,4,,25.88,,,,,1539,True,Sprints,469,862,900.0,M,False,3,2026-04-03,2026-04-04,False
60765,131058,146,29449,,,,,,,,4,,27.26,,,,,1539,True,Sprints,344,745,716.5,M,False,3,2026-04-03,2026-04-04,False
60774,131067,146,31313,,,,,,,,6,,48.13,,,,,1539,True,Sprints,972,1281,1612.5,M,False,3,2026-04-03,2026-04-04,False
60775,131068,146,4150,,,,,,,,6,,50.84,,,,,1539,True,Sprints,809,1172,1395.0,M,False,3,2026-04-03,2026-04-04,False
60811,131050,146,24880,,,,,,,,4,,23.14,,,,,1539,True,Sprints,774,1119,1333.5,M,False,3,2026-04-03,2026-04-04,False
60822,131195,158,31559,,,,,,,,3,Prelims,11.79,,,,,1539,True,Sprints,665,1032,1181.0,M,False,3,2026-04-03,2026-04-04,False
60823,131197,158,2487,,,,,,,,3,Prelims,14.31,,,,,1539,True,Sprints,176,585,468.5,M,False,3,2026-04-03,2026-04-04,False
60826,131203,158,23919,,,,,,,,4,,24.21,,,,,1539,True,Sprints,646,1015,1153.5,M,False,3,2026-04-03,2026-04-04,False
60827,131205,158,3682,,,,,,,,4,,24.46,,,,,1539,True,Sprints,618,991,1113.5,M,False,3,2026-04-03,2026-04-04,False
60831,131213,158,25474,,,,,,,,6,,54.18,,,,,1539,True,Sprints,628,1043,1149.5,M,False,3,2026-04-03,2026-04-04,False
60859,131070,146,29456,,,,,,,,6,,51.82,,,,,1539,True,Sprints,753,1133,1319.5,M,False,3,2026-04-03,2026-04-04,False
60860,131072,146,24888,,,,,,,,6,,53.54,,,,,1539,True,Sprints,661,1067,1194.5,M,False,3,2026-04-03,2026-04-04,False
60861,131074,146,30044,,,,,,,,6,,54.83,,,,,1539,True,Sprints,595,1019,1104.5,M,False,3,2026-04-03,2026-04-04,False
60862,131076,146,3728,,,,,,,,6,,56.10,,,,,1539,True,Sprints,534,972,1020.0,M,False,3,2026-04-03,2026-04-04,False
60863,131078,146,31522,,,,,,,,6,,57.85,,,,,1539,True,Sprints,456,910,911.0,M,False,3,2026-04-03,2026-04-04,False
60912,131196,158,3682,,,,,,,,3,Prelims,11.94,,,,,1539,True,Sprints,628,1001,1128.5,M,False,3,2026-04-03,2026-04-04,False
60916,131204,158,25474,,,,,,,,4,,24.23,,,,,1539,True,Sprints,644,1013,1150.5,M,False,3,2026-04-03,2026-04-04,False
60917,131206,158,2487,,,,,,,,4,,29.79,,,,,1539,True,Sprints,165,552,441.0,M,False,3,2026-04-03,2026-04-04,False
60920,131212,158,23919,,,,,,,,6,,52.99,,,,,1539,True,Sprints,690,1088,1234.0,M,False,3,2026-04-03,2026-04-04,False
62062,128799,56,4112,,,,,,,,4,Prelims,23.77,,,,,1536,True,Sprints,697,1057,1225.5,M,False,3,2026-04-11,2026-04-12,True
62063,128471,56,4112,,,,,,,,3,Prelims,11.71,,,,,1536,True,Sprints,686,1048,1210.0,M,False,3,2026-04-11,2026-04-12,True
62069,129454,43,30393,,,,,,,,6,,53.24,,,,,1536,True,Sprints,676,1078,1215.0,M,False,3,2026-04-11,2026-04-12,True
62131,132833,19,25499,So,,,,,,,3,Open,11.17,,,,,1557,True,Sprints,834,1161,1414.5,M,False,3,2026-04-17,2026-04-18,False
62134,132836,19,25499,So,,,,,,,4,Open,22.75,,,,,1557,True,Sprints,824,1159,1403.5,M,False,3,2026-04-17,2026-04-18,False
62135,132837,19,31305,Fr,,,,,,,4,Invite,22.28,,,,,1557,True,Sprints,886,1207,1489.5,M,False,3,2026-04-17,2026-04-18,False
62138,132840,19,31305,Fr,,,,,,,6,Open,48.91,,,,,1557,True,Sprints,923,1249,1547.5,M,False,3,2026-04-17,2026-04-18,False
62139,132841,19,2306,Sr,,,,,,,6,Open,51.55,,,,,1557,True,Sprints,768,1144,1340.0,M,False,3,2026-04-17,2026-04-18,False
62189,132889,88,4073,Jr,,,,,,,3,,10.92,,,,,1559,True,Sprints,907,1215,1514.5,M,False,3,2026-04-10,2026-04-11,False
62190,132890,88,4073,Jr,,,,,,,4,,22.41,,,,,1559,True,Sprints,869,1194,1466.0,M,False,3,2026-04-10,2026-04-11,False
62201,132922,166,31024,,,,,,,,3,,12.67,,,,,1564,True,Sprints,459,861,889.5,M,False,3,2026-04-18,2026-04-18,False
62202,132923,166,29864,,,,,,,,4,,22.92,,,,,1564,True,Sprints,802,1142,1373.0,M,False,3,2026-04-18,2026-04-18,False
62203,132924,166,29864,,,,,,,,6,,50.10,,,,,1564,True,Sprints,852,1201,1452.5,M,False,3,2026-04-18,2026-04-18,False
62313,133054,1,29491,,,,,,,,3,,11.91,,,,,1574,True,Sprints,635,1007,1138.5,M,False,3,2026-04-24,2026-04-25,False
62314,133055,1,29492,,,,,,,,6,,52.05,,,,,1574,True,Sprints,741,1124,1303.0,M,False,3,2026-04-24,2026-04-25,False
62517,128529,167,26169,,,,,,,,3,Prelims,12.64,,,,,1536,True,Sprints,466,867,899.5,M,False,3,2026-04-11,2026-04-12,True
