,result_id,team_id,athlete_id,grade,athlete_id_2,grade_2,athlete_id_3,grade_3,athlete_id_4,grade_4,running_event_id,event_type,result_time,relay_split,relay_split_2,relay_split_3,wind,meet_id,approved,Track_Event_Type,World_Athletics_Points_Men,World_Athletics_Points_Women,Average_Score,gender,is_hidden,sport_id,start_date,end_date,nationals
26695,126860,146,24580,,,,,,,,3,,10.64,,,,,1519,True,Sprints,993,1277,1631.5,M,False,3,2026-03-28,2026-03-28,False
29594,126864,146,4149,,,,,,,,3,,11.64,,,,,1519,True,Sprints,704,1062,1235.0,M,False,3,2026-03-28,2026-03-28,False
29595,126866,146,29989,,,,,,,,3,,12.16,,,,,1519,True,Sprints,574,958,1053.0,M,False,3,2026-03-28,2026-03-28,False
29596,126869,146,24889,,,,,,,,3,,12.65,,,,,1519,True,Sprints,463,865,895.5,M,False,3,2026-03-28,2026-03-28,False
29601,126879,146,31313,,,,,,,,4,,22.30,,,,,1519,True,Sprints,883,1205,1485.5,M,False,3,2026-03-28,2026-03-28,False
29602,126881,146,3719,,,,,,,,4,,23.36,,,,,1519,True,Sprints,747,1097,1295.5,M,False,3,2026-03-28,2026-03-28,False
29603,126883,146,3728,,,,,,,,4,,23.91,,,,2.9,1519,True,Sprints,681,1044,1203.0,M,False,3,2026-03-28,2026-03-28,False
29604,126885,146,24888,,,,,,,,4,,24.03,,,,4.2,1519,True,Sprints,667,1032,1183.0,M,False,3,2026-03-28,2026-03-28,False
29605,126887,146,3709,,,,,,,,4,,25.20,,,,3.5,1519,True,Sprints,537,922,998.0,M,False,3,2026-03-28,2026-03-28,False
29606,126889,146,24889,,,,,,,,4,,26.72,,,,2.4,1519,True,Sprints,390,789,784.5,M,False,3,2026-03-28,2026-03-28,False
29607,126891,146,29673,,,,,,,,4,,28.67,,,,2.4,1519,True,Sprints,236,634,553.0,M,False,3,2026-03-28,2026-03-28,False
29611,126899,146,29456,,,,,,,,6,,53.67,,,,,1519,True,Sprints,654,1062,1185.0,M,False,3,2026-03-28,2026-03-28,False
29612,126901,146,4386,,,,,,,,6,,54.84,,,,,1519,True,Sprints,595,1018,1104.0,M,False,3,2026-03-28,2026-03-28,False
29613,126903,146,4387,,,,,,,,6,,57.73,,,,,1519,True,Sprints,461,914,918.0,M,False,3,2026-03-28,2026-03-28,False
29617,126862,146,24880,,,,,,,,3,,11.35,,,,2.8,1519,True,Sprints,783,1123,1344.5,M,False,3,2026-03-28,2026-03-28,False
30422,126900,146,3728,,,,,,,,6,,54.53,,,,,1519,True,Sprints,610,1030,1125.0,M,False,3,2026-03-28,2026-03-28,False
30423,126902,146,24888,,,,,,,,6,,55.83,,,,,1519,True,Sprints,547,982,1038.0,M,False,3,2026-03-28,2026-03-28,False
30490,126861,146,3719,,,,,,,,3,,11.19,,,,2.8,1519,True,Sprints,828,1157,1406.5,M,False,3,2026-03-28,2026-03-28,False
30491,126863,146,29772,,,,,,,,3,,11.64,,,,,1519,True,Sprints,704,1062,1235.0,M,False,3,2026-03-28,2026-03-28,False
30492,126865,146,24888,,,,,,,,3,,12.11,,,,,1519,True,Sprints,586,968,1070.0,M,False,3,2026-03-28,2026-03-28,False
30493,126867,146,24891,,,,,,,,3,,12.34,,,,,1519,True,Sprints,532,923,993.5,M,False,3,2026-03-28,2026-03-28,False
30530,126868,146,31370,,,,,,,,3,,12.46,,,,,1519,True,Sprints,505,900,955.0,M,False,3,2026-03-28,2026-03-28,False
30531,126870,146,29449,,,,,,,,3,,13.65,,,,,1519,True,Sprints,274,689,618.5,M,False,3,2026-03-28,2026-03-28,False
30535,126878,146,24580,,,,,,,,4,,21.43,,,,,1519,True,Sprints,1004,1297,1652.5,M,False,3,2026-03-28,2026-03-28,False
30536,126882,146,4149,,,,,,,,4,,23.65,,,,2.9,1519,True,Sprints,712,1069,1246.5,M,False,3,2026-03-28,2026-03-28,False
30537,126884,146,29456,,,,,,,,4,,23.92,,,,2.0,1519,True,Sprints,680,1043,1201.5,M,False,3,2026-03-28,2026-03-28,False
30538,126886,146,3710,,,,,,,,4,,24.37,,,,2.9,1519,True,Sprints,628,1000,1128.0,M,False,3,2026-03-28,2026-03-28,False
30539,126888,146,29989,,,,,,,,4,,25.95,,,,2.4,1519,True,Sprints,462,856,890.0,M,False,3,2026-03-28,2026-03-28,False
30540,126890,146,29449,,,,,,,,4,,28.15,,,,2.4,1519,True,Sprints,273,674,610.0,M,False,3,2026-03-28,2026-03-28,False
30541,126892,146,30065,,,,,,,,4,,29.35,,,,2.4,1519,True,Sprints,191,584,483.0,M,False,3,2026-03-28,2026-03-28,False
30585,126880,146,24880,,,,,,,,4,,23.21,,,,2.0,1519,True,Sprints,766,1112,1322.0,M,False,3,2026-03-28,2026-03-28,False
30865,126987,61,24977,,,,,,,,3,,11.92,,,,,1520,True,Sprints,633,1005,1135.5,M,False,3,2026-03-28,2026-03-28,False
30866,126989,61,4036,,,,,,,,6,,55.04,,,,,1520,True,Sprints,585,1011,1090.5,M,False,3,2026-03-28,2026-03-28,False
30933,126988,61,4036,,,,,,,,4,,24.76,,,,,1520,True,Sprints,584,963,1065.5,M,False,3,2026-03-28,2026-03-28,False
30936,127006,159,29973,,,,,,,,3,,10.86,,,,,1521,True,Sprints,925,1228,1539.0,M,False,3,2026-03-28,2026-03-28,False
30937,127007,164,31376,,,,,,,,3,,11.09,,,,,1521,True,Sprints,857,1178,1446.0,M,False,3,2026-03-28,2026-03-28,False
30938,127009,166,29872,,,,,,,,3,,11.43,,,,,1521,True,Sprints,761,1106,1314.0,M,False,3,2026-03-28,2026-03-28,False
30939,127011,169,24896,,,,,,,,3,,11.44,,,,,1521,True,Sprints,758,1104,1310.0,M,False,3,2026-03-28,2026-03-28,False
31032,128152,233,31180,Fr,,,,,,,3,,11.74,,,,,1533,True,Sprints,678,1042,1199.0,M,False,3,2026-03-28,2026-03-28,False
31136,127008,169,29747,,,,,,,,3,,11.32,,,,,1521,True,Sprints,791,1129,1355.5,M,False,3,2026-03-28,2026-03-28,False
31137,127010,169,24897,,,,,,,,3,,11.43,,,,,1521,True,Sprints,761,1106,1314.0,M,False,3,2026-03-28,2026-03-28,False
31138,127012,130,29979,,,,,,,,3,,11.46,,,,,1521,True,Sprints,753,1099,1302.5,M,False,3,2026-03-28,2026-03-28,False
31140,127014,136,31377,,,,,,,,3,,11.50,,,,,1521,True,Sprints,742,1091,1287.5,M,False,3,2026-03-28,2026-03-28,False
31141,127016,139,30072,,,,,,,,3,,11.76,,,,,1521,True,Sprints,673,1038,1192.0,M,False,3,2026-03-28,2026-03-28,False
31142,127018,169,29748,,,,,,,,3,,11.94,,,,,1521,True,Sprints,628,1001,1128.5,M,False,3,2026-03-28,2026-03-28,False
31143,127020,139,29984,,,,,,,,3,,11.97,,,,,1521,True,Sprints,620,995,1117.5,M,False,3,2026-03-28,2026-03-28,False
31144,127022,139,25018,,,,,,,,3,,12.09,,,,,1521,True,Sprints,591,972,1077.0,M,False,3,2026-03-28,2026-03-28,False
31145,127023,139,31378,,,,,,,,3,,12.10,,,,,1521,True,Sprints,588,970,1073.0,M,False,3,2026-03-28,2026-03-28,False
31146,127027,166,31024,,,,,,,,3,,12.69,,,,,1521,True,Sprints,455,857,883.5,M,False,3,2026-03-28,2026-03-28,False
31147,127030,139,1589,,,,,,,,3,,13.40,,,,,1521,True,Sprints,317,731,682.5,M,False,3,2026-03-28,2026-03-28,False
31148,127032,139,26835,,,,,,,,3,,14.26,,,,,1521,True,Sprints,183,592,479.0,M,False,3,2026-03-28,2026-03-28,False
31149,127034,130,30343,,,,,,,,3,,15.72,,,,,1521,True,Sprints,39,389,233.5,M,False,3,2026-03-28,2026-03-28,False
31150,127036,157,30969,,,,,,,,4,,23.01,,,,,1521,True,Sprints,791,1132,1357.0,M,False,3,2026-03-28,2026-03-28,False
31151,127038,130,30039,,,,,,,,4,,23.40,,,,,1521,True,Sprints,742,1094,1289.0,M,False,3,2026-03-28,2026-03-28,False
31152,127040,136,31377,,,,,,,,4,,23.53,,,,,1521,True,Sprints,726,1081,1266.5,M,False,3,2026-03-28,2026-03-28,False
32419,125393,10,31091,,,,,,,,3,,11.15,,,,,1495,True,Sprints,840,1165,1422.5,M,False,3,2026-03-14,2026-03-14,False
32420,125395,10,5614,,,,,,,,3,,12.05,,,,,1495,True,Sprints,601,980,1091.0,M,False,3,2026-03-14,2026-03-14,False
32422,127013,130,28331,,,,,,,,3,,11.47,,,,,1521,True,Sprints,750,1097,1298.5,M,False,3,2026-03-28,2026-03-28,False
32423,127043,166,31382,,,,,,,,4,,23.90,,,,,1521,True,Sprints,682,1045,1204.5,M,False,3,2026-03-28,2026-03-28,False
32440,128151,233,31179,Fr,,,,,,,3,,11.28,,,,,1533,True,Sprints,803,1137,1371.5,M,False,3,2026-03-28,2026-03-28,False
32441,128153,233,31211,So,,,,,,,4,,23.40,,,,,1533,True,Sprints,742,1094,1289.0,M,False,3,2026-03-28,2026-03-28,False
32442,128155,233,31198,Fr,,,,,,,4,,24.07,,,,,1533,True,Sprints,662,1028,1176.0,M,False,3,2026-03-28,2026-03-28,False
32443,128157,233,31180,Fr,,,,,,,4,,24.63,,,,,1533,True,Sprints,599,975,1086.5,M,False,3,2026-03-28,2026-03-28,False
32444,128159,233,31426,Fr,,,,,,,6,,53.28,,,,,1533,True,Sprints,674,1077,1212.5,M,False,3,2026-03-28,2026-03-28,False
32467,125394,10,31093,,,,,,,,3,,11.96,,,,,1495,True,Sprints,623,997,1121.5,M,False,3,2026-03-14,2026-03-14,False
32468,125396,10,31094,,,,,,,,3,,12.22,,,,,1495,True,Sprints,560,946,1033.0,M,False,3,2026-03-14,2026-03-14,False
32469,125445,19,31232,,,,,,,,4,,24.14,,,,,1495,True,Sprints,654,1021,1164.5,M,False,3,2026-03-14,2026-03-14,False
32486,125398,10,31091,,,,,,,,4,,23.60,,,,,1495,True,Sprints,718,1074,1255.0,M,False,3,2026-03-14,2026-03-14,False
32487,125400,10,31093,,,,,,,,4,,24.66,,,,,1495,True,Sprints,595,972,1081.0,M,False,3,2026-03-14,2026-03-14,False
32503,125434,19,5165,,,,,,,,3,,11.77,,,,,1495,True,Sprints,671,1036,1189.0,M,False,3,2026-03-14,2026-03-14,False
32504,125435,19,31235,,,,,,,,3,,11.86,,,,,1495,True,Sprints,648,1017,1156.5,M,False,3,2026-03-14,2026-03-14,False
32505,125437,19,25501,,,,,,,,3,,12.13,,,,,1495,True,Sprints,581,964,1063.0,M,False,3,2026-03-14,2026-03-14,False
32506,125438,19,31236,,,,,,,,3,,12.44,,,,,1495,True,Sprints,509,904,961.0,M,False,3,2026-03-14,2026-03-14,False
32507,125439,19,31237,,,,,,,,3,,12.45,,,,,1495,True,Sprints,507,902,958.0,M,False,3,2026-03-14,2026-03-14,False
32508,125443,19,25499,,,,,,,,4,,22.13,,,,,1495,True,Sprints,906,1223,1517.5,M,False,3,2026-03-14,2026-03-14,False
32509,125446,19,5165,,,,,,,,4,,24.83,,,,,1495,True,Sprints,577,956,1055.0,M,False,3,2026-03-14,2026-03-14,False
32510,125447,19,31240,,,,,,,,4,,25.23,,,,,1495,True,Sprints,534,920,994.0,M,False,3,2026-03-14,2026-03-14,False
32550,125399,10,5614,,,,,,,,4,,24.45,,,,,1495,True,Sprints,619,992,1115.0,M,False,3,2026-03-14,2026-03-14,False
32551,125401,10,31094,,,,,,,,4,,25.47,,,,,1495,True,Sprints,510,898,959.0,M,False,3,2026-03-14,2026-03-14,False
32552,125403,10,5613,,,,,,,,6,,53.57,,,,,1495,True,Sprints,659,1066,1192.0,M,False,3,2026-03-14,2026-03-14,False
32565,125430,19,25499,,,,,,,,3,,10.99,,,,,1495,True,Sprints,886,1200,1486.0,M,False,3,2026-03-14,2026-03-14,False
32566,125431,19,31232,,,,,,,,3,,11.58,,,,,1495,True,Sprints,720,1075,1257.5,M,False,3,2026-03-14,2026-03-14,False
32567,125432,19,31233,,,,,,,,3,,11.59,,,,,1495,True,Sprints,718,1072,1254.0,M,False,3,2026-03-14,2026-03-14,False
32568,125433,19,31234,,,,,,,,3,,11.74,,,,,1495,True,Sprints,678,1042,1199.0,M,False,3,2026-03-14,2026-03-14,False
32569,125436,19,25500,,,,,,,,3,,12.07,,,,,1495,True,Sprints,596,976,1084.0,M,False,3,2026-03-14,2026-03-14,False
32573,125444,19,2306,,,,,,,,4,,23.73,,,,,1495,True,Sprints,702,1061,1232.5,M,False,3,2026-03-14,2026-03-14,False
32574,125448,19,25500,,,,,,,,4,,25.46,,,,,1495,True,Sprints,511,899,960.5,M,False,3,2026-03-14,2026-03-14,False
32575,125449,19,31241,,,,,,,,4,,27.52,,,,,1495,True,Sprints,322,723,683.5,M,False,3,2026-03-14,2026-03-14,False
33704,125453,19,31244,,,,,,,,6,,52.53,,,,,1495,True,Sprints,714,1106,1267.0,M,False,3,2026-03-14,2026-03-14,False
33705,125454,19,31245,,,,,,,,6,,53.58,,,,,1495,True,Sprints,659,1065,1191.5,M,False,3,2026-03-14,2026-03-14,False
33706,125455,19,31246,,,,,,,,6,,57.29,,,,,1495,True,Sprints,480,930,945.0,M,False,3,2026-03-14,2026-03-14,False
33707,125458,19,31242,,,,,,,,6,,1:06.89,,,,,1495,True,Sprints,149,622,460.0,M,False,3,2026-03-14,2026-03-14,False
33723,125450,19,31242,,,,,,,,4,,28.78,,,,,1495,True,Sprints,228,626,541.0,M,False,3,2026-03-14,2026-03-14,False
33724,125456,19,31241,,,,,,,,6,,1:01.92,,,,,1495,True,Sprints,297,774,684.0,M,False,3,2026-03-14,2026-03-14,False
33725,125457,19,31247,,,,,,,,6,,1:02.13,,,,,1495,True,Sprints,290,767,673.5,M,False,3,2026-03-14,2026-03-14,False
34259,125494,95,30147,,,,,,,,3,,11.95,,,,,1496,True,Sprints,625,999,1124.5,M,False,3,2026-03-13,2026-03-13,False
34260,125496,95,30149,,,,,,,,4,,23.04,,,,,1496,True,Sprints,787,1129,1351.5,M,False,3,2026-03-13,2026-03-13,False
34305,125495,95,30148,,,,,,,,3,,12.43,,,,,1496,True,Sprints,512,906,965.0,M,False,3,2026-03-13,2026-03-13,False
35670,125497,160,31252,,,,,,,,3,,11.37,,,,,1497,True,Sprints,777,1118,1336.0,M,False,3,2026-03-15,2026-03-15,False
35671,125498,160,31253,,,,,,,,3,,11.40,,,,,1497,True,Sprints,769,1112,1325.0,M,False,3,2026-03-15,2026-03-15,False
35672,125500,165,29793,,,,,,,,3,,11.89,,,,,1497,True,Sprints,640,1011,1145.5,M,False,3,2026-03-15,2026-03-15,False
35673,125503,152,25473,,,,,,,,3,,12.12,,,,,1497,True,Sprints,584,966,1067.0,M,False,3,2026-03-15,2026-03-15,False
35674,125504,160,31255,,,,,,,,3,,12.20,,,,,1497,True,Sprints,565,950,1040.0,M,False,3,2026-03-15,2026-03-15,False
35675,125506,160,31252,,,,,,,,4,,23.41,,,,,1497,True,Sprints,741,1093,1287.5,M,False,3,2026-03-15,2026-03-15,False
35715,125499,152,30994,,,,,,,,3,,11.89,,,,,1497,True,Sprints,640,1011,1145.5,M,False,3,2026-03-15,2026-03-15,False
35716,125501,165,24882,,,,,,,,3,,11.91,,,,,1497,True,Sprints,635,1007,1138.5,M,False,3,2026-03-15,2026-03-15,False
35717,125502,160,31254,,,,,,,,3,,12.04,,,,,1497,True,Sprints,603,982,1094.0,M,False,3,2026-03-15,2026-03-15,False
35718,125505,160,25407,,,,,,,,3,,13.51,,,,,1497,True,Sprints,298,713,654.5,M,False,3,2026-03-15,2026-03-15,False
35719,125507,160,31253,,,,,,,,4,,23.79,,,,,1497,True,Sprints,695,1055,1222.5,M,False,3,2026-03-15,2026-03-15,False
37023,125509,160,31254,,,,,,,,4,,26.04,,,,,1497,True,Sprints,453,848,877.0,M,False,3,2026-03-15,2026-03-15,False
37024,125511,160,11421,,,,,,,,4,,27.32,,,,,1497,True,Sprints,339,740,709.0,M,False,3,2026-03-15,2026-03-15,False
37025,125512,160,31256,,,,,,,,6,,54.33,,,,,1497,True,Sprints,620,1037,1138.5,M,False,3,2026-03-15,2026-03-15,False
37026,125514,138,802,,,,,,,,6,,57.00,,,,,1497,True,Sprints,493,940,963.0,M,False,3,2026-03-15,2026-03-15,False
37028,125582,17,30159,So,,,,,,,3,,11.47,,,,,1498,True,Sprints,750,1097,1298.5,M,False,3,2026-03-14,2026-03-14,False
37029,125583,20,31272,,,,,,,,3,,12.32,,,,,1498,True,Sprints,537,927,1000.5,M,False,3,2026-03-14,2026-03-14,False
37340,125515,152,16142,,,,,,,,6,,57.73,,,,,1497,True,Sprints,461,914,918.0,M,False,3,2026-03-15,2026-03-15,False
37341,125580,17,25198,So,,,,,,,3,,11.28,,,,,1498,True,Sprints,803,1137,1371.5,M,False,3,2026-03-14,2026-03-14,False
37342,125581,20,31271,,,,,,,,3,,11.46,,,,,1498,True,Sprints,753,1099,1302.5,M,False,3,2026-03-14,2026-03-14,False
38294,125508,160,31255,,,,,,,,4,,25.03,,,,,1497,True,Sprints,555,938,1024.0,M,False,3,2026-03-15,2026-03-15,False
38295,125510,152,30971,,,,,,,,4,,26.48,,,,,1497,True,Sprints,412,810,817.0,M,False,3,2026-03-15,2026-03-15,False
38296,125513,152,30971,,,,,,,,6,,55.15,,,,,1497,True,Sprints,580,1007,1083.5,M,False,3,2026-03-15,2026-03-15,False
38297,125516,160,30346,,,,,,,,6,,57.98,,,,,1497,True,Sprints,450,906,903.0,M,False,3,2026-03-15,2026-03-15,False
38298,125517,160,31257,,,,,,,,6,,58.08,,,,,1497,True,Sprints,446,902,897.0,M,False,3,2026-03-15,2026-03-15,False
38299,125518,160,31258,,,,,,,,6,,1:02.46,,,,,1497,True,Sprints,278,756,656.0,M,False,3,2026-03-15,2026-03-15,False
38308,125519,160,27514,,,,,,,,6,,1:07.16,,,,,1497,True,Sprints,142,614,449.0,M,False,3,2026-03-15,2026-03-15,False
38325,125520,160,12027,,,,,,,,6,,1:12.79,,,,,1497,True,Sprints,39,463,270.5,M,False,3,2026-03-15,2026-03-15,False
38395,128154,233,31189,Fr,,,,,,,4,,24.06,,,,,1533,True,Sprints,663,1029,1177.5,M,False,3,2026-03-28,2026-03-28,False
38396,128156,233,31192,Fr,,,,,,,4,,24.12,,,,,1533,True,Sprints,656,1023,1167.5,M,False,3,2026-03-28,2026-03-28,False
38397,128158,233,31425,Fr,,,,,,,6,,51.37,,,,,1533,True,Sprints,778,1151,1353.5,M,False,3,2026-03-28,2026-03-28,False
39817,127042,139,27046,,,,,,,,4,,23.88,,,,,1521,True,Sprints,684,1046,1207.0,M,False,3,2026-03-28,2026-03-28,False
39818,127045,139,29984,,,,,,,,4,,24.02,,,,,1521,True,Sprints,668,1033,1184.5,M,False,3,2026-03-28,2026-03-28,False
39819,127047,169,30071,,,,,,,,4,,24.20,,,,,1521,True,Sprints,647,1016,1155.0,M,False,3,2026-03-28,2026-03-28,False
39820,127049,130,28331,,,,,,,,4,,24.37,,,,,1521,True,Sprints,628,1000,1128.0,M,False,3,2026-03-28,2026-03-28,False
39821,127050,139,31383,,,,,,,,4,,24.44,,,,,1521,True,Sprints,620,993,1116.5,M,False,3,2026-03-28,2026-03-28,False
39822,127051,160,31384,,,,,,,,4,,24.89,,,,,1521,True,Sprints,570,951,1045.5,M,False,3,2026-03-28,2026-03-28,False
39823,127053,169,29750,,,,,,,,4,,26.37,,,,,1521,True,Sprints,422,819,831.5,M,False,3,2026-03-28,2026-03-28,False
39824,127055,139,1589,,,,,,,,4,,30.55,,,,,1521,True,Sprints,123,500,373.0,M,False,3,2026-03-28,2026-03-28,False
39825,127057,159,24869,,,,,,,,6,,50.66,,,,,1521,True,Sprints,819,1179,1408.5,M,False,3,2026-03-28,2026-03-28,False
39826,127059,130,30039,,,,,,,,6,,51.35,,,,,1521,True,Sprints,780,1151,1355.5,M,False,3,2026-03-28,2026-03-28,False
39827,127061,164,22379,,,,,,,,6,,52.69,,,,,1521,True,Sprints,706,1099,1255.5,M,False,3,2026-03-28,2026-03-28,False
39828,127063,164,27239,,,,,,,,6,,53.08,,,,,1521,True,Sprints,685,1084,1227.0,M,False,3,2026-03-28,2026-03-28,False
39829,127065,137,27840,,,,,,,,6,,53.56,,,,,1521,True,Sprints,660,1066,1193.0,M,False,3,2026-03-28,2026-03-28,False
39830,127067,166,19398,,,,,,,,6,,54.19,,,,,1521,True,Sprints,627,1043,1148.5,M,False,3,2026-03-28,2026-03-28,False
39831,127069,159,4364,,,,,,,,6,,55.31,,,,,1521,True,Sprints,572,1001,1072.5,M,False,3,2026-03-28,2026-03-28,False
39832,127071,79,7954,,,,,,,,6,,55.55,,,,,1521,True,Sprints,560,992,1056.0,M,False,3,2026-03-28,2026-03-28,False
39833,127073,79,31032,,,,,,,,6,,57.57,,,,,1521,True,Sprints,468,920,928.0,M,False,3,2026-03-28,2026-03-28,False
39834,127076,132,30348,,,,,,,,6,,59.16,,,,,1521,True,Sprints,401,865,833.5,M,False,3,2026-03-28,2026-03-28,False
39835,127078,139,1584,,,,,,,,6,,1:00.60,,,,,1521,True,Sprints,345,817,753.5,M,False,3,2026-03-28,2026-03-28,False
39836,127081,139,1589,,,,,,,,6,,1:03.90,,,,,1521,True,Sprints,232,711,587.5,M,False,3,2026-03-28,2026-03-28,False
39837,127083,132,2754,,,,,,,,6,,1:07.13,,,,,1521,True,Sprints,143,615,450.5,M,False,3,2026-03-28,2026-03-28,False
39884,127039,130,27917,,,,,,,,4,,23.47,,,,,1521,True,Sprints,733,1087,1276.5,M,False,3,2026-03-28,2026-03-28,False
39885,127060,130,27917,,,,,,,,6,,52.50,,,,,1521,True,Sprints,716,1107,1269.5,M,False,3,2026-03-28,2026-03-28,False
39903,127015,166,24460,,,,,,,,3,,11.63,,,,,1521,True,Sprints,707,1064,1239.0,M,False,3,2026-03-28,2026-03-28,False
39904,127017,139,4346,,,,,,,,3,,11.90,,,,,1521,True,Sprints,638,1009,1142.5,M,False,3,2026-03-28,2026-03-28,False
39905,127019,139,27046,,,,,,,,3,,11.95,,,,,1521,True,Sprints,625,999,1124.5,M,False,3,2026-03-28,2026-03-28,False
39906,127021,157,29978,,,,,,,,3,,11.99,,,,,1521,True,Sprints,615,990,1110.0,M,False,3,2026-03-28,2026-03-28,False
39907,127024,159,26511,,,,,,,,3,,12.40,,,,,1521,True,Sprints,518,912,974.0,M,False,3,2026-03-28,2026-03-28,False
39908,127025,139,31379,,,,,,,,3,,12.45,,,,,1521,True,Sprints,507,902,958.0,M,False,3,2026-03-28,2026-03-28,False
39909,127026,139,31380,,,,,,,,3,,12.49,,,,,1521,True,Sprints,498,895,945.5,M,False,3,2026-03-28,2026-03-28,False
39910,127028,139,31033,,,,,,,,3,,12.82,,,,,1521,True,Sprints,428,834,845.0,M,False,3,2026-03-28,2026-03-28,False
39911,127029,139,31381,,,,,,,,3,,13.13,,,,,1521,True,Sprints,366,778,755.0,M,False,3,2026-03-28,2026-03-28,False
39912,127031,139,1557,,,,,,,,3,,13.56,,,,,1521,True,Sprints,289,704,641.0,M,False,3,2026-03-28,2026-03-28,False
39913,127033,139,28523,,,,,,,,3,,14.32,,,,,1521,True,Sprints,175,583,466.5,M,False,3,2026-03-28,2026-03-28,False
39914,127035,159,29973,,,,,,,,4,,22.28,,,,,1521,True,Sprints,886,1207,1489.5,M,False,3,2026-03-28,2026-03-28,False
39915,127037,169,24897,,,,,,,,4,,23.14,,,,,1521,True,Sprints,774,1119,1333.5,M,False,3,2026-03-28,2026-03-28,False
39916,127041,79,25858,,,,,,,,4,,23.64,,,,,1521,True,Sprints,713,1070,1248.0,M,False,3,2026-03-28,2026-03-28,False
39917,127044,166,4727,,,,,,,,4,,23.92,,,,,1521,True,Sprints,680,1043,1201.5,M,False,3,2026-03-28,2026-03-28,False
39918,127046,169,29748,,,,,,,,4,,24.09,,,,,1521,True,Sprints,660,1026,1173.0,M,False,3,2026-03-28,2026-03-28,False
39919,127048,166,24460,,,,,,,,4,,24.29,,,,,1521,True,Sprints,637,1007,1140.5,M,False,3,2026-03-28,2026-03-28,False
39920,127052,159,26511,,,,,,,,4,,25.73,,,,,1521,True,Sprints,483,875,920.5,M,False,3,2026-03-28,2026-03-28,False
39921,127054,159,761,,,,,,,,4,,27.07,,,,,1521,True,Sprints,360,760,740.0,M,False,3,2026-03-28,2026-03-28,False
39922,127056,166,29864,,,,,,,,6,,50.23,,,,,1521,True,Sprints,844,1196,1442.0,M,False,3,2026-03-28,2026-03-28,False
39923,127058,169,29749,,,,,,,,6,,51.17,,,,,1521,True,Sprints,790,1159,1369.5,M,False,3,2026-03-28,2026-03-28,False
39924,127062,169,30071,,,,,,,,6,,52.88,,,,,1521,True,Sprints,696,1092,1242.0,M,False,3,2026-03-28,2026-03-28,False
39925,127064,160,31256,,,,,,,,6,,53.54,,,,,1521,True,Sprints,661,1067,1194.5,M,False,3,2026-03-28,2026-03-28,False
39926,127066,79,25858,,,,,,,,6,,53.60,,,,,1521,True,Sprints,658,1065,1190.5,M,False,3,2026-03-28,2026-03-28,False
39927,127068,139,4346,,,,,,,,6,,54.45,,,,,1521,True,Sprints,614,1033,1130.5,M,False,3,2026-03-28,2026-03-28,False
39928,127070,159,30043,,,,,,,,6,,55.34,,,,,1521,True,Sprints,571,1000,1071.0,M,False,3,2026-03-28,2026-03-28,False
39929,127072,166,29862,,,,,,,,6,,56.41,,,,,1521,True,Sprints,520,961,1000.5,M,False,3,2026-03-28,2026-03-28,False
39930,127074,139,30042,,,,,,,,6,,58.31,,,,,1521,True,Sprints,436,894,883.0,M,False,3,2026-03-28,2026-03-28,False
39931,127075,130,31385,,,,,,,,6,,58.86,,,,,1521,True,Sprints,413,875,850.5,M,False,3,2026-03-28,2026-03-28,False
39932,127077,139,4347,,,,,,,,6,,59.96,,,,,1521,True,Sprints,369,838,788.0,M,False,3,2026-03-28,2026-03-28,False
39933,127079,169,29750,,,,,,,,6,,1:00.80,,,,,1521,True,Sprints,337,810,742.0,M,False,3,2026-03-28,2026-03-28,False
39934,127080,160,31386,,,,,,,,6,,1:03.08,,,,,1521,True,Sprints,258,737,626.5,M,False,3,2026-03-28,2026-03-28,False
39935,127082,157,30045,,,,,,,,6,,1:04.51,,,,,1521,True,Sprints,214,692,560.0,M,False,3,2026-03-28,2026-03-28,False
40060,125618,166,29864,,,,,,,,4,,22.89,,,,,1500,True,Sprints,806,1145,1378.5,M,False,3,2026-03-13,2026-03-14,False
40061,125620,166,29864,,,,,,,,6,,50.29,,,,,1500,True,Sprints,840,1193,1436.5,M,False,3,2026-03-13,2026-03-14,False
40142,125621,166,27016,,,,,,,,6,,54.75,,,,,1500,True,Sprints,599,1022,1110.0,M,False,3,2026-03-13,2026-03-14,False
44321,125630,167,25023,,,,,,,,3,,11.09,,,,,1501,True,Sprints,857,1178,1446.0,M,False,3,2026-03-21,2026-03-21,False
44322,125632,167,5234,,,,,,,,3,,11.30,,,,,1501,True,Sprints,797,1133,1363.5,M,False,3,2026-03-21,2026-03-21,False
44323,125634,88,4073,,,,,,,,3,,11.43,,,,,1501,True,Sprints,761,1106,1314.0,M,False,3,2026-03-21,2026-03-21,False
44324,125636,167,25031,,,,,,,,3,,11.52,,,,,1501,True,Sprints,736,1087,1279.5,M,False,3,2026-03-21,2026-03-21,False
44325,125641,166,31047,,,,,,,,3,,12.09,,,,,1501,True,Sprints,591,972,1077.0,M,False,3,2026-03-21,2026-03-21,False
44326,125643,167,29846,,,,,,,,3,,12.47,,,,,1501,True,Sprints,503,899,952.5,M,False,3,2026-03-21,2026-03-21,False
44327,125644,167,31281,,,,,,,,3,,12.49,,,,,1501,True,Sprints,498,895,945.5,M,False,3,2026-03-21,2026-03-21,False
44328,125646,167,5221,,,,,,,,3,,12.60,,,,,1501,True,Sprints,474,874,911.0,M,False,3,2026-03-21,2026-03-21,False
44329,125651,86,11516,,,,,,,,3,,12.93,,,,,1501,True,Sprints,405,814,812.0,M,False,3,2026-03-21,2026-03-21,False
44330,125653,86,1536,,,,,,,,3,,14.02,,,,,1501,True,Sprints,217,630,532.0,M,False,3,2026-03-21,2026-03-21,False
44331,125655,88,4073,,,,,,,,4,,22.18,,,,,1501,True,Sprints,899,1218,1508.0,M,False,3,2026-03-21,2026-03-21,False
44332,125657,166,29864,,,,,,,,4,,22.54,,,,,1501,True,Sprints,851,1180,1441.0,M,False,3,2026-03-21,2026-03-21,False
44333,125659,166,4727,,,,,,,,4,,22.98,,,,,1501,True,Sprints,795,1136,1363.0,M,False,3,2026-03-21,2026-03-21,False
44334,125661,167,25024,,,,,,,,4,,23.59,,,,,1501,True,Sprints,719,1075,1256.5,M,False,3,2026-03-21,2026-03-21,False
44335,125662,167,31283,,,,,,,,4,,23.99,,,,,1501,True,Sprints,671,1036,1189.0,M,False,3,2026-03-21,2026-03-21,False
44336,125664,167,31278,,,,,,,,4,,24.15,,,,,1501,True,Sprints,653,1020,1163.0,M,False,3,2026-03-21,2026-03-21,False
44337,125666,167,4304,,,,,,,,4,,24.72,,,,,1501,True,Sprints,589,967,1072.5,M,False,3,2026-03-21,2026-03-21,False
44338,125668,167,29846,,,,,,,,4,,25.15,,,,,1501,True,Sprints,543,927,1006.5,M,False,3,2026-03-21,2026-03-21,False
44339,125670,167,5240,,,,,,,,4,,25.49,,,,,1501,True,Sprints,508,896,956.0,M,False,3,2026-03-21,2026-03-21,False
44340,125672,167,5221,,,,,,,,4,,25.59,,,,,1501,True,Sprints,497,887,940.5,M,False,3,2026-03-21,2026-03-21,False
44341,125675,167,2540,,,,,,,,4,,26.55,,,,,1501,True,Sprints,406,804,808.0,M,False,3,2026-03-21,2026-03-21,False
44342,125677,63,554,,,,,,,,6,,51.71,,,,,1501,True,Sprints,759,1137,1327.5,M,False,3,2026-03-21,2026-03-21,False
44343,125679,88,31028,,,,,,,,6,,51.89,,,,,1501,True,Sprints,749,1130,1314.0,M,False,3,2026-03-21,2026-03-21,False
44344,125682,167,25024,,,,,,,,6,,53.20,,,,,1501,True,Sprints,679,1080,1219.0,M,False,3,2026-03-21,2026-03-21,False
44345,125684,167,31278,,,,,,,,6,,53.59,,,,,1501,True,Sprints,658,1065,1190.5,M,False,3,2026-03-21,2026-03-21,False
44346,125686,167,31281,,,,,,,,6,,1:00.28,,,,,1501,True,Sprints,357,827,770.5,M,False,3,2026-03-21,2026-03-21,False
44348,125631,167,5246,,,,,,,,3,,11.20,,,,,1501,True,Sprints,825,1154,1402.0,M,False,3,2026-03-21,2026-03-21,False
44349,125633,166,24460,,,,,,,,3,,11.43,,,,,1501,True,Sprints,761,1106,1314.0,M,False,3,2026-03-21,2026-03-21,False
44350,125635,88,5541,,,,,,,,3,,11.44,,,,,1501,True,Sprints,758,1104,1310.0,M,False,3,2026-03-21,2026-03-21,False
44351,125637,166,4727,,,,,,,,3,,11.68,,,,,1501,True,Sprints,694,1054,1221.0,M,False,3,2026-03-21,2026-03-21,False
44352,125638,167,31278,,,,,,,,3,,11.91,,,,,1501,True,Sprints,635,1007,1138.5,M,False,3,2026-03-21,2026-03-21,False
44353,125639,86,31279,,,,,,,,3,,11.93,,,,,1501,True,Sprints,630,1003,1131.5,M,False,3,2026-03-21,2026-03-21,False
44354,125640,167,31280,,,,,,,,3,,12.08,,,,,1501,True,Sprints,593,974,1080.0,M,False,3,2026-03-21,2026-03-21,False
44355,125642,167,5240,,,,,,,,3,,12.31,,,,,1501,True,Sprints,539,929,1003.5,M,False,3,2026-03-21,2026-03-21,False
44356,125645,167,4304,,,,,,,,3,,12.59,,,,,1501,True,Sprints,476,876,914.0,M,False,3,2026-03-21,2026-03-21,False
44357,125647,166,31024,,,,,,,,3,,12.61,,,,,1501,True,Sprints,472,872,908.0,M,False,3,2026-03-21,2026-03-21,False
44358,125648,167,31282,,,,,,,,3,,12.65,,,,,1501,True,Sprints,463,865,895.5,M,False,3,2026-03-21,2026-03-21,False
44359,125650,167,26171,,,,,,,,3,,12.83,,,,,1501,True,Sprints,426,832,842.0,M,False,3,2026-03-21,2026-03-21,False
44360,125652,86,30285,,,,,,,,3,,13.47,,,,,1501,True,Sprints,305,720,665.0,M,False,3,2026-03-21,2026-03-21,False
44361,125654,167,5246,,,,,,,,4,,22.12,,,,,1501,True,Sprints,908,1224,1520.0,M,False,3,2026-03-21,2026-03-21,False
44362,125656,167,5234,,,,,,,,4,,22.39,,,,,1501,True,Sprints,871,1196,1469.0,M,False,3,2026-03-21,2026-03-21,False
44363,125658,167,25023,,,,,,,,4,,22.63,,,,,1501,True,Sprints,840,1171,1425.5,M,False,3,2026-03-21,2026-03-21,False
44364,125660,88,31028,,,,,,,,4,,23.46,,,,,1501,True,Sprints,735,1088,1279.0,M,False,3,2026-03-21,2026-03-21,False
44365,125663,167,25032,,,,,,,,4,,24.13,,,,,1501,True,Sprints,655,1022,1166.0,M,False,3,2026-03-21,2026-03-21,False
44366,125665,167,5252,,,,,,,,4,,24.34,,,,,1501,True,Sprints,631,1002,1132.0,M,False,3,2026-03-21,2026-03-21,False
44367,125667,167,31280,,,,,,,,4,,24.77,,,,,1501,True,Sprints,583,962,1064.0,M,False,3,2026-03-21,2026-03-21,False
44368,125669,167,19375,,,,,,,,4,,25.44,,,,,1501,True,Sprints,513,901,963.5,M,False,3,2026-03-21,2026-03-21,False
44369,125673,167,26171,,,,,,,,4,,26.18,,,,,1501,True,Sprints,440,835,857.5,M,False,3,2026-03-21,2026-03-21,False
44370,125674,167,31284,,,,,,,,4,,26.51,,,,,1501,True,Sprints,409,807,812.5,M,False,3,2026-03-21,2026-03-21,False
44371,125676,166,29864,,,,,,,,6,,50.25,,,,,1501,True,Sprints,843,1195,1440.5,M,False,3,2026-03-21,2026-03-21,False
44372,125678,167,31283,,,,,,,,6,,51.85,,,,,1501,True,Sprints,752,1132,1318.0,M,False,3,2026-03-21,2026-03-21,False
44373,125680,166,27016,,,,,,,,6,,52.89,,,,,1501,True,Sprints,695,1092,1241.0,M,False,3,2026-03-21,2026-03-21,False
44374,125681,167,31285,,,,,,,,6,,52.96,,,,,1501,True,Sprints,691,1089,1235.5,M,False,3,2026-03-21,2026-03-21,False
44375,125683,166,29862,,,,,,,,6,,53.22,,,,,1501,True,Sprints,678,1079,1217.5,M,False,3,2026-03-21,2026-03-21,False
44376,125685,86,3012,,,,,,,,6,,54.07,,,,,1501,True,Sprints,634,1047,1157.5,M,False,3,2026-03-21,2026-03-21,False
44377,125687,86,30285,,,,,,,,6,,1:01.23,,,,,1501,True,Sprints,322,796,720.0,M,False,3,2026-03-21,2026-03-21,False
44378,125688,167,31286,,,,,,,,6,,1:01.88,,,,,1501,True,Sprints,298,775,685.5,M,False,3,2026-03-21,2026-03-21,False
44392,125649,167,26169,,,,,,,,3,,12.79,,,,,1501,True,Sprints,434,839,853.5,M,False,3,2026-03-21,2026-03-21,False
44393,125671,167,26169,,,,,,,,4,,25.56,,,,,1501,True,Sprints,500,890,945.0,M,False,3,2026-03-21,2026-03-21,False
44394,125689,164,19007,,,,,,,,6,,1:07.19,,,,,1501,True,Sprints,142,613,448.5,M,False,3,2026-03-21,2026-03-21,False
45562,127428,124,29660,,,,,,,,3,,11.13,,,,,1522,True,Sprints,845,1169,1429.5,M,False,3,2026-03-28,2026-03-28,False
45563,127430,124,3843,,,,,,,,3,,11.28,,,,,1522,True,Sprints,803,1137,1371.5,M,False,3,2026-03-28,2026-03-28,False
45564,127432,124,29660,,,,,,,,4,,22.40,,,,,1522,True,Sprints,870,1195,1467.5,M,False,3,2026-03-28,2026-03-28,False
45565,127434,124,3871,,,,,,,,4,,22.94,,,,,1522,True,Sprints,800,1140,1370.0,M,False,3,2026-03-28,2026-03-28,False
45566,127436,124,29633,,,,,,,,4,,23.46,,,,,1522,True,Sprints,735,1088,1279.0,M,False,3,2026-03-28,2026-03-28,False
45567,127438,124,29633,,,,,,,,6,,52.39,,,,,1522,True,Sprints,722,1111,1277.5,M,False,3,2026-03-28,2026-03-28,False
45605,127521,116,29873,,,,,,,,3,,10.77,,,,,1522,True,Sprints,952,1248,1576.0,M,False,3,2026-03-28,2026-03-28,False
45606,127525,116,29613,,,,,,,,3,,11.62,,,,,1522,True,Sprints,710,1066,1243.0,M,False,3,2026-03-28,2026-03-28,False
45607,127527,116,3945,,,,,,,,3,,12.30,,,,,1522,True,Sprints,541,931,1006.5,M,False,3,2026-03-28,2026-03-28,False
45608,127529,116,31415,,,,,,,,4,,23.58,,,,,1522,True,Sprints,720,1076,1258.0,M,False,3,2026-03-28,2026-03-28,False
45609,127531,116,31415,,,,,,,,6,,52.56,,,,,1522,True,Sprints,713,1104,1265.0,M,False,3,2026-03-28,2026-03-28,False
45610,127533,116,24638,,,,,,,,6,,53.53,,,,,1522,True,Sprints,661,1067,1194.5,M,False,3,2026-03-28,2026-03-28,False
45620,127554,102,29876,,,,,,,,3,,12.15,,,,,1522,True,Sprints,576,960,1056.0,M,False,3,2026-03-28,2026-03-28,False
45621,127556,102,29882,,,,,,,,6,,55.18,,,,,1522,True,Sprints,578,1006,1081.0,M,False,3,2026-03-28,2026-03-28,False
45629,127572,120,18785,,,,,,,,3,,12.15,,,,,1522,True,Sprints,576,960,1056.0,M,False,3,2026-03-28,2026-03-28,False
45630,127576,120,29679,,,,,,,,4,,22.77,,,,,1522,True,Sprints,821,1157,1399.5,M,False,3,2026-03-28,2026-03-28,False
46229,127581,120,30410,,,,,,,,4,,27.93,,,,,1522,True,Sprints,290,691,635.5,M,False,3,2026-03-28,2026-03-28,False
46274,127553,102,30168,,,,,,,,3,,11.67,,,,,1522,True,Sprints,697,1056,1225.0,M,False,3,2026-03-28,2026-03-28,False
46275,127555,102,29878,,,,,,,,4,,24.17,,,,,1522,True,Sprints,650,1019,1159.5,M,False,3,2026-03-28,2026-03-28,False
46283,127571,120,29679,,,,,,,,3,,11.66,,,,,1522,True,Sprints,699,1058,1228.0,M,False,3,2026-03-28,2026-03-28,False
46284,127573,120,29677,,,,,,,,3,,12.27,,,,,1522,True,Sprints,548,937,1016.5,M,False,3,2026-03-28,2026-03-28,False
46285,127574,120,31418,,,,,,,,3,,12.87,,,,,1522,True,Sprints,418,825,830.5,M,False,3,2026-03-28,2026-03-28,False
46286,127575,120,31419,,,,,,,,3,,13.18,,,,,1522,True,Sprints,357,769,741.5,M,False,3,2026-03-28,2026-03-28,False
46287,127577,120,18785,,,,,,,,4,,24.05,,,,,1522,True,Sprints,664,1030,1179.0,M,False,3,2026-03-28,2026-03-28,False
46288,127579,120,29677,,,,,,,,4,,25.23,,,,,1522,True,Sprints,534,920,994.0,M,False,3,2026-03-28,2026-03-28,False
46289,127429,124,3871,,,,,,,,3,,11.27,,,,,1522,True,Sprints,805,1139,1374.5,M,False,3,2026-03-28,2026-03-28,False
46290,127431,124,29630,,,,,,,,3,,11.37,,,,,1522,True,Sprints,777,1118,1336.0,M,False,3,2026-03-28,2026-03-28,False
46291,127433,124,24415,,,,,,,,4,,22.76,,,,,1522,True,Sprints,823,1158,1402.0,M,False,3,2026-03-28,2026-03-28,False
46292,127435,124,29630,,,,,,,,4,,23.26,,,,,1522,True,Sprints,759,1107,1312.5,M,False,3,2026-03-28,2026-03-28,False
46293,127437,124,30041,,,,,,,,4,,24.29,,,,,1522,True,Sprints,637,1007,1140.5,M,False,3,2026-03-28,2026-03-28,False
46294,127439,124,30041,,,,,,,,6,,55.16,,,,,1522,True,Sprints,579,1007,1082.5,M,False,3,2026-03-28,2026-03-28,False
49003,126076,19,31237,Fr,,,,,,,3,,12.25,,,,,1504,True,Sprints,553,941,1023.5,M,False,3,2026-03-20,2026-03-21,False
49009,126089,10,31093,So,,,,,,,3,,11.99,,,,,1504,True,Sprints,615,990,1110.0,M,False,3,2026-03-20,2026-03-21,False
49010,126091,10,31094,,,,,,,,3,,12.41,,,,,1504,True,Sprints,516,910,971.0,M,False,3,2026-03-20,2026-03-21,False
49011,126093,10,5614,Jr,,,,,,,4,,24.22,,,,2.2,1504,True,Sprints,645,1014,1152.0,M,False,3,2026-03-20,2026-03-21,False
49012,126095,10,31096,,,,,,,,6,,52.87,,,,,1504,True,Sprints,696,1093,1242.5,M,False,3,2026-03-20,2026-03-21,False
49041,127522,116,29612,,,,,,,,3,,11.09,,,,,1522,True,Sprints,857,1178,1446.0,M,False,3,2026-03-28,2026-03-28,False
49042,127523,116,31414,,,,,,,,3,,11.58,,,,,1522,True,Sprints,720,1075,1257.5,M,False,3,2026-03-28,2026-03-28,False
49043,127524,116,31415,,,,,,,,3,,11.58,,,,,1522,True,Sprints,720,1075,1257.5,M,False,3,2026-03-28,2026-03-28,False
49044,127526,116,24630,,,,,,,,3,,11.78,,,,,1522,True,Sprints,668,1034,1185.0,M,False,3,2026-03-28,2026-03-28,False
49045,127528,116,26504,,,,,,,,4,,22.10,,,,,1522,True,Sprints,910,1226,1523.0,M,False,3,2026-03-28,2026-03-28,False
49064,127530,116,24634,,,,,,,,6,,50.31,,,,,1522,True,Sprints,839,1193,1435.5,M,False,3,2026-03-28,2026-03-28,False
49065,127532,116,26504,,,,,,,,6,,53.46,,,,,1522,True,Sprints,665,1070,1200.0,M,False,3,2026-03-28,2026-03-28,False
49066,127534,116,27954,,,,,,,,6,,56.81,,,,,1522,True,Sprints,502,947,975.5,M,False,3,2026-03-28,2026-03-28,False
49075,127578,120,344,,,,,,,,4,,24.62,,,,,1522,True,Sprints,600,976,1088.0,M,False,3,2026-03-28,2026-03-28,False
49076,127580,120,26895,,,,,,,,4,,25.46,,,,,1522,True,Sprints,511,899,960.5,M,False,3,2026-03-28,2026-03-28,False
49077,127582,120,24835,,,,,,,,6,,55.78,,,,,1522,True,Sprints,550,984,1042.0,M,False,3,2026-03-28,2026-03-28,False
49232,126075,19,31234,Fr,,,,,,,3,,11.64,,,,,1504,True,Sprints,704,1062,1235.0,M,False,3,2026-03-20,2026-03-21,False
49234,126078,19,31305,Fr,,,,,,,4,,22.18,,,,,1504,True,Sprints,899,1218,1508.0,M,False,3,2026-03-20,2026-03-21,False
49240,126090,10,5614,Jr,,,,,,,3,,12.09,,,,,1504,True,Sprints,591,972,1077.0,M,False,3,2026-03-20,2026-03-21,False
49241,126092,10,31096,,,,,,,,4,,23.95,,,,2.2,1504,True,Sprints,676,1040,1196.0,M,False,3,2026-03-20,2026-03-21,False
49242,126094,10,31094,,,,,,,,4,,24.90,,,,,1504,True,Sprints,569,950,1044.0,M,False,3,2026-03-20,2026-03-21,False
49248,126194,146,3719,,,,,,,,3,,11.14,,,,,1506,True,Sprints,842,1167,1425.5,M,False,3,2026-03-20,2026-03-21,False
49249,126196,146,4149,,,,,,,,3,,11.62,,,,,1506,True,Sprints,710,1066,1243.0,M,False,3,2026-03-20,2026-03-21,False
49270,126198,146,3689,,,,,,,,3,,11.85,,,,,1506,True,Sprints,650,1019,1159.5,M,False,3,2026-03-20,2026-03-21,False
49271,126200,146,24607,,,,,,,,3,,12.00,,,,,1506,True,Sprints,613,990,1108.0,M,False,3,2026-03-20,2026-03-21,False
49272,126202,146,24891,,,,,,,,3,,12.39,,,,,1506,True,Sprints,521,914,978.0,M,False,3,2026-03-20,2026-03-21,False
49273,126204,146,29989,,,,,,,,3,,12.49,,,,,1506,True,Sprints,498,895,945.5,M,False,3,2026-03-20,2026-03-21,False
49274,126206,146,3709,,,,,,,,3,,12.53,,,,,1506,True,Sprints,489,887,932.5,M,False,3,2026-03-20,2026-03-21,False
49275,126208,146,24608,,,,,,,,3,,12.92,,,,,1506,True,Sprints,407,816,815.0,M,False,3,2026-03-20,2026-03-21,False
50620,126115,233,31178,Fr,,,,,,,3,,11.40,,,,,1505,True,Sprints,769,1112,1325.0,M,False,3,2026-03-20,2026-03-21,False
50621,126117,233,31180,Fr,,,,,,,3,,11.87,,,,,1505,True,Sprints,645,1015,1152.5,M,False,3,2026-03-20,2026-03-21,False
50622,126119,233,31198,Fr,,,,,,,3,,12.04,,,,,1505,True,Sprints,603,982,1094.0,M,False,3,2026-03-20,2026-03-21,False
50630,126136,233,31199,Fr,,,,,,,4,,24.20,,,,,1505,True,Sprints,647,1016,1155.0,M,False,3,2026-03-20,2026-03-21,False
50891,126145,233,31188,Fr,,,,,,,6,,51.90,,,,,1505,True,Sprints,749,1130,1314.0,M,False,3,2026-03-20,2026-03-21,False
50892,126147,233,31192,Fr,,,,,,,6,,53.57,,,,,1505,True,Sprints,659,1066,1192.0,M,False,3,2026-03-20,2026-03-21,False
50898,126116,233,31188,Fr,,,,,,,3,,11.71,,,,,1505,True,Sprints,686,1048,1210.0,M,False,3,2026-03-20,2026-03-21,False
50899,126118,233,31181,So,,,,,,,3,,11.98,,,,,1505,True,Sprints,618,993,1114.5,M,False,3,2026-03-20,2026-03-21,False
50900,126120,233,31223,Fr,,,,,,,3,,12.41,,,,,1505,True,Sprints,516,910,971.0,M,False,3,2026-03-20,2026-03-21,False
50907,126134,233,31178,Fr,,,,,,,4,,23.06,,,,,1505,True,Sprints,784,1127,1347.5,M,False,3,2026-03-20,2026-03-21,False
50908,126135,233,31309,Fr,,,,,,,4,,23.40,,,,,1505,True,Sprints,742,1094,1289.0,M,False,3,2026-03-20,2026-03-21,False
50909,126137,233,31219,Fr,,,,,,,4,,24.46,,,,,1505,True,Sprints,618,991,1113.5,M,False,3,2026-03-20,2026-03-21,False
50913,126144,233,31309,Fr,,,,,,,6,,50.43,,,,,1505,True,Sprints,832,1188,1426.0,M,False,3,2026-03-20,2026-03-21,False
50914,126146,233,31199,Fr,,,,,,,6,,51.99,,,,,1505,True,Sprints,744,1126,1307.0,M,False,3,2026-03-20,2026-03-21,False
51055,126192,146,3698,,,,,,,,3,,10.99,,,,,1506,True,Sprints,886,1200,1486.0,M,False,3,2026-03-20,2026-03-21,False
51056,126193,146,31313,,,,,,,,3,,11.08,,,,,1506,True,Sprints,860,1180,1450.0,M,False,3,2026-03-20,2026-03-21,False
51057,126197,146,24575,,,,,,,,3,,11.70,,,,,1506,True,Sprints,689,1050,1214.0,M,False,3,2026-03-20,2026-03-21,False
51058,126199,146,24888,,,,,,,,3,,11.99,,,,,1506,True,Sprints,615,990,1110.0,M,False,3,2026-03-20,2026-03-21,False
51059,126201,146,29774,,,,,,,,3,,12.02,,,,,1506,True,Sprints,608,986,1101.0,M,False,3,2026-03-20,2026-03-21,False
51060,126203,146,4380,,,,,,,,3,,12.43,,,,,1506,True,Sprints,512,906,965.0,M,False,3,2026-03-20,2026-03-21,False
51061,126205,146,29605,,,,,,,,3,,12.49,,,,,1506,True,Sprints,498,895,945.5,M,False,3,2026-03-20,2026-03-21,False
51062,126207,146,3720,,,,,,,,3,,12.74,,,,,1506,True,Sprints,444,848,868.0,M,False,3,2026-03-20,2026-03-21,False
51063,126209,146,29449,,,,,,,,3,,12.92,,,,,1506,True,Sprints,407,816,815.0,M,False,3,2026-03-20,2026-03-21,False
51078,126195,146,24880,So,,,,,,,3,,11.38,,,,,1506,True,Sprints,775,1116,1333.0,M,False,3,2026-03-20,2026-03-21,False
52036,126245,146,4150,Fr,,,,,,,6,,52.51,,,,,1506,True,Sprints,715,1106,1268.0,M,False,3,2026-03-20,2026-03-21,False
52037,126247,146,29456,Fr,,,,,,,6,,54.20,,,,,1506,True,Sprints,627,1042,1148.0,M,False,3,2026-03-20,2026-03-21,False
52038,126249,146,24888,,,,,,,,6,,54.97,,,,,1506,True,Sprints,589,1014,1096.0,M,False,3,2026-03-20,2026-03-21,False
52039,126251,146,3725,,,,,,,,6,,56.68,,,,,1506,True,Sprints,508,952,984.0,M,False,3,2026-03-20,2026-03-21,False
52056,128207,124,24415,,,,,,,,3,,11.45,,,,,1535,True,Sprints,755,1102,1306.0,M,False,3,2026-04-03,2026-04-03,False
52057,128209,124,29632,,,,,,,,3,,11.68,,,,,1535,True,Sprints,694,1054,1221.0,M,False,3,2026-04-03,2026-04-03,False
52058,128211,124,30041,,,,,,,,3,,12.25,,,,,1535,True,Sprints,553,941,1023.5,M,False,3,2026-04-03,2026-04-03,False
52060,128215,124,31458,,,,,,,,4,,23.52,,,,,1535,True,Sprints,727,1082,1268.0,M,False,3,2026-04-03,2026-04-03,False
52061,128217,124,30041,,,,,,,,4,,24.13,,,,,1535,True,Sprints,655,1022,1166.0,M,False,3,2026-04-03,2026-04-03,False
52062,128219,124,2867,,,,,,,,4,,26.82,,,,,1535,True,Sprints,381,781,771.5,M,False,3,2026-04-03,2026-04-03,False
52064,128223,124,27299,,,,,,,,6,,53.26,,,,,1535,True,Sprints,675,1078,1214.0,M,False,3,2026-04-03,2026-04-03,False
52082,128275,112,3764,,,,,,,,3,,11.55,,,,,1535,True,Sprints,728,1081,1268.5,M,False,3,2026-04-03,2026-04-03,False
52505,126225,146,3719,,,,,,,,4,,22.98,,,,,1506,True,Sprints,795,1136,1363.0,M,False,3,2026-03-20,2026-03-21,False
52506,126229,146,3709,,,,,,,,4,,24.81,,,,,1506,True,Sprints,579,958,1058.0,M,False,3,2026-03-20,2026-03-21,False
52507,126231,146,24608,,,,,,,,4,,25.93,,,,,1506,True,Sprints,464,857,892.5,M,False,3,2026-03-20,2026-03-21,False
52508,126233,146,29449,,,,,,,,4,,28.32,,,,,1506,True,Sprints,261,660,591.0,M,False,3,2026-03-20,2026-03-21,False
52510,126224,146,3698,,,,,,,,4,,22.71,,,,,1506,True,Sprints,829,1163,1410.5,M,False,3,2026-03-20,2026-03-21,False
52511,126226,146,24670,,,,,,,,4,,23.13,,,,,1506,True,Sprints,776,1120,1336.0,M,False,3,2026-03-20,2026-03-21,False
52512,126228,146,24888,,,,,,,,4,,24.34,,,,,1506,True,Sprints,631,1002,1132.0,M,False,3,2026-03-20,2026-03-21,False
52513,126230,146,29608,Fr,,,,,,,4,,24.98,,,,,1506,True,Sprints,561,943,1032.5,M,False,3,2026-03-20,2026-03-21,False
52514,126232,146,3720,,,,,,,,4,,26.29,,,,,1506,True,Sprints,429,826,842.0,M,False,3,2026-03-20,2026-03-21,False
52515,126234,146,4380,,,,,,,,4,,31.02,,,,,1506,True,Sprints,101,469,335.5,M,False,3,2026-03-20,2026-03-21,False
52520,126244,146,29607,,,,,,,,6,,51.26,,,,,1506,True,Sprints,785,1155,1362.5,M,False,3,2026-03-20,2026-03-21,False
52521,126246,146,3696,,,,,,,,6,,53.43,,,,,1506,True,Sprints,667,1071,1202.5,M,False,3,2026-03-20,2026-03-21,False
52522,126248,146,4387,,,,,,,,6,,54.26,,,,,1506,True,Sprints,624,1040,1144.0,M,False,3,2026-03-20,2026-03-21,False
52529,126227,146,24880,So,,,,,,,4,,23.56,,,,,1506,True,Sprints,723,1078,1262.0,M,False,3,2026-03-20,2026-03-21,False
52548,126250,146,24568,Fr,,,,,,,6,,55.97,,,,,1506,True,Sprints,541,977,1029.5,M,False,3,2026-03-20,2026-03-21,False
52549,126252,146,24582,,,,,,,,6,,59.29,,,,,1506,True,Sprints,396,861,826.5,M,False,3,2026-03-20,2026-03-21,False
52640,126413,162,24676,,,,,,,,4,,22.74,,,,,1510,True,Sprints,825,1160,1405.0,M,False,3,2026-03-20,2026-03-21,False
52641,126417,162,26161,,,,,,,,6,,52.68,,,,,1510,True,Sprints,706,1100,1256.0,M,False,3,2026-03-20,2026-03-21,False
52642,126419,162,22382,,,,,,,,6,,59.78,,,,,1510,True,Sprints,376,844,798.0,M,False,3,2026-03-20,2026-03-21,False
52726,126412,162,19498,,,,,,,,3,,13.70,,,,,1510,True,Sprints,266,681,606.5,M,False,3,2026-03-20,2026-03-21,False
52727,126414,162,29711,,,,,,,,4,,24.61,,,,,1510,True,Sprints,601,977,1089.5,M,False,3,2026-03-20,2026-03-21,False
52728,126416,162,24676,,,,,,,,6,,50.59,,,,,1510,True,Sprints,823,1182,1414.0,M,False,3,2026-03-20,2026-03-21,False
52729,126418,162,30040,,,,,,,,6,,53.39,,,,,1510,True,Sprints,669,1073,1205.5,M,False,3,2026-03-20,2026-03-21,False
52828,128208,124,29630,,,,,,,,3,,11.62,,,,,1535,True,Sprints,710,1066,1243.0,M,False,3,2026-04-03,2026-04-03,False
52829,128210,124,29634,,,,,,,,3,,11.95,,,,,1535,True,Sprints,625,999,1124.5,M,False,3,2026-04-03,2026-04-03,False
52831,128214,124,29632,,,,,,,,4,,22.89,,,,,1535,True,Sprints,806,1145,1378.5,M,False,3,2026-04-03,2026-04-03,False
52832,128216,124,29634,,,,,,,,4,,23.88,,,,,1535,True,Sprints,684,1046,1207.0,M,False,3,2026-04-03,2026-04-03,False
52833,128218,124,3845,,,,,,,,4,,24.56,,,,,1535,True,Sprints,606,982,1097.0,M,False,3,2026-04-03,2026-04-03,False
52835,128222,124,29633,,,,,,,,6,,51.88,,,,,1535,True,Sprints,750,1131,1315.5,M,False,3,2026-04-03,2026-04-03,False
52836,128224,124,29663,,,,,,,,6,,59.10,,,,,1535,True,Sprints,403,867,836.5,M,False,3,2026-04-03,2026-04-03,False
52860,128274,112,31461,,,,,,,,3,,11.02,,,,,1535,True,Sprints,877,1193,1473.5,M,False,3,2026-04-03,2026-04-03,False
52861,128276,112,24659,,,,,,,,3,,11.55,,,,,1535,True,Sprints,728,1081,1268.5,M,False,3,2026-04-03,2026-04-03,False
52862,128278,112,31462,,,,,,,,3,,11.78,,,,,1535,True,Sprints,668,1034,1185.0,M,False,3,2026-04-03,2026-04-03,False
52863,128280,112,31464,,,,,,,,3,,13.15,,,,,1535,True,Sprints,363,775,750.5,M,False,3,2026-04-03,2026-04-03,False
52865,128284,112,31461,,,,,,,,4,,22.36,,,,,1535,True,Sprints,875,1199,1474.5,M,False,3,2026-04-03,2026-04-03,False
52866,128286,112,31462,,,,,,,,4,,24.14,,,,,1535,True,Sprints,654,1021,1164.5,M,False,3,2026-04-03,2026-04-03,False
52868,128290,112,31466,,,,,,,,6,,55.86,,,,,1535,True,Sprints,546,981,1036.5,M,False,3,2026-04-03,2026-04-03,False
52869,128292,112,25014,,,,,,,,6,,57.33,,,,,1535,True,Sprints,479,928,943.0,M,False,3,2026-04-03,2026-04-03,False
52870,128294,112,31468,,,,,,,,6,,1:01.41,,,,,1535,True,Sprints,315,790,710.0,M,False,3,2026-04-03,2026-04-03,False
52873,128277,112,3879,,,,,,,,3,,11.75,,,,,1535,True,Sprints,676,1040,1196.0,M,False,3,2026-04-03,2026-04-03,False
52874,128279,112,31463,,,,,,,,3,,11.87,,,,,1535,True,Sprints,645,1015,1152.5,M,False,3,2026-04-03,2026-04-03,False
52877,128285,112,31465,,,,,,,,4,,22.97,,,,,1535,True,Sprints,796,1137,1364.5,M,False,3,2026-04-03,2026-04-03,False
52878,128287,112,29643,,,,,,,,4,,24.53,,,,,1535,True,Sprints,610,984,1102.0,M,False,3,2026-04-03,2026-04-03,False
52893,128291,112,27297,,,,,,,,6,,55.88,,,,,1535,True,Sprints,545,980,1035.0,M,False,3,2026-04-03,2026-04-03,False
52894,128293,112,31467,,,,,,,,6,,57.70,,,,,1535,True,Sprints,462,915,919.5,M,False,3,2026-04-03,2026-04-03,False
52971,126483,1,25148,,,,,,,,3,,11.46,,,,0.8,1512,True,Sprints,753,1099,1302.5,M,False,3,2026-03-20,2026-03-21,False
52981,126484,1,3522,Jr,,,,,,,4,,22.33,,,,2.5,1512,True,Sprints,879,1202,1480.0,M,False,3,2026-03-20,2026-03-21,False
52982,126486,1,25148,,,,,,,,4,,23.62,,,,2.5,1512,True,Sprints,715,1072,1251.0,M,False,3,2026-03-20,2026-03-21,False
52983,126488,1,29669,,,,,,,,6,,48.72,,,,,1512,True,Sprints,935,1257,1563.5,M,False,3,2026-03-20,2026-03-21,False
52984,126490,1,29691,,,,,,,,6,,54.89,,,,,1512,True,Sprints,593,1017,1101.5,M,False,3,2026-03-20,2026-03-21,False
53009,123901,88,29599,Fr,,,,,,,3,,11.26,,,,,1485,True,Sprints,808,1142,1379.0,M,False,3,2026-03-07,2026-03-07,False
53010,123903,90,30320,,,,,,,,3,,11.29,,,,,1485,True,Sprints,800,1135,1367.5,M,False,3,2026-03-07,2026-03-07,False
53011,123906,88,5541,Jr,,,,,,,3,,11.49,,,,,1485,True,Sprints,745,1093,1291.5,M,False,3,2026-03-07,2026-03-07,False
53012,123908,139,4346,,,,,,,,3,,12.03,,,,,1485,True,Sprints,605,984,1097.0,M,False,3,2026-03-07,2026-03-07,False
53013,123911,139,29984,,,,,,,,3,,12.20,,,,,1485,True,Sprints,565,950,1040.0,M,False,3,2026-03-07,2026-03-07,False
53014,123913,223,26092,,,,,,,,3,,12.28,,,,,1485,True,Sprints,546,935,1013.5,M,False,3,2026-03-07,2026-03-07,False
53015,123915,90,30323,,,,,,,,3,,12.42,,,,,1485,True,Sprints,514,908,968.0,M,False,3,2026-03-07,2026-03-07,False
53016,123916,88,31019,Fr,,,,,,,3,,12.45,,,,,1485,True,Sprints,507,902,958.0,M,False,3,2026-03-07,2026-03-07,False
53017,123919,79,4586,,,,,,,,3,,12.67,,,,,1485,True,Sprints,459,861,889.5,M,False,3,2026-03-07,2026-03-07,False
53018,123920,73,31021,,,,,,,,3,,12.73,,,,,1485,True,Sprints,446,850,871.0,M,False,3,2026-03-07,2026-03-07,False
53019,123921,73,31022,,,,,,,,3,,12.75,,,,,1485,True,Sprints,442,846,865.0,M,False,3,2026-03-07,2026-03-07,False
53020,123922,90,31023,,,,,,,,3,,12.88,,,,,1485,True,Sprints,416,823,827.5,M,False,3,2026-03-07,2026-03-07,False
53021,123925,79,26922,,,,,,,,3,,13.27,,,,,1485,True,Sprints,340,754,717.0,M,False,3,2026-03-07,2026-03-07,False
53022,123904,223,26090,,,,,,,,3,,11.36,,,,,1485,True,Sprints,780,1120,1340.0,M,False,3,2026-03-07,2026-03-07,False
53023,123905,76,31017,,,,,,,,3,,11.43,,,,,1485,True,Sprints,761,1106,1314.0,M,False,3,2026-03-07,2026-03-07,False
53024,123907,88,29600,So,,,,,,,3,,11.83,,,,,1485,True,Sprints,655,1023,1166.5,M,False,3,2026-03-07,2026-03-07,False
53025,123909,79,7954,,,,,,,,3,,12.06,,,,,1485,True,Sprints,598,978,1087.0,M,False,3,2026-03-07,2026-03-07,False
53026,123910,139,31018,,,,,,,,3,,12.17,,,,,1485,True,Sprints,572,956,1050.0,M,False,3,2026-03-07,2026-03-07,False
53027,123912,139,25018,,,,,,,,3,,12.22,,,,,1485,True,Sprints,560,946,1033.0,M,False,3,2026-03-07,2026-03-07,False
53028,123914,223,26096,,,,,,,,3,,12.29,,,,,1485,True,Sprints,544,933,1010.5,M,False,3,2026-03-07,2026-03-07,False
53029,123917,79,26089,,,,,,,,3,,12.64,,,,,1485,True,Sprints,466,867,899.5,M,False,3,2026-03-07,2026-03-07,False
53030,123918,88,31020,Fr,,,,,,,3,,12.66,,,,,1485,True,Sprints,461,863,892.5,M,False,3,2026-03-07,2026-03-07,False
53031,123923,79,28762,,,,,,,,3,,13.04,,,,,1485,True,Sprints,384,794,781.0,M,False,3,2026-03-07,2026-03-07,False
53032,123924,166,31024,,,,,,,,3,,13.17,,,,,1485,True,Sprints,359,771,744.5,M,False,3,2026-03-07,2026-03-07,False
53033,123926,79,3609,,,,,,,,3,,13.28,,,,,1485,True,Sprints,339,752,715.0,M,False,3,2026-03-07,2026-03-07,False
53034,123928,79,506,,,,,,,,3,,13.60,,,,,1485,True,Sprints,283,698,632.0,M,False,3,2026-03-07,2026-03-07,False
53035,123930,88,513,Sr,,,,,,,3,,14.22,,,,,1485,True,Sprints,188,598,487.0,M,False,3,2026-03-07,2026-03-07,False
53036,123931,79,31025,,,,,,,,3,,14.31,,,,,1485,True,Sprints,176,585,468.5,M,False,3,2026-03-07,2026-03-07,False
53037,123933,79,18975,,,,,,,,3,,14.65,,,,,1485,True,Sprints,134,534,401.0,M,False,3,2026-03-07,2026-03-07,False
53038,123935,88,5828,Sr,,,,,,,3,,18.23,,,,,1485,True,Sprints,0,140,70.0,M,False,3,2026-03-07,2026-03-07,False
53039,123938,88,29597,Jr,,,,,,,4,,23.13,,,,,1485,True,Sprints,776,1120,1336.0,M,False,3,2026-03-07,2026-03-07,False
53040,123940,76,31017,,,,,,,,4,,23.36,,,,,1485,True,Sprints,747,1097,1295.5,M,False,3,2026-03-07,2026-03-07,False
53041,123941,76,31027,,,,,,,,4,,23.54,,,,,1485,True,Sprints,725,1080,1265.0,M,False,3,2026-03-07,2026-03-07,False
53042,123943,223,26090,,,,,,,,4,,23.59,,,,,1485,True,Sprints,719,1075,1256.5,M,False,3,2026-03-07,2026-03-07,False
53043,123947,73,31021,,,,,,,,4,,24.79,,,,,1485,True,Sprints,581,960,1061.0,M,False,3,2026-03-07,2026-03-07,False
53044,123949,76,26088,,,,,,,,4,,25.03,,,,,1485,True,Sprints,555,938,1024.0,M,False,3,2026-03-07,2026-03-07,False
53045,123951,79,26922,,,,,,,,4,,26.22,,,,,1485,True,Sprints,436,832,852.0,M,False,3,2026-03-07,2026-03-07,False
53046,123953,73,31022,,,,,,,,4,,26.95,,,,,1485,True,Sprints,370,770,755.0,M,False,3,2026-03-07,2026-03-07,False
53047,123955,79,4586,,,,,,,,4,,27.55,,,,,1485,True,Sprints,320,721,680.5,M,False,3,2026-03-07,2026-03-07,False
53048,123957,88,4589,Sr,,,,,,,4,,28.65,,,,,1485,True,Sprints,237,635,554.5,M,False,3,2026-03-07,2026-03-07,False
53049,123959,79,506,,,,,,,,4,,29.89,,,,,1485,True,Sprints,159,545,431.5,M,False,3,2026-03-07,2026-03-07,False
53050,123961,79,7950,,,,,,,,4,,30.36,,,,,1485,True,Sprints,133,513,389.5,M,False,3,2026-03-07,2026-03-07,False
53051,123963,79,3609,,,,,,,,4,,31.48,,,,,1485,True,Sprints,81,440,301.0,M,False,3,2026-03-07,2026-03-07,False
53052,123965,139,26843,,,,,,,,4,,32.35,,,,,1485,True,Sprints,50,387,243.5,M,False,3,2026-03-07,2026-03-07,False
53053,123936,88,29599,,,,,,,,4,,22.77,,,,,1485,True,Sprints,821,1157,1399.5,M,False,3,2026-03-07,2026-03-07,False
53059,123902,88,29597,Jr,,,,,,,3,,11.28,,,,,1485,True,Sprints,803,1137,1371.5,M,False,3,2026-03-07,2026-03-07,False
53066,126482,1,3522,Jr,,,,,,,3,,11.27,,,,0.8,1512,True,Sprints,805,1139,1374.5,M,False,3,2026-03-20,2026-03-21,False
53067,126485,1,29669,,,,,,,,4,,22.84,,,,1.5,1512,True,Sprints,812,1150,1387.0,M,False,3,2026-03-20,2026-03-21,False
53068,126487,1,29691,,,,,,,,4,,24.82,,,,3.1,1512,True,Sprints,578,957,1056.5,M,False,3,2026-03-20,2026-03-21,False
53069,126489,1,3522,Jr,,,,,,,6,,50.35,,,,,1512,True,Sprints,837,1191,1432.5,M,False,3,2026-03-20,2026-03-21,False
53070,126491,1,7,Sr,,,,,,,6,,57.27,,,,,1512,True,Sprints,481,931,946.5,M,False,3,2026-03-20,2026-03-21,False
53462,127663,167,5240,,,,,,,,3,,12.59,,,,-1.3,1527,True,Sprints,476,876,914.0,M,False,3,2026-03-27,2026-03-28,False
53463,127665,167,31429,,,,,,,,4,,23.84,,,,-2.1,1527,True,Sprints,689,1050,1214.0,M,False,3,2026-03-27,2026-03-28,False
53464,127667,167,29696,,,,,,,,6,,51.56,,,,,1527,True,Sprints,768,1143,1339.5,M,False,3,2026-03-27,2026-03-28,False
53465,127669,167,31430,,,,,,,,6,,55.68,,,,,1527,True,Sprints,554,988,1048.0,M,False,3,2026-03-27,2026-03-28,False
53538,126535,90,30320,,,,,,,,3,,11.68,,,,,1515,True,Sprints,694,1054,1221.0,M,False,3,2026-03-28,2026-03-28,False
53539,126537,100,25677,,,,,,,,4,,28.93,,,,,1515,True,Sprints,218,614,525.0,M,False,3,2026-03-28,2026-03-28,False
53540,126539,100,25677,,,,,,,,6,,58.13,,,,,1515,True,Sprints,444,900,894.0,M,False,3,2026-03-28,2026-03-28,False
53768,123967,79,31025,,,,,,,,4,,42.37,,,,,1485,True,Sprints,0,21,10.5,M,False,3,2026-03-07,2026-03-07,False
53820,123970,166,19398,,,,,,,,6,,53.06,,,,,1485,True,Sprints,686,1085,1228.5,M,False,3,2026-03-07,2026-03-07,False
53821,123972,79,25858,,,,,,,,6,,54.34,,,,,1485,True,Sprints,620,1037,1138.5,M,False,3,2026-03-07,2026-03-07,False
53822,123974,88,31020,Fr,,,,,,,6,,55.00,,,,,1485,True,Sprints,587,1013,1093.5,M,False,3,2026-03-07,2026-03-07,False
53823,123977,76,31027,,,,,,,,6,,57.16,,,,,1485,True,Sprints,486,934,953.0,M,False,3,2026-03-07,2026-03-07,False
53824,123978,79,31032,,,,,,,,6,,57.76,,,,,1485,True,Sprints,460,913,916.5,M,False,3,2026-03-07,2026-03-07,False
53825,123981,139,4347,,,,,,,,6,,59.18,,,,,1485,True,Sprints,400,864,832.0,M,False,3,2026-03-07,2026-03-07,False
53826,123984,79,7950,,,,,,,,6,,1:04.17,,,,,1485,True,Sprints,224,703,575.5,M,False,3,2026-03-07,2026-03-07,False
53827,123986,79,25855,,,,,,,,6,,1:06.72,,,,,1485,True,Sprints,153,627,466.5,M,False,3,2026-03-07,2026-03-07,False
53828,123988,79,26089,,,,,,,,6,,1:09.49,,,,,1485,True,Sprints,92,549,366.5,M,False,3,2026-03-07,2026-03-07,False
53829,123990,79,4586,,,,,,,,6,,1:11.09,,,,,1485,True,Sprints,63,506,316.0,M,False,3,2026-03-07,2026-03-07,False
53830,123992,79,3609,,,,,,,,6,,1:26.90,,,,,1485,True,Sprints,0,178,89.0,M,False,3,2026-03-07,2026-03-07,False
53831,123994,79,18975,,,,,,,,6,,1:52.16,,,,,1485,True,Sprints,0,0,0.0,M,False,3,2026-03-07,2026-03-07,False
53833,123927,88,551,Sr,,,,,,,3,,13.56,,,,,1485,True,Sprints,289,704,641.0,M,False,3,2026-03-07,2026-03-07,False
53834,123929,79,25855,,,,,,,,3,,13.64,,,,,1485,True,Sprints,276,691,621.5,M,False,3,2026-03-07,2026-03-07,False
53835,123932,79,7950,,,,,,,,3,,14.39,,,,,1485,True,Sprints,166,572,452.0,M,False,3,2026-03-07,2026-03-07,False
53836,123934,139,28523,,,,,,,,3,,14.90,,,,,1485,True,Sprints,107,498,356.0,M,False,3,2026-03-07,2026-03-07,False
53837,123937,166,29864,,,,,,,,4,,22.81,,,,,1485,True,Sprints,816,1153,1392.5,M,False,3,2026-03-07,2026-03-07,False
53838,123939,90,30320,,,,,,,,4,,23.16,,,,,1485,True,Sprints,772,1117,1330.5,M,False,3,2026-03-07,2026-03-07,False
53839,123942,79,25858,,,,,,,,4,,23.59,,,,,1485,True,Sprints,719,1075,1256.5,M,False,3,2026-03-07,2026-03-07,False
53840,123944,88,29600,So,,,,,,,4,,23.92,,,,,1485,True,Sprints,680,1043,1201.5,M,False,3,2026-03-07,2026-03-07,False
53841,123945,88,31028,Fr,,,,,,,4,,24.06,,,,,1485,True,Sprints,663,1029,1177.5,M,False,3,2026-03-07,2026-03-07,False
53842,123946,166,31029,,,,,,,,4,,24.10,,,,,1485,True,Sprints,659,1025,1171.5,M,False,3,2026-03-07,2026-03-07,False
53843,123948,76,28544,,,,,,,,4,,24.94,,,,,1485,True,Sprints,565,946,1038.0,M,False,3,2026-03-07,2026-03-07,False
53844,123950,223,26092,,,,,,,,4,,26.10,,,,,1485,True,Sprints,447,842,868.0,M,False,3,2026-03-07,2026-03-07,False
53845,123952,79,7954,,,,,,,,4,,26.25,,,,,1485,True,Sprints,433,829,847.5,M,False,3,2026-03-07,2026-03-07,False
53846,123954,79,26089,,,,,,,,4,,27.26,,,,,1485,True,Sprints,344,745,716.5,M,False,3,2026-03-07,2026-03-07,False
53847,123956,139,11494,,,,,,,,4,,28.32,,,,,1485,True,Sprints,261,660,591.0,M,False,3,2026-03-07,2026-03-07,False
53848,123958,88,551,Sr,,,,,,,4,,29.68,,,,,1485,True,Sprints,171,560,451.0,M,False,3,2026-03-07,2026-03-07,False
53849,123960,79,25855,,,,,,,,4,,29.99,,,,,1485,True,Sprints,153,538,422.0,M,False,3,2026-03-07,2026-03-07,False
53850,123962,139,28523,,,,,,,,4,,31.00,,,,,1485,True,Sprints,102,470,337.0,M,False,3,2026-03-07,2026-03-07,False
53851,123964,79,28762,,,,,,,,4,,31.53,,,,,1485,True,Sprints,79,436,297.0,M,False,3,2026-03-07,2026-03-07,False
53852,123966,79,18975,,,,,,,,4,,37.28,,,,,1485,True,Sprints,0,151,75.5,M,False,3,2026-03-07,2026-03-07,False
53853,123968,166,29864,,,,,,,,6,,51.42,,,,,1485,True,Sprints,776,1149,1350.5,M,False,3,2026-03-07,2026-03-07,False
53854,123969,223,31030,,,,,,,,6,,52.43,,,,,1485,True,Sprints,720,1109,1274.5,M,False,3,2026-03-07,2026-03-07,False
53855,123971,88,31028,Fr,,,,,,,6,,53.16,,,,,1485,True,Sprints,681,1081,1221.5,M,False,3,2026-03-07,2026-03-07,False
53856,123973,139,4346,,,,,,,,6,,54.56,,,,,1485,True,Sprints,609,1029,1123.5,M,False,3,2026-03-07,2026-03-07,False
53857,123975,166,29862,,,,,,,,6,,55.34,,,,,1485,True,Sprints,571,1000,1071.0,M,False,3,2026-03-07,2026-03-07,False
53858,123976,223,31031,,,,,,,,6,,55.50,,,,,1485,True,Sprints,563,994,1060.0,M,False,3,2026-03-07,2026-03-07,False
53859,123979,79,7954,,,,,,,,6,,58.98,,,,,1485,True,Sprints,408,871,843.5,M,False,3,2026-03-07,2026-03-07,False
53860,123980,139,31033,,,,,,,,6,,59.00,,,,,1485,True,Sprints,407,870,842.0,M,False,3,2026-03-07,2026-03-07,False
53861,123982,79,26922,,,,,,,,6,,1:00.52,,,,,1485,True,Sprints,348,819,757.5,M,False,3,2026-03-07,2026-03-07,False
53862,123983,166,31034,,,,,,,,6,,1:03.05,,,,,1485,True,Sprints,259,738,628.0,M,False,3,2026-03-07,2026-03-07,False
53863,123985,79,506,,,,,,,,6,,1:05.97,,,,,1485,True,Sprints,173,649,497.5,M,False,3,2026-03-07,2026-03-07,False
53864,123987,88,551,Sr,,,,,,,6,,1:07.28,,,,,1485,True,Sprints,140,611,445.5,M,False,3,2026-03-07,2026-03-07,False
53865,123989,88,513,Sr,,,,,,,6,,1:09.78,,,,,1485,True,Sprints,86,541,356.5,M,False,3,2026-03-07,2026-03-07,False
53866,123991,79,28762,,,,,,,,6,,1:17.79,,,,,1485,True,Sprints,1,347,174.5,M,False,3,2026-03-07,2026-03-07,False
53867,123993,79,31025,,,,,,,,6,,1:31.93,,,,,1485,True,Sprints,0,109,54.5,M,False,3,2026-03-07,2026-03-07,False
54238,126536,90,30323,,,,,,,,3,,12.59,,,,,1515,True,Sprints,476,876,914.0,M,False,3,2026-03-28,2026-03-28,False
54239,126538,100,30332,,,,,,,,6,,53.92,,,,,1515,True,Sprints,641,1053,1167.5,M,False,3,2026-03-28,2026-03-28,False
54240,126540,63,27399,,,,,,,,6,,1:01.52,,,,,1515,True,Sprints,311,787,704.5,M,False,3,2026-03-28,2026-03-28,False
54279,127664,167,26171,,,,,,,,3,,12.74,,,,-1.3,1527,True,Sprints,444,848,868.0,M,False,3,2026-03-27,2026-03-28,False
54280,127668,167,31283,,,,,,,,6,,51.96,,,,,1527,True,Sprints,745,1128,1309.0,M,False,3,2026-03-27,2026-03-28,False
54286,127666,167,26169,,,,,,,,4,,26.10,,,,-3.3,1527,True,Sprints,447,842,868.0,M,False,3,2026-03-27,2026-03-28,False
54422,128760,59,3908,,,,,,,,4,Prelims,22.91,,,,,1536,True,Sprints,803,1143,1374.5,M,False,3,2026-04-11,2026-04-12,True
54423,128762,146,24670,,,,,,,,4,Prelims,22.99,,,,,1536,True,Sprints,793,1135,1360.5,M,False,3,2026-04-11,2026-04-12,True
54516,124464,10,31091,,,,,,,,3,,11.54,,,,,1488,True,Sprints,731,1083,1272.5,M,False,3,2026-03-06,2026-03-07,False
54517,124465,10,31092,,,,,,,,3,,12.11,,,,,1488,True,Sprints,586,968,1070.0,M,False,3,2026-03-06,2026-03-07,False
54518,124466,10,31093,,,,,,,,3,,12.18,,,,,1488,True,Sprints,569,954,1046.0,M,False,3,2026-03-06,2026-03-07,False
54519,124470,10,31091,,,,,,,,4,,23.83,,,,,1488,True,Sprints,690,1051,1215.5,M,False,3,2026-03-06,2026-03-07,False
54591,124467,10,5614,,,,,,,,3,,12.34,,,,,1488,True,Sprints,532,923,993.5,M,False,3,2026-03-06,2026-03-07,False
54592,124468,10,31094,,,,,,,,3,,12.67,,,,,1488,True,Sprints,459,861,889.5,M,False,3,2026-03-06,2026-03-07,False
54594,124471,10,31094,,,,,,,,4,,26.02,,,,,1488,True,Sprints,455,849,879.5,M,False,3,2026-03-06,2026-03-07,False
54656,124540,159,29980,,,,,,,,4,,24.71,,,,,1489,True,Sprints,590,968,1074.0,M,False,3,2026-03-07,2026-03-07,False
54657,124542,159,26511,,,,,,,,4,,25.50,,,,,1489,True,Sprints,506,895,953.5,M,False,3,2026-03-07,2026-03-07,False
54658,124544,159,31105,,,,,,,,4,,25.88,,,,,1489,True,Sprints,469,862,900.0,M,False,3,2026-03-07,2026-03-07,False
54659,124546,159,31106,,,,,,,,4,,26.15,,,,,1489,True,Sprints,443,838,862.0,M,False,3,2026-03-07,2026-03-07,False
54660,124548,159,30043,,,,,,,,6,,56.27,,,,,1489,True,Sprints,527,966,1010.0,M,False,3,2026-03-07,2026-03-07,False
54661,124550,159,761,,,,,,,,6,,1:00.66,,,,,1489,True,Sprints,343,815,750.5,M,False,3,2026-03-07,2026-03-07,False
54695,126594,122,31348,,,,,,,,3,,11.77,,,,,1516,True,Sprints,671,1036,1189.0,M,False,3,2026-03-28,2026-03-28,False
54753,124533,159,29980,,,,,,,,3,,11.77,,,,,1489,True,Sprints,671,1036,1189.0,M,False,3,2026-03-07,2026-03-07,False
54754,124537,159,24869,,,,,,,,4,,22.99,,,,,1489,True,Sprints,793,1135,1360.5,M,False,3,2026-03-07,2026-03-07,False
54755,124539,159,31104,,,,,,,,4,,23.32,,,,,1489,True,Sprints,752,1101,1302.5,M,False,3,2026-03-07,2026-03-07,False
54756,124541,159,4364,,,,,,,,4,,25.39,,,,,1489,True,Sprints,518,905,970.5,M,False,3,2026-03-07,2026-03-07,False
54757,124543,159,30043,,,,,,,,4,,25.68,,,,,1489,True,Sprints,488,879,927.5,M,False,3,2026-03-07,2026-03-07,False
54758,124545,159,16133,,,,,,,,4,,26.01,,,,,1489,True,Sprints,456,850,881.0,M,False,3,2026-03-07,2026-03-07,False
54759,124547,159,24869,,,,,,,,6,,50.57,,,,,1489,True,Sprints,824,1182,1415.0,M,False,3,2026-03-07,2026-03-07,False
54760,124549,159,26511,,,,,,,,6,,58.86,,,,,1489,True,Sprints,413,875,850.5,M,False,3,2026-03-07,2026-03-07,False
54761,124551,159,25491,,,,,,,,6,,1:12.24,,,,,1489,True,Sprints,46,477,284.5,M,False,3,2026-03-07,2026-03-07,False
54786,126599,122,31349,,,,,,,,3,,12.47,,,,,1516,True,Sprints,503,899,952.5,M,False,3,2026-03-28,2026-03-28,False
54791,126620,122,31347,,,,,,,,4,,27.57,,,,,1516,True,Sprints,318,719,677.5,M,False,3,2026-03-28,2026-03-28,False
54796,126636,162,29709,,,,,,,,3,,12.12,,,,,1517,True,Sprints,584,966,1067.0,M,False,3,2026-03-27,2026-03-28,False
54799,126641,162,29711,,,,,,,,4,,25.29,,,,,1517,True,Sprints,528,914,985.0,M,False,3,2026-03-27,2026-03-28,False
54800,126643,162,30040,,,,,,,,6,,53.71,,,,,1517,True,Sprints,652,1061,1182.5,M,False,3,2026-03-27,2026-03-28,False
54844,124532,159,31104,,,,,,,,3,,11.71,,,,,1489,True,Sprints,686,1048,1210.0,M,False,3,2026-03-07,2026-03-07,False
54845,124534,159,26511,,,,,,,,3,,12.55,,,,,1489,True,Sprints,485,884,927.0,M,False,3,2026-03-07,2026-03-07,False
54846,124535,159,31105,,,,,,,,3,,12.78,,,,,1489,True,Sprints,436,841,856.5,M,False,3,2026-03-07,2026-03-07,False
54847,124536,159,31106,,,,,,,,3,,12.93,,,,,1489,True,Sprints,405,814,812.0,M,False,3,2026-03-07,2026-03-07,False
54848,124538,159,30069,,,,,,,,4,,23.17,,,,,1489,True,Sprints,771,1116,1329.0,M,False,3,2026-03-07,2026-03-07,False
54858,126619,122,31346,,,,,,,,4,,26.23,,,,,1516,True,Sprints,435,831,850.5,M,False,3,2026-03-28,2026-03-28,False
54915,126593,122,31349,,,,,,,,6,,58.47,,,,,1516,True,Sprints,429,889,873.5,M,False,3,2026-03-28,2026-03-28,False
54920,126618,122,31352,,,,,,,,4,,24.98,,,,,1516,True,Sprints,561,943,1032.5,M,False,3,2026-03-28,2026-03-28,False
54951,126596,96,31350,,,,,,,,3,,12.11,,,,,1516,True,Sprints,586,968,1070.0,M,False,3,2026-03-28,2026-03-28,False
55015,124636,158,25474,,,,,,,,3,,12.15,,,,,1489,True,Sprints,576,960,1056.0,M,False,3,2026-03-07,2026-03-07,False
55016,124638,158,30075,,,,,,,,3,,13.61,,,,,1489,True,Sprints,281,696,629.0,M,False,3,2026-03-07,2026-03-07,False
55017,124639,158,31109,,,,,,,,3,,13.65,,,,,1489,True,Sprints,274,689,618.5,M,False,3,2026-03-07,2026-03-07,False
55018,124641,158,25474,,,,,,,,4,,24.42,,,,,1489,True,Sprints,622,995,1119.5,M,False,3,2026-03-07,2026-03-07,False
55019,124643,158,23919,,,,,,,,4,,25.29,,,,,1489,True,Sprints,528,914,985.0,M,False,3,2026-03-07,2026-03-07,False
55109,124645,158,30075,,,,,,,,4,,27.55,,,,,1489,True,Sprints,320,721,680.5,M,False,3,2026-03-07,2026-03-07,False
55110,124647,158,23919,,,,,,,,6,,55.03,,,,,1489,True,Sprints,586,1011,1091.5,M,False,3,2026-03-07,2026-03-07,False
55111,124649,158,27205,,,,,,,,6,,1:03.87,,,,,1489,True,Sprints,233,712,589.0,M,False,3,2026-03-07,2026-03-07,False
55114,124635,158,5768,,,,,,,,3,,11.95,,,,,1489,True,Sprints,625,999,1124.5,M,False,3,2026-03-07,2026-03-07,False
55115,124637,158,3682,,,,,,,,3,,12.19,,,,,1489,True,Sprints,567,952,1043.0,M,False,3,2026-03-07,2026-03-07,False
55116,124640,158,5768,,,,,,,,4,,23.86,,,,,1489,True,Sprints,687,1048,1211.0,M,False,3,2026-03-07,2026-03-07,False
55117,124642,158,3682,,,,,,,,4,,25.18,,,,,1489,True,Sprints,539,924,1001.0,M,False,3,2026-03-07,2026-03-07,False
55118,124644,158,4337,,,,,,,,4,,27.14,,,,,1489,True,Sprints,354,754,731.0,M,False,3,2026-03-07,2026-03-07,False
55119,124646,158,31109,,,,,,,,4,,27.59,,,,,1489,True,Sprints,317,718,676.0,M,False,3,2026-03-07,2026-03-07,False
55120,124648,158,4337,,,,,,,,6,,59.04,,,,,1489,True,Sprints,406,869,840.5,M,False,3,2026-03-07,2026-03-07,False
55143,124695,157,29985,,,,,,,,3,,12.36,,,,,1489,True,Sprints,527,919,986.5,M,False,3,2026-03-07,2026-03-07,False
55144,124697,157,30969,,,,,,,,4,,23.36,,,,,1489,True,Sprints,747,1097,1295.5,M,False,3,2026-03-07,2026-03-07,False
55145,124699,157,29221,,,,,,,,6,,55.88,,,,,1489,True,Sprints,545,980,1035.0,M,False,3,2026-03-07,2026-03-07,False
55211,124696,157,30998,,,,,,,,3,,13.30,,,,,1489,True,Sprints,335,749,709.5,M,False,3,2026-03-07,2026-03-07,False
55212,124698,157,29221,,,,,,,,4,,26.50,,,,,1489,True,Sprints,410,808,814.0,M,False,3,2026-03-07,2026-03-07,False
55218,126592,122,31346,,,,,,,,6,,58.39,,,,,1516,True,Sprints,433,891,878.5,M,False,3,2026-03-28,2026-03-28,False
55223,126617,122,31348,,,,,,,,4,,23.86,,,,,1516,True,Sprints,687,1048,1211.0,M,False,3,2026-03-28,2026-03-28,False
55234,126598,122,31352,,,,,,,,3,,12.12,,,,,1516,True,Sprints,584,966,1067.0,M,False,3,2026-03-28,2026-03-28,False
55288,126635,162,24676,,,,,,,,3,,11.66,,,,,1517,True,Sprints,699,1058,1228.0,M,False,3,2026-03-27,2026-03-28,False
55289,126637,162,31320,,,,,,,,3,,12.73,,,,,1517,True,Sprints,446,850,871.0,M,False,3,2026-03-27,2026-03-28,False
55290,126640,162,4306,,,,,,,,4,,23.65,,,,,1517,True,Sprints,712,1069,1246.5,M,False,3,2026-03-27,2026-03-28,False
55291,126642,162,4306,,,,,,,,6,,51.93,,,,,1517,True,Sprints,747,1129,1311.5,M,False,3,2026-03-27,2026-03-28,False
55292,126644,162,29711,,,,,,,,6,,57.09,,,,,1517,True,Sprints,489,937,957.5,M,False,3,2026-03-27,2026-03-28,False
57371,125263,75,25995,,,,,,,,6,,53.22,,,,,1491,True,Sprints,678,1079,1217.5,M,False,3,2026-03-07,2026-03-07,False
57425,126806,43,30399,,,,,,,,3,,11.63,,,,,1518,True,Sprints,707,1064,1239.0,M,False,3,2026-03-28,2026-03-28,False
57433,126808,43,3400,,,,,,,,3,,12.43,,,,,1518,True,Sprints,512,906,965.0,M,False,3,2026-03-28,2026-03-28,False
57897,125259,75,31168,,,,,,,,3,,11.18,,,,,1491,True,Sprints,831,1159,1410.5,M,False,3,2026-03-07,2026-03-07,False
57898,125261,75,31170,,,,,,,,3,,12.33,,,,,1491,True,Sprints,534,925,996.5,M,False,3,2026-03-07,2026-03-07,False
57902,126807,43,30405,,,,,,,,3,,12.40,,,,,1518,True,Sprints,518,912,974.0,M,False,3,2026-03-28,2026-03-28,False
57903,126809,43,4864,,,,,,,,3,,12.44,,,,,1518,True,Sprints,509,904,961.0,M,False,3,2026-03-28,2026-03-28,False
57905,126814,43,25516,,,,,,,,4,,23.42,,,,,1518,True,Sprints,740,1092,1286.0,M,False,3,2026-03-28,2026-03-28,False
57906,126816,43,30399,,,,,,,,4,,25.34,,,,,1518,True,Sprints,523,910,978.0,M,False,3,2026-03-28,2026-03-28,False
57907,126818,43,4864,,,,,,,,4,,25.42,,,,,1518,True,Sprints,515,903,966.5,M,False,3,2026-03-28,2026-03-28,False
57910,126824,43,30393,,,,,,,,6,,53.15,,,,,1518,True,Sprints,681,1082,1222.0,M,False,3,2026-03-28,2026-03-28,False
57919,125262,75,31168,,,,,,,,4,,22.13,,,,,1491,True,Sprints,906,1223,1517.5,M,False,3,2026-03-07,2026-03-07,False
57935,125260,75,31169,,,,,,,,3,,11.82,,,,,1491,True,Sprints,658,1026,1171.0,M,False,3,2026-03-07,2026-03-07,False
58001,126689,117,29817,,,,,,,,3,,10.75,,,,,1518,True,Sprints,959,1253,1585.5,M,False,3,2026-03-28,2026-03-28,False
58002,126691,117,29819,,,,,,,,3,,11.37,,,,,1518,True,Sprints,777,1118,1336.0,M,False,3,2026-03-28,2026-03-28,False
58003,126693,117,29820,,,,,,,,3,,11.76,,,,,1518,True,Sprints,673,1038,1192.0,M,False,3,2026-03-28,2026-03-28,False
58004,126695,117,24694,,,,,,,,3,,12.10,,,,,1518,True,Sprints,588,970,1073.0,M,False,3,2026-03-28,2026-03-28,False
58007,126701,117,29818,,,,,,,,4,,22.55,,,,,1518,True,Sprints,850,1179,1439.5,M,False,3,2026-03-28,2026-03-28,False
58008,126703,117,29819,,,,,,,,4,,23.41,,,,,1518,True,Sprints,741,1093,1287.5,M,False,3,2026-03-28,2026-03-28,False
58063,126705,117,4101,,,,,,,,4,,24.45,,,,,1518,True,Sprints,619,992,1115.0,M,False,3,2026-03-28,2026-03-28,False
58064,126707,117,25085,,,,,,,,4,,24.53,,,,,1518,True,Sprints,610,984,1102.0,M,False,3,2026-03-28,2026-03-28,False
58066,126712,117,8060,,,,,,,,6,,54.84,,,,,1518,True,Sprints,595,1018,1104.0,M,False,3,2026-03-28,2026-03-28,False
58067,126714,117,47,,,,,,,,6,,56.83,,,,,1518,True,Sprints,501,946,974.0,M,False,3,2026-03-28,2026-03-28,False
58146,126690,117,29818,,,,,,,,3,,11.11,,,,,1518,True,Sprints,851,1174,1438.0,M,False,3,2026-03-28,2026-03-28,False
58147,126692,117,3996,,,,,,,,3,,11.67,,,,,1518,True,Sprints,697,1056,1225.0,M,False,3,2026-03-28,2026-03-28,False
58148,126694,117,4101,,,,,,,,3,,11.79,,,,,1518,True,Sprints,665,1032,1181.0,M,False,3,2026-03-28,2026-03-28,False
58152,126702,117,29817,,,,,,,,4,,22.73,,,,,1518,True,Sprints,827,1161,1407.5,M,False,3,2026-03-28,2026-03-28,False
58153,126704,117,25082,,,,,,,,4,,23.73,,,,,1518,True,Sprints,702,1061,1232.5,M,False,3,2026-03-28,2026-03-28,False
58154,126706,117,3996,,,,,,,,4,,24.50,,,,,1518,True,Sprints,613,987,1106.5,M,False,3,2026-03-28,2026-03-28,False
58155,126708,117,24694,,,,,,,,4,,25.42,,,,,1518,True,Sprints,515,903,966.5,M,False,3,2026-03-28,2026-03-28,False
58156,126709,117,31360,,,,,,,,4,,25.50,,,,,1518,True,Sprints,506,895,953.5,M,False,3,2026-03-28,2026-03-28,False
58157,126711,117,25082,,,,,,,,6,,54.14,,,,,1518,True,Sprints,630,1044,1152.0,M,False,3,2026-03-28,2026-03-28,False
58158,126713,117,25085,,,,,,,,6,,55.31,,,,,1518,True,Sprints,572,1001,1072.5,M,False,3,2026-03-28,2026-03-28,False
58159,126715,117,117,,,,,,,,6,,57.91,,,,,1518,True,Sprints,453,908,907.0,M,False,3,2026-03-28,2026-03-28,False
58212,126815,43,25513,,,,,,,,4,,24.24,,,,,1518,True,Sprints,642,1012,1148.0,M,False,3,2026-03-28,2026-03-28,False
58213,126819,43,30405,,,,,,,,4,,25.80,,,,,1518,True,Sprints,476,869,910.5,M,False,3,2026-03-28,2026-03-28,False
58215,126823,43,25516,,,,,,,,6,,50.83,,,,,1518,True,Sprints,809,1172,1395.0,M,False,3,2026-03-28,2026-03-28,False
58257,126817,43,3400,,,,,,,,4,,25.34,,,,,1518,True,Sprints,523,910,978.0,M,False,3,2026-03-28,2026-03-28,False
58258,128479,146,4149,,,,,,,,3,Prelims,11.80,,,,,1536,True,Sprints,663,1030,1178.0,M,False,3,2026-04-11,2026-04-12,True
58259,128481,146,31480,,,,,,,,3,Prelims,11.81,,,,,1536,True,Sprints,660,1028,1174.0,M,False,3,2026-04-11,2026-04-12,True
58260,128483,169,29748,,,,,,,,3,Prelims,11.83,,,,,1536,True,Sprints,655,1023,1166.5,M,False,3,2026-04-11,2026-04-12,True
58261,128485,56,29434,,,,,,,,3,Prelims,11.84,,,,,1536,True,Sprints,653,1021,1163.5,M,False,3,2026-04-11,2026-04-12,True
58262,128487,111,25073,,,,,,,,3,Prelims,11.87,,,,,1536,True,Sprints,645,1015,1152.5,M,False,3,2026-04-11,2026-04-12,True
58263,128489,188,31117,,,,,,,,3,Prelims,11.90,,,,,1536,True,Sprints,638,1009,1142.5,M,False,3,2026-04-11,2026-04-12,True
58264,128491,96,31350,,,,,,,,3,Prelims,11.96,,,,,1536,True,Sprints,623,997,1121.5,M,False,3,2026-04-11,2026-04-12,True
58265,128493,174,4647,,,,,,,,3,Prelims,11.96,,,,,1536,True,Sprints,623,997,1121.5,M,False,3,2026-04-11,2026-04-12,True
58266,128495,146,24891,,,,,,,,3,Prelims,12.04,,,,,1536,True,Sprints,603,982,1094.0,M,False,3,2026-04-11,2026-04-12,True
58267,128497,203,24543,,,,,,,,3,Prelims,12.06,,,,,1536,True,Sprints,598,978,1087.0,M,False,3,2026-04-11,2026-04-12,True
58268,128480,167,31429,,,,,,,,3,Prelims,11.80,,,,,1536,True,Sprints,663,1030,1178.0,M,False,3,2026-04-11,2026-04-12,True
58269,128482,120,29677,,,,,,,,3,Prelims,11.82,,,,,1536,True,Sprints,658,1026,1171.0,M,False,3,2026-04-11,2026-04-12,True
58270,128484,56,3570,,,,,,,,3,Prelims,11.84,,,,,1536,True,Sprints,653,1021,1163.5,M,False,3,2026-04-11,2026-04-12,True
58271,128486,120,8008,,,,,,,,3,Prelims,11.87,,,,,1536,True,Sprints,645,1015,1152.5,M,False,3,2026-04-11,2026-04-12,True
58272,128488,233,31210,,,,,,,,3,Prelims,11.89,,,,,1536,True,Sprints,640,1011,1145.5,M,False,3,2026-04-11,2026-04-12,True
58273,128490,162,29709,,,,,,,,3,Prelims,11.94,,,,,1536,True,Sprints,628,1001,1128.5,M,False,3,2026-04-11,2026-04-12,True
58274,128492,146,3728,,,,,,,,3,Prelims,11.96,,,,,1536,True,Sprints,623,997,1121.5,M,False,3,2026-04-11,2026-04-12,True
58275,128494,59,31481,,,,,,,,3,Prelims,11.99,,,,,1536,True,Sprints,615,990,1110.0,M,False,3,2026-04-11,2026-04-12,True
58276,128496,56,24983,,,,,,,,3,Prelims,12.06,,,,,1536,True,Sprints,598,978,1087.0,M,False,3,2026-04-11,2026-04-12,True
58277,128498,204,3602,,,,,,,,3,Prelims,12.07,,,,,1536,True,Sprints,596,976,1084.0,M,False,3,2026-04-11,2026-04-12,True
58278,128500,202,31482,,,,,,,,3,Prelims,12.08,,,,,1536,True,Sprints,593,974,1080.0,M,False,3,2026-04-11,2026-04-12,True
58279,128502,146,26553,,,,,,,,3,Prelims,12.17,,,,,1536,True,Sprints,572,956,1050.0,M,False,3,2026-04-11,2026-04-12,True
58280,128499,49,24848,,,,,,,,3,Prelims,12.07,,,,,1536,True,Sprints,596,976,1084.0,M,False,3,2026-04-11,2026-04-12,True
58281,128501,167,26171,,,,,,,,3,Prelims,12.12,,,,,1536,True,Sprints,584,966,1067.0,M,False,3,2026-04-11,2026-04-12,True
58282,128503,159,26511,,,,,,,,3,Prelims,12.17,,,,,1536,True,Sprints,572,956,1050.0,M,False,3,2026-04-11,2026-04-12,True
58283,128505,43,4864,,,,,,,,3,Prelims,12.20,,,,,1536,True,Sprints,565,950,1040.0,M,False,3,2026-04-11,2026-04-12,True
58284,128507,167,18977,,,,,,,,3,Prelims,12.24,,,,,1536,True,Sprints,555,943,1026.5,M,False,3,2026-04-11,2026-04-12,True
58285,128509,233,31424,,,,,,,,3,Prelims,12.28,,,,,1536,True,Sprints,546,935,1013.5,M,False,3,2026-04-11,2026-04-12,True
58286,128511,56,29436,,,,,,,,3,Prelims,12.31,,,,,1536,True,Sprints,539,929,1003.5,M,False,3,2026-04-11,2026-04-12,True
58287,128513,56,30137,,,,,,,,3,Prelims,12.31,,,,,1536,True,Sprints,539,929,1003.5,M,False,3,2026-04-11,2026-04-12,True
58288,128515,146,1216,,,,,,,,3,Prelims,12.32,,,,,1536,True,Sprints,537,927,1000.5,M,False,3,2026-04-11,2026-04-12,True
58289,128504,146,24607,,,,,,,,3,Prelims,12.18,,,,,1536,True,Sprints,569,954,1046.0,M,False,3,2026-04-11,2026-04-12,True
58290,128506,56,3574,,,,,,,,3,Prelims,12.20,,,,,1536,True,Sprints,565,950,1040.0,M,False,3,2026-04-11,2026-04-12,True
58291,128508,166,31483,,,,,,,,3,Prelims,12.27,,,,,1536,True,Sprints,548,937,1016.5,M,False,3,2026-04-11,2026-04-12,True
58292,128510,196,29800,,,,,,,,3,Prelims,12.31,,,,,1536,True,Sprints,539,929,1003.5,M,False,3,2026-04-11,2026-04-12,True
58293,128512,117,24694,,,,,,,,3,Prelims,12.31,,,,,1536,True,Sprints,539,929,1003.5,M,False,3,2026-04-11,2026-04-12,True
58294,128514,167,29694,,,,,,,,3,Prelims,12.32,,,,,1536,True,Sprints,537,927,1000.5,M,False,3,2026-04-11,2026-04-12,True
58295,128516,146,29605,,,,,,,,3,Prelims,12.32,,,,,1536,True,Sprints,537,927,1000.5,M,False,3,2026-04-11,2026-04-12,True
58296,128518,188,31485,,,,,,,,3,Prelims,12.39,,,,,1536,True,Sprints,521,914,978.0,M,False,3,2026-04-11,2026-04-12,True
58297,128520,43,3400,,,,,,,,3,Prelims,12.39,,,,,1536,True,Sprints,521,914,978.0,M,False,3,2026-04-11,2026-04-12,True
58298,128522,167,29846,,,,,,,,3,Prelims,12.50,,,,,1536,True,Sprints,496,893,942.5,M,False,3,2026-04-11,2026-04-12,True
58299,128524,169,29750,,,,,,,,3,Prelims,12.52,,,,,1536,True,Sprints,492,889,936.5,M,False,3,2026-04-11,2026-04-12,True
58300,128526,188,3551,,,,,,,,3,Prelims,12.55,,,,,1536,True,Sprints,485,884,927.0,M,False,3,2026-04-11,2026-04-12,True
58301,128528,43,30405,,,,,,,,3,Prelims,12.59,,,,,1536,True,Sprints,476,876,914.0,M,False,3,2026-04-11,2026-04-12,True
58302,128530,202,31486,,,,,,,,3,Prelims,12.67,,,,,1536,True,Sprints,459,861,889.5,M,False,3,2026-04-11,2026-04-12,True
58303,128532,146,24608,,,,,,,,3,Prelims,12.72,,,,,1536,True,Sprints,449,852,875.0,M,False,3,2026-04-11,2026-04-12,True
58304,128534,166,31024,,,,,,,,3,Prelims,12.74,,,,,1536,True,Sprints,444,848,868.0,M,False,3,2026-04-11,2026-04-12,True
58305,128536,196,5025,,,,,,,,3,Prelims,12.77,,,,,1536,True,Sprints,438,843,859.5,M,False,3,2026-04-11,2026-04-12,True
58306,128538,146,3720,,,,,,,,3,Prelims,12.77,,,,,1536,True,Sprints,438,843,859.5,M,False,3,2026-04-11,2026-04-12,True
58307,128540,169,4442,,,,,,,,3,Prelims,12.82,,,,,1536,True,Sprints,428,834,845.0,M,False,3,2026-04-11,2026-04-12,True
58308,128542,117,15,,,,,,,,3,Prelims,12.87,,,,,1536,True,Sprints,418,825,830.5,M,False,3,2026-04-11,2026-04-12,True
58309,128544,59,30402,,,,,,,,3,Prelims,12.94,,,,,1536,True,Sprints,403,812,809.0,M,False,3,2026-04-11,2026-04-12,True
58310,128546,56,29443,,,,,,,,3,Prelims,13.00,,,,,1536,True,Sprints,392,801,792.5,M,False,3,2026-04-11,2026-04-12,True
58311,128548,120,335,,,,,,,,3,Prelims,13.25,,,,,1536,True,Sprints,344,757,722.5,M,False,3,2026-04-11,2026-04-12,True
58312,128550,203,29566,,,,,,,,3,Prelims,13.30,,,,,1536,True,Sprints,335,749,709.5,M,False,3,2026-04-11,2026-04-12,True
58313,128552,178,1818,,,,,,,,3,Prelims,13.34,,,,,1536,True,Sprints,328,742,699.0,M,False,3,2026-04-11,2026-04-12,True
58314,128554,203,31487,,,,,,,,3,Prelims,13.53,,,,,1536,True,Sprints,294,709,648.5,M,False,3,2026-04-11,2026-04-12,True
58315,128556,196,18569,,,,,,,,3,Prelims,14.04,,,,,1536,True,Sprints,214,626,527.0,M,False,3,2026-04-11,2026-04-12,True
58316,128558,111,25077,,,,,,,,3,Prelims,14.34,,,,,1536,True,Sprints,172,580,462.0,M,False,3,2026-04-11,2026-04-12,True
58317,128560,59,5674,,,,,,,,3,Prelims,14.80,,,,,1536,True,Sprints,118,512,374.0,M,False,3,2026-04-11,2026-04-12,True
58319,128517,202,31484,,,,,,,,3,Prelims,12.33,,,,,1536,True,Sprints,534,925,996.5,M,False,3,2026-04-11,2026-04-12,True
58320,128519,117,8060,,,,,,,,3,Prelims,12.39,,,,,1536,True,Sprints,521,914,978.0,M,False,3,2026-04-11,2026-04-12,True
58321,128521,174,31122,,,,,,,,3,Prelims,12.48,,,,,1536,True,Sprints,500,897,948.5,M,False,3,2026-04-11,2026-04-12,True
58322,128523,124,29631,,,,,,,,3,Prelims,12.51,,,,,1536,True,Sprints,494,891,939.5,M,False,3,2026-04-11,2026-04-12,True
58323,128525,116,27954,,,,,,,,3,Prelims,12.53,,,,,1536,True,Sprints,489,887,932.5,M,False,3,2026-04-11,2026-04-12,True
58324,128527,233,31437,,,,,,,,3,Prelims,12.58,,,,,1536,True,Sprints,479,878,918.0,M,False,3,2026-04-11,2026-04-12,True
58325,128531,196,31121,,,,,,,,3,Prelims,12.68,,,,,1536,True,Sprints,457,859,886.5,M,False,3,2026-04-11,2026-04-12,True
58326,128533,204,3605,,,,,,,,3,Prelims,12.72,,,,,1536,True,Sprints,449,852,875.0,M,False,3,2026-04-11,2026-04-12,True
58327,128535,117,29821,,,,,,,,3,Prelims,12.74,,,,,1536,True,Sprints,444,848,868.0,M,False,3,2026-04-11,2026-04-12,True
58328,128537,117,2037,,,,,,,,3,Prelims,12.77,,,,,1536,True,Sprints,438,843,859.5,M,False,3,2026-04-11,2026-04-12,True
58329,128539,56,30138,,,,,,,,3,Prelims,12.80,,,,,1536,True,Sprints,432,837,850.5,M,False,3,2026-04-11,2026-04-12,True
58330,128541,117,31,,,,,,,,3,Prelims,12.84,,,,,1536,True,Sprints,424,830,839.0,M,False,3,2026-04-11,2026-04-12,True
58331,128543,146,29449,,,,,,,,3,Prelims,12.91,,,,,1536,True,Sprints,410,817,818.5,M,False,3,2026-04-11,2026-04-12,True
58332,128545,167,3015,,,,,,,,3,Prelims,12.96,,,,,1536,True,Sprints,400,808,804.0,M,False,3,2026-04-11,2026-04-12,True
58333,128547,117,3993,,,,,,,,3,Prelims,13.05,,,,,1536,True,Sprints,382,792,778.0,M,False,3,2026-04-11,2026-04-12,True
58334,128549,162,19498,,,,,,,,3,Prelims,13.26,,,,,1536,True,Sprints,342,756,720.0,M,False,3,2026-04-11,2026-04-12,True
58335,128551,196,28486,,,,,,,,3,Prelims,13.31,,,,,1536,True,Sprints,333,747,706.5,M,False,3,2026-04-11,2026-04-12,True
58336,128553,117,164,,,,,,,,3,Prelims,13.40,,,,,1536,True,Sprints,317,731,682.5,M,False,3,2026-04-11,2026-04-12,True
58337,128555,167,702,,,,,,,,3,Prelims,13.94,,,,,1536,True,Sprints,229,642,550.0,M,False,3,2026-04-11,2026-04-12,True
58338,128557,196,27139,,,,,,,,3,Prelims,14.11,,,,,1536,True,Sprints,204,615,511.5,M,False,3,2026-04-11,2026-04-12,True
58339,128559,59,25558,,,,,,,,3,Prelims,14.62,,,,,1536,True,Sprints,138,538,407.0,M,False,3,2026-04-11,2026-04-12,True
58340,128561,199,31116,,,,,,,,3,Prelims,16.81,,,,,1536,True,Sprints,0,266,133.0,M,False,3,2026-04-11,2026-04-12,True
58446,128732,56,24391,,,,,,,,4,Prelims,22.10,,,,,1536,True,Sprints,910,1226,1523.0,M,False,3,2026-04-11,2026-04-12,True
58447,128734,167,5246,,,,,,,,4,Prelims,22.12,,,,,1536,True,Sprints,908,1224,1520.0,M,False,3,2026-04-11,2026-04-12,True
58448,128736,117,29817,,,,,,,,4,Prelims,22.38,,,,,1536,True,Sprints,873,1197,1471.5,M,False,3,2026-04-11,2026-04-12,True
58449,128738,146,3698,,,,,,,,4,Prelims,22.45,,,,,1536,True,Sprints,863,1190,1458.0,M,False,3,2026-04-11,2026-04-12,True
58450,128740,116,24634,,,,,,,,4,Prelims,22.49,,,,,1536,True,Sprints,858,1186,1451.0,M,False,3,2026-04-11,2026-04-12,True
58451,128742,162,24676,,,,,,,,4,Prelims,22.51,,,,,1536,True,Sprints,855,1183,1446.5,M,False,3,2026-04-11,2026-04-12,True
58452,128744,124,29632,,,,,,,,4,Prelims,22.53,,,,,1536,True,Sprints,853,1181,1443.5,M,False,3,2026-04-11,2026-04-12,True
58454,128746,169,29747,,,,,,,,4,Prelims,22.55,,,,,1536,True,Sprints,850,1179,1439.5,M,False,3,2026-04-11,2026-04-12,True
58455,128748,146,3719,,,,,,,,4,Prelims,22.57,,,,,1536,True,Sprints,847,1177,1435.5,M,False,3,2026-04-11,2026-04-12,True
58456,128750,167,5234,,,,,,,,4,Prelims,22.66,,,,,1536,True,Sprints,836,1168,1420.0,M,False,3,2026-04-11,2026-04-12,True
58457,128752,202,3513,,,,,,,,4,Prelims,22.71,,,,,1536,True,Sprints,829,1163,1410.5,M,False,3,2026-04-11,2026-04-12,True
58458,128754,1,29669,,,,,,,,4,Prelims,22.76,,,,,1536,True,Sprints,823,1158,1402.0,M,False,3,2026-04-11,2026-04-12,True
58459,128758,56,31476,,,,,,,,4,Prelims,22.89,,,,,1536,True,Sprints,806,1145,1378.5,M,False,3,2026-04-11,2026-04-12,True
58481,128731,146,24580,,,,,,,,4,Prelims,21.88,,,,,1536,True,Sprints,940,1249,1564.5,M,False,3,2026-04-11,2026-04-12,True
58482,128733,166,29864,,,,,,,,4,Prelims,22.11,,,,,1536,True,Sprints,909,1225,1521.5,M,False,3,2026-04-11,2026-04-12,True
58483,128735,124,24415,,,,,,,,4,Prelims,22.36,,,,,1536,True,Sprints,875,1199,1474.5,M,False,3,2026-04-11,2026-04-12,True
58484,128737,124,29660,,,,,,,,4,Prelims,22.39,,,,,1536,True,Sprints,871,1196,1469.0,M,False,3,2026-04-11,2026-04-12,True
58485,128739,43,30391,,,,,,,,4,Prelims,22.48,,,,,1536,True,Sprints,859,1187,1452.5,M,False,3,2026-04-11,2026-04-12,True
58486,128741,124,5540,,,,,,,,4,Prelims,22.50,,,,,1536,True,Sprints,857,1184,1449.0,M,False,3,2026-04-11,2026-04-12,True
58487,128743,116,24629,,,,,,,,4,Prelims,22.52,,,,,1536,True,Sprints,854,1182,1445.0,M,False,3,2026-04-11,2026-04-12,True
58488,128745,203,24540,,,,,,,,4,Prelims,22.53,,,,,1536,True,Sprints,853,1181,1443.5,M,False,3,2026-04-11,2026-04-12,True
58489,128747,76,31017,,,,,,,,4,Prelims,22.56,,,,,1536,True,Sprints,849,1178,1438.0,M,False,3,2026-04-11,2026-04-12,True
58490,128749,203,24551,,,,,,,,4,Prelims,22.65,,,,,1536,True,Sprints,837,1169,1421.5,M,False,3,2026-04-11,2026-04-12,True
58491,128751,117,29818,,,,,,,,4,Prelims,22.69,,,,,1536,True,Sprints,832,1165,1414.5,M,False,3,2026-04-11,2026-04-12,True
58492,128753,1,3522,,,,,,,,4,Prelims,22.73,,,,,1536,True,Sprints,827,1161,1407.5,M,False,3,2026-04-11,2026-04-12,True
58493,128755,43,31088,,,,,,,,4,Prelims,22.78,,,,,1536,True,Sprints,820,1156,1398.0,M,False,3,2026-04-11,2026-04-12,True
58494,128757,233,31188,,,,,,,,4,Prelims,22.88,,,,,1536,True,Sprints,807,1146,1380.0,M,False,3,2026-04-11,2026-04-12,True
58495,128759,124,29633,,,,,,,,4,Prelims,22.90,,,,,1536,True,Sprints,805,1144,1377.0,M,False,3,2026-04-11,2026-04-12,True
58496,128761,127,3630,,,,,,,,4,Prelims,22.97,,,,,1536,True,Sprints,796,1137,1364.5,M,False,3,2026-04-11,2026-04-12,True
58497,128763,76,31027,,,,,,,,4,Prelims,23.06,,,,,1536,True,Sprints,784,1127,1347.5,M,False,3,2026-04-11,2026-04-12,True
58498,128765,233,31309,,,,,,,,4,Prelims,23.10,,,,,1536,True,Sprints,779,1123,1340.5,M,False,3,2026-04-11,2026-04-12,True
58499,128764,61,24852,,,,,,,,4,Prelims,23.09,,,,,1536,True,Sprints,781,1124,1343.0,M,False,3,2026-04-11,2026-04-12,True
58500,128766,169,24896,,,,,,,,4,Prelims,23.12,,,,,1536,True,Sprints,777,1121,1337.5,M,False,3,2026-04-11,2026-04-12,True
58501,128768,56,24401,,,,,,,,4,Prelims,23.12,,,,,1536,True,Sprints,777,1121,1337.5,M,False,3,2026-04-11,2026-04-12,True
58502,128770,117,5668,,,,,,,,4,Prelims,23.13,,,,,1536,True,Sprints,776,1120,1336.0,M,False,3,2026-04-11,2026-04-12,True
58503,128772,49,3784,,,,,,,,4,Prelims,23.18,,,,,1536,True,Sprints,769,1115,1326.5,M,False,3,2026-04-11,2026-04-12,True
58504,128774,204,26139,,,,,,,,4,Prelims,23.24,,,,,1536,True,Sprints,762,1109,1316.5,M,False,3,2026-04-11,2026-04-12,True
58505,128776,116,31415,,,,,,,,4,Prelims,23.29,,,,,1536,True,Sprints,756,1104,1308.0,M,False,3,2026-04-11,2026-04-12,True
58506,128778,146,4149,,,,,,,,4,Prelims,23.31,,,,,1536,True,Sprints,753,1102,1304.0,M,False,3,2026-04-11,2026-04-12,True
58507,128780,124,29630,,,,,,,,4,Prelims,23.34,,,,,1536,True,Sprints,749,1099,1298.5,M,False,3,2026-04-11,2026-04-12,True
58508,128782,117,26605,,,,,,,,4,Prelims,23.37,,,,,1536,True,Sprints,746,1096,1294.0,M,False,3,2026-04-11,2026-04-12,True
58509,128784,196,29798,,,,,,,,4,Prelims,23.46,,,,,1536,True,Sprints,735,1088,1279.0,M,False,3,2026-04-11,2026-04-12,True
58510,128788,146,3690,,,,,,,,4,Prelims,23.50,,,,,1536,True,Sprints,730,1084,1272.0,M,False,3,2026-04-11,2026-04-12,True
58511,128790,167,25024,,,,,,,,4,Prelims,23.52,,,,,1536,True,Sprints,727,1082,1268.0,M,False,3,2026-04-11,2026-04-12,True
58512,128792,116,24630,,,,,,,,4,Prelims,23.61,,,,,1536,True,Sprints,716,1073,1252.5,M,False,3,2026-04-11,2026-04-12,True
58513,128794,233,31189,,,,,,,,4,Prelims,23.70,,,,,1536,True,Sprints,706,1064,1238.0,M,False,3,2026-04-11,2026-04-12,True
58514,128796,146,24861,,,,,,,,4,Prelims,23.75,,,,,1536,True,Sprints,700,1059,1229.5,M,False,3,2026-04-11,2026-04-12,True
58515,128798,188,3851,,,,,,,,4,Prelims,23.77,,,,,1536,True,Sprints,697,1057,1225.5,M,False,3,2026-04-11,2026-04-12,True
58516,128800,188,3541,,,,,,,,4,Prelims,23.82,,,,,1536,True,Sprints,691,1052,1217.0,M,False,3,2026-04-11,2026-04-12,True
58517,128802,146,31480,,,,,,,,4,Prelims,23.85,,,,,1536,True,Sprints,688,1049,1212.5,M,False,3,2026-04-11,2026-04-12,True
58518,128804,120,8008,,,,,,,,4,Prelims,23.87,,,,,1536,True,Sprints,685,1047,1208.5,M,False,3,2026-04-11,2026-04-12,True
58519,128806,59,31481,,,,,,,,4,Prelims,23.93,,,,,1536,True,Sprints,678,1042,1199.0,M,False,3,2026-04-11,2026-04-12,True
58520,128808,188,31129,,,,,,,,4,Prelims,23.96,,,,,1536,True,Sprints,675,1039,1194.5,M,False,3,2026-04-11,2026-04-12,True
58521,128810,124,30041,,,,,,,,4,Prelims,24.03,,,,,1536,True,Sprints,667,1032,1183.0,M,False,3,2026-04-11,2026-04-12,True
58522,128812,174,19638,,,,,,,,4,Prelims,24.05,,,,,1536,True,Sprints,664,1030,1179.0,M,False,3,2026-04-11,2026-04-12,True
58523,128814,56,3574,,,,,,,,4,Prelims,24.07,,,,,1536,True,Sprints,662,1028,1176.0,M,False,3,2026-04-11,2026-04-12,True
58524,128816,233,31180,,,,,,,,4,Prelims,24.14,,,,,1536,True,Sprints,654,1021,1164.5,M,False,3,2026-04-11,2026-04-12,True
58525,128818,56,24984,,,,,,,,4,Prelims,24.17,,,,,1536,True,Sprints,650,1019,1159.5,M,False,3,2026-04-11,2026-04-12,True
58526,128820,96,31350,,,,,,,,4,Prelims,24.24,,,,,1536,True,Sprints,642,1012,1148.0,M,False,3,2026-04-11,2026-04-12,True
58527,128767,169,30071,,,,,,,,4,Prelims,23.12,,,,,1536,True,Sprints,777,1121,1337.5,M,False,3,2026-04-11,2026-04-12,True
58528,128769,169,24897,,,,,,,,4,Prelims,23.13,,,,,1536,True,Sprints,776,1120,1336.0,M,False,3,2026-04-11,2026-04-12,True
58529,128771,116,29613,,,,,,,,4,Prelims,23.17,,,,,1536,True,Sprints,771,1116,1329.0,M,False,3,2026-04-11,2026-04-12,True
58530,128773,1,25148,,,,,,,,4,Prelims,23.18,,,,,1536,True,Sprints,769,1115,1326.5,M,False,3,2026-04-11,2026-04-12,True
58531,128775,167,31429,,,,,,,,4,Prelims,23.29,,,,,1536,True,Sprints,756,1104,1308.0,M,False,3,2026-04-11,2026-04-12,True
58532,128777,116,24635,,,,,,,,4,Prelims,23.31,,,,,1536,True,Sprints,753,1102,1304.0,M,False,3,2026-04-11,2026-04-12,True
58533,128779,169,29748,,,,,,,,4,Prelims,23.33,,,,,1536,True,Sprints,751,1100,1301.0,M,False,3,2026-04-11,2026-04-12,True
58534,128781,202,24370,,,,,,,,4,Prelims,23.37,,,,,1536,True,Sprints,746,1096,1294.0,M,False,3,2026-04-11,2026-04-12,True
58535,128783,124,29634,,,,,,,,4,Prelims,23.41,,,,,1536,True,Sprints,741,1093,1287.5,M,False,3,2026-04-11,2026-04-12,True
58536,128785,162,26161,,,,,,,,4,Prelims,23.47,,,,,1536,True,Sprints,733,1087,1276.5,M,False,3,2026-04-11,2026-04-12,True
58537,128787,117,25082,,,,,,,,4,Prelims,23.48,,,,,1536,True,Sprints,732,1086,1275.0,M,False,3,2026-04-11,2026-04-12,True
58538,128789,59,3912,,,,,,,,4,Prelims,23.51,,,,,1536,True,Sprints,729,1083,1270.5,M,False,3,2026-04-11,2026-04-12,True
58539,128791,199,31498,,,,,,,,4,Prelims,23.58,,,,,1536,True,Sprints,720,1076,1258.0,M,False,3,2026-04-11,2026-04-12,True
58540,128793,88,31028,,,,,,,,4,Prelims,23.61,,,,,1536,True,Sprints,716,1073,1252.5,M,False,3,2026-04-11,2026-04-12,True
58541,128795,203,4423,,,,,,,,4,Prelims,23.72,,,,,1536,True,Sprints,703,1062,1234.0,M,False,3,2026-04-11,2026-04-12,True
58542,128797,202,3512,,,,,,,,4,Prelims,23.76,,,,,1536,True,Sprints,698,1058,1227.0,M,False,3,2026-04-11,2026-04-12,True
58543,128801,43,27573,,,,,,,,4,Prelims,23.83,,,,,1536,True,Sprints,690,1051,1215.5,M,False,3,2026-04-11,2026-04-12,True
58544,128803,146,3728,,,,,,,,4,Prelims,23.86,,,,,1536,True,Sprints,687,1048,1211.0,M,False,3,2026-04-11,2026-04-12,True
58545,128805,146,31479,,,,,,,,4,Prelims,23.88,,,,,1536,True,Sprints,684,1046,1207.0,M,False,3,2026-04-11,2026-04-12,True
58546,128807,167,31285,,,,,,,,4,Prelims,23.95,,,,,1536,True,Sprints,676,1040,1196.0,M,False,3,2026-04-11,2026-04-12,True
58548,128786,117,24695,,,,,,,,4,Prelims,23.48,,,,,1536,True,Sprints,732,1086,1275.0,M,False,3,2026-04-11,2026-04-12,True
58549,128756,146,24880,,,,,,,,4,Prelims,22.81,,,,,1536,True,Sprints,816,1153,1392.5,M,False,3,2026-04-11,2026-04-12,True
58550,128809,11,29234,,,,,,,,4,Prelims,23.96,,,,,1536,True,Sprints,675,1039,1194.5,M,False,3,2026-04-11,2026-04-12,True
58551,128811,56,29434,,,,,,,,4,Prelims,24.04,,,,,1536,True,Sprints,666,1031,1181.5,M,False,3,2026-04-11,2026-04-12,True
58552,128813,103,31499,,,,,,,,4,Prelims,24.07,,,,,1536,True,Sprints,662,1028,1176.0,M,False,3,2026-04-11,2026-04-12,True
58553,128815,124,3845,,,,,,,,4,Prelims,24.09,,,,,1536,True,Sprints,660,1026,1173.0,M,False,3,2026-04-11,2026-04-12,True
58554,128817,122,31478,,,,,,,,4,Prelims,24.14,,,,,1536,True,Sprints,654,1021,1164.5,M,False,3,2026-04-11,2026-04-12,True
58555,128819,204,3602,,,,,,,,4,Prelims,24.23,,,,,1536,True,Sprints,644,1013,1150.5,M,False,3,2026-04-11,2026-04-12,True
58556,128821,76,28544,,,,,,,,4,Prelims,24.28,,,,,1536,True,Sprints,638,1008,1142.0,M,False,3,2026-04-11,2026-04-12,True
58557,128823,117,25085,,,,,,,,4,Prelims,24.34,,,,,1536,True,Sprints,631,1002,1132.0,M,False,3,2026-04-11,2026-04-12,True
58558,128825,202,5559,,,,,,,,4,Prelims,24.40,,,,,1536,True,Sprints,624,997,1122.5,M,False,3,2026-04-11,2026-04-12,True
58559,128827,1,29691,,,,,,,,4,Prelims,24.42,,,,,1536,True,Sprints,622,995,1119.5,M,False,3,2026-04-11,2026-04-12,True
58560,128829,43,25513,,,,,,,,4,Prelims,24.48,,,,,1536,True,Sprints,615,989,1109.5,M,False,3,2026-04-11,2026-04-12,True
58561,128831,146,24607,,,,,,,,4,Prelims,24.51,,,,,1536,True,Sprints,612,986,1105.0,M,False,3,2026-04-11,2026-04-12,True
58562,128833,188,31117,,,,,,,,4,Prelims,24.54,,,,,1536,True,Sprints,609,984,1101.0,M,False,3,2026-04-11,2026-04-12,True
58563,128835,202,31482,,,,,,,,4,Prelims,24.55,,,,,1536,True,Sprints,607,983,1098.5,M,False,3,2026-04-11,2026-04-12,True
58564,128837,49,24848,,,,,,,,4,Prelims,24.59,,,,,1536,True,Sprints,603,979,1092.5,M,False,3,2026-04-11,2026-04-12,True
58565,128839,56,24393,,,,,,,,4,Prelims,24.59,,,,,1536,True,Sprints,603,979,1092.5,M,False,3,2026-04-11,2026-04-12,True
58566,128841,174,31128,,,,,,,,4,Prelims,24.63,,,,,1536,True,Sprints,599,975,1086.5,M,False,3,2026-04-11,2026-04-12,True
58567,128843,120,29677,,,,,,,,4,Prelims,24.69,,,,,1536,True,Sprints,592,969,1076.5,M,False,3,2026-04-11,2026-04-12,True
58568,128845,117,161,,,,,,,,4,Prelims,24.76,,,,,1536,True,Sprints,584,963,1065.5,M,False,3,2026-04-11,2026-04-12,True
58569,128847,43,3400,,,,,,,,4,Prelims,24.83,,,,,1536,True,Sprints,577,956,1055.0,M,False,3,2026-04-11,2026-04-12,True
58570,128849,166,31483,,,,,,,,4,Prelims,24.87,,,,,1536,True,Sprints,572,953,1048.5,M,False,3,2026-04-11,2026-04-12,True
58571,128851,159,26511,,,,,,,,4,Prelims,24.92,,,,,1536,True,Sprints,567,948,1041.0,M,False,3,2026-04-11,2026-04-12,True
58572,128853,167,29694,,,,,,,,4,Prelims,25.03,,,,,1536,True,Sprints,555,938,1024.0,M,False,3,2026-04-11,2026-04-12,True
58573,128855,146,3709,,,,,,,,4,Prelims,25.08,,,,,1536,True,Sprints,550,933,1016.5,M,False,3,2026-04-11,2026-04-12,True
58574,128857,204,26618,,,,,,,,4,Prelims,25.20,,,,,1536,True,Sprints,537,922,998.0,M,False,3,2026-04-11,2026-04-12,True
58575,128859,117,4002,,,,,,,,4,Prelims,25.22,,,,,1536,True,Sprints,535,921,995.5,M,False,3,2026-04-11,2026-04-12,True
58576,128861,146,1216,,,,,,,,4,Prelims,25.35,,,,,1536,True,Sprints,522,909,976.5,M,False,3,2026-04-11,2026-04-12,True
58577,128863,120,24835,,,,,,,,4,Prelims,25.46,,,,,1536,True,Sprints,511,899,960.5,M,False,3,2026-04-11,2026-04-12,True
58578,128865,167,18977,,,,,,,,4,Prelims,25.50,,,,,1536,True,Sprints,506,895,953.5,M,False,3,2026-04-11,2026-04-12,True
58579,128867,56,31502,,,,,,,,4,Prelims,25.54,,,,,1536,True,Sprints,502,892,948.0,M,False,3,2026-04-11,2026-04-12,True
58580,128869,117,15,,,,,,,,4,Prelims,25.60,,,,,1536,True,Sprints,496,886,939.0,M,False,3,2026-04-11,2026-04-12,True
58581,128871,117,31,,,,,,,,4,Prelims,25.70,,,,,1536,True,Sprints,486,878,925.0,M,False,3,2026-04-11,2026-04-12,True
58582,128873,169,29750,,,,,,,,4,Prelims,25.73,,,,,1536,True,Sprints,483,875,920.5,M,False,3,2026-04-11,2026-04-12,True
58583,128875,188,31485,,,,,,,,4,Prelims,25.90,,,,,1536,True,Sprints,467,860,897.0,M,False,3,2026-04-11,2026-04-12,True
58584,128877,202,31484,,,,,,,,4,Prelims,26.10,,,,,1536,True,Sprints,447,842,868.0,M,False,3,2026-04-11,2026-04-12,True
58585,128878,117,3993,,,,,,,,4,Prelims,26.14,,,,,1536,True,Sprints,444,839,863.5,M,False,3,2026-04-11,2026-04-12,True
58586,128879,169,4442,,,,,,,,4,Prelims,26.16,,,,,1536,True,Sprints,442,837,860.5,M,False,3,2026-04-11,2026-04-12,True
58587,128880,117,2037,,,,,,,,4,Prelims,26.20,,,,,1536,True,Sprints,438,834,855.0,M,False,3,2026-04-11,2026-04-12,True
58623,128418,117,29817,,,,,,,,3,Prelims,10.87,,,,,1536,True,Sprints,922,1226,1535.0,M,False,3,2026-04-11,2026-04-12,True
58624,128420,124,24415,,,,,,,,3,Prelims,10.94,,,,,1536,True,Sprints,901,1211,1506.5,M,False,3,2026-04-11,2026-04-12,True
58625,128422,146,3719,,,,,,,,3,Prelims,11.09,,,,,1536,True,Sprints,857,1178,1446.0,M,False,3,2026-04-11,2026-04-12,True
58626,128424,1,3522,,,,,,,,3,Prelims,11.10,,,,,1536,True,Sprints,854,1176,1442.0,M,False,3,2026-04-11,2026-04-12,True
58627,128426,169,29747,,,,,,,,3,Prelims,11.15,,,,,1536,True,Sprints,840,1165,1422.5,M,False,3,2026-04-11,2026-04-12,True
58628,128428,167,5246,,,,,,,,3,Prelims,11.17,,,,,1536,True,Sprints,834,1161,1414.5,M,False,3,2026-04-11,2026-04-12,True
58629,128430,146,3698,,,,,,,,3,Prelims,11.18,,,,,1536,True,Sprints,831,1159,1410.5,M,False,3,2026-04-11,2026-04-12,True
58630,128432,112,31463,,,,,,,,3,Prelims,11.20,,,,,1536,True,Sprints,825,1154,1402.0,M,False,3,2026-04-11,2026-04-12,True
58631,128434,202,3513,,,,,,,,3,Prelims,11.25,,,,,1536,True,Sprints,811,1144,1383.0,M,False,3,2026-04-11,2026-04-12,True
58666,128419,146,24580,,,,,,,,3,Prelims,10.89,,,,,1536,True,Sprints,916,1222,1527.0,M,False,3,2026-04-11,2026-04-12,True
58667,128421,56,24391,,,,,,,,3,Prelims,11.00,,,,,1536,True,Sprints,883,1198,1482.0,M,False,3,2026-04-11,2026-04-12,True
58668,128423,167,25023,,,,,,,,3,Prelims,11.10,,,,,1536,True,Sprints,854,1176,1442.0,M,False,3,2026-04-11,2026-04-12,True
58669,128425,124,29660,,,,,,,,3,Prelims,11.12,,,,,1536,True,Sprints,848,1172,1434.0,M,False,3,2026-04-11,2026-04-12,True
58670,128427,56,31476,,,,,,,,3,Prelims,11.16,,,,,1536,True,Sprints,837,1163,1418.5,M,False,3,2026-04-11,2026-04-12,True
58671,128429,203,24539,,,,,,,,3,Prelims,11.18,,,,,1536,True,Sprints,831,1159,1410.5,M,False,3,2026-04-11,2026-04-12,True
58672,128431,167,31432,,,,,,,,3,Prelims,11.20,,,,,1536,True,Sprints,825,1154,1402.0,M,False,3,2026-04-11,2026-04-12,True
58673,128433,169,24897,,,,,,,,3,Prelims,11.25,,,,,1536,True,Sprints,811,1144,1383.0,M,False,3,2026-04-11,2026-04-12,True
58674,128435,117,5668,,,,,,,,3,Prelims,11.26,,,,,1536,True,Sprints,808,1142,1379.0,M,False,3,2026-04-11,2026-04-12,True
58675,128437,112,3764,,,,,,,,3,Prelims,11.27,,,,,1536,True,Sprints,805,1139,1374.5,M,False,3,2026-04-11,2026-04-12,True
58676,128439,43,30391,,,,,,,,3,Prelims,11.28,,,,,1536,True,Sprints,803,1137,1371.5,M,False,3,2026-04-11,2026-04-12,True
58677,128441,146,24861,,,,,,,,3,Prelims,11.30,,,,,1536,True,Sprints,797,1133,1363.5,M,False,3,2026-04-11,2026-04-12,True
58678,128443,117,29818,,,,,,,,3,Prelims,11.32,,,,,1536,True,Sprints,791,1129,1355.5,M,False,3,2026-04-11,2026-04-12,True
58679,128445,169,24896,,,,,,,,3,Prelims,11.33,,,,,1536,True,Sprints,789,1127,1352.5,M,False,3,2026-04-11,2026-04-12,True
58680,128822,111,25073,,,,,,,,4,Prelims,24.30,,,,,1536,True,Sprints,636,1006,1139.0,M,False,3,2026-04-11,2026-04-12,True
58681,128824,202,24357,,,,,,,,4,Prelims,24.39,,,,,1536,True,Sprints,625,998,1124.0,M,False,3,2026-04-11,2026-04-12,True
58682,128436,59,3908,,,,,,,,3,Prelims,11.27,,,,,1536,True,Sprints,805,1139,1374.5,M,False,3,2026-04-11,2026-04-12,True
58683,128438,56,29744,,,,,,,,3,Prelims,11.27,,,,,1536,True,Sprints,805,1139,1374.5,M,False,3,2026-04-11,2026-04-12,True
58684,128440,76,31017,,,,,,,,3,Prelims,11.30,,,,,1536,True,Sprints,797,1133,1363.5,M,False,3,2026-04-11,2026-04-12,True
58685,128442,124,29630,,,,,,,,3,Prelims,11.31,,,,,1536,True,Sprints,794,1131,1359.5,M,False,3,2026-04-11,2026-04-12,True
58686,128444,166,29872,,,,,,,,3,Prelims,11.33,,,,,1536,True,Sprints,789,1127,1352.5,M,False,3,2026-04-11,2026-04-12,True
58687,128446,124,29632,,,,,,,,3,Prelims,11.33,,,,,1536,True,Sprints,789,1127,1352.5,M,False,3,2026-04-11,2026-04-12,True
58688,128828,171,11413,,,,,,,,4,Prelims,24.45,,,,,1536,True,Sprints,619,992,1115.0,M,False,3,2026-04-11,2026-04-12,True
58689,128830,233,31192,,,,,,,,4,Prelims,24.49,,,,,1536,True,Sprints,614,988,1108.0,M,False,3,2026-04-11,2026-04-12,True
58690,128832,203,24543,,,,,,,,4,Prelims,24.52,,,,,1536,True,Sprints,611,985,1103.5,M,False,3,2026-04-11,2026-04-12,True
58691,128834,146,3725,,,,,,,,4,Prelims,24.54,,,,,1536,True,Sprints,609,984,1101.0,M,False,3,2026-04-11,2026-04-12,True
58692,128836,56,31501,,,,,,,,4,Prelims,24.58,,,,,1536,True,Sprints,604,980,1094.0,M,False,3,2026-04-11,2026-04-12,True
58693,128838,56,3570,,,,,,,,4,Prelims,24.59,,,,,1536,True,Sprints,603,979,1092.5,M,False,3,2026-04-11,2026-04-12,True
58694,128840,196,29800,,,,,,,,4,Prelims,24.62,,,,,1536,True,Sprints,600,976,1088.0,M,False,3,2026-04-11,2026-04-12,True
58695,128842,146,24891,,,,,,,,4,Prelims,24.68,,,,,1536,True,Sprints,593,970,1078.0,M,False,3,2026-04-11,2026-04-12,True
58696,128844,56,24983,,,,,,,,4,Prelims,24.70,,,,,1536,True,Sprints,591,969,1075.5,M,False,3,2026-04-11,2026-04-12,True
58697,128846,124,29663,,,,,,,,4,Prelims,24.78,,,,,1536,True,Sprints,582,961,1062.5,M,False,3,2026-04-11,2026-04-12,True
58698,128848,61,30118,,,,,,,,4,Prelims,24.86,,,,,1536,True,Sprints,574,954,1051.0,M,False,3,2026-04-11,2026-04-12,True
58699,128850,120,344,,,,,,,,4,Prelims,24.87,,,,,1536,True,Sprints,572,953,1048.5,M,False,3,2026-04-11,2026-04-12,True
58700,128852,117,8060,,,,,,,,4,Prelims,24.98,,,,,1536,True,Sprints,561,943,1032.5,M,False,3,2026-04-11,2026-04-12,True
58701,128854,203,29557,,,,,,,,4,Prelims,25.05,,,,,1536,True,Sprints,553,936,1021.0,M,False,3,2026-04-11,2026-04-12,True
58702,128856,167,26171,,,,,,,,4,Prelims,25.18,,,,,1536,True,Sprints,539,924,1001.0,M,False,3,2026-04-11,2026-04-12,True
58703,128858,117,24694,,,,,,,,4,Prelims,25.20,,,,,1536,True,Sprints,537,922,998.0,M,False,3,2026-04-11,2026-04-12,True
58704,128860,43,4864,,,,,,,,4,Prelims,25.33,,,,,1536,True,Sprints,524,911,979.5,M,False,3,2026-04-11,2026-04-12,True
58705,128862,204,3605,,,,,,,,4,Prelims,25.43,,,,,1536,True,Sprints,514,902,965.0,M,False,3,2026-04-11,2026-04-12,True
58706,128864,196,31121,,,,,,,,4,Prelims,25.49,,,,,1536,True,Sprints,508,896,956.0,M,False,3,2026-04-11,2026-04-12,True
58707,128866,202,31486,,,,,,,,4,Prelims,25.51,,,,,1536,True,Sprints,505,895,952.5,M,False,3,2026-04-11,2026-04-12,True
58708,128868,146,29605,,,,,,,,4,Prelims,25.59,,,,,1536,True,Sprints,497,887,940.5,M,False,3,2026-04-11,2026-04-12,True
58709,128870,202,3506,,,,,,,,4,Prelims,25.67,,,,,1536,True,Sprints,489,880,929.0,M,False,3,2026-04-11,2026-04-12,True
58710,128872,188,3551,,,,,,,,4,Prelims,25.72,,,,,1536,True,Sprints,484,876,922.0,M,False,3,2026-04-11,2026-04-12,True
58711,128874,146,24608,,,,,,,,4,Prelims,25.81,,,,,1536,True,Sprints,476,868,910.0,M,False,3,2026-04-11,2026-04-12,True
58712,128876,43,30405,,,,,,,,4,Prelims,25.96,,,,,1536,True,Sprints,461,855,888.5,M,False,3,2026-04-11,2026-04-12,True
58713,128447,127,3630,,,,,,,,3,Prelims,11.34,,,,,1536,True,Sprints,786,1125,1348.5,M,False,3,2026-04-11,2026-04-12,True
58714,128449,116,24629,,,,,,,,3,Prelims,11.40,,,,,1536,True,Sprints,769,1112,1325.0,M,False,3,2026-04-11,2026-04-12,True
58715,128451,1,25148,,,,,,,,3,Prelims,11.40,,,,,1536,True,Sprints,769,1112,1325.0,M,False,3,2026-04-11,2026-04-12,True
58716,128453,233,31190,,,,,,,,3,Prelims,11.42,,,,,1536,True,Sprints,764,1108,1318.0,M,False,3,2026-04-11,2026-04-12,True
58717,128455,56,30378,,,,,,,,3,Prelims,11.45,,,,,1536,True,Sprints,755,1102,1306.0,M,False,3,2026-04-11,2026-04-12,True
58718,128457,202,31477,,,,,,,,3,Prelims,11.48,,,,,1536,True,Sprints,747,1095,1294.5,M,False,3,2026-04-11,2026-04-12,True
58719,128459,49,3784,,,,,,,,3,Prelims,11.55,,,,,1536,True,Sprints,728,1081,1268.5,M,False,3,2026-04-11,2026-04-12,True
58720,128461,233,31180,,,,,,,,3,Prelims,11.61,,,,,1536,True,Sprints,712,1068,1246.0,M,False,3,2026-04-11,2026-04-12,True
58721,128463,204,26139,,,,,,,,3,Prelims,11.63,,,,,1536,True,Sprints,707,1064,1239.0,M,False,3,2026-04-11,2026-04-12,True
58722,128465,167,5233,,,,,,,,3,Prelims,11.66,,,,,1536,True,Sprints,699,1058,1228.0,M,False,3,2026-04-11,2026-04-12,True
58723,128467,202,24359,,,,,,,,3,Prelims,11.69,,,,,1536,True,Sprints,691,1052,1217.0,M,False,3,2026-04-11,2026-04-12,True
58724,128469,122,31478,,,,,,,,3,Prelims,11.70,,,,,1536,True,Sprints,689,1050,1214.0,M,False,3,2026-04-11,2026-04-12,True
58725,128473,196,29798,,,,,,,,3,Prelims,11.72,,,,,1536,True,Sprints,684,1046,1207.0,M,False,3,2026-04-11,2026-04-12,True
58726,128475,124,29634,,,,,,,,3,Prelims,11.75,,,,,1536,True,Sprints,676,1040,1196.0,M,False,3,2026-04-11,2026-04-12,True
58727,128477,233,31189,,,,,,,,3,Prelims,11.77,,,,,1536,True,Sprints,671,1036,1189.0,M,False,3,2026-04-11,2026-04-12,True
58728,128448,17,25198,,,,,,,,3,Prelims,11.36,,,,,1536,True,Sprints,780,1120,1340.0,M,False,3,2026-04-11,2026-04-12,True
58729,128452,167,25031,,,,,,,,3,Prelims,11.41,,,,,1536,True,Sprints,766,1110,1321.0,M,False,3,2026-04-11,2026-04-12,True
58730,128454,167,5234,,,,,,,,3,Prelims,11.44,,,,,1536,True,Sprints,758,1104,1310.0,M,False,3,2026-04-11,2026-04-12,True
58731,128456,124,5540,,,,,,,,3,Prelims,11.47,,,,,1536,True,Sprints,750,1097,1298.5,M,False,3,2026-04-11,2026-04-12,True
58732,128458,43,31088,,,,,,,,3,Prelims,11.54,,,,,1536,True,Sprints,731,1083,1272.5,M,False,3,2026-04-11,2026-04-12,True
58733,128460,166,24460,,,,,,,,3,Prelims,11.56,,,,,1536,True,Sprints,726,1079,1265.5,M,False,3,2026-04-11,2026-04-12,True
58734,128462,166,31382,,,,,,,,3,Prelims,11.62,,,,,1536,True,Sprints,710,1066,1243.0,M,False,3,2026-04-11,2026-04-12,True
58735,128464,116,29613,,,,,,,,3,Prelims,11.65,,,,,1536,True,Sprints,702,1060,1232.0,M,False,3,2026-04-11,2026-04-12,True
58736,128466,116,24630,,,,,,,,3,Prelims,11.66,,,,,1536,True,Sprints,699,1058,1228.0,M,False,3,2026-04-11,2026-04-12,True
58737,128468,167,25024,,,,,,,,3,Prelims,11.70,,,,,1536,True,Sprints,689,1050,1214.0,M,False,3,2026-04-11,2026-04-12,True
58738,128470,166,29867,,,,,,,,3,Prelims,11.70,,,,,1536,True,Sprints,689,1050,1214.0,M,False,3,2026-04-11,2026-04-12,True
58739,128472,202,24369,,,,,,,,3,Prelims,11.72,,,,,1536,True,Sprints,684,1046,1207.0,M,False,3,2026-04-11,2026-04-12,True
58740,128826,59,30826,,,,,,,,4,Prelims,24.40,,,,,1536,True,Sprints,624,997,1122.5,M,False,3,2026-04-11,2026-04-12,True
58742,128450,146,24880,,,,,,,,3,Prelims,11.40,,,,,1536,True,Sprints,769,1112,1325.0,M,False,3,2026-04-11,2026-04-12,True
58743,128474,56,24401,,,,,,,,3,Prelims,11.74,,,,,1536,True,Sprints,678,1042,1199.0,M,False,3,2026-04-11,2026-04-12,True
58744,128476,146,31479,,,,,,,,3,Prelims,11.77,,,,,1536,True,Sprints,671,1036,1189.0,M,False,3,2026-04-11,2026-04-12,True
58745,128478,117,25082,,,,,,,,3,Prelims,11.77,,,,,1536,True,Sprints,671,1036,1189.0,M,False,3,2026-04-11,2026-04-12,True
58746,128881,174,31122,,,,,,,,4,Prelims,26.26,,,,,1536,True,Sprints,432,829,846.5,M,False,3,2026-04-11,2026-04-12,True
58747,128883,101,8022,,,,,,,,4,Prelims,26.50,,,,,1536,True,Sprints,410,808,814.0,M,False,3,2026-04-11,2026-04-12,True
58748,128885,146,3720,,,,,,,,4,Prelims,26.85,,,,,1536,True,Sprints,379,778,768.0,M,False,3,2026-04-11,2026-04-12,True
58749,128887,167,31286,,,,,,,,4,Prelims,27.11,,,,,1536,True,Sprints,356,757,734.5,M,False,3,2026-04-11,2026-04-12,True
58750,128889,202,3520,,,,,,,,4,Prelims,27.97,,,,,1536,True,Sprints,287,688,631.0,M,False,3,2026-04-11,2026-04-12,True
58751,128891,146,30065,,,,,,,,4,Prelims,28.68,,,,,1536,True,Sprints,235,633,551.5,M,False,3,2026-04-11,2026-04-12,True
58752,128893,196,18569,,,,,,,,4,Prelims,28.89,,,,,1536,True,Sprints,221,617,529.5,M,False,3,2026-04-11,2026-04-12,True
58851,128882,59,30402,,,,,,,,4,Prelims,26.31,,,,,1536,True,Sprints,428,824,840.0,M,False,3,2026-04-11,2026-04-12,True
58852,128884,117,29821,,,,,,,,4,Prelims,26.54,,,,,1536,True,Sprints,406,805,808.5,M,False,3,2026-04-11,2026-04-12,True
58853,128886,120,335,,,,,,,,4,Prelims,26.89,,,,,1536,True,Sprints,375,775,762.5,M,False,3,2026-04-11,2026-04-12,True
58854,128888,146,29449,,,,,,,,4,Prelims,27.60,,,,,1536,True,Sprints,316,717,674.5,M,False,3,2026-04-11,2026-04-12,True
58855,128890,188,31503,,,,,,,,4,Prelims,28.06,,,,,1536,True,Sprints,280,681,620.5,M,False,3,2026-04-11,2026-04-12,True
58856,128892,88,529,,,,,,,,4,Prelims,28.75,,,,,1536,True,Sprints,230,628,544.0,M,False,3,2026-04-11,2026-04-12,True
58857,128894,117,164,,,,,,,,4,Prelims,44.04,,,,,1536,True,Sprints,0,4,2.0,M,False,3,2026-04-11,2026-04-12,True
59214,129401,146,31313,,,,,,,,6,,48.96,,,,,1536,True,Sprints,920,1247,1543.5,M,False,3,2026-04-11,2026-04-12,True
59215,129403,116,24634,,,,,,,,6,,49.29,,,,,1536,True,Sprints,900,1234,1517.0,M,False,3,2026-04-11,2026-04-12,True
59216,129405,146,24914,,,,,,,,6,,49.96,,,,,1536,True,Sprints,860,1207,1463.5,M,False,3,2026-04-11,2026-04-12,True
59217,129407,1,3522,,,,,,,,6,,50.15,,,,,1536,True,Sprints,849,1199,1448.5,M,False,3,2026-04-11,2026-04-12,True
59218,129409,162,24676,,,,,,,,6,,50.44,,,,,1536,True,Sprints,832,1187,1425.5,M,False,3,2026-04-11,2026-04-12,True
59219,129411,102,29877,,,,,,,,6,,50.84,,,,,1536,True,Sprints,809,1172,1395.0,M,False,3,2026-04-11,2026-04-12,True
59220,129413,59,30380,,,,,,,,6,,50.91,,,,,1536,True,Sprints,805,1169,1389.5,M,False,3,2026-04-11,2026-04-12,True
59221,129415,202,24370,,,,,,,,6,,51.07,,,,,1536,True,Sprints,795,1162,1376.0,M,False,3,2026-04-11,2026-04-12,True
59222,129417,203,24551,,,,,,,,6,,51.09,,,,,1536,True,Sprints,794,1162,1375.0,M,False,3,2026-04-11,2026-04-12,True
59223,129419,233,31437,,,,,,,,6,,51.26,,,,,1536,True,Sprints,785,1155,1362.5,M,False,3,2026-04-11,2026-04-12,True
59224,129421,116,29616,,,,,,,,6,,51.54,,,,,1536,True,Sprints,769,1144,1341.0,M,False,3,2026-04-11,2026-04-12,True
59225,129423,124,29633,,,,,,,,6,,51.60,,,,,1536,True,Sprints,765,1142,1336.0,M,False,3,2026-04-11,2026-04-12,True
59226,129425,146,24670,,,,,,,,6,,51.80,,,,,1536,True,Sprints,754,1134,1321.0,M,False,3,2026-04-11,2026-04-12,True
59227,129427,164,27239,,,,,,,,6,,51.98,,,,,1536,True,Sprints,744,1127,1307.5,M,False,3,2026-04-11,2026-04-12,True
59228,129429,164,22379,,,,,,,,6,,52.12,,,,,1536,True,Sprints,737,1121,1297.5,M,False,3,2026-04-11,2026-04-12,True
59229,129431,233,31199,,,,,,,,6,,52.17,,,,,1536,True,Sprints,734,1119,1293.5,M,False,3,2026-04-11,2026-04-12,True
59230,129433,169,30071,,,,,,,,6,,52.40,,,,,1536,True,Sprints,721,1111,1276.5,M,False,3,2026-04-11,2026-04-12,True
59231,129435,116,29619,,,,,,,,6,,52.46,,,,,1536,True,Sprints,718,1108,1272.0,M,False,3,2026-04-11,2026-04-12,True
59232,129437,167,8108,,,,,,,,6,,52.50,,,,,1536,True,Sprints,716,1107,1269.5,M,False,3,2026-04-11,2026-04-12,True
59233,129439,11,29234,,,,,,,,6,,52.51,,,,,1536,True,Sprints,715,1106,1268.0,M,False,3,2026-04-11,2026-04-12,True
59234,129441,203,5598,,,,,,,,6,,52.53,,,,,1536,True,Sprints,714,1106,1267.0,M,False,3,2026-04-11,2026-04-12,True
59235,129443,59,11372,,,,,,,,6,,52.67,,,,,1536,True,Sprints,707,1100,1257.0,M,False,3,2026-04-11,2026-04-12,True
59236,129445,124,19426,,,,,,,,6,,52.78,,,,,1536,True,Sprints,701,1096,1249.0,M,False,3,2026-04-11,2026-04-12,True
59237,129447,188,31129,,,,,,,,6,,52.82,,,,,1536,True,Sprints,699,1094,1246.0,M,False,3,2026-04-11,2026-04-12,True
59238,129449,117,4002,,,,,,,,6,,52.87,,,,,1536,True,Sprints,696,1093,1242.5,M,False,3,2026-04-11,2026-04-12,True
59239,129451,202,24357,,,,,,,,6,,53.10,,,,,1536,True,Sprints,684,1084,1226.0,M,False,3,2026-04-11,2026-04-12,True
59240,129453,167,25024,,,,,,,,6,,53.12,,,,,1536,True,Sprints,683,1083,1224.5,M,False,3,2026-04-11,2026-04-12,True
59241,129455,107,30181,,,,,,,,6,,53.42,,,,,1536,True,Sprints,667,1072,1203.0,M,False,3,2026-04-11,2026-04-12,True
59242,129457,124,24736,,,,,,,,6,,53.43,,,,,1536,True,Sprints,667,1071,1202.5,M,False,3,2026-04-11,2026-04-12,True
59243,129459,188,3851,,,,,,,,6,,53.64,,,,,1536,True,Sprints,656,1063,1187.5,M,False,3,2026-04-11,2026-04-12,True
59244,129461,43,27573,,,,,,,,6,,53.67,,,,,1536,True,Sprints,654,1062,1185.0,M,False,3,2026-04-11,2026-04-12,True
59245,129463,103,31520,,,,,,,,6,,53.94,,,,,1536,True,Sprints,640,1052,1166.0,M,False,3,2026-04-11,2026-04-12,True
59246,129465,166,27016,,,,,,,,6,,53.96,,,,,1536,True,Sprints,639,1051,1164.5,M,False,3,2026-04-11,2026-04-12,True
59247,129467,171,11393,,,,,,,,6,,53.98,,,,,1536,True,Sprints,638,1050,1163.0,M,False,3,2026-04-11,2026-04-12,True
59248,129469,103,31499,,,,,,,,6,,54.18,,,,,1536,True,Sprints,628,1043,1149.5,M,False,3,2026-04-11,2026-04-12,True
59249,129471,203,24549,,,,,,,,6,,54.26,,,,,1536,True,Sprints,624,1040,1144.0,M,False,3,2026-04-11,2026-04-12,True
59250,129473,56,3574,,,,,,,,6,,54.46,,,,,1536,True,Sprints,614,1032,1130.0,M,False,3,2026-04-11,2026-04-12,True
59251,129475,233,31192,,,,,,,,6,,54.83,,,,,1536,True,Sprints,595,1019,1104.5,M,False,3,2026-04-11,2026-04-12,True
59252,129477,178,29268,,,,,,,,6,,54.94,,,,,1536,True,Sprints,590,1015,1097.5,M,False,3,2026-04-11,2026-04-12,True
59253,129479,124,24808,,,,,,,,6,,55.19,,,,,1536,True,Sprints,578,1006,1081.0,M,False,3,2026-04-11,2026-04-12,True
59254,129481,108,27576,,,,,,,,6,,55.26,,,,,1536,True,Sprints,574,1003,1075.5,M,False,3,2026-04-11,2026-04-12,True
59255,129483,116,27954,,,,,,,,6,,55.33,,,,,1536,True,Sprints,571,1000,1071.0,M,False,3,2026-04-11,2026-04-12,True
59256,129485,146,3709,,,,,,,,6,,55.49,,,,,1536,True,Sprints,563,995,1060.5,M,False,3,2026-04-11,2026-04-12,True
59257,129487,117,25085,,,,,,,,6,,55.63,,,,,1536,True,Sprints,557,989,1051.5,M,False,3,2026-04-11,2026-04-12,True
59258,129489,174,31523,,,,,,,,6,,55.92,,,,,1536,True,Sprints,543,979,1032.5,M,False,3,2026-04-11,2026-04-12,True
59259,129491,117,8060,,,,,,,,6,,56.22,,,,,1536,True,Sprints,529,968,1013.0,M,False,3,2026-04-11,2026-04-12,True
59260,129493,188,31132,,,,,,,,6,,56.66,,,,,1536,True,Sprints,509,952,985.0,M,False,3,2026-04-11,2026-04-12,True
59261,129495,112,3336,,,,,,,,6,,56.93,,,,,1536,True,Sprints,496,943,967.5,M,False,3,2026-04-11,2026-04-12,True
59262,129497,203,26703,,,,,,,,6,,57.08,,,,,1536,True,Sprints,490,937,958.5,M,False,3,2026-04-11,2026-04-12,True
59263,129499,120,24835,,,,,,,,6,,57.39,,,,,1536,True,Sprints,476,926,939.0,M,False,3,2026-04-11,2026-04-12,True
59264,129501,167,29694,,,,,,,,6,,57.47,,,,,1536,True,Sprints,472,924,934.0,M,False,3,2026-04-11,2026-04-12,True
59265,129503,43,4865,,,,,,,,6,,57.55,,,,,1536,True,Sprints,469,921,929.5,M,False,3,2026-04-11,2026-04-12,True
59266,129505,124,5577,,,,,,,,6,,57.78,,,,,1536,True,Sprints,459,913,915.5,M,False,3,2026-04-11,2026-04-12,True
59267,129507,117,31,,,,,,,,6,,57.97,,,,,1536,True,Sprints,451,906,904.0,M,False,3,2026-04-11,2026-04-12,True
59268,129509,159,26511,,,,,,,,6,,58.33,,,,,1536,True,Sprints,435,894,882.0,M,False,3,2026-04-11,2026-04-12,True
59269,129511,117,2037,,,,,,,,6,,58.53,,,,,1536,True,Sprints,427,887,870.5,M,False,3,2026-04-11,2026-04-12,True
59270,129513,124,29663,,,,,,,,6,,58.75,,,,,1536,True,Sprints,418,879,857.5,M,False,3,2026-04-11,2026-04-12,True
59271,129515,174,31128,,,,,,,,6,,58.86,,,,,1536,True,Sprints,413,875,850.5,M,False,3,2026-04-11,2026-04-12,True
59272,129517,127,31524,,,,,,,,6,,58.91,,,,,1536,True,Sprints,411,874,848.0,M,False,3,2026-04-11,2026-04-12,True
59273,129519,117,15,,,,,,,,6,,58.95,,,,,1536,True,Sprints,410,872,846.0,M,False,3,2026-04-11,2026-04-12,True
59320,129402,166,29864,,,,,,,,6,,49.27,,,,,1536,True,Sprints,901,1235,1518.5,M,False,3,2026-04-11,2026-04-12,True
59321,129404,124,29636,,,,,,,,6,,49.30,,,,,1536,True,Sprints,900,1233,1516.5,M,False,3,2026-04-11,2026-04-12,True
59322,129406,204,24434,,,,,,,,6,,50.00,,,,,1536,True,Sprints,858,1205,1460.5,M,False,3,2026-04-11,2026-04-12,True
59323,129408,203,24539,,,,,,,,6,,50.38,,,,,1536,True,Sprints,835,1190,1430.0,M,False,3,2026-04-11,2026-04-12,True
59324,129410,233,31309,,,,,,,,6,,50.57,,,,,1536,True,Sprints,824,1182,1415.0,M,False,3,2026-04-11,2026-04-12,True
59325,129412,146,29607,,,,,,,,6,,50.89,,,,,1536,True,Sprints,806,1170,1391.0,M,False,3,2026-04-11,2026-04-12,True
59326,129414,117,29818,,,,,,,,6,,51.04,,,,,1536,True,Sprints,797,1164,1379.0,M,False,3,2026-04-11,2026-04-12,True
59327,129416,203,24540,,,,,,,,6,,51.08,,,,,1536,True,Sprints,795,1162,1376.0,M,False,3,2026-04-11,2026-04-12,True
59328,129418,85,28744,,,,,,,,6,,51.15,,,,,1536,True,Sprints,791,1159,1370.5,M,False,3,2026-04-11,2026-04-12,True
59329,129420,111,27097,,,,,,,,6,,51.38,,,,,1536,True,Sprints,778,1150,1353.0,M,False,3,2026-04-11,2026-04-12,True
59330,129422,146,1216,,,,,,,,6,,51.58,,,,,1536,True,Sprints,767,1142,1338.0,M,False,3,2026-04-11,2026-04-12,True
59331,129424,167,29696,,,,,,,,6,,51.75,,,,,1536,True,Sprints,757,1136,1325.0,M,False,3,2026-04-11,2026-04-12,True
59332,129426,56,157,,,,,,,,6,,51.90,,,,,1536,True,Sprints,749,1130,1314.0,M,False,3,2026-04-11,2026-04-12,True
59333,129428,146,29456,,,,,,,,6,,52.07,,,,,1536,True,Sprints,739,1123,1300.5,M,False,3,2026-04-11,2026-04-12,True
59334,129430,43,25516,,,,,,,,6,,52.13,,,,,1536,True,Sprints,736,1121,1296.5,M,False,3,2026-04-11,2026-04-12,True
59335,129432,88,31028,,,,,,,,6,,52.28,,,,,1536,True,Sprints,728,1115,1285.5,M,False,3,2026-04-11,2026-04-12,True
59336,129434,146,3728,,,,,,,,6,,52.43,,,,,1536,True,Sprints,720,1109,1274.5,M,False,3,2026-04-11,2026-04-12,True
59337,129436,233,31308,,,,,,,,6,,52.49,,,,,1536,True,Sprints,716,1107,1269.5,M,False,3,2026-04-11,2026-04-12,True
59338,129438,233,31188,,,,,,,,6,,52.51,,,,,1536,True,Sprints,715,1106,1268.0,M,False,3,2026-04-11,2026-04-12,True
59339,129440,199,31498,,,,,,,,6,,52.52,,,,,1536,True,Sprints,715,1106,1268.0,M,False,3,2026-04-11,2026-04-12,True
59340,129442,167,31283,,,,,,,,6,,52.66,,,,,1536,True,Sprints,707,1101,1257.5,M,False,3,2026-04-11,2026-04-12,True
59341,129444,116,31415,,,,,,,,6,,52.75,,,,,1536,True,Sprints,702,1097,1250.5,M,False,3,2026-04-11,2026-04-12,True
59342,129446,117,24692,,,,,,,,6,,52.79,,,,,1536,True,Sprints,700,1096,1248.0,M,False,3,2026-04-11,2026-04-12,True
59343,129448,56,24401,,,,,,,,6,,52.83,,,,,1536,True,Sprints,698,1094,1245.0,M,False,3,2026-04-11,2026-04-12,True
59344,129450,124,26491,,,,,,,,6,,52.99,,,,,1536,True,Sprints,690,1088,1234.0,M,False,3,2026-04-11,2026-04-12,True
59345,129452,117,25082,,,,,,,,6,,53.10,,,,,1536,True,Sprints,684,1084,1226.0,M,False,3,2026-04-11,2026-04-12,True
59346,129456,146,31479,,,,,,,,6,,53.42,,,,,1536,True,Sprints,667,1072,1203.0,M,False,3,2026-04-11,2026-04-12,True
59347,129458,107,3620,,,,,,,,6,,53.45,,,,,1536,True,Sprints,665,1070,1200.0,M,False,3,2026-04-11,2026-04-12,True
59348,129460,166,19398,,,,,,,,6,,53.65,,,,,1536,True,Sprints,655,1063,1186.5,M,False,3,2026-04-11,2026-04-12,True
59349,129462,166,29862,,,,,,,,6,,53.82,,,,,1536,True,Sprints,646,1056,1174.0,M,False,3,2026-04-11,2026-04-12,True
59350,129464,162,30040,,,,,,,,6,,53.95,,,,,1536,True,Sprints,640,1052,1166.0,M,False,3,2026-04-11,2026-04-12,True
59351,129466,146,4387,,,,,,,,6,,53.97,,,,,1536,True,Sprints,639,1051,1164.5,M,False,3,2026-04-11,2026-04-12,True
59352,129468,188,31521,,,,,,,,6,,54.06,,,,,1536,True,Sprints,634,1047,1157.5,M,False,3,2026-04-11,2026-04-12,True
59353,129470,174,19638,,,,,,,,6,,54.23,,,,,1536,True,Sprints,625,1041,1145.5,M,False,3,2026-04-11,2026-04-12,True
59354,129472,117,3996,,,,,,,,6,,54.46,,,,,1536,True,Sprints,614,1032,1130.0,M,False,3,2026-04-11,2026-04-12,True
59355,129474,120,8008,,,,,,,,6,,54.80,,,,,1536,True,Sprints,597,1020,1107.0,M,False,3,2026-04-11,2026-04-12,True
59356,129476,159,25643,,,,,,,,6,,54.84,,,,,1536,True,Sprints,595,1018,1104.0,M,False,3,2026-04-11,2026-04-12,True
59357,129478,120,344,,,,,,,,6,,55.07,,,,,1536,True,Sprints,584,1010,1089.0,M,False,3,2026-04-11,2026-04-12,True
59358,129480,146,31522,,,,,,,,6,,55.22,,,,,1536,True,Sprints,576,1004,1078.0,M,False,3,2026-04-11,2026-04-12,True
59359,129482,124,30041,,,,,,,,6,,55.29,,,,,1536,True,Sprints,573,1002,1074.0,M,False,3,2026-04-11,2026-04-12,True
59360,129484,146,31314,,,,,,,,6,,55.47,,,,,1536,True,Sprints,564,995,1061.5,M,False,3,2026-04-11,2026-04-12,True
59361,129486,196,31121,,,,,,,,6,,55.56,,,,,1536,True,Sprints,560,992,1056.0,M,False,3,2026-04-11,2026-04-12,True
59362,129488,204,26618,,,,,,,,6,,55.71,,,,,1536,True,Sprints,553,987,1046.5,M,False,3,2026-04-11,2026-04-12,True
59363,129490,146,29674,,,,,,,,6,,55.95,,,,,1536,True,Sprints,541,978,1030.0,M,False,3,2026-04-11,2026-04-12,True
59364,129492,112,25014,,,,,,,,6,,56.38,,,,,1536,True,Sprints,521,962,1002.0,M,False,3,2026-04-11,2026-04-12,True
59365,129494,171,11413,,,,,,,,6,,56.89,,,,,1536,True,Sprints,498,944,970.0,M,False,3,2026-04-11,2026-04-12,True
59366,129496,167,4304,,,,,,,,6,,56.96,,,,,1536,True,Sprints,495,942,966.0,M,False,3,2026-04-11,2026-04-12,True
59367,129498,199,25008,,,,,,,,6,,57.18,,,,,1536,True,Sprints,485,934,952.0,M,False,3,2026-04-11,2026-04-12,True
59368,129500,117,27569,,,,,,,,6,,57.42,,,,,1536,True,Sprints,475,925,937.5,M,False,3,2026-04-11,2026-04-12,True
59369,129502,117,3993,,,,,,,,6,,57.52,,,,,1536,True,Sprints,470,922,931.0,M,False,3,2026-04-11,2026-04-12,True
59370,129504,127,24388,,,,,,,,6,,57.74,,,,,1536,True,Sprints,461,914,918.0,M,False,3,2026-04-11,2026-04-12,True
59371,129506,203,29563,,,,,,,,6,,57.93,,,,,1536,True,Sprints,452,907,905.5,M,False,3,2026-04-11,2026-04-12,True
59372,129508,120,29677,,,,,,,,6,,58.12,,,,,1536,True,Sprints,444,901,894.5,M,False,3,2026-04-11,2026-04-12,True
59373,129510,188,18901,,,,,,,,6,,58.34,,,,,1536,True,Sprints,435,893,881.5,M,False,3,2026-04-11,2026-04-12,True
59374,129512,146,24582,,,,,,,,6,,58.68,,,,,1536,True,Sprints,421,881,861.5,M,False,3,2026-04-11,2026-04-12,True
59375,129514,112,31468,,,,,,,,6,,58.79,,,,,1536,True,Sprints,416,878,855.0,M,False,3,2026-04-11,2026-04-12,True
59377,129516,56,29441,,,,,,,,6,,58.88,,,,,1536,True,Sprints,412,875,849.5,M,False,3,2026-04-11,2026-04-12,True
59378,129518,167,18977,,,,,,,,6,,58.95,,,,,1536,True,Sprints,410,872,846.0,M,False,3,2026-04-11,2026-04-12,True
59379,129521,169,29750,,,,,,,,6,,59.45,,,,,1536,True,Sprints,389,855,816.5,M,False,3,2026-04-11,2026-04-12,True
59380,129523,203,31515,,,,,,,,6,,59.83,,,,,1536,True,Sprints,374,842,795.0,M,False,3,2026-04-11,2026-04-12,True
59381,129525,120,335,,,,,,,,6,,1:00.58,,,,,1536,True,Sprints,346,817,754.5,M,False,3,2026-04-11,2026-04-12,True
59382,129529,96,368,,,,,,,,6,,1:02.35,,,,,1536,True,Sprints,282,760,662.0,M,False,3,2026-04-11,2026-04-12,True
59383,129531,111,25076,,,,,,,,6,,1:04.48,,,,,1536,True,Sprints,214,693,560.5,M,False,3,2026-04-11,2026-04-12,True
59384,129533,112,26985,,,,,,,,6,,1:05.38,,,,,1536,True,Sprints,189,666,522.0,M,False,3,2026-04-11,2026-04-12,True
59427,129623,146,24580,,,,,,,,3,Finals,10.65,,,,,1536,True,Sprints,990,1275,1627.5,M,False,3,2026-04-11,2026-04-12,True
59428,129625,56,24391,,,,,,,,3,Finals,10.90,,,,,1536,True,Sprints,913,1220,1523.0,M,False,3,2026-04-11,2026-04-12,True
59429,129627,124,24415,,,,,,,,3,Finals,11.06,,,,,1536,True,Sprints,866,1185,1458.5,M,False,3,2026-04-11,2026-04-12,True
59430,129629,1,3522,,,,,,,,3,Finals,11.18,,,,,1536,True,Sprints,831,1159,1410.5,M,False,3,2026-04-11,2026-04-12,True
59472,129520,167,26169,,,,,,,,6,,59.42,,,,,1536,True,Sprints,391,856,819.0,M,False,3,2026-04-11,2026-04-12,True
59475,129527,171,2354,,,,,,,,6,,1:00.82,,,,,1536,True,Sprints,337,809,741.5,M,False,3,2026-04-11,2026-04-12,True
59479,129524,56,8099,,,,,,,,6,,1:00.35,,,,,1536,True,Sprints,354,825,766.5,M,False,3,2026-04-11,2026-04-12,True
59480,129526,188,31494,,,,,,,,6,,1:00.58,,,,,1536,True,Sprints,346,817,754.5,M,False,3,2026-04-11,2026-04-12,True
59481,129528,104,28303,,,,,,,,6,,1:02.02,,,,,1536,True,Sprints,294,770,679.0,M,False,3,2026-04-11,2026-04-12,True
59482,129532,162,19498,,,,,,,,6,,1:05.31,,,,,1536,True,Sprints,191,668,525.0,M,False,3,2026-04-11,2026-04-12,True
59483,129534,56,31516,,,,,,,,6,,1:08.19,,,,,1536,True,Sprints,119,585,411.5,M,False,3,2026-04-11,2026-04-12,True
59527,129624,117,29817,,,,,,,,3,Finals,10.84,,,,,1536,True,Sprints,931,1233,1547.5,M,False,3,2026-04-11,2026-04-12,True
59528,129626,167,25023,,,,,,,,3,Finals,11.05,,,,,1536,True,Sprints,869,1187,1462.5,M,False,3,2026-04-11,2026-04-12,True
59529,129628,124,29660,,,,,,,,3,Finals,11.08,,,,,1536,True,Sprints,860,1180,1450.0,M,False,3,2026-04-11,2026-04-12,True
59530,129630,146,3719,,,,,,,,3,Finals,11.23,,,,,1536,True,Sprints,817,1148,1391.0,M,False,3,2026-04-11,2026-04-12,True
59569,129522,146,1421,,,,,,,,6,,59.73,,,,,1536,True,Sprints,378,846,801.0,M,False,3,2026-04-11,2026-04-12,True
59573,129530,188,950,,,,,,,,6,,1:03.40,,,,,1536,True,Sprints,248,727,611.5,M,False,3,2026-04-11,2026-04-12,True
60305,130606,56,24391,,,,,,,,4,Finals,22.19,,,,,1536,True,Sprints,898,1217,1506.5,M,False,3,2026-04-11,2026-04-12,True
60306,130608,167,5246,,,,,,,,4,Finals,22.78,,,,,1536,True,Sprints,820,1156,1398.0,M,False,3,2026-04-11,2026-04-12,True
60307,130610,124,29660,,,,,,,,4,Finals,22.95,,,,,1536,True,Sprints,798,1139,1367.5,M,False,3,2026-04-11,2026-04-12,True
60308,130612,117,29817,,,,,,,,4,Finals,23.27,,,,,1536,True,Sprints,758,1106,1311.0,M,False,3,2026-04-11,2026-04-12,True
60411,130605,146,24580,,,,,,,,4,Finals,21.96,,,,,1536,True,Sprints,929,1241,1549.5,M,False,3,2026-04-11,2026-04-12,True
60412,130607,166,29864,,,,,,,,4,Finals,22.44,,,,,1536,True,Sprints,865,1191,1460.5,M,False,3,2026-04-11,2026-04-12,True
60413,130609,146,3698,,,,,,,,4,Finals,22.87,,,,,1536,True,Sprints,809,1147,1382.5,M,False,3,2026-04-11,2026-04-12,True
60414,130611,124,24415,,,,,,,,4,Finals,22.99,,,,,1536,True,Sprints,793,1135,1360.5,M,False,3,2026-04-11,2026-04-12,True
60650,130950,79,31553,,,,,,,,3,Prelims,11.21,,,,,1538,True,Sprints,822,1152,1398.0,M,False,3,2026-04-10,2026-04-11,False
60651,130951,79,31553,,,,,,,,4,,23.39,,,,,1538,True,Sprints,743,1095,1290.5,M,False,3,2026-04-10,2026-04-11,False
60708,131069,146,29607,,,,,,,,6,,51.70,,,,,1539,True,Sprints,760,1138,1329.0,M,False,3,2026-04-03,2026-04-04,False
60709,131071,146,4386,,,,,,,,6,,53.28,,,,,1539,True,Sprints,674,1077,1212.5,M,False,3,2026-04-03,2026-04-04,False
60710,131073,146,4387,,,,,,,,6,,54.71,,,,,1539,True,Sprints,601,1023,1112.5,M,False,3,2026-04-03,2026-04-04,False
60711,131075,146,24610,,,,,,,,6,,55.43,,,,,1539,True,Sprints,566,997,1064.5,M,False,3,2026-04-03,2026-04-04,False
60712,131077,146,3708,,,,,,,,6,,56.30,,,,,1539,True,Sprints,525,965,1007.5,M,False,3,2026-04-03,2026-04-04,False
60715,131007,146,24580,,,,,,,,3,Prelims,10.68,,,,,1539,True,Sprints,980,1268,1614.0,M,False,3,2026-04-03,2026-04-04,False
60716,131008,146,3698,,,,,,,,3,Prelims,11.14,,,,,1539,True,Sprints,842,1167,1425.5,M,False,3,2026-04-03,2026-04-04,False
60717,131010,146,3719,,,,,,,,3,Prelims,11.30,,,,,1539,True,Sprints,797,1133,1363.5,M,False,3,2026-04-03,2026-04-04,False
60718,131011,146,3733,,,,,,,,3,Prelims,11.41,,,,,1539,True,Sprints,766,1110,1321.0,M,False,3,2026-04-03,2026-04-04,False
60719,131012,146,29447,,,,,,,,3,Prelims,11.48,,,,,1539,True,Sprints,747,1095,1294.5,M,False,3,2026-04-03,2026-04-04,False
60720,131009,146,24880,,,,,,,,3,Prelims,11.30,,,,,1539,True,Sprints,797,1133,1363.5,M,False,3,2026-04-03,2026-04-04,False
60721,131013,146,4149,,,,,,,,3,Prelims,11.54,,,,,1539,True,Sprints,731,1083,1272.5,M,False,3,2026-04-03,2026-04-04,False
60722,131014,146,3710,,,,,,,,3,Prelims,11.61,,,,,1539,True,Sprints,712,1068,1246.0,M,False,3,2026-04-03,2026-04-04,False
60723,131015,146,29990,,,,,,,,3,Prelims,11.72,,,,,1539,True,Sprints,684,1046,1207.0,M,False,3,2026-04-03,2026-04-04,False
60724,131016,146,24888,,,,,,,,3,Prelims,11.76,,,,,1539,True,Sprints,673,1038,1192.0,M,False,3,2026-04-03,2026-04-04,False
60725,131017,146,24607,,,,,,,,3,Prelims,12.04,,,,,1539,True,Sprints,603,982,1094.0,M,False,3,2026-04-03,2026-04-04,False
60726,131018,146,24891,,,,,,,,3,Prelims,12.10,,,,,1539,True,Sprints,588,970,1073.0,M,False,3,2026-04-03,2026-04-04,False
60727,131019,146,4380,,,,,,,,3,Prelims,12.43,,,,,1539,True,Sprints,512,906,965.0,M,False,3,2026-04-03,2026-04-04,False
60728,131020,146,24889,,,,,,,,3,Prelims,12.46,,,,,1539,True,Sprints,505,900,955.0,M,False,3,2026-04-03,2026-04-04,False
60729,131021,146,3709,,,,,,,,3,Prelims,12.70,,,,,1539,True,Sprints,453,856,881.0,M,False,3,2026-04-03,2026-04-04,False
60730,131022,146,29449,,,,,,,,3,Prelims,13.06,,,,,1539,True,Sprints,380,791,775.5,M,False,3,2026-04-03,2026-04-04,False
60739,131031,146,24580,,,,,,,,3,Finals,10.66,,,,,1539,True,Sprints,986,1273,1622.5,M,False,3,2026-04-03,2026-04-04,False
60754,131046,146,24580,,,,,,,,4,,21.58,,,,,1539,True,Sprints,982,1281,1622.5,M,False,3,2026-04-03,2026-04-04,False
60755,131047,146,24670,,,,,,,,4,,22.78,,,,,1539,True,Sprints,820,1156,1398.0,M,False,3,2026-04-03,2026-04-04,False
60756,131048,146,3698,,,,,,,,4,,22.88,,,,,1539,True,Sprints,807,1146,1380.0,M,False,3,2026-04-03,2026-04-04,False
60757,131049,146,3719,,,,,,,,4,,22.90,,,,,1539,True,Sprints,805,1144,1377.0,M,False,3,2026-04-03,2026-04-04,False
60758,131051,146,4149,,,,,,,,4,,23.63,,,,,1539,True,Sprints,714,1071,1249.5,M,False,3,2026-04-03,2026-04-04,False
60759,131052,146,3728,,,,,,,,4,,24.16,,,,,1539,True,Sprints,652,1020,1162.0,M,False,3,2026-04-03,2026-04-04,False
60760,131053,146,24888,,,,,,,,4,,24.16,,,,,1539,True,Sprints,652,1020,1162.0,M,False,3,2026-04-03,2026-04-04,False
60761,131054,146,4386,,,,,,,,4,,24.30,,,,,1539,True,Sprints,636,1006,1139.0,M,False,3,2026-04-03,2026-04-04,False
60762,131055,146,24891,,,,,,,,4,,25.25,,,,,1539,True,Sprints,532,918,991.0,M,False,3,2026-04-03,2026-04-04,False
60763,131056,146,3709,,,,,,,,4,,25.81,,,,,1539,True,Sprints,476,868,910.0,M,False,3,2026-04-03,2026-04-04,False
60764,131057,146,24889,,,,,,,,4,,25.88,,,,,1539,True,Sprints,469,862,900.0,M,False,3,2026-04-03,2026-04-04,False
60765,131058,146,29449,,,,,,,,4,,27.26,,,,,1539,True,Sprints,344,745,716.5,M,False,3,2026-04-03,2026-04-04,False
60774,131067,146,31313,,,,,,,,6,,48.13,,,,,1539,True,Sprints,972,1281,1612.5,M,False,3,2026-04-03,2026-04-04,False
60775,131068,146,4150,,,,,,,,6,,50.84,,,,,1539,True,Sprints,809,1172,1395.0,M,False,3,2026-04-03,2026-04-04,False
60811,131050,146,24880,,,,,,,,4,,23.14,,,,,1539,True,Sprints,774,1119,1333.5,M,False,3,2026-04-03,2026-04-04,False
60822,131195,158,31559,,,,,,,,3,Prelims,11.79,,,,,1539,True,Sprints,665,1032,1181.0,M,False,3,2026-04-03,2026-04-04,False
60823,131197,158,2487,,,,,,,,3,Prelims,14.31,,,,,1539,True,Sprints,176,585,468.5,M,False,3,2026-04-03,2026-04-04,False
60826,131203,158,23919,,,,,,,,4,,24.21,,,,,1539,True,Sprints,646,1015,1153.5,M,False,3,2026-04-03,2026-04-04,False
60827,131205,158,3682,,,,,,,,4,,24.46,,,,,1539,True,Sprints,618,991,1113.5,M,False,3,2026-04-03,2026-04-04,False
60831,131213,158,25474,,,,,,,,6,,54.18,,,,,1539,True,Sprints,628,1043,1149.5,M,False,3,2026-04-03,2026-04-04,False
60859,131070,146,29456,,,,,,,,6,,51.82,,,,,1539,True,Sprints,753,1133,1319.5,M,False,3,2026-04-03,2026-04-04,False
60860,131072,146,24888,,,,,,,,6,,53.54,,,,,1539,True,Sprints,661,1067,1194.5,M,False,3,2026-04-03,2026-04-04,False
60861,131074,146,30044,,,,,,,,6,,54.83,,,,,1539,True,Sprints,595,1019,1104.5,M,False,3,2026-04-03,2026-04-04,False
60862,131076,146,3728,,,,,,,,6,,56.10,,,,,1539,True,Sprints,534,972,1020.0,M,False,3,2026-04-03,2026-04-04,False
60863,131078,146,31522,,,,,,,,6,,57.85,,,,,1539,True,Sprints,456,910,911.0,M,False,3,2026-04-03,2026-04-04,False
60912,131196,158,3682,,,,,,,,3,Prelims,11.94,,,,,1539,True,Sprints,628,1001,1128.5,M,False,3,2026-04-03,2026-04-04,False
60916,131204,158,25474,,,,,,,,4,,24.23,,,,,1539,True,Sprints,644,1013,1150.5,M,False,3,2026-04-03,2026-04-04,False
60917,131206,158,2487,,,,,,,,4,,29.79,,,,,1539,True,Sprints,165,552,441.0,M,False,3,2026-04-03,2026-04-04,False
60920,131212,158,23919,,,,,,,,6,,52.99,,,,,1539,True,Sprints,690,1088,1234.0,M,False,3,2026-04-03,2026-04-04,False
62062,128799,56,4112,,,,,,,,4,Prelims,23.77,,,,,1536,True,Sprints,697,1057,1225.5,M,False,3,2026-04-11,2026-04-12,True
62063,128471,56,4112,,,,,,,,3,Prelims,11.71,,,,,1536,True,Sprints,686,1048,1210.0,M,False,3,2026-04-11,2026-04-12,True
62069,129454,43,30393,,,,,,,,6,,53.24,,,,,1536,True,Sprints,676,1078,1215.0,M,False,3,2026-04-11,2026-04-12,True
62131,132833,19,25499,So,,,,,,,3,Open,11.17,,,,,1557,True,Sprints,834,1161,1414.5,M,False,3,2026-04-17,2026-04-18,False
62134,132836,19,25499,So,,,,,,,4,Open,22.75,,,,,1557,True,Sprints,824,1159,1403.5,M,False,3,2026-04-17,2026-04-18,False
62135,132837,19,31305,Fr,,,,,,,4,Invite,22.28,,,,,1557,True,Sprints,886,1207,1489.5,M,False,3,2026-04-17,2026-04-18,False
62138,132840,19,31305,Fr,,,,,,,6,Open,48.91,,,,,1557,True,Sprints,923,1249,1547.5,M,False,3,2026-04-17,2026-04-18,False
62139,132841,19,2306,Sr,,,,,,,6,Open,51.55,,,,,1557,True,Sprints,768,1144,1340.0,M,False,3,2026-04-17,2026-04-18,False
62189,132889,88,4073,Jr,,,,,,,3,,10.92,,,,,1559,True,Sprints,907,1215,1514.5,M,False,3,2026-04-10,2026-04-11,False
62190,132890,88,4073,Jr,,,,,,,4,,22.41,,,,,1559,True,Sprints,869,1194,1466.0,M,False,3,2026-04-10,2026-04-11,False
62201,132922,166,31024,,,,,,,,3,,12.67,,,,,1564,True,Sprints,459,861,889.5,M,False,3,2026-04-18,2026-04-18,False
62202,132923,166,29864,,,,,,,,4,,22.92,,,,,1564,True,Sprints,802,1142,1373.0,M,False,3,2026-04-18,2026-04-18,False
62203,132924,166,29864,,,,,,,,6,,50.10,,,,,1564,True,Sprints,852,1201,1452.5,M,False,3,2026-04-18,2026-04-18,False
62313,133054,1,29491,,,,,,,,3,,11.91,,,,,1574,True,Sprints,635,1007,1138.5,M,False,3,2026-04-24,2026-04-25,False
62314,133055,1,29492,,,,,,,,6,,52.05,,,,,1574,True,Sprints,741,1124,1303.0,M,False,3,2026-04-24,2026-04-25,False
62517,128529,167,26169,,,,,,,,3,Prelims,12.64,,,,,1536,True,Sprints,466,867,899.5,M,False,3,2026-04-11,2026-04-12,True
