,result_id,team_id,athlete_id,grade,athlete_id_2,grade_2,athlete_id_3,grade_3,athlete_id_4,grade_4,running_event_id,event_type,result_time,relay_split,relay_split_2,relay_split_3,wind,meet_id,approved,Track_Event_Type,World_Athletics_Points_Men,World_Athletics_Points_Women,Average_Score,gender,is_hidden,sport_id,start_date,end_date,nationals
16,25987,188,3541,,,,,,,,3,,11.50,,,,,339,True,Sprints,742,1091,1287.5,M,False,3,2024-04-14,2024-04-14,False
17,25988,205,3554,,,,,,,,3,,11.58,,,,,339,True,Sprints,720,1075,1257.5,M,False,3,2024-04-14,2024-04-14,False
18,25989,188,3549,,,,,,,,3,,11.78,,,,,339,True,Sprints,668,1034,1185.0,M,False,3,2024-04-14,2024-04-14,False
19,25990,205,5738,,,,,,,,3,,11.91,,,,,339,True,Sprints,635,1007,1138.5,M,False,3,2024-04-14,2024-04-14,False
20,25991,206,4477,,,,,,,,3,,12.08,,,,,339,True,Sprints,593,974,1080.0,M,False,3,2024-04-14,2024-04-14,False
21,25992,199,5028,,,,,,,,3,,12.09,,,,,339,True,Sprints,591,972,1077.0,M,False,3,2024-04-14,2024-04-14,False
22,25993,205,4652,,,,,,,,3,,12.31,,,,,339,True,Sprints,539,929,1003.5,M,False,3,2024-04-14,2024-04-14,False
23,25994,187,7626,,,,,,,,3,,12.37,,,,,339,True,Sprints,525,918,984.0,M,False,3,2024-04-14,2024-04-14,False
24,25995,199,1887,,,,,,,,3,,12.41,,,,,339,True,Sprints,516,910,971.0,M,False,3,2024-04-14,2024-04-14,False
25,25996,174,3580,,,,,,,,3,,12.41,,,,,339,True,Sprints,516,910,971.0,M,False,3,2024-04-14,2024-04-14,False
26,25997,187,7627,,,,,,,,3,,12.51,,,,,339,True,Sprints,494,891,939.5,M,False,3,2024-04-14,2024-04-14,False
27,25998,174,4647,,,,,,,,3,,12.55,,,,,339,True,Sprints,485,884,927.0,M,False,3,2024-04-14,2024-04-14,False
28,25999,188,3547,,,,,,,,3,,12.64,,,,,339,True,Sprints,466,867,899.5,M,False,3,2024-04-14,2024-04-14,False
29,26000,174,4996,,,,,,,,3,,12.67,,,,,339,True,Sprints,459,861,889.5,M,False,3,2024-04-14,2024-04-14,False
30,26001,205,7628,,,,,,,,3,,12.95,,,,,339,True,Sprints,402,810,807.0,M,False,3,2024-04-14,2024-04-14,False
31,26002,173,7629,,,,,,,,3,,13.18,,,,,339,True,Sprints,357,769,741.5,M,False,3,2024-04-14,2024-04-14,False
32,26003,188,3551,,,,,,,,3,,13.22,,,,,339,True,Sprints,350,762,731.0,M,False,3,2024-04-14,2024-04-14,False
33,26004,205,3559,,,,,,,,3,,13.29,,,,,339,True,Sprints,337,750,712.0,M,False,3,2024-04-14,2024-04-14,False
34,26005,173,7630,,,,,,,,3,,13.43,,,,,339,True,Sprints,312,726,675.0,M,False,3,2024-04-14,2024-04-14,False
35,26006,199,5029,,,,,,,,3,,13.65,,,,,339,True,Sprints,274,689,618.5,M,False,3,2024-04-14,2024-04-14,False
148,26044,188,3541,,,,,,,,4,,23.34,,,,,339,True,Sprints,749,1099,1298.5,M,False,3,2024-04-14,2024-04-14,False
149,26045,205,3554,,,,,,,,4,,23.37,,,,,339,True,Sprints,746,1096,1294.0,M,False,3,2024-04-14,2024-04-14,False
150,26046,206,4477,,,,,,,,4,,24.26,,,,,339,True,Sprints,640,1010,1145.0,M,False,3,2024-04-14,2024-04-14,False
151,26047,205,4485,,,,,,,,4,,24.63,,,,,339,True,Sprints,599,975,1086.5,M,False,3,2024-04-14,2024-04-14,False
152,26048,187,7633,,,,,,,,4,,25.06,,,,,339,True,Sprints,552,935,1019.5,M,False,3,2024-04-14,2024-04-14,False
153,26049,188,3547,,,,,,,,4,,25.11,,,,,339,True,Sprints,547,931,1012.5,M,False,3,2024-04-14,2024-04-14,False
154,26050,205,5738,,,,,,,,4,,25.30,,,,,339,True,Sprints,527,913,983.5,M,False,3,2024-04-14,2024-04-14,False
155,26051,187,7626,,,,,,,,4,,25.53,,,,,339,True,Sprints,503,893,949.5,M,False,3,2024-04-14,2024-04-14,False
243,26053,188,4649,,,,,,,,4,,25.56,,,,,339,True,Sprints,500,890,945.0,M,False,3,2024-04-14,2024-04-14,False
244,26054,205,2145,,,,,,,,4,,25.77,,,,,339,True,Sprints,479,871,914.5,M,False,3,2024-04-14,2024-04-14,False
245,26055,199,2139,,,,,,,,4,,25.97,,,,,339,True,Sprints,460,854,887.0,M,False,3,2024-04-14,2024-04-14,False
246,26056,173,7629,,,,,,,,4,,27.47,,,,,339,True,Sprints,326,728,690.0,M,False,3,2024-04-14,2024-04-14,False
247,26057,187,7624,,,,,,,,4,,27.62,,,,,339,True,Sprints,314,715,671.5,M,False,3,2024-04-14,2024-04-14,False
248,26058,173,7630,,,,,,,,4,,27.95,,,,,339,True,Sprints,288,689,632.5,M,False,3,2024-04-14,2024-04-14,False
256,26052,204,930,,,,,,,,4,,25.53,,,,,339,True,Sprints,503,893,949.5,M,False,3,2024-04-14,2024-04-14,False
290,26091,188,3851,,,,,,,,6,,53.22,,,,,339,True,Sprints,678,1079,1217.5,M,False,3,2024-04-14,2024-04-14,False
291,26092,176,2152,,,,,,,,6,,55.55,,,,,339,True,Sprints,560,992,1056.0,M,False,3,2024-04-14,2024-04-14,False
292,26093,205,4485,,,,,,,,6,,55.58,,,,,339,True,Sprints,559,991,1054.5,M,False,3,2024-04-14,2024-04-14,False
293,26094,188,3549,,,,,,,,6,,55.87,,,,,339,True,Sprints,545,981,1035.5,M,False,3,2024-04-14,2024-04-14,False
294,26095,188,4649,,,,,,,,6,,57.37,,,,,339,True,Sprints,477,927,940.5,M,False,3,2024-04-14,2024-04-14,False
295,26096,205,7628,,,,,,,,6,,58.73,,,,,339,True,Sprints,419,880,859.0,M,False,3,2024-04-14,2024-04-14,False
296,26097,188,938,,,,,,,,6,,58.91,,,,,339,True,Sprints,411,874,848.0,M,False,3,2024-04-14,2024-04-14,False
297,26098,188,916,,,,,,,,6,,59.25,,,,,339,True,Sprints,397,862,828.0,M,False,3,2024-04-14,2024-04-14,False
370,17872,88,556,So,,,,,,,6,,59.44,,,,0.0,227,True,Sprints,390,856,818.0,M,False,3,2024-04-06,2024-04-07,True
456,17642,88,4589,So,,,,,,,3,Prelims,13.42,,,,0.0,227,True,Sprints,313,728,677.0,M,False,3,2024-04-06,2024-04-07,True
514,17685,88,5541,Fr,,,,,,,4,Prelims,23.71,,,,0.0,227,True,Sprints,704,1063,1235.5,M,False,3,2024-04-06,2024-04-07,True
529,17817,88,539,Fr,,,,,,,6,,52.88,,,,0.0,227,True,Sprints,696,1092,1242.0,M,False,3,2024-04-06,2024-04-07,True
531,17548,88,5541,Fr,,,,,,,3,Prelims,11.33,,,,0.0,227,True,Sprints,789,1127,1352.5,M,False,3,2024-04-06,2024-04-07,True
1405,20931,88,4073,Fr,,,,,,,4,,22.76,,,,0.0,271,True,Sprints,823,1158,1402.0,M,False,3,2024-04-26,2024-04-27,False
1453,14824,139,4706,,,,,,,,6,,1:00.42,,,,,186,True,Sprints,352,823,763.5,M,False,3,2024-03-16,2024-03-16,False
2732,19073,79,5870,,,,,,,,6,,52.15,,,,,238,True,Sprints,735,1120,1295.0,M,False,3,2024-04-12,2024-04-13,False
11891,14561,15,4060,,,,,,,,6,,58.76,,,,,178,True,Sprints,417,879,856.5,M,False,3,2024-03-08,2024-03-09,False
11893,14563,15,5140,,,,,,,,4,,25.87,,,,,178,True,Sprints,470,863,901.5,M,False,3,2024-03-08,2024-03-09,False
11894,14564,15,5140,,,,,,,,6,,55.36,,,,,178,True,Sprints,570,999,1069.5,M,False,3,2024-03-08,2024-03-09,False
11895,14565,15,4064,,,,,,,,3,,11.99,,,,,178,True,Sprints,615,990,1110.0,M,False,3,2024-03-08,2024-03-09,False
11896,14566,15,4064,,,,,,,,4,,24.62,,,,,178,True,Sprints,600,976,1088.0,M,False,3,2024-03-08,2024-03-09,False
11897,14567,15,4065,,,,,,,,6,,56.84,,,,,178,True,Sprints,500,946,973.0,M,False,3,2024-03-08,2024-03-09,False
11907,14579,19,5146,,,,,,,,3,,11.74,,,,,179,True,Sprints,678,1042,1199.0,M,False,3,2024-03-09,2024-03-09,False
11912,14584,19,5148,,,,,,,,4,,24.46,,,,,179,True,Sprints,618,991,1113.5,M,False,3,2024-03-09,2024-03-09,False
11923,14595,19,5157,,,,,,,,3,,12.60,,,,,179,True,Sprints,474,874,911.0,M,False,3,2024-03-09,2024-03-09,False
11924,14596,19,5157,,,,,,,,4,,25.89,,,,,179,True,Sprints,468,861,898.5,M,False,3,2024-03-09,2024-03-09,False
11926,14598,19,5159,,,,,,,,6,,1:03.87,,,,,179,True,Sprints,233,712,589.0,M,False,3,2024-03-09,2024-03-09,False
11928,14600,19,5160,,,,,,,,3,,12.06,,,,,179,True,Sprints,598,978,1087.0,M,False,3,2024-03-09,2024-03-09,False
11929,14601,19,5160,,,,,,,,4,,24.54,,,,,179,True,Sprints,609,984,1101.0,M,False,3,2024-03-09,2024-03-09,False
11932,14604,19,5162,,,,,,,,3,,12.10,,,,,179,True,Sprints,588,970,1073.0,M,False,3,2024-03-09,2024-03-09,False
11935,14607,19,5165,,,,,,,,3,,12.10,,,,,179,True,Sprints,588,970,1073.0,M,False,3,2024-03-09,2024-03-09,False
11936,14608,19,5165,,,,,,,,4,,24.81,,,,,179,True,Sprints,579,958,1058.0,M,False,3,2024-03-09,2024-03-09,False
11986,14669,94,5184,,,,,,,,3,,13.34,,,,,182,True,Sprints,328,742,699.0,M,False,3,2024-03-15,2024-03-15,False
11995,14680,162,3158,,,,,,,,4,,25.27,,,,,183,True,Sprints,530,916,988.0,M,False,3,2024-03-16,2024-03-16,False
11996,14681,162,3158,,,,,,,,6,,56.99,,,,,183,True,Sprints,494,941,964.5,M,False,3,2024-03-16,2024-03-16,False
12024,14651,88,4073,Fr,,,,,,,3,,11.39,,,,,181,True,Sprints,772,1114,1329.0,M,False,3,2024-03-14,2024-03-16,False
12042,14726,60,4906,,,,,,,,4,,24.35,,,,,185,True,Sprints,630,1001,1130.5,M,False,3,2024-03-16,2024-03-16,False
12043,14727,60,4906,,,,,,,,6,,55.30,,,,,185,True,Sprints,573,1001,1073.5,M,False,3,2024-03-16,2024-03-16,False
12109,14718,60,4903,,,,,,,,4,,25.45,,,,,185,True,Sprints,512,900,962.0,M,False,3,2024-03-16,2024-03-16,False
12112,14806,86,5213,,,,,,,,3,,12.31,,,,,186,True,Sprints,539,929,1003.5,M,False,3,2024-03-16,2024-03-16,False
12113,14807,86,5213,,,,,,,,4,,32.06,,,,,186,True,Sprints,59,404,261.0,M,False,3,2024-03-16,2024-03-16,False
12114,14809,86,3012,,,,,,,,6,,59.71,,,,,186,True,Sprints,379,846,802.0,M,False,3,2024-03-16,2024-03-16,False
12117,14803,63,528,,,,,,,,4,,27.96,,,,,186,True,Sprints,288,688,632.0,M,False,3,2024-03-16,2024-03-16,False
12122,14719,60,4903,,,,,,,,6,,56.97,,,,,185,True,Sprints,495,941,965.5,M,False,3,2024-03-16,2024-03-16,False
12130,14820,86,1609,,,,,,,,6,,1:05.26,,,,,186,True,Sprints,192,670,527.0,M,False,3,2024-03-16,2024-03-16,False
12132,14822,86,2620,,,,,,,,6,,1:04.05,,,,,186,True,Sprints,227,707,580.5,M,False,3,2024-03-16,2024-03-16,False
12135,14826,139,4118,,,,,,,,3,,12.23,,,,,186,True,Sprints,558,944,1030.0,M,False,3,2024-03-16,2024-03-16,False
12138,14829,139,4118,,,,,,,,4,,23.95,,,,,186,True,Sprints,676,1040,1196.0,M,False,3,2024-03-16,2024-03-16,False
12139,14830,139,4356,,,,,,,,3,,12.83,,,,,186,True,Sprints,426,832,842.0,M,False,3,2024-03-16,2024-03-16,False
12148,14840,90,5216,,,,,,,,3,,12.97,,,,,186,True,Sprints,398,807,801.5,M,False,3,2024-03-16,2024-03-16,False
12149,14841,167,5217,,,,,,,,3,,11.58,,,,,186,True,Sprints,720,1075,1257.5,M,False,3,2024-03-16,2024-03-16,False
12153,14845,167,790,,,,,,,,4,,28.82,,,,,186,True,Sprints,226,623,537.5,M,False,3,2024-03-16,2024-03-16,False
12155,14848,167,4437,,,,,,,,3,,12.52,,,,,186,True,Sprints,492,889,936.5,M,False,3,2024-03-16,2024-03-16,False
12156,14849,167,4437,,,,,,,,4,,24.94,,,,,186,True,Sprints,565,946,1038.0,M,False,3,2024-03-16,2024-03-16,False
12160,14853,167,5218,,,,,,,,3,,11.77,,,,,186,True,Sprints,671,1036,1189.0,M,False,3,2024-03-16,2024-03-16,False
12161,14854,167,5218,,,,,,,,4,,22.90,,,,,186,True,Sprints,805,1144,1377.0,M,False,3,2024-03-16,2024-03-16,False
12162,14855,167,4438,,,,,,,,6,,53.00,,,,,186,True,Sprints,689,1088,1233.0,M,False,3,2024-03-16,2024-03-16,False
12169,14862,167,5220,,,,,,,,4,,26.59,,,,,186,True,Sprints,402,800,802.0,M,False,3,2024-03-16,2024-03-16,False
12171,14865,167,4439,,,,,,,,6,,54.57,,,,,186,True,Sprints,608,1028,1122.0,M,False,3,2024-03-16,2024-03-16,False
12172,14867,167,5221,,,,,,,,3,,12.57,,,,,186,True,Sprints,481,880,921.0,M,False,3,2024-03-16,2024-03-16,False
12173,14868,167,5221,,,,,,,,4,,25.14,,,,,186,True,Sprints,544,928,1008.0,M,False,3,2024-03-16,2024-03-16,False
12176,14871,167,5222,,,,,,,,6,,1:01.86,,,,,186,True,Sprints,299,776,687.0,M,False,3,2024-03-16,2024-03-16,False
12177,14872,167,5222,,,,,,,,4,,25.95,,,,,186,True,Sprints,462,856,890.0,M,False,3,2024-03-16,2024-03-16,False
12178,14873,167,5223,,,,,,,,6,,56.93,,,,,186,True,Sprints,496,943,967.5,M,False,3,2024-03-16,2024-03-16,False
12183,14878,167,5226,,,,,,,,6,,54.54,,,,,186,True,Sprints,610,1030,1125.0,M,False,3,2024-03-16,2024-03-16,False
12196,14894,167,4304,,,,,,,,3,,12.49,,,,,186,True,Sprints,498,895,945.5,M,False,3,2024-03-16,2024-03-16,False
12199,14897,167,5232,,,,,,,,3,,12.21,,,,,186,True,Sprints,562,948,1036.0,M,False,3,2024-03-16,2024-03-16,False
12200,14898,167,5232,,,,,,,,6,,54.38,,,,,186,True,Sprints,618,1035,1135.5,M,False,3,2024-03-16,2024-03-16,False
12203,14901,167,5233,,,,,,,,4,,23.64,,,,,186,True,Sprints,713,1070,1248.0,M,False,3,2024-03-16,2024-03-16,False
12204,14902,167,4303,,,,,,,,6,,56.63,,,,,186,True,Sprints,510,953,986.5,M,False,3,2024-03-16,2024-03-16,False
12208,14906,167,5234,,,,,,,,3,,11.57,,,,,186,True,Sprints,723,1077,1261.5,M,False,3,2024-03-16,2024-03-16,False
12209,14907,167,5234,,,,,,,,4,,23.52,,,,,186,True,Sprints,727,1082,1268.0,M,False,3,2024-03-16,2024-03-16,False
12211,14909,167,5235,,,,,,,,3,,12.21,,,,,186,True,Sprints,562,948,1036.0,M,False,3,2024-03-16,2024-03-16,False
12212,14910,167,5235,,,,,,,,4,,24.43,,,,,186,True,Sprints,621,994,1118.0,M,False,3,2024-03-16,2024-03-16,False
12216,14914,167,5238,,,,,,,,3,,11.34,,,,,186,True,Sprints,786,1125,1348.5,M,False,3,2024-03-16,2024-03-16,False
12217,14915,167,5238,,,,,,,,4,,22.27,,,,,186,True,Sprints,887,1208,1491.0,M,False,3,2024-03-16,2024-03-16,False
12220,14833,88,529,So,,,,,,,6,,1:01.76,,,,,186,True,Sprints,303,779,692.5,M,False,3,2024-03-16,2024-03-16,False
12222,14919,167,5240,,,,,,,,3,,12.39,,,,,186,True,Sprints,521,914,978.0,M,False,3,2024-03-16,2024-03-16,False
12223,14920,167,5240,,,,,,,,4,,24.89,,,,,186,True,Sprints,570,951,1045.5,M,False,3,2024-03-16,2024-03-16,False
12231,14929,167,5243,,,,,,,,3,,11.58,,,,,186,True,Sprints,720,1075,1257.5,M,False,3,2024-03-16,2024-03-16,False
12232,14930,167,5244,,,,,,,,4,,23.11,,,,,186,True,Sprints,778,1122,1339.0,M,False,3,2024-03-16,2024-03-16,False
12236,14934,167,5246,,,,,,,,3,,11.52,,,,,186,True,Sprints,736,1087,1279.5,M,False,3,2024-03-16,2024-03-16,False
12248,14948,167,5250,,,,,,,,4,,23.57,,,,,186,True,Sprints,721,1077,1259.5,M,False,3,2024-03-16,2024-03-16,False
12250,14950,167,754,,,,,,,,3,,14.00,,,,,186,True,Sprints,220,633,536.5,M,False,3,2024-03-16,2024-03-16,False
12252,14952,167,754,,,,,,,,6,,1:05.50,,,,,186,True,Sprints,185,663,516.5,M,False,3,2024-03-16,2024-03-16,False
12260,14961,167,5252,,,,,,,,4,,23.26,,,,,186,True,Sprints,759,1107,1312.5,M,False,3,2024-03-16,2024-03-16,False
12264,14965,167,673,,,,,,,,3,,13.24,,,,,186,True,Sprints,346,759,725.5,M,False,3,2024-03-16,2024-03-16,False
12267,14969,168,671,,,,,,,,6,,1:00.59,,,,,186,True,Sprints,345,817,753.5,M,False,3,2024-03-16,2024-03-16,False
12268,14970,168,701,,,,,,,,6,,55.25,,,,,186,True,Sprints,575,1003,1076.5,M,False,3,2024-03-16,2024-03-16,False
12272,14974,73,5256,,,,,,,,3,,11.76,,,,,186,True,Sprints,673,1038,1192.0,M,False,3,2024-03-16,2024-03-16,False
12273,14975,73,5257,,,,,,,,3,,11.83,,,,,186,True,Sprints,655,1023,1166.5,M,False,3,2024-03-16,2024-03-16,False
12274,14976,73,5258,,,,,,,,3,,12.16,,,,,186,True,Sprints,574,958,1053.0,M,False,3,2024-03-16,2024-03-16,False
12275,14977,73,5259,,,,,,,,3,,13.89,,,,,186,True,Sprints,236,650,561.0,M,False,3,2024-03-16,2024-03-16,False
12277,14979,73,5259,,,,,,,,4,,23.35,,,,,186,True,Sprints,748,1098,1297.0,M,False,3,2024-03-16,2024-03-16,False
12278,14980,73,5257,,,,,,,,4,,24.13,,,,,186,True,Sprints,655,1022,1166.0,M,False,3,2024-03-16,2024-03-16,False
12279,14981,73,5258,,,,,,,,4,,24.60,,,,,186,True,Sprints,602,978,1091.0,M,False,3,2024-03-16,2024-03-16,False
12297,15000,69,4342,,,,,,,,4,,23.75,,,,,187,True,Sprints,700,1059,1229.5,M,False,3,2024-03-16,2024-03-16,False
12298,15001,69,4342,,,,,,,,6,,54.09,,,,,187,True,Sprints,633,1046,1156.0,M,False,3,2024-03-16,2024-03-16,False
12301,15004,69,2616,,,,,,,,4,,26.09,,,,,187,True,Sprints,448,843,869.5,M,False,3,2024-03-16,2024-03-16,False
12302,15005,69,2616,,,,,,,,6,,59.41,,,,,187,True,Sprints,391,857,819.5,M,False,3,2024-03-16,2024-03-16,False
12362,15070,159,2182,,,,,,,,4,,23.48,,,,,188,True,Sprints,732,1086,1275.0,M,False,3,2024-03-16,2024-03-16,False
12363,15071,159,2182,,,,,,,,6,,52.53,,,,,188,True,Sprints,714,1106,1267.0,M,False,3,2024-03-16,2024-03-16,False
12364,15072,159,5270,,,,,,,,3,,12.26,,,,,188,True,Sprints,551,939,1020.5,M,False,3,2024-03-16,2024-03-16,False
12365,15073,159,5270,,,,,,,,4,,25.53,,,,,188,True,Sprints,503,893,949.5,M,False,3,2024-03-16,2024-03-16,False
12369,15077,146,4150,,,,,,,,6,,52.10,,,,,188,True,Sprints,738,1122,1299.0,M,False,3,2024-03-16,2024-03-16,False
12373,15081,146,3689,,,,,,,,3,,11.43,,,,,188,True,Sprints,761,1106,1314.0,M,False,3,2024-03-16,2024-03-16,False
12376,15084,146,3690,,,,,,,,3,,11.47,,,,,188,True,Sprints,750,1097,1298.5,M,False,3,2024-03-16,2024-03-16,False
12377,15085,146,3690,,,,,,,,4,,22.68,,,,,188,True,Sprints,833,1166,1416.0,M,False,3,2024-03-16,2024-03-16,False
12378,15086,146,1409,,,,,,,,6,,54.65,,,,,188,True,Sprints,604,1025,1116.5,M,False,3,2024-03-16,2024-03-16,False
12379,15087,146,3691,,,,,,,,4,,23.34,,,,,188,True,Sprints,749,1099,1298.5,M,False,3,2024-03-16,2024-03-16,False
12380,15088,146,3691,,,,,,,,6,,52.80,,,,,188,True,Sprints,700,1095,1247.5,M,False,3,2024-03-16,2024-03-16,False
12382,15090,146,3720,,,,,,,,3,,12.26,,,,,188,True,Sprints,551,939,1020.5,M,False,3,2024-03-16,2024-03-16,False
12383,15091,146,3720,,,,,,,,4,,25.78,,,,,188,True,Sprints,478,870,913.0,M,False,3,2024-03-16,2024-03-16,False
12384,15092,146,3721,,,,,,,,3,,12.29,,,,,188,True,Sprints,544,933,1010.5,M,False,3,2024-03-16,2024-03-16,False
12385,15093,146,3721,,,,,,,,4,,25.99,,,,,188,True,Sprints,458,852,884.0,M,False,3,2024-03-16,2024-03-16,False
12386,15094,146,4380,,,,,,,,3,,12.55,,,,,188,True,Sprints,485,884,927.0,M,False,3,2024-03-16,2024-03-16,False
12387,15095,146,4380,,,,,,,,4,,25.94,,,,,188,True,Sprints,463,856,891.0,M,False,3,2024-03-16,2024-03-16,False
12390,15098,146,3696,,,,,,,,4,,23.69,,,,,188,True,Sprints,707,1065,1239.5,M,False,3,2024-03-16,2024-03-16,False
12391,15099,146,3696,,,,,,,,6,,53.51,,,,,188,True,Sprints,662,1068,1196.0,M,False,3,2024-03-16,2024-03-16,False
12393,15101,146,3698,,,,,,,,3,,11.36,,,,,188,True,Sprints,780,1120,1340.0,M,False,3,2024-03-16,2024-03-16,False
12394,15102,146,3698,,,,,,,,4,,23.23,,,,,188,True,Sprints,763,1110,1318.0,M,False,3,2024-03-16,2024-03-16,False
12395,15103,146,3699,,,,,,,,4,,28.17,,,,,188,True,Sprints,272,672,608.0,M,False,3,2024-03-16,2024-03-16,False
12399,15108,146,3701,,,,,,,,3,,11.65,,,,,188,True,Sprints,702,1060,1232.0,M,False,3,2024-03-16,2024-03-16,False
12400,15109,146,3701,,,,,,,,4,,23.24,,,,,188,True,Sprints,762,1109,1316.5,M,False,3,2024-03-16,2024-03-16,False
12401,15110,146,3725,,,,,,,,4,,25.87,,,,,188,True,Sprints,470,863,901.5,M,False,3,2024-03-16,2024-03-16,False
12404,15114,146,3727,,,,,,,,6,,1:05.71,,,,,188,True,Sprints,180,656,508.0,M,False,3,2024-03-16,2024-03-16,False
12405,15115,146,3728,,,,,,,,3,,11.81,,,,,188,True,Sprints,660,1028,1174.0,M,False,3,2024-03-16,2024-03-16,False
12406,15116,146,3728,,,,,,,,4,,24.18,,,,,188,True,Sprints,649,1018,1158.0,M,False,3,2024-03-16,2024-03-16,False
12409,15119,146,4386,,,,,,,,3,,12.12,,,,,188,True,Sprints,584,966,1067.0,M,False,3,2024-03-16,2024-03-16,False
12410,15120,146,4386,,,,,,,,4,,25.04,,,,,188,True,Sprints,554,937,1022.5,M,False,3,2024-03-16,2024-03-16,False
12411,15121,146,3705,,,,,,,,4,,24.43,,,,,188,True,Sprints,621,994,1118.0,M,False,3,2024-03-16,2024-03-16,False
12412,15122,146,3705,,,,,,,,6,,56.48,,,,,188,True,Sprints,517,959,996.5,M,False,3,2024-03-16,2024-03-16,False
12415,15126,146,5273,,,,,,,,4,,27.26,,,,,188,True,Sprints,344,745,716.5,M,False,3,2024-03-16,2024-03-16,False
12416,15127,146,5273,,,,,,,,6,,1:00.05,,,,,188,True,Sprints,366,835,783.5,M,False,3,2024-03-16,2024-03-16,False
12417,15128,146,3729,,,,,,,,6,,52.47,,,,,188,True,Sprints,718,1108,1272.0,M,False,3,2024-03-16,2024-03-16,False
12418,15129,146,4149,,,,,,,,3,,12.85,,,,,188,True,Sprints,422,828,836.0,M,False,3,2024-03-16,2024-03-16,False
12419,15130,146,3730,,,,,,,,3,,12.12,,,,,188,True,Sprints,584,966,1067.0,M,False,3,2024-03-16,2024-03-16,False
12421,15131,146,3730,,,,,,,,4,,24.88,,,,,188,True,Sprints,571,952,1047.0,M,False,3,2024-03-16,2024-03-16,False
12422,15132,146,3708,,,,,,,,3,,11.86,,,,,188,True,Sprints,648,1017,1156.5,M,False,3,2024-03-16,2024-03-16,False
12423,15133,146,3708,,,,,,,,4,,24.11,,,,,188,True,Sprints,657,1024,1169.0,M,False,3,2024-03-16,2024-03-16,False
12424,15134,146,3709,,,,,,,,3,,13.49,,,,,188,True,Sprints,301,716,659.0,M,False,3,2024-03-16,2024-03-16,False
12435,15145,146,3710,,,,,,,,3,,11.73,,,,,188,True,Sprints,681,1044,1203.0,M,False,3,2024-03-16,2024-03-16,False
12439,15149,146,3734,,,,,,,,3,,11.74,,,,,188,True,Sprints,678,1042,1199.0,M,False,3,2024-03-16,2024-03-16,False
12440,15150,146,5274,,,,,,,,6,,56.09,,,,,188,True,Sprints,535,973,1021.5,M,False,3,2024-03-16,2024-03-16,False
12441,15151,146,4393,,,,,,,,3,,11.43,,,,,188,True,Sprints,761,1106,1314.0,M,False,3,2024-03-16,2024-03-16,False
12442,15152,146,4393,,,,,,,,4,,23.52,,,,,188,True,Sprints,727,1082,1268.0,M,False,3,2024-03-16,2024-03-16,False
12461,15177,116,3942,,,,,,,,4,,24.50,,,,,190,True,Sprints,613,987,1106.5,M,False,3,2024-03-22,2024-03-23,False
12462,15178,116,3942,,,,,,,,6,,54.69,,,,,190,True,Sprints,602,1024,1114.0,M,False,3,2024-03-22,2024-03-23,False
12467,15183,116,3944,,,,,,,,3,,11.34,,,,,190,True,Sprints,786,1125,1348.5,M,False,3,2024-03-22,2024-03-23,False
12468,15184,116,3944,,,,,,,,4,,23.72,,,,,190,True,Sprints,703,1062,1234.0,M,False,3,2024-03-22,2024-03-23,False
12469,15185,116,3945,,,,,,,,3,,12.70,,,,,190,True,Sprints,453,856,881.0,M,False,3,2024-03-22,2024-03-23,False
12470,15186,116,3945,,,,,,,,4,,25.80,,,,,190,True,Sprints,476,869,910.5,M,False,3,2024-03-22,2024-03-23,False
12472,15188,116,458,,,,,,,,6,,59.09,,,,,190,True,Sprints,404,867,837.5,M,False,3,2024-03-22,2024-03-23,False
12474,15190,116,3946,,,,,,,,3,,11.95,,,,,190,True,Sprints,625,999,1124.5,M,False,3,2024-03-22,2024-03-23,False
12475,15191,116,3946,,,,,,,,4,,24.37,,,,,190,True,Sprints,628,1000,1128.0,M,False,3,2024-03-22,2024-03-23,False
12476,15192,116,3946,,,,,,,,6,,53.67,,,,,190,True,Sprints,654,1062,1185.0,M,False,3,2024-03-22,2024-03-23,False
12477,15193,116,4537,,,,,,,,3,,12.65,,,,,190,True,Sprints,463,865,895.5,M,False,3,2024-03-22,2024-03-23,False
12478,15194,116,3949,,,,,,,,4,,25.26,,,,,190,True,Sprints,531,917,989.5,M,False,3,2024-03-22,2024-03-23,False
12479,15195,116,3949,,,,,,,,6,,58.58,,,,,190,True,Sprints,425,885,867.5,M,False,3,2024-03-22,2024-03-23,False
12480,15196,116,4538,,,,,,,,4,,26.56,,,,,190,True,Sprints,405,803,806.5,M,False,3,2024-03-22,2024-03-23,False
12482,15198,116,3952,,,,,,,,3,,12.51,,,,,190,True,Sprints,494,891,939.5,M,False,3,2024-03-22,2024-03-23,False
12565,15291,167,790,,,,,,,,4,,29.22,,,,,193,True,Sprints,199,593,495.5,M,False,3,2024-03-22,2024-03-23,False
12567,15293,167,4437,,,,,,,,3,,12.78,,,,,193,True,Sprints,436,841,856.5,M,False,3,2024-03-22,2024-03-23,False
12571,15297,167,5218,,,,,,,,4,,23.12,,,,,193,True,Sprints,777,1121,1337.5,M,False,3,2024-03-22,2024-03-23,False
12572,15298,167,4438,,,,,,,,4,,23.74,,,,,193,True,Sprints,701,1060,1231.0,M,False,3,2024-03-22,2024-03-23,False
12573,15299,167,4438,,,,,,,,6,,53.03,,,,,193,True,Sprints,688,1086,1231.0,M,False,3,2024-03-22,2024-03-23,False
12576,15302,167,5220,,,,,,,,3,,13.61,,,,,193,True,Sprints,281,696,629.0,M,False,3,2024-03-22,2024-03-23,False
12580,15306,167,4439,,,,,,,,4,,25.28,,,,,193,True,Sprints,529,915,986.5,M,False,3,2024-03-22,2024-03-23,False
12581,15307,167,4439,,,,,,,,6,,54.64,,,,,193,True,Sprints,605,1026,1118.0,M,False,3,2024-03-22,2024-03-23,False
12586,15313,167,5221,,,,,,,,3,,12.61,,,,,193,True,Sprints,472,872,908.0,M,False,3,2024-03-22,2024-03-23,False
12587,15314,167,5221,,,,,,,,4,,25.83,,,,,193,True,Sprints,474,866,907.0,M,False,3,2024-03-22,2024-03-23,False
12590,15317,167,5222,,,,,,,,4,,26.91,,,,,193,True,Sprints,373,773,759.5,M,False,3,2024-03-22,2024-03-23,False
12591,15318,167,5222,,,,,,,,6,,59.70,,,,,193,True,Sprints,379,847,802.5,M,False,3,2024-03-22,2024-03-23,False
12593,15320,167,5226,,,,,,,,3,,12.38,,,,,193,True,Sprints,523,916,981.0,M,False,3,2024-03-22,2024-03-23,False
12594,15321,167,5226,,,,,,,,4,,25.23,,,,,193,True,Sprints,534,920,994.0,M,False,3,2024-03-22,2024-03-23,False
12606,15333,167,5233,,,,,,,,3,,12.15,,,,,193,True,Sprints,576,960,1056.0,M,False,3,2024-03-22,2024-03-23,False
12611,15338,167,5234,,,,,,,,3,,11.80,,,,,193,True,Sprints,663,1030,1178.0,M,False,3,2024-03-22,2024-03-23,False
12612,15339,167,5234,,,,,,,,4,,23.94,,,,,193,True,Sprints,677,1041,1197.5,M,False,3,2024-03-22,2024-03-23,False
12615,15342,167,5235,,,,,,,,3,,12.40,,,,,193,True,Sprints,518,912,974.0,M,False,3,2024-03-22,2024-03-23,False
12624,15349,167,5240,,,,,,,,3,,12.47,,,,,193,True,Sprints,503,899,952.5,M,False,3,2024-03-22,2024-03-23,False
12627,15352,167,5284,,,,,,,,3,,13.28,,,,,193,True,Sprints,339,752,715.0,M,False,3,2024-03-22,2024-03-23,False
12628,15353,167,5284,,,,,,,,4,,27.10,,,,,193,True,Sprints,357,758,736.0,M,False,3,2024-03-22,2024-03-23,False
12633,15358,167,5244,,,,,,,,4,,23.40,,,,,193,True,Sprints,742,1094,1289.0,M,False,3,2024-03-22,2024-03-23,False
12634,15359,167,5244,,,,,,,,6,,52.34,,,,,193,True,Sprints,725,1113,1281.5,M,False,3,2024-03-22,2024-03-23,False
12636,15361,167,5285,,,,,,,,3,,12.37,,,,,193,True,Sprints,525,918,984.0,M,False,3,2024-03-22,2024-03-23,False
12637,15362,167,5285,,,,,,,,4,,25.04,,,,,193,True,Sprints,554,937,1022.5,M,False,3,2024-03-22,2024-03-23,False
12638,15363,167,5246,,,,,,,,3,,11.48,,,,,193,True,Sprints,747,1095,1294.5,M,False,3,2024-03-22,2024-03-23,False
12648,15373,167,5250,,,,,,,,3,,11.87,,,,,193,True,Sprints,645,1015,1152.5,M,False,3,2024-03-22,2024-03-23,False
12721,15450,56,3574,,,,,,,,6,,56.89,,,,,195,True,Sprints,498,944,970.0,M,False,3,2024-03-22,2024-03-23,False
12725,15454,108,3983,,,,,,,,3,,11.20,,,,,195,True,Sprints,825,1154,1402.0,M,False,3,2024-03-22,2024-03-23,False
12726,15455,108,3983,,,,,,,,4,,22.73,,,,,195,True,Sprints,827,1161,1407.5,M,False,3,2024-03-22,2024-03-23,False
12727,15456,108,3642,,,,,,,,3,,11.13,,,,,195,True,Sprints,845,1169,1429.5,M,False,3,2024-03-22,2024-03-23,False
12734,15463,1,3522,,,,,,,,6,,53.81,,,,,195,True,Sprints,647,1057,1175.5,M,False,3,2024-03-22,2024-03-23,False
12736,15465,1,3987,,,,,,,,3,,12.18,,,,,195,True,Sprints,569,954,1046.0,M,False,3,2024-03-22,2024-03-23,False
12737,15466,1,3987,,,,,,,,4,,24.54,,,,,195,True,Sprints,609,984,1101.0,M,False,3,2024-03-22,2024-03-23,False
12743,15472,1,50,,,,,,,,4,,27.68,,,,,195,True,Sprints,309,711,664.5,M,False,3,2024-03-22,2024-03-23,False
12744,15473,1,50,,,,,,,,6,,1:03.52,,,,,195,True,Sprints,244,723,605.5,M,False,3,2024-03-22,2024-03-23,False
12745,15474,1,5291,,,,,,,,3,,12.35,,,,,195,True,Sprints,530,921,990.5,M,False,3,2024-03-22,2024-03-23,False
12746,15475,1,4604,,,,,,,,4,,27.18,,,,,195,True,Sprints,350,751,725.5,M,False,3,2024-03-22,2024-03-23,False
12747,15476,1,4604,,,,,,,,6,,1:03.63,,,,,195,True,Sprints,240,719,599.5,M,False,3,2024-03-22,2024-03-23,False
12756,15487,117,3993,,,,,,,,4,,23.97,,,,,195,True,Sprints,674,1038,1193.0,M,False,3,2024-03-22,2024-03-23,False
12765,15496,117,3996,,,,,,,,4,,23.12,,,,,195,True,Sprints,777,1121,1337.5,M,False,3,2024-03-22,2024-03-23,False
12767,15498,117,3997,,,,,,,,3,,14.19,,,,,195,True,Sprints,193,603,494.5,M,False,3,2024-03-22,2024-03-23,False
12768,15499,117,3997,,,,,,,,4,,28.69,,,,,195,True,Sprints,234,632,550.0,M,False,3,2024-03-22,2024-03-23,False
12769,15500,117,3997,,,,,,,,6,,1:08.73,,,,,195,True,Sprints,107,570,392.0,M,False,3,2024-03-22,2024-03-23,False
12809,15540,60,4906,,,,,,,,4,,24.01,,,,,198,True,Sprints,669,1034,1186.0,M,False,3,2024-03-22,2024-03-23,False
12810,15541,60,4906,,,,,,,,6,,53.49,,,,,198,True,Sprints,663,1069,1197.5,M,False,3,2024-03-22,2024-03-23,False
12816,15547,162,5296,,,,,,,,6,,57.60,,,,,200,True,Sprints,467,919,926.5,M,False,3,2024-03-22,2024-03-23,False
12825,15558,169,4442,,,,,,,,3,,13.41,,,,,200,True,Sprints,315,730,680.0,M,False,3,2024-03-22,2024-03-23,False
12826,15559,169,4451,,,,,,,,6,,53.32,,,,,200,True,Sprints,672,1075,1209.5,M,False,3,2024-03-22,2024-03-23,False
12827,15560,169,4447,,,,,,,,6,,54.16,,,,,200,True,Sprints,629,1044,1151.0,M,False,3,2024-03-22,2024-03-23,False
12828,15561,169,4734,,,,,,,,6,,59.75,,,,,200,True,Sprints,377,845,799.5,M,False,3,2024-03-22,2024-03-23,False
12904,15651,130,2464,,,,,,,,6,,54.76,,,,,202,True,Sprints,599,1021,1109.5,M,False,3,2024-03-23,2024-03-23,False
12908,15655,63,554,,,,,,,,6,,52.34,,,,,202,True,Sprints,725,1113,1281.5,M,False,3,2024-03-23,2024-03-23,False
12910,15657,63,4561,,,,,,,,6,,1:12.23,,,,,202,True,Sprints,46,477,284.5,M,False,3,2024-03-23,2024-03-23,False
12912,15659,138,802,,,,,,,,6,,1:00.69,,,,,202,True,Sprints,341,814,748.0,M,False,3,2024-03-23,2024-03-23,False
12913,15660,138,802,,,,,,,,4,,25.18,,,,,202,True,Sprints,539,924,1001.0,M,False,3,2024-03-23,2024-03-23,False
12930,15671,139,4706,,,,,,,,6,,1:01.52,,,,,202,True,Sprints,311,787,704.5,M,False,3,2024-03-23,2024-03-23,False
12935,15676,139,1589,,,,,,,,6,,59.33,,,,,202,True,Sprints,394,859,823.5,M,False,3,2024-03-23,2024-03-23,False
12936,15677,139,1589,,,,,,,,4,,25.76,,,,,202,True,Sprints,480,872,916.0,M,False,3,2024-03-23,2024-03-23,False
12937,15679,139,5309,,,,,,,,3,,13.93,,,,,202,True,Sprints,230,644,552.0,M,False,3,2024-03-23,2024-03-23,False
12940,15684,139,4348,,,,,,,,6,,58.79,,,,,202,True,Sprints,416,878,855.0,M,False,3,2024-03-23,2024-03-23,False
12947,15691,139,2747,,,,,,,,6,,58.47,,,,,202,True,Sprints,429,889,873.5,M,False,3,2024-03-23,2024-03-23,False
12953,15698,139,4354,,,,,,,,6,,1:08.37,,,,,202,True,Sprints,115,580,405.0,M,False,3,2024-03-23,2024-03-23,False
12957,15704,139,4356,,,,,,,,6,,58.73,,,,,202,True,Sprints,419,880,859.0,M,False,3,2024-03-23,2024-03-23,False
12963,15711,142,765,,,,,,,,6,,1:09.21,,,,,202,True,Sprints,97,557,375.5,M,False,3,2024-03-23,2024-03-23,False
12984,15732,164,5315,,,,,,,,6,,59.23,,,,,202,True,Sprints,398,863,829.5,M,False,3,2024-03-23,2024-03-23,False
12985,15733,164,5315,,,,,,,,4,,26.66,,,,,202,True,Sprints,396,794,793.0,M,False,3,2024-03-23,2024-03-23,False
12996,15744,164,4124,,,,,,,,3,,12.34,,,,,202,True,Sprints,532,923,993.5,M,False,3,2024-03-23,2024-03-23,False
12997,15745,166,3590,,,,,,,,3,,10.66,,,,,202,True,Sprints,986,1273,1622.5,M,False,3,2024-03-23,2024-03-23,False
12998,15746,166,3590,,,,,,,,4,,23.95,,,,,202,True,Sprints,676,1040,1196.0,M,False,3,2024-03-23,2024-03-23,False
13003,15751,166,4728,,,,,,,,6,,58.63,,,,,202,True,Sprints,423,883,864.5,M,False,3,2024-03-23,2024-03-23,False
13005,15753,167,5248,,,,,,,,6,,53.21,,,,,202,True,Sprints,678,1080,1218.0,M,False,3,2024-03-23,2024-03-23,False
13006,15754,132,3173,,,,,,,,6,,57.98,,,,,202,True,Sprints,450,906,903.0,M,False,3,2024-03-23,2024-03-23,False
13011,15761,132,5317,,,,,,,,3,,11.58,,,,,202,True,Sprints,720,1075,1257.5,M,False,3,2024-03-23,2024-03-23,False
13012,15762,132,5317,,,,,,,,4,,24.49,,,,,202,True,Sprints,614,988,1108.0,M,False,3,2024-03-23,2024-03-23,False
13013,15763,132,5318,,,,,,,,6,,54.42,,,,,202,True,Sprints,616,1034,1133.0,M,False,3,2024-03-23,2024-03-23,False
13014,15764,132,5318,,,,,,,,4,,24.87,,,,,202,True,Sprints,572,953,1048.5,M,False,3,2024-03-23,2024-03-23,False
13016,15766,132,678,,,,,,,,6,,52.85,,,,,202,True,Sprints,697,1093,1243.5,M,False,3,2024-03-23,2024-03-23,False
13018,15668,139,1533,,,,,,,,6,,58.20,,,,,202,True,Sprints,441,898,890.0,M,False,3,2024-03-23,2024-03-23,False
13023,15682,139,4347,,,,,,,,6,,59.46,,,,,202,True,Sprints,389,855,816.5,M,False,3,2024-03-23,2024-03-23,False
13024,15683,139,4347,,,,,,,,4,,26.92,,,,,202,True,Sprints,373,773,759.5,M,False,3,2024-03-23,2024-03-23,False
13080,15825,158,2487,,,,,,,,3,,11.98,,,,,206,True,Sprints,618,993,1114.5,M,False,3,2024-03-23,2024-03-23,False
13111,15840,162,3158,,,,,,,,6,,56.30,,,,,200,True,Sprints,525,965,1007.5,M,False,3,2024-03-22,2024-03-23,False
13115,15847,169,4451,,,,,,,,4,,23.95,,,,,200,True,Sprints,676,1040,1196.0,M,False,3,2024-03-22,2024-03-23,False
13116,15848,169,4735,,,,,,,,4,,26.30,,,,,200,True,Sprints,429,825,841.5,M,False,3,2024-03-22,2024-03-23,False
13117,15849,169,4735,,,,,,,,6,,1:00.23,,,,,200,True,Sprints,359,829,773.5,M,False,3,2024-03-22,2024-03-23,False
13118,15850,169,1379,,,,,,,,6,,1:00.56,,,,,200,True,Sprints,346,818,755.0,M,False,3,2024-03-22,2024-03-23,False
13143,15895,73,5258,,,,,,,,4,,24.03,,,,,209,True,Sprints,667,1032,1183.0,M,False,3,2024-03-23,2024-03-23,False
13150,15903,94,5183,,,,,,,,3,,12.05,,,,,209,True,Sprints,601,980,1091.0,M,False,3,2024-03-23,2024-03-23,False
13151,15904,73,5359,,,,,,,,3,,11.76,,,,,209,True,Sprints,673,1038,1192.0,M,False,3,2024-03-23,2024-03-23,False
13152,15905,94,5184,,,,,,,,3,,12.80,,,,,209,True,Sprints,432,837,850.5,M,False,3,2024-03-23,2024-03-23,False
13153,15906,86,2620,,,,,,,,3,,12.85,,,,,209,True,Sprints,422,828,836.0,M,False,3,2024-03-23,2024-03-23,False
13154,15907,73,5258,,,,,,,,3,,11.30,,,,,209,True,Sprints,797,1133,1363.5,M,False,3,2024-03-23,2024-03-23,False
13155,15908,73,5256,,,,,,,,3,,11.37,,,,,209,True,Sprints,777,1118,1336.0,M,False,3,2024-03-23,2024-03-23,False
13156,15909,73,5257,,,,,,,,3,,11.05,,,,,209,True,Sprints,869,1187,1462.5,M,False,3,2024-03-23,2024-03-23,False
13167,15921,73,5256,,,,,,,,4,,25.90,,,,,209,True,Sprints,467,860,897.0,M,False,3,2024-03-23,2024-03-23,False
13168,15922,94,5183,,,,,,,,4,,25.94,,,,,209,True,Sprints,463,856,891.0,M,False,3,2024-03-23,2024-03-23,False
13169,15923,86,2620,,,,,,,,4,,28.02,,,,,209,True,Sprints,283,684,625.0,M,False,3,2024-03-23,2024-03-23,False
13170,15924,94,5184,,,,,,,,4,,27.81,,,,,209,True,Sprints,299,700,649.0,M,False,3,2024-03-23,2024-03-23,False
13171,15925,73,5259,,,,,,,,4,,23.22,,,,,209,True,Sprints,764,1111,1319.5,M,False,3,2024-03-23,2024-03-23,False
13172,15926,73,5257,,,,,,,,4,,23.06,,,,,209,True,Sprints,784,1127,1347.5,M,False,3,2024-03-23,2024-03-23,False
13173,15927,73,5259,,,,,,,,6,,1:10.07,,,,,209,True,Sprints,81,533,347.5,M,False,3,2024-03-23,2024-03-23,False
13174,15928,86,2569,,,,,,,,6,,56.26,,,,,209,True,Sprints,527,967,1010.5,M,False,3,2024-03-23,2024-03-23,False
13175,15929,86,3012,,,,,,,,6,,1:00.09,,,,,209,True,Sprints,364,834,781.0,M,False,3,2024-03-23,2024-03-23,False
13176,15930,86,5361,,,,,,,,6,,1:03.91,,,,,209,True,Sprints,232,711,587.5,M,False,3,2024-03-23,2024-03-23,False
13177,15931,86,2620,,,,,,,,6,,1:07.57,,,,,209,True,Sprints,133,602,434.0,M,False,3,2024-03-23,2024-03-23,False
13178,15932,94,5184,,,,,,,,6,,1:08.08,,,,,209,True,Sprints,121,588,415.0,M,False,3,2024-03-23,2024-03-23,False
13231,15988,171,1183,,,,,,,,6,,59.55,,,,,210,True,Sprints,385,852,811.0,M,False,3,2024-03-24,2024-03-24,False
13236,15995,174,5373,,,,,,,,4,,24.10,,,,,210,True,Sprints,659,1025,1171.5,M,False,3,2024-03-24,2024-03-24,False
13237,15996,174,3580,,,,,,,,3,,12.89,,,,,210,True,Sprints,414,821,824.5,M,False,3,2024-03-24,2024-03-24,False
13238,15997,174,3580,,,,,,,,4,,27.59,,,,,210,True,Sprints,317,718,676.0,M,False,3,2024-03-24,2024-03-24,False
13240,15999,175,5374,,,,,,,,6,,59.98,,,,,210,True,Sprints,368,837,786.5,M,False,3,2024-03-24,2024-03-24,False
13241,16000,175,5001,,,,,,,,6,,59.49,,,,,210,True,Sprints,388,854,815.0,M,False,3,2024-03-24,2024-03-24,False
13242,16001,175,5001,,,,,,,,4,,26.83,,,,,210,True,Sprints,380,780,770.0,M,False,3,2024-03-24,2024-03-24,False
13243,16002,175,5375,,,,,,,,6,,1:05.93,,,,,210,True,Sprints,174,650,499.0,M,False,3,2024-03-24,2024-03-24,False
13244,16003,175,5003,,,,,,,,6,,1:04.17,,,,,210,True,Sprints,224,703,575.5,M,False,3,2024-03-24,2024-03-24,False
13248,16009,188,5012,,,,,,,,4,,25.63,,,,,210,True,Sprints,493,884,935.0,M,False,3,2024-03-24,2024-03-24,False
13249,16010,188,3540,,,,,,,,3,,13.35,,,,,210,True,Sprints,326,740,696.0,M,False,3,2024-03-24,2024-03-24,False
13250,16011,188,3540,,,,,,,,4,,28.46,,,,,210,True,Sprints,251,650,576.0,M,False,3,2024-03-24,2024-03-24,False
13251,16013,188,3541,,,,,,,,3,,11.85,,,,,210,True,Sprints,650,1019,1159.5,M,False,3,2024-03-24,2024-03-24,False
13252,16014,188,3541,,,,,,,,4,,23.86,,,,,210,True,Sprints,687,1048,1211.0,M,False,3,2024-03-24,2024-03-24,False
13257,16020,188,5378,,,,,,,,3,,13.00,,,,,210,True,Sprints,392,801,792.5,M,False,3,2024-03-24,2024-03-24,False
13258,16021,188,5378,,,,,,,,4,,26.81,,,,,210,True,Sprints,382,782,773.0,M,False,3,2024-03-24,2024-03-24,False
13263,16026,188,4222,,,,,,,,4,,28.75,,,,,210,True,Sprints,230,628,544.0,M,False,3,2024-03-24,2024-03-24,False
13264,16027,188,4649,,,,,,,,4,,26.13,,,,,210,True,Sprints,445,840,865.0,M,False,3,2024-03-24,2024-03-24,False
13265,16028,188,5015,,,,,,,,6,,55.73,,,,,210,True,Sprints,552,986,1045.0,M,False,3,2024-03-24,2024-03-24,False
13271,16038,188,5018,,,,,,,,3,,13.78,,,,,210,True,Sprints,253,668,587.0,M,False,3,2024-03-24,2024-03-24,False
13275,16043,188,867,,,,,,,,6,,55.11,,,,,210,True,Sprints,582,1008,1086.0,M,False,3,2024-03-24,2024-03-24,False
13276,16044,188,867,,,,,,,,4,,25.28,,,,,210,True,Sprints,529,915,986.5,M,False,3,2024-03-24,2024-03-24,False
13280,16048,204,3601,,,,,,,,3,,12.42,,,,,210,True,Sprints,514,908,968.0,M,False,3,2024-03-24,2024-03-24,False
13282,16052,204,964,,,,,,,,6,,1:00.72,,,,,210,True,Sprints,340,813,746.5,M,False,3,2024-03-24,2024-03-24,False
13285,16055,204,3605,,,,,,,,3,,12.89,,,,,210,True,Sprints,414,821,824.5,M,False,3,2024-03-24,2024-03-24,False
13287,16057,205,3554,,,,,,,,3,,11.85,,,,,210,True,Sprints,650,1019,1159.5,M,False,3,2024-03-24,2024-03-24,False
13288,16058,205,3554,,,,,,,,4,,24.07,,,,,210,True,Sprints,662,1028,1176.0,M,False,3,2024-03-24,2024-03-24,False
13292,16064,205,4486,,,,,,,,3,,13.31,,,,,210,True,Sprints,333,747,706.5,M,False,3,2024-03-24,2024-03-24,False
13293,16065,205,4487,,,,,,,,3,,13.26,,,,,210,True,Sprints,342,756,720.0,M,False,3,2024-03-24,2024-03-24,False
13295,16067,206,4477,,,,,,,,3,,12.09,,,,,210,True,Sprints,591,972,1077.0,M,False,3,2024-03-24,2024-03-24,False
13296,16068,206,4477,,,,,,,,6,,52.65,,,,,210,True,Sprints,708,1101,1258.5,M,False,3,2024-03-24,2024-03-24,False
13297,16069,206,4477,,,,,,,,4,,25.61,,,,,210,True,Sprints,495,886,938.0,M,False,3,2024-03-24,2024-03-24,False
13315,16051,204,930,,,,,,,,4,,27.47,,,,,210,True,Sprints,326,728,690.0,M,False,3,2024-03-24,2024-03-24,False
13317,16062,205,4485,,,,,,,,3,,12.72,,,,,210,True,Sprints,449,852,875.0,M,False,3,2024-03-24,2024-03-24,False
13319,16016,188,966,,,,,,,,6,,1:01.79,,,,,210,True,Sprints,302,778,691.0,M,False,3,2024-03-24,2024-03-24,False
13325,15990,171,1260,,,,,,,,4,,27.55,,,,,210,True,Sprints,320,721,680.5,M,False,3,2024-03-24,2024-03-24,False
13461,16227,159,5405,,,,,,,,6,,51.97,,,,,214,True,Sprints,745,1127,1308.5,M,False,3,2024-03-30,2024-03-30,False
13462,16228,164,5397,,,,,,,,6,,53.28,,,,,214,True,Sprints,674,1077,1212.5,M,False,3,2024-03-30,2024-03-30,False
13463,16229,159,4358,,,,,,,,6,,53.87,,,,,214,True,Sprints,644,1055,1171.5,M,False,3,2024-03-30,2024-03-30,False
13464,16230,164,5316,,,,,,,,6,,55.32,,,,,214,True,Sprints,572,1001,1072.5,M,False,3,2024-03-30,2024-03-30,False
13465,16231,159,4364,,,,,,,,6,,55.64,,,,,214,True,Sprints,556,989,1050.5,M,False,3,2024-03-30,2024-03-30,False
13466,16232,160,4722,,,,,,,,6,,56.82,,,,,214,True,Sprints,501,947,974.5,M,False,3,2024-03-30,2024-03-30,False
13467,16233,166,4728,,,,,,,,6,,57.21,,,,,214,True,Sprints,484,933,950.5,M,False,3,2024-03-30,2024-03-30,False
13468,16234,159,5414,,,,,,,,6,,57.40,,,,,214,True,Sprints,475,926,938.0,M,False,3,2024-03-30,2024-03-30,False
13469,16235,159,5407,,,,,,,,6,,58.09,,,,,214,True,Sprints,445,902,896.0,M,False,3,2024-03-30,2024-03-30,False
13470,16236,160,2445,,,,,,,,6,,58.48,,,,,214,True,Sprints,429,888,873.0,M,False,3,2024-03-30,2024-03-30,False
13471,16237,139,4706,,,,,,,,6,,59.45,,,,,214,True,Sprints,389,855,816.5,M,False,3,2024-03-30,2024-03-30,False
13472,16238,159,4714,,,,,,,,6,,1:02.06,,,,,214,True,Sprints,292,769,676.5,M,False,3,2024-03-30,2024-03-30,False
13473,16239,137,5408,,,,,,,,6,,1:04.16,,,,,214,True,Sprints,224,703,575.5,M,False,3,2024-03-30,2024-03-30,False
13474,16240,139,4348,,,,,,,,6,,1:04.17,,,,,214,True,Sprints,224,703,575.5,M,False,3,2024-03-30,2024-03-30,False
13475,16241,164,4122,,,,,,,,3,,11.39,,,,,214,True,Sprints,772,1114,1329.0,M,False,3,2024-03-30,2024-03-30,False
13476,16242,164,4124,,,,,,,,3,,11.43,,,,,214,True,Sprints,761,1106,1314.0,M,False,3,2024-03-30,2024-03-30,False
13477,16243,159,5404,,,,,,,,3,,11.75,,,,,214,True,Sprints,676,1040,1196.0,M,False,3,2024-03-30,2024-03-30,False
13478,16244,164,5415,,,,,,,,3,,12.01,,,,,214,True,Sprints,610,988,1104.0,M,False,3,2024-03-30,2024-03-30,False
13479,16245,159,5406,,,,,,,,3,,12.08,,,,,214,True,Sprints,593,974,1080.0,M,False,3,2024-03-30,2024-03-30,False
13480,16246,132,5317,,,,,,,,3,,12.08,,,,,214,True,Sprints,593,974,1080.0,M,False,3,2024-03-30,2024-03-30,False
13481,16247,164,5416,,,,,,,,3,,12.09,,,,,214,True,Sprints,591,972,1077.0,M,False,3,2024-03-30,2024-03-30,False
13482,16248,164,4120,,,,,,,,3,,12.69,,,,,214,True,Sprints,455,857,883.5,M,False,3,2024-03-30,2024-03-30,False
13483,16249,130,5417,,,,,,,,3,,12.84,,,,,214,True,Sprints,424,830,839.0,M,False,3,2024-03-30,2024-03-30,False
13484,16250,132,5418,,,,,,,,3,,16.02,,,,,214,True,Sprints,23,353,199.5,M,False,3,2024-03-30,2024-03-30,False
13520,16291,96,5421,,,,,,,,6,,59.33,,,,,215,True,Sprints,394,859,823.5,M,False,3,2024-03-30,2024-03-30,False
13536,16302,108,3983,,,,,,,,3,,11.15,,,,,215,True,Sprints,840,1165,1422.5,M,False,3,2024-03-30,2024-03-30,False
13537,16303,108,5422,,,,,,,,3,,10.87,,,,,215,True,Sprints,922,1226,1535.0,M,False,3,2024-03-30,2024-03-30,False
13538,16304,108,3642,,,,,,,,3,,11.10,,,,,215,True,Sprints,854,1176,1442.0,M,False,3,2024-03-30,2024-03-30,False
13539,16305,108,3983,,,,,,,,4,,22.41,,,,,215,True,Sprints,869,1194,1466.0,M,False,3,2024-03-30,2024-03-30,False
13540,16306,108,5422,,,,,,,,4,,21.56,,,,,215,True,Sprints,985,1283,1626.5,M,False,3,2024-03-30,2024-03-30,False
13541,16307,108,3642,,,,,,,,4,,22.01,,,,,215,True,Sprints,923,1236,1541.0,M,False,3,2024-03-30,2024-03-30,False
13560,16328,56,3808,,,,,,,,3,,11.51,,,,,216,True,Sprints,739,1089,1283.5,M,False,3,2024-03-30,2024-03-30,False
13561,16329,56,3567,,,,,,,,3,,11.85,,,,,216,True,Sprints,650,1019,1159.5,M,False,3,2024-03-30,2024-03-30,False
13562,16330,56,3801,,,,,,,,3,,12.20,,,,,216,True,Sprints,565,950,1040.0,M,False,3,2024-03-30,2024-03-30,False
13563,16331,56,4456,,,,,,,,3,,12.26,,,,,216,True,Sprints,551,939,1020.5,M,False,3,2024-03-30,2024-03-30,False
13564,16332,56,3576,,,,,,,,4,,23.47,,,,,216,True,Sprints,733,1087,1276.5,M,False,3,2024-03-30,2024-03-30,False
13565,16333,56,3567,,,,,,,,4,,24.09,,,,,216,True,Sprints,660,1026,1173.0,M,False,3,2024-03-30,2024-03-30,False
13566,16334,56,4461,,,,,,,,4,,24.74,,,,,216,True,Sprints,587,965,1069.5,M,False,3,2024-03-30,2024-03-30,False
13567,16335,56,3577,,,,,,,,4,,25.00,,,,,216,True,Sprints,559,941,1029.5,M,False,3,2024-03-30,2024-03-30,False
13568,16336,56,128,,,,,,,,6,,50.28,,,,,216,True,Sprints,841,1194,1438.0,M,False,3,2024-03-30,2024-03-30,False
13569,16338,56,3801,,,,,,,,6,,52.64,,,,,216,True,Sprints,708,1101,1258.5,M,False,3,2024-03-30,2024-03-30,False
13570,16339,56,152,,,,,,,,6,,52.99,,,,,216,True,Sprints,690,1088,1234.0,M,False,3,2024-03-30,2024-03-30,False
13571,16340,56,4460,,,,,,,,6,,53.96,,,,,216,True,Sprints,639,1051,1164.5,M,False,3,2024-03-30,2024-03-30,False
13572,16341,56,3806,,,,,,,,6,,1:12.39,,,,,216,True,Sprints,44,473,280.5,M,False,3,2024-03-30,2024-03-30,False
13585,16337,56,4112,,,,,,,,6,,51.30,,,,,216,True,Sprints,782,1153,1358.5,M,False,3,2024-03-30,2024-03-30,False
13618,16391,85,5443,,,,,,,,3,,11.17,,,,,217,True,Sprints,834,1161,1414.5,M,False,3,2024-03-30,2024-03-30,False
13619,16392,85,5444,,,,,,,,3,,11.40,,,,,217,True,Sprints,769,1112,1325.0,M,False,3,2024-03-30,2024-03-30,False
13620,16393,85,5445,,,,,,,,3,,11.75,,,,,217,True,Sprints,676,1040,1196.0,M,False,3,2024-03-30,2024-03-30,False
13621,16394,85,5446,,,,,,,,3,,11.78,,,,,217,True,Sprints,668,1034,1185.0,M,False,3,2024-03-30,2024-03-30,False
13622,16395,211,5447,,,,,,,,3,,12.21,,,,,217,True,Sprints,562,948,1036.0,M,False,3,2024-03-30,2024-03-30,False
13623,16396,86,2620,,,,,,,,3,,13.39,,,,,217,True,Sprints,319,733,685.5,M,False,3,2024-03-30,2024-03-30,False
13624,16397,211,5448,,,,,,,,3,,12.97,,,,,217,True,Sprints,398,807,801.5,M,False,3,2024-03-30,2024-03-30,False
13625,16398,85,5443,,,,,,,,4,,23.25,,,,,217,True,Sprints,761,1108,1315.0,M,False,3,2024-03-30,2024-03-30,False
13626,16399,85,5444,,,,,,,,4,,23.63,,,,,217,True,Sprints,714,1071,1249.5,M,False,3,2024-03-30,2024-03-30,False
13627,16400,85,5446,,,,,,,,4,,24.39,,,,,217,True,Sprints,625,998,1124.0,M,False,3,2024-03-30,2024-03-30,False
13628,16401,211,5447,,,,,,,,4,,25.03,,,,,217,True,Sprints,555,938,1024.0,M,False,3,2024-03-30,2024-03-30,False
13629,16402,85,5449,,,,,,,,4,,25.83,,,,,217,True,Sprints,474,866,907.0,M,False,3,2024-03-30,2024-03-30,False
13634,16403,212,5450,,,,,,,,4,,28.18,,,,,217,True,Sprints,271,671,606.5,M,False,3,2024-03-30,2024-03-30,False
13635,16404,211,5451,,,,,,,,4,,25.88,,,,,217,True,Sprints,469,862,900.0,M,False,3,2024-03-30,2024-03-30,False
13636,16405,86,2620,,,,,,,,4,,27.92,,,,,217,True,Sprints,291,692,637.0,M,False,3,2024-03-30,2024-03-30,False
13637,16406,86,2569,,,,,,,,6,,55.04,,,,,217,True,Sprints,585,1011,1090.5,M,False,3,2024-03-30,2024-03-30,False
13638,16407,86,3012,,,,,,,,6,,58.86,,,,,217,True,Sprints,413,875,850.5,M,False,3,2024-03-30,2024-03-30,False
13639,16408,212,5450,,,,,,,,6,,1:00.23,,,,,217,True,Sprints,359,829,773.5,M,False,3,2024-03-30,2024-03-30,False
13640,16409,86,1609,,,,,,,,6,,1:03.85,,,,,217,True,Sprints,234,713,590.5,M,False,3,2024-03-30,2024-03-30,False
13641,16410,86,1612,,,,,,,,6,,1:06.08,,,,,217,True,Sprints,170,645,492.5,M,False,3,2024-03-30,2024-03-30,False
13642,16411,211,5448,,,,,,,,6,,56.79,,,,,217,True,Sprints,503,948,977.0,M,False,3,2024-03-30,2024-03-30,False
13643,16412,211,5451,,,,,,,,6,,57.24,,,,,217,True,Sprints,482,932,948.0,M,False,3,2024-03-30,2024-03-30,False
13644,16413,86,1558,,,,,,,,6,,59.61,,,,,217,True,Sprints,383,850,808.0,M,False,3,2024-03-30,2024-03-30,False
13724,16515,146,3719,,,,,,,,3,,11.07,,,,,218,True,Sprints,863,1182,1454.0,M,False,3,2024-03-30,2024-03-30,False
13725,16516,146,3698,,,,,,,,3,,11.13,,,,,218,True,Sprints,845,1169,1429.5,M,False,3,2024-03-30,2024-03-30,False
13726,16517,146,4393,,,,,,,,3,,11.25,,,,,218,True,Sprints,811,1144,1383.0,M,False,3,2024-03-30,2024-03-30,False
13727,16518,146,3689,,,,,,,,3,,11.31,,,,,218,True,Sprints,794,1131,1359.5,M,False,3,2024-03-30,2024-03-30,False
13728,16519,146,3701,,,,,,,,3,,11.36,,,,,218,True,Sprints,780,1120,1340.0,M,False,3,2024-03-30,2024-03-30,False
13729,16520,146,3734,,,,,,,,3,,11.52,,,,,218,True,Sprints,736,1087,1279.5,M,False,3,2024-03-30,2024-03-30,False
13730,16521,146,3723,,,,,,,,4,,22.25,,,,,218,True,Sprints,890,1210,1495.0,M,False,3,2024-03-30,2024-03-30,False
13731,16522,146,3719,,,,,,,,4,,22.41,,,,,218,True,Sprints,869,1194,1466.0,M,False,3,2024-03-30,2024-03-30,False
13732,16523,146,4393,,,,,,,,4,,22.77,,,,,218,True,Sprints,821,1157,1399.5,M,False,3,2024-03-30,2024-03-30,False
13733,16524,146,3701,,,,,,,,4,,22.79,,,,,218,True,Sprints,819,1155,1396.5,M,False,3,2024-03-30,2024-03-30,False
13734,16525,146,3698,,,,,,,,4,,23.01,,,,,218,True,Sprints,791,1132,1357.0,M,False,3,2024-03-30,2024-03-30,False
13735,16526,146,3734,,,,,,,,4,,23.21,,,,,218,True,Sprints,766,1112,1322.0,M,False,3,2024-03-30,2024-03-30,False
13736,16527,146,3723,,,,,,,,6,,49.76,,,,,218,True,Sprints,872,1215,1479.5,M,False,3,2024-03-30,2024-03-30,False
13737,16528,146,3691,,,,,,,,6,,53.89,,,,,218,True,Sprints,643,1054,1170.0,M,False,3,2024-03-30,2024-03-30,False
13738,16529,146,3705,,,,,,,,6,,55.76,,,,,218,True,Sprints,550,985,1042.5,M,False,3,2024-03-30,2024-03-30,False
13788,16585,199,5030,,,,,,,,3,,12.28,,,,,220,True,Sprints,546,935,1013.5,M,False,3,2024-03-30,2024-03-30,False
13789,16586,199,5028,,,,,,,,3,,12.41,,,,,220,True,Sprints,516,910,971.0,M,False,3,2024-03-30,2024-03-30,False
13817,16616,116,3951,,,,,,,,3,,10.64,,,,,221,True,Sprints,993,1277,1631.5,M,False,3,2024-03-30,2024-03-30,False
13818,16617,116,3944,,,,,,,,3,,11.11,,,,,221,True,Sprints,851,1174,1438.0,M,False,3,2024-03-30,2024-03-30,False
13819,16618,116,3952,,,,,,,,3,,12.34,,,,,221,True,Sprints,532,923,993.5,M,False,3,2024-03-30,2024-03-30,False
13820,16619,116,3951,,,,,,,,4,,21.98,,,,,221,True,Sprints,927,1239,1546.5,M,False,3,2024-03-30,2024-03-30,False
13821,16620,116,3944,,,,,,,,4,,22.94,,,,,221,True,Sprints,800,1140,1370.0,M,False,3,2024-03-30,2024-03-30,False
13822,16621,116,3946,,,,,,,,4,,23.34,,,,,221,True,Sprints,749,1099,1298.5,M,False,3,2024-03-30,2024-03-30,False
13823,16622,116,3942,,,,,,,,4,,24.68,,,,,221,True,Sprints,593,970,1078.0,M,False,3,2024-03-30,2024-03-30,False
13824,16623,116,2057,,,,,,,,6,,51.49,,,,,221,True,Sprints,772,1146,1345.0,M,False,3,2024-03-30,2024-03-30,False
13825,16624,116,3946,,,,,,,,6,,51.58,,,,,221,True,Sprints,767,1142,1338.0,M,False,3,2024-03-30,2024-03-30,False
13826,16625,116,3942,,,,,,,,6,,1:00.72,,,,,221,True,Sprints,340,813,746.5,M,False,3,2024-03-30,2024-03-30,False
13849,16648,203,4405,,,,,,,,3,,10.97,,,,,222,True,Sprints,892,1204,1494.0,M,False,3,2024-03-30,2024-03-30,False
13850,16649,203,4413,,,,,,,,3,,11.31,,,,,222,True,Sprints,794,1131,1359.5,M,False,3,2024-03-30,2024-03-30,False
13851,16650,203,4414,,,,,,,,6,,52.11,,,,,222,True,Sprints,737,1122,1298.0,M,False,3,2024-03-30,2024-03-30,False
13907,16708,124,3843,,,,,,,,3,,10.88,,,,,223,True,Sprints,919,1224,1531.0,M,False,3,2024-03-30,2024-03-30,False
13908,16710,124,5498,,,,,,,,3,,13.41,,,,,223,True,Sprints,315,730,680.0,M,False,3,2024-03-30,2024-03-30,False
13909,16711,124,3846,,,,,,,,4,,21.83,,,,,223,True,Sprints,947,1255,1574.5,M,False,3,2024-03-30,2024-03-30,False
13910,16712,124,3843,,,,,,,,4,,22.06,,,,,223,True,Sprints,916,1230,1531.0,M,False,3,2024-03-30,2024-03-30,False
13911,16713,124,3871,,,,,,,,4,,22.70,,,,,223,True,Sprints,831,1164,1413.0,M,False,3,2024-03-30,2024-03-30,False
13912,16715,124,3838,,,,,,,,4,,24.42,,,,,223,True,Sprints,622,995,1119.5,M,False,3,2024-03-30,2024-03-30,False
13913,16716,124,2883,,,,,,,,4,,24.49,,,,,223,True,Sprints,614,988,1108.0,M,False,3,2024-03-30,2024-03-30,False
13914,16717,124,2858,,,,,,,,4,,24.56,,,,,223,True,Sprints,606,982,1097.0,M,False,3,2024-03-30,2024-03-30,False
13915,16718,124,3841,,,,,,,,4,,33.36,,,,,223,True,Sprints,23,329,187.5,M,False,3,2024-03-30,2024-03-30,False
13916,16719,124,3841,,,,,,,,6,,51.82,,,,,223,True,Sprints,753,1133,1319.5,M,False,3,2024-03-30,2024-03-30,False
13918,16720,124,5499,,,,,,,,6,,54.22,,,,,223,True,Sprints,626,1041,1146.5,M,False,3,2024-03-30,2024-03-30,False
13919,16721,124,3838,,,,,,,,6,,55.85,,,,,223,True,Sprints,546,981,1036.5,M,False,3,2024-03-30,2024-03-30,False
13920,16722,124,2883,,,,,,,,6,,55.86,,,,,223,True,Sprints,546,981,1036.5,M,False,3,2024-03-30,2024-03-30,False
13952,16760,120,344,,,,,,,,6,,1:00.31,,,,,223,True,Sprints,356,826,769.0,M,False,3,2024-03-30,2024-03-30,False
13953,16761,120,4010,,,,,,,,6,,1:06.17,,,,,223,True,Sprints,167,643,488.5,M,False,3,2024-03-30,2024-03-30,False
13979,16789,108,3642,,,,,,,,3,,11.15,,,,,225,True,Sprints,840,1165,1422.5,M,False,3,2024-04-06,2024-04-06,False
13980,16790,108,3983,,,,,,,,3,,11.29,,,,,225,True,Sprints,800,1135,1367.5,M,False,3,2024-04-06,2024-04-06,False
13981,16791,108,3983,,,,,,,,4,,23.00,,,,,225,True,Sprints,792,1134,1359.0,M,False,3,2024-04-06,2024-04-06,False
13994,16805,60,3393,,,,,,,,6,,53.73,,,,,226,True,Sprints,651,1060,1181.0,M,False,3,2024-04-06,2024-04-06,False
14678,17534,56,3578,,,,,,,,3,Prelims,10.89,,,,,227,True,Sprints,916,1222,1527.0,M,False,3,2024-04-06,2024-04-07,True
14679,17535,167,5238,,,,,,,,3,Prelims,11.08,,,,,227,True,Sprints,860,1180,1450.0,M,False,3,2024-04-06,2024-04-07,True
14680,17536,116,3944,,,,,,,,3,Prelims,10.95,,,,,227,True,Sprints,898,1209,1502.5,M,False,3,2024-04-06,2024-04-07,True
14681,17537,124,3843,,,,,,,,3,Prelims,11.20,,,,,227,True,Sprints,825,1154,1402.0,M,False,3,2024-04-06,2024-04-07,True
14682,17538,56,3809,,,,,,,,3,Prelims,11.20,,,,,227,True,Sprints,825,1154,1402.0,M,False,3,2024-04-06,2024-04-07,True
14683,17539,167,5246,,,,,,,,3,Prelims,11.22,,,,,227,True,Sprints,820,1150,1395.0,M,False,3,2024-04-06,2024-04-07,True
14684,17540,203,4405,,,,,,,,3,Prelims,11.15,,,,,227,True,Sprints,840,1165,1422.5,M,False,3,2024-04-06,2024-04-07,True
14685,17541,166,4727,,,,,,,,3,Prelims,11.20,,,,,227,True,Sprints,825,1154,1402.0,M,False,3,2024-04-06,2024-04-07,True
14686,17543,146,3719,,,,,,,,3,Prelims,11.25,,,,,227,True,Sprints,811,1144,1383.0,M,False,3,2024-04-06,2024-04-07,True
14687,17544,17,4206,,,,,,,,3,Prelims,11.25,,,,,227,True,Sprints,811,1144,1383.0,M,False,3,2024-04-06,2024-04-07,True
14688,17545,167,5243,,,,,,,,3,Prelims,11.28,,,,,227,True,Sprints,803,1137,1371.5,M,False,3,2024-04-06,2024-04-07,True
14689,17546,188,3541,,,,,,,,3,Prelims,11.28,,,,,227,True,Sprints,803,1137,1371.5,M,False,3,2024-04-06,2024-04-07,True
14690,17549,202,3513,,,,,,,,3,Prelims,11.35,,,,,227,True,Sprints,783,1123,1344.5,M,False,3,2024-04-06,2024-04-07,True
14691,17542,124,3871,,,,,,,,3,Prelims,11.22,,,,,227,True,Sprints,820,1150,1395.0,M,False,3,2024-04-06,2024-04-07,True
14694,17547,167,5217,,,,,,,,3,Prelims,11.28,,,,,227,True,Sprints,803,1137,1371.5,M,False,3,2024-04-06,2024-04-07,True
14699,17550,117,3996,,,,,,,,3,Prelims,11.35,,,,,227,True,Sprints,783,1123,1344.5,M,False,3,2024-04-06,2024-04-07,True
14700,17551,146,3723,,,,,,,,3,Prelims,11.36,,,,,227,True,Sprints,780,1120,1340.0,M,False,3,2024-04-06,2024-04-07,True
14701,17553,146,4393,,,,,,,,3,Prelims,11.40,,,,,227,True,Sprints,769,1112,1325.0,M,False,3,2024-04-06,2024-04-07,True
14702,17554,166,3590,,,,,,,,3,Prelims,11.41,,,,,227,True,Sprints,766,1110,1321.0,M,False,3,2024-04-06,2024-04-07,True
14703,17555,164,4122,,,,,,,,3,Prelims,11.41,,,,,227,True,Sprints,766,1110,1321.0,M,False,3,2024-04-06,2024-04-07,True
14704,17556,56,4462,,,,,,,,3,Prelims,11.44,,,,,227,True,Sprints,758,1104,1310.0,M,False,3,2024-04-06,2024-04-07,True
14705,17557,146,3690,,,,,,,,3,Prelims,11.47,,,,,227,True,Sprints,750,1097,1298.5,M,False,3,2024-04-06,2024-04-07,True
14706,17558,56,3808,,,,,,,,3,Prelims,11.48,,,,,227,True,Sprints,747,1095,1294.5,M,False,3,2024-04-06,2024-04-07,True
14707,17559,167,5218,,,,,,,,3,Prelims,11.48,,,,,227,True,Sprints,747,1095,1294.5,M,False,3,2024-04-06,2024-04-07,True
14708,17560,61,2289,,,,,,,,3,Prelims,11.53,,,,,227,True,Sprints,734,1085,1276.5,M,False,3,2024-04-06,2024-04-07,True
14709,17561,56,5543,,,,,,,,3,Prelims,11.53,,,,,227,True,Sprints,734,1085,1276.5,M,False,3,2024-04-06,2024-04-07,True
14710,17562,167,5234,,,,,,,,3,Prelims,11.58,,,,,227,True,Sprints,720,1075,1257.5,M,False,3,2024-04-06,2024-04-07,True
14711,17563,159,4375,,,,,,,,3,Prelims,11.60,,,,,227,True,Sprints,715,1070,1250.0,M,False,3,2024-04-06,2024-04-07,True
14712,17564,169,4451,,,,,,,,3,Prelims,11.61,,,,,227,True,Sprints,712,1068,1246.0,M,False,3,2024-04-06,2024-04-07,True
14713,17565,203,4413,,,,,,,,3,Prelims,11.66,,,,,227,True,Sprints,699,1058,1228.0,M,False,3,2024-04-06,2024-04-07,True
14714,17566,116,3946,,,,,,,,3,Prelims,11.68,,,,,227,True,Sprints,694,1054,1221.0,M,False,3,2024-04-06,2024-04-07,True
14715,17567,95,5544,,,,,,,,3,Prelims,11.68,,,,,227,True,Sprints,694,1054,1221.0,M,False,3,2024-04-06,2024-04-07,True
14716,17568,158,3680,,,,,,,,3,Prelims,11.69,,,,,227,True,Sprints,691,1052,1217.0,M,False,3,2024-04-06,2024-04-07,True
14717,17569,203,4426,,,,,,,,3,Prelims,11.71,,,,,227,True,Sprints,686,1048,1210.0,M,False,3,2024-04-06,2024-04-07,True
14718,17570,124,3836,,,,,,,,3,Prelims,11.71,,,,,227,True,Sprints,686,1048,1210.0,M,False,3,2024-04-06,2024-04-07,True
14719,17571,146,3701,,,,,,,,3,Prelims,11.72,,,,,227,True,Sprints,684,1046,1207.0,M,False,3,2024-04-06,2024-04-07,True
14720,17572,188,3549,,,,,,,,3,Prelims,11.73,,,,,227,True,Sprints,681,1044,1203.0,M,False,3,2024-04-06,2024-04-07,True
14721,17573,56,3570,,,,,,,,3,Prelims,11.76,,,,,227,True,Sprints,673,1038,1192.0,M,False,3,2024-04-06,2024-04-07,True
14722,17574,203,4404,,,,,,,,3,Prelims,11.76,,,,,227,True,Sprints,673,1038,1192.0,M,False,3,2024-04-06,2024-04-07,True
14723,17575,146,3734,,,,,,,,3,Prelims,11.77,,,,,227,True,Sprints,671,1036,1189.0,M,False,3,2024-04-06,2024-04-07,True
14724,17578,167,5252,,,,,,,,3,Prelims,11.81,,,,,227,True,Sprints,660,1028,1174.0,M,False,3,2024-04-06,2024-04-07,True
14725,17577,146,3696,,,,,,,,3,Prelims,11.79,,,,,227,True,Sprints,665,1032,1181.0,M,False,3,2024-04-06,2024-04-07,True
14726,17579,61,4626,,,,,,,,3,Prelims,11.81,,,,,227,True,Sprints,660,1028,1174.0,M,False,3,2024-04-06,2024-04-07,True
14727,17580,146,3689,,,,,,,,3,Prelims,11.81,,,,,227,True,Sprints,660,1028,1174.0,M,False,3,2024-04-06,2024-04-07,True
14728,17581,139,4346,,,,,,,,3,Prelims,11.82,,,,,227,True,Sprints,658,1026,1171.0,M,False,3,2024-04-06,2024-04-07,True
14729,17582,203,5547,,,,,,,,3,Prelims,11.83,,,,,227,True,Sprints,655,1023,1166.5,M,False,3,2024-04-06,2024-04-07,True
14730,17583,146,4149,,,,,,,,3,Prelims,11.84,,,,,227,True,Sprints,653,1021,1163.5,M,False,3,2024-04-06,2024-04-07,True
14731,17584,95,5548,,,,,,,,3,Prelims,11.84,,,,,227,True,Sprints,653,1021,1163.5,M,False,3,2024-04-06,2024-04-07,True
14732,17586,146,4384,,,,,,,,3,Prelims,11.86,,,,,227,True,Sprints,648,1017,1156.5,M,False,3,2024-04-06,2024-04-07,True
14733,17587,159,5550,,,,,,,,3,Prelims,11.87,,,,,227,True,Sprints,645,1015,1152.5,M,False,3,2024-04-06,2024-04-07,True
14734,17588,17,4204,,,,,,,,3,Prelims,11.88,,,,,227,True,Sprints,643,1013,1149.5,M,False,3,2024-04-06,2024-04-07,True
14735,17589,158,3682,,,,,,,,3,Prelims,11.88,,,,,227,True,Sprints,643,1013,1149.5,M,False,3,2024-04-06,2024-04-07,True
14736,17590,188,3854,,,,,,,,3,Prelims,11.94,,,,,227,True,Sprints,628,1001,1128.5,M,False,3,2024-04-06,2024-04-07,True
14737,17591,202,5551,,,,,,,,3,Prelims,11.94,,,,,227,True,Sprints,628,1001,1128.5,M,False,3,2024-04-06,2024-04-07,True
14738,17592,146,3708,,,,,,,,3,Prelims,11.94,,,,,227,True,Sprints,628,1001,1128.5,M,False,3,2024-04-06,2024-04-07,True
14739,17593,146,3728,,,,,,,,3,Prelims,11.95,,,,,227,True,Sprints,625,999,1124.5,M,False,3,2024-04-06,2024-04-07,True
14740,17594,202,5552,,,,,,,,3,Prelims,12.00,,,,,227,True,Sprints,613,990,1108.0,M,False,3,2024-04-06,2024-04-07,True
14741,17595,1,3987,,,,,,,,3,Prelims,12.00,,,,,227,True,Sprints,613,990,1108.0,M,False,3,2024-04-06,2024-04-07,True
14742,17596,56,3801,,,,,,,,3,Prelims,12.02,,,,,227,True,Sprints,608,986,1101.0,M,False,3,2024-04-06,2024-04-07,True
14743,17597,167,5225,,,,,,,,3,Prelims,12.02,,,,,227,True,Sprints,608,986,1101.0,M,False,3,2024-04-06,2024-04-07,True
14744,17598,159,5270,,,,,,,,3,Prelims,12.05,,,,,227,True,Sprints,601,980,1091.0,M,False,3,2024-04-06,2024-04-07,True
14745,17599,124,3830,,,,,,,,3,Prelims,12.05,,,,,227,True,Sprints,601,980,1091.0,M,False,3,2024-04-06,2024-04-07,True
14746,17600,146,4386,,,,,,,,3,Prelims,12.09,,,,,227,True,Sprints,591,972,1077.0,M,False,3,2024-04-06,2024-04-07,True
14747,17601,146,3705,,,,,,,,3,Prelims,12.09,,,,,227,True,Sprints,591,972,1077.0,M,False,3,2024-04-06,2024-04-07,True
14748,17602,159,5406,,,,,,,,3,Prelims,12.11,,,,,227,True,Sprints,586,968,1070.0,M,False,3,2024-04-06,2024-04-07,True
14749,17603,146,3721,,,,,,,,3,Prelims,12.12,,,,,227,True,Sprints,584,966,1067.0,M,False,3,2024-04-06,2024-04-07,True
14750,17604,146,3687,,,,,,,,3,Prelims,12.12,,,,,227,True,Sprints,584,966,1067.0,M,False,3,2024-04-06,2024-04-07,True
14751,17605,202,5553,,,,,,,,3,Prelims,12.13,,,,,227,True,Sprints,581,964,1063.0,M,False,3,2024-04-06,2024-04-07,True
14752,17606,56,3576,,,,,,,,3,Prelims,12.15,,,,,227,True,Sprints,576,960,1056.0,M,False,3,2024-04-06,2024-04-07,True
14753,17607,146,3730,,,,,,,,3,Prelims,12.18,,,,,227,True,Sprints,569,954,1046.0,M,False,3,2024-04-06,2024-04-07,True
14754,17608,73,5256,,,,,,,,3,Prelims,12.20,,,,,227,True,Sprints,565,950,1040.0,M,False,3,2024-04-06,2024-04-07,True
14755,17609,146,1216,,,,,,,,3,Prelims,12.26,,,,,227,True,Sprints,551,939,1020.5,M,False,3,2024-04-06,2024-04-07,True
14756,17610,167,5221,,,,,,,,3,Prelims,12.27,,,,,227,True,Sprints,548,937,1016.5,M,False,3,2024-04-06,2024-04-07,True
14757,17611,199,5030,,,,,,,,3,Prelims,12.34,,,,,227,True,Sprints,532,923,993.5,M,False,3,2024-04-06,2024-04-07,True
14758,17612,203,4424,,,,,,,,3,Prelims,12.37,,,,,227,True,Sprints,525,918,984.0,M,False,3,2024-04-06,2024-04-07,True
14759,17613,146,3725,,,,,,,,3,Prelims,12.38,,,,,227,True,Sprints,523,916,981.0,M,False,3,2024-04-06,2024-04-07,True
14760,17614,146,3720,,,,,,,,3,Prelims,12.39,,,,,227,True,Sprints,521,914,978.0,M,False,3,2024-04-06,2024-04-07,True
14761,17615,203,4415,,,,,,,,3,Prelims,12.41,,,,,227,True,Sprints,516,910,971.0,M,False,3,2024-04-06,2024-04-07,True
14762,17616,146,4380,,,,,,,,3,Prelims,12.41,,,,,227,True,Sprints,516,910,971.0,M,False,3,2024-04-06,2024-04-07,True
14763,17617,56,4463,,,,,,,,3,Prelims,12.44,,,,,227,True,Sprints,509,904,961.0,M,False,3,2024-04-06,2024-04-07,True
14764,17618,158,2466,,,,,,,,3,Prelims,12.44,,,,,227,True,Sprints,509,904,961.0,M,False,3,2024-04-06,2024-04-07,True
14765,17619,146,3685,,,,,,,,3,Prelims,12.45,,,,,227,True,Sprints,507,902,958.0,M,False,3,2024-04-06,2024-04-07,True
14766,17620,167,5240,,,,,,,,3,Prelims,12.47,,,,,227,True,Sprints,503,899,952.5,M,False,3,2024-04-06,2024-04-07,True
14767,17621,202,5554,,,,,,,,3,Prelims,12.51,,,,,227,True,Sprints,494,891,939.5,M,False,3,2024-04-06,2024-04-07,True
14768,17622,56,3577,,,,,,,,3,Prelims,12.52,,,,,227,True,Sprints,492,889,936.5,M,False,3,2024-04-06,2024-04-07,True
14769,17623,158,4691,,,,,,,,3,Prelims,12.57,,,,,227,True,Sprints,481,880,921.0,M,False,3,2024-04-06,2024-04-07,True
14770,17624,167,4437,,,,,,,,3,Prelims,12.58,,,,,227,True,Sprints,479,878,918.0,M,False,3,2024-04-06,2024-04-07,True
14771,17625,146,4148,,,,,,,,3,Prelims,12.60,,,,,227,True,Sprints,474,874,911.0,M,False,3,2024-04-06,2024-04-07,True
14772,17626,167,5284,,,,,,,,3,Prelims,12.60,,,,,227,True,Sprints,474,874,911.0,M,False,3,2024-04-06,2024-04-07,True
14773,17627,202,3514,,,,,,,,3,Prelims,12.62,,,,,227,True,Sprints,470,870,905.0,M,False,3,2024-04-06,2024-04-07,True
14774,17628,124,2858,,,,,,,,3,Prelims,12.62,,,,,227,True,Sprints,470,870,905.0,M,False,3,2024-04-06,2024-04-07,True
14775,17629,95,5555,,,,,,,,3,Prelims,12.64,,,,,227,True,Sprints,466,867,899.5,M,False,3,2024-04-06,2024-04-07,True
14776,17630,199,1890,,,,,,,,3,Prelims,12.65,,,,,227,True,Sprints,463,865,895.5,M,False,3,2024-04-06,2024-04-07,True
14777,17631,159,4373,,,,,,,,3,Prelims,12.70,,,,,227,True,Sprints,453,856,881.0,M,False,3,2024-04-06,2024-04-07,True
14778,17632,203,4421,,,,,,,,3,Prelims,12.72,,,,,227,True,Sprints,449,852,875.0,M,False,3,2024-04-06,2024-04-07,True
14779,17633,61,4045,,,,,,,,3,Prelims,12.73,,,,,227,True,Sprints,446,850,871.0,M,False,3,2024-04-06,2024-04-07,True
14780,17634,203,4427,,,,,,,,3,Prelims,12.77,,,,,227,True,Sprints,438,843,859.5,M,False,3,2024-04-06,2024-04-07,True
14781,17635,164,4120,,,,,,,,3,Prelims,12.78,,,,,227,True,Sprints,436,841,856.5,M,False,3,2024-04-06,2024-04-07,True
14782,17636,159,5556,,,,,,,,3,Prelims,12.82,,,,,227,True,Sprints,428,834,845.0,M,False,3,2024-04-06,2024-04-07,True
14783,17637,146,3699,,,,,,,,3,Prelims,13.18,,,,,227,True,Sprints,357,769,741.5,M,False,3,2024-04-06,2024-04-07,True
14784,17638,167,754,,,,,,,,3,Prelims,13.19,,,,,227,True,Sprints,355,768,739.0,M,False,3,2024-04-06,2024-04-07,True
14785,17639,169,4736,,,,,,,,3,Prelims,13.27,,,,,227,True,Sprints,340,754,717.0,M,False,3,2024-04-06,2024-04-07,True
14786,17640,167,5220,,,,,,,,3,Prelims,13.32,,,,,227,True,Sprints,331,745,703.5,M,False,3,2024-04-06,2024-04-07,True
14787,17641,146,3709,,,,,,,,3,Prelims,13.34,,,,,227,True,Sprints,328,742,699.0,M,False,3,2024-04-06,2024-04-07,True
14788,17643,56,3569,,,,,,,,3,Prelims,13.46,,,,,227,True,Sprints,306,721,666.5,M,False,3,2024-04-06,2024-04-07,True
14789,17644,146,3713,,,,,,,,3,Prelims,13.49,,,,,227,True,Sprints,301,716,659.0,M,False,3,2024-04-06,2024-04-07,True
14790,17645,158,2487,,,,,,,,3,Prelims,14.07,,,,,227,True,Sprints,210,622,521.0,M,False,3,2024-04-06,2024-04-07,True
14791,17646,196,3084,,,,,,,,3,Prelims,14.45,,,,,227,True,Sprints,158,563,439.5,M,False,3,2024-04-06,2024-04-07,True
14792,17552,73,5259,,,,,,,,3,Prelims,11.38,,,,,227,True,Sprints,775,1116,1333.0,M,False,3,2024-04-06,2024-04-07,True
14793,17585,158,4333,,,,,,,,3,Prelims,11.84,,,,,227,True,Sprints,653,1021,1163.5,M,False,3,2024-04-06,2024-04-07,True
14794,17647,159,4361,,,,,,,,3,Prelims,15.32,,,,,227,True,Sprints,68,441,288.5,M,False,3,2024-04-06,2024-04-07,True
14795,17648,56,3578,,,,,,,,3,Finals,10.53,,,,,227,True,Sprints,1027,1302,1678.0,M,False,3,2024-04-06,2024-04-07,True
14796,17649,167,5238,,,,,,,,3,Finals,10.94,,,,,227,True,Sprints,901,1211,1506.5,M,False,3,2024-04-06,2024-04-07,True
14797,17650,116,3944,,,,,,,,3,Finals,10.95,,,,,227,True,Sprints,898,1209,1502.5,M,False,3,2024-04-06,2024-04-07,True
14798,17651,124,3843,,,,,,,,3,Finals,11.06,,,,,227,True,Sprints,866,1185,1458.5,M,False,3,2024-04-06,2024-04-07,True
14799,17652,56,3809,,,,,,,,3,Finals,11.12,,,,,227,True,Sprints,848,1172,1434.0,M,False,3,2024-04-06,2024-04-07,True
14800,17653,167,5246,,,,,,,,3,Finals,11.25,,,,,227,True,Sprints,811,1144,1383.0,M,False,3,2024-04-06,2024-04-07,True
14801,17654,203,4405,,,,,,,,3,Finals,11.36,,,,,227,True,Sprints,780,1120,1340.0,M,False,3,2024-04-06,2024-04-07,True
14802,17655,166,4727,,,,,,,,3,Finals,12.15,,,,,227,True,Sprints,576,960,1056.0,M,False,3,2024-04-06,2024-04-07,True
14803,17656,56,3578,,,,,,,,4,Prelims,21.73,,,,,227,True,Sprints,961,1265,1593.5,M,False,3,2024-04-06,2024-04-07,True
14804,17658,146,3719,,,,,,,,4,Prelims,22.68,,,,,227,True,Sprints,833,1166,1416.0,M,False,3,2024-04-06,2024-04-07,True
14805,17659,203,4509,,,,,,,,4,Prelims,22.64,,,,,227,True,Sprints,838,1170,1423.0,M,False,3,2024-04-06,2024-04-07,True
14806,17660,146,3723,,,,,,,,4,Prelims,22.59,,,,,227,True,Sprints,845,1175,1432.5,M,False,3,2024-04-06,2024-04-07,True
14807,17661,124,3843,,,,,,,,4,Prelims,22.47,,,,,227,True,Sprints,861,1188,1455.0,M,False,3,2024-04-06,2024-04-07,True
14808,17662,202,3513,,,,,,,,4,Prelims,22.74,,,,,227,True,Sprints,825,1160,1405.0,M,False,3,2024-04-06,2024-04-07,True
14809,17663,167,5238,,,,,,,,4,Prelims,22.77,,,,,227,True,Sprints,821,1157,1399.5,M,False,3,2024-04-06,2024-04-07,True
14810,17665,116,3944,,,,,,,,4,Prelims,23.00,,,,,227,True,Sprints,792,1134,1359.0,M,False,3,2024-04-06,2024-04-07,True
14811,17666,56,3809,,,,,,,,4,Prelims,23.04,,,,,227,True,Sprints,787,1129,1351.5,M,False,3,2024-04-06,2024-04-07,True
14812,17667,17,4206,,,,,,,,4,Prelims,23.09,,,,,227,True,Sprints,781,1124,1343.0,M,False,3,2024-04-06,2024-04-07,True
14813,17668,164,4122,,,,,,,,4,Prelims,23.09,,,,,227,True,Sprints,781,1124,1343.0,M,False,3,2024-04-06,2024-04-07,True
14814,17670,146,3690,,,,,,,,4,Prelims,23.16,,,,,227,True,Sprints,772,1117,1330.5,M,False,3,2024-04-06,2024-04-07,True
14815,17671,146,3691,,,,,,,,4,Prelims,23.21,,,,,227,True,Sprints,766,1112,1322.0,M,False,3,2024-04-06,2024-04-07,True
14816,17672,202,3518,,,,,,,,4,Prelims,23.25,,,,,227,True,Sprints,761,1108,1315.0,M,False,3,2024-04-06,2024-04-07,True
14817,17673,146,4147,,,,,,,,4,Prelims,23.29,,,,,227,True,Sprints,756,1104,1308.0,M,False,3,2024-04-06,2024-04-07,True
14818,17674,188,3541,,,,,,,,4,Prelims,23.31,,,,,227,True,Sprints,753,1102,1304.0,M,False,3,2024-04-06,2024-04-07,True
14819,17675,146,3734,,,,,,,,4,Prelims,23.32,,,,,227,True,Sprints,752,1101,1302.5,M,False,3,2024-04-06,2024-04-07,True
14820,17676,116,3946,,,,,,,,4,Prelims,23.34,,,,,227,True,Sprints,749,1099,1298.5,M,False,3,2024-04-06,2024-04-07,True
14821,17677,167,5218,,,,,,,,4,Prelims,23.34,,,,,227,True,Sprints,749,1099,1298.5,M,False,3,2024-04-06,2024-04-07,True
14822,17678,167,5244,,,,,,,,4,Prelims,23.42,,,,,227,True,Sprints,740,1092,1286.0,M,False,3,2024-04-06,2024-04-07,True
14823,17679,159,2182,,,,,,,,4,Prelims,23.43,,,,,227,True,Sprints,738,1091,1283.5,M,False,3,2024-04-06,2024-04-07,True
14824,17680,146,3701,,,,,,,,4,Prelims,23.46,,,,,227,True,Sprints,735,1088,1279.0,M,False,3,2024-04-06,2024-04-07,True
14825,17681,166,3590,,,,,,,,4,Prelims,23.49,,,,,227,True,Sprints,731,1085,1273.5,M,False,3,2024-04-06,2024-04-07,True
14826,17682,203,4430,,,,,,,,4,Prelims,23.52,,,,,227,True,Sprints,727,1082,1268.0,M,False,3,2024-04-06,2024-04-07,True
14827,17683,169,4451,,,,,,,,4,Prelims,23.53,,,,,227,True,Sprints,726,1081,1266.5,M,False,3,2024-04-06,2024-04-07,True
14828,17684,159,4375,,,,,,,,4,Prelims,23.64,,,,,227,True,Sprints,713,1070,1248.0,M,False,3,2024-04-06,2024-04-07,True
14829,17720,73,5257,,,,,,,,4,Prelims,24.46,,,,,227,True,Sprints,618,991,1113.5,M,False,3,2024-04-06,2024-04-07,True
14830,17686,203,4413,,,,,,,,4,Prelims,23.74,,,,,227,True,Sprints,701,1060,1231.0,M,False,3,2024-04-06,2024-04-07,True
14831,17687,167,4438,,,,,,,,4,Prelims,23.75,,,,,227,True,Sprints,700,1059,1229.5,M,False,3,2024-04-06,2024-04-07,True
14832,17688,203,4419,,,,,,,,4,Prelims,23.78,,,,,227,True,Sprints,696,1056,1224.0,M,False,3,2024-04-06,2024-04-07,True
14833,17689,61,2289,,,,,,,,4,Prelims,23.79,,,,,227,True,Sprints,695,1055,1222.5,M,False,3,2024-04-06,2024-04-07,True
14834,17690,202,3509,,,,,,,,4,Prelims,23.83,,,,,227,True,Sprints,690,1051,1215.5,M,False,3,2024-04-06,2024-04-07,True
14835,17691,167,5233,,,,,,,,4,Prelims,23.85,,,,,227,True,Sprints,688,1049,1212.5,M,False,3,2024-04-06,2024-04-07,True
14836,17692,188,3549,,,,,,,,4,Prelims,23.85,,,,,227,True,Sprints,688,1049,1212.5,M,False,3,2024-04-06,2024-04-07,True
14837,17693,146,3708,,,,,,,,4,Prelims,23.87,,,,,227,True,Sprints,685,1047,1208.5,M,False,3,2024-04-06,2024-04-07,True
14838,17694,203,5547,,,,,,,,4,Prelims,23.89,,,,,227,True,Sprints,683,1046,1206.0,M,False,3,2024-04-06,2024-04-07,True
14839,17695,167,5250,,,,,,,,4,Prelims,23.89,,,,,227,True,Sprints,683,1046,1206.0,M,False,3,2024-04-06,2024-04-07,True
14840,17696,188,3854,,,,,,,,4,Prelims,23.91,,,,,227,True,Sprints,681,1044,1203.0,M,False,3,2024-04-06,2024-04-07,True
14841,17697,56,4461,,,,,,,,4,Prelims,23.92,,,,,227,True,Sprints,680,1043,1201.5,M,False,3,2024-04-06,2024-04-07,True
14842,17698,1,3522,,,,,,,,4,Prelims,23.95,,,,,227,True,Sprints,676,1040,1196.0,M,False,3,2024-04-06,2024-04-07,True
14843,17699,95,5548,,,,,,,,4,Prelims,23.97,,,,,227,True,Sprints,674,1038,1193.0,M,False,3,2024-04-06,2024-04-07,True
14844,17700,167,5234,,,,,,,,4,Prelims,23.98,,,,,227,True,Sprints,672,1037,1190.5,M,False,3,2024-04-06,2024-04-07,True
14845,17702,56,5543,,,,,,,,4,Prelims,24.06,,,,,227,True,Sprints,663,1029,1177.5,M,False,3,2024-04-06,2024-04-07,True
14846,17703,202,3512,,,,,,,,4,Prelims,24.10,,,,,227,True,Sprints,659,1025,1171.5,M,False,3,2024-04-06,2024-04-07,True
14847,17706,56,3801,,,,,,,,4,Prelims,24.13,,,,,227,True,Sprints,655,1022,1166.0,M,False,3,2024-04-06,2024-04-07,True
14848,17707,124,3836,,,,,,,,4,Prelims,24.16,,,,,227,True,Sprints,652,1020,1162.0,M,False,3,2024-04-06,2024-04-07,True
14849,17708,56,3576,,,,,,,,4,Prelims,24.18,,,,,227,True,Sprints,649,1018,1158.0,M,False,3,2024-04-06,2024-04-07,True
14850,17709,158,3682,,,,,,,,4,Prelims,24.18,,,,,227,True,Sprints,649,1018,1158.0,M,False,3,2024-04-06,2024-04-07,True
14851,17710,139,4346,,,,,,,,4,Prelims,24.18,,,,,227,True,Sprints,649,1018,1158.0,M,False,3,2024-04-06,2024-04-07,True
14852,17711,146,3728,,,,,,,,4,Prelims,24.19,,,,,227,True,Sprints,648,1017,1156.5,M,False,3,2024-04-06,2024-04-07,True
14853,17712,56,3570,,,,,,,,4,Prelims,24.19,,,,,227,True,Sprints,648,1017,1156.5,M,False,3,2024-04-06,2024-04-07,True
14854,17713,146,4149,,,,,,,,4,Prelims,24.24,,,,,227,True,Sprints,642,1012,1148.0,M,False,3,2024-04-06,2024-04-07,True
14855,17714,116,3942,,,,,,,,4,Prelims,24.27,,,,,227,True,Sprints,639,1009,1143.5,M,False,3,2024-04-06,2024-04-07,True
14856,17715,146,3705,,,,,,,,4,Prelims,24.30,,,,,227,True,Sprints,636,1006,1139.0,M,False,3,2024-04-06,2024-04-07,True
14857,17716,146,3696,,,,,,,,4,Prelims,24.30,,,,,227,True,Sprints,636,1006,1139.0,M,False,3,2024-04-06,2024-04-07,True
14858,17717,146,1216,,,,,,,,4,Prelims,24.33,,,,,227,True,Sprints,632,1003,1133.5,M,False,3,2024-04-06,2024-04-07,True
14859,17718,146,3689,,,,,,,,4,Prelims,24.33,,,,,227,True,Sprints,632,1003,1133.5,M,False,3,2024-04-06,2024-04-07,True
14860,17719,56,3574,,,,,,,,4,Prelims,24.43,,,,,227,True,Sprints,621,994,1118.0,M,False,3,2024-04-06,2024-04-07,True
14861,17721,159,4358,,,,,,,,4,Prelims,24.47,,,,,227,True,Sprints,616,990,1111.0,M,False,3,2024-04-06,2024-04-07,True
14862,17722,146,4384,,,,,,,,4,Prelims,24.47,,,,,227,True,Sprints,616,990,1111.0,M,False,3,2024-04-06,2024-04-07,True
14863,17723,202,5553,,,,,,,,4,Prelims,24.50,,,,,227,True,Sprints,613,987,1106.5,M,False,3,2024-04-06,2024-04-07,True
14864,17724,202,5558,,,,,,,,4,Prelims,24.50,,,,,227,True,Sprints,613,987,1106.5,M,False,3,2024-04-06,2024-04-07,True
14865,17725,202,5552,,,,,,,,4,Prelims,24.55,,,,,227,True,Sprints,607,983,1098.5,M,False,3,2024-04-06,2024-04-07,True
14866,17726,1,3987,,,,,,,,4,Prelims,24.62,,,,,227,True,Sprints,600,976,1088.0,M,False,3,2024-04-06,2024-04-07,True
14867,17727,146,4383,,,,,,,,4,Prelims,24.66,,,,,227,True,Sprints,595,972,1081.0,M,False,3,2024-04-06,2024-04-07,True
14868,17728,203,4423,,,,,,,,4,Prelims,24.69,,,,,227,True,Sprints,592,969,1076.5,M,False,3,2024-04-06,2024-04-07,True
14869,17729,158,3680,,,,,,,,4,Prelims,24.71,,,,,227,True,Sprints,590,968,1074.0,M,False,3,2024-04-06,2024-04-07,True
14870,17730,61,4626,,,,,,,,4,Prelims,24.78,,,,,227,True,Sprints,582,961,1062.5,M,False,3,2024-04-06,2024-04-07,True
14871,17731,159,5550,,,,,,,,4,Prelims,24.83,,,,,227,True,Sprints,577,956,1055.0,M,False,3,2024-04-06,2024-04-07,True
14872,17732,159,5406,,,,,,,,4,Prelims,24.89,,,,,227,True,Sprints,570,951,1045.5,M,False,3,2024-04-06,2024-04-07,True
14873,17733,162,3158,,,,,,,,4,Prelims,24.90,,,,,227,True,Sprints,569,950,1044.0,M,False,3,2024-04-06,2024-04-07,True
14874,17734,124,3838,,,,,,,,4,Prelims,25.02,,,,,227,True,Sprints,556,939,1025.5,M,False,3,2024-04-06,2024-04-07,True
14875,17735,146,4386,,,,,,,,4,Prelims,25.17,,,,,227,True,Sprints,541,925,1003.5,M,False,3,2024-04-06,2024-04-07,True
14876,17736,146,3730,,,,,,,,4,Prelims,25.17,,,,,227,True,Sprints,541,925,1003.5,M,False,3,2024-04-06,2024-04-07,True
14877,17737,202,5559,,,,,,,,4,Prelims,25.18,,,,,227,True,Sprints,539,924,1001.0,M,False,3,2024-04-06,2024-04-07,True
14878,17738,169,4735,,,,,,,,4,Prelims,25.19,,,,,227,True,Sprints,538,923,999.5,M,False,3,2024-04-06,2024-04-07,True
14879,17739,159,5270,,,,,,,,4,Prelims,25.21,,,,,227,True,Sprints,536,922,997.0,M,False,3,2024-04-06,2024-04-07,True
14880,17740,167,4439,,,,,,,,4,Prelims,25.22,,,,,227,True,Sprints,535,921,995.5,M,False,3,2024-04-06,2024-04-07,True
14881,17741,73,5256,,,,,,,,4,Prelims,25.27,,,,,227,True,Sprints,530,916,988.0,M,False,3,2024-04-06,2024-04-07,True
14882,17742,159,789,,,,,,,,4,Prelims,25.28,,,,,227,True,Sprints,529,915,986.5,M,False,3,2024-04-06,2024-04-07,True
14883,17743,117,3996,,,,,,,,4,Prelims,25.30,,,,,227,True,Sprints,527,913,983.5,M,False,3,2024-04-06,2024-04-07,True
14884,17657,124,3871,,,,,,,,4,Prelims,22.74,,,,,227,True,Sprints,825,1160,1405.0,M,False,3,2024-04-06,2024-04-07,True
14885,17669,73,5259,,,,,,,,4,Prelims,23.13,,,,,227,True,Sprints,776,1120,1336.0,M,False,3,2024-04-06,2024-04-07,True
14886,17664,56,4112,,,,,,,,4,Prelims,22.89,,,,,227,True,Sprints,806,1145,1378.5,M,False,3,2024-04-06,2024-04-07,True
14887,17705,56,4457,,,,,,,,4,Prelims,24.13,,,,,227,True,Sprints,655,1022,1166.0,M,False,3,2024-04-06,2024-04-07,True
14888,17701,167,5252,,,,,,,,4,Prelims,24.00,,,,,227,True,Sprints,670,1035,1187.5,M,False,3,2024-04-06,2024-04-07,True
14889,17744,117,4929,,,,,,,,4,Prelims,25.33,,,,,227,True,Sprints,524,911,979.5,M,False,3,2024-04-06,2024-04-07,True
14890,17745,56,4463,,,,,,,,4,Prelims,25.44,,,,,227,True,Sprints,513,901,963.5,M,False,3,2024-04-06,2024-04-07,True
14891,17746,56,3572,,,,,,,,4,Prelims,25.45,,,,,227,True,Sprints,512,900,962.0,M,False,3,2024-04-06,2024-04-07,True
14892,17747,124,3830,,,,,,,,4,Prelims,25.45,,,,,227,True,Sprints,512,900,962.0,M,False,3,2024-04-06,2024-04-07,True
14893,17748,120,344,,,,,,,,4,Prelims,25.49,,,,,227,True,Sprints,508,896,956.0,M,False,3,2024-04-06,2024-04-07,True
14894,17749,203,4415,,,,,,,,4,Prelims,25.49,,,,,227,True,Sprints,508,896,956.0,M,False,3,2024-04-06,2024-04-07,True
14895,17750,203,4424,,,,,,,,4,Prelims,25.54,,,,,227,True,Sprints,502,892,948.0,M,False,3,2024-04-06,2024-04-07,True
14896,17751,167,4437,,,,,,,,4,Prelims,25.56,,,,,227,True,Sprints,500,890,945.0,M,False,3,2024-04-06,2024-04-07,True
14897,17752,122,5560,,,,,,,,4,Prelims,25.57,,,,,227,True,Sprints,499,889,943.5,M,False,3,2024-04-06,2024-04-07,True
14898,17753,146,4387,,,,,,,,4,Prelims,25.57,,,,,227,True,Sprints,499,889,943.5,M,False,3,2024-04-06,2024-04-07,True
14899,17754,167,5239,,,,,,,,4,Prelims,25.61,,,,,227,True,Sprints,495,886,938.0,M,False,3,2024-04-06,2024-04-07,True
14900,17755,146,3720,,,,,,,,4,Prelims,25.64,,,,,227,True,Sprints,492,883,933.5,M,False,3,2024-04-06,2024-04-07,True
14901,17756,158,4337,,,,,,,,4,Prelims,25.70,,,,,227,True,Sprints,486,878,925.0,M,False,3,2024-04-06,2024-04-07,True
14902,17757,199,5028,,,,,,,,4,Prelims,25.76,,,,,227,True,Sprints,480,872,916.0,M,False,3,2024-04-06,2024-04-07,True
14903,17758,167,5226,,,,,,,,4,Prelims,25.80,,,,,227,True,Sprints,476,869,910.5,M,False,3,2024-04-06,2024-04-07,True
14904,17759,167,5221,,,,,,,,4,Prelims,25.83,,,,,227,True,Sprints,474,866,907.0,M,False,3,2024-04-06,2024-04-07,True
14905,17760,203,4408,,,,,,,,4,Prelims,25.83,,,,,227,True,Sprints,474,866,907.0,M,False,3,2024-04-06,2024-04-07,True
14906,17761,167,5240,,,,,,,,4,Prelims,25.84,,,,,227,True,Sprints,473,865,905.5,M,False,3,2024-04-06,2024-04-07,True
14907,17762,146,4380,,,,,,,,4,Prelims,25.87,,,,,227,True,Sprints,470,863,901.5,M,False,3,2024-04-06,2024-04-07,True
14908,17763,158,3674,,,,,,,,4,Prelims,25.90,,,,,227,True,Sprints,467,860,897.0,M,False,3,2024-04-06,2024-04-07,True
14909,17764,164,2742,,,,,,,,4,Prelims,25.99,,,,,227,True,Sprints,458,852,884.0,M,False,3,2024-04-06,2024-04-07,True
14910,17765,159,5556,,,,,,,,4,Prelims,26.01,,,,,227,True,Sprints,456,850,881.0,M,False,3,2024-04-06,2024-04-07,True
14911,17766,146,3685,,,,,,,,4,Prelims,26.03,,,,,227,True,Sprints,454,849,878.5,M,False,3,2024-04-06,2024-04-07,True
14912,17767,56,3577,,,,,,,,4,Prelims,26.09,,,,,227,True,Sprints,448,843,869.5,M,False,3,2024-04-06,2024-04-07,True
14913,17768,146,4148,,,,,,,,4,Prelims,26.14,,,,,227,True,Sprints,444,839,863.5,M,False,3,2024-04-06,2024-04-07,True
14914,17769,158,2466,,,,,,,,4,Prelims,26.23,,,,,227,True,Sprints,435,831,850.5,M,False,3,2024-04-06,2024-04-07,True
14915,17770,95,5555,,,,,,,,4,Prelims,26.24,,,,,227,True,Sprints,434,830,849.0,M,False,3,2024-04-06,2024-04-07,True
14916,17771,167,5284,,,,,,,,4,Prelims,26.24,,,,,227,True,Sprints,434,830,849.0,M,False,3,2024-04-06,2024-04-07,True
14917,17772,61,4045,,,,,,,,4,Prelims,26.32,,,,,227,True,Sprints,427,823,838.5,M,False,3,2024-04-06,2024-04-07,True
14918,17773,158,4691,,,,,,,,4,Prelims,26.33,,,,,227,True,Sprints,426,823,837.5,M,False,3,2024-04-06,2024-04-07,True
14919,17774,203,5037,,,,,,,,4,Prelims,26.47,,,,,227,True,Sprints,413,811,818.5,M,False,3,2024-04-06,2024-04-07,True
14920,17775,158,5561,,,,,,,,4,Prelims,26.51,,,,,227,True,Sprints,409,807,812.5,M,False,3,2024-04-06,2024-04-07,True
14921,17776,158,3681,,,,,,,,4,Prelims,26.70,,,,,227,True,Sprints,392,791,787.5,M,False,3,2024-04-06,2024-04-07,True
14922,17777,120,327,,,,,,,,4,Prelims,26.82,,,,,227,True,Sprints,381,781,771.5,M,False,3,2024-04-06,2024-04-07,True
14923,17778,124,3877,,,,,,,,4,Prelims,26.86,,,,,227,True,Sprints,378,778,767.0,M,False,3,2024-04-06,2024-04-07,True
14924,17781,167,754,,,,,,,,4,Prelims,27.28,,,,,227,True,Sprints,342,743,713.5,M,False,3,2024-04-06,2024-04-07,True
14925,17782,122,5563,,,,,,,,4,Prelims,27.30,,,,,227,True,Sprints,340,741,710.5,M,False,3,2024-04-06,2024-04-07,True
14926,17783,146,3709,,,,,,,,4,Prelims,27.40,,,,,227,True,Sprints,332,733,698.5,M,False,3,2024-04-06,2024-04-07,True
14927,17784,56,3569,,,,,,,,4,Prelims,27.47,,,,,227,True,Sprints,326,728,690.0,M,False,3,2024-04-06,2024-04-07,True
14928,17785,167,5220,,,,,,,,4,Prelims,27.53,,,,,227,True,Sprints,321,723,682.5,M,False,3,2024-04-06,2024-04-07,True
14929,17786,120,4010,,,,,,,,4,Prelims,27.70,,,,,227,True,Sprints,308,709,662.5,M,False,3,2024-04-06,2024-04-07,True
14930,17787,1,50,,,,,,,,4,Prelims,28.02,,,,,227,True,Sprints,283,684,625.0,M,False,3,2024-04-06,2024-04-07,True
14931,17788,169,4736,,,,,,,,4,Prelims,28.38,,,,,227,True,Sprints,256,656,584.0,M,False,3,2024-04-06,2024-04-07,True
14932,17789,124,5564,,,,,,,,4,Prelims,28.62,,,,,227,True,Sprints,239,638,558.0,M,False,3,2024-04-06,2024-04-07,True
14933,17790,159,2759,,,,,,,,4,Prelims,29.01,,,,,227,True,Sprints,213,608,517.0,M,False,3,2024-04-06,2024-04-07,True
14934,17791,158,2487,,,,,,,,4,Prelims,29.23,,,,,227,True,Sprints,199,592,495.0,M,False,3,2024-04-06,2024-04-07,True
14935,17792,167,790,,,,,,,,4,Prelims,29.66,,,,,227,True,Sprints,172,561,452.5,M,False,3,2024-04-06,2024-04-07,True
14936,17793,159,5565,,,,,,,,4,Prelims,30.34,,,,,227,True,Sprints,134,514,391.0,M,False,3,2024-04-06,2024-04-07,True
14937,17794,56,3578,,,,,,,,4,Finals,21.73,,,,,227,True,Sprints,961,1265,1593.5,M,False,3,2024-04-06,2024-04-07,True
14938,17796,146,3719,,,,,,,,4,Finals,22.51,,,,,227,True,Sprints,855,1183,1446.5,M,False,3,2024-04-06,2024-04-07,True
14939,17797,203,4509,,,,,,,,4,Finals,22.59,,,,,227,True,Sprints,845,1175,1432.5,M,False,3,2024-04-06,2024-04-07,True
14940,17798,146,3723,,,,,,,,4,Finals,22.68,,,,,227,True,Sprints,833,1166,1416.0,M,False,3,2024-04-06,2024-04-07,True
14941,17799,124,3843,,,,,,,,4,Finals,22.77,,,,,227,True,Sprints,821,1157,1399.5,M,False,3,2024-04-06,2024-04-07,True
14942,17800,202,3513,,,,,,,,4,Finals,23.30,,,,,227,True,Sprints,754,1103,1305.5,M,False,3,2024-04-06,2024-04-07,True
14943,17801,56,3578,,,,,,,,6,,48.90,,,,,227,True,Sprints,924,1250,1549.0,M,False,3,2024-04-06,2024-04-07,True
14944,17802,146,3723,,,,,,,,6,,50.66,,,,,227,True,Sprints,819,1179,1408.5,M,False,3,2024-04-06,2024-04-07,True
14945,17803,124,3846,,,,,,,,6,,50.96,,,,,227,True,Sprints,802,1167,1385.5,M,False,3,2024-04-06,2024-04-07,True
14946,17804,63,554,,,,,,,,6,,51.27,,,,,227,True,Sprints,784,1155,1361.5,M,False,3,2024-04-06,2024-04-07,True
14947,17805,203,5566,,,,,,,,6,,51.31,,,,,227,True,Sprints,782,1153,1358.5,M,False,3,2024-04-06,2024-04-07,True
14948,17806,146,5567,,,,,,,,6,,52.02,,,,,227,True,Sprints,742,1125,1304.5,M,False,3,2024-04-06,2024-04-07,True
14949,17807,202,3508,,,,,,,,6,,52.15,,,,,227,True,Sprints,735,1120,1295.0,M,False,3,2024-04-06,2024-04-07,True
14950,17808,167,5248,,,,,,,,6,,52.24,,,,,227,True,Sprints,730,1117,1288.5,M,False,3,2024-04-06,2024-04-07,True
14951,17809,203,4430,,,,,,,,6,,52.27,,,,,227,True,Sprints,728,1116,1286.0,M,False,3,2024-04-06,2024-04-07,True
14952,17811,188,3851,,,,,,,,6,,52.54,,,,,227,True,Sprints,714,1105,1266.5,M,False,3,2024-04-06,2024-04-07,True
14953,17812,188,1863,,,,,,,,6,,52.64,,,,,227,True,Sprints,708,1101,1258.5,M,False,3,2024-04-06,2024-04-07,True
14954,17813,159,2182,,,,,,,,6,,52.65,,,,,227,True,Sprints,708,1101,1258.5,M,False,3,2024-04-06,2024-04-07,True
14955,17814,146,3691,,,,,,,,6,,52.70,,,,,227,True,Sprints,705,1099,1254.5,M,False,3,2024-04-06,2024-04-07,True
14956,17815,146,3733,,,,,,,,6,,52.80,,,,,227,True,Sprints,700,1095,1247.5,M,False,3,2024-04-06,2024-04-07,True
14957,17816,146,1216,,,,,,,,6,,52.87,,,,,227,True,Sprints,696,1093,1242.5,M,False,3,2024-04-06,2024-04-07,True
14958,17810,56,4112,,,,,,,,6,,52.54,,,,,227,True,Sprints,714,1105,1266.5,M,False,3,2024-04-06,2024-04-07,True
14959,17819,167,4438,,,,,,,,6,,53.02,,,,,227,True,Sprints,688,1087,1231.5,M,False,3,2024-04-06,2024-04-07,True
14960,17820,164,4122,,,,,,,,6,,53.06,,,,,227,True,Sprints,686,1085,1228.5,M,False,3,2024-04-06,2024-04-07,True
14961,17821,159,4358,,,,,,,,6,,53.12,,,,,227,True,Sprints,683,1083,1224.5,M,False,3,2024-04-06,2024-04-07,True
14962,17822,164,772,,,,,,,,6,,53.18,,,,,227,True,Sprints,680,1081,1220.5,M,False,3,2024-04-06,2024-04-07,True
14963,17823,95,5544,,,,,,,,6,,53.44,,,,,227,True,Sprints,666,1071,1201.5,M,False,3,2024-04-06,2024-04-07,True
14964,17824,56,3801,,,,,,,,6,,53.62,,,,,227,True,Sprints,657,1064,1189.0,M,False,3,2024-04-06,2024-04-07,True
14965,17825,203,4414,,,,,,,,6,,53.86,,,,,227,True,Sprints,644,1055,1171.5,M,False,3,2024-04-06,2024-04-07,True
14966,17826,203,4509,,,,,,,,6,,53.93,,,,,227,True,Sprints,641,1052,1167.0,M,False,3,2024-04-06,2024-04-07,True
14967,17827,202,5558,,,,,,,,6,,54.13,,,,,227,True,Sprints,630,1045,1152.5,M,False,3,2024-04-06,2024-04-07,True
14968,17828,1,3522,,,,,,,,6,,54.32,,,,,227,True,Sprints,621,1038,1140.0,M,False,3,2024-04-06,2024-04-07,True
14969,17829,169,4451,,,,,,,,6,,54.38,,,,,227,True,Sprints,618,1035,1135.5,M,False,3,2024-04-06,2024-04-07,True
14970,17830,61,2289,,,,,,,,6,,54.40,,,,,227,True,Sprints,617,1035,1134.5,M,False,3,2024-04-06,2024-04-07,True
14971,17831,167,5244,,,,,,,,6,,54.49,,,,,227,True,Sprints,612,1031,1127.5,M,False,3,2024-04-06,2024-04-07,True
14972,17832,203,4423,,,,,,,,6,,54.49,,,,,227,True,Sprints,612,1031,1127.5,M,False,3,2024-04-06,2024-04-07,True
14973,17833,79,4579,,,,,,,,6,,54.51,,,,,227,True,Sprints,611,1031,1126.5,M,False,3,2024-04-06,2024-04-07,True
14974,17834,158,3677,,,,,,,,6,,54.68,,,,,227,True,Sprints,603,1024,1115.0,M,False,3,2024-04-06,2024-04-07,True
14975,17835,56,3574,,,,,,,,6,,54.69,,,,,227,True,Sprints,602,1024,1114.0,M,False,3,2024-04-06,2024-04-07,True
14976,17836,188,3547,,,,,,,,6,,54.86,,,,,227,True,Sprints,594,1018,1103.0,M,False,3,2024-04-06,2024-04-07,True
14977,17837,146,3696,,,,,,,,6,,54.88,,,,,227,True,Sprints,593,1017,1101.5,M,False,3,2024-04-06,2024-04-07,True
14978,17838,146,3687,,,,,,,,6,,54.93,,,,,227,True,Sprints,591,1015,1098.5,M,False,3,2024-04-06,2024-04-07,True
14979,17839,162,3158,,,,,,,,6,,54.97,,,,,227,True,Sprints,589,1014,1096.0,M,False,3,2024-04-06,2024-04-07,True
14980,17840,146,3728,,,,,,,,6,,55.00,,,,,227,True,Sprints,587,1013,1093.5,M,False,3,2024-04-06,2024-04-07,True
14981,17841,146,1409,,,,,,,,6,,55.05,,,,,227,True,Sprints,585,1011,1090.5,M,False,3,2024-04-06,2024-04-07,True
14982,17842,116,3942,,,,,,,,6,,55.15,,,,,227,True,Sprints,580,1007,1083.5,M,False,3,2024-04-06,2024-04-07,True
14983,17843,202,3509,,,,,,,,6,,55.56,,,,,227,True,Sprints,560,992,1056.0,M,False,3,2024-04-06,2024-04-07,True
14984,17844,158,3170,,,,,,,,6,,55.59,,,,,227,True,Sprints,559,991,1054.5,M,False,3,2024-04-06,2024-04-07,True
14985,17795,124,3871,,,,,,,,4,Finals,22.49,,,,,227,True,Sprints,858,1186,1451.0,M,False,3,2024-04-06,2024-04-07,True
14986,17780,146,5273,,,,,,,,4,Prelims,27.14,,,,,227,True,Sprints,354,754,731.0,M,False,3,2024-04-06,2024-04-07,True
14987,17779,188,966,,,,,,,,4,Prelims,26.99,,,,,227,True,Sprints,367,767,750.5,M,False,3,2024-04-06,2024-04-07,True
14988,17845,124,2883,,,,,,,,6,,55.67,,,,,227,True,Sprints,555,988,1049.0,M,False,3,2024-04-06,2024-04-07,True
14989,17846,56,4460,,,,,,,,6,,55.71,,,,,227,True,Sprints,553,987,1046.5,M,False,3,2024-04-06,2024-04-07,True
14990,17847,165,400,,,,,,,,6,,55.75,,,,,227,True,Sprints,551,985,1043.5,M,False,3,2024-04-06,2024-04-07,True
14991,17848,146,3705,,,,,,,,6,,55.94,,,,,227,True,Sprints,542,978,1031.0,M,False,3,2024-04-06,2024-04-07,True
14992,17849,146,4147,,,,,,,,6,,56.12,,,,,227,True,Sprints,534,972,1020.0,M,False,3,2024-04-06,2024-04-07,True
14993,17850,202,2916,,,,,,,,6,,56.19,,,,,227,True,Sprints,530,969,1014.5,M,False,3,2024-04-06,2024-04-07,True
14994,17851,146,3700,,,,,,,,6,,56.28,,,,,227,True,Sprints,526,966,1009.0,M,False,3,2024-04-06,2024-04-07,True
14995,17852,159,4364,,,,,,,,6,,56.31,,,,,227,True,Sprints,525,965,1007.5,M,False,3,2024-04-06,2024-04-07,True
14996,17853,169,4735,,,,,,,,6,,56.32,,,,,227,True,Sprints,524,964,1006.0,M,False,3,2024-04-06,2024-04-07,True
14997,17854,146,4396,,,,,,,,6,,56.42,,,,,227,True,Sprints,520,961,1000.5,M,False,3,2024-04-06,2024-04-07,True
14998,17855,104,3772,,,,,,,,6,,56.56,,,,,227,True,Sprints,513,956,991.0,M,False,3,2024-04-06,2024-04-07,True
14999,17856,158,4337,,,,,,,,6,,56.71,,,,,227,True,Sprints,506,950,981.0,M,False,3,2024-04-06,2024-04-07,True
15000,17857,124,3838,,,,,,,,6,,56.83,,,,,227,True,Sprints,501,946,974.0,M,False,3,2024-04-06,2024-04-07,True
15001,17858,162,5296,,,,,,,,6,,57.03,,,,,227,True,Sprints,492,939,961.5,M,False,3,2024-04-06,2024-04-07,True
15002,17859,167,5226,,,,,,,,6,,57.10,,,,,227,True,Sprints,489,937,957.5,M,False,3,2024-04-06,2024-04-07,True
15003,17860,63,5568,,,,,,,,6,,57.27,,,,,227,True,Sprints,481,931,946.5,M,False,3,2024-04-06,2024-04-07,True
15004,17861,124,2867,,,,,,,,6,,57.44,,,,,227,True,Sprints,474,925,936.5,M,False,3,2024-04-06,2024-04-07,True
15005,17862,146,4387,,,,,,,,6,,57.75,,,,,227,True,Sprints,460,914,917.0,M,False,3,2024-04-06,2024-04-07,True
15006,17863,146,4386,,,,,,,,6,,58.05,,,,,227,True,Sprints,447,903,898.5,M,False,3,2024-04-06,2024-04-07,True
15007,17864,116,3949,,,,,,,,6,,58.20,,,,,227,True,Sprints,441,898,890.0,M,False,3,2024-04-06,2024-04-07,True
15008,17865,122,5560,,,,,,,,6,,58.44,,,,,227,True,Sprints,431,890,876.0,M,False,3,2024-04-06,2024-04-07,True
15009,17866,146,3699,,,,,,,,6,,58.65,,,,,227,True,Sprints,422,882,863.0,M,False,3,2024-04-06,2024-04-07,True
15010,17867,139,4348,,,,,,,,6,,58.83,,,,,227,True,Sprints,414,876,852.0,M,False,3,2024-04-06,2024-04-07,True
15011,17868,203,1883,,,,,,,,6,,58.84,,,,,227,True,Sprints,414,876,852.0,M,False,3,2024-04-06,2024-04-07,True
15012,17869,167,4304,,,,,,,,6,,59.04,,,,,227,True,Sprints,406,869,840.5,M,False,3,2024-04-06,2024-04-07,True
15013,17870,164,5315,,,,,,,,6,,59.11,,,,,227,True,Sprints,403,867,836.5,M,False,3,2024-04-06,2024-04-07,True
15014,17871,166,4728,,,,,,,,6,,59.43,,,,,227,True,Sprints,390,856,818.0,M,False,3,2024-04-06,2024-04-07,True
15015,17873,120,344,,,,,,,,6,,59.58,,,,,227,True,Sprints,384,851,809.5,M,False,3,2024-04-06,2024-04-07,True
15016,17874,117,3996,,,,,,,,6,,59.65,,,,,227,True,Sprints,381,848,805.0,M,False,3,2024-04-06,2024-04-07,True
15017,17875,165,401,,,,,,,,6,,59.90,,,,,227,True,Sprints,372,840,792.0,M,False,3,2024-04-06,2024-04-07,True
15018,17876,167,5220,,,,,,,,6,,59.97,,,,,227,True,Sprints,369,838,788.0,M,False,3,2024-04-06,2024-04-07,True
15019,17877,95,5569,,,,,,,,6,,1:00.01,,,,,227,True,Sprints,367,836,785.0,M,False,3,2024-04-06,2024-04-07,True
15020,17878,196,2373,,,,,,,,6,,1:00.38,,,,,227,True,Sprints,353,824,765.0,M,False,3,2024-04-06,2024-04-07,True
15021,17880,203,5037,,,,,,,,6,,1:01.01,,,,,227,True,Sprints,330,803,731.5,M,False,3,2024-04-06,2024-04-07,True
15022,17882,159,761,,,,,,,,6,,1:01.35,,,,,227,True,Sprints,317,792,713.0,M,False,3,2024-04-06,2024-04-07,True
15023,17883,188,3548,,,,,,,,6,,1:01.52,,,,,227,True,Sprints,311,787,704.5,M,False,3,2024-04-06,2024-04-07,True
15024,17884,196,2375,,,,,,,,6,,1:01.63,,,,,227,True,Sprints,307,783,698.5,M,False,3,2024-04-06,2024-04-07,True
15025,17885,96,371,,,,,,,,6,,1:01.73,,,,,227,True,Sprints,304,780,694.0,M,False,3,2024-04-06,2024-04-07,True
15026,17886,164,747,,,,,,,,6,,1:01.76,,,,,227,True,Sprints,303,779,692.5,M,False,3,2024-04-06,2024-04-07,True
15027,17887,61,4045,,,,,,,,6,,1:02.15,,,,,227,True,Sprints,289,766,672.0,M,False,3,2024-04-06,2024-04-07,True
15028,17888,196,2371,,,,,,,,6,,1:02.20,,,,,227,True,Sprints,287,765,669.5,M,False,3,2024-04-06,2024-04-07,True
15029,17889,167,754,,,,,,,,6,,1:02.36,,,,,227,True,Sprints,282,759,661.5,M,False,3,2024-04-06,2024-04-07,True
15030,17890,122,5563,,,,,,,,6,,1:02.76,,,,,227,True,Sprints,268,747,641.5,M,False,3,2024-04-06,2024-04-07,True
15031,17891,146,3709,,,,,,,,6,,1:03.33,,,,,227,True,Sprints,250,729,614.5,M,False,3,2024-04-06,2024-04-07,True
15032,17892,86,1609,,,,,,,,6,,1:03.53,,,,,227,True,Sprints,244,723,605.5,M,False,3,2024-04-06,2024-04-07,True
15033,17893,120,327,,,,,,,,6,,1:04.26,,,,,227,True,Sprints,221,700,571.0,M,False,3,2024-04-06,2024-04-07,True
15034,17894,167,2626,,,,,,,,6,,1:04.60,,,,,227,True,Sprints,211,690,556.0,M,False,3,2024-04-06,2024-04-07,True
15035,17895,124,3877,,,,,,,,6,,1:04.65,,,,,227,True,Sprints,209,688,553.0,M,False,3,2024-04-06,2024-04-07,True
15036,17896,1,50,,,,,,,,6,,1:04.82,,,,,227,True,Sprints,205,683,546.5,M,False,3,2024-04-06,2024-04-07,True
15037,17898,86,1612,,,,,,,,6,,1:05.63,,,,,227,True,Sprints,182,659,511.5,M,False,3,2024-04-06,2024-04-07,True
15038,17899,203,4411,,,,,,,,6,,1:06.58,,,,,227,True,Sprints,157,631,472.5,M,False,3,2024-04-06,2024-04-07,True
15039,17900,159,5565,,,,,,,,6,,1:07.45,,,,,227,True,Sprints,135,606,438.0,M,False,3,2024-04-06,2024-04-07,True
15040,17901,56,3569,,,,,,,,6,,1:08.12,,,,,227,True,Sprints,120,587,413.5,M,False,3,2024-04-06,2024-04-07,True
15041,17902,196,3084,,,,,,,,6,,1:09.06,,,,,227,True,Sprints,100,561,380.5,M,False,3,2024-04-06,2024-04-07,True
15042,17903,159,4361,,,,,,,,6,,1:12.99,,,,,227,True,Sprints,36,458,265.0,M,False,3,2024-04-06,2024-04-07,True
15078,17881,146,5273,,,,,,,,6,,1:01.14,,,,,227,True,Sprints,325,799,724.5,M,False,3,2024-04-06,2024-04-07,True
15088,17879,188,966,,,,,,,,6,,1:00.57,,,,,227,True,Sprints,346,818,755.0,M,False,3,2024-04-06,2024-04-07,True
15089,17897,88,529,So,,,,,,,6,,1:04.93,,,,0.0,227,True,Sprints,201,680,541.0,M,False,3,2024-04-06,2024-04-07,True
15868,18822,44,4135,,,,,,,,3,,11.19,,,,,228,True,Sprints,828,1157,1406.5,M,False,3,2024-04-06,2024-04-06,False
15869,18823,44,4869,,,,,,,,3,,11.58,,,,,228,True,Sprints,720,1075,1257.5,M,False,3,2024-04-06,2024-04-06,False
15870,18824,44,4870,,,,,,,,3,,11.97,,,,,228,True,Sprints,620,995,1117.5,M,False,3,2024-04-06,2024-04-06,False
15871,18825,44,4135,,,,,,,,4,,22.49,,,,,228,True,Sprints,858,1186,1451.0,M,False,3,2024-04-06,2024-04-06,False
15872,18826,44,4869,,,,,,,,4,,24.65,,,,,228,True,Sprints,596,973,1082.5,M,False,3,2024-04-06,2024-04-06,False
15906,18862,49,3784,,,,,,,,3,,11.31,,,,,230,True,Sprints,794,1131,1359.5,M,False,3,2024-04-06,2024-04-06,False
15907,18863,49,3781,,,,,,,,3,,11.97,,,,,230,True,Sprints,620,995,1117.5,M,False,3,2024-04-06,2024-04-06,False
15908,18864,49,5610,,,,,,,,3,,13.22,,,,,230,True,Sprints,350,762,731.0,M,False,3,2024-04-06,2024-04-06,False
15918,18874,61,4621,,,,,,,,3,,10.85,,,,,230,True,Sprints,928,1231,1543.5,M,False,3,2024-04-06,2024-04-06,False
15919,18875,61,4944,,,,,,,,3,,11.22,,,,,230,True,Sprints,820,1150,1395.0,M,False,3,2024-04-06,2024-04-06,False
15935,18891,88,4073,,,,,,,,3,,11.22,,,,,231,True,Sprints,820,1150,1395.0,M,False,3,2024-04-11,2024-04-13,False
15953,18912,86,1609,,,,,,,,6,,1:02.51,,,,,232,True,Sprints,277,755,654.5,M,False,3,2024-04-12,2024-04-13,False
15954,18913,86,1612,,,,,,,,6,,1:03.72,,,,,232,True,Sprints,238,717,596.5,M,False,3,2024-04-12,2024-04-13,False
15980,18944,127,3630,,,,,,,,3,,11.36,,,,,233,True,Sprints,780,1120,1340.0,M,False,3,2024-04-12,2024-04-13,False
15981,18945,127,4516,,,,,,,,6,,53.49,,,,,233,True,Sprints,663,1069,1197.5,M,False,3,2024-04-12,2024-04-13,False
15982,18946,127,3635,,,,,,,,6,,54.49,,,,,233,True,Sprints,612,1031,1127.5,M,False,3,2024-04-12,2024-04-13,False
15983,18947,127,4936,,,,,,,,6,,55.86,,,,,233,True,Sprints,546,981,1036.5,M,False,3,2024-04-12,2024-04-13,False
15990,18954,10,5613,,,,,,,,3,,12.01,,,,,234,True,Sprints,610,988,1104.0,M,False,3,2024-04-12,2024-04-13,False
15991,18955,10,5614,,,,,,,,4,,25.36,,,,,234,True,Sprints,521,908,975.0,M,False,3,2024-04-12,2024-04-13,False
15992,18956,10,5615,,,,,,,,6,,54.21,,,,,234,True,Sprints,626,1042,1147.0,M,False,3,2024-04-12,2024-04-13,False
16011,18975,96,2492,,,,,,,,4,,25.07,,,,,235,True,Sprints,551,934,1018.0,M,False,3,2024-04-12,2024-04-13,False
16012,18977,96,2492,,,,,,,,6,,52.55,,,,,235,True,Sprints,713,1105,1265.5,M,False,3,2024-04-12,2024-04-13,False
16013,18978,96,1552,,,,,,,,6,,54.11,,,,,235,True,Sprints,632,1046,1155.0,M,False,3,2024-04-12,2024-04-13,False
16014,18980,96,5421,,,,,,,,6,,1:03.56,,,,,235,True,Sprints,243,722,604.0,M,False,3,2024-04-12,2024-04-13,False
16023,18990,58,3928,,,,,,,,3,,10.85,,,,,236,True,Sprints,928,1231,1543.5,M,False,3,2024-04-12,2024-04-13,False
16024,18991,58,3926,,,,,,,,3,,11.42,,,,,236,True,Sprints,764,1108,1318.0,M,False,3,2024-04-12,2024-04-13,False
16025,18992,58,3925,,,,,,,,3,,11.77,,,,,236,True,Sprints,671,1036,1189.0,M,False,3,2024-04-12,2024-04-13,False
16026,18993,58,3926,,,,,,,,4,,23.62,,,,,236,True,Sprints,715,1072,1251.0,M,False,3,2024-04-12,2024-04-13,False
16027,18994,58,3925,,,,,,,,4,,24.24,,,,,236,True,Sprints,642,1012,1148.0,M,False,3,2024-04-12,2024-04-13,False
16028,18995,58,2219,,,,,,,,6,,55.59,,,,,236,True,Sprints,559,991,1054.5,M,False,3,2024-04-12,2024-04-13,False
16045,18976,96,370,,,,,,,,4,,25.73,,,,,235,True,Sprints,483,875,920.5,M,False,3,2024-04-12,2024-04-13,False
16046,18979,96,370,,,,,,,,6,,55.42,,,,,235,True,Sprints,567,997,1065.5,M,False,3,2024-04-12,2024-04-13,False
16047,19010,146,3719,,,,,,,,3,,11.00,,,,,237,True,Sprints,883,1198,1482.0,M,False,3,2024-04-12,2024-04-13,False
16048,19011,146,4393,,,,,,,,3,,11.06,,,,,237,True,Sprints,866,1185,1458.5,M,False,3,2024-04-12,2024-04-13,False
16049,19012,146,3690,,,,,,,,3,,11.35,,,,,237,True,Sprints,783,1123,1344.5,M,False,3,2024-04-12,2024-04-13,False
16050,19013,146,3701,,,,,,,,3,,11.43,,,,,237,True,Sprints,761,1106,1314.0,M,False,3,2024-04-12,2024-04-13,False
16051,19014,146,3733,,,,,,,,3,,11.44,,,,,237,True,Sprints,758,1104,1310.0,M,False,3,2024-04-12,2024-04-13,False
16052,19015,146,3708,,,,,,,,3,,11.52,,,,,237,True,Sprints,736,1087,1279.5,M,False,3,2024-04-12,2024-04-13,False
16053,19016,146,3696,,,,,,,,3,,11.58,,,,,237,True,Sprints,720,1075,1257.5,M,False,3,2024-04-12,2024-04-13,False
16054,19017,146,3734,,,,,,,,3,,11.69,,,,,237,True,Sprints,691,1052,1217.0,M,False,3,2024-04-12,2024-04-13,False
16055,19018,146,3710,,,,,,,,3,,11.77,,,,,237,True,Sprints,671,1036,1189.0,M,False,3,2024-04-12,2024-04-13,False
16056,19019,146,4384,,,,,,,,3,,11.83,,,,,237,True,Sprints,655,1023,1166.5,M,False,3,2024-04-12,2024-04-13,False
16057,19020,146,3705,,,,,,,,3,,12.10,,,,,237,True,Sprints,588,970,1073.0,M,False,3,2024-04-12,2024-04-13,False
16058,19021,146,4386,,,,,,,,3,,12.33,,,,,237,True,Sprints,534,925,996.5,M,False,3,2024-04-12,2024-04-13,False
16059,19022,146,4379,,,,,,,,3,,12.63,,,,,237,True,Sprints,468,869,902.5,M,False,3,2024-04-12,2024-04-13,False
16060,19023,146,3699,,,,,,,,3,,12.84,,,,,237,True,Sprints,424,830,839.0,M,False,3,2024-04-12,2024-04-13,False
16061,19024,146,3709,,,,,,,,3,,12.97,,,,,237,True,Sprints,398,807,801.5,M,False,3,2024-04-12,2024-04-13,False
16062,19025,146,3690,,,,,,,,4,,22.04,,,,,237,True,Sprints,918,1232,1534.0,M,False,3,2024-04-12,2024-04-13,False
16063,19026,146,3719,,,,,,,,4,,22.26,,,,,237,True,Sprints,889,1209,1493.5,M,False,3,2024-04-12,2024-04-13,False
16064,19027,146,3701,,,,,,,,4,,22.69,,,,,237,True,Sprints,832,1165,1414.5,M,False,3,2024-04-12,2024-04-13,False
16065,19028,146,3733,,,,,,,,4,,22.88,,,,,237,True,Sprints,807,1146,1380.0,M,False,3,2024-04-12,2024-04-13,False
16066,19029,146,3696,,,,,,,,4,,23.35,,,,,237,True,Sprints,748,1098,1297.0,M,False,3,2024-04-12,2024-04-13,False
16067,19030,146,3734,,,,,,,,4,,23.37,,,,,237,True,Sprints,746,1096,1294.0,M,False,3,2024-04-12,2024-04-13,False
16068,19031,146,3710,,,,,,,,4,,24.09,,,,,237,True,Sprints,660,1026,1173.0,M,False,3,2024-04-12,2024-04-13,False
16069,19032,146,3687,,,,,,,,4,,24.19,,,,,237,True,Sprints,648,1017,1156.5,M,False,3,2024-04-12,2024-04-13,False
16070,19033,146,4384,,,,,,,,4,,26.56,,,,,237,True,Sprints,405,803,806.5,M,False,3,2024-04-12,2024-04-13,False
16071,19034,146,4150,,,,,,,,6,,52.35,,,,,237,True,Sprints,724,1112,1280.0,M,False,3,2024-04-12,2024-04-13,False
16072,19035,146,3696,,,,,,,,6,,53.50,,,,,237,True,Sprints,663,1069,1197.5,M,False,3,2024-04-12,2024-04-13,False
16073,19036,146,3708,,,,,,,,6,,54.28,,,,,237,True,Sprints,623,1039,1142.5,M,False,3,2024-04-12,2024-04-13,False
16074,19037,146,3688,,,,,,,,6,,54.85,,,,,237,True,Sprints,594,1018,1103.0,M,False,3,2024-04-12,2024-04-13,False
16075,19038,146,1409,,,,,,,,6,,56.44,,,,,237,True,Sprints,519,960,999.0,M,False,3,2024-04-12,2024-04-13,False
16076,19039,146,4387,,,,,,,,6,,56.72,,,,,237,True,Sprints,506,950,981.0,M,False,3,2024-04-12,2024-04-13,False
16103,19072,79,3610,,,,,,,,4,,23.93,,,,,238,True,Sprints,678,1042,1199.0,M,False,3,2024-04-12,2024-04-13,False
16190,19159,61,4036,,,,,,,,6,,52.62,,,,,241,True,Sprints,709,1102,1260.0,M,False,3,2024-04-13,2024-04-13,False
16191,19160,61,2273,,,,,,,,6,,52.96,,,,,241,True,Sprints,691,1089,1235.5,M,False,3,2024-04-13,2024-04-13,False
16192,19161,61,4050,,,,,,,,6,,56.82,,,,,241,True,Sprints,501,947,974.5,M,False,3,2024-04-13,2024-04-13,False
16193,19162,61,4621,,,,,,,,3,,10.81,,,,,241,True,Sprints,940,1239,1559.5,M,False,3,2024-04-13,2024-04-13,False
16194,19163,61,4944,,,,,,,,3,,11.11,,,,,241,True,Sprints,851,1174,1438.0,M,False,3,2024-04-13,2024-04-13,False
16195,19164,61,2289,,,,,,,,3,,11.42,,,,,241,True,Sprints,764,1108,1318.0,M,False,3,2024-04-13,2024-04-13,False
16196,19165,61,4626,,,,,,,,3,,11.56,,,,,241,True,Sprints,726,1079,1265.5,M,False,3,2024-04-13,2024-04-13,False
16197,19166,61,4042,,,,,,,,3,,11.58,,,,,241,True,Sprints,720,1075,1257.5,M,False,3,2024-04-13,2024-04-13,False
16198,19167,61,5633,,,,,,,,3,,11.75,,,,,241,True,Sprints,676,1040,1196.0,M,False,3,2024-04-13,2024-04-13,False
16208,19177,61,4623,,,,,,,,4,,22.95,,,,,241,True,Sprints,798,1139,1367.5,M,False,3,2024-04-13,2024-04-13,False
16209,19178,61,4944,,,,,,,,4,,23.21,,,,,241,True,Sprints,766,1112,1322.0,M,False,3,2024-04-13,2024-04-13,False
16210,19179,61,4036,,,,,,,,4,,25.04,,,,,241,True,Sprints,554,937,1022.5,M,False,3,2024-04-13,2024-04-13,False
16211,19180,61,4626,,,,,,,,4,,25.13,,,,,241,True,Sprints,545,929,1009.5,M,False,3,2024-04-13,2024-04-13,False
16212,19181,61,5633,,,,,,,,4,,25.51,,,,,241,True,Sprints,505,895,952.5,M,False,3,2024-04-13,2024-04-13,False
16213,19182,61,5634,,,,,,,,4,,25.78,,,,,241,True,Sprints,478,870,913.0,M,False,3,2024-04-13,2024-04-13,False
16214,19183,61,4050,,,,,,,,4,,26.10,,,,,241,True,Sprints,447,842,868.0,M,False,3,2024-04-13,2024-04-13,False
16257,19227,59,1622,,,,,,,,3,,11.13,,,,,242,True,Sprints,845,1169,1429.5,M,False,3,2024-04-13,2024-04-13,False
16258,19228,59,3896,,,,,,,,3,,11.20,,,,,242,True,Sprints,825,1154,1402.0,M,False,3,2024-04-13,2024-04-13,False
16259,19229,59,4083,,,,,,,,3,,11.38,,,,,242,True,Sprints,775,1116,1333.0,M,False,3,2024-04-13,2024-04-13,False
16260,19230,59,3908,,,,,,,,3,,11.43,,,,,242,True,Sprints,761,1106,1314.0,M,False,3,2024-04-13,2024-04-13,False
16261,19231,59,1622,,,,,,,,4,,22.83,,,,,242,True,Sprints,814,1151,1389.5,M,False,3,2024-04-13,2024-04-13,False
16262,19232,59,3896,,,,,,,,4,,22.85,,,,,242,True,Sprints,811,1149,1385.5,M,False,3,2024-04-13,2024-04-13,False
16263,19233,59,4522,,,,,,,,4,,22.90,,,,,242,True,Sprints,805,1144,1377.0,M,False,3,2024-04-13,2024-04-13,False
16264,19234,59,3908,,,,,,,,4,,23.37,,,,,242,True,Sprints,746,1096,1294.0,M,False,3,2024-04-13,2024-04-13,False
16265,19235,59,3902,,,,,,,,4,,23.77,,,,,242,True,Sprints,697,1057,1225.5,M,False,3,2024-04-13,2024-04-13,False
16266,19236,59,3907,,,,,,,,4,,24.14,,,,,242,True,Sprints,654,1021,1164.5,M,False,3,2024-04-13,2024-04-13,False
16267,19237,59,3919,,,,,,,,4,,24.39,,,,,242,True,Sprints,625,998,1124.0,M,False,3,2024-04-13,2024-04-13,False
16268,19238,59,4077,,,,,,,,4,,24.73,,,,,242,True,Sprints,588,966,1071.0,M,False,3,2024-04-13,2024-04-13,False
16269,19239,59,3912,,,,,,,,6,,52.37,,,,,242,True,Sprints,723,1112,1279.0,M,False,3,2024-04-13,2024-04-13,False
16270,19240,59,3902,,,,,,,,6,,52.86,,,,,242,True,Sprints,697,1093,1243.5,M,False,3,2024-04-13,2024-04-13,False
16271,19241,59,3907,,,,,,,,6,,52.96,,,,,242,True,Sprints,691,1089,1235.5,M,False,3,2024-04-13,2024-04-13,False
16272,19242,59,1624,,,,,,,,6,,52.97,,,,,242,True,Sprints,691,1089,1235.5,M,False,3,2024-04-13,2024-04-13,False
16273,19243,59,3919,,,,,,,,6,,55.35,,,,,242,True,Sprints,570,1000,1070.0,M,False,3,2024-04-13,2024-04-13,False
16274,19244,59,4077,,,,,,,,6,,58.94,,,,,242,True,Sprints,410,873,846.5,M,False,3,2024-04-13,2024-04-13,False
16275,19245,59,4081,,,,,,,,6,,1:12.12,,,,,242,True,Sprints,48,480,288.0,M,False,3,2024-04-13,2024-04-13,False
16326,19296,107,3622,,,,,,,,3,,11.76,,,,,244,True,Sprints,673,1038,1192.0,M,False,3,2024-04-13,2024-04-13,False
16327,19297,107,3622,,,,,,,,4,,22.43,,,,,244,True,Sprints,866,1192,1462.0,M,False,3,2024-04-13,2024-04-13,False
16328,19298,107,3624,,,,,,,,4,,22.60,,,,,244,True,Sprints,844,1174,1431.0,M,False,3,2024-04-13,2024-04-13,False
16331,19301,112,5644,,,,,,,,3,,11.35,,,,,244,True,Sprints,783,1123,1344.5,M,False,3,2024-04-13,2024-04-13,False
16332,19302,112,3764,,,,,,,,3,,11.48,,,,,244,True,Sprints,747,1095,1294.5,M,False,3,2024-04-13,2024-04-13,False
16333,19303,112,5644,,,,,,,,4,,23.73,,,,,244,True,Sprints,702,1061,1232.5,M,False,3,2024-04-13,2024-04-13,False
16334,19304,112,4514,,,,,,,,4,,24.50,,,,,244,True,Sprints,613,987,1106.5,M,False,3,2024-04-13,2024-04-13,False
16372,19342,116,3944,,,,,,,,3,,11.42,,,,,245,True,Sprints,764,1108,1318.0,M,False,3,2024-04-13,2024-04-13,False
16373,19343,116,3943,,,,,,,,3,,12.32,,,,,245,True,Sprints,537,927,1000.5,M,False,3,2024-04-13,2024-04-13,False
16374,19344,116,3947,,,,,,,,3,,12.34,,,,,245,True,Sprints,532,923,993.5,M,False,3,2024-04-13,2024-04-13,False
16375,19345,116,3952,,,,,,,,3,,12.55,,,,,245,True,Sprints,485,884,927.0,M,False,3,2024-04-13,2024-04-13,False
16376,19346,116,4531,,,,,,,,3,,13.62,,,,,245,True,Sprints,279,694,626.0,M,False,3,2024-04-13,2024-04-13,False
16377,19347,116,350,,,,,,,,3,,13.81,,,,,245,True,Sprints,249,663,580.5,M,False,3,2024-04-13,2024-04-13,False
16378,19348,116,3944,,,,,,,,4,,23.25,,,,,245,True,Sprints,761,1108,1315.0,M,False,3,2024-04-13,2024-04-13,False
16379,19349,116,3942,,,,,,,,4,,24.10,,,,,245,True,Sprints,659,1025,1171.5,M,False,3,2024-04-13,2024-04-13,False
16380,19350,116,3943,,,,,,,,4,,24.60,,,,,245,True,Sprints,602,978,1091.0,M,False,3,2024-04-13,2024-04-13,False
16381,19351,116,3947,,,,,,,,4,,25.08,,,,,245,True,Sprints,550,933,1016.5,M,False,3,2024-04-13,2024-04-13,False
16382,19352,116,4534,,,,,,,,4,,26.53,,,,,245,True,Sprints,407,805,809.5,M,False,3,2024-04-13,2024-04-13,False
16383,19353,116,350,,,,,,,,4,,27.59,,,,,245,True,Sprints,317,718,676.0,M,False,3,2024-04-13,2024-04-13,False
16384,19354,116,4531,,,,,,,,4,,27.89,,,,,245,True,Sprints,293,694,640.0,M,False,3,2024-04-13,2024-04-13,False
16385,19355,116,3946,,,,,,,,6,,53.83,,,,,245,True,Sprints,646,1056,1174.0,M,False,3,2024-04-13,2024-04-13,False
16386,19356,116,3942,,,,,,,,6,,53.89,,,,,245,True,Sprints,643,1054,1170.0,M,False,3,2024-04-13,2024-04-13,False
16387,19357,116,5646,,,,,,,,6,,56.02,,,,,245,True,Sprints,538,975,1025.5,M,False,3,2024-04-13,2024-04-13,False
16388,19358,116,3949,,,,,,,,6,,56.71,,,,,245,True,Sprints,506,950,981.0,M,False,3,2024-04-13,2024-04-13,False
16409,19379,104,2040,,,,,,,,3,,14.27,,,,,246,True,Sprints,182,591,477.5,M,False,3,2024-04-13,2024-04-13,False
16410,19380,104,2053,,,,,,,,3,,15.13,,,,,246,True,Sprints,85,466,318.0,M,False,3,2024-04-13,2024-04-13,False
16411,19381,104,3772,,,,,,,,4,,24.57,,,,,246,True,Sprints,605,981,1095.5,M,False,3,2024-04-13,2024-04-13,False
16412,19382,104,3772,,,,,,,,6,,53.73,,,,,246,True,Sprints,651,1060,1181.0,M,False,3,2024-04-13,2024-04-13,False
16429,19399,121,2807,,,,,,,,4,,26.16,,,,,247,True,Sprints,442,837,860.5,M,False,3,2024-04-18,2024-04-19,False
16430,19400,121,3963,,,,,,,,4,,27.19,,,,,247,True,Sprints,349,750,724.0,M,False,3,2024-04-18,2024-04-19,False
16431,19401,121,2807,,,,,,,,6,,57.06,,,,,247,True,Sprints,491,938,960.0,M,False,3,2024-04-18,2024-04-19,False
16451,19421,56,3578,,,,,,,,3,,10.50,,,,,248,True,Sprints,1037,1309,1691.5,M,False,3,2024-04-18,2024-04-20,False
16452,19422,108,3983,,,,,,,,3,,10.86,,,,,248,True,Sprints,925,1228,1539.0,M,False,3,2024-04-18,2024-04-20,False
16453,19423,56,3578,,,,,,,,4,,21.64,,,,,248,True,Sprints,974,1275,1611.5,M,False,3,2024-04-18,2024-04-20,False
16454,19424,107,3622,,,,,,,,3,,11.33,,,,,249,True,Sprints,789,1127,1352.5,M,False,3,2024-04-19,2024-04-20,False
16455,19425,107,3622,,,,,,,,4,,22.54,,,,,249,True,Sprints,851,1180,1441.0,M,False,3,2024-04-19,2024-04-20,False
16456,19426,107,3624,,,,,,,,4,,22.83,,,,,249,True,Sprints,814,1151,1389.5,M,False,3,2024-04-19,2024-04-20,False
16466,19438,116,3951,,,,,,,,3,,10.63,,,,,250,True,Sprints,996,1280,1636.0,M,False,3,2024-04-19,2024-04-20,False
16467,19439,116,3951,,,,,,,,4,,22.36,,,,,250,True,Sprints,875,1199,1474.5,M,False,3,2024-04-19,2024-04-20,False
16481,19456,169,4451,,,,,,,,3,,11.93,,,,,251,True,Sprints,630,1003,1131.5,M,False,3,2024-04-19,2024-04-20,False
16482,19457,169,4736,,,,,,,,3,,13.05,,,,,251,True,Sprints,382,792,778.0,M,False,3,2024-04-19,2024-04-20,False
16483,19458,169,4735,,,,,,,,3,,13.06,,,,,251,True,Sprints,380,791,775.5,M,False,3,2024-04-19,2024-04-20,False
16484,19459,169,4734,,,,,,,,3,,13.07,,,,,251,True,Sprints,378,789,772.5,M,False,3,2024-04-19,2024-04-20,False
16485,19460,169,4735,,,,,,,,4,,26.03,,,,,251,True,Sprints,454,849,878.5,M,False,3,2024-04-19,2024-04-20,False
16486,19461,169,4736,,,,,,,,4,,27.33,,,,,251,True,Sprints,338,739,707.5,M,False,3,2024-04-19,2024-04-20,False
16487,19462,169,5649,,,,,,,,6,,54.02,,,,,251,True,Sprints,636,1049,1160.5,M,False,3,2024-04-19,2024-04-20,False
16488,19463,169,4735,,,,,,,,6,,58.16,,,,,251,True,Sprints,443,899,892.5,M,False,3,2024-04-19,2024-04-20,False
16489,19464,169,4734,,,,,,,,6,,59.03,,,,,251,True,Sprints,406,869,840.5,M,False,3,2024-04-19,2024-04-20,False
16522,19498,116,3947,,,,,,,,3,,11.81,,,,,252,True,Sprints,660,1028,1174.0,M,False,3,2024-04-19,2024-04-19,False
16523,19499,116,3942,,,,,,,,3,,11.94,,,,,252,True,Sprints,628,1001,1128.5,M,False,3,2024-04-19,2024-04-19,False
16524,19500,116,3950,,,,,,,,3,,11.95,,,,,252,True,Sprints,625,999,1124.5,M,False,3,2024-04-19,2024-04-19,False
16525,19501,116,3952,,,,,,,,3,,12.10,,,,,252,True,Sprints,588,970,1073.0,M,False,3,2024-04-19,2024-04-19,False
16526,19502,116,350,,,,,,,,3,,13.24,,,,,252,True,Sprints,346,759,725.5,M,False,3,2024-04-19,2024-04-19,False
16527,19503,116,3944,,,,,,,,3,,11.11,,,,,252,True,Sprints,851,1174,1438.0,M,False,3,2024-04-19,2024-04-19,False
16528,19504,116,3946,,,,,,,,3,,11.50,,,,,252,True,Sprints,742,1091,1287.5,M,False,3,2024-04-19,2024-04-19,False
16529,19505,116,3944,,,,,,,,4,,23.19,,,,,252,True,Sprints,768,1114,1325.0,M,False,3,2024-04-19,2024-04-19,False
16530,19506,116,3942,,,,,,,,4,,24.07,,,,,252,True,Sprints,662,1028,1176.0,M,False,3,2024-04-19,2024-04-19,False
16531,19507,116,3947,,,,,,,,4,,24.93,,,,,252,True,Sprints,566,947,1039.5,M,False,3,2024-04-19,2024-04-19,False
16532,19508,116,4538,,,,,,,,4,,26.01,,,,,252,True,Sprints,456,850,881.0,M,False,3,2024-04-19,2024-04-19,False
16533,19509,116,4534,,,,,,,,4,,26.69,,,,,252,True,Sprints,393,792,789.0,M,False,3,2024-04-19,2024-04-19,False
16534,19510,116,4531,,,,,,,,4,,27.20,,,,,252,True,Sprints,349,750,724.0,M,False,3,2024-04-19,2024-04-19,False
16535,19511,116,350,,,,,,,,4,,27.36,,,,,252,True,Sprints,335,736,703.0,M,False,3,2024-04-19,2024-04-19,False
16536,19512,116,5646,,,,,,,,6,,56.69,,,,,252,True,Sprints,507,951,982.5,M,False,3,2024-04-19,2024-04-19,False
16537,19513,116,3949,,,,,,,,6,,57.14,,,,,252,True,Sprints,487,935,954.5,M,False,3,2024-04-19,2024-04-19,False
16604,19585,164,4120,,,,,,,,3,,12.84,,,,,253,True,Sprints,424,830,839.0,M,False,3,2024-04-19,2024-04-20,False
16605,19586,164,5653,,,,,,,,3,,14.23,,,,,253,True,Sprints,187,597,485.5,M,False,3,2024-04-19,2024-04-20,False
16606,19587,164,5653,,,,,,,,4,,27.28,,,,,253,True,Sprints,342,743,713.5,M,False,3,2024-04-19,2024-04-20,False
16607,19588,164,5653,,,,,,,,6,,1:03.75,,,,,253,True,Sprints,237,716,595.0,M,False,3,2024-04-19,2024-04-20,False
16630,19611,167,5238,,,,,,,,3,,11.00,,,,,253,True,Sprints,883,1198,1482.0,M,False,3,2024-04-19,2024-04-20,False
16631,19612,167,5246,,,,,,,,3,,11.45,,,,,253,True,Sprints,755,1102,1306.0,M,False,3,2024-04-19,2024-04-20,False
16632,19613,167,5234,,,,,,,,3,,11.52,,,,,253,True,Sprints,736,1087,1279.5,M,False,3,2024-04-19,2024-04-20,False
16633,19614,167,5240,,,,,,,,3,,12.31,,,,,253,True,Sprints,539,929,1003.5,M,False,3,2024-04-19,2024-04-20,False
16634,19615,167,5221,,,,,,,,3,,12.33,,,,,253,True,Sprints,534,925,996.5,M,False,3,2024-04-19,2024-04-20,False
16635,19616,167,5284,,,,,,,,3,,12.84,,,,,253,True,Sprints,424,830,839.0,M,False,3,2024-04-19,2024-04-20,False
16636,19617,167,5238,,,,,,,,4,,22.40,,,,,253,True,Sprints,870,1195,1467.5,M,False,3,2024-04-19,2024-04-20,False
16637,19618,167,5246,,,,,,,,4,,22.60,,,,,253,True,Sprints,844,1174,1431.0,M,False,3,2024-04-19,2024-04-20,False
16638,19619,167,5248,,,,,,,,4,,23.58,,,,,253,True,Sprints,720,1076,1258.0,M,False,3,2024-04-19,2024-04-20,False
16639,19620,167,5250,,,,,,,,4,,23.80,,,,,253,True,Sprints,694,1054,1221.0,M,False,3,2024-04-19,2024-04-20,False
16640,19621,167,5221,,,,,,,,4,,25.08,,,,,253,True,Sprints,550,933,1016.5,M,False,3,2024-04-19,2024-04-20,False
16641,19622,167,5226,,,,,,,,4,,25.37,,,,,253,True,Sprints,520,907,973.5,M,False,3,2024-04-19,2024-04-20,False
16642,19623,167,5240,,,,,,,,4,,25.40,,,,,253,True,Sprints,517,904,969.0,M,False,3,2024-04-19,2024-04-20,False
16643,19624,167,5284,,,,,,,,4,,26.17,,,,,253,True,Sprints,441,836,859.0,M,False,3,2024-04-19,2024-04-20,False
16644,19625,167,5248,,,,,,,,6,,50.78,,,,,253,True,Sprints,812,1174,1399.0,M,False,3,2024-04-19,2024-04-20,False
16645,19626,167,4438,,,,,,,,6,,52.44,,,,,253,True,Sprints,719,1109,1273.5,M,False,3,2024-04-19,2024-04-20,False
16646,19627,167,5250,,,,,,,,6,,53.64,,,,,253,True,Sprints,656,1063,1187.5,M,False,3,2024-04-19,2024-04-20,False
16647,19628,167,4439,,,,,,,,6,,54.31,,,,,253,True,Sprints,621,1038,1140.0,M,False,3,2024-04-19,2024-04-20,False
16648,19629,167,5226,,,,,,,,6,,56.02,,,,,253,True,Sprints,538,975,1025.5,M,False,3,2024-04-19,2024-04-20,False
16649,19630,167,790,,,,,,,,6,,1:03.83,,,,,253,True,Sprints,234,713,590.5,M,False,3,2024-04-19,2024-04-20,False
16741,19727,203,4405,,,,5065.0,,1732.0,,3,,11.02,,,,,254,True,Sprints,877,1193,1473.5,M,False,3,2024-04-20,2024-04-20,False
16742,19728,203,4413,,,,,,,,3,,11.36,,,,,254,True,Sprints,780,1120,1340.0,M,False,3,2024-04-20,2024-04-20,False
16743,19729,203,4509,,,,,,,,3,,11.42,,,,,254,True,Sprints,764,1108,1318.0,M,False,3,2024-04-20,2024-04-20,False
16744,19730,203,4510,,,,,,,,3,,11.69,,,,,254,True,Sprints,691,1052,1217.0,M,False,3,2024-04-20,2024-04-20,False
16745,19731,203,4424,,,,,,,,3,,12.51,,,,,254,True,Sprints,494,891,939.5,M,False,3,2024-04-20,2024-04-20,False
16746,19732,203,4415,,,,,,,,3,,12.63,,,,,254,True,Sprints,468,869,902.5,M,False,3,2024-04-20,2024-04-20,False
16747,19733,203,5566,,,,,,,,4,,22.40,,,,,254,True,Sprints,870,1195,1467.5,M,False,3,2024-04-20,2024-04-20,False
16748,19734,203,4509,,,,,,,,4,,22.86,,,,,254,True,Sprints,810,1148,1384.0,M,False,3,2024-04-20,2024-04-20,False
16749,19735,203,4419,,,,,,,,4,,23.74,,,,,254,True,Sprints,701,1060,1231.0,M,False,3,2024-04-20,2024-04-20,False
16750,19736,203,4510,,,,,,,,4,,24.28,,,,,254,True,Sprints,638,1008,1142.0,M,False,3,2024-04-20,2024-04-20,False
16751,19737,203,4424,,,,,,,,4,,24.94,,,,,254,True,Sprints,565,946,1038.0,M,False,3,2024-04-20,2024-04-20,False
16752,19738,203,4415,,,,,,,,4,,25.15,,,,,254,True,Sprints,543,927,1006.5,M,False,3,2024-04-20,2024-04-20,False
16753,19739,203,4418,,,,,,,,4,,25.83,,,,,254,True,Sprints,474,866,907.0,M,False,3,2024-04-20,2024-04-20,False
16754,19740,203,5037,,,,,,,,4,,26.36,,,,,254,True,Sprints,423,820,833.0,M,False,3,2024-04-20,2024-04-20,False
16755,19741,203,4420,,,,,,,,4,,27.79,,,,,254,True,Sprints,301,702,652.0,M,False,3,2024-04-20,2024-04-20,False
16756,19742,203,5566,,,,,,,,6,,49.32,,,,,254,True,Sprints,898,1233,1514.5,M,False,3,2024-04-20,2024-04-20,False
16757,19743,203,4423,,,,,,,,6,,52.65,,,,,254,True,Sprints,708,1101,1258.5,M,False,3,2024-04-20,2024-04-20,False
16758,19744,203,5037,,,,,,,,6,,57.76,,,,,254,True,Sprints,460,913,916.5,M,False,3,2024-04-20,2024-04-20,False
16772,19759,203,1908,,,,,,,,3,,13.09,,,,,254,True,Sprints,374,785,766.5,M,False,3,2024-04-20,2024-04-20,False
16773,19760,203,1900,,,,,,,,3,,13.59,,,,,254,True,Sprints,284,699,633.5,M,False,3,2024-04-20,2024-04-20,False
16774,19761,203,1883,,,,,,,,3,,13.96,,,,,254,True,Sprints,226,639,545.5,M,False,3,2024-04-20,2024-04-20,False
16808,19800,112,3764,,,,,,,,3,,11.34,,,,,255,True,Sprints,786,1125,1348.5,M,False,3,2024-04-20,2024-04-20,False
16809,19801,112,5661,,,,,,,,4,,25.36,,,,,255,True,Sprints,521,908,975.0,M,False,3,2024-04-20,2024-04-20,False
16810,19802,112,5661,,,,,,,,6,,56.10,,,,,255,True,Sprints,534,972,1020.0,M,False,3,2024-04-20,2024-04-20,False
16885,19876,117,30,,,,,,,,6,,53.10,,,,,256,True,Sprints,684,1084,1226.0,M,False,3,2024-04-20,2024-04-20,False
16886,19877,56,3809,,,,,,,,6,,53.25,,,,,256,True,Sprints,676,1078,1215.0,M,False,3,2024-04-20,2024-04-20,False
16887,19878,56,3801,,,,,,,,6,,53.65,,,,,256,True,Sprints,655,1063,1186.5,M,False,3,2024-04-20,2024-04-20,False
16888,19879,56,152,,,,,,,,6,,53.96,,,,,256,True,Sprints,639,1051,1164.5,M,False,3,2024-04-20,2024-04-20,False
16889,19880,117,182,,,,,,,,6,,54.75,,,,,256,True,Sprints,599,1022,1110.0,M,False,3,2024-04-20,2024-04-20,False
16890,19881,56,3576,,,,,,,,6,,55.20,,,,,256,True,Sprints,577,1005,1079.5,M,False,3,2024-04-20,2024-04-20,False
16891,19882,117,3996,,,,,,,,6,,55.52,,,,,256,True,Sprints,562,993,1058.5,M,False,3,2024-04-20,2024-04-20,False
16892,19883,117,47,,,,,,,,6,,1:02.23,,,,,256,True,Sprints,286,764,668.0,M,False,3,2024-04-20,2024-04-20,False
16893,19884,117,5664,,,,,,,,6,,1:03.81,,,,,256,True,Sprints,235,714,592.0,M,False,3,2024-04-20,2024-04-20,False
16894,19885,117,54,,,,,,,,6,,1:15.32,,,,,256,True,Sprints,13,402,214.0,M,False,3,2024-04-20,2024-04-20,False
16924,19918,117,4924,,,,,,,,3,,11.52,,,,,256,True,Sprints,736,1087,1279.5,M,False,3,2024-04-20,2024-04-20,False
16925,19920,56,3576,,,,,,,,3,,11.63,,,,,256,True,Sprints,707,1064,1239.0,M,False,3,2024-04-20,2024-04-20,False
16926,19921,56,3570,,,,,,,,3,,11.69,,,,,256,True,Sprints,691,1052,1217.0,M,False,3,2024-04-20,2024-04-20,False
16927,19922,117,5668,,,,,,,,3,,11.70,,,,,256,True,Sprints,689,1050,1214.0,M,False,3,2024-04-20,2024-04-20,False
16928,19923,56,4111,,,,,,,,3,,11.72,,,,,256,True,Sprints,684,1046,1207.0,M,False,3,2024-04-20,2024-04-20,False
16929,19924,56,3567,,,,,,,,3,,12.10,,,,,256,True,Sprints,588,970,1073.0,M,False,3,2024-04-20,2024-04-20,False
16930,19925,117,4002,,,,,,,,3,,12.16,,,,,256,True,Sprints,574,958,1053.0,M,False,3,2024-04-20,2024-04-20,False
16931,19926,117,3993,,,,,,,,3,,12.16,,,,,256,True,Sprints,574,958,1053.0,M,False,3,2024-04-20,2024-04-20,False
16932,19927,56,4456,,,,,,,,3,,12.31,,,,,256,True,Sprints,539,929,1003.5,M,False,3,2024-04-20,2024-04-20,False
16933,19928,56,3577,,,,,,,,3,,12.32,,,,,256,True,Sprints,537,927,1000.5,M,False,3,2024-04-20,2024-04-20,False
16934,19929,117,47,,,,,,,,3,,13.22,,,,,256,True,Sprints,350,762,731.0,M,False,3,2024-04-20,2024-04-20,False
16935,19930,117,3997,,,,,,,,3,,14.31,,,,,256,True,Sprints,176,585,468.5,M,False,3,2024-04-20,2024-04-20,False
16936,19932,117,54,,,,,,,,3,,16.38,,,,,256,True,Sprints,9,312,165.0,M,False,3,2024-04-20,2024-04-20,False
16963,19962,56,3576,,,,,,,,4,,23.78,,,,,256,True,Sprints,696,1056,1224.0,M,False,3,2024-04-20,2024-04-20,False
16964,19963,56,3570,,,,,,,,4,,24.03,,,,,256,True,Sprints,667,1032,1183.0,M,False,3,2024-04-20,2024-04-20,False
16965,19964,56,3801,,,,,,,,4,,24.13,,,,,256,True,Sprints,655,1022,1166.0,M,False,3,2024-04-20,2024-04-20,False
16966,19965,117,5668,,,,,,,,4,,24.30,,,,,256,True,Sprints,636,1006,1139.0,M,False,3,2024-04-20,2024-04-20,False
16967,19966,56,3567,,,,,,,,4,,24.31,,,,,256,True,Sprints,634,1005,1136.5,M,False,3,2024-04-20,2024-04-20,False
16968,19967,117,3993,,,,,,,,4,,25.13,,,,,256,True,Sprints,545,929,1009.5,M,False,3,2024-04-20,2024-04-20,False
16971,19968,56,5669,,,,,,,,4,,25.49,,,,,256,True,Sprints,508,896,956.0,M,False,3,2024-04-20,2024-04-20,False
16972,19969,117,4100,,,,,,,,4,,25.58,,,,,256,True,Sprints,498,888,942.0,M,False,3,2024-04-20,2024-04-20,False
16973,19970,56,4456,,,,,,,,4,,26.78,,,,,256,True,Sprints,385,784,777.0,M,False,3,2024-04-20,2024-04-20,False
16974,19971,117,47,,,,,,,,4,,27.35,,,,,256,True,Sprints,336,737,704.5,M,False,3,2024-04-20,2024-04-20,False
16975,19972,117,3997,,,,,,,,4,,30.81,,,,,256,True,Sprints,111,483,352.5,M,False,3,2024-04-20,2024-04-20,False
16976,19973,117,54,,,,,,,,4,,34.43,,,,,256,True,Sprints,5,274,142.0,M,False,3,2024-04-20,2024-04-20,False
17024,20029,59,3908,,,,,,,,3,,11.27,,,,,257,True,Sprints,805,1139,1374.5,M,False,3,2024-04-20,2024-04-20,False
17025,20030,59,1622,,,,,,,,3,,11.33,,,,,257,True,Sprints,789,1127,1352.5,M,False,3,2024-04-20,2024-04-20,False
17026,20031,59,3896,,,,,,,,3,,11.36,,,,,257,True,Sprints,780,1120,1340.0,M,False,3,2024-04-20,2024-04-20,False
17027,20032,59,3912,,,,,,,,3,,11.71,,,,,257,True,Sprints,686,1048,1210.0,M,False,3,2024-04-20,2024-04-20,False
17028,20033,59,3912,,,,,,,,4,,23.03,,,,,257,True,Sprints,788,1130,1353.0,M,False,3,2024-04-20,2024-04-20,False
17029,20034,59,3908,,,,,,,,4,,23.29,,,,,257,True,Sprints,756,1104,1308.0,M,False,3,2024-04-20,2024-04-20,False
17030,20035,59,3896,,,,,,,,4,,23.33,,,,,257,True,Sprints,751,1100,1301.0,M,False,3,2024-04-20,2024-04-20,False
17031,20036,59,3902,,,,,,,,4,,23.92,,,,,257,True,Sprints,680,1043,1201.5,M,False,3,2024-04-20,2024-04-20,False
17032,20037,59,3907,,,,,,,,4,,23.97,,,,,257,True,Sprints,674,1038,1193.0,M,False,3,2024-04-20,2024-04-20,False
17033,20038,59,1624,,,,,,,,4,,24.48,,,,,257,True,Sprints,615,989,1109.5,M,False,3,2024-04-20,2024-04-20,False
17034,20039,59,3900,,,,,,,,4,,24.58,,,,,257,True,Sprints,604,980,1094.0,M,False,3,2024-04-20,2024-04-20,False
17035,20040,59,3919,,,,,,,,4,,24.86,,,,,257,True,Sprints,574,954,1051.0,M,False,3,2024-04-20,2024-04-20,False
17036,20041,59,4077,,,,,,,,4,,25.08,,,,,257,True,Sprints,550,933,1016.5,M,False,3,2024-04-20,2024-04-20,False
17037,20042,59,3907,,,,,,,,6,,53.50,,,,,257,True,Sprints,663,1069,1197.5,M,False,3,2024-04-20,2024-04-20,False
17038,20043,59,1624,,,,,,,,6,,53.54,,,,,257,True,Sprints,661,1067,1194.5,M,False,3,2024-04-20,2024-04-20,False
17039,20044,59,3902,,,,,,,,6,,54.72,,,,,257,True,Sprints,601,1023,1112.5,M,False,3,2024-04-20,2024-04-20,False
17040,20045,59,3916,,,,,,,,6,,55.93,,,,,257,True,Sprints,542,979,1031.5,M,False,3,2024-04-20,2024-04-20,False
17041,20046,59,3909,,,,,,,,6,,56.42,,,,,257,True,Sprints,520,961,1000.5,M,False,3,2024-04-20,2024-04-20,False
17042,20047,59,1631,,,,,,,,6,,56.71,,,,,257,True,Sprints,506,950,981.0,M,False,3,2024-04-20,2024-04-20,False
17043,20048,59,4077,,,,,,,,6,,58.61,,,,,257,True,Sprints,424,884,866.0,M,False,3,2024-04-20,2024-04-20,False
17093,20100,146,3719,,,,,,,,3,,11.29,,,,,258,True,Sprints,800,1135,1367.5,M,False,3,2024-04-20,2024-04-20,False
17094,20101,146,3689,,,,,,,,3,,11.38,,,,,258,True,Sprints,775,1116,1333.0,M,False,3,2024-04-20,2024-04-20,False
17095,20102,146,3698,,,,,,,,3,,11.47,,,,,258,True,Sprints,750,1097,1298.5,M,False,3,2024-04-20,2024-04-20,False
17096,20103,146,3701,,,,,,,,3,,11.52,,,,,258,True,Sprints,736,1087,1279.5,M,False,3,2024-04-20,2024-04-20,False
17097,20104,146,3690,,,,,,,,3,,11.56,,,,,258,True,Sprints,726,1079,1265.5,M,False,3,2024-04-20,2024-04-20,False
17098,20105,146,3734,,,,,,,,3,,11.82,,,,,258,True,Sprints,658,1026,1171.0,M,False,3,2024-04-20,2024-04-20,False
17099,20106,146,3708,,,,,,,,3,,11.89,,,,,258,True,Sprints,640,1011,1145.5,M,False,3,2024-04-20,2024-04-20,False
17100,20107,146,4149,,,,,,,,3,,11.92,,,,,258,True,Sprints,633,1005,1135.5,M,False,3,2024-04-20,2024-04-20,False
17101,20108,146,3710,,,,,,,,3,,12.09,,,,,258,True,Sprints,591,972,1077.0,M,False,3,2024-04-20,2024-04-20,False
17102,20109,146,4384,,,,,,,,3,,12.10,,,,,258,True,Sprints,588,970,1073.0,M,False,3,2024-04-20,2024-04-20,False
17103,20110,146,3728,,,,,,,,3,,12.11,,,,,258,True,Sprints,586,968,1070.0,M,False,3,2024-04-20,2024-04-20,False
17104,20111,146,3687,,,,,,,,3,,12.30,,,,,258,True,Sprints,541,931,1006.5,M,False,3,2024-04-20,2024-04-20,False
17105,20112,146,4386,,,,,,,,3,,12.32,,,,,258,True,Sprints,537,927,1000.5,M,False,3,2024-04-20,2024-04-20,False
17106,20113,146,3725,,,,,,,,3,,12.49,,,,,258,True,Sprints,498,895,945.5,M,False,3,2024-04-20,2024-04-20,False
17107,20114,146,3694,,,,,,,,3,,12.61,,,,,258,True,Sprints,472,872,908.0,M,False,3,2024-04-20,2024-04-20,False
17108,20115,146,3721,,,,,,,,3,,12.62,,,,,258,True,Sprints,470,870,905.0,M,False,3,2024-04-20,2024-04-20,False
17109,20116,146,3730,,,,,,,,3,,12.72,,,,,258,True,Sprints,449,852,875.0,M,False,3,2024-04-20,2024-04-20,False
17110,20117,146,4380,,,,,,,,3,,12.78,,,,,258,True,Sprints,436,841,856.5,M,False,3,2024-04-20,2024-04-20,False
17111,20118,146,3699,,,,,,,,3,,13.49,,,,,258,True,Sprints,301,716,659.0,M,False,3,2024-04-20,2024-04-20,False
17112,20119,146,3709,,,,,,,,3,,13.53,,,,,258,True,Sprints,294,709,648.5,M,False,3,2024-04-20,2024-04-20,False
17113,20120,146,3698,,,,,,,,4,,23.35,,,,,258,True,Sprints,748,1098,1297.0,M,False,3,2024-04-20,2024-04-20,False
17114,20121,146,3690,,,,,,,,4,,23.35,,,,,258,True,Sprints,748,1098,1297.0,M,False,3,2024-04-20,2024-04-20,False
17115,20122,146,3689,,,,,,,,4,,23.54,,,,,258,True,Sprints,725,1080,1265.0,M,False,3,2024-04-20,2024-04-20,False
17116,20123,146,3701,,,,,,,,4,,23.70,,,,,258,True,Sprints,706,1064,1238.0,M,False,3,2024-04-20,2024-04-20,False
17117,20124,146,3734,,,,,,,,4,,23.85,,,,,258,True,Sprints,688,1049,1212.5,M,False,3,2024-04-20,2024-04-20,False
17118,20125,146,4149,,,,,,,,4,,24.25,,,,,258,True,Sprints,641,1011,1146.5,M,False,3,2024-04-20,2024-04-20,False
17119,20126,146,4384,,,,,,,,4,,24.90,,,,,258,True,Sprints,569,950,1044.0,M,False,3,2024-04-20,2024-04-20,False
17120,20127,146,3730,,,,,,,,4,,25.15,,,,,258,True,Sprints,543,927,1006.5,M,False,3,2024-04-20,2024-04-20,False
17121,20128,146,4387,,,,,,,,4,,25.21,,,,,258,True,Sprints,536,922,997.0,M,False,3,2024-04-20,2024-04-20,False
17122,20129,146,4386,,,,,,,,4,,25.27,,,,,258,True,Sprints,530,916,988.0,M,False,3,2024-04-20,2024-04-20,False
17123,20130,146,3721,,,,,,,,4,,26.35,,,,,258,True,Sprints,424,821,834.5,M,False,3,2024-04-20,2024-04-20,False
17124,20131,146,4380,,,,,,,,4,,26.36,,,,,258,True,Sprints,423,820,833.0,M,False,3,2024-04-20,2024-04-20,False
17125,20132,146,3705,,,,,,,,4,,27.77,,,,,258,True,Sprints,302,703,653.5,M,False,3,2024-04-20,2024-04-20,False
17126,20133,146,1216,,,,,,,,6,,50.11,,,,,258,True,Sprints,851,1201,1451.5,M,False,3,2024-04-20,2024-04-20,False
17127,20134,146,4387,,,,,,,,6,,55.65,,,,,258,True,Sprints,556,989,1050.5,M,False,3,2024-04-20,2024-04-20,False
17128,20135,146,5274,,,,,,,,6,,55.77,,,,,258,True,Sprints,550,984,1042.0,M,False,3,2024-04-20,2024-04-20,False
17129,20136,146,4380,,,,,,,,6,,1:03.00,,,,,258,True,Sprints,261,739,630.5,M,False,3,2024-04-20,2024-04-20,False
17270,20293,69,4341,,,,,,,,3,,11.37,,,,,259,True,Sprints,777,1118,1336.0,M,False,3,2024-04-20,2024-04-20,False
17271,20294,159,4375,,,,,,,,3,,11.49,,,,,259,True,Sprints,745,1093,1291.5,M,False,3,2024-04-20,2024-04-20,False
17272,20295,157,5696,,,,,,,,3,,11.60,,,,,259,True,Sprints,715,1070,1250.0,M,False,3,2024-04-20,2024-04-20,False
17273,20296,159,5550,,,,,,,,3,,11.62,,,,,259,True,Sprints,710,1066,1243.0,M,False,3,2024-04-20,2024-04-20,False
17274,20297,69,4342,,,,,,,,3,,11.84,,,,,259,True,Sprints,653,1021,1163.5,M,False,3,2024-04-20,2024-04-20,False
17275,20298,159,5270,,,,,,,,3,,12.01,,,,,259,True,Sprints,610,988,1104.0,M,False,3,2024-04-20,2024-04-20,False
17276,20299,157,5697,,,,,,,,3,,12.03,,,,,259,True,Sprints,605,984,1097.0,M,False,3,2024-04-20,2024-04-20,False
17277,20300,157,5698,,,,,,,,3,,12.33,,,,,259,True,Sprints,534,925,996.5,M,False,3,2024-04-20,2024-04-20,False
17278,20301,159,2168,,,,,,,,3,,12.44,,,,,259,True,Sprints,509,904,961.0,M,False,3,2024-04-20,2024-04-20,False
17279,20302,159,4373,,,,,,,,3,,12.50,,,,,259,True,Sprints,496,893,942.5,M,False,3,2024-04-20,2024-04-20,False
17280,20303,157,5699,,,,,,,,3,,12.68,,,,,259,True,Sprints,457,859,886.5,M,False,3,2024-04-20,2024-04-20,False
17281,20304,159,5556,,,,,,,,3,,12.69,,,,,259,True,Sprints,455,857,883.5,M,False,3,2024-04-20,2024-04-20,False
17282,20305,130,5417,,,,,,,,3,,13.01,,,,,259,True,Sprints,390,799,789.5,M,False,3,2024-04-20,2024-04-20,False
17283,20306,159,5700,,,,,,,,3,,13.03,,,,,259,True,Sprints,386,796,784.0,M,False,3,2024-04-20,2024-04-20,False
17284,20307,157,5701,,,,,,,,3,,13.41,,,,,259,True,Sprints,315,730,680.0,M,False,3,2024-04-20,2024-04-20,False
17285,20308,137,799,,,,,,,,3,,13.49,,,,,259,True,Sprints,301,716,659.0,M,False,3,2024-04-20,2024-04-20,False
17286,20309,69,3021,,,,,,,,3,,13.72,,,,,259,True,Sprints,263,678,602.0,M,False,3,2024-04-20,2024-04-20,False
17287,20310,159,4363,,,,,,,,3,,14.55,,,,,259,True,Sprints,146,549,420.5,M,False,3,2024-04-20,2024-04-20,False
17288,20311,159,2182,,,,,,,,4,,23.06,,,,,259,True,Sprints,784,1127,1347.5,M,False,3,2024-04-20,2024-04-20,False
17289,20312,159,4375,,,,,,,,4,,23.42,,,,,259,True,Sprints,740,1092,1286.0,M,False,3,2024-04-20,2024-04-20,False
17290,20313,69,4342,,,,,,,,4,,23.91,,,,,259,True,Sprints,681,1044,1203.0,M,False,3,2024-04-20,2024-04-20,False
17291,20314,157,5696,,,,,,,,4,,23.94,,,,,259,True,Sprints,677,1041,1197.5,M,False,3,2024-04-20,2024-04-20,False
17292,20315,159,5550,,,,,,,,4,,24.01,,,,,259,True,Sprints,669,1034,1186.0,M,False,3,2024-04-20,2024-04-20,False
17293,20316,69,4341,,,,,,,,4,,24.14,,,,,259,True,Sprints,654,1021,1164.5,M,False,3,2024-04-20,2024-04-20,False
17294,20317,159,5404,,,,,,,,4,,24.28,,,,,259,True,Sprints,638,1008,1142.0,M,False,3,2024-04-20,2024-04-20,False
17295,20318,159,4358,,,,,,,,4,,24.55,,,,,259,True,Sprints,607,983,1098.5,M,False,3,2024-04-20,2024-04-20,False
17296,20319,159,5270,,,,,,,,4,,24.94,,,,,259,True,Sprints,565,946,1038.0,M,False,3,2024-04-20,2024-04-20,False
17297,20320,139,4348,,,,,,,,4,,25.55,,,,,259,True,Sprints,501,891,946.5,M,False,3,2024-04-20,2024-04-20,False
17298,20321,139,4356,,,,,,,,4,,25.82,,,,,259,True,Sprints,475,867,908.5,M,False,3,2024-04-20,2024-04-20,False
17299,20322,159,5414,,,,,,,,4,,26.09,,,,,259,True,Sprints,448,843,869.5,M,False,3,2024-04-20,2024-04-20,False
17300,20323,159,5700,,,,,,,,4,,26.11,,,,,259,True,Sprints,446,842,867.0,M,False,3,2024-04-20,2024-04-20,False
17301,20324,138,802,,,,,,,,4,,26.12,,,,,259,True,Sprints,446,841,866.5,M,False,3,2024-04-20,2024-04-20,False
17302,20325,157,5699,,,,,,,,4,,26.28,,,,,259,True,Sprints,430,827,843.5,M,False,3,2024-04-20,2024-04-20,False
17303,20326,159,761,,,,,,,,4,,26.70,,,,,259,True,Sprints,392,791,787.5,M,False,3,2024-04-20,2024-04-20,False
17304,20327,159,5702,,,,,,,,4,,27.04,,,,,259,True,Sprints,362,763,743.5,M,False,3,2024-04-20,2024-04-20,False
17305,20328,130,5417,,,,,,,,4,,27.55,,,,,259,True,Sprints,320,721,680.5,M,False,3,2024-04-20,2024-04-20,False
17306,20329,137,804,,,,,,,,4,,29.85,,,,,259,True,Sprints,161,548,435.0,M,False,3,2024-04-20,2024-04-20,False
17307,20330,159,5703,,,,,,,,4,,30.68,,,,,259,True,Sprints,117,491,362.5,M,False,3,2024-04-20,2024-04-20,False
17308,20331,139,1599,,,,,,,,4,,31.21,,,,,259,True,Sprints,93,457,321.5,M,False,3,2024-04-20,2024-04-20,False
17309,20332,137,4702,,,,,,,,4,,32.64,,,,,259,True,Sprints,41,370,226.0,M,False,3,2024-04-20,2024-04-20,False
17310,20333,159,4361,,,,,,,,4,,33.64,,,,,259,True,Sprints,17,314,174.0,M,False,3,2024-04-20,2024-04-20,False
17311,20334,157,5698,,,,,,,,4,,37.23,,,,,259,True,Sprints,0,152,76.0,M,False,3,2024-04-20,2024-04-20,False
17312,20335,159,2182,,,,,,,,6,,50.98,,,,,259,True,Sprints,801,1166,1384.0,M,False,3,2024-04-20,2024-04-20,False
17313,20336,159,4358,,,,,,,,6,,52.78,,,,,259,True,Sprints,701,1096,1249.0,M,False,3,2024-04-20,2024-04-20,False
17314,20337,159,5704,,,,,,,,6,,55.18,,,,,259,True,Sprints,578,1006,1081.0,M,False,3,2024-04-20,2024-04-20,False
17315,20338,159,4364,,,,,,,,6,,55.26,,,,,259,True,Sprints,574,1003,1075.5,M,False,3,2024-04-20,2024-04-20,False
17316,20339,157,5705,,,,,,,,6,,56.27,,,,,259,True,Sprints,527,966,1010.0,M,False,3,2024-04-20,2024-04-20,False
17317,20340,139,4348,,,,,,,,6,,56.87,,,,,259,True,Sprints,499,945,971.5,M,False,3,2024-04-20,2024-04-20,False
17318,20342,69,4342,,,,,,,,6,,58.46,,,,,259,True,Sprints,430,889,874.5,M,False,3,2024-04-20,2024-04-20,False
17319,20343,157,5699,,,,,,,,6,,59.73,,,,,259,True,Sprints,378,846,801.0,M,False,3,2024-04-20,2024-04-20,False
17320,20344,137,5408,,,,,,,,6,,1:01.28,,,,,259,True,Sprints,320,794,717.0,M,False,3,2024-04-20,2024-04-20,False
17321,20345,157,5706,,,,,,,,6,,1:01.67,,,,,259,True,Sprints,306,782,697.0,M,False,3,2024-04-20,2024-04-20,False
17322,20346,137,799,,,,,,,,6,,1:07.10,,,,,259,True,Sprints,144,616,452.0,M,False,3,2024-04-20,2024-04-20,False
17323,20347,139,1599,,,,,,,,6,,1:08.45,,,,,259,True,Sprints,113,578,402.0,M,False,3,2024-04-20,2024-04-20,False
17369,20341,139,4347,,,,,,,,6,,57.47,,,,,259,True,Sprints,472,924,934.0,M,False,3,2024-04-20,2024-04-20,False
17428,20467,202,3513,,,,,,,,3,,11.20,,,,,260,True,Sprints,825,1154,1402.0,M,False,3,2024-04-20,2024-04-20,False
17429,20468,202,3518,,,,,,,,3,,11.43,,,,,260,True,Sprints,761,1106,1314.0,M,False,3,2024-04-20,2024-04-20,False
17430,20469,202,3512,,,,,,,,3,,11.86,,,,,260,True,Sprints,648,1017,1156.5,M,False,3,2024-04-20,2024-04-20,False
17431,20470,202,5551,,,,,,,,3,,12.10,,,,,260,True,Sprints,588,970,1073.0,M,False,3,2024-04-20,2024-04-20,False
17432,20471,202,5724,,,,,,,,3,,15.51,,,,,260,True,Sprints,53,416,261.0,M,False,3,2024-04-20,2024-04-20,False
17433,20472,202,3515,,,,,,,,4,,24.68,,,,,260,True,Sprints,593,970,1078.0,M,False,3,2024-04-20,2024-04-20,False
17434,20473,202,5558,,,,,,,,6,,52.10,,,,,260,True,Sprints,738,1122,1299.0,M,False,3,2024-04-20,2024-04-20,False
17435,20474,202,3509,,,,,,,,6,,53.69,,,,,260,True,Sprints,653,1061,1183.5,M,False,3,2024-04-20,2024-04-20,False
17436,20475,202,2918,,,,,,,,6,,51.66,,,,,260,True,Sprints,762,1139,1331.5,M,False,3,2024-04-20,2024-04-20,False
17437,20476,202,2916,,,,,,,,6,,52.96,,,,,260,True,Sprints,691,1089,1235.5,M,False,3,2024-04-20,2024-04-20,False
17522,20559,174,5373,,,,,,,,3,Prelims,11.48,,,,,261,True,Sprints,747,1095,1294.5,M,False,3,2024-04-21,2024-04-21,False
17523,20560,174,5373,,,,,,,,3,Finals,23.16,,,,,261,True,Sprints,0,0,0.0,M,False,3,2024-04-21,2024-04-21,False
17524,20561,174,3580,,,,,,,,3,Prelims,12.33,,,,,261,True,Sprints,534,925,996.5,M,False,3,2024-04-21,2024-04-21,False
17525,20562,174,4996,,,,,,,,3,Prelims,12.42,,,,,261,True,Sprints,514,908,968.0,M,False,3,2024-04-21,2024-04-21,False
17526,20563,174,4647,,,,,,,,3,Prelims,12.49,,,,,261,True,Sprints,498,895,945.5,M,False,3,2024-04-21,2024-04-21,False
17527,20564,174,4996,,,,,,,,4,,25.07,,,,,261,True,Sprints,551,934,1018.0,M,False,3,2024-04-21,2024-04-21,False
17528,20565,174,4994,,,,,,,,4,,25.31,,,,,261,True,Sprints,526,913,982.5,M,False,3,2024-04-21,2024-04-21,False
17529,20566,174,3580,,,,,,,,4,,25.37,,,,,261,True,Sprints,520,907,973.5,M,False,3,2024-04-21,2024-04-21,False
17530,20567,174,4647,,,,,,,,4,,25.65,,,,,261,True,Sprints,491,882,932.0,M,False,3,2024-04-21,2024-04-21,False
17531,20568,174,2128,,,,,,,,6,,55.88,,,,,261,True,Sprints,545,980,1035.0,M,False,3,2024-04-21,2024-04-21,False
17532,20569,174,5731,,,,,,,,6,,58.23,,,,,261,True,Sprints,440,897,888.5,M,False,3,2024-04-21,2024-04-21,False
17541,20579,175,5375,,,,,,,,3,Prelims,14.00,,,,,261,True,Sprints,220,633,536.5,M,False,3,2024-04-21,2024-04-21,False
17542,20580,175,5001,,,,,,,,4,,25.93,,,,,261,True,Sprints,464,857,892.5,M,False,3,2024-04-21,2024-04-21,False
17543,20581,175,5001,,,,,,,,6,,56.29,,,,,261,True,Sprints,526,966,1009.0,M,False,3,2024-04-21,2024-04-21,False
17544,20582,175,5006,,,,,,,,6,,1:01.25,,,,,261,True,Sprints,321,795,718.5,M,False,3,2024-04-21,2024-04-21,False
17552,20590,176,2152,,,,,,,,6,,55.51,,,,,261,True,Sprints,562,994,1059.0,M,False,3,2024-04-21,2024-04-21,False
17557,20595,188,3541,,,,,,,,3,Prelims,11.45,,,,,261,True,Sprints,755,1102,1306.0,M,False,3,2024-04-21,2024-04-21,False
17558,20596,188,3541,,,,,,,,3,Finals,11.52,,,,,261,True,Sprints,736,1087,1279.5,M,False,3,2024-04-21,2024-04-21,False
17559,20598,188,3549,,,,,,,,3,Prelims,11.65,,,,,261,True,Sprints,702,1060,1232.0,M,False,3,2024-04-21,2024-04-21,False
17560,20600,188,3549,,,,,,,,3,Finals,11.87,,,,,261,True,Sprints,645,1015,1152.5,M,False,3,2024-04-21,2024-04-21,False
17561,20601,188,1863,,,,,,,,3,Prelims,11.96,,,,,261,True,Sprints,623,997,1121.5,M,False,3,2024-04-21,2024-04-21,False
17562,20602,188,3540,,,,,,,,3,Prelims,13.12,,,,,261,True,Sprints,368,780,758.0,M,False,3,2024-04-21,2024-04-21,False
17563,20603,188,3549,,,,,,,,4,,23.48,,,,,261,True,Sprints,732,1086,1275.0,M,False,3,2024-04-21,2024-04-21,False
17564,20604,188,4649,,,,,,,,4,,25.20,,,,,261,True,Sprints,537,922,998.0,M,False,3,2024-04-21,2024-04-21,False
17565,20605,188,5012,,,,,,,,4,,26.00,,,,,261,True,Sprints,457,851,882.5,M,False,3,2024-04-21,2024-04-21,False
17566,20606,188,3540,,,,,,,,4,,27.11,,,,,261,True,Sprints,356,757,734.5,M,False,3,2024-04-21,2024-04-21,False
17571,20607,188,3851,,,,,,,,6,,51.69,,,,,261,True,Sprints,760,1138,1329.0,M,False,3,2024-04-21,2024-04-21,False
17572,20608,188,3547,,,,,,,,6,,52.43,,,,,261,True,Sprints,720,1109,1274.5,M,False,3,2024-04-21,2024-04-21,False
17573,20609,188,4649,,,,,,,,6,,55.67,,,,,261,True,Sprints,555,988,1049.0,M,False,3,2024-04-21,2024-04-21,False
17595,20642,191,5022,,,,,,,,3,Prelims,13.18,,,,,261,True,Sprints,357,769,741.5,M,False,3,2024-04-21,2024-04-21,False
17596,20643,191,5022,,,,,,,,4,,26.59,,,,,261,True,Sprints,402,800,802.0,M,False,3,2024-04-21,2024-04-21,False
17626,20684,205,3554,,,,,,,,3,Prelims,11.61,,,,,261,True,Sprints,712,1068,1246.0,M,False,3,2024-04-21,2024-04-21,False
17627,20685,205,3554,,,,,,,,3,Finals,11.71,,,,,261,True,Sprints,686,1048,1210.0,M,False,3,2024-04-21,2024-04-21,False
17628,20686,205,5738,,,,,,,,3,Prelims,12.06,,,,,261,True,Sprints,598,978,1087.0,M,False,3,2024-04-21,2024-04-21,False
17629,20687,205,4487,,,,,,,,3,Prelims,12.84,,,,,261,True,Sprints,424,830,839.0,M,False,3,2024-04-21,2024-04-21,False
17630,20688,205,3559,,,,,,,,3,Prelims,13.41,,,,,261,True,Sprints,315,730,680.0,M,False,3,2024-04-21,2024-04-21,False
17631,20689,205,3554,,,,,,,,4,,23.09,,,,,261,True,Sprints,781,1124,1343.0,M,False,3,2024-04-21,2024-04-21,False
17632,20690,205,4485,,,,,,,,4,,24.35,,,,,261,True,Sprints,630,1001,1130.5,M,False,3,2024-04-21,2024-04-21,False
17633,20691,205,5738,,,,,,,,4,,24.76,,,,,261,True,Sprints,584,963,1065.5,M,False,3,2024-04-21,2024-04-21,False
17634,20692,205,2145,,,,,,,,4,,25.77,,,,,261,True,Sprints,479,871,914.5,M,False,3,2024-04-21,2024-04-21,False
17635,20693,205,4485,,,,,,,,6,,54.95,,,,,261,True,Sprints,590,1014,1097.0,M,False,3,2024-04-21,2024-04-21,False
17636,20694,205,3559,,,,,,,,6,,1:00.23,,,,,261,True,Sprints,359,829,773.5,M,False,3,2024-04-21,2024-04-21,False
17644,20702,206,5741,,,,,,,,3,Prelims,11.46,,,,,261,True,Sprints,753,1099,1302.5,M,False,3,2024-04-21,2024-04-21,False
17645,20703,206,5741,,,,,,,,3,Finals,11.48,,,,,261,True,Sprints,747,1095,1294.5,M,False,3,2024-04-21,2024-04-21,False
17646,20704,206,4475,,,,,,,,3,Prelims,11.57,,,,,261,True,Sprints,723,1077,1261.5,M,False,3,2024-04-21,2024-04-21,False
17647,20705,206,4475,,,,,,,,3,Finals,11.58,,,,,261,True,Sprints,720,1075,1257.5,M,False,3,2024-04-21,2024-04-21,False
17648,20706,206,5041,,,,,,,,3,Prelims,11.68,,,,,261,True,Sprints,694,1054,1221.0,M,False,3,2024-04-21,2024-04-21,False
17649,20707,206,5127,,,,,,,,3,Prelims,12.19,,,,,261,True,Sprints,567,952,1043.0,M,False,3,2024-04-21,2024-04-21,False
17650,20708,206,4477,,,,,,,,3,Prelims,12.20,,,,,261,True,Sprints,565,950,1040.0,M,False,3,2024-04-21,2024-04-21,False
17651,20709,206,4473,,,,,,,,3,Prelims,12.20,,,,,261,True,Sprints,565,950,1040.0,M,False,3,2024-04-21,2024-04-21,False
17652,20710,206,4480,,,,,,,,3,Prelims,12.28,,,,,261,True,Sprints,546,935,1013.5,M,False,3,2024-04-21,2024-04-21,False
17653,20711,206,5042,,,,,,,,3,Prelims,13.21,,,,,261,True,Sprints,351,764,733.0,M,False,3,2024-04-21,2024-04-21,False
17654,20712,206,5128,,,,,,,,3,Prelims,13.66,,,,,261,True,Sprints,273,688,617.0,M,False,3,2024-04-21,2024-04-21,False
17655,20670,204,930,,,,,,,,4,,25.05,,,,,261,True,Sprints,553,936,1021.0,M,False,3,2024-04-21,2024-04-21,False
17661,20652,196,960,,,,,,,,4,,30.56,,,,,261,True,Sprints,123,499,372.5,M,False,3,2024-04-21,2024-04-21,False
17665,20611,188,966,,,,,,,,6,,57.83,,,,,261,True,Sprints,457,911,912.5,M,False,3,2024-04-21,2024-04-21,False
17670,20713,206,5741,,,,,,,,4,,22.69,,,,,261,True,Sprints,832,1165,1414.5,M,False,3,2024-04-21,2024-04-21,False
17671,20714,206,4478,,,,,,,,4,,23.78,,,,,261,True,Sprints,696,1056,1224.0,M,False,3,2024-04-21,2024-04-21,False
17672,20715,206,4477,,,,,,,,4,,24.20,,,,,261,True,Sprints,647,1016,1155.0,M,False,3,2024-04-21,2024-04-21,False
17673,20716,206,5127,,,,,,,,4,,24.80,,,,,261,True,Sprints,580,959,1059.5,M,False,3,2024-04-21,2024-04-21,False
17674,20717,206,4480,,,,,,,,4,,24.89,,,,,261,True,Sprints,570,951,1045.5,M,False,3,2024-04-21,2024-04-21,False
17675,20718,206,5042,,,,,,,,4,,27.63,,,,,261,True,Sprints,313,715,670.5,M,False,3,2024-04-21,2024-04-21,False
17676,20719,206,5128,,,,,,,,4,,28.30,,,,,261,True,Sprints,262,662,593.0,M,False,3,2024-04-21,2024-04-21,False
17677,20720,206,4477,,,,,,,,6,,52.50,,,,,261,True,Sprints,716,1107,1269.5,M,False,3,2024-04-21,2024-04-21,False
17678,20721,206,4479,,,,,,,,6,,54.30,,,,,261,True,Sprints,622,1038,1141.0,M,False,3,2024-04-21,2024-04-21,False
17698,20742,58,2219,,,,,,,,6,,57.04,,,,,263,True,Sprints,491,939,960.5,M,False,3,2024-04-21,2024-04-21,False
17718,20765,107,3622,,,,,,,,3,,11.17,,,,,267,True,Sprints,834,1161,1414.5,M,False,3,2024-04-25,2024-04-25,False
17719,20766,107,3622,,,,,,,,4,,22.20,,,,,267,True,Sprints,897,1216,1505.0,M,False,3,2024-04-25,2024-04-25,False
17720,20767,107,3624,,,,,,,,4,,22.74,,,,,267,True,Sprints,825,1160,1405.0,M,False,3,2024-04-25,2024-04-25,False
17740,20790,59,1622,,,,,,,,3,,11.27,,,,,268,True,Sprints,805,1139,1374.5,M,False,3,2024-04-25,2024-04-27,False
17741,20791,59,4522,,,,,,,,3,,11.35,,,,,268,True,Sprints,783,1123,1344.5,M,False,3,2024-04-25,2024-04-27,False
17742,20792,59,3896,,,,,,,,3,,11.42,,,,,268,True,Sprints,764,1108,1318.0,M,False,3,2024-04-25,2024-04-27,False
17743,20793,59,3899,,,,,,,,3,,11.44,,,,,268,True,Sprints,758,1104,1310.0,M,False,3,2024-04-25,2024-04-27,False
17744,20794,59,3908,,,,,,,,3,,11.48,,,,,268,True,Sprints,747,1095,1294.5,M,False,3,2024-04-25,2024-04-27,False
17745,20795,59,4083,,,,,,,,3,,11.70,,,,,268,True,Sprints,689,1050,1214.0,M,False,3,2024-04-25,2024-04-27,False
17746,20796,59,3908,,,,,,,,4,,23.03,,,,,268,True,Sprints,788,1130,1353.0,M,False,3,2024-04-25,2024-04-27,False
17747,20797,59,1622,,,,,,,,4,,23.11,,,,,268,True,Sprints,778,1122,1339.0,M,False,3,2024-04-25,2024-04-27,False
17748,20798,59,3899,,,,,,,,4,,23.19,,,,,268,True,Sprints,768,1114,1325.0,M,False,3,2024-04-25,2024-04-27,False
17749,20799,59,3907,,,,,,,,4,,23.68,,,,,268,True,Sprints,708,1066,1241.0,M,False,3,2024-04-25,2024-04-27,False
17750,20800,59,4083,,,,,,,,4,,23.81,,,,,268,True,Sprints,693,1053,1219.5,M,False,3,2024-04-25,2024-04-27,False
17751,20801,59,3919,,,,,,,,4,,24.80,,,,,268,True,Sprints,580,959,1059.5,M,False,3,2024-04-25,2024-04-27,False
17752,20802,59,4077,,,,,,,,4,,24.86,,,,,268,True,Sprints,574,954,1051.0,M,False,3,2024-04-25,2024-04-27,False
17753,20803,59,3912,,,,,,,,6,,52.22,,,,,268,True,Sprints,731,1118,1290.0,M,False,3,2024-04-25,2024-04-27,False
17754,20804,59,1624,,,,,,,,6,,53.62,,,,,268,True,Sprints,657,1064,1189.0,M,False,3,2024-04-25,2024-04-27,False
17755,20805,59,3907,,,,,,,,6,,54.20,,,,,268,True,Sprints,627,1042,1148.0,M,False,3,2024-04-25,2024-04-27,False
17756,20806,59,3919,,,,,,,,6,,54.72,,,,,268,True,Sprints,601,1023,1112.5,M,False,3,2024-04-25,2024-04-27,False
17790,20840,61,4623,,,,,,,,3,,11.05,,,,,270,True,Sprints,869,1187,1462.5,M,False,3,2024-04-25,2024-04-25,False
17791,20841,61,4944,,,,,,,,3,,11.12,,,,,270,True,Sprints,848,1172,1434.0,M,False,3,2024-04-25,2024-04-25,False
17792,20842,61,4623,,,,,,,,4,,22.53,,,,,270,True,Sprints,853,1181,1443.5,M,False,3,2024-04-25,2024-04-25,False
17793,20843,61,4944,,,,,,,,4,,23.19,,,,,270,True,Sprints,768,1114,1325.0,M,False,3,2024-04-25,2024-04-25,False
17794,20844,61,4042,,,,,,,,4,,23.64,,,,,270,True,Sprints,713,1070,1248.0,M,False,3,2024-04-25,2024-04-25,False
17795,20845,61,4622,,,,,,,,4,,23.75,,,,,270,True,Sprints,700,1059,1229.5,M,False,3,2024-04-25,2024-04-25,False
17796,20846,61,2273,,,,,,,,4,,24.17,,,,,270,True,Sprints,650,1019,1159.5,M,False,3,2024-04-25,2024-04-25,False
17797,20847,61,4036,,,,,,,,4,,25.01,,,,,270,True,Sprints,557,940,1027.0,M,False,3,2024-04-25,2024-04-25,False
17798,20848,61,4045,,,,,,,,4,,25.52,,,,,270,True,Sprints,504,894,951.0,M,False,3,2024-04-25,2024-04-25,False
17799,20849,61,4623,,,,,,,,6,,49.99,,,,,270,True,Sprints,858,1205,1460.5,M,False,3,2024-04-25,2024-04-25,False
17800,20850,61,4042,,,,,,,,6,,50.61,,,,,270,True,Sprints,822,1181,1412.5,M,False,3,2024-04-25,2024-04-25,False
17801,20851,61,4622,,,,,,,,6,,51.41,,,,,270,True,Sprints,776,1149,1350.5,M,False,3,2024-04-25,2024-04-25,False
17802,20852,61,4944,,,,,,,,6,,51.82,,,,,270,True,Sprints,753,1133,1319.5,M,False,3,2024-04-25,2024-04-25,False
17803,20853,61,2273,,,,,,,,6,,52.53,,,,,270,True,Sprints,714,1106,1267.0,M,False,3,2024-04-25,2024-04-25,False
17804,20854,61,5745,,,,,,,,6,,52.57,,,,,270,True,Sprints,712,1104,1264.0,M,False,3,2024-04-25,2024-04-25,False
17805,20855,61,4036,,,,,,,,6,,54.15,,,,,270,True,Sprints,629,1044,1151.0,M,False,3,2024-04-25,2024-04-25,False
17806,20856,61,4045,,,,,,,,6,,56.72,,,,,270,True,Sprints,506,950,981.0,M,False,3,2024-04-25,2024-04-25,False
17856,20916,167,790,,,,,,,,4,,31.14,,,,,271,True,Sprints,96,461,326.5,M,False,3,2024-04-26,2024-04-27,False
17867,20932,167,5238,,,,,,,,3,,10.80,,,,,271,True,Sprints,943,1242,1564.0,M,False,3,2024-04-26,2024-04-27,False
17868,20933,167,5246,,,,,,,,3,,11.19,,,,,271,True,Sprints,828,1157,1406.5,M,False,3,2024-04-26,2024-04-27,False
17869,20934,167,3023,,,,,,,,3,,14.13,,,,,271,True,Sprints,201,612,507.0,M,False,3,2024-04-26,2024-04-27,False
17870,20935,167,5246,,,,,,,,4,,22.77,,,,,271,True,Sprints,821,1157,1399.5,M,False,3,2024-04-26,2024-04-27,False
17871,20936,167,4438,,,,,,,,4,,23.60,,,,,271,True,Sprints,718,1074,1255.0,M,False,3,2024-04-26,2024-04-27,False
17872,20937,167,5240,,,,,,,,4,,26.14,,,,,271,True,Sprints,444,839,863.5,M,False,3,2024-04-26,2024-04-27,False
17873,20938,167,3023,,,,,,,,4,,29.49,,,,,271,True,Sprints,182,573,468.5,M,False,3,2024-04-26,2024-04-27,False
17874,20939,167,4438,,,,,,,,6,,52.44,,,,,271,True,Sprints,719,1109,1273.5,M,False,3,2024-04-26,2024-04-27,False
17875,20940,167,4304,,,,,,,,6,,56.72,,,,,271,True,Sprints,506,950,981.0,M,False,3,2024-04-26,2024-04-27,False
17940,21029,203,4414,,,,,,,,3,,11.89,,,,,272,True,Sprints,640,1011,1145.5,M,False,3,2024-04-26,2024-04-27,False
17941,21030,203,4420,,,,,,,,4,,26.99,,,,,272,True,Sprints,367,767,750.5,M,False,3,2024-04-26,2024-04-27,False
17948,21033,203,4405,,,,,,,,3,,10.88,,,,,272,True,Sprints,919,1224,1531.0,M,False,3,2024-04-26,2024-04-27,False
17949,21034,203,4413,,,,,,,,3,,11.42,,,,,272,True,Sprints,764,1108,1318.0,M,False,3,2024-04-26,2024-04-27,False
17950,21035,203,4510,,,,,,,,3,,11.76,,,,,272,True,Sprints,673,1038,1192.0,M,False,3,2024-04-26,2024-04-27,False
17951,21036,203,4424,,,,,,,,3,,12.12,,,,,272,True,Sprints,584,966,1067.0,M,False,3,2024-04-26,2024-04-27,False
17952,21037,203,4415,,,,,,,,3,,12.42,,,,,272,True,Sprints,514,908,968.0,M,False,3,2024-04-26,2024-04-27,False
17953,21038,203,3852,,,,,,,,3,,12.66,,,,,272,True,Sprints,461,863,892.5,M,False,3,2024-04-26,2024-04-27,False
17954,21039,203,5597,,,,,,,,3,,12.69,,,,,272,True,Sprints,455,857,883.5,M,False,3,2024-04-26,2024-04-27,False
17955,21040,203,4421,,,,,,,,3,,12.75,,,,,272,True,Sprints,442,846,865.0,M,False,3,2024-04-26,2024-04-27,False
17956,21041,203,4416,,,,,,,,3,,13.09,,,,,272,True,Sprints,374,785,766.5,M,False,3,2024-04-26,2024-04-27,False
17957,21042,203,4508,,,,,,,,3,,16.59,,,,,272,True,Sprints,3,289,147.5,M,False,3,2024-04-26,2024-04-27,False
17958,21043,203,4509,,,,,,,,4,,22.61,,,,,272,True,Sprints,842,1173,1428.5,M,False,3,2024-04-26,2024-04-27,False
17959,21044,203,4423,,,,,,,,4,,23.68,,,,,272,True,Sprints,708,1066,1241.0,M,False,3,2024-04-26,2024-04-27,False
17960,21045,203,4510,,,,,,,,4,,24.15,,,,,272,True,Sprints,653,1020,1163.0,M,False,3,2024-04-26,2024-04-27,False
17961,21046,203,4424,,,,,,,,4,,24.53,,,,,272,True,Sprints,610,984,1102.0,M,False,3,2024-04-26,2024-04-27,False
17962,21047,203,4415,,,,,,,,4,,24.95,,,,,272,True,Sprints,564,945,1036.5,M,False,3,2024-04-26,2024-04-27,False
17963,21048,203,4509,,,,,,,,6,,51.29,,,,,272,True,Sprints,783,1154,1360.0,M,False,3,2024-04-26,2024-04-27,False
17964,21049,203,4430,,,,,,,,6,,51.65,,,,,272,True,Sprints,763,1140,1333.0,M,False,3,2024-04-26,2024-04-27,False
17965,21050,203,4414,,,,,,,,6,,52.12,,,,,272,True,Sprints,737,1121,1297.5,M,False,3,2024-04-26,2024-04-27,False
17998,21087,56,3578,,,,,,,,3,,10.49,,,,,273,True,Sprints,1040,1311,1695.5,M,False,3,2024-04-26,2024-04-27,False
17999,21088,56,3567,,,,,,,,3,,11.68,,,,,273,True,Sprints,694,1054,1221.0,M,False,3,2024-04-26,2024-04-27,False
18000,21089,56,3577,,,,,,,,3,,11.95,,,,,273,True,Sprints,625,999,1124.5,M,False,3,2024-04-26,2024-04-27,False
18003,21092,49,3784,,,,,,,,3,,11.27,,,,,273,True,Sprints,805,1139,1374.5,M,False,3,2024-04-26,2024-04-27,False
18004,21093,49,3783,,,,,,,,3,,11.33,,,,,273,True,Sprints,789,1127,1352.5,M,False,3,2024-04-26,2024-04-27,False
18005,21094,49,3781,,,,,,,,3,,11.67,,,,,273,True,Sprints,697,1056,1225.0,M,False,3,2024-04-26,2024-04-27,False
18006,21095,49,3785,,,,,,,,3,,11.75,,,,,273,True,Sprints,676,1040,1196.0,M,False,3,2024-04-26,2024-04-27,False
18007,21096,49,3784,,,,,,,,4,,23.33,,,,,273,True,Sprints,751,1100,1301.0,M,False,3,2024-04-26,2024-04-27,False
18008,21097,49,3783,,,,,,,,4,,23.71,,,,,273,True,Sprints,704,1063,1235.5,M,False,3,2024-04-26,2024-04-27,False
18009,21098,49,3781,,,,,,,,4,,24.19,,,,,273,True,Sprints,648,1017,1156.5,M,False,3,2024-04-26,2024-04-27,False
18010,21099,49,3785,,,,,,,,4,,24.54,,,,,273,True,Sprints,609,984,1101.0,M,False,3,2024-04-26,2024-04-27,False
18011,21100,49,3778,,,,,,,,6,,1:15.24,,,,,273,True,Sprints,14,404,216.0,M,False,3,2024-04-26,2024-04-27,False
18027,21117,19,5162,,,,,,,,4,,24.03,,,,,274,True,Sprints,667,1032,1183.0,M,False,3,2024-04-26,2024-04-27,False
18029,21119,19,5761,,,,,,,,3,,11.36,,,,,274,True,Sprints,780,1120,1340.0,M,False,3,2024-04-26,2024-04-27,False
18030,21120,19,5165,,,,,,,,3,,11.67,,,,,274,True,Sprints,697,1056,1225.0,M,False,3,2024-04-26,2024-04-27,False
18031,21121,19,5761,,,,,,,,4,,22.91,,,,,274,True,Sprints,803,1143,1374.5,M,False,3,2024-04-26,2024-04-27,False
18032,21122,19,5148,,,,,,,,4,,23.03,,,,,274,True,Sprints,788,1130,1353.0,M,False,3,2024-04-26,2024-04-27,False
18033,21123,19,5148,,,,,,,,6,,50.73,,,,,274,True,Sprints,815,1176,1403.0,M,False,3,2024-04-26,2024-04-27,False
18034,21124,19,5762,,,,,,,,6,,52.15,,,,,274,True,Sprints,735,1120,1295.0,M,False,3,2024-04-26,2024-04-27,False
18050,21139,116,3942,,,,,,,,3,,11.75,,,,,275,True,Sprints,676,1040,1196.0,M,False,3,2024-04-27,2024-04-27,False
18051,21140,116,3942,,,,,,,,4,,23.58,,,,,275,True,Sprints,720,1076,1258.0,M,False,3,2024-04-27,2024-04-27,False
18074,21164,96,5421,,,,,,,,6,,1:04.74,,,,,277,True,Sprints,207,685,549.5,M,False,3,2024-04-27,2024-04-27,False
18075,21165,96,5421,,,,,,,,4,,28.60,,,,,277,True,Sprints,241,639,560.5,M,False,3,2024-04-27,2024-04-27,False
18118,21210,158,4333,,,,,,,,3,,11.99,,,,,278,True,Sprints,615,990,1110.0,M,False,3,2024-04-27,2024-04-27,False
18121,21213,159,2182,,,,,,,,4,,23.41,,,,,278,True,Sprints,741,1093,1287.5,M,False,3,2024-04-27,2024-04-27,False
18123,21215,146,3730,,,,,,,,3,,12.37,,,,,278,True,Sprints,525,918,984.0,M,False,3,2024-04-27,2024-04-27,False
18124,21216,146,3699,,,,,,,,3,,13.68,,,,,278,True,Sprints,269,685,611.5,M,False,3,2024-04-27,2024-04-27,False
18126,21218,158,5768,,,,,,,,3,,11.34,,,,,278,True,Sprints,786,1125,1348.5,M,False,3,2024-04-27,2024-04-27,False
18127,21219,158,3680,,,,,,,,3,,11.79,,,,,278,True,Sprints,665,1032,1181.0,M,False,3,2024-04-27,2024-04-27,False
18128,21220,158,3682,,,,,,,,3,,12.06,,,,,278,True,Sprints,598,978,1087.0,M,False,3,2024-04-27,2024-04-27,False
18129,21221,158,3681,,,,,,,,3,,13.06,,,,,278,True,Sprints,380,791,775.5,M,False,3,2024-04-27,2024-04-27,False
18130,21222,158,2487,,,,,,,,3,,14.73,,,,,278,True,Sprints,125,522,386.0,M,False,3,2024-04-27,2024-04-27,False
18131,21223,158,5768,,,,,,,,4,,23.19,,,,,278,True,Sprints,768,1114,1325.0,M,False,3,2024-04-27,2024-04-27,False
18132,21224,158,5561,,,,,,,,4,,26.09,,,,,278,True,Sprints,448,843,869.5,M,False,3,2024-04-27,2024-04-27,False
18133,21225,158,3681,,,,,,,,4,,26.70,,,,,278,True,Sprints,392,791,787.5,M,False,3,2024-04-27,2024-04-27,False
18134,21226,158,3170,,,,,,,,6,,54.44,,,,,278,True,Sprints,615,1033,1131.5,M,False,3,2024-04-27,2024-04-27,False
18135,21227,158,4337,,,,,,,,6,,57.01,,,,,278,True,Sprints,493,940,963.0,M,False,3,2024-04-27,2024-04-27,False
18157,21249,159,5723,,,,,,,,3,,11.74,,,,,278,True,Sprints,678,1042,1199.0,M,False,3,2024-04-27,2024-04-27,False
18158,21250,159,5550,,,,,,,,3,,11.83,,,,,278,True,Sprints,655,1023,1166.5,M,False,3,2024-04-27,2024-04-27,False
18159,21251,159,2182,,,,,,,,3,,11.89,,,,,278,True,Sprints,640,1011,1145.5,M,False,3,2024-04-27,2024-04-27,False
18160,21252,159,5771,,,,,,,,3,,12.42,,,,,278,True,Sprints,514,908,968.0,M,False,3,2024-04-27,2024-04-27,False
18161,21253,159,4373,,,,,,,,3,,13.09,,,,,278,True,Sprints,374,785,766.5,M,False,3,2024-04-27,2024-04-27,False
18162,21254,159,5550,,,,,,,,4,,24.19,,,,,278,True,Sprints,648,1017,1156.5,M,False,3,2024-04-27,2024-04-27,False
18163,21255,159,2182,,,,,,,,6,,50.92,,,,,278,True,Sprints,804,1168,1388.0,M,False,3,2024-04-27,2024-04-27,False
18164,21256,159,4358,,,,,,,,6,,52.20,,,,,278,True,Sprints,732,1118,1291.0,M,False,3,2024-04-27,2024-04-27,False
18165,21257,159,4364,,,,,,,,6,,56.03,,,,,278,True,Sprints,538,975,1025.5,M,False,3,2024-04-27,2024-04-27,False
18166,21258,159,5711,,,,,,,,6,,57.35,,,,,278,True,Sprints,478,928,942.0,M,False,3,2024-04-27,2024-04-27,False
18188,21281,146,5777,,,,,,,,3,,13.41,,,,,278,True,Sprints,315,730,680.0,M,False,3,2024-04-27,2024-04-27,False
18189,21282,146,3698,,,,,,,,3,,11.50,,,,,278,True,Sprints,742,1091,1287.5,M,False,3,2024-04-27,2024-04-27,False
18190,21283,146,3708,,,,,,,,3,,11.92,,,,,278,True,Sprints,633,1005,1135.5,M,False,3,2024-04-27,2024-04-27,False
18191,21284,146,3734,,,,,,,,3,,11.90,,,,,278,True,Sprints,638,1009,1142.5,M,False,3,2024-04-27,2024-04-27,False
18192,21285,146,3721,,,,,,,,3,,12.40,,,,,278,True,Sprints,518,912,974.0,M,False,3,2024-04-27,2024-04-27,False
18193,21286,146,4149,,,,,,,,3,,11.88,,,,,278,True,Sprints,643,1013,1149.5,M,False,3,2024-04-27,2024-04-27,False
18194,21287,146,4393,,,,,,,,3,,12.25,,,,,278,True,Sprints,553,941,1023.5,M,False,3,2024-04-27,2024-04-27,False
18195,21288,146,4148,,,,,,,,3,,13.18,,,,,278,True,Sprints,357,769,741.5,M,False,3,2024-04-27,2024-04-27,False
18196,21289,146,4384,,,,,,,,3,,12.21,,,,,278,True,Sprints,562,948,1036.0,M,False,3,2024-04-27,2024-04-27,False
18197,21290,146,3728,,,,,,,,3,,12.07,,,,,278,True,Sprints,596,976,1084.0,M,False,3,2024-04-27,2024-04-27,False
18198,21291,146,3698,,,,,,,,4,,23.25,,,,,278,True,Sprints,761,1108,1315.0,M,False,3,2024-04-27,2024-04-27,False
18199,21292,146,3705,,,,,,,,4,,24.63,,,,,278,True,Sprints,599,975,1086.5,M,False,3,2024-04-27,2024-04-27,False
18200,21293,146,4384,,,,,,,,4,,25.29,,,,,278,True,Sprints,528,914,985.0,M,False,3,2024-04-27,2024-04-27,False
18201,21294,146,4148,,,,,,,,4,,25.32,,,,,278,True,Sprints,525,912,981.0,M,False,3,2024-04-27,2024-04-27,False
18202,21295,146,4387,,,,,,,,4,,25.55,,,,,278,True,Sprints,501,891,946.5,M,False,3,2024-04-27,2024-04-27,False
18203,21296,146,3705,,,,,,,,6,,55.89,,,,,278,True,Sprints,544,980,1034.0,M,False,3,2024-04-27,2024-04-27,False
18204,21297,146,4387,,,,,,,,6,,56.03,,,,,278,True,Sprints,538,975,1025.5,M,False,3,2024-04-27,2024-04-27,False
18227,21322,61,4623,,,,,,,,6,,48.67,,,,,280,True,Sprints,938,1259,1567.5,M,False,3,2024-05-03,2024-05-03,False
18228,21323,61,4042,,,,,,,,6,,49.90,,,,,280,True,Sprints,863,1209,1467.5,M,False,3,2024-05-03,2024-05-03,False
18232,21328,58,3926,,,,,,,,4,,23.48,,,,,281,True,Sprints,732,1086,1275.0,M,False,3,2024-05-03,2024-05-03,False
18233,21329,58,3929,,,,,,,,4,,24.06,,,,,281,True,Sprints,663,1029,1177.5,M,False,3,2024-05-03,2024-05-03,False
18234,21330,58,3926,,,,,,,,3,,11.56,,,,,281,True,Sprints,726,1079,1265.5,M,False,3,2024-05-03,2024-05-03,False
18235,21331,58,3929,,,,,,,,3,,11.70,,,,,281,True,Sprints,689,1050,1214.0,M,False,3,2024-05-03,2024-05-03,False
18236,21332,58,3925,,,,,,,,3,,12.11,,,,,281,True,Sprints,586,968,1070.0,M,False,3,2024-05-03,2024-05-03,False
18237,21333,108,3983,,,,,,,,3,,11.02,,,,,282,True,Sprints,877,1193,1473.5,M,False,3,2024-05-03,2024-05-03,False
18241,21337,146,3719,,,,,,,,3,,11.19,,,,,283,True,Sprints,828,1157,1406.5,M,False,3,2024-05-03,2024-05-03,False
18242,21338,146,3698,,,,,,,,3,,11.23,,,,,283,True,Sprints,817,1148,1391.0,M,False,3,2024-05-03,2024-05-03,False
18243,21339,146,4393,,,,,,,,3,,11.32,,,,,283,True,Sprints,791,1129,1355.5,M,False,3,2024-05-03,2024-05-03,False
18244,21340,146,3689,,,,,,,,3,,11.41,,,,,283,True,Sprints,766,1110,1321.0,M,False,3,2024-05-03,2024-05-03,False
18245,21341,146,3719,,,,,,,,4,,22.21,,,,,283,True,Sprints,895,1215,1502.5,M,False,3,2024-05-03,2024-05-03,False
18246,21342,146,3723,,,,,,,,4,,22.43,,,,,283,True,Sprints,866,1192,1462.0,M,False,3,2024-05-03,2024-05-03,False
18247,21343,146,3698,,,,,,,,4,,22.60,,,,,283,True,Sprints,844,1174,1431.0,M,False,3,2024-05-03,2024-05-03,False
18248,21344,146,3690,,,,,,,,4,,22.71,,,,,283,True,Sprints,829,1163,1410.5,M,False,3,2024-05-03,2024-05-03,False
18249,21345,146,3723,,,,,,,,6,,50.17,,,,,283,True,Sprints,848,1198,1447.0,M,False,3,2024-05-03,2024-05-03,False
18265,21366,159,5723,,,,,,,,3,,11.53,,,,,284,True,Sprints,734,1085,1276.5,M,False,3,2024-05-03,2024-05-03,False
18266,21367,159,2182,,,,,,,,4,,22.90,,,,,284,True,Sprints,805,1144,1377.0,M,False,3,2024-05-03,2024-05-03,False
18267,21368,159,5550,,,,,,,,4,,23.78,,,,,284,True,Sprints,696,1056,1224.0,M,False,3,2024-05-03,2024-05-03,False
18268,21369,159,5771,,,,,,,,4,,24.78,,,,,284,True,Sprints,582,961,1062.5,M,False,3,2024-05-03,2024-05-03,False
18269,21370,159,2182,,,,,,,,6,,51.31,,,,,284,True,Sprints,782,1153,1358.5,M,False,3,2024-05-03,2024-05-03,False
18296,21399,59,3908,,,,,,,,3,,11.08,,,,,285,True,Sprints,860,1180,1450.0,M,False,3,2024-05-03,2024-05-03,False
18297,21400,59,3896,,,,,,,,3,,11.09,,,,,285,True,Sprints,857,1178,1446.0,M,False,3,2024-05-03,2024-05-03,False
18298,21401,59,4522,,,,,,,,3,,11.09,,,,,285,True,Sprints,857,1178,1446.0,M,False,3,2024-05-03,2024-05-03,False
18299,21402,59,1622,,,,,,,,3,,11.11,,,,,285,True,Sprints,851,1174,1438.0,M,False,3,2024-05-03,2024-05-03,False
18300,21403,59,4083,,,,,,,,3,,11.60,,,,,285,True,Sprints,715,1070,1250.0,M,False,3,2024-05-03,2024-05-03,False
18301,21404,59,3899,,,,,,,,4,,22.61,,,,,285,True,Sprints,842,1173,1428.5,M,False,3,2024-05-03,2024-05-03,False
18302,21405,59,1622,,,,,,,,4,,23.07,,,,,285,True,Sprints,783,1126,1346.0,M,False,3,2024-05-03,2024-05-03,False
18303,21406,59,3908,,,,,,,,4,,23.24,,,,,285,True,Sprints,762,1109,1316.5,M,False,3,2024-05-03,2024-05-03,False
18304,21407,59,3902,,,,,,,,4,,23.74,,,,,285,True,Sprints,701,1060,1231.0,M,False,3,2024-05-03,2024-05-03,False
18305,21408,59,3919,,,,,,,,4,,24.19,,,,,285,True,Sprints,648,1017,1156.5,M,False,3,2024-05-03,2024-05-03,False
18306,21409,59,4077,,,,,,,,4,,25.02,,,,,285,True,Sprints,556,939,1025.5,M,False,3,2024-05-03,2024-05-03,False
18307,21410,59,1639,,,,,,,,4,,26.00,,,,,285,True,Sprints,457,851,882.5,M,False,3,2024-05-03,2024-05-03,False
18308,21411,59,3902,,,,,,,,6,,53.17,,,,,285,True,Sprints,680,1081,1220.5,M,False,3,2024-05-03,2024-05-03,False
18309,21412,59,1624,,,,,,,,6,,53.40,,,,,285,True,Sprints,668,1072,1204.0,M,False,3,2024-05-03,2024-05-03,False
18310,21413,59,3919,,,,,,,,6,,54.44,,,,,285,True,Sprints,615,1033,1131.5,M,False,3,2024-05-03,2024-05-03,False
18311,21414,59,1639,,,,,,,,6,,56.33,,,,,285,True,Sprints,524,964,1006.0,M,False,3,2024-05-03,2024-05-03,False
18372,21478,124,3843,,,,,,,,3,,10.96,,,,,289,True,Sprints,895,1206,1498.0,M,False,3,2024-05-09,2024-05-10,False
18373,21479,124,3843,,,,,,,,4,,22.40,,,,,289,True,Sprints,870,1195,1467.5,M,False,3,2024-05-09,2024-05-10,False
18381,21487,49,3781,,,,,,,,3,,12.06,,,,,290,True,Sprints,598,978,1087.0,M,False,3,2024-05-10,2024-05-11,False
18382,21488,49,3781,,,,,,,,4,,24.29,,,,,290,True,Sprints,637,1007,1140.5,M,False,3,2024-05-10,2024-05-11,False
18383,21489,49,3778,,,,,,,,6,,53.59,,,,,290,True,Sprints,658,1065,1190.5,M,False,3,2024-05-10,2024-05-11,False
18384,21490,49,3781,,,,,,,,6,,54.39,,,,,290,True,Sprints,617,1035,1134.5,M,False,3,2024-05-10,2024-05-11,False
18402,21509,19,5165,,,,,,,,3,,11.50,,,,,291,True,Sprints,742,1091,1287.5,M,False,3,2024-05-11,2024-05-11,False
18403,21510,19,5791,,,,,,,,3,,11.99,,,,,291,True,Sprints,615,990,1110.0,M,False,3,2024-05-11,2024-05-11,False
18404,21511,19,5762,,,,,,,,4,,22.68,,,,,291,True,Sprints,833,1166,1416.0,M,False,3,2024-05-11,2024-05-11,False
18405,21512,19,5148,,,,,,,,4,,22.68,,,,,291,True,Sprints,833,1166,1416.0,M,False,3,2024-05-11,2024-05-11,False
18406,21513,19,5761,,,,,,,,4,,22.71,,,,,291,True,Sprints,829,1163,1410.5,M,False,3,2024-05-11,2024-05-11,False
18407,21514,19,5165,,,,,,,,4,,23.53,,,,,291,True,Sprints,726,1081,1266.5,M,False,3,2024-05-11,2024-05-11,False
18408,21515,19,5791,,,,,,,,4,,25.15,,,,,291,True,Sprints,543,927,1006.5,M,False,3,2024-05-11,2024-05-11,False
18409,21516,19,5792,,,,,,,,4,,25.59,,,,,291,True,Sprints,497,887,940.5,M,False,3,2024-05-11,2024-05-11,False
18410,21517,19,5762,,,,,,,,6,,50.08,,,,,291,True,Sprints,853,1202,1454.0,M,False,3,2024-05-11,2024-05-11,False
18411,21518,19,5148,,,,,,,,6,,52.42,,,,,291,True,Sprints,720,1110,1275.0,M,False,3,2024-05-11,2024-05-11,False
18429,21536,19,5761,,,,,,,,3,,11.11,,,,,291,True,Sprints,851,1174,1438.0,M,False,3,2024-05-11,2024-05-11,False
18441,21548,61,4944,,,,,,,,3,,11.09,,,,,292,True,Sprints,857,1178,1446.0,M,False,3,2024-05-12,2024-05-12,False
18443,21551,61,2273,,,,,,,,6,,53.40,,,,,292,True,Sprints,668,1072,1204.0,M,False,3,2024-05-12,2024-05-12,False
18444,21552,61,4944,,,,,,,,6,,53.67,,,,,292,True,Sprints,654,1062,1185.0,M,False,3,2024-05-12,2024-05-12,False
18445,21553,61,4622,,,,,,,,6,,54.18,,,,,292,True,Sprints,628,1043,1149.5,M,False,3,2024-05-12,2024-05-12,False
18447,21555,61,4623,,,,,,,,4,,21.95,,,,,292,True,Sprints,931,1242,1552.0,M,False,3,2024-05-12,2024-05-12,False
18448,21556,61,4944,,,,,,,,4,,22.61,,,,,292,True,Sprints,842,1173,1428.5,M,False,3,2024-05-12,2024-05-12,False
18454,21550,61,5745,,,,,,,,6,,52.54,,,,,292,True,Sprints,714,1105,1266.5,M,False,3,2024-05-12,2024-05-12,False
26630,14653,88,3616,So,,,,,,,3,,11.82,,,,,181,True,Sprints,658,1026,1171.0,M,False,3,2024-03-14,2024-03-16,False
26631,14655,88,4073,Fr,,,,,,,4,,23.42,,,,,181,True,Sprints,740,1092,1286.0,M,False,3,2024-03-14,2024-03-16,False
26632,14656,88,3616,So,,,,,,,4,,23.87,,,,,181,True,Sprints,685,1047,1208.5,M,False,3,2024-03-14,2024-03-16,False
28360,16012,188,928,,,,,,,,6,,52.60,,,,,210,True,Sprints,711,1103,1262.5,M,False,3,2024-03-24,2024-03-24,False
28362,17818,188,928,,,,,,,,6,,52.98,,,,,227,True,Sprints,690,1088,1234.0,M,False,3,2024-04-06,2024-04-07,True
34387,100185,19,5165,,,,,,,,3,,11.56,,,,,1170,True,Sprints,726,1079,1265.5,M,False,3,2024-05-04,2024-05-04,False
34388,100186,19,5791,,,,,,,,3,,12.17,,,,,1170,True,Sprints,572,956,1050.0,M,False,3,2024-05-04,2024-05-04,False
34389,100187,19,26064,,,,,,,,3,,12.46,,,,,1170,True,Sprints,505,900,955.0,M,False,3,2024-05-04,2024-05-04,False
34391,100189,19,5165,,,,,,,,4,,23.66,,,,,1170,True,Sprints,710,1068,1244.0,M,False,3,2024-05-04,2024-05-04,False
34392,100190,19,5791,,,,,,,,4,,25.54,,,,,1170,True,Sprints,502,892,948.0,M,False,3,2024-05-04,2024-05-04,False
35229,100192,19,5762,,,,,,,,6,,50.50,,,,,1170,True,Sprints,828,1185,1420.5,M,False,3,2024-05-04,2024-05-04,False
37786,17576,73,5257,,,,,,,,3,Prelims,11.78,,,,,227,True,Sprints,668,1034,1185.0,M,False,3,2024-04-06,2024-04-07,True
42945,15650,130,6849,,,,,,,,6,,1:05.69,,,,,202,True,Sprints,180,657,508.5,M,False,3,2024-03-23,2024-03-23,False
62557,16709,124,3836,,,,,,,,3,,11.59,,,,,223,True,Sprints,718,1072,1254.0,M,False,3,2024-03-30,2024-03-30,False
62558,16714,124,3836,,,,,,,,4,,23.52,,,,,223,True,Sprints,727,1082,1268.0,M,False,3,2024-03-30,2024-03-30,False
62561,16063,205,4485,,,,,,,,4,,26.05,,,,,210,True,Sprints,452,847,875.5,M,False,3,2024-03-24,2024-03-24,False
62568,17704,158,4333,,,,,,,,4,Prelims,24.12,,,,,227,True,Sprints,656,1023,1167.5,M,False,3,2024-04-06,2024-04-07,True
62614,20653,196,960,,,,,,,,6,,1:04.81,,,,,261,True,Sprints,205,683,546.5,M,False,3,2024-04-21,2024-04-21,False
