athlete_id,gender,discipline,season_year,n_indoor,n_outdoor_pre,n_outdoor_post,n_outdoor_full,continues_after_nats,n_outdoor_races_pre,n_outdoor_races_post,n_outdoor_races_full,n_indoor_races
1,Men,Distance,2024,2,1,0,1,False,2,0,2,2
3,Men,Distance,2024,3,0,1,1,True,0,1,1,5
4,Men,Distance,2024,1,1,0,1,False,1,0,1,1
6,Men,Distance,2024,2,0,1,1,True,0,1,1,2
7,Men,Distance,2024,5,1,1,2,True,2,1,3,6
8,Men,Distance,2024,4,1,0,1,False,1,0,1,5
10,Men,Distance,2024,1,1,0,1,False,1,0,1,1
12,Men,Distance,2024,2,1,0,1,False,1,0,1,2
15,Men,Distance,2024,3,0,1,1,True,0,1,1,4
16,Men,Distance,2024,3,1,0,1,False,2,0,2,4
17,Men,Distance,2024,1,1,1,2,True,1,1,2,1
18,Men,Distance,2024,3,0,2,2,True,0,4,4,4
19,Men,Distance,2024,2,1,1,2,True,1,1,2,3
20,Men,Distance,2024,1,1,0,1,False,1,0,1,1
26,Men,Distance,2024,1,0,1,1,True,0,1,1,1
30,Men,Sprints,2024,1,0,1,1,True,0,1,1,1
31,Men,Distance,2024,3,1,1,2,True,1,1,2,3
35,Men,Distance,2024,2,1,0,1,False,1,0,1,3
38,Men,Distance,2024,3,1,0,1,False,1,0,1,3
39,Men,Distance,2024,0,0,1,1,True,0,1,1,0
42,Men,Distance,2024,0,0,1,1,True,0,1,1,0
43,Men,Distance,2024,3,0,1,1,True,0,1,1,3
47,Men,Sprints,2024,0,0,1,1,True,0,3,3,0
49,Men,Distance,2024,1,0,1,1,True,0,1,1,1
50,Men,Sprints,2024,2,1,0,1,False,2,0,2,4
53,Men,Distance,2024,0,0,1,1,True,0,1,1,0
54,Men,Distance,2024,3,0,1,1,True,0,3,3,6
54,Men,Hurdles,2024,0,0,1,1,True,0,1,1,0
54,Men,Sprints,2024,0,0,1,1,True,0,3,3,0
57,Men,Distance,2024,1,0,1,1,True,0,1,1,1
58,Men,Jumps,2024,1,1,0,1,False,1,0,1,1
60,Men,Distance,2024,3,1,1,2,True,2,2,4,3
63,Women,Distance,2024,0,0,1,1,True,0,2,2,0
65,Women,Distance,2024,3,1,0,1,False,1,0,1,4
67,Women,Distance,2024,3,1,0,1,False,1,0,1,3
68,Women,Distance,2024,5,1,0,1,False,1,0,1,5
70,Women,Distance,2024,3,1,0,1,False,1,0,1,4
71,Women,Distance,2024,1,1,0,1,False,1,0,1,1
74,Women,Distance,2024,1,1,0,1,False,2,0,2,2
77,Women,Distance,2024,0,0,1,1,True,0,2,2,0
83,Women,Distance,2024,0,0,1,1,True,0,2,2,0
85,Women,Distance,2024,0,0,1,1,True,0,1,1,0
90,Men,Distance,2024,0,1,2,3,True,1,2,3,0
91,Men,Distance,2024,0,1,2,3,True,1,2,3,0
93,Men,Distance,2024,0,1,1,2,True,1,1,2,0
95,Men,Distance,2024,0,1,2,3,True,2,2,4,0
99,Men,Distance,2024,0,0,1,1,True,0,1,1,0
102,Men,Distance,2024,0,0,1,1,True,0,1,1,0
105,Men,Distance,2024,0,1,0,1,False,1,0,1,0
106,Men,Distance,2024,0,1,1,2,True,2,1,3,0
119,Men,Distance,2024,3,0,1,1,True,0,1,1,4
121,Men,Distance,2024,2,0,1,1,True,0,1,1,2
123,Men,Distance,2024,3,1,1,2,True,2,2,4,3
127,Men,Distance,2024,3,1,0,1,False,1,0,1,3
128,Men,Distance,2024,2,0,1,1,True,0,1,1,3
128,Men,Sprints,2024,0,1,0,1,False,1,0,1,0
129,Men,Distance,2024,2,0,1,1,True,0,1,1,2
130,Men,Distance,2024,4,2,1,3,True,3,1,4,4
130,Men,Hurdles,2024,0,0,1,1,True,0,1,1,0
133,Men,Distance,2024,1,1,0,1,False,1,0,1,1
135,Men,Distance,2024,1,1,1,2,True,2,1,3,1
138,Men,Distance,2024,2,0,1,1,True,0,1,1,2
139,Men,Distance,2024,0,0,1,1,True,0,1,1,0
140,Men,Distance,2024,1,1,1,2,True,1,1,2,2
141,Men,Distance,2024,4,1,0,1,False,1,0,1,5
142,Men,Distance,2024,2,1,1,2,True,1,1,2,4
145,Men,Distance,2024,2,1,0,1,False,1,0,1,2
146,Men,Distance,2024,2,1,1,2,True,2,2,4,3
147,Men,Distance,2024,3,1,1,2,True,1,1,2,4
149,Men,Jumps,2024,0,0,1,1,True,0,1,1,0
150,Men,Distance,2024,4,1,0,1,False,1,0,1,5
152,Men,Sprints,2024,0,1,1,2,True,1,1,2,0
153,Men,Distance,2024,2,0,1,1,True,0,1,1,2
154,Men,Distance,2024,0,0,1,1,True,0,1,1,0
156,Men,Distance,2024,3,0,1,1,True,0,1,1,3
158,Men,Distance,2024,2,0,1,1,True,0,1,1,2
160,Men,Distance,2024,2,1,1,2,True,1,1,2,2
161,Men,Distance,2024,2,0,1,1,True,0,3,3,4
161,Men,Hurdles,2024,0,0,1,1,True,0,1,1,0
161,Men,Jumps,2024,0,0,1,1,True,0,1,1,0
162,Men,Distance,2024,1,0,1,1,True,0,1,1,1
164,Men,Distance,2024,2,1,1,2,True,1,2,3,3
164,Men,Hurdles,2024,0,1,1,2,True,1,2,3,0
166,Men,Distance,2024,3,1,1,2,True,2,1,3,4
170,Men,Distance,2024,3,0,2,2,True,0,4,4,3
179,Men,Distance,2024,2,0,1,1,True,0,1,1,2
181,Men,Distance,2024,2,1,0,1,False,1,0,1,3
182,Men,Distance,2024,1,1,0,1,False,1,0,1,1
182,Men,Sprints,2024,0,0,1,1,True,0,1,1,0
183,Men,Distance,2024,2,0,1,1,True,0,1,1,3
188,Men,Distance,2024,3,1,1,2,True,2,2,4,4
191,Men,Distance,2024,1,1,0,1,False,2,0,2,1
195,Men,Distance,2024,1,0,1,1,True,0,1,1,2
197,Men,Distance,2024,3,0,1,1,True,0,2,2,5
214,Men,Distance,2024,0,0,1,1,True,0,1,1,0
215,Men,Distance,2024,0,0,1,1,True,0,2,2,0
217,Men,Distance,2024,3,1,1,2,True,1,1,2,3
231,Women,Distance,2024,3,0,1,1,True,0,1,1,5
236,Women,Distance,2024,3,0,1,1,True,0,1,1,3
237,Women,Distance,2024,3,1,1,2,True,1,1,2,4
237,Women,Hurdles,2024,0,0,1,1,True,0,1,1,0
240,Women,Distance,2024,3,1,0,1,False,1,0,1,5
243,Women,Distance,2024,2,0,1,1,True,0,1,1,2
246,Women,Distance,2024,5,1,1,2,True,2,1,3,5
253,Women,Distance,2024,3,1,1,2,True,2,2,4,3
262,Women,Distance,2024,0,0,1,1,True,0,1,1,0
271,Women,Distance,2024,1,1,1,2,True,2,2,4,1
282,Women,Distance,2024,2,0,1,1,True,0,1,1,2
283,Women,Distance,2024,2,1,1,2,True,1,2,3,4
285,Women,Distance,2024,4,2,3,5,True,3,4,7,4
291,Women,Distance,2024,2,1,2,3,True,2,3,5,2
293,Women,Distance,2024,0,1,0,1,False,1,0,1,0
294,Women,Distance,2024,2,1,3,4,True,2,3,5,3
307,Women,Distance,2024,0,1,0,1,False,1,0,1,0
310,Men,Distance,2024,5,2,2,4,True,3,2,5,8
312,Men,Distance,2024,2,0,1,1,True,0,1,1,2
315,Men,Distance,2024,2,1,0,1,False,1,0,1,3
324,Men,Distance,2024,2,1,0,1,False,2,0,2,3
327,Men,Distance,2024,2,1,0,1,False,1,0,1,3
332,Men,Distance,2024,3,1,2,3,True,1,2,3,3
338,Men,Distance,2024,2,1,0,1,False,1,0,1,2
344,Men,Distance,2024,1,1,0,1,False,1,0,1,1
344,Men,Sprints,2024,1,1,0,1,False,1,0,1,1
345,Men,Distance,2024,2,1,0,1,False,2,0,2,3
346,Men,Distance,2024,1,1,0,1,False,1,0,1,2
350,Men,Distance,2024,2,1,1,2,True,2,1,3,2
350,Men,Sprints,2024,1,0,2,2,True,0,4,4,1
357,Women,Distance,2024,0,0,2,2,True,0,2,2,0
358,Women,Distance,2024,1,0,2,2,True,0,2,2,1
360,Women,Distance,2024,0,0,1,1,True,0,2,2,0
363,Men,Distance,2024,2,1,3,4,True,1,4,5,3
364,Men,Distance,2024,2,1,2,3,True,1,3,4,2
365,Men,Distance,2024,2,1,1,2,True,1,1,2,2
366,Men,Distance,2024,1,0,1,1,True,0,1,1,1
367,Men,Distance,2024,0,2,3,5,True,2,3,5,0
368,Men,Distance,2024,1,2,2,4,True,2,2,4,1
370,Men,Distance,2024,1,1,3,4,True,1,4,5,1
370,Men,Sprints,2024,0,0,1,1,True,0,2,2,0
371,Men,Distance,2024,1,1,3,4,True,1,3,4,1
375,Men,Distance,2024,0,2,1,3,True,2,1,3,0
380,Men,Distance,2024,0,0,1,1,True,0,1,1,0
382,Men,Distance,2024,3,0,4,4,True,0,4,4,3
404,Women,Distance,2024,2,0,2,2,True,0,2,2,3
406,Women,Distance,2024,1,0,2,2,True,0,2,2,1
407,Women,Distance,2024,0,0,1,1,True,0,1,1,0
414,Men,Distance,2024,3,0,2,2,True,0,2,2,3
415,Men,Distance,2024,3,0,1,1,True,0,2,2,3
416,Men,Distance,2024,0,0,1,1,True,0,1,1,0
417,Men,Distance,2024,4,0,2,2,True,0,3,3,4
419,Men,Distance,2024,0,0,1,1,True,0,1,1,0
420,Men,Distance,2024,4,0,2,2,True,0,2,2,5
421,Men,Distance,2024,1,0,2,2,True,0,2,2,2
422,Men,Distance,2024,0,0,1,1,True,0,1,1,0
429,Men,Distance,2024,2,0,2,2,True,0,2,2,2
433,Men,Distance,2024,0,0,1,1,True,0,1,1,0
435,Men,Distance,2024,3,0,2,2,True,0,3,3,5
437,Men,Distance,2024,0,0,1,1,True,0,1,1,0
442,Women,Distance,2024,3,1,0,1,False,1,0,1,4
445,Women,Distance,2024,2,2,1,3,True,3,1,4,2
451,Men,Distance,2024,2,1,2,3,True,1,2,3,4
454,Men,Distance,2024,0,1,1,2,True,1,1,2,0
458,Men,Sprints,2024,3,1,0,1,False,1,0,1,3
462,Men,Distance,2024,1,0,1,1,True,0,2,2,1
466,Men,Distance,2024,4,2,1,3,True,3,1,4,4
467,Men,Distance,2024,0,1,2,3,True,1,2,3,0
468,Men,Distance,2024,2,2,2,4,True,4,2,6,3
471,Men,Distance,2024,1,1,0,1,False,2,0,2,1
489,Women,Distance,2024,0,1,0,1,False,1,0,1,0
497,Women,Distance,2024,0,1,0,1,False,2,0,2,0
507,Men,Distance,2024,1,1,0,1,False,1,0,1,1
509,Men,Distance,2024,1,0,1,1,True,0,1,1,1
512,Men,Distance,2024,1,0,1,1,True,0,1,1,1
515,Men,Distance,2024,1,0,1,1,True,0,1,1,1
521,Men,Distance,2024,2,1,2,3,True,1,2,3,2
523,Men,Distance,2024,1,0,1,1,True,0,1,1,1
524,Men,Distance,2024,2,1,0,1,False,1,0,1,2
528,Men,Distance,2024,0,1,0,1,False,1,0,1,0
528,Men,Sprints,2024,0,1,0,1,False,1,0,1,0
529,Men,Sprints,2024,0,1,0,1,False,1,0,1,0
530,Men,Distance,2024,2,0,1,1,True,0,1,1,2
531,Men,Distance,2024,0,1,0,1,False,2,0,2,0
532,Men,Distance,2024,0,1,0,1,False,3,0,3,0
537,Men,Distance,2024,1,0,1,1,True,0,1,1,1
552,Men,Distance,2024,0,1,0,1,False,1,0,1,0
554,Men,Sprints,2024,0,1,0,1,False,1,0,1,0
563,Men,Jumps,2024,0,1,0,1,False,1,0,1,0
567,Women,Distance,2024,3,1,0,1,False,1,0,1,4
568,Women,Distance,2024,2,1,0,1,False,1,0,1,2
572,Women,Distance,2024,0,1,0,1,False,3,0,3,0
573,Women,Distance,2024,3,1,1,2,True,1,1,2,3
574,Women,Distance,2024,3,1,0,1,False,1,0,1,3
575,Women,Distance,2024,2,1,1,2,True,1,1,2,2
576,Women,Distance,2024,0,0,1,1,True,0,1,1,0
577,Women,Distance,2024,0,2,2,4,True,3,2,5,0
577,Women,Sprints,2024,0,0,1,1,True,0,1,1,0
578,Women,Distance,2024,3,2,1,3,True,3,1,4,4
581,Women,Distance,2024,0,1,1,2,True,1,1,2,0
582,Women,Distance,2024,0,2,1,3,True,4,2,6,0
582,Women,Hurdles,2024,0,1,0,1,False,2,0,2,0
582,Women,Sprints,2024,0,2,0,2,False,3,0,3,0
583,Women,Distance,2024,1,0,1,1,True,0,1,1,1
588,Women,Distance,2024,1,1,1,2,True,1,1,2,2
590,Women,Distance,2024,1,2,0,2,False,4,0,4,1
591,Women,Distance,2024,2,0,1,1,True,0,1,1,3
595,Women,Distance,2024,1,1,0,1,False,2,0,2,1
599,Women,Distance,2024,1,1,1,2,True,1,3,4,1
599,Women,Jumps,2024,0,1,1,2,True,1,1,2,0
599,Women,Sprints,2024,0,0,1,1,True,0,1,1,0
601,Women,Distance,2024,2,0,1,1,True,0,1,1,3
603,Women,Distance,2024,1,1,0,1,False,2,0,2,1
606,Women,Distance,2024,1,1,0,1,False,2,0,2,2
607,Women,Distance,2024,2,1,0,1,False,1,0,1,2
609,Women,Throws,2024,0,0,1,1,True,0,2,2,0
616,Women,Distance,2024,0,2,1,3,True,3,2,5,0
617,Women,Distance,2024,0,1,2,3,True,1,3,4,0
618,Women,Distance,2024,1,1,0,1,False,2,0,2,1
619,Women,Distance,2024,1,0,1,1,True,0,2,2,2
620,Women,Distance,2024,3,1,1,2,True,1,1,2,3
621,Women,Distance,2024,0,2,1,3,True,3,2,5,0
623,Women,Distance,2024,1,1,0,1,False,1,0,1,1
623,Women,Jumps,2024,0,1,1,2,True,1,1,2,0
628,Women,Distance,2024,1,1,0,1,False,1,0,1,1
628,Women,Jumps,2024,0,1,0,1,False,1,0,1,0
631,Women,Hurdles,2024,0,0,1,1,True,0,1,1,0
631,Women,Throws,2024,0,0,1,1,True,0,1,1,0
632,Women,Distance,2024,0,2,1,3,True,4,2,6,0
633,Women,Distance,2024,1,1,0,1,False,1,0,1,1
633,Women,Jumps,2024,0,1,0,1,False,1,0,1,0
638,Women,Distance,2024,0,1,2,3,True,2,4,6,0
641,Women,Distance,2024,1,1,0,1,False,1,0,1,1
643,Women,Distance,2024,2,0,2,2,True,0,3,3,2
644,Women,Distance,2024,1,0,1,1,True,0,1,1,1
645,Women,Distance,2024,2,1,1,2,True,1,1,2,2
646,Women,Distance,2024,2,0,2,2,True,0,3,3,3
647,Women,Distance,2024,0,1,1,2,True,1,2,3,0
648,Women,Distance,2024,0,1,1,2,True,1,1,2,0
648,Women,Hurdles,2024,0,0,1,1,True,0,1,1,0
648,Women,Jumps,2024,1,1,1,2,True,1,1,2,2
648,Women,Sprints,2024,2,1,2,3,True,1,2,3,3
650,Women,Distance,2024,2,0,1,1,True,0,1,1,2
652,Women,Distance,2024,0,1,2,3,True,1,2,3,0
655,Women,Distance,2024,0,2,2,4,True,3,2,5,0
662,Women,Sprints,2024,0,1,0,1,False,1,0,1,0
663,Women,Distance,2024,0,2,1,3,True,3,2,5,0
663,Women,Sprints,2024,0,1,0,1,False,1,0,1,0
666,Men,Distance,2024,2,1,0,1,False,2,0,2,2
667,Men,Distance,2024,0,2,0,2,False,3,0,3,0
668,Men,Distance,2024,2,1,0,1,False,1,0,1,2
669,Men,Distance,2024,0,2,1,3,True,3,1,4,0
671,Men,Distance,2024,1,2,0,2,False,2,0,2,1
671,Men,Sprints,2024,0,1,0,1,False,1,0,1,0
673,Men,Distance,2024,1,2,1,3,True,3,1,4,1
673,Men,Sprints,2024,0,1,0,1,False,1,0,1,0
674,Men,Distance,2024,0,1,3,4,True,1,3,4,0
675,Men,Distance,2024,2,2,1,3,True,3,1,4,4
675,Men,Jumps,2024,0,1,0,1,False,1,0,1,0
676,Men,Distance,2024,2,1,3,4,True,1,4,5,2
677,Men,Distance,2024,2,1,0,1,False,2,0,2,2
678,Men,Distance,2024,1,2,0,2,False,3,0,3,1
678,Men,Sprints,2024,0,1,0,1,False,1,0,1,0
680,Men,Distance,2024,1,0,2,2,True,0,4,4,1
681,Men,Distance,2024,1,1,2,3,True,1,2,3,1
683,Men,Distance,2024,3,2,1,3,True,2,1,3,3
685,Men,Distance,2024,0,2,2,4,True,4,2,6,0
686,Men,Distance,2024,3,1,0,1,False,1,0,1,3
689,Men,Distance,2024,2,2,1,3,True,3,1,4,4
689,Men,Jumps,2024,0,1,0,1,False,1,0,1,0
691,Men,Distance,2024,3,1,1,2,True,2,1,3,4
692,Men,Distance,2024,0,2,0,2,False,3,0,3,0
693,Men,Distance,2024,1,2,0,2,False,3,0,3,1
694,Men,Distance,2024,0,1,2,3,True,1,3,4,0
695,Men,Distance,2024,0,1,2,3,True,2,2,4,0
699,Men,Distance,2024,1,1,0,1,False,1,0,1,1
700,Men,Distance,2024,1,1,1,2,True,2,2,4,2
701,Men,Sprints,2024,0,1,0,1,False,1,0,1,0
702,Men,Distance,2024,0,2,1,3,True,3,1,4,0
703,Men,Distance,2024,0,1,1,2,True,1,1,2,0
704,Men,Distance,2024,0,2,1,3,True,4,1,5,0
705,Men,Distance,2024,1,2,3,5,True,3,4,7,2
706,Men,Distance,2024,1,2,3,5,True,2,4,6,2
708,Men,Distance,2024,0,2,0,2,False,4,0,4,0
709,Men,Distance,2024,3,1,0,1,False,1,0,1,4
710,Men,Distance,2024,0,2,1,3,True,3,1,4,0
711,Men,Distance,2024,0,2,1,3,True,3,1,4,0
714,Men,Distance,2024,2,0,1,1,True,0,2,2,2
715,Men,Distance,2024,0,1,0,1,False,1,0,1,0
721,Men,Distance,2024,1,1,1,2,True,1,1,2,1
722,Men,Distance,2024,1,1,0,1,False,1,0,1,1
723,Men,Distance,2024,1,2,1,3,True,2,1,3,1
727,Men,Distance,2024,2,1,1,2,True,1,1,2,2
728,Men,Distance,2024,2,2,1,3,True,2,1,3,2
729,Men,Distance,2024,0,1,0,1,False,1,0,1,0
730,Men,Distance,2024,1,0,1,1,True,0,1,1,1
731,Men,Distance,2024,2,1,0,1,False,1,0,1,3
734,Men,Distance,2024,0,2,1,3,True,2,1,3,0
736,Men,Distance,2024,0,2,1,3,True,2,1,3,0
737,Men,Distance,2024,0,2,0,2,False,3,0,3,0
741,Men,Distance,2024,1,1,0,1,False,1,0,1,1
742,Men,Distance,2024,0,2,2,4,True,3,2,5,0
743,Men,Distance,2024,0,2,2,4,True,3,2,5,0
747,Men,Distance,2024,1,2,0,2,False,4,0,4,3
748,Men,Distance,2024,2,2,1,3,True,2,1,3,2
751,Men,Distance,2024,1,2,2,4,True,2,2,4,1
752,Men,Distance,2024,0,0,1,1,True,0,2,2,0
753,Men,Distance,2024,1,0,1,1,True,0,1,1,1
754,Men,Distance,2024,0,2,0,2,False,4,0,4,0
754,Men,Hurdles,2024,0,1,0,1,False,2,0,2,0
754,Men,Sprints,2024,0,1,0,1,False,2,0,2,0
756,Men,Distance,2024,0,2,0,2,False,4,0,4,0
757,Men,Distance,2024,0,0,1,1,True,0,1,1,0
759,Men,Distance,2024,0,1,0,1,False,2,0,2,0
760,Men,Distance,2024,0,1,2,3,True,1,3,4,0
761,Men,Distance,2024,2,0,1,1,True,0,1,1,2
761,Men,Sprints,2024,0,0,1,1,True,0,1,1,0
764,Men,Distance,2024,1,1,0,1,False,1,0,1,1
765,Men,Distance,2024,0,2,0,2,False,5,0,5,0
765,Men,Sprints,2024,0,1,0,1,False,1,0,1,0
766,Men,Distance,2024,3,0,1,1,True,0,1,1,4
770,Men,Distance,2024,1,0,1,1,True,0,1,1,1
771,Men,Distance,2024,0,1,0,1,False,1,0,1,0
778,Men,Distance,2024,0,2,1,3,True,2,1,3,0
784,Men,Distance,2024,1,0,1,1,True,0,1,1,1
786,Men,Distance,2024,2,2,0,2,False,2,0,2,2
787,Men,Distance,2024,1,1,1,2,True,1,1,2,1
787,Men,Jumps,2024,0,0,1,1,True,0,1,1,0
789,Men,Distance,2024,1,0,1,1,True,0,1,1,1
789,Men,Hurdles,2024,0,0,1,1,True,0,1,1,0
790,Men,Distance,2024,0,0,1,1,True,0,1,1,0
790,Men,Sprints,2024,0,2,2,4,True,2,2,4,0
790,Men,Throws,2024,0,1,0,1,False,1,0,1,0
794,Men,Distance,2024,0,1,1,2,True,1,1,2,0
798,Men,Distance,2024,1,0,1,1,True,0,1,1,1
799,Men,Distance,2024,1,0,1,1,True,0,1,1,1
799,Men,Jumps,2024,0,0,1,1,True,0,1,1,0
799,Men,Sprints,2024,1,0,1,1,True,0,2,2,1
800,Men,Distance,2024,0,1,0,1,False,2,0,2,0
801,Men,Distance,2024,3,2,0,2,False,2,0,2,3
801,Men,Throws,2024,0,0,1,1,True,0,1,1,0
802,Men,Sprints,2024,2,1,1,2,True,2,1,3,3
804,Men,Jumps,2024,0,1,1,2,True,1,1,2,0
804,Men,Sprints,2024,1,0,1,1,True,0,1,1,2
807,Women,Distance,2024,5,1,2,3,True,1,2,3,8
809,Women,Distance,2024,3,0,1,1,True,0,1,1,6
809,Women,Hurdles,2024,0,0,1,1,True,0,1,1,0
809,Women,Jumps,2024,1,0,1,1,True,0,1,1,1
811,Women,Distance,2024,0,1,1,2,True,1,1,2,0
817,Women,Distance,2024,0,0,1,1,True,0,1,1,0
819,Women,Distance,2024,2,0,1,1,True,0,1,1,5
823,Women,Distance,2024,2,0,1,1,True,0,1,1,4
825,Women,Distance,2024,2,0,1,1,True,0,1,1,3
829,Women,Distance,2024,4,1,1,2,True,1,1,2,5
839,Women,Distance,2024,1,0,1,1,True,0,1,1,1
849,Women,Throws,2024,0,0,1,1,True,0,1,1,0
861,Women,Sprints,2024,2,0,1,1,True,0,2,2,4
863,Men,Distance,2024,2,1,1,2,True,1,1,2,2
867,Men,Distance,2024,1,1,1,2,True,1,1,2,1
867,Men,Sprints,2024,0,1,0,1,False,2,0,2,0
872,Men,Distance,2024,1,0,1,1,True,0,1,1,2
876,Men,Distance,2024,3,1,1,2,True,1,1,2,3
878,Men,Distance,2024,1,0,1,1,True,0,1,1,1
880,Men,Distance,2024,2,0,1,1,True,0,1,1,2
882,Men,Distance,2024,3,1,1,2,True,1,2,3,3
885,Men,Distance,2024,4,0,2,2,True,0,2,2,4
886,Men,Distance,2024,3,0,1,1,True,0,1,1,3
891,Men,Distance,2024,2,0,1,1,True,0,1,1,3
899,Men,Distance,2024,1,0,1,1,True,0,1,1,3
909,Men,Distance,2024,1,1,0,1,False,1,0,1,2
913,Men,Distance,2024,1,0,1,1,True,0,1,1,1
916,Men,Distance,2024,3,1,1,2,True,1,2,3,3
916,Men,Sprints,2024,0,0,1,1,True,0,1,1,0
918,Men,Distance,2024,3,1,1,2,True,1,2,3,5
922,Men,Distance,2024,2,1,0,1,False,1,0,1,2
924,Men,Distance,2024,2,0,1,1,True,0,1,1,5
924,Men,Hurdles,2024,0,0,1,1,True,0,1,1,0
928,Men,Hurdles,2024,0,1,1,2,True,2,2,4,0
928,Men,Jumps,2024,1,0,1,1,True,0,1,1,1
928,Men,Sprints,2024,2,1,0,1,False,1,0,1,2
930,Men,Distance,2024,2,1,1,2,True,1,1,2,4
930,Men,Sprints,2024,2,1,2,3,True,1,2,3,3
934,Men,Distance,2024,2,0,1,1,True,0,1,1,2
936,Men,Distance,2024,2,1,0,1,False,1,0,1,2
938,Men,Distance,2024,2,1,0,1,False,1,0,1,2
938,Men,Sprints,2024,0,0,1,1,True,0,1,1,0
946,Men,Distance,2024,1,0,1,1,True,0,2,2,2
948,Men,Distance,2024,1,0,1,1,True,0,2,2,3
956,Men,Distance,2024,0,0,1,1,True,0,1,1,0
960,Men,Distance,2024,0,0,1,1,True,0,2,2,0
960,Men,Sprints,2024,0,0,1,1,True,0,2,2,0
964,Men,Distance,2024,1,0,2,2,True,0,2,2,1
964,Men,Sprints,2024,1,1,0,1,False,1,0,1,2
966,Men,Distance,2024,0,0,1,1,True,0,1,1,0
966,Men,Hurdles,2024,0,0,1,1,True,0,1,1,0
966,Men,Sprints,2024,3,1,1,2,True,1,1,2,5
974,Women,Distance,2024,0,0,1,1,True,0,1,1,0
992,Women,Distance,2024,3,2,1,3,True,3,1,4,5
992,Women,Sprints,2024,0,0,1,1,True,0,2,2,0
1010,Women,Distance,2024,0,1,0,1,False,2,0,2,0
1018,Women,Distance,2024,2,0,1,1,True,0,1,1,3
1020,Women,Distance,2024,1,1,0,1,False,2,0,2,1
1022,Women,Distance,2024,1,1,0,1,False,1,0,1,1
1044,Women,Distance,2024,1,1,0,1,False,1,0,1,2
1054,Women,Hurdles,2024,0,1,0,1,False,2,0,2,0
1072,Women,Distance,2024,0,1,0,1,False,1,0,1,0
1072,Women,Sprints,2024,1,1,0,1,False,1,0,1,1
1116,Women,Distance,2024,1,1,0,1,False,2,0,2,1
1122,Women,Distance,2024,1,1,0,1,False,1,0,1,1
1173,Men,Distance,2024,2,2,0,2,False,4,0,4,2
1177,Men,Distance,2024,1,1,0,1,False,1,0,1,1
1179,Men,Distance,2024,1,1,0,1,False,2,0,2,1
1183,Men,Distance,2024,2,1,0,1,False,1,0,1,3
1183,Men,Sprints,2024,0,1,0,1,False,1,0,1,0
1198,Men,Distance,2024,2,1,1,2,True,1,2,3,2
1209,Men,Distance,2024,2,1,0,1,False,1,0,1,4
1216,Men,Distance,2024,1,2,1,3,True,4,1,5,2
1216,Men,Sprints,2024,0,0,1,1,True,0,1,1,0
1222,Men,Distance,2024,2,1,0,1,False,2,0,2,3
1239,Men,Distance,2024,2,1,0,1,False,2,0,2,2
1249,Men,Distance,2024,2,1,1,2,True,1,1,2,2
1251,Men,Distance,2024,1,2,1,3,True,3,2,5,2
1254,Men,Distance,2024,0,0,1,1,True,0,1,1,0
1258,Men,Distance,2024,1,1,0,1,False,2,0,2,2
1260,Men,Distance,2024,2,1,0,1,False,1,0,1,3
1260,Men,Sprints,2024,1,1,0,1,False,1,0,1,2
1280,Men,Distance,2024,2,1,0,1,False,2,0,2,2
1288,Men,Distance,2024,2,1,0,1,False,1,0,1,2
1294,Men,Distance,2024,2,1,0,1,False,1,0,1,3
1309,Men,Distance,2024,1,1,2,3,True,2,4,6,2
1317,Men,Distance,2024,0,0,3,3,True,0,3,3,0
1337,Men,Distance,2024,1,1,0,1,False,1,0,1,1
1341,Men,Distance,2024,2,0,1,1,True,0,1,1,4
1379,Men,Distance,2024,1,1,0,1,False,1,0,1,1
1379,Men,Sprints,2024,0,1,0,1,False,1,0,1,0
1409,Men,Sprints,2024,2,1,1,2,True,1,1,2,2
1446,Women,Distance,2024,0,2,0,2,False,2,0,2,0
1448,Women,Distance,2024,0,1,0,1,False,1,0,1,0
1454,Women,Distance,2024,1,0,1,1,True,0,1,1,1
1456,Women,Distance,2024,0,1,1,2,True,1,1,2,0
1466,Women,Distance,2024,0,1,0,1,False,2,0,2,0
1478,Women,Distance,2024,0,0,1,1,True,0,1,1,0
1478,Women,Jumps,2024,0,1,1,2,True,2,1,3,0
1478,Women,Sprints,2024,0,2,1,3,True,4,1,5,0
1483,Women,Distance,2024,2,1,1,2,True,1,2,3,2
1484,Women,Distance,2024,0,1,0,1,False,1,0,1,0
1486,Women,Distance,2024,0,1,1,2,True,2,3,5,0
1497,Women,Distance,2024,2,2,1,3,True,2,1,3,2
1498,Women,Distance,2024,0,1,0,1,False,1,0,1,0
1522,Men,Distance,2024,2,1,0,1,False,1,0,1,2
1525,Men,Distance,2024,0,1,0,1,False,1,0,1,0
1526,Men,Distance,2024,0,2,1,3,True,3,2,5,0
1529,Men,Distance,2024,2,1,1,2,True,1,1,2,2
1533,Men,Distance,2024,3,2,1,3,True,3,1,4,3
1533,Men,Sprints,2024,0,1,0,1,False,1,0,1,0
1536,Men,Distance,2024,0,2,1,3,True,2,2,4,0
1539,Men,Distance,2024,0,3,1,4,True,4,1,5,0
1542,Men,Distance,2024,0,1,0,1,False,1,0,1,0
1552,Men,Distance,2024,2,2,3,5,True,2,4,6,2
1552,Men,Sprints,2024,0,0,1,1,True,0,1,1,0
1557,Men,Distance,2024,1,1,1,2,True,1,1,2,1
1558,Men,Distance,2024,0,3,1,4,True,4,2,6,0
1558,Men,Sprints,2024,0,1,0,1,False,1,0,1,0
1571,Men,Distance,2024,1,2,0,2,False,2,0,2,1
1572,Men,Distance,2024,0,0,1,1,True,0,1,1,0
1578,Men,Distance,2024,0,2,1,3,True,4,4,8,0
1581,Men,Distance,2024,1,1,0,1,False,1,0,1,1
1584,Men,Distance,2024,1,1,1,2,True,1,1,2,1
1589,Men,Distance,2024,3,3,1,4,True,3,2,5,3
1589,Men,Sprints,2024,0,1,0,1,False,2,0,2,0
1590,Men,Distance,2024,0,2,0,2,False,2,0,2,0
1592,Men,Distance,2024,0,1,0,1,False,1,0,1,0
1597,Men,Distance,2024,0,2,1,3,True,2,2,4,0
1598,Men,Distance,2024,0,3,1,4,True,5,2,7,0
1599,Men,Distance,2024,1,1,1,2,True,1,1,2,1
1599,Men,Sprints,2024,1,0,1,1,True,0,2,2,1
1599,Men,Throws,2024,0,1,0,1,False,1,0,1,0
1608,Men,Distance,2024,2,1,0,1,False,1,0,1,2
1609,Men,Distance,2024,0,2,1,3,True,3,1,4,0
1609,Men,Sprints,2024,0,2,1,3,True,2,1,3,0
1612,Men,Distance,2024,0,2,1,3,True,4,2,6,0
1612,Men,Sprints,2024,0,1,1,2,True,1,1,2,0
1615,Men,Distance,2024,1,1,1,2,True,1,1,2,1
1615,Men,Throws,2024,0,0,1,1,True,0,1,1,0
1617,Women,Distance,2024,0,0,1,1,True,0,1,1,0
1619,Women,Distance,2024,2,0,1,1,True,0,1,1,3
1621,Women,Distance,2024,3,0,2,2,True,0,3,3,6
1622,Men,Sprints,2024,0,0,4,4,True,0,7,7,0
1624,Men,Sprints,2024,4,0,4,4,True,0,5,5,5
1625,Men,Distance,2024,5,0,3,3,True,0,3,3,5
1631,Men,Distance,2024,5,0,3,3,True,0,4,4,5
1631,Men,Sprints,2024,0,0,1,1,True,0,1,1,0
1632,Men,Distance,2024,4,0,3,3,True,0,4,4,4
1635,Men,Distance,2024,1,0,4,4,True,0,4,4,1
1636,Men,Distance,2024,0,0,3,3,True,0,3,3,0
1637,Men,Distance,2024,0,0,1,1,True,0,1,1,0
1638,Men,Distance,2024,4,0,3,3,True,0,5,5,5
1639,Men,Distance,2024,5,0,2,2,True,0,2,2,5
1639,Men,Sprints,2024,0,0,1,1,True,0,2,2,0
1641,Men,Distance,2024,3,0,1,1,True,0,1,1,4
1646,Men,Distance,2024,3,0,1,1,True,0,1,1,3
1649,Men,Distance,2024,0,0,1,1,True,0,1,1,0
1650,Men,Distance,2024,5,0,3,3,True,0,3,3,6
1651,Men,Distance,2024,5,0,3,3,True,0,3,3,6
1652,Men,Distance,2024,4,0,2,2,True,0,2,2,4
1655,Men,Distance,2024,3,0,3,3,True,0,3,3,3
1656,Men,Distance,2024,3,0,3,3,True,0,5,5,6
1657,Men,Distance,2024,3,0,2,2,True,0,2,2,5
1658,Men,Distance,2024,1,0,1,1,True,0,1,1,1
1661,Men,Distance,2024,2,0,1,1,True,0,2,2,2
1662,Men,Distance,2024,2,0,1,1,True,0,1,1,2
1663,Men,Distance,2024,3,0,2,2,True,0,4,4,4
1665,Men,Distance,2024,2,0,1,1,True,0,1,1,2
1673,Women,Distance,2024,2,0,1,1,True,0,1,1,2
1676,Women,Distance,2024,0,1,0,1,False,1,0,1,0
1696,Men,Distance,2024,1,1,0,1,False,1,0,1,1
1699,Men,Distance,2024,1,1,1,2,True,1,1,2,1
1728,Women,Distance,2024,0,1,0,1,False,1,0,1,0
1732,Women,Distance,2024,2,0,2,2,True,0,4,4,3
1732,Women,Sprints,2024,0,0,1,1,True,0,1,1,0
1742,Women,Distance,2024,0,1,0,1,False,1,0,1,0
1751,Women,Distance,2024,1,0,1,1,True,0,1,1,1
1752,Women,Distance,2024,2,0,1,1,True,0,1,1,2
1756,Women,Distance,2024,2,1,0,1,False,1,0,1,2
1759,Women,Distance,2024,3,0,1,1,True,0,1,1,5
1763,Women,Distance,2024,2,0,1,1,True,0,1,1,2
1765,Women,Distance,2024,2,0,1,1,True,0,2,2,2
1767,Women,Distance,2024,3,0,1,1,True,0,1,1,3
1768,Women,Distance,2024,0,1,0,1,False,1,0,1,0
1769,Women,Distance,2024,2,0,1,1,True,0,1,1,3
1773,Women,Distance,2024,2,0,1,1,True,0,2,2,2
1776,Women,Distance,2024,2,1,0,1,False,1,0,1,2
1781,Women,Distance,2024,1,0,1,1,True,0,2,2,1
1791,Women,Distance,2024,1,1,0,1,False,1,0,1,1
1796,Women,Distance,2024,1,0,1,1,True,0,1,1,1
1809,Men,Distance,2024,2,0,1,1,True,0,1,1,3
1822,Men,Distance,2024,2,0,1,1,True,0,1,1,2
1823,Men,Distance,2024,0,0,1,1,True,0,1,1,0
1839,Men,Distance,2024,2,1,0,1,False,1,0,1,3
1839,Men,Hurdles,2024,0,0,1,1,True,0,1,1,0
1842,Men,Distance,2024,1,1,0,1,False,1,0,1,1
1844,Men,Distance,2024,1,0,1,1,True,0,2,2,2
1847,Men,Distance,2024,2,0,1,1,True,0,1,1,2
1855,Men,Distance,2024,2,0,1,1,True,0,1,1,3
1856,Men,Distance,2024,4,1,0,1,False,1,0,1,4
1857,Men,Distance,2024,0,0,1,1,True,0,2,2,0
1863,Men,Distance,2024,5,1,1,2,True,2,1,3,5
1863,Men,Sprints,2024,1,0,1,1,True,0,1,1,1
1866,Men,Distance,2024,0,0,1,1,True,0,1,1,0
1874,Men,Distance,2024,1,0,1,1,True,0,1,1,1
1876,Men,Distance,2024,1,1,2,3,True,1,2,3,1
1880,Men,Distance,2024,0,1,0,1,False,1,0,1,0
1883,Men,Distance,2024,2,0,2,2,True,0,4,4,4
1883,Men,Sprints,2024,1,0,1,1,True,0,1,1,2
1887,Men,Hurdles,2024,0,0,1,1,True,0,1,1,0
1887,Men,Sprints,2024,0,0,1,1,True,0,1,1,0
1894,Men,Distance,2024,1,0,2,2,True,0,4,4,2
1897,Men,Distance,2024,2,0,1,1,True,0,1,1,2
1900,Men,Distance,2024,1,0,2,2,True,0,4,4,2
1900,Men,Sprints,2024,0,0,1,1,True,0,1,1,0
1908,Men,Distance,2024,1,0,1,1,True,0,1,1,1
1908,Men,Sprints,2024,0,0,1,1,True,0,1,1,0
1928,Women,Distance,2024,3,1,0,1,False,1,0,1,3
1930,Women,Distance,2024,2,1,0,1,False,1,0,1,3
1931,Women,Distance,2024,2,1,0,1,False,1,0,1,2
1933,Women,Distance,2024,2,1,0,1,False,1,0,1,2
1937,Women,Distance,2024,2,1,0,1,False,1,0,1,2
1946,Women,Distance,2024,0,1,0,1,False,2,0,2,0
1947,Women,Distance,2024,0,1,0,1,False,2,0,2,0
1951,Women,Distance,2024,1,1,0,1,False,2,0,2,1
1962,Women,Distance,2024,1,1,0,1,False,3,0,3,2
1966,Women,Distance,2024,1,1,0,1,False,1,0,1,1
1967,Women,Distance,2024,2,1,0,1,False,1,0,1,2
1970,Women,Distance,2024,0,0,1,1,True,0,1,1,0
1970,Women,Jumps,2024,1,0,1,1,True,0,1,1,1
1983,Women,Distance,2024,1,0,1,1,True,0,2,2,1
1985,Women,Distance,2024,0,1,0,1,False,2,0,2,0
1987,Women,Distance,2024,0,0,1,1,True,0,1,1,0
1989,Men,Distance,2024,4,0,1,1,True,0,1,1,5
1992,Men,Distance,2024,0,1,0,1,False,1,0,1,0
1996,Men,Distance,2024,4,1,0,1,False,1,0,1,7
1998,Men,Distance,2024,4,1,1,2,True,2,1,3,4
2000,Men,Distance,2024,1,1,0,1,False,2,0,2,2
2002,Men,Distance,2024,7,0,2,2,True,0,3,3,8
2005,Men,Distance,2024,2,1,0,1,False,1,0,1,3
2006,Men,Distance,2024,3,0,1,1,True,0,3,3,6
2007,Men,Distance,2024,3,1,0,1,False,2,0,2,3
2011,Men,Distance,2024,1,1,0,1,False,2,0,2,1
2012,Men,Distance,2024,2,1,1,2,True,1,1,2,2
2023,Men,Distance,2024,3,0,1,1,True,0,2,2,4
2029,Men,Distance,2024,2,0,1,1,True,0,2,2,3
2030,Men,Distance,2024,1,0,1,1,True,0,1,1,1
2036,Men,Distance,2024,1,0,2,2,True,0,2,2,1
2037,Men,Distance,2024,2,1,0,1,False,2,0,2,3
2040,Men,Distance,2024,1,0,1,1,True,0,2,2,1
2040,Men,Sprints,2024,1,0,1,1,True,0,1,1,1
2044,Men,Distance,2024,1,1,0,1,False,2,0,2,1
2045,Men,Distance,2024,3,1,0,1,False,3,0,3,6
2051,Men,Distance,2024,2,0,1,1,True,0,2,2,3
2053,Men,Distance,2024,0,0,1,1,True,0,2,2,0
2053,Men,Sprints,2024,0,0,1,1,True,0,1,1,0
2056,Women,Distance,2024,3,0,2,2,True,0,2,2,3
2057,Men,Distance,2024,2,2,2,4,True,2,3,5,2
2057,Men,Sprints,2024,0,1,0,1,False,1,0,1,0
2059,Men,Distance,2024,3,0,1,1,True,0,2,2,4
2061,Women,Distance,2024,5,0,1,1,True,0,1,1,5
2062,Women,Distance,2024,1,0,2,2,True,0,2,2,1
2071,Men,Distance,2024,1,1,0,1,False,1,0,1,1
2074,Women,Distance,2024,2,0,1,1,True,0,1,1,2
2079,Women,Distance,2024,1,0,1,1,True,0,1,1,1
2081,Women,Distance,2024,3,1,1,2,True,1,1,2,3
2081,Women,Sprints,2024,0,0,1,1,True,0,2,2,0
2082,Women,Distance,2024,0,0,1,1,True,0,1,1,0
2083,Women,Distance,2024,1,0,1,1,True,0,1,1,3
2084,Women,Distance,2024,2,0,1,1,True,0,1,1,2
2084,Women,Sprints,2024,0,0,1,1,True,0,1,1,0
2094,Women,Distance,2024,2,0,1,1,True,0,1,1,2
2097,Women,Distance,2024,2,0,1,1,True,0,1,1,2
2111,Men,Distance,2024,1,0,1,1,True,0,1,1,1
2112,Men,Distance,2024,0,1,0,1,False,1,0,1,0
2113,Men,Distance,2024,2,0,1,1,True,0,2,2,4
2114,Men,Distance,2024,1,0,1,1,True,0,1,1,1
2116,Men,Distance,2024,3,0,1,1,True,0,1,1,5
2121,Men,Distance,2024,1,0,1,1,True,0,1,1,2
2124,Men,Distance,2024,2,0,1,1,True,0,3,3,3
2127,Men,Distance,2024,1,0,1,1,True,0,2,2,1
2128,Men,Distance,2024,3,0,1,1,True,0,1,1,3
2128,Men,Sprints,2024,0,0,1,1,True,0,1,1,0
2129,Men,Distance,2024,1,1,1,2,True,1,1,2,2
2139,Men,Hurdles,2024,0,0,1,1,True,0,1,1,0
2139,Men,Jumps,2024,1,1,1,2,True,1,2,3,1
2139,Men,Sprints,2024,0,0,1,1,True,0,1,1,0
2142,Men,Distance,2024,0,0,1,1,True,0,1,1,0
2145,Men,Sprints,2024,4,0,2,2,True,0,2,2,8
2146,Men,Distance,2024,1,0,1,1,True,0,1,1,1
2147,Men,Distance,2024,1,0,1,1,True,0,2,2,3
2148,Men,Distance,2024,5,1,2,3,True,2,3,5,8
2152,Men,Sprints,2024,1,0,2,2,True,0,2,2,1
2156,Men,Throws,2024,0,0,1,1,True,0,1,1,0
2157,Men,Distance,2024,1,0,1,1,True,0,1,1,1
2168,Men,Distance,2024,2,2,3,5,True,2,3,5,2
2168,Men,Sprints,2024,1,0,1,1,True,0,1,1,1
2171,Men,Distance,2024,0,1,0,1,False,1,0,1,0
2173,Men,Distance,2024,1,0,1,1,True,0,1,1,1
2177,Men,Distance,2024,2,1,1,2,True,1,2,3,3
2182,Men,Hurdles,2024,0,0,1,1,True,0,1,1,0
2182,Men,Sprints,2024,1,1,3,4,True,2,7,9,1
2184,Men,Distance,2024,2,0,2,2,True,0,2,2,3
2184,Men,Hurdles,2024,0,0,1,1,True,0,1,1,0
2192,Men,Distance,2024,1,0,1,1,True,0,1,1,1
2193,Men,Distance,2024,3,1,2,3,True,1,2,3,4
2195,Men,Distance,2024,2,1,1,2,True,1,1,2,2
2199,Men,Distance,2024,4,1,0,1,False,1,0,1,4
2202,Men,Distance,2024,3,1,1,2,True,1,2,3,5
2210,Men,Distance,2024,3,0,2,2,True,0,2,2,4
2219,Men,Sprints,2024,2,0,2,2,True,0,2,2,2
2233,Women,Distance,2024,1,1,0,1,False,1,0,1,2
2241,Women,Distance,2024,2,0,3,3,True,0,3,3,2
2242,Women,Distance,2024,1,0,1,1,True,0,1,1,1
2243,Women,Distance,2024,0,0,1,1,True,0,2,2,0
2245,Women,Distance,2024,1,0,1,1,True,0,1,1,1
2245,Women,Throws,2024,1,0,1,1,True,0,1,1,1
2246,Women,Distance,2024,4,0,1,1,True,0,1,1,4
2249,Women,Sprints,2024,2,0,2,2,True,0,3,3,2
2249,Women,Throws,2024,0,0,1,1,True,0,1,1,0
2252,Women,Sprints,2024,1,0,2,2,True,0,3,3,1
2252,Women,Throws,2024,0,0,1,1,True,0,1,1,0
2256,Women,Distance,2024,1,0,1,1,True,0,1,1,1
2257,Women,Distance,2024,2,0,2,2,True,0,4,4,3
2258,Men,Distance,2024,4,0,2,2,True,0,2,2,5
2259,Men,Distance,2024,3,0,1,1,True,0,2,2,5
2260,Men,Distance,2024,3,0,1,1,True,0,1,1,3
2261,Men,Distance,2024,1,0,2,2,True,0,4,4,2
2263,Men,Distance,2024,3,0,2,2,True,0,3,3,6
2268,Men,Distance,2024,3,0,1,1,True,0,1,1,5
2269,Men,Distance,2024,3,0,2,2,True,0,3,3,4
2273,Men,Sprints,2024,2,0,3,3,True,0,4,4,2
2275,Men,Distance,2024,2,0,1,1,True,0,2,2,4
2276,Men,Distance,2024,3,0,1,1,True,0,1,1,3
2277,Men,Distance,2024,3,0,1,1,True,0,1,1,3
2284,Men,Distance,2024,3,0,1,1,True,0,2,2,3
2289,Men,Jumps,2024,2,0,1,1,True,0,1,1,3
2289,Men,Sprints,2024,1,0,1,1,True,0,1,1,1
2289,Men,Throws,2024,2,0,1,1,True,0,1,1,2
2297,Women,Distance,2024,0,1,2,3,True,1,2,3,0
2298,Women,Distance,2024,0,1,0,1,False,1,0,1,0
2302,Men,Distance,2024,0,1,2,3,True,1,2,3,0
2303,Men,Distance,2024,0,1,2,3,True,1,2,3,0
2305,Men,Distance,2024,0,1,0,1,False,2,0,2,0
2306,Men,Distance,2024,0,1,3,4,True,2,4,6,0
2307,Men,Distance,2024,0,1,0,1,False,1,0,1,0
2309,Men,Distance,2024,0,0,2,2,True,0,2,2,0
2311,Men,Distance,2024,0,0,1,1,True,0,1,1,0
2312,Men,Distance,2024,0,0,1,1,True,0,1,1,0
2314,Men,Distance,2024,0,0,2,2,True,0,2,2,0
2316,Men,Distance,2024,0,1,2,3,True,1,2,3,0
2348,Men,Distance,2024,0,0,1,1,True,0,2,2,0
2354,Men,Distance,2024,2,1,0,1,False,1,0,1,3
2380,Women,Distance,2024,0,1,1,2,True,1,1,2,0
2381,Women,Distance,2024,1,1,0,1,False,1,0,1,1
2381,Women,Sprints,2024,0,1,1,2,True,1,1,2,0
2383,Women,Distance,2024,1,1,0,1,False,1,0,1,1
2384,Women,Distance,2024,0,1,1,2,True,1,1,2,0
2384,Women,Jumps,2024,0,0,1,1,True,0,1,1,0
2385,Women,Distance,2024,1,0,1,1,True,0,1,1,1
2387,Women,Distance,2024,1,1,1,2,True,2,1,3,1
2394,Women,Distance,2024,2,1,1,2,True,1,1,2,2
2395,Women,Distance,2024,0,1,0,1,False,1,0,1,0
2396,Women,Distance,2024,1,0,1,1,True,0,1,1,1
2400,Women,Distance,2024,3,0,1,1,True,0,1,1,4
2402,Women,Distance,2024,2,0,1,1,True,0,2,2,3
2403,Women,Distance,2024,1,1,1,2,True,2,1,3,1
2403,Women,Throws,2024,0,1,1,2,True,1,1,2,0
2408,Women,Distance,2024,0,0,1,1,True,0,1,1,0
2414,Women,Jumps,2024,1,1,0,1,False,1,0,1,1
2414,Women,Sprints,2024,2,1,0,1,False,1,0,1,2
2424,Women,Distance,2024,1,1,1,2,True,1,1,2,1
2424,Women,Jumps,2024,1,1,1,2,True,1,1,2,2
2424,Women,Sprints,2024,1,1,1,2,True,2,2,4,2
2424,Women,Throws,2024,0,1,1,2,True,1,1,2,0
2445,Men,Distance,2024,1,1,0,1,False,1,0,1,2
2445,Men,Sprints,2024,0,1,0,1,False,1,0,1,0
2450,Men,Distance,2024,2,1,0,1,False,1,0,1,2
2453,Men,Distance,2024,2,2,1,3,True,2,1,3,4
2455,Men,Distance,2024,1,1,1,2,True,1,1,2,1
2456,Men,Distance,2024,3,0,1,1,True,0,1,1,4
2459,Men,Distance,2024,2,2,1,3,True,3,1,4,4
2462,Men,Distance,2024,1,0,1,1,True,0,1,1,1
2463,Men,Distance,2024,2,0,1,1,True,0,1,1,4
2464,Men,Distance,2024,1,0,1,1,True,0,1,1,1
2464,Men,Sprints,2024,1,1,0,1,False,1,0,1,1
2466,Men,Distance,2024,0,0,1,1,True,0,1,1,0
2466,Men,Jumps,2024,0,0,1,1,True,0,1,1,0
2467,Men,Distance,2024,2,0,1,1,True,0,1,1,4
2469,Men,Distance,2024,3,0,1,1,True,0,1,1,5
2470,Men,Distance,2024,2,0,1,1,True,0,1,1,2
2471,Men,Distance,2024,2,1,0,1,False,1,0,1,2
2474,Men,Distance,2024,4,0,1,1,True,0,1,1,6
2478,Men,Distance,2024,2,1,1,2,True,2,2,4,3
2480,Men,Distance,2024,0,1,0,1,False,1,0,1,0
2487,Men,Sprints,2024,2,1,1,2,True,1,1,2,3
2492,Men,Distance,2024,1,2,0,2,False,2,0,2,1
2492,Men,Sprints,2024,0,0,1,1,True,0,2,2,0
2497,Men,Distance,2024,0,1,0,1,False,1,0,1,0
2499,Women,Distance,2024,3,2,0,2,False,2,0,2,3
2500,Women,Distance,2024,0,1,0,1,False,1,0,1,0
2511,Women,Distance,2024,0,1,0,1,False,1,0,1,0
2512,Women,Distance,2024,0,2,1,3,True,4,1,5,0
2523,Women,Distance,2024,0,1,1,2,True,1,2,3,0
2524,Women,Distance,2024,1,1,0,1,False,2,0,2,2
2524,Women,Sprints,2024,0,1,0,1,False,1,0,1,0
2527,Women,Distance,2024,1,1,1,2,True,2,2,4,1
2534,Women,Distance,2024,0,1,1,2,True,2,1,3,0
2536,Women,Sprints,2024,0,1,0,1,False,1,0,1,0
2539,Men,Distance,2024,0,2,0,2,False,2,0,2,0
2540,Men,Distance,2024,0,0,1,1,True,0,1,1,0
2541,Men,Distance,2024,0,1,1,2,True,1,1,2,0
2544,Men,Distance,2024,0,2,0,2,False,3,0,3,0
2549,Men,Distance,2024,0,0,1,1,True,0,1,1,0
2552,Men,Distance,2024,0,1,0,1,False,1,0,1,0
2556,Men,Distance,2024,1,1,1,2,True,2,1,3,1
2566,Men,Distance,2024,0,1,0,1,False,1,0,1,0
2569,Men,Sprints,2024,0,2,0,2,False,2,0,2,0
2574,Men,Distance,2024,0,1,1,2,True,2,2,4,0
2576,Men,Distance,2024,0,1,0,1,False,1,0,1,0
2584,Men,Distance,2024,2,2,1,3,True,4,1,5,2
2586,Men,Distance,2024,0,2,0,2,False,2,0,2,0
2590,Men,Distance,2024,1,1,0,1,False,2,0,2,1
2598,Men,Distance,2024,0,1,0,1,False,1,0,1,0
2608,Men,Distance,2024,0,2,2,4,True,4,2,6,0
2616,Men,Sprints,2024,1,1,0,1,False,2,0,2,2
2620,Men,Distance,2024,0,2,0,2,False,3,0,3,0
2620,Men,Sprints,2024,0,3,0,3,False,6,0,6,0
2627,Men,Distance,2024,0,1,0,1,False,1,0,1,0
2630,Men,Distance,2024,0,1,0,1,False,1,0,1,0
2635,Men,Distance,2024,0,1,0,1,False,1,0,1,0
2637,Men,Distance,2024,0,1,0,1,False,1,0,1,0
2641,Men,Distance,2024,0,1,0,1,False,1,0,1,0
2644,Men,Distance,2024,0,1,0,1,False,1,0,1,0
2647,Men,Distance,2024,0,1,0,1,False,1,0,1,0
2652,Men,Distance,2024,0,1,0,1,False,1,0,1,0
2654,Men,Distance,2024,0,2,0,2,False,3,0,3,0
2660,Women,Distance,2024,0,1,0,1,False,1,0,1,0
2661,Women,Distance,2024,0,2,0,2,False,2,0,2,0
2663,Women,Distance,2024,0,2,0,2,False,2,0,2,0
2664,Women,Distance,2024,0,1,0,1,False,2,0,2,0
2674,Women,Distance,2024,0,1,0,1,False,1,0,1,0
2674,Women,Sprints,2024,0,1,0,1,False,1,0,1,0
2698,Women,Distance,2024,1,1,0,1,False,2,0,2,1
2699,Women,Distance,2024,0,1,0,1,False,1,0,1,0
2702,Women,Distance,2024,0,1,0,1,False,2,0,2,0
2703,Women,Distance,2024,0,1,0,1,False,1,0,1,0
2705,Women,Distance,2024,1,2,0,2,False,2,0,2,1
2712,Women,Distance,2024,2,0,1,1,True,0,1,1,2
2715,Women,Jumps,2024,0,1,0,1,False,1,0,1,0
2715,Women,Sprints,2024,0,1,0,1,False,1,0,1,0
2719,Women,Jumps,2024,0,1,1,2,True,1,1,2,0
2719,Women,Throws,2024,0,1,1,2,True,1,1,2,0
2720,Women,Jumps,2024,0,1,1,2,True,1,1,2,0
2720,Women,Throws,2024,0,1,0,1,False,1,0,1,0
2724,Men,Distance,2024,1,1,0,1,False,2,0,2,1
2726,Men,Distance,2024,3,1,0,1,False,1,0,1,3
2727,Men,Distance,2024,2,2,1,3,True,2,1,3,3
2730,Men,Distance,2024,3,1,0,1,False,1,0,1,3
2731,Men,Distance,2024,1,1,1,2,True,1,1,2,1
2735,Men,Distance,2024,0,1,0,1,False,1,0,1,0
2742,Men,Distance,2024,1,1,0,1,False,1,0,1,1
2747,Men,Distance,2024,0,1,0,1,False,1,0,1,0
2747,Men,Sprints,2024,0,1,0,1,False,1,0,1,0
2750,Men,Distance,2024,1,1,0,1,False,1,0,1,1
2752,Men,Distance,2024,0,1,0,1,False,2,0,2,0
2752,Men,Throws,2024,0,1,0,1,False,1,0,1,0
2754,Men,Distance,2024,1,1,0,1,False,1,0,1,1
2759,Men,Distance,2024,1,1,1,2,True,1,1,2,1
2765,Men,Distance,2024,0,1,0,1,False,1,0,1,0
2768,Men,Distance,2024,0,1,0,1,False,1,0,1,0
2771,Men,Throws,2024,0,1,0,1,False,1,0,1,0
2773,Women,Distance,2024,4,0,3,3,True,0,3,3,4
2774,Women,Distance,2024,1,0,1,1,True,0,1,1,2
2780,Men,Distance,2024,3,0,2,2,True,0,2,2,4
2784,Men,Distance,2024,2,0,1,1,True,0,1,1,4
2787,Men,Distance,2024,3,0,4,4,True,0,5,5,3
2788,Men,Distance,2024,4,0,2,2,True,0,2,2,4
2791,Women,Distance,2024,1,0,1,1,True,0,1,1,1
2798,Men,Distance,2024,0,0,1,1,True,0,1,1,0
2801,Men,Distance,2024,2,0,1,1,True,0,1,1,2
2802,Men,Distance,2024,1,0,1,1,True,0,1,1,1
2804,Men,Distance,2024,2,0,1,1,True,0,2,2,2
2805,Men,Distance,2024,2,0,1,1,True,0,1,1,2
2806,Men,Distance,2024,1,0,1,1,True,0,2,2,1
2807,Men,Sprints,2024,2,0,1,1,True,0,2,2,3
2808,Men,Distance,2024,2,0,1,1,True,0,2,2,2
2832,Women,Distance,2024,2,0,1,1,True,0,1,1,2
2842,Women,Distance,2024,0,1,0,1,False,1,0,1,0
2854,Men,Distance,2024,3,0,2,2,True,0,2,2,4
2855,Men,Distance,2024,1,1,0,1,False,2,0,2,2
2857,Men,Distance,2024,4,0,2,2,True,0,3,3,6
2858,Men,Distance,2024,1,1,1,2,True,2,1,3,1
2858,Men,Sprints,2024,0,1,0,1,False,1,0,1,0
2859,Men,Distance,2024,4,1,0,1,False,2,0,2,7
2860,Men,Distance,2024,3,1,1,2,True,1,1,2,4
2867,Men,Distance,2024,0,1,0,1,False,2,0,2,0
2876,Men,Distance,2024,1,0,1,1,True,0,2,2,1
2883,Men,Sprints,2024,1,1,0,1,False,2,0,2,2
2883,Men,Throws,2024,0,1,0,1,False,1,0,1,0
2886,Men,Distance,2024,0,0,1,1,True,0,1,1,0
2886,Men,Hurdles,2024,0,0,1,1,True,0,1,1,0
2895,Men,Distance,2024,0,1,0,1,False,1,0,1,0
2896,Men,Distance,2024,1,0,1,1,True,0,1,1,1
2898,Men,Distance,2024,0,0,1,1,True,0,1,1,0
2899,Men,Distance,2024,4,0,1,1,True,0,1,1,5
2900,Men,Distance,2024,4,0,1,1,True,0,1,1,6
2906,Men,Distance,2024,0,1,0,1,False,1,0,1,0
2916,Men,Jumps,2024,2,0,1,1,True,0,1,1,2
2916,Men,Sprints,2024,1,0,1,1,True,0,1,1,2
2918,Men,Sprints,2024,1,0,1,1,True,0,1,1,1
2922,Women,Distance,2024,0,1,0,1,False,1,0,1,0
2924,Women,Hurdles,2024,0,1,0,1,False,1,0,1,0
2934,Women,Distance,2024,0,1,1,2,True,1,2,3,0
2937,Women,Distance,2024,0,0,1,1,True,0,1,1,0
2945,Men,Distance,2024,0,1,0,1,False,1,0,1,0
2946,Men,Distance,2024,0,1,2,3,True,1,2,3,0
2950,Men,Distance,2024,1,1,0,1,False,1,0,1,1
2952,Men,Distance,2024,0,1,2,3,True,1,2,3,0
2953,Men,Distance,2024,1,1,0,1,False,1,0,1,2
2956,Men,Distance,2024,0,1,0,1,False,2,0,2,0
2959,Men,Distance,2024,0,1,2,3,True,1,2,3,0
2967,Men,Distance,2024,1,1,0,1,False,1,0,1,1
2968,Men,Distance,2024,0,1,0,1,False,1,0,1,0
2969,Men,Distance,2024,0,1,0,1,False,1,0,1,0
2981,Men,Distance,2024,0,1,0,1,False,1,0,1,0
2994,Men,Distance,2024,1,0,2,2,True,0,2,2,1
2996,Women,Distance,2024,0,0,1,1,True,0,1,1,0
2997,Women,Distance,2024,0,0,1,1,True,0,1,1,0
3000,Women,Distance,2024,0,1,2,3,True,2,4,6,0
3002,Women,Distance,2024,2,2,1,3,True,3,1,4,3
3011,Men,Distance,2024,0,2,2,4,True,4,2,6,0
3012,Men,Distance,2024,0,3,0,3,False,4,0,4,0
3012,Men,Jumps,2024,0,1,0,1,False,1,0,1,0
3012,Men,Sprints,2024,0,3,0,3,False,3,0,3,0
3015,Men,Distance,2024,1,1,2,3,True,2,2,4,1
3018,Men,Distance,2024,0,1,0,1,False,1,0,1,0
3021,Men,Sprints,2024,1,0,1,1,True,0,1,1,1
3023,Men,Sprints,2024,0,0,1,1,True,0,2,2,0
3035,Women,Distance,2024,2,0,1,1,True,0,1,1,4
3073,Men,Distance,2024,1,0,1,1,True,0,1,1,1
3084,Men,Distance,2024,1,0,1,1,True,0,2,2,3
3094,Men,Distance,2024,0,3,0,3,False,3,0,3,0
3097,Women,Distance,2024,0,0,1,1,True,0,1,1,0
3098,Women,Distance,2024,1,1,0,1,False,1,0,1,1
3100,Women,Distance,2024,0,1,1,2,True,1,1,2,0
3100,Women,Sprints,2024,0,1,1,2,True,1,1,2,0
3109,Women,Distance,2024,0,1,1,2,True,1,1,2,0
3109,Women,Sprints,2024,0,1,1,2,True,1,1,2,0
3116,Women,Distance,2024,3,1,1,2,True,1,2,3,3
3136,Men,Distance,2024,2,1,0,1,False,1,0,1,2
3142,Men,Distance,2024,1,0,1,1,True,0,1,1,1
3153,Men,Distance,2024,0,2,0,2,False,2,0,2,0
3158,Men,Distance,2024,0,1,0,1,False,1,0,1,0
3158,Men,Sprints,2024,2,2,0,2,False,3,0,3,2
3169,Men,Distance,2024,0,1,0,1,False,2,0,2,0
3170,Men,Sprints,2024,1,0,1,1,True,0,1,1,1
3173,Men,Sprints,2024,1,1,0,1,False,1,0,1,2
3175,Men,Distance,2024,0,1,1,2,True,1,1,2,0
3201,Women,Distance,2024,2,0,1,1,True,0,1,1,2
3216,Men,Distance,2024,2,0,1,1,True,0,2,2,4
3231,Men,Distance,2024,1,0,2,2,True,0,2,2,1
3231,Men,Jumps,2024,0,0,2,2,True,0,2,2,0
3233,Women,Distance,2024,0,1,0,1,False,1,0,1,0
3250,Women,Distance,2024,1,1,0,1,False,1,0,1,1
3266,Men,Distance,2024,1,1,0,1,False,1,0,1,1
3273,Men,Distance,2024,0,1,0,1,False,1,0,1,0
3274,Men,Distance,2024,1,1,0,1,False,1,0,1,2
3279,Men,Distance,2024,1,1,0,1,False,1,0,1,1
3286,Men,Distance,2024,1,1,0,1,False,1,0,1,1
3289,Men,Distance,2024,0,0,1,1,True,0,1,1,0
3333,Men,Distance,2024,3,0,2,2,True,0,3,3,3
3339,Men,Distance,2024,3,1,0,1,False,1,0,1,4
3355,Men,Distance,2024,3,0,1,1,True,0,1,1,5
3359,Women,Distance,2024,1,0,2,2,True,0,2,2,2
3360,Women,Distance,2024,1,3,3,6,True,3,4,7,1
3368,Women,Distance,2024,3,1,0,1,False,1,0,1,4
3369,Women,Distance,2024,1,1,1,2,True,1,1,2,1
3371,Women,Distance,2024,1,0,2,2,True,0,2,2,1
3375,Women,Distance,2024,1,0,1,1,True,0,1,1,2
3379,Women,Distance,2024,1,1,2,3,True,1,2,3,1
3386,Men,Distance,2024,1,2,1,3,True,2,1,3,1
3393,Men,Distance,2024,1,3,2,5,True,4,3,7,1
3400,Men,Distance,2024,1,0,1,1,True,0,1,1,1
3405,Men,Distance,2024,0,1,0,1,False,2,0,2,0
3407,Men,Distance,2024,1,2,3,5,True,2,3,5,1
3415,Men,Distance,2024,4,1,0,1,False,1,0,1,4
3418,Men,Distance,2024,0,0,1,1,True,0,1,1,0
3437,Men,Distance,2024,1,2,3,5,True,2,3,5,1
3442,Men,Distance,2024,0,1,0,1,False,1,0,1,0
3443,Men,Distance,2024,0,1,0,1,False,1,0,1,0
3453,Men,Distance,2024,0,1,0,1,False,1,0,1,0
3460,Women,Distance,2024,0,0,1,1,True,0,1,1,0
3483,Men,Distance,2024,0,2,0,2,False,3,0,3,0
3501,Women,Distance,2024,0,1,0,1,False,1,0,1,0
3503,Women,Hurdles,2024,0,0,1,1,True,0,1,1,0
3504,Women,Distance,2024,1,0,1,1,True,0,1,1,1
3507,Men,Jumps,2024,2,0,1,1,True,0,2,2,3
3509,Men,Sprints,2024,2,0,1,1,True,0,1,1,3
3512,Men,Jumps,2024,2,0,1,1,True,0,1,1,3
3512,Men,Sprints,2024,0,0,1,1,True,0,1,1,0
3513,Men,Sprints,2024,1,0,1,1,True,0,1,1,1
3514,Men,Hurdles,2024,0,0,1,1,True,0,1,1,0
3515,Men,Jumps,2024,2,0,1,1,True,0,2,2,3
3515,Men,Sprints,2024,0,0,1,1,True,0,1,1,0
3518,Men,Sprints,2024,1,0,1,1,True,0,1,1,1
3522,Men,Sprints,2024,2,1,0,1,False,1,0,1,3
3525,Women,Distance,2024,0,0,1,1,True,0,1,1,0
3525,Women,Sprints,2024,0,1,0,1,False,1,0,1,0
3526,Women,Sprints,2024,3,0,1,1,True,0,2,2,3
3528,Women,Sprints,2024,1,0,1,1,True,0,1,1,1
3529,Women,Hurdles,2024,0,0,2,2,True,0,2,2,0
3529,Women,Sprints,2024,0,1,2,3,True,1,3,4,0
3530,Women,Sprints,2024,3,0,2,2,True,0,4,4,3
3531,Women,Distance,2024,2,0,1,1,True,0,1,1,2
3532,Women,Sprints,2024,5,0,2,2,True,0,2,2,6
3533,Women,Jumps,2024,0,1,1,2,True,1,2,3,0
3533,Women,Sprints,2024,2,1,1,2,True,1,1,2,3
3534,Women,Distance,2024,1,1,0,1,False,1,0,1,1
3537,Women,Jumps,2024,1,0,1,1,True,0,2,2,1
3537,Women,Sprints,2024,0,0,1,1,True,0,1,1,0
3540,Men,Sprints,2024,2,1,1,2,True,2,2,4,2
3541,Men,Sprints,2024,4,1,2,3,True,2,4,6,6
3541,Men,Throws,2024,0,0,1,1,True,0,1,1,0
3543,Men,Distance,2024,3,1,0,1,False,1,0,1,4
3547,Men,Distance,2024,3,1,0,1,False,1,0,1,3
3547,Men,Sprints,2024,0,0,2,2,True,0,3,3,0
3548,Men,Distance,2024,1,1,1,2,True,1,1,2,3
3549,Men,Sprints,2024,3,0,2,2,True,0,5,5,3
3549,Men,Throws,2024,0,0,1,1,True,0,1,1,0
3551,Men,Sprints,2024,1,0,1,1,True,0,1,1,1
3552,Men,Jumps,2024,0,0,1,1,True,0,1,1,0
3554,Men,Jumps,2024,4,0,1,1,True,0,1,1,4
3554,Men,Sprints,2024,4,1,2,3,True,2,5,7,4
3556,Men,Distance,2024,1,1,0,1,False,1,0,1,1
3557,Men,Distance,2024,3,0,1,1,True,0,1,1,3
3557,Men,Hurdles,2024,0,0,1,1,True,0,1,1,0
3559,Men,Sprints,2024,5,0,2,2,True,0,3,3,7
3563,Women,Sprints,2024,1,1,1,2,True,1,2,3,1
3566,Women,Hurdles,2024,0,2,1,3,True,2,1,3,0
3566,Women,Jumps,2024,5,1,0,1,False,1,0,1,5
3566,Women,Sprints,2024,0,2,0,2,False,2,0,2,0
3567,Men,Sprints,2024,1,1,2,3,True,2,3,5,2
3570,Men,Sprints,2024,0,0,1,1,True,0,2,2,0
3574,Men,Distance,2024,0,0,1,1,True,0,1,1,0
3574,Men,Sprints,2024,3,1,0,1,False,1,0,1,4
3576,Men,Sprints,2024,1,1,1,2,True,1,3,4,1
3577,Men,Jumps,2024,0,0,1,1,True,0,1,1,0
3577,Men,Sprints,2024,1,1,2,3,True,1,2,3,1
3578,Men,Sprints,2024,4,0,2,2,True,0,3,3,4
3580,Men,Sprints,2024,3,1,2,3,True,2,3,5,3
3581,Women,Sprints,2024,1,1,0,1,False,1,0,1,2
3586,Women,Distance,2024,2,2,0,2,False,4,0,4,3
3586,Women,Sprints,2024,0,1,0,1,False,1,0,1,0
3587,Women,Distance,2024,2,1,0,1,False,1,0,1,3
3590,Men,Sprints,2024,2,1,0,1,False,2,0,2,3
3593,Men,Distance,2024,1,1,0,1,False,1,0,1,1
3595,Men,Distance,2024,2,2,0,2,False,2,0,2,2
3597,Women,Distance,2024,0,0,1,1,True,0,1,1,0
3597,Women,Hurdles,2024,0,0,1,1,True,0,1,1,0
3601,Men,Sprints,2024,0,1,0,1,False,1,0,1,0
3605,Men,Sprints,2024,3,1,0,1,False,1,0,1,3
3610,Men,Sprints,2024,0,0,1,1,True,0,1,1,0
3611,Men,Distance,2024,1,1,0,1,False,1,0,1,1
3615,Men,Distance,2024,4,1,0,1,False,1,0,1,4
3616,Men,Sprints,2024,3,1,0,1,False,2,0,2,3
3620,Men,Hurdles,2024,0,0,1,1,True,0,1,1,0
3622,Men,Sprints,2024,5,0,3,3,True,0,6,6,5
3623,Men,Hurdles,2024,0,0,3,3,True,0,5,5,0
3624,Men,Sprints,2024,6,0,3,3,True,0,3,3,6
3629,Men,Throws,2024,3,0,1,1,True,0,1,1,3
3630,Men,Sprints,2024,2,0,1,1,True,0,1,1,2
3633,Men,Distance,2024,3,0,1,1,True,0,1,1,3
3635,Men,Sprints,2024,1,0,1,1,True,0,1,1,2
3638,Women,Sprints,2024,3,2,0,2,False,3,0,3,3
3642,Men,Sprints,2024,1,2,0,2,False,3,0,3,1
3644,Women,Hurdles,2024,0,0,1,1,True,0,1,1,0
3648,Women,Sprints,2024,4,2,1,3,True,3,2,5,6
3649,Women,Sprints,2024,2,2,0,2,False,3,0,3,2
3650,Women,Sprints,2024,4,2,3,5,True,5,4,9,8
3651,Women,Sprints,2024,2,1,0,1,False,1,0,1,2
3652,Women,Hurdles,2024,0,0,1,1,True,0,1,1,0
3654,Women,Distance,2024,0,0,2,2,True,0,2,2,0
3654,Women,Sprints,2024,3,0,1,1,True,0,1,1,3
3655,Women,Jumps,2024,0,1,1,2,True,1,1,2,0
3655,Women,Sprints,2024,4,2,1,3,True,3,1,4,4
3657,Women,Jumps,2024,4,2,2,4,True,3,3,6,6
3657,Women,Sprints,2024,0,0,1,1,True,0,1,1,0
3658,Women,Sprints,2024,3,1,0,1,False,2,0,2,3
3660,Women,Sprints,2024,2,0,1,1,True,0,2,2,3
3664,Women,Jumps,2024,2,0,1,1,True,0,2,2,4
3666,Women,Jumps,2024,2,1,2,3,True,1,3,4,4
3667,Women,Throws,2024,4,2,0,2,False,2,0,2,4
3668,Women,Throws,2024,3,2,0,2,False,4,0,4,4
3669,Women,Throws,2024,2,1,0,1,False,1,0,1,2
3671,Women,Throws,2024,3,1,0,1,False,2,0,2,3
3677,Men,Distance,2024,0,0,1,1,True,0,1,1,0
3680,Men,Sprints,2024,2,0,1,1,True,0,1,1,3
3681,Men,Jumps,2024,1,0,1,1,True,0,1,1,1
3681,Men,Sprints,2024,2,0,1,1,True,0,2,2,2
3682,Men,Sprints,2024,2,0,1,1,True,0,1,1,2
3686,Men,Distance,2024,3,0,3,3,True,0,4,4,4
3687,Men,Distance,2024,4,2,2,4,True,3,2,5,5
3687,Men,Sprints,2024,2,0,2,2,True,0,2,2,2
3688,Men,Distance,2024,3,1,0,1,False,1,0,1,4
3688,Men,Sprints,2024,1,0,1,1,True,0,1,1,1
3689,Men,Distance,2024,0,0,1,1,True,0,1,1,0
3689,Men,Sprints,2024,3,2,2,4,True,2,3,5,3
3690,Men,Sprints,2024,5,1,3,4,True,2,5,7,5
3691,Men,Sprints,2024,4,2,0,2,False,3,0,3,6
3692,Men,Throws,2024,4,2,4,6,True,3,6,9,4
3694,Men,Jumps,2024,4,2,4,6,True,4,7,11,6
3694,Men,Sprints,2024,0,0,1,1,True,0,1,1,0
3696,Men,Sprints,2024,4,1,1,2,True,2,3,5,6
3697,Men,Throws,2024,3,2,4,6,True,3,6,9,4
3698,Men,Jumps,2024,0,0,2,2,True,0,2,2,0
3698,Men,Sprints,2024,1,2,3,5,True,4,6,10,1
3699,Men,Distance,2024,3,1,3,4,True,1,3,4,4
3699,Men,Sprints,2024,1,1,3,4,True,1,3,4,1
3700,Men,Hurdles,2024,0,0,1,1,True,0,1,1,0
3701,Men,Sprints,2024,3,2,2,4,True,4,4,8,3
3704,Men,Throws,2024,4,0,1,1,True,0,1,1,5
3705,Men,Sprints,2024,4,2,3,5,True,3,4,7,6
3706,Men,Throws,2024,4,2,4,6,True,3,7,10,5
3708,Men,Distance,2024,0,0,1,1,True,0,1,1,0
3708,Men,Sprints,2024,3,1,3,4,True,2,4,6,3
3709,Men,Distance,2024,0,0,1,1,True,0,1,1,0
3709,Men,Hurdles,2024,0,2,1,3,True,2,1,3,0
3709,Men,Sprints,2024,2,1,2,3,True,1,2,3,2
3710,Men,Jumps,2024,3,2,2,4,True,4,3,7,6
3710,Men,Sprints,2024,0,1,2,3,True,1,3,4,0
3713,Men,Distance,2024,4,2,1,3,True,3,1,4,8
3716,Women,Sprints,2024,2,0,1,1,True,0,2,2,2
3717,Women,Jumps,2024,2,1,3,4,True,2,5,7,3
3718,Women,Jumps,2024,3,1,3,4,True,1,6,7,5
3719,Men,Sprints,2024,2,1,3,4,True,2,5,7,2
3720,Men,Sprints,2024,2,1,0,1,False,2,0,2,2
3721,Men,Sprints,2024,3,1,2,3,True,2,3,5,3
3723,Men,Sprints,2024,2,1,1,2,True,2,2,4,3
3725,Men,Hurdles,2024,0,0,1,1,True,0,1,1,0
3725,Men,Sprints,2024,1,1,1,2,True,1,1,2,1
3725,Men,Throws,2024,3,2,2,4,True,3,3,6,3
3726,Men,Hurdles,2024,0,2,0,2,False,2,0,2,0
3727,Men,Sprints,2024,2,1,0,1,False,1,0,1,4
3728,Men,Distance,2024,0,0,1,1,True,0,1,1,0
3728,Men,Sprints,2024,2,1,2,3,True,2,2,4,2
3729,Men,Distance,2024,2,1,2,3,True,1,2,3,2
3729,Men,Sprints,2024,1,1,0,1,False,1,0,1,1
3730,Men,Sprints,2024,2,1,2,3,True,2,3,5,2
3733,Men,Hurdles,2024,0,2,1,3,True,2,1,3,0
3733,Men,Sprints,2024,1,0,1,1,True,0,2,2,1
3734,Men,Sprints,2024,2,2,3,5,True,3,5,8,2
3740,Women,Distance,2024,1,1,0,1,False,1,0,1,1
3741,Men,Distance,2024,1,1,0,1,False,2,0,2,1
3752,Women,Hurdles,2024,0,0,2,2,True,0,2,2,0
3753,Women,Sprints,2024,3,0,2,2,True,0,4,4,3
3754,Women,Sprints,2024,3,0,1,1,True,0,2,2,3
3755,Women,Distance,2024,0,0,2,2,True,0,3,3,0
3756,Women,Jumps,2024,2,0,1,1,True,0,2,2,2
3756,Women,Sprints,2024,0,0,1,1,True,0,1,1,0
3756,Women,Throws,2024,1,0,1,1,True,0,1,1,1
3762,Men,Distance,2024,1,0,2,2,True,0,2,2,1
3763,Men,Jumps,2024,2,0,2,2,True,0,4,4,3
3764,Men,Sprints,2024,2,0,2,2,True,0,2,2,2
3768,Women,Throws,2024,1,0,1,1,True,0,1,1,1
3772,Men,Sprints,2024,2,0,1,1,True,0,2,2,3
3776,Men,Throws,2024,2,0,1,1,True,0,1,1,2
3778,Men,Sprints,2024,3,0,2,2,True,0,2,2,4
3781,Men,Sprints,2024,3,0,2,2,True,0,5,5,4
3782,Men,Distance,2024,2,0,2,2,True,0,2,2,2
3783,Men,Hurdles,2024,0,0,1,1,True,0,2,2,0
3783,Men,Sprints,2024,2,0,1,1,True,0,2,2,2
3784,Men,Sprints,2024,3,0,1,1,True,0,2,2,3
3785,Men,Sprints,2024,2,0,1,1,True,0,2,2,2
3786,Men,Distance,2024,2,1,0,1,False,1,0,1,2
3788,Men,Hurdles,2024,0,1,0,1,False,1,0,1,0
3788,Men,Jumps,2024,0,1,0,1,False,1,0,1,0
3790,Men,Distance,2024,2,1,0,1,False,1,0,1,2
3792,Women,Jumps,2024,5,1,0,1,False,2,0,2,8
3794,Women,Throws,2024,4,1,1,2,True,1,2,3,4
3795,Women,Hurdles,2024,0,2,0,2,False,2,0,2,0
3795,Women,Sprints,2024,2,2,0,2,False,2,0,2,2
3798,Women,Hurdles,2024,0,2,0,2,False,3,0,3,0
3798,Women,Sprints,2024,4,1,0,1,False,1,0,1,6
3801,Men,Sprints,2024,1,1,1,2,True,2,2,4,1
3804,Men,Distance,2024,2,1,0,1,False,1,0,1,2
3806,Men,Distance,2024,3,1,1,2,True,1,1,2,4
3806,Men,Sprints,2024,0,1,0,1,False,1,0,1,0
3808,Men,Hurdles,2024,0,1,0,1,False,1,0,1,0
3808,Men,Sprints,2024,3,1,0,1,False,1,0,1,3
3809,Men,Sprints,2024,2,0,1,1,True,0,1,1,3
3813,Women,Sprints,2024,2,1,0,1,False,2,0,2,3
3817,Women,Sprints,2024,1,1,0,1,False,2,0,2,2
3818,Women,Sprints,2024,1,1,0,1,False,1,0,1,1
3824,Women,Distance,2024,2,1,0,1,False,2,0,2,3
3825,Women,Hurdles,2024,0,1,0,1,False,1,0,1,0
3825,Women,Jumps,2024,1,1,0,1,False,1,0,1,1
3827,Men,Throws,2024,2,1,0,1,False,1,0,1,2
3836,Men,Jumps,2024,1,1,0,1,False,1,0,1,1
3836,Men,Sprints,2024,1,1,0,1,False,2,0,2,1
3838,Men,Sprints,2024,1,1,0,1,False,2,0,2,1
3841,Men,Sprints,2024,1,1,0,1,False,2,0,2,2
3843,Men,Sprints,2024,2,1,1,2,True,2,2,4,2
3846,Men,Hurdles,2024,0,1,0,1,False,1,0,1,0
3846,Men,Sprints,2024,2,1,0,1,False,1,0,1,2
3848,Women,Sprints,2024,4,0,1,1,True,0,1,1,5
3851,Men,Sprints,2024,3,0,2,2,True,0,2,2,3
3852,Men,Distance,2024,3,1,2,3,True,1,2,3,3
3852,Men,Sprints,2024,1,0,1,1,True,0,1,1,1
3853,Men,Distance,2024,2,0,1,1,True,0,1,1,2
3857,Women,Sprints,2024,1,0,1,1,True,0,2,2,1
3861,Men,Distance,2024,2,1,1,2,True,1,1,2,2
3862,Women,Distance,2024,1,1,0,1,False,1,0,1,1
3871,Men,Sprints,2024,1,1,0,1,False,1,0,1,1
3888,Women,Sprints,2024,4,0,4,4,True,0,8,8,4
3889,Women,Hurdles,2024,0,0,4,4,True,0,4,4,0
3889,Women,Sprints,2024,4,0,4,4,True,0,7,7,4
3891,Women,Sprints,2024,4,0,3,3,True,0,3,3,4
3892,Women,Jumps,2024,3,0,2,2,True,0,2,2,4
3892,Women,Sprints,2024,1,0,1,1,True,0,1,1,1
3893,Women,Sprints,2024,4,0,4,4,True,0,8,8,8
3894,Women,Sprints,2024,4,0,4,4,True,0,7,7,5
3895,Women,Distance,2024,3,0,3,3,True,0,4,4,5
3896,Men,Sprints,2024,2,0,4,4,True,0,6,6,2
3899,Men,Sprints,2024,4,0,2,2,True,0,3,3,4
3900,Men,Jumps,2024,3,0,4,4,True,0,4,4,5
3900,Men,Sprints,2024,0,0,1,1,True,0,1,1,0
3901,Men,Distance,2024,3,0,4,4,True,0,6,6,4
3902,Men,Sprints,2024,3,0,3,3,True,0,6,6,4
3907,Men,Sprints,2024,4,0,3,3,True,0,6,6,5
3908,Men,Sprints,2024,0,0,4,4,True,0,8,8,0
3909,Men,Sprints,2024,3,0,1,1,True,0,1,1,4
3912,Men,Hurdles,2024,0,0,3,3,True,0,3,3,0
3912,Men,Sprints,2024,4,0,3,3,True,0,4,4,4
3915,Men,Distance,2024,2,0,1,1,True,0,2,2,3
3916,Men,Hurdles,2024,0,0,2,2,True,0,2,2,0
3916,Men,Sprints,2024,3,0,1,1,True,0,1,1,4
3918,Men,Distance,2024,3,0,2,2,True,0,2,2,4
3919,Men,Sprints,2024,2,0,4,4,True,0,7,7,3
3925,Men,Sprints,2024,3,0,2,2,True,0,3,3,3
3926,Men,Sprints,2024,1,0,2,2,True,0,4,4,1
3928,Men,Sprints,2024,2,0,1,1,True,0,1,1,2
3929,Men,Jumps,2024,3,0,1,1,True,0,1,1,3
3929,Men,Sprints,2024,2,0,1,1,True,0,2,2,2
3932,Women,Hurdles,2024,0,1,1,2,True,2,2,4,0
3933,Women,Jumps,2024,0,0,1,1,True,0,1,1,0
3933,Women,Sprints,2024,3,1,2,3,True,1,2,3,3
3934,Women,Sprints,2024,2,1,1,2,True,2,2,4,2
3935,Women,Sprints,2024,1,1,1,2,True,1,1,2,1
3937,Women,Sprints,2024,2,0,1,1,True,0,1,1,3
3938,Women,Jumps,2024,2,1,0,1,False,1,0,1,2
3938,Women,Sprints,2024,3,1,0,1,False,1,0,1,4
3939,Women,Jumps,2024,3,1,1,2,True,1,1,2,6
3939,Women,Sprints,2024,0,0,1,1,True,0,1,1,0
3939,Women,Throws,2024,0,0,1,1,True,0,1,1,0
3940,Women,Sprints,2024,0,1,2,3,True,1,4,5,0
3940,Women,Throws,2024,3,1,2,3,True,1,2,3,3
3942,Men,Sprints,2024,4,2,3,5,True,4,6,10,6
3943,Men,Sprints,2024,0,0,1,1,True,0,2,2,0
3944,Men,Sprints,2024,4,2,2,4,True,4,4,8,4
3945,Men,Sprints,2024,0,1,0,1,False,2,0,2,0
3946,Men,Distance,2024,0,0,1,1,True,0,1,1,0
3946,Men,Hurdles,2024,0,0,1,1,True,0,1,1,0
3946,Men,Sprints,2024,4,2,2,4,True,5,2,7,6
3947,Men,Jumps,2024,1,0,1,1,True,0,1,1,1
3947,Men,Sprints,2024,0,0,2,2,True,0,4,4,0
3949,Men,Sprints,2024,2,1,2,3,True,2,2,4,3
3950,Men,Hurdles,2024,0,0,2,2,True,0,3,3,0
3950,Men,Jumps,2024,3,1,2,3,True,1,2,3,4
3950,Men,Sprints,2024,0,0,1,1,True,0,1,1,0
3951,Men,Sprints,2024,0,1,1,2,True,2,2,4,0
3952,Men,Jumps,2024,1,2,2,4,True,2,2,4,1
3952,Men,Sprints,2024,0,2,2,4,True,2,2,4,0
3953,Men,Jumps,2024,3,0,2,2,True,0,3,3,4
3956,Women,Sprints,2024,0,0,1,1,True,0,1,1,0
3959,Men,Distance,2024,1,0,1,1,True,0,1,1,1
3960,Men,Distance,2024,2,0,1,1,True,0,1,1,2
3961,Men,Distance,2024,1,0,1,1,True,0,1,1,1
3962,Men,Distance,2024,1,0,1,1,True,0,1,1,2
3963,Men,Distance,2024,2,0,1,1,True,0,1,1,3
3963,Men,Sprints,2024,0,0,1,1,True,0,1,1,0
3964,Men,Distance,2024,1,0,1,1,True,0,1,1,2
3965,Women,Jumps,2024,2,0,1,1,True,0,2,2,4
3966,Women,Hurdles,2024,0,0,1,1,True,0,1,1,0
3966,Women,Jumps,2024,2,1,1,2,True,1,1,2,2
3966,Women,Sprints,2024,1,1,0,1,False,1,0,1,1
3972,Women,Hurdles,2024,0,0,1,1,True,0,1,1,0
3972,Women,Sprints,2024,2,1,0,1,False,2,0,2,2
3972,Women,Throws,2024,0,0,1,1,True,0,1,1,0
3973,Women,Sprints,2024,0,2,1,3,True,3,1,4,0
3975,Women,Hurdles,2024,0,1,0,1,False,2,0,2,0
3976,Women,Hurdles,2024,0,1,0,1,False,1,0,1,0
3976,Women,Jumps,2024,1,0,1,1,True,0,1,1,1
3976,Women,Throws,2024,0,0,1,1,True,0,2,2,0
3977,Women,Distance,2024,1,1,1,2,True,1,1,2,2
3977,Women,Hurdles,2024,0,0,1,1,True,0,1,1,0
3977,Women,Sprints,2024,0,1,0,1,False,1,0,1,0
3980,Women,Distance,2024,3,1,0,1,False,1,0,1,3
3982,Men,Distance,2024,2,1,0,1,False,1,0,1,2
3983,Men,Sprints,2024,0,2,2,4,True,4,2,6,0
3985,Men,Jumps,2024,3,1,0,1,False,1,0,1,6
3987,Men,Sprints,2024,1,1,0,1,False,2,0,2,1
3988,Men,Jumps,2024,2,1,0,1,False,1,0,1,3
3992,Men,Throws,2024,1,0,1,1,True,0,2,2,1
3993,Men,Hurdles,2024,0,1,0,1,False,1,0,1,0
3993,Men,Jumps,2024,0,0,1,1,True,0,1,1,0
3993,Men,Sprints,2024,2,1,1,2,True,1,2,3,2
3993,Men,Throws,2024,0,0,1,1,True,0,1,1,0
3995,Men,Throws,2024,1,0,1,1,True,0,2,2,1
3996,Men,Distance,2024,0,1,0,1,False,1,0,1,0
3996,Men,Sprints,2024,2,1,1,2,True,1,1,2,4
3997,Men,Sprints,2024,1,1,1,2,True,3,2,5,2
4002,Men,Sprints,2024,2,0,1,1,True,0,1,1,2
4007,Men,Hurdles,2024,0,1,0,1,False,1,0,1,0
4007,Men,Throws,2024,0,0,1,1,True,0,1,1,0
4010,Men,Distance,2024,2,1,0,1,False,2,0,2,2
4010,Men,Sprints,2024,1,1,0,1,False,1,0,1,1
4013,Men,Hurdles,2024,0,0,1,1,True,0,1,1,0
4014,Men,Distance,2024,3,1,0,1,False,1,0,1,3
4015,Women,Throws,2024,1,2,0,2,False,2,0,2,2
4016,Women,Sprints,2024,2,0,2,2,True,0,3,3,3
4017,Women,Sprints,2024,1,0,2,2,True,0,3,3,1
4018,Women,Jumps,2024,2,0,2,2,True,0,2,2,3
4018,Women,Sprints,2024,1,0,2,2,True,0,3,3,1
4019,Women,Jumps,2024,2,0,2,2,True,0,3,3,4
4019,Women,Sprints,2024,0,0,1,1,True,0,1,1,0
4020,Women,Sprints,2024,1,0,1,1,True,0,2,2,1
4021,Women,Sprints,2024,1,0,1,1,True,0,1,1,1
4023,Women,Hurdles,2024,0,0,2,2,True,0,3,3,0
4024,Women,Sprints,2024,2,0,2,2,True,0,4,4,3
4025,Women,Distance,2024,2,0,3,3,True,0,3,3,4
4030,Women,Jumps,2024,2,0,1,1,True,0,1,1,2
4031,Women,Jumps,2024,2,0,2,2,True,0,4,4,4
4032,Women,Jumps,2024,2,0,1,1,True,0,1,1,3
4033,Men,Jumps,2024,1,0,2,2,True,0,3,3,2
4035,Men,Throws,2024,2,0,2,2,True,0,4,4,2
4036,Men,Jumps,2024,3,0,1,1,True,0,1,1,3
4036,Men,Sprints,2024,2,0,2,2,True,0,4,4,3
4042,Men,Jumps,2024,2,0,2,2,True,0,2,2,3
4042,Men,Sprints,2024,1,0,3,3,True,0,4,4,2
4043,Men,Jumps,2024,2,0,1,1,True,0,1,1,2
4045,Men,Distance,2024,0,0,1,1,True,0,1,1,0
4045,Men,Sprints,2024,1,0,1,1,True,0,2,2,1
4050,Men,Sprints,2024,2,0,1,1,True,0,2,2,2
4051,Women,Jumps,2024,1,1,0,1,False,1,0,1,1
4051,Women,Sprints,2024,1,1,0,1,False,1,0,1,1
4054,Women,Sprints,2024,1,1,0,1,False,1,0,1,1
4056,Men,Distance,2024,1,1,0,1,False,1,0,1,1
4060,Men,Sprints,2024,0,1,0,1,False,1,0,1,0
4064,Men,Sprints,2024,1,1,0,1,False,2,0,2,1
4065,Men,Sprints,2024,0,1,0,1,False,1,0,1,0
4073,Men,Sprints,2024,2,1,2,3,True,2,2,4,3
4076,Women,Throws,2024,2,0,3,3,True,0,5,5,2
4077,Men,Sprints,2024,3,0,4,4,True,0,6,6,4
4081,Men,Distance,2024,3,0,3,3,True,0,3,3,4
4081,Men,Hurdles,2024,0,0,2,2,True,0,3,3,0
4081,Men,Sprints,2024,0,0,1,1,True,0,1,1,0
4082,Men,Distance,2024,3,0,1,1,True,0,2,2,3
4083,Men,Jumps,2024,3,0,3,3,True,0,3,3,3
4083,Men,Sprints,2024,1,0,3,3,True,0,4,4,1
4084,Men,Distance,2024,2,0,2,2,True,0,2,2,2
4090,Women,Jumps,2024,1,1,1,2,True,1,3,4,1
4090,Women,Sprints,2024,0,1,0,1,False,1,0,1,0
4090,Women,Throws,2024,0,0,1,1,True,0,1,1,0
4091,Women,Distance,2024,1,0,1,1,True,0,2,2,2
4091,Women,Hurdles,2024,0,0,1,1,True,0,1,1,0
4095,Men,Hurdles,2024,0,1,1,2,True,2,1,3,0
4098,Men,Distance,2024,2,0,1,1,True,0,1,1,2
4100,Men,Jumps,2024,2,0,1,1,True,0,2,2,2
4100,Men,Sprints,2024,0,0,1,1,True,0,1,1,0
4102,Women,Sprints,2024,2,1,0,1,False,1,0,1,2
4104,Women,Jumps,2024,2,0,1,1,True,0,1,1,2
4105,Women,Sprints,2024,3,1,1,2,True,2,2,4,3
4106,Women,Distance,2024,1,1,1,2,True,1,1,2,1
4111,Men,Sprints,2024,0,0,1,1,True,0,1,1,0
4112,Men,Sprints,2024,1,1,0,1,False,1,0,1,1
4114,Women,Distance,2024,2,2,0,2,False,3,0,3,2
4115,Women,Sprints,2024,1,1,0,1,False,1,0,1,1
4116,Women,Distance,2024,2,2,0,2,False,2,0,2,2
4117,Women,Distance,2024,3,0,1,1,True,0,1,1,3
4118,Men,Jumps,2024,0,1,0,1,False,2,0,2,0
4118,Men,Sprints,2024,2,1,0,1,False,2,0,2,2
4120,Men,Jumps,2024,1,2,1,3,True,3,2,5,2
4120,Men,Sprints,2024,0,1,1,2,True,1,1,2,0
4121,Men,Jumps,2024,2,1,0,1,False,1,0,1,2
4122,Men,Sprints,2024,0,1,0,1,False,1,0,1,0
4123,Men,Distance,2024,2,1,0,1,False,2,0,2,3
4124,Men,Sprints,2024,0,2,0,2,False,2,0,2,0
4139,Women,Distance,2024,2,2,1,3,True,2,1,3,3
4142,Men,Distance,2024,3,1,1,2,True,1,1,2,6
4143,Men,Jumps,2024,3,2,1,3,True,2,1,3,3
4144,Men,Distance,2024,2,0,1,1,True,0,1,1,2
4148,Men,Sprints,2024,0,0,1,1,True,0,2,2,0
4149,Men,Sprints,2024,2,1,2,3,True,1,3,4,2
4150,Men,Distance,2024,0,0,1,1,True,0,1,1,0
4150,Men,Sprints,2024,0,1,1,2,True,1,1,2,0
4215,Women,Hurdles,2024,0,0,1,1,True,0,2,2,0
4215,Women,Sprints,2024,0,0,1,1,True,0,1,1,0
4222,Men,Distance,2024,0,1,0,1,False,1,0,1,0
4222,Men,Sprints,2024,0,1,0,1,False,1,0,1,0
4225,Women,Distance,2024,1,1,0,1,False,1,0,1,3
4225,Women,Sprints,2024,3,0,2,2,True,0,4,4,4
4226,Women,Distance,2024,3,0,2,2,True,0,2,2,5
4227,Women,Distance,2024,4,1,2,3,True,1,2,3,4
4230,Women,Distance,2024,1,1,1,2,True,1,1,2,1
4233,Women,Distance,2024,2,1,1,2,True,2,1,3,3
4236,Women,Distance,2024,1,1,1,2,True,1,2,3,1
4241,Women,Hurdles,2024,0,1,1,2,True,2,1,3,0
4242,Women,Jumps,2024,0,0,2,2,True,0,2,2,0
4242,Women,Sprints,2024,4,1,2,3,True,1,4,5,4
4243,Women,Sprints,2024,3,1,2,3,True,1,4,5,3
4245,Women,Sprints,2024,3,1,2,3,True,2,4,6,3
4246,Women,Jumps,2024,1,1,2,3,True,2,2,4,3
4248,Women,Jumps,2024,0,0,1,1,True,0,1,1,0
4248,Women,Sprints,2024,1,0,1,1,True,0,1,1,1
4249,Women,Sprints,2024,0,1,0,1,False,2,0,2,0
4254,Women,Sprints,2024,0,0,1,1,True,0,2,2,0
4255,Women,Sprints,2024,0,0,1,1,True,0,1,1,0
4256,Women,Jumps,2024,1,2,2,4,True,2,2,4,1
4257,Women,Sprints,2024,1,2,0,2,False,4,0,4,1
4258,Women,Sprints,2024,1,2,0,2,False,4,0,4,1
4259,Women,Jumps,2024,1,2,0,2,False,5,0,5,3
4260,Women,Jumps,2024,1,1,1,2,True,2,2,4,2
4260,Women,Sprints,2024,1,1,1,2,True,1,1,2,1
4261,Women,Sprints,2024,1,1,0,1,False,1,0,1,1
4265,Women,Sprints,2024,1,0,1,1,True,0,1,1,1
4266,Women,Sprints,2024,1,1,0,1,False,2,0,2,1
4267,Women,Sprints,2024,0,1,2,3,True,1,4,5,0
4268,Women,Hurdles,2024,0,0,1,1,True,0,1,1,0
4268,Women,Jumps,2024,1,0,1,1,True,0,1,1,2
4269,Women,Sprints,2024,1,0,1,1,True,0,1,1,1
4270,Women,Sprints,2024,2,0,1,1,True,0,2,2,3
4273,Women,Jumps,2024,1,1,0,1,False,1,0,1,1
4273,Women,Sprints,2024,0,1,0,1,False,1,0,1,0
4275,Women,Throws,2024,2,0,2,2,True,0,3,3,2
4283,Women,Distance,2024,1,1,0,1,False,1,0,1,1
4285,Women,Distance,2024,2,1,2,3,True,1,2,3,2
4285,Women,Sprints,2024,2,1,3,4,True,1,3,4,2
4288,Women,Distance,2024,1,1,0,1,False,2,0,2,1
4289,Women,Sprints,2024,1,1,1,2,True,2,1,3,1
4290,Women,Jumps,2024,4,0,2,2,True,0,3,3,4
4290,Women,Sprints,2024,1,0,1,1,True,0,1,1,1
4293,Women,Jumps,2024,0,0,1,1,True,0,1,1,0
4293,Women,Throws,2024,2,1,2,3,True,1,3,4,2
4294,Women,Throws,2024,1,1,1,2,True,2,2,4,1
4295,Women,Throws,2024,2,0,1,1,True,0,1,1,2
4296,Women,Throws,2024,2,0,2,2,True,0,2,2,2
4297,Women,Throws,2024,2,0,2,2,True,0,2,2,2
4299,Women,Throws,2024,1,1,1,2,True,2,2,4,1
4300,Women,Jumps,2024,2,0,1,1,True,0,1,1,2
4300,Women,Throws,2024,1,0,1,1,True,0,1,1,1
4302,Women,Jumps,2024,1,1,0,1,False,1,0,1,1
4303,Men,Distance,2024,0,1,0,1,False,1,0,1,0
4303,Men,Jumps,2024,1,1,0,1,False,2,0,2,1
4303,Men,Sprints,2024,1,1,0,1,False,1,0,1,2
4304,Men,Distance,2024,0,1,1,2,True,1,1,2,0
4304,Men,Jumps,2024,0,1,0,1,False,1,0,1,0
4304,Men,Sprints,2024,1,1,1,2,True,1,1,2,1
4312,Men,Distance,2024,1,1,1,2,True,1,1,2,1
4315,Men,Distance,2024,2,1,0,1,False,1,0,1,3
4316,Men,Distance,2024,2,1,0,1,False,2,0,2,4
4333,Men,Sprints,2024,1,0,1,1,True,0,1,1,1
4334,Men,Throws,2024,0,0,1,1,True,0,1,1,0
4337,Men,Sprints,2024,2,0,1,1,True,0,1,1,2
4339,Men,Distance,2024,2,0,1,1,True,0,1,1,3
4340,Men,Distance,2024,1,1,1,2,True,1,1,2,1
4340,Men,Hurdles,2024,0,1,0,1,False,1,0,1,0
4341,Men,Sprints,2024,1,0,1,1,True,0,2,2,1
4342,Men,Sprints,2024,1,1,1,2,True,2,3,5,2
4347,Men,Sprints,2024,2,1,1,2,True,2,1,3,3
4348,Men,Sprints,2024,2,2,1,3,True,2,2,4,2
4349,Men,Throws,2024,1,1,1,2,True,1,2,3,1
4354,Men,Sprints,2024,2,1,0,1,False,1,0,1,2
4355,Men,Throws,2024,1,1,0,1,False,1,0,1,1
4356,Men,Hurdles,2024,0,0,1,1,True,0,1,1,0
4356,Men,Sprints,2024,1,2,1,3,True,2,1,3,2
4356,Men,Throws,2024,0,1,0,1,False,1,0,1,0
4358,Men,Hurdles,2024,0,0,1,1,True,0,1,1,0
4358,Men,Sprints,2024,1,1,2,3,True,1,3,4,1
4361,Men,Distance,2024,1,0,1,1,True,0,1,1,1
4361,Men,Jumps,2024,1,0,1,1,True,0,1,1,1
4361,Men,Sprints,2024,2,0,1,1,True,0,1,1,2
4363,Men,Sprints,2024,0,0,1,1,True,0,1,1,0
4363,Men,Throws,2024,1,1,1,2,True,2,2,4,1
4364,Men,Distance,2024,0,1,2,3,True,1,2,3,0
4364,Men,Sprints,2024,2,1,2,3,True,1,2,3,2
4365,Men,Distance,2024,2,0,2,2,True,0,2,2,2
4368,Men,Distance,2024,2,1,3,4,True,1,4,5,3
4371,Men,Hurdles,2024,0,0,2,2,True,0,2,2,0
4373,Men,Hurdles,2024,0,0,3,3,True,0,4,4,0
4373,Men,Sprints,2024,0,0,2,2,True,0,2,2,0
4375,Men,Sprints,2024,1,0,1,1,True,0,2,2,1
4378,Men,Jumps,2024,1,1,0,1,False,1,0,1,1
4379,Men,Jumps,2024,1,0,1,1,True,0,2,2,1
4379,Men,Sprints,2024,0,0,1,1,True,0,1,1,0
4380,Men,Sprints,2024,1,1,1,2,True,2,3,5,1
4382,Men,Jumps,2024,1,1,0,1,False,1,0,1,1
4384,Men,Sprints,2024,1,0,3,3,True,0,6,6,1
4385,Men,Distance,2024,1,2,0,2,False,4,0,4,2
4386,Men,Sprints,2024,1,1,2,3,True,2,3,5,1
4387,Men,Sprints,2024,1,0,3,3,True,0,5,5,2
4393,Men,Sprints,2024,0,2,3,5,True,4,3,7,0
4401,Men,Distance,2024,1,1,0,1,False,2,0,2,1
4405,Men,Sprints,2024,1,1,2,3,True,1,2,3,1
4407,Men,Distance,2024,4,0,2,2,True,0,2,2,4
4410,Men,Hurdles,2024,0,0,1,1,True,0,1,1,0
4410,Men,Jumps,2024,3,1,0,1,False,2,0,2,5
4413,Men,Sprints,2024,0,1,2,3,True,1,2,3,0
4414,Men,Distance,2024,0,0,1,1,True,0,1,1,0
4414,Men,Sprints,2024,3,1,1,2,True,1,2,3,4
4415,Men,Sprints,2024,4,0,2,2,True,0,4,4,6
4416,Men,Sprints,2024,1,0,1,1,True,0,1,1,1
4416,Men,Throws,2024,0,0,1,1,True,0,1,1,0
4417,Men,Throws,2024,2,0,1,1,True,0,2,2,2
4418,Men,Distance,2024,3,1,2,3,True,1,2,3,3
4418,Men,Sprints,2024,0,0,1,1,True,0,1,1,0
4419,Men,Hurdles,2024,0,0,1,1,True,0,1,1,0
4419,Men,Jumps,2024,3,0,2,2,True,0,2,2,3
4419,Men,Sprints,2024,2,0,1,1,True,0,1,1,2
4420,Men,Distance,2024,4,0,2,2,True,0,2,2,4
4420,Men,Sprints,2024,1,0,2,2,True,0,2,2,1
4421,Men,Sprints,2024,0,0,1,1,True,0,1,1,0
4423,Men,Hurdles,2024,0,0,2,2,True,0,2,2,0
4423,Men,Sprints,2024,4,0,2,2,True,0,2,2,4
4424,Men,Sprints,2024,4,0,2,2,True,0,4,4,4
4426,Men,Hurdles,2024,0,0,1,1,True,0,1,1,0
4426,Men,Jumps,2024,4,0,2,2,True,0,2,2,4
4428,Men,Distance,2024,1,0,1,1,True,0,1,1,1
4429,Men,Distance,2024,1,1,2,3,True,1,2,3,1
4430,Men,Sprints,2024,1,0,1,1,True,0,1,1,1
4432,Men,Distance,2024,2,1,0,1,False,1,0,1,2
4433,Men,Distance,2024,1,2,1,3,True,3,1,4,1
4437,Men,Sprints,2024,1,2,0,2,False,3,0,3,1
4438,Men,Sprints,2024,1,2,2,4,True,3,3,6,1
4439,Men,Sprints,2024,1,2,1,3,True,3,1,4,1
4440,Men,Hurdles,2024,0,1,1,2,True,1,1,2,0
4440,Men,Throws,2024,2,2,2,4,True,2,3,5,2
4441,Men,Jumps,2024,1,2,0,2,False,2,0,2,1
4442,Men,Jumps,2024,1,1,0,1,False,1,0,1,1
4442,Men,Sprints,2024,1,1,0,1,False,1,0,1,1
4444,Men,Hurdles,2024,0,0,2,2,True,0,2,2,0
4444,Men,Jumps,2024,1,0,2,2,True,0,2,2,1
4444,Men,Throws,2024,1,1,0,1,False,1,0,1,1
4445,Men,Jumps,2024,1,0,1,1,True,0,1,1,1
4446,Men,Throws,2024,1,1,0,1,False,2,0,2,1
4447,Men,Sprints,2024,2,1,0,1,False,1,0,1,4
4451,Men,Sprints,2024,2,1,1,2,True,2,1,3,4
4452,Men,Throws,2024,1,1,0,1,False,1,0,1,1
4455,Women,Throws,2024,2,1,0,1,False,1,0,1,2
4456,Men,Sprints,2024,1,1,1,2,True,1,2,3,1
4457,Men,Hurdles,2024,0,1,0,1,False,1,0,1,0
4457,Men,Jumps,2024,3,1,0,1,False,1,0,1,3
4460,Men,Sprints,2024,1,1,0,1,False,1,0,1,1
4461,Men,Hurdles,2024,0,1,1,2,True,1,2,3,0
4461,Men,Sprints,2024,1,1,0,1,False,1,0,1,2
4473,Men,Sprints,2024,0,0,1,1,True,0,1,1,0
4475,Men,Sprints,2024,1,0,1,1,True,0,2,2,1
4476,Men,Distance,2024,2,0,1,1,True,0,1,1,2
4477,Men,Sprints,2024,3,1,2,3,True,3,5,8,4
4478,Men,Hurdles,2024,0,0,1,1,True,0,1,1,0
4478,Men,Sprints,2024,0,0,1,1,True,0,1,1,0
4479,Men,Sprints,2024,3,0,1,1,True,0,1,1,3
4480,Men,Sprints,2024,3,0,1,1,True,0,2,2,4
4481,Men,Jumps,2024,3,0,1,1,True,0,1,1,3
4484,Men,Throws,2024,2,0,1,1,True,0,2,2,2
4485,Men,Sprints,2024,3,1,2,3,True,2,4,6,3
4486,Men,Sprints,2024,0,1,0,1,False,1,0,1,0
4487,Men,Sprints,2024,0,1,1,2,True,1,1,2,0
4488,Men,Distance,2024,2,1,1,2,True,1,1,2,2
4489,Women,Sprints,2024,2,1,0,1,False,1,0,1,2
4492,Women,Distance,2024,1,1,2,3,True,1,2,3,1
4492,Women,Sprints,2024,2,0,2,2,True,0,3,3,2
4496,Women,Jumps,2024,3,0,1,1,True,0,1,1,4
4504,Men,Distance,2024,3,0,2,2,True,0,2,2,3
4505,Men,Throws,2024,1,0,1,1,True,0,2,2,1
4508,Men,Jumps,2024,0,0,1,1,True,0,1,1,0
4508,Men,Sprints,2024,0,0,1,1,True,0,1,1,0
4508,Men,Throws,2024,1,0,2,2,True,0,2,2,1
4509,Men,Sprints,2024,2,0,2,2,True,0,4,4,3
4510,Men,Sprints,2024,2,0,2,2,True,0,4,4,2
4511,Women,Throws,2024,2,0,1,1,True,0,1,1,2
4514,Men,Sprints,2024,1,0,1,1,True,0,1,1,1
4516,Men,Sprints,2024,1,0,1,1,True,0,1,1,2
4522,Men,Jumps,2024,0,0,1,1,True,0,1,1,0
4522,Men,Sprints,2024,1,0,3,3,True,0,3,3,1
4527,Women,Sprints,2024,1,0,2,2,True,0,2,2,1
4529,Women,Distance,2024,1,0,1,1,True,0,1,1,1
4529,Women,Hurdles,2024,0,0,2,2,True,0,2,2,0
4530,Men,Distance,2024,1,0,1,1,True,0,2,2,2
4531,Men,Sprints,2024,1,0,2,2,True,0,3,3,1
4534,Men,Jumps,2024,2,0,2,2,True,0,2,2,2
4534,Men,Sprints,2024,0,0,2,2,True,0,2,2,0
4535,Men,Distance,2024,2,2,3,5,True,2,4,6,4
4537,Men,Sprints,2024,1,1,0,1,False,1,0,1,1
4538,Men,Hurdles,2024,0,1,0,1,False,1,0,1,0
4538,Men,Sprints,2024,1,1,1,2,True,1,1,2,1
4549,Women,Distance,2024,0,1,1,2,True,1,1,2,0
4550,Women,Distance,2024,0,0,1,1,True,0,1,1,0
4551,Women,Distance,2024,0,1,1,2,True,1,1,2,0
4552,Women,Sprints,2024,0,0,1,1,True,0,1,1,0
4553,Women,Sprints,2024,0,0,1,1,True,0,2,2,0
4559,Women,Jumps,2024,0,0,1,1,True,0,1,1,0
4559,Women,Sprints,2024,0,1,1,2,True,2,1,3,0
4559,Women,Throws,2024,0,0,1,1,True,0,1,1,0
4560,Women,Distance,2024,0,1,1,2,True,1,1,2,0
4560,Women,Throws,2024,0,0,1,1,True,0,1,1,0
4561,Men,Jumps,2024,0,1,0,1,False,1,0,1,0
4561,Men,Sprints,2024,0,1,0,1,False,1,0,1,0
4571,Men,Distance,2024,0,0,1,1,True,0,2,2,0
4572,Men,Distance,2024,0,2,1,3,True,2,1,3,0
4576,Men,Distance,2024,0,0,1,1,True,0,1,1,0
4579,Men,Distance,2024,0,0,1,1,True,0,1,1,0
4596,Men,Distance,2024,1,0,1,1,True,0,1,1,1
4597,Men,Distance,2024,0,0,1,1,True,0,1,1,0
4597,Men,Jumps,2024,1,0,1,1,True,0,1,1,1
4599,Women,Hurdles,2024,0,1,0,1,False,2,0,2,0
4600,Women,Sprints,2024,1,1,0,1,False,2,0,2,1
4604,Men,Sprints,2024,1,1,0,1,False,2,0,2,2
4611,Women,Hurdles,2024,0,0,1,1,True,0,1,1,0
4618,Men,Hurdles,2024,0,0,2,2,True,0,2,2,0
4620,Men,Hurdles,2024,0,0,1,1,True,0,1,1,0
4621,Men,Jumps,2024,1,0,1,1,True,0,1,1,1
4621,Men,Sprints,2024,1,0,1,1,True,0,1,1,1
4622,Men,Hurdles,2024,0,0,1,1,True,0,1,1,0
4622,Men,Sprints,2024,1,0,2,2,True,0,3,3,1
4623,Men,Hurdles,2024,0,0,1,1,True,0,1,1,0
4623,Men,Sprints,2024,1,0,4,4,True,0,6,6,2
4626,Men,Distance,2024,0,0,1,1,True,0,1,1,0
4626,Men,Sprints,2024,1,0,1,1,True,0,2,2,1
4628,Men,Distance,2024,2,0,3,3,True,0,3,3,2
4630,Women,Distance,2024,0,1,0,1,False,1,0,1,0
4631,Women,Distance,2024,0,1,1,2,True,1,1,2,0
4634,Men,Distance,2024,0,1,0,1,False,1,0,1,0
4636,Men,Distance,2024,0,1,0,1,False,1,0,1,0
4637,Men,Distance,2024,0,1,1,2,True,1,1,2,0
4639,Men,Distance,2024,0,1,0,1,False,2,0,2,0
4645,Women,Sprints,2024,2,0,2,2,True,0,5,5,2
4646,Women,Distance,2024,1,0,1,1,True,0,1,1,3
4646,Women,Jumps,2024,0,0,2,2,True,0,2,2,0
4646,Women,Sprints,2024,3,0,2,2,True,0,2,2,5
4647,Men,Sprints,2024,0,0,2,2,True,0,3,3,0
4648,Men,Distance,2024,2,1,0,1,False,1,0,1,2
4649,Men,Sprints,2024,1,1,2,3,True,1,4,5,1
4650,Men,Distance,2024,3,1,1,2,True,1,1,2,4
4652,Men,Sprints,2024,1,0,1,1,True,0,1,1,1
4655,Women,Distance,2024,1,1,3,4,True,1,4,5,1
4656,Women,Distance,2024,1,0,1,1,True,0,1,1,1
4659,Men,Distance,2024,1,1,0,1,False,1,0,1,1
4664,Women,Distance,2024,1,0,1,1,True,0,1,1,1
4665,Women,Distance,2024,1,0,1,1,True,0,1,1,2
4667,Women,Distance,2024,1,0,1,1,True,0,1,1,2
4669,Women,Distance,2024,1,0,2,2,True,0,2,2,1
4673,Women,Distance,2024,1,1,1,2,True,1,1,2,1
4673,Women,Sprints,2024,1,1,1,2,True,1,1,2,1
4675,Women,Distance,2024,1,1,0,1,False,1,0,1,1
4678,Women,Sprints,2024,1,1,0,1,False,2,0,2,2
4679,Women,Sprints,2024,1,1,0,1,False,2,0,2,1
4681,Women,Distance,2024,1,2,0,2,False,2,0,2,1
4681,Women,Sprints,2024,2,0,1,1,True,0,1,1,3
4686,Women,Sprints,2024,0,1,0,1,False,1,0,1,0
4688,Women,Sprints,2024,1,1,0,1,False,1,0,1,1
4689,Men,Distance,2024,1,1,1,2,True,1,1,2,1
4692,Men,Distance,2024,1,0,1,1,True,0,1,1,1
4700,Men,Distance,2024,1,1,1,2,True,1,1,2,1
4702,Men,Distance,2024,1,1,1,2,True,1,1,2,1
4702,Men,Sprints,2024,1,0,1,1,True,0,1,1,1
4704,Men,Distance,2024,1,1,1,2,True,1,1,2,1
4705,Men,Distance,2024,0,1,0,1,False,1,0,1,0
4706,Men,Distance,2024,1,2,0,2,False,2,0,2,1
4706,Men,Sprints,2024,0,3,0,3,False,3,0,3,0
4711,Men,Distance,2024,1,1,1,2,True,2,1,3,2
4713,Men,Distance,2024,1,0,1,1,True,0,1,1,1
4714,Men,Distance,2024,1,1,0,1,False,1,0,1,1
4714,Men,Sprints,2024,0,1,0,1,False,1,0,1,0
4715,Men,Distance,2024,1,1,1,2,True,2,1,3,1
4722,Men,Sprints,2024,1,1,0,1,False,1,0,1,1
4725,Men,Distance,2024,1,0,1,1,True,0,2,2,1
4726,Men,Distance,2024,1,1,0,1,False,2,0,2,1
4728,Men,Distance,2024,1,2,0,2,False,2,0,2,1
4728,Men,Sprints,2024,1,2,0,2,False,2,0,2,1
4729,Men,Distance,2024,1,1,0,1,False,1,0,1,1
4732,Men,Distance,2024,1,1,1,2,True,1,1,2,1
4733,Men,Distance,2024,1,1,0,1,False,1,0,1,2
4734,Men,Distance,2024,1,1,0,1,False,1,0,1,1
4734,Men,Sprints,2024,0,1,1,2,True,1,2,3,0
4735,Men,Sprints,2024,1,1,1,2,True,2,3,5,3
4736,Men,Sprints,2024,1,0,1,1,True,0,2,2,2
4737,Men,Distance,2024,1,1,0,1,False,1,0,1,1
4740,Women,Hurdles,2024,0,1,0,1,False,1,0,1,0
4740,Women,Sprints,2024,0,1,0,1,False,1,0,1,0
4748,Women,Sprints,2024,0,0,2,2,True,0,2,2,0
4753,Women,Sprints,2024,0,1,0,1,False,1,0,1,0
4761,Women,Hurdles,2024,0,0,1,1,True,0,1,1,0
4761,Women,Sprints,2024,0,0,1,1,True,0,1,1,0
4763,Women,Distance,2024,0,0,1,1,True,0,1,1,0
4763,Women,Sprints,2024,0,0,1,1,True,0,1,1,0
4764,Women,Distance,2024,1,1,1,2,True,1,1,2,1
4774,Women,Distance,2024,1,1,0,1,False,2,0,2,1
4778,Women,Distance,2024,0,1,1,2,True,1,2,3,0
4791,Women,Distance,2024,1,0,1,1,True,0,1,1,1
4799,Women,Distance,2024,1,0,2,2,True,0,2,2,1
4801,Women,Distance,2024,1,0,1,1,True,0,1,1,1
4803,Women,Throws,2024,1,1,0,1,False,2,0,2,1
4804,Women,Distance,2024,0,0,1,1,True,0,1,1,0
4815,Women,Sprints,2024,0,0,1,1,True,0,1,1,0
4839,Men,Distance,2024,0,1,0,1,False,1,0,1,0
4850,Men,Throws,2024,1,0,1,1,True,0,1,1,1
4854,Men,Distance,2024,0,0,1,1,True,0,2,2,0
4864,Men,Distance,2024,1,0,1,1,True,0,1,1,1
4865,Men,Distance,2024,0,0,1,1,True,0,1,1,0
4899,Men,Jumps,2024,1,2,0,2,False,4,0,4,2
4900,Men,Distance,2024,1,0,1,1,True,0,2,2,1
4901,Men,Distance,2024,1,1,2,3,True,1,2,3,1
4902,Men,Distance,2024,1,1,0,1,False,1,0,1,1
4903,Men,Sprints,2024,0,1,0,1,False,2,0,2,0
4906,Men,Sprints,2024,0,2,0,2,False,4,0,4,0
4908,Men,Distance,2024,0,0,1,1,True,0,1,1,0
4908,Men,Hurdles,2024,0,0,2,2,True,0,3,3,0
4910,Men,Distance,2024,1,0,1,1,True,0,1,1,1
4913,Men,Distance,2024,1,0,1,1,True,0,1,1,1
4917,Men,Distance,2024,1,0,1,1,True,0,1,1,1
4924,Men,Sprints,2024,0,0,1,1,True,0,1,1,0
4936,Men,Sprints,2024,0,0,1,1,True,0,1,1,0
4944,Men,Sprints,2024,0,0,3,3,True,0,8,8,0
4957,Women,Distance,2024,1,0,2,2,True,0,3,3,3
4963,Women,Sprints,2024,2,0,1,1,True,0,2,2,3
4965,Women,Hurdles,2024,0,0,1,1,True,0,1,1,0
4965,Women,Sprints,2024,0,0,1,1,True,0,1,1,0
4966,Women,Hurdles,2024,0,0,1,1,True,0,1,1,0
4966,Women,Sprints,2024,1,0,1,1,True,0,1,1,1
4967,Women,Hurdles,2024,0,0,1,1,True,0,1,1,0
4967,Women,Jumps,2024,2,0,1,1,True,0,1,1,3
4969,Women,Hurdles,2024,0,0,1,1,True,0,1,1,0
4969,Women,Jumps,2024,1,0,1,1,True,0,1,1,1
4971,Women,Distance,2024,2,0,1,1,True,0,1,1,4
4971,Women,Sprints,2024,0,0,1,1,True,0,1,1,0
4977,Women,Distance,2024,2,0,1,1,True,0,1,1,4
4979,Women,Distance,2024,2,0,1,1,True,0,1,1,2
4981,Women,Sprints,2024,1,1,2,3,True,1,2,3,1
4983,Women,Sprints,2024,2,1,0,1,False,2,0,2,2
4994,Men,Sprints,2024,1,0,1,1,True,0,1,1,1
4996,Men,Sprints,2024,1,0,2,2,True,0,3,3,1
4999,Men,Distance,2024,2,1,1,2,True,1,1,2,2
5001,Men,Sprints,2024,2,1,1,2,True,2,2,4,3
5002,Men,Distance,2024,2,0,1,1,True,0,1,1,2
5003,Men,Sprints,2024,0,1,0,1,False,1,0,1,0
5004,Men,Distance,2024,1,1,0,1,False,1,0,1,1
5005,Men,Distance,2024,1,1,1,2,True,1,1,2,1
5006,Men,Distance,2024,1,0,1,1,True,0,1,1,1
5006,Men,Sprints,2024,0,0,1,1,True,0,1,1,0
5007,Men,Distance,2024,2,1,1,2,True,1,1,2,3
5008,Men,Distance,2024,1,0,1,1,True,0,1,1,1
5012,Men,Distance,2024,2,1,1,2,True,1,1,2,2
5012,Men,Jumps,2024,0,0,1,1,True,0,1,1,0
5012,Men,Sprints,2024,2,1,1,2,True,1,1,2,2
5012,Men,Throws,2024,0,0,1,1,True,0,1,1,0
5013,Men,Distance,2024,2,1,1,2,True,1,1,2,2
5015,Men,Distance,2024,1,0,1,1,True,0,1,1,1
5015,Men,Sprints,2024,0,1,0,1,False,1,0,1,0
5018,Men,Sprints,2024,2,1,0,1,False,1,0,1,2
5022,Men,Sprints,2024,1,0,1,1,True,0,2,2,1
5025,Men,Distance,2024,2,0,1,1,True,0,1,1,4
5028,Men,Sprints,2024,1,1,1,2,True,1,1,2,2
5029,Men,Sprints,2024,0,0,1,1,True,0,1,1,0
5030,Men,Hurdles,2024,0,0,1,1,True,0,1,1,0
5030,Men,Jumps,2024,0,0,1,1,True,0,1,1,0
5030,Men,Sprints,2024,0,1,0,1,False,1,0,1,0
5033,Men,Distance,2024,2,0,1,1,True,0,1,1,2
5037,Men,Sprints,2024,1,0,1,1,True,0,2,2,1
5038,Men,Distance,2024,2,1,1,2,True,1,1,2,2
5041,Men,Jumps,2024,1,0,1,1,True,0,1,1,1
5041,Men,Sprints,2024,1,0,1,1,True,0,1,1,1
5042,Men,Sprints,2024,2,0,1,1,True,0,2,2,2
5063,Women,Distance,2024,1,0,1,1,True,0,1,1,3
5063,Women,Hurdles,2024,0,0,1,1,True,0,1,1,0
5063,Women,Jumps,2024,0,0,1,1,True,0,1,1,0
5063,Women,Sprints,2024,1,0,1,1,True,0,1,1,2
5063,Women,Throws,2024,0,0,1,1,True,0,1,1,0
5065,Women,Distance,2024,1,0,1,1,True,0,1,1,1
5065,Women,Sprints,2024,0,0,1,1,True,0,1,1,0
5079,Women,Distance,2024,1,0,1,1,True,0,1,1,1
5081,Women,Distance,2024,1,0,1,1,True,0,1,1,1
5100,Men,Distance,2024,1,1,0,1,False,1,0,1,1
5105,Men,Distance,2024,0,0,2,2,True,0,2,2,0
5117,Men,Distance,2024,1,0,1,1,True,0,1,1,1
5124,Men,Distance,2024,0,0,1,1,True,0,1,1,0
5127,Men,Sprints,2024,1,0,1,1,True,0,2,2,1
5128,Men,Sprints,2024,1,0,1,1,True,0,2,2,1
5129,Men,Distance,2024,1,0,1,1,True,0,2,2,1
5130,Men,Distance,2024,1,0,1,1,True,0,2,2,1
5136,Women,Jumps,2024,0,1,0,1,False,1,0,1,0
5137,Men,Distance,2024,0,1,0,1,False,1,0,1,0
5138,Men,Distance,2024,0,1,0,1,False,1,0,1,0
5139,Men,Distance,2024,0,1,0,1,False,1,0,1,0
5140,Men,Sprints,2024,0,1,0,1,False,2,0,2,0
5142,Women,Sprints,2024,0,1,0,1,False,2,0,2,0
5143,Women,Distance,2024,0,1,0,1,False,1,0,1,0
5144,Women,Distance,2024,0,1,0,1,False,1,0,1,0
5145,Men,Distance,2024,0,1,0,1,False,1,0,1,0
5146,Men,Hurdles,2024,0,2,2,4,True,2,2,4,0
5146,Men,Sprints,2024,0,1,0,1,False,1,0,1,0
5147,Men,Distance,2024,0,1,0,1,False,1,0,1,0
5148,Men,Sprints,2024,0,1,2,3,True,1,4,5,0
5149,Men,Distance,2024,0,1,0,1,False,1,0,1,0
5150,Men,Distance,2024,0,1,0,1,False,1,0,1,0
5151,Men,Distance,2024,0,1,0,1,False,1,0,1,0
5152,Men,Distance,2024,0,1,0,1,False,1,0,1,0
5153,Men,Distance,2024,0,1,0,1,False,1,0,1,0
5154,Men,Distance,2024,0,1,2,3,True,1,3,4,0
5155,Men,Distance,2024,0,1,0,1,False,1,0,1,0
5156,Men,Distance,2024,0,1,0,1,False,1,0,1,0
5157,Men,Sprints,2024,0,1,0,1,False,2,0,2,0
5158,Men,Distance,2024,0,1,0,1,False,1,0,1,0
5159,Men,Distance,2024,0,1,0,1,False,1,0,1,0
5159,Men,Sprints,2024,0,1,0,1,False,1,0,1,0
5160,Men,Sprints,2024,0,1,0,1,False,2,0,2,0
5161,Men,Distance,2024,0,1,3,4,True,2,4,6,0
5162,Men,Sprints,2024,0,1,1,2,True,1,1,2,0
5163,Men,Distance,2024,0,1,1,2,True,1,1,2,0
5164,Men,Distance,2024,0,1,0,1,False,1,0,1,0
5165,Men,Sprints,2024,0,1,3,4,True,2,5,7,0
5167,Men,Distance,2024,0,0,1,1,True,0,1,1,0
5168,Men,Distance,2024,0,2,1,3,True,2,1,3,0
5169,Men,Distance,2024,0,1,0,1,False,1,0,1,0
5170,Men,Distance,2024,0,1,0,1,False,1,0,1,0
5171,Men,Distance,2024,0,1,0,1,False,1,0,1,0
5172,Women,Distance,2024,0,1,0,1,False,1,0,1,0
5173,Men,Distance,2024,0,1,2,3,True,1,2,3,0
5174,Men,Distance,2024,0,1,1,2,True,1,1,2,0
5175,Men,Distance,2024,0,1,0,1,False,1,0,1,0
5176,Women,Sprints,2024,0,3,0,3,False,5,0,5,0
5177,Women,Sprints,2024,0,2,0,2,False,4,0,4,0
5178,Women,Sprints,2024,0,2,0,2,False,3,0,3,0
5179,Women,Sprints,2024,0,2,0,2,False,2,0,2,0
5180,Women,Distance,2024,0,1,0,1,False,1,0,1,0
5180,Women,Hurdles,2024,0,1,0,1,False,1,0,1,0
5181,Men,Jumps,2024,0,2,0,2,False,4,0,4,0
5182,Men,Distance,2024,0,2,0,2,False,2,0,2,0
5183,Men,Jumps,2024,0,2,0,2,False,2,0,2,0
5183,Men,Sprints,2024,0,1,0,1,False,2,0,2,0
5184,Men,Hurdles,2024,0,1,0,1,False,1,0,1,0
5184,Men,Sprints,2024,0,2,0,2,False,4,0,4,0
5185,Women,Sprints,2024,0,1,0,1,False,1,0,1,0
5186,Men,Distance,2024,0,1,0,1,False,1,0,1,0
5187,Men,Hurdles,2024,0,1,0,1,False,2,0,2,0
5188,Women,Sprints,2024,0,1,0,1,False,2,0,2,0
5191,Men,Distance,2024,0,1,0,1,False,2,0,2,0
5193,Women,Distance,2024,0,2,0,2,False,2,0,2,0
5193,Women,Sprints,2024,0,1,0,1,False,1,0,1,0
5194,Women,Hurdles,2024,0,2,0,2,False,2,0,2,0
5194,Women,Sprints,2024,0,1,0,1,False,1,0,1,0
5195,Women,Hurdles,2024,0,2,0,2,False,3,0,3,0
5195,Women,Sprints,2024,0,1,0,1,False,1,0,1,0
5196,Women,Hurdles,2024,0,1,0,1,False,1,0,1,0
5196,Women,Jumps,2024,0,2,0,2,False,3,0,3,0
5197,Women,Hurdles,2024,0,2,1,3,True,2,1,3,0
5197,Women,Throws,2024,0,2,2,4,True,4,4,8,0
5198,Women,Hurdles,2024,0,2,1,3,True,3,1,4,0
5198,Women,Sprints,2024,0,0,1,1,True,0,1,1,0
5199,Women,Jumps,2024,0,1,0,1,False,1,0,1,0
5199,Women,Sprints,2024,0,1,0,1,False,2,0,2,0
5200,Women,Jumps,2024,0,1,0,1,False,1,0,1,0
5200,Women,Sprints,2024,0,1,0,1,False,1,0,1,0
5201,Women,Distance,2024,0,2,1,3,True,3,1,4,0
5202,Women,Distance,2024,0,2,2,4,True,3,2,5,0
5203,Women,Distance,2024,0,1,2,3,True,1,3,4,0
5204,Women,Distance,2024,0,2,2,4,True,3,2,5,0
5205,Women,Distance,2024,0,1,0,1,False,1,0,1,0
5206,Women,Hurdles,2024,0,2,0,2,False,2,0,2,0
5206,Women,Jumps,2024,0,2,0,2,False,2,0,2,0
5207,Women,Jumps,2024,0,2,0,2,False,6,0,6,0
5208,Women,Jumps,2024,0,2,1,3,True,2,1,3,0
5208,Women,Sprints,2024,0,1,1,2,True,1,1,2,0
5209,Women,Throws,2024,0,2,1,3,True,4,2,6,0
5210,Women,Throws,2024,0,1,0,1,False,2,0,2,0
5211,Women,Throws,2024,0,1,1,2,True,2,2,4,0
5212,Women,Throws,2024,0,2,2,4,True,4,4,8,0
5213,Men,Sprints,2024,0,1,0,1,False,2,0,2,0
5215,Men,Distance,2024,0,1,0,1,False,1,0,1,0
5216,Men,Sprints,2024,0,1,0,1,False,1,0,1,0
5217,Men,Sprints,2024,0,1,0,1,False,1,0,1,0
5218,Men,Sprints,2024,0,2,0,2,False,3,0,3,0
5219,Men,Throws,2024,0,2,2,4,True,4,3,7,0
5220,Men,Distance,2024,0,2,1,3,True,2,1,3,0
5220,Men,Hurdles,2024,0,2,0,2,False,2,0,2,0
5220,Men,Sprints,2024,0,2,0,2,False,2,0,2,0
5221,Men,Sprints,2024,0,2,1,3,True,4,2,6,0
5222,Men,Sprints,2024,0,2,0,2,False,4,0,4,0
5223,Men,Sprints,2024,0,1,0,1,False,1,0,1,0
5224,Men,Throws,2024,0,1,0,1,False,1,0,1,0
5225,Men,Jumps,2024,0,2,0,2,False,4,0,4,0
5226,Men,Sprints,2024,0,2,1,3,True,3,2,5,0
5227,Men,Throws,2024,0,1,0,1,False,2,0,2,0
5228,Men,Throws,2024,0,2,2,4,True,4,4,8,0
5229,Men,Throws,2024,0,2,2,4,True,4,3,7,0
5230,Men,Distance,2024,0,2,1,3,True,4,1,5,0
5231,Men,Jumps,2024,0,2,0,2,False,2,0,2,0
5232,Men,Sprints,2024,0,1,0,1,False,2,0,2,0
5233,Men,Hurdles,2024,0,2,1,3,True,3,2,5,0
5233,Men,Sprints,2024,0,2,0,2,False,2,0,2,0
5234,Men,Sprints,2024,0,2,1,3,True,4,1,5,0
5235,Men,Sprints,2024,0,2,0,2,False,3,0,3,0
5236,Men,Distance,2024,0,1,1,2,True,1,1,2,0
5236,Men,Hurdles,2024,0,2,1,3,True,2,2,4,0
5237,Men,Distance,2024,0,2,0,2,False,4,0,4,0
5238,Men,Sprints,2024,0,1,2,3,True,2,3,5,0
5239,Men,Hurdles,2024,0,1,1,2,True,1,2,3,0
5240,Men,Sprints,2024,0,2,2,4,True,3,3,6,0
5241,Men,Throws,2024,0,1,0,1,False,1,0,1,0
5242,Men,Throws,2024,0,2,2,4,True,4,3,7,0
5243,Men,Sprints,2024,0,1,0,1,False,1,0,1,0
5244,Men,Jumps,2024,0,0,1,1,True,0,1,1,0
5244,Men,Sprints,2024,0,2,0,2,False,3,0,3,0
5245,Men,Distance,2024,0,2,0,2,False,2,0,2,0
5246,Men,Jumps,2024,0,2,2,4,True,4,2,6,0
5246,Men,Sprints,2024,0,2,2,4,True,2,4,6,0
5247,Men,Throws,2024,0,2,2,4,True,4,3,7,0
5248,Men,Distance,2024,0,2,0,2,False,2,0,2,0
5248,Men,Sprints,2024,0,1,1,2,True,1,2,3,0
5249,Men,Throws,2024,0,2,2,4,True,3,3,6,0
5250,Men,Jumps,2024,0,2,2,4,True,3,4,7,0
5250,Men,Sprints,2024,0,2,1,3,True,2,2,4,0
5252,Men,Hurdles,2024,0,1,2,3,True,1,3,4,0
5252,Men,Jumps,2024,0,0,1,1,True,0,1,1,0
5252,Men,Sprints,2024,0,1,0,1,False,1,0,1,0
5253,Men,Distance,2024,0,2,2,4,True,2,2,4,0
5254,Men,Throws,2024,0,2,1,3,True,4,1,5,0
5255,Men,Distance,2024,0,2,0,2,False,2,0,2,0
5256,Men,Sprints,2024,0,2,0,2,False,3,0,3,0
5257,Men,Sprints,2024,0,2,0,2,False,4,0,4,0
5258,Men,Sprints,2024,0,2,0,2,False,4,0,4,0
5259,Men,Sprints,2024,0,2,0,2,False,4,0,4,0
5260,Men,Distance,2024,0,2,0,2,False,2,0,2,0
5261,Men,Throws,2024,0,1,0,1,False,2,0,2,0
5262,Women,Sprints,2024,0,1,1,2,True,1,2,3,0
5263,Women,Sprints,2024,0,1,0,1,False,1,0,1,0
5264,Women,Distance,2024,1,1,1,2,True,1,2,3,1
5265,Women,Distance,2024,0,1,1,2,True,1,1,2,0
5266,Women,Distance,2024,0,1,1,2,True,1,1,2,0
5267,Women,Jumps,2024,0,1,0,1,False,1,0,1,0
5268,Women,Sprints,2024,0,1,1,2,True,2,3,5,0
5269,Women,Hurdles,2024,0,2,0,2,False,2,0,2,0
5269,Women,Jumps,2024,0,2,0,2,False,4,0,4,0
5270,Men,Sprints,2024,0,1,1,2,True,2,2,4,0
5271,Men,Distance,2024,0,2,0,2,False,3,0,3,0
5272,Men,Distance,2024,0,1,0,1,False,1,0,1,0
5273,Men,Sprints,2024,0,1,0,1,False,2,0,2,0
5274,Men,Sprints,2024,0,1,1,2,True,1,1,2,0
5275,Men,Throws,2024,0,2,4,6,True,4,5,9,0
5276,Men,Distance,2024,0,2,2,4,True,2,3,5,0
5277,Women,Distance,2024,0,1,2,3,True,2,3,5,0
5279,Women,Distance,2024,0,1,1,2,True,1,1,2,0
5282,Men,Distance,2024,0,1,2,3,True,2,2,4,0
5284,Men,Sprints,2024,0,1,1,2,True,2,2,4,0
5285,Men,Sprints,2024,0,1,0,1,False,2,0,2,0
5286,Men,Jumps,2024,0,0,1,1,True,0,1,1,0
5286,Men,Throws,2024,0,1,2,3,True,2,3,5,0
5289,Men,Distance,2024,0,1,1,2,True,1,1,2,0
5290,Women,Distance,2024,0,1,0,1,False,1,0,1,0
5291,Men,Sprints,2024,0,1,0,1,False,1,0,1,0
5293,Men,Distance,2024,0,1,1,2,True,1,1,2,0
5294,Men,Distance,2024,0,1,0,1,False,1,0,1,0
5295,Men,Distance,2024,0,1,1,2,True,1,1,2,0
5296,Men,Distance,2024,0,1,0,1,False,1,0,1,0
5296,Men,Sprints,2024,0,1,0,1,False,1,0,1,0
5297,Men,Distance,2024,0,2,0,2,False,2,0,2,0
5298,Women,Distance,2024,2,1,0,1,False,1,0,1,2
5301,Women,Sprints,2024,0,2,0,2,False,2,0,2,0
5302,Women,Throws,2024,0,1,0,1,False,1,0,1,0
5303,Women,Throws,2024,0,1,0,1,False,1,0,1,0
5304,Women,Throws,2024,0,1,0,1,False,1,0,1,0
5305,Women,Jumps,2024,0,1,1,2,True,1,1,2,0
5306,Men,Distance,2024,0,1,0,1,False,1,0,1,0
5309,Men,Sprints,2024,0,1,0,1,False,1,0,1,0
5310,Men,Distance,2024,0,2,0,2,False,2,0,2,0
5311,Men,Distance,2024,0,1,0,1,False,1,0,1,0
5312,Men,Distance,2024,1,1,0,1,False,1,0,1,1
5312,Men,Jumps,2024,0,2,1,3,True,3,2,5,0
5312,Men,Throws,2024,0,1,1,2,True,1,1,2,0
5313,Men,Distance,2024,0,1,0,1,False,1,0,1,0
5313,Men,Throws,2024,0,1,0,1,False,1,0,1,0
5314,Men,Distance,2024,0,1,0,1,False,1,0,1,0
5315,Men,Sprints,2024,0,1,0,1,False,2,0,2,0
5316,Men,Distance,2024,0,1,0,1,False,1,0,1,0
5316,Men,Sprints,2024,0,1,0,1,False,1,0,1,0
5317,Men,Sprints,2024,0,2,0,2,False,3,0,3,0
5318,Men,Sprints,2024,0,1,0,1,False,2,0,2,0
5343,Women,Distance,2024,0,1,0,1,False,1,0,1,0
5344,Women,Distance,2024,0,1,0,1,False,1,0,1,0
5345,Women,Distance,2024,0,1,1,2,True,2,2,4,0
5346,Women,Throws,2024,0,1,1,2,True,2,2,4,0
5347,Women,Distance,2024,0,1,0,1,False,2,0,2,0
5348,Women,Distance,2024,0,1,0,1,False,1,0,1,0
5349,Women,Distance,2024,0,1,0,1,False,2,0,2,0
5350,Women,Sprints,2024,0,1,0,1,False,3,0,3,0
5351,Women,Distance,2024,0,1,0,1,False,1,0,1,0
5351,Women,Sprints,2024,0,1,0,1,False,1,0,1,0
5352,Women,Sprints,2024,0,1,0,1,False,1,0,1,0
5354,Women,Sprints,2024,0,1,0,1,False,1,0,1,0
5355,Women,Sprints,2024,0,1,0,1,False,1,0,1,0
5356,Women,Distance,2024,0,1,1,2,True,1,2,3,0
5357,Women,Distance,2024,0,1,0,1,False,1,0,1,0
5358,Men,Distance,2024,0,2,0,2,False,3,0,3,0
5359,Men,Sprints,2024,0,1,0,1,False,1,0,1,0
5361,Men,Distance,2024,0,1,0,1,False,1,0,1,0
5361,Men,Sprints,2024,0,1,0,1,False,1,0,1,0
5366,Men,Distance,2024,0,1,0,1,False,1,0,1,0
5367,Men,Distance,2024,0,1,0,1,False,1,0,1,0
5368,Women,Distance,2024,0,1,0,1,False,1,0,1,0
5369,Women,Distance,2024,0,1,0,1,False,1,0,1,0
5370,Women,Sprints,2024,0,1,0,1,False,2,0,2,0
5371,Women,Distance,2024,0,1,0,1,False,1,0,1,0
5372,Men,Distance,2024,0,1,0,1,False,1,0,1,0
5373,Men,Sprints,2024,0,1,1,2,True,1,2,3,0
5374,Men,Distance,2024,0,0,1,1,True,0,1,1,0
5374,Men,Sprints,2024,0,1,0,1,False,1,0,1,0
5375,Men,Distance,2024,0,0,1,1,True,0,1,1,0
5375,Men,Sprints,2024,0,1,1,2,True,1,1,2,0
5377,Men,Distance,2024,0,1,0,1,False,1,0,1,0
5378,Men,Sprints,2024,0,1,0,1,False,2,0,2,0
5384,Men,Distance,2024,0,1,1,2,True,1,1,2,0
5386,Women,Distance,2024,0,1,0,1,False,1,0,1,0
5389,Women,Distance,2024,0,1,0,1,False,1,0,1,0
5390,Women,Distance,2024,0,1,0,1,False,1,0,1,0
5391,Women,Distance,2024,1,2,1,3,True,2,1,3,1
5392,Women,Distance,2024,0,1,1,2,True,2,2,4,0
5393,Women,Sprints,2024,0,1,0,1,False,2,0,2,0
5396,Men,Distance,2024,0,1,1,2,True,1,1,2,0
5397,Men,Sprints,2024,0,1,0,1,False,1,0,1,0
5400,Men,Distance,2024,0,1,0,1,False,1,0,1,0
5401,Men,Distance,2024,0,1,0,1,False,1,0,1,0
5402,Men,Distance,2024,0,1,0,1,False,1,0,1,0
5403,Men,Distance,2024,0,1,0,1,False,1,0,1,0
5404,Men,Jumps,2024,0,1,1,2,True,1,1,2,0
5404,Men,Sprints,2024,0,1,1,2,True,1,1,2,0
5405,Men,Sprints,2024,0,1,0,1,False,1,0,1,0
5406,Men,Sprints,2024,0,1,0,1,False,1,0,1,0
5407,Men,Sprints,2024,0,1,0,1,False,1,0,1,0
5408,Men,Distance,2024,0,1,1,2,True,1,1,2,0
5408,Men,Sprints,2024,0,1,1,2,True,1,1,2,0
5409,Men,Distance,2024,0,1,0,1,False,1,0,1,0
5410,Men,Distance,2024,0,1,0,1,False,1,0,1,0
5411,Men,Distance,2024,0,1,0,1,False,1,0,1,0
5412,Men,Distance,2024,0,1,0,1,False,1,0,1,0
5413,Men,Distance,2024,0,1,0,1,False,1,0,1,0
5414,Men,Sprints,2024,0,1,1,2,True,1,1,2,0
5415,Men,Jumps,2024,0,1,0,1,False,2,0,2,0
5415,Men,Sprints,2024,0,1,0,1,False,1,0,1,0
5416,Men,Sprints,2024,0,1,0,1,False,1,0,1,0
5417,Men,Jumps,2024,0,0,1,1,True,0,1,1,0
5417,Men,Sprints,2024,0,1,1,2,True,1,2,3,0
5418,Men,Sprints,2024,0,1,0,1,False,1,0,1,0
5420,Men,Distance,2024,0,1,0,1,False,1,0,1,0
5421,Men,Distance,2024,0,0,1,1,True,0,1,1,0
5421,Men,Sprints,2024,0,1,2,3,True,1,3,4,0
5422,Men,Sprints,2024,0,1,0,1,False,2,0,2,0
5423,Women,Sprints,2024,0,1,0,1,False,2,0,2,0
5424,Women,Sprints,2024,0,1,0,1,False,1,0,1,0
5425,Women,Sprints,2024,0,1,0,1,False,1,0,1,0
5426,Women,Distance,2024,0,1,0,1,False,1,0,1,0
5427,Women,Distance,2024,0,1,0,1,False,1,0,1,0
5428,Women,Distance,2024,0,1,0,1,False,1,0,1,0
5429,Women,Distance,2024,0,1,0,1,False,1,0,1,0
5430,Women,Distance,2024,0,1,0,1,False,2,0,2,0
5431,Women,Distance,2024,0,1,0,1,False,2,0,2,0
5432,Women,Distance,2024,0,1,0,1,False,1,0,1,0
5433,Women,Distance,2024,0,1,0,1,False,1,0,1,0
5434,Women,Distance,2024,0,1,0,1,False,2,0,2,0
5435,Women,Distance,2024,0,1,0,1,False,1,0,1,0
5436,Women,Distance,2024,0,1,0,1,False,1,0,1,0
5437,Women,Distance,2024,0,1,0,1,False,1,0,1,0
5443,Men,Sprints,2024,0,1,0,1,False,2,0,2,0
5444,Men,Sprints,2024,0,1,0,1,False,2,0,2,0
5445,Men,Sprints,2024,0,1,0,1,False,1,0,1,0
5446,Men,Sprints,2024,0,1,0,1,False,2,0,2,0
5447,Men,Sprints,2024,0,1,0,1,False,2,0,2,0
5448,Men,Distance,2024,0,1,0,1,False,1,0,1,0
5448,Men,Sprints,2024,0,1,0,1,False,2,0,2,0
5449,Men,Distance,2024,0,1,0,1,False,1,0,1,0
5449,Men,Sprints,2024,0,1,0,1,False,1,0,1,0
5450,Men,Distance,2024,0,1,0,1,False,3,0,3,0
5450,Men,Sprints,2024,0,1,0,1,False,2,0,2,0
5451,Men,Sprints,2024,0,1,0,1,False,2,0,2,0
5452,Men,Distance,2024,0,1,0,1,False,2,0,2,0
5453,Men,Distance,2024,0,1,0,1,False,1,0,1,0
5454,Men,Distance,2024,0,1,0,1,False,1,0,1,0
5455,Men,Distance,2024,0,1,0,1,False,1,0,1,0
5456,Men,Distance,2024,0,1,0,1,False,2,0,2,0
5457,Men,Distance,2024,0,1,0,1,False,2,0,2,0
5458,Men,Distance,2024,0,1,0,1,False,2,0,2,0
5459,Men,Distance,2024,0,1,0,1,False,2,0,2,0
5460,Men,Distance,2024,0,1,0,1,False,3,0,3,0
5461,Men,Distance,2024,0,1,0,1,False,2,0,2,0
5462,Men,Distance,2024,0,1,0,1,False,2,0,2,0
5463,Men,Distance,2024,0,1,0,1,False,1,0,1,0
5464,Men,Distance,2024,0,1,0,1,False,1,0,1,0
5465,Men,Distance,2024,0,1,0,1,False,2,0,2,0
5466,Men,Distance,2024,0,1,0,1,False,1,0,1,0
5467,Men,Distance,2024,0,1,0,1,False,1,0,1,0
5468,Men,Distance,2024,0,1,0,1,False,1,0,1,0
5469,Men,Distance,2024,0,1,0,1,False,1,0,1,0
5470,Men,Distance,2024,0,1,0,1,False,1,0,1,0
5480,Women,Sprints,2024,0,1,0,1,False,2,0,2,0
5481,Women,Jumps,2024,0,1,0,1,False,1,0,1,0
5482,Men,Hurdles,2024,0,1,2,3,True,1,2,3,0
5483,Men,Throws,2024,0,1,2,3,True,1,2,3,0
5484,Women,Hurdles,2024,0,1,0,1,False,1,0,1,0
5484,Women,Sprints,2024,0,1,0,1,False,2,0,2,0
5485,Women,Jumps,2024,0,1,0,1,False,1,0,1,0
5486,Men,Distance,2024,0,1,0,1,False,1,0,1,0
5488,Men,Distance,2024,0,1,0,1,False,1,0,1,0
5489,Men,Distance,2024,0,1,0,1,False,1,0,1,0
5490,Men,Distance,2024,0,1,0,1,False,1,0,1,0
5491,Women,Sprints,2024,0,1,0,1,False,2,0,2,0
5492,Women,Distance,2024,0,1,0,1,False,1,0,1,0
5492,Women,Sprints,2024,0,1,0,1,False,1,0,1,0
5493,Women,Distance,2024,0,1,0,1,False,1,0,1,0
5494,Women,Hurdles,2024,0,1,0,1,False,1,0,1,0
5496,Women,Jumps,2024,0,1,0,1,False,2,0,2,0
5497,Women,Jumps,2024,0,1,0,1,False,1,0,1,0
5497,Women,Sprints,2024,0,1,0,1,False,1,0,1,0
5498,Men,Jumps,2024,0,1,0,1,False,1,0,1,0
5498,Men,Sprints,2024,0,1,0,1,False,1,0,1,0
5499,Men,Sprints,2024,0,1,0,1,False,1,0,1,0
5500,Men,Distance,2024,0,1,0,1,False,2,0,2,0
5502,Men,Jumps,2024,0,1,0,1,False,1,0,1,0
5510,Women,Jumps,2024,0,0,1,1,True,0,2,2,0
5516,Women,Sprints,2024,0,0,1,1,True,0,1,1,0
5519,Women,Distance,2024,0,0,2,2,True,0,3,3,0
5526,Women,Distance,2024,0,0,1,1,True,0,1,1,0
5536,Women,Throws,2024,0,0,1,1,True,0,2,2,0
5539,Women,Jumps,2024,0,0,1,1,True,0,2,2,0
5550,Men,Hurdles,2024,0,0,1,1,True,0,1,1,0
5550,Men,Sprints,2024,0,0,3,3,True,0,5,5,0
5551,Men,Sprints,2024,0,0,1,1,True,0,1,1,0
5554,Men,Jumps,2024,0,0,1,1,True,0,1,1,0
5556,Men,Sprints,2024,0,0,1,1,True,0,1,1,0
5558,Men,Sprints,2024,0,0,1,1,True,0,1,1,0
5561,Men,Jumps,2024,0,0,1,1,True,0,1,1,0
5561,Men,Sprints,2024,0,0,1,1,True,0,1,1,0
5565,Men,Distance,2024,0,0,1,1,True,0,2,2,0
5565,Men,Jumps,2024,0,0,1,1,True,0,1,1,0
5566,Men,Sprints,2024,0,0,1,1,True,0,2,2,0
5573,Men,Distance,2024,0,0,1,1,True,0,1,1,0
5583,Men,Distance,2024,0,0,1,1,True,0,2,2,0
5589,Men,Distance,2024,0,0,1,1,True,0,1,1,0
5597,Men,Jumps,2024,0,0,1,1,True,0,1,1,0
5597,Men,Sprints,2024,0,0,1,1,True,0,1,1,0
5612,Women,Sprints,2024,0,0,1,1,True,0,1,1,0
5613,Men,Jumps,2024,0,0,1,1,True,0,1,1,0
5613,Men,Sprints,2024,0,0,1,1,True,0,1,1,0
5614,Men,Jumps,2024,0,0,1,1,True,0,1,1,0
5614,Men,Sprints,2024,0,0,1,1,True,0,1,1,0
5615,Men,Hurdles,2024,0,0,1,1,True,0,1,1,0
5615,Men,Jumps,2024,0,0,1,1,True,0,1,1,0
5615,Men,Sprints,2024,0,0,1,1,True,0,1,1,0
5616,Men,Distance,2024,0,0,2,2,True,0,2,2,0
5617,Men,Distance,2024,0,0,2,2,True,0,2,2,0
5618,Men,Distance,2024,0,0,1,1,True,0,1,1,0
5619,Men,Distance,2024,0,0,1,1,True,0,1,1,0
5620,Men,Distance,2024,0,0,2,2,True,0,2,2,0
5621,Men,Distance,2024,0,0,1,1,True,0,1,1,0
5622,Men,Distance,2024,0,0,2,2,True,0,2,2,0
5625,Men,Throws,2024,0,0,3,3,True,0,3,3,0
5626,Women,Distance,2024,0,0,2,2,True,0,2,2,0
5626,Women,Sprints,2024,0,0,1,1,True,0,1,1,0
5627,Men,Distance,2024,0,0,3,3,True,0,3,3,0
5629,Women,Distance,2024,0,0,1,1,True,0,1,1,0
5631,Women,Jumps,2024,0,0,1,1,True,0,2,2,0
5632,Men,Distance,2024,0,0,1,1,True,0,2,2,0
5633,Men,Sprints,2024,0,0,1,1,True,0,2,2,0
5634,Men,Sprints,2024,0,0,1,1,True,0,1,1,0
5636,Women,Distance,2024,0,0,2,2,True,0,2,2,0
5637,Women,Jumps,2024,0,0,2,2,True,0,2,2,0
5638,Women,Jumps,2024,0,0,1,1,True,0,1,1,0
5640,Men,Distance,2024,0,0,1,1,True,0,1,1,0
5641,Men,Hurdles,2024,0,0,1,1,True,0,1,1,0
5642,Women,Distance,2024,0,0,2,2,True,0,2,2,0
5643,Women,Hurdles,2024,0,0,1,1,True,0,1,1,0
5643,Women,Jumps,2024,0,0,2,2,True,0,2,2,0
5644,Men,Sprints,2024,0,0,1,1,True,0,2,2,0
5645,Men,Hurdles,2024,0,0,2,2,True,0,3,3,0
5646,Men,Sprints,2024,0,0,2,2,True,0,2,2,0
5647,Women,Distance,2024,0,0,1,1,True,0,2,2,0
5648,Women,Sprints,2024,0,0,1,1,True,0,1,1,0
5649,Men,Sprints,2024,0,0,1,1,True,0,1,1,0
5651,Men,Distance,2024,0,0,1,1,True,0,1,1,0
5652,Men,Distance,2024,0,0,1,1,True,0,1,1,0
5653,Men,Sprints,2024,0,0,1,1,True,0,3,3,0
5658,Women,Distance,2024,0,0,2,2,True,0,2,2,0
5660,Men,Throws,2024,0,0,1,1,True,0,1,1,0
5661,Men,Sprints,2024,0,0,1,1,True,0,2,2,0
5662,Men,Distance,2024,0,0,1,1,True,0,1,1,0
5664,Men,Sprints,2024,0,0,1,1,True,0,1,1,0
5665,Men,Distance,2024,0,0,1,1,True,0,2,2,0
5668,Men,Sprints,2024,0,0,1,1,True,0,2,2,0
5669,Men,Distance,2024,0,0,1,1,True,0,1,1,0
5669,Men,Sprints,2024,0,0,1,1,True,0,1,1,0
5670,Men,Distance,2024,0,0,1,1,True,0,1,1,0
5671,Women,Throws,2024,0,0,3,3,True,0,6,6,0
5674,Men,Throws,2024,0,0,3,3,True,0,5,5,0
5675,Women,Sprints,2024,0,0,1,1,True,0,1,1,0
5678,Women,Sprints,2024,0,0,1,1,True,0,2,2,0
5679,Women,Distance,2024,0,0,1,1,True,0,1,1,0
5679,Women,Sprints,2024,0,0,1,1,True,0,2,2,0
5680,Women,Sprints,2024,0,0,1,1,True,0,1,1,0
5681,Women,Jumps,2024,0,0,1,1,True,0,1,1,0
5681,Women,Sprints,2024,0,0,1,1,True,0,1,1,0
5682,Women,Distance,2024,0,0,2,2,True,0,2,2,0
5683,Women,Distance,2024,0,0,1,1,True,0,1,1,0
5684,Women,Distance,2024,0,0,1,1,True,0,1,1,0
5685,Women,Distance,2024,0,0,1,1,True,0,1,1,0
5691,Women,Distance,2024,2,1,1,2,True,1,1,2,2
5694,Women,Throws,2024,0,0,1,1,True,0,1,1,0
5695,Women,Throws,2024,0,0,1,1,True,0,1,1,0
5696,Men,Sprints,2024,0,0,1,1,True,0,2,2,0
5697,Men,Sprints,2024,0,0,1,1,True,0,1,1,0
5698,Men,Sprints,2024,0,0,1,1,True,0,2,2,0
5699,Men,Sprints,2024,0,0,1,1,True,0,3,3,0
5700,Men,Sprints,2024,0,0,1,1,True,0,2,2,0
5701,Men,Sprints,2024,0,0,1,1,True,0,1,1,0
5702,Men,Sprints,2024,0,0,1,1,True,0,1,1,0
5703,Men,Sprints,2024,0,0,1,1,True,0,1,1,0
5704,Men,Sprints,2024,0,0,1,1,True,0,1,1,0
5705,Men,Distance,2024,0,0,1,1,True,0,1,1,0
5705,Men,Sprints,2024,0,0,1,1,True,0,1,1,0
5706,Men,Hurdles,2024,0,0,1,1,True,0,1,1,0
5706,Men,Sprints,2024,0,0,1,1,True,0,1,1,0
5707,Men,Distance,2024,0,0,1,1,True,0,1,1,0
5708,Men,Distance,2024,1,1,1,2,True,2,1,3,1
5709,Men,Distance,2024,0,0,1,1,True,0,1,1,0
5710,Men,Distance,2024,0,0,1,1,True,0,1,1,0
5711,Men,Hurdles,2024,0,0,2,2,True,0,2,2,0
5711,Men,Sprints,2024,0,0,1,1,True,0,1,1,0
5712,Men,Hurdles,2024,0,0,1,1,True,0,1,1,0
5722,Men,Throws,2024,0,0,2,2,True,0,3,3,0
5723,Men,Jumps,2024,0,0,2,2,True,0,2,2,0
5723,Men,Sprints,2024,0,0,2,2,True,0,2,2,0
5724,Men,Sprints,2024,0,0,1,1,True,0,1,1,0
5725,Men,Distance,2024,0,0,1,1,True,0,1,1,0
5726,Men,Distance,2024,0,0,1,1,True,0,1,1,0
5729,Women,Distance,2024,0,0,1,1,True,0,1,1,0
5730,Women,Sprints,2024,0,0,1,1,True,0,3,3,0
5731,Men,Sprints,2024,0,0,1,1,True,0,1,1,0
5732,Men,Distance,2024,0,0,1,1,True,0,1,1,0
5733,Men,Distance,2024,0,0,1,1,True,0,1,1,0
5734,Men,Distance,2024,0,0,1,1,True,0,1,1,0
5735,Men,Distance,2024,0,0,1,1,True,0,1,1,0
5736,Men,Distance,2024,0,0,1,1,True,0,3,3,0
5738,Men,Sprints,2024,0,0,2,2,True,0,4,4,0
5740,Men,Hurdles,2024,0,0,1,1,True,0,1,1,0
5740,Men,Jumps,2024,0,0,2,2,True,0,2,2,0
5741,Men,Sprints,2024,0,0,1,1,True,0,3,3,0
5745,Men,Sprints,2024,0,0,2,2,True,0,2,2,0
5746,Men,Throws,2024,0,0,1,1,True,0,1,1,0
5752,Women,Hurdles,2024,0,0,1,1,True,0,2,2,0
5755,Men,Jumps,2024,0,0,1,1,True,0,1,1,0
5756,Men,Throws,2024,0,0,1,1,True,0,2,2,0
5757,Men,Distance,2024,0,0,1,1,True,0,1,1,0
5758,Women,Sprints,2024,0,0,3,3,True,0,4,4,0
5759,Women,Sprints,2024,0,0,1,1,True,0,1,1,0
5760,Women,Distance,2024,0,0,2,2,True,0,2,2,0
5761,Men,Sprints,2024,0,0,2,2,True,0,4,4,0
5762,Men,Sprints,2024,0,0,3,3,True,0,4,4,0
5763,Men,Distance,2024,0,0,1,1,True,0,1,1,0
5764,Women,Distance,2024,0,0,1,1,True,0,1,1,0
5765,Women,Jumps,2024,0,0,1,1,True,0,2,2,0
5766,Women,Distance,2024,0,0,1,1,True,0,2,2,0
5768,Men,Sprints,2024,0,0,1,1,True,0,2,2,0
5770,Men,Throws,2024,0,0,1,1,True,0,1,1,0
5771,Men,Sprints,2024,0,0,2,2,True,0,2,2,0
5777,Men,Hurdles,2024,0,0,1,1,True,0,1,1,0
5777,Men,Sprints,2024,0,0,1,1,True,0,1,1,0
5782,Men,Throws,2024,0,0,1,1,True,0,2,2,0
5783,Men,Distance,2024,0,0,1,1,True,0,2,2,0
5787,Men,Distance,2024,0,1,2,3,True,2,2,4,0
5788,Men,Distance,2024,0,0,2,2,True,0,2,2,0
5789,Men,Distance,2024,0,1,1,2,True,1,1,2,0
5790,Women,Sprints,2024,0,0,1,1,True,0,2,2,0
5791,Men,Sprints,2024,0,0,2,2,True,0,4,4,0
5792,Men,Sprints,2024,0,0,1,1,True,0,1,1,0
5793,Men,Distance,2024,0,0,1,1,True,0,1,1,0
5794,Men,Distance,2024,0,0,1,1,True,0,1,1,0
5795,Men,Distance,2024,0,0,1,1,True,0,1,1,0
5796,Men,Jumps,2024,0,0,1,1,True,0,2,2,0
5798,Men,Throws,2024,0,0,1,1,True,0,2,2,0
5870,Men,Sprints,2024,0,0,1,1,True,0,1,1,0
6285,Women,Distance,2024,0,1,2,3,True,1,4,5,0
6458,Women,Distance,2024,0,1,0,1,False,1,0,1,0
6845,Men,Distance,2024,2,2,0,2,False,2,0,2,2
6849,Men,Sprints,2024,0,1,0,1,False,1,0,1,0
7624,Men,Distance,2024,0,0,1,1,True,0,1,1,0
7624,Men,Jumps,2024,0,0,1,1,True,0,1,1,0
7624,Men,Sprints,2024,0,0,1,1,True,0,1,1,0
7625,Men,Distance,2024,0,0,1,1,True,0,1,1,0
7626,Men,Sprints,2024,0,0,1,1,True,0,2,2,0
7627,Men,Jumps,2024,0,0,1,1,True,0,2,2,0
7627,Men,Sprints,2024,0,0,1,1,True,0,1,1,0
7628,Men,Jumps,2024,0,0,1,1,True,0,1,1,0
7628,Men,Sprints,2024,0,0,1,1,True,0,2,2,0
7629,Men,Sprints,2024,0,0,1,1,True,0,2,2,0
7630,Men,Sprints,2024,0,0,1,1,True,0,2,2,0
7631,Women,Sprints,2024,0,0,1,1,True,0,2,2,0
7633,Men,Hurdles,2024,0,0,1,1,True,0,1,1,0
7633,Men,Jumps,2024,0,0,1,1,True,0,1,1,0
7633,Men,Sprints,2024,0,0,1,1,True,0,1,1,0
7636,Men,Hurdles,2024,0,0,1,1,True,0,1,1,0
7639,Men,Jumps,2024,0,0,1,1,True,0,2,2,0
7640,Men,Throws,2024,0,0,1,1,True,0,1,1,0
7694,Men,Distance,2024,2,1,1,2,True,1,1,2,3
23523,Women,Distance,2024,0,1,2,3,True,1,2,3,0
25502,Men,Distance,2024,0,0,1,1,True,0,1,1,0
26064,Men,Sprints,2024,0,0,1,1,True,0,1,1,0
1,Men,Distance,2025,3,1,0,1,False,2,0,2,3
2,Men,Distance,2025,5,1,0,1,False,1,0,1,5
19,Men,Distance,2025,5,1,0,1,False,1,0,1,5
35,Men,Distance,2025,1,1,0,1,False,3,0,3,1
68,Women,Distance,2025,5,1,0,1,False,1,0,1,5
90,Men,Distance,2025,0,2,1,3,True,2,1,3,0
91,Men,Distance,2025,0,2,1,3,True,2,1,3,0
93,Men,Distance,2025,0,1,0,1,False,1,0,1,0
95,Men,Distance,2025,0,3,2,5,True,3,2,5,0
99,Men,Distance,2025,0,1,1,2,True,1,1,2,0
102,Men,Distance,2025,0,2,2,4,True,2,2,4,0
106,Men,Distance,2025,0,2,2,4,True,2,2,4,0
123,Men,Distance,2025,4,1,0,1,False,2,0,2,5
127,Men,Distance,2025,3,1,0,1,False,2,0,2,3
130,Men,Distance,2025,4,1,0,1,False,1,0,1,4
130,Men,Hurdles,2025,0,1,0,1,False,1,0,1,0
145,Men,Distance,2025,0,1,0,1,False,2,0,2,0
147,Men,Distance,2025,1,1,0,1,False,1,0,1,1
150,Men,Distance,2025,4,1,0,1,False,1,0,1,4
152,Men,Distance,2025,3,1,0,1,False,1,0,1,3
163,Men,Distance,2025,5,1,0,1,False,1,0,1,6
196,Men,Distance,2025,4,1,0,1,False,2,0,2,5
203,Men,Distance,2025,3,1,0,1,False,1,0,1,3
214,Men,Distance,2025,0,2,0,2,False,2,0,2,0
221,Men,Distance,2025,0,1,0,1,False,1,0,1,0
225,Men,Distance,2025,0,1,0,1,False,1,0,1,0
253,Women,Distance,2025,3,1,0,1,False,1,0,1,3
256,Women,Distance,2025,0,1,0,1,False,1,0,1,0
275,Women,Distance,2025,1,2,0,2,False,2,0,2,1
282,Women,Distance,2025,5,1,0,1,False,1,0,1,5
291,Women,Distance,2025,3,1,0,1,False,2,0,2,4
294,Women,Distance,2025,3,1,0,1,False,2,0,2,4
360,Women,Distance,2025,0,1,0,1,False,1,0,1,0
364,Men,Distance,2025,2,2,0,2,False,2,0,2,3
367,Men,Distance,2025,0,2,0,2,False,2,0,2,0
368,Men,Distance,2025,1,1,0,1,False,1,0,1,1
369,Men,Distance,2025,0,1,0,1,False,1,0,1,0
382,Men,Distance,2025,4,0,3,3,True,0,3,3,5
454,Men,Distance,2025,1,1,0,1,False,1,0,1,1
455,Men,Distance,2025,0,1,0,1,False,1,0,1,0
466,Men,Distance,2025,5,2,0,2,False,3,0,3,5
467,Men,Distance,2025,2,1,0,1,False,1,0,1,2
468,Men,Distance,2025,1,2,0,2,False,2,0,2,1
475,Women,Distance,2025,0,1,0,1,False,1,0,1,0
490,Women,Distance,2025,0,1,0,1,False,1,0,1,0
508,Men,Distance,2025,1,1,0,1,False,1,0,1,1
509,Men,Distance,2025,1,1,0,1,False,1,0,1,1
513,Men,Distance,2025,1,1,0,1,False,1,0,1,1
517,Men,Distance,2025,0,1,0,1,False,1,0,1,0
517,Men,Hurdles,2025,0,1,0,1,False,2,0,2,0
517,Men,Jumps,2025,0,1,0,1,False,3,0,3,0
517,Men,Sprints,2025,0,1,0,1,False,3,0,3,0
517,Men,Throws,2025,0,1,0,1,False,2,0,2,0
523,Men,Distance,2025,0,1,0,1,False,1,0,1,0
529,Men,Jumps,2025,0,1,0,1,False,1,0,1,0
529,Men,Throws,2025,0,1,0,1,False,2,0,2,0
530,Men,Distance,2025,2,1,0,1,False,1,0,1,2
539,Men,Distance,2025,2,0,2,2,True,0,2,2,2
550,Men,Distance,2025,0,1,0,1,False,1,0,1,0
550,Men,Hurdles,2025,0,1,0,1,False,2,0,2,0
550,Men,Jumps,2025,0,1,0,1,False,2,0,2,0
550,Men,Sprints,2025,0,1,0,1,False,3,0,3,0
550,Men,Throws,2025,0,1,0,1,False,2,0,2,0
554,Men,Sprints,2025,0,1,0,1,False,2,0,2,0
556,Men,Distance,2025,0,1,0,1,False,1,0,1,0
556,Men,Hurdles,2025,0,1,0,1,False,2,0,2,0
556,Men,Jumps,2025,0,1,0,1,False,3,0,3,0
556,Men,Sprints,2025,0,1,0,1,False,3,0,3,0
556,Men,Throws,2025,0,1,0,1,False,2,0,2,0
570,Women,Distance,2025,3,2,0,2,False,3,0,3,3
575,Women,Distance,2025,0,1,0,1,False,1,0,1,0
576,Women,Distance,2025,1,1,0,1,False,1,0,1,1
577,Women,Distance,2025,3,2,0,2,False,3,0,3,3
578,Women,Distance,2025,1,1,0,1,False,1,0,1,2
583,Women,Distance,2025,1,1,0,1,False,1,0,1,1
591,Women,Distance,2025,1,1,0,1,False,1,0,1,1
617,Women,Hurdles,2025,0,1,0,1,False,1,0,1,0
620,Women,Distance,2025,2,1,0,1,False,1,0,1,2
621,Women,Distance,2025,0,2,0,2,False,2,0,2,0
638,Women,Distance,2025,1,1,0,1,False,1,0,1,1
647,Women,Distance,2025,1,1,0,1,False,1,0,1,1
648,Women,Distance,2025,0,1,0,1,False,1,0,1,0
648,Women,Jumps,2025,1,1,0,1,False,1,0,1,1
648,Women,Sprints,2025,1,1,0,1,False,1,0,1,1
652,Women,Distance,2025,1,1,0,1,False,1,0,1,2
655,Women,Distance,2025,2,2,0,2,False,2,0,2,2
666,Men,Distance,2025,3,1,0,1,False,1,0,1,3
667,Men,Distance,2025,2,2,0,2,False,3,0,3,2
669,Men,Distance,2025,3,1,0,1,False,1,0,1,3
673,Men,Distance,2025,3,2,0,2,False,4,0,4,3
674,Men,Distance,2025,1,1,0,1,False,2,0,2,1
675,Men,Distance,2025,1,1,0,1,False,1,0,1,1
676,Men,Distance,2025,1,1,0,1,False,2,0,2,1
677,Men,Distance,2025,1,1,0,1,False,1,0,1,1
681,Men,Distance,2025,2,2,0,2,False,2,0,2,2
683,Men,Distance,2025,1,1,0,1,False,1,0,1,1
685,Men,Distance,2025,1,2,0,2,False,3,0,3,1
688,Men,Sprints,2025,0,1,0,1,False,1,0,1,0
689,Men,Distance,2025,0,2,0,2,False,2,0,2,0
689,Men,Hurdles,2025,0,1,0,1,False,1,0,1,0
694,Men,Distance,2025,0,1,0,1,False,1,0,1,0
695,Men,Distance,2025,2,2,0,2,False,4,0,4,2
696,Men,Distance,2025,0,2,0,2,False,2,0,2,0
702,Men,Distance,2025,2,1,0,1,False,1,0,1,2
704,Men,Distance,2025,2,2,0,2,False,4,0,4,2
708,Men,Distance,2025,0,1,0,1,False,1,0,1,0
709,Men,Distance,2025,2,1,0,1,False,1,0,1,2
710,Men,Distance,2025,2,2,0,2,False,3,0,3,2
711,Men,Distance,2025,0,2,0,2,False,3,0,3,0
712,Men,Distance,2025,0,1,0,1,False,1,0,1,0
716,Men,Distance,2025,0,1,0,1,False,1,0,1,0
723,Men,Distance,2025,0,1,0,1,False,1,0,1,0
731,Men,Distance,2025,2,1,0,1,False,1,0,1,2
734,Men,Distance,2025,0,1,0,1,False,2,0,2,0
738,Men,Distance,2025,0,1,0,1,False,1,0,1,0
740,Men,Distance,2025,3,2,0,2,False,3,0,3,3
742,Men,Distance,2025,0,2,0,2,False,2,0,2,0
743,Men,Distance,2025,2,2,0,2,False,3,0,3,2
756,Men,Distance,2025,0,1,0,1,False,1,0,1,0
759,Men,Distance,2025,0,1,0,1,False,1,0,1,0
760,Men,Distance,2025,3,2,0,2,False,3,0,3,3
760,Men,Sprints,2025,0,1,0,1,False,1,0,1,0
778,Men,Distance,2025,0,1,0,1,False,1,0,1,0
790,Men,Throws,2025,0,1,0,1,False,1,0,1,0
794,Men,Distance,2025,0,1,0,1,False,1,0,1,0
868,Men,Distance,2025,3,0,1,1,True,0,1,1,4
885,Men,Distance,2025,4,0,1,1,True,0,1,1,6
926,Men,Distance,2025,2,1,1,2,True,1,1,2,2
930,Men,Distance,2025,4,0,1,1,True,0,1,1,4
938,Men,Sprints,2025,0,0,1,1,True,0,1,1,0
992,Women,Sprints,2025,2,0,1,1,True,0,1,1,2
992,Women,Throws,2025,0,0,1,1,True,0,1,1,0
1020,Women,Distance,2025,2,1,0,1,False,2,0,2,3
1032,Women,Distance,2025,1,2,0,2,False,3,0,3,2
1054,Women,Hurdles,2025,0,1,0,1,False,1,0,1,0
1116,Women,Distance,2025,1,1,0,1,False,1,0,1,1
1179,Men,Distance,2025,0,1,0,1,False,1,0,1,0
1198,Men,Distance,2025,2,1,0,1,False,1,0,1,2
1201,Men,Distance,2025,1,1,0,1,False,1,0,1,2
1216,Men,Distance,2025,1,1,0,1,False,2,0,2,2
1266,Men,Distance,2025,2,1,0,1,False,1,0,1,2
1284,Men,Distance,2025,0,1,0,1,False,1,0,1,0
1288,Men,Distance,2025,1,1,0,1,False,1,0,1,1
1294,Men,Distance,2025,1,1,0,1,False,1,0,1,1
1309,Men,Distance,2025,4,2,0,2,False,2,0,2,6
1421,Men,Distance,2025,5,2,1,3,True,4,2,6,8
1458,Women,Distance,2025,1,1,0,1,False,1,0,1,1
1466,Women,Distance,2025,0,1,0,1,False,1,0,1,0
1478,Women,Distance,2025,0,0,1,1,True,0,1,1,0
1478,Women,Jumps,2025,0,2,0,2,False,2,0,2,0
1478,Women,Sprints,2025,0,2,1,3,True,6,2,8,0
1484,Women,Distance,2025,1,1,0,1,False,1,0,1,1
1497,Women,Distance,2025,1,1,0,1,False,1,0,1,1
1530,Men,Distance,2025,0,2,0,2,False,2,0,2,0
1534,Men,Distance,2025,0,2,0,2,False,2,0,2,0
1542,Men,Sprints,2025,0,1,0,1,False,1,0,1,0
1552,Men,Distance,2025,1,2,0,2,False,2,0,2,1
1554,Men,Distance,2025,0,1,0,1,False,1,0,1,0
1557,Men,Distance,2025,0,1,0,1,False,1,0,1,0
1558,Men,Distance,2025,0,2,1,3,True,2,1,3,0
1562,Men,Distance,2025,0,1,0,1,False,1,0,1,0
1583,Men,Distance,2025,0,1,0,1,False,1,0,1,0
1584,Men,Distance,2025,0,1,0,1,False,1,0,1,0
1589,Men,Distance,2025,1,1,0,1,False,2,0,2,2
1592,Men,Sprints,2025,0,1,0,1,False,1,0,1,0
1597,Men,Distance,2025,0,0,1,1,True,0,1,1,0
1608,Men,Distance,2025,0,1,0,1,False,1,0,1,0
1612,Men,Distance,2025,0,1,1,2,True,2,3,5,0
1612,Men,Hurdles,2025,0,1,0,1,False,1,0,1,0
1612,Men,Sprints,2025,0,1,0,1,False,3,0,3,0
1615,Men,Distance,2025,0,1,0,1,False,1,0,1,0
1617,Women,Distance,2025,1,0,2,2,True,0,2,2,1
1656,Men,Distance,2025,4,0,2,2,True,0,2,2,5
1657,Men,Distance,2025,3,0,2,2,True,0,2,2,5
1658,Men,Distance,2025,3,0,1,1,True,0,1,1,4
1663,Men,Distance,2025,4,0,1,1,True,0,2,2,6
1704,Men,Distance,2025,1,1,0,1,False,1,0,1,1
1768,Women,Distance,2025,0,1,0,1,False,1,0,1,0
1810,Men,Distance,2025,2,0,1,1,True,0,1,1,3
1814,Men,Distance,2025,2,0,1,1,True,0,1,1,2
1856,Men,Sprints,2025,0,1,1,2,True,1,1,2,0
1901,Men,Sprints,2025,1,0,1,1,True,0,1,1,1
1928,Women,Hurdles,2025,0,1,0,1,False,1,0,1,0
1930,Women,Distance,2025,3,1,0,1,False,1,0,1,3
1946,Women,Distance,2025,1,1,0,1,False,2,0,2,2
1953,Women,Distance,2025,1,1,0,1,False,2,0,2,1
1957,Women,Distance,2025,3,1,0,1,False,1,0,1,3
1965,Women,Distance,2025,1,1,0,1,False,1,0,1,1
1967,Women,Distance,2025,2,1,0,1,False,1,0,1,2
2005,Men,Distance,2025,2,1,0,1,False,1,0,1,2
2007,Men,Distance,2025,3,1,0,1,False,1,0,1,3
2013,Men,Distance,2025,3,1,0,1,False,1,0,1,4
2022,Men,Distance,2025,2,1,0,1,False,1,0,1,3
2022,Men,Sprints,2025,0,1,0,1,False,1,0,1,0
2045,Men,Distance,2025,4,1,0,1,False,1,0,1,6
2059,Men,Distance,2025,3,1,0,1,False,1,0,1,4
2069,Men,Distance,2025,0,1,0,1,False,2,0,2,0
2070,Men,Distance,2025,0,1,0,1,False,1,0,1,0
2071,Men,Distance,2025,0,2,0,2,False,2,0,2,0
2081,Women,Distance,2025,4,1,0,1,False,1,0,1,5
2081,Women,Sprints,2025,0,0,1,1,True,0,1,1,0
2086,Women,Sprints,2025,0,0,1,1,True,0,1,1,0
2142,Men,Distance,2025,1,0,1,1,True,0,1,1,3
2152,Men,Sprints,2025,0,0,1,1,True,0,2,2,0
2172,Men,Distance,2025,0,1,0,1,False,1,0,1,0
2176,Men,Distance,2025,1,1,0,1,False,1,0,1,1
2193,Men,Distance,2025,3,1,0,1,False,2,0,2,3
2239,Women,Distance,2025,3,0,1,1,True,0,1,1,3
2240,Women,Distance,2025,4,0,2,2,True,0,2,2,4
2241,Women,Distance,2025,4,0,2,2,True,0,2,2,4
2245,Women,Distance,2025,2,0,2,2,True,0,2,2,2
2249,Women,Sprints,2025,0,0,1,1,True,0,2,2,0
2252,Women,Sprints,2025,0,0,1,1,True,0,2,2,0
2259,Men,Distance,2025,3,0,2,2,True,0,2,2,3
2261,Men,Distance,2025,2,0,1,1,True,0,2,2,3
2275,Men,Distance,2025,3,0,1,1,True,0,1,1,4
2289,Men,Jumps,2025,3,0,6,6,True,0,7,7,3
2289,Men,Sprints,2025,1,0,7,7,True,0,12,12,1
2291,Women,Distance,2025,0,1,0,1,False,1,0,1,0
2299,Women,Distance,2025,0,1,0,1,False,1,0,1,0
2303,Men,Distance,2025,0,1,0,1,False,1,0,1,0
2306,Men,Distance,2025,0,2,0,2,False,3,0,3,0
2309,Men,Distance,2025,0,2,0,2,False,3,0,3,0
2316,Men,Distance,2025,0,1,0,1,False,1,0,1,0
2350,Men,Distance,2025,1,1,0,1,False,1,0,1,1
2368,Men,Sprints,2025,1,1,0,1,False,1,0,1,1
2400,Women,Distance,2025,0,1,0,1,False,2,0,2,0
2406,Women,Distance,2025,0,1,0,1,False,1,0,1,0
2416,Women,Distance,2025,1,1,0,1,False,1,0,1,1
2437,Men,Distance,2025,0,1,0,1,False,2,0,2,0
2456,Men,Distance,2025,1,1,0,1,False,2,0,2,1
2463,Men,Distance,2025,1,1,0,1,False,1,0,1,2
2467,Men,Distance,2025,1,1,0,1,False,2,0,2,1
2469,Men,Distance,2025,0,1,0,1,False,2,0,2,0
2470,Men,Distance,2025,1,1,0,1,False,2,0,2,1
2473,Men,Distance,2025,1,1,0,1,False,1,0,1,1
2474,Men,Distance,2025,1,1,0,1,False,2,0,2,1
2492,Men,Distance,2025,2,2,0,2,False,4,0,4,2
2497,Men,Distance,2025,0,1,0,1,False,1,0,1,0
2500,Women,Distance,2025,0,1,0,1,False,1,0,1,0
2527,Women,Distance,2025,1,1,0,1,False,1,0,1,1
2534,Women,Distance,2025,2,2,0,2,False,3,0,3,2
2540,Men,Distance,2025,0,2,0,2,False,2,0,2,0
2555,Men,Distance,2025,0,0,1,1,True,0,2,2,0
2559,Men,Distance,2025,0,1,0,1,False,1,0,1,0
2559,Men,Hurdles,2025,0,1,0,1,False,2,0,2,0
2559,Men,Jumps,2025,0,1,0,1,False,2,0,2,0
2559,Men,Sprints,2025,0,1,0,1,False,3,0,3,0
2559,Men,Throws,2025,0,1,0,1,False,2,0,2,0
2560,Men,Distance,2025,3,1,0,1,False,1,0,1,3
2560,Men,Throws,2025,0,1,0,1,False,2,0,2,0
2561,Men,Distance,2025,0,1,0,1,False,1,0,1,0
2563,Men,Distance,2025,0,1,0,1,False,1,0,1,0
2565,Men,Distance,2025,1,2,0,2,False,2,0,2,2
2565,Men,Sprints,2025,0,2,0,2,False,4,0,4,0
2583,Men,Distance,2025,0,1,0,1,False,1,0,1,0
2583,Men,Hurdles,2025,0,1,0,1,False,2,0,2,0
2583,Men,Jumps,2025,0,1,0,1,False,3,0,3,0
2583,Men,Sprints,2025,0,1,0,1,False,3,0,3,0
2583,Men,Throws,2025,0,1,0,1,False,2,0,2,0
2584,Men,Distance,2025,3,1,0,1,False,2,0,2,3
2586,Men,Distance,2025,0,1,0,1,False,1,0,1,0
2590,Men,Sprints,2025,0,1,0,1,False,1,0,1,0
2596,Men,Distance,2025,0,1,0,1,False,1,0,1,0
2598,Men,Distance,2025,0,1,0,1,False,1,0,1,0
2604,Men,Throws,2025,0,1,0,1,False,2,0,2,0
2608,Men,Distance,2025,1,2,0,2,False,3,0,3,1
2616,Men,Sprints,2025,1,1,0,1,False,1,0,1,1
2626,Men,Sprints,2025,0,1,0,1,False,1,0,1,0
2627,Men,Distance,2025,0,1,0,1,False,1,0,1,0
2645,Men,Distance,2025,0,1,0,1,False,1,0,1,0
2654,Men,Distance,2025,0,1,0,1,False,1,0,1,0
2665,Women,Distance,2025,0,1,0,1,False,1,0,1,0
2703,Women,Distance,2025,1,1,0,1,False,1,0,1,1
2719,Women,Jumps,2025,0,1,0,1,False,1,0,1,0
2719,Women,Throws,2025,0,1,0,1,False,1,0,1,0
2731,Men,Distance,2025,0,1,0,1,False,1,0,1,0
2749,Men,Distance,2025,2,1,0,1,False,1,0,1,2
2751,Men,Distance,2025,0,1,0,1,False,1,0,1,0
2855,Men,Distance,2025,2,1,0,1,False,1,0,1,3
2867,Men,Distance,2025,0,1,0,1,False,1,0,1,0
2867,Men,Hurdles,2025,0,1,0,1,False,1,0,1,0
2874,Men,Distance,2025,2,1,0,1,False,1,0,1,2
2896,Men,Distance,2025,1,1,0,1,False,1,0,1,1
2897,Men,Distance,2025,0,1,0,1,False,1,0,1,0
2897,Men,Hurdles,2025,0,1,0,1,False,1,0,1,0
2899,Men,Distance,2025,1,1,0,1,False,2,0,2,1
2900,Men,Distance,2025,1,1,0,1,False,2,0,2,1
2924,Women,Distance,2025,0,2,0,2,False,3,0,3,0
2924,Women,Hurdles,2025,0,1,0,1,False,1,0,1,0
2925,Women,Distance,2025,0,0,1,1,True,0,1,1,0
2926,Women,Distance,2025,0,1,0,1,False,1,0,1,0
2929,Women,Distance,2025,0,1,0,1,False,1,0,1,0
2931,Women,Distance,2025,0,1,0,1,False,1,0,1,0
2934,Women,Distance,2025,0,1,0,1,False,1,0,1,0
2940,Women,Distance,2025,0,1,0,1,False,1,0,1,0
2945,Men,Distance,2025,0,3,3,6,True,3,3,6,0
2946,Men,Distance,2025,0,2,1,3,True,2,1,3,0
2949,Men,Distance,2025,0,1,0,1,False,1,0,1,0
2950,Men,Distance,2025,0,2,0,2,False,3,0,3,0
2952,Men,Distance,2025,0,1,0,1,False,2,0,2,0
2953,Men,Distance,2025,0,3,0,3,False,3,0,3,0
2959,Men,Distance,2025,0,3,2,5,True,4,3,7,0
2965,Men,Distance,2025,0,3,2,5,True,3,2,5,0
2967,Men,Distance,2025,0,2,0,2,False,3,0,3,0
2970,Men,Distance,2025,0,1,0,1,False,1,0,1,0
3000,Women,Distance,2025,0,2,0,2,False,3,0,3,0
3003,Women,Distance,2025,1,1,0,1,False,1,0,1,1
3011,Men,Distance,2025,0,2,0,2,False,4,0,4,0
3012,Men,Distance,2025,0,2,1,3,True,2,2,4,0
3012,Men,Sprints,2025,0,0,1,1,True,0,2,2,0
3021,Men,Sprints,2025,0,2,0,2,False,5,0,5,0
3100,Women,Distance,2025,0,1,0,1,False,1,0,1,0
3100,Women,Sprints,2025,0,1,0,1,False,1,0,1,0
3109,Women,Distance,2025,0,1,0,1,False,1,0,1,0
3109,Women,Sprints,2025,1,1,0,1,False,1,0,1,1
3133,Men,Distance,2025,0,1,0,1,False,1,0,1,0
3158,Men,Sprints,2025,2,1,0,1,False,2,0,2,2
3169,Men,Distance,2025,2,1,0,1,False,1,0,1,3
3184,Women,Distance,2025,2,0,1,1,True,0,1,1,5
3193,Women,Sprints,2025,1,1,0,1,False,2,0,2,2
3239,Women,Distance,2025,0,1,0,1,False,1,0,1,0
3240,Women,Distance,2025,0,3,0,3,False,5,0,5,0
3250,Women,Distance,2025,0,3,0,3,False,4,0,4,0
3250,Women,Sprints,2025,0,2,0,2,False,2,0,2,0
3256,Women,Distance,2025,0,1,0,1,False,1,0,1,0
3263,Men,Distance,2025,0,0,1,1,True,0,1,1,0
3265,Men,Distance,2025,0,2,0,2,False,3,0,3,0
3267,Men,Distance,2025,0,0,1,1,True,0,1,1,0
3268,Men,Distance,2025,0,1,0,1,False,2,0,2,0
3269,Men,Distance,2025,0,0,2,2,True,0,2,2,0
3277,Men,Distance,2025,0,1,0,1,False,1,0,1,0
3279,Men,Sprints,2025,0,1,0,1,False,1,0,1,0
3285,Men,Distance,2025,0,2,0,2,False,3,0,3,0
3296,Men,Distance,2025,0,0,2,2,True,0,2,2,0
3360,Women,Distance,2025,1,1,0,1,False,1,0,1,1
3368,Women,Distance,2025,1,1,0,1,False,2,0,2,1
3369,Women,Distance,2025,1,1,0,1,False,1,0,1,1
3371,Women,Distance,2025,0,1,0,1,False,1,0,1,0
3379,Women,Distance,2025,1,2,0,2,False,2,0,2,1
3386,Men,Distance,2025,1,2,0,2,False,3,0,3,1
3393,Men,Distance,2025,1,1,0,1,False,1,0,1,1
3434,Men,Distance,2025,0,1,0,1,False,1,0,1,0
3437,Men,Distance,2025,0,2,0,2,False,2,0,2,0
3460,Women,Distance,2025,0,2,0,2,False,2,0,2,0
3477,Men,Distance,2025,1,1,0,1,False,1,0,1,1
3483,Men,Distance,2025,0,1,0,1,False,1,0,1,0
3522,Men,Sprints,2025,2,1,0,1,False,2,0,2,3
3525,Women,Sprints,2025,0,1,1,2,True,2,2,4,0
3528,Women,Sprints,2025,0,0,1,1,True,0,1,1,0
3532,Women,Sprints,2025,4,1,1,2,True,1,1,2,6
3540,Men,Sprints,2025,2,1,0,1,False,2,0,2,2
3541,Men,Sprints,2025,3,1,0,1,False,3,0,3,3
3549,Men,Sprints,2025,2,1,1,2,True,2,1,3,2
3551,Men,Sprints,2025,1,1,1,2,True,1,1,2,1
3559,Men,Sprints,2025,1,1,1,2,True,1,1,2,1
3566,Women,Hurdles,2025,0,1,0,1,False,1,0,1,0
3566,Women,Jumps,2025,2,1,0,1,False,1,0,1,2
3571,Men,Jumps,2025,1,1,0,1,False,1,0,1,2
3578,Men,Sprints,2025,6,1,0,1,False,1,0,1,6
3581,Women,Sprints,2025,2,2,0,2,False,4,0,4,2
3590,Men,Sprints,2025,1,1,0,1,False,2,0,2,1
3596,Men,Distance,2025,3,1,0,1,False,2,0,2,3
3608,Women,Sprints,2025,0,1,0,1,False,2,0,2,0
3609,Men,Distance,2025,0,1,0,1,False,1,0,1,0
3609,Men,Hurdles,2025,0,2,0,2,False,4,0,4,0
3609,Men,Jumps,2025,0,1,0,1,False,3,0,3,0
3609,Men,Sprints,2025,0,1,0,1,False,3,0,3,0
3609,Men,Throws,2025,0,1,0,1,False,2,0,2,0
3610,Men,Sprints,2025,0,2,0,2,False,4,0,4,0
3613,Men,Distance,2025,1,1,0,1,False,1,0,1,1
3613,Men,Hurdles,2025,0,1,0,1,False,2,0,2,0
3613,Men,Jumps,2025,0,1,0,1,False,1,0,1,0
3613,Men,Sprints,2025,0,1,0,1,False,3,0,3,0
3613,Men,Throws,2025,0,1,0,1,False,2,0,2,0
3615,Men,Distance,2025,3,1,1,2,True,1,1,2,3
3616,Men,Sprints,2025,2,0,1,1,True,0,2,2,2
3649,Women,Sprints,2025,4,1,0,1,False,1,0,1,8
3650,Women,Distance,2025,0,1,0,1,False,1,0,1,0
3650,Women,Hurdles,2025,0,0,1,1,True,0,1,1,0
3650,Women,Sprints,2025,6,1,1,2,True,2,1,3,11
3652,Women,Hurdles,2025,0,1,0,1,False,2,0,2,0
3653,Women,Sprints,2025,0,1,0,1,False,1,0,1,0
3654,Women,Distance,2025,3,1,1,2,True,1,1,2,3
3654,Women,Sprints,2025,0,1,0,1,False,1,0,1,0
3655,Women,Jumps,2025,4,1,0,1,False,1,0,1,4
3655,Women,Sprints,2025,1,1,0,1,False,1,0,1,1
3655,Women,Throws,2025,0,0,1,1,True,0,1,1,0
3657,Women,Jumps,2025,5,1,0,1,False,2,0,2,8
3657,Women,Sprints,2025,0,1,0,1,False,1,0,1,0
3657,Women,Throws,2025,0,0,1,1,True,0,1,1,0
3658,Women,Sprints,2025,1,1,0,1,False,1,0,1,1
3664,Women,Jumps,2025,1,1,0,1,False,2,0,2,2
3667,Women,Throws,2025,1,1,0,1,False,1,0,1,1
3668,Women,Throws,2025,2,2,1,3,True,3,2,5,2
3678,Men,Jumps,2025,0,1,0,1,False,1,0,1,0
3678,Men,Sprints,2025,0,1,0,1,False,1,0,1,0
3680,Men,Sprints,2025,1,1,0,1,False,2,0,2,1
3682,Men,Sprints,2025,1,1,0,1,False,2,0,2,1
3686,Men,Distance,2025,4,1,0,1,False,1,0,1,4
3687,Men,Distance,2025,5,2,1,3,True,2,1,3,6
3689,Men,Sprints,2025,0,2,1,3,True,2,1,3,0
3690,Men,Sprints,2025,1,1,0,1,False,1,0,1,1
3691,Men,Sprints,2025,3,2,0,2,False,4,0,4,4
3692,Men,Throws,2025,5,1,1,2,True,1,2,3,5
3694,Men,Hurdles,2025,0,0,1,1,True,0,1,1,0
3694,Men,Jumps,2025,5,2,1,3,True,3,1,4,11
3695,Men,Sprints,2025,0,1,0,1,False,1,0,1,0
3696,Men,Sprints,2025,3,1,0,1,False,2,0,2,5
3697,Men,Throws,2025,5,2,1,3,True,3,1,4,5
3698,Men,Sprints,2025,2,2,0,2,False,3,0,3,2
3699,Men,Distance,2025,2,2,0,2,False,2,0,2,2
3701,Men,Sprints,2025,4,2,1,3,True,3,2,5,4
3704,Men,Throws,2025,1,1,0,1,False,1,0,1,1
3706,Men,Throws,2025,3,2,1,3,True,4,2,6,3
3708,Men,Hurdles,2025,0,0,1,1,True,0,1,1,0
3708,Men,Sprints,2025,5,2,1,3,True,2,1,3,5
3709,Men,Hurdles,2025,0,1,1,2,True,1,1,2,0
3709,Men,Sprints,2025,4,2,1,3,True,3,1,4,6
3710,Men,Hurdles,2025,0,0,1,1,True,0,1,1,0
3710,Men,Jumps,2025,4,2,1,3,True,3,2,5,8
3710,Men,Sprints,2025,0,1,1,2,True,1,1,2,0
3713,Men,Distance,2025,4,1,0,1,False,1,0,1,8
3716,Women,Sprints,2025,1,1,0,1,False,2,0,2,2
3718,Women,Jumps,2025,4,1,1,2,True,2,3,5,9
3718,Women,Sprints,2025,0,0,1,1,True,0,1,1,0
3719,Men,Sprints,2025,5,2,1,3,True,3,2,5,5
3720,Men,Sprints,2025,2,1,0,1,False,2,0,2,2
3724,Men,Sprints,2025,0,1,0,1,False,1,0,1,0
3725,Men,Distance,2025,1,1,0,1,False,1,0,1,1
3725,Men,Hurdles,2025,0,0,1,1,True,0,1,1,0
3725,Men,Sprints,2025,2,0,1,1,True,0,1,1,2
3725,Men,Throws,2025,1,1,1,2,True,1,1,2,1
3728,Men,Distance,2025,0,0,1,1,True,0,1,1,0
3728,Men,Hurdles,2025,0,0,1,1,True,0,1,1,0
3728,Men,Sprints,2025,3,2,0,2,False,4,0,4,4
3729,Men,Distance,2025,0,1,0,1,False,1,0,1,0
3729,Men,Sprints,2025,1,1,0,1,False,1,0,1,1
3733,Men,Hurdles,2025,0,1,0,1,False,1,0,1,0
3733,Men,Sprints,2025,2,0,1,1,True,0,2,2,2
3735,Men,Hurdles,2025,0,1,1,2,True,1,1,2,0
3735,Men,Jumps,2025,0,0,1,1,True,0,1,1,0
3735,Men,Throws,2025,1,1,1,2,True,2,1,3,1
3741,Men,Distance,2025,0,1,0,1,False,1,0,1,0
3790,Men,Distance,2025,2,1,0,1,False,1,0,1,2
3794,Women,Throws,2025,3,1,0,1,False,2,0,2,3
3796,Women,Hurdles,2025,0,1,0,1,False,1,0,1,0
3796,Women,Sprints,2025,4,1,0,1,False,2,0,2,7
3801,Men,Hurdles,2025,0,1,0,1,False,1,0,1,0
3804,Men,Distance,2025,3,1,0,1,False,2,0,2,3
3816,Women,Sprints,2025,1,1,0,1,False,2,0,2,1
3817,Women,Sprints,2025,3,1,0,1,False,2,0,2,5
3825,Women,Hurdles,2025,0,1,0,1,False,1,0,1,0
3825,Women,Jumps,2025,2,1,0,1,False,1,0,1,2
3825,Women,Sprints,2025,0,1,0,1,False,1,0,1,0
3832,Men,Distance,2025,3,1,0,1,False,1,0,1,3
3838,Men,Sprints,2025,3,1,0,1,False,2,0,2,6
3843,Men,Sprints,2025,1,1,0,1,False,2,0,2,1
3845,Men,Hurdles,2025,0,1,0,1,False,1,0,1,0
3845,Men,Jumps,2025,2,1,0,1,False,1,0,1,2
3846,Men,Sprints,2025,4,1,0,1,False,1,0,1,5
3848,Women,Hurdles,2025,0,0,1,1,True,0,1,1,0
3848,Women,Sprints,2025,3,1,0,1,False,1,0,1,4
3851,Men,Sprints,2025,2,1,1,2,True,1,1,2,2
3854,Men,Sprints,2025,1,1,0,1,False,2,0,2,1
3934,Women,Sprints,2025,2,1,0,1,False,2,0,2,2
3939,Women,Jumps,2025,3,1,0,1,False,1,0,1,5
3975,Women,Hurdles,2025,0,1,0,1,False,2,0,2,0
4017,Women,Sprints,2025,0,0,1,1,True,0,2,2,0
4019,Women,Jumps,2025,3,0,1,1,True,0,1,1,3
4019,Women,Sprints,2025,0,0,1,1,True,0,1,1,0
4020,Women,Sprints,2025,1,0,1,1,True,0,2,2,1
4023,Women,Hurdles,2025,0,0,2,2,True,0,4,4,0
4023,Women,Sprints,2025,2,0,1,1,True,0,2,2,3
4025,Women,Distance,2025,0,0,1,1,True,0,1,1,0
4031,Women,Jumps,2025,2,0,1,1,True,0,2,2,3
4032,Women,Jumps,2025,2,0,1,1,True,0,1,1,3
4033,Men,Jumps,2025,1,0,1,1,True,0,1,1,2
4035,Men,Throws,2025,1,0,2,2,True,0,2,2,1
4036,Men,Sprints,2025,2,0,1,1,True,0,1,1,4
4037,Men,Distance,2025,3,0,1,1,True,0,1,1,3
4056,Men,Distance,2025,0,1,0,1,False,1,0,1,0
4056,Men,Sprints,2025,0,1,0,1,False,2,0,2,0
4064,Men,Sprints,2025,0,1,0,1,False,1,0,1,0
4065,Men,Distance,2025,0,1,0,1,False,1,0,1,0
4065,Men,Sprints,2025,0,1,0,1,False,1,0,1,0
4073,Men,Sprints,2025,3,1,2,3,True,2,3,5,3
4105,Women,Sprints,2025,2,1,0,1,False,1,0,1,3
4111,Men,Sprints,2025,1,1,0,1,False,2,0,2,1
4143,Men,Jumps,2025,3,1,0,1,False,1,0,1,3
4144,Men,Distance,2025,5,1,0,1,False,1,0,1,5
4147,Men,Sprints,2025,1,1,0,1,False,1,0,1,1
4148,Men,Hurdles,2025,0,0,1,1,True,0,1,1,0
4148,Men,Sprints,2025,1,1,1,2,True,1,2,3,1
4148,Men,Throws,2025,3,1,0,1,False,1,0,1,3
4149,Men,Sprints,2025,2,2,0,2,False,3,0,3,2
4150,Men,Sprints,2025,0,1,1,2,True,1,1,2,0
4151,Women,Hurdles,2025,0,2,0,2,False,3,0,3,0
4151,Women,Jumps,2025,0,1,0,1,False,1,0,1,0
4151,Women,Throws,2025,0,1,0,1,False,2,0,2,0
4194,Men,Distance,2025,0,0,1,1,True,0,1,1,0
4234,Women,Distance,2025,1,1,0,1,False,2,0,2,2
4246,Women,Distance,2025,0,1,0,1,False,1,0,1,0
4246,Women,Jumps,2025,1,1,0,1,False,1,0,1,1
4257,Women,Sprints,2025,2,2,0,2,False,4,0,4,3
4259,Women,Jumps,2025,0,1,0,1,False,3,0,3,0
4260,Women,Jumps,2025,2,1,0,1,False,2,0,2,2
4260,Women,Sprints,2025,0,1,0,1,False,1,0,1,0
4266,Women,Sprints,2025,2,1,0,1,False,1,0,1,2
4267,Women,Sprints,2025,0,1,0,1,False,1,0,1,0
4270,Women,Sprints,2025,1,1,0,1,False,2,0,2,1
4285,Women,Distance,2025,1,1,0,1,False,1,0,1,1
4285,Women,Sprints,2025,1,1,0,1,False,1,0,1,1
4303,Men,Distance,2025,0,1,0,1,False,2,0,2,0
4303,Men,Sprints,2025,0,1,0,1,False,1,0,1,0
4304,Men,Hurdles,2025,0,2,0,2,False,2,0,2,0
4304,Men,Sprints,2025,1,1,0,1,False,1,0,1,1
4332,Men,Distance,2025,0,1,0,1,False,1,0,1,0
4337,Men,Sprints,2025,0,1,0,1,False,1,0,1,0
4344,Men,Sprints,2025,1,1,0,1,False,1,0,1,1
4346,Men,Sprints,2025,0,1,0,1,False,1,0,1,0
4347,Men,Sprints,2025,1,1,0,1,False,1,0,1,1
4348,Men,Sprints,2025,0,1,0,1,False,1,0,1,0
4349,Men,Throws,2025,1,1,0,1,False,1,0,1,1
4364,Men,Jumps,2025,0,1,0,1,False,1,0,1,0
4364,Men,Sprints,2025,0,1,0,1,False,1,0,1,0
4379,Men,Jumps,2025,1,1,1,2,True,2,1,3,2
4379,Men,Sprints,2025,0,0,1,1,True,0,1,1,0
4380,Men,Hurdles,2025,0,0,1,1,True,0,1,1,0
4380,Men,Sprints,2025,3,2,1,3,True,4,1,5,5
4386,Men,Sprints,2025,5,2,1,3,True,3,2,5,6
4387,Men,Sprints,2025,1,2,0,2,False,4,0,4,1
4392,Men,Hurdles,2025,0,1,0,1,False,1,0,1,0
4393,Men,Sprints,2025,2,1,0,1,False,2,0,2,2
4397,Men,Distance,2025,1,1,0,1,False,1,0,1,1
4432,Men,Distance,2025,0,1,0,1,False,1,0,1,0
4433,Men,Distance,2025,1,1,0,1,False,1,0,1,1
4440,Men,Hurdles,2025,0,1,0,1,False,3,0,3,0
4440,Men,Sprints,2025,1,2,0,2,False,3,0,3,1
4457,Men,Hurdles,2025,0,1,0,1,False,2,0,2,0
4457,Men,Sprints,2025,0,1,0,1,False,1,0,1,0
4461,Men,Hurdles,2025,0,1,0,1,False,2,0,2,0
4461,Men,Sprints,2025,2,1,0,1,False,1,0,1,2
4469,Women,Sprints,2025,0,1,0,1,False,2,0,2,0
4471,Women,Sprints,2025,0,1,0,1,False,2,0,2,0
4473,Men,Sprints,2025,0,1,0,1,False,2,0,2,0
4475,Men,Sprints,2025,1,1,0,1,False,2,0,2,1
4476,Men,Sprints,2025,1,0,1,1,True,0,1,1,2
4477,Men,Sprints,2025,1,1,0,1,False,1,0,1,1
4480,Men,Sprints,2025,1,0,1,1,True,0,1,1,2
4485,Men,Sprints,2025,4,1,1,2,True,1,1,2,5
4487,Men,Sprints,2025,0,1,0,1,False,1,0,1,0
4488,Men,Distance,2025,0,0,1,1,True,0,1,1,0
4529,Women,Hurdles,2025,0,1,0,1,False,1,0,1,0
4549,Women,Distance,2025,0,1,1,2,True,2,1,3,0
4549,Women,Sprints,2025,0,1,0,1,False,3,0,3,0
4550,Women,Distance,2025,0,1,1,2,True,2,2,4,0
4550,Women,Sprints,2025,0,1,0,1,False,3,0,3,0
4551,Women,Distance,2025,0,0,1,1,True,0,2,2,0
4552,Women,Distance,2025,0,1,0,1,False,1,0,1,0
4552,Women,Hurdles,2025,0,1,0,1,False,2,0,2,0
4552,Women,Jumps,2025,0,1,0,1,False,3,0,3,0
4552,Women,Sprints,2025,0,1,0,1,False,3,0,3,0
4552,Women,Throws,2025,0,1,0,1,False,2,0,2,0
4555,Women,Distance,2025,0,1,0,1,False,1,0,1,0
4573,Men,Distance,2025,0,3,0,3,False,3,0,3,0
4581,Men,Distance,2025,0,2,0,2,False,2,0,2,0
4581,Men,Sprints,2025,0,1,0,1,False,1,0,1,0
4585,Men,Distance,2025,0,1,0,1,False,1,0,1,0
4589,Men,Sprints,2025,0,1,0,1,False,2,0,2,0
4603,Men,Distance,2025,2,1,0,1,False,1,0,1,2
4611,Women,Jumps,2025,2,0,1,1,True,0,1,1,2
4611,Women,Sprints,2025,1,0,1,1,True,0,1,1,1
4617,Women,Jumps,2025,2,0,1,1,True,0,1,1,3
4626,Men,Distance,2025,0,0,1,1,True,0,1,1,0
4626,Men,Sprints,2025,3,0,1,1,True,0,1,1,3
4628,Men,Distance,2025,0,0,2,2,True,0,2,2,0
4630,Women,Distance,2025,0,0,1,1,True,0,1,1,0
4631,Women,Distance,2025,0,2,0,2,False,3,0,3,0
4634,Men,Distance,2025,0,2,0,2,False,2,0,2,0
4637,Men,Distance,2025,0,2,1,3,True,2,1,3,0
4640,Men,Distance,2025,0,0,1,1,True,0,1,1,0
4645,Women,Sprints,2025,3,0,1,1,True,0,2,2,3
4647,Men,Sprints,2025,3,0,1,1,True,0,3,3,3
4655,Women,Distance,2025,2,1,0,1,False,1,0,1,2
4665,Women,Distance,2025,2,1,0,1,False,2,0,2,4
4726,Men,Distance,2025,1,1,0,1,False,2,0,2,2
4726,Men,Hurdles,2025,0,1,0,1,False,1,0,1,0
4727,Men,Sprints,2025,1,1,0,1,False,2,0,2,1
4728,Men,Distance,2025,2,1,0,1,False,1,0,1,2
4763,Women,Distance,2025,0,1,0,1,False,1,0,1,0
4763,Women,Sprints,2025,0,1,0,1,False,1,0,1,0
4802,Women,Throws,2025,3,1,0,1,False,2,0,2,3
4901,Men,Distance,2025,1,1,0,1,False,1,0,1,1
4902,Men,Distance,2025,1,1,0,1,False,1,0,1,1
4910,Men,Distance,2025,5,1,0,1,False,1,0,1,6
4944,Men,Sprints,2025,3,0,3,3,True,0,8,8,3
4960,Women,Distance,2025,2,0,1,1,True,0,1,1,3
4966,Women,Hurdles,2025,0,0,1,1,True,0,1,1,0
4966,Women,Sprints,2025,1,0,1,1,True,0,1,1,1
4981,Women,Sprints,2025,4,1,1,2,True,1,1,2,6
4994,Men,Sprints,2025,2,0,1,1,True,0,1,1,2
5010,Men,Distance,2025,1,0,1,1,True,0,1,1,2
5010,Men,Sprints,2025,0,0,1,1,True,0,1,1,0
5013,Men,Distance,2025,5,0,1,1,True,0,1,1,5
5022,Men,Sprints,2025,0,1,0,1,False,2,0,2,0
5067,Women,Distance,2025,0,0,1,1,True,0,1,1,0
5130,Men,Distance,2025,2,0,1,1,True,0,1,1,4
5137,Men,Distance,2025,0,2,1,3,True,3,1,4,0
5139,Men,Distance,2025,0,2,0,2,False,2,0,2,0
5139,Men,Sprints,2025,0,1,0,1,False,1,0,1,0
5140,Men,Distance,2025,0,1,0,1,False,1,0,1,0
5140,Men,Sprints,2025,0,2,0,2,False,2,0,2,0
5143,Women,Distance,2025,0,1,0,1,False,1,0,1,0
5144,Women,Distance,2025,0,1,0,1,False,2,0,2,0
5147,Men,Distance,2025,0,1,0,1,False,1,0,1,0
5155,Men,Distance,2025,0,1,0,1,False,1,0,1,0
5165,Men,Sprints,2025,0,1,0,1,False,1,0,1,0
5171,Men,Distance,2025,0,1,0,1,False,1,0,1,0
5173,Men,Distance,2025,0,3,2,5,True,3,2,5,0
5178,Women,Sprints,2025,0,1,0,1,False,1,0,1,0
5179,Women,Sprints,2025,0,1,0,1,False,1,0,1,0
5180,Women,Distance,2025,0,1,0,1,False,1,0,1,0
5180,Women,Jumps,2025,0,1,0,1,False,1,0,1,0
5188,Women,Sprints,2025,0,1,0,1,False,2,0,2,0
5196,Women,Jumps,2025,1,2,0,2,False,3,0,3,1
5197,Women,Throws,2025,0,2,0,2,False,4,0,4,0
5198,Women,Hurdles,2025,0,2,0,2,False,2,0,2,0
5198,Women,Sprints,2025,0,2,0,2,False,2,0,2,0
5200,Women,Jumps,2025,1,2,0,2,False,3,0,3,1
5200,Women,Sprints,2025,0,1,0,1,False,1,0,1,0
5203,Women,Distance,2025,0,2,0,2,False,2,0,2,0
5207,Women,Jumps,2025,0,2,0,2,False,4,0,4,0
5208,Women,Jumps,2025,0,1,0,1,False,1,0,1,0
5208,Women,Sprints,2025,0,2,0,2,False,2,0,2,0
5209,Women,Throws,2025,0,1,0,1,False,1,0,1,0
5211,Women,Throws,2025,0,2,0,2,False,3,0,3,0
5215,Men,Sprints,2025,0,1,0,1,False,1,0,1,0
5218,Men,Sprints,2025,0,2,0,2,False,4,0,4,0
5219,Men,Throws,2025,0,1,0,1,False,2,0,2,0
5220,Men,Distance,2025,1,1,0,1,False,1,0,1,1
5220,Men,Hurdles,2025,0,1,0,1,False,1,0,1,0
5221,Men,Sprints,2025,0,1,0,1,False,2,0,2,0
5228,Men,Throws,2025,3,2,0,2,False,3,0,3,3
5229,Men,Throws,2025,2,2,0,2,False,4,0,4,2
5230,Men,Distance,2025,0,1,0,1,False,2,0,2,0
5231,Men,Jumps,2025,1,2,0,2,False,2,0,2,1
5233,Men,Hurdles,2025,0,2,0,2,False,5,0,5,0
5234,Men,Sprints,2025,0,2,0,2,False,5,0,5,0
5239,Men,Hurdles,2025,0,2,0,2,False,4,0,4,0
5240,Men,Sprints,2025,0,1,0,1,False,1,0,1,0
5242,Men,Throws,2025,2,2,0,2,False,4,0,4,2
5246,Men,Sprints,2025,1,2,0,2,False,5,0,5,1
5247,Men,Throws,2025,0,2,0,2,False,4,0,4,0
5248,Men,Distance,2025,0,1,0,1,False,1,0,1,0
5249,Men,Throws,2025,2,2,0,2,False,4,0,4,2
5250,Men,Jumps,2025,2,2,0,2,False,4,0,4,4
5250,Men,Sprints,2025,1,1,0,1,False,2,0,2,1
5252,Men,Hurdles,2025,0,2,0,2,False,4,0,4,0
5257,Men,Sprints,2025,0,1,0,1,False,1,0,1,0
5259,Men,Sprints,2025,0,1,0,1,False,2,0,2,0
5271,Men,Distance,2025,1,1,0,1,False,1,0,1,1
5275,Men,Throws,2025,4,2,1,3,True,4,2,6,4
5289,Men,Distance,2025,0,2,0,2,False,2,0,2,0
5297,Men,Distance,2025,0,2,0,2,False,2,0,2,0
5298,Women,Distance,2025,0,1,0,1,False,1,0,1,0
5301,Women,Sprints,2025,1,1,0,1,False,2,0,2,1
5302,Women,Throws,2025,0,1,0,1,False,1,0,1,0
5309,Men,Jumps,2025,0,1,0,1,False,1,0,1,0
5309,Men,Sprints,2025,0,1,0,1,False,1,0,1,0
5314,Men,Distance,2025,0,1,0,1,False,1,0,1,0
5346,Women,Throws,2025,2,1,0,1,False,2,0,2,2
5347,Women,Distance,2025,0,1,0,1,False,1,0,1,0
5352,Women,Sprints,2025,0,1,0,1,False,1,0,1,0
5355,Women,Sprints,2025,0,1,0,1,False,1,0,1,0
5358,Men,Distance,2025,0,1,0,1,False,2,0,2,0
5358,Men,Sprints,2025,0,1,0,1,False,3,0,3,0
5491,Women,Sprints,2025,0,1,0,1,False,2,0,2,0
5500,Men,Distance,2025,1,1,0,1,False,1,0,1,1
5510,Women,Jumps,2025,0,1,0,1,False,1,0,1,0
5510,Women,Sprints,2025,0,1,0,1,False,1,0,1,0
5550,Men,Sprints,2025,1,1,0,1,False,1,0,1,1
5568,Men,Distance,2025,0,1,0,1,False,1,0,1,0
5571,Men,Distance,2025,0,2,0,2,False,2,0,2,0
5626,Women,Distance,2025,3,1,0,1,False,1,0,1,4
5626,Women,Sprints,2025,0,1,0,1,False,1,0,1,0
5633,Men,Sprints,2025,0,0,1,1,True,0,2,2,0
5646,Men,Sprints,2025,2,1,0,1,False,2,0,2,2
5679,Women,Sprints,2025,0,1,0,1,False,1,0,1,0
5697,Men,Sprints,2025,0,2,0,2,False,2,0,2,0
5698,Men,Sprints,2025,0,2,0,2,False,2,0,2,0
5711,Men,Sprints,2025,0,1,0,1,False,1,0,1,0
5736,Men,Distance,2025,0,1,0,1,False,1,0,1,0
5752,Women,Hurdles,2025,0,2,0,2,False,4,0,4,0
5761,Men,Sprints,2025,0,1,1,2,True,2,3,5,0
5787,Men,Distance,2025,0,1,2,3,True,1,2,3,0
5788,Men,Distance,2025,0,2,1,3,True,2,1,3,0
5791,Men,Sprints,2025,0,1,0,1,False,1,0,1,0
5825,Men,Distance,2025,0,1,0,1,False,2,0,2,0
5828,Men,Distance,2025,0,1,0,1,False,1,0,1,0
5874,Men,Sprints,2025,0,1,0,1,False,2,0,2,0
6062,Women,Jumps,2025,0,1,0,1,False,1,0,1,0
6344,Men,Distance,2025,0,3,1,4,True,5,1,6,0
6370,Men,Distance,2025,0,1,0,1,False,1,0,1,0
6824,Men,Distance,2025,0,1,0,1,False,1,0,1,0
7368,Men,Hurdles,2025,0,0,1,1,True,0,1,1,0
7639,Men,Sprints,2025,1,1,0,1,False,1,0,1,1
7694,Men,Distance,2025,0,1,0,1,False,1,0,1,0
7696,Men,Distance,2025,0,1,0,1,False,1,0,1,0
7696,Men,Sprints,2025,0,1,0,1,False,1,0,1,0
7697,Men,Distance,2025,1,1,0,1,False,1,0,1,1
7711,Women,Distance,2025,1,1,0,1,False,1,0,1,1
7717,Men,Distance,2025,0,1,2,3,True,1,2,3,0
7719,Men,Distance,2025,0,2,2,4,True,2,2,4,0
7720,Men,Distance,2025,0,1,1,2,True,1,1,2,0
7722,Men,Distance,2025,0,1,0,1,False,1,0,1,0
7724,Men,Distance,2025,0,1,0,1,False,1,0,1,0
7725,Men,Distance,2025,0,1,0,1,False,1,0,1,0
7738,Men,Distance,2025,0,1,0,1,False,1,0,1,0
7738,Men,Jumps,2025,0,1,0,1,False,1,0,1,0
7741,Men,Distance,2025,0,1,0,1,False,1,0,1,0
7741,Men,Sprints,2025,0,1,0,1,False,1,0,1,0
7743,Men,Sprints,2025,0,1,0,1,False,1,0,1,0
7753,Women,Distance,2025,0,1,0,1,False,1,0,1,0
7945,Women,Throws,2025,0,1,0,1,False,1,0,1,0
7950,Men,Distance,2025,1,1,0,1,False,2,0,2,1
7953,Men,Distance,2025,0,1,0,1,False,1,0,1,0
7954,Men,Distance,2025,1,2,0,2,False,2,0,2,1
7954,Men,Hurdles,2025,0,1,0,1,False,1,0,1,0
7962,Men,Distance,2025,1,1,0,1,False,1,0,1,1
7964,Men,Sprints,2025,1,1,0,1,False,2,0,2,1
7965,Men,Distance,2025,1,1,0,1,False,2,0,2,1
7971,Women,Distance,2025,0,1,0,1,False,1,0,1,0
7978,Men,Distance,2025,1,1,0,1,False,1,0,1,1
7979,Men,Distance,2025,1,1,0,1,False,1,0,1,1
7980,Men,Distance,2025,1,1,0,1,False,1,0,1,1
7982,Men,Distance,2025,4,1,0,1,False,1,0,1,6
7992,Women,Distance,2025,2,1,0,1,False,2,0,2,2
7994,Women,Distance,2025,2,1,0,1,False,1,0,1,2
7995,Men,Distance,2025,0,1,0,1,False,1,0,1,0
7997,Men,Distance,2025,0,1,0,1,False,1,0,1,0
7999,Women,Distance,2025,1,1,0,1,False,1,0,1,1
8004,Men,Distance,2025,0,1,0,1,False,2,0,2,0
8022,Men,Sprints,2025,1,2,0,2,False,3,0,3,2
8038,Men,Distance,2025,2,1,0,1,False,1,0,1,3
8041,Men,Distance,2025,3,1,0,1,False,1,0,1,3
8056,Men,Distance,2025,5,1,0,1,False,2,0,2,8
8059,Men,Distance,2025,6,1,0,1,False,3,0,3,7
8065,Men,Distance,2025,5,1,0,1,False,2,0,2,7
8075,Men,Distance,2025,3,1,0,1,False,1,0,1,4
8075,Men,Hurdles,2025,0,1,0,1,False,1,0,1,0
8095,Men,Distance,2025,6,1,0,1,False,1,0,1,7
8108,Men,Distance,2025,0,1,0,1,False,2,0,2,0
8123,Women,Distance,2025,1,1,0,1,False,1,0,1,2
8146,Men,Distance,2025,4,0,3,3,True,0,3,3,5
8147,Men,Distance,2025,3,0,2,2,True,0,2,2,3
8183,Women,Distance,2025,4,0,1,1,True,0,1,1,6
11307,Men,Distance,2025,2,1,0,1,False,1,0,1,2
11308,Men,Distance,2025,2,1,0,1,False,2,0,2,2
11344,Women,Distance,2025,1,1,0,1,False,1,0,1,2
11357,Men,Distance,2025,2,1,0,1,False,1,0,1,2
11357,Men,Sprints,2025,1,1,0,1,False,1,0,1,1
11364,Women,Distance,2025,2,1,0,1,False,2,0,2,3
11365,Women,Distance,2025,0,1,0,1,False,2,0,2,0
11400,Men,Distance,2025,3,2,0,2,False,2,0,2,3
11417,Men,Distance,2025,2,0,1,1,True,0,1,1,2
11417,Men,Jumps,2025,1,0,1,1,True,0,1,1,1
11432,Women,Distance,2025,0,1,0,1,False,1,0,1,0
11466,Women,Distance,2025,0,1,0,1,False,1,0,1,0
11470,Women,Distance,2025,0,2,1,3,True,2,1,3,0
11474,Women,Hurdles,2025,0,1,0,1,False,1,0,1,0
11474,Women,Sprints,2025,0,1,0,1,False,1,0,1,0
11492,Men,Distance,2025,0,1,0,1,False,1,0,1,0
11492,Men,Sprints,2025,0,1,0,1,False,1,0,1,0
11494,Men,Sprints,2025,0,1,0,1,False,1,0,1,0
11501,Men,Sprints,2025,0,1,0,1,False,1,0,1,0
11503,Men,Distance,2025,0,1,0,1,False,1,0,1,0
11508,Men,Distance,2025,0,1,0,1,False,1,0,1,0
11516,Men,Distance,2025,0,1,0,1,False,1,0,1,0
11516,Men,Sprints,2025,0,1,0,1,False,1,0,1,0
11517,Men,Jumps,2025,0,1,0,1,False,1,0,1,0
16118,Men,Distance,2025,0,1,0,1,False,1,0,1,0
16119,Men,Distance,2025,0,1,0,1,False,2,0,2,0
16124,Men,Distance,2025,1,1,0,1,False,1,0,1,1
16133,Men,Sprints,2025,0,1,0,1,False,1,0,1,0
16141,Men,Distance,2025,1,1,0,1,False,1,0,1,2
16146,Men,Distance,2025,0,1,0,1,False,1,0,1,0
16147,Men,Distance,2025,0,1,0,1,False,1,0,1,0
16153,Women,Distance,2025,0,1,0,1,False,1,0,1,0
16156,Women,Distance,2025,1,1,0,1,False,1,0,1,1
16157,Women,Distance,2025,0,1,0,1,False,1,0,1,0
16160,Women,Distance,2025,2,1,0,1,False,2,0,2,2
18042,Men,Distance,2025,0,1,0,1,False,3,0,3,0
18273,Men,Distance,2025,0,2,1,3,True,4,1,5,0
18564,Men,Sprints,2025,1,0,1,1,True,0,1,1,1
18565,Men,Distance,2025,2,0,1,1,True,0,2,2,3
18570,Men,Distance,2025,2,0,1,1,True,0,1,1,3
18571,Men,Distance,2025,2,0,1,1,True,0,1,1,3
18572,Men,Distance,2025,0,0,1,1,True,0,1,1,0
18577,Men,Distance,2025,2,0,1,1,True,0,1,1,3
18590,Men,Distance,2025,1,0,1,1,True,0,1,1,1
18604,Women,Distance,2025,0,0,1,1,True,0,1,1,0
18712,Men,Sprints,2025,0,1,0,1,False,1,0,1,0
18726,Women,Distance,2025,2,1,0,1,False,2,0,2,2
18727,Women,Distance,2025,3,1,0,1,False,1,0,1,3
18741,Women,Distance,2025,0,1,0,1,False,1,0,1,0
18741,Women,Sprints,2025,1,1,0,1,False,2,0,2,1
18742,Men,Distance,2025,0,1,0,1,False,1,0,1,0
18745,Men,Distance,2025,0,1,1,2,True,1,1,2,0
18769,Men,Distance,2025,0,1,0,1,False,1,0,1,0
18775,Men,Sprints,2025,0,1,0,1,False,2,0,2,0
18777,Women,Distance,2025,1,2,0,2,False,2,0,2,1
18780,Men,Distance,2025,0,2,2,4,True,3,2,5,0
18781,Men,Distance,2025,0,2,2,4,True,2,2,4,0
18783,Men,Distance,2025,1,1,0,1,False,1,0,1,1
18856,Women,Sprints,2025,1,1,0,1,False,2,0,2,1
18878,Men,Distance,2025,4,1,0,1,False,1,0,1,5
18879,Men,Distance,2025,3,1,0,1,False,1,0,1,3
18879,Men,Sprints,2025,0,0,1,1,True,0,1,1,0
18897,Men,Distance,2025,1,1,0,1,False,1,0,1,1
18901,Men,Distance,2025,3,1,0,1,False,1,0,1,3
18901,Men,Sprints,2025,0,0,1,1,True,0,1,1,0
18919,Men,Distance,2025,0,2,0,2,False,3,0,3,0
18922,Women,Distance,2025,2,2,0,2,False,3,0,3,3
18922,Women,Hurdles,2025,0,1,0,1,False,1,0,1,0
18925,Women,Distance,2025,0,1,0,1,False,1,0,1,0
18930,Women,Distance,2025,0,1,0,1,False,1,0,1,0
18931,Women,Distance,2025,0,1,0,1,False,2,0,2,0
18935,Women,Distance,2025,1,1,0,1,False,1,0,1,1
18935,Women,Hurdles,2025,0,1,0,1,False,1,0,1,0
18939,Women,Distance,2025,0,1,0,1,False,2,0,2,0
18961,Men,Distance,2025,0,2,0,2,False,2,0,2,0
18964,Men,Distance,2025,1,1,0,1,False,1,0,1,1
18966,Men,Distance,2025,0,1,0,1,False,1,0,1,0
18969,Men,Distance,2025,0,1,0,1,False,1,0,1,0
18971,Men,Distance,2025,3,1,0,1,False,2,0,2,3
18971,Men,Hurdles,2025,0,1,0,1,False,1,0,1,0
18975,Men,Distance,2025,0,1,0,1,False,1,0,1,0
18975,Men,Hurdles,2025,0,1,0,1,False,2,0,2,0
18975,Men,Jumps,2025,0,1,0,1,False,2,0,2,0
18975,Men,Sprints,2025,0,1,0,1,False,3,0,3,0
18975,Men,Throws,2025,0,1,0,1,False,2,0,2,0
18977,Men,Distance,2025,2,2,0,2,False,4,0,4,2
18977,Men,Sprints,2025,0,2,0,2,False,3,0,3,0
18979,Men,Distance,2025,1,1,0,1,False,2,0,2,2
18982,Men,Distance,2025,0,3,0,3,False,3,0,3,0
18986,Men,Distance,2025,0,1,0,1,False,1,0,1,0
18989,Men,Distance,2025,0,1,0,1,False,1,0,1,0
19002,Men,Distance,2025,0,2,0,2,False,2,0,2,0
19006,Men,Distance,2025,0,2,0,2,False,4,0,4,0
19007,Men,Distance,2025,2,1,0,1,False,3,0,3,3
19007,Men,Hurdles,2025,0,1,0,1,False,2,0,2,0
19007,Men,Sprints,2025,1,1,0,1,False,3,0,3,1
19009,Men,Sprints,2025,0,1,0,1,False,1,0,1,0
19013,Men,Distance,2025,2,2,0,2,False,4,0,4,2
19019,Women,Distance,2025,0,1,0,1,False,1,0,1,0
19065,Men,Sprints,2025,0,1,0,1,False,1,0,1,0
19104,Men,Sprints,2025,0,1,0,1,False,1,0,1,0
19364,Men,Distance,2025,1,1,0,1,False,1,0,1,1
19366,Women,Distance,2025,0,2,1,3,True,3,1,4,0
19367,Women,Distance,2025,2,2,0,2,False,2,0,2,2
19367,Women,Hurdles,2025,0,1,0,1,False,1,0,1,0
19368,Women,Sprints,2025,2,1,0,1,False,1,0,1,2
19375,Men,Distance,2025,0,1,0,1,False,2,0,2,0
19376,Men,Distance,2025,2,2,0,2,False,3,0,3,2
19377,Men,Distance,2025,0,2,0,2,False,2,0,2,0
19381,Men,Distance,2025,1,2,0,2,False,3,0,3,1
19384,Men,Distance,2025,2,2,0,2,False,3,0,3,2
19385,Men,Distance,2025,1,2,0,2,False,2,0,2,1
19386,Men,Distance,2025,2,1,0,1,False,1,0,1,2
19387,Men,Distance,2025,2,1,0,1,False,2,0,2,2
19396,Men,Distance,2025,3,1,0,1,False,1,0,1,3
19397,Men,Distance,2025,0,1,0,1,False,1,0,1,0
19398,Men,Hurdles,2025,0,1,0,1,False,1,0,1,0
19398,Men,Sprints,2025,2,1,0,1,False,2,0,2,3
19403,Men,Distance,2025,1,1,0,1,False,1,0,1,1
19417,Men,Distance,2025,2,1,0,1,False,2,0,2,3
19446,Women,Distance,2025,3,1,0,1,False,2,0,2,5
19477,Women,Distance,2025,0,1,0,1,False,1,0,1,0
19486,Men,Distance,2025,0,1,0,1,False,1,0,1,0
19490,Women,Distance,2025,0,1,0,1,False,2,0,2,0
19505,Women,Distance,2025,3,0,1,1,True,0,1,1,3
19510,Women,Distance,2025,3,0,1,1,True,0,1,1,3
19559,Men,Distance,2025,3,0,1,1,True,0,1,1,3
19575,Men,Distance,2025,0,2,0,2,False,2,0,2,0
19581,Men,Distance,2025,1,1,0,1,False,1,0,1,1
19595,Women,Distance,2025,4,1,0,1,False,2,0,2,4
19621,Men,Distance,2025,0,1,1,2,True,1,1,2,0
19627,Men,Sprints,2025,1,1,0,1,False,1,0,1,1
19636,Men,Distance,2025,0,0,1,1,True,0,1,1,0
19641,Men,Distance,2025,3,1,1,2,True,1,1,2,5
19643,Men,Distance,2025,1,0,1,1,True,0,1,1,1
19646,Men,Distance,2025,1,0,1,1,True,0,1,1,1
20401,Women,Distance,2025,0,2,0,2,False,2,0,2,0
20409,Women,Distance,2025,0,1,0,1,False,2,0,2,0
20421,Women,Jumps,2025,0,1,0,1,False,2,0,2,0
20435,Men,Distance,2025,0,1,0,1,False,1,0,1,0
20441,Men,Distance,2025,2,1,0,1,False,1,0,1,2
20448,Men,Distance,2025,0,1,0,1,False,1,0,1,0
20452,Men,Distance,2025,0,1,0,1,False,1,0,1,0
20489,Men,Distance,2025,0,2,1,3,True,2,1,3,0
20490,Men,Distance,2025,0,1,0,1,False,1,0,1,0
20492,Men,Distance,2025,0,2,1,3,True,2,1,3,0
20492,Men,Sprints,2025,0,1,0,1,False,1,0,1,0
20493,Men,Distance,2025,0,1,2,3,True,1,2,3,0
20495,Women,Distance,2025,0,2,0,2,False,2,0,2,0
20497,Men,Distance,2025,0,1,0,1,False,1,0,1,0
21471,Men,Distance,2025,3,0,3,3,True,0,3,3,5
21482,Men,Distance,2025,1,1,0,1,False,1,0,1,1
22351,Women,Distance,2025,0,1,0,1,False,1,0,1,0
22356,Women,Distance,2025,3,1,0,1,False,2,0,2,4
22369,Women,Hurdles,2025,0,1,0,1,False,1,0,1,0
22385,Men,Distance,2025,3,1,0,1,False,2,0,2,6
22401,Men,Distance,2025,0,1,0,1,False,1,0,1,0
22515,Men,Distance,2025,0,1,0,1,False,1,0,1,0
22517,Men,Distance,2025,0,2,0,2,False,2,0,2,0
22518,Men,Distance,2025,0,1,0,1,False,1,0,1,0
22519,Men,Distance,2025,0,1,0,1,False,1,0,1,0
22523,Men,Distance,2025,0,1,0,1,False,1,0,1,0
22524,Men,Distance,2025,0,2,0,2,False,3,0,3,0
22527,Men,Distance,2025,0,2,2,4,True,2,2,4,0
22528,Men,Distance,2025,0,1,0,1,False,1,0,1,0
22529,Men,Distance,2025,0,2,1,3,True,2,1,3,0
22530,Men,Distance,2025,0,2,1,3,True,2,1,3,0
22531,Men,Distance,2025,0,1,2,3,True,1,2,3,0
22551,Women,Distance,2025,0,1,0,1,False,1,0,1,0
22552,Women,Distance,2025,0,1,0,1,False,2,0,2,0
22554,Women,Distance,2025,0,1,0,1,False,2,0,2,0
22557,Women,Distance,2025,0,1,0,1,False,1,0,1,0
22558,Women,Distance,2025,0,1,0,1,False,2,0,2,0
22587,Women,Distance,2025,0,1,0,1,False,1,0,1,0
23392,Women,Distance,2025,0,1,0,1,False,1,0,1,0
23394,Women,Distance,2025,0,1,0,1,False,1,0,1,0
23414,Men,Distance,2025,0,1,0,1,False,1,0,1,0
23416,Men,Distance,2025,0,1,0,1,False,1,0,1,0
23420,Men,Distance,2025,0,1,0,1,False,2,0,2,0
23441,Men,Distance,2025,0,1,0,1,False,1,0,1,0
23446,Men,Distance,2025,0,2,1,3,True,3,2,5,0
23447,Men,Distance,2025,0,1,0,1,False,1,0,1,0
23458,Men,Distance,2025,0,1,0,1,False,1,0,1,0
23460,Men,Sprints,2025,0,1,0,1,False,1,0,1,0
23479,Men,Distance,2025,1,1,0,1,False,1,0,1,1
23496,Men,Distance,2025,0,2,0,2,False,4,0,4,0
23526,Women,Distance,2025,0,1,0,1,False,1,0,1,0
23527,Women,Distance,2025,0,1,0,1,False,1,0,1,0
23568,Men,Distance,2025,1,0,1,1,True,0,1,1,1
23571,Men,Distance,2025,0,1,0,1,False,1,0,1,0
23583,Men,Distance,2025,2,0,1,1,True,0,1,1,3
23919,Men,Sprints,2025,1,1,0,1,False,2,0,2,2
23922,Women,Distance,2025,0,1,0,1,False,1,0,1,0
23926,Men,Distance,2025,0,1,0,1,False,1,0,1,0
23927,Men,Distance,2025,0,2,0,2,False,2,0,2,0
23941,Men,Distance,2025,0,1,0,1,False,1,0,1,0
24391,Men,Sprints,2025,2,1,0,1,False,2,0,2,2
24393,Men,Sprints,2025,2,1,0,1,False,2,0,2,2
24397,Men,Sprints,2025,3,1,0,1,False,1,0,1,3
24397,Men,Throws,2025,5,1,0,1,False,2,0,2,5
24398,Men,Sprints,2025,5,1,0,1,False,1,0,1,5
24405,Men,Throws,2025,5,1,0,1,False,2,0,2,5
24406,Men,Throws,2025,6,1,0,1,False,2,0,2,6
24409,Men,Sprints,2025,3,1,0,1,False,1,0,1,5
24410,Women,Sprints,2025,0,1,0,1,False,1,0,1,0
24410,Women,Throws,2025,3,1,0,1,False,1,0,1,3
24411,Women,Jumps,2025,3,1,0,1,False,1,0,1,4
24411,Women,Sprints,2025,2,1,0,1,False,2,0,2,2
24411,Women,Throws,2025,2,1,0,1,False,1,0,1,2
24415,Men,Hurdles,2025,0,1,0,1,False,2,0,2,0
24419,Women,Jumps,2025,1,1,0,1,False,1,0,1,1
24419,Women,Sprints,2025,3,1,0,1,False,2,0,2,4
24423,Men,Hurdles,2025,0,1,0,1,False,1,0,1,0
24423,Men,Jumps,2025,2,1,0,1,False,1,0,1,2
24426,Men,Sprints,2025,1,0,1,1,True,0,2,2,1
24428,Men,Sprints,2025,3,0,1,1,True,0,2,2,3
24431,Women,Sprints,2025,2,0,1,1,True,0,1,1,2
24434,Men,Sprints,2025,1,1,0,1,False,2,0,2,1
24435,Men,Sprints,2025,4,0,1,1,True,0,1,1,4
24437,Men,Sprints,2025,2,1,1,2,True,2,1,3,2
24441,Men,Sprints,2025,0,0,1,1,True,0,1,1,0
24442,Men,Sprints,2025,3,1,1,2,True,3,3,6,3
24443,Men,Sprints,2025,1,0,1,1,True,0,2,2,1
24444,Men,Hurdles,2025,0,0,1,1,True,0,1,1,0
24444,Men,Sprints,2025,3,1,1,2,True,2,1,3,3
24448,Men,Sprints,2025,3,1,0,1,False,1,0,1,3
24450,Men,Sprints,2025,0,0,1,1,True,0,1,1,0
24460,Men,Sprints,2025,3,2,0,2,False,3,0,3,4
24461,Men,Hurdles,2025,0,1,0,1,False,2,0,2,0
24463,Men,Distance,2025,1,1,0,1,False,1,0,1,1
24463,Men,Sprints,2025,0,1,0,1,False,1,0,1,0
24464,Men,Distance,2025,2,1,0,1,False,1,0,1,2
24465,Women,Sprints,2025,2,1,0,1,False,1,0,1,3
24466,Women,Sprints,2025,2,1,0,1,False,1,0,1,3
24468,Men,Hurdles,2025,0,1,0,1,False,2,0,2,0
24470,Men,Sprints,2025,3,2,0,2,False,3,0,3,5
24472,Women,Jumps,2025,1,1,0,1,False,1,0,1,1
24474,Men,Jumps,2025,0,1,0,1,False,1,0,1,0
24532,Women,Sprints,2025,1,1,0,1,False,1,0,1,1
24534,Women,Sprints,2025,1,1,0,1,False,1,0,1,1
24541,Men,Sprints,2025,1,2,0,2,False,4,0,4,1
24544,Men,Jumps,2025,1,2,0,2,False,2,0,2,1
24545,Men,Sprints,2025,0,2,0,2,False,2,0,2,0
24548,Men,Sprints,2025,1,2,0,2,False,2,0,2,1
24567,Women,Jumps,2025,5,2,1,3,True,4,2,6,9
24568,Men,Distance,2025,5,2,1,3,True,4,1,5,6
24568,Men,Sprints,2025,1,0,1,1,True,0,1,1,1
24571,Men,Hurdles,2025,0,0,1,1,True,0,1,1,0
24571,Men,Jumps,2025,5,2,1,3,True,5,2,7,15
24572,Women,Sprints,2025,0,1,0,1,False,1,0,1,0
24573,Women,Sprints,2025,2,2,0,2,False,3,0,3,2
24574,Men,Hurdles,2025,0,1,1,2,True,1,1,2,0
24574,Men,Sprints,2025,1,2,1,3,True,3,1,4,1
24575,Men,Hurdles,2025,0,2,0,2,False,2,0,2,0
24577,Men,Hurdles,2025,0,0,1,1,True,0,1,1,0
24577,Men,Jumps,2025,4,2,1,3,True,2,1,3,4
24578,Men,Hurdles,2025,0,0,1,1,True,0,1,1,0
24578,Men,Jumps,2025,5,2,1,3,True,4,2,6,10
24579,Women,Distance,2025,4,2,0,2,False,2,0,2,4
24580,Men,Sprints,2025,5,2,1,3,True,4,2,6,5
24581,Men,Sprints,2025,2,1,1,2,True,2,2,4,2
24582,Men,Distance,2025,3,1,0,1,False,1,0,1,3
24583,Men,Distance,2025,5,1,0,1,False,1,0,1,5
24584,Men,Throws,2025,5,1,0,1,False,1,0,1,5
24585,Men,Throws,2025,4,2,1,3,True,3,2,5,4
24586,Men,Throws,2025,4,1,0,1,False,2,0,2,4
24589,Women,Throws,2025,4,2,0,2,False,3,0,3,4
24591,Women,Throws,2025,5,2,1,3,True,3,2,5,5
24592,Women,Throws,2025,4,2,0,2,False,4,0,4,4
24593,Women,Throws,2025,3,2,1,3,True,2,1,3,3
24594,Men,Distance,2025,1,1,0,1,False,2,0,2,2
24595,Men,Distance,2025,4,2,2,4,True,3,2,5,4
24596,Men,Distance,2025,1,1,0,1,False,1,0,1,1
24600,Women,Sprints,2025,2,2,0,2,False,3,0,3,2
24602,Women,Sprints,2025,4,2,0,2,False,2,0,2,5
24603,Women,Hurdles,2025,0,2,1,3,True,2,2,4,0
24603,Women,Sprints,2025,4,0,1,1,True,0,1,1,6
24604,Women,Distance,2025,2,1,0,1,False,1,0,1,4
24605,Women,Hurdles,2025,0,1,0,1,False,1,0,1,0
24605,Women,Jumps,2025,4,2,0,2,False,3,0,3,8
24607,Men,Sprints,2025,2,1,0,1,False,2,0,2,2
24608,Men,Sprints,2025,2,2,0,2,False,3,0,3,4
24609,Men,Sprints,2025,1,1,0,1,False,1,0,1,1
24614,Men,Hurdles,2025,0,1,0,1,False,1,0,1,0
24614,Men,Jumps,2025,2,1,0,1,False,2,0,2,4
24617,Men,Throws,2025,3,1,0,1,False,1,0,1,3
24624,Women,Sprints,2025,0,1,0,1,False,1,0,1,0
24635,Men,Sprints,2025,3,1,0,1,False,1,0,1,5
24636,Men,Sprints,2025,1,1,0,1,False,1,0,1,2
24637,Men,Distance,2025,5,1,0,1,False,1,0,1,5
24640,Men,Distance,2025,5,1,0,1,False,1,0,1,5
24642,Men,Distance,2025,4,1,0,1,False,2,0,2,4
24643,Men,Distance,2025,3,1,0,1,False,1,0,1,3
24648,Men,Hurdles,2025,0,1,0,1,False,1,0,1,0
24654,Men,Distance,2025,2,1,0,1,False,1,0,1,2
24660,Women,Distance,2025,3,1,0,1,False,1,0,1,3
24669,Men,Sprints,2025,3,2,0,2,False,2,0,2,3
24671,Men,Hurdles,2025,0,0,1,1,True,0,2,2,0
24672,Men,Jumps,2025,2,1,0,1,False,3,0,3,2
24673,Men,Sprints,2025,2,1,0,1,False,1,0,1,3
24675,Men,Sprints,2025,1,1,0,1,False,2,0,2,1
24676,Men,Sprints,2025,2,1,0,1,False,2,0,2,3
24677,Men,Distance,2025,1,1,0,1,False,1,0,1,1
24678,Men,Distance,2025,2,1,0,1,False,1,0,1,2
24679,Women,Hurdles,2025,0,1,0,1,False,1,0,1,0
24679,Women,Sprints,2025,2,1,0,1,False,1,0,1,2
24680,Women,Sprints,2025,2,1,0,1,False,2,0,2,2
24682,Women,Sprints,2025,2,1,0,1,False,2,0,2,2
24683,Women,Distance,2025,4,1,0,1,False,1,0,1,4
24684,Women,Throws,2025,5,1,0,1,False,2,0,2,5
24686,Men,Distance,2025,1,1,0,1,False,1,0,1,1
24727,Women,Sprints,2025,1,1,0,1,False,1,0,1,1
24728,Women,Jumps,2025,0,1,0,1,False,1,0,1,0
24728,Women,Sprints,2025,1,1,0,1,False,2,0,2,2
24733,Men,Sprints,2025,2,1,0,1,False,1,0,1,2
24736,Men,Distance,2025,1,1,0,1,False,1,0,1,1
24739,Women,Jumps,2025,1,1,0,1,False,1,0,1,1
24739,Women,Sprints,2025,2,1,0,1,False,2,0,2,2
24754,Women,Sprints,2025,0,2,0,2,False,4,0,4,0
24755,Women,Sprints,2025,1,1,0,1,False,2,0,2,2
24800,Men,Throws,2025,2,1,0,1,False,2,0,2,2
24802,Men,Throws,2025,1,1,0,1,False,1,0,1,1
24808,Men,Distance,2025,2,1,0,1,False,1,0,1,3
24809,Men,Distance,2025,1,1,0,1,False,2,0,2,1
24829,Women,Sprints,2025,1,1,0,1,False,3,0,3,2
24851,Women,Hurdles,2025,0,0,1,1,True,0,2,2,0
24851,Women,Jumps,2025,2,0,1,1,True,0,1,1,2
24855,Men,Sprints,2025,3,0,1,1,True,0,1,1,3
24862,Men,Throws,2025,2,2,1,3,True,3,2,5,2
24863,Men,Distance,2025,0,1,0,1,False,1,0,1,0
24863,Men,Sprints,2025,1,1,0,1,False,1,0,1,1
24869,Men,Sprints,2025,1,1,0,1,False,1,0,1,2
24880,Men,Sprints,2025,0,2,1,3,True,4,2,6,0
24886,Men,Jumps,2025,1,2,0,2,False,4,0,4,2
24886,Men,Sprints,2025,0,2,0,2,False,2,0,2,0
24888,Men,Distance,2025,0,1,0,1,False,1,0,1,0
24888,Men,Sprints,2025,1,0,1,1,True,0,3,3,1
24889,Men,Sprints,2025,1,1,1,2,True,2,2,4,1
24890,Men,Sprints,2025,1,1,0,1,False,2,0,2,1
24909,Men,Distance,2025,1,1,0,1,False,1,0,1,1
24911,Men,Distance,2025,1,1,0,1,False,1,0,1,1
24914,Men,Distance,2025,1,1,0,1,False,1,0,1,1
24917,Men,Distance,2025,1,1,0,1,False,1,0,1,1
24928,Men,Throws,2025,1,0,1,1,True,0,2,2,1
24931,Men,Jumps,2025,1,1,0,1,False,1,0,1,1
24940,Women,Hurdles,2025,0,1,0,1,False,1,0,1,0
24940,Women,Jumps,2025,1,1,0,1,False,1,0,1,1
24942,Women,Sprints,2025,1,1,0,1,False,2,0,2,1
24943,Women,Jumps,2025,1,1,0,1,False,1,0,1,1
24943,Women,Sprints,2025,0,1,0,1,False,1,0,1,0
24949,Women,Distance,2025,1,1,1,2,True,1,2,3,1
24957,Women,Distance,2025,0,1,0,1,False,1,0,1,0
24957,Women,Sprints,2025,1,2,0,2,False,3,0,3,2
24960,Women,Sprints,2025,1,1,0,1,False,1,0,1,1
24971,Men,Sprints,2025,1,2,0,2,False,4,0,4,1
24975,Women,Throws,2025,3,0,1,1,True,0,2,2,3
24980,Men,Distance,2025,0,0,1,1,True,0,1,1,0
24983,Men,Jumps,2025,1,1,0,1,False,1,0,1,1
24983,Men,Sprints,2025,1,1,0,1,False,2,0,2,1
24984,Men,Sprints,2025,3,1,0,1,False,2,0,2,4
24986,Men,Distance,2025,3,1,0,1,False,1,0,1,4
24986,Men,Hurdles,2025,0,1,0,1,False,1,0,1,0
24989,Women,Sprints,2025,2,1,0,1,False,1,0,1,3
24999,Men,Sprints,2025,0,1,0,1,False,1,0,1,0
25017,Women,Sprints,2025,1,1,0,1,False,1,0,1,1
25018,Men,Sprints,2025,0,1,0,1,False,2,0,2,0
25021,Women,Distance,2025,0,1,0,1,False,1,0,1,0
25021,Women,Sprints,2025,1,1,0,1,False,1,0,1,1
25022,Women,Distance,2025,2,1,0,1,False,2,0,2,2
25023,Men,Sprints,2025,1,1,0,1,False,2,0,2,1
25024,Men,Sprints,2025,2,2,0,2,False,4,0,4,2
25025,Men,Sprints,2025,1,1,0,1,False,1,0,1,1
25026,Men,Sprints,2025,2,1,0,1,False,2,0,2,2
25028,Men,Distance,2025,1,1,0,1,False,1,0,1,1
25030,Men,Distance,2025,3,2,0,2,False,3,0,3,3
25031,Men,Hurdles,2025,0,2,0,2,False,3,0,3,0
25031,Men,Sprints,2025,0,1,0,1,False,1,0,1,0
25032,Men,Hurdles,2025,0,2,0,2,False,4,0,4,0
25033,Men,Jumps,2025,2,2,0,2,False,5,0,5,3
25034,Men,Throws,2025,1,2,0,2,False,3,0,3,1
25035,Men,Throws,2025,0,1,0,1,False,1,0,1,0
25051,Men,Distance,2025,0,1,0,1,False,1,0,1,0
25052,Women,Distance,2025,2,1,0,1,False,1,0,1,2
25052,Women,Hurdles,2025,0,1,0,1,False,1,0,1,0
25069,Men,Throws,2025,3,1,0,1,False,2,0,2,3
25092,Men,Distance,2025,1,0,1,1,True,0,1,1,1
25098,Women,Distance,2025,1,1,0,1,False,1,0,1,1
25108,Men,Sprints,2025,0,1,0,1,False,2,0,2,0
25109,Men,Sprints,2025,0,1,0,1,False,1,0,1,0
25111,Women,Sprints,2025,0,1,0,1,False,2,0,2,0
25112,Women,Sprints,2025,0,1,0,1,False,1,0,1,0
25118,Men,Distance,2025,0,1,1,2,True,1,2,3,0
25120,Men,Distance,2025,0,1,0,1,False,1,0,1,0
25121,Men,Distance,2025,0,1,0,1,False,1,0,1,0
25123,Women,Distance,2025,0,0,1,1,True,0,2,2,0
25136,Women,Sprints,2025,1,1,0,1,False,2,0,2,1
25153,Women,Sprints,2025,0,1,0,1,False,1,0,1,0
25155,Men,Sprints,2025,0,1,0,1,False,1,0,1,0
25157,Men,Sprints,2025,0,1,0,1,False,2,0,2,0
25160,Men,Sprints,2025,0,1,0,1,False,2,0,2,0
25162,Women,Distance,2025,0,1,0,1,False,1,0,1,0
25163,Women,Sprints,2025,0,1,0,1,False,2,0,2,0
25165,Men,Distance,2025,0,1,0,1,False,1,0,1,0
25167,Men,Distance,2025,0,1,0,1,False,1,0,1,0
25168,Women,Distance,2025,0,1,0,1,False,1,0,1,0
25168,Women,Jumps,2025,0,1,0,1,False,1,0,1,0
25169,Women,Distance,2025,0,1,0,1,False,1,0,1,0
25170,Women,Distance,2025,0,1,0,1,False,1,0,1,0
25171,Men,Distance,2025,0,1,0,1,False,1,0,1,0
25176,Men,Sprints,2025,0,1,0,1,False,1,0,1,0
25176,Men,Throws,2025,0,1,0,1,False,2,0,2,0
25179,Women,Jumps,2025,0,1,0,1,False,2,0,2,0
25179,Women,Sprints,2025,0,1,0,1,False,1,0,1,0
25180,Men,Sprints,2025,0,1,0,1,False,2,0,2,0
25189,Women,Distance,2025,0,2,0,2,False,2,0,2,0
25190,Men,Distance,2025,0,2,2,4,True,2,2,4,0
25191,Men,Distance,2025,0,3,1,4,True,3,1,4,0
25229,Men,Distance,2025,0,0,1,1,True,0,1,1,0
25230,Men,Distance,2025,0,0,1,1,True,0,1,1,0
25253,Men,Sprints,2025,3,0,1,1,True,0,2,2,3
25259,Men,Sprints,2025,0,1,1,2,True,2,3,5,0
25265,Women,Hurdles,2025,0,0,1,1,True,0,1,1,0
25265,Women,Sprints,2025,3,0,1,1,True,0,1,1,4
25266,Women,Sprints,2025,1,0,1,1,True,0,1,1,1
25267,Men,Sprints,2025,1,1,0,1,False,2,0,2,2
25268,Men,Sprints,2025,1,1,1,2,True,1,1,2,1
25269,Men,Distance,2025,3,1,0,1,False,1,0,1,3
25271,Men,Sprints,2025,0,1,0,1,False,2,0,2,0
25273,Men,Hurdles,2025,0,1,0,1,False,1,0,1,0
25274,Men,Distance,2025,0,1,0,1,False,2,0,2,0
25302,Men,Jumps,2025,2,0,1,1,True,0,1,1,2
25302,Men,Sprints,2025,0,0,1,1,True,0,1,1,0
25346,Men,Distance,2025,1,1,0,1,False,1,0,1,1
25349,Women,Distance,2025,0,1,0,1,False,1,0,1,0
25458,Women,Jumps,2025,0,1,0,1,False,1,0,1,0
25458,Women,Sprints,2025,0,1,0,1,False,1,0,1,0
25467,Women,Sprints,2025,0,1,0,1,False,2,0,2,0
25474,Men,Sprints,2025,0,1,0,1,False,2,0,2,0
25475,Men,Sprints,2025,0,1,0,1,False,1,0,1,0
25491,Men,Sprints,2025,0,1,0,1,False,2,0,2,0
25492,Men,Distance,2025,0,1,0,1,False,1,0,1,0
25499,Men,Jumps,2025,0,2,0,2,False,2,0,2,0
25499,Men,Sprints,2025,0,2,0,2,False,3,0,3,0
25500,Men,Jumps,2025,0,2,0,2,False,4,0,4,0
25502,Men,Distance,2025,0,1,0,1,False,2,0,2,0
25503,Men,Distance,2025,0,1,0,1,False,1,0,1,0
25504,Men,Distance,2025,0,1,0,1,False,1,0,1,0
25506,Women,Distance,2025,0,1,0,1,False,1,0,1,0
25506,Women,Sprints,2025,0,2,0,2,False,4,0,4,0
25507,Women,Distance,2025,0,1,0,1,False,2,0,2,0
25521,Men,Sprints,2025,0,0,1,1,True,0,3,3,0
25572,Men,Jumps,2025,0,1,0,1,False,1,0,1,0
25572,Men,Sprints,2025,0,1,0,1,False,1,0,1,0
25605,Women,Jumps,2025,1,0,1,1,True,0,2,2,2
25607,Women,Jumps,2025,1,0,1,1,True,0,1,1,1
25611,Women,Sprints,2025,0,1,0,1,False,1,0,1,0
25620,Women,Sprints,2025,0,1,0,1,False,2,0,2,0
25639,Men,Distance,2025,0,1,0,1,False,1,0,1,0
25643,Men,Sprints,2025,0,1,0,1,False,2,0,2,0
25650,Men,Throws,2025,0,1,0,1,False,1,0,1,0
25656,Men,Hurdles,2025,0,1,0,1,False,1,0,1,0
25656,Men,Sprints,2025,0,1,0,1,False,1,0,1,0
25666,Women,Sprints,2025,1,2,0,2,False,3,0,3,2
25667,Men,Sprints,2025,1,1,0,1,False,1,0,1,1
25671,Women,Sprints,2025,0,1,0,1,False,2,0,2,0
25672,Men,Sprints,2025,0,1,0,1,False,2,0,2,0
25673,Men,Sprints,2025,0,2,0,2,False,3,0,3,0
25680,Men,Jumps,2025,0,1,0,1,False,1,0,1,0
25680,Men,Sprints,2025,0,1,0,1,False,1,0,1,0
25681,Women,Throws,2025,0,1,0,1,False,1,0,1,0
25688,Men,Throws,2025,0,1,0,1,False,1,0,1,0
25708,Men,Sprints,2025,1,0,1,1,True,0,2,2,2
25793,Men,Distance,2025,2,1,1,2,True,1,1,2,2
25817,Men,Distance,2025,2,1,0,1,False,1,0,1,2
25819,Men,Distance,2025,1,1,1,2,True,1,1,2,1
25825,Men,Sprints,2025,0,1,0,1,False,1,0,1,0
25849,Men,Distance,2025,0,2,0,2,False,3,0,3,0
25849,Men,Sprints,2025,0,1,0,1,False,1,0,1,0
25850,Women,Distance,2025,0,1,0,1,False,1,0,1,0
25850,Women,Hurdles,2025,0,2,0,2,False,4,0,4,0
25850,Women,Jumps,2025,0,1,0,1,False,3,0,3,0
25850,Women,Sprints,2025,0,2,0,2,False,4,0,4,0
25850,Women,Throws,2025,0,1,0,1,False,2,0,2,0
25851,Men,Hurdles,2025,0,2,0,2,False,3,0,3,0
25852,Men,Distance,2025,0,1,1,2,True,1,1,2,0
25853,Men,Distance,2025,0,2,0,2,False,3,0,3,0
25854,Men,Distance,2025,0,1,0,1,False,2,0,2,0
25855,Men,Distance,2025,0,1,0,1,False,1,0,1,0
25856,Men,Distance,2025,0,1,0,1,False,1,0,1,0
25856,Men,Sprints,2025,0,2,0,2,False,3,0,3,0
25857,Men,Sprints,2025,0,2,0,2,False,3,0,3,0
25858,Men,Sprints,2025,0,1,0,1,False,1,0,1,0
25859,Men,Sprints,2025,0,2,0,2,False,4,0,4,0
25860,Men,Jumps,2025,0,1,0,1,False,1,0,1,0
25860,Men,Sprints,2025,0,2,0,2,False,5,0,5,0
25861,Men,Distance,2025,0,1,0,1,False,1,0,1,0
25862,Men,Sprints,2025,0,1,0,1,False,1,0,1,0
25863,Men,Sprints,2025,0,1,0,1,False,2,0,2,0
25864,Men,Sprints,2025,0,1,0,1,False,1,0,1,0
25865,Men,Sprints,2025,0,1,0,1,False,2,0,2,0
25866,Men,Jumps,2025,0,2,0,2,False,2,0,2,0
25866,Men,Sprints,2025,0,1,0,1,False,2,0,2,0
25867,Women,Sprints,2025,0,1,0,1,False,1,0,1,0
25869,Men,Distance,2025,0,1,0,1,False,1,0,1,0
25872,Men,Sprints,2025,0,1,0,1,False,1,0,1,0
25874,Women,Hurdles,2025,0,1,0,1,False,1,0,1,0
25874,Women,Jumps,2025,0,2,0,2,False,2,0,2,0
25874,Women,Sprints,2025,0,1,0,1,False,1,0,1,0
25875,Women,Sprints,2025,0,1,0,1,False,1,0,1,0
25876,Men,Throws,2025,0,1,0,1,False,1,0,1,0
25877,Women,Throws,2025,0,1,0,1,False,1,0,1,0
25878,Men,Jumps,2025,0,2,0,2,False,2,0,2,0
25879,Women,Distance,2025,0,1,0,1,False,1,0,1,0
25880,Women,Distance,2025,0,1,0,1,False,2,0,2,0
25881,Men,Distance,2025,0,2,0,2,False,2,0,2,0
25883,Women,Sprints,2025,0,1,0,1,False,1,0,1,0
25892,Men,Sprints,2025,1,0,1,1,True,0,2,2,1
25901,Women,Distance,2025,1,1,1,2,True,1,1,2,1
25902,Women,Sprints,2025,1,0,1,1,True,0,1,1,2
25907,Men,Sprints,2025,1,0,1,1,True,0,2,2,2
25911,Men,Distance,2025,1,1,1,2,True,1,1,2,1
25994,Women,Distance,2025,0,1,0,1,False,1,0,1,0
25995,Men,Distance,2025,0,2,0,2,False,2,0,2,0
25995,Men,Sprints,2025,0,1,0,1,False,2,0,2,0
25996,Men,Distance,2025,0,1,0,1,False,2,0,2,0
25997,Men,Sprints,2025,0,1,0,1,False,1,0,1,0
25998,Men,Sprints,2025,0,2,0,2,False,3,0,3,0
25999,Women,Sprints,2025,0,2,0,2,False,3,0,3,0
26000,Men,Jumps,2025,0,1,0,1,False,1,0,1,0
26000,Men,Sprints,2025,0,1,0,1,False,1,0,1,0
26002,Women,Distance,2025,0,1,0,1,False,1,0,1,0
26003,Women,Distance,2025,0,1,0,1,False,2,0,2,0
26004,Women,Distance,2025,0,1,0,1,False,1,0,1,0
26005,Men,Distance,2025,0,2,0,2,False,2,0,2,0
26006,Men,Distance,2025,0,2,0,2,False,3,0,3,0
26007,Men,Distance,2025,0,1,0,1,False,2,0,2,0
26009,Women,Sprints,2025,0,1,0,1,False,1,0,1,0
26010,Men,Sprints,2025,0,1,0,1,False,1,0,1,0
26011,Men,Sprints,2025,0,1,0,1,False,1,0,1,0
26013,Women,Sprints,2025,1,1,1,2,True,1,1,2,1
26020,Men,Distance,2025,0,1,0,1,False,1,0,1,0
26021,Men,Distance,2025,0,1,0,1,False,1,0,1,0
26030,Men,Sprints,2025,0,1,0,1,False,1,0,1,0
26061,Women,Sprints,2025,0,1,0,1,False,1,0,1,0
26062,Women,Sprints,2025,0,1,0,1,False,1,0,1,0
26063,Men,Sprints,2025,0,1,0,1,False,1,0,1,0
26064,Men,Sprints,2025,0,1,0,1,False,1,0,1,0
26065,Men,Sprints,2025,0,1,0,1,False,1,0,1,0
26066,Men,Sprints,2025,0,1,0,1,False,1,0,1,0
26067,Men,Distance,2025,0,1,0,1,False,1,0,1,0
26068,Men,Distance,2025,0,1,0,1,False,1,0,1,0
26077,Men,Distance,2025,0,1,0,1,False,1,0,1,0
26078,Men,Sprints,2025,0,1,0,1,False,2,0,2,0
26079,Men,Sprints,2025,0,1,0,1,False,1,0,1,0
26081,Women,Sprints,2025,0,1,0,1,False,2,0,2,0
26082,Women,Distance,2025,0,1,0,1,False,1,0,1,0
26087,Women,Distance,2025,0,1,0,1,False,1,0,1,0
26087,Women,Hurdles,2025,0,1,0,1,False,2,0,2,0
26087,Women,Sprints,2025,0,1,0,1,False,3,0,3,0
26087,Women,Throws,2025,0,1,0,1,False,2,0,2,0
26088,Men,Hurdles,2025,0,1,0,1,False,2,0,2,0
26089,Men,Distance,2025,0,1,0,1,False,1,0,1,0
26089,Men,Hurdles,2025,0,1,0,1,False,2,0,2,0
26089,Men,Jumps,2025,0,1,0,1,False,3,0,3,0
26089,Men,Sprints,2025,0,1,0,1,False,3,0,3,0
26089,Men,Throws,2025,0,1,0,1,False,2,0,2,0
26090,Men,Sprints,2025,0,1,0,1,False,1,0,1,0
26091,Men,Sprints,2025,0,1,0,1,False,3,0,3,0
26092,Men,Sprints,2025,0,1,0,1,False,2,0,2,0
26093,Men,Distance,2025,0,1,0,1,False,1,0,1,0
26093,Men,Sprints,2025,0,1,0,1,False,1,0,1,0
26094,Men,Sprints,2025,0,1,0,1,False,1,0,1,0
26095,Men,Distance,2025,0,1,0,1,False,1,0,1,0
26095,Men,Sprints,2025,0,1,0,1,False,1,0,1,0
26096,Men,Sprints,2025,0,1,0,1,False,1,0,1,0
26097,Men,Sprints,2025,0,1,0,1,False,1,0,1,0
26098,Men,Sprints,2025,0,1,0,1,False,2,0,2,0
26099,Men,Sprints,2025,0,1,0,1,False,2,0,2,0
26100,Men,Sprints,2025,0,1,0,1,False,2,0,2,0
26102,Men,Sprints,2025,0,1,0,1,False,2,0,2,0
26103,Men,Distance,2025,0,1,0,1,False,1,0,1,0
26105,Men,Distance,2025,0,1,0,1,False,1,0,1,0
26106,Men,Distance,2025,0,1,0,1,False,1,0,1,0
26107,Men,Distance,2025,0,1,0,1,False,1,0,1,0
26108,Men,Distance,2025,0,1,0,1,False,1,0,1,0
26113,Men,Hurdles,2025,0,1,0,1,False,1,0,1,0
26117,Men,Throws,2025,0,1,0,1,False,2,0,2,0
26118,Men,Throws,2025,0,1,0,1,False,2,0,2,0
26119,Men,Throws,2025,0,1,0,1,False,2,0,2,0
26120,Men,Jumps,2025,0,1,0,1,False,1,0,1,0
26121,Women,Jumps,2025,0,1,0,1,False,1,0,1,0
26121,Women,Sprints,2025,0,1,0,1,False,1,0,1,0
26122,Women,Jumps,2025,0,1,0,1,False,2,0,2,0
26122,Women,Sprints,2025,0,1,0,1,False,1,0,1,0
26122,Women,Throws,2025,0,1,0,1,False,1,0,1,0
26123,Women,Sprints,2025,0,1,0,1,False,1,0,1,0
26124,Women,Sprints,2025,0,1,0,1,False,1,0,1,0
26125,Women,Jumps,2025,0,1,0,1,False,1,0,1,0
26125,Women,Sprints,2025,0,1,0,1,False,1,0,1,0
26126,Women,Sprints,2025,0,1,0,1,False,2,0,2,0
26127,Women,Hurdles,2025,0,1,0,1,False,1,0,1,0
26127,Women,Sprints,2025,0,1,0,1,False,1,0,1,0
26128,Women,Distance,2025,0,1,0,1,False,1,0,1,0
26129,Women,Distance,2025,0,1,0,1,False,1,0,1,0
26132,Women,Throws,2025,0,1,0,1,False,1,0,1,0
26133,Women,Throws,2025,0,1,0,1,False,2,0,2,0
26134,Women,Throws,2025,0,1,0,1,False,1,0,1,0
26135,Women,Jumps,2025,0,1,0,1,False,1,0,1,0
26136,Men,Jumps,2025,0,1,0,1,False,1,0,1,0
26136,Men,Sprints,2025,0,1,0,1,False,1,0,1,0
26138,Men,Sprints,2025,0,1,0,1,False,1,0,1,0
26139,Men,Sprints,2025,0,1,1,2,True,3,1,4,0
26140,Men,Sprints,2025,0,1,0,1,False,1,0,1,0
26143,Men,Distance,2025,0,1,0,1,False,1,0,1,0
26150,Women,Sprints,2025,0,1,0,1,False,2,0,2,0
26153,Men,Sprints,2025,0,1,0,1,False,1,0,1,0
26154,Women,Sprints,2025,0,1,0,1,False,2,0,2,0
26156,Men,Sprints,2025,0,2,0,2,False,3,0,3,0
26157,Men,Sprints,2025,0,1,0,1,False,2,0,2,0
26158,Men,Sprints,2025,0,2,0,2,False,3,0,3,0
26159,Men,Distance,2025,0,1,0,1,False,2,0,2,0
26160,Women,Distance,2025,0,1,0,1,False,1,0,1,0
26161,Men,Sprints,2025,0,1,0,1,False,1,0,1,0
26162,Men,Jumps,2025,0,1,0,1,False,1,0,1,0
26163,Women,Throws,2025,0,1,0,1,False,1,0,1,0
26164,Men,Hurdles,2025,0,1,0,1,False,1,0,1,0
26165,Men,Distance,2025,0,1,0,1,False,1,0,1,0
26166,Men,Sprints,2025,0,1,0,1,False,1,0,1,0
26167,Men,Sprints,2025,0,2,0,2,False,2,0,2,0
26168,Men,Sprints,2025,0,1,0,1,False,1,0,1,0
26169,Men,Sprints,2025,0,2,0,2,False,5,0,5,0
26170,Men,Jumps,2025,0,1,0,1,False,1,0,1,0
26170,Men,Sprints,2025,0,1,0,1,False,2,0,2,0
26171,Men,Sprints,2025,0,2,0,2,False,3,0,3,0
26172,Men,Distance,2025,0,0,1,1,True,0,1,1,0
26172,Men,Jumps,2025,0,2,0,2,False,2,0,2,0
26172,Men,Sprints,2025,0,2,1,3,True,3,1,4,0
26173,Men,Sprints,2025,0,1,0,1,False,2,0,2,0
26174,Men,Sprints,2025,0,2,0,2,False,3,0,3,0
26175,Men,Sprints,2025,0,1,0,1,False,1,0,1,0
26176,Men,Jumps,2025,0,1,0,1,False,1,0,1,0
26176,Men,Sprints,2025,0,2,0,2,False,2,0,2,0
26177,Men,Distance,2025,0,2,0,2,False,3,0,3,0
26179,Men,Distance,2025,0,1,0,1,False,1,0,1,0
26180,Men,Distance,2025,0,1,0,1,False,1,0,1,0
26181,Men,Distance,2025,0,1,0,1,False,1,0,1,0
26182,Men,Distance,2025,0,2,0,2,False,2,0,2,0
26183,Men,Distance,2025,0,1,0,1,False,2,0,2,0
26184,Men,Distance,2025,0,1,0,1,False,1,0,1,0
26186,Men,Jumps,2025,0,1,0,1,False,1,0,1,0
26187,Men,Jumps,2025,0,2,0,2,False,2,0,2,0
26188,Men,Jumps,2025,0,1,0,1,False,1,0,1,0
26189,Men,Throws,2025,0,1,0,1,False,2,0,2,0
26190,Men,Throws,2025,0,1,0,1,False,2,0,2,0
26191,Women,Jumps,2025,0,1,0,1,False,3,0,3,0
26191,Women,Sprints,2025,0,1,0,1,False,1,0,1,0
26192,Women,Jumps,2025,0,1,0,1,False,2,0,2,0
26192,Women,Sprints,2025,0,2,0,2,False,2,0,2,0
26193,Women,Distance,2025,0,1,0,1,False,1,0,1,0
26193,Women,Sprints,2025,0,1,0,1,False,1,0,1,0
26194,Women,Sprints,2025,0,2,0,2,False,4,0,4,0
26195,Women,Distance,2025,0,1,0,1,False,2,0,2,0
26196,Women,Distance,2025,0,1,0,1,False,1,0,1,0
26197,Women,Distance,2025,0,1,0,1,False,1,0,1,0
26197,Women,Throws,2025,0,1,0,1,False,2,0,2,0
26201,Women,Jumps,2025,0,2,0,2,False,2,0,2,0
26202,Women,Jumps,2025,0,1,0,1,False,2,0,2,0
26203,Women,Throws,2025,0,1,0,1,False,2,0,2,0
26204,Women,Throws,2025,0,2,0,2,False,3,0,3,0
26205,Women,Throws,2025,0,2,0,2,False,2,0,2,0
26206,Women,Throws,2025,0,1,0,1,False,2,0,2,0
26207,Women,Throws,2025,0,1,0,1,False,1,0,1,0
26227,Women,Sprints,2025,0,1,0,1,False,2,0,2,0
26228,Women,Distance,2025,0,1,0,1,False,1,0,1,0
26228,Women,Sprints,2025,0,1,0,1,False,1,0,1,0
26229,Women,Throws,2025,0,1,0,1,False,2,0,2,0
26230,Men,Distance,2025,0,1,0,1,False,1,0,1,0
26231,Men,Distance,2025,0,1,0,1,False,1,0,1,0
26232,Men,Distance,2025,0,1,0,1,False,2,0,2,0
26448,Women,Jumps,2025,0,1,1,2,True,1,1,2,0
26448,Women,Sprints,2025,0,1,0,1,False,1,0,1,0
26449,Women,Sprints,2025,0,1,0,1,False,2,0,2,0
26450,Men,Sprints,2025,0,1,0,1,False,3,0,3,0
26451,Men,Sprints,2025,0,1,0,1,False,1,0,1,0
26452,Men,Sprints,2025,0,1,0,1,False,2,0,2,0
26453,Men,Distance,2025,0,1,0,1,False,1,0,1,0
26453,Men,Jumps,2025,0,1,0,1,False,1,0,1,0
26453,Men,Sprints,2025,0,1,0,1,False,2,0,2,0
26454,Men,Sprints,2025,0,1,0,1,False,1,0,1,0
26456,Women,Distance,2025,0,1,0,1,False,1,0,1,0
26459,Women,Distance,2025,0,1,0,1,False,1,0,1,0
26460,Men,Distance,2025,0,1,0,1,False,1,0,1,0
26462,Men,Distance,2025,0,0,1,1,True,0,2,2,0
26462,Men,Jumps,2025,0,1,1,2,True,1,1,2,0
26467,Men,Distance,2025,0,1,0,1,False,1,0,1,0
26468,Men,Distance,2025,0,1,0,1,False,1,0,1,0
26468,Men,Sprints,2025,0,1,0,1,False,1,0,1,0
26469,Men,Sprints,2025,0,1,0,1,False,1,0,1,0
26470,Men,Distance,2025,0,1,0,1,False,1,0,1,0
26470,Men,Sprints,2025,0,1,0,1,False,1,0,1,0
26471,Men,Sprints,2025,0,1,0,1,False,1,0,1,0
26472,Men,Sprints,2025,0,1,0,1,False,1,0,1,0
26473,Men,Distance,2025,0,1,0,1,False,1,0,1,0
26474,Men,Distance,2025,0,1,0,1,False,1,0,1,0
26475,Men,Distance,2025,0,1,0,1,False,1,0,1,0
26478,Women,Distance,2025,0,1,0,1,False,1,0,1,0
26479,Women,Distance,2025,0,1,0,1,False,1,0,1,0
26480,Women,Sprints,2025,0,1,0,1,False,1,0,1,0
26481,Women,Sprints,2025,0,1,0,1,False,1,0,1,0
26482,Men,Jumps,2025,0,1,0,1,False,1,0,1,0
26482,Men,Sprints,2025,0,1,0,1,False,1,0,1,0
26483,Men,Sprints,2025,0,1,1,2,True,1,1,2,0
26484,Women,Distance,2025,0,1,0,1,False,1,0,1,0
26485,Women,Distance,2025,0,1,0,1,False,1,0,1,0
26487,Men,Distance,2025,0,1,0,1,False,1,0,1,0
26489,Women,Sprints,2025,0,1,0,1,False,1,0,1,0
26490,Men,Distance,2025,0,1,0,1,False,1,0,1,0
26491,Men,Hurdles,2025,0,1,0,1,False,1,0,1,0
26491,Men,Throws,2025,0,1,0,1,False,1,0,1,0
26493,Men,Distance,2025,0,1,0,1,False,1,0,1,0
26494,Women,Distance,2025,0,1,0,1,False,2,0,2,0
26495,Women,Distance,2025,0,1,0,1,False,1,0,1,0
26497,Men,Sprints,2025,0,1,0,1,False,2,0,2,0
26499,Men,Jumps,2025,0,1,0,1,False,1,0,1,0
26499,Men,Sprints,2025,0,1,0,1,False,1,0,1,0
26501,Women,Sprints,2025,0,1,0,1,False,1,0,1,0
26502,Men,Sprints,2025,0,1,0,1,False,2,0,2,0
26503,Men,Sprints,2025,0,1,0,1,False,2,0,2,0
26504,Men,Sprints,2025,0,1,0,1,False,2,0,2,0
26505,Men,Distance,2025,0,1,0,1,False,1,0,1,0
26506,Men,Distance,2025,0,1,0,1,False,1,0,1,0
26507,Men,Distance,2025,0,1,0,1,False,1,0,1,0
26508,Men,Distance,2025,0,1,0,1,False,1,0,1,0
26509,Men,Distance,2025,0,1,0,1,False,1,0,1,0
26510,Men,Jumps,2025,0,1,0,1,False,1,0,1,0
26511,Men,Sprints,2025,0,1,0,1,False,2,0,2,0
26512,Men,Sprints,2025,0,1,0,1,False,1,0,1,0
26513,Men,Distance,2025,0,1,0,1,False,1,0,1,0
26515,Men,Hurdles,2025,0,1,0,1,False,1,0,1,0
26519,Men,Sprints,2025,0,1,0,1,False,1,0,1,0
26520,Men,Sprints,2025,0,1,0,1,False,1,0,1,0
26521,Men,Sprints,2025,0,1,0,1,False,1,0,1,0
26522,Men,Distance,2025,0,1,0,1,False,2,0,2,0
26523,Men,Sprints,2025,0,1,0,1,False,2,0,2,0
26532,Men,Distance,2025,0,1,1,2,True,1,1,2,0
26534,Men,Sprints,2025,0,1,0,1,False,2,0,2,0
26535,Men,Distance,2025,0,1,0,1,False,1,0,1,0
26536,Men,Distance,2025,0,1,0,1,False,1,0,1,0
26543,Men,Distance,2025,0,0,2,2,True,0,2,2,0
26544,Men,Sprints,2025,0,0,1,1,True,0,1,1,0
26546,Men,Distance,2025,0,0,1,1,True,0,1,1,0
26553,Men,Hurdles,2025,0,0,1,1,True,0,1,1,0
26553,Men,Sprints,2025,0,0,1,1,True,0,1,1,0
26770,Women,Distance,2025,0,0,1,1,True,0,1,1,0
26771,Women,Distance,2025,0,0,1,1,True,0,1,1,0
26772,Men,Distance,2025,0,0,1,1,True,0,1,1,0
26773,Men,Distance,2025,0,0,1,1,True,0,1,1,0
26774,Men,Distance,2025,0,0,1,1,True,0,1,1,0
26775,Women,Hurdles,2025,0,0,1,1,True,0,1,1,0
26775,Women,Sprints,2025,0,0,1,1,True,0,1,1,0
26776,Men,Sprints,2025,0,0,1,1,True,0,1,1,0
26777,Men,Sprints,2025,0,0,1,1,True,0,1,1,0
26778,Men,Sprints,2025,0,0,1,1,True,0,1,1,0
26779,Men,Sprints,2025,0,0,1,1,True,0,1,1,0
26780,Women,Distance,2025,0,0,1,1,True,0,1,1,0
26786,Men,Sprints,2025,0,0,1,1,True,0,1,1,0
26788,Men,Sprints,2025,0,0,1,1,True,0,1,1,0
26791,Men,Sprints,2025,0,0,1,1,True,0,1,1,0
26792,Women,Distance,2025,0,0,1,1,True,0,1,1,0
27329,Men,Distance,2025,0,0,1,1,True,0,1,1,0
28420,Men,Distance,2025,0,0,1,1,True,0,1,1,0
29349,Men,Distance,2025,0,0,1,1,True,0,1,1,0
29350,Men,Distance,2025,0,0,1,1,True,0,1,1,0
29817,Men,Sprints,2025,1,2,1,3,True,3,2,5,1
30065,Men,Distance,2025,0,0,1,1,True,0,1,1,0
31007,Men,Sprints,2025,0,0,1,1,True,0,2,2,0
31008,Men,Distance,2025,0,0,2,2,True,0,2,2,0
1,Men,Distance,2026,4,1,0,1,False,2,0,2,4
7,Men,Distance,2026,4,1,2,3,True,1,2,3,4
7,Men,Sprints,2026,1,1,0,1,False,1,0,1,1
15,Men,Distance,2026,1,1,0,1,False,2,0,2,1
26,Men,Distance,2026,2,1,0,1,False,1,0,1,2
31,Men,Distance,2026,1,1,0,1,False,1,0,1,1
31,Men,Hurdles,2026,0,1,0,1,False,1,0,1,0
35,Men,Distance,2026,3,0,1,1,True,0,1,1,6
38,Men,Distance,2026,1,1,0,1,False,1,0,1,2
45,Men,Distance,2026,2,1,0,1,False,2,0,2,2
47,Men,Sprints,2026,1,1,0,1,False,1,0,1,1
49,Men,Distance,2026,1,1,0,1,False,1,0,1,1
60,Men,Distance,2026,2,1,0,1,False,1,0,1,2
68,Women,Distance,2026,1,0,2,2,True,0,2,2,1
102,Men,Distance,2026,0,1,0,1,False,2,0,2,0
117,Men,Sprints,2026,0,1,0,1,False,1,0,1,0
135,Men,Distance,2026,2,1,0,1,False,2,0,2,3
142,Men,Distance,2026,1,1,0,1,False,1,0,1,2
150,Men,Distance,2026,5,1,1,2,True,1,1,2,5
153,Men,Distance,2026,1,1,0,1,False,1,0,1,1
161,Men,Distance,2026,2,1,0,1,False,3,0,3,4
161,Men,Hurdles,2026,0,1,0,1,False,1,0,1,0
166,Men,Hurdles,2026,0,1,0,1,False,1,0,1,0
195,Men,Distance,2026,1,1,0,1,False,2,0,2,1
231,Women,Distance,2026,2,1,0,1,False,1,0,1,3
234,Women,Distance,2026,1,1,0,1,False,1,0,1,1
237,Women,Distance,2026,2,1,0,1,False,2,0,2,3
245,Women,Distance,2026,1,0,1,1,True,0,1,1,1
340,Men,Distance,2026,1,1,0,1,False,1,0,1,1
344,Men,Distance,2026,2,1,0,1,False,1,0,1,2
344,Men,Sprints,2026,2,1,0,1,False,1,0,1,2
345,Men,Distance,2026,1,1,0,1,False,1,0,1,1
358,Women,Distance,2026,0,2,1,3,True,3,1,4,0
360,Women,Distance,2026,0,1,1,2,True,1,1,2,0
364,Men,Distance,2026,0,1,0,1,False,1,0,1,0
367,Men,Distance,2026,0,2,1,3,True,3,1,4,0
368,Men,Distance,2026,0,2,1,3,True,3,1,4,0
382,Men,Distance,2026,4,1,0,1,False,1,0,1,4
404,Women,Distance,2026,1,1,0,1,False,1,0,1,1
408,Women,Distance,2026,0,1,0,1,False,1,0,1,0
416,Men,Distance,2026,2,1,0,1,False,1,0,1,2
417,Men,Distance,2026,3,1,0,1,False,1,0,1,3
420,Men,Distance,2026,3,1,0,1,False,1,0,1,3
421,Men,Distance,2026,0,1,0,1,False,1,0,1,0
429,Men,Distance,2026,1,1,0,1,False,1,0,1,1
435,Men,Distance,2026,0,1,0,1,False,1,0,1,0
437,Men,Distance,2026,0,1,0,1,False,1,0,1,0
466,Men,Distance,2026,3,2,0,2,False,3,0,3,3
467,Men,Distance,2026,1,1,0,1,False,1,0,1,1
485,Women,Distance,2026,0,1,0,1,False,1,0,1,0
490,Women,Distance,2026,0,2,0,2,False,2,0,2,0
504,Men,Distance,2026,0,1,0,1,False,1,0,1,0
506,Men,Distance,2026,0,2,0,2,False,4,0,4,0
506,Men,Hurdles,2026,0,1,0,1,False,2,0,2,0
506,Men,Jumps,2026,0,1,0,1,False,1,0,1,0
506,Men,Sprints,2026,0,1,0,1,False,3,0,3,0
506,Men,Throws,2026,0,1,0,1,False,2,0,2,0
513,Men,Hurdles,2026,0,1,0,1,False,2,0,2,0
513,Men,Jumps,2026,0,1,0,1,False,2,0,2,0
513,Men,Sprints,2026,0,1,0,1,False,2,0,2,0
513,Men,Throws,2026,0,1,0,1,False,2,0,2,0
529,Men,Distance,2026,3,1,0,1,False,1,0,1,3
529,Men,Jumps,2026,0,1,0,1,False,1,0,1,0
529,Men,Throws,2026,0,1,0,1,False,1,0,1,0
531,Men,Distance,2026,0,1,0,1,False,1,0,1,0
539,Men,Distance,2026,0,1,0,1,False,1,0,1,0
550,Men,Throws,2026,0,1,0,1,False,1,0,1,0
551,Men,Distance,2026,0,1,0,1,False,2,0,2,0
551,Men,Hurdles,2026,0,1,0,1,False,2,0,2,0
551,Men,Jumps,2026,0,1,0,1,False,3,0,3,0
551,Men,Sprints,2026,0,1,0,1,False,3,0,3,0
551,Men,Throws,2026,0,1,0,1,False,2,0,2,0
554,Men,Sprints,2026,0,1,0,1,False,1,0,1,0
556,Men,Throws,2026,0,1,0,1,False,1,0,1,0
557,Men,Distance,2026,0,1,0,1,False,1,0,1,0
567,Women,Distance,2026,1,2,0,2,False,2,0,2,2
568,Women,Distance,2026,1,1,0,1,False,1,0,1,1
575,Women,Distance,2026,1,2,0,2,False,2,0,2,1
576,Women,Distance,2026,1,1,0,1,False,2,0,2,1
604,Women,Distance,2026,0,1,0,1,False,1,0,1,0
638,Women,Distance,2026,1,2,0,2,False,3,0,3,1
643,Women,Distance,2026,1,1,0,1,False,1,0,1,1
646,Women,Distance,2026,1,1,0,1,False,2,0,2,2
647,Women,Distance,2026,0,1,0,1,False,1,0,1,0
648,Women,Distance,2026,0,2,0,2,False,3,0,3,0
648,Women,Jumps,2026,1,1,0,1,False,1,0,1,1
650,Women,Distance,2026,0,1,0,1,False,1,0,1,0
652,Women,Distance,2026,0,1,0,1,False,1,0,1,0
655,Women,Distance,2026,2,2,0,2,False,3,0,3,2
663,Women,Distance,2026,1,1,0,1,False,1,0,1,1
666,Men,Distance,2026,3,2,0,2,False,4,0,4,3
673,Men,Distance,2026,3,2,0,2,False,3,0,3,3
674,Men,Distance,2026,1,2,0,2,False,3,0,3,1
675,Men,Distance,2026,0,1,0,1,False,1,0,1,0
676,Men,Distance,2026,1,1,0,1,False,2,0,2,1
685,Men,Distance,2026,1,2,0,2,False,3,0,3,1
685,Men,Hurdles,2026,0,1,0,1,False,1,0,1,0
689,Men,Hurdles,2026,0,1,0,1,False,2,0,2,0
689,Men,Jumps,2026,0,1,0,1,False,1,0,1,0
691,Men,Distance,2026,1,2,0,2,False,4,0,4,1
692,Men,Distance,2026,0,1,0,1,False,2,0,2,0
695,Men,Distance,2026,1,2,0,2,False,2,0,2,1
699,Men,Distance,2026,0,1,0,1,False,1,0,1,0
702,Men,Distance,2026,1,1,0,1,False,1,0,1,1
703,Men,Distance,2026,0,1,0,1,False,1,0,1,0
704,Men,Distance,2026,1,2,0,2,False,4,0,4,1
705,Men,Distance,2026,1,2,0,2,False,3,0,3,1
706,Men,Distance,2026,1,1,0,1,False,1,0,1,1
710,Men,Distance,2026,3,2,0,2,False,3,0,3,3
711,Men,Distance,2026,0,2,0,2,False,2,0,2,0
714,Men,Distance,2026,1,1,0,1,False,2,0,2,1
717,Men,Distance,2026,0,2,0,2,False,3,0,3,0
723,Men,Distance,2026,0,2,0,2,False,2,0,2,0
728,Men,Distance,2026,0,1,0,1,False,1,0,1,0
730,Men,Distance,2026,1,2,0,2,False,2,0,2,1
731,Men,Distance,2026,1,2,0,2,False,2,0,2,1
734,Men,Distance,2026,0,1,0,1,False,1,0,1,0
737,Men,Distance,2026,0,1,0,1,False,1,0,1,0
740,Men,Distance,2026,0,2,0,2,False,2,0,2,0
742,Men,Distance,2026,0,2,0,2,False,4,0,4,0
743,Men,Distance,2026,2,2,0,2,False,3,0,3,2
760,Men,Distance,2026,2,1,0,1,False,2,0,2,2
761,Men,Distance,2026,1,2,0,2,False,2,0,2,1
761,Men,Sprints,2026,0,2,0,2,False,2,0,2,0
778,Men,Distance,2026,0,2,0,2,False,2,0,2,0
786,Men,Distance,2026,1,2,0,2,False,2,0,2,1
801,Men,Distance,2026,0,1,0,1,False,1,0,1,0
802,Men,Sprints,2026,1,1,0,1,False,1,0,1,1
1008,Women,Distance,2026,0,1,0,1,False,2,0,2,0
1020,Women,Distance,2026,2,2,0,2,False,4,0,4,4
1032,Women,Distance,2026,2,2,0,2,False,3,0,3,2
1032,Women,Hurdles,2026,0,1,0,1,False,1,0,1,0
1049,Women,Distance,2026,2,1,0,1,False,1,0,1,2
1116,Women,Distance,2026,1,1,0,1,False,2,0,2,1
1153,Women,Distance,2026,1,1,0,1,False,1,0,1,1
1179,Men,Distance,2026,2,2,0,2,False,2,0,2,2
1213,Men,Distance,2026,0,2,0,2,False,2,0,2,0
1216,Men,Distance,2026,1,1,0,1,False,1,0,1,1
1231,Men,Distance,2026,2,1,0,1,False,2,0,2,3
1266,Men,Distance,2026,2,2,0,2,False,4,0,4,3
1288,Men,Distance,2026,2,1,0,1,False,3,0,3,3
1294,Men,Distance,2026,1,1,0,1,False,1,0,1,1
1309,Men,Distance,2026,5,3,0,3,False,6,0,6,10
1421,Men,Distance,2026,5,3,0,3,False,3,0,3,5
1421,Men,Hurdles,2026,0,1,0,1,False,1,0,1,0
1458,Women,Distance,2026,0,1,0,1,False,1,0,1,0
1478,Women,Jumps,2026,0,1,0,1,False,1,0,1,0
1478,Women,Sprints,2026,0,1,0,1,False,2,0,2,0
1484,Women,Distance,2026,1,1,0,1,False,1,0,1,1
1497,Women,Distance,2026,2,2,0,2,False,2,0,2,2
1525,Men,Distance,2026,0,1,0,1,False,1,0,1,0
1534,Men,Distance,2026,0,1,0,1,False,1,0,1,0
1536,Men,Distance,2026,0,1,0,1,False,1,0,1,0
1536,Men,Sprints,2026,0,1,0,1,False,1,0,1,0
1552,Men,Distance,2026,1,2,1,3,True,2,2,4,1
1557,Men,Distance,2026,2,1,0,1,False,1,0,1,3
1557,Men,Sprints,2026,0,1,0,1,False,1,0,1,0
1558,Men,Distance,2026,0,1,0,1,False,3,0,3,0
1562,Men,Distance,2026,0,1,0,1,False,1,0,1,0
1584,Men,Distance,2026,1,1,0,1,False,1,0,1,1
1584,Men,Sprints,2026,0,1,0,1,False,1,0,1,0
1589,Men,Distance,2026,2,2,0,2,False,4,0,4,4
1589,Men,Hurdles,2026,0,1,0,1,False,2,0,2,0
1589,Men,Jumps,2026,0,1,0,1,False,1,0,1,0
1589,Men,Sprints,2026,0,1,0,1,False,3,0,3,0
1589,Men,Throws,2026,0,1,0,1,False,1,0,1,0
1612,Men,Distance,2026,0,1,0,1,False,1,0,1,0
1612,Men,Hurdles,2026,0,1,0,1,False,1,0,1,0
1612,Men,Jumps,2026,0,1,0,1,False,1,0,1,0
1656,Men,Distance,2026,4,1,0,1,False,1,0,1,4
1657,Men,Distance,2026,3,2,0,2,False,2,0,2,5
1658,Men,Distance,2026,3,2,0,2,False,2,0,2,5
1686,Women,Distance,2026,2,1,0,1,False,2,0,2,3
1686,Women,Hurdles,2026,0,1,0,1,False,1,0,1,0
1704,Men,Distance,2026,2,2,0,2,False,3,0,3,2
1715,Men,Distance,2026,2,1,0,1,False,2,0,2,2
1928,Women,Distance,2026,0,0,1,1,True,0,1,1,0
1930,Women,Distance,2026,3,1,0,1,False,1,0,1,4
1945,Women,Distance,2026,5,2,1,3,True,2,1,3,5
1946,Women,Distance,2026,2,2,0,2,False,2,0,2,3
1947,Women,Distance,2026,1,2,0,2,False,3,0,3,2
1948,Women,Distance,2026,2,1,0,1,False,2,0,2,4
1954,Women,Distance,2026,4,1,0,1,False,1,0,1,6
1966,Women,Distance,2026,0,1,0,1,False,1,0,1,0
1999,Men,Distance,2026,0,1,0,1,False,1,0,1,0
1999,Men,Hurdles,2026,0,1,0,1,False,1,0,1,0
2003,Men,Distance,2026,2,1,0,1,False,2,0,2,4
2013,Men,Distance,2026,1,0,1,1,True,0,1,1,1
2030,Men,Distance,2026,0,1,0,1,False,1,0,1,0
2037,Men,Distance,2026,2,1,0,1,False,2,0,2,2
2037,Men,Hurdles,2026,0,1,0,1,False,1,0,1,0
2037,Men,Jumps,2026,1,1,0,1,False,1,0,1,1
2173,Men,Distance,2026,1,1,0,1,False,1,0,1,1
2174,Men,Distance,2026,1,1,0,1,False,1,0,1,1
2176,Men,Distance,2026,1,2,0,2,False,4,0,4,1
2259,Men,Distance,2026,3,1,0,1,False,1,0,1,3
2284,Men,Distance,2026,4,1,0,1,False,1,0,1,4
2289,Men,Distance,2026,0,1,0,1,False,1,0,1,0
2291,Women,Distance,2026,0,1,1,2,True,1,1,2,0
2302,Men,Distance,2026,1,3,0,3,False,3,0,3,1
2303,Men,Distance,2026,0,1,0,1,False,1,0,1,0
2306,Men,Distance,2026,0,1,0,1,False,1,0,1,0
2306,Men,Sprints,2026,0,1,1,2,True,1,1,2,0
2311,Men,Distance,2026,0,2,0,2,False,2,0,2,0
2316,Men,Distance,2026,0,2,0,2,False,2,0,2,0
2380,Women,Distance,2026,1,2,0,2,False,2,0,2,1
2384,Women,Distance,2026,0,1,0,1,False,1,0,1,0
2385,Women,Throws,2026,1,1,0,1,False,1,0,1,1
2387,Women,Distance,2026,1,1,0,1,False,1,0,1,1
2400,Women,Distance,2026,1,2,0,2,False,4,0,4,2
2403,Women,Distance,2026,1,1,0,1,False,1,0,1,1
2403,Women,Sprints,2026,1,1,0,1,False,1,0,1,1
2403,Women,Throws,2026,0,1,0,1,False,1,0,1,0
2406,Women,Distance,2026,1,2,0,2,False,2,0,2,1
2408,Women,Distance,2026,0,2,0,2,False,2,0,2,0
2437,Men,Distance,2026,1,1,0,1,False,1,0,1,1
2438,Men,Distance,2026,1,2,0,2,False,2,0,2,1
2442,Men,Distance,2026,2,1,0,1,False,1,0,1,3
2453,Men,Distance,2026,2,1,0,1,False,1,0,1,2
2456,Men,Distance,2026,1,2,0,2,False,4,0,4,1
2460,Men,Distance,2026,0,1,0,1,False,1,0,1,0
2463,Men,Distance,2026,1,2,0,2,False,2,0,2,1
2464,Men,Distance,2026,2,1,0,1,False,1,0,1,2
2464,Men,Jumps,2026,1,1,0,1,False,1,0,1,1
2467,Men,Distance,2026,3,1,0,1,False,2,0,2,3
2469,Men,Distance,2026,3,2,0,2,False,4,0,4,4
2470,Men,Distance,2026,1,2,0,2,False,2,0,2,1
2474,Men,Distance,2026,2,1,0,1,False,2,0,2,2
2487,Men,Sprints,2026,2,1,0,1,False,2,0,2,2
2539,Men,Distance,2026,0,1,0,1,False,1,0,1,0
2540,Men,Distance,2026,1,2,0,2,False,2,0,2,1
2540,Men,Sprints,2026,0,1,0,1,False,1,0,1,0
2540,Men,Throws,2026,0,1,0,1,False,1,0,1,0
2553,Men,Distance,2026,3,1,0,1,False,1,0,1,4
2561,Men,Distance,2026,0,1,0,1,False,1,0,1,0
2566,Men,Distance,2026,0,2,0,2,False,2,0,2,0
2582,Men,Distance,2026,0,1,0,1,False,1,0,1,0
2598,Men,Distance,2026,0,1,0,1,False,2,0,2,0
2608,Men,Distance,2026,2,1,0,1,False,2,0,2,2
2608,Men,Hurdles,2026,0,1,0,1,False,1,0,1,0
2700,Women,Distance,2026,1,1,0,1,False,1,0,1,2
2730,Men,Distance,2026,0,2,0,2,False,2,0,2,0
2730,Men,Throws,2026,0,1,0,1,False,1,0,1,0
2754,Men,Distance,2026,0,1,0,1,False,1,0,1,0
2754,Men,Sprints,2026,0,1,0,1,False,1,0,1,0
2798,Men,Distance,2026,0,0,1,1,True,0,1,1,0
2799,Men,Distance,2026,0,0,1,1,True,0,1,1,0
2802,Men,Distance,2026,0,0,1,1,True,0,1,1,0
2803,Men,Distance,2026,1,1,0,1,False,1,0,1,1
2804,Men,Distance,2026,0,0,1,1,True,0,2,2,0
2806,Men,Distance,2026,0,0,1,1,True,0,1,1,0
2855,Men,Distance,2026,2,1,0,1,False,2,0,2,3
2867,Men,Distance,2026,3,1,0,1,False,2,0,2,4
2867,Men,Sprints,2026,0,1,0,1,False,1,0,1,0
2871,Men,Distance,2026,0,1,0,1,False,1,0,1,0
2896,Men,Distance,2026,2,1,0,1,False,1,0,1,2
2897,Men,Distance,2026,1,2,0,2,False,2,0,2,1
2899,Men,Distance,2026,1,2,0,2,False,2,0,2,1
2900,Men,Distance,2026,1,2,0,2,False,3,0,3,1
2946,Men,Distance,2026,0,2,0,2,False,3,0,3,0
2959,Men,Distance,2026,0,2,0,2,False,2,0,2,0
2965,Men,Distance,2026,0,1,0,1,False,1,0,1,0
2970,Men,Distance,2026,0,1,0,1,False,1,0,1,0
3000,Women,Distance,2026,3,2,0,2,False,3,0,3,4
3012,Men,Jumps,2026,0,1,0,1,False,1,0,1,0
3012,Men,Sprints,2026,0,1,0,1,False,1,0,1,0
3015,Men,Distance,2026,1,1,0,1,False,1,0,1,1
3100,Women,Distance,2026,0,2,0,2,False,2,0,2,0
3116,Women,Distance,2026,1,1,0,1,False,1,0,1,1
3142,Men,Distance,2026,0,1,0,1,False,2,0,2,0
3169,Men,Distance,2026,1,2,0,2,False,2,0,2,2
3175,Men,Distance,2026,0,1,0,1,False,1,0,1,0
3240,Women,Distance,2026,0,1,1,2,True,2,1,3,0
3267,Men,Distance,2026,0,1,0,1,False,1,0,1,0
3296,Men,Distance,2026,0,1,0,1,False,1,0,1,0
3298,Men,Distance,2026,0,1,0,1,False,2,0,2,0
3333,Men,Distance,2026,3,1,0,1,False,1,0,1,3
3336,Men,Distance,2026,0,1,0,1,False,2,0,2,0
3400,Men,Sprints,2026,0,1,0,1,False,2,0,2,0
3431,Women,Distance,2026,0,1,1,2,True,1,1,2,0
3522,Men,Sprints,2026,1,1,0,1,False,3,0,3,2
3581,Women,Sprints,2026,2,2,1,3,True,3,2,5,2
3596,Men,Distance,2026,0,1,0,1,False,1,0,1,0
3609,Men,Distance,2026,0,1,0,1,False,1,0,1,0
3609,Men,Hurdles,2026,0,2,0,2,False,4,0,4,0
3609,Men,Jumps,2026,0,1,0,1,False,3,0,3,0
3609,Men,Sprints,2026,0,1,0,1,False,3,0,3,0
3609,Men,Throws,2026,0,1,0,1,False,2,0,2,0
3615,Men,Distance,2026,0,1,0,1,False,1,0,1,0
3650,Women,Sprints,2026,3,2,0,2,False,2,0,2,5
3652,Women,Hurdles,2026,0,2,0,2,False,4,0,4,0
3654,Women,Distance,2026,1,1,0,1,False,2,0,2,1
3657,Women,Jumps,2026,2,1,0,1,False,1,0,1,5
3657,Women,Throws,2026,1,1,0,1,False,1,0,1,1
3664,Women,Jumps,2026,2,2,0,2,False,5,0,5,4
3666,Women,Jumps,2026,3,1,0,1,False,1,0,1,4
3666,Women,Sprints,2026,0,1,0,1,False,1,0,1,0
3668,Women,Throws,2026,5,3,0,3,False,6,0,6,5
3677,Men,Distance,2026,3,1,0,1,False,1,0,1,3
3682,Men,Sprints,2026,3,2,0,2,False,4,0,4,3
3689,Men,Jumps,2026,1,1,0,1,False,1,0,1,1
3689,Men,Sprints,2026,0,1,0,1,False,1,0,1,0
3692,Men,Throws,2026,3,3,0,3,False,6,0,6,3
3694,Men,Jumps,2026,5,3,0,3,False,5,0,5,11
3696,Men,Sprints,2026,2,1,0,1,False,1,0,1,4
3698,Men,Sprints,2026,0,2,0,2,False,4,0,4,0
3699,Men,Distance,2026,2,2,0,2,False,2,0,2,2
3706,Men,Throws,2026,2,3,0,3,False,6,0,6,2
3708,Men,Sprints,2026,0,1,0,1,False,1,0,1,0
3709,Men,Hurdles,2026,0,3,0,3,False,3,0,3,0
3709,Men,Sprints,2026,6,3,0,3,False,5,0,5,10
3710,Men,Jumps,2026,5,3,0,3,False,5,0,5,10
3710,Men,Sprints,2026,1,2,0,2,False,2,0,2,1
3713,Men,Distance,2026,2,1,0,1,False,1,0,1,2
3719,Men,Jumps,2026,0,1,0,1,False,1,0,1,0
3719,Men,Sprints,2026,2,3,0,3,False,6,0,6,2
3720,Men,Sprints,2026,1,1,0,1,False,2,0,2,1
3725,Men,Hurdles,2026,0,1,0,1,False,1,0,1,0
3725,Men,Sprints,2026,3,1,0,1,False,1,0,1,4
3725,Men,Throws,2026,0,3,0,3,False,3,0,3,0
3728,Men,Sprints,2026,5,2,0,2,False,4,0,4,8
3733,Men,Hurdles,2026,0,1,0,1,False,1,0,1,0
3733,Men,Sprints,2026,1,1,0,1,False,1,0,1,1
3752,Women,Hurdles,2026,0,1,0,1,False,1,0,1,0
3755,Women,Distance,2026,3,1,0,1,False,1,0,1,4
3764,Men,Sprints,2026,1,1,0,1,False,1,0,1,1
3787,Men,Distance,2026,0,1,0,1,False,1,0,1,0
3790,Men,Distance,2026,3,2,0,2,False,3,0,3,4
3832,Men,Distance,2026,3,2,0,2,False,2,0,2,4
3837,Men,Distance,2026,1,1,0,1,False,1,0,1,1
3843,Men,Sprints,2026,2,1,0,1,False,1,0,1,2
3845,Men,Jumps,2026,1,2,0,2,False,3,0,3,1
3845,Men,Sprints,2026,0,1,0,1,False,1,0,1,0
3859,Men,Distance,2026,0,1,0,1,False,1,0,1,0
3862,Women,Distance,2026,1,0,1,1,True,0,1,1,1
3864,Women,Distance,2026,0,1,0,1,False,1,0,1,0
3871,Men,Sprints,2026,2,1,0,1,False,2,0,2,2
3879,Men,Sprints,2026,0,1,0,1,False,1,0,1,0
3932,Women,Hurdles,2026,0,1,0,1,False,1,0,1,0
3933,Women,Jumps,2026,0,1,0,1,False,1,0,1,0
3938,Women,Sprints,2026,1,1,0,1,False,1,0,1,1
3945,Men,Sprints,2026,0,1,0,1,False,1,0,1,0
3960,Men,Distance,2026,0,0,1,1,True,0,3,3,0
3975,Women,Hurdles,2026,0,1,0,1,False,2,0,2,0
3977,Women,Distance,2026,0,1,0,1,False,1,0,1,0
3977,Women,Hurdles,2026,0,1,0,1,False,1,0,1,0
3981,Women,Distance,2026,1,1,0,1,False,1,0,1,1
3981,Women,Hurdles,2026,0,1,0,1,False,2,0,2,0
3981,Women,Sprints,2026,0,1,0,1,False,1,0,1,0
3993,Men,Distance,2026,0,1,0,1,False,1,0,1,0
3993,Men,Jumps,2026,1,1,0,1,False,1,0,1,1
3996,Men,Sprints,2026,0,1,0,1,False,2,0,2,0
4002,Men,Throws,2026,1,1,0,1,False,1,0,1,1
4023,Women,Hurdles,2026,0,0,1,1,True,0,2,2,0
4023,Women,Sprints,2026,2,0,1,1,True,0,2,2,4
4035,Men,Throws,2026,2,0,1,1,True,0,2,2,2
4036,Men,Jumps,2026,3,1,0,1,False,1,0,1,3
4036,Men,Sprints,2026,2,1,0,1,False,2,0,2,3
4073,Men,Sprints,2026,3,2,0,2,False,4,0,4,3
4092,Women,Distance,2026,1,1,0,1,False,2,0,2,4
4094,Women,Distance,2026,1,1,0,1,False,2,0,2,1
4101,Men,Jumps,2026,1,1,0,1,False,1,0,1,1
4101,Men,Sprints,2026,0,1,0,1,False,2,0,2,0
4143,Men,Jumps,2026,2,1,0,1,False,1,0,1,2
4148,Men,Throws,2026,1,2,0,2,False,4,0,4,1
4149,Men,Sprints,2026,3,3,0,3,False,5,0,5,3
4150,Men,Distance,2026,0,1,0,1,False,1,0,1,0
4150,Men,Sprints,2026,0,2,0,2,False,2,0,2,0
4151,Women,Hurdles,2026,0,1,0,1,False,1,0,1,0
4191,Men,Distance,2026,0,1,0,1,False,1,0,1,0
4205,Men,Distance,2026,0,1,0,1,False,1,0,1,0
4237,Women,Distance,2026,2,1,0,1,False,1,0,1,2
4241,Women,Distance,2026,2,1,0,1,False,1,0,1,2
4264,Women,Jumps,2026,1,1,0,1,False,2,0,2,1
4266,Women,Sprints,2026,1,1,0,1,False,1,0,1,1
4267,Women,Sprints,2026,0,1,0,1,False,1,0,1,0
4270,Women,Sprints,2026,1,2,0,2,False,4,0,4,1
4285,Women,Sprints,2026,0,1,0,1,False,1,0,1,0
4288,Women,Distance,2026,1,1,0,1,False,2,0,2,1
4294,Women,Throws,2026,2,1,0,1,False,1,0,1,2
4304,Men,Distance,2026,2,1,0,1,False,1,0,1,2
4304,Men,Hurdles,2026,0,1,0,1,False,1,0,1,0
4304,Men,Sprints,2026,2,1,0,1,False,2,0,2,2
4306,Men,Sprints,2026,1,1,0,1,False,2,0,2,2
4337,Men,Sprints,2026,1,1,0,1,False,2,0,2,2
4339,Men,Distance,2026,1,1,0,1,False,1,0,1,1
4346,Men,Sprints,2026,0,2,0,2,False,4,0,4,0
4347,Men,Sprints,2026,0,2,0,2,False,2,0,2,0
4364,Men,Sprints,2026,0,2,0,2,False,2,0,2,0
4380,Men,Sprints,2026,3,2,0,2,False,3,0,3,4
4386,Men,Sprints,2026,4,2,0,2,False,3,0,3,4
4387,Men,Distance,2026,1,3,0,3,False,3,0,3,1
4387,Men,Sprints,2026,2,3,0,3,False,3,0,3,2
4432,Men,Distance,2026,1,1,0,1,False,1,0,1,1
4433,Men,Distance,2026,1,1,0,1,False,1,0,1,1
4433,Men,Throws,2026,0,1,0,1,False,1,0,1,0
4440,Men,Hurdles,2026,0,2,0,2,False,2,0,2,0
4440,Men,Throws,2026,0,1,0,1,False,1,0,1,0
4449,Men,Distance,2026,1,1,0,1,False,1,0,1,1
4553,Women,Sprints,2026,0,2,0,2,False,2,0,2,0
4555,Women,Distance,2026,0,1,0,1,False,2,0,2,0
4573,Men,Distance,2026,0,1,0,1,False,1,0,1,0
4586,Men,Distance,2026,0,1,0,1,False,2,0,2,0
4586,Men,Hurdles,2026,0,2,0,2,False,3,0,3,0
4586,Men,Jumps,2026,0,2,0,2,False,4,0,4,0
4586,Men,Sprints,2026,0,1,0,1,False,3,0,3,0
4586,Men,Throws,2026,0,1,0,1,False,2,0,2,0
4589,Men,Sprints,2026,0,1,0,1,False,1,0,1,0
4589,Men,Throws,2026,0,1,0,1,False,1,0,1,0
4656,Women,Distance,2026,0,1,0,1,False,1,0,1,0
4669,Women,Distance,2026,0,1,0,1,False,1,0,1,0
4704,Men,Distance,2026,1,2,0,2,False,2,0,2,1
4711,Men,Distance,2026,0,2,0,2,False,2,0,2,0
4726,Men,Distance,2026,0,3,0,3,False,5,0,5,0
4727,Men,Sprints,2026,0,2,0,2,False,3,0,3,0
4728,Men,Distance,2026,0,3,0,3,False,3,0,3,0
4732,Men,Distance,2026,2,1,0,1,False,1,0,1,3
4740,Women,Hurdles,2026,0,1,0,1,False,1,0,1,0
4740,Women,Sprints,2026,1,1,0,1,False,1,0,1,1
4864,Men,Sprints,2026,1,1,0,1,False,2,0,2,1
4865,Men,Distance,2026,1,1,0,1,False,1,0,1,1
4910,Men,Distance,2026,4,1,0,1,False,2,0,2,5
5137,Men,Distance,2026,0,1,1,2,True,2,1,3,0
5139,Men,Distance,2026,0,1,0,1,False,2,0,2,0
5154,Men,Distance,2026,0,1,1,2,True,1,1,2,0
5155,Men,Distance,2026,0,2,0,2,False,2,0,2,0
5161,Men,Distance,2026,0,1,0,1,False,2,0,2,0
5165,Men,Sprints,2026,0,1,0,1,False,2,0,2,0
5196,Women,Jumps,2026,1,1,0,1,False,1,0,1,1
5197,Women,Hurdles,2026,0,1,0,1,False,1,0,1,0
5197,Women,Throws,2026,1,2,0,2,False,4,0,4,1
5198,Women,Hurdles,2026,0,1,0,1,False,1,0,1,0
5202,Women,Distance,2026,2,1,0,1,False,1,0,1,2
5207,Women,Jumps,2026,1,1,0,1,False,1,0,1,1
5209,Women,Throws,2026,0,2,0,2,False,2,0,2,0
5211,Women,Throws,2026,0,2,0,2,False,3,0,3,0
5215,Men,Distance,2026,0,1,0,1,False,1,0,1,0
5221,Men,Sprints,2026,0,1,0,1,False,2,0,2,0
5229,Men,Throws,2026,2,2,0,2,False,3,0,3,2
5230,Men,Distance,2026,3,2,0,2,False,4,0,4,3
5231,Men,Jumps,2026,0,2,0,2,False,3,0,3,0
5233,Men,Hurdles,2026,0,2,0,2,False,2,0,2,0
5233,Men,Jumps,2026,0,1,0,1,False,1,0,1,0
5234,Men,Sprints,2026,1,1,0,1,False,2,0,2,1
5239,Men,Hurdles,2026,0,2,0,2,False,3,0,3,0
5240,Men,Sprints,2026,0,2,0,2,False,3,0,3,0
5242,Men,Throws,2026,3,1,0,1,False,2,0,2,3
5246,Men,Jumps,2026,1,2,0,2,False,2,0,2,1
5246,Men,Sprints,2026,2,1,0,1,False,2,0,2,2
5247,Men,Throws,2026,2,2,0,2,False,4,0,4,2
5249,Men,Throws,2026,3,2,0,2,False,2,0,2,3
5252,Men,Hurdles,2026,0,1,0,1,False,1,0,1,0
5252,Men,Sprints,2026,0,1,0,1,False,1,0,1,0
5275,Men,Throws,2026,2,2,0,2,False,3,0,3,2
5345,Women,Distance,2026,2,1,0,1,False,1,0,1,4
5346,Women,Throws,2026,2,2,0,2,False,3,0,3,2
5500,Men,Distance,2026,5,2,1,3,True,2,1,3,5
5500,Men,Hurdles,2026,0,1,0,1,False,1,0,1,0
5541,Men,Sprints,2026,0,2,0,2,False,2,0,2,0
5565,Men,Distance,2026,0,1,0,1,False,1,0,1,0
5577,Men,Distance,2026,2,1,0,1,False,1,0,1,2
5613,Men,Sprints,2026,0,1,0,1,False,1,0,1,0
5614,Men,Sprints,2026,0,3,0,3,False,5,0,5,0
5616,Men,Distance,2026,1,2,0,2,False,2,0,2,1
5619,Men,Distance,2026,0,3,0,3,False,5,0,5,0
5626,Women,Distance,2026,4,2,0,2,False,2,0,2,4
5626,Women,Sprints,2026,2,2,0,2,False,2,0,2,2
5645,Men,Hurdles,2026,0,1,0,1,False,1,0,1,0
5679,Women,Jumps,2026,0,1,0,1,False,1,0,1,0
5679,Women,Sprints,2026,1,1,0,1,False,2,0,2,1
5708,Men,Distance,2026,1,1,0,1,False,2,0,2,1
5758,Women,Sprints,2026,0,0,1,1,True,0,1,1,0
5768,Men,Sprints,2026,1,1,0,1,False,2,0,2,1
5798,Men,Throws,2026,0,0,1,1,True,0,2,2,0
5828,Men,Hurdles,2026,0,1,0,1,False,1,0,1,0
5828,Men,Sprints,2026,0,1,0,1,False,1,0,1,0
5828,Men,Throws,2026,0,1,0,1,False,2,0,2,0
5924,Women,Distance,2026,0,1,0,1,False,1,0,1,0
6157,Women,Distance,2026,0,2,0,2,False,2,0,2,0
6193,Men,Distance,2026,0,1,0,1,False,2,0,2,0
7641,Men,Distance,2026,2,2,0,2,False,2,0,2,3
7693,Men,Distance,2026,0,1,0,1,False,1,0,1,0
7697,Men,Distance,2026,2,2,0,2,False,3,0,3,3
7704,Women,Distance,2026,0,1,0,1,False,1,0,1,0
7705,Women,Distance,2026,2,2,0,2,False,2,0,2,2
7706,Women,Distance,2026,0,2,0,2,False,2,0,2,0
7711,Women,Distance,2026,0,1,0,1,False,1,0,1,0
7724,Men,Distance,2026,0,1,0,1,False,2,0,2,0
7725,Men,Distance,2026,0,1,0,1,False,1,0,1,0
7726,Men,Distance,2026,0,1,0,1,False,1,0,1,0
7945,Women,Distance,2026,0,1,0,1,False,2,0,2,0
7945,Women,Hurdles,2026,0,1,0,1,False,2,0,2,0
7945,Women,Jumps,2026,0,1,0,1,False,2,0,2,0
7945,Women,Sprints,2026,0,1,0,1,False,3,0,3,0
7945,Women,Throws,2026,0,1,0,1,False,2,0,2,0
7950,Men,Distance,2026,0,3,0,3,False,6,0,6,0
7950,Men,Hurdles,2026,0,1,0,1,False,2,0,2,0
7950,Men,Jumps,2026,0,1,0,1,False,3,0,3,0
7950,Men,Sprints,2026,0,1,0,1,False,3,0,3,0
7950,Men,Throws,2026,0,1,0,1,False,2,0,2,0
7953,Men,Distance,2026,0,3,0,3,False,3,0,3,0
7954,Men,Distance,2026,0,2,0,2,False,3,0,3,0
7954,Men,Hurdles,2026,0,1,0,1,False,2,0,2,0
7954,Men,Jumps,2026,0,2,0,2,False,5,0,5,0
7954,Men,Sprints,2026,0,2,0,2,False,4,0,4,0
7954,Men,Throws,2026,0,1,0,1,False,2,0,2,0
7975,Men,Distance,2026,5,1,0,1,False,1,0,1,5
7981,Men,Distance,2026,1,1,0,1,False,1,0,1,1
7982,Men,Distance,2026,3,1,0,1,False,1,0,1,3
7988,Women,Distance,2026,4,1,0,1,False,1,0,1,4
7989,Women,Distance,2026,4,1,0,1,False,1,0,1,4
7998,Women,Distance,2026,0,1,0,1,False,1,0,1,0
8001,Men,Distance,2026,0,2,0,2,False,2,0,2,0
8016,Men,Distance,2026,0,0,1,1,True,0,1,1,0
8027,Women,Distance,2026,0,0,1,1,True,0,1,1,0
8038,Men,Distance,2026,2,1,1,2,True,2,1,3,3
8058,Men,Distance,2026,2,1,0,1,False,1,0,1,5
8058,Men,Hurdles,2026,0,1,0,1,False,1,0,1,0
8060,Men,Distance,2026,0,1,0,1,False,1,0,1,0
8060,Men,Sprints,2026,0,1,0,1,False,1,0,1,0
8064,Men,Distance,2026,2,1,0,1,False,1,0,1,3
8068,Men,Distance,2026,2,1,0,1,False,1,0,1,3
8108,Men,Distance,2026,3,2,0,2,False,4,0,4,4
8117,Women,Distance,2026,0,1,0,1,False,1,0,1,0
8125,Women,Distance,2026,2,1,0,1,False,2,0,2,2
8146,Men,Distance,2026,4,1,0,1,False,1,0,1,5
8147,Men,Distance,2026,1,1,0,1,False,1,0,1,1
9106,Men,Distance,2026,0,1,0,1,False,1,0,1,0
11289,Men,Distance,2026,0,1,0,1,False,1,0,1,0
11304,Men,Distance,2026,0,1,0,1,False,1,0,1,0
11307,Men,Distance,2026,3,1,0,1,False,1,0,1,5
11322,Men,Distance,2026,0,1,0,1,False,1,0,1,0
11340,Women,Distance,2026,0,1,0,1,False,1,0,1,0
11341,Women,Distance,2026,1,1,0,1,False,1,0,1,1
11344,Women,Distance,2026,0,1,0,1,False,1,0,1,0
11344,Women,Hurdles,2026,0,1,0,1,False,1,0,1,0
11364,Women,Distance,2026,2,2,0,2,False,3,0,3,2
11400,Men,Distance,2026,3,1,0,1,False,1,0,1,3
11421,Men,Sprints,2026,0,1,0,1,False,1,0,1,0
11422,Men,Distance,2026,0,1,0,1,False,1,0,1,0
11458,Women,Distance,2026,0,1,0,1,False,1,0,1,0
11470,Women,Distance,2026,0,1,0,1,False,1,0,1,0
11485,Men,Distance,2026,1,1,0,1,False,1,0,1,1
11485,Men,Hurdles,2026,0,1,0,1,False,1,0,1,0
11490,Men,Distance,2026,1,2,0,2,False,2,0,2,1
11494,Men,Sprints,2026,0,1,0,1,False,1,0,1,0
11494,Men,Throws,2026,0,2,0,2,False,2,0,2,0
11507,Men,Distance,2026,0,1,0,1,False,1,0,1,0
11516,Men,Jumps,2026,0,1,0,1,False,1,0,1,0
11516,Men,Sprints,2026,0,1,0,1,False,1,0,1,0
12027,Men,Sprints,2026,0,1,0,1,False,1,0,1,0
16114,Men,Distance,2026,0,1,0,1,False,1,0,1,0
16117,Men,Distance,2026,1,2,0,2,False,2,0,2,1
16118,Men,Distance,2026,0,2,0,2,False,2,0,2,0
16120,Men,Distance,2026,0,1,0,1,False,1,0,1,0
16123,Men,Distance,2026,2,2,0,2,False,4,0,4,2
16129,Men,Distance,2026,0,1,0,1,False,1,0,1,0
16132,Men,Distance,2026,1,2,0,2,False,4,0,4,1
16133,Men,Distance,2026,0,2,0,2,False,2,0,2,0
16133,Men,Hurdles,2026,0,1,0,1,False,1,0,1,0
16133,Men,Sprints,2026,1,1,0,1,False,1,0,1,1
16141,Men,Distance,2026,2,2,0,2,False,4,0,4,2
16142,Men,Sprints,2026,0,1,0,1,False,1,0,1,0
16147,Men,Distance,2026,1,2,0,2,False,3,0,3,1
16153,Women,Distance,2026,1,1,0,1,False,1,0,1,1
16157,Women,Distance,2026,0,1,0,1,False,1,0,1,0
16158,Women,Distance,2026,1,2,0,2,False,3,0,3,1
16158,Women,Throws,2026,0,1,0,1,False,1,0,1,0
16159,Women,Distance,2026,0,1,0,1,False,1,0,1,0
16160,Women,Distance,2026,0,2,0,2,False,2,0,2,0
16163,Women,Distance,2026,0,1,0,1,False,1,0,1,0
16166,Women,Distance,2026,0,1,0,1,False,2,0,2,0
16169,Women,Distance,2026,0,1,0,1,False,1,0,1,0
17920,Women,Sprints,2026,0,1,0,1,False,2,0,2,0
18288,Men,Distance,2026,0,2,0,2,False,2,0,2,0
18319,Men,Distance,2026,1,1,0,1,False,2,0,2,1
18727,Women,Distance,2026,0,1,0,1,False,2,0,2,0
18742,Men,Distance,2026,0,1,0,1,False,1,0,1,0
18745,Men,Distance,2026,0,1,0,1,False,1,0,1,0
18760,Women,Distance,2026,0,2,1,3,True,2,1,3,0
18780,Men,Distance,2026,0,1,0,1,False,1,0,1,0
18785,Men,Sprints,2026,0,1,0,1,False,2,0,2,0
18787,Men,Distance,2026,1,1,0,1,False,2,0,2,1
18913,Women,Distance,2026,0,1,0,1,False,1,0,1,0
18915,Men,Distance,2026,1,1,0,1,False,1,0,1,1
18922,Women,Distance,2026,3,2,0,2,False,3,0,3,4
18925,Women,Distance,2026,0,1,0,1,False,1,0,1,0
18931,Women,Distance,2026,0,2,0,2,False,3,0,3,0
18937,Women,Distance,2026,0,1,0,1,False,1,0,1,0
18939,Women,Distance,2026,0,2,0,2,False,3,0,3,0
18961,Men,Distance,2026,0,2,0,2,False,2,0,2,0
18963,Men,Distance,2026,1,1,0,1,False,1,0,1,2
18964,Men,Distance,2026,0,2,0,2,False,3,0,3,0
18966,Men,Distance,2026,1,2,0,2,False,2,0,2,1
18968,Men,Distance,2026,0,1,0,1,False,2,0,2,0
18969,Men,Distance,2026,0,1,0,1,False,1,0,1,0
18975,Men,Distance,2026,0,1,0,1,False,2,0,2,0
18975,Men,Hurdles,2026,0,1,0,1,False,2,0,2,0
18975,Men,Jumps,2026,0,1,0,1,False,3,0,3,0
18975,Men,Sprints,2026,0,1,0,1,False,3,0,3,0
18975,Men,Throws,2026,0,1,0,1,False,2,0,2,0
18977,Men,Distance,2026,2,2,0,2,False,3,0,3,3
18977,Men,Hurdles,2026,0,1,0,1,False,2,0,2,0
18978,Men,Distance,2026,0,1,0,1,False,1,0,1,0
18979,Men,Distance,2026,1,2,0,2,False,4,0,4,2
18982,Men,Distance,2026,1,2,0,2,False,2,0,2,2
18989,Men,Distance,2026,0,2,0,2,False,3,0,3,0
19001,Men,Distance,2026,1,1,0,1,False,1,0,1,1
19002,Men,Distance,2026,0,1,0,1,False,1,0,1,0
19007,Men,Distance,2026,1,1,0,1,False,3,0,3,2
19007,Men,Sprints,2026,0,1,0,1,False,1,0,1,0
19013,Men,Distance,2026,1,1,0,1,False,2,0,2,1
19366,Women,Distance,2026,0,1,0,1,False,1,0,1,0
19367,Women,Distance,2026,2,1,0,1,False,1,0,1,2
19375,Men,Distance,2026,3,1,0,1,False,1,0,1,4
19375,Men,Hurdles,2026,0,1,0,1,False,1,0,1,0
19375,Men,Sprints,2026,0,1,0,1,False,1,0,1,0
19375,Men,Throws,2026,0,1,0,1,False,1,0,1,0
19384,Men,Distance,2026,2,2,0,2,False,2,0,2,2
19385,Men,Distance,2026,0,2,0,2,False,2,0,2,0
19386,Men,Distance,2026,2,2,0,2,False,3,0,3,2
19387,Men,Distance,2026,2,2,0,2,False,6,0,6,2
19387,Men,Throws,2026,0,1,0,1,False,1,0,1,0
19398,Men,Sprints,2026,1,2,0,2,False,2,0,2,1
19411,Men,Distance,2026,1,1,0,1,False,1,0,1,2
19417,Men,Distance,2026,1,2,0,2,False,2,0,2,1
19424,Men,Distance,2026,2,1,0,1,False,1,0,1,4
19426,Men,Distance,2026,2,0,1,1,True,0,1,1,2
19448,Women,Distance,2026,0,0,1,1,True,0,1,1,0
19449,Women,Distance,2026,1,1,0,1,False,1,0,1,1
19457,Women,Distance,2026,0,1,0,1,False,1,0,1,0
19486,Men,Distance,2026,1,1,0,1,False,1,0,1,1
19496,Men,Distance,2026,0,1,0,1,False,1,0,1,0
19498,Men,Sprints,2026,0,1,0,1,False,1,0,1,0
19505,Women,Distance,2026,3,1,0,1,False,1,0,1,3
20405,Women,Distance,2026,1,1,0,1,False,1,0,1,1
20409,Women,Distance,2026,0,2,0,2,False,3,0,3,0
20419,Women,Sprints,2026,0,1,0,1,False,1,0,1,0
20431,Men,Distance,2026,0,2,0,2,False,4,0,4,0
20468,Men,Distance,2026,2,1,0,1,False,1,0,1,2
20469,Men,Distance,2026,3,0,1,1,True,0,1,1,3
20472,Men,Distance,2026,2,1,0,1,False,1,0,1,2
20477,Men,Distance,2026,1,1,0,1,False,1,0,1,1
20492,Men,Distance,2026,0,2,0,2,False,2,0,2,0
20497,Men,Distance,2026,0,1,0,1,False,1,0,1,0
20498,Men,Distance,2026,0,1,0,1,False,1,0,1,0
20764,Women,Distance,2026,2,2,0,2,False,4,0,4,4
21482,Men,Distance,2026,3,2,0,2,False,4,0,4,3
22369,Women,Hurdles,2026,0,1,0,1,False,1,0,1,0
22379,Men,Sprints,2026,0,1,0,1,False,1,0,1,0
22382,Men,Sprints,2026,0,1,0,1,False,1,0,1,0
22384,Men,Distance,2026,1,1,0,1,False,1,0,1,2
22385,Men,Distance,2026,1,1,0,1,False,1,0,1,1
22524,Men,Distance,2026,0,1,0,1,False,1,0,1,0
22588,Men,Distance,2026,1,3,0,3,False,5,0,5,1
22592,Men,Distance,2026,1,1,0,1,False,2,0,2,1
22598,Women,Distance,2026,1,3,0,3,False,3,0,3,1
22600,Women,Distance,2026,1,1,0,1,False,1,0,1,1
23446,Men,Distance,2026,0,1,0,1,False,3,0,3,0
23458,Men,Distance,2026,0,1,0,1,False,1,0,1,0
23472,Men,Distance,2026,2,1,0,1,False,2,0,2,3
23476,Men,Distance,2026,3,1,0,1,False,1,0,1,4
23530,Women,Distance,2026,0,1,0,1,False,1,0,1,0
23908,Women,Sprints,2026,2,2,0,2,False,3,0,3,2
23919,Men,Sprints,2026,2,2,0,2,False,4,0,4,2
23922,Women,Distance,2026,0,0,1,1,True,0,1,1,0
24411,Women,Jumps,2026,1,1,0,1,False,2,0,2,2
24411,Women,Sprints,2026,0,2,0,2,False,3,0,3,0
24411,Women,Throws,2026,0,1,0,1,False,1,0,1,0
24415,Men,Hurdles,2026,0,2,0,2,False,2,0,2,0
24415,Men,Jumps,2026,0,1,0,1,False,1,0,1,0
24415,Men,Sprints,2026,5,2,0,2,False,2,0,2,5
24421,Men,Distance,2026,2,1,0,1,False,2,0,2,2
24424,Men,Throws,2026,1,1,0,1,False,2,0,2,1
24454,Men,Throws,2026,2,2,1,3,True,3,2,5,2
24460,Men,Sprints,2026,2,2,0,2,False,3,0,3,2
24465,Women,Sprints,2026,0,2,0,2,False,3,0,3,0
24472,Women,Jumps,2026,0,2,0,2,False,2,0,2,0
24567,Women,Jumps,2026,5,3,0,3,False,5,0,5,10
24568,Men,Distance,2026,5,3,0,3,False,3,0,3,5
24568,Men,Sprints,2026,1,1,0,1,False,1,0,1,1
24571,Men,Jumps,2026,4,3,0,3,False,8,0,8,11
24572,Women,Sprints,2026,1,3,0,3,False,6,0,6,1
24573,Women,Sprints,2026,2,3,0,3,False,5,0,5,2
24575,Men,Hurdles,2026,0,3,0,3,False,4,0,4,0
24575,Men,Sprints,2026,0,1,0,1,False,1,0,1,0
24576,Women,Hurdles,2026,0,1,0,1,False,2,0,2,0
24576,Women,Jumps,2026,1,1,0,1,False,1,0,1,2
24579,Women,Distance,2026,4,1,0,1,False,1,0,1,4
24579,Women,Sprints,2026,1,2,0,2,False,3,0,3,1
24580,Men,Sprints,2026,3,2,0,2,False,5,0,5,3
24582,Men,Distance,2026,1,1,0,1,False,1,0,1,1
24582,Men,Sprints,2026,0,1,0,1,False,1,0,1,0
24584,Men,Throws,2026,4,3,0,3,False,3,0,3,4
24585,Men,Throws,2026,3,2,0,2,False,4,0,4,3
24586,Men,Throws,2026,1,2,0,2,False,4,0,4,1
24588,Men,Throws,2026,2,1,0,1,False,1,0,1,2
24589,Women,Throws,2026,4,3,0,3,False,6,0,6,4
24591,Women,Throws,2026,5,2,0,2,False,3,0,3,5
24592,Women,Throws,2026,5,2,0,2,False,4,0,4,5
24593,Women,Throws,2026,2,3,0,3,False,4,0,4,2
24594,Men,Distance,2026,2,2,0,2,False,4,0,4,3
24595,Men,Distance,2026,5,2,0,2,False,3,0,3,8
24602,Women,Sprints,2026,1,2,0,2,False,4,0,4,1
24603,Women,Hurdles,2026,0,3,0,3,False,4,0,4,0
24604,Women,Distance,2026,4,2,0,2,False,4,0,4,5
24605,Women,Hurdles,2026,0,1,0,1,False,1,0,1,0
24605,Women,Jumps,2026,5,2,0,2,False,5,0,5,11
24607,Men,Sprints,2026,3,2,0,2,False,2,0,2,3
24608,Men,Sprints,2026,1,1,0,1,False,2,0,2,1
24610,Men,Sprints,2026,0,1,0,1,False,1,0,1,0
24617,Men,Throws,2026,2,3,0,3,False,5,0,5,2
24623,Women,Sprints,2026,1,1,0,1,False,3,0,3,1
24625,Women,Sprints,2026,3,1,0,1,False,1,0,1,6
24630,Men,Jumps,2026,0,1,0,1,False,1,0,1,0
24630,Men,Sprints,2026,1,1,0,1,False,1,0,1,1
24634,Men,Sprints,2026,2,1,0,1,False,1,0,1,4
24638,Men,Sprints,2026,2,1,0,1,False,1,0,1,2
24656,Women,Distance,2026,0,1,0,1,False,2,0,2,0
24659,Men,Sprints,2026,0,1,0,1,False,1,0,1,0
24668,Women,Jumps,2026,3,1,0,1,False,1,0,1,3
24670,Men,Sprints,2026,2,2,0,2,False,2,0,2,2
24671,Men,Hurdles,2026,0,1,0,1,False,2,0,2,0
24676,Men,Distance,2026,0,1,0,1,False,1,0,1,0
24676,Men,Sprints,2026,2,2,0,2,False,3,0,3,3
24685,Women,Distance,2026,0,1,0,1,False,1,0,1,0
24687,Women,Sprints,2026,1,1,0,1,False,3,0,3,1
24692,Men,Distance,2026,0,1,0,1,False,1,0,1,0
24694,Men,Sprints,2026,1,1,0,1,False,2,0,2,1
24700,Men,Distance,2026,2,1,0,1,False,2,0,2,2
24701,Men,Throws,2026,2,1,0,1,False,2,0,2,2
24707,Men,Distance,2026,0,1,1,2,True,1,1,2,0
24711,Men,Distance,2026,2,1,0,1,False,1,0,1,2
24717,Women,Sprints,2026,1,1,0,1,False,2,0,2,1
24727,Women,Sprints,2026,1,1,0,1,False,1,0,1,1
24739,Women,Jumps,2026,2,2,0,2,False,3,0,3,2
24739,Women,Sprints,2026,2,2,0,2,False,4,0,4,2
24802,Men,Throws,2026,0,3,0,3,False,4,0,4,0
24829,Women,Sprints,2026,1,1,0,1,False,2,0,2,2
24835,Men,Sprints,2026,1,1,0,1,False,1,0,1,2
24859,Men,Distance,2026,2,1,0,1,False,1,0,1,2
24862,Men,Throws,2026,3,3,0,3,False,5,0,5,3
24869,Men,Sprints,2026,1,2,0,2,False,3,0,3,2
24880,Men,Sprints,2026,2,3,0,3,False,6,0,6,2
24882,Men,Sprints,2026,1,1,0,1,False,1,0,1,1
24888,Men,Sprints,2026,4,3,0,3,False,9,0,9,6
24889,Men,Sprints,2026,0,2,0,2,False,4,0,4,0
24891,Men,Sprints,2026,1,3,0,3,False,4,0,4,1
24896,Men,Sprints,2026,1,1,0,1,False,1,0,1,1
24897,Men,Sprints,2026,0,1,0,1,False,2,0,2,0
24909,Men,Distance,2026,3,2,0,2,False,2,0,2,3
24911,Men,Distance,2026,1,2,0,2,False,4,0,4,1
24914,Men,Distance,2026,2,2,0,2,False,2,0,2,2
24935,Men,Jumps,2026,1,1,0,1,False,1,0,1,2
24936,Women,Sprints,2026,0,2,0,2,False,2,0,2,0
24943,Women,Jumps,2026,0,1,0,1,False,1,0,1,0
24949,Women,Distance,2026,4,1,0,1,False,1,0,1,4
24949,Women,Sprints,2026,2,1,0,1,False,2,0,2,2
24969,Women,Jumps,2026,1,1,0,1,False,1,0,1,1
24972,Women,Sprints,2026,0,1,0,1,False,1,0,1,0
24977,Men,Sprints,2026,1,1,0,1,False,1,0,1,1
25014,Men,Distance,2026,3,1,0,1,False,1,0,1,3
25014,Men,Sprints,2026,3,1,0,1,False,1,0,1,3
25018,Men,Sprints,2026,0,2,0,2,False,2,0,2,0
25022,Women,Distance,2026,3,1,0,1,False,2,0,2,3
25022,Women,Hurdles,2026,0,1,0,1,False,1,0,1,0
25022,Women,Sprints,2026,0,1,0,1,False,1,0,1,0
25023,Men,Jumps,2026,0,1,0,1,False,1,0,1,0
25023,Men,Sprints,2026,0,1,0,1,False,2,0,2,0
25024,Men,Sprints,2026,2,1,0,1,False,2,0,2,2
25030,Men,Distance,2026,2,2,0,2,False,3,0,3,2
25031,Men,Hurdles,2026,0,2,0,2,False,2,0,2,0
25031,Men,Sprints,2026,0,1,0,1,False,1,0,1,0
25032,Men,Hurdles,2026,0,2,0,2,False,2,0,2,0
25032,Men,Sprints,2026,0,1,0,1,False,1,0,1,0
25033,Men,Jumps,2026,0,2,0,2,False,5,0,5,0
25035,Men,Throws,2026,0,1,0,1,False,2,0,2,0
25082,Men,Sprints,2026,1,1,0,1,False,2,0,2,1
25083,Men,Hurdles,2026,0,1,0,1,False,2,0,2,0
25083,Men,Jumps,2026,0,1,0,1,False,1,0,1,0
25085,Men,Sprints,2026,1,1,0,1,False,2,0,2,2
25098,Women,Distance,2026,1,1,1,2,True,2,1,3,1
25118,Men,Distance,2026,0,1,0,1,False,1,0,1,0
25148,Men,Sprints,2026,0,1,0,1,False,2,0,2,0
25153,Women,Distance,2026,0,1,0,1,False,1,0,1,0
25153,Women,Sprints,2026,0,2,0,2,False,4,0,4,0
25172,Men,Distance,2026,0,2,0,2,False,2,0,2,0
25176,Men,Throws,2026,0,1,0,1,False,2,0,2,0
25191,Men,Distance,2026,0,2,0,2,False,2,0,2,0
25196,Women,Distance,2026,0,1,0,1,False,1,0,1,0
25198,Men,Jumps,2026,0,1,0,1,False,1,0,1,0
25198,Men,Sprints,2026,0,1,0,1,False,1,0,1,0
25229,Men,Distance,2026,0,0,1,1,True,0,1,1,0
25238,Women,Jumps,2026,0,1,0,1,False,1,0,1,0
25349,Women,Distance,2026,0,2,0,2,False,2,0,2,0
25349,Women,Sprints,2026,0,2,0,2,False,2,0,2,0
25407,Men,Sprints,2026,0,1,0,1,False,1,0,1,0
25464,Women,Distance,2026,0,1,0,1,False,1,0,1,0
25467,Women,Sprints,2026,0,1,0,1,False,1,0,1,0
25471,Men,Distance,2026,0,1,0,1,False,2,0,2,0
25473,Men,Sprints,2026,1,1,0,1,False,1,0,1,1
25474,Men,Sprints,2026,2,2,0,2,False,4,0,4,2
25491,Men,Distance,2026,0,1,0,1,False,1,0,1,0
25491,Men,Sprints,2026,0,1,0,1,False,1,0,1,0
25499,Men,Jumps,2026,0,1,1,2,True,1,1,2,0
25499,Men,Sprints,2026,0,1,1,2,True,2,2,4,0
25500,Men,Sprints,2026,0,1,0,1,False,2,0,2,0
25501,Men,Sprints,2026,0,1,0,1,False,1,0,1,0
25506,Women,Sprints,2026,0,2,1,3,True,4,2,6,0
25507,Women,Distance,2026,0,1,0,1,False,2,0,2,0
25513,Men,Jumps,2026,1,1,0,1,False,1,0,1,1
25513,Men,Sprints,2026,1,1,0,1,False,1,0,1,1
25516,Men,Sprints,2026,0,1,0,1,False,2,0,2,0
25550,Men,Distance,2026,1,1,0,1,False,1,0,1,1
25555,Men,Throws,2026,2,1,0,1,False,2,0,2,2
25605,Women,Jumps,2026,1,1,0,1,False,2,0,2,2
25627,Men,Distance,2026,1,1,0,1,False,1,0,1,1
25628,Men,Distance,2026,0,1,0,1,False,1,0,1,0
25630,Men,Distance,2026,0,2,0,2,False,3,0,3,0
25635,Women,Distance,2026,0,1,0,1,False,1,0,1,0
25643,Men,Hurdles,2026,0,1,0,1,False,1,0,1,0
25650,Men,Throws,2026,0,1,0,1,False,1,0,1,0
25652,Men,Throws,2026,0,1,0,1,False,1,0,1,0
25677,Men,Distance,2026,0,1,0,1,False,1,0,1,0
25677,Men,Sprints,2026,0,1,0,1,False,2,0,2,0
25680,Men,Hurdles,2026,0,1,0,1,False,1,0,1,0
25680,Men,Jumps,2026,0,1,0,1,False,2,0,2,0
25851,Men,Hurdles,2026,0,1,0,1,False,2,0,2,0
25852,Men,Distance,2026,0,1,0,1,False,1,0,1,0
25855,Men,Distance,2026,0,1,0,1,False,2,0,2,0
25855,Men,Hurdles,2026,0,1,0,1,False,2,0,2,0
25855,Men,Jumps,2026,0,1,0,1,False,3,0,3,0
25855,Men,Sprints,2026,0,1,0,1,False,3,0,3,0
25855,Men,Throws,2026,0,1,0,1,False,2,0,2,0
25858,Men,Jumps,2026,0,2,0,2,False,2,0,2,0
25858,Men,Sprints,2026,0,2,0,2,False,4,0,4,0
25866,Men,Jumps,2026,0,1,0,1,False,2,0,2,0
25876,Men,Throws,2026,0,1,0,1,False,1,0,1,0
25878,Men,Jumps,2026,1,2,0,2,False,3,0,3,1
25994,Women,Distance,2026,0,1,0,1,False,1,0,1,0
25995,Men,Sprints,2026,0,1,0,1,False,1,0,1,0
26006,Men,Distance,2026,0,1,0,1,False,2,0,2,0
26020,Men,Distance,2026,1,2,1,3,True,4,2,6,1
26021,Men,Distance,2026,0,1,0,1,False,2,0,2,0
26031,Men,Distance,2026,0,2,1,3,True,3,1,4,0
26036,Men,Distance,2026,0,1,0,1,False,1,0,1,0
26088,Men,Hurdles,2026,0,1,0,1,False,1,0,1,0
26088,Men,Sprints,2026,0,1,0,1,False,1,0,1,0
26089,Men,Distance,2026,0,1,0,1,False,2,0,2,0
26089,Men,Hurdles,2026,0,1,0,1,False,2,0,2,0
26089,Men,Jumps,2026,0,1,0,1,False,3,0,3,0
26089,Men,Sprints,2026,0,1,0,1,False,3,0,3,0
26089,Men,Throws,2026,0,1,0,1,False,2,0,2,0
26090,Men,Sprints,2026,0,1,0,1,False,2,0,2,0
26092,Men,Sprints,2026,0,1,0,1,False,2,0,2,0
26096,Men,Sprints,2026,0,1,0,1,False,1,0,1,0
26097,Men,Distance,2026,0,1,0,1,False,1,0,1,0
26112,Men,Distance,2026,0,1,0,1,False,1,0,1,0
26118,Men,Throws,2026,0,1,0,1,False,2,0,2,0
26119,Men,Jumps,2026,0,1,0,1,False,1,0,1,0
26119,Men,Throws,2026,0,1,0,1,False,2,0,2,0
26125,Women,Jumps,2026,0,1,0,1,False,1,0,1,0
26127,Women,Distance,2026,0,1,0,1,False,2,0,2,0
26127,Women,Hurdles,2026,0,1,0,1,False,2,0,2,0
26127,Women,Jumps,2026,0,1,0,1,False,1,0,1,0
26127,Women,Sprints,2026,0,1,0,1,False,2,0,2,0
26127,Women,Throws,2026,0,1,0,1,False,2,0,2,0
26128,Women,Distance,2026,0,1,0,1,False,1,0,1,0
26132,Women,Throws,2026,0,1,0,1,False,2,0,2,0
26135,Women,Jumps,2026,0,1,0,1,False,1,0,1,0
26135,Women,Sprints,2026,0,1,0,1,False,1,0,1,0
26154,Women,Sprints,2026,0,1,0,1,False,2,0,2,0
26161,Men,Sprints,2026,1,1,0,1,False,1,0,1,1
26169,Men,Sprints,2026,0,2,0,2,False,3,0,3,0
26171,Men,Sprints,2026,0,2,0,2,False,3,0,3,0
26180,Men,Distance,2026,0,2,0,2,False,2,0,2,0
26186,Men,Jumps,2026,0,2,0,2,False,2,0,2,0
26193,Women,Sprints,2026,1,2,0,2,False,3,0,3,2
26228,Women,Distance,2026,0,1,0,1,False,1,0,1,0
26228,Women,Sprints,2026,2,2,0,2,False,2,0,2,2
26471,Men,Jumps,2026,0,1,0,1,False,1,0,1,0
26491,Men,Hurdles,2026,0,2,0,2,False,2,0,2,0
26491,Men,Throws,2026,2,2,0,2,False,3,0,3,2
26499,Men,Jumps,2026,0,1,0,1,False,2,0,2,0
26499,Men,Throws,2026,0,1,0,1,False,1,0,1,0
26504,Men,Sprints,2026,1,1,0,1,False,2,0,2,1
26507,Men,Distance,2026,2,1,0,1,False,1,0,1,2
26511,Men,Sprints,2026,1,2,0,2,False,5,0,5,1
26513,Men,Distance,2026,0,2,0,2,False,2,0,2,0
26627,Men,Distance,2026,2,2,0,2,False,2,0,2,3
26696,Men,Throws,2026,0,1,0,1,False,1,0,1,0
26704,Men,Distance,2026,0,1,0,1,False,1,0,1,0
26705,Men,Distance,2026,0,1,0,1,False,1,0,1,0
26817,Men,Distance,2026,2,1,0,1,False,1,0,1,2
26818,Men,Distance,2026,2,1,0,1,False,1,0,1,3
26820,Men,Distance,2026,0,1,0,1,False,1,0,1,0
26821,Men,Distance,2026,1,1,0,1,False,1,0,1,1
26823,Women,Distance,2026,1,2,0,2,False,2,0,2,1
26824,Women,Distance,2026,1,1,0,1,False,2,0,2,1
26825,Women,Distance,2026,2,1,0,1,False,1,0,1,2
26826,Women,Hurdles,2026,0,1,0,1,False,2,0,2,0
26826,Women,Sprints,2026,1,1,0,1,False,1,0,1,1
26827,Women,Distance,2026,0,1,0,1,False,1,0,1,0
26829,Women,Distance,2026,2,1,0,1,False,1,0,1,2
26830,Women,Distance,2026,1,2,0,2,False,2,0,2,1
26832,Women,Sprints,2026,0,1,0,1,False,1,0,1,0
26835,Men,Distance,2026,1,1,0,1,False,1,0,1,1
26835,Men,Sprints,2026,0,1,0,1,False,1,0,1,0
26838,Men,Hurdles,2026,0,2,0,2,False,3,0,3,0
26839,Men,Distance,2026,0,2,0,2,False,2,0,2,0
26840,Men,Distance,2026,0,1,0,1,False,1,0,1,0
26843,Men,Distance,2026,0,1,0,1,False,1,0,1,0
26843,Men,Sprints,2026,0,1,0,1,False,1,0,1,0
26845,Men,Distance,2026,3,1,0,1,False,2,0,2,5
26846,Men,Distance,2026,0,1,0,1,False,1,0,1,0
26847,Men,Distance,2026,2,1,0,1,False,2,0,2,2
26852,Women,Distance,2026,1,1,0,1,False,2,0,2,1
26873,Women,Distance,2026,3,1,0,1,False,1,0,1,3
26884,Women,Distance,2026,2,1,0,1,False,1,0,1,2
26885,Women,Distance,2026,0,1,0,1,False,1,0,1,0
26895,Men,Distance,2026,1,1,0,1,False,2,0,2,1
26895,Men,Sprints,2026,1,1,0,1,False,1,0,1,2
26919,Men,Distance,2026,1,2,0,2,False,2,0,2,1
26921,Men,Distance,2026,0,2,0,2,False,3,0,3,0
26922,Men,Distance,2026,0,3,0,3,False,6,0,6,0
26922,Men,Hurdles,2026,0,1,0,1,False,2,0,2,0
26922,Men,Jumps,2026,0,1,0,1,False,3,0,3,0
26922,Men,Sprints,2026,0,1,0,1,False,3,0,3,0
26922,Men,Throws,2026,0,1,0,1,False,2,0,2,0
26924,Men,Distance,2026,0,2,0,2,False,2,0,2,0
26925,Men,Distance,2026,0,2,0,2,False,3,0,3,0
26927,Women,Distance,2026,0,2,0,2,False,2,0,2,0
26928,Women,Distance,2026,0,2,0,2,False,2,0,2,0
26930,Women,Distance,2026,0,2,0,2,False,2,0,2,0
26932,Men,Distance,2026,0,1,0,1,False,1,0,1,0
26934,Men,Distance,2026,0,2,0,2,False,2,0,2,0
26935,Women,Distance,2026,0,2,1,3,True,3,1,4,0
26936,Women,Distance,2026,0,2,0,2,False,3,0,3,0
26937,Women,Distance,2026,0,2,1,3,True,3,1,4,0
26938,Women,Distance,2026,0,2,0,2,False,2,0,2,0
26940,Women,Distance,2026,0,2,0,2,False,2,0,2,0
26940,Women,Sprints,2026,0,1,0,1,False,1,0,1,0
26941,Women,Distance,2026,0,2,1,3,True,3,1,4,0
26944,Women,Distance,2026,2,1,1,2,True,2,1,3,2
26946,Women,Distance,2026,4,2,1,3,True,3,1,4,6
26947,Women,Distance,2026,5,2,0,2,False,3,0,3,5
26949,Women,Distance,2026,1,1,0,1,False,2,0,2,2
26950,Women,Jumps,2026,0,1,0,1,False,1,0,1,0
26951,Women,Distance,2026,2,1,0,1,False,2,0,2,2
26962,Women,Distance,2026,2,1,0,1,False,2,0,2,2
26966,Men,Distance,2026,1,1,0,1,False,2,0,2,1
26967,Men,Distance,2026,3,2,0,2,False,4,0,4,5
26968,Men,Distance,2026,0,1,0,1,False,1,0,1,0
26970,Men,Distance,2026,3,2,0,2,False,2,0,2,4
26972,Men,Distance,2026,0,1,0,1,False,2,0,2,0
26978,Men,Distance,2026,2,1,0,1,False,1,0,1,2
26979,Men,Distance,2026,2,1,0,1,False,1,0,1,3
26985,Men,Distance,2026,3,1,0,1,False,1,0,1,5
26993,Men,Distance,2026,1,2,0,2,False,3,0,3,1
26994,Men,Distance,2026,2,1,0,1,False,2,0,2,2
26995,Men,Distance,2026,0,1,0,1,False,1,0,1,0
26996,Men,Distance,2026,0,1,0,1,False,1,0,1,0
26998,Men,Distance,2026,2,2,0,2,False,2,0,2,2
26999,Men,Distance,2026,0,2,0,2,False,3,0,3,0
27000,Men,Distance,2026,2,3,1,4,True,5,2,7,3
27002,Men,Distance,2026,3,2,0,2,False,3,0,3,3
27003,Men,Distance,2026,1,1,0,1,False,1,0,1,1
27004,Men,Distance,2026,2,2,0,2,False,4,0,4,2
27009,Men,Distance,2026,1,2,0,2,False,4,0,4,1
27010,Men,Distance,2026,2,2,0,2,False,2,0,2,2
27010,Men,Hurdles,2026,0,1,0,1,False,1,0,1,0
27014,Men,Distance,2026,2,2,1,3,True,2,2,4,2
27016,Men,Distance,2026,2,4,1,5,True,4,1,5,2
27016,Men,Sprints,2026,0,2,0,2,False,2,0,2,0
27017,Men,Distance,2026,3,2,0,2,False,3,0,3,4
27023,Men,Distance,2026,1,1,0,1,False,1,0,1,1
27029,Men,Distance,2026,0,1,0,1,False,2,0,2,0
27030,Men,Distance,2026,0,1,0,1,False,1,0,1,0
27032,Men,Distance,2026,0,1,0,1,False,1,0,1,0
27045,Men,Hurdles,2026,0,1,0,1,False,1,0,1,0
27045,Men,Throws,2026,1,1,0,1,False,1,0,1,1
27046,Men,Sprints,2026,0,1,0,1,False,2,0,2,0
27048,Women,Distance,2026,0,1,0,1,False,1,0,1,0
27058,Women,Distance,2026,1,2,0,2,False,3,0,3,1
27059,Women,Distance,2026,2,1,0,1,False,1,0,1,2
27072,Women,Sprints,2026,1,2,0,2,False,4,0,4,3
27078,Men,Distance,2026,2,1,0,1,False,1,0,1,2
27079,Men,Distance,2026,0,1,0,1,False,1,0,1,0
27083,Men,Distance,2026,2,1,0,1,False,1,0,1,2
27088,Men,Distance,2026,3,1,0,1,False,1,0,1,5
27094,Men,Distance,2026,2,1,0,1,False,1,0,1,2
27101,Women,Distance,2026,1,1,0,1,False,2,0,2,1
27176,Men,Distance,2026,0,1,0,1,False,2,0,2,0
27177,Men,Distance,2026,1,1,0,1,False,1,0,1,1
27183,Men,Distance,2026,0,0,1,1,True,0,1,1,0
27191,Women,Distance,2026,2,2,0,2,False,3,0,3,3
27193,Women,Distance,2026,2,1,0,1,False,1,0,1,2
27203,Men,Distance,2026,2,1,0,1,False,1,0,1,2
27204,Men,Distance,2026,1,1,0,1,False,1,0,1,1
27205,Men,Distance,2026,0,1,0,1,False,2,0,2,0
27205,Men,Sprints,2026,0,1,0,1,False,1,0,1,0
27206,Men,Distance,2026,2,1,0,1,False,1,0,1,2
27209,Men,Distance,2026,1,2,0,2,False,3,0,3,1
27214,Men,Distance,2026,1,1,0,1,False,1,0,1,1
27228,Women,Distance,2026,1,2,0,2,False,2,0,2,2
27229,Women,Distance,2026,2,1,0,1,False,1,0,1,2
27235,Men,Distance,2026,0,1,0,1,False,1,0,1,0
27236,Men,Distance,2026,1,1,0,1,False,2,0,2,1
27239,Men,Distance,2026,0,1,0,1,False,1,0,1,0
27239,Men,Sprints,2026,0,1,0,1,False,1,0,1,0
27252,Women,Distance,2026,1,1,0,1,False,1,0,1,1
27261,Women,Distance,2026,1,1,0,1,False,2,0,2,1
27262,Women,Distance,2026,1,1,0,1,False,2,0,2,2
27279,Women,Distance,2026,0,1,0,1,False,1,0,1,0
27294,Men,Distance,2026,2,1,1,2,True,1,1,2,2
27297,Men,Distance,2026,2,1,0,1,False,1,0,1,4
27297,Men,Sprints,2026,0,1,0,1,False,1,0,1,0
27298,Men,Distance,2026,3,1,0,1,False,1,0,1,5
27299,Men,Distance,2026,5,1,0,1,False,1,0,1,5
27299,Men,Sprints,2026,0,1,0,1,False,1,0,1,0
27306,Men,Distance,2026,0,2,0,2,False,2,0,2,0
27308,Men,Distance,2026,1,2,0,2,False,3,0,3,2
27313,Men,Distance,2026,0,1,0,1,False,1,0,1,0
27319,Men,Distance,2026,1,1,0,1,False,1,0,1,1
27330,Men,Distance,2026,0,2,0,2,False,3,0,3,0
27334,Women,Distance,2026,0,1,0,1,False,2,0,2,0
27336,Women,Distance,2026,0,1,0,1,False,2,0,2,0
27338,Women,Distance,2026,0,1,0,1,False,1,0,1,0
27341,Women,Distance,2026,0,1,0,1,False,1,0,1,0
27345,Women,Distance,2026,0,1,0,1,False,2,0,2,0
27346,Women,Distance,2026,0,1,0,1,False,1,0,1,0
27349,Women,Distance,2026,3,1,0,1,False,1,0,1,3
27361,Women,Distance,2026,0,1,0,1,False,1,0,1,0
27370,Women,Distance,2026,0,1,0,1,False,1,0,1,0
27370,Women,Hurdles,2026,0,1,0,1,False,1,0,1,0
27371,Women,Distance,2026,0,1,0,1,False,1,0,1,0
27372,Men,Distance,2026,0,1,0,1,False,1,0,1,0
27374,Men,Distance,2026,0,1,0,1,False,1,0,1,0
27377,Men,Distance,2026,0,3,0,3,False,4,0,4,0
27383,Men,Distance,2026,1,1,0,1,False,1,0,1,1
27384,Men,Distance,2026,0,1,0,1,False,1,0,1,0
27385,Men,Distance,2026,0,1,0,1,False,1,0,1,0
27386,Men,Distance,2026,0,2,0,2,False,3,0,3,0
27393,Men,Distance,2026,0,1,0,1,False,2,0,2,0
27396,Men,Distance,2026,2,1,0,1,False,1,0,1,2
27399,Men,Distance,2026,0,1,0,1,False,1,0,1,0
27399,Men,Sprints,2026,0,1,0,1,False,1,0,1,0
27400,Men,Distance,2026,0,2,0,2,False,3,0,3,0
27475,Men,Distance,2026,0,1,0,1,False,2,0,2,0
27485,Men,Distance,2026,0,2,0,2,False,2,0,2,0
27487,Men,Distance,2026,2,1,0,1,False,2,0,2,3
27491,Men,Distance,2026,1,2,0,2,False,2,0,2,2
27496,Men,Distance,2026,1,2,0,2,False,2,0,2,2
27499,Men,Distance,2026,3,1,0,1,False,2,0,2,4
27500,Men,Distance,2026,3,1,0,1,False,1,0,1,3
27501,Men,Distance,2026,3,2,0,2,False,2,0,2,3
27514,Men,Sprints,2026,0,1,0,1,False,1,0,1,0
27516,Men,Distance,2026,1,1,0,1,False,2,0,2,1
27524,Women,Distance,2026,2,2,0,2,False,3,0,3,4
27526,Women,Distance,2026,2,2,0,2,False,2,0,2,3
27528,Women,Distance,2026,3,1,0,1,False,1,0,1,3
27539,Women,Distance,2026,0,1,0,1,False,1,0,1,0
27543,Women,Distance,2026,1,1,0,1,False,1,0,1,1
27548,Men,Distance,2026,2,1,0,1,False,2,0,2,2
27555,Men,Distance,2026,1,1,0,1,False,2,0,2,1
27569,Men,Distance,2026,0,1,0,1,False,1,0,1,0
27572,Men,Distance,2026,1,1,0,1,False,2,0,2,1
27573,Men,Distance,2026,0,1,0,1,False,1,0,1,0
27574,Men,Distance,2026,1,1,0,1,False,2,0,2,2
27584,Men,Distance,2026,1,1,0,1,False,2,0,2,1
27601,Women,Distance,2026,2,1,0,1,False,2,0,2,3
27602,Women,Distance,2026,1,1,0,1,False,1,0,1,1
27605,Women,Distance,2026,1,1,0,1,False,1,0,1,1
27611,Women,Distance,2026,0,1,0,1,False,1,0,1,0
27618,Women,Distance,2026,1,1,0,1,False,1,0,1,1
27618,Women,Throws,2026,0,1,0,1,False,1,0,1,0
27627,Women,Distance,2026,1,1,0,1,False,2,0,2,1
27744,Men,Distance,2026,1,2,1,3,True,4,2,6,1
27745,Men,Distance,2026,0,2,0,2,False,2,0,2,0
27746,Women,Distance,2026,1,2,0,2,False,2,0,2,1
27747,Women,Distance,2026,1,2,1,3,True,2,1,3,1
27840,Men,Distance,2026,0,1,0,1,False,1,0,1,0
27840,Men,Sprints,2026,0,1,0,1,False,1,0,1,0
27847,Men,Distance,2026,0,1,0,1,False,1,0,1,0
27867,Women,Distance,2026,0,1,0,1,False,1,0,1,0
27868,Women,Distance,2026,0,1,0,1,False,1,0,1,0
27874,Women,Distance,2026,0,1,0,1,False,1,0,1,0
27874,Women,Throws,2026,0,1,0,1,False,1,0,1,0
27875,Women,Distance,2026,2,1,0,1,False,1,0,1,2
27875,Women,Sprints,2026,2,1,0,1,False,1,0,1,2
27885,Men,Distance,2026,0,1,0,1,False,1,0,1,0
27890,Women,Distance,2026,3,1,0,1,False,1,0,1,3
27897,Women,Jumps,2026,0,1,0,1,False,1,0,1,0
27897,Women,Sprints,2026,0,2,0,2,False,4,0,4,0
27900,Women,Distance,2026,0,1,0,1,False,1,0,1,0
27907,Men,Distance,2026,0,2,0,2,False,2,0,2,0
27908,Men,Distance,2026,0,2,0,2,False,2,0,2,0
27911,Men,Distance,2026,1,2,0,2,False,3,0,3,1
27914,Men,Distance,2026,0,1,0,1,False,2,0,2,0
27915,Men,Distance,2026,0,1,0,1,False,1,0,1,0
27917,Men,Sprints,2026,2,1,0,1,False,2,0,2,2
27920,Men,Distance,2026,0,1,0,1,False,1,0,1,0
27933,Women,Distance,2026,0,1,0,1,False,1,0,1,0
27936,Women,Distance,2026,0,1,0,1,False,1,0,1,0
27936,Women,Sprints,2026,0,2,0,2,False,2,0,2,0
27941,Women,Sprints,2026,1,1,0,1,False,1,0,1,1
27942,Women,Distance,2026,1,2,0,2,False,3,0,3,1
27949,Men,Distance,2026,0,2,0,2,False,2,0,2,0
27953,Men,Distance,2026,2,1,1,2,True,2,2,4,2
27954,Men,Sprints,2026,0,1,0,1,False,1,0,1,0
27966,Women,Distance,2026,1,1,0,1,False,1,0,1,1
27971,Women,Distance,2026,1,1,0,1,False,2,0,2,1
27979,Men,Distance,2026,1,1,0,1,False,1,0,1,1
27988,Men,Distance,2026,1,1,0,1,False,1,0,1,1
28005,Men,Distance,2026,4,1,0,1,False,1,0,1,7
28080,Women,Distance,2026,0,1,0,1,False,1,0,1,0
28265,Women,Distance,2026,0,1,0,1,False,2,0,2,0
28267,Women,Distance,2026,1,2,0,2,False,3,0,3,1
28269,Women,Distance,2026,0,1,0,1,False,2,0,2,0
28272,Women,Distance,2026,2,2,0,2,False,2,0,2,2
28272,Women,Sprints,2026,0,1,0,1,False,1,0,1,0
28273,Women,Distance,2026,0,1,0,1,False,1,0,1,0
28273,Women,Sprints,2026,0,1,0,1,False,1,0,1,0
28292,Men,Distance,2026,1,1,0,1,False,1,0,1,1
28295,Men,Distance,2026,1,1,0,1,False,1,0,1,2
28296,Men,Distance,2026,0,1,0,1,False,2,0,2,0
28308,Men,Distance,2026,2,1,0,1,False,2,0,2,2
28312,Men,Distance,2026,2,2,0,2,False,2,0,2,2
28314,Men,Distance,2026,2,0,1,1,True,0,1,1,2
28318,Men,Distance,2026,0,1,0,1,False,2,0,2,0
28319,Men,Distance,2026,3,1,0,1,False,2,0,2,3
28321,Men,Distance,2026,0,1,0,1,False,2,0,2,0
28323,Men,Distance,2026,0,2,1,3,True,3,2,5,0
28327,Men,Distance,2026,0,1,0,1,False,2,0,2,0
28331,Men,Jumps,2026,0,1,0,1,False,1,0,1,0
28331,Men,Sprints,2026,1,1,0,1,False,2,0,2,1
28345,Men,Distance,2026,2,1,0,1,False,1,0,1,2
28354,Women,Distance,2026,0,2,0,2,False,2,0,2,0
28355,Women,Distance,2026,1,3,0,3,False,4,0,4,1
28356,Women,Distance,2026,0,2,0,2,False,2,0,2,0
28357,Women,Distance,2026,1,3,0,3,False,4,0,4,1
28359,Women,Distance,2026,0,2,0,2,False,2,0,2,0
28360,Men,Distance,2026,0,1,0,1,False,2,0,2,0
28361,Men,Distance,2026,1,2,0,2,False,2,0,2,1
28362,Men,Distance,2026,1,2,0,2,False,3,0,3,1
28364,Men,Distance,2026,1,1,0,1,False,1,0,1,1
28365,Men,Distance,2026,0,1,0,1,False,1,0,1,0
28411,Men,Distance,2026,3,1,0,1,False,1,0,1,4
28420,Men,Distance,2026,0,1,0,1,False,1,0,1,0
28512,Women,Distance,2026,1,1,0,1,False,2,0,2,1
28513,Women,Distance,2026,0,1,0,1,False,1,0,1,0
28513,Women,Sprints,2026,0,2,0,2,False,2,0,2,0
28523,Men,Sprints,2026,0,2,0,2,False,3,0,3,0
28542,Men,Distance,2026,0,1,0,1,False,1,0,1,0
28544,Men,Hurdles,2026,0,1,0,1,False,1,0,1,0
28544,Men,Sprints,2026,0,1,0,1,False,1,0,1,0
28690,Men,Distance,2026,0,1,0,1,False,2,0,2,0
28694,Men,Distance,2026,0,1,0,1,False,2,0,2,0
28703,Women,Distance,2026,0,1,0,1,False,2,0,2,0
28733,Women,Distance,2026,0,1,0,1,False,1,0,1,0
28748,Men,Distance,2026,0,1,0,1,False,2,0,2,0
28749,Men,Distance,2026,0,1,0,1,False,1,0,1,0
28762,Men,Distance,2026,0,1,0,1,False,2,0,2,0
28762,Men,Hurdles,2026,0,1,0,1,False,2,0,2,0
28762,Men,Jumps,2026,0,1,0,1,False,3,0,3,0
28762,Men,Sprints,2026,0,1,0,1,False,3,0,3,0
28762,Men,Throws,2026,0,1,0,1,False,2,0,2,0
28778,Women,Distance,2026,1,1,0,1,False,1,0,1,1
28778,Women,Sprints,2026,0,1,0,1,False,1,0,1,0
28782,Men,Distance,2026,1,2,0,2,False,2,0,2,1
28784,Men,Distance,2026,0,1,0,1,False,2,0,2,0
28785,Men,Distance,2026,0,1,0,1,False,1,0,1,0
28858,Women,Distance,2026,0,1,0,1,False,1,0,1,0
29205,Men,Distance,2026,0,1,0,1,False,1,0,1,0
29211,Men,Distance,2026,0,1,0,1,False,2,0,2,0
29221,Men,Sprints,2026,0,1,0,1,False,2,0,2,0
29240,Women,Distance,2026,0,1,0,1,False,1,0,1,0
29312,Men,Distance,2026,1,1,0,1,False,1,0,1,1
29447,Men,Jumps,2026,1,2,0,2,False,2,0,2,1
29447,Men,Sprints,2026,2,1,0,1,False,1,0,1,2
29448,Men,Hurdles,2026,0,1,0,1,False,1,0,1,0
29449,Men,Sprints,2026,5,3,0,3,False,6,0,6,7
29450,Women,Sprints,2026,0,2,0,2,False,2,0,2,0
29451,Women,Hurdles,2026,0,3,0,3,False,6,0,6,0
29452,Women,Hurdles,2026,0,2,0,2,False,3,0,3,0
29453,Men,Hurdles,2026,0,3,0,3,False,5,0,5,0
29454,Women,Hurdles,2026,0,2,0,2,False,3,0,3,0
29454,Women,Sprints,2026,5,1,0,1,False,2,0,2,5
29455,Women,Jumps,2026,4,2,0,2,False,3,0,3,5
29455,Women,Sprints,2026,1,1,0,1,False,1,0,1,1
29456,Men,Distance,2026,2,2,0,2,False,2,0,2,2
29456,Men,Sprints,2026,4,3,0,3,False,4,0,4,4
29458,Men,Distance,2026,1,3,0,3,False,6,0,6,1
29460,Men,Throws,2026,4,2,0,2,False,2,0,2,4
29461,Women,Throws,2026,3,2,0,2,False,4,0,4,3
29488,Women,Jumps,2026,0,1,0,1,False,1,0,1,0
29488,Women,Sprints,2026,0,1,0,1,False,2,0,2,0
29491,Men,Sprints,2026,1,0,1,1,True,0,1,1,1
29492,Men,Sprints,2026,3,0,1,1,True,0,1,1,3
29591,Women,Sprints,2026,3,2,0,2,False,3,0,3,3
29592,Women,Jumps,2026,2,2,0,2,False,3,0,3,2
29592,Women,Sprints,2026,1,1,0,1,False,1,0,1,1
29593,Women,Jumps,2026,2,1,0,1,False,1,0,1,2
29593,Women,Sprints,2026,1,1,0,1,False,1,0,1,1
29594,Women,Jumps,2026,2,1,0,1,False,1,0,1,3
29596,Women,Distance,2026,2,1,0,1,False,1,0,1,2
29597,Men,Sprints,2026,0,1,0,1,False,2,0,2,0
29599,Men,Jumps,2026,2,1,0,1,False,2,0,2,3
29599,Men,Sprints,2026,2,1,0,1,False,2,0,2,2
29599,Men,Throws,2026,1,1,0,1,False,1,0,1,1
29600,Men,Sprints,2026,2,1,0,1,False,2,0,2,2
29603,Men,Jumps,2026,1,1,0,1,False,1,0,1,2
29605,Men,Jumps,2026,0,1,0,1,False,1,0,1,0
29605,Men,Sprints,2026,2,1,0,1,False,1,0,1,2
29607,Men,Distance,2026,2,1,0,1,False,1,0,1,2
29607,Men,Sprints,2026,2,2,0,2,False,2,0,2,2
29608,Men,Distance,2026,4,3,0,3,False,3,0,3,4
29608,Men,Sprints,2026,0,1,0,1,False,1,0,1,0
29610,Women,Jumps,2026,2,2,0,2,False,2,0,2,2
29610,Women,Throws,2026,2,2,0,2,False,3,0,3,2
29611,Women,Throws,2026,2,1,0,1,False,1,0,1,2
29612,Men,Sprints,2026,3,1,0,1,False,1,0,1,3
29613,Men,Sprints,2026,2,1,0,1,False,1,0,1,2
29615,Men,Throws,2026,3,1,0,1,False,2,0,2,3
29616,Men,Distance,2026,1,1,0,1,False,1,0,1,1
29618,Men,Distance,2026,3,1,0,1,False,2,0,2,3
29619,Men,Distance,2026,1,1,0,1,False,1,0,1,1
29628,Women,Distance,2026,3,1,0,1,False,2,0,2,4
29630,Men,Sprints,2026,4,2,0,2,False,3,0,3,4
29632,Men,Sprints,2026,4,1,0,1,False,2,0,2,5
29633,Men,Sprints,2026,3,2,0,2,False,3,0,3,5
29634,Men,Sprints,2026,2,1,0,1,False,2,0,2,2
29637,Women,Hurdles,2026,0,1,0,1,False,1,0,1,0
29643,Men,Sprints,2026,3,1,0,1,False,1,0,1,3
29644,Women,Sprints,2026,5,1,0,1,False,3,0,3,7
29649,Women,Throws,2026,3,1,0,1,False,1,0,1,3
29660,Men,Sprints,2026,2,1,0,1,False,2,0,2,2
29663,Men,Sprints,2026,2,1,0,1,False,1,0,1,4
29669,Men,Sprints,2026,3,1,0,1,False,2,0,2,5
29673,Men,Sprints,2026,1,1,0,1,False,1,0,1,1
29674,Men,Distance,2026,3,3,0,3,False,4,0,4,3
29677,Men,Sprints,2026,1,1,0,1,False,2,0,2,1
29679,Men,Sprints,2026,2,1,0,1,False,2,0,2,2
29681,Men,Distance,2026,2,1,0,1,False,2,0,2,3
29690,Women,Hurdles,2026,0,1,0,1,False,1,0,1,0
29691,Men,Sprints,2026,2,1,0,1,False,2,0,2,2
29694,Men,Hurdles,2026,0,2,0,2,False,3,0,3,0
29696,Men,Sprints,2026,2,1,0,1,False,1,0,1,2
29697,Women,Throws,2026,2,2,0,2,False,3,0,3,2
29698,Men,Jumps,2026,1,1,0,1,False,1,0,1,1
29706,Women,Sprints,2026,0,1,0,1,False,1,0,1,0
29709,Men,Jumps,2026,2,1,0,1,False,1,0,1,2
29709,Men,Sprints,2026,2,1,0,1,False,1,0,1,2
29711,Men,Sprints,2026,3,2,0,2,False,3,0,3,3
29712,Women,Distance,2026,3,2,0,2,False,3,0,3,5
29714,Women,Hurdles,2026,0,2,0,2,False,3,0,3,0
29714,Women,Jumps,2026,1,1,0,1,False,1,0,1,1
29735,Men,Distance,2026,2,1,0,1,False,1,0,1,2
29737,Women,Jumps,2026,1,1,0,1,False,1,0,1,1
29741,Men,Distance,2026,1,1,0,1,False,1,0,1,1
29742,Men,Distance,2026,1,2,0,2,False,2,0,2,1
29746,Men,Hurdles,2026,0,1,0,1,False,2,0,2,0
29747,Men,Sprints,2026,2,1,0,1,False,1,0,1,2
29748,Men,Sprints,2026,2,1,0,1,False,2,0,2,2
29749,Men,Sprints,2026,2,1,0,1,False,1,0,1,3
29750,Men,Distance,2026,2,1,0,1,False,1,0,1,2
29750,Men,Sprints,2026,1,1,0,1,False,2,0,2,2
29751,Men,Distance,2026,2,2,0,2,False,2,0,2,2
29752,Men,Distance,2026,2,1,0,1,False,2,0,2,3
29753,Men,Distance,2026,2,1,0,1,False,1,0,1,2
29755,Men,Throws,2026,2,2,0,2,False,3,0,3,2
29756,Women,Hurdles,2026,0,2,0,2,False,3,0,3,0
29756,Women,Sprints,2026,2,1,0,1,False,1,0,1,2
29758,Women,Hurdles,2026,0,1,0,1,False,2,0,2,0
29760,Women,Jumps,2026,2,1,0,1,False,1,0,1,4
29762,Women,Throws,2026,2,2,0,2,False,3,0,3,2
29772,Men,Jumps,2026,0,1,0,1,False,1,0,1,0
29772,Men,Sprints,2026,0,1,0,1,False,1,0,1,0
29774,Men,Sprints,2026,0,1,0,1,False,1,0,1,0
29775,Men,Distance,2026,2,2,0,2,False,3,0,3,2
29776,Women,Jumps,2026,2,2,0,2,False,2,0,2,2
29777,Women,Sprints,2026,0,1,0,1,False,2,0,2,0
29778,Men,Distance,2026,1,1,0,1,False,1,0,1,1
29779,Men,Distance,2026,1,1,0,1,False,1,0,1,1
29780,Men,Distance,2026,1,0,1,1,True,0,1,1,1
29789,Men,Hurdles,2026,0,1,0,1,False,2,0,2,0
29790,Women,Sprints,2026,1,4,0,4,False,7,0,7,1
29791,Women,Sprints,2026,2,4,1,5,True,8,2,10,2
29793,Men,Sprints,2026,2,1,0,1,False,1,0,1,2
29794,Men,Distance,2026,3,1,0,1,False,1,0,1,3
29795,Men,Distance,2026,3,2,0,2,False,2,0,2,6
29796,Men,Distance,2026,2,1,0,1,False,1,0,1,2
29817,Men,Sprints,2026,1,1,0,1,False,2,0,2,1
29818,Men,Sprints,2026,1,1,0,1,False,2,0,2,1
29819,Men,Sprints,2026,1,1,0,1,False,2,0,2,1
29820,Men,Sprints,2026,0,1,0,1,False,1,0,1,0
29824,Women,Jumps,2026,2,1,0,1,False,1,0,1,2
29827,Women,Hurdles,2026,0,1,0,1,False,1,0,1,0
29827,Women,Jumps,2026,2,1,0,1,False,2,0,2,4
29844,Women,Sprints,2026,1,1,0,1,False,1,0,1,1
29845,Women,Hurdles,2026,0,2,0,2,False,2,0,2,0
29845,Women,Jumps,2026,1,2,0,2,False,3,0,3,1
29846,Men,Jumps,2026,1,2,0,2,False,2,0,2,1
29846,Men,Sprints,2026,1,1,0,1,False,2,0,2,1
29847,Women,Sprints,2026,1,2,0,2,False,3,0,3,1
29849,Women,Distance,2026,1,2,0,2,False,4,0,4,1
29851,Women,Distance,2026,1,2,0,2,False,2,0,2,1
29861,Women,Jumps,2026,1,2,0,2,False,2,0,2,1
29861,Women,Sprints,2026,0,3,0,3,False,3,0,3,0
29862,Men,Distance,2026,0,1,0,1,False,1,0,1,0
29862,Men,Sprints,2026,1,3,0,3,False,3,0,3,2
29864,Men,Sprints,2026,1,4,1,5,True,7,2,9,1
29867,Men,Jumps,2026,1,1,0,1,False,2,0,2,1
29868,Men,Jumps,2026,1,1,0,1,False,2,0,2,2
29869,Men,Jumps,2026,1,2,0,2,False,2,0,2,2
29870,Men,Throws,2026,1,3,0,3,False,5,0,5,1
29871,Women,Throws,2026,1,3,0,3,False,3,0,3,1
29872,Men,Jumps,2026,1,1,0,1,False,2,0,2,1
29872,Men,Sprints,2026,0,1,0,1,False,1,0,1,0
29873,Men,Sprints,2026,1,1,0,1,False,1,0,1,1
29876,Men,Sprints,2026,1,1,0,1,False,1,0,1,1
29878,Men,Sprints,2026,2,1,0,1,False,1,0,1,2
29880,Men,Distance,2026,0,1,0,1,False,1,0,1,0
29881,Women,Sprints,2026,2,1,0,1,False,2,0,2,2
29882,Men,Sprints,2026,2,1,0,1,False,1,0,1,2
29973,Men,Hurdles,2026,0,1,0,1,False,1,0,1,0
29973,Men,Sprints,2026,1,1,0,1,False,2,0,2,1
29978,Men,Sprints,2026,2,1,0,1,False,1,0,1,2
29979,Men,Sprints,2026,0,1,0,1,False,1,0,1,0
29980,Men,Sprints,2026,1,1,0,1,False,2,0,2,1
29984,Men,Sprints,2026,1,2,0,2,False,3,0,3,1
29985,Men,Sprints,2026,1,1,0,1,False,1,0,1,1
29989,Men,Sprints,2026,0,2,0,2,False,3,0,3,0
29990,Men,Sprints,2026,0,1,0,1,False,1,0,1,0
29994,Men,Throws,2026,1,1,0,1,False,1,0,1,1
29997,Women,Sprints,2026,2,2,0,2,False,2,0,2,2
29998,Women,Sprints,2026,1,3,0,3,False,6,0,6,1
29999,Women,Sprints,2026,1,3,0,3,False,6,0,6,1
30000,Women,Sprints,2026,1,2,0,2,False,4,0,4,1
30004,Men,Distance,2026,1,2,0,2,False,2,0,2,1
30005,Men,Distance,2026,2,1,0,1,False,1,0,1,2
30007,Men,Distance,2026,1,1,0,1,False,2,0,2,1
30031,Women,Distance,2026,1,1,0,1,False,1,0,1,1
30035,Women,Distance,2026,2,2,0,2,False,2,0,2,3
30039,Men,Sprints,2026,2,1,0,1,False,2,0,2,2
30040,Men,Sprints,2026,1,2,0,2,False,2,0,2,1
30041,Men,Sprints,2026,1,2,0,2,False,4,0,4,1
30042,Men,Sprints,2026,1,1,0,1,False,1,0,1,1
30043,Men,Sprints,2026,1,2,0,2,False,3,0,3,1
30044,Men,Sprints,2026,1,1,0,1,False,1,0,1,1
30045,Men,Sprints,2026,2,1,0,1,False,1,0,1,3
30049,Men,Distance,2026,2,2,0,2,False,3,0,3,2
30050,Men,Distance,2026,1,1,0,1,False,1,0,1,1
30055,Men,Distance,2026,1,1,0,1,False,2,0,2,1
30057,Men,Distance,2026,1,2,0,2,False,2,0,2,1
30065,Men,Distance,2026,1,2,0,2,False,2,0,2,1
30065,Men,Sprints,2026,1,1,0,1,False,1,0,1,1
30068,Men,Jumps,2026,0,1,0,1,False,1,0,1,0
30069,Men,Jumps,2026,1,1,0,1,False,1,0,1,1
30069,Men,Sprints,2026,1,1,0,1,False,1,0,1,1
30071,Men,Sprints,2026,1,1,0,1,False,2,0,2,1
30072,Men,Sprints,2026,1,1,0,1,False,1,0,1,1
30075,Men,Sprints,2026,2,1,0,1,False,2,0,2,2
30076,Women,Sprints,2026,1,1,0,1,False,1,0,1,1
30079,Women,Sprints,2026,1,1,0,1,False,2,0,2,1
30081,Men,Distance,2026,2,2,0,2,False,2,0,2,2
30098,Men,Throws,2026,1,1,0,1,False,2,0,2,1
30102,Men,Throws,2026,1,2,0,2,False,2,0,2,1
30103,Women,Throws,2026,1,2,0,2,False,4,0,4,1
30104,Women,Throws,2026,1,1,0,1,False,1,0,1,1
30106,Women,Throws,2026,1,2,0,2,False,3,0,3,1
30107,Women,Throws,2026,1,3,0,3,False,4,0,4,1
30109,Men,Hurdles,2026,0,1,0,1,False,2,0,2,0
30109,Men,Jumps,2026,1,1,0,1,False,2,0,2,2
30111,Men,Jumps,2026,1,1,0,1,False,1,0,1,1
30115,Women,Sprints,2026,1,2,0,2,False,4,0,4,1
30119,Men,Jumps,2026,1,1,0,1,False,1,0,1,1
30123,Men,Distance,2026,1,1,0,1,False,1,0,1,2
30147,Men,Sprints,2026,0,1,0,1,False,1,0,1,0
30148,Men,Sprints,2026,0,1,0,1,False,1,0,1,0
30149,Men,Sprints,2026,0,1,0,1,False,1,0,1,0
30151,Women,Sprints,2026,0,1,0,1,False,2,0,2,0
30152,Women,Sprints,2026,0,1,0,1,False,1,0,1,0
30153,Women,Distance,2026,0,1,0,1,False,1,0,1,0
30156,Women,Distance,2026,0,1,0,1,False,1,0,1,0
30159,Men,Sprints,2026,0,1,0,1,False,1,0,1,0
30168,Men,Sprints,2026,1,1,0,1,False,1,0,1,1
30285,Men,Distance,2026,0,1,0,1,False,1,0,1,0
30285,Men,Sprints,2026,0,1,0,1,False,2,0,2,0
30302,Women,Hurdles,2026,0,1,0,1,False,2,0,2,0
30306,Women,Distance,2026,0,1,0,1,False,1,0,1,0
30320,Men,Sprints,2026,0,2,0,2,False,3,0,3,0
30323,Men,Hurdles,2026,0,2,0,2,False,2,0,2,0
30323,Men,Sprints,2026,0,2,0,2,False,2,0,2,0
30332,Men,Sprints,2026,0,1,0,1,False,1,0,1,0
30343,Men,Sprints,2026,1,1,0,1,False,1,0,1,1
30346,Men,Hurdles,2026,0,2,0,2,False,3,0,3,0
30346,Men,Jumps,2026,0,1,0,1,False,1,0,1,0
30346,Men,Sprints,2026,0,1,0,1,False,1,0,1,0
30348,Men,Distance,2026,0,1,0,1,False,1,0,1,0
30348,Men,Sprints,2026,0,1,0,1,False,1,0,1,0
30361,Women,Distance,2026,0,1,0,1,False,1,0,1,0
30368,Women,Distance,2026,0,1,0,1,False,1,0,1,0
30370,Women,Sprints,2026,0,1,0,1,False,1,0,1,0
30370,Women,Throws,2026,0,1,0,1,False,1,0,1,0
30371,Women,Sprints,2026,0,1,0,1,False,1,0,1,0
30375,Women,Hurdles,2026,0,1,0,1,False,1,0,1,0
30375,Women,Sprints,2026,0,1,0,1,False,1,0,1,0
30376,Women,Hurdles,2026,0,1,0,1,False,1,0,1,0
30384,Women,Sprints,2026,1,1,0,1,False,3,0,3,2
30388,Women,Sprints,2026,0,1,0,1,False,2,0,2,0
30393,Men,Sprints,2026,0,1,0,1,False,1,0,1,0
30399,Men,Sprints,2026,0,1,0,1,False,2,0,2,0
30405,Men,Sprints,2026,0,1,0,1,False,2,0,2,0
30410,Men,Sprints,2026,0,1,0,1,False,1,0,1,0
30413,Women,Distance,2026,2,1,0,1,False,1,0,1,3
30415,Men,Distance,2026,2,1,0,1,False,1,0,1,2
30419,Women,Distance,2026,1,1,0,1,False,1,0,1,1
30421,Women,Distance,2026,1,1,0,1,False,1,0,1,1
30424,Women,Distance,2026,1,1,0,1,False,2,0,2,1
30433,Women,Distance,2026,2,1,0,1,False,1,0,1,2
30434,Men,Distance,2026,1,1,0,1,False,1,0,1,1
30447,Women,Throws,2026,1,2,0,2,False,3,0,3,1
30448,Men,Throws,2026,1,1,0,1,False,1,0,1,1
30957,Women,Distance,2026,0,2,0,2,False,2,0,2,0
30961,Men,Distance,2026,0,1,0,1,False,1,0,1,0
30965,Women,Sprints,2026,1,2,0,2,False,4,0,4,1
30967,Women,Jumps,2026,0,1,0,1,False,1,0,1,0
30967,Women,Sprints,2026,1,1,0,1,False,1,0,1,1
30969,Men,Sprints,2026,1,2,0,2,False,2,0,2,1
30971,Men,Sprints,2026,1,1,0,1,False,2,0,2,1
30981,Women,Distance,2026,1,1,0,1,False,1,0,1,1
30985,Men,Distance,2026,1,2,0,2,False,3,0,3,1
30988,Men,Distance,2026,1,2,0,2,False,2,0,2,1
30991,Women,Jumps,2026,0,1,0,1,False,1,0,1,0
30991,Women,Sprints,2026,0,1,0,1,False,1,0,1,0
30992,Women,Hurdles,2026,0,2,0,2,False,4,0,4,0
30994,Men,Sprints,2026,0,1,0,1,False,1,0,1,0
30998,Men,Jumps,2026,0,2,0,2,False,2,0,2,0
30998,Men,Sprints,2026,0,1,0,1,False,1,0,1,0
31004,Men,Distance,2026,0,1,0,1,False,1,0,1,0
31012,Men,Distance,2026,2,0,1,1,True,0,1,1,2
31012,Men,Jumps,2026,0,0,1,1,True,0,1,1,0
31017,Men,Sprints,2026,0,1,0,1,False,2,0,2,0
31018,Men,Sprints,2026,0,1,0,1,False,1,0,1,0
31019,Men,Jumps,2026,3,1,0,1,False,1,0,1,3
31019,Men,Sprints,2026,1,1,0,1,False,1,0,1,1
31020,Men,Sprints,2026,0,1,0,1,False,2,0,2,0
31021,Men,Sprints,2026,0,1,0,1,False,2,0,2,0
31022,Men,Jumps,2026,0,1,0,1,False,1,0,1,0
31022,Men,Sprints,2026,0,1,0,1,False,2,0,2,0
31023,Men,Sprints,2026,0,1,0,1,False,1,0,1,0
31024,Men,Jumps,2026,0,0,1,1,True,0,1,1,0
31024,Men,Sprints,2026,0,3,1,4,True,3,1,4,0
31025,Men,Distance,2026,0,1,0,1,False,2,0,2,0
31025,Men,Hurdles,2026,0,1,0,1,False,2,0,2,0
31025,Men,Jumps,2026,0,1,0,1,False,3,0,3,0
31025,Men,Sprints,2026,0,1,0,1,False,3,0,3,0
31025,Men,Throws,2026,0,1,0,1,False,2,0,2,0
31027,Men,Sprints,2026,0,1,0,1,False,2,0,2,0
31028,Men,Sprints,2026,0,2,0,2,False,4,0,4,0
31029,Men,Sprints,2026,0,1,0,1,False,1,0,1,0
31030,Men,Sprints,2026,0,1,0,1,False,1,0,1,0
31031,Men,Distance,2026,0,1,0,1,False,1,0,1,0
31031,Men,Sprints,2026,0,1,0,1,False,1,0,1,0
31032,Men,Distance,2026,0,1,0,1,False,1,0,1,0
31032,Men,Sprints,2026,0,2,0,2,False,2,0,2,0
31033,Men,Sprints,2026,0,2,0,2,False,2,0,2,0
31034,Men,Jumps,2026,0,1,0,1,False,1,0,1,0
31034,Men,Sprints,2026,0,1,0,1,False,1,0,1,0
31036,Men,Distance,2026,0,1,0,1,False,1,0,1,0
31037,Men,Distance,2026,0,1,0,1,False,1,0,1,0
31038,Men,Distance,2026,0,1,0,1,False,1,0,1,0
31040,Men,Distance,2026,0,2,0,2,False,2,0,2,0
31041,Men,Distance,2026,0,1,0,1,False,1,0,1,0
31042,Men,Distance,2026,0,1,0,1,False,1,0,1,0
31043,Men,Distance,2026,0,2,0,2,False,3,0,3,0
31045,Men,Distance,2026,0,1,0,1,False,1,0,1,0
31047,Men,Hurdles,2026,0,2,0,2,False,3,0,3,0
31047,Men,Sprints,2026,0,1,0,1,False,1,0,1,0
31061,Men,Throws,2026,0,1,0,1,False,2,0,2,0
31062,Men,Throws,2026,0,1,0,1,False,2,0,2,0
31063,Men,Throws,2026,0,2,0,2,False,2,0,2,0
31064,Men,Throws,2026,0,1,0,1,False,1,0,1,0
31066,Women,Hurdles,2026,0,5,0,5,False,12,0,12,0
31066,Women,Sprints,2026,0,3,0,3,False,5,0,5,0
31067,Women,Sprints,2026,0,1,0,1,False,1,0,1,0
31068,Women,Distance,2026,0,1,0,1,False,1,0,1,0
31068,Women,Hurdles,2026,0,1,0,1,False,2,0,2,0
31068,Women,Jumps,2026,0,2,0,2,False,3,0,3,0
31068,Women,Sprints,2026,0,1,0,1,False,3,0,3,0
31068,Women,Throws,2026,0,1,0,1,False,2,0,2,0
31069,Women,Sprints,2026,0,1,0,1,False,2,0,2,0
31070,Women,Jumps,2026,0,3,0,3,False,5,0,5,0
31070,Women,Sprints,2026,0,1,0,1,False,2,0,2,0
31071,Women,Distance,2026,0,2,0,2,False,3,0,3,0
31071,Women,Hurdles,2026,0,1,0,1,False,2,0,2,0
31071,Women,Jumps,2026,0,2,0,2,False,3,0,3,0
31071,Women,Sprints,2026,0,1,0,1,False,3,0,3,0
31071,Women,Throws,2026,0,1,0,1,False,2,0,2,0
31072,Women,Jumps,2026,0,2,0,2,False,2,0,2,0
31072,Women,Sprints,2026,0,2,0,2,False,3,0,3,0
31073,Women,Distance,2026,0,1,0,1,False,1,0,1,0
31073,Women,Hurdles,2026,0,1,0,1,False,2,0,2,0
31073,Women,Jumps,2026,0,1,0,1,False,2,0,2,0
31073,Women,Sprints,2026,0,1,0,1,False,3,0,3,0
31073,Women,Throws,2026,0,1,0,1,False,2,0,2,0
31074,Women,Jumps,2026,0,2,0,2,False,2,0,2,0
31074,Women,Sprints,2026,0,2,0,2,False,2,0,2,0
31075,Women,Distance,2026,0,1,0,1,False,1,0,1,0
31075,Women,Sprints,2026,0,1,0,1,False,1,0,1,0
31076,Women,Distance,2026,0,1,0,1,False,1,0,1,0
31076,Women,Sprints,2026,0,1,0,1,False,1,0,1,0
31077,Women,Distance,2026,0,3,0,3,False,4,0,4,0
31077,Women,Sprints,2026,0,1,0,1,False,1,0,1,0
31078,Women,Distance,2026,0,1,0,1,False,1,0,1,0
31078,Women,Sprints,2026,0,1,0,1,False,1,0,1,0
31079,Women,Distance,2026,0,1,0,1,False,1,0,1,0
31080,Women,Distance,2026,0,1,0,1,False,1,0,1,0
31082,Women,Distance,2026,0,3,0,3,False,3,0,3,0
31083,Women,Distance,2026,0,2,0,2,False,2,0,2,0
31085,Women,Distance,2026,0,2,0,2,False,2,0,2,0
31086,Women,Throws,2026,0,3,0,3,False,3,0,3,0
31087,Women,Throws,2026,0,1,0,1,False,2,0,2,0
31089,Women,Hurdles,2026,0,1,0,1,False,1,0,1,0
31089,Women,Sprints,2026,0,1,0,1,False,1,0,1,0
31091,Men,Sprints,2026,0,2,0,2,False,4,0,4,0
31092,Men,Sprints,2026,0,1,0,1,False,1,0,1,0
31093,Men,Sprints,2026,0,3,0,3,False,4,0,4,0
31094,Men,Sprints,2026,0,3,0,3,False,6,0,6,0
31095,Women,Sprints,2026,0,2,0,2,False,4,0,4,0
31096,Men,Distance,2026,0,2,0,2,False,2,0,2,0
31096,Men,Sprints,2026,0,1,0,1,False,2,0,2,0
31097,Women,Distance,2026,0,2,0,2,False,3,0,3,0
31098,Men,Distance,2026,0,1,0,1,False,1,0,1,0
31099,Women,Jumps,2026,0,3,0,3,False,6,0,6,0
31100,Women,Hurdles,2026,0,1,0,1,False,1,0,1,0
31100,Women,Sprints,2026,0,1,0,1,False,1,0,1,0
31102,Women,Distance,2026,0,2,0,2,False,3,0,3,0
31103,Women,Throws,2026,0,1,0,1,False,2,0,2,0
31104,Men,Sprints,2026,0,1,0,1,False,2,0,2,0
31105,Men,Sprints,2026,0,1,0,1,False,2,0,2,0
31106,Men,Sprints,2026,0,1,0,1,False,2,0,2,0
31107,Men,Distance,2026,0,1,0,1,False,1,0,1,0
31109,Men,Sprints,2026,0,1,0,1,False,2,0,2,0
31110,Men,Distance,2026,0,1,0,1,False,1,0,1,0
31112,Men,Jumps,2026,0,2,0,2,False,4,0,4,0
31167,Women,Jumps,2026,0,1,0,1,False,3,0,3,0
31168,Men,Sprints,2026,0,1,0,1,False,2,0,2,0
31169,Men,Jumps,2026,0,1,0,1,False,1,0,1,0
31169,Men,Sprints,2026,0,1,0,1,False,1,0,1,0
31170,Men,Jumps,2026,0,1,0,1,False,1,0,1,0
31170,Men,Sprints,2026,0,1,0,1,False,1,0,1,0
31171,Men,Distance,2026,0,1,0,1,False,1,0,1,0
31172,Women,Distance,2026,0,1,0,1,False,1,0,1,0
31173,Men,Distance,2026,0,1,0,1,False,1,0,1,0
31178,Men,Sprints,2026,1,1,0,1,False,2,0,2,1
31179,Men,Hurdles,2026,0,2,0,2,False,4,0,4,0
31179,Men,Sprints,2026,0,1,0,1,False,1,0,1,0
31180,Men,Sprints,2026,0,2,0,2,False,3,0,3,0
31181,Men,Sprints,2026,0,1,0,1,False,1,0,1,0
31182,Women,Hurdles,2026,0,2,0,2,False,2,0,2,0
31182,Women,Sprints,2026,1,2,0,2,False,2,0,2,1
31183,Women,Sprints,2026,1,2,0,2,False,4,0,4,1
31184,Women,Sprints,2026,1,2,0,2,False,4,0,4,1
31185,Women,Sprints,2026,1,1,0,1,False,1,0,1,1
31187,Women,Sprints,2026,1,1,0,1,False,1,0,1,1
31188,Men,Hurdles,2026,0,2,0,2,False,3,0,3,0
31188,Men,Jumps,2026,1,1,0,1,False,1,0,1,2
31188,Men,Sprints,2026,0,1,0,1,False,2,0,2,0
31188,Men,Throws,2026,0,3,0,3,False,3,0,3,0
31189,Men,Hurdles,2026,0,2,0,2,False,2,0,2,0
31189,Men,Jumps,2026,0,1,0,1,False,1,0,1,0
31189,Men,Sprints,2026,0,1,0,1,False,1,0,1,0
31189,Men,Throws,2026,0,1,0,1,False,1,0,1,0
31191,Women,Hurdles,2026,0,1,0,1,False,1,0,1,0
31191,Women,Jumps,2026,0,1,0,1,False,1,0,1,0
31192,Men,Sprints,2026,0,2,0,2,False,2,0,2,0
31193,Women,Sprints,2026,1,2,0,2,False,4,0,4,1
31194,Women,Sprints,2026,0,2,0,2,False,3,0,3,0
31195,Women,Sprints,2026,0,1,0,1,False,2,0,2,0
31196,Women,Sprints,2026,0,1,0,1,False,1,0,1,0
31197,Women,Distance,2026,0,1,0,1,False,1,0,1,0
31197,Women,Sprints,2026,0,1,0,1,False,1,0,1,0
31198,Men,Sprints,2026,0,2,0,2,False,2,0,2,0
31199,Men,Sprints,2026,0,1,0,1,False,2,0,2,0
31200,Men,Distance,2026,1,2,0,2,False,2,0,2,2
31201,Men,Distance,2026,1,2,0,2,False,2,0,2,1
31202,Women,Distance,2026,1,2,0,2,False,3,0,3,1
31203,Women,Distance,2026,1,2,0,2,False,3,0,3,1
31204,Men,Distance,2026,1,3,0,3,False,3,0,3,1
31206,Women,Distance,2026,0,1,0,1,False,1,0,1,0
31207,Women,Distance,2026,1,2,0,2,False,3,0,3,1
31210,Men,Jumps,2026,1,2,0,2,False,2,0,2,1
31211,Men,Jumps,2026,1,2,0,2,False,4,0,4,1
31211,Men,Sprints,2026,0,1,0,1,False,1,0,1,0
31212,Men,Jumps,2026,1,1,0,1,False,1,0,1,1
31213,Women,Jumps,2026,0,1,0,1,False,2,0,2,0
31213,Women,Sprints,2026,0,1,0,1,False,1,0,1,0
31214,Women,Jumps,2026,0,2,0,2,False,3,0,3,0
31219,Men,Sprints,2026,0,1,0,1,False,1,0,1,0
31219,Men,Throws,2026,1,2,0,2,False,2,0,2,1
31220,Men,Throws,2026,1,1,0,1,False,1,0,1,1
31221,Men,Throws,2026,1,3,0,3,False,5,0,5,1
31222,Men,Throws,2026,0,3,0,3,False,5,0,5,0
31223,Men,Sprints,2026,0,1,0,1,False,1,0,1,0
31223,Men,Throws,2026,0,1,0,1,False,1,0,1,0
31224,Women,Throws,2026,1,3,0,3,False,5,0,5,1
31232,Men,Sprints,2026,0,1,0,1,False,2,0,2,0
31233,Men,Jumps,2026,0,1,0,1,False,1,0,1,0
31233,Men,Sprints,2026,0,1,0,1,False,1,0,1,0
31234,Men,Sprints,2026,0,2,0,2,False,2,0,2,0
31235,Men,Sprints,2026,0,1,0,1,False,1,0,1,0
31236,Men,Sprints,2026,0,1,0,1,False,1,0,1,0
31237,Men,Sprints,2026,0,2,0,2,False,2,0,2,0
31238,Women,Jumps,2026,0,1,0,1,False,1,0,1,0
31238,Women,Sprints,2026,0,1,0,1,False,1,0,1,0
31239,Women,Sprints,2026,0,1,0,1,False,1,0,1,0
31240,Men,Sprints,2026,0,1,0,1,False,1,0,1,0
31241,Men,Sprints,2026,0,1,0,1,False,2,0,2,0
31242,Men,Sprints,2026,0,1,0,1,False,2,0,2,0
31243,Women,Sprints,2026,0,2,0,2,False,4,0,4,0
31244,Men,Sprints,2026,0,1,0,1,False,1,0,1,0
31245,Men,Sprints,2026,0,1,0,1,False,1,0,1,0
31246,Men,Sprints,2026,0,1,0,1,False,1,0,1,0
31247,Men,Sprints,2026,0,1,0,1,False,1,0,1,0
31248,Men,Distance,2026,0,1,0,1,False,2,0,2,0
31249,Women,Distance,2026,0,2,0,2,False,2,0,2,0
31250,Men,Distance,2026,0,1,0,1,False,1,0,1,0
31251,Women,Distance,2026,0,1,0,1,False,1,0,1,0
31252,Men,Sprints,2026,0,1,0,1,False,2,0,2,0
31253,Men,Sprints,2026,0,1,0,1,False,2,0,2,0
31254,Men,Sprints,2026,0,1,0,1,False,2,0,2,0
31255,Men,Sprints,2026,0,1,0,1,False,2,0,2,0
31256,Men,Sprints,2026,0,2,0,2,False,2,0,2,0
31257,Men,Sprints,2026,0,1,0,1,False,1,0,1,0
31258,Men,Distance,2026,0,1,0,1,False,1,0,1,0
31258,Men,Sprints,2026,0,1,0,1,False,1,0,1,0
31262,Men,Distance,2026,0,1,0,1,False,1,0,1,0
31263,Men,Hurdles,2026,0,1,0,1,False,1,0,1,0
31264,Women,Sprints,2026,0,1,0,1,False,1,0,1,0
31265,Women,Distance,2026,0,1,0,1,False,1,0,1,0
31265,Women,Sprints,2026,0,1,0,1,False,2,0,2,0
31266,Women,Distance,2026,0,1,0,1,False,1,0,1,0
31270,Women,Hurdles,2026,0,1,0,1,False,1,0,1,0
31271,Men,Jumps,2026,0,1,0,1,False,1,0,1,0
31271,Men,Sprints,2026,0,1,0,1,False,1,0,1,0
31272,Men,Sprints,2026,0,1,0,1,False,1,0,1,0
31273,Men,Distance,2026,0,1,0,1,False,1,0,1,0
31274,Men,Distance,2026,0,1,0,1,False,1,0,1,0
31275,Men,Distance,2026,0,1,0,1,False,1,0,1,0
31276,Women,Distance,2026,0,2,0,2,False,3,0,3,0
31277,Women,Distance,2026,0,1,0,1,False,1,0,1,0
31278,Men,Jumps,2026,0,1,0,1,False,1,0,1,0
31278,Men,Sprints,2026,0,1,0,1,False,3,0,3,0
31279,Men,Sprints,2026,0,1,0,1,False,1,0,1,0
31280,Men,Sprints,2026,0,1,0,1,False,2,0,2,0
31281,Men,Sprints,2026,0,1,0,1,False,2,0,2,0
31282,Men,Jumps,2026,0,1,0,1,False,3,0,3,0
31282,Men,Sprints,2026,0,1,0,1,False,1,0,1,0
31283,Men,Sprints,2026,0,2,0,2,False,3,0,3,0
31284,Men,Sprints,2026,0,1,0,1,False,1,0,1,0
31285,Men,Hurdles,2026,0,1,0,1,False,1,0,1,0
31285,Men,Sprints,2026,0,1,0,1,False,1,0,1,0
31286,Men,Sprints,2026,0,1,0,1,False,1,0,1,0
31288,Men,Distance,2026,0,1,0,1,False,2,0,2,0
31289,Men,Throws,2026,0,2,0,2,False,3,0,3,0
31290,Men,Throws,2026,0,1,0,1,False,2,0,2,0
31291,Men,Jumps,2026,0,1,0,1,False,1,0,1,0
31292,Men,Jumps,2026,0,1,0,1,False,1,0,1,0
31293,Men,Jumps,2026,0,1,0,1,False,1,0,1,0
31294,Women,Sprints,2026,0,2,0,2,False,2,0,2,0
31295,Women,Jumps,2026,0,2,0,2,False,2,0,2,0
31295,Women,Sprints,2026,0,2,0,2,False,3,0,3,0
31296,Women,Sprints,2026,0,1,0,1,False,2,0,2,0
31297,Women,Distance,2026,0,1,0,1,False,1,0,1,0
31298,Women,Hurdles,2026,0,1,0,1,False,2,0,2,0
31299,Women,Hurdles,2026,0,2,0,2,False,4,0,4,0
31300,Women,Throws,2026,0,2,0,2,False,3,0,3,0
31303,Women,Distance,2026,0,1,1,2,True,2,1,3,0
31304,Women,Distance,2026,0,2,1,3,True,2,1,3,0
31304,Women,Sprints,2026,0,1,1,2,True,1,1,2,0
31305,Men,Sprints,2026,0,1,1,2,True,1,2,3,0
31306,Men,Distance,2026,0,1,0,1,False,1,0,1,0
31307,Women,Sprints,2026,0,2,0,2,False,2,0,2,0
31308,Men,Hurdles,2026,0,3,0,3,False,5,0,5,0
31309,Men,Sprints,2026,0,1,0,1,False,2,0,2,0
31310,Women,Jumps,2026,0,2,0,2,False,2,0,2,0
31310,Women,Sprints,2026,0,1,0,1,False,1,0,1,0
31311,Men,Distance,2026,0,2,0,2,False,2,0,2,0
31313,Men,Sprints,2026,0,3,0,3,False,3,0,3,0
31314,Men,Hurdles,2026,0,3,0,3,False,3,0,3,0
31316,Women,Throws,2026,0,2,0,2,False,2,0,2,0
31319,Men,Distance,2026,0,1,0,1,False,1,0,1,0
31320,Men,Sprints,2026,0,1,0,1,False,1,0,1,0
31339,Women,Distance,2026,0,1,0,1,False,1,0,1,0
31340,Women,Jumps,2026,0,1,0,1,False,1,0,1,0
31341,Women,Throws,2026,0,1,0,1,False,2,0,2,0
31342,Men,Distance,2026,0,1,0,1,False,1,0,1,0
31343,Men,Distance,2026,0,1,0,1,False,1,0,1,0
31345,Men,Hurdles,2026,0,1,0,1,False,1,0,1,0
31346,Men,Sprints,2026,0,1,0,1,False,2,0,2,0
31347,Men,Sprints,2026,0,1,0,1,False,1,0,1,0
31348,Men,Sprints,2026,0,1,0,1,False,2,0,2,0
31349,Men,Sprints,2026,0,1,0,1,False,2,0,2,0
31350,Men,Sprints,2026,0,1,0,1,False,1,0,1,0
31352,Men,Sprints,2026,0,1,0,1,False,2,0,2,0
31354,Women,Distance,2026,0,1,0,1,False,1,0,1,0
31355,Women,Distance,2026,0,1,0,1,False,1,0,1,0
31356,Men,Distance,2026,0,1,0,1,False,1,0,1,0
31357,Women,Hurdles,2026,0,1,0,1,False,1,0,1,0
31358,Men,Distance,2026,0,1,0,1,False,1,0,1,0
31360,Men,Sprints,2026,0,1,0,1,False,1,0,1,0
31361,Men,Distance,2026,0,1,0,1,False,1,0,1,0
31362,Men,Throws,2026,0,1,0,1,False,1,0,1,0
31363,Women,Sprints,2026,0,1,0,1,False,2,0,2,0
31364,Women,Hurdles,2026,0,1,0,1,False,1,0,1,0
31365,Women,Hurdles,2026,0,1,0,1,False,1,0,1,0
31366,Men,Distance,2026,0,1,0,1,False,1,0,1,0
31370,Men,Sprints,2026,0,1,0,1,False,1,0,1,0
31371,Men,Distance,2026,0,1,0,1,False,1,0,1,0
31372,Women,Distance,2026,0,2,0,2,False,2,0,2,0
31373,Men,Distance,2026,0,1,0,1,False,1,0,1,0
31374,Men,Distance,2026,0,1,0,1,False,1,0,1,0
31375,Men,Distance,2026,0,1,0,1,False,1,0,1,0
31376,Men,Sprints,2026,0,1,0,1,False,1,0,1,0
31377,Men,Sprints,2026,0,1,0,1,False,2,0,2,0
31378,Men,Sprints,2026,0,1,0,1,False,1,0,1,0
31379,Men,Sprints,2026,0,1,0,1,False,1,0,1,0
31380,Men,Sprints,2026,0,1,0,1,False,1,0,1,0
31381,Men,Sprints,2026,0,1,0,1,False,1,0,1,0
31382,Men,Sprints,2026,0,1,0,1,False,1,0,1,0
31383,Men,Sprints,2026,0,1,0,1,False,1,0,1,0
31384,Men,Sprints,2026,0,1,0,1,False,1,0,1,0
31385,Men,Sprints,2026,0,1,0,1,False,1,0,1,0
31385,Men,Throws,2026,0,1,0,1,False,1,0,1,0
31386,Men,Distance,2026,0,1,0,1,False,1,0,1,0
31386,Men,Sprints,2026,0,1,0,1,False,1,0,1,0
31388,Men,Distance,2026,0,2,0,2,False,3,0,3,0
31389,Men,Distance,2026,0,1,0,1,False,1,0,1,0
31390,Men,Distance,2026,0,1,0,1,False,1,0,1,0
31392,Men,Distance,2026,0,1,0,1,False,1,0,1,0
31393,Men,Distance,2026,0,1,0,1,False,1,0,1,0
31394,Men,Hurdles,2026,0,1,0,1,False,1,0,1,0
31395,Men,Throws,2026,0,1,0,1,False,1,0,1,0
31396,Men,Throws,2026,0,1,0,1,False,1,0,1,0
31397,Men,Jumps,2026,0,1,0,1,False,1,0,1,0
31400,Women,Distance,2026,0,1,0,1,False,1,0,1,0
31401,Women,Distance,2026,0,1,0,1,False,1,0,1,0
31402,Women,Distance,2026,0,1,0,1,False,1,0,1,0
31403,Women,Distance,2026,0,1,0,1,False,1,0,1,0
31405,Women,Throws,2026,0,1,0,1,False,1,0,1,0
31406,Women,Jumps,2026,0,1,0,1,False,1,0,1,0
31410,Men,Distance,2026,0,1,0,1,False,1,0,1,0
31411,Women,Distance,2026,0,1,0,1,False,1,0,1,0
31414,Men,Sprints,2026,0,1,0,1,False,1,0,1,0
31415,Men,Sprints,2026,0,1,0,1,False,3,0,3,0
31416,Women,Sprints,2026,0,1,0,1,False,1,0,1,0
31417,Women,Distance,2026,0,1,0,1,False,1,0,1,0
31418,Men,Sprints,2026,0,1,0,1,False,1,0,1,0
31419,Men,Sprints,2026,0,1,0,1,False,1,0,1,0
31421,Men,Throws,2026,0,1,0,1,False,1,0,1,0
31423,Men,Distance,2026,0,1,0,1,False,1,0,1,0
31425,Men,Distance,2026,0,1,0,1,False,1,0,1,0
31425,Men,Sprints,2026,1,1,0,1,False,1,0,1,1
31426,Men,Sprints,2026,1,1,0,1,False,1,0,1,1
31427,Women,Hurdles,2026,0,1,0,1,False,1,0,1,0
31429,Men,Sprints,2026,0,1,0,1,False,1,0,1,0
31430,Men,Sprints,2026,0,1,0,1,False,1,0,1,0
31431,Men,Distance,2026,0,1,0,1,False,1,0,1,0
31432,Men,Jumps,2026,0,1,0,1,False,1,0,1,0
31436,Women,Distance,2026,0,1,0,1,False,1,0,1,0
31457,Women,Sprints,2026,0,1,0,1,False,2,0,2,0
31458,Men,Sprints,2026,0,1,0,1,False,1,0,1,0
31459,Men,Distance,2026,0,1,0,1,False,2,0,2,0
31460,Women,Distance,2026,0,1,0,1,False,2,0,2,0
31461,Men,Sprints,2026,0,1,0,1,False,2,0,2,0
31462,Men,Sprints,2026,0,1,0,1,False,2,0,2,0
31463,Men,Jumps,2026,0,1,0,1,False,1,0,1,0
31463,Men,Sprints,2026,0,1,0,1,False,1,0,1,0
31464,Men,Sprints,2026,0,1,0,1,False,1,0,1,0
31465,Men,Sprints,2026,0,1,0,1,False,1,0,1,0
31466,Men,Sprints,2026,0,1,0,1,False,1,0,1,0
31467,Men,Sprints,2026,0,1,0,1,False,1,0,1,0
31468,Men,Distance,2026,0,1,0,1,False,2,0,2,0
31468,Men,Sprints,2026,0,1,0,1,False,1,0,1,0
31469,Men,Hurdles,2026,0,1,0,1,False,1,0,1,0
31470,Women,Distance,2026,0,1,0,1,False,1,0,1,0
31471,Men,Jumps,2026,0,1,0,1,False,1,0,1,0
31518,Women,Distance,2026,0,1,0,1,False,1,0,1,0
31522,Men,Sprints,2026,0,1,0,1,False,1,0,1,0
31553,Men,Sprints,2026,0,1,0,1,False,2,0,2,0
31554,Men,Distance,2026,0,1,0,1,False,1,0,1,0
31555,Women,Jumps,2026,0,1,0,1,False,1,0,1,0
31555,Women,Sprints,2026,0,1,0,1,False,1,0,1,0
31559,Men,Sprints,2026,0,1,0,1,False,1,0,1,0
31560,Men,Distance,2026,0,1,0,1,False,1,0,1,0
31746,Men,Distance,2026,0,0,1,1,True,0,1,1,0
31748,Women,Sprints,2026,0,0,1,1,True,0,1,1,0
31749,Women,Distance,2026,0,0,1,1,True,0,1,1,0
31749,Women,Sprints,2026,0,0,1,1,True,0,1,1,0
31750,Women,Distance,2026,0,0,1,1,True,0,2,2,0
31751,Women,Distance,2026,0,0,1,1,True,0,1,1,0
31752,Men,Distance,2026,0,0,1,1,True,0,1,1,0
31753,Men,Distance,2026,0,0,1,1,True,0,1,1,0
31754,Men,Distance,2026,0,0,1,1,True,0,2,2,0
31761,Women,Distance,2026,0,0,1,1,True,0,1,1,0
31774,Men,Distance,2026,0,0,1,1,True,0,1,1,0
