athlete_id,gender,discipline,season_year,n_indoor_meets,n_outdoor_meets,n_indoor_results,n_outdoor_results,total_meets,has_both
1,Men,Distance,2024,2,1,2,2,3,True
4,Men,Distance,2024,1,1,1,1,2,True
7,Men,Distance,2024,5,1,6,2,6,True
8,Men,Distance,2024,4,1,5,1,5,True
10,Men,Distance,2024,1,1,1,1,2,True
12,Men,Distance,2024,2,1,2,1,3,True
16,Men,Distance,2024,3,1,4,2,4,True
17,Men,Distance,2024,1,1,1,1,2,True
19,Men,Distance,2024,2,1,3,1,3,True
20,Men,Distance,2024,1,1,1,1,2,True
31,Men,Distance,2024,3,1,3,1,4,True
35,Men,Distance,2024,2,1,3,1,3,True
38,Men,Distance,2024,3,1,3,1,4,True
50,Men,Sprints,2024,2,1,4,2,3,True
58,Men,Jumps,2024,1,1,1,1,2,True
60,Men,Distance,2024,3,1,3,2,4,True
65,Women,Distance,2024,3,1,4,1,4,True
67,Women,Distance,2024,3,1,3,1,4,True
68,Women,Distance,2024,5,1,5,1,6,True
70,Women,Distance,2024,3,1,4,1,4,True
71,Women,Distance,2024,1,1,1,1,2,True
74,Women,Distance,2024,1,1,2,2,2,True
90,Men,Distance,2024,0,1,0,1,1,False
91,Men,Distance,2024,0,1,0,1,1,False
93,Men,Distance,2024,0,1,0,1,1,False
95,Men,Distance,2024,0,1,0,2,1,False
105,Men,Distance,2024,0,1,0,1,1,False
106,Men,Distance,2024,0,1,0,2,1,False
123,Men,Distance,2024,3,1,3,2,4,True
127,Men,Distance,2024,3,1,3,1,4,True
128,Men,Sprints,2024,0,1,0,1,1,False
130,Men,Distance,2024,4,2,4,3,6,True
133,Men,Distance,2024,1,1,1,1,2,True
135,Men,Distance,2024,1,1,1,2,2,True
140,Men,Distance,2024,1,1,2,1,2,True
141,Men,Distance,2024,4,1,5,1,5,True
142,Men,Distance,2024,2,1,4,1,3,True
145,Men,Distance,2024,2,1,2,1,3,True
146,Men,Distance,2024,2,1,3,2,3,True
147,Men,Distance,2024,3,1,4,1,4,True
150,Men,Distance,2024,4,1,5,1,5,True
152,Men,Sprints,2024,0,1,0,1,1,False
160,Men,Distance,2024,2,1,2,1,3,True
164,Men,Distance,2024,2,1,3,1,3,True
164,Men,Hurdles,2024,0,1,0,1,1,False
166,Men,Distance,2024,3,1,4,2,4,True
181,Men,Distance,2024,2,1,3,1,3,True
182,Men,Distance,2024,1,1,1,1,2,True
188,Men,Distance,2024,3,1,4,2,4,True
191,Men,Distance,2024,1,1,1,2,2,True
217,Men,Distance,2024,3,1,3,1,4,True
237,Women,Distance,2024,3,1,4,1,4,True
240,Women,Distance,2024,3,1,5,1,4,True
246,Women,Distance,2024,5,1,5,2,6,True
253,Women,Distance,2024,3,1,3,2,4,True
271,Women,Distance,2024,1,1,1,2,2,True
283,Women,Distance,2024,2,1,4,1,3,True
285,Women,Distance,2024,4,2,4,3,6,True
291,Women,Distance,2024,2,1,2,2,3,True
293,Women,Distance,2024,0,1,0,1,1,False
294,Women,Distance,2024,2,1,3,2,3,True
307,Women,Distance,2024,0,1,0,1,1,False
310,Men,Distance,2024,5,2,8,3,7,True
315,Men,Distance,2024,2,1,3,1,3,True
324,Men,Distance,2024,2,1,3,2,3,True
327,Men,Distance,2024,2,1,3,1,3,True
332,Men,Distance,2024,3,1,3,1,4,True
338,Men,Distance,2024,2,1,2,1,3,True
344,Men,Distance,2024,1,1,1,1,2,True
344,Men,Sprints,2024,1,1,1,1,2,True
345,Men,Distance,2024,2,1,3,2,3,True
346,Men,Distance,2024,1,1,2,1,2,True
350,Men,Distance,2024,2,1,2,2,3,True
363,Men,Distance,2024,2,1,3,1,3,True
364,Men,Distance,2024,2,1,2,1,3,True
365,Men,Distance,2024,2,1,2,1,3,True
367,Men,Distance,2024,0,2,0,2,2,False
368,Men,Distance,2024,1,2,1,2,3,True
370,Men,Distance,2024,1,1,1,1,2,True
371,Men,Distance,2024,1,1,1,1,2,True
375,Men,Distance,2024,0,2,0,2,2,False
442,Women,Distance,2024,3,1,4,1,4,True
445,Women,Distance,2024,2,2,2,3,4,True
451,Men,Distance,2024,2,1,4,1,3,True
454,Men,Distance,2024,0,1,0,1,1,False
458,Men,Sprints,2024,3,1,3,1,4,True
466,Men,Distance,2024,4,2,4,3,6,True
467,Men,Distance,2024,0,1,0,1,1,False
468,Men,Distance,2024,2,2,3,4,4,True
471,Men,Distance,2024,1,1,1,2,2,True
489,Women,Distance,2024,0,1,0,1,1,False
497,Women,Distance,2024,0,1,0,2,1,False
507,Men,Distance,2024,1,1,1,1,2,True
521,Men,Distance,2024,2,1,2,1,3,True
524,Men,Distance,2024,2,1,2,1,3,True
528,Men,Distance,2024,0,1,0,1,1,False
528,Men,Sprints,2024,0,1,0,1,1,False
529,Men,Sprints,2024,0,1,0,1,1,False
531,Men,Distance,2024,0,1,0,2,1,False
532,Men,Distance,2024,0,1,0,3,1,False
552,Men,Distance,2024,0,1,0,1,1,False
554,Men,Sprints,2024,0,1,0,1,1,False
563,Men,Jumps,2024,0,1,0,1,1,False
567,Women,Distance,2024,3,1,4,1,4,True
568,Women,Distance,2024,2,1,2,1,3,True
572,Women,Distance,2024,0,1,0,3,1,False
573,Women,Distance,2024,3,1,3,1,4,True
574,Women,Distance,2024,3,1,3,1,4,True
575,Women,Distance,2024,2,1,2,1,3,True
577,Women,Distance,2024,0,2,0,3,2,False
578,Women,Distance,2024,3,2,4,3,5,True
581,Women,Distance,2024,0,1,0,1,1,False
582,Women,Distance,2024,0,2,0,4,2,False
582,Women,Hurdles,2024,0,1,0,2,1,False
582,Women,Sprints,2024,0,2,0,3,2,False
588,Women,Distance,2024,1,1,2,1,2,True
590,Women,Distance,2024,1,2,1,4,3,True
595,Women,Distance,2024,1,1,1,2,2,True
599,Women,Distance,2024,1,1,1,1,2,True
599,Women,Jumps,2024,0,1,0,1,1,False
603,Women,Distance,2024,1,1,1,2,2,True
606,Women,Distance,2024,1,1,2,2,2,True
607,Women,Distance,2024,2,1,2,1,3,True
616,Women,Distance,2024,0,2,0,3,2,False
617,Women,Distance,2024,0,1,0,1,1,False
618,Women,Distance,2024,1,1,1,2,2,True
620,Women,Distance,2024,3,1,3,1,4,True
621,Women,Distance,2024,0,2,0,3,2,False
623,Women,Distance,2024,1,1,1,1,2,True
623,Women,Jumps,2024,0,1,0,1,1,False
628,Women,Distance,2024,1,1,1,1,2,True
628,Women,Jumps,2024,0,1,0,1,1,False
632,Women,Distance,2024,0,2,0,4,2,False
633,Women,Distance,2024,1,1,1,1,2,True
633,Women,Jumps,2024,0,1,0,1,1,False
638,Women,Distance,2024,0,1,0,2,1,False
641,Women,Distance,2024,1,1,1,1,2,True
645,Women,Distance,2024,2,1,2,1,3,True
647,Women,Distance,2024,0,1,0,1,1,False
648,Women,Distance,2024,0,1,0,1,1,False
648,Women,Jumps,2024,1,1,2,1,2,True
648,Women,Sprints,2024,2,1,3,1,3,True
652,Women,Distance,2024,0,1,0,1,1,False
655,Women,Distance,2024,0,2,0,3,2,False
662,Women,Sprints,2024,0,1,0,1,1,False
663,Women,Distance,2024,0,2,0,3,2,False
663,Women,Sprints,2024,0,1,0,1,1,False
666,Men,Distance,2024,2,1,2,2,3,True
667,Men,Distance,2024,0,2,0,3,2,False
668,Men,Distance,2024,2,1,2,1,3,True
669,Men,Distance,2024,0,2,0,3,2,False
671,Men,Distance,2024,1,2,1,2,3,True
671,Men,Sprints,2024,0,1,0,1,1,False
673,Men,Distance,2024,1,2,1,3,3,True
673,Men,Sprints,2024,0,1,0,1,1,False
674,Men,Distance,2024,0,1,0,1,1,False
675,Men,Distance,2024,2,2,4,3,4,True
675,Men,Jumps,2024,0,1,0,1,1,False
676,Men,Distance,2024,2,1,2,1,3,True
677,Men,Distance,2024,2,1,2,2,3,True
678,Men,Distance,2024,1,2,1,3,3,True
678,Men,Sprints,2024,0,1,0,1,1,False
681,Men,Distance,2024,1,1,1,1,2,True
683,Men,Distance,2024,3,2,3,2,5,True
685,Men,Distance,2024,0,2,0,4,2,False
686,Men,Distance,2024,3,1,3,1,4,True
689,Men,Distance,2024,2,2,4,3,4,True
689,Men,Jumps,2024,0,1,0,1,1,False
691,Men,Distance,2024,3,1,4,2,4,True
692,Men,Distance,2024,0,2,0,3,2,False
693,Men,Distance,2024,1,2,1,3,3,True
694,Men,Distance,2024,0,1,0,1,1,False
695,Men,Distance,2024,0,1,0,2,1,False
699,Men,Distance,2024,1,1,1,1,2,True
700,Men,Distance,2024,1,1,2,2,2,True
701,Men,Sprints,2024,0,1,0,1,1,False
702,Men,Distance,2024,0,2,0,3,2,False
703,Men,Distance,2024,0,1,0,1,1,False
704,Men,Distance,2024,0,2,0,4,2,False
705,Men,Distance,2024,1,2,2,3,3,True
706,Men,Distance,2024,1,2,2,2,3,True
708,Men,Distance,2024,0,2,0,4,2,False
709,Men,Distance,2024,3,1,4,1,4,True
710,Men,Distance,2024,0,2,0,3,2,False
711,Men,Distance,2024,0,2,0,3,2,False
715,Men,Distance,2024,0,1,0,1,1,False
721,Men,Distance,2024,1,1,1,1,2,True
722,Men,Distance,2024,1,1,1,1,2,True
723,Men,Distance,2024,1,2,1,2,3,True
727,Men,Distance,2024,2,1,2,1,3,True
728,Men,Distance,2024,2,2,2,2,4,True
729,Men,Distance,2024,0,1,0,1,1,False
731,Men,Distance,2024,2,1,3,1,3,True
734,Men,Distance,2024,0,2,0,2,2,False
736,Men,Distance,2024,0,2,0,2,2,False
737,Men,Distance,2024,0,2,0,3,2,False
741,Men,Distance,2024,1,1,1,1,2,True
742,Men,Distance,2024,0,2,0,3,2,False
743,Men,Distance,2024,0,2,0,3,2,False
747,Men,Distance,2024,1,2,3,4,3,True
748,Men,Distance,2024,2,2,2,2,4,True
751,Men,Distance,2024,1,2,1,2,3,True
754,Men,Distance,2024,0,2,0,4,2,False
754,Men,Hurdles,2024,0,1,0,2,1,False
754,Men,Sprints,2024,0,1,0,2,1,False
756,Men,Distance,2024,0,2,0,4,2,False
759,Men,Distance,2024,0,1,0,2,1,False
760,Men,Distance,2024,0,1,0,1,1,False
764,Men,Distance,2024,1,1,1,1,2,True
765,Men,Distance,2024,0,2,0,5,2,False
765,Men,Sprints,2024,0,1,0,1,1,False
771,Men,Distance,2024,0,1,0,1,1,False
778,Men,Distance,2024,0,2,0,2,2,False
786,Men,Distance,2024,2,2,2,2,4,True
787,Men,Distance,2024,1,1,1,1,2,True
790,Men,Sprints,2024,0,2,0,2,2,False
790,Men,Throws,2024,0,1,0,1,1,False
794,Men,Distance,2024,0,1,0,1,1,False
800,Men,Distance,2024,0,1,0,2,1,False
801,Men,Distance,2024,3,2,3,2,5,True
802,Men,Sprints,2024,2,1,3,2,3,True
804,Men,Jumps,2024,0,1,0,1,1,False
807,Women,Distance,2024,5,1,8,1,6,True
811,Women,Distance,2024,0,1,0,1,1,False
829,Women,Distance,2024,4,1,5,1,5,True
863,Men,Distance,2024,2,1,2,1,3,True
867,Men,Distance,2024,1,1,1,1,2,True
867,Men,Sprints,2024,0,1,0,2,1,False
876,Men,Distance,2024,3,1,3,1,4,True
882,Men,Distance,2024,3,1,3,1,4,True
909,Men,Distance,2024,1,1,2,1,2,True
916,Men,Distance,2024,3,1,3,1,4,True
918,Men,Distance,2024,3,1,5,1,4,True
922,Men,Distance,2024,2,1,2,1,3,True
928,Men,Hurdles,2024,0,1,0,2,1,False
928,Men,Sprints,2024,2,1,2,1,3,True
930,Men,Distance,2024,2,1,4,1,3,True
930,Men,Sprints,2024,2,1,3,1,3,True
936,Men,Distance,2024,2,1,2,1,3,True
938,Men,Distance,2024,2,1,2,1,3,True
964,Men,Sprints,2024,1,1,2,1,2,True
966,Men,Sprints,2024,3,1,5,1,4,True
992,Women,Distance,2024,3,2,5,3,5,True
1010,Women,Distance,2024,0,1,0,2,1,False
1020,Women,Distance,2024,1,1,1,2,2,True
1022,Women,Distance,2024,1,1,1,1,2,True
1044,Women,Distance,2024,1,1,2,1,2,True
1054,Women,Hurdles,2024,0,1,0,2,1,False
1072,Women,Distance,2024,0,1,0,1,1,False
1072,Women,Sprints,2024,1,1,1,1,2,True
1116,Women,Distance,2024,1,1,1,2,2,True
1122,Women,Distance,2024,1,1,1,1,2,True
1173,Men,Distance,2024,2,2,2,4,4,True
1177,Men,Distance,2024,1,1,1,1,2,True
1179,Men,Distance,2024,1,1,1,2,2,True
1183,Men,Distance,2024,2,1,3,1,3,True
1183,Men,Sprints,2024,0,1,0,1,1,False
1198,Men,Distance,2024,2,1,2,1,3,True
1209,Men,Distance,2024,2,1,4,1,3,True
1216,Men,Distance,2024,1,2,2,4,3,True
1222,Men,Distance,2024,2,1,3,2,3,True
1239,Men,Distance,2024,2,1,2,2,3,True
1249,Men,Distance,2024,2,1,2,1,3,True
1251,Men,Distance,2024,1,2,2,3,3,True
1258,Men,Distance,2024,1,1,2,2,2,True
1260,Men,Distance,2024,2,1,3,1,3,True
1260,Men,Sprints,2024,1,1,2,1,2,True
1280,Men,Distance,2024,2,1,2,2,3,True
1288,Men,Distance,2024,2,1,2,1,3,True
1294,Men,Distance,2024,2,1,3,1,3,True
1309,Men,Distance,2024,1,1,2,2,2,True
1337,Men,Distance,2024,1,1,1,1,2,True
1379,Men,Distance,2024,1,1,1,1,2,True
1379,Men,Sprints,2024,0,1,0,1,1,False
1409,Men,Sprints,2024,2,1,2,1,3,True
1446,Women,Distance,2024,0,2,0,2,2,False
1448,Women,Distance,2024,0,1,0,1,1,False
1456,Women,Distance,2024,0,1,0,1,1,False
1466,Women,Distance,2024,0,1,0,2,1,False
1478,Women,Jumps,2024,0,1,0,2,1,False
1478,Women,Sprints,2024,0,2,0,4,2,False
1483,Women,Distance,2024,2,1,2,1,3,True
1484,Women,Distance,2024,0,1,0,1,1,False
1486,Women,Distance,2024,0,1,0,2,1,False
1497,Women,Distance,2024,2,2,2,2,4,True
1498,Women,Distance,2024,0,1,0,1,1,False
1522,Men,Distance,2024,2,1,2,1,3,True
1525,Men,Distance,2024,0,1,0,1,1,False
1526,Men,Distance,2024,0,2,0,3,2,False
1529,Men,Distance,2024,2,1,2,1,3,True
1533,Men,Distance,2024,3,2,3,3,5,True
1533,Men,Sprints,2024,0,1,0,1,1,False
1536,Men,Distance,2024,0,2,0,2,2,False
1539,Men,Distance,2024,0,3,0,4,3,False
1542,Men,Distance,2024,0,1,0,1,1,False
1552,Men,Distance,2024,2,2,2,2,4,True
1557,Men,Distance,2024,1,1,1,1,2,True
1558,Men,Distance,2024,0,3,0,4,3,False
1558,Men,Sprints,2024,0,1,0,1,1,False
1571,Men,Distance,2024,1,2,1,2,3,True
1578,Men,Distance,2024,0,2,0,4,2,False
1581,Men,Distance,2024,1,1,1,1,2,True
1584,Men,Distance,2024,1,1,1,1,2,True
1589,Men,Distance,2024,3,3,3,3,6,True
1589,Men,Sprints,2024,0,1,0,2,1,False
1590,Men,Distance,2024,0,2,0,2,2,False
1592,Men,Distance,2024,0,1,0,1,1,False
1597,Men,Distance,2024,0,2,0,2,2,False
1598,Men,Distance,2024,0,3,0,5,3,False
1599,Men,Distance,2024,1,1,1,1,2,True
1599,Men,Throws,2024,0,1,0,1,1,False
1608,Men,Distance,2024,2,1,2,1,3,True
1609,Men,Distance,2024,0,2,0,3,2,False
1609,Men,Sprints,2024,0,2,0,2,2,False
1612,Men,Distance,2024,0,2,0,4,2,False
1612,Men,Sprints,2024,0,1,0,1,1,False
1615,Men,Distance,2024,1,1,1,1,2,True
1676,Women,Distance,2024,0,1,0,1,1,False
1696,Men,Distance,2024,1,1,1,1,2,True
1699,Men,Distance,2024,1,1,1,1,2,True
1728,Women,Distance,2024,0,1,0,1,1,False
1742,Women,Distance,2024,0,1,0,1,1,False
1756,Women,Distance,2024,2,1,2,1,3,True
1768,Women,Distance,2024,0,1,0,1,1,False
1776,Women,Distance,2024,2,1,2,1,3,True
1791,Women,Distance,2024,1,1,1,1,2,True
1839,Men,Distance,2024,2,1,3,1,3,True
1842,Men,Distance,2024,1,1,1,1,2,True
1856,Men,Distance,2024,4,1,4,1,5,True
1863,Men,Distance,2024,5,1,5,2,6,True
1876,Men,Distance,2024,1,1,1,1,2,True
1880,Men,Distance,2024,0,1,0,1,1,False
1928,Women,Distance,2024,3,1,3,1,4,True
1930,Women,Distance,2024,2,1,3,1,3,True
1931,Women,Distance,2024,2,1,2,1,3,True
1933,Women,Distance,2024,2,1,2,1,3,True
1937,Women,Distance,2024,2,1,2,1,3,True
1946,Women,Distance,2024,0,1,0,2,1,False
1947,Women,Distance,2024,0,1,0,2,1,False
1951,Women,Distance,2024,1,1,1,2,2,True
1962,Women,Distance,2024,1,1,2,3,2,True
1966,Women,Distance,2024,1,1,1,1,2,True
1967,Women,Distance,2024,2,1,2,1,3,True
1985,Women,Distance,2024,0,1,0,2,1,False
1992,Men,Distance,2024,0,1,0,1,1,False
1996,Men,Distance,2024,4,1,7,1,5,True
1998,Men,Distance,2024,4,1,4,2,5,True
2000,Men,Distance,2024,1,1,2,2,2,True
2005,Men,Distance,2024,2,1,3,1,3,True
2007,Men,Distance,2024,3,1,3,2,4,True
2011,Men,Distance,2024,1,1,1,2,2,True
2012,Men,Distance,2024,2,1,2,1,3,True
2037,Men,Distance,2024,2,1,3,2,3,True
2044,Men,Distance,2024,1,1,1,2,2,True
2045,Men,Distance,2024,3,1,6,3,4,True
2057,Men,Distance,2024,2,2,2,2,4,True
2057,Men,Sprints,2024,0,1,0,1,1,False
2071,Men,Distance,2024,1,1,1,1,2,True
2081,Women,Distance,2024,3,1,3,1,4,True
2112,Men,Distance,2024,0,1,0,1,1,False
2129,Men,Distance,2024,1,1,2,1,2,True
2139,Men,Jumps,2024,1,1,1,1,2,True
2148,Men,Distance,2024,5,1,8,2,6,True
2168,Men,Distance,2024,2,2,2,2,4,True
2171,Men,Distance,2024,0,1,0,1,1,False
2177,Men,Distance,2024,2,1,3,1,3,True
2182,Men,Sprints,2024,1,1,1,2,2,True
2193,Men,Distance,2024,3,1,4,1,4,True
2195,Men,Distance,2024,2,1,2,1,3,True
2199,Men,Distance,2024,4,1,4,1,5,True
2202,Men,Distance,2024,3,1,5,1,4,True
2233,Women,Distance,2024,1,1,2,1,2,True
2297,Women,Distance,2024,0,1,0,1,1,False
2298,Women,Distance,2024,0,1,0,1,1,False
2302,Men,Distance,2024,0,1,0,1,1,False
2303,Men,Distance,2024,0,1,0,1,1,False
2305,Men,Distance,2024,0,1,0,2,1,False
2306,Men,Distance,2024,0,1,0,2,1,False
2307,Men,Distance,2024,0,1,0,1,1,False
2316,Men,Distance,2024,0,1,0,1,1,False
2354,Men,Distance,2024,2,1,3,1,3,True
2380,Women,Distance,2024,0,1,0,1,1,False
2381,Women,Distance,2024,1,1,1,1,2,True
2381,Women,Sprints,2024,0,1,0,1,1,False
2383,Women,Distance,2024,1,1,1,1,2,True
2384,Women,Distance,2024,0,1,0,1,1,False
2387,Women,Distance,2024,1,1,1,2,2,True
2394,Women,Distance,2024,2,1,2,1,3,True
2395,Women,Distance,2024,0,1,0,1,1,False
2403,Women,Distance,2024,1,1,1,2,2,True
2403,Women,Throws,2024,0,1,0,1,1,False
2414,Women,Jumps,2024,1,1,1,1,2,True
2414,Women,Sprints,2024,2,1,2,1,3,True
2424,Women,Distance,2024,1,1,1,1,2,True
2424,Women,Jumps,2024,1,1,2,1,2,True
2424,Women,Sprints,2024,1,1,2,2,2,True
2424,Women,Throws,2024,0,1,0,1,1,False
2445,Men,Distance,2024,1,1,2,1,2,True
2445,Men,Sprints,2024,0,1,0,1,1,False
2450,Men,Distance,2024,2,1,2,1,3,True
2453,Men,Distance,2024,2,2,4,2,4,True
2455,Men,Distance,2024,1,1,1,1,2,True
2459,Men,Distance,2024,2,2,4,3,4,True
2464,Men,Sprints,2024,1,1,1,1,2,True
2471,Men,Distance,2024,2,1,2,1,3,True
2478,Men,Distance,2024,2,1,3,2,3,True
2480,Men,Distance,2024,0,1,0,1,1,False
2487,Men,Sprints,2024,2,1,3,1,3,True
2492,Men,Distance,2024,1,2,1,2,3,True
2497,Men,Distance,2024,0,1,0,1,1,False
2499,Women,Distance,2024,3,2,3,2,5,True
2500,Women,Distance,2024,0,1,0,1,1,False
2511,Women,Distance,2024,0,1,0,1,1,False
2512,Women,Distance,2024,0,2,0,4,2,False
2523,Women,Distance,2024,0,1,0,1,1,False
2524,Women,Distance,2024,1,1,2,2,2,True
2524,Women,Sprints,2024,0,1,0,1,1,False
2527,Women,Distance,2024,1,1,1,2,2,True
2534,Women,Distance,2024,0,1,0,2,1,False
2536,Women,Sprints,2024,0,1,0,1,1,False
2539,Men,Distance,2024,0,2,0,2,2,False
2541,Men,Distance,2024,0,1,0,1,1,False
2544,Men,Distance,2024,0,2,0,3,2,False
2552,Men,Distance,2024,0,1,0,1,1,False
2556,Men,Distance,2024,1,1,1,2,2,True
2566,Men,Distance,2024,0,1,0,1,1,False
2569,Men,Sprints,2024,0,2,0,2,2,False
2574,Men,Distance,2024,0,1,0,2,1,False
2576,Men,Distance,2024,0,1,0,1,1,False
2584,Men,Distance,2024,2,2,2,4,4,True
2586,Men,Distance,2024,0,2,0,2,2,False
2590,Men,Distance,2024,1,1,1,2,2,True
2598,Men,Distance,2024,0,1,0,1,1,False
2608,Men,Distance,2024,0,2,0,4,2,False
2616,Men,Sprints,2024,1,1,2,2,2,True
2620,Men,Distance,2024,0,2,0,3,2,False
2620,Men,Sprints,2024,0,3,0,6,3,False
2627,Men,Distance,2024,0,1,0,1,1,False
2630,Men,Distance,2024,0,1,0,1,1,False
2635,Men,Distance,2024,0,1,0,1,1,False
2637,Men,Distance,2024,0,1,0,1,1,False
2641,Men,Distance,2024,0,1,0,1,1,False
2644,Men,Distance,2024,0,1,0,1,1,False
2647,Men,Distance,2024,0,1,0,1,1,False
2652,Men,Distance,2024,0,1,0,1,1,False
2654,Men,Distance,2024,0,2,0,3,2,False
2660,Women,Distance,2024,0,1,0,1,1,False
2661,Women,Distance,2024,0,2,0,2,2,False
2663,Women,Distance,2024,0,2,0,2,2,False
2664,Women,Distance,2024,0,1,0,2,1,False
2674,Women,Distance,2024,0,1,0,1,1,False
2674,Women,Sprints,2024,0,1,0,1,1,False
2698,Women,Distance,2024,1,1,1,2,2,True
2699,Women,Distance,2024,0,1,0,1,1,False
2702,Women,Distance,2024,0,1,0,2,1,False
2703,Women,Distance,2024,0,1,0,1,1,False
2705,Women,Distance,2024,1,2,1,2,3,True
2715,Women,Jumps,2024,0,1,0,1,1,False
2715,Women,Sprints,2024,0,1,0,1,1,False
2719,Women,Jumps,2024,0,1,0,1,1,False
2719,Women,Throws,2024,0,1,0,1,1,False
2720,Women,Jumps,2024,0,1,0,1,1,False
2720,Women,Throws,2024,0,1,0,1,1,False
2724,Men,Distance,2024,1,1,1,2,2,True
2726,Men,Distance,2024,3,1,3,1,4,True
2727,Men,Distance,2024,2,2,3,2,4,True
2730,Men,Distance,2024,3,1,3,1,4,True
2731,Men,Distance,2024,1,1,1,1,2,True
2735,Men,Distance,2024,0,1,0,1,1,False
2742,Men,Distance,2024,1,1,1,1,2,True
2747,Men,Distance,2024,0,1,0,1,1,False
2747,Men,Sprints,2024,0,1,0,1,1,False
2750,Men,Distance,2024,1,1,1,1,2,True
2752,Men,Distance,2024,0,1,0,2,1,False
2752,Men,Throws,2024,0,1,0,1,1,False
2754,Men,Distance,2024,1,1,1,1,2,True
2759,Men,Distance,2024,1,1,1,1,2,True
2765,Men,Distance,2024,0,1,0,1,1,False
2768,Men,Distance,2024,0,1,0,1,1,False
2771,Men,Throws,2024,0,1,0,1,1,False
2842,Women,Distance,2024,0,1,0,1,1,False
2855,Men,Distance,2024,1,1,2,2,2,True
2858,Men,Distance,2024,1,1,1,2,2,True
2858,Men,Sprints,2024,0,1,0,1,1,False
2859,Men,Distance,2024,4,1,7,2,5,True
2860,Men,Distance,2024,3,1,4,1,4,True
2867,Men,Distance,2024,0,1,0,2,1,False
2883,Men,Sprints,2024,1,1,2,2,2,True
2883,Men,Throws,2024,0,1,0,1,1,False
2895,Men,Distance,2024,0,1,0,1,1,False
2906,Men,Distance,2024,0,1,0,1,1,False
2922,Women,Distance,2024,0,1,0,1,1,False
2924,Women,Hurdles,2024,0,1,0,1,1,False
2934,Women,Distance,2024,0,1,0,1,1,False
2945,Men,Distance,2024,0,1,0,1,1,False
2946,Men,Distance,2024,0,1,0,1,1,False
2950,Men,Distance,2024,1,1,1,1,2,True
2952,Men,Distance,2024,0,1,0,1,1,False
2953,Men,Distance,2024,1,1,2,1,2,True
2956,Men,Distance,2024,0,1,0,2,1,False
2959,Men,Distance,2024,0,1,0,1,1,False
2967,Men,Distance,2024,1,1,1,1,2,True
2968,Men,Distance,2024,0,1,0,1,1,False
2969,Men,Distance,2024,0,1,0,1,1,False
2981,Men,Distance,2024,0,1,0,1,1,False
3000,Women,Distance,2024,0,1,0,2,1,False
3002,Women,Distance,2024,2,2,3,3,4,True
3011,Men,Distance,2024,0,2,0,4,2,False
3012,Men,Distance,2024,0,3,0,4,3,False
3012,Men,Jumps,2024,0,1,0,1,1,False
3012,Men,Sprints,2024,0,3,0,3,3,False
3015,Men,Distance,2024,1,1,1,2,2,True
3018,Men,Distance,2024,0,1,0,1,1,False
3094,Men,Distance,2024,0,3,0,3,3,False
3098,Women,Distance,2024,1,1,1,1,2,True
3100,Women,Distance,2024,0,1,0,1,1,False
3100,Women,Sprints,2024,0,1,0,1,1,False
3109,Women,Distance,2024,0,1,0,1,1,False
3109,Women,Sprints,2024,0,1,0,1,1,False
3116,Women,Distance,2024,3,1,3,1,4,True
3136,Men,Distance,2024,2,1,2,1,3,True
3153,Men,Distance,2024,0,2,0,2,2,False
3158,Men,Distance,2024,0,1,0,1,1,False
3158,Men,Sprints,2024,2,2,2,3,4,True
3169,Men,Distance,2024,0,1,0,2,1,False
3173,Men,Sprints,2024,1,1,2,1,2,True
3175,Men,Distance,2024,0,1,0,1,1,False
3233,Women,Distance,2024,0,1,0,1,1,False
3250,Women,Distance,2024,1,1,1,1,2,True
3266,Men,Distance,2024,1,1,1,1,2,True
3273,Men,Distance,2024,0,1,0,1,1,False
3274,Men,Distance,2024,1,1,2,1,2,True
3279,Men,Distance,2024,1,1,1,1,2,True
3286,Men,Distance,2024,1,1,1,1,2,True
3339,Men,Distance,2024,3,1,4,1,4,True
3360,Women,Distance,2024,1,3,1,3,4,True
3368,Women,Distance,2024,3,1,4,1,4,True
3369,Women,Distance,2024,1,1,1,1,2,True
3379,Women,Distance,2024,1,1,1,1,2,True
3386,Men,Distance,2024,1,2,1,2,3,True
3393,Men,Distance,2024,1,3,1,4,4,True
3405,Men,Distance,2024,0,1,0,2,1,False
3407,Men,Distance,2024,1,2,1,2,3,True
3415,Men,Distance,2024,4,1,4,1,5,True
3437,Men,Distance,2024,1,2,1,2,3,True
3442,Men,Distance,2024,0,1,0,1,1,False
3443,Men,Distance,2024,0,1,0,1,1,False
3453,Men,Distance,2024,0,1,0,1,1,False
3483,Men,Distance,2024,0,2,0,3,2,False
3501,Women,Distance,2024,0,1,0,1,1,False
3522,Men,Sprints,2024,2,1,3,1,3,True
3525,Women,Sprints,2024,0,1,0,1,1,False
3529,Women,Sprints,2024,0,1,0,1,1,False
3533,Women,Jumps,2024,0,1,0,1,1,False
3533,Women,Sprints,2024,2,1,3,1,3,True
3534,Women,Distance,2024,1,1,1,1,2,True
3540,Men,Sprints,2024,2,1,2,2,3,True
3541,Men,Sprints,2024,4,1,6,2,5,True
3543,Men,Distance,2024,3,1,4,1,4,True
3547,Men,Distance,2024,3,1,3,1,4,True
3548,Men,Distance,2024,1,1,3,1,2,True
3554,Men,Sprints,2024,4,1,4,2,5,True
3556,Men,Distance,2024,1,1,1,1,2,True
3563,Women,Sprints,2024,1,1,1,1,2,True
3566,Women,Hurdles,2024,0,2,0,2,2,False
3566,Women,Jumps,2024,5,1,5,1,6,True
3566,Women,Sprints,2024,0,2,0,2,2,False
3567,Men,Sprints,2024,1,1,2,2,2,True
3574,Men,Sprints,2024,3,1,4,1,4,True
3576,Men,Sprints,2024,1,1,1,1,2,True
3577,Men,Sprints,2024,1,1,1,1,2,True
3580,Men,Sprints,2024,3,1,3,2,4,True
3581,Women,Sprints,2024,1,1,2,1,2,True
3586,Women,Distance,2024,2,2,3,4,4,True
3586,Women,Sprints,2024,0,1,0,1,1,False
3587,Women,Distance,2024,2,1,3,1,3,True
3590,Men,Sprints,2024,2,1,3,2,3,True
3593,Men,Distance,2024,1,1,1,1,2,True
3595,Men,Distance,2024,2,2,2,2,4,True
3601,Men,Sprints,2024,0,1,0,1,1,False
3605,Men,Sprints,2024,3,1,3,1,4,True
3611,Men,Distance,2024,1,1,1,1,2,True
3615,Men,Distance,2024,4,1,4,1,5,True
3616,Men,Sprints,2024,3,1,3,2,4,True
3638,Women,Sprints,2024,3,2,3,3,5,True
3642,Men,Sprints,2024,1,2,1,3,3,True
3648,Women,Sprints,2024,4,2,6,3,6,True
3649,Women,Sprints,2024,2,2,2,3,4,True
3650,Women,Sprints,2024,4,2,8,5,6,True
3651,Women,Sprints,2024,2,1,2,1,3,True
3655,Women,Jumps,2024,0,1,0,1,1,False
3655,Women,Sprints,2024,4,2,4,3,6,True
3657,Women,Jumps,2024,4,2,6,3,6,True
3658,Women,Sprints,2024,3,1,3,2,4,True
3666,Women,Jumps,2024,2,1,4,1,3,True
3667,Women,Throws,2024,4,2,4,2,6,True
3668,Women,Throws,2024,3,2,4,4,5,True
3669,Women,Throws,2024,2,1,2,1,3,True
3671,Women,Throws,2024,3,1,3,2,4,True
3687,Men,Distance,2024,4,2,5,3,6,True
3688,Men,Distance,2024,3,1,4,1,4,True
3689,Men,Sprints,2024,3,2,3,2,5,True
3690,Men,Sprints,2024,5,1,5,2,6,True
3691,Men,Sprints,2024,4,2,6,3,6,True
3692,Men,Throws,2024,4,2,4,3,6,True
3694,Men,Jumps,2024,4,2,6,4,6,True
3696,Men,Sprints,2024,4,1,6,2,5,True
3697,Men,Throws,2024,3,2,4,3,5,True
3698,Men,Sprints,2024,1,2,1,4,3,True
3699,Men,Distance,2024,3,1,4,1,4,True
3699,Men,Sprints,2024,1,1,1,1,2,True
3701,Men,Sprints,2024,3,2,3,4,5,True
3705,Men,Sprints,2024,4,2,6,3,6,True
3706,Men,Throws,2024,4,2,5,3,6,True
3708,Men,Sprints,2024,3,1,3,2,4,True
3709,Men,Hurdles,2024,0,2,0,2,2,False
3709,Men,Sprints,2024,2,1,2,1,3,True
3710,Men,Jumps,2024,3,2,6,4,5,True
3710,Men,Sprints,2024,0,1,0,1,1,False
3713,Men,Distance,2024,4,2,8,3,6,True
3717,Women,Jumps,2024,2,1,3,2,3,True
3718,Women,Jumps,2024,3,1,5,1,4,True
3719,Men,Sprints,2024,2,1,2,2,3,True
3720,Men,Sprints,2024,2,1,2,2,3,True
3721,Men,Sprints,2024,3,1,3,2,4,True
3723,Men,Sprints,2024,2,1,3,2,3,True
3725,Men,Sprints,2024,1,1,1,1,2,True
3725,Men,Throws,2024,3,2,3,3,5,True
3726,Men,Hurdles,2024,0,2,0,2,2,False
3727,Men,Sprints,2024,2,1,4,1,3,True
3728,Men,Sprints,2024,2,1,2,2,3,True
3729,Men,Distance,2024,2,1,2,1,3,True
3729,Men,Sprints,2024,1,1,1,1,2,True
3730,Men,Sprints,2024,2,1,2,2,3,True
3733,Men,Hurdles,2024,0,2,0,2,2,False
3734,Men,Sprints,2024,2,2,2,3,4,True
3740,Women,Distance,2024,1,1,1,1,2,True
3741,Men,Distance,2024,1,1,1,2,2,True
3786,Men,Distance,2024,2,1,2,1,3,True
3788,Men,Hurdles,2024,0,1,0,1,1,False
3788,Men,Jumps,2024,0,1,0,1,1,False
3790,Men,Distance,2024,2,1,2,1,3,True
3792,Women,Jumps,2024,5,1,8,2,6,True
3794,Women,Throws,2024,4,1,4,1,5,True
3795,Women,Hurdles,2024,0,2,0,2,2,False
3795,Women,Sprints,2024,2,2,2,2,4,True
3798,Women,Hurdles,2024,0,2,0,3,2,False
3798,Women,Sprints,2024,4,1,6,1,5,True
3801,Men,Sprints,2024,1,1,1,2,2,True
3804,Men,Distance,2024,2,1,2,1,3,True
3806,Men,Distance,2024,3,1,4,1,4,True
3806,Men,Sprints,2024,0,1,0,1,1,False
3808,Men,Hurdles,2024,0,1,0,1,1,False
3808,Men,Sprints,2024,3,1,3,1,4,True
3813,Women,Sprints,2024,2,1,3,2,3,True
3817,Women,Sprints,2024,1,1,2,2,2,True
3818,Women,Sprints,2024,1,1,1,1,2,True
3824,Women,Distance,2024,2,1,3,2,3,True
3825,Women,Hurdles,2024,0,1,0,1,1,False
3825,Women,Jumps,2024,1,1,1,1,2,True
3827,Men,Throws,2024,2,1,2,1,3,True
3836,Men,Jumps,2024,1,1,1,1,2,True
3836,Men,Sprints,2024,1,1,1,2,2,True
3838,Men,Sprints,2024,1,1,1,2,2,True
3841,Men,Sprints,2024,1,1,2,2,2,True
3843,Men,Sprints,2024,2,1,2,2,3,True
3846,Men,Hurdles,2024,0,1,0,1,1,False
3846,Men,Sprints,2024,2,1,2,1,3,True
3852,Men,Distance,2024,3,1,3,1,4,True
3861,Men,Distance,2024,2,1,2,1,3,True
3862,Women,Distance,2024,1,1,1,1,2,True
3871,Men,Sprints,2024,1,1,1,1,2,True
3932,Women,Hurdles,2024,0,1,0,2,1,False
3933,Women,Sprints,2024,3,1,3,1,4,True
3934,Women,Sprints,2024,2,1,2,2,3,True
3935,Women,Sprints,2024,1,1,1,1,2,True
3938,Women,Jumps,2024,2,1,2,1,3,True
3938,Women,Sprints,2024,3,1,4,1,4,True
3939,Women,Jumps,2024,3,1,6,1,4,True
3940,Women,Sprints,2024,0,1,0,1,1,False
3940,Women,Throws,2024,3,1,3,1,4,True
3942,Men,Sprints,2024,4,2,6,4,6,True
3944,Men,Sprints,2024,4,2,4,4,6,True
3945,Men,Sprints,2024,0,1,0,2,1,False
3946,Men,Sprints,2024,4,2,6,5,6,True
3949,Men,Sprints,2024,2,1,3,2,3,True
3950,Men,Jumps,2024,3,1,4,1,4,True
3951,Men,Sprints,2024,0,1,0,2,1,False
3952,Men,Jumps,2024,1,2,1,2,3,True
3952,Men,Sprints,2024,0,2,0,2,2,False
3966,Women,Jumps,2024,2,1,2,1,3,True
3966,Women,Sprints,2024,1,1,1,1,2,True
3972,Women,Sprints,2024,2,1,2,2,3,True
3973,Women,Sprints,2024,0,2,0,3,2,False
3975,Women,Hurdles,2024,0,1,0,2,1,False
3976,Women,Hurdles,2024,0,1,0,1,1,False
3977,Women,Distance,2024,1,1,2,1,2,True
3977,Women,Sprints,2024,0,1,0,1,1,False
3980,Women,Distance,2024,3,1,3,1,4,True
3982,Men,Distance,2024,2,1,2,1,3,True
3983,Men,Sprints,2024,0,2,0,4,2,False
3985,Men,Jumps,2024,3,1,6,1,4,True
3987,Men,Sprints,2024,1,1,1,2,2,True
3988,Men,Jumps,2024,2,1,3,1,3,True
3993,Men,Hurdles,2024,0,1,0,1,1,False
3993,Men,Sprints,2024,2,1,2,1,3,True
3996,Men,Distance,2024,0,1,0,1,1,False
3996,Men,Sprints,2024,2,1,4,1,3,True
3997,Men,Sprints,2024,1,1,2,3,2,True
4007,Men,Hurdles,2024,0,1,0,1,1,False
4010,Men,Distance,2024,2,1,2,2,3,True
4010,Men,Sprints,2024,1,1,1,1,2,True
4014,Men,Distance,2024,3,1,3,1,4,True
4015,Women,Throws,2024,1,2,2,2,3,True
4051,Women,Jumps,2024,1,1,1,1,2,True
4051,Women,Sprints,2024,1,1,1,1,2,True
4054,Women,Sprints,2024,1,1,1,1,2,True
4056,Men,Distance,2024,1,1,1,1,2,True
4060,Men,Sprints,2024,0,1,0,1,1,False
4064,Men,Sprints,2024,1,1,1,2,2,True
4065,Men,Sprints,2024,0,1,0,1,1,False
4073,Men,Sprints,2024,2,1,3,2,3,True
4090,Women,Jumps,2024,1,1,1,1,2,True
4090,Women,Sprints,2024,0,1,0,1,1,False
4095,Men,Hurdles,2024,0,1,0,2,1,False
4102,Women,Sprints,2024,2,1,2,1,3,True
4105,Women,Sprints,2024,3,1,3,2,4,True
4106,Women,Distance,2024,1,1,1,1,2,True
4112,Men,Sprints,2024,1,1,1,1,2,True
4114,Women,Distance,2024,2,2,2,3,4,True
4115,Women,Sprints,2024,1,1,1,1,2,True
4116,Women,Distance,2024,2,2,2,2,4,True
4118,Men,Jumps,2024,0,1,0,2,1,False
4118,Men,Sprints,2024,2,1,2,2,3,True
4120,Men,Jumps,2024,1,2,2,3,3,True
4120,Men,Sprints,2024,0,1,0,1,1,False
4121,Men,Jumps,2024,2,1,2,1,3,True
4122,Men,Sprints,2024,0,1,0,1,1,False
4123,Men,Distance,2024,2,1,3,2,3,True
4124,Men,Sprints,2024,0,2,0,2,2,False
4139,Women,Distance,2024,2,2,3,2,4,True
4142,Men,Distance,2024,3,1,6,1,4,True
4143,Men,Jumps,2024,3,2,3,2,5,True
4149,Men,Sprints,2024,2,1,2,1,3,True
4150,Men,Sprints,2024,0,1,0,1,1,False
4222,Men,Distance,2024,0,1,0,1,1,False
4222,Men,Sprints,2024,0,1,0,1,1,False
4225,Women,Distance,2024,1,1,3,1,2,True
4227,Women,Distance,2024,4,1,4,1,5,True
4230,Women,Distance,2024,1,1,1,1,2,True
4233,Women,Distance,2024,2,1,3,2,3,True
4236,Women,Distance,2024,1,1,1,1,2,True
4241,Women,Hurdles,2024,0,1,0,2,1,False
4242,Women,Sprints,2024,4,1,4,1,5,True
4243,Women,Sprints,2024,3,1,3,1,4,True
4245,Women,Sprints,2024,3,1,3,2,4,True
4246,Women,Jumps,2024,1,1,3,2,2,True
4249,Women,Sprints,2024,0,1,0,2,1,False
4256,Women,Jumps,2024,1,2,1,2,3,True
4257,Women,Sprints,2024,1,2,1,4,3,True
4258,Women,Sprints,2024,1,2,1,4,3,True
4259,Women,Jumps,2024,1,2,3,5,3,True
4260,Women,Jumps,2024,1,1,2,2,2,True
4260,Women,Sprints,2024,1,1,1,1,2,True
4261,Women,Sprints,2024,1,1,1,1,2,True
4266,Women,Sprints,2024,1,1,1,2,2,True
4267,Women,Sprints,2024,0,1,0,1,1,False
4273,Women,Jumps,2024,1,1,1,1,2,True
4273,Women,Sprints,2024,0,1,0,1,1,False
4283,Women,Distance,2024,1,1,1,1,2,True
4285,Women,Distance,2024,2,1,2,1,3,True
4285,Women,Sprints,2024,2,1,2,1,3,True
4288,Women,Distance,2024,1,1,1,2,2,True
4289,Women,Sprints,2024,1,1,1,2,2,True
4293,Women,Throws,2024,2,1,2,1,3,True
4294,Women,Throws,2024,1,1,1,2,2,True
4299,Women,Throws,2024,1,1,1,2,2,True
4302,Women,Jumps,2024,1,1,1,1,2,True
4303,Men,Distance,2024,0,1,0,1,1,False
4303,Men,Jumps,2024,1,1,1,2,2,True
4303,Men,Sprints,2024,1,1,2,1,2,True
4304,Men,Distance,2024,0,1,0,1,1,False
4304,Men,Jumps,2024,0,1,0,1,1,False
4304,Men,Sprints,2024,1,1,1,1,2,True
4312,Men,Distance,2024,1,1,1,1,2,True
4315,Men,Distance,2024,2,1,3,1,3,True
4316,Men,Distance,2024,2,1,4,2,3,True
4340,Men,Distance,2024,1,1,1,1,2,True
4340,Men,Hurdles,2024,0,1,0,1,1,False
4342,Men,Sprints,2024,1,1,2,2,2,True
4347,Men,Sprints,2024,2,1,3,2,3,True
4348,Men,Sprints,2024,2,2,2,2,4,True
4349,Men,Throws,2024,1,1,1,1,2,True
4354,Men,Sprints,2024,2,1,2,1,3,True
4355,Men,Throws,2024,1,1,1,1,2,True
4356,Men,Sprints,2024,1,2,2,2,3,True
4356,Men,Throws,2024,0,1,0,1,1,False
4358,Men,Sprints,2024,1,1,1,1,2,True
4363,Men,Throws,2024,1,1,1,2,2,True
4364,Men,Distance,2024,0,1,0,1,1,False
4364,Men,Sprints,2024,2,1,2,1,3,True
4368,Men,Distance,2024,2,1,3,1,3,True
4378,Men,Jumps,2024,1,1,1,1,2,True
4380,Men,Sprints,2024,1,1,1,2,2,True
4382,Men,Jumps,2024,1,1,1,1,2,True
4385,Men,Distance,2024,1,2,2,4,3,True
4386,Men,Sprints,2024,1,1,1,2,2,True
4393,Men,Sprints,2024,0,2,0,4,2,False
4401,Men,Distance,2024,1,1,1,2,2,True
4405,Men,Sprints,2024,1,1,1,1,2,True
4410,Men,Jumps,2024,3,1,5,2,4,True
4413,Men,Sprints,2024,0,1,0,1,1,False
4414,Men,Sprints,2024,3,1,4,1,4,True
4418,Men,Distance,2024,3,1,3,1,4,True
4429,Men,Distance,2024,1,1,1,1,2,True
4432,Men,Distance,2024,2,1,2,1,3,True
4433,Men,Distance,2024,1,2,1,3,3,True
4437,Men,Sprints,2024,1,2,1,3,3,True
4438,Men,Sprints,2024,1,2,1,3,3,True
4439,Men,Sprints,2024,1,2,1,3,3,True
4440,Men,Hurdles,2024,0,1,0,1,1,False
4440,Men,Throws,2024,2,2,2,2,4,True
4441,Men,Jumps,2024,1,2,1,2,3,True
4442,Men,Jumps,2024,1,1,1,1,2,True
4442,Men,Sprints,2024,1,1,1,1,2,True
4444,Men,Throws,2024,1,1,1,1,2,True
4446,Men,Throws,2024,1,1,1,2,2,True
4447,Men,Sprints,2024,2,1,4,1,3,True
4451,Men,Sprints,2024,2,1,4,2,3,True
4452,Men,Throws,2024,1,1,1,1,2,True
4455,Women,Throws,2024,2,1,2,1,3,True
4456,Men,Sprints,2024,1,1,1,1,2,True
4457,Men,Hurdles,2024,0,1,0,1,1,False
4457,Men,Jumps,2024,3,1,3,1,4,True
4460,Men,Sprints,2024,1,1,1,1,2,True
4461,Men,Hurdles,2024,0,1,0,1,1,False
4461,Men,Sprints,2024,1,1,2,1,2,True
4477,Men,Sprints,2024,3,1,4,3,4,True
4485,Men,Sprints,2024,3,1,3,2,4,True
4486,Men,Sprints,2024,0,1,0,1,1,False
4487,Men,Sprints,2024,0,1,0,1,1,False
4488,Men,Distance,2024,2,1,2,1,3,True
4489,Women,Sprints,2024,2,1,2,1,3,True
4492,Women,Distance,2024,1,1,1,1,2,True
4535,Men,Distance,2024,2,2,4,2,4,True
4537,Men,Sprints,2024,1,1,1,1,2,True
4538,Men,Hurdles,2024,0,1,0,1,1,False
4538,Men,Sprints,2024,1,1,1,1,2,True
4549,Women,Distance,2024,0,1,0,1,1,False
4551,Women,Distance,2024,0,1,0,1,1,False
4559,Women,Sprints,2024,0,1,0,2,1,False
4560,Women,Distance,2024,0,1,0,1,1,False
4561,Men,Jumps,2024,0,1,0,1,1,False
4561,Men,Sprints,2024,0,1,0,1,1,False
4572,Men,Distance,2024,0,2,0,2,2,False
4599,Women,Hurdles,2024,0,1,0,2,1,False
4600,Women,Sprints,2024,1,1,1,2,2,True
4604,Men,Sprints,2024,1,1,2,2,2,True
4630,Women,Distance,2024,0,1,0,1,1,False
4631,Women,Distance,2024,0,1,0,1,1,False
4634,Men,Distance,2024,0,1,0,1,1,False
4636,Men,Distance,2024,0,1,0,1,1,False
4637,Men,Distance,2024,0,1,0,1,1,False
4639,Men,Distance,2024,0,1,0,2,1,False
4648,Men,Distance,2024,2,1,2,1,3,True
4649,Men,Sprints,2024,1,1,1,1,2,True
4650,Men,Distance,2024,3,1,4,1,4,True
4655,Women,Distance,2024,1,1,1,1,2,True
4659,Men,Distance,2024,1,1,1,1,2,True
4673,Women,Distance,2024,1,1,1,1,2,True
4673,Women,Sprints,2024,1,1,1,1,2,True
4675,Women,Distance,2024,1,1,1,1,2,True
4678,Women,Sprints,2024,1,1,2,2,2,True
4679,Women,Sprints,2024,1,1,1,2,2,True
4681,Women,Distance,2024,1,2,1,2,3,True
4686,Women,Sprints,2024,0,1,0,1,1,False
4688,Women,Sprints,2024,1,1,1,1,2,True
4689,Men,Distance,2024,1,1,1,1,2,True
4700,Men,Distance,2024,1,1,1,1,2,True
4702,Men,Distance,2024,1,1,1,1,2,True
4704,Men,Distance,2024,1,1,1,1,2,True
4705,Men,Distance,2024,0,1,0,1,1,False
4706,Men,Distance,2024,1,2,1,2,3,True
4706,Men,Sprints,2024,0,3,0,3,3,False
4711,Men,Distance,2024,1,1,2,2,2,True
4714,Men,Distance,2024,1,1,1,1,2,True
4714,Men,Sprints,2024,0,1,0,1,1,False
4715,Men,Distance,2024,1,1,1,2,2,True
4722,Men,Sprints,2024,1,1,1,1,2,True
4726,Men,Distance,2024,1,1,1,2,2,True
4728,Men,Distance,2024,1,2,1,2,3,True
4728,Men,Sprints,2024,1,2,1,2,3,True
4729,Men,Distance,2024,1,1,1,1,2,True
4732,Men,Distance,2024,1,1,1,1,2,True
4733,Men,Distance,2024,1,1,2,1,2,True
4734,Men,Distance,2024,1,1,1,1,2,True
4734,Men,Sprints,2024,0,1,0,1,1,False
4735,Men,Sprints,2024,1,1,3,2,2,True
4737,Men,Distance,2024,1,1,1,1,2,True
4740,Women,Hurdles,2024,0,1,0,1,1,False
4740,Women,Sprints,2024,0,1,0,1,1,False
4753,Women,Sprints,2024,0,1,0,1,1,False
4764,Women,Distance,2024,1,1,1,1,2,True
4774,Women,Distance,2024,1,1,1,2,2,True
4778,Women,Distance,2024,0,1,0,1,1,False
4803,Women,Throws,2024,1,1,1,2,2,True
4839,Men,Distance,2024,0,1,0,1,1,False
4899,Men,Jumps,2024,1,2,2,4,3,True
4901,Men,Distance,2024,1,1,1,1,2,True
4902,Men,Distance,2024,1,1,1,1,2,True
4903,Men,Sprints,2024,0,1,0,2,1,False
4906,Men,Sprints,2024,0,2,0,4,2,False
4981,Women,Sprints,2024,1,1,1,1,2,True
4983,Women,Sprints,2024,2,1,2,2,3,True
4999,Men,Distance,2024,2,1,2,1,3,True
5001,Men,Sprints,2024,2,1,3,2,3,True
5003,Men,Sprints,2024,0,1,0,1,1,False
5004,Men,Distance,2024,1,1,1,1,2,True
5005,Men,Distance,2024,1,1,1,1,2,True
5007,Men,Distance,2024,2,1,3,1,3,True
5012,Men,Distance,2024,2,1,2,1,3,True
5012,Men,Sprints,2024,2,1,2,1,3,True
5013,Men,Distance,2024,2,1,2,1,3,True
5015,Men,Sprints,2024,0,1,0,1,1,False
5018,Men,Sprints,2024,2,1,2,1,3,True
5028,Men,Sprints,2024,1,1,2,1,2,True
5030,Men,Sprints,2024,0,1,0,1,1,False
5038,Men,Distance,2024,2,1,2,1,3,True
5100,Men,Distance,2024,1,1,1,1,2,True
5136,Women,Jumps,2024,0,1,0,1,1,False
5137,Men,Distance,2024,0,1,0,1,1,False
5138,Men,Distance,2024,0,1,0,1,1,False
5139,Men,Distance,2024,0,1,0,1,1,False
5140,Men,Sprints,2024,0,1,0,2,1,False
5142,Women,Sprints,2024,0,1,0,2,1,False
5143,Women,Distance,2024,0,1,0,1,1,False
5144,Women,Distance,2024,0,1,0,1,1,False
5145,Men,Distance,2024,0,1,0,1,1,False
5146,Men,Hurdles,2024,0,2,0,2,2,False
5146,Men,Sprints,2024,0,1,0,1,1,False
5147,Men,Distance,2024,0,1,0,1,1,False
5148,Men,Sprints,2024,0,1,0,1,1,False
5149,Men,Distance,2024,0,1,0,1,1,False
5150,Men,Distance,2024,0,1,0,1,1,False
5151,Men,Distance,2024,0,1,0,1,1,False
5152,Men,Distance,2024,0,1,0,1,1,False
5153,Men,Distance,2024,0,1,0,1,1,False
5154,Men,Distance,2024,0,1,0,1,1,False
5155,Men,Distance,2024,0,1,0,1,1,False
5156,Men,Distance,2024,0,1,0,1,1,False
5157,Men,Sprints,2024,0,1,0,2,1,False
5158,Men,Distance,2024,0,1,0,1,1,False
5159,Men,Distance,2024,0,1,0,1,1,False
5159,Men,Sprints,2024,0,1,0,1,1,False
5160,Men,Sprints,2024,0,1,0,2,1,False
5161,Men,Distance,2024,0,1,0,2,1,False
5162,Men,Sprints,2024,0,1,0,1,1,False
5163,Men,Distance,2024,0,1,0,1,1,False
5164,Men,Distance,2024,0,1,0,1,1,False
5165,Men,Sprints,2024,0,1,0,2,1,False
5168,Men,Distance,2024,0,2,0,2,2,False
5169,Men,Distance,2024,0,1,0,1,1,False
5170,Men,Distance,2024,0,1,0,1,1,False
5171,Men,Distance,2024,0,1,0,1,1,False
5172,Women,Distance,2024,0,1,0,1,1,False
5173,Men,Distance,2024,0,1,0,1,1,False
5174,Men,Distance,2024,0,1,0,1,1,False
5175,Men,Distance,2024,0,1,0,1,1,False
5176,Women,Sprints,2024,0,3,0,5,3,False
5177,Women,Sprints,2024,0,2,0,4,2,False
5178,Women,Sprints,2024,0,2,0,3,2,False
5179,Women,Sprints,2024,0,2,0,2,2,False
5180,Women,Distance,2024,0,1,0,1,1,False
5180,Women,Hurdles,2024,0,1,0,1,1,False
5181,Men,Jumps,2024,0,2,0,4,2,False
5182,Men,Distance,2024,0,2,0,2,2,False
5183,Men,Jumps,2024,0,2,0,2,2,False
5183,Men,Sprints,2024,0,1,0,2,1,False
5184,Men,Hurdles,2024,0,1,0,1,1,False
5184,Men,Sprints,2024,0,2,0,4,2,False
5185,Women,Sprints,2024,0,1,0,1,1,False
5186,Men,Distance,2024,0,1,0,1,1,False
5187,Men,Hurdles,2024,0,1,0,2,1,False
5188,Women,Sprints,2024,0,1,0,2,1,False
5191,Men,Distance,2024,0,1,0,2,1,False
5193,Women,Distance,2024,0,2,0,2,2,False
5193,Women,Sprints,2024,0,1,0,1,1,False
5194,Women,Hurdles,2024,0,2,0,2,2,False
5194,Women,Sprints,2024,0,1,0,1,1,False
5195,Women,Hurdles,2024,0,2,0,3,2,False
5195,Women,Sprints,2024,0,1,0,1,1,False
5196,Women,Hurdles,2024,0,1,0,1,1,False
5196,Women,Jumps,2024,0,2,0,3,2,False
5197,Women,Hurdles,2024,0,2,0,2,2,False
5197,Women,Throws,2024,0,2,0,4,2,False
5198,Women,Hurdles,2024,0,2,0,3,2,False
5199,Women,Jumps,2024,0,1,0,1,1,False
5199,Women,Sprints,2024,0,1,0,2,1,False
5200,Women,Jumps,2024,0,1,0,1,1,False
5200,Women,Sprints,2024,0,1,0,1,1,False
5201,Women,Distance,2024,0,2,0,3,2,False
5202,Women,Distance,2024,0,2,0,3,2,False
5203,Women,Distance,2024,0,1,0,1,1,False
5204,Women,Distance,2024,0,2,0,3,2,False
5205,Women,Distance,2024,0,1,0,1,1,False
5206,Women,Hurdles,2024,0,2,0,2,2,False
5206,Women,Jumps,2024,0,2,0,2,2,False
5207,Women,Jumps,2024,0,2,0,6,2,False
5208,Women,Jumps,2024,0,2,0,2,2,False
5208,Women,Sprints,2024,0,1,0,1,1,False
5209,Women,Throws,2024,0,2,0,4,2,False
5210,Women,Throws,2024,0,1,0,2,1,False
5211,Women,Throws,2024,0,1,0,2,1,False
5212,Women,Throws,2024,0,2,0,4,2,False
5213,Men,Sprints,2024,0,1,0,2,1,False
5215,Men,Distance,2024,0,1,0,1,1,False
5216,Men,Sprints,2024,0,1,0,1,1,False
5217,Men,Sprints,2024,0,1,0,1,1,False
5218,Men,Sprints,2024,0,2,0,3,2,False
5219,Men,Throws,2024,0,2,0,4,2,False
5220,Men,Distance,2024,0,2,0,2,2,False
5220,Men,Hurdles,2024,0,2,0,2,2,False
5220,Men,Sprints,2024,0,2,0,2,2,False
5221,Men,Sprints,2024,0,2,0,4,2,False
5222,Men,Sprints,2024,0,2,0,4,2,False
5223,Men,Sprints,2024,0,1,0,1,1,False
5224,Men,Throws,2024,0,1,0,1,1,False
5225,Men,Jumps,2024,0,2,0,4,2,False
5226,Men,Sprints,2024,0,2,0,3,2,False
5227,Men,Throws,2024,0,1,0,2,1,False
5228,Men,Throws,2024,0,2,0,4,2,False
5229,Men,Throws,2024,0,2,0,4,2,False
5230,Men,Distance,2024,0,2,0,4,2,False
5231,Men,Jumps,2024,0,2,0,2,2,False
5232,Men,Sprints,2024,0,1,0,2,1,False
5233,Men,Hurdles,2024,0,2,0,3,2,False
5233,Men,Sprints,2024,0,2,0,2,2,False
5234,Men,Sprints,2024,0,2,0,4,2,False
5235,Men,Sprints,2024,0,2,0,3,2,False
5236,Men,Distance,2024,0,1,0,1,1,False
5236,Men,Hurdles,2024,0,2,0,2,2,False
5237,Men,Distance,2024,0,2,0,4,2,False
5238,Men,Sprints,2024,0,1,0,2,1,False
5239,Men,Hurdles,2024,0,1,0,1,1,False
5240,Men,Sprints,2024,0,2,0,3,2,False
5241,Men,Throws,2024,0,1,0,1,1,False
5242,Men,Throws,2024,0,2,0,4,2,False
5243,Men,Sprints,2024,0,1,0,1,1,False
5244,Men,Sprints,2024,0,2,0,3,2,False
5245,Men,Distance,2024,0,2,0,2,2,False
5246,Men,Jumps,2024,0,2,0,4,2,False
5246,Men,Sprints,2024,0,2,0,2,2,False
5247,Men,Throws,2024,0,2,0,4,2,False
5248,Men,Distance,2024,0,2,0,2,2,False
5248,Men,Sprints,2024,0,1,0,1,1,False
5249,Men,Throws,2024,0,2,0,3,2,False
5250,Men,Jumps,2024,0,2,0,3,2,False
5250,Men,Sprints,2024,0,2,0,2,2,False
5252,Men,Hurdles,2024,0,1,0,1,1,False
5252,Men,Sprints,2024,0,1,0,1,1,False
5253,Men,Distance,2024,0,2,0,2,2,False
5254,Men,Throws,2024,0,2,0,4,2,False
5255,Men,Distance,2024,0,2,0,2,2,False
5256,Men,Sprints,2024,0,2,0,3,2,False
5257,Men,Sprints,2024,0,2,0,4,2,False
5258,Men,Sprints,2024,0,2,0,4,2,False
5259,Men,Sprints,2024,0,2,0,4,2,False
5260,Men,Distance,2024,0,2,0,2,2,False
5261,Men,Throws,2024,0,1,0,2,1,False
5262,Women,Sprints,2024,0,1,0,1,1,False
5263,Women,Sprints,2024,0,1,0,1,1,False
5264,Women,Distance,2024,1,1,1,1,2,True
5265,Women,Distance,2024,0,1,0,1,1,False
5266,Women,Distance,2024,0,1,0,1,1,False
5267,Women,Jumps,2024,0,1,0,1,1,False
5268,Women,Sprints,2024,0,1,0,2,1,False
5269,Women,Hurdles,2024,0,2,0,2,2,False
5269,Women,Jumps,2024,0,2,0,4,2,False
5270,Men,Sprints,2024,0,1,0,2,1,False
5271,Men,Distance,2024,0,2,0,3,2,False
5272,Men,Distance,2024,0,1,0,1,1,False
5273,Men,Sprints,2024,0,1,0,2,1,False
5274,Men,Sprints,2024,0,1,0,1,1,False
5275,Men,Throws,2024,0,2,0,4,2,False
5276,Men,Distance,2024,0,2,0,2,2,False
5277,Women,Distance,2024,0,1,0,2,1,False
5279,Women,Distance,2024,0,1,0,1,1,False
5282,Men,Distance,2024,0,1,0,2,1,False
5284,Men,Sprints,2024,0,1,0,2,1,False
5285,Men,Sprints,2024,0,1,0,2,1,False
5286,Men,Throws,2024,0,1,0,2,1,False
5289,Men,Distance,2024,0,1,0,1,1,False
5290,Women,Distance,2024,0,1,0,1,1,False
5291,Men,Sprints,2024,0,1,0,1,1,False
5293,Men,Distance,2024,0,1,0,1,1,False
5294,Men,Distance,2024,0,1,0,1,1,False
5295,Men,Distance,2024,0,1,0,1,1,False
5296,Men,Distance,2024,0,1,0,1,1,False
5296,Men,Sprints,2024,0,1,0,1,1,False
5297,Men,Distance,2024,0,2,0,2,2,False
5298,Women,Distance,2024,2,1,2,1,3,True
5301,Women,Sprints,2024,0,2,0,2,2,False
5302,Women,Throws,2024,0,1,0,1,1,False
5303,Women,Throws,2024,0,1,0,1,1,False
5304,Women,Throws,2024,0,1,0,1,1,False
5305,Women,Jumps,2024,0,1,0,1,1,False
5306,Men,Distance,2024,0,1,0,1,1,False
5309,Men,Sprints,2024,0,1,0,1,1,False
5310,Men,Distance,2024,0,2,0,2,2,False
5311,Men,Distance,2024,0,1,0,1,1,False
5312,Men,Distance,2024,1,1,1,1,2,True
5312,Men,Jumps,2024,0,2,0,3,2,False
5312,Men,Throws,2024,0,1,0,1,1,False
5313,Men,Distance,2024,0,1,0,1,1,False
5313,Men,Throws,2024,0,1,0,1,1,False
5314,Men,Distance,2024,0,1,0,1,1,False
5315,Men,Sprints,2024,0,1,0,2,1,False
5316,Men,Distance,2024,0,1,0,1,1,False
5316,Men,Sprints,2024,0,1,0,1,1,False
5317,Men,Sprints,2024,0,2,0,3,2,False
5318,Men,Sprints,2024,0,1,0,2,1,False
5343,Women,Distance,2024,0,1,0,1,1,False
5344,Women,Distance,2024,0,1,0,1,1,False
5345,Women,Distance,2024,0,1,0,2,1,False
5346,Women,Throws,2024,0,1,0,2,1,False
5347,Women,Distance,2024,0,1,0,2,1,False
5348,Women,Distance,2024,0,1,0,1,1,False
5349,Women,Distance,2024,0,1,0,2,1,False
5350,Women,Sprints,2024,0,1,0,3,1,False
5351,Women,Distance,2024,0,1,0,1,1,False
5351,Women,Sprints,2024,0,1,0,1,1,False
5352,Women,Sprints,2024,0,1,0,1,1,False
5354,Women,Sprints,2024,0,1,0,1,1,False
5355,Women,Sprints,2024,0,1,0,1,1,False
5356,Women,Distance,2024,0,1,0,1,1,False
5357,Women,Distance,2024,0,1,0,1,1,False
5358,Men,Distance,2024,0,2,0,3,2,False
5359,Men,Sprints,2024,0,1,0,1,1,False
5361,Men,Distance,2024,0,1,0,1,1,False
5361,Men,Sprints,2024,0,1,0,1,1,False
5366,Men,Distance,2024,0,1,0,1,1,False
5367,Men,Distance,2024,0,1,0,1,1,False
5368,Women,Distance,2024,0,1,0,1,1,False
5369,Women,Distance,2024,0,1,0,1,1,False
5370,Women,Sprints,2024,0,1,0,2,1,False
5371,Women,Distance,2024,0,1,0,1,1,False
5372,Men,Distance,2024,0,1,0,1,1,False
5373,Men,Sprints,2024,0,1,0,1,1,False
5374,Men,Sprints,2024,0,1,0,1,1,False
5375,Men,Sprints,2024,0,1,0,1,1,False
5377,Men,Distance,2024,0,1,0,1,1,False
5378,Men,Sprints,2024,0,1,0,2,1,False
5384,Men,Distance,2024,0,1,0,1,1,False
5386,Women,Distance,2024,0,1,0,1,1,False
5389,Women,Distance,2024,0,1,0,1,1,False
5390,Women,Distance,2024,0,1,0,1,1,False
5391,Women,Distance,2024,1,2,1,2,3,True
5392,Women,Distance,2024,0,1,0,2,1,False
5393,Women,Sprints,2024,0,1,0,2,1,False
5396,Men,Distance,2024,0,1,0,1,1,False
5397,Men,Sprints,2024,0,1,0,1,1,False
5400,Men,Distance,2024,0,1,0,1,1,False
5401,Men,Distance,2024,0,1,0,1,1,False
5402,Men,Distance,2024,0,1,0,1,1,False
5403,Men,Distance,2024,0,1,0,1,1,False
5404,Men,Jumps,2024,0,1,0,1,1,False
5404,Men,Sprints,2024,0,1,0,1,1,False
5405,Men,Sprints,2024,0,1,0,1,1,False
5406,Men,Sprints,2024,0,1,0,1,1,False
5407,Men,Sprints,2024,0,1,0,1,1,False
5408,Men,Distance,2024,0,1,0,1,1,False
5408,Men,Sprints,2024,0,1,0,1,1,False
5409,Men,Distance,2024,0,1,0,1,1,False
5410,Men,Distance,2024,0,1,0,1,1,False
5411,Men,Distance,2024,0,1,0,1,1,False
5412,Men,Distance,2024,0,1,0,1,1,False
5413,Men,Distance,2024,0,1,0,1,1,False
5414,Men,Sprints,2024,0,1,0,1,1,False
5415,Men,Jumps,2024,0,1,0,2,1,False
5415,Men,Sprints,2024,0,1,0,1,1,False
5416,Men,Sprints,2024,0,1,0,1,1,False
5417,Men,Sprints,2024,0,1,0,1,1,False
5418,Men,Sprints,2024,0,1,0,1,1,False
5420,Men,Distance,2024,0,1,0,1,1,False
5421,Men,Sprints,2024,0,1,0,1,1,False
5422,Men,Sprints,2024,0,1,0,2,1,False
5423,Women,Sprints,2024,0,1,0,2,1,False
5424,Women,Sprints,2024,0,1,0,1,1,False
5425,Women,Sprints,2024,0,1,0,1,1,False
5426,Women,Distance,2024,0,1,0,1,1,False
5427,Women,Distance,2024,0,1,0,1,1,False
5428,Women,Distance,2024,0,1,0,1,1,False
5429,Women,Distance,2024,0,1,0,1,1,False
5430,Women,Distance,2024,0,1,0,2,1,False
5431,Women,Distance,2024,0,1,0,2,1,False
5432,Women,Distance,2024,0,1,0,1,1,False
5433,Women,Distance,2024,0,1,0,1,1,False
5434,Women,Distance,2024,0,1,0,2,1,False
5435,Women,Distance,2024,0,1,0,1,1,False
5436,Women,Distance,2024,0,1,0,1,1,False
5437,Women,Distance,2024,0,1,0,1,1,False
5443,Men,Sprints,2024,0,1,0,2,1,False
5444,Men,Sprints,2024,0,1,0,2,1,False
5445,Men,Sprints,2024,0,1,0,1,1,False
5446,Men,Sprints,2024,0,1,0,2,1,False
5447,Men,Sprints,2024,0,1,0,2,1,False
5448,Men,Distance,2024,0,1,0,1,1,False
5448,Men,Sprints,2024,0,1,0,2,1,False
5449,Men,Distance,2024,0,1,0,1,1,False
5449,Men,Sprints,2024,0,1,0,1,1,False
5450,Men,Distance,2024,0,1,0,3,1,False
5450,Men,Sprints,2024,0,1,0,2,1,False
5451,Men,Sprints,2024,0,1,0,2,1,False
5452,Men,Distance,2024,0,1,0,2,1,False
5453,Men,Distance,2024,0,1,0,1,1,False
5454,Men,Distance,2024,0,1,0,1,1,False
5455,Men,Distance,2024,0,1,0,1,1,False
5456,Men,Distance,2024,0,1,0,2,1,False
5457,Men,Distance,2024,0,1,0,2,1,False
5458,Men,Distance,2024,0,1,0,2,1,False
5459,Men,Distance,2024,0,1,0,2,1,False
5460,Men,Distance,2024,0,1,0,3,1,False
5461,Men,Distance,2024,0,1,0,2,1,False
5462,Men,Distance,2024,0,1,0,2,1,False
5463,Men,Distance,2024,0,1,0,1,1,False
5464,Men,Distance,2024,0,1,0,1,1,False
5465,Men,Distance,2024,0,1,0,2,1,False
5466,Men,Distance,2024,0,1,0,1,1,False
5467,Men,Distance,2024,0,1,0,1,1,False
5468,Men,Distance,2024,0,1,0,1,1,False
5469,Men,Distance,2024,0,1,0,1,1,False
5470,Men,Distance,2024,0,1,0,1,1,False
5480,Women,Sprints,2024,0,1,0,2,1,False
5481,Women,Jumps,2024,0,1,0,1,1,False
5482,Men,Hurdles,2024,0,1,0,1,1,False
5483,Men,Throws,2024,0,1,0,1,1,False
5484,Women,Hurdles,2024,0,1,0,1,1,False
5484,Women,Sprints,2024,0,1,0,2,1,False
5485,Women,Jumps,2024,0,1,0,1,1,False
5486,Men,Distance,2024,0,1,0,1,1,False
5488,Men,Distance,2024,0,1,0,1,1,False
5489,Men,Distance,2024,0,1,0,1,1,False
5490,Men,Distance,2024,0,1,0,1,1,False
5491,Women,Sprints,2024,0,1,0,2,1,False
5492,Women,Distance,2024,0,1,0,1,1,False
5492,Women,Sprints,2024,0,1,0,1,1,False
5493,Women,Distance,2024,0,1,0,1,1,False
5494,Women,Hurdles,2024,0,1,0,1,1,False
5496,Women,Jumps,2024,0,1,0,2,1,False
5497,Women,Jumps,2024,0,1,0,1,1,False
5497,Women,Sprints,2024,0,1,0,1,1,False
5498,Men,Jumps,2024,0,1,0,1,1,False
5498,Men,Sprints,2024,0,1,0,1,1,False
5499,Men,Sprints,2024,0,1,0,1,1,False
5500,Men,Distance,2024,0,1,0,2,1,False
5502,Men,Jumps,2024,0,1,0,1,1,False
5691,Women,Distance,2024,2,1,2,1,3,True
5708,Men,Distance,2024,1,1,1,2,2,True
5787,Men,Distance,2024,0,1,0,2,1,False
5789,Men,Distance,2024,0,1,0,1,1,False
6285,Women,Distance,2024,0,1,0,1,1,False
6458,Women,Distance,2024,0,1,0,1,1,False
6845,Men,Distance,2024,2,2,2,2,4,True
6849,Men,Sprints,2024,0,1,0,1,1,False
7694,Men,Distance,2024,2,1,3,1,3,True
23523,Women,Distance,2024,0,1,0,1,1,False
2,Men,Distance,2024,4,0,5,0,4,False
3,Men,Distance,2024,3,0,5,0,3,False
6,Men,Distance,2024,2,0,2,0,2,False
11,Men,Distance,2024,4,0,5,0,4,False
15,Men,Distance,2024,3,0,4,0,3,False
18,Men,Distance,2024,3,0,4,0,3,False
20,Men,Sprints,2024,1,0,2,0,1,False
25,Men,Distance,2024,3,0,4,0,3,False
26,Men,Distance,2024,1,0,1,0,1,False
28,Men,Distance,2024,1,0,2,0,1,False
30,Men,Distance,2024,1,0,1,0,1,False
30,Men,Sprints,2024,1,0,1,0,1,False
31,Men,Sprints,2024,1,0,1,0,1,False
32,Men,Distance,2024,1,0,1,0,1,False
33,Men,Distance,2024,3,0,3,0,3,False
34,Men,Distance,2024,1,0,1,0,1,False
37,Men,Distance,2024,2,0,2,0,2,False
37,Men,Sprints,2024,1,0,2,0,1,False
43,Men,Distance,2024,3,0,3,0,3,False
44,Men,Distance,2024,1,0,1,0,1,False
44,Men,Sprints,2024,2,0,2,0,2,False
46,Men,Distance,2024,4,0,5,0,4,False
48,Men,Distance,2024,1,0,1,0,1,False
49,Men,Distance,2024,1,0,1,0,1,False
54,Men,Distance,2024,3,0,6,0,3,False
57,Men,Distance,2024,1,0,1,0,1,False
58,Men,Distance,2024,2,0,2,0,2,False
59,Men,Distance,2024,1,0,1,0,1,False
64,Women,Distance,2024,1,0,1,0,1,False
69,Women,Distance,2024,3,0,3,0,3,False
73,Women,Distance,2024,1,0,1,0,1,False
75,Women,Distance,2024,2,0,2,0,2,False
76,Women,Sprints,2024,1,0,1,0,1,False
79,Women,Distance,2024,1,0,2,0,1,False
85,Women,Sprints,2024,2,0,2,0,2,False
86,Women,Distance,2024,1,0,1,0,1,False
87,Women,Distance,2024,1,0,1,0,1,False
115,Men,Distance,2024,3,0,4,0,3,False
119,Men,Distance,2024,3,0,4,0,3,False
120,Men,Distance,2024,1,0,2,0,1,False
121,Men,Distance,2024,2,0,2,0,2,False
124,Men,Distance,2024,4,0,5,0,4,False
126,Men,Distance,2024,3,0,4,0,3,False
128,Men,Distance,2024,2,0,3,0,2,False
129,Men,Distance,2024,2,0,2,0,2,False
131,Men,Distance,2024,3,0,3,0,3,False
132,Men,Distance,2024,2,0,2,0,2,False
134,Men,Distance,2024,1,0,1,0,1,False
138,Men,Distance,2024,2,0,2,0,2,False
143,Men,Distance,2024,2,0,2,0,2,False
152,Men,Distance,2024,2,0,2,0,2,False
153,Men,Distance,2024,2,0,2,0,2,False
156,Men,Distance,2024,3,0,3,0,3,False
157,Men,Distance,2024,1,0,1,0,1,False
157,Men,Sprints,2024,1,0,1,0,1,False
158,Men,Distance,2024,2,0,2,0,2,False
161,Men,Distance,2024,2,0,4,0,2,False
161,Men,Sprints,2024,1,0,1,0,1,False
162,Men,Distance,2024,1,0,1,0,1,False
163,Men,Distance,2024,1,0,1,0,1,False
163,Men,Throws,2024,1,0,1,0,1,False
165,Men,Distance,2024,1,0,1,0,1,False
170,Men,Distance,2024,3,0,3,0,3,False
172,Men,Distance,2024,1,0,1,0,1,False
173,Men,Distance,2024,1,0,1,0,1,False
173,Men,Sprints,2024,1,0,1,0,1,False
178,Men,Distance,2024,3,0,3,0,3,False
179,Men,Distance,2024,2,0,2,0,2,False
183,Men,Distance,2024,2,0,3,0,2,False
184,Men,Distance,2024,1,0,1,0,1,False
186,Men,Distance,2024,2,0,2,0,2,False
186,Men,Sprints,2024,1,0,1,0,1,False
189,Men,Distance,2024,3,0,3,0,3,False
190,Men,Distance,2024,1,0,1,0,1,False
192,Men,Distance,2024,1,0,2,0,1,False
193,Men,Distance,2024,1,0,1,0,1,False
195,Men,Distance,2024,1,0,2,0,1,False
196,Men,Distance,2024,4,0,4,0,4,False
197,Men,Distance,2024,3,0,5,0,3,False
203,Men,Distance,2024,1,0,1,0,1,False
206,Men,Distance,2024,1,0,1,0,1,False
210,Men,Distance,2024,1,0,1,0,1,False
225,Men,Distance,2024,1,0,1,0,1,False
231,Women,Distance,2024,3,0,5,0,3,False
233,Women,Distance,2024,4,0,5,0,4,False
234,Women,Distance,2024,3,0,5,0,3,False
235,Women,Distance,2024,2,0,2,0,2,False
236,Women,Distance,2024,3,0,3,0,3,False
238,Women,Distance,2024,3,0,6,0,3,False
239,Women,Distance,2024,2,0,2,0,2,False
243,Women,Distance,2024,2,0,2,0,2,False
244,Women,Distance,2024,1,0,1,0,1,False
245,Women,Distance,2024,1,0,2,0,1,False
247,Women,Distance,2024,1,0,1,0,1,False
263,Women,Distance,2024,1,0,1,0,1,False
264,Women,Distance,2024,3,0,4,0,3,False
275,Women,Distance,2024,1,0,1,0,1,False
282,Women,Distance,2024,2,0,2,0,2,False
284,Women,Distance,2024,1,0,1,0,1,False
290,Women,Distance,2024,1,0,1,0,1,False
295,Women,Distance,2024,1,0,1,0,1,False
295,Women,Sprints,2024,1,0,1,0,1,False
297,Women,Distance,2024,1,0,1,0,1,False
302,Women,Distance,2024,2,0,2,0,2,False
304,Women,Distance,2024,1,0,1,0,1,False
304,Women,Jumps,2024,1,0,2,0,1,False
309,Women,Distance,2024,1,0,1,0,1,False
312,Men,Distance,2024,2,0,2,0,2,False
313,Men,Distance,2024,2,0,2,0,2,False
314,Men,Distance,2024,2,0,3,0,2,False
330,Men,Distance,2024,3,0,3,0,3,False
333,Men,Distance,2024,2,0,2,0,2,False
334,Men,Distance,2024,2,0,3,0,2,False
337,Men,Distance,2024,2,0,3,0,2,False
338,Men,Jumps,2024,2,0,2,0,2,False
339,Men,Distance,2024,1,0,1,0,1,False
347,Men,Distance,2024,1,0,1,0,1,False
349,Men,Distance,2024,1,0,2,0,1,False
350,Men,Sprints,2024,1,0,1,0,1,False
355,Women,Distance,2024,2,0,2,0,2,False
358,Women,Distance,2024,1,0,1,0,1,False
366,Men,Distance,2024,1,0,1,0,1,False
369,Men,Distance,2024,1,0,1,0,1,False
379,Men,Distance,2024,1,0,2,0,1,False
382,Men,Distance,2024,3,0,3,0,3,False
386,Women,Distance,2024,2,0,2,0,2,False
388,Women,Distance,2024,1,0,1,0,1,False
390,Women,Distance,2024,1,0,1,0,1,False
393,Men,Distance,2024,1,0,1,0,1,False
394,Men,Distance,2024,2,0,2,0,2,False
395,Men,Distance,2024,2,0,2,0,2,False
396,Men,Distance,2024,2,0,3,0,2,False
397,Men,Distance,2024,2,0,3,0,2,False
400,Men,Distance,2024,1,0,1,0,1,False
401,Men,Distance,2024,2,0,2,0,2,False
404,Women,Distance,2024,2,0,3,0,2,False
406,Women,Distance,2024,1,0,1,0,1,False
414,Men,Distance,2024,3,0,3,0,3,False
415,Men,Distance,2024,3,0,3,0,3,False
417,Men,Distance,2024,4,0,4,0,4,False
420,Men,Distance,2024,4,0,5,0,4,False
421,Men,Distance,2024,1,0,2,0,1,False
423,Men,Distance,2024,1,0,1,0,1,False
426,Men,Distance,2024,2,0,3,0,2,False
427,Men,Distance,2024,1,0,1,0,1,False
429,Men,Distance,2024,2,0,2,0,2,False
435,Men,Distance,2024,3,0,5,0,3,False
443,Women,Jumps,2024,1,0,1,0,1,False
446,Women,Distance,2024,1,0,1,0,1,False
453,Men,Distance,2024,2,0,2,0,2,False
455,Men,Sprints,2024,1,0,1,0,1,False
462,Men,Distance,2024,1,0,1,0,1,False
462,Men,Sprints,2024,1,0,1,0,1,False
463,Men,Distance,2024,1,0,1,0,1,False
464,Men,Distance,2024,1,0,2,0,1,False
472,Men,Distance,2024,1,0,1,0,1,False
490,Women,Distance,2024,1,0,1,0,1,False
505,Men,Distance,2024,2,0,2,0,2,False
506,Men,Distance,2024,2,0,2,0,2,False
508,Men,Distance,2024,1,0,1,0,1,False
509,Men,Distance,2024,1,0,1,0,1,False
510,Men,Distance,2024,1,0,1,0,1,False
512,Men,Distance,2024,1,0,1,0,1,False
513,Men,Distance,2024,2,0,2,0,2,False
515,Men,Distance,2024,1,0,1,0,1,False
523,Men,Distance,2024,1,0,1,0,1,False
529,Men,Distance,2024,1,0,1,0,1,False
530,Men,Distance,2024,2,0,2,0,2,False
535,Men,Distance,2024,1,0,1,0,1,False
537,Men,Distance,2024,1,0,1,0,1,False
539,Men,Distance,2024,2,0,2,0,2,False
539,Men,Sprints,2024,1,0,1,0,1,False
583,Women,Distance,2024,1,0,1,0,1,False
591,Women,Distance,2024,2,0,3,0,2,False
593,Women,Sprints,2024,2,0,2,0,2,False
598,Women,Distance,2024,1,0,1,0,1,False
601,Women,Distance,2024,2,0,3,0,2,False
613,Women,Distance,2024,1,0,1,0,1,False
619,Women,Distance,2024,1,0,2,0,1,False
631,Women,Distance,2024,2,0,3,0,2,False
643,Women,Distance,2024,2,0,2,0,2,False
644,Women,Distance,2024,1,0,1,0,1,False
646,Women,Distance,2024,2,0,3,0,2,False
650,Women,Distance,2024,2,0,2,0,2,False
680,Men,Distance,2024,1,0,1,0,1,False
689,Men,Sprints,2024,1,0,1,0,1,False
690,Men,Distance,2024,1,0,1,0,1,False
705,Men,Sprints,2024,1,0,1,0,1,False
714,Men,Distance,2024,2,0,2,0,2,False
714,Men,Sprints,2024,1,0,1,0,1,False
727,Men,Sprints,2024,1,0,1,0,1,False
730,Men,Distance,2024,1,0,1,0,1,False
731,Men,Jumps,2024,1,0,1,0,1,False
735,Men,Distance,2024,1,0,1,0,1,False
744,Men,Distance,2024,1,0,1,0,1,False
753,Men,Distance,2024,1,0,1,0,1,False
761,Men,Distance,2024,2,0,2,0,2,False
766,Men,Distance,2024,3,0,4,0,3,False
769,Men,Distance,2024,1,0,1,0,1,False
770,Men,Distance,2024,1,0,1,0,1,False
772,Men,Distance,2024,2,0,2,0,2,False
781,Men,Distance,2024,1,0,1,0,1,False
784,Men,Distance,2024,1,0,1,0,1,False
789,Men,Distance,2024,1,0,1,0,1,False
789,Men,Sprints,2024,1,0,1,0,1,False
793,Men,Distance,2024,1,0,1,0,1,False
795,Men,Sprints,2024,1,0,1,0,1,False
798,Men,Distance,2024,1,0,1,0,1,False
799,Men,Distance,2024,1,0,1,0,1,False
799,Men,Sprints,2024,1,0,1,0,1,False
801,Men,Sprints,2024,1,0,1,0,1,False
803,Men,Distance,2024,1,0,1,0,1,False
804,Men,Sprints,2024,1,0,2,0,1,False
807,Women,Sprints,2024,1,0,2,0,1,False
809,Women,Distance,2024,3,0,6,0,3,False
809,Women,Jumps,2024,1,0,1,0,1,False
809,Women,Sprints,2024,1,0,2,0,1,False
819,Women,Distance,2024,2,0,5,0,2,False
819,Women,Sprints,2024,1,0,2,0,1,False
823,Women,Distance,2024,2,0,4,0,2,False
823,Women,Sprints,2024,1,0,2,0,1,False
825,Women,Distance,2024,2,0,3,0,2,False
831,Women,Distance,2024,2,0,4,0,2,False
831,Women,Sprints,2024,2,0,3,0,2,False
833,Women,Distance,2024,2,0,4,0,2,False
833,Women,Sprints,2024,1,0,2,0,1,False
835,Women,Distance,2024,1,0,1,0,1,False
839,Women,Distance,2024,1,0,1,0,1,False
843,Women,Distance,2024,1,0,1,0,1,False
849,Women,Distance,2024,1,0,1,0,1,False
857,Women,Distance,2024,1,0,1,0,1,False
857,Women,Sprints,2024,1,0,2,0,1,False
859,Women,Distance,2024,1,0,1,0,1,False
861,Women,Sprints,2024,2,0,4,0,2,False
866,Men,Distance,2024,2,0,2,0,2,False
867,Men,Jumps,2024,1,0,1,0,1,False
872,Men,Distance,2024,1,0,2,0,1,False
878,Men,Distance,2024,1,0,1,0,1,False
880,Men,Distance,2024,2,0,2,0,2,False
885,Men,Distance,2024,4,0,4,0,4,False
886,Men,Distance,2024,3,0,3,0,3,False
888,Men,Distance,2024,1,0,1,0,1,False
891,Men,Distance,2024,2,0,3,0,2,False
895,Men,Distance,2024,2,0,5,0,2,False
895,Men,Sprints,2024,1,0,2,0,1,False
897,Men,Distance,2024,2,0,3,0,2,False
899,Men,Distance,2024,1,0,3,0,1,False
899,Men,Sprints,2024,1,0,2,0,1,False
913,Men,Distance,2024,1,0,1,0,1,False
918,Men,Sprints,2024,1,0,2,0,1,False
924,Men,Distance,2024,2,0,5,0,2,False
924,Men,Sprints,2024,1,0,2,0,1,False
928,Men,Distance,2024,3,0,3,0,3,False
928,Men,Jumps,2024,1,0,1,0,1,False
932,Men,Distance,2024,2,0,2,0,2,False
934,Men,Distance,2024,2,0,2,0,2,False
940,Men,Jumps,2024,1,0,1,0,1,False
944,Men,Distance,2024,2,0,2,0,2,False
946,Men,Distance,2024,1,0,2,0,1,False
948,Men,Distance,2024,1,0,3,0,1,False
950,Men,Distance,2024,1,0,2,0,1,False
954,Men,Distance,2024,2,0,4,0,2,False
964,Men,Distance,2024,1,0,1,0,1,False
976,Women,Distance,2024,1,0,1,0,1,False
976,Women,Sprints,2024,1,0,2,0,1,False
984,Men,Distance,2024,1,0,2,0,1,False
990,Women,Distance,2024,1,0,1,0,1,False
994,Women,Distance,2024,1,0,1,0,1,False
996,Women,Distance,2024,1,0,1,0,1,False
1004,Women,Distance,2024,1,0,1,0,1,False
1014,Women,Distance,2024,1,0,2,0,1,False
1018,Women,Distance,2024,2,0,3,0,2,False
1029,Women,Distance,2024,1,0,1,0,1,False
1032,Women,Distance,2024,2,0,2,0,2,False
1034,Women,Distance,2024,2,0,4,0,2,False
1034,Women,Sprints,2024,1,0,1,0,1,False
1042,Women,Distance,2024,1,0,1,0,1,False
1046,Women,Distance,2024,1,0,1,0,1,False
1050,Women,Distance,2024,1,0,1,0,1,False
1054,Women,Sprints,2024,1,0,1,0,1,False
1056,Women,Distance,2024,1,0,1,0,1,False
1060,Women,Distance,2024,1,0,1,0,1,False
1062,Women,Distance,2024,1,0,1,0,1,False
1066,Women,Distance,2024,1,0,1,0,1,False
1068,Women,Distance,2024,1,0,1,0,1,False
1076,Women,Distance,2024,1,0,1,0,1,False
1090,Women,Distance,2024,1,0,1,0,1,False
1100,Women,Distance,2024,2,0,2,0,2,False
1153,Women,Distance,2024,1,0,2,0,1,False
1172,Men,Distance,2024,1,0,1,0,1,False
1185,Men,Distance,2024,1,0,2,0,1,False
1191,Men,Distance,2024,2,0,2,0,2,False
1195,Men,Distance,2024,1,0,1,0,1,False
1199,Men,Distance,2024,2,0,3,0,2,False
1201,Men,Distance,2024,1,0,2,0,1,False
1217,Men,Distance,2024,2,0,5,0,2,False
1219,Men,Distance,2024,1,0,1,0,1,False
1231,Men,Distance,2024,1,0,2,0,1,False
1236,Men,Distance,2024,1,0,2,0,1,False
1245,Men,Distance,2024,3,0,5,0,3,False
1260,Men,Throws,2024,1,0,1,0,1,False
1273,Men,Distance,2024,1,0,1,0,1,False
1282,Men,Distance,2024,1,0,1,0,1,False
1297,Men,Distance,2024,1,0,1,0,1,False
1299,Men,Distance,2024,1,0,2,0,1,False
1305,Men,Distance,2024,1,0,2,0,1,False
1313,Men,Distance,2024,1,0,1,0,1,False
1319,Men,Distance,2024,1,0,1,0,1,False
1333,Men,Distance,2024,1,0,1,0,1,False
1341,Men,Distance,2024,2,0,4,0,2,False
1357,Men,Distance,2024,1,0,1,0,1,False
1365,Men,Sprints,2024,1,0,2,0,1,False
1367,Men,Sprints,2024,1,0,2,0,1,False
1371,Men,Distance,2024,1,0,1,0,1,False
1377,Men,Distance,2024,1,0,1,0,1,False
1387,Men,Distance,2024,1,0,1,0,1,False
1393,Men,Distance,2024,1,0,2,0,1,False
1401,Men,Distance,2024,1,0,1,0,1,False
1405,Men,Distance,2024,1,0,1,0,1,False
1428,Men,Sprints,2024,1,0,1,0,1,False
1434,Men,Distance,2024,1,0,1,0,1,False
1454,Women,Distance,2024,1,0,1,0,1,False
1458,Women,Distance,2024,2,0,2,0,2,False
1533,Men,Jumps,2024,1,0,1,0,1,False
1551,Men,Distance,2024,1,0,1,0,1,False
1551,Men,Sprints,2024,2,0,2,0,2,False
1571,Men,Sprints,2024,1,0,1,0,1,False
1581,Men,Sprints,2024,1,0,1,0,1,False
1595,Men,Sprints,2024,1,0,1,0,1,False
1599,Men,Sprints,2024,1,0,1,0,1,False
1604,Men,Distance,2024,1,0,1,0,1,False
1619,Women,Distance,2024,2,0,3,0,2,False
1621,Women,Distance,2024,3,0,6,0,3,False
1624,Men,Sprints,2024,4,0,5,0,4,False
1625,Men,Distance,2024,5,0,5,0,5,False
1630,Men,Distance,2024,1,0,1,0,1,False
1631,Men,Distance,2024,5,0,5,0,5,False
1631,Men,Jumps,2024,1,0,1,0,1,False
1632,Men,Distance,2024,4,0,4,0,4,False
1632,Men,Jumps,2024,1,0,1,0,1,False
1635,Men,Distance,2024,1,0,1,0,1,False
1638,Men,Distance,2024,4,0,5,0,4,False
1639,Men,Distance,2024,5,0,5,0,5,False
1641,Men,Distance,2024,3,0,4,0,3,False
1641,Men,Throws,2024,1,0,1,0,1,False
1643,Men,Distance,2024,4,0,4,0,4,False
1645,Men,Distance,2024,1,0,1,0,1,False
1646,Men,Distance,2024,3,0,3,0,3,False
1648,Men,Distance,2024,1,0,2,0,1,False
1650,Men,Distance,2024,5,0,6,0,5,False
1651,Men,Distance,2024,5,0,6,0,5,False
1652,Men,Distance,2024,4,0,4,0,4,False
1653,Men,Distance,2024,3,0,5,0,3,False
1655,Men,Distance,2024,3,0,3,0,3,False
1656,Men,Distance,2024,3,0,6,0,3,False
1657,Men,Distance,2024,3,0,5,0,3,False
1658,Men,Distance,2024,1,0,1,0,1,False
1659,Men,Distance,2024,2,0,2,0,2,False
1660,Men,Distance,2024,3,0,3,0,3,False
1661,Men,Distance,2024,2,0,2,0,2,False
1662,Men,Distance,2024,2,0,2,0,2,False
1663,Men,Distance,2024,3,0,4,0,3,False
1665,Men,Distance,2024,2,0,2,0,2,False
1665,Men,Jumps,2024,1,0,1,0,1,False
1667,Women,Distance,2024,2,0,3,0,2,False
1673,Women,Distance,2024,2,0,2,0,2,False
1698,Men,Distance,2024,1,0,1,0,1,False
1700,Men,Sprints,2024,1,0,1,0,1,False
1704,Men,Distance,2024,1,0,1,0,1,False
1712,Men,Distance,2024,2,0,2,0,2,False
1713,Men,Distance,2024,2,0,2,0,2,False
1715,Men,Distance,2024,2,0,2,0,2,False
1726,Women,Distance,2024,2,0,4,0,2,False
1730,Women,Distance,2024,1,0,1,0,1,False
1732,Women,Distance,2024,2,0,3,0,2,False
1734,Women,Distance,2024,1,0,1,0,1,False
1735,Women,Distance,2024,1,0,2,0,1,False
1743,Women,Distance,2024,1,0,1,0,1,False
1746,Women,Distance,2024,1,0,2,0,1,False
1748,Women,Distance,2024,1,0,2,0,1,False
1751,Women,Distance,2024,1,0,1,0,1,False
1752,Women,Distance,2024,2,0,2,0,2,False
1757,Women,Distance,2024,2,0,2,0,2,False
1759,Women,Distance,2024,3,0,5,0,3,False
1763,Women,Distance,2024,2,0,2,0,2,False
1764,Women,Distance,2024,1,0,1,0,1,False
1765,Women,Distance,2024,2,0,2,0,2,False
1767,Women,Distance,2024,3,0,3,0,3,False
1769,Women,Distance,2024,2,0,3,0,2,False
1773,Women,Distance,2024,2,0,2,0,2,False
1776,Women,Sprints,2024,1,0,1,0,1,False
1779,Women,Distance,2024,1,0,1,0,1,False
1781,Women,Distance,2024,1,0,1,0,1,False
1783,Women,Distance,2024,1,0,1,0,1,False
1785,Women,Distance,2024,1,0,3,0,1,False
1785,Women,Sprints,2024,1,0,2,0,1,False
1796,Women,Distance,2024,1,0,1,0,1,False
1798,Women,Distance,2024,2,0,2,0,2,False
1801,Women,Distance,2024,1,0,1,0,1,False
1809,Men,Distance,2024,2,0,3,0,2,False
1814,Men,Distance,2024,1,0,2,0,1,False
1815,Men,Distance,2024,2,0,2,0,2,False
1816,Men,Distance,2024,2,0,2,0,2,False
1817,Men,Distance,2024,2,0,2,0,2,False
1822,Men,Distance,2024,2,0,2,0,2,False
1828,Men,Distance,2024,1,0,1,0,1,False
1832,Men,Distance,2024,2,0,2,0,2,False
1834,Men,Distance,2024,1,0,1,0,1,False
1835,Men,Distance,2024,2,0,4,0,2,False
1836,Men,Distance,2024,2,0,2,0,2,False
1841,Men,Distance,2024,1,0,1,0,1,False
1844,Men,Distance,2024,1,0,2,0,1,False
1847,Men,Distance,2024,2,0,2,0,2,False
1850,Men,Distance,2024,1,0,1,0,1,False
1853,Men,Distance,2024,1,0,1,0,1,False
1855,Men,Distance,2024,2,0,3,0,2,False
1858,Men,Distance,2024,2,0,3,0,2,False
1859,Men,Distance,2024,2,0,3,0,2,False
1863,Men,Sprints,2024,1,0,1,0,1,False
1868,Men,Distance,2024,1,0,1,0,1,False
1870,Men,Distance,2024,1,0,1,0,1,False
1871,Men,Distance,2024,1,0,2,0,1,False
1872,Men,Distance,2024,1,0,1,0,1,False
1874,Men,Distance,2024,1,0,1,0,1,False
1874,Men,Sprints,2024,1,0,1,0,1,False
1883,Men,Distance,2024,2,0,4,0,2,False
1883,Men,Sprints,2024,1,0,2,0,1,False
1886,Men,Distance,2024,2,0,2,0,2,False
1887,Men,Distance,2024,2,0,2,0,2,False
1887,Men,Jumps,2024,1,0,1,0,1,False
1889,Men,Distance,2024,1,0,1,0,1,False
1890,Men,Distance,2024,1,0,2,0,1,False
1894,Men,Distance,2024,1,0,2,0,1,False
1895,Men,Distance,2024,1,0,1,0,1,False
1896,Men,Distance,2024,1,0,1,0,1,False
1897,Men,Distance,2024,2,0,2,0,2,False
1900,Men,Distance,2024,1,0,2,0,1,False
1905,Men,Distance,2024,1,0,1,0,1,False
1908,Men,Distance,2024,1,0,1,0,1,False
1909,Men,Distance,2024,1,0,1,0,1,False
1921,Men,Sprints,2024,1,0,1,0,1,False
1922,Men,Distance,2024,1,0,3,0,1,False
1922,Men,Sprints,2024,1,0,2,0,1,False
1925,Women,Distance,2024,2,0,3,0,2,False
1926,Women,Distance,2024,2,0,3,0,2,False
1929,Women,Distance,2024,1,0,1,0,1,False
1931,Women,Throws,2024,1,0,1,0,1,False
1932,Women,Distance,2024,1,0,2,0,1,False
1935,Women,Distance,2024,2,0,2,0,2,False
1936,Women,Distance,2024,4,0,4,0,4,False
1939,Women,Sprints,2024,1,0,1,0,1,False
1941,Women,Distance,2024,1,0,1,0,1,False
1942,Women,Distance,2024,1,0,1,0,1,False
1945,Women,Sprints,2024,1,0,1,0,1,False
1948,Women,Distance,2024,2,0,3,0,2,False
1952,Women,Distance,2024,3,0,3,0,3,False
1953,Women,Distance,2024,1,0,1,0,1,False
1954,Women,Distance,2024,2,0,2,0,2,False
1956,Women,Distance,2024,3,0,5,0,3,False
1957,Women,Distance,2024,1,0,1,0,1,False
1970,Women,Jumps,2024,1,0,1,0,1,False
1971,Women,Distance,2024,1,0,1,0,1,False
1975,Women,Distance,2024,1,0,1,0,1,False
1983,Women,Distance,2024,1,0,1,0,1,False
1989,Men,Distance,2024,4,0,5,0,4,False
1990,Men,Distance,2024,3,0,3,0,3,False
1993,Men,Distance,2024,3,0,3,0,3,False
1995,Men,Distance,2024,1,0,1,0,1,False
1997,Men,Distance,2024,1,0,2,0,1,False
1999,Men,Distance,2024,2,0,3,0,2,False
2002,Men,Distance,2024,7,0,8,0,7,False
2003,Men,Distance,2024,2,0,4,0,2,False
2004,Men,Distance,2024,2,0,2,0,2,False
2006,Men,Distance,2024,3,0,6,0,3,False
2009,Men,Distance,2024,2,0,3,0,2,False
2013,Men,Distance,2024,2,0,4,0,2,False
2014,Men,Distance,2024,2,0,2,0,2,False
2020,Men,Distance,2024,3,0,3,0,3,False
2023,Men,Distance,2024,3,0,4,0,3,False
2029,Men,Distance,2024,2,0,3,0,2,False
2030,Men,Distance,2024,1,0,1,0,1,False
2032,Men,Distance,2024,2,0,2,0,2,False
2036,Men,Distance,2024,1,0,1,0,1,False
2038,Men,Distance,2024,3,0,3,0,3,False
2040,Men,Distance,2024,1,0,1,0,1,False
2040,Men,Sprints,2024,1,0,1,0,1,False
2043,Men,Distance,2024,1,0,1,0,1,False
2043,Men,Sprints,2024,1,0,1,0,1,False
2047,Men,Distance,2024,2,0,2,0,2,False
2051,Men,Distance,2024,2,0,3,0,2,False
2056,Women,Distance,2024,3,0,3,0,3,False
2059,Men,Distance,2024,3,0,4,0,3,False
2059,Men,Sprints,2024,1,0,1,0,1,False
2061,Women,Distance,2024,5,0,5,0,5,False
2062,Women,Distance,2024,1,0,1,0,1,False
2067,Men,Distance,2024,1,0,1,0,1,False
2072,Women,Distance,2024,1,0,1,0,1,False
2073,Women,Distance,2024,3,0,3,0,3,False
2074,Women,Distance,2024,2,0,2,0,2,False
2077,Women,Distance,2024,1,0,1,0,1,False
2079,Women,Distance,2024,1,0,1,0,1,False
2083,Women,Distance,2024,1,0,3,0,1,False
2083,Women,Sprints,2024,1,0,2,0,1,False
2084,Women,Distance,2024,2,0,2,0,2,False
2086,Women,Distance,2024,1,0,1,0,1,False
2086,Women,Sprints,2024,2,0,2,0,2,False
2093,Women,Distance,2024,1,0,1,0,1,False
2094,Women,Distance,2024,2,0,2,0,2,False
2096,Women,Distance,2024,2,0,2,0,2,False
2097,Women,Distance,2024,2,0,2,0,2,False
2098,Women,Distance,2024,1,0,1,0,1,False
2106,Women,Sprints,2024,1,0,1,0,1,False
2108,Men,Distance,2024,1,0,1,0,1,False
2110,Men,Distance,2024,2,0,2,0,2,False
2111,Men,Distance,2024,1,0,1,0,1,False
2113,Men,Distance,2024,2,0,4,0,2,False
2114,Men,Distance,2024,1,0,1,0,1,False
2116,Men,Distance,2024,3,0,5,0,3,False
2116,Men,Sprints,2024,1,0,2,0,1,False
2118,Men,Distance,2024,1,0,2,0,1,False
2119,Men,Distance,2024,1,0,1,0,1,False
2121,Men,Distance,2024,1,0,2,0,1,False
2124,Men,Distance,2024,2,0,3,0,2,False
2124,Men,Sprints,2024,1,0,1,0,1,False
2125,Men,Distance,2024,1,0,1,0,1,False
2127,Men,Distance,2024,1,0,1,0,1,False
2128,Men,Distance,2024,3,0,3,0,3,False
2130,Men,Distance,2024,2,0,2,0,2,False
2136,Men,Distance,2024,1,0,2,0,1,False
2141,Men,Distance,2024,1,0,1,0,1,False
2142,Men,Sprints,2024,2,0,2,0,2,False
2144,Men,Distance,2024,1,0,1,0,1,False
2145,Men,Sprints,2024,4,0,8,0,4,False
2146,Men,Distance,2024,1,0,1,0,1,False
2147,Men,Distance,2024,1,0,3,0,1,False
2147,Men,Sprints,2024,1,0,2,0,1,False
2152,Men,Sprints,2024,1,0,1,0,1,False
2157,Men,Distance,2024,1,0,1,0,1,False
2157,Men,Sprints,2024,1,0,1,0,1,False
2159,Men,Distance,2024,1,0,3,0,1,False
2159,Men,Sprints,2024,1,0,2,0,1,False
2160,Women,Distance,2024,1,0,1,0,1,False
2162,Women,Distance,2024,1,0,1,0,1,False
2163,Women,Distance,2024,2,0,3,0,2,False
2163,Women,Sprints,2024,1,0,1,0,1,False
2168,Men,Sprints,2024,1,0,1,0,1,False
2173,Men,Distance,2024,1,0,1,0,1,False
2174,Men,Distance,2024,2,0,2,0,2,False
2182,Men,Distance,2024,1,0,2,0,1,False
2184,Men,Distance,2024,2,0,3,0,2,False
2187,Women,Distance,2024,1,0,1,0,1,False
2188,Women,Distance,2024,1,0,1,0,1,False
2192,Men,Distance,2024,1,0,1,0,1,False
2196,Men,Distance,2024,1,0,1,0,1,False
2200,Men,Distance,2024,1,0,1,0,1,False
2203,Women,Distance,2024,2,0,2,0,2,False
2204,Women,Distance,2024,1,0,1,0,1,False
2207,Women,Distance,2024,2,0,2,0,2,False
2210,Men,Distance,2024,3,0,4,0,3,False
2211,Men,Distance,2024,2,0,2,0,2,False
2212,Men,Distance,2024,1,0,1,0,1,False
2213,Men,Distance,2024,1,0,2,0,1,False
2214,Men,Distance,2024,2,0,3,0,2,False
2215,Men,Distance,2024,2,0,3,0,2,False
2217,Men,Distance,2024,2,0,2,0,2,False
2219,Men,Distance,2024,1,0,1,0,1,False
2219,Men,Sprints,2024,2,0,2,0,2,False
2221,Men,Distance,2024,1,0,1,0,1,False
2222,Men,Sprints,2024,1,0,1,0,1,False
2224,Men,Distance,2024,1,0,1,0,1,False
2224,Men,Sprints,2024,1,0,1,0,1,False
2226,Men,Distance,2024,1,0,1,0,1,False
2229,Women,Distance,2024,3,0,4,0,3,False
2230,Women,Distance,2024,1,0,1,0,1,False
2232,Women,Distance,2024,2,0,2,0,2,False
2235,Men,Distance,2024,1,0,2,0,1,False
2238,Women,Distance,2024,2,0,4,0,2,False
2239,Women,Distance,2024,2,0,3,0,2,False
2241,Women,Distance,2024,2,0,2,0,2,False
2242,Women,Distance,2024,1,0,1,0,1,False
2244,Women,Distance,2024,2,0,3,0,2,False
2245,Women,Distance,2024,1,0,1,0,1,False
2245,Women,Sprints,2024,1,0,1,0,1,False
2245,Women,Throws,2024,1,0,1,0,1,False
2246,Women,Distance,2024,4,0,4,0,4,False
2247,Women,Distance,2024,1,0,1,0,1,False
2249,Women,Sprints,2024,2,0,2,0,2,False
2252,Women,Sprints,2024,1,0,1,0,1,False
2254,Women,Distance,2024,2,0,3,0,2,False
2256,Women,Distance,2024,1,0,1,0,1,False
2257,Women,Distance,2024,2,0,3,0,2,False
2258,Men,Distance,2024,4,0,5,0,4,False
2259,Men,Distance,2024,3,0,5,0,3,False
2260,Men,Distance,2024,3,0,3,0,3,False
2261,Men,Distance,2024,1,0,2,0,1,False
2263,Men,Distance,2024,3,0,6,0,3,False
2264,Men,Distance,2024,3,0,3,0,3,False
2265,Men,Distance,2024,2,0,3,0,2,False
2266,Men,Distance,2024,1,0,2,0,1,False
2268,Men,Distance,2024,3,0,5,0,3,False
2269,Men,Distance,2024,3,0,4,0,3,False
2269,Men,Sprints,2024,1,0,1,0,1,False
2272,Men,Distance,2024,2,0,2,0,2,False
2273,Men,Sprints,2024,2,0,2,0,2,False
2275,Men,Distance,2024,2,0,4,0,2,False
2276,Men,Distance,2024,3,0,3,0,3,False
2277,Men,Distance,2024,3,0,3,0,3,False
2281,Men,Distance,2024,2,0,4,0,2,False
2284,Men,Distance,2024,3,0,3,0,3,False
2284,Men,Throws,2024,1,0,1,0,1,False
2285,Men,Distance,2024,1,0,1,0,1,False
2286,Men,Throws,2024,1,0,1,0,1,False
2288,Men,Distance,2024,1,0,1,0,1,False
2288,Men,Sprints,2024,1,0,1,0,1,False
2289,Men,Jumps,2024,2,0,3,0,2,False
2289,Men,Sprints,2024,1,0,1,0,1,False
2289,Men,Throws,2024,2,0,2,0,2,False
2322,Women,Distance,2024,1,0,1,0,1,False
2322,Women,Sprints,2024,1,0,2,0,1,False
2333,Women,Distance,2024,1,0,1,0,1,False
2335,Women,Distance,2024,1,0,2,0,1,False
2347,Men,Distance,2024,1,0,1,0,1,False
2349,Men,Distance,2024,1,0,1,0,1,False
2354,Men,Sprints,2024,1,0,1,0,1,False
2359,Men,Distance,2024,2,0,3,0,2,False
2371,Men,Distance,2024,2,0,3,0,2,False
2371,Men,Jumps,2024,1,0,1,0,1,False
2371,Men,Sprints,2024,1,0,1,0,1,False
2373,Men,Distance,2024,1,0,3,0,1,False
2373,Men,Sprints,2024,2,0,4,0,2,False
2375,Men,Distance,2024,2,0,2,0,2,False
2375,Men,Sprints,2024,1,0,1,0,1,False
2384,Women,Sprints,2024,1,0,1,0,1,False
2385,Women,Distance,2024,1,0,1,0,1,False
2388,Women,Distance,2024,3,0,4,0,3,False
2389,Women,Distance,2024,2,0,2,0,2,False
2396,Women,Distance,2024,1,0,1,0,1,False
2397,Women,Distance,2024,1,0,2,0,1,False
2397,Women,Sprints,2024,1,0,1,0,1,False
2400,Women,Distance,2024,3,0,4,0,3,False
2401,Women,Distance,2024,2,0,2,0,2,False
2402,Women,Distance,2024,2,0,3,0,2,False
2403,Women,Sprints,2024,2,0,2,0,2,False
2404,Women,Distance,2024,2,0,2,0,2,False
2406,Women,Distance,2024,1,0,1,0,1,False
2410,Women,Distance,2024,1,0,2,0,1,False
2411,Women,Distance,2024,1,0,1,0,1,False
2411,Women,Sprints,2024,1,0,1,0,1,False
2412,Women,Distance,2024,1,0,1,0,1,False
2416,Women,Distance,2024,2,0,2,0,2,False
2420,Women,Distance,2024,2,0,2,0,2,False
2421,Women,Distance,2024,1,0,1,0,1,False
2422,Women,Distance,2024,2,0,3,0,2,False
2428,Women,Distance,2024,2,0,2,0,2,False
2429,Women,Sprints,2024,2,0,3,0,2,False
2430,Women,Distance,2024,1,0,1,0,1,False
2431,Women,Distance,2024,1,0,1,0,1,False
2437,Men,Distance,2024,2,0,3,0,2,False
2438,Men,Distance,2024,3,0,5,0,3,False
2442,Men,Distance,2024,2,0,2,0,2,False
2446,Men,Distance,2024,1,0,1,0,1,False
2447,Men,Distance,2024,2,0,4,0,2,False
2448,Men,Distance,2024,1,0,1,0,1,False
2449,Men,Distance,2024,1,0,1,0,1,False
2451,Men,Distance,2024,2,0,2,0,2,False
2454,Men,Distance,2024,2,0,2,0,2,False
2456,Men,Distance,2024,3,0,4,0,3,False
2458,Men,Distance,2024,1,0,1,0,1,False
2460,Men,Distance,2024,1,0,2,0,1,False
2462,Men,Distance,2024,1,0,1,0,1,False
2463,Men,Distance,2024,2,0,4,0,2,False
2464,Men,Distance,2024,1,0,1,0,1,False
2464,Men,Jumps,2024,1,0,1,0,1,False
2465,Men,Distance,2024,1,0,1,0,1,False
2466,Men,Sprints,2024,2,0,3,0,2,False
2467,Men,Distance,2024,2,0,4,0,2,False
2469,Men,Distance,2024,3,0,5,0,3,False
2470,Men,Distance,2024,2,0,2,0,2,False
2471,Men,Throws,2024,1,0,1,0,1,False
2473,Men,Distance,2024,2,0,2,0,2,False
2474,Men,Distance,2024,4,0,6,0,4,False
2476,Men,Distance,2024,1,0,1,0,1,False
2485,Men,Distance,2024,2,0,2,0,2,False
2485,Men,Throws,2024,1,0,1,0,1,False
2489,Men,Sprints,2024,1,0,2,0,1,False
2490,Men,Distance,2024,1,0,1,0,1,False
2490,Men,Sprints,2024,1,0,1,0,1,False
2491,Men,Distance,2024,2,0,2,0,2,False
2509,Women,Distance,2024,1,0,1,0,1,False
2514,Women,Sprints,2024,1,0,1,0,1,False
2553,Men,Distance,2024,1,0,1,0,1,False
2560,Men,Distance,2024,2,0,2,0,2,False
2575,Men,Distance,2024,2,0,2,0,2,False
2621,Men,Jumps,2024,1,0,1,0,1,False
2621,Men,Sprints,2024,1,0,2,0,1,False
2687,Men,Distance,2024,1,0,1,0,1,False
2700,Women,Distance,2024,1,0,1,0,1,False
2708,Women,Distance,2024,2,0,2,0,2,False
2712,Women,Distance,2024,2,0,2,0,2,False
2716,Women,Distance,2024,1,0,1,0,1,False
2722,Women,Distance,2024,2,0,2,0,2,False
2742,Men,Sprints,2024,1,0,1,0,1,False
2745,Men,Distance,2024,1,0,1,0,1,False
2746,Men,Sprints,2024,1,0,2,0,1,False
2748,Men,Distance,2024,1,0,1,0,1,False
2773,Women,Distance,2024,4,0,4,0,4,False
2774,Women,Distance,2024,1,0,2,0,1,False
2777,Men,Distance,2024,1,0,2,0,1,False
2780,Men,Distance,2024,3,0,4,0,3,False
2781,Men,Distance,2024,1,0,1,0,1,False
2783,Men,Distance,2024,3,0,4,0,3,False
2784,Men,Distance,2024,2,0,4,0,2,False
2787,Men,Distance,2024,3,0,3,0,3,False
2788,Men,Distance,2024,4,0,4,0,4,False
2788,Men,Jumps,2024,1,0,1,0,1,False
2791,Women,Distance,2024,1,0,1,0,1,False
2797,Men,Distance,2024,1,0,1,0,1,False
2801,Men,Distance,2024,2,0,2,0,2,False
2802,Men,Distance,2024,1,0,1,0,1,False
2804,Men,Distance,2024,2,0,2,0,2,False
2805,Men,Distance,2024,2,0,2,0,2,False
2806,Men,Distance,2024,1,0,1,0,1,False
2807,Men,Sprints,2024,2,0,3,0,2,False
2808,Men,Distance,2024,2,0,2,0,2,False
2817,Men,Jumps,2024,1,0,1,0,1,False
2817,Men,Sprints,2024,1,0,1,0,1,False
2824,Women,Distance,2024,1,0,1,0,1,False
2830,Women,Distance,2024,3,0,3,0,3,False
2831,Women,Distance,2024,1,0,2,0,1,False
2832,Women,Distance,2024,2,0,2,0,2,False
2838,Women,Distance,2024,1,0,1,0,1,False
2850,Women,Distance,2024,1,0,1,0,1,False
2850,Women,Throws,2024,1,0,1,0,1,False
2852,Men,Distance,2024,3,0,3,0,3,False
2854,Men,Distance,2024,3,0,4,0,3,False
2857,Men,Distance,2024,4,0,6,0,4,False
2860,Men,Sprints,2024,1,0,1,0,1,False
2861,Men,Distance,2024,2,0,2,0,2,False
2863,Men,Distance,2024,1,0,1,0,1,False
2871,Men,Distance,2024,1,0,1,0,1,False
2873,Men,Distance,2024,2,0,2,0,2,False
2875,Men,Distance,2024,1,0,2,0,1,False
2876,Men,Distance,2024,1,0,1,0,1,False
2878,Men,Sprints,2024,1,0,1,0,1,False
2880,Men,Distance,2024,1,0,1,0,1,False
2883,Men,Distance,2024,1,0,1,0,1,False
2887,Men,Distance,2024,1,0,1,0,1,False
2896,Men,Distance,2024,1,0,1,0,1,False
2896,Men,Sprints,2024,1,0,1,0,1,False
2897,Men,Distance,2024,3,0,3,0,3,False
2897,Men,Sprints,2024,1,0,1,0,1,False
2899,Men,Distance,2024,4,0,5,0,4,False
2900,Men,Distance,2024,4,0,6,0,4,False
2902,Men,Distance,2024,1,0,1,0,1,False
2908,Men,Distance,2024,1,0,1,0,1,False
2911,Men,Distance,2024,1,0,1,0,1,False
2912,Men,Distance,2024,1,0,1,0,1,False
2913,Men,Distance,2024,1,0,1,0,1,False
2916,Men,Jumps,2024,2,0,2,0,2,False
2916,Men,Sprints,2024,1,0,2,0,1,False
2917,Men,Distance,2024,1,0,1,0,1,False
2918,Men,Sprints,2024,1,0,1,0,1,False
2919,Men,Distance,2024,2,0,2,0,2,False
2924,Women,Distance,2024,1,0,1,0,1,False
2931,Women,Distance,2024,1,0,1,0,1,False
2931,Women,Sprints,2024,1,0,1,0,1,False
2949,Men,Distance,2024,1,0,1,0,1,False
2987,Men,Distance,2024,1,0,1,0,1,False
2992,Women,Distance,2024,2,0,2,0,2,False
2994,Men,Distance,2024,1,0,1,0,1,False
2995,Men,Distance,2024,3,0,4,0,3,False
3021,Men,Sprints,2024,1,0,1,0,1,False
3024,Men,Distance,2024,1,0,1,0,1,False
3024,Men,Sprints,2024,1,0,1,0,1,False
3030,Women,Distance,2024,1,0,1,0,1,False
3032,Women,Distance,2024,1,0,1,0,1,False
3033,Women,Distance,2024,1,0,1,0,1,False
3035,Women,Distance,2024,2,0,4,0,2,False
3035,Women,Sprints,2024,1,0,2,0,1,False
3036,Women,Distance,2024,1,0,1,0,1,False
3040,Women,Sprints,2024,1,0,1,0,1,False
3052,Men,Distance,2024,1,0,1,0,1,False
3054,Men,Distance,2024,2,0,3,0,2,False
3064,Men,Distance,2024,2,0,2,0,2,False
3071,Men,Jumps,2024,1,0,1,0,1,False
3073,Men,Distance,2024,1,0,1,0,1,False
3079,Men,Distance,2024,1,0,1,0,1,False
3082,Men,Distance,2024,1,0,1,0,1,False
3084,Men,Distance,2024,1,0,3,0,1,False
3093,Men,Distance,2024,1,0,1,0,1,False
3103,Women,Distance,2024,1,0,2,0,1,False
3131,Women,Throws,2024,1,0,1,0,1,False
3136,Men,Sprints,2024,1,0,1,0,1,False
3139,Men,Distance,2024,1,0,1,0,1,False
3141,Men,Distance,2024,1,0,1,0,1,False
3142,Men,Distance,2024,1,0,1,0,1,False
3160,Men,Distance,2024,1,0,1,0,1,False
3166,Men,Distance,2024,2,0,3,0,2,False
3170,Men,Sprints,2024,1,0,1,0,1,False
3179,Women,Distance,2024,1,0,2,0,1,False
3183,Women,Distance,2024,1,0,3,0,1,False
3183,Women,Sprints,2024,1,0,2,0,1,False
3184,Women,Distance,2024,1,0,3,0,1,False
3184,Women,Sprints,2024,1,0,2,0,1,False
3188,Women,Distance,2024,1,0,3,0,1,False
3188,Women,Sprints,2024,1,0,2,0,1,False
3199,Women,Distance,2024,1,0,1,0,1,False
3200,Women,Distance,2024,1,0,1,0,1,False
3201,Women,Distance,2024,2,0,2,0,2,False
3204,Men,Distance,2024,2,0,2,0,2,False
3206,Men,Distance,2024,1,0,1,0,1,False
3207,Men,Distance,2024,1,0,2,0,1,False
3209,Men,Distance,2024,1,0,1,0,1,False
3210,Men,Distance,2024,1,0,2,0,1,False
3214,Men,Distance,2024,1,0,2,0,1,False
3214,Men,Sprints,2024,1,0,1,0,1,False
3215,Men,Distance,2024,2,0,2,0,2,False
3216,Men,Distance,2024,2,0,4,0,2,False
3222,Men,Distance,2024,1,0,2,0,1,False
3223,Men,Distance,2024,1,0,2,0,1,False
3225,Men,Distance,2024,1,0,2,0,1,False
3227,Men,Distance,2024,1,0,1,0,1,False
3231,Men,Distance,2024,1,0,1,0,1,False
3237,Women,Distance,2024,1,0,1,0,1,False
3238,Women,Distance,2024,1,0,1,0,1,False
3240,Women,Distance,2024,1,0,1,0,1,False
3241,Women,Distance,2024,1,0,1,0,1,False
3242,Women,Distance,2024,1,0,1,0,1,False
3247,Women,Distance,2024,1,0,1,0,1,False
3253,Women,Distance,2024,1,0,2,0,1,False
3259,Women,Distance,2024,1,0,1,0,1,False
3268,Men,Distance,2024,1,0,2,0,1,False
3269,Men,Distance,2024,1,0,2,0,1,False
3270,Men,Distance,2024,1,0,1,0,1,False
3276,Men,Distance,2024,1,0,1,0,1,False
3277,Men,Distance,2024,1,0,1,0,1,False
3285,Men,Distance,2024,1,0,1,0,1,False
3296,Men,Distance,2024,1,0,1,0,1,False
3302,Men,Distance,2024,1,0,2,0,1,False
3306,Men,Distance,2024,1,0,1,0,1,False
3307,Men,Distance,2024,1,0,2,0,1,False
3309,Men,Distance,2024,1,0,1,0,1,False
3317,Women,Distance,2024,1,0,1,0,1,False
3322,Women,Distance,2024,2,0,2,0,2,False
3325,Men,Distance,2024,3,0,3,0,3,False
3333,Men,Distance,2024,3,0,3,0,3,False
3342,Men,Distance,2024,1,0,2,0,1,False
3346,Men,Distance,2024,2,0,3,0,2,False
3352,Men,Distance,2024,1,0,1,0,1,False
3353,Men,Sprints,2024,1,0,1,0,1,False
3355,Men,Distance,2024,3,0,5,0,3,False
3359,Women,Distance,2024,1,0,2,0,1,False
3363,Women,Distance,2024,2,0,2,0,2,False
3364,Women,Distance,2024,1,0,1,0,1,False
3366,Women,Distance,2024,4,0,4,0,4,False
3370,Women,Distance,2024,2,0,2,0,2,False
3371,Women,Distance,2024,1,0,1,0,1,False
3373,Women,Sprints,2024,1,0,1,0,1,False
3373,Women,Throws,2024,1,0,1,0,1,False
3375,Women,Distance,2024,1,0,2,0,1,False
3388,Men,Sprints,2024,1,0,1,0,1,False
3391,Men,Distance,2024,1,0,1,0,1,False
3397,Men,Distance,2024,1,0,1,0,1,False
3400,Men,Distance,2024,1,0,1,0,1,False
3404,Men,Distance,2024,1,0,1,0,1,False
3415,Men,Sprints,2024,2,0,3,0,2,False
3417,Men,Distance,2024,2,0,3,0,2,False
3421,Men,Distance,2024,1,0,1,0,1,False
3431,Women,Distance,2024,1,0,1,0,1,False
3434,Men,Distance,2024,1,0,1,0,1,False
3504,Women,Distance,2024,1,0,1,0,1,False
3505,Women,Jumps,2024,1,0,2,0,1,False
3506,Men,Jumps,2024,1,0,1,0,1,False
3507,Men,Jumps,2024,2,0,3,0,2,False
3508,Men,Sprints,2024,2,0,2,0,2,False
3509,Men,Sprints,2024,2,0,3,0,2,False
3510,Men,Sprints,2024,1,0,1,0,1,False
3511,Men,Sprints,2024,1,0,1,0,1,False
3512,Men,Jumps,2024,2,0,3,0,2,False
3513,Men,Sprints,2024,1,0,1,0,1,False
3515,Men,Jumps,2024,2,0,3,0,2,False
3516,Men,Sprints,2024,1,0,1,0,1,False
3517,Men,Sprints,2024,1,0,1,0,1,False
3518,Men,Sprints,2024,1,0,1,0,1,False
3519,Men,Distance,2024,1,0,1,0,1,False
3519,Men,Sprints,2024,1,0,1,0,1,False
3520,Men,Sprints,2024,2,0,2,0,2,False
3521,Women,Jumps,2024,1,0,1,0,1,False
3523,Men,Distance,2024,1,0,1,0,1,False
3524,Men,Sprints,2024,1,0,2,0,1,False
3525,Women,Jumps,2024,3,0,3,0,3,False
3526,Women,Sprints,2024,3,0,3,0,3,False
3527,Women,Sprints,2024,2,0,2,0,2,False
3528,Women,Sprints,2024,1,0,1,0,1,False
3530,Women,Distance,2024,1,0,1,0,1,False
3530,Women,Sprints,2024,3,0,3,0,3,False
3531,Women,Distance,2024,2,0,2,0,2,False
3531,Women,Sprints,2024,1,0,1,0,1,False
3532,Women,Sprints,2024,5,0,6,0,5,False
3534,Women,Sprints,2024,2,0,2,0,2,False
3535,Women,Sprints,2024,2,0,2,0,2,False
3536,Women,Sprints,2024,2,0,2,0,2,False
3537,Women,Jumps,2024,1,0,1,0,1,False
3539,Men,Distance,2024,1,0,1,0,1,False
3541,Men,Distance,2024,1,0,3,0,1,False
3542,Men,Sprints,2024,1,0,1,0,1,False
3544,Men,Sprints,2024,1,0,1,0,1,False
3545,Men,Distance,2024,1,0,1,0,1,False
3546,Men,Distance,2024,1,0,1,0,1,False
3548,Men,Sprints,2024,2,0,3,0,2,False
3549,Men,Jumps,2024,1,0,1,0,1,False
3549,Men,Sprints,2024,3,0,3,0,3,False
3550,Men,Sprints,2024,2,0,3,0,2,False
3551,Men,Sprints,2024,1,0,1,0,1,False
3552,Men,Sprints,2024,1,0,1,0,1,False
3554,Men,Jumps,2024,4,0,4,0,4,False
3555,Men,Throws,2024,3,0,3,0,3,False
3557,Men,Distance,2024,3,0,3,0,3,False
3557,Men,Sprints,2024,2,0,2,0,2,False
3558,Men,Sprints,2024,1,0,1,0,1,False
3559,Men,Sprints,2024,5,0,7,0,5,False
3560,Men,Sprints,2024,1,0,1,0,1,False
3561,Men,Sprints,2024,3,0,3,0,3,False
3562,Women,Jumps,2024,1,0,1,0,1,False
3563,Women,Distance,2024,2,0,2,0,2,False
3564,Women,Jumps,2024,2,0,2,0,2,False
3564,Women,Sprints,2024,2,0,2,0,2,False
3565,Women,Jumps,2024,6,0,6,0,6,False
3565,Women,Sprints,2024,1,0,1,0,1,False
3567,Men,Jumps,2024,2,0,2,0,2,False
3568,Men,Sprints,2024,2,0,2,0,2,False
3569,Men,Sprints,2024,1,0,1,0,1,False
3571,Men,Jumps,2024,2,0,2,0,2,False
3572,Men,Jumps,2024,3,0,3,0,3,False
3572,Men,Sprints,2024,2,0,2,0,2,False
3573,Men,Throws,2024,2,0,2,0,2,False
3575,Men,Jumps,2024,1,0,1,0,1,False
3575,Men,Sprints,2024,1,0,2,0,1,False
3578,Men,Jumps,2024,1,0,2,0,1,False
3578,Men,Sprints,2024,4,0,4,0,4,False
3582,Women,Sprints,2024,1,0,2,0,1,False
3583,Women,Sprints,2024,1,0,1,0,1,False
3584,Women,Sprints,2024,1,0,1,0,1,False
3585,Women,Distance,2024,2,0,2,0,2,False
3588,Women,Distance,2024,1,0,1,0,1,False
3591,Men,Sprints,2024,1,0,2,0,1,False
3592,Men,Distance,2024,2,0,2,0,2,False
3594,Men,Sprints,2024,1,0,2,0,1,False
3596,Men,Distance,2024,1,0,1,0,1,False
3597,Women,Sprints,2024,2,0,3,0,2,False
3598,Women,Jumps,2024,4,0,6,0,4,False
3598,Women,Sprints,2024,3,0,3,0,3,False
3599,Women,Sprints,2024,1,0,1,0,1,False
3600,Women,Distance,2024,1,0,1,0,1,False
3600,Women,Sprints,2024,1,0,1,0,1,False
3602,Men,Sprints,2024,3,0,5,0,3,False
3603,Men,Jumps,2024,1,0,1,0,1,False
3603,Men,Sprints,2024,1,0,1,0,1,False
3604,Men,Jumps,2024,1,0,1,0,1,False
3604,Men,Sprints,2024,1,0,1,0,1,False
3605,Men,Jumps,2024,4,0,4,0,4,False
3606,Men,Jumps,2024,2,0,3,0,2,False
3607,Men,Sprints,2024,1,0,1,0,1,False
3608,Women,Sprints,2024,1,0,1,0,1,False
3613,Men,Sprints,2024,1,0,1,0,1,False
3614,Men,Sprints,2024,1,0,1,0,1,False
3617,Women,Sprints,2024,2,0,4,0,2,False
3618,Women,Sprints,2024,1,0,2,0,1,False
3619,Women,Throws,2024,2,0,2,0,2,False
3620,Men,Distance,2024,2,0,2,0,2,False
3620,Men,Sprints,2024,3,0,3,0,3,False
3621,Men,Sprints,2024,1,0,1,0,1,False
3622,Men,Sprints,2024,5,0,5,0,5,False
3623,Men,Sprints,2024,1,0,1,0,1,False
3624,Men,Sprints,2024,6,0,6,0,6,False
3627,Men,Sprints,2024,2,0,2,0,2,False
3628,Men,Sprints,2024,2,0,3,0,2,False
3629,Men,Throws,2024,3,0,3,0,3,False
3630,Men,Sprints,2024,2,0,2,0,2,False
3631,Men,Sprints,2024,1,0,1,0,1,False
3632,Men,Jumps,2024,1,0,1,0,1,False
3632,Men,Sprints,2024,1,0,2,0,1,False
3633,Men,Distance,2024,3,0,3,0,3,False
3634,Men,Distance,2024,3,0,5,0,3,False
3635,Men,Sprints,2024,1,0,2,0,1,False
3636,Men,Sprints,2024,1,0,1,0,1,False
3637,Women,Jumps,2024,2,0,2,0,2,False
3637,Women,Sprints,2024,3,0,3,0,3,False
3640,Men,Sprints,2024,2,0,3,0,2,False
3643,Women,Jumps,2024,2,0,3,0,2,False
3645,Women,Sprints,2024,1,0,1,0,1,False
3647,Men,Sprints,2024,1,0,1,0,1,False
3653,Women,Sprints,2024,1,0,1,0,1,False
3654,Women,Sprints,2024,3,0,3,0,3,False
3656,Women,Jumps,2024,4,0,4,0,4,False
3656,Women,Sprints,2024,2,0,2,0,2,False
3659,Women,Sprints,2024,1,0,2,0,1,False
3660,Women,Sprints,2024,2,0,3,0,2,False
3661,Women,Sprints,2024,3,0,3,0,3,False
3664,Women,Jumps,2024,2,0,4,0,2,False
3664,Women,Sprints,2024,1,0,1,0,1,False
3665,Women,Jumps,2024,1,0,1,0,1,False
3670,Women,Throws,2024,3,0,3,0,3,False
3672,Men,Jumps,2024,1,0,1,0,1,False
3675,Men,Distance,2024,1,0,1,0,1,False
3676,Men,Distance,2024,2,0,2,0,2,False
3676,Men,Sprints,2024,1,0,1,0,1,False
3677,Men,Sprints,2024,3,0,3,0,3,False
3678,Men,Jumps,2024,1,0,1,0,1,False
3678,Men,Sprints,2024,1,0,1,0,1,False
3679,Men,Sprints,2024,2,0,4,0,2,False
3680,Men,Sprints,2024,2,0,3,0,2,False
3681,Men,Jumps,2024,1,0,1,0,1,False
3681,Men,Sprints,2024,2,0,2,0,2,False
3682,Men,Sprints,2024,2,0,2,0,2,False
3683,Men,Sprints,2024,1,0,1,0,1,False
3685,Men,Sprints,2024,2,0,2,0,2,False
3686,Men,Distance,2024,3,0,4,0,3,False
3687,Men,Sprints,2024,2,0,2,0,2,False
3688,Men,Sprints,2024,1,0,1,0,1,False
3693,Men,Jumps,2024,1,0,1,0,1,False
3693,Men,Throws,2024,1,0,1,0,1,False
3695,Men,Jumps,2024,1,0,1,0,1,False
3695,Men,Sprints,2024,3,0,3,0,3,False
3700,Men,Sprints,2024,2,0,2,0,2,False
3702,Men,Sprints,2024,2,0,2,0,2,False
3702,Men,Throws,2024,3,0,4,0,3,False
3703,Men,Jumps,2024,2,0,2,0,2,False
3704,Men,Throws,2024,4,0,5,0,4,False
3707,Men,Sprints,2024,1,0,2,0,1,False
3711,Men,Jumps,2024,3,0,5,0,3,False
3712,Men,Jumps,2024,1,0,2,0,1,False
3716,Women,Sprints,2024,2,0,2,0,2,False
3722,Men,Jumps,2024,2,0,2,0,2,False
3724,Men,Sprints,2024,2,0,2,0,2,False
3726,Men,Sprints,2024,3,0,3,0,3,False
3732,Men,Distance,2024,2,0,4,0,2,False
3733,Men,Sprints,2024,1,0,1,0,1,False
3735,Men,Throws,2024,2,0,2,0,2,False
3736,Men,Throws,2024,2,0,2,0,2,False
3738,Men,Sprints,2024,1,0,1,0,1,False
3739,Men,Distance,2024,1,0,1,0,1,False
3742,Women,Distance,2024,3,0,3,0,3,False
3743,Men,Distance,2024,3,0,4,0,3,False
3744,Women,Jumps,2024,1,0,1,0,1,False
3745,Women,Jumps,2024,1,0,2,0,1,False
3749,Men,Distance,2024,1,0,1,0,1,False
3753,Women,Sprints,2024,3,0,3,0,3,False
3754,Women,Sprints,2024,3,0,3,0,3,False
3755,Women,Jumps,2024,2,0,2,0,2,False
3755,Women,Sprints,2024,1,0,1,0,1,False
3756,Women,Jumps,2024,2,0,2,0,2,False
3756,Women,Throws,2024,1,0,1,0,1,False
3757,Men,Jumps,2024,2,0,2,0,2,False
3758,Men,Distance,2024,1,0,1,0,1,False
3759,Men,Distance,2024,1,0,1,0,1,False
3760,Men,Sprints,2024,1,0,1,0,1,False
3762,Men,Distance,2024,1,0,1,0,1,False
3762,Men,Sprints,2024,2,0,2,0,2,False
3763,Men,Jumps,2024,2,0,3,0,2,False
3763,Men,Sprints,2024,1,0,1,0,1,False
3764,Men,Sprints,2024,2,0,2,0,2,False
3765,Women,Sprints,2024,1,0,1,0,1,False
3766,Women,Throws,2024,2,0,2,0,2,False
3768,Women,Throws,2024,1,0,1,0,1,False
3771,Women,Throws,2024,1,0,1,0,1,False
3772,Men,Sprints,2024,2,0,3,0,2,False
3773,Men,Sprints,2024,1,0,1,0,1,False
3775,Men,Sprints,2024,1,0,1,0,1,False
3776,Men,Throws,2024,2,0,2,0,2,False
3778,Men,Sprints,2024,3,0,4,0,3,False
3779,Men,Sprints,2024,2,0,2,0,2,False
3780,Men,Distance,2024,1,0,1,0,1,False
3781,Men,Sprints,2024,3,0,4,0,3,False
3782,Men,Distance,2024,2,0,2,0,2,False
3783,Men,Sprints,2024,2,0,2,0,2,False
3784,Men,Sprints,2024,3,0,3,0,3,False
3785,Men,Sprints,2024,2,0,2,0,2,False
3787,Men,Distance,2024,2,0,2,0,2,False
3788,Men,Sprints,2024,2,0,4,0,2,False
3789,Men,Distance,2024,2,0,2,0,2,False
3791,Men,Sprints,2024,1,0,1,0,1,False
3792,Women,Sprints,2024,2,0,2,0,2,False
3793,Women,Jumps,2024,3,0,5,0,3,False
3793,Women,Sprints,2024,1,0,1,0,1,False
3796,Women,Sprints,2024,3,0,6,0,3,False
3797,Women,Distance,2024,3,0,3,0,3,False
3799,Men,Sprints,2024,1,0,1,0,1,False
3800,Men,Throws,2024,2,0,2,0,2,False
3807,Men,Sprints,2024,2,0,2,0,2,False
3809,Men,Distance,2024,1,0,1,0,1,False
3809,Men,Sprints,2024,2,0,3,0,2,False
3810,Men,Throws,2024,3,0,3,0,3,False
3811,Women,Sprints,2024,2,0,2,0,2,False
3812,Women,Sprints,2024,1,0,1,0,1,False
3814,Women,Sprints,2024,1,0,1,0,1,False
3815,Women,Jumps,2024,1,0,1,0,1,False
3815,Women,Sprints,2024,1,0,1,0,1,False
3816,Women,Sprints,2024,1,0,2,0,1,False
3818,Women,Jumps,2024,1,0,1,0,1,False
3819,Women,Sprints,2024,1,0,1,0,1,False
3820,Women,Distance,2024,1,0,1,0,1,False
3820,Women,Sprints,2024,1,0,1,0,1,False
3821,Women,Distance,2024,1,0,1,0,1,False
3822,Women,Distance,2024,2,0,3,0,2,False
3823,Women,Distance,2024,1,0,1,0,1,False
3828,Men,Distance,2024,2,0,3,0,2,False
3829,Men,Distance,2024,1,0,2,0,1,False
3830,Men,Sprints,2024,1,0,1,0,1,False
3831,Men,Distance,2024,1,0,1,0,1,False
3833,Men,Sprints,2024,1,0,1,0,1,False
3834,Men,Distance,2024,1,0,1,0,1,False
3840,Men,Distance,2024,1,0,1,0,1,False
3844,Men,Distance,2024,1,0,2,0,1,False
3844,Men,Throws,2024,1,0,1,0,1,False
3845,Men,Jumps,2024,1,0,1,0,1,False
3847,Men,Jumps,2024,2,0,2,0,2,False
3848,Women,Sprints,2024,4,0,5,0,4,False
3849,Women,Sprints,2024,1,0,1,0,1,False
3850,Women,Sprints,2024,1,0,1,0,1,False
3851,Men,Sprints,2024,3,0,3,0,3,False
3852,Men,Sprints,2024,1,0,1,0,1,False
3853,Men,Distance,2024,2,0,2,0,2,False
3854,Men,Sprints,2024,1,0,1,0,1,False
3855,Men,Distance,2024,2,0,2,0,2,False
3857,Women,Sprints,2024,1,0,1,0,1,False
3858,Men,Distance,2024,1,0,1,0,1,False
3859,Men,Distance,2024,1,0,1,0,1,False
3860,Men,Distance,2024,1,0,1,0,1,False
3861,Men,Sprints,2024,1,0,1,0,1,False
3863,Women,Distance,2024,1,0,1,0,1,False
3864,Women,Sprints,2024,1,0,1,0,1,False
3865,Women,Distance,2024,1,0,1,0,1,False
3866,Women,Distance,2024,1,0,2,0,1,False
3867,Women,Distance,2024,1,0,1,0,1,False
3870,Women,Distance,2024,1,0,1,0,1,False
3872,Men,Distance,2024,1,0,1,0,1,False
3873,Men,Distance,2024,2,0,2,0,2,False
3875,Men,Sprints,2024,1,0,1,0,1,False
3876,Men,Distance,2024,1,0,1,0,1,False
3877,Men,Sprints,2024,1,0,1,0,1,False
3878,Men,Jumps,2024,1,0,1,0,1,False
3878,Men,Sprints,2024,1,0,1,0,1,False
3879,Men,Sprints,2024,2,0,2,0,2,False
3882,Men,Sprints,2024,1,0,1,0,1,False
3884,Men,Distance,2024,1,0,1,0,1,False
3885,Men,Distance,2024,1,0,2,0,1,False
3886,Men,Distance,2024,1,0,1,0,1,False
3887,Men,Distance,2024,1,0,2,0,1,False
3888,Women,Sprints,2024,4,0,4,0,4,False
3889,Women,Jumps,2024,1,0,1,0,1,False
3889,Women,Sprints,2024,4,0,4,0,4,False
3890,Women,Jumps,2024,2,0,2,0,2,False
3890,Women,Sprints,2024,1,0,1,0,1,False
3891,Women,Sprints,2024,4,0,4,0,4,False
3892,Women,Jumps,2024,3,0,4,0,3,False
3892,Women,Sprints,2024,1,0,1,0,1,False
3893,Women,Sprints,2024,4,0,8,0,4,False
3894,Women,Sprints,2024,4,0,5,0,4,False
3895,Women,Distance,2024,3,0,5,0,3,False
3896,Men,Sprints,2024,2,0,2,0,2,False
3897,Men,Throws,2024,1,0,1,0,1,False
3898,Men,Sprints,2024,1,0,1,0,1,False
3899,Men,Sprints,2024,4,0,4,0,4,False
3900,Men,Jumps,2024,3,0,5,0,3,False
3901,Men,Distance,2024,3,0,4,0,3,False
3902,Men,Sprints,2024,3,0,4,0,3,False
3903,Men,Jumps,2024,1,0,1,0,1,False
3904,Men,Jumps,2024,1,0,1,0,1,False
3904,Men,Sprints,2024,2,0,2,0,2,False
3905,Men,Sprints,2024,1,0,1,0,1,False
3906,Men,Jumps,2024,1,0,1,0,1,False
3907,Men,Sprints,2024,4,0,5,0,4,False
3909,Men,Sprints,2024,3,0,4,0,3,False
3910,Men,Distance,2024,1,0,1,0,1,False
3910,Men,Sprints,2024,1,0,1,0,1,False
3911,Men,Throws,2024,1,0,1,0,1,False
3912,Men,Sprints,2024,4,0,4,0,4,False
3914,Men,Distance,2024,2,0,2,0,2,False
3915,Men,Distance,2024,2,0,3,0,2,False
3916,Men,Sprints,2024,3,0,4,0,3,False
3917,Men,Distance,2024,1,0,1,0,1,False
3918,Men,Distance,2024,3,0,4,0,3,False
3919,Men,Distance,2024,1,0,1,0,1,False
3919,Men,Jumps,2024,1,0,1,0,1,False
3919,Men,Sprints,2024,2,0,3,0,2,False
3920,Men,Distance,2024,2,0,2,0,2,False
3921,Women,Sprints,2024,1,0,1,0,1,False
3922,Men,Distance,2024,2,0,2,0,2,False
3923,Men,Sprints,2024,1,0,2,0,1,False
3925,Men,Sprints,2024,3,0,3,0,3,False
3926,Men,Sprints,2024,1,0,1,0,1,False
3927,Men,Distance,2024,1,0,1,0,1,False
3928,Men,Sprints,2024,2,0,2,0,2,False
3929,Men,Jumps,2024,3,0,3,0,3,False
3929,Men,Sprints,2024,2,0,2,0,2,False
3930,Men,Jumps,2024,2,0,3,0,2,False
3932,Women,Sprints,2024,2,0,2,0,2,False
3936,Women,Distance,2024,2,0,2,0,2,False
3937,Women,Sprints,2024,2,0,3,0,2,False
3947,Men,Jumps,2024,1,0,1,0,1,False
3953,Men,Jumps,2024,3,0,4,0,3,False
3954,Women,Sprints,2024,2,0,2,0,2,False
3957,Men,Distance,2024,2,0,2,0,2,False
3959,Men,Distance,2024,1,0,1,0,1,False
3960,Men,Distance,2024,2,0,2,0,2,False
3961,Men,Distance,2024,1,0,1,0,1,False
3962,Men,Distance,2024,1,0,2,0,1,False
3963,Men,Distance,2024,2,0,3,0,2,False
3964,Men,Distance,2024,1,0,2,0,1,False
3965,Women,Jumps,2024,2,0,4,0,2,False
3967,Women,Distance,2024,2,0,2,0,2,False
3968,Women,Distance,2024,3,0,5,0,3,False
3974,Women,Sprints,2024,1,0,1,0,1,False
3976,Women,Jumps,2024,1,0,1,0,1,False
3976,Women,Sprints,2024,1,0,1,0,1,False
3978,Women,Distance,2024,2,0,2,0,2,False
3979,Women,Distance,2024,2,0,2,0,2,False
3979,Women,Sprints,2024,1,0,1,0,1,False
3981,Women,Sprints,2024,2,0,2,0,2,False
3983,Men,Jumps,2024,1,0,1,0,1,False
3984,Men,Distance,2024,1,0,1,0,1,False
3991,Men,Distance,2024,1,0,1,0,1,False
3991,Men,Sprints,2024,1,0,1,0,1,False
3992,Men,Throws,2024,1,0,1,0,1,False
3994,Men,Jumps,2024,1,0,1,0,1,False
3995,Men,Throws,2024,1,0,1,0,1,False
3998,Men,Sprints,2024,1,0,1,0,1,False
4000,Men,Sprints,2024,1,0,1,0,1,False
4001,Men,Jumps,2024,1,0,1,0,1,False
4002,Men,Sprints,2024,2,0,2,0,2,False
4005,Men,Distance,2024,1,0,2,0,1,False
4006,Men,Distance,2024,2,0,2,0,2,False
4007,Men,Sprints,2024,1,0,1,0,1,False
4008,Men,Distance,2024,2,0,3,0,2,False
4009,Men,Distance,2024,3,0,3,0,3,False
4013,Men,Sprints,2024,1,0,1,0,1,False
4016,Women,Sprints,2024,2,0,3,0,2,False
4017,Women,Sprints,2024,1,0,1,0,1,False
4018,Women,Jumps,2024,2,0,3,0,2,False
4018,Women,Sprints,2024,1,0,1,0,1,False
4019,Women,Jumps,2024,2,0,4,0,2,False
4020,Women,Sprints,2024,1,0,1,0,1,False
4021,Women,Jumps,2024,1,0,1,0,1,False
4021,Women,Sprints,2024,1,0,1,0,1,False
4022,Women,Distance,2024,2,0,2,0,2,False
4022,Women,Jumps,2024,1,0,1,0,1,False
4022,Women,Sprints,2024,1,0,1,0,1,False
4023,Women,Sprints,2024,2,0,3,0,2,False
4023,Women,Throws,2024,1,0,1,0,1,False
4024,Women,Sprints,2024,2,0,3,0,2,False
4025,Women,Distance,2024,2,0,4,0,2,False
4026,Women,Distance,2024,1,0,1,0,1,False
4027,Women,Distance,2024,2,0,3,0,2,False
4028,Women,Jumps,2024,2,0,4,0,2,False
4030,Women,Jumps,2024,2,0,2,0,2,False
4031,Women,Jumps,2024,2,0,4,0,2,False
4032,Women,Jumps,2024,2,0,3,0,2,False
4033,Men,Jumps,2024,1,0,2,0,1,False
4035,Men,Throws,2024,2,0,2,0,2,False
4036,Men,Distance,2024,1,0,1,0,1,False
4036,Men,Jumps,2024,3,0,3,0,3,False
4036,Men,Sprints,2024,2,0,3,0,2,False
4037,Men,Distance,2024,3,0,3,0,3,False
4038,Men,Jumps,2024,1,0,1,0,1,False
4038,Men,Sprints,2024,1,0,1,0,1,False
4039,Men,Distance,2024,1,0,1,0,1,False
4040,Men,Distance,2024,1,0,1,0,1,False
4041,Men,Jumps,2024,3,0,3,0,3,False
4041,Men,Sprints,2024,1,0,1,0,1,False
4042,Men,Jumps,2024,2,0,3,0,2,False
4042,Men,Sprints,2024,1,0,2,0,1,False
4043,Men,Jumps,2024,2,0,2,0,2,False
4044,Men,Distance,2024,2,0,2,0,2,False
4045,Men,Jumps,2024,1,0,1,0,1,False
4045,Men,Sprints,2024,1,0,1,0,1,False
4046,Men,Distance,2024,2,0,2,0,2,False
4047,Men,Jumps,2024,1,0,1,0,1,False
4047,Men,Sprints,2024,1,0,2,0,1,False
4047,Men,Throws,2024,1,0,1,0,1,False
4048,Men,Sprints,2024,1,0,1,0,1,False
4049,Men,Sprints,2024,1,0,1,0,1,False
4050,Men,Jumps,2024,1,0,1,0,1,False
4050,Men,Sprints,2024,2,0,2,0,2,False
4052,Women,Distance,2024,1,0,1,0,1,False
4053,Women,Distance,2024,1,0,1,0,1,False
4056,Men,Sprints,2024,1,0,1,0,1,False
4057,Men,Distance,2024,1,0,1,0,1,False
4058,Men,Sprints,2024,1,0,1,0,1,False
4059,Men,Distance,2024,1,0,1,0,1,False
4060,Men,Distance,2024,1,0,1,0,1,False
4061,Men,Distance,2024,1,0,1,0,1,False
4062,Men,Distance,2024,1,0,2,0,1,False
4065,Men,Distance,2024,1,0,1,0,1,False
4066,Men,Distance,2024,1,0,1,0,1,False
4067,Men,Distance,2024,1,0,1,0,1,False
4068,Men,Distance,2024,1,0,1,0,1,False
4069,Men,Distance,2024,1,0,1,0,1,False
4070,Men,Distance,2024,1,0,1,0,1,False
4071,Men,Distance,2024,1,0,1,0,1,False
4072,Men,Distance,2024,1,0,1,0,1,False
4074,Women,Jumps,2024,1,0,1,0,1,False
4074,Women,Sprints,2024,1,0,1,0,1,False
4075,Women,Distance,2024,2,0,2,0,2,False
4076,Women,Throws,2024,2,0,2,0,2,False
4077,Men,Distance,2024,1,0,1,0,1,False
4077,Men,Sprints,2024,3,0,4,0,3,False
4078,Men,Sprints,2024,1,0,2,0,1,False
4079,Men,Distance,2024,1,0,1,0,1,False
4080,Men,Distance,2024,1,0,1,0,1,False
4081,Men,Distance,2024,3,0,4,0,3,False
4082,Men,Distance,2024,3,0,3,0,3,False
4083,Men,Jumps,2024,3,0,3,0,3,False
4083,Men,Sprints,2024,1,0,1,0,1,False
4084,Men,Distance,2024,2,0,2,0,2,False
4085,Men,Sprints,2024,1,0,1,0,1,False
4086,Men,Sprints,2024,2,0,2,0,2,False
4087,Women,Distance,2024,1,0,1,0,1,False
4089,Women,Sprints,2024,1,0,1,0,1,False
4091,Women,Distance,2024,1,0,2,0,1,False
4092,Women,Distance,2024,2,0,2,0,2,False
4093,Women,Distance,2024,1,0,1,0,1,False
4094,Women,Sprints,2024,1,0,1,0,1,False
4096,Men,Throws,2024,1,0,1,0,1,False
4098,Men,Distance,2024,2,0,2,0,2,False
4099,Men,Distance,2024,1,0,1,0,1,False
4100,Men,Jumps,2024,2,0,2,0,2,False
4101,Men,Sprints,2024,1,0,1,0,1,False
4104,Women,Jumps,2024,2,0,2,0,2,False
4107,Men,Distance,2024,1,0,1,0,1,False
4107,Men,Sprints,2024,1,0,1,0,1,False
4108,Men,Sprints,2024,1,0,1,0,1,False
4110,Men,Jumps,2024,4,0,5,0,4,False
4110,Men,Sprints,2024,2,0,2,0,2,False
4113,Men,Sprints,2024,1,0,1,0,1,False
4115,Women,Distance,2024,2,0,2,0,2,False
4117,Women,Distance,2024,3,0,3,0,3,False
4126,Women,Jumps,2024,1,0,1,0,1,False
4126,Women,Sprints,2024,2,0,2,0,2,False
4127,Women,Jumps,2024,2,0,2,0,2,False
4127,Women,Sprints,2024,2,0,2,0,2,False
4128,Women,Jumps,2024,2,0,2,0,2,False
4128,Women,Sprints,2024,2,0,2,0,2,False
4129,Women,Distance,2024,2,0,2,0,2,False
4130,Men,Sprints,2024,2,0,2,0,2,False
4134,Men,Distance,2024,2,0,2,0,2,False
4136,Men,Distance,2024,1,0,1,0,1,False
4137,Men,Sprints,2024,1,0,1,0,1,False
4138,Men,Distance,2024,1,0,1,0,1,False
4140,Women,Distance,2024,2,0,2,0,2,False
4141,Men,Distance,2024,1,0,1,0,1,False
4141,Men,Sprints,2024,1,0,1,0,1,False
4144,Men,Distance,2024,2,0,2,0,2,False
4145,Men,Throws,2024,1,0,1,0,1,False
4146,Men,Sprints,2024,1,0,1,0,1,False
4147,Men,Sprints,2024,1,0,1,0,1,False
4148,Men,Throws,2024,1,0,1,0,1,False
4151,Women,Sprints,2024,1,0,1,0,1,False
4152,Women,Distance,2024,1,0,2,0,1,False
4153,Women,Distance,2024,2,0,3,0,2,False
4154,Men,Distance,2024,2,0,2,0,2,False
4155,Women,Distance,2024,1,0,1,0,1,False
4157,Men,Sprints,2024,1,0,1,0,1,False
4158,Men,Jumps,2024,2,0,2,0,2,False
4159,Women,Sprints,2024,1,0,1,0,1,False
4160,Women,Sprints,2024,1,0,3,0,1,False
4161,Women,Sprints,2024,1,0,1,0,1,False
4162,Women,Sprints,2024,1,0,1,0,1,False
4163,Women,Sprints,2024,1,0,2,0,1,False
4164,Women,Distance,2024,1,0,1,0,1,False
4165,Women,Distance,2024,1,0,1,0,1,False
4166,Women,Distance,2024,1,0,2,0,1,False
4167,Women,Distance,2024,1,0,1,0,1,False
4168,Women,Distance,2024,1,0,2,0,1,False
4169,Women,Distance,2024,1,0,1,0,1,False
4170,Women,Distance,2024,1,0,1,0,1,False
4171,Women,Distance,2024,1,0,2,0,1,False
4172,Women,Distance,2024,1,0,1,0,1,False
4173,Women,Distance,2024,1,0,1,0,1,False
4175,Women,Jumps,2024,1,0,1,0,1,False
4177,Women,Jumps,2024,1,0,1,0,1,False
4179,Women,Jumps,2024,1,0,1,0,1,False
4180,Men,Distance,2024,1,0,1,0,1,False
4181,Men,Jumps,2024,1,0,1,0,1,False
4182,Men,Distance,2024,1,0,1,0,1,False
4183,Men,Distance,2024,1,0,1,0,1,False
4184,Men,Distance,2024,1,0,1,0,1,False
4185,Men,Distance,2024,1,0,1,0,1,False
4186,Men,Sprints,2024,1,0,1,0,1,False
4187,Men,Jumps,2024,1,0,1,0,1,False
4187,Men,Sprints,2024,1,0,2,0,1,False
4188,Men,Distance,2024,1,0,1,0,1,False
4189,Men,Sprints,2024,1,0,1,0,1,False
4190,Men,Distance,2024,1,0,1,0,1,False
4191,Men,Distance,2024,1,0,1,0,1,False
4192,Men,Sprints,2024,1,0,1,0,1,False
4193,Men,Sprints,2024,1,0,2,0,1,False
4194,Men,Distance,2024,1,0,2,0,1,False
4195,Men,Distance,2024,1,0,1,0,1,False
4196,Men,Sprints,2024,1,0,1,0,1,False
4197,Men,Sprints,2024,1,0,1,0,1,False
4198,Men,Distance,2024,1,0,1,0,1,False
4199,Men,Jumps,2024,1,0,1,0,1,False
4200,Men,Sprints,2024,1,0,2,0,1,False
4201,Men,Distance,2024,1,0,1,0,1,False
4201,Men,Jumps,2024,1,0,1,0,1,False
4202,Men,Sprints,2024,1,0,1,0,1,False
4203,Men,Jumps,2024,1,0,1,0,1,False
4203,Men,Sprints,2024,1,0,1,0,1,False
4204,Men,Jumps,2024,1,0,1,0,1,False
4205,Men,Distance,2024,1,0,2,0,1,False
4207,Men,Sprints,2024,1,0,2,0,1,False
4208,Men,Distance,2024,1,0,1,0,1,False
4209,Men,Distance,2024,1,0,1,0,1,False
4210,Men,Sprints,2024,1,0,1,0,1,False
4211,Men,Jumps,2024,1,0,1,0,1,False
4212,Men,Distance,2024,1,0,2,0,1,False
4213,Men,Sprints,2024,1,0,2,0,1,False
4214,Men,Distance,2024,1,0,1,0,1,False
4217,Women,Sprints,2024,1,0,1,0,1,False
4218,Women,Distance,2024,1,0,1,0,1,False
4219,Women,Distance,2024,1,0,1,0,1,False
4221,Men,Distance,2024,2,0,2,0,2,False
4224,Women,Distance,2024,1,0,1,0,1,False
4225,Women,Sprints,2024,3,0,4,0,3,False
4226,Women,Distance,2024,3,0,5,0,3,False
4226,Women,Sprints,2024,1,0,2,0,1,False
4231,Women,Distance,2024,1,0,1,0,1,False
4232,Women,Distance,2024,1,0,1,0,1,False
4234,Women,Distance,2024,2,0,3,0,2,False
4235,Women,Distance,2024,1,0,1,0,1,False
4236,Women,Sprints,2024,1,0,1,0,1,False
4237,Women,Distance,2024,1,0,1,0,1,False
4238,Women,Distance,2024,1,0,1,0,1,False
4240,Women,Sprints,2024,1,0,1,0,1,False
4241,Women,Sprints,2024,1,0,1,0,1,False
4244,Women,Sprints,2024,1,0,1,0,1,False
4246,Women,Sprints,2024,1,0,1,0,1,False
4247,Women,Sprints,2024,1,0,1,0,1,False
4248,Women,Sprints,2024,1,0,1,0,1,False
4251,Women,Distance,2024,2,0,2,0,2,False
4252,Women,Distance,2024,2,0,2,0,2,False
4253,Women,Sprints,2024,2,0,2,0,2,False
4263,Women,Sprints,2024,2,0,3,0,2,False
4265,Women,Sprints,2024,1,0,1,0,1,False
4268,Women,Jumps,2024,1,0,2,0,1,False
4268,Women,Sprints,2024,2,0,2,0,2,False
4269,Women,Sprints,2024,1,0,1,0,1,False
4270,Women,Sprints,2024,2,0,3,0,2,False
4271,Women,Jumps,2024,2,0,3,0,2,False
4271,Women,Sprints,2024,1,0,1,0,1,False
4274,Women,Sprints,2024,1,0,1,0,1,False
4275,Women,Throws,2024,2,0,2,0,2,False
4276,Women,Distance,2024,1,0,1,0,1,False
4276,Women,Sprints,2024,1,0,1,0,1,False
4277,Women,Distance,2024,1,0,1,0,1,False
4278,Women,Distance,2024,2,0,3,0,2,False
4279,Women,Distance,2024,1,0,1,0,1,False
4280,Women,Distance,2024,1,0,2,0,1,False
4281,Women,Distance,2024,1,0,1,0,1,False
4282,Women,Distance,2024,1,0,1,0,1,False
4287,Women,Distance,2024,2,0,3,0,2,False
4290,Women,Jumps,2024,4,0,4,0,4,False
4290,Women,Sprints,2024,1,0,1,0,1,False
4292,Women,Distance,2024,1,0,1,0,1,False
4295,Women,Throws,2024,2,0,2,0,2,False
4296,Women,Throws,2024,2,0,2,0,2,False
4297,Women,Throws,2024,2,0,2,0,2,False
4298,Women,Throws,2024,1,0,1,0,1,False
4299,Women,Sprints,2024,1,0,1,0,1,False
4300,Women,Jumps,2024,2,0,2,0,2,False
4300,Women,Throws,2024,1,0,1,0,1,False
4301,Women,Throws,2024,1,0,1,0,1,False
4302,Women,Sprints,2024,1,0,1,0,1,False
4306,Men,Sprints,2024,1,0,1,0,1,False
4307,Men,Distance,2024,1,0,1,0,1,False
4308,Men,Distance,2024,1,0,1,0,1,False
4309,Men,Jumps,2024,1,0,1,0,1,False
4309,Men,Sprints,2024,2,0,3,0,2,False
4310,Men,Sprints,2024,2,0,4,0,2,False
4316,Men,Sprints,2024,1,0,1,0,1,False
4317,Men,Jumps,2024,1,0,3,0,1,False
4318,Men,Jumps,2024,1,0,1,0,1,False
4318,Men,Sprints,2024,1,0,1,0,1,False
4319,Men,Distance,2024,1,0,1,0,1,False
4321,Men,Distance,2024,2,0,2,0,2,False
4321,Men,Jumps,2024,1,0,1,0,1,False
4322,Men,Distance,2024,1,0,1,0,1,False
4324,Men,Jumps,2024,1,0,1,0,1,False
4324,Men,Sprints,2024,1,0,1,0,1,False
4325,Men,Distance,2024,1,0,1,0,1,False
4326,Men,Distance,2024,1,0,1,0,1,False
4326,Men,Jumps,2024,1,0,1,0,1,False
4326,Men,Sprints,2024,1,0,1,0,1,False
4327,Men,Distance,2024,1,0,1,0,1,False
4328,Men,Jumps,2024,1,0,1,0,1,False
4328,Men,Sprints,2024,1,0,1,0,1,False
4329,Men,Distance,2024,1,0,1,0,1,False
4330,Men,Sprints,2024,2,0,2,0,2,False
4331,Men,Distance,2024,1,0,1,0,1,False
4332,Men,Distance,2024,2,0,2,0,2,False
4333,Men,Sprints,2024,1,0,1,0,1,False
4335,Men,Distance,2024,1,0,1,0,1,False
4336,Men,Distance,2024,1,0,2,0,1,False
4337,Men,Sprints,2024,2,0,2,0,2,False
4339,Men,Distance,2024,2,0,3,0,2,False
4341,Men,Sprints,2024,1,0,1,0,1,False
4343,Men,Throws,2024,1,0,1,0,1,False
4346,Men,Sprints,2024,2,0,5,0,2,False
4353,Men,Sprints,2024,1,0,1,0,1,False
4357,Men,Distance,2024,1,0,1,0,1,False
4359,Men,Distance,2024,1,0,1,0,1,False
4360,Men,Distance,2024,1,0,1,0,1,False
4361,Men,Distance,2024,1,0,1,0,1,False
4361,Men,Jumps,2024,1,0,1,0,1,False
4361,Men,Sprints,2024,2,0,2,0,2,False
4365,Men,Distance,2024,2,0,2,0,2,False
4372,Men,Jumps,2024,1,0,1,0,1,False
4375,Men,Sprints,2024,1,0,1,0,1,False
4376,Men,Distance,2024,1,0,1,0,1,False
4377,Men,Distance,2024,1,0,1,0,1,False
4379,Men,Jumps,2024,1,0,1,0,1,False
4381,Men,Distance,2024,1,0,1,0,1,False
4383,Men,Jumps,2024,1,0,2,0,1,False
4384,Men,Sprints,2024,1,0,1,0,1,False
4387,Men,Sprints,2024,1,0,2,0,1,False
4388,Men,Sprints,2024,1,0,2,0,1,False
4392,Men,Jumps,2024,1,0,1,0,1,False
4395,Men,Jumps,2024,1,0,1,0,1,False
4396,Men,Sprints,2024,1,0,1,0,1,False
4397,Men,Distance,2024,1,0,1,0,1,False
4399,Men,Sprints,2024,1,0,1,0,1,False
4400,Men,Sprints,2024,1,0,1,0,1,False
4402,Men,Sprints,2024,1,0,2,0,1,False
4404,Men,Jumps,2024,1,0,1,0,1,False
4406,Men,Jumps,2024,3,0,4,0,3,False
4407,Men,Distance,2024,4,0,4,0,4,False
4408,Men,Jumps,2024,2,0,2,0,2,False
4408,Men,Sprints,2024,2,0,2,0,2,False
4409,Men,Sprints,2024,1,0,1,0,1,False
4411,Men,Distance,2024,3,0,3,0,3,False
4412,Men,Jumps,2024,1,0,2,0,1,False
4412,Men,Sprints,2024,1,0,1,0,1,False
4413,Men,Jumps,2024,2,0,2,0,2,False
4415,Men,Sprints,2024,4,0,6,0,4,False
4416,Men,Sprints,2024,1,0,1,0,1,False
4417,Men,Throws,2024,2,0,2,0,2,False
4419,Men,Jumps,2024,3,0,3,0,3,False
4419,Men,Sprints,2024,2,0,2,0,2,False
4420,Men,Distance,2024,4,0,4,0,4,False
4420,Men,Sprints,2024,1,0,1,0,1,False
4422,Men,Jumps,2024,3,0,3,0,3,False
4423,Men,Sprints,2024,4,0,4,0,4,False
4424,Men,Sprints,2024,4,0,4,0,4,False
4425,Men,Throws,2024,2,0,2,0,2,False
4426,Men,Jumps,2024,4,0,4,0,4,False
4426,Men,Sprints,2024,3,0,3,0,3,False
4427,Men,Distance,2024,1,0,3,0,1,False
4427,Men,Jumps,2024,2,0,2,0,2,False
4427,Men,Sprints,2024,1,0,2,0,1,False
4428,Men,Distance,2024,1,0,1,0,1,False
4430,Men,Sprints,2024,1,0,1,0,1,False
4435,Men,Distance,2024,2,0,2,0,2,False
4436,Men,Distance,2024,1,0,1,0,1,False
4440,Men,Jumps,2024,2,0,3,0,2,False
4444,Men,Jumps,2024,1,0,1,0,1,False
4444,Men,Sprints,2024,1,0,2,0,1,False
4445,Men,Jumps,2024,1,0,1,0,1,False
4448,Men,Throws,2024,1,0,1,0,1,False
4449,Men,Distance,2024,1,0,1,0,1,False
4450,Men,Distance,2024,1,0,2,0,1,False
4452,Men,Jumps,2024,1,0,2,0,1,False
4452,Men,Sprints,2024,1,0,2,0,1,False
4454,Women,Distance,2024,2,0,2,0,2,False
4458,Men,Jumps,2024,1,0,1,0,1,False
4459,Men,Jumps,2024,2,0,2,0,2,False
4462,Men,Jumps,2024,1,0,1,0,1,False
4462,Men,Sprints,2024,1,0,1,0,1,False
4463,Men,Sprints,2024,1,0,1,0,1,False
4464,Women,Throws,2024,1,0,1,0,1,False
4465,Men,Jumps,2024,2,0,3,0,2,False
4465,Men,Sprints,2024,2,0,2,0,2,False
4466,Men,Distance,2024,2,0,2,0,2,False
4467,Men,Sprints,2024,1,0,1,0,1,False
4467,Men,Throws,2024,1,0,1,0,1,False
4468,Men,Distance,2024,1,0,1,0,1,False
4470,Women,Distance,2024,1,0,1,0,1,False
4470,Women,Sprints,2024,2,0,2,0,2,False
4472,Men,Distance,2024,1,0,1,0,1,False
4474,Men,Distance,2024,3,0,3,0,3,False
4475,Men,Sprints,2024,1,0,1,0,1,False
4476,Men,Distance,2024,2,0,2,0,2,False
4479,Men,Sprints,2024,3,0,3,0,3,False
4480,Men,Sprints,2024,3,0,4,0,3,False
4481,Men,Jumps,2024,3,0,3,0,3,False
4481,Men,Sprints,2024,2,0,2,0,2,False
4482,Men,Distance,2024,3,0,3,0,3,False
4483,Men,Distance,2024,1,0,1,0,1,False
4484,Men,Throws,2024,2,0,2,0,2,False
4491,Women,Sprints,2024,2,0,2,0,2,False
4492,Women,Sprints,2024,2,0,2,0,2,False
4493,Women,Sprints,2024,1,0,1,0,1,False
4494,Women,Distance,2024,1,0,1,0,1,False
4495,Women,Distance,2024,2,0,2,0,2,False
4496,Women,Jumps,2024,3,0,4,0,3,False
4497,Men,Distance,2024,1,0,1,0,1,False
4498,Men,Sprints,2024,1,0,1,0,1,False
4499,Men,Distance,2024,1,0,1,0,1,False
4500,Men,Distance,2024,1,0,1,0,1,False
4501,Men,Distance,2024,1,0,1,0,1,False
4502,Men,Distance,2024,1,0,1,0,1,False
4503,Men,Sprints,2024,1,0,1,0,1,False
4504,Men,Distance,2024,3,0,3,0,3,False
4505,Men,Throws,2024,1,0,1,0,1,False
4506,Men,Jumps,2024,3,0,3,0,3,False
4507,Men,Distance,2024,1,0,1,0,1,False
4508,Men,Throws,2024,1,0,1,0,1,False
4509,Men,Sprints,2024,2,0,3,0,2,False
4510,Men,Sprints,2024,2,0,2,0,2,False
4511,Women,Throws,2024,2,0,2,0,2,False
4512,Men,Distance,2024,1,0,1,0,1,False
4514,Men,Sprints,2024,1,0,1,0,1,False
4516,Men,Sprints,2024,1,0,2,0,1,False
4517,Men,Throws,2024,1,0,1,0,1,False
4520,Women,Distance,2024,2,0,2,0,2,False
4522,Men,Sprints,2024,1,0,1,0,1,False
4525,Men,Sprints,2024,1,0,2,0,1,False
4526,Women,Sprints,2024,1,0,1,0,1,False
4527,Women,Sprints,2024,1,0,1,0,1,False
4528,Women,Sprints,2024,1,0,1,0,1,False
4529,Women,Distance,2024,1,0,1,0,1,False
4529,Women,Sprints,2024,1,0,1,0,1,False
4530,Men,Distance,2024,1,0,2,0,1,False
4531,Men,Sprints,2024,1,0,1,0,1,False
4532,Men,Jumps,2024,1,0,1,0,1,False
4534,Men,Jumps,2024,2,0,2,0,2,False
4534,Men,Throws,2024,1,0,1,0,1,False
4536,Men,Distance,2024,2,0,2,0,2,False
4537,Men,Jumps,2024,2,0,2,0,2,False
4586,Men,Distance,2024,1,0,1,0,1,False
4591,Men,Distance,2024,1,0,1,0,1,False
4595,Men,Jumps,2024,1,0,1,0,1,False
4596,Men,Distance,2024,1,0,1,0,1,False
4597,Men,Jumps,2024,1,0,1,0,1,False
4598,Women,Distance,2024,2,0,2,0,2,False
4599,Women,Sprints,2024,1,0,1,0,1,False
4601,Women,Distance,2024,2,0,2,0,2,False
4602,Men,Distance,2024,1,0,1,0,1,False
4603,Men,Distance,2024,1,0,1,0,1,False
4605,Men,Sprints,2024,1,0,1,0,1,False
4606,Men,Distance,2024,1,0,1,0,1,False
4607,Men,Distance,2024,1,0,1,0,1,False
4609,Women,Jumps,2024,2,0,2,0,2,False
4609,Women,Sprints,2024,1,0,1,0,1,False
4610,Women,Jumps,2024,2,0,2,0,2,False
4611,Women,Jumps,2024,2,0,2,0,2,False
4612,Women,Distance,2024,2,0,3,0,2,False
4613,Women,Distance,2024,2,0,3,0,2,False
4614,Women,Distance,2024,2,0,3,0,2,False
4617,Women,Jumps,2024,2,0,3,0,2,False
4620,Men,Jumps,2024,2,0,3,0,2,False
4621,Men,Jumps,2024,1,0,1,0,1,False
4621,Men,Sprints,2024,1,0,1,0,1,False
4622,Men,Sprints,2024,1,0,1,0,1,False
4623,Men,Sprints,2024,1,0,2,0,1,False
4623,Men,Throws,2024,1,0,1,0,1,False
4625,Men,Sprints,2024,1,0,1,0,1,False
4626,Men,Sprints,2024,1,0,1,0,1,False
4627,Men,Distance,2024,2,0,3,0,2,False
4628,Men,Distance,2024,2,0,2,0,2,False
4641,Men,Distance,2024,1,0,1,0,1,False
4642,Men,Sprints,2024,2,0,4,0,2,False
4643,Men,Jumps,2024,1,0,1,0,1,False
4644,Men,Distance,2024,1,0,1,0,1,False
4645,Women,Sprints,2024,2,0,2,0,2,False
4646,Women,Distance,2024,1,0,3,0,1,False
4646,Women,Sprints,2024,3,0,5,0,3,False
4651,Men,Jumps,2024,1,0,1,0,1,False
4652,Men,Sprints,2024,1,0,1,0,1,False
4653,Men,Distance,2024,2,0,2,0,2,False
4654,Women,Distance,2024,1,0,1,0,1,False
4656,Women,Distance,2024,1,0,1,0,1,False
4657,Women,Distance,2024,1,0,1,0,1,False
4658,Men,Distance,2024,1,0,1,0,1,False
4660,Women,Distance,2024,1,0,1,0,1,False
4661,Women,Sprints,2024,1,0,1,0,1,False
4662,Women,Sprints,2024,1,0,2,0,1,False
4663,Women,Sprints,2024,1,0,1,0,1,False
4664,Women,Distance,2024,1,0,1,0,1,False
4665,Women,Distance,2024,1,0,2,0,1,False
4666,Women,Distance,2024,1,0,1,0,1,False
4667,Women,Distance,2024,1,0,2,0,1,False
4669,Women,Distance,2024,1,0,1,0,1,False
4670,Women,Distance,2024,1,0,1,0,1,False
4671,Women,Distance,2024,1,0,1,0,1,False
4672,Women,Distance,2024,1,0,1,0,1,False
4674,Women,Distance,2024,1,0,1,0,1,False
4674,Women,Sprints,2024,1,0,1,0,1,False
4675,Women,Sprints,2024,1,0,1,0,1,False
4676,Women,Distance,2024,1,0,1,0,1,False
4676,Women,Sprints,2024,1,0,1,0,1,False
4677,Women,Sprints,2024,1,0,1,0,1,False
4680,Women,Distance,2024,1,0,1,0,1,False
4680,Women,Sprints,2024,1,0,1,0,1,False
4681,Women,Sprints,2024,2,0,3,0,2,False
4682,Women,Distance,2024,1,0,1,0,1,False
4683,Women,Distance,2024,1,0,1,0,1,False
4684,Women,Distance,2024,1,0,1,0,1,False
4686,Women,Distance,2024,1,0,1,0,1,False
4687,Women,Distance,2024,1,0,1,0,1,False
4691,Men,Sprints,2024,1,0,1,0,1,False
4692,Men,Distance,2024,1,0,1,0,1,False
4694,Men,Distance,2024,1,0,1,0,1,False
4695,Men,Distance,2024,1,0,1,0,1,False
4696,Men,Distance,2024,1,0,1,0,1,False
4697,Men,Distance,2024,1,0,1,0,1,False
4698,Men,Distance,2024,1,0,1,0,1,False
4699,Men,Distance,2024,1,0,1,0,1,False
4701,Men,Sprints,2024,1,0,1,0,1,False
4702,Men,Sprints,2024,1,0,1,0,1,False
4703,Men,Sprints,2024,1,0,1,0,1,False
4705,Men,Sprints,2024,1,0,1,0,1,False
4708,Men,Distance,2024,1,0,1,0,1,False
4709,Men,Distance,2024,1,0,1,0,1,False
4710,Men,Distance,2024,1,0,1,0,1,False
4713,Men,Distance,2024,1,0,1,0,1,False
4713,Men,Sprints,2024,1,0,1,0,1,False
4716,Men,Distance,2024,1,0,1,0,1,False
4718,Men,Distance,2024,1,0,1,0,1,False
4719,Men,Distance,2024,1,0,1,0,1,False
4720,Men,Sprints,2024,1,0,1,0,1,False
4721,Men,Distance,2024,1,0,1,0,1,False
4723,Men,Distance,2024,1,0,1,0,1,False
4724,Men,Sprints,2024,1,0,2,0,1,False
4725,Men,Distance,2024,1,0,1,0,1,False
4727,Men,Sprints,2024,1,0,1,0,1,False
4731,Men,Sprints,2024,1,0,2,0,1,False
4736,Men,Sprints,2024,1,0,2,0,1,False
4738,Women,Jumps,2024,1,0,1,0,1,False
4741,Women,Jumps,2024,1,0,1,0,1,False
4745,Women,Jumps,2024,1,0,1,0,1,False
4746,Women,Jumps,2024,1,0,1,0,1,False
4746,Women,Throws,2024,1,0,1,0,1,False
4749,Women,Distance,2024,1,0,1,0,1,False
4755,Women,Jumps,2024,1,0,2,0,1,False
4757,Women,Throws,2024,1,0,1,0,1,False
4758,Women,Distance,2024,1,0,1,0,1,False
4760,Women,Jumps,2024,1,0,2,0,1,False
4762,Women,Throws,2024,1,0,1,0,1,False
4766,Women,Distance,2024,1,0,1,0,1,False
4768,Women,Distance,2024,1,0,1,0,1,False
4771,Women,Throws,2024,1,0,1,0,1,False
4779,Women,Jumps,2024,3,0,4,0,3,False
4779,Women,Throws,2024,1,0,1,0,1,False
4782,Women,Distance,2024,1,0,1,0,1,False
4786,Women,Distance,2024,1,0,1,0,1,False
4788,Women,Distance,2024,1,0,1,0,1,False
4789,Women,Distance,2024,1,0,1,0,1,False
4790,Women,Distance,2024,1,0,1,0,1,False
4791,Women,Distance,2024,1,0,1,0,1,False
4792,Women,Distance,2024,1,0,2,0,1,False
4793,Women,Distance,2024,1,0,1,0,1,False
4794,Women,Distance,2024,1,0,2,0,1,False
4795,Women,Distance,2024,1,0,1,0,1,False
4796,Women,Distance,2024,1,0,1,0,1,False
4797,Women,Distance,2024,1,0,1,0,1,False
4798,Women,Distance,2024,1,0,1,0,1,False
4799,Women,Distance,2024,1,0,1,0,1,False
4800,Women,Distance,2024,1,0,1,0,1,False
4801,Women,Distance,2024,1,0,1,0,1,False
4802,Women,Throws,2024,1,0,1,0,1,False
4804,Women,Throws,2024,1,0,1,0,1,False
4805,Women,Throws,2024,1,0,1,0,1,False
4806,Women,Jumps,2024,1,0,1,0,1,False
4807,Women,Jumps,2024,1,0,1,0,1,False
4808,Women,Jumps,2024,1,0,1,0,1,False
4809,Women,Jumps,2024,1,0,1,0,1,False
4810,Women,Jumps,2024,1,0,1,0,1,False
4841,Men,Distance,2024,1,0,1,0,1,False
4842,Men,Distance,2024,1,0,1,0,1,False
4849,Men,Throws,2024,1,0,1,0,1,False
4850,Men,Throws,2024,1,0,1,0,1,False
4855,Men,Distance,2024,1,0,1,0,1,False
4862,Men,Distance,2024,1,0,1,0,1,False
4864,Men,Distance,2024,1,0,1,0,1,False
4868,Men,Distance,2024,1,0,1,0,1,False
4870,Men,Jumps,2024,1,0,1,0,1,False
4870,Men,Sprints,2024,2,0,2,0,2,False
4870,Men,Throws,2024,3,0,3,0,3,False
4871,Men,Distance,2024,1,0,1,0,1,False
4875,Men,Sprints,2024,1,0,1,0,1,False
4877,Men,Distance,2024,1,0,2,0,1,False
4879,Men,Distance,2024,1,0,2,0,1,False
4880,Men,Distance,2024,1,0,1,0,1,False
4881,Men,Distance,2024,1,0,1,0,1,False
4882,Men,Distance,2024,1,0,1,0,1,False
4883,Men,Distance,2024,1,0,1,0,1,False
4884,Men,Distance,2024,1,0,1,0,1,False
4885,Men,Distance,2024,1,0,1,0,1,False
4888,Men,Jumps,2024,1,0,1,0,1,False
4889,Men,Distance,2024,1,0,2,0,1,False
4890,Men,Distance,2024,1,0,2,0,1,False
4891,Men,Distance,2024,1,0,1,0,1,False
4892,Men,Distance,2024,1,0,2,0,1,False
4895,Men,Jumps,2024,1,0,1,0,1,False
4895,Men,Throws,2024,1,0,1,0,1,False
4900,Men,Distance,2024,1,0,1,0,1,False
4909,Men,Distance,2024,1,0,1,0,1,False
4910,Men,Distance,2024,1,0,1,0,1,False
4912,Men,Throws,2024,1,0,1,0,1,False
4913,Men,Distance,2024,1,0,1,0,1,False
4917,Men,Distance,2024,1,0,1,0,1,False
4930,Men,Distance,2024,1,0,1,0,1,False
4931,Men,Jumps,2024,1,0,1,0,1,False
4933,Men,Throws,2024,1,0,1,0,1,False
4934,Men,Throws,2024,1,0,1,0,1,False
4935,Men,Jumps,2024,1,0,1,0,1,False
4937,Men,Jumps,2024,1,0,1,0,1,False
4937,Men,Throws,2024,1,0,1,0,1,False
4938,Men,Jumps,2024,1,0,1,0,1,False
4939,Men,Jumps,2024,1,0,1,0,1,False
4940,Men,Jumps,2024,1,0,1,0,1,False
4941,Men,Jumps,2024,1,0,1,0,1,False
4942,Men,Throws,2024,1,0,1,0,1,False
4943,Men,Distance,2024,1,0,1,0,1,False
4945,Men,Throws,2024,1,0,1,0,1,False
4954,Men,Distance,2024,1,0,1,0,1,False
4956,Women,Distance,2024,1,0,1,0,1,False
4957,Women,Distance,2024,1,0,3,0,1,False
4957,Women,Sprints,2024,1,0,2,0,1,False
4958,Women,Distance,2024,1,0,1,0,1,False
4959,Women,Distance,2024,1,0,1,0,1,False
4960,Women,Distance,2024,1,0,1,0,1,False
4961,Women,Distance,2024,1,0,1,0,1,False
4962,Women,Sprints,2024,2,0,2,0,2,False
4963,Women,Sprints,2024,2,0,3,0,2,False
4964,Women,Jumps,2024,1,0,1,0,1,False
4966,Women,Sprints,2024,1,0,1,0,1,False
4967,Women,Jumps,2024,2,0,3,0,2,False
4968,Women,Jumps,2024,2,0,2,0,2,False
4968,Women,Sprints,2024,1,0,1,0,1,False
4969,Women,Jumps,2024,1,0,1,0,1,False
4970,Women,Distance,2024,1,0,1,0,1,False
4971,Women,Distance,2024,2,0,4,0,2,False
4972,Women,Distance,2024,1,0,1,0,1,False
4973,Women,Distance,2024,2,0,4,0,2,False
4973,Women,Sprints,2024,1,0,2,0,1,False
4974,Women,Distance,2024,1,0,1,0,1,False
4975,Women,Distance,2024,2,0,2,0,2,False
4976,Women,Distance,2024,1,0,1,0,1,False
4977,Women,Distance,2024,2,0,4,0,2,False
4977,Women,Sprints,2024,1,0,2,0,1,False
4978,Women,Distance,2024,1,0,1,0,1,False
4979,Women,Distance,2024,2,0,2,0,2,False
4980,Women,Distance,2024,1,0,1,0,1,False
4982,Women,Jumps,2024,2,0,3,0,2,False
4982,Women,Sprints,2024,2,0,2,0,2,False
4984,Women,Jumps,2024,2,0,2,0,2,False
4984,Women,Sprints,2024,1,0,1,0,1,False
4985,Women,Jumps,2024,2,0,2,0,2,False
4985,Women,Sprints,2024,2,0,2,0,2,False
4986,Women,Sprints,2024,2,0,2,0,2,False
4987,Women,Distance,2024,1,0,1,0,1,False
4989,Women,Jumps,2024,1,0,2,0,1,False
4990,Women,Jumps,2024,2,0,2,0,2,False
4991,Women,Jumps,2024,2,0,2,0,2,False
4992,Women,Jumps,2024,1,0,1,0,1,False
4993,Men,Sprints,2024,1,0,1,0,1,False
4994,Men,Sprints,2024,1,0,1,0,1,False
4996,Men,Sprints,2024,1,0,1,0,1,False
4997,Men,Distance,2024,2,0,2,0,2,False
4998,Men,Jumps,2024,1,0,1,0,1,False
5002,Men,Distance,2024,2,0,2,0,2,False
5003,Men,Distance,2024,1,0,1,0,1,False
5004,Men,Sprints,2024,1,0,1,0,1,False
5006,Men,Distance,2024,1,0,1,0,1,False
5008,Men,Distance,2024,1,0,1,0,1,False
5009,Men,Sprints,2024,1,0,2,0,1,False
5010,Men,Distance,2024,2,0,6,0,2,False
5011,Men,Distance,2024,2,0,3,0,2,False
5014,Men,Sprints,2024,1,0,1,0,1,False
5015,Men,Distance,2024,1,0,1,0,1,False
5019,Men,Sprints,2024,2,0,2,0,2,False
5020,Men,Distance,2024,1,0,1,0,1,False
5020,Men,Sprints,2024,1,0,1,0,1,False
5021,Men,Sprints,2024,1,0,1,0,1,False
5022,Men,Sprints,2024,1,0,1,0,1,False
5023,Men,Sprints,2024,1,0,1,0,1,False
5025,Men,Distance,2024,2,0,4,0,2,False
5025,Men,Sprints,2024,1,0,2,0,1,False
5032,Men,Distance,2024,1,0,2,0,1,False
5033,Men,Distance,2024,2,0,2,0,2,False
5035,Men,Jumps,2024,2,0,2,0,2,False
5036,Men,Distance,2024,2,0,3,0,2,False
5037,Men,Sprints,2024,1,0,1,0,1,False
5039,Men,Distance,2024,2,0,2,0,2,False
5041,Men,Jumps,2024,1,0,1,0,1,False
5041,Men,Sprints,2024,1,0,1,0,1,False
5042,Men,Sprints,2024,2,0,2,0,2,False
5054,Women,Distance,2024,1,0,1,0,1,False
5054,Women,Jumps,2024,1,0,1,0,1,False
5055,Women,Jumps,2024,1,0,1,0,1,False
5055,Women,Sprints,2024,1,0,1,0,1,False
5056,Women,Jumps,2024,1,0,1,0,1,False
5056,Women,Sprints,2024,1,0,1,0,1,False
5057,Women,Distance,2024,1,0,3,0,1,False
5057,Women,Sprints,2024,1,0,2,0,1,False
5058,Women,Distance,2024,1,0,3,0,1,False
5058,Women,Sprints,2024,1,0,2,0,1,False
5060,Women,Distance,2024,1,0,1,0,1,False
5062,Women,Sprints,2024,1,0,1,0,1,False
5063,Women,Distance,2024,1,0,3,0,1,False
5063,Women,Sprints,2024,1,0,2,0,1,False
5064,Women,Distance,2024,1,0,3,0,1,False
5064,Women,Sprints,2024,1,0,2,0,1,False
5065,Women,Distance,2024,1,0,1,0,1,False
5066,Women,Distance,2024,1,0,2,0,1,False
5067,Women,Distance,2024,1,0,3,0,1,False
5067,Women,Sprints,2024,1,0,2,0,1,False
5068,Women,Distance,2024,1,0,1,0,1,False
5069,Women,Distance,2024,1,0,3,0,1,False
5069,Women,Sprints,2024,1,0,2,0,1,False
5070,Women,Sprints,2024,1,0,2,0,1,False
5071,Women,Sprints,2024,1,0,1,0,1,False
5072,Women,Distance,2024,1,0,1,0,1,False
5072,Women,Sprints,2024,1,0,1,0,1,False
5073,Women,Sprints,2024,1,0,2,0,1,False
5074,Women,Distance,2024,1,0,2,0,1,False
5075,Women,Distance,2024,1,0,2,0,1,False
5076,Women,Distance,2024,1,0,1,0,1,False
5077,Women,Distance,2024,1,0,1,0,1,False
5078,Women,Sprints,2024,1,0,1,0,1,False
5079,Women,Distance,2024,1,0,1,0,1,False
5080,Women,Distance,2024,1,0,1,0,1,False
5081,Women,Distance,2024,1,0,1,0,1,False
5082,Women,Distance,2024,1,0,1,0,1,False
5083,Women,Distance,2024,1,0,1,0,1,False
5084,Women,Distance,2024,1,0,1,0,1,False
5085,Women,Distance,2024,1,0,1,0,1,False
5086,Women,Distance,2024,1,0,1,0,1,False
5089,Men,Distance,2024,1,0,1,0,1,False
5089,Men,Sprints,2024,1,0,2,0,1,False
5090,Men,Sprints,2024,1,0,1,0,1,False
5091,Men,Sprints,2024,1,0,1,0,1,False
5092,Men,Distance,2024,1,0,3,0,1,False
5092,Men,Sprints,2024,1,0,2,0,1,False
5093,Men,Distance,2024,1,0,3,0,1,False
5093,Men,Sprints,2024,1,0,2,0,1,False
5094,Men,Distance,2024,1,0,1,0,1,False
5095,Men,Distance,2024,1,0,3,0,1,False
5095,Men,Sprints,2024,1,0,2,0,1,False
5097,Men,Distance,2024,1,0,2,0,1,False
5097,Men,Sprints,2024,1,0,2,0,1,False
5098,Men,Distance,2024,1,0,1,0,1,False
5099,Men,Distance,2024,1,0,1,0,1,False
5101,Men,Distance,2024,1,0,1,0,1,False
5102,Men,Sprints,2024,1,0,1,0,1,False
5103,Men,Sprints,2024,1,0,1,0,1,False
5104,Men,Distance,2024,1,0,1,0,1,False
5108,Men,Distance,2024,1,0,1,0,1,False
5110,Men,Distance,2024,1,0,2,0,1,False
5110,Men,Sprints,2024,1,0,2,0,1,False
5111,Men,Distance,2024,1,0,1,0,1,False
5113,Men,Sprints,2024,1,0,1,0,1,False
5114,Men,Sprints,2024,1,0,1,0,1,False
5117,Men,Distance,2024,1,0,1,0,1,False
5118,Men,Jumps,2024,1,0,1,0,1,False
5119,Men,Distance,2024,1,0,1,0,1,False
5120,Men,Sprints,2024,1,0,1,0,1,False
5123,Men,Distance,2024,1,0,2,0,1,False
5124,Men,Sprints,2024,1,0,1,0,1,False
5126,Men,Distance,2024,1,0,1,0,1,False
5126,Men,Sprints,2024,1,0,1,0,1,False
5127,Men,Sprints,2024,1,0,1,0,1,False
5128,Men,Sprints,2024,1,0,1,0,1,False
5129,Men,Distance,2024,1,0,1,0,1,False
5130,Men,Distance,2024,1,0,1,0,1,False
5131,Men,Distance,2024,1,0,2,0,1,False
5132,Men,Distance,2024,1,0,1,0,1,False
5132,Men,Sprints,2024,1,0,1,0,1,False
5133,Men,Distance,2024,1,0,3,0,1,False
5133,Men,Sprints,2024,1,0,2,0,1,False
5134,Men,Distance,2024,1,0,1,0,1,False
5135,Men,Distance,2024,1,0,1,0,1,False
5135,Men,Sprints,2024,1,0,1,0,1,False
5324,Women,Jumps,2024,1,0,1,0,1,False
5330,Men,Sprints,2024,1,0,1,0,1,False
5331,Men,Jumps,2024,1,0,1,0,1,False
5332,Men,Distance,2024,1,0,1,0,1,False
5332,Men,Sprints,2024,1,0,1,0,1,False
5337,Men,Sprints,2024,1,0,1,0,1,False
5338,Men,Sprints,2024,1,0,1,0,1,False
5339,Men,Sprints,2024,1,0,1,0,1,False
5342,Men,Throws,2024,1,0,1,0,1,False
8043,Men,Distance,2024,1,0,1,0,1,False
18865,Men,Distance,2024,2,0,2,0,2,False
1,Men,Distance,2025,3,1,3,2,4,True
2,Men,Distance,2025,5,1,5,1,6,True
19,Men,Distance,2025,5,1,5,1,6,True
35,Men,Distance,2025,1,1,1,3,2,True
68,Women,Distance,2025,5,1,5,1,6,True
90,Men,Distance,2025,0,2,0,2,2,False
91,Men,Distance,2025,0,2,0,2,2,False
93,Men,Distance,2025,0,1,0,1,1,False
95,Men,Distance,2025,0,3,0,3,3,False
99,Men,Distance,2025,0,1,0,1,1,False
102,Men,Distance,2025,0,2,0,2,2,False
106,Men,Distance,2025,0,2,0,2,2,False
123,Men,Distance,2025,4,1,5,2,5,True
127,Men,Distance,2025,3,1,3,2,4,True
130,Men,Distance,2025,4,1,4,1,5,True
130,Men,Hurdles,2025,0,1,0,1,1,False
145,Men,Distance,2025,0,1,0,2,1,False
147,Men,Distance,2025,1,1,1,1,2,True
150,Men,Distance,2025,4,1,4,1,5,True
152,Men,Distance,2025,3,1,3,1,4,True
163,Men,Distance,2025,5,1,6,1,6,True
196,Men,Distance,2025,4,1,5,2,5,True
203,Men,Distance,2025,3,1,3,1,4,True
214,Men,Distance,2025,0,2,0,2,2,False
221,Men,Distance,2025,0,1,0,1,1,False
225,Men,Distance,2025,0,1,0,1,1,False
253,Women,Distance,2025,3,1,3,1,4,True
256,Women,Distance,2025,0,1,0,1,1,False
275,Women,Distance,2025,1,2,1,2,3,True
282,Women,Distance,2025,5,1,5,1,6,True
291,Women,Distance,2025,3,1,4,2,4,True
294,Women,Distance,2025,3,1,4,2,4,True
360,Women,Distance,2025,0,1,0,1,1,False
364,Men,Distance,2025,2,2,3,2,4,True
367,Men,Distance,2025,0,2,0,2,2,False
368,Men,Distance,2025,1,1,1,1,2,True
369,Men,Distance,2025,0,1,0,1,1,False
454,Men,Distance,2025,1,1,1,1,2,True
455,Men,Distance,2025,0,1,0,1,1,False
466,Men,Distance,2025,5,2,5,3,7,True
467,Men,Distance,2025,2,1,2,1,3,True
468,Men,Distance,2025,1,2,1,2,3,True
475,Women,Distance,2025,0,1,0,1,1,False
490,Women,Distance,2025,0,1,0,1,1,False
508,Men,Distance,2025,1,1,1,1,2,True
509,Men,Distance,2025,1,1,1,1,2,True
513,Men,Distance,2025,1,1,1,1,2,True
517,Men,Distance,2025,0,1,0,1,1,False
517,Men,Hurdles,2025,0,1,0,2,1,False
517,Men,Jumps,2025,0,1,0,3,1,False
517,Men,Sprints,2025,0,1,0,3,1,False
517,Men,Throws,2025,0,1,0,2,1,False
523,Men,Distance,2025,0,1,0,1,1,False
529,Men,Jumps,2025,0,1,0,1,1,False
529,Men,Throws,2025,0,1,0,2,1,False
530,Men,Distance,2025,2,1,2,1,3,True
550,Men,Distance,2025,0,1,0,1,1,False
550,Men,Hurdles,2025,0,1,0,2,1,False
550,Men,Jumps,2025,0,1,0,2,1,False
550,Men,Sprints,2025,0,1,0,3,1,False
550,Men,Throws,2025,0,1,0,2,1,False
554,Men,Sprints,2025,0,1,0,2,1,False
556,Men,Distance,2025,0,1,0,1,1,False
556,Men,Hurdles,2025,0,1,0,2,1,False
556,Men,Jumps,2025,0,1,0,3,1,False
556,Men,Sprints,2025,0,1,0,3,1,False
556,Men,Throws,2025,0,1,0,2,1,False
570,Women,Distance,2025,3,2,3,3,5,True
575,Women,Distance,2025,0,1,0,1,1,False
576,Women,Distance,2025,1,1,1,1,2,True
577,Women,Distance,2025,3,2,3,3,5,True
578,Women,Distance,2025,1,1,2,1,2,True
583,Women,Distance,2025,1,1,1,1,2,True
591,Women,Distance,2025,1,1,1,1,2,True
617,Women,Hurdles,2025,0,1,0,1,1,False
620,Women,Distance,2025,2,1,2,1,3,True
621,Women,Distance,2025,0,2,0,2,2,False
638,Women,Distance,2025,1,1,1,1,2,True
647,Women,Distance,2025,1,1,1,1,2,True
648,Women,Distance,2025,0,1,0,1,1,False
648,Women,Jumps,2025,1,1,1,1,2,True
648,Women,Sprints,2025,1,1,1,1,2,True
652,Women,Distance,2025,1,1,2,1,2,True
655,Women,Distance,2025,2,2,2,2,4,True
666,Men,Distance,2025,3,1,3,1,4,True
667,Men,Distance,2025,2,2,2,3,4,True
669,Men,Distance,2025,3,1,3,1,4,True
673,Men,Distance,2025,3,2,3,4,5,True
674,Men,Distance,2025,1,1,1,2,2,True
675,Men,Distance,2025,1,1,1,1,2,True
676,Men,Distance,2025,1,1,1,2,2,True
677,Men,Distance,2025,1,1,1,1,2,True
681,Men,Distance,2025,2,2,2,2,4,True
683,Men,Distance,2025,1,1,1,1,2,True
685,Men,Distance,2025,1,2,1,3,3,True
688,Men,Sprints,2025,0,1,0,1,1,False
689,Men,Distance,2025,0,2,0,2,2,False
689,Men,Hurdles,2025,0,1,0,1,1,False
694,Men,Distance,2025,0,1,0,1,1,False
695,Men,Distance,2025,2,2,2,4,4,True
696,Men,Distance,2025,0,2,0,2,2,False
702,Men,Distance,2025,2,1,2,1,3,True
704,Men,Distance,2025,2,2,2,4,4,True
708,Men,Distance,2025,0,1,0,1,1,False
709,Men,Distance,2025,2,1,2,1,3,True
710,Men,Distance,2025,2,2,2,3,4,True
711,Men,Distance,2025,0,2,0,3,2,False
712,Men,Distance,2025,0,1,0,1,1,False
716,Men,Distance,2025,0,1,0,1,1,False
723,Men,Distance,2025,0,1,0,1,1,False
731,Men,Distance,2025,2,1,2,1,3,True
734,Men,Distance,2025,0,1,0,2,1,False
738,Men,Distance,2025,0,1,0,1,1,False
740,Men,Distance,2025,3,2,3,3,5,True
742,Men,Distance,2025,0,2,0,2,2,False
743,Men,Distance,2025,2,2,2,3,4,True
756,Men,Distance,2025,0,1,0,1,1,False
759,Men,Distance,2025,0,1,0,1,1,False
760,Men,Distance,2025,3,2,3,3,5,True
760,Men,Sprints,2025,0,1,0,1,1,False
778,Men,Distance,2025,0,1,0,1,1,False
790,Men,Throws,2025,0,1,0,1,1,False
794,Men,Distance,2025,0,1,0,1,1,False
926,Men,Distance,2025,2,1,2,1,3,True
1020,Women,Distance,2025,2,1,3,2,3,True
1032,Women,Distance,2025,1,2,2,3,3,True
1054,Women,Hurdles,2025,0,1,0,1,1,False
1116,Women,Distance,2025,1,1,1,1,2,True
1179,Men,Distance,2025,0,1,0,1,1,False
1198,Men,Distance,2025,2,1,2,1,3,True
1201,Men,Distance,2025,1,1,2,1,2,True
1216,Men,Distance,2025,1,1,2,2,2,True
1266,Men,Distance,2025,2,1,2,1,3,True
1284,Men,Distance,2025,0,1,0,1,1,False
1288,Men,Distance,2025,1,1,1,1,2,True
1294,Men,Distance,2025,1,1,1,1,2,True
1309,Men,Distance,2025,4,2,6,2,6,True
1421,Men,Distance,2025,5,2,8,4,7,True
1458,Women,Distance,2025,1,1,1,1,2,True
1466,Women,Distance,2025,0,1,0,1,1,False
1478,Women,Jumps,2025,0,2,0,2,2,False
1478,Women,Sprints,2025,0,2,0,6,2,False
1484,Women,Distance,2025,1,1,1,1,2,True
1497,Women,Distance,2025,1,1,1,1,2,True
1530,Men,Distance,2025,0,2,0,2,2,False
1534,Men,Distance,2025,0,2,0,2,2,False
1542,Men,Sprints,2025,0,1,0,1,1,False
1552,Men,Distance,2025,1,2,1,2,3,True
1554,Men,Distance,2025,0,1,0,1,1,False
1557,Men,Distance,2025,0,1,0,1,1,False
1558,Men,Distance,2025,0,2,0,2,2,False
1562,Men,Distance,2025,0,1,0,1,1,False
1583,Men,Distance,2025,0,1,0,1,1,False
1584,Men,Distance,2025,0,1,0,1,1,False
1589,Men,Distance,2025,1,1,2,2,2,True
1592,Men,Sprints,2025,0,1,0,1,1,False
1608,Men,Distance,2025,0,1,0,1,1,False
1612,Men,Distance,2025,0,1,0,2,1,False
1612,Men,Hurdles,2025,0,1,0,1,1,False
1612,Men,Sprints,2025,0,1,0,3,1,False
1615,Men,Distance,2025,0,1,0,1,1,False
1704,Men,Distance,2025,1,1,1,1,2,True
1768,Women,Distance,2025,0,1,0,1,1,False
1856,Men,Sprints,2025,0,1,0,1,1,False
1928,Women,Hurdles,2025,0,1,0,1,1,False
1930,Women,Distance,2025,3,1,3,1,4,True
1946,Women,Distance,2025,1,1,2,2,2,True
1953,Women,Distance,2025,1,1,1,2,2,True
1957,Women,Distance,2025,3,1,3,1,4,True
1965,Women,Distance,2025,1,1,1,1,2,True
1967,Women,Distance,2025,2,1,2,1,3,True
2005,Men,Distance,2025,2,1,2,1,3,True
2007,Men,Distance,2025,3,1,3,1,4,True
2013,Men,Distance,2025,3,1,4,1,4,True
2022,Men,Distance,2025,2,1,3,1,3,True
2022,Men,Sprints,2025,0,1,0,1,1,False
2045,Men,Distance,2025,4,1,6,1,5,True
2059,Men,Distance,2025,3,1,4,1,4,True
2069,Men,Distance,2025,0,1,0,2,1,False
2070,Men,Distance,2025,0,1,0,1,1,False
2071,Men,Distance,2025,0,2,0,2,2,False
2081,Women,Distance,2025,4,1,5,1,5,True
2172,Men,Distance,2025,0,1,0,1,1,False
2176,Men,Distance,2025,1,1,1,1,2,True
2193,Men,Distance,2025,3,1,3,2,4,True
2291,Women,Distance,2025,0,1,0,1,1,False
2299,Women,Distance,2025,0,1,0,1,1,False
2303,Men,Distance,2025,0,1,0,1,1,False
2306,Men,Distance,2025,0,2,0,3,2,False
2309,Men,Distance,2025,0,2,0,3,2,False
2316,Men,Distance,2025,0,1,0,1,1,False
2350,Men,Distance,2025,1,1,1,1,2,True
2368,Men,Sprints,2025,1,1,1,1,2,True
2400,Women,Distance,2025,0,1,0,2,1,False
2406,Women,Distance,2025,0,1,0,1,1,False
2416,Women,Distance,2025,1,1,1,1,2,True
2437,Men,Distance,2025,0,1,0,2,1,False
2456,Men,Distance,2025,1,1,1,2,2,True
2463,Men,Distance,2025,1,1,2,1,2,True
2467,Men,Distance,2025,1,1,1,2,2,True
2469,Men,Distance,2025,0,1,0,2,1,False
2470,Men,Distance,2025,1,1,1,2,2,True
2473,Men,Distance,2025,1,1,1,1,2,True
2474,Men,Distance,2025,1,1,1,2,2,True
2492,Men,Distance,2025,2,2,2,4,4,True
2497,Men,Distance,2025,0,1,0,1,1,False
2500,Women,Distance,2025,0,1,0,1,1,False
2527,Women,Distance,2025,1,1,1,1,2,True
2534,Women,Distance,2025,2,2,2,3,4,True
2540,Men,Distance,2025,0,2,0,2,2,False
2559,Men,Distance,2025,0,1,0,1,1,False
2559,Men,Hurdles,2025,0,1,0,2,1,False
2559,Men,Jumps,2025,0,1,0,2,1,False
2559,Men,Sprints,2025,0,1,0,3,1,False
2559,Men,Throws,2025,0,1,0,2,1,False
2560,Men,Distance,2025,3,1,3,1,4,True
2560,Men,Throws,2025,0,1,0,2,1,False
2561,Men,Distance,2025,0,1,0,1,1,False
2563,Men,Distance,2025,0,1,0,1,1,False
2565,Men,Distance,2025,1,2,2,2,3,True
2565,Men,Sprints,2025,0,2,0,4,2,False
2583,Men,Distance,2025,0,1,0,1,1,False
2583,Men,Hurdles,2025,0,1,0,2,1,False
2583,Men,Jumps,2025,0,1,0,3,1,False
2583,Men,Sprints,2025,0,1,0,3,1,False
2583,Men,Throws,2025,0,1,0,2,1,False
2584,Men,Distance,2025,3,1,3,2,4,True
2586,Men,Distance,2025,0,1,0,1,1,False
2590,Men,Sprints,2025,0,1,0,1,1,False
2596,Men,Distance,2025,0,1,0,1,1,False
2598,Men,Distance,2025,0,1,0,1,1,False
2604,Men,Throws,2025,0,1,0,2,1,False
2608,Men,Distance,2025,1,2,1,3,3,True
2616,Men,Sprints,2025,1,1,1,1,2,True
2626,Men,Sprints,2025,0,1,0,1,1,False
2627,Men,Distance,2025,0,1,0,1,1,False
2645,Men,Distance,2025,0,1,0,1,1,False
2654,Men,Distance,2025,0,1,0,1,1,False
2665,Women,Distance,2025,0,1,0,1,1,False
2703,Women,Distance,2025,1,1,1,1,2,True
2719,Women,Jumps,2025,0,1,0,1,1,False
2719,Women,Throws,2025,0,1,0,1,1,False
2731,Men,Distance,2025,0,1,0,1,1,False
2749,Men,Distance,2025,2,1,2,1,3,True
2751,Men,Distance,2025,0,1,0,1,1,False
2855,Men,Distance,2025,2,1,3,1,3,True
2867,Men,Distance,2025,0,1,0,1,1,False
2867,Men,Hurdles,2025,0,1,0,1,1,False
2874,Men,Distance,2025,2,1,2,1,3,True
2896,Men,Distance,2025,1,1,1,1,2,True
2897,Men,Distance,2025,0,1,0,1,1,False
2897,Men,Hurdles,2025,0,1,0,1,1,False
2899,Men,Distance,2025,1,1,1,2,2,True
2900,Men,Distance,2025,1,1,1,2,2,True
2924,Women,Distance,2025,0,2,0,3,2,False
2924,Women,Hurdles,2025,0,1,0,1,1,False
2926,Women,Distance,2025,0,1,0,1,1,False
2929,Women,Distance,2025,0,1,0,1,1,False
2931,Women,Distance,2025,0,1,0,1,1,False
2934,Women,Distance,2025,0,1,0,1,1,False
2940,Women,Distance,2025,0,1,0,1,1,False
2945,Men,Distance,2025,0,3,0,3,3,False
2946,Men,Distance,2025,0,2,0,2,2,False
2949,Men,Distance,2025,0,1,0,1,1,False
2950,Men,Distance,2025,0,2,0,3,2,False
2952,Men,Distance,2025,0,1,0,2,1,False
2953,Men,Distance,2025,0,3,0,3,3,False
2959,Men,Distance,2025,0,3,0,4,3,False
2965,Men,Distance,2025,0,3,0,3,3,False
2967,Men,Distance,2025,0,2,0,3,2,False
2970,Men,Distance,2025,0,1,0,1,1,False
3000,Women,Distance,2025,0,2,0,3,2,False
3003,Women,Distance,2025,1,1,1,1,2,True
3011,Men,Distance,2025,0,2,0,4,2,False
3012,Men,Distance,2025,0,2,0,2,2,False
3021,Men,Sprints,2025,0,2,0,5,2,False
3100,Women,Distance,2025,0,1,0,1,1,False
3100,Women,Sprints,2025,0,1,0,1,1,False
3109,Women,Distance,2025,0,1,0,1,1,False
3109,Women,Sprints,2025,1,1,1,1,2,True
3133,Men,Distance,2025,0,1,0,1,1,False
3158,Men,Sprints,2025,2,1,2,2,3,True
3169,Men,Distance,2025,2,1,3,1,3,True
3193,Women,Sprints,2025,1,1,2,2,2,True
3239,Women,Distance,2025,0,1,0,1,1,False
3240,Women,Distance,2025,0,3,0,5,3,False
3250,Women,Distance,2025,0,3,0,4,3,False
3250,Women,Sprints,2025,0,2,0,2,2,False
3256,Women,Distance,2025,0,1,0,1,1,False
3265,Men,Distance,2025,0,2,0,3,2,False
3268,Men,Distance,2025,0,1,0,2,1,False
3277,Men,Distance,2025,0,1,0,1,1,False
3279,Men,Sprints,2025,0,1,0,1,1,False
3285,Men,Distance,2025,0,2,0,3,2,False
3360,Women,Distance,2025,1,1,1,1,2,True
3368,Women,Distance,2025,1,1,1,2,2,True
3369,Women,Distance,2025,1,1,1,1,2,True
3371,Women,Distance,2025,0,1,0,1,1,False
3379,Women,Distance,2025,1,2,1,2,3,True
3386,Men,Distance,2025,1,2,1,3,3,True
3393,Men,Distance,2025,1,1,1,1,2,True
3434,Men,Distance,2025,0,1,0,1,1,False
3437,Men,Distance,2025,0,2,0,2,2,False
3460,Women,Distance,2025,0,2,0,2,2,False
3477,Men,Distance,2025,1,1,1,1,2,True
3483,Men,Distance,2025,0,1,0,1,1,False
3522,Men,Sprints,2025,2,1,3,2,3,True
3525,Women,Sprints,2025,0,1,0,2,1,False
3532,Women,Sprints,2025,4,1,6,1,5,True
3540,Men,Sprints,2025,2,1,2,2,3,True
3541,Men,Sprints,2025,3,1,3,3,4,True
3549,Men,Sprints,2025,2,1,2,2,3,True
3551,Men,Sprints,2025,1,1,1,1,2,True
3559,Men,Sprints,2025,1,1,1,1,2,True
3566,Women,Hurdles,2025,0,1,0,1,1,False
3566,Women,Jumps,2025,2,1,2,1,3,True
3571,Men,Jumps,2025,1,1,2,1,2,True
3578,Men,Sprints,2025,6,1,6,1,7,True
3581,Women,Sprints,2025,2,2,2,4,4,True
3590,Men,Sprints,2025,1,1,1,2,2,True
3596,Men,Distance,2025,3,1,3,2,4,True
3608,Women,Sprints,2025,0,1,0,2,1,False
3609,Men,Distance,2025,0,1,0,1,1,False
3609,Men,Hurdles,2025,0,2,0,4,2,False
3609,Men,Jumps,2025,0,1,0,3,1,False
3609,Men,Sprints,2025,0,1,0,3,1,False
3609,Men,Throws,2025,0,1,0,2,1,False
3610,Men,Sprints,2025,0,2,0,4,2,False
3613,Men,Distance,2025,1,1,1,1,2,True
3613,Men,Hurdles,2025,0,1,0,2,1,False
3613,Men,Jumps,2025,0,1,0,1,1,False
3613,Men,Sprints,2025,0,1,0,3,1,False
3613,Men,Throws,2025,0,1,0,2,1,False
3615,Men,Distance,2025,3,1,3,1,4,True
3649,Women,Sprints,2025,4,1,8,1,5,True
3650,Women,Distance,2025,0,1,0,1,1,False
3650,Women,Sprints,2025,6,1,11,2,7,True
3652,Women,Hurdles,2025,0,1,0,2,1,False
3653,Women,Sprints,2025,0,1,0,1,1,False
3654,Women,Distance,2025,3,1,3,1,4,True
3654,Women,Sprints,2025,0,1,0,1,1,False
3655,Women,Jumps,2025,4,1,4,1,5,True
3655,Women,Sprints,2025,1,1,1,1,2,True
3657,Women,Jumps,2025,5,1,8,2,6,True
3657,Women,Sprints,2025,0,1,0,1,1,False
3658,Women,Sprints,2025,1,1,1,1,2,True
3664,Women,Jumps,2025,1,1,2,2,2,True
3667,Women,Throws,2025,1,1,1,1,2,True
3668,Women,Throws,2025,2,2,2,3,4,True
3678,Men,Jumps,2025,0,1,0,1,1,False
3678,Men,Sprints,2025,0,1,0,1,1,False
3680,Men,Sprints,2025,1,1,1,2,2,True
3682,Men,Sprints,2025,1,1,1,2,2,True
3686,Men,Distance,2025,4,1,4,1,5,True
3687,Men,Distance,2025,5,2,6,2,7,True
3689,Men,Sprints,2025,0,2,0,2,2,False
3690,Men,Sprints,2025,1,1,1,1,2,True
3691,Men,Sprints,2025,3,2,4,4,5,True
3692,Men,Throws,2025,5,1,5,1,6,True
3694,Men,Jumps,2025,5,2,11,3,7,True
3695,Men,Sprints,2025,0,1,0,1,1,False
3696,Men,Sprints,2025,3,1,5,2,4,True
3697,Men,Throws,2025,5,2,5,3,7,True
3698,Men,Sprints,2025,2,2,2,3,4,True
3699,Men,Distance,2025,2,2,2,2,4,True
3701,Men,Sprints,2025,4,2,4,3,6,True
3704,Men,Throws,2025,1,1,1,1,2,True
3706,Men,Throws,2025,3,2,3,4,5,True
3708,Men,Sprints,2025,5,2,5,2,7,True
3709,Men,Hurdles,2025,0,1,0,1,1,False
3709,Men,Sprints,2025,4,2,6,3,6,True
3710,Men,Jumps,2025,4,2,8,3,6,True
3710,Men,Sprints,2025,0,1,0,1,1,False
3713,Men,Distance,2025,4,1,8,1,5,True
3716,Women,Sprints,2025,1,1,2,2,2,True
3718,Women,Jumps,2025,4,1,9,2,5,True
3719,Men,Sprints,2025,5,2,5,3,7,True
3720,Men,Sprints,2025,2,1,2,2,3,True
3724,Men,Sprints,2025,0,1,0,1,1,False
3725,Men,Distance,2025,1,1,1,1,2,True
3725,Men,Throws,2025,1,1,1,1,2,True
3728,Men,Sprints,2025,3,2,4,4,5,True
3729,Men,Distance,2025,0,1,0,1,1,False
3729,Men,Sprints,2025,1,1,1,1,2,True
3733,Men,Hurdles,2025,0,1,0,1,1,False
3735,Men,Hurdles,2025,0,1,0,1,1,False
3735,Men,Throws,2025,1,1,1,2,2,True
3741,Men,Distance,2025,0,1,0,1,1,False
3790,Men,Distance,2025,2,1,2,1,3,True
3794,Women,Throws,2025,3,1,3,2,4,True
3796,Women,Hurdles,2025,0,1,0,1,1,False
3796,Women,Sprints,2025,4,1,7,2,5,True
3801,Men,Hurdles,2025,0,1,0,1,1,False
3804,Men,Distance,2025,3,1,3,2,4,True
3816,Women,Sprints,2025,1,1,1,2,2,True
3817,Women,Sprints,2025,3,1,5,2,4,True
3825,Women,Hurdles,2025,0,1,0,1,1,False
3825,Women,Jumps,2025,2,1,2,1,3,True
3825,Women,Sprints,2025,0,1,0,1,1,False
3832,Men,Distance,2025,3,1,3,1,4,True
3838,Men,Sprints,2025,3,1,6,2,4,True
3843,Men,Sprints,2025,1,1,1,2,2,True
3845,Men,Hurdles,2025,0,1,0,1,1,False
3845,Men,Jumps,2025,2,1,2,1,3,True
3846,Men,Sprints,2025,4,1,5,1,5,True
3848,Women,Sprints,2025,3,1,4,1,4,True
3851,Men,Sprints,2025,2,1,2,1,3,True
3854,Men,Sprints,2025,1,1,1,2,2,True
3934,Women,Sprints,2025,2,1,2,2,3,True
3939,Women,Jumps,2025,3,1,5,1,4,True
3975,Women,Hurdles,2025,0,1,0,2,1,False
4056,Men,Distance,2025,0,1,0,1,1,False
4056,Men,Sprints,2025,0,1,0,2,1,False
4064,Men,Sprints,2025,0,1,0,1,1,False
4065,Men,Distance,2025,0,1,0,1,1,False
4065,Men,Sprints,2025,0,1,0,1,1,False
4073,Men,Sprints,2025,3,1,3,2,4,True
4105,Women,Sprints,2025,2,1,3,1,3,True
4111,Men,Sprints,2025,1,1,1,2,2,True
4143,Men,Jumps,2025,3,1,3,1,4,True
4144,Men,Distance,2025,5,1,5,1,6,True
4147,Men,Sprints,2025,1,1,1,1,2,True
4148,Men,Sprints,2025,1,1,1,1,2,True
4148,Men,Throws,2025,3,1,3,1,4,True
4149,Men,Sprints,2025,2,2,2,3,4,True
4150,Men,Sprints,2025,0,1,0,1,1,False
4151,Women,Hurdles,2025,0,2,0,3,2,False
4151,Women,Jumps,2025,0,1,0,1,1,False
4151,Women,Throws,2025,0,1,0,2,1,False
4234,Women,Distance,2025,1,1,2,2,2,True
4246,Women,Distance,2025,0,1,0,1,1,False
4246,Women,Jumps,2025,1,1,1,1,2,True
4257,Women,Sprints,2025,2,2,3,4,4,True
4259,Women,Jumps,2025,0,1,0,3,1,False
4260,Women,Jumps,2025,2,1,2,2,3,True
4260,Women,Sprints,2025,0,1,0,1,1,False
4266,Women,Sprints,2025,2,1,2,1,3,True
4267,Women,Sprints,2025,0,1,0,1,1,False
4270,Women,Sprints,2025,1,1,1,2,2,True
4285,Women,Distance,2025,1,1,1,1,2,True
4285,Women,Sprints,2025,1,1,1,1,2,True
4303,Men,Distance,2025,0,1,0,2,1,False
4303,Men,Sprints,2025,0,1,0,1,1,False
4304,Men,Hurdles,2025,0,2,0,2,2,False
4304,Men,Sprints,2025,1,1,1,1,2,True
4332,Men,Distance,2025,0,1,0,1,1,False
4337,Men,Sprints,2025,0,1,0,1,1,False
4344,Men,Sprints,2025,1,1,1,1,2,True
4346,Men,Sprints,2025,0,1,0,1,1,False
4347,Men,Sprints,2025,1,1,1,1,2,True
4348,Men,Sprints,2025,0,1,0,1,1,False
4349,Men,Throws,2025,1,1,1,1,2,True
4364,Men,Jumps,2025,0,1,0,1,1,False
4364,Men,Sprints,2025,0,1,0,1,1,False
4379,Men,Jumps,2025,1,1,2,2,2,True
4380,Men,Sprints,2025,3,2,5,4,5,True
4386,Men,Sprints,2025,5,2,6,3,7,True
4387,Men,Sprints,2025,1,2,1,4,3,True
4392,Men,Hurdles,2025,0,1,0,1,1,False
4393,Men,Sprints,2025,2,1,2,2,3,True
4397,Men,Distance,2025,1,1,1,1,2,True
4432,Men,Distance,2025,0,1,0,1,1,False
4433,Men,Distance,2025,1,1,1,1,2,True
4440,Men,Hurdles,2025,0,1,0,3,1,False
4440,Men,Sprints,2025,1,2,1,3,3,True
4457,Men,Hurdles,2025,0,1,0,2,1,False
4457,Men,Sprints,2025,0,1,0,1,1,False
4461,Men,Hurdles,2025,0,1,0,2,1,False
4461,Men,Sprints,2025,2,1,2,1,3,True
4469,Women,Sprints,2025,0,1,0,2,1,False
4471,Women,Sprints,2025,0,1,0,2,1,False
4473,Men,Sprints,2025,0,1,0,2,1,False
4475,Men,Sprints,2025,1,1,1,2,2,True
4477,Men,Sprints,2025,1,1,1,1,2,True
4485,Men,Sprints,2025,4,1,5,1,5,True
4487,Men,Sprints,2025,0,1,0,1,1,False
4529,Women,Hurdles,2025,0,1,0,1,1,False
4549,Women,Distance,2025,0,1,0,2,1,False
4549,Women,Sprints,2025,0,1,0,3,1,False
4550,Women,Distance,2025,0,1,0,2,1,False
4550,Women,Sprints,2025,0,1,0,3,1,False
4552,Women,Distance,2025,0,1,0,1,1,False
4552,Women,Hurdles,2025,0,1,0,2,1,False
4552,Women,Jumps,2025,0,1,0,3,1,False
4552,Women,Sprints,2025,0,1,0,3,1,False
4552,Women,Throws,2025,0,1,0,2,1,False
4555,Women,Distance,2025,0,1,0,1,1,False
4573,Men,Distance,2025,0,3,0,3,3,False
4581,Men,Distance,2025,0,2,0,2,2,False
4581,Men,Sprints,2025,0,1,0,1,1,False
4585,Men,Distance,2025,0,1,0,1,1,False
4589,Men,Sprints,2025,0,1,0,2,1,False
4603,Men,Distance,2025,2,1,2,1,3,True
4631,Women,Distance,2025,0,2,0,3,2,False
4634,Men,Distance,2025,0,2,0,2,2,False
4637,Men,Distance,2025,0,2,0,2,2,False
4655,Women,Distance,2025,2,1,2,1,3,True
4665,Women,Distance,2025,2,1,4,2,3,True
4726,Men,Distance,2025,1,1,2,2,2,True
4726,Men,Hurdles,2025,0,1,0,1,1,False
4727,Men,Sprints,2025,1,1,1,2,2,True
4728,Men,Distance,2025,2,1,2,1,3,True
4763,Women,Distance,2025,0,1,0,1,1,False
4763,Women,Sprints,2025,0,1,0,1,1,False
4802,Women,Throws,2025,3,1,3,2,4,True
4901,Men,Distance,2025,1,1,1,1,2,True
4902,Men,Distance,2025,1,1,1,1,2,True
4910,Men,Distance,2025,5,1,6,1,6,True
4981,Women,Sprints,2025,4,1,6,1,5,True
5022,Men,Sprints,2025,0,1,0,2,1,False
5137,Men,Distance,2025,0,2,0,3,2,False
5139,Men,Distance,2025,0,2,0,2,2,False
5139,Men,Sprints,2025,0,1,0,1,1,False
5140,Men,Distance,2025,0,1,0,1,1,False
5140,Men,Sprints,2025,0,2,0,2,2,False
5143,Women,Distance,2025,0,1,0,1,1,False
5144,Women,Distance,2025,0,1,0,2,1,False
5147,Men,Distance,2025,0,1,0,1,1,False
5155,Men,Distance,2025,0,1,0,1,1,False
5165,Men,Sprints,2025,0,1,0,1,1,False
5171,Men,Distance,2025,0,1,0,1,1,False
5173,Men,Distance,2025,0,3,0,3,3,False
5178,Women,Sprints,2025,0,1,0,1,1,False
5179,Women,Sprints,2025,0,1,0,1,1,False
5180,Women,Distance,2025,0,1,0,1,1,False
5180,Women,Jumps,2025,0,1,0,1,1,False
5188,Women,Sprints,2025,0,1,0,2,1,False
5196,Women,Jumps,2025,1,2,1,3,3,True
5197,Women,Throws,2025,0,2,0,4,2,False
5198,Women,Hurdles,2025,0,2,0,2,2,False
5198,Women,Sprints,2025,0,2,0,2,2,False
5200,Women,Jumps,2025,1,2,1,3,3,True
5200,Women,Sprints,2025,0,1,0,1,1,False
5203,Women,Distance,2025,0,2,0,2,2,False
5207,Women,Jumps,2025,0,2,0,4,2,False
5208,Women,Jumps,2025,0,1,0,1,1,False
5208,Women,Sprints,2025,0,2,0,2,2,False
5209,Women,Throws,2025,0,1,0,1,1,False
5211,Women,Throws,2025,0,2,0,3,2,False
5215,Men,Sprints,2025,0,1,0,1,1,False
5218,Men,Sprints,2025,0,2,0,4,2,False
5219,Men,Throws,2025,0,1,0,2,1,False
5220,Men,Distance,2025,1,1,1,1,2,True
5220,Men,Hurdles,2025,0,1,0,1,1,False
5221,Men,Sprints,2025,0,1,0,2,1,False
5228,Men,Throws,2025,3,2,3,3,5,True
5229,Men,Throws,2025,2,2,2,4,4,True
5230,Men,Distance,2025,0,1,0,2,1,False
5231,Men,Jumps,2025,1,2,1,2,3,True
5233,Men,Hurdles,2025,0,2,0,5,2,False
5234,Men,Sprints,2025,0,2,0,5,2,False
5239,Men,Hurdles,2025,0,2,0,4,2,False
5240,Men,Sprints,2025,0,1,0,1,1,False
5242,Men,Throws,2025,2,2,2,4,4,True
5246,Men,Sprints,2025,1,2,1,5,3,True
5247,Men,Throws,2025,0,2,0,4,2,False
5248,Men,Distance,2025,0,1,0,1,1,False
5249,Men,Throws,2025,2,2,2,4,4,True
5250,Men,Jumps,2025,2,2,4,4,4,True
5250,Men,Sprints,2025,1,1,1,2,2,True
5252,Men,Hurdles,2025,0,2,0,4,2,False
5257,Men,Sprints,2025,0,1,0,1,1,False
5259,Men,Sprints,2025,0,1,0,2,1,False
5271,Men,Distance,2025,1,1,1,1,2,True
5275,Men,Throws,2025,4,2,4,4,6,True
5289,Men,Distance,2025,0,2,0,2,2,False
5297,Men,Distance,2025,0,2,0,2,2,False
5298,Women,Distance,2025,0,1,0,1,1,False
5301,Women,Sprints,2025,1,1,1,2,2,True
5302,Women,Throws,2025,0,1,0,1,1,False
5309,Men,Jumps,2025,0,1,0,1,1,False
5309,Men,Sprints,2025,0,1,0,1,1,False
5314,Men,Distance,2025,0,1,0,1,1,False
5346,Women,Throws,2025,2,1,2,2,3,True
5347,Women,Distance,2025,0,1,0,1,1,False
5352,Women,Sprints,2025,0,1,0,1,1,False
5355,Women,Sprints,2025,0,1,0,1,1,False
5358,Men,Distance,2025,0,1,0,2,1,False
5358,Men,Sprints,2025,0,1,0,3,1,False
5491,Women,Sprints,2025,0,1,0,2,1,False
5500,Men,Distance,2025,1,1,1,1,2,True
5510,Women,Jumps,2025,0,1,0,1,1,False
5510,Women,Sprints,2025,0,1,0,1,1,False
5550,Men,Sprints,2025,1,1,1,1,2,True
5568,Men,Distance,2025,0,1,0,1,1,False
5571,Men,Distance,2025,0,2,0,2,2,False
5626,Women,Distance,2025,3,1,4,1,4,True
5626,Women,Sprints,2025,0,1,0,1,1,False
5646,Men,Sprints,2025,2,1,2,2,3,True
5679,Women,Sprints,2025,0,1,0,1,1,False
5697,Men,Sprints,2025,0,2,0,2,2,False
5698,Men,Sprints,2025,0,2,0,2,2,False
5711,Men,Sprints,2025,0,1,0,1,1,False
5736,Men,Distance,2025,0,1,0,1,1,False
5752,Women,Hurdles,2025,0,2,0,4,2,False
5761,Men,Sprints,2025,0,1,0,2,1,False
5787,Men,Distance,2025,0,1,0,1,1,False
5788,Men,Distance,2025,0,2,0,2,2,False
5791,Men,Sprints,2025,0,1,0,1,1,False
5825,Men,Distance,2025,0,1,0,2,1,False
5828,Men,Distance,2025,0,1,0,1,1,False
5874,Men,Sprints,2025,0,1,0,2,1,False
6062,Women,Jumps,2025,0,1,0,1,1,False
6344,Men,Distance,2025,0,3,0,5,3,False
6370,Men,Distance,2025,0,1,0,1,1,False
6824,Men,Distance,2025,0,1,0,1,1,False
7639,Men,Sprints,2025,1,1,1,1,2,True
7694,Men,Distance,2025,0,1,0,1,1,False
7696,Men,Distance,2025,0,1,0,1,1,False
7696,Men,Sprints,2025,0,1,0,1,1,False
7697,Men,Distance,2025,1,1,1,1,2,True
7711,Women,Distance,2025,1,1,1,1,2,True
7717,Men,Distance,2025,0,1,0,1,1,False
7719,Men,Distance,2025,0,2,0,2,2,False
7720,Men,Distance,2025,0,1,0,1,1,False
7722,Men,Distance,2025,0,1,0,1,1,False
7724,Men,Distance,2025,0,1,0,1,1,False
7725,Men,Distance,2025,0,1,0,1,1,False
7738,Men,Distance,2025,0,1,0,1,1,False
7738,Men,Jumps,2025,0,1,0,1,1,False
7741,Men,Distance,2025,0,1,0,1,1,False
7741,Men,Sprints,2025,0,1,0,1,1,False
7743,Men,Sprints,2025,0,1,0,1,1,False
7753,Women,Distance,2025,0,1,0,1,1,False
7945,Women,Throws,2025,0,1,0,1,1,False
7950,Men,Distance,2025,1,1,1,2,2,True
7953,Men,Distance,2025,0,1,0,1,1,False
7954,Men,Distance,2025,1,2,1,2,3,True
7954,Men,Hurdles,2025,0,1,0,1,1,False
7962,Men,Distance,2025,1,1,1,1,2,True
7964,Men,Sprints,2025,1,1,1,2,2,True
7965,Men,Distance,2025,1,1,1,2,2,True
7971,Women,Distance,2025,0,1,0,1,1,False
7978,Men,Distance,2025,1,1,1,1,2,True
7979,Men,Distance,2025,1,1,1,1,2,True
7980,Men,Distance,2025,1,1,1,1,2,True
7982,Men,Distance,2025,4,1,6,1,5,True
7992,Women,Distance,2025,2,1,2,2,3,True
7994,Women,Distance,2025,2,1,2,1,3,True
7995,Men,Distance,2025,0,1,0,1,1,False
7997,Men,Distance,2025,0,1,0,1,1,False
7999,Women,Distance,2025,1,1,1,1,2,True
8004,Men,Distance,2025,0,1,0,2,1,False
8022,Men,Sprints,2025,1,2,2,3,3,True
8038,Men,Distance,2025,2,1,3,1,3,True
8041,Men,Distance,2025,3,1,3,1,4,True
8056,Men,Distance,2025,5,1,8,2,6,True
8059,Men,Distance,2025,6,1,7,3,7,True
8065,Men,Distance,2025,5,1,7,2,6,True
8075,Men,Distance,2025,3,1,4,1,4,True
8075,Men,Hurdles,2025,0,1,0,1,1,False
8095,Men,Distance,2025,6,1,7,1,7,True
8108,Men,Distance,2025,0,1,0,2,1,False
8123,Women,Distance,2025,1,1,2,1,2,True
11307,Men,Distance,2025,2,1,2,1,3,True
11308,Men,Distance,2025,2,1,2,2,3,True
11344,Women,Distance,2025,1,1,2,1,2,True
11357,Men,Distance,2025,2,1,2,1,3,True
11357,Men,Sprints,2025,1,1,1,1,2,True
11364,Women,Distance,2025,2,1,3,2,3,True
11365,Women,Distance,2025,0,1,0,2,1,False
11400,Men,Distance,2025,3,2,3,2,5,True
11432,Women,Distance,2025,0,1,0,1,1,False
11466,Women,Distance,2025,0,1,0,1,1,False
11470,Women,Distance,2025,0,2,0,2,2,False
11474,Women,Hurdles,2025,0,1,0,1,1,False
11474,Women,Sprints,2025,0,1,0,1,1,False
11492,Men,Distance,2025,0,1,0,1,1,False
11492,Men,Sprints,2025,0,1,0,1,1,False
11494,Men,Sprints,2025,0,1,0,1,1,False
11501,Men,Sprints,2025,0,1,0,1,1,False
11503,Men,Distance,2025,0,1,0,1,1,False
11508,Men,Distance,2025,0,1,0,1,1,False
11516,Men,Distance,2025,0,1,0,1,1,False
11516,Men,Sprints,2025,0,1,0,1,1,False
11517,Men,Jumps,2025,0,1,0,1,1,False
16118,Men,Distance,2025,0,1,0,1,1,False
16119,Men,Distance,2025,0,1,0,2,1,False
16124,Men,Distance,2025,1,1,1,1,2,True
16133,Men,Sprints,2025,0,1,0,1,1,False
16141,Men,Distance,2025,1,1,2,1,2,True
16146,Men,Distance,2025,0,1,0,1,1,False
16147,Men,Distance,2025,0,1,0,1,1,False
16153,Women,Distance,2025,0,1,0,1,1,False
16156,Women,Distance,2025,1,1,1,1,2,True
16157,Women,Distance,2025,0,1,0,1,1,False
16160,Women,Distance,2025,2,1,2,2,3,True
18042,Men,Distance,2025,0,1,0,3,1,False
18273,Men,Distance,2025,0,2,0,4,2,False
18712,Men,Sprints,2025,0,1,0,1,1,False
18726,Women,Distance,2025,2,1,2,2,3,True
18727,Women,Distance,2025,3,1,3,1,4,True
18741,Women,Distance,2025,0,1,0,1,1,False
18741,Women,Sprints,2025,1,1,1,2,2,True
18742,Men,Distance,2025,0,1,0,1,1,False
18745,Men,Distance,2025,0,1,0,1,1,False
18769,Men,Distance,2025,0,1,0,1,1,False
18775,Men,Sprints,2025,0,1,0,2,1,False
18777,Women,Distance,2025,1,2,1,2,3,True
18780,Men,Distance,2025,0,2,0,3,2,False
18781,Men,Distance,2025,0,2,0,2,2,False
18783,Men,Distance,2025,1,1,1,1,2,True
18856,Women,Sprints,2025,1,1,1,2,2,True
18878,Men,Distance,2025,4,1,5,1,5,True
18879,Men,Distance,2025,3,1,3,1,4,True
18897,Men,Distance,2025,1,1,1,1,2,True
18901,Men,Distance,2025,3,1,3,1,4,True
18919,Men,Distance,2025,0,2,0,3,2,False
18922,Women,Distance,2025,2,2,3,3,4,True
18922,Women,Hurdles,2025,0,1,0,1,1,False
18925,Women,Distance,2025,0,1,0,1,1,False
18930,Women,Distance,2025,0,1,0,1,1,False
18931,Women,Distance,2025,0,1,0,2,1,False
18935,Women,Distance,2025,1,1,1,1,2,True
18935,Women,Hurdles,2025,0,1,0,1,1,False
18939,Women,Distance,2025,0,1,0,2,1,False
18961,Men,Distance,2025,0,2,0,2,2,False
18964,Men,Distance,2025,1,1,1,1,2,True
18966,Men,Distance,2025,0,1,0,1,1,False
18969,Men,Distance,2025,0,1,0,1,1,False
18971,Men,Distance,2025,3,1,3,2,4,True
18971,Men,Hurdles,2025,0,1,0,1,1,False
18975,Men,Distance,2025,0,1,0,1,1,False
18975,Men,Hurdles,2025,0,1,0,2,1,False
18975,Men,Jumps,2025,0,1,0,2,1,False
18975,Men,Sprints,2025,0,1,0,3,1,False
18975,Men,Throws,2025,0,1,0,2,1,False
18977,Men,Distance,2025,2,2,2,4,4,True
18977,Men,Sprints,2025,0,2,0,3,2,False
18979,Men,Distance,2025,1,1,2,2,2,True
18982,Men,Distance,2025,0,3,0,3,3,False
18986,Men,Distance,2025,0,1,0,1,1,False
18989,Men,Distance,2025,0,1,0,1,1,False
19002,Men,Distance,2025,0,2,0,2,2,False
19006,Men,Distance,2025,0,2,0,4,2,False
19007,Men,Distance,2025,2,1,3,3,3,True
19007,Men,Hurdles,2025,0,1,0,2,1,False
19007,Men,Sprints,2025,1,1,1,3,2,True
19009,Men,Sprints,2025,0,1,0,1,1,False
19013,Men,Distance,2025,2,2,2,4,4,True
19019,Women,Distance,2025,0,1,0,1,1,False
19065,Men,Sprints,2025,0,1,0,1,1,False
19104,Men,Sprints,2025,0,1,0,1,1,False
19364,Men,Distance,2025,1,1,1,1,2,True
19366,Women,Distance,2025,0,2,0,3,2,False
19367,Women,Distance,2025,2,2,2,2,4,True
19367,Women,Hurdles,2025,0,1,0,1,1,False
19368,Women,Sprints,2025,2,1,2,1,3,True
19375,Men,Distance,2025,0,1,0,2,1,False
19376,Men,Distance,2025,2,2,2,3,4,True
19377,Men,Distance,2025,0,2,0,2,2,False
19381,Men,Distance,2025,1,2,1,3,3,True
19384,Men,Distance,2025,2,2,2,3,4,True
19385,Men,Distance,2025,1,2,1,2,3,True
19386,Men,Distance,2025,2,1,2,1,3,True
19387,Men,Distance,2025,2,1,2,2,3,True
19396,Men,Distance,2025,3,1,3,1,4,True
19397,Men,Distance,2025,0,1,0,1,1,False
19398,Men,Hurdles,2025,0,1,0,1,1,False
19398,Men,Sprints,2025,2,1,3,2,3,True
19403,Men,Distance,2025,1,1,1,1,2,True
19417,Men,Distance,2025,2,1,3,2,3,True
19446,Women,Distance,2025,3,1,5,2,4,True
19477,Women,Distance,2025,0,1,0,1,1,False
19486,Men,Distance,2025,0,1,0,1,1,False
19490,Women,Distance,2025,0,1,0,2,1,False
19575,Men,Distance,2025,0,2,0,2,2,False
19581,Men,Distance,2025,1,1,1,1,2,True
19595,Women,Distance,2025,4,1,4,2,5,True
19621,Men,Distance,2025,0,1,0,1,1,False
19627,Men,Sprints,2025,1,1,1,1,2,True
19641,Men,Distance,2025,3,1,5,1,4,True
20401,Women,Distance,2025,0,2,0,2,2,False
20409,Women,Distance,2025,0,1,0,2,1,False
20421,Women,Jumps,2025,0,1,0,2,1,False
20435,Men,Distance,2025,0,1,0,1,1,False
20441,Men,Distance,2025,2,1,2,1,3,True
20448,Men,Distance,2025,0,1,0,1,1,False
20452,Men,Distance,2025,0,1,0,1,1,False
20489,Men,Distance,2025,0,2,0,2,2,False
20490,Men,Distance,2025,0,1,0,1,1,False
20492,Men,Distance,2025,0,2,0,2,2,False
20492,Men,Sprints,2025,0,1,0,1,1,False
20493,Men,Distance,2025,0,1,0,1,1,False
20495,Women,Distance,2025,0,2,0,2,2,False
20497,Men,Distance,2025,0,1,0,1,1,False
21482,Men,Distance,2025,1,1,1,1,2,True
22351,Women,Distance,2025,0,1,0,1,1,False
22356,Women,Distance,2025,3,1,4,2,4,True
22369,Women,Hurdles,2025,0,1,0,1,1,False
22385,Men,Distance,2025,3,1,6,2,4,True
22401,Men,Distance,2025,0,1,0,1,1,False
22515,Men,Distance,2025,0,1,0,1,1,False
22517,Men,Distance,2025,0,2,0,2,2,False
22518,Men,Distance,2025,0,1,0,1,1,False
22519,Men,Distance,2025,0,1,0,1,1,False
22523,Men,Distance,2025,0,1,0,1,1,False
22524,Men,Distance,2025,0,2,0,3,2,False
22527,Men,Distance,2025,0,2,0,2,2,False
22528,Men,Distance,2025,0,1,0,1,1,False
22529,Men,Distance,2025,0,2,0,2,2,False
22530,Men,Distance,2025,0,2,0,2,2,False
22531,Men,Distance,2025,0,1,0,1,1,False
22551,Women,Distance,2025,0,1,0,1,1,False
22552,Women,Distance,2025,0,1,0,2,1,False
22554,Women,Distance,2025,0,1,0,2,1,False
22557,Women,Distance,2025,0,1,0,1,1,False
22558,Women,Distance,2025,0,1,0,2,1,False
22587,Women,Distance,2025,0,1,0,1,1,False
23392,Women,Distance,2025,0,1,0,1,1,False
23394,Women,Distance,2025,0,1,0,1,1,False
23414,Men,Distance,2025,0,1,0,1,1,False
23416,Men,Distance,2025,0,1,0,1,1,False
23420,Men,Distance,2025,0,1,0,2,1,False
23441,Men,Distance,2025,0,1,0,1,1,False
23446,Men,Distance,2025,0,2,0,3,2,False
23447,Men,Distance,2025,0,1,0,1,1,False
23458,Men,Distance,2025,0,1,0,1,1,False
23460,Men,Sprints,2025,0,1,0,1,1,False
23479,Men,Distance,2025,1,1,1,1,2,True
23496,Men,Distance,2025,0,2,0,4,2,False
23526,Women,Distance,2025,0,1,0,1,1,False
23527,Women,Distance,2025,0,1,0,1,1,False
23571,Men,Distance,2025,0,1,0,1,1,False
23919,Men,Sprints,2025,1,1,2,2,2,True
23922,Women,Distance,2025,0,1,0,1,1,False
23926,Men,Distance,2025,0,1,0,1,1,False
23927,Men,Distance,2025,0,2,0,2,2,False
23941,Men,Distance,2025,0,1,0,1,1,False
24391,Men,Sprints,2025,2,1,2,2,3,True
24393,Men,Sprints,2025,2,1,2,2,3,True
24397,Men,Sprints,2025,3,1,3,1,4,True
24397,Men,Throws,2025,5,1,5,2,6,True
24398,Men,Sprints,2025,5,1,5,1,6,True
24405,Men,Throws,2025,5,1,5,2,6,True
24406,Men,Throws,2025,6,1,6,2,7,True
24409,Men,Sprints,2025,3,1,5,1,4,True
24410,Women,Sprints,2025,0,1,0,1,1,False
24410,Women,Throws,2025,3,1,3,1,4,True
24411,Women,Jumps,2025,3,1,4,1,4,True
24411,Women,Sprints,2025,2,1,2,2,3,True
24411,Women,Throws,2025,2,1,2,1,3,True
24415,Men,Hurdles,2025,0,1,0,2,1,False
24419,Women,Jumps,2025,1,1,1,1,2,True
24419,Women,Sprints,2025,3,1,4,2,4,True
24423,Men,Hurdles,2025,0,1,0,1,1,False
24423,Men,Jumps,2025,2,1,2,1,3,True
24434,Men,Sprints,2025,1,1,1,2,2,True
24437,Men,Sprints,2025,2,1,2,2,3,True
24442,Men,Sprints,2025,3,1,3,3,4,True
24444,Men,Sprints,2025,3,1,3,2,4,True
24448,Men,Sprints,2025,3,1,3,1,4,True
24460,Men,Sprints,2025,3,2,4,3,5,True
24461,Men,Hurdles,2025,0,1,0,2,1,False
24463,Men,Distance,2025,1,1,1,1,2,True
24463,Men,Sprints,2025,0,1,0,1,1,False
24464,Men,Distance,2025,2,1,2,1,3,True
24465,Women,Sprints,2025,2,1,3,1,3,True
24466,Women,Sprints,2025,2,1,3,1,3,True
24468,Men,Hurdles,2025,0,1,0,2,1,False
24470,Men,Sprints,2025,3,2,5,3,5,True
24472,Women,Jumps,2025,1,1,1,1,2,True
24474,Men,Jumps,2025,0,1,0,1,1,False
24532,Women,Sprints,2025,1,1,1,1,2,True
24534,Women,Sprints,2025,1,1,1,1,2,True
24541,Men,Sprints,2025,1,2,1,4,3,True
24544,Men,Jumps,2025,1,2,1,2,3,True
24545,Men,Sprints,2025,0,2,0,2,2,False
24548,Men,Sprints,2025,1,2,1,2,3,True
24567,Women,Jumps,2025,5,2,9,4,7,True
24568,Men,Distance,2025,5,2,6,4,7,True
24571,Men,Jumps,2025,5,2,15,5,7,True
24572,Women,Sprints,2025,0,1,0,1,1,False
24573,Women,Sprints,2025,2,2,2,3,4,True
24574,Men,Hurdles,2025,0,1,0,1,1,False
24574,Men,Sprints,2025,1,2,1,3,3,True
24575,Men,Hurdles,2025,0,2,0,2,2,False
24577,Men,Jumps,2025,4,2,4,2,6,True
24578,Men,Jumps,2025,5,2,10,4,7,True
24579,Women,Distance,2025,4,2,4,2,6,True
24580,Men,Sprints,2025,5,2,5,4,7,True
24581,Men,Sprints,2025,2,1,2,2,3,True
24582,Men,Distance,2025,3,1,3,1,4,True
24583,Men,Distance,2025,5,1,5,1,6,True
24584,Men,Throws,2025,5,1,5,1,6,True
24585,Men,Throws,2025,4,2,4,3,6,True
24586,Men,Throws,2025,4,1,4,2,5,True
24589,Women,Throws,2025,4,2,4,3,6,True
24591,Women,Throws,2025,5,2,5,3,7,True
24592,Women,Throws,2025,4,2,4,4,6,True
24593,Women,Throws,2025,3,2,3,2,5,True
24594,Men,Distance,2025,1,1,2,2,2,True
24595,Men,Distance,2025,4,2,4,3,6,True
24596,Men,Distance,2025,1,1,1,1,2,True
24600,Women,Sprints,2025,2,2,2,3,4,True
24602,Women,Sprints,2025,4,2,5,2,6,True
24603,Women,Hurdles,2025,0,2,0,2,2,False
24604,Women,Distance,2025,2,1,4,1,3,True
24605,Women,Hurdles,2025,0,1,0,1,1,False
24605,Women,Jumps,2025,4,2,8,3,6,True
24607,Men,Sprints,2025,2,1,2,2,3,True
24608,Men,Sprints,2025,2,2,4,3,4,True
24609,Men,Sprints,2025,1,1,1,1,2,True
24614,Men,Hurdles,2025,0,1,0,1,1,False
24614,Men,Jumps,2025,2,1,4,2,3,True
24617,Men,Throws,2025,3,1,3,1,4,True
24624,Women,Sprints,2025,0,1,0,1,1,False
24635,Men,Sprints,2025,3,1,5,1,4,True
24636,Men,Sprints,2025,1,1,2,1,2,True
24637,Men,Distance,2025,5,1,5,1,6,True
24640,Men,Distance,2025,5,1,5,1,6,True
24642,Men,Distance,2025,4,1,4,2,5,True
24643,Men,Distance,2025,3,1,3,1,4,True
24648,Men,Hurdles,2025,0,1,0,1,1,False
24654,Men,Distance,2025,2,1,2,1,3,True
24660,Women,Distance,2025,3,1,3,1,4,True
24669,Men,Sprints,2025,3,2,3,2,5,True
24672,Men,Jumps,2025,2,1,2,3,3,True
24673,Men,Sprints,2025,2,1,3,1,3,True
24675,Men,Sprints,2025,1,1,1,2,2,True
24676,Men,Sprints,2025,2,1,3,2,3,True
24677,Men,Distance,2025,1,1,1,1,2,True
24678,Men,Distance,2025,2,1,2,1,3,True
24679,Women,Hurdles,2025,0,1,0,1,1,False
24679,Women,Sprints,2025,2,1,2,1,3,True
24680,Women,Sprints,2025,2,1,2,2,3,True
24682,Women,Sprints,2025,2,1,2,2,3,True
24683,Women,Distance,2025,4,1,4,1,5,True
24684,Women,Throws,2025,5,1,5,2,6,True
24686,Men,Distance,2025,1,1,1,1,2,True
24727,Women,Sprints,2025,1,1,1,1,2,True
24728,Women,Jumps,2025,0,1,0,1,1,False
24728,Women,Sprints,2025,1,1,2,2,2,True
24733,Men,Sprints,2025,2,1,2,1,3,True
24736,Men,Distance,2025,1,1,1,1,2,True
24739,Women,Jumps,2025,1,1,1,1,2,True
24739,Women,Sprints,2025,2,1,2,2,3,True
24754,Women,Sprints,2025,0,2,0,4,2,False
24755,Women,Sprints,2025,1,1,2,2,2,True
24800,Men,Throws,2025,2,1,2,2,3,True
24802,Men,Throws,2025,1,1,1,1,2,True
24808,Men,Distance,2025,2,1,3,1,3,True
24809,Men,Distance,2025,1,1,1,2,2,True
24829,Women,Sprints,2025,1,1,2,3,2,True
24862,Men,Throws,2025,2,2,2,3,4,True
24863,Men,Distance,2025,0,1,0,1,1,False
24863,Men,Sprints,2025,1,1,1,1,2,True
24869,Men,Sprints,2025,1,1,2,1,2,True
24880,Men,Sprints,2025,0,2,0,4,2,False
24886,Men,Jumps,2025,1,2,2,4,3,True
24886,Men,Sprints,2025,0,2,0,2,2,False
24888,Men,Distance,2025,0,1,0,1,1,False
24889,Men,Sprints,2025,1,1,1,2,2,True
24890,Men,Sprints,2025,1,1,1,2,2,True
24909,Men,Distance,2025,1,1,1,1,2,True
24911,Men,Distance,2025,1,1,1,1,2,True
24914,Men,Distance,2025,1,1,1,1,2,True
24917,Men,Distance,2025,1,1,1,1,2,True
24931,Men,Jumps,2025,1,1,1,1,2,True
24940,Women,Hurdles,2025,0,1,0,1,1,False
24940,Women,Jumps,2025,1,1,1,1,2,True
24942,Women,Sprints,2025,1,1,1,2,2,True
24943,Women,Jumps,2025,1,1,1,1,2,True
24943,Women,Sprints,2025,0,1,0,1,1,False
24949,Women,Distance,2025,1,1,1,1,2,True
24957,Women,Distance,2025,0,1,0,1,1,False
24957,Women,Sprints,2025,1,2,2,3,3,True
24960,Women,Sprints,2025,1,1,1,1,2,True
24971,Men,Sprints,2025,1,2,1,4,3,True
24983,Men,Jumps,2025,1,1,1,1,2,True
24983,Men,Sprints,2025,1,1,1,2,2,True
24984,Men,Sprints,2025,3,1,4,2,4,True
24986,Men,Distance,2025,3,1,4,1,4,True
24986,Men,Hurdles,2025,0,1,0,1,1,False
24989,Women,Sprints,2025,2,1,3,1,3,True
24999,Men,Sprints,2025,0,1,0,1,1,False
25017,Women,Sprints,2025,1,1,1,1,2,True
25018,Men,Sprints,2025,0,1,0,2,1,False
25021,Women,Distance,2025,0,1,0,1,1,False
25021,Women,Sprints,2025,1,1,1,1,2,True
25022,Women,Distance,2025,2,1,2,2,3,True
25023,Men,Sprints,2025,1,1,1,2,2,True
25024,Men,Sprints,2025,2,2,2,4,4,True
25025,Men,Sprints,2025,1,1,1,1,2,True
25026,Men,Sprints,2025,2,1,2,2,3,True
25028,Men,Distance,2025,1,1,1,1,2,True
25030,Men,Distance,2025,3,2,3,3,5,True
25031,Men,Hurdles,2025,0,2,0,3,2,False
25031,Men,Sprints,2025,0,1,0,1,1,False
25032,Men,Hurdles,2025,0,2,0,4,2,False
25033,Men,Jumps,2025,2,2,3,5,4,True
25034,Men,Throws,2025,1,2,1,3,3,True
25035,Men,Throws,2025,0,1,0,1,1,False
25051,Men,Distance,2025,0,1,0,1,1,False
25052,Women,Distance,2025,2,1,2,1,3,True
25052,Women,Hurdles,2025,0,1,0,1,1,False
25069,Men,Throws,2025,3,1,3,2,4,True
25098,Women,Distance,2025,1,1,1,1,2,True
25108,Men,Sprints,2025,0,1,0,2,1,False
25109,Men,Sprints,2025,0,1,0,1,1,False
25111,Women,Sprints,2025,0,1,0,2,1,False
25112,Women,Sprints,2025,0,1,0,1,1,False
25118,Men,Distance,2025,0,1,0,1,1,False
25120,Men,Distance,2025,0,1,0,1,1,False
25121,Men,Distance,2025,0,1,0,1,1,False
25136,Women,Sprints,2025,1,1,1,2,2,True
25153,Women,Sprints,2025,0,1,0,1,1,False
25155,Men,Sprints,2025,0,1,0,1,1,False
25157,Men,Sprints,2025,0,1,0,2,1,False
25160,Men,Sprints,2025,0,1,0,2,1,False
25162,Women,Distance,2025,0,1,0,1,1,False
25163,Women,Sprints,2025,0,1,0,2,1,False
25165,Men,Distance,2025,0,1,0,1,1,False
25167,Men,Distance,2025,0,1,0,1,1,False
25168,Women,Distance,2025,0,1,0,1,1,False
25168,Women,Jumps,2025,0,1,0,1,1,False
25169,Women,Distance,2025,0,1,0,1,1,False
25170,Women,Distance,2025,0,1,0,1,1,False
25171,Men,Distance,2025,0,1,0,1,1,False
25176,Men,Sprints,2025,0,1,0,1,1,False
25176,Men,Throws,2025,0,1,0,2,1,False
25179,Women,Jumps,2025,0,1,0,2,1,False
25179,Women,Sprints,2025,0,1,0,1,1,False
25180,Men,Sprints,2025,0,1,0,2,1,False
25189,Women,Distance,2025,0,2,0,2,2,False
25190,Men,Distance,2025,0,2,0,2,2,False
25191,Men,Distance,2025,0,3,0,3,3,False
25259,Men,Sprints,2025,0,1,0,2,1,False
25267,Men,Sprints,2025,1,1,2,2,2,True
25268,Men,Sprints,2025,1,1,1,1,2,True
25269,Men,Distance,2025,3,1,3,1,4,True
25271,Men,Sprints,2025,0,1,0,2,1,False
25273,Men,Hurdles,2025,0,1,0,1,1,False
25274,Men,Distance,2025,0,1,0,2,1,False
25346,Men,Distance,2025,1,1,1,1,2,True
25349,Women,Distance,2025,0,1,0,1,1,False
25458,Women,Jumps,2025,0,1,0,1,1,False
25458,Women,Sprints,2025,0,1,0,1,1,False
25467,Women,Sprints,2025,0,1,0,2,1,False
25474,Men,Sprints,2025,0,1,0,2,1,False
25475,Men,Sprints,2025,0,1,0,1,1,False
25491,Men,Sprints,2025,0,1,0,2,1,False
25492,Men,Distance,2025,0,1,0,1,1,False
25499,Men,Jumps,2025,0,2,0,2,2,False
25499,Men,Sprints,2025,0,2,0,3,2,False
25500,Men,Jumps,2025,0,2,0,4,2,False
25502,Men,Distance,2025,0,1,0,2,1,False
25503,Men,Distance,2025,0,1,0,1,1,False
25504,Men,Distance,2025,0,1,0,1,1,False
25506,Women,Distance,2025,0,1,0,1,1,False
25506,Women,Sprints,2025,0,2,0,4,2,False
25507,Women,Distance,2025,0,1,0,2,1,False
25572,Men,Jumps,2025,0,1,0,1,1,False
25572,Men,Sprints,2025,0,1,0,1,1,False
25611,Women,Sprints,2025,0,1,0,1,1,False
25620,Women,Sprints,2025,0,1,0,2,1,False
25639,Men,Distance,2025,0,1,0,1,1,False
25643,Men,Sprints,2025,0,1,0,2,1,False
25650,Men,Throws,2025,0,1,0,1,1,False
25656,Men,Hurdles,2025,0,1,0,1,1,False
25656,Men,Sprints,2025,0,1,0,1,1,False
25666,Women,Sprints,2025,1,2,2,3,3,True
25667,Men,Sprints,2025,1,1,1,1,2,True
25671,Women,Sprints,2025,0,1,0,2,1,False
25672,Men,Sprints,2025,0,1,0,2,1,False
25673,Men,Sprints,2025,0,2,0,3,2,False
25680,Men,Jumps,2025,0,1,0,1,1,False
25680,Men,Sprints,2025,0,1,0,1,1,False
25681,Women,Throws,2025,0,1,0,1,1,False
25688,Men,Throws,2025,0,1,0,1,1,False
25793,Men,Distance,2025,2,1,2,1,3,True
25817,Men,Distance,2025,2,1,2,1,3,True
25819,Men,Distance,2025,1,1,1,1,2,True
25825,Men,Sprints,2025,0,1,0,1,1,False
25849,Men,Distance,2025,0,2,0,3,2,False
25849,Men,Sprints,2025,0,1,0,1,1,False
25850,Women,Distance,2025,0,1,0,1,1,False
25850,Women,Hurdles,2025,0,2,0,4,2,False
25850,Women,Jumps,2025,0,1,0,3,1,False
25850,Women,Sprints,2025,0,2,0,4,2,False
25850,Women,Throws,2025,0,1,0,2,1,False
25851,Men,Hurdles,2025,0,2,0,3,2,False
25852,Men,Distance,2025,0,1,0,1,1,False
25853,Men,Distance,2025,0,2,0,3,2,False
25854,Men,Distance,2025,0,1,0,2,1,False
25855,Men,Distance,2025,0,1,0,1,1,False
25856,Men,Distance,2025,0,1,0,1,1,False
25856,Men,Sprints,2025,0,2,0,3,2,False
25857,Men,Sprints,2025,0,2,0,3,2,False
25858,Men,Sprints,2025,0,1,0,1,1,False
25859,Men,Sprints,2025,0,2,0,4,2,False
25860,Men,Jumps,2025,0,1,0,1,1,False
25860,Men,Sprints,2025,0,2,0,5,2,False
25861,Men,Distance,2025,0,1,0,1,1,False
25862,Men,Sprints,2025,0,1,0,1,1,False
25863,Men,Sprints,2025,0,1,0,2,1,False
25864,Men,Sprints,2025,0,1,0,1,1,False
25865,Men,Sprints,2025,0,1,0,2,1,False
25866,Men,Jumps,2025,0,2,0,2,2,False
25866,Men,Sprints,2025,0,1,0,2,1,False
25867,Women,Sprints,2025,0,1,0,1,1,False
25869,Men,Distance,2025,0,1,0,1,1,False
25872,Men,Sprints,2025,0,1,0,1,1,False
25874,Women,Hurdles,2025,0,1,0,1,1,False
25874,Women,Jumps,2025,0,2,0,2,2,False
25874,Women,Sprints,2025,0,1,0,1,1,False
25875,Women,Sprints,2025,0,1,0,1,1,False
25876,Men,Throws,2025,0,1,0,1,1,False
25877,Women,Throws,2025,0,1,0,1,1,False
25878,Men,Jumps,2025,0,2,0,2,2,False
25879,Women,Distance,2025,0,1,0,1,1,False
25880,Women,Distance,2025,0,1,0,2,1,False
25881,Men,Distance,2025,0,2,0,2,2,False
25883,Women,Sprints,2025,0,1,0,1,1,False
25901,Women,Distance,2025,1,1,1,1,2,True
25911,Men,Distance,2025,1,1,1,1,2,True
25994,Women,Distance,2025,0,1,0,1,1,False
25995,Men,Distance,2025,0,2,0,2,2,False
25995,Men,Sprints,2025,0,1,0,2,1,False
25996,Men,Distance,2025,0,1,0,2,1,False
25997,Men,Sprints,2025,0,1,0,1,1,False
25998,Men,Sprints,2025,0,2,0,3,2,False
25999,Women,Sprints,2025,0,2,0,3,2,False
26000,Men,Jumps,2025,0,1,0,1,1,False
26000,Men,Sprints,2025,0,1,0,1,1,False
26002,Women,Distance,2025,0,1,0,1,1,False
26003,Women,Distance,2025,0,1,0,2,1,False
26004,Women,Distance,2025,0,1,0,1,1,False
26005,Men,Distance,2025,0,2,0,2,2,False
26006,Men,Distance,2025,0,2,0,3,2,False
26007,Men,Distance,2025,0,1,0,2,1,False
26009,Women,Sprints,2025,0,1,0,1,1,False
26010,Men,Sprints,2025,0,1,0,1,1,False
26011,Men,Sprints,2025,0,1,0,1,1,False
26013,Women,Sprints,2025,1,1,1,1,2,True
26020,Men,Distance,2025,0,1,0,1,1,False
26021,Men,Distance,2025,0,1,0,1,1,False
26030,Men,Sprints,2025,0,1,0,1,1,False
26061,Women,Sprints,2025,0,1,0,1,1,False
26062,Women,Sprints,2025,0,1,0,1,1,False
26063,Men,Sprints,2025,0,1,0,1,1,False
26064,Men,Sprints,2025,0,1,0,1,1,False
26065,Men,Sprints,2025,0,1,0,1,1,False
26066,Men,Sprints,2025,0,1,0,1,1,False
26067,Men,Distance,2025,0,1,0,1,1,False
26068,Men,Distance,2025,0,1,0,1,1,False
26077,Men,Distance,2025,0,1,0,1,1,False
26078,Men,Sprints,2025,0,1,0,2,1,False
26079,Men,Sprints,2025,0,1,0,1,1,False
26081,Women,Sprints,2025,0,1,0,2,1,False
26082,Women,Distance,2025,0,1,0,1,1,False
26087,Women,Distance,2025,0,1,0,1,1,False
26087,Women,Hurdles,2025,0,1,0,2,1,False
26087,Women,Sprints,2025,0,1,0,3,1,False
26087,Women,Throws,2025,0,1,0,2,1,False
26088,Men,Hurdles,2025,0,1,0,2,1,False
26089,Men,Distance,2025,0,1,0,1,1,False
26089,Men,Hurdles,2025,0,1,0,2,1,False
26089,Men,Jumps,2025,0,1,0,3,1,False
26089,Men,Sprints,2025,0,1,0,3,1,False
26089,Men,Throws,2025,0,1,0,2,1,False
26090,Men,Sprints,2025,0,1,0,1,1,False
26091,Men,Sprints,2025,0,1,0,3,1,False
26092,Men,Sprints,2025,0,1,0,2,1,False
26093,Men,Distance,2025,0,1,0,1,1,False
26093,Men,Sprints,2025,0,1,0,1,1,False
26094,Men,Sprints,2025,0,1,0,1,1,False
26095,Men,Distance,2025,0,1,0,1,1,False
26095,Men,Sprints,2025,0,1,0,1,1,False
26096,Men,Sprints,2025,0,1,0,1,1,False
26097,Men,Sprints,2025,0,1,0,1,1,False
26098,Men,Sprints,2025,0,1,0,2,1,False
26099,Men,Sprints,2025,0,1,0,2,1,False
26100,Men,Sprints,2025,0,1,0,2,1,False
26102,Men,Sprints,2025,0,1,0,2,1,False
26103,Men,Distance,2025,0,1,0,1,1,False
26105,Men,Distance,2025,0,1,0,1,1,False
26106,Men,Distance,2025,0,1,0,1,1,False
26107,Men,Distance,2025,0,1,0,1,1,False
26108,Men,Distance,2025,0,1,0,1,1,False
26113,Men,Hurdles,2025,0,1,0,1,1,False
26117,Men,Throws,2025,0,1,0,2,1,False
26118,Men,Throws,2025,0,1,0,2,1,False
26119,Men,Throws,2025,0,1,0,2,1,False
26120,Men,Jumps,2025,0,1,0,1,1,False
26121,Women,Jumps,2025,0,1,0,1,1,False
26121,Women,Sprints,2025,0,1,0,1,1,False
26122,Women,Jumps,2025,0,1,0,2,1,False
26122,Women,Sprints,2025,0,1,0,1,1,False
26122,Women,Throws,2025,0,1,0,1,1,False
26123,Women,Sprints,2025,0,1,0,1,1,False
26124,Women,Sprints,2025,0,1,0,1,1,False
26125,Women,Jumps,2025,0,1,0,1,1,False
26125,Women,Sprints,2025,0,1,0,1,1,False
26126,Women,Sprints,2025,0,1,0,2,1,False
26127,Women,Hurdles,2025,0,1,0,1,1,False
26127,Women,Sprints,2025,0,1,0,1,1,False
26128,Women,Distance,2025,0,1,0,1,1,False
26129,Women,Distance,2025,0,1,0,1,1,False
26132,Women,Throws,2025,0,1,0,1,1,False
26133,Women,Throws,2025,0,1,0,2,1,False
26134,Women,Throws,2025,0,1,0,1,1,False
26135,Women,Jumps,2025,0,1,0,1,1,False
26136,Men,Jumps,2025,0,1,0,1,1,False
26136,Men,Sprints,2025,0,1,0,1,1,False
26138,Men,Sprints,2025,0,1,0,1,1,False
26139,Men,Sprints,2025,0,1,0,3,1,False
26140,Men,Sprints,2025,0,1,0,1,1,False
26143,Men,Distance,2025,0,1,0,1,1,False
26150,Women,Sprints,2025,0,1,0,2,1,False
26153,Men,Sprints,2025,0,1,0,1,1,False
26154,Women,Sprints,2025,0,1,0,2,1,False
26156,Men,Sprints,2025,0,2,0,3,2,False
26157,Men,Sprints,2025,0,1,0,2,1,False
26158,Men,Sprints,2025,0,2,0,3,2,False
26159,Men,Distance,2025,0,1,0,2,1,False
26160,Women,Distance,2025,0,1,0,1,1,False
26161,Men,Sprints,2025,0,1,0,1,1,False
26162,Men,Jumps,2025,0,1,0,1,1,False
26163,Women,Throws,2025,0,1,0,1,1,False
26164,Men,Hurdles,2025,0,1,0,1,1,False
26165,Men,Distance,2025,0,1,0,1,1,False
26166,Men,Sprints,2025,0,1,0,1,1,False
26167,Men,Sprints,2025,0,2,0,2,2,False
26168,Men,Sprints,2025,0,1,0,1,1,False
26169,Men,Sprints,2025,0,2,0,5,2,False
26170,Men,Jumps,2025,0,1,0,1,1,False
26170,Men,Sprints,2025,0,1,0,2,1,False
26171,Men,Sprints,2025,0,2,0,3,2,False
26172,Men,Jumps,2025,0,2,0,2,2,False
26172,Men,Sprints,2025,0,2,0,3,2,False
26173,Men,Sprints,2025,0,1,0,2,1,False
26174,Men,Sprints,2025,0,2,0,3,2,False
26175,Men,Sprints,2025,0,1,0,1,1,False
26176,Men,Jumps,2025,0,1,0,1,1,False
26176,Men,Sprints,2025,0,2,0,2,2,False
26177,Men,Distance,2025,0,2,0,3,2,False
26179,Men,Distance,2025,0,1,0,1,1,False
26180,Men,Distance,2025,0,1,0,1,1,False
26181,Men,Distance,2025,0,1,0,1,1,False
26182,Men,Distance,2025,0,2,0,2,2,False
26183,Men,Distance,2025,0,1,0,2,1,False
26184,Men,Distance,2025,0,1,0,1,1,False
26186,Men,Jumps,2025,0,1,0,1,1,False
26187,Men,Jumps,2025,0,2,0,2,2,False
26188,Men,Jumps,2025,0,1,0,1,1,False
26189,Men,Throws,2025,0,1,0,2,1,False
26190,Men,Throws,2025,0,1,0,2,1,False
26191,Women,Jumps,2025,0,1,0,3,1,False
26191,Women,Sprints,2025,0,1,0,1,1,False
26192,Women,Jumps,2025,0,1,0,2,1,False
26192,Women,Sprints,2025,0,2,0,2,2,False
26193,Women,Distance,2025,0,1,0,1,1,False
26193,Women,Sprints,2025,0,1,0,1,1,False
26194,Women,Sprints,2025,0,2,0,4,2,False
26195,Women,Distance,2025,0,1,0,2,1,False
26196,Women,Distance,2025,0,1,0,1,1,False
26197,Women,Distance,2025,0,1,0,1,1,False
26197,Women,Throws,2025,0,1,0,2,1,False
26201,Women,Jumps,2025,0,2,0,2,2,False
26202,Women,Jumps,2025,0,1,0,2,1,False
26203,Women,Throws,2025,0,1,0,2,1,False
26204,Women,Throws,2025,0,2,0,3,2,False
26205,Women,Throws,2025,0,2,0,2,2,False
26206,Women,Throws,2025,0,1,0,2,1,False
26207,Women,Throws,2025,0,1,0,1,1,False
26227,Women,Sprints,2025,0,1,0,2,1,False
26228,Women,Distance,2025,0,1,0,1,1,False
26228,Women,Sprints,2025,0,1,0,1,1,False
26229,Women,Throws,2025,0,1,0,2,1,False
26230,Men,Distance,2025,0,1,0,1,1,False
26231,Men,Distance,2025,0,1,0,1,1,False
26232,Men,Distance,2025,0,1,0,2,1,False
26448,Women,Jumps,2025,0,1,0,1,1,False
26448,Women,Sprints,2025,0,1,0,1,1,False
26449,Women,Sprints,2025,0,1,0,2,1,False
26450,Men,Sprints,2025,0,1,0,3,1,False
26451,Men,Sprints,2025,0,1,0,1,1,False
26452,Men,Sprints,2025,0,1,0,2,1,False
26453,Men,Distance,2025,0,1,0,1,1,False
26453,Men,Jumps,2025,0,1,0,1,1,False
26453,Men,Sprints,2025,0,1,0,2,1,False
26454,Men,Sprints,2025,0,1,0,1,1,False
26456,Women,Distance,2025,0,1,0,1,1,False
26459,Women,Distance,2025,0,1,0,1,1,False
26460,Men,Distance,2025,0,1,0,1,1,False
26462,Men,Jumps,2025,0,1,0,1,1,False
26467,Men,Distance,2025,0,1,0,1,1,False
26468,Men,Distance,2025,0,1,0,1,1,False
26468,Men,Sprints,2025,0,1,0,1,1,False
26469,Men,Sprints,2025,0,1,0,1,1,False
26470,Men,Distance,2025,0,1,0,1,1,False
26470,Men,Sprints,2025,0,1,0,1,1,False
26471,Men,Sprints,2025,0,1,0,1,1,False
26472,Men,Sprints,2025,0,1,0,1,1,False
26473,Men,Distance,2025,0,1,0,1,1,False
26474,Men,Distance,2025,0,1,0,1,1,False
26475,Men,Distance,2025,0,1,0,1,1,False
26478,Women,Distance,2025,0,1,0,1,1,False
26479,Women,Distance,2025,0,1,0,1,1,False
26480,Women,Sprints,2025,0,1,0,1,1,False
26481,Women,Sprints,2025,0,1,0,1,1,False
26482,Men,Jumps,2025,0,1,0,1,1,False
26482,Men,Sprints,2025,0,1,0,1,1,False
26483,Men,Sprints,2025,0,1,0,1,1,False
26484,Women,Distance,2025,0,1,0,1,1,False
26485,Women,Distance,2025,0,1,0,1,1,False
26487,Men,Distance,2025,0,1,0,1,1,False
26489,Women,Sprints,2025,0,1,0,1,1,False
26490,Men,Distance,2025,0,1,0,1,1,False
26491,Men,Hurdles,2025,0,1,0,1,1,False
26491,Men,Throws,2025,0,1,0,1,1,False
26493,Men,Distance,2025,0,1,0,1,1,False
26494,Women,Distance,2025,0,1,0,2,1,False
26495,Women,Distance,2025,0,1,0,1,1,False
26497,Men,Sprints,2025,0,1,0,2,1,False
26499,Men,Jumps,2025,0,1,0,1,1,False
26499,Men,Sprints,2025,0,1,0,1,1,False
26501,Women,Sprints,2025,0,1,0,1,1,False
26502,Men,Sprints,2025,0,1,0,2,1,False
26503,Men,Sprints,2025,0,1,0,2,1,False
26504,Men,Sprints,2025,0,1,0,2,1,False
26505,Men,Distance,2025,0,1,0,1,1,False
26506,Men,Distance,2025,0,1,0,1,1,False
26507,Men,Distance,2025,0,1,0,1,1,False
26508,Men,Distance,2025,0,1,0,1,1,False
26509,Men,Distance,2025,0,1,0,1,1,False
26510,Men,Jumps,2025,0,1,0,1,1,False
26511,Men,Sprints,2025,0,1,0,2,1,False
26512,Men,Sprints,2025,0,1,0,1,1,False
26513,Men,Distance,2025,0,1,0,1,1,False
26515,Men,Hurdles,2025,0,1,0,1,1,False
26519,Men,Sprints,2025,0,1,0,1,1,False
26520,Men,Sprints,2025,0,1,0,1,1,False
26521,Men,Sprints,2025,0,1,0,1,1,False
26522,Men,Distance,2025,0,1,0,2,1,False
26523,Men,Sprints,2025,0,1,0,2,1,False
26532,Men,Distance,2025,0,1,0,1,1,False
26534,Men,Sprints,2025,0,1,0,2,1,False
26535,Men,Distance,2025,0,1,0,1,1,False
26536,Men,Distance,2025,0,1,0,1,1,False
29817,Men,Sprints,2025,1,2,1,3,3,True
5,Men,Distance,2025,2,0,2,0,2,False
6,Men,Distance,2025,3,0,4,0,3,False
11,Men,Distance,2025,1,0,1,0,1,False
15,Men,Distance,2025,2,0,2,0,2,False
18,Men,Distance,2025,4,0,6,0,4,False
25,Men,Distance,2025,2,0,2,0,2,False
26,Men,Distance,2025,1,0,1,0,1,False
45,Men,Distance,2025,1,0,1,0,1,False
50,Men,Throws,2025,1,0,1,0,1,False
52,Men,Distance,2025,1,0,1,0,1,False
54,Men,Distance,2025,3,0,4,0,3,False
54,Men,Sprints,2025,1,0,1,0,1,False
63,Women,Distance,2025,1,0,4,0,1,False
81,Women,Distance,2025,2,0,2,0,2,False
85,Women,Distance,2025,2,0,2,0,2,False
86,Women,Distance,2025,1,0,1,0,1,False
115,Men,Distance,2025,2,0,2,0,2,False
119,Men,Distance,2025,1,0,1,0,1,False
120,Men,Distance,2025,1,0,1,0,1,False
124,Men,Distance,2025,1,0,1,0,1,False
128,Men,Distance,2025,1,0,1,0,1,False
129,Men,Distance,2025,3,0,3,0,3,False
130,Men,Sprints,2025,1,0,1,0,1,False
131,Men,Distance,2025,1,0,1,0,1,False
134,Men,Distance,2025,3,0,3,0,3,False
150,Men,Throws,2025,1,0,1,0,1,False
153,Men,Sprints,2025,1,0,1,0,1,False
156,Men,Distance,2025,2,0,2,0,2,False
158,Men,Distance,2025,2,0,3,0,2,False
161,Men,Distance,2025,2,0,5,0,2,False
162,Men,Distance,2025,2,0,2,0,2,False
165,Men,Distance,2025,2,0,2,0,2,False
169,Men,Distance,2025,1,0,1,0,1,False
170,Men,Distance,2025,2,0,2,0,2,False
177,Men,Distance,2025,2,0,2,0,2,False
178,Men,Distance,2025,3,0,3,0,3,False
179,Men,Distance,2025,3,0,3,0,3,False
186,Men,Distance,2025,1,0,1,0,1,False
192,Men,Distance,2025,1,0,1,0,1,False
193,Men,Distance,2025,1,0,1,0,1,False
195,Men,Distance,2025,1,0,1,0,1,False
215,Men,Distance,2025,1,0,1,0,1,False
231,Women,Distance,2025,3,0,5,0,3,False
233,Women,Distance,2025,5,0,5,0,5,False
238,Women,Distance,2025,2,0,4,0,2,False
245,Women,Distance,2025,1,0,2,0,1,False
263,Women,Distance,2025,1,0,1,0,1,False
267,Women,Distance,2025,2,0,3,0,2,False
287,Women,Distance,2025,2,0,2,0,2,False
288,Women,Jumps,2025,1,0,1,0,1,False
289,Women,Distance,2025,1,0,1,0,1,False
297,Women,Distance,2025,4,0,4,0,4,False
302,Women,Distance,2025,1,0,1,0,1,False
309,Women,Distance,2025,2,0,2,0,2,False
312,Men,Distance,2025,1,0,1,0,1,False
323,Men,Distance,2025,1,0,1,0,1,False
335,Men,Distance,2025,1,0,1,0,1,False
338,Men,Jumps,2025,1,0,1,0,1,False
340,Men,Distance,2025,1,0,1,0,1,False
357,Women,Distance,2025,1,0,1,0,1,False
370,Men,Sprints,2025,1,0,1,0,1,False
382,Men,Distance,2025,4,0,5,0,4,False
394,Men,Distance,2025,1,0,1,0,1,False
395,Men,Distance,2025,1,0,1,0,1,False
399,Men,Distance,2025,1,0,1,0,1,False
401,Men,Distance,2025,1,0,1,0,1,False
404,Women,Distance,2025,2,0,2,0,2,False
406,Women,Distance,2025,1,0,1,0,1,False
415,Men,Distance,2025,3,0,6,0,3,False
416,Men,Distance,2025,3,0,4,0,3,False
417,Men,Distance,2025,4,0,7,0,4,False
420,Men,Distance,2025,4,0,4,0,4,False
421,Men,Distance,2025,4,0,6,0,4,False
426,Men,Distance,2025,1,0,2,0,1,False
434,Men,Distance,2025,2,0,2,0,2,False
435,Men,Distance,2025,3,0,3,0,3,False
437,Men,Distance,2025,2,0,4,0,2,False
448,Women,Distance,2025,2,0,2,0,2,False
458,Men,Distance,2025,1,0,1,0,1,False
462,Men,Distance,2025,1,0,1,0,1,False
467,Men,Sprints,2025,1,0,1,0,1,False
506,Men,Distance,2025,1,0,1,0,1,False
529,Men,Distance,2025,2,0,2,0,2,False
539,Men,Distance,2025,2,0,2,0,2,False
594,Women,Distance,2025,1,0,1,0,1,False
604,Women,Distance,2025,1,0,1,0,1,False
631,Women,Distance,2025,1,0,1,0,1,False
643,Women,Distance,2025,1,0,1,0,1,False
720,Men,Distance,2025,2,0,2,0,2,False
721,Men,Sprints,2025,1,0,1,0,1,False
772,Men,Distance,2025,1,0,2,0,1,False
772,Men,Sprints,2025,1,0,1,0,1,False
821,Women,Distance,2025,1,0,1,0,1,False
821,Women,Sprints,2025,1,0,1,0,1,False
825,Women,Distance,2025,1,0,3,0,1,False
825,Women,Sprints,2025,1,0,2,0,1,False
837,Women,Distance,2025,1,0,1,0,1,False
839,Women,Distance,2025,1,0,1,0,1,False
861,Women,Sprints,2025,1,0,2,0,1,False
866,Men,Distance,2025,1,0,2,0,1,False
868,Men,Distance,2025,3,0,4,0,3,False
872,Men,Distance,2025,2,0,4,0,2,False
874,Men,Distance,2025,2,0,2,0,2,False
878,Men,Distance,2025,1,0,1,0,1,False
878,Men,Sprints,2025,1,0,1,0,1,False
880,Men,Throws,2025,1,0,1,0,1,False
882,Men,Sprints,2025,1,0,2,0,1,False
885,Men,Distance,2025,4,0,6,0,4,False
885,Men,Sprints,2025,1,0,2,0,1,False
886,Men,Distance,2025,3,0,3,0,3,False
890,Men,Distance,2025,1,0,3,0,1,False
890,Men,Sprints,2025,1,0,2,0,1,False
891,Men,Distance,2025,1,0,3,0,1,False
891,Men,Sprints,2025,1,0,2,0,1,False
897,Men,Distance,2025,2,0,2,0,2,False
903,Men,Distance,2025,2,0,2,0,2,False
913,Men,Distance,2025,1,0,2,0,1,False
924,Men,Distance,2025,1,0,1,0,1,False
944,Men,Distance,2025,3,0,3,0,3,False
946,Men,Distance,2025,1,0,3,0,1,False
946,Men,Sprints,2025,1,0,2,0,1,False
950,Men,Distance,2025,3,0,5,0,3,False
954,Men,Distance,2025,1,0,2,0,1,False
964,Men,Distance,2025,2,0,4,0,2,False
984,Men,Distance,2025,2,0,2,0,2,False
992,Women,Sprints,2025,2,0,2,0,2,False
1004,Women,Distance,2025,1,0,2,0,1,False
1008,Women,Distance,2025,1,0,1,0,1,False
1042,Women,Distance,2025,1,0,1,0,1,False
1049,Women,Distance,2025,1,0,1,0,1,False
1050,Women,Distance,2025,1,0,1,0,1,False
1050,Women,Sprints,2025,1,0,1,0,1,False
1074,Women,Distance,2025,1,0,1,0,1,False
1213,Men,Distance,2025,1,0,2,0,1,False
1219,Men,Distance,2025,1,0,1,0,1,False
1231,Men,Distance,2025,1,0,2,0,1,False
1276,Men,Distance,2025,1,0,1,0,1,False
1276,Men,Sprints,2025,1,0,1,0,1,False
1299,Men,Distance,2025,1,0,2,0,1,False
1341,Men,Distance,2025,1,0,1,0,1,False
1371,Men,Sprints,2025,1,0,1,0,1,False
1617,Women,Distance,2025,1,0,1,0,1,False
1624,Men,Sprints,2025,2,0,4,0,2,False
1631,Men,Distance,2025,3,0,3,0,3,False
1631,Men,Jumps,2025,1,0,2,0,1,False
1632,Men,Distance,2025,3,0,3,0,3,False
1632,Men,Jumps,2025,1,0,2,0,1,False
1638,Men,Distance,2025,3,0,4,0,3,False
1638,Men,Throws,2025,1,0,1,0,1,False
1639,Men,Distance,2025,1,0,1,0,1,False
1641,Men,Distance,2025,1,0,1,0,1,False
1641,Men,Throws,2025,1,0,1,0,1,False
1645,Men,Distance,2025,1,0,1,0,1,False
1646,Men,Distance,2025,2,0,2,0,2,False
1650,Men,Distance,2025,2,0,2,0,2,False
1652,Men,Distance,2025,3,0,4,0,3,False
1656,Men,Distance,2025,4,0,5,0,4,False
1657,Men,Distance,2025,3,0,5,0,3,False
1658,Men,Distance,2025,3,0,4,0,3,False
1659,Men,Distance,2025,1,0,1,0,1,False
1660,Men,Distance,2025,4,0,4,0,4,False
1661,Men,Distance,2025,3,0,3,0,3,False
1662,Men,Distance,2025,2,0,2,0,2,False
1662,Men,Jumps,2025,1,0,1,0,1,False
1663,Men,Distance,2025,4,0,6,0,4,False
1671,Women,Distance,2025,2,0,2,0,2,False
1687,Women,Distance,2025,1,0,1,0,1,False
1697,Men,Distance,2025,1,0,1,0,1,False
1703,Men,Distance,2025,1,0,1,0,1,False
1712,Men,Distance,2025,3,0,3,0,3,False
1715,Men,Distance,2025,4,0,5,0,4,False
1725,Women,Distance,2025,3,0,3,0,3,False
1726,Women,Distance,2025,3,0,4,0,3,False
1730,Women,Distance,2025,1,0,1,0,1,False
1732,Women,Distance,2025,1,0,1,0,1,False
1735,Women,Distance,2025,1,0,1,0,1,False
1740,Women,Distance,2025,1,0,1,0,1,False
1743,Women,Distance,2025,2,0,3,0,2,False
1746,Women,Distance,2025,3,0,5,0,3,False
1751,Women,Distance,2025,1,0,1,0,1,False
1752,Women,Distance,2025,1,0,2,0,1,False
1754,Women,Distance,2025,3,0,3,0,3,False
1759,Women,Distance,2025,3,0,4,0,3,False
1764,Women,Distance,2025,2,0,2,0,2,False
1765,Women,Distance,2025,2,0,4,0,2,False
1765,Women,Sprints,2025,1,0,2,0,1,False
1766,Women,Distance,2025,1,0,1,0,1,False
1769,Women,Distance,2025,2,0,3,0,2,False
1771,Women,Distance,2025,1,0,1,0,1,False
1776,Women,Sprints,2025,1,0,1,0,1,False
1780,Women,Distance,2025,1,0,2,0,1,False
1781,Women,Distance,2025,1,0,1,0,1,False
1783,Women,Distance,2025,1,0,1,0,1,False
1796,Women,Distance,2025,1,0,1,0,1,False
1809,Men,Distance,2025,2,0,3,0,2,False
1810,Men,Distance,2025,2,0,3,0,2,False
1811,Men,Distance,2025,1,0,1,0,1,False
1814,Men,Distance,2025,2,0,2,0,2,False
1815,Men,Distance,2025,1,0,1,0,1,False
1818,Men,Distance,2025,1,0,1,0,1,False
1819,Men,Distance,2025,1,0,1,0,1,False
1824,Men,Distance,2025,1,0,1,0,1,False
1827,Men,Distance,2025,2,0,4,0,2,False
1827,Men,Sprints,2025,1,0,2,0,1,False
1831,Men,Distance,2025,2,0,2,0,2,False
1833,Men,Distance,2025,1,0,1,0,1,False
1835,Men,Distance,2025,2,0,3,0,2,False
1837,Men,Distance,2025,1,0,3,0,1,False
1837,Men,Sprints,2025,1,0,2,0,1,False
1844,Men,Distance,2025,2,0,4,0,2,False
1853,Men,Distance,2025,3,0,4,0,3,False
1855,Men,Distance,2025,2,0,4,0,2,False
1855,Men,Sprints,2025,1,0,2,0,1,False
1858,Men,Distance,2025,2,0,5,0,2,False
1859,Men,Distance,2025,1,0,1,0,1,False
1865,Men,Distance,2025,1,0,1,0,1,False
1865,Men,Sprints,2025,2,0,2,0,2,False
1868,Men,Distance,2025,1,0,1,0,1,False
1869,Men,Distance,2025,2,0,2,0,2,False
1870,Men,Distance,2025,2,0,2,0,2,False
1871,Men,Distance,2025,1,0,1,0,1,False
1872,Men,Distance,2025,1,0,1,0,1,False
1883,Men,Distance,2025,2,0,4,0,2,False
1887,Men,Distance,2025,3,0,3,0,3,False
1887,Men,Jumps,2025,1,0,1,0,1,False
1894,Men,Distance,2025,2,0,4,0,2,False
1895,Men,Distance,2025,2,0,2,0,2,False
1900,Men,Distance,2025,2,0,3,0,2,False
1901,Men,Distance,2025,1,0,1,0,1,False
1901,Men,Sprints,2025,1,0,1,0,1,False
1908,Men,Distance,2025,2,0,5,0,2,False
1908,Men,Sprints,2025,1,0,2,0,1,False
1929,Women,Distance,2025,2,0,3,0,2,False
1930,Women,Sprints,2025,1,0,1,0,1,False
1935,Women,Distance,2025,2,0,2,0,2,False
1936,Women,Distance,2025,2,0,2,0,2,False
1937,Women,Jumps,2025,1,0,1,0,1,False
1942,Women,Distance,2025,1,0,1,0,1,False
1948,Women,Distance,2025,1,0,1,0,1,False
1954,Women,Distance,2025,3,0,3,0,3,False
1960,Women,Sprints,2025,1,0,1,0,1,False
1961,Women,Distance,2025,1,0,1,0,1,False
1970,Women,Jumps,2025,1,0,1,0,1,False
1983,Women,Distance,2025,4,0,4,0,4,False
1987,Women,Distance,2025,2,0,2,0,2,False
1990,Men,Distance,2025,1,0,1,0,1,False
1993,Men,Distance,2025,1,0,2,0,1,False
1995,Men,Distance,2025,1,0,1,0,1,False
1997,Men,Distance,2025,2,0,2,0,2,False
2001,Men,Distance,2025,1,0,3,0,1,False
2002,Men,Distance,2025,3,0,3,0,3,False
2020,Men,Distance,2025,2,0,2,0,2,False
2030,Men,Distance,2025,1,0,1,0,1,False
2032,Men,Distance,2025,2,0,2,0,2,False
2034,Men,Distance,2025,1,0,1,0,1,False
2038,Men,Distance,2025,3,0,3,0,3,False
2040,Men,Distance,2025,3,0,5,0,3,False
2040,Men,Sprints,2025,1,0,1,0,1,False
2042,Men,Distance,2025,1,0,1,0,1,False
2051,Men,Distance,2025,1,0,1,0,1,False
2061,Women,Distance,2025,3,0,3,0,3,False
2066,Men,Distance,2025,3,0,3,0,3,False
2083,Women,Distance,2025,2,0,4,0,2,False
2083,Women,Sprints,2025,1,0,2,0,1,False
2086,Women,Distance,2025,2,0,2,0,2,False
2109,Men,Distance,2025,1,0,1,0,1,False
2110,Men,Distance,2025,1,0,3,0,1,False
2110,Men,Sprints,2025,1,0,2,0,1,False
2111,Men,Distance,2025,2,0,2,0,2,False
2113,Men,Distance,2025,2,0,3,0,2,False
2116,Men,Distance,2025,3,0,3,0,3,False
2119,Men,Distance,2025,2,0,2,0,2,False
2120,Men,Distance,2025,1,0,1,0,1,False
2124,Men,Distance,2025,2,0,3,0,2,False
2128,Men,Distance,2025,1,0,1,0,1,False
2128,Men,Sprints,2025,2,0,2,0,2,False
2130,Men,Distance,2025,1,0,1,0,1,False
2139,Men,Sprints,2025,1,0,1,0,1,False
2141,Men,Distance,2025,1,0,1,0,1,False
2142,Men,Distance,2025,1,0,3,0,1,False
2142,Men,Sprints,2025,1,0,2,0,1,False
2145,Men,Sprints,2025,1,0,1,0,1,False
2173,Men,Distance,2025,1,0,1,0,1,False
2188,Women,Distance,2025,3,0,3,0,3,False
2191,Women,Distance,2025,2,0,2,0,2,False
2191,Women,Sprints,2025,1,0,1,0,1,False
2198,Men,Distance,2025,1,0,1,0,1,False
2200,Men,Distance,2025,1,0,1,0,1,False
2204,Women,Distance,2025,1,0,1,0,1,False
2207,Women,Distance,2025,1,0,1,0,1,False
2214,Men,Distance,2025,2,0,2,0,2,False
2217,Men,Distance,2025,2,0,2,0,2,False
2218,Men,Distance,2025,1,0,1,0,1,False
2219,Men,Distance,2025,2,0,2,0,2,False
2220,Men,Distance,2025,2,0,2,0,2,False
2226,Men,Distance,2025,1,0,1,0,1,False
2239,Women,Distance,2025,3,0,3,0,3,False
2240,Women,Distance,2025,4,0,4,0,4,False
2241,Women,Distance,2025,4,0,4,0,4,False
2243,Women,Distance,2025,3,0,3,0,3,False
2244,Women,Distance,2025,1,0,1,0,1,False
2245,Women,Distance,2025,2,0,2,0,2,False
2245,Women,Sprints,2025,1,0,1,0,1,False
2245,Women,Throws,2025,1,0,1,0,1,False
2246,Women,Distance,2025,2,0,2,0,2,False
2250,Women,Distance,2025,1,0,1,0,1,False
2254,Women,Distance,2025,1,0,1,0,1,False
2256,Women,Distance,2025,1,0,1,0,1,False
2258,Men,Distance,2025,3,0,3,0,3,False
2259,Men,Distance,2025,3,0,3,0,3,False
2260,Men,Distance,2025,4,0,5,0,4,False
2261,Men,Distance,2025,2,0,3,0,2,False
2263,Men,Distance,2025,2,0,3,0,2,False
2265,Men,Distance,2025,2,0,2,0,2,False
2268,Men,Distance,2025,1,0,1,0,1,False
2269,Men,Distance,2025,2,0,2,0,2,False
2269,Men,Sprints,2025,1,0,1,0,1,False
2273,Men,Distance,2025,3,0,3,0,3,False
2273,Men,Sprints,2025,1,0,1,0,1,False
2275,Men,Distance,2025,3,0,4,0,3,False
2276,Men,Distance,2025,2,0,2,0,2,False
2281,Men,Distance,2025,3,0,4,0,3,False
2284,Men,Distance,2025,3,0,4,0,3,False
2289,Men,Jumps,2025,3,0,3,0,3,False
2289,Men,Sprints,2025,1,0,1,0,1,False
2289,Men,Throws,2025,1,0,1,0,1,False
2334,Women,Distance,2025,1,0,1,0,1,False
2340,Women,Sprints,2025,1,0,1,0,1,False
2344,Men,Distance,2025,1,0,2,0,1,False
2359,Men,Distance,2025,1,0,3,0,1,False
2363,Men,Distance,2025,1,0,1,0,1,False
2367,Men,Distance,2025,1,0,2,0,1,False
2371,Men,Distance,2025,1,0,3,0,1,False
2371,Men,Sprints,2025,1,0,2,0,1,False
2373,Men,Distance,2025,1,0,2,0,1,False
2385,Women,Distance,2025,1,0,1,0,1,False
2385,Women,Throws,2025,1,0,1,0,1,False
2408,Women,Distance,2025,1,0,1,0,1,False
2416,Women,Sprints,2025,1,0,1,0,1,False
2420,Women,Distance,2025,1,0,1,0,1,False
2442,Men,Distance,2025,2,0,2,0,2,False
2542,Men,Distance,2025,1,0,1,0,1,False
2553,Men,Distance,2025,1,0,1,0,1,False
2575,Men,Distance,2025,1,0,1,0,1,False
2616,Men,Jumps,2025,1,0,1,0,1,False
2687,Men,Distance,2025,1,0,1,0,1,False
2700,Women,Distance,2025,1,0,1,0,1,False
2723,Men,Distance,2025,1,0,1,0,1,False
2743,Men,Distance,2025,1,0,1,0,1,False
2778,Men,Distance,2025,1,0,1,0,1,False
2783,Men,Distance,2025,1,0,1,0,1,False
2788,Men,Distance,2025,3,0,3,0,3,False
2788,Men,Jumps,2025,1,0,1,0,1,False
2791,Women,Distance,2025,1,0,1,0,1,False
2796,Men,Distance,2025,1,0,2,0,1,False
2797,Men,Distance,2025,2,0,2,0,2,False
2800,Men,Distance,2025,2,0,2,0,2,False
2804,Men,Distance,2025,2,0,3,0,2,False
2806,Men,Distance,2025,2,0,4,0,2,False
2830,Women,Distance,2025,1,0,1,0,1,False
2832,Women,Distance,2025,2,0,2,0,2,False
2838,Women,Distance,2025,3,0,4,0,3,False
2861,Men,Distance,2025,1,0,1,0,1,False
2867,Men,Jumps,2025,1,0,1,0,1,False
2867,Men,Sprints,2025,2,0,2,0,2,False
2871,Men,Distance,2025,2,0,2,0,2,False
2876,Men,Distance,2025,2,0,2,0,2,False
2886,Men,Distance,2025,2,0,3,0,2,False
2907,Men,Distance,2025,1,0,1,0,1,False
2994,Men,Distance,2025,2,0,2,0,2,False
2995,Men,Distance,2025,1,0,1,0,1,False
3003,Women,Sprints,2025,1,0,1,0,1,False
3021,Men,Distance,2025,1,0,1,0,1,False
3033,Women,Distance,2025,3,0,4,0,3,False
3035,Women,Distance,2025,2,0,3,0,2,False
3040,Women,Distance,2025,1,0,1,0,1,False
3040,Women,Sprints,2025,1,0,1,0,1,False
3052,Men,Distance,2025,1,0,1,0,1,False
3054,Men,Distance,2025,1,0,1,0,1,False
3064,Men,Distance,2025,2,0,2,0,2,False
3064,Men,Sprints,2025,2,0,2,0,2,False
3071,Men,Jumps,2025,1,0,1,0,1,False
3071,Men,Sprints,2025,1,0,1,0,1,False
3073,Men,Distance,2025,1,0,1,0,1,False
3082,Men,Distance,2025,2,0,2,0,2,False
3084,Men,Distance,2025,1,0,3,0,1,False
3092,Men,Distance,2025,2,0,2,0,2,False
3142,Men,Distance,2025,1,0,1,0,1,False
3151,Men,Distance,2025,1,0,1,0,1,False
3166,Men,Distance,2025,1,0,1,0,1,False
3179,Women,Distance,2025,3,0,5,0,3,False
3184,Women,Distance,2025,2,0,5,0,2,False
3184,Women,Sprints,2025,1,0,2,0,1,False
3204,Men,Distance,2025,1,0,1,0,1,False
3205,Men,Distance,2025,2,0,2,0,2,False
3206,Men,Distance,2025,1,0,1,0,1,False
3209,Men,Distance,2025,1,0,1,0,1,False
3216,Men,Distance,2025,1,0,1,0,1,False
3231,Men,Distance,2025,2,0,5,0,2,False
3231,Men,Sprints,2025,1,0,2,0,1,False
3314,Women,Distance,2025,1,0,1,0,1,False
3325,Men,Distance,2025,3,0,3,0,3,False
3333,Men,Distance,2025,4,0,4,0,4,False
3336,Men,Sprints,2025,1,0,1,0,1,False
3339,Men,Sprints,2025,1,0,1,0,1,False
3352,Men,Distance,2025,2,0,2,0,2,False
3366,Women,Distance,2025,2,0,2,0,2,False
3382,Women,Distance,2025,1,0,1,0,1,False
3388,Men,Distance,2025,1,0,1,0,1,False
3390,Men,Distance,2025,1,0,1,0,1,False
3395,Men,Distance,2025,1,0,1,0,1,False
3402,Men,Distance,2025,1,0,1,0,1,False
3404,Men,Distance,2025,1,0,1,0,1,False
3409,Men,Distance,2025,1,0,1,0,1,False
3410,Men,Distance,2025,1,0,1,0,1,False
3415,Men,Sprints,2025,1,0,2,0,1,False
3471,Men,Distance,2025,1,0,1,0,1,False
3504,Women,Distance,2025,1,0,1,0,1,False
3506,Men,Jumps,2025,1,0,1,0,1,False
3507,Men,Jumps,2025,1,0,1,0,1,False
3508,Men,Sprints,2025,2,0,2,0,2,False
3509,Men,Sprints,2025,1,0,1,0,1,False
3512,Men,Jumps,2025,2,0,2,0,2,False
3513,Men,Sprints,2025,1,0,1,0,1,False
3515,Men,Jumps,2025,2,0,2,0,2,False
3520,Men,Sprints,2025,2,0,2,0,2,False
3525,Women,Jumps,2025,2,0,2,0,2,False
3527,Women,Sprints,2025,1,0,1,0,1,False
3528,Women,Jumps,2025,2,0,2,0,2,False
3532,Women,Distance,2025,1,0,3,0,1,False
3537,Women,Jumps,2025,2,0,2,0,2,False
3541,Men,Jumps,2025,1,0,1,0,1,False
3547,Men,Sprints,2025,1,0,1,0,1,False
3554,Men,Jumps,2025,1,0,1,0,1,False
3555,Men,Throws,2025,2,0,2,0,2,False
3559,Men,Distance,2025,3,0,3,0,3,False
3565,Women,Jumps,2025,3,0,3,0,3,False
3570,Men,Sprints,2025,1,0,1,0,1,False
3572,Men,Sprints,2025,1,0,1,0,1,False
3573,Men,Throws,2025,1,0,1,0,1,False
3574,Men,Distance,2025,1,0,1,0,1,False
3575,Men,Jumps,2025,1,0,1,0,1,False
3575,Men,Sprints,2025,1,0,1,0,1,False
3578,Men,Jumps,2025,2,0,4,0,2,False
3582,Women,Sprints,2025,1,0,1,0,1,False
3595,Men,Sprints,2025,1,0,1,0,1,False
3596,Men,Sprints,2025,2,0,2,0,2,False
3604,Men,Jumps,2025,1,0,1,0,1,False
3604,Men,Sprints,2025,1,0,1,0,1,False
3607,Men,Sprints,2025,4,0,5,0,4,False
3620,Men,Distance,2025,2,0,2,0,2,False
3620,Men,Sprints,2025,4,0,4,0,4,False
3622,Men,Sprints,2025,6,0,6,0,6,False
3629,Men,Throws,2025,1,0,1,0,1,False
3630,Men,Sprints,2025,4,0,4,0,4,False
3634,Men,Distance,2025,1,0,2,0,1,False
3677,Men,Sprints,2025,1,0,1,0,1,False
3687,Men,Sprints,2025,1,0,1,0,1,False
3689,Men,Distance,2025,1,0,1,0,1,False
3696,Men,Distance,2025,1,0,1,0,1,False
3698,Men,Jumps,2025,1,0,1,0,1,False
3709,Men,Distance,2025,1,0,1,0,1,False
3722,Men,Jumps,2025,1,0,1,0,1,False
3726,Men,Sprints,2025,1,0,1,0,1,False
3728,Men,Jumps,2025,1,0,1,0,1,False
3733,Men,Sprints,2025,2,0,2,0,2,False
3743,Men,Distance,2025,1,0,1,0,1,False
3754,Women,Sprints,2025,1,0,1,0,1,False
3755,Women,Distance,2025,3,0,5,0,3,False
3764,Men,Sprints,2025,3,0,3,0,3,False
3772,Men,Sprints,2025,3,0,4,0,3,False
3781,Men,Sprints,2025,3,0,5,0,3,False
3782,Men,Distance,2025,4,0,4,0,4,False
3787,Men,Distance,2025,1,0,1,0,1,False
3793,Women,Jumps,2025,1,0,2,0,1,False
3797,Women,Distance,2025,1,0,1,0,1,False
3798,Women,Jumps,2025,1,0,1,0,1,False
3809,Men,Jumps,2025,1,0,1,0,1,False
3809,Men,Sprints,2025,2,0,2,0,2,False
3810,Men,Throws,2025,2,0,2,0,2,False
3821,Women,Distance,2025,1,0,1,0,1,False
3823,Women,Distance,2025,1,0,1,0,1,False
3834,Men,Distance,2025,1,0,1,0,1,False
3848,Women,Distance,2025,1,0,3,0,1,False
3859,Men,Distance,2025,1,0,1,0,1,False
3864,Women,Distance,2025,2,0,3,0,2,False
3869,Women,Distance,2025,2,0,2,0,2,False
3877,Men,Sprints,2025,1,0,1,0,1,False
3882,Men,Sprints,2025,2,0,2,0,2,False
3884,Men,Distance,2025,4,0,4,0,4,False
3884,Men,Sprints,2025,1,0,1,0,1,False
3885,Men,Distance,2025,3,0,3,0,3,False
3887,Men,Distance,2025,3,0,3,0,3,False
3888,Women,Jumps,2025,1,0,1,0,1,False
3888,Women,Sprints,2025,2,0,2,0,2,False
3889,Women,Jumps,2025,1,0,1,0,1,False
3889,Women,Sprints,2025,1,0,1,0,1,False
3889,Women,Throws,2025,1,0,1,0,1,False
3891,Women,Sprints,2025,1,0,1,0,1,False
3891,Women,Throws,2025,1,0,1,0,1,False
3892,Women,Jumps,2025,2,0,2,0,2,False
3892,Women,Sprints,2025,1,0,1,0,1,False
3893,Women,Sprints,2025,2,0,2,0,2,False
3899,Men,Sprints,2025,1,0,1,0,1,False
3900,Men,Jumps,2025,4,0,4,0,4,False
3901,Men,Distance,2025,2,0,2,0,2,False
3902,Men,Distance,2025,2,0,2,0,2,False
3904,Men,Jumps,2025,1,0,1,0,1,False
3907,Men,Sprints,2025,2,0,2,0,2,False
3908,Men,Sprints,2025,2,0,2,0,2,False
3909,Men,Distance,2025,2,0,2,0,2,False
3912,Men,Sprints,2025,1,0,1,0,1,False
3916,Men,Sprints,2025,1,0,1,0,1,False
3922,Men,Distance,2025,2,0,2,0,2,False
3925,Men,Sprints,2025,1,0,1,0,1,False
3933,Women,Jumps,2025,1,0,1,0,1,False
3937,Women,Sprints,2025,2,0,3,0,2,False
3956,Women,Sprints,2025,1,0,1,0,1,False
3960,Men,Distance,2025,2,0,2,0,2,False
3963,Men,Distance,2025,1,0,2,0,1,False
3963,Men,Sprints,2025,1,0,1,0,1,False
3968,Women,Distance,2025,2,0,3,0,2,False
3975,Women,Sprints,2025,2,0,2,0,2,False
3976,Women,Sprints,2025,1,0,1,0,1,False
3978,Women,Distance,2025,2,0,2,0,2,False
3997,Men,Distance,2025,1,0,1,0,1,False
4000,Men,Throws,2025,1,0,1,0,1,False
4002,Men,Sprints,2025,1,0,1,0,1,False
4002,Men,Throws,2025,3,0,3,0,3,False
4019,Women,Jumps,2025,3,0,3,0,3,False
4020,Women,Sprints,2025,1,0,1,0,1,False
4023,Women,Sprints,2025,2,0,3,0,2,False
4028,Women,Jumps,2025,2,0,4,0,2,False
4030,Women,Jumps,2025,1,0,1,0,1,False
4031,Women,Jumps,2025,2,0,3,0,2,False
4032,Women,Jumps,2025,2,0,3,0,2,False
4033,Men,Jumps,2025,1,0,2,0,1,False
4035,Men,Throws,2025,1,0,1,0,1,False
4036,Men,Jumps,2025,3,0,3,0,3,False
4036,Men,Sprints,2025,2,0,4,0,2,False
4037,Men,Distance,2025,3,0,3,0,3,False
4038,Men,Jumps,2025,4,0,4,0,4,False
4044,Men,Distance,2025,1,0,1,0,1,False
4046,Men,Distance,2025,1,0,1,0,1,False
4050,Men,Sprints,2025,1,0,1,0,1,False
4076,Women,Throws,2025,2,0,2,0,2,False
4077,Men,Sprints,2025,2,0,3,0,2,False
4081,Men,Distance,2025,3,0,5,0,3,False
4081,Men,Jumps,2025,1,0,2,0,1,False
4081,Men,Sprints,2025,1,0,1,0,1,False
4082,Men,Distance,2025,2,0,2,0,2,False
4083,Men,Jumps,2025,3,0,3,0,3,False
4083,Men,Sprints,2025,1,0,1,0,1,False
4084,Men,Distance,2025,3,0,4,0,3,False
4092,Women,Distance,2025,3,0,8,0,3,False
4095,Men,Sprints,2025,2,0,3,0,2,False
4096,Men,Throws,2025,1,0,1,0,1,False
4110,Men,Jumps,2025,1,0,1,0,1,False
4115,Women,Distance,2025,1,0,1,0,1,False
4136,Men,Distance,2025,2,0,2,0,2,False
4138,Men,Distance,2025,2,0,3,0,2,False
4148,Men,Jumps,2025,1,0,1,0,1,False
4151,Women,Sprints,2025,1,0,1,0,1,False
4153,Women,Distance,2025,2,0,3,0,2,False
4215,Women,Distance,2025,3,0,3,0,3,False
4223,Women,Distance,2025,2,0,2,0,2,False
4225,Women,Sprints,2025,3,0,5,0,3,False
4226,Women,Distance,2025,3,0,3,0,3,False
4237,Women,Distance,2025,1,0,2,0,1,False
4241,Women,Distance,2025,1,0,1,0,1,False
4241,Women,Sprints,2025,1,0,1,0,1,False
4246,Women,Sprints,2025,1,0,1,0,1,False
4271,Women,Jumps,2025,2,0,3,0,2,False
4271,Women,Sprints,2025,1,0,1,0,1,False
4300,Women,Jumps,2025,3,0,3,0,3,False
4300,Women,Throws,2025,3,0,3,0,3,False
4309,Men,Jumps,2025,1,0,1,0,1,False
4309,Men,Sprints,2025,1,0,1,0,1,False
4318,Men,Sprints,2025,1,0,1,0,1,False
4324,Men,Sprints,2025,1,0,1,0,1,False
4327,Men,Distance,2025,1,0,1,0,1,False
4330,Men,Distance,2025,1,0,3,0,1,False
4330,Men,Sprints,2025,2,0,3,0,2,False
4334,Men,Distance,2025,1,0,1,0,1,False
4392,Men,Sprints,2025,1,0,1,0,1,False
4408,Men,Jumps,2025,3,0,3,0,3,False
4408,Men,Sprints,2025,2,0,2,0,2,False
4413,Men,Jumps,2025,5,0,6,0,5,False
4415,Men,Sprints,2025,3,0,4,0,3,False
4416,Men,Throws,2025,1,0,1,0,1,False
4418,Men,Sprints,2025,1,0,1,0,1,False
4420,Men,Distance,2025,1,0,1,0,1,False
4420,Men,Sprints,2025,1,0,1,0,1,False
4423,Men,Sprints,2025,3,0,3,0,3,False
4430,Men,Sprints,2025,2,0,2,0,2,False
4440,Men,Distance,2025,1,0,1,0,1,False
4450,Men,Distance,2025,2,0,2,0,2,False
4450,Men,Jumps,2025,2,0,2,0,2,False
4458,Men,Jumps,2025,1,0,1,0,1,False
4460,Men,Distance,2025,1,0,1,0,1,False
4462,Men,Jumps,2025,1,0,1,0,1,False
4470,Women,Distance,2025,1,0,1,0,1,False
4470,Women,Sprints,2025,1,0,1,0,1,False
4473,Men,Jumps,2025,1,0,1,0,1,False
4476,Men,Distance,2025,3,0,6,0,3,False
4476,Men,Sprints,2025,1,0,2,0,1,False
4478,Men,Sprints,2025,1,0,1,0,1,False
4479,Men,Jumps,2025,1,0,1,0,1,False
4479,Men,Sprints,2025,1,0,1,0,1,False
4480,Men,Sprints,2025,1,0,2,0,1,False
4481,Men,Jumps,2025,3,0,3,0,3,False
4482,Men,Distance,2025,1,0,1,0,1,False
4484,Men,Throws,2025,1,0,1,0,1,False
4492,Women,Sprints,2025,2,0,2,0,2,False
4496,Women,Jumps,2025,1,0,2,0,1,False
4504,Men,Distance,2025,1,0,1,0,1,False
4504,Men,Sprints,2025,1,0,1,0,1,False
4505,Men,Throws,2025,4,0,4,0,4,False
4508,Men,Throws,2025,1,0,1,0,1,False
4516,Men,Sprints,2025,4,0,4,0,4,False
4520,Women,Distance,2025,3,0,3,0,3,False
4529,Women,Distance,2025,1,0,1,0,1,False
4530,Men,Distance,2025,1,0,2,0,1,False
4537,Men,Jumps,2025,1,0,1,0,1,False
4611,Women,Jumps,2025,2,0,2,0,2,False
4611,Women,Sprints,2025,1,0,1,0,1,False
4612,Women,Distance,2025,2,0,3,0,2,False
4616,Women,Sprints,2025,1,0,1,0,1,False
4617,Women,Jumps,2025,2,0,3,0,2,False
4621,Men,Jumps,2025,3,0,3,0,3,False
4621,Men,Sprints,2025,1,0,1,0,1,False
4623,Men,Sprints,2025,2,0,3,0,2,False
4626,Men,Sprints,2025,3,0,3,0,3,False
4627,Men,Distance,2025,1,0,1,0,1,False
4645,Women,Sprints,2025,3,0,3,0,3,False
4647,Men,Sprints,2025,3,0,3,0,3,False
4656,Women,Distance,2025,1,0,1,0,1,False
4679,Women,Jumps,2025,1,0,1,0,1,False
4681,Women,Sprints,2025,1,0,1,0,1,False
4745,Women,Jumps,2025,1,0,1,0,1,False
4755,Women,Jumps,2025,1,0,1,0,1,False
4766,Women,Distance,2025,1,0,1,0,1,False
4768,Women,Distance,2025,1,0,1,0,1,False
4790,Women,Distance,2025,3,0,4,0,3,False
4791,Women,Distance,2025,3,0,4,0,3,False
4794,Women,Distance,2025,1,0,1,0,1,False
4801,Women,Distance,2025,1,0,1,0,1,False
4805,Women,Distance,2025,1,0,1,0,1,False
4807,Women,Jumps,2025,1,0,1,0,1,False
4811,Women,Distance,2025,1,0,1,0,1,False
4818,Women,Distance,2025,1,0,1,0,1,False
4841,Men,Distance,2025,2,0,2,0,2,False
4854,Men,Distance,2025,1,0,2,0,1,False
4864,Men,Distance,2025,1,0,1,0,1,False
4868,Men,Distance,2025,1,0,1,0,1,False
4869,Men,Sprints,2025,1,0,1,0,1,False
4870,Men,Throws,2025,2,0,2,0,2,False
4877,Men,Distance,2025,1,0,1,0,1,False
4877,Men,Throws,2025,1,0,1,0,1,False
4879,Men,Distance,2025,1,0,1,0,1,False
4879,Men,Throws,2025,1,0,1,0,1,False
4881,Men,Distance,2025,1,0,1,0,1,False
4883,Men,Distance,2025,1,0,1,0,1,False
4883,Men,Jumps,2025,1,0,1,0,1,False
4883,Men,Throws,2025,1,0,1,0,1,False
4884,Men,Distance,2025,1,0,1,0,1,False
4886,Men,Distance,2025,1,0,1,0,1,False
4889,Men,Distance,2025,1,0,1,0,1,False
4890,Men,Distance,2025,1,0,1,0,1,False
4891,Men,Distance,2025,1,0,1,0,1,False
4909,Men,Distance,2025,2,0,2,0,2,False
4913,Men,Distance,2025,1,0,1,0,1,False
4917,Men,Distance,2025,3,0,3,0,3,False
4918,Men,Distance,2025,1,0,1,0,1,False
4924,Men,Sprints,2025,1,0,1,0,1,False
4936,Men,Sprints,2025,2,0,4,0,2,False
4941,Men,Jumps,2025,2,0,2,0,2,False
4941,Men,Sprints,2025,1,0,1,0,1,False
4944,Men,Sprints,2025,3,0,3,0,3,False
4950,Men,Sprints,2025,1,0,1,0,1,False
4960,Women,Distance,2025,2,0,3,0,2,False
4966,Women,Sprints,2025,1,0,1,0,1,False
4971,Women,Distance,2025,2,0,4,0,2,False
4977,Women,Distance,2025,1,0,3,0,1,False
4977,Women,Sprints,2025,1,0,2,0,1,False
4984,Women,Jumps,2025,1,0,1,0,1,False
4994,Men,Sprints,2025,2,0,2,0,2,False
4999,Men,Sprints,2025,1,0,2,0,1,False
5002,Men,Distance,2025,2,0,5,0,2,False
5002,Men,Sprints,2025,1,0,2,0,1,False
5003,Men,Distance,2025,2,0,2,0,2,False
5006,Men,Distance,2025,2,0,4,0,2,False
5006,Men,Sprints,2025,1,0,2,0,1,False
5010,Men,Distance,2025,1,0,2,0,1,False
5011,Men,Distance,2025,1,0,2,0,1,False
5025,Men,Distance,2025,1,0,1,0,1,False
5030,Men,Jumps,2025,1,0,1,0,1,False
5033,Men,Distance,2025,2,0,2,0,2,False
5037,Men,Sprints,2025,1,0,2,0,1,False
5041,Men,Jumps,2025,1,0,1,0,1,False
5065,Women,Distance,2025,2,0,2,0,2,False
5130,Men,Distance,2025,2,0,4,0,2,False
5130,Men,Sprints,2025,1,0,2,0,1,False
5339,Men,Jumps,2025,1,0,1,0,1,False
5374,Men,Distance,2025,1,0,1,0,1,False
5523,Women,Distance,2025,1,0,1,0,1,False
5532,Women,Jumps,2025,1,0,2,0,1,False
5551,Men,Sprints,2025,1,0,1,0,1,False
5554,Men,Jumps,2025,1,0,1,0,1,False
5558,Men,Sprints,2025,2,0,3,0,2,False
5559,Men,Jumps,2025,1,0,1,0,1,False
5559,Men,Sprints,2025,2,0,2,0,2,False
5560,Men,Sprints,2025,1,0,1,0,1,False
5589,Men,Distance,2025,1,0,1,0,1,False
5598,Men,Distance,2025,2,0,2,0,2,False
5598,Men,Sprints,2025,3,0,3,0,3,False
5605,Men,Jumps,2025,1,0,1,0,1,False
5606,Men,Jumps,2025,3,0,8,0,3,False
5609,Women,Distance,2025,1,0,1,0,1,False
5609,Women,Sprints,2025,1,0,1,0,1,False
5645,Men,Distance,2025,2,0,2,0,2,False
5645,Men,Sprints,2025,1,0,1,0,1,False
5645,Men,Throws,2025,1,0,1,0,1,False
5648,Women,Sprints,2025,1,0,1,0,1,False
5652,Men,Distance,2025,1,0,1,0,1,False
5658,Women,Distance,2025,1,0,1,0,1,False
5661,Men,Distance,2025,1,0,2,0,1,False
5668,Men,Sprints,2025,1,0,1,0,1,False
5722,Men,Throws,2025,1,0,1,0,1,False
5726,Men,Distance,2025,1,0,1,0,1,False
5732,Men,Distance,2025,1,0,1,0,1,False
5733,Men,Distance,2025,2,0,4,0,2,False
5733,Men,Sprints,2025,1,0,2,0,1,False
5735,Men,Sprints,2025,2,0,2,0,2,False
5745,Men,Sprints,2025,1,0,1,0,1,False
5817,Men,Sprints,2025,1,0,1,0,1,False
5929,Men,Distance,2025,1,0,1,0,1,False
6407,Men,Distance,2025,2,0,3,0,2,False
6820,Men,Distance,2025,1,0,1,0,1,False
7009,Men,Distance,2025,1,0,1,0,1,False
7115,Women,Distance,2025,3,0,5,0,3,False
7162,Women,Distance,2025,1,0,1,0,1,False
7451,Men,Distance,2025,1,0,1,0,1,False
7639,Men,Jumps,2025,1,0,1,0,1,False
7641,Men,Distance,2025,2,0,3,0,2,False
7642,Men,Distance,2025,2,0,2,0,2,False
7643,Men,Distance,2025,1,0,1,0,1,False
7644,Men,Distance,2025,1,0,1,0,1,False
7689,Men,Distance,2025,2,0,3,0,2,False
7690,Men,Distance,2025,1,0,1,0,1,False
7691,Men,Distance,2025,2,0,3,0,2,False
7693,Men,Distance,2025,1,0,2,0,1,False
7705,Women,Distance,2025,1,0,1,0,1,False
7706,Women,Distance,2025,1,0,1,0,1,False
7780,Men,Distance,2025,1,0,2,0,1,False
7945,Women,Distance,2025,2,0,2,0,2,False
7954,Men,Jumps,2025,1,0,1,0,1,False
7959,Men,Distance,2025,1,0,1,0,1,False
7961,Men,Distance,2025,1,0,1,0,1,False
7972,Women,Distance,2025,1,0,1,0,1,False
7975,Men,Distance,2025,4,0,5,0,4,False
7976,Men,Distance,2025,5,0,6,0,5,False
7977,Men,Distance,2025,2,0,2,0,2,False
7981,Men,Distance,2025,1,0,2,0,1,False
7989,Women,Distance,2025,4,0,4,0,4,False
7991,Women,Distance,2025,2,0,3,0,2,False
7993,Women,Distance,2025,1,0,1,0,1,False
7998,Women,Distance,2025,1,0,1,0,1,False
8005,Men,Distance,2025,2,0,2,0,2,False
8007,Men,Distance,2025,2,0,2,0,2,False
8009,Men,Distance,2025,2,0,2,0,2,False
8011,Men,Distance,2025,2,0,3,0,2,False
8016,Men,Distance,2025,1,0,1,0,1,False
8019,Men,Distance,2025,3,0,5,0,3,False
8021,Men,Distance,2025,1,0,1,0,1,False
8027,Women,Distance,2025,1,0,2,0,1,False
8029,Women,Distance,2025,1,0,1,0,1,False
8032,Women,Distance,2025,1,0,1,0,1,False
8033,Women,Distance,2025,2,0,2,0,2,False
8033,Women,Sprints,2025,1,0,1,0,1,False
8042,Men,Distance,2025,2,0,2,0,2,False
8043,Men,Distance,2025,1,0,1,0,1,False
8045,Men,Distance,2025,1,0,1,0,1,False
8048,Men,Distance,2025,3,0,3,0,3,False
8048,Men,Throws,2025,1,0,1,0,1,False
8051,Men,Distance,2025,1,0,1,0,1,False
8052,Men,Sprints,2025,1,0,1,0,1,False
8057,Men,Distance,2025,1,0,1,0,1,False
8057,Men,Sprints,2025,1,0,1,0,1,False
8058,Men,Distance,2025,3,0,5,0,3,False
8060,Men,Distance,2025,3,0,3,0,3,False
8064,Men,Distance,2025,2,0,3,0,2,False
8068,Men,Distance,2025,3,0,4,0,3,False
8073,Men,Distance,2025,1,0,1,0,1,False
8074,Men,Distance,2025,2,0,2,0,2,False
8077,Men,Distance,2025,2,0,2,0,2,False
8084,Men,Distance,2025,1,0,1,0,1,False
8084,Men,Sprints,2025,1,0,1,0,1,False
8095,Men,Sprints,2025,1,0,1,0,1,False
8099,Men,Distance,2025,2,0,3,0,2,False
8104,Men,Distance,2025,3,0,3,0,3,False
8112,Women,Distance,2025,1,0,1,0,1,False
8113,Women,Distance,2025,2,0,3,0,2,False
8116,Women,Distance,2025,2,0,2,0,2,False
8117,Women,Distance,2025,2,0,2,0,2,False
8119,Women,Distance,2025,2,0,2,0,2,False
8120,Women,Distance,2025,1,0,1,0,1,False
8125,Women,Distance,2025,2,0,3,0,2,False
8126,Women,Distance,2025,1,0,1,0,1,False
8135,Women,Distance,2025,2,0,2,0,2,False
8146,Men,Distance,2025,4,0,5,0,4,False
8147,Men,Distance,2025,3,0,3,0,3,False
8183,Women,Distance,2025,4,0,6,0,4,False
10914,Men,Sprints,2025,2,0,2,0,2,False
10936,Men,Throws,2025,3,0,3,0,3,False
10980,Men,Distance,2025,1,0,1,0,1,False
11301,Men,Distance,2025,2,0,4,0,2,False
11303,Men,Distance,2025,3,0,4,0,3,False
11304,Men,Distance,2025,1,0,1,0,1,False
11305,Men,Distance,2025,1,0,1,0,1,False
11306,Men,Distance,2025,1,0,1,0,1,False
11310,Men,Distance,2025,2,0,4,0,2,False
11322,Men,Distance,2025,1,0,1,0,1,False
11322,Men,Sprints,2025,2,0,2,0,2,False
11323,Men,Distance,2025,5,0,5,0,5,False
11331,Men,Sprints,2025,2,0,3,0,2,False
11336,Women,Distance,2025,3,0,5,0,3,False
11338,Women,Distance,2025,2,0,4,0,2,False
11339,Women,Distance,2025,3,0,4,0,3,False
11340,Women,Distance,2025,1,0,2,0,1,False
11341,Women,Distance,2025,4,0,7,0,4,False
11342,Women,Distance,2025,1,0,1,0,1,False
11345,Women,Distance,2025,2,0,2,0,2,False
11345,Women,Throws,2025,2,0,2,0,2,False
11346,Women,Distance,2025,1,0,1,0,1,False
11348,Women,Distance,2025,4,0,4,0,4,False
11362,Women,Distance,2025,2,0,2,0,2,False
11370,Men,Distance,2025,3,0,3,0,3,False
11372,Men,Distance,2025,1,0,1,0,1,False
11372,Men,Sprints,2025,1,0,1,0,1,False
11376,Women,Distance,2025,2,0,2,0,2,False
11377,Women,Distance,2025,1,0,1,0,1,False
11386,Men,Distance,2025,1,0,2,0,1,False
11387,Men,Distance,2025,1,0,1,0,1,False
11391,Men,Distance,2025,1,0,1,0,1,False
11394,Men,Distance,2025,1,0,1,0,1,False
11404,Men,Distance,2025,1,0,2,0,1,False
11417,Men,Distance,2025,2,0,2,0,2,False
11417,Men,Jumps,2025,1,0,1,0,1,False
11422,Men,Distance,2025,1,0,1,0,1,False
11456,Women,Distance,2025,1,0,1,0,1,False
11483,Men,Distance,2025,1,0,1,0,1,False
11485,Men,Distance,2025,3,0,3,0,3,False
11490,Men,Distance,2025,2,0,2,0,2,False
11491,Men,Distance,2025,1,0,1,0,1,False
11493,Men,Distance,2025,2,0,2,0,2,False
16114,Men,Distance,2025,1,0,1,0,1,False
16115,Men,Distance,2025,1,0,1,0,1,False
16126,Men,Distance,2025,1,0,1,0,1,False
16127,Men,Distance,2025,1,0,1,0,1,False
16133,Men,Distance,2025,1,0,1,0,1,False
16134,Men,Distance,2025,1,0,1,0,1,False
16136,Men,Distance,2025,1,0,1,0,1,False
16140,Men,Distance,2025,1,0,1,0,1,False
16155,Women,Distance,2025,1,0,1,0,1,False
16158,Women,Distance,2025,1,0,1,0,1,False
16172,Women,Distance,2025,1,0,2,0,1,False
17562,Women,Distance,2025,2,0,2,0,2,False
17659,Men,Distance,2025,1,0,1,0,1,False
18037,Women,Distance,2025,1,0,1,0,1,False
18085,Men,Distance,2025,1,0,1,0,1,False
18115,Men,Distance,2025,1,0,1,0,1,False
18131,Men,Distance,2025,2,0,3,0,2,False
18250,Men,Distance,2025,2,0,2,0,2,False
18259,Men,Distance,2025,1,0,1,0,1,False
18271,Women,Distance,2025,1,0,1,0,1,False
18319,Men,Distance,2025,1,0,1,0,1,False
18559,Men,Distance,2025,1,0,3,0,1,False
18561,Men,Distance,2025,1,0,1,0,1,False
18562,Men,Distance,2025,3,0,3,0,3,False
18563,Men,Distance,2025,3,0,3,0,3,False
18563,Men,Sprints,2025,1,0,1,0,1,False
18564,Men,Distance,2025,3,0,3,0,3,False
18564,Men,Sprints,2025,1,0,1,0,1,False
18565,Men,Distance,2025,2,0,3,0,2,False
18566,Men,Distance,2025,1,0,2,0,1,False
18567,Men,Distance,2025,2,0,2,0,2,False
18569,Men,Distance,2025,1,0,1,0,1,False
18569,Men,Sprints,2025,1,0,1,0,1,False
18570,Men,Distance,2025,2,0,3,0,2,False
18571,Men,Distance,2025,2,0,3,0,2,False
18577,Men,Distance,2025,2,0,3,0,2,False
18578,Men,Distance,2025,1,0,1,0,1,False
18579,Men,Distance,2025,1,0,1,0,1,False
18579,Men,Sprints,2025,1,0,1,0,1,False
18581,Men,Distance,2025,1,0,1,0,1,False
18583,Men,Distance,2025,2,0,2,0,2,False
18585,Men,Distance,2025,2,0,4,0,2,False
18585,Men,Sprints,2025,1,0,2,0,1,False
18590,Men,Distance,2025,1,0,1,0,1,False
18593,Women,Distance,2025,1,0,3,0,1,False
18595,Women,Distance,2025,3,0,5,0,3,False
18596,Women,Distance,2025,1,0,1,0,1,False
18601,Women,Distance,2025,1,0,2,0,1,False
18636,Men,Throws,2025,1,0,1,0,1,False
18710,Men,Sprints,2025,1,0,2,0,1,False
18726,Women,Throws,2025,1,0,1,0,1,False
18728,Men,Distance,2025,1,0,1,0,1,False
18730,Men,Distance,2025,3,0,3,0,3,False
18731,Men,Distance,2025,1,0,1,0,1,False
18733,Men,Distance,2025,3,0,3,0,3,False
18736,Men,Distance,2025,4,0,4,0,4,False
18736,Men,Jumps,2025,1,0,1,0,1,False
18758,Women,Distance,2025,1,0,1,0,1,False
18760,Women,Distance,2025,1,0,1,0,1,False
18770,Men,Distance,2025,1,0,1,0,1,False
18772,Men,Distance,2025,1,0,1,0,1,False
18782,Men,Distance,2025,1,0,1,0,1,False
18787,Men,Distance,2025,2,0,4,0,2,False
18791,Men,Distance,2025,2,0,2,0,2,False
18794,Women,Distance,2025,3,0,5,0,3,False
18807,Men,Distance,2025,1,0,1,0,1,False
18812,Women,Distance,2025,2,0,4,0,2,False
18813,Women,Distance,2025,1,0,1,0,1,False
18816,Women,Distance,2025,1,0,1,0,1,False
18817,Women,Distance,2025,1,0,1,0,1,False
18819,Women,Distance,2025,1,0,2,0,1,False
18820,Women,Distance,2025,1,0,3,0,1,False
18820,Women,Sprints,2025,1,0,2,0,1,False
18822,Women,Distance,2025,1,0,1,0,1,False
18823,Women,Distance,2025,2,0,2,0,2,False
18826,Women,Distance,2025,2,0,4,0,2,False
18826,Women,Sprints,2025,1,0,2,0,1,False
18828,Women,Distance,2025,1,0,1,0,1,False
18832,Women,Distance,2025,1,0,1,0,1,False
18832,Women,Sprints,2025,1,0,1,0,1,False
18833,Women,Distance,2025,1,0,1,0,1,False
18836,Women,Distance,2025,1,0,2,0,1,False
18839,Women,Distance,2025,1,0,1,0,1,False
18841,Women,Distance,2025,2,0,4,0,2,False
18842,Women,Distance,2025,1,0,1,0,1,False
18847,Women,Distance,2025,1,0,1,0,1,False
18849,Women,Distance,2025,2,0,2,0,2,False
18850,Women,Distance,2025,2,0,2,0,2,False
18851,Women,Distance,2025,2,0,4,0,2,False
18855,Women,Distance,2025,3,0,5,0,3,False
18855,Women,Sprints,2025,1,0,2,0,1,False
18860,Women,Distance,2025,3,0,6,0,3,False
18865,Men,Distance,2025,2,0,2,0,2,False
18866,Men,Distance,2025,2,0,2,0,2,False
18866,Men,Sprints,2025,1,0,1,0,1,False
18867,Men,Distance,2025,2,0,2,0,2,False
18869,Men,Distance,2025,2,0,3,0,2,False
18870,Men,Distance,2025,1,0,1,0,1,False
18874,Men,Distance,2025,2,0,3,0,2,False
18875,Men,Distance,2025,1,0,1,0,1,False
18876,Men,Distance,2025,1,0,1,0,1,False
18877,Men,Distance,2025,2,0,3,0,2,False
18877,Men,Sprints,2025,1,0,1,0,1,False
18878,Men,Sprints,2025,1,0,1,0,1,False
18880,Men,Distance,2025,1,0,1,0,1,False
18885,Men,Distance,2025,1,0,3,0,1,False
18885,Men,Sprints,2025,1,0,2,0,1,False
18892,Men,Distance,2025,2,0,2,0,2,False
18895,Men,Distance,2025,2,0,2,0,2,False
18898,Men,Distance,2025,1,0,1,0,1,False
18899,Men,Distance,2025,1,0,1,0,1,False
18911,Women,Distance,2025,3,0,4,0,3,False
18913,Women,Distance,2025,3,0,3,0,3,False
18915,Men,Distance,2025,1,0,1,0,1,False
18927,Women,Distance,2025,1,0,1,0,1,False
18932,Women,Distance,2025,2,0,2,0,2,False
18933,Women,Distance,2025,1,0,1,0,1,False
18934,Women,Distance,2025,1,0,1,0,1,False
18938,Women,Distance,2025,2,0,2,0,2,False
18942,Women,Distance,2025,1,0,1,0,1,False
18950,Women,Distance,2025,1,0,1,0,1,False
18951,Women,Distance,2025,1,0,1,0,1,False
18963,Men,Distance,2025,2,0,3,0,2,False
19003,Men,Distance,2025,2,0,3,0,2,False
19010,Men,Distance,2025,1,0,2,0,1,False
19016,Men,Distance,2025,1,0,1,0,1,False
19360,Women,Distance,2025,1,0,1,0,1,False
19361,Women,Distance,2025,2,0,2,0,2,False
19361,Women,Jumps,2025,1,0,1,0,1,False
19362,Men,Distance,2025,2,0,2,0,2,False
19368,Women,Distance,2025,1,0,1,0,1,False
19381,Men,Sprints,2025,1,0,1,0,1,False
19390,Men,Distance,2025,3,0,4,0,3,False
19392,Men,Sprints,2025,1,0,1,0,1,False
19393,Men,Distance,2025,1,0,1,0,1,False
19394,Men,Distance,2025,2,0,4,0,2,False
19398,Men,Distance,2025,1,0,1,0,1,False
19402,Men,Distance,2025,2,0,2,0,2,False
19406,Men,Distance,2025,2,0,2,0,2,False
19407,Men,Distance,2025,1,0,1,0,1,False
19411,Men,Distance,2025,1,0,1,0,1,False
19411,Men,Sprints,2025,1,0,1,0,1,False
19413,Men,Distance,2025,1,0,1,0,1,False
19414,Men,Distance,2025,3,0,3,0,3,False
19418,Men,Distance,2025,1,0,1,0,1,False
19419,Men,Distance,2025,2,0,2,0,2,False
19421,Men,Sprints,2025,1,0,1,0,1,False
19422,Men,Distance,2025,4,0,4,0,4,False
19422,Men,Jumps,2025,1,0,1,0,1,False
19424,Men,Distance,2025,2,0,3,0,2,False
19425,Men,Sprints,2025,1,0,1,0,1,False
19427,Men,Distance,2025,1,0,1,0,1,False
19430,Men,Distance,2025,1,0,1,0,1,False
19431,Men,Distance,2025,1,0,1,0,1,False
19434,Men,Distance,2025,3,0,3,0,3,False
19434,Men,Sprints,2025,1,0,1,0,1,False
19435,Men,Distance,2025,1,0,2,0,1,False
19437,Men,Distance,2025,1,0,1,0,1,False
19440,Men,Distance,2025,1,0,1,0,1,False
19442,Men,Distance,2025,2,0,2,0,2,False
19442,Men,Sprints,2025,4,0,4,0,4,False
19447,Women,Distance,2025,1,0,1,0,1,False
19449,Women,Distance,2025,3,0,5,0,3,False
19450,Women,Distance,2025,1,0,1,0,1,False
19453,Women,Distance,2025,1,0,1,0,1,False
19457,Women,Distance,2025,1,0,1,0,1,False
19463,Women,Distance,2025,2,0,3,0,2,False
19465,Women,Distance,2025,1,0,1,0,1,False
19468,Women,Distance,2025,4,0,4,0,4,False
19469,Women,Distance,2025,3,0,3,0,3,False
19473,Women,Distance,2025,1,0,1,0,1,False
19498,Men,Sprints,2025,1,0,1,0,1,False
19502,Men,Distance,2025,3,0,5,0,3,False
19503,Men,Distance,2025,3,0,4,0,3,False
19504,Women,Distance,2025,1,0,2,0,1,False
19505,Women,Distance,2025,3,0,3,0,3,False
19506,Women,Distance,2025,3,0,5,0,3,False
19510,Women,Distance,2025,3,0,3,0,3,False
19512,Women,Distance,2025,3,0,4,0,3,False
19514,Women,Distance,2025,1,0,1,0,1,False
19515,Women,Distance,2025,1,0,1,0,1,False
19519,Women,Distance,2025,1,0,1,0,1,False
19520,Women,Distance,2025,2,0,2,0,2,False
19522,Women,Distance,2025,2,0,2,0,2,False
19522,Women,Sprints,2025,1,0,1,0,1,False
19524,Women,Distance,2025,2,0,2,0,2,False
19524,Women,Jumps,2025,1,0,1,0,1,False
19527,Women,Distance,2025,1,0,1,0,1,False
19534,Men,Distance,2025,1,0,2,0,1,False
19536,Men,Distance,2025,2,0,3,0,2,False
19538,Men,Distance,2025,2,0,2,0,2,False
19539,Men,Distance,2025,1,0,1,0,1,False
19550,Men,Distance,2025,1,0,1,0,1,False
19553,Men,Distance,2025,1,0,1,0,1,False
19558,Men,Distance,2025,2,0,2,0,2,False
19559,Men,Distance,2025,3,0,3,0,3,False
19561,Men,Distance,2025,2,0,2,0,2,False
19564,Men,Distance,2025,1,0,1,0,1,False
19569,Men,Distance,2025,1,0,1,0,1,False
19573,Men,Distance,2025,2,0,2,0,2,False
19576,Men,Distance,2025,1,0,1,0,1,False
19578,Men,Distance,2025,1,0,1,0,1,False
19582,Men,Distance,2025,1,0,1,0,1,False
19586,Men,Distance,2025,1,0,1,0,1,False
19586,Men,Jumps,2025,1,0,1,0,1,False
19588,Women,Distance,2025,1,0,1,0,1,False
19599,Men,Distance,2025,1,0,1,0,1,False
19600,Men,Distance,2025,4,0,4,0,4,False
19608,Women,Distance,2025,1,0,1,0,1,False
19612,Women,Distance,2025,1,0,1,0,1,False
19613,Women,Distance,2025,1,0,1,0,1,False
19622,Men,Distance,2025,1,0,1,0,1,False
19624,Men,Distance,2025,1,0,2,0,1,False
19626,Men,Distance,2025,2,0,2,0,2,False
19627,Men,Distance,2025,2,0,2,0,2,False
19629,Men,Distance,2025,1,0,1,0,1,False
19631,Men,Distance,2025,2,0,2,0,2,False
19634,Men,Distance,2025,1,0,2,0,1,False
19635,Men,Distance,2025,2,0,2,0,2,False
19637,Men,Distance,2025,2,0,4,0,2,False
19637,Men,Sprints,2025,1,0,1,0,1,False
19641,Men,Sprints,2025,1,0,2,0,1,False
19642,Men,Distance,2025,2,0,3,0,2,False
19643,Men,Distance,2025,1,0,1,0,1,False
19644,Men,Distance,2025,1,0,1,0,1,False
19646,Men,Distance,2025,1,0,1,0,1,False
19649,Men,Distance,2025,3,0,3,0,3,False
19650,Men,Distance,2025,1,0,1,0,1,False
19651,Men,Distance,2025,1,0,1,0,1,False
19654,Men,Distance,2025,1,0,1,0,1,False
19656,Men,Distance,2025,1,0,1,0,1,False
19664,Men,Sprints,2025,1,0,1,0,1,False
19666,Men,Distance,2025,1,0,1,0,1,False
20392,Men,Distance,2025,1,0,1,0,1,False
20394,Women,Distance,2025,2,0,2,0,2,False
20396,Women,Distance,2025,1,0,1,0,1,False
20404,Women,Distance,2025,1,0,2,0,1,False
20405,Women,Distance,2025,1,0,1,0,1,False
20428,Men,Distance,2025,1,0,1,0,1,False
20434,Men,Distance,2025,1,0,1,0,1,False
20464,Women,Distance,2025,1,0,1,0,1,False
20465,Women,Distance,2025,1,0,1,0,1,False
20468,Men,Distance,2025,1,0,1,0,1,False
20469,Men,Distance,2025,1,0,1,0,1,False
20470,Men,Distance,2025,1,0,1,0,1,False
20476,Men,Distance,2025,1,0,1,0,1,False
20479,Men,Distance,2025,1,0,1,0,1,False
20483,Women,Distance,2025,1,0,1,0,1,False
20763,Women,Distance,2025,3,0,4,0,3,False
20764,Women,Distance,2025,1,0,2,0,1,False
20766,Men,Distance,2025,1,0,1,0,1,False
21206,Men,Distance,2025,1,0,1,0,1,False
21207,Men,Distance,2025,1,0,1,0,1,False
21215,Women,Distance,2025,1,0,1,0,1,False
21232,Men,Distance,2025,1,0,1,0,1,False
21237,Men,Distance,2025,3,0,4,0,3,False
21241,Men,Distance,2025,1,0,2,0,1,False
21470,Men,Distance,2025,1,0,1,0,1,False
21471,Men,Distance,2025,3,0,5,0,3,False
21472,Men,Distance,2025,2,0,2,0,2,False
21473,Men,Distance,2025,1,0,1,0,1,False
21474,Men,Distance,2025,3,0,3,0,3,False
21479,Men,Distance,2025,1,0,1,0,1,False
21480,Men,Distance,2025,1,0,1,0,1,False
22348,Men,Distance,2025,1,0,1,0,1,False
22353,Women,Distance,2025,2,0,4,0,2,False
22355,Women,Distance,2025,1,0,1,0,1,False
22359,Women,Distance,2025,1,0,1,0,1,False
22369,Women,Sprints,2025,2,0,2,0,2,False
22371,Women,Distance,2025,1,0,1,0,1,False
22372,Women,Distance,2025,1,0,1,0,1,False
22379,Men,Distance,2025,1,0,1,0,1,False
22384,Men,Distance,2025,1,0,1,0,1,False
22568,Men,Distance,2025,1,0,1,0,1,False
22570,Men,Distance,2025,2,0,2,0,2,False
22572,Men,Distance,2025,2,0,4,0,2,False
23462,Women,Distance,2025,3,0,4,0,3,False
23464,Women,Distance,2025,1,0,2,0,1,False
23467,Women,Distance,2025,1,0,1,0,1,False
23467,Women,Jumps,2025,1,0,1,0,1,False
23472,Men,Distance,2025,3,0,3,0,3,False
23473,Men,Distance,2025,3,0,3,0,3,False
23475,Men,Distance,2025,3,0,3,0,3,False
23476,Men,Distance,2025,2,0,2,0,2,False
23480,Men,Sprints,2025,1,0,1,0,1,False
23483,Men,Jumps,2025,2,0,2,0,2,False
23549,Women,Distance,2025,1,0,2,0,1,False
23552,Women,Distance,2025,1,0,1,0,1,False
23553,Women,Distance,2025,1,0,1,0,1,False
23554,Women,Distance,2025,2,0,3,0,2,False
23567,Women,Sprints,2025,1,0,1,0,1,False
23568,Men,Distance,2025,1,0,1,0,1,False
23581,Men,Distance,2025,2,0,2,0,2,False
23583,Men,Distance,2025,2,0,3,0,2,False
23599,Men,Distance,2025,1,0,2,0,1,False
23599,Men,Sprints,2025,1,0,1,0,1,False
23882,Women,Distance,2025,3,0,3,0,3,False
24356,Men,Sprints,2025,1,0,1,0,1,False
24357,Men,Sprints,2025,1,0,1,0,1,False
24358,Men,Sprints,2025,1,0,1,0,1,False
24359,Men,Jumps,2025,1,0,1,0,1,False
24360,Women,Distance,2025,2,0,2,0,2,False
24361,Men,Distance,2025,1,0,1,0,1,False
24362,Women,Sprints,2025,2,0,2,0,2,False
24363,Men,Jumps,2025,2,0,2,0,2,False
24363,Men,Sprints,2025,1,0,1,0,1,False
24364,Women,Sprints,2025,1,0,2,0,1,False
24365,Women,Jumps,2025,1,0,1,0,1,False
24366,Women,Distance,2025,2,0,2,0,2,False
24366,Women,Jumps,2025,1,0,1,0,1,False
24367,Men,Distance,2025,2,0,2,0,2,False
24368,Men,Sprints,2025,2,0,2,0,2,False
24369,Men,Jumps,2025,1,0,1,0,1,False
24369,Men,Sprints,2025,1,0,1,0,1,False
24370,Men,Sprints,2025,2,0,2,0,2,False
24372,Men,Jumps,2025,2,0,4,0,2,False
24373,Men,Sprints,2025,2,0,2,0,2,False
24374,Men,Distance,2025,1,0,1,0,1,False
24375,Women,Sprints,2025,1,0,1,0,1,False
24376,Women,Jumps,2025,1,0,1,0,1,False
24376,Women,Sprints,2025,1,0,1,0,1,False
24377,Men,Sprints,2025,3,0,4,0,3,False
24379,Women,Jumps,2025,6,0,6,0,6,False
24380,Women,Sprints,2025,1,0,1,0,1,False
24383,Men,Sprints,2025,3,0,4,0,3,False
24384,Men,Distance,2025,1,0,1,0,1,False
24384,Men,Sprints,2025,2,0,3,0,2,False
24385,Men,Distance,2025,1,0,1,0,1,False
24386,Women,Sprints,2025,1,0,1,0,1,False
24387,Men,Sprints,2025,2,0,2,0,2,False
24388,Men,Sprints,2025,4,0,5,0,4,False
24389,Women,Distance,2025,2,0,2,0,2,False
24390,Men,Sprints,2025,2,0,2,0,2,False
24392,Men,Jumps,2025,3,0,3,0,3,False
24394,Men,Sprints,2025,1,0,1,0,1,False
24395,Men,Sprints,2025,1,0,1,0,1,False
24396,Men,Jumps,2025,4,0,7,0,4,False
24399,Men,Distance,2025,3,0,4,0,3,False
24400,Women,Sprints,2025,1,0,1,0,1,False
24401,Men,Distance,2025,1,0,1,0,1,False
24401,Men,Sprints,2025,3,0,4,0,3,False
24402,Men,Jumps,2025,1,0,1,0,1,False
24402,Men,Sprints,2025,1,0,1,0,1,False
24403,Men,Sprints,2025,1,0,1,0,1,False
24404,Men,Distance,2025,1,0,1,0,1,False
24404,Men,Jumps,2025,1,0,1,0,1,False
24407,Men,Jumps,2025,2,0,2,0,2,False
24407,Men,Sprints,2025,2,0,2,0,2,False
24408,Women,Distance,2025,5,0,7,0,5,False
24412,Women,Sprints,2025,1,0,1,0,1,False
24413,Women,Sprints,2025,2,0,3,0,2,False
24415,Men,Sprints,2025,2,0,3,0,2,False
24417,Men,Sprints,2025,1,0,1,0,1,False
24418,Men,Sprints,2025,2,0,3,0,2,False
24419,Women,Distance,2025,1,0,1,0,1,False
24421,Men,Distance,2025,3,0,4,0,3,False
24421,Men,Sprints,2025,2,0,2,0,2,False
24424,Men,Throws,2025,3,0,3,0,3,False
24425,Men,Throws,2025,1,0,1,0,1,False
24426,Men,Sprints,2025,1,0,1,0,1,False
24427,Men,Sprints,2025,1,0,1,0,1,False
24428,Men,Sprints,2025,3,0,3,0,3,False
24430,Women,Sprints,2025,1,0,1,0,1,False
24431,Women,Sprints,2025,2,0,2,0,2,False
24433,Women,Sprints,2025,2,0,2,0,2,False
24435,Men,Sprints,2025,4,0,4,0,4,False
24437,Men,Distance,2025,1,0,1,0,1,False
24438,Men,Sprints,2025,2,0,2,0,2,False
24439,Men,Distance,2025,1,0,1,0,1,False
24440,Men,Jumps,2025,1,0,1,0,1,False
24441,Men,Distance,2025,1,0,1,0,1,False
24443,Men,Sprints,2025,1,0,1,0,1,False
24449,Men,Jumps,2025,1,0,1,0,1,False
24451,Men,Distance,2025,1,0,1,0,1,False
24452,Men,Distance,2025,3,0,4,0,3,False
24454,Men,Throws,2025,2,0,2,0,2,False
24458,Men,Sprints,2025,1,0,1,0,1,False
24461,Men,Sprints,2025,3,0,3,0,3,False
24462,Men,Sprints,2025,1,0,1,0,1,False
24467,Men,Distance,2025,2,0,2,0,2,False
24467,Men,Sprints,2025,2,0,2,0,2,False
24468,Men,Sprints,2025,2,0,2,0,2,False
24469,Men,Sprints,2025,1,0,1,0,1,False
24471,Men,Sprints,2025,1,0,1,0,1,False
24472,Women,Sprints,2025,2,0,2,0,2,False
24473,Men,Sprints,2025,1,0,1,0,1,False
24474,Men,Sprints,2025,1,0,1,0,1,False
24531,Women,Sprints,2025,1,0,1,0,1,False
24535,Women,Sprints,2025,1,0,1,0,1,False
24538,Men,Sprints,2025,1,0,1,0,1,False
24538,Men,Throws,2025,2,0,2,0,2,False
24539,Men,Sprints,2025,2,0,2,0,2,False
24540,Men,Sprints,2025,3,0,3,0,3,False
24543,Men,Sprints,2025,2,0,2,0,2,False
24546,Men,Sprints,2025,1,0,1,0,1,False
24547,Men,Distance,2025,1,0,2,0,1,False
24549,Men,Distance,2025,1,0,1,0,1,False
24549,Men,Sprints,2025,4,0,4,0,4,False
24550,Men,Sprints,2025,1,0,1,0,1,False
24551,Men,Sprints,2025,3,0,3,0,3,False
24552,Men,Distance,2025,2,0,2,0,2,False
24554,Men,Distance,2025,4,0,4,0,4,False
24555,Men,Distance,2025,3,0,3,0,3,False
24555,Men,Sprints,2025,1,0,1,0,1,False
24558,Men,Jumps,2025,4,0,7,0,4,False
24559,Men,Jumps,2025,3,0,6,0,3,False
24560,Men,Jumps,2025,2,0,2,0,2,False
24561,Men,Throws,2025,3,0,3,0,3,False
24565,Men,Sprints,2025,1,0,1,0,1,False
24566,Men,Sprints,2025,2,0,2,0,2,False
24568,Men,Jumps,2025,1,0,1,0,1,False
24568,Men,Sprints,2025,1,0,1,0,1,False
24569,Men,Distance,2025,3,0,4,0,3,False
24577,Men,Sprints,2025,2,0,2,0,2,False
24579,Women,Sprints,2025,1,0,1,0,1,False
24584,Men,Jumps,2025,1,0,1,0,1,False
24587,Men,Throws,2025,3,0,3,0,3,False
24588,Men,Throws,2025,3,0,3,0,3,False
24590,Women,Throws,2025,3,0,3,0,3,False
24597,Men,Distance,2025,1,0,1,0,1,False
24599,Men,Throws,2025,3,0,3,0,3,False
24603,Women,Sprints,2025,4,0,6,0,4,False
24606,Women,Throws,2025,1,0,1,0,1,False
24609,Men,Distance,2025,1,0,1,0,1,False
24610,Men,Distance,2025,2,0,2,0,2,False
24610,Men,Sprints,2025,1,0,1,0,1,False
24611,Men,Sprints,2025,1,0,1,0,1,False
24613,Men,Jumps,2025,2,0,2,0,2,False
24614,Men,Throws,2025,1,0,1,0,1,False
24615,Men,Jumps,2025,2,0,4,0,2,False
24616,Men,Jumps,2025,1,0,1,0,1,False
24617,Men,Jumps,2025,1,0,1,0,1,False
24619,Women,Sprints,2025,2,0,3,0,2,False
24620,Men,Sprints,2025,3,0,3,0,3,False
24621,Men,Distance,2025,3,0,3,0,3,False
24621,Men,Sprints,2025,1,0,1,0,1,False
24622,Men,Distance,2025,2,0,2,0,2,False
24623,Women,Sprints,2025,1,0,1,0,1,False
24625,Women,Sprints,2025,2,0,3,0,2,False
24627,Women,Distance,2025,2,0,2,0,2,False
24628,Men,Sprints,2025,1,0,1,0,1,False
24629,Men,Sprints,2025,2,0,2,0,2,False
24630,Men,Sprints,2025,2,0,2,0,2,False
24631,Men,Sprints,2025,2,0,2,0,2,False
24632,Men,Sprints,2025,2,0,2,0,2,False
24634,Men,Sprints,2025,3,0,5,0,3,False
24638,Men,Distance,2025,2,0,2,0,2,False
24639,Men,Distance,2025,1,0,1,0,1,False
24644,Men,Distance,2025,3,0,3,0,3,False
24645,Men,Distance,2025,2,0,2,0,2,False
24646,Men,Distance,2025,1,0,1,0,1,False
24647,Men,Distance,2025,2,0,2,0,2,False
24649,Men,Distance,2025,2,0,3,0,2,False
24650,Men,Sprints,2025,1,0,1,0,1,False
24651,Men,Distance,2025,2,0,2,0,2,False
24652,Women,Distance,2025,1,0,1,0,1,False
24654,Men,Sprints,2025,1,0,1,0,1,False
24655,Men,Distance,2025,2,0,2,0,2,False
24656,Women,Distance,2025,1,0,1,0,1,False
24658,Women,Jumps,2025,2,0,2,0,2,False
24659,Men,Sprints,2025,2,0,2,0,2,False
24661,Men,Jumps,2025,3,0,3,0,3,False
24661,Men,Sprints,2025,2,0,2,0,2,False
24661,Men,Throws,2025,1,0,1,0,1,False
24662,Women,Sprints,2025,2,0,2,0,2,False
24662,Women,Throws,2025,2,0,2,0,2,False
24664,Men,Sprints,2025,2,0,2,0,2,False
24665,Men,Distance,2025,2,0,2,0,2,False
24666,Women,Distance,2025,2,0,3,0,2,False
24667,Women,Sprints,2025,2,0,2,0,2,False
24668,Women,Jumps,2025,2,0,2,0,2,False
24670,Men,Sprints,2025,2,0,2,0,2,False
24681,Women,Sprints,2025,2,0,2,0,2,False
24685,Women,Distance,2025,1,0,1,0,1,False
24687,Women,Sprints,2025,2,0,2,0,2,False
24689,Women,Sprints,2025,1,0,1,0,1,False
24690,Men,Sprints,2025,2,0,3,0,2,False
24691,Men,Jumps,2025,1,0,1,0,1,False
24691,Men,Sprints,2025,1,0,1,0,1,False
24692,Men,Sprints,2025,1,0,1,0,1,False
24693,Men,Sprints,2025,1,0,1,0,1,False
24694,Men,Sprints,2025,1,0,1,0,1,False
24695,Men,Sprints,2025,1,0,1,0,1,False
24696,Men,Sprints,2025,2,0,2,0,2,False
24698,Men,Distance,2025,3,0,4,0,3,False
24699,Men,Distance,2025,2,0,2,0,2,False
24700,Men,Distance,2025,1,0,1,0,1,False
24701,Men,Throws,2025,2,0,2,0,2,False
24702,Men,Sprints,2025,2,0,2,0,2,False
24703,Men,Distance,2025,1,0,1,0,1,False
24704,Men,Distance,2025,1,0,2,0,1,False
24705,Men,Distance,2025,3,0,4,0,3,False
24706,Men,Distance,2025,3,0,3,0,3,False
24707,Men,Sprints,2025,2,0,2,0,2,False
24708,Men,Distance,2025,1,0,1,0,1,False
24710,Men,Sprints,2025,1,0,2,0,1,False
24711,Men,Distance,2025,2,0,2,0,2,False
24711,Men,Sprints,2025,1,0,1,0,1,False
24712,Women,Jumps,2025,3,0,3,0,3,False
24713,Women,Sprints,2025,2,0,3,0,2,False
24714,Women,Distance,2025,1,0,1,0,1,False
24714,Women,Sprints,2025,1,0,1,0,1,False
24715,Women,Distance,2025,1,0,1,0,1,False
24716,Women,Distance,2025,2,0,2,0,2,False
24717,Women,Sprints,2025,1,0,1,0,1,False
24719,Men,Distance,2025,1,0,1,0,1,False
24720,Men,Distance,2025,4,0,5,0,4,False
24721,Men,Distance,2025,1,0,1,0,1,False
24722,Women,Sprints,2025,1,0,1,0,1,False
24723,Women,Distance,2025,1,0,1,0,1,False
24724,Women,Distance,2025,1,0,1,0,1,False
24725,Women,Jumps,2025,2,0,2,0,2,False
24725,Women,Sprints,2025,1,0,1,0,1,False
24726,Women,Sprints,2025,1,0,1,0,1,False
24729,Women,Throws,2025,1,0,1,0,1,False
24730,Women,Throws,2025,1,0,1,0,1,False
24731,Men,Sprints,2025,1,0,1,0,1,False
24732,Men,Sprints,2025,1,0,1,0,1,False
24734,Men,Sprints,2025,1,0,1,0,1,False
24735,Men,Distance,2025,1,0,1,0,1,False
24737,Men,Distance,2025,1,0,1,0,1,False
24738,Men,Jumps,2025,1,0,1,0,1,False
24801,Men,Distance,2025,1,0,1,0,1,False
24803,Men,Sprints,2025,2,0,2,0,2,False
24805,Men,Distance,2025,1,0,1,0,1,False
24806,Men,Distance,2025,1,0,1,0,1,False
24807,Men,Sprints,2025,1,0,1,0,1,False
24811,Men,Distance,2025,1,0,1,0,1,False
24813,Women,Jumps,2025,1,0,1,0,1,False
24814,Women,Jumps,2025,1,0,1,0,1,False
24815,Men,Throws,2025,1,0,1,0,1,False
24817,Women,Distance,2025,2,0,2,0,2,False
24818,Women,Distance,2025,1,0,1,0,1,False
24819,Women,Distance,2025,1,0,1,0,1,False
24820,Men,Distance,2025,1,0,2,0,1,False
24821,Men,Distance,2025,1,0,2,0,1,False
24831,Women,Sprints,2025,1,0,1,0,1,False
24832,Women,Distance,2025,3,0,7,0,3,False
24833,Men,Sprints,2025,1,0,1,0,1,False
24834,Men,Sprints,2025,1,0,2,0,1,False
24835,Men,Distance,2025,1,0,1,0,1,False
24835,Men,Sprints,2025,2,0,2,0,2,False
24836,Men,Distance,2025,2,0,4,0,2,False
24837,Men,Distance,2025,2,0,2,0,2,False
24838,Men,Sprints,2025,1,0,1,0,1,False
24839,Men,Sprints,2025,1,0,1,0,1,False
24840,Men,Sprints,2025,1,0,1,0,1,False
24842,Men,Sprints,2025,2,0,2,0,2,False
24844,Men,Sprints,2025,2,0,3,0,2,False
24845,Men,Distance,2025,1,0,1,0,1,False
24847,Men,Throws,2025,2,0,2,0,2,False
24848,Men,Sprints,2025,1,0,1,0,1,False
24849,Men,Distance,2025,3,0,4,0,3,False
24850,Women,Jumps,2025,1,0,1,0,1,False
24851,Women,Jumps,2025,2,0,2,0,2,False
24851,Women,Sprints,2025,2,0,4,0,2,False
24852,Men,Jumps,2025,4,0,5,0,4,False
24853,Men,Sprints,2025,1,0,1,0,1,False
24854,Men,Jumps,2025,3,0,3,0,3,False
24855,Men,Sprints,2025,3,0,3,0,3,False
24856,Men,Distance,2025,1,0,1,0,1,False
24856,Men,Sprints,2025,1,0,1,0,1,False
24857,Men,Distance,2025,2,0,2,0,2,False
24857,Men,Sprints,2025,2,0,2,0,2,False
24859,Men,Distance,2025,2,0,2,0,2,False
24860,Men,Distance,2025,1,0,1,0,1,False
24861,Men,Sprints,2025,1,0,1,0,1,False
24867,Men,Distance,2025,1,0,1,0,1,False
24879,Men,Sprints,2025,3,0,3,0,3,False
24882,Men,Sprints,2025,1,0,1,0,1,False
24883,Men,Sprints,2025,1,0,1,0,1,False
24884,Men,Jumps,2025,1,0,1,0,1,False
24884,Men,Sprints,2025,1,0,1,0,1,False
24887,Men,Jumps,2025,1,0,1,0,1,False
24887,Men,Throws,2025,1,0,1,0,1,False
24888,Men,Sprints,2025,1,0,1,0,1,False
24892,Men,Sprints,2025,3,0,3,0,3,False
24895,Men,Sprints,2025,1,0,1,0,1,False
24896,Men,Sprints,2025,1,0,1,0,1,False
24897,Men,Sprints,2025,1,0,1,0,1,False
24898,Men,Sprints,2025,1,0,2,0,1,False
24900,Men,Distance,2025,1,0,1,0,1,False
24902,Men,Distance,2025,1,0,1,0,1,False
24903,Men,Distance,2025,1,0,2,0,1,False
24904,Men,Distance,2025,1,0,1,0,1,False
24905,Men,Distance,2025,1,0,2,0,1,False
24906,Men,Distance,2025,1,0,2,0,1,False
24907,Men,Distance,2025,1,0,1,0,1,False
24908,Men,Distance,2025,1,0,2,0,1,False
24910,Men,Sprints,2025,1,0,1,0,1,False
24911,Men,Sprints,2025,1,0,1,0,1,False
24913,Men,Sprints,2025,1,0,1,0,1,False
24915,Men,Distance,2025,2,0,2,0,2,False
24915,Men,Sprints,2025,1,0,1,0,1,False
24918,Men,Jumps,2025,3,0,3,0,3,False
24918,Men,Sprints,2025,2,0,3,0,2,False
24919,Men,Jumps,2025,2,0,4,0,2,False
24919,Men,Sprints,2025,1,0,1,0,1,False
24920,Men,Distance,2025,1,0,1,0,1,False
24921,Men,Distance,2025,1,0,1,0,1,False
24922,Men,Distance,2025,1,0,1,0,1,False
24923,Men,Distance,2025,1,0,1,0,1,False
24927,Men,Throws,2025,3,0,3,0,3,False
24928,Men,Throws,2025,1,0,1,0,1,False
24929,Men,Throws,2025,1,0,1,0,1,False
24930,Men,Jumps,2025,1,0,1,0,1,False
24932,Men,Jumps,2025,1,0,1,0,1,False
24933,Men,Jumps,2025,1,0,1,0,1,False
24934,Men,Jumps,2025,1,0,1,0,1,False
24935,Men,Jumps,2025,1,0,2,0,1,False
24936,Women,Distance,2025,1,0,1,0,1,False
24938,Women,Distance,2025,1,0,1,0,1,False
24939,Women,Jumps,2025,1,0,1,0,1,False
24945,Women,Jumps,2025,1,0,1,0,1,False
24946,Women,Sprints,2025,3,0,3,0,3,False
24947,Women,Sprints,2025,2,0,2,0,2,False
24950,Women,Distance,2025,1,0,1,0,1,False
24951,Women,Distance,2025,1,0,1,0,1,False
24952,Women,Distance,2025,2,0,3,0,2,False
24953,Women,Distance,2025,1,0,1,0,1,False
24954,Women,Distance,2025,1,0,1,0,1,False
24956,Women,Sprints,2025,1,0,1,0,1,False
24958,Women,Distance,2025,1,0,1,0,1,False
24959,Women,Distance,2025,1,0,1,0,1,False
24961,Women,Sprints,2025,1,0,1,0,1,False
24962,Women,Distance,2025,1,0,1,0,1,False
24963,Women,Distance,2025,2,0,2,0,2,False
24965,Women,Throws,2025,1,0,1,0,1,False
24966,Women,Jumps,2025,1,0,1,0,1,False
24967,Women,Jumps,2025,1,0,1,0,1,False
24968,Women,Jumps,2025,1,0,1,0,1,False
24969,Women,Jumps,2025,1,0,1,0,1,False
24970,Men,Sprints,2025,1,0,1,0,1,False
24972,Women,Sprints,2025,1,0,1,0,1,False
24973,Women,Jumps,2025,3,0,3,0,3,False
24974,Women,Distance,2025,1,0,1,0,1,False
24975,Women,Throws,2025,3,0,3,0,3,False
24976,Men,Sprints,2025,1,0,1,0,1,False
24977,Men,Sprints,2025,1,0,1,0,1,False
24978,Men,Sprints,2025,2,0,2,0,2,False
24979,Men,Distance,2025,1,0,1,0,1,False
24979,Men,Sprints,2025,1,0,1,0,1,False
24980,Men,Sprints,2025,2,0,2,0,2,False
24981,Men,Distance,2025,1,0,1,0,1,False
24985,Men,Jumps,2025,2,0,2,0,2,False
24985,Men,Sprints,2025,1,0,1,0,1,False
24987,Men,Distance,2025,1,0,1,0,1,False
24990,Women,Distance,2025,3,0,3,0,3,False
24991,Women,Sprints,2025,1,0,1,0,1,False
24992,Men,Sprints,2025,1,0,1,0,1,False
24996,Men,Sprints,2025,2,0,3,0,2,False
24996,Men,Throws,2025,1,0,1,0,1,False
24997,Men,Distance,2025,1,0,1,0,1,False
24998,Men,Distance,2025,1,0,1,0,1,False
24999,Men,Jumps,2025,2,0,3,0,2,False
25000,Men,Distance,2025,2,0,3,0,2,False
25001,Women,Distance,2025,1,0,1,0,1,False
25002,Women,Distance,2025,1,0,1,0,1,False
25006,Men,Sprints,2025,2,0,2,0,2,False
25007,Men,Sprints,2025,1,0,1,0,1,False
25008,Men,Distance,2025,1,0,3,0,1,False
25008,Men,Sprints,2025,2,0,3,0,2,False
25010,Women,Sprints,2025,1,0,1,0,1,False
25012,Men,Sprints,2025,1,0,1,0,1,False
25013,Men,Sprints,2025,1,0,1,0,1,False
25014,Men,Distance,2025,1,0,1,0,1,False
25016,Men,Distance,2025,2,0,2,0,2,False
25019,Women,Distance,2025,1,0,1,0,1,False
25027,Men,Sprints,2025,1,0,1,0,1,False
25029,Men,Distance,2025,2,0,2,0,2,False
25051,Men,Sprints,2025,1,0,1,0,1,False
25054,Men,Distance,2025,1,0,1,0,1,False
25055,Men,Distance,2025,1,0,1,0,1,False
25060,Women,Sprints,2025,1,0,1,0,1,False
25061,Men,Sprints,2025,1,0,1,0,1,False
25070,Men,Distance,2025,1,0,1,0,1,False
25071,Men,Jumps,2025,1,0,1,0,1,False
25072,Women,Sprints,2025,1,0,1,0,1,False
25073,Men,Sprints,2025,1,0,1,0,1,False
25074,Men,Sprints,2025,1,0,1,0,1,False
25075,Men,Jumps,2025,1,0,1,0,1,False
25076,Men,Distance,2025,2,0,2,0,2,False
25077,Men,Distance,2025,1,0,1,0,1,False
25078,Women,Distance,2025,1,0,2,0,1,False
25079,Women,Distance,2025,1,0,2,0,1,False
25082,Men,Sprints,2025,1,0,2,0,1,False
25085,Men,Jumps,2025,2,0,2,0,2,False
25085,Men,Sprints,2025,1,0,1,0,1,False
25086,Men,Distance,2025,1,0,1,0,1,False
25086,Men,Sprints,2025,1,0,1,0,1,False
25087,Men,Distance,2025,2,0,3,0,2,False
25088,Men,Distance,2025,2,0,2,0,2,False
25090,Men,Jumps,2025,1,0,1,0,1,False
25090,Men,Sprints,2025,1,0,1,0,1,False
25092,Men,Distance,2025,1,0,1,0,1,False
25092,Men,Sprints,2025,1,0,2,0,1,False
25095,Women,Throws,2025,1,0,1,0,1,False
25096,Women,Throws,2025,2,0,2,0,2,False
25097,Men,Sprints,2025,1,0,1,0,1,False
25099,Men,Distance,2025,1,0,1,0,1,False
25136,Women,Jumps,2025,2,0,2,0,2,False
25137,Women,Sprints,2025,1,0,1,0,1,False
25138,Women,Distance,2025,1,0,1,0,1,False
25139,Women,Distance,2025,1,0,1,0,1,False
25140,Women,Throws,2025,1,0,1,0,1,False
25141,Men,Sprints,2025,1,0,1,0,1,False
25142,Men,Sprints,2025,1,0,1,0,1,False
25143,Men,Distance,2025,1,0,1,0,1,False
25144,Women,Distance,2025,1,0,1,0,1,False
25145,Men,Distance,2025,2,0,2,0,2,False
25146,Women,Sprints,2025,1,0,1,0,1,False
25147,Men,Sprints,2025,1,0,1,0,1,False
25148,Men,Sprints,2025,1,0,1,0,1,False
25149,Men,Sprints,2025,1,0,1,0,1,False
25151,Men,Distance,2025,1,0,1,0,1,False
25182,Men,Sprints,2025,1,0,1,0,1,False
25183,Men,Throws,2025,1,0,1,0,1,False
25184,Women,Jumps,2025,1,0,1,0,1,False
25184,Women,Sprints,2025,1,0,2,0,1,False
25185,Women,Distance,2025,1,0,1,0,1,False
25186,Women,Distance,2025,1,0,1,0,1,False
25251,Women,Distance,2025,1,0,1,0,1,False
25252,Women,Jumps,2025,2,0,2,0,2,False
25253,Men,Sprints,2025,3,0,3,0,3,False
25254,Men,Sprints,2025,1,0,1,0,1,False
25255,Men,Sprints,2025,1,0,1,0,1,False
25256,Men,Distance,2025,3,0,3,0,3,False
25257,Women,Distance,2025,2,0,5,0,2,False
25258,Women,Sprints,2025,1,0,1,0,1,False
25260,Men,Jumps,2025,1,0,1,0,1,False
25261,Men,Jumps,2025,1,0,1,0,1,False
25261,Men,Sprints,2025,2,0,2,0,2,False
25262,Men,Sprints,2025,1,0,1,0,1,False
25264,Men,Jumps,2025,2,0,2,0,2,False
25265,Women,Distance,2025,1,0,3,0,1,False
25265,Women,Sprints,2025,3,0,4,0,3,False
25266,Women,Distance,2025,2,0,2,0,2,False
25266,Women,Sprints,2025,1,0,1,0,1,False
25270,Men,Distance,2025,3,0,3,0,3,False
25276,Women,Sprints,2025,2,0,2,0,2,False
25279,Women,Throws,2025,2,0,2,0,2,False
25280,Men,Sprints,2025,2,0,2,0,2,False
25282,Men,Jumps,2025,1,0,3,0,1,False
25283,Men,Jumps,2025,1,0,1,0,1,False
25284,Men,Jumps,2025,1,0,2,0,1,False
25285,Men,Jumps,2025,2,0,3,0,2,False
25286,Men,Throws,2025,1,0,1,0,1,False
25288,Women,Distance,2025,1,0,1,0,1,False
25289,Women,Distance,2025,1,0,1,0,1,False
25290,Men,Sprints,2025,1,0,2,0,1,False
25291,Men,Jumps,2025,1,0,1,0,1,False
25291,Men,Sprints,2025,1,0,1,0,1,False
25292,Men,Sprints,2025,1,0,1,0,1,False
25293,Men,Jumps,2025,1,0,2,0,1,False
25294,Women,Sprints,2025,1,0,1,0,1,False
25295,Women,Sprints,2025,1,0,1,0,1,False
25296,Women,Distance,2025,1,0,1,0,1,False
25297,Women,Distance,2025,1,0,1,0,1,False
25298,Men,Distance,2025,1,0,1,0,1,False
25299,Women,Sprints,2025,1,0,1,0,1,False
25300,Women,Distance,2025,1,0,1,0,1,False
25301,Women,Jumps,2025,2,0,3,0,2,False
25302,Men,Jumps,2025,2,0,2,0,2,False
25303,Men,Sprints,2025,1,0,1,0,1,False
25304,Men,Jumps,2025,2,0,2,0,2,False
25304,Men,Sprints,2025,1,0,1,0,1,False
25305,Men,Sprints,2025,1,0,1,0,1,False
25306,Men,Distance,2025,2,0,2,0,2,False
25344,Men,Distance,2025,1,0,1,0,1,False
25345,Men,Distance,2025,1,0,1,0,1,False
25347,Men,Distance,2025,1,0,1,0,1,False
25348,Women,Distance,2025,1,0,1,0,1,False
25511,Men,Jumps,2025,1,0,1,0,1,False
25515,Men,Throws,2025,1,0,1,0,1,False
25520,Men,Jumps,2025,1,0,1,0,1,False
25522,Men,Jumps,2025,1,0,1,0,1,False
25524,Men,Distance,2025,1,0,1,0,1,False
25527,Men,Distance,2025,1,0,1,0,1,False
25528,Men,Distance,2025,1,0,1,0,1,False
25528,Men,Throws,2025,1,0,1,0,1,False
25529,Men,Distance,2025,1,0,1,0,1,False
25530,Men,Distance,2025,1,0,1,0,1,False
25531,Men,Distance,2025,1,0,1,0,1,False
25532,Men,Distance,2025,1,0,1,0,1,False
25533,Men,Distance,2025,1,0,1,0,1,False
25534,Men,Distance,2025,1,0,1,0,1,False
25536,Men,Distance,2025,1,0,1,0,1,False
25537,Men,Distance,2025,1,0,1,0,1,False
25538,Men,Distance,2025,1,0,1,0,1,False
25539,Men,Distance,2025,1,0,1,0,1,False
25540,Men,Distance,2025,1,0,1,0,1,False
25541,Men,Distance,2025,1,0,1,0,1,False
25542,Men,Distance,2025,1,0,1,0,1,False
25543,Men,Distance,2025,1,0,1,0,1,False
25544,Men,Distance,2025,1,0,1,0,1,False
25545,Men,Distance,2025,1,0,1,0,1,False
25546,Men,Distance,2025,1,0,1,0,1,False
25547,Men,Distance,2025,1,0,1,0,1,False
25548,Men,Distance,2025,1,0,1,0,1,False
25549,Men,Distance,2025,2,0,3,0,2,False
25550,Men,Distance,2025,1,0,1,0,1,False
25551,Men,Distance,2025,1,0,1,0,1,False
25552,Men,Distance,2025,1,0,1,0,1,False
25553,Men,Distance,2025,1,0,1,0,1,False
25554,Men,Jumps,2025,1,0,2,0,1,False
25554,Men,Throws,2025,1,0,1,0,1,False
25555,Men,Throws,2025,1,0,1,0,1,False
25556,Men,Throws,2025,1,0,1,0,1,False
25558,Men,Throws,2025,1,0,1,0,1,False
25559,Men,Throws,2025,1,0,1,0,1,False
25560,Men,Jumps,2025,1,0,1,0,1,False
25560,Men,Throws,2025,1,0,1,0,1,False
25561,Men,Jumps,2025,1,0,1,0,1,False
25562,Men,Jumps,2025,1,0,1,0,1,False
25563,Men,Jumps,2025,1,0,1,0,1,False
25564,Men,Jumps,2025,1,0,2,0,1,False
25565,Men,Jumps,2025,1,0,1,0,1,False
25566,Men,Jumps,2025,1,0,1,0,1,False
25579,Women,Jumps,2025,1,0,2,0,1,False
25584,Women,Distance,2025,1,0,1,0,1,False
25587,Women,Distance,2025,1,0,1,0,1,False
25588,Women,Distance,2025,1,0,1,0,1,False
25589,Women,Distance,2025,1,0,1,0,1,False
25590,Women,Distance,2025,1,0,1,0,1,False
25591,Women,Distance,2025,1,0,1,0,1,False
25592,Women,Distance,2025,1,0,1,0,1,False
25593,Women,Distance,2025,1,0,1,0,1,False
25594,Women,Distance,2025,1,0,1,0,1,False
25595,Women,Distance,2025,1,0,1,0,1,False
25596,Women,Distance,2025,1,0,1,0,1,False
25597,Women,Distance,2025,1,0,1,0,1,False
25598,Women,Distance,2025,1,0,1,0,1,False
25599,Women,Distance,2025,1,0,1,0,1,False
25603,Women,Throws,2025,1,0,1,0,1,False
25604,Women,Throws,2025,1,0,1,0,1,False
25605,Women,Jumps,2025,1,0,2,0,1,False
25606,Women,Jumps,2025,1,0,1,0,1,False
25607,Women,Jumps,2025,1,0,1,0,1,False
25658,Men,Throws,2025,1,0,1,0,1,False
25659,Men,Throws,2025,1,0,1,0,1,False
25661,Women,Distance,2025,1,0,1,0,1,False
25661,Women,Sprints,2025,1,0,1,0,1,False
25662,Women,Distance,2025,1,0,1,0,1,False
25664,Men,Sprints,2025,1,0,2,0,1,False
25665,Men,Sprints,2025,1,0,1,0,1,False
25668,Men,Throws,2025,1,0,1,0,1,False
25707,Men,Sprints,2025,1,0,1,0,1,False
25708,Men,Sprints,2025,1,0,2,0,1,False
25709,Men,Sprints,2025,1,0,1,0,1,False
25710,Men,Sprints,2025,1,0,2,0,1,False
25722,Men,Sprints,2025,2,0,2,0,2,False
25730,Men,Sprints,2025,1,0,1,0,1,False
25776,Men,Distance,2025,2,0,3,0,2,False
25778,Men,Distance,2025,2,0,3,0,2,False
25780,Men,Distance,2025,1,0,2,0,1,False
25781,Men,Distance,2025,1,0,1,0,1,False
25784,Men,Distance,2025,1,0,1,0,1,False
25790,Men,Distance,2025,2,0,2,0,2,False
25800,Men,Distance,2025,1,0,2,0,1,False
25801,Men,Distance,2025,1,0,1,0,1,False
25804,Men,Distance,2025,1,0,1,0,1,False
25814,Men,Sprints,2025,1,0,2,0,1,False
25825,Men,Distance,2025,1,0,1,0,1,False
25884,Women,Sprints,2025,1,0,1,0,1,False
25885,Women,Distance,2025,1,0,3,0,1,False
25885,Women,Sprints,2025,1,0,2,0,1,False
25886,Men,Sprints,2025,1,0,1,0,1,False
25888,Men,Distance,2025,1,0,3,0,1,False
25888,Men,Sprints,2025,1,0,2,0,1,False
25892,Men,Sprints,2025,1,0,1,0,1,False
25893,Women,Jumps,2025,1,0,1,0,1,False
25894,Men,Jumps,2025,1,0,1,0,1,False
25897,Men,Distance,2025,1,0,1,0,1,False
25899,Men,Distance,2025,1,0,1,0,1,False
25900,Men,Distance,2025,1,0,1,0,1,False
25901,Women,Sprints,2025,1,0,2,0,1,False
25902,Women,Distance,2025,1,0,1,0,1,False
25902,Women,Sprints,2025,1,0,2,0,1,False
25903,Men,Sprints,2025,1,0,1,0,1,False
25904,Men,Sprints,2025,1,0,2,0,1,False
25905,Men,Sprints,2025,1,0,1,0,1,False
25906,Men,Sprints,2025,1,0,2,0,1,False
25907,Men,Sprints,2025,1,0,2,0,1,False
25908,Men,Distance,2025,1,0,1,0,1,False
25909,Men,Distance,2025,1,0,1,0,1,False
25910,Men,Distance,2025,1,0,1,0,1,False
25913,Men,Distance,2025,1,0,1,0,1,False
25913,Men,Sprints,2025,1,0,1,0,1,False
25915,Men,Distance,2025,1,0,2,0,1,False
25916,Men,Distance,2025,1,0,1,0,1,False
25916,Men,Sprints,2025,1,0,1,0,1,False
25918,Men,Sprints,2025,1,0,1,0,1,False
25919,Women,Distance,2025,1,0,1,0,1,False
25920,Men,Distance,2025,1,0,1,0,1,False
25921,Men,Distance,2025,1,0,1,0,1,False
25922,Men,Distance,2025,1,0,1,0,1,False
25925,Men,Distance,2025,1,0,1,0,1,False
25993,Men,Jumps,2025,1,0,2,0,1,False
26012,Men,Sprints,2025,1,0,2,0,1,False
26014,Women,Sprints,2025,1,0,1,0,1,False
26015,Women,Sprints,2025,1,0,1,0,1,False
26019,Men,Distance,2025,1,0,1,0,1,False
26627,Men,Distance,2025,2,0,4,0,2,False
1,Men,Distance,2026,4,1,4,2,5,True
7,Men,Distance,2026,4,1,4,1,5,True
7,Men,Sprints,2026,1,1,1,1,2,True
15,Men,Distance,2026,1,1,1,2,2,True
26,Men,Distance,2026,2,1,2,1,3,True
31,Men,Distance,2026,1,1,1,1,2,True
31,Men,Hurdles,2026,0,1,0,1,1,False
38,Men,Distance,2026,1,1,2,1,2,True
45,Men,Distance,2026,2,1,2,2,3,True
47,Men,Sprints,2026,1,1,1,1,2,True
49,Men,Distance,2026,1,1,1,1,2,True
60,Men,Distance,2026,2,1,2,1,3,True
102,Men,Distance,2026,0,1,0,2,1,False
117,Men,Sprints,2026,0,1,0,1,1,False
135,Men,Distance,2026,2,1,3,2,3,True
142,Men,Distance,2026,1,1,2,1,2,True
150,Men,Distance,2026,5,1,5,1,6,True
153,Men,Distance,2026,1,1,1,1,2,True
161,Men,Distance,2026,2,1,4,3,3,True
161,Men,Hurdles,2026,0,1,0,1,1,False
166,Men,Hurdles,2026,0,1,0,1,1,False
195,Men,Distance,2026,1,1,1,2,2,True
231,Women,Distance,2026,2,1,3,1,3,True
234,Women,Distance,2026,1,1,1,1,2,True
237,Women,Distance,2026,2,1,3,2,3,True
340,Men,Distance,2026,1,1,1,1,2,True
344,Men,Distance,2026,2,1,2,1,3,True
344,Men,Sprints,2026,2,1,2,1,3,True
345,Men,Distance,2026,1,1,1,1,2,True
358,Women,Distance,2026,0,2,0,3,2,False
360,Women,Distance,2026,0,1,0,1,1,False
364,Men,Distance,2026,0,1,0,1,1,False
367,Men,Distance,2026,0,2,0,3,2,False
368,Men,Distance,2026,0,2,0,3,2,False
382,Men,Distance,2026,4,1,4,1,5,True
404,Women,Distance,2026,1,1,1,1,2,True
408,Women,Distance,2026,0,1,0,1,1,False
416,Men,Distance,2026,2,1,2,1,3,True
417,Men,Distance,2026,3,1,3,1,4,True
420,Men,Distance,2026,3,1,3,1,4,True
421,Men,Distance,2026,0,1,0,1,1,False
429,Men,Distance,2026,1,1,1,1,2,True
435,Men,Distance,2026,0,1,0,1,1,False
437,Men,Distance,2026,0,1,0,1,1,False
466,Men,Distance,2026,3,2,3,3,5,True
467,Men,Distance,2026,1,1,1,1,2,True
485,Women,Distance,2026,0,1,0,1,1,False
490,Women,Distance,2026,0,2,0,2,2,False
504,Men,Distance,2026,0,1,0,1,1,False
506,Men,Distance,2026,0,2,0,4,2,False
506,Men,Hurdles,2026,0,1,0,2,1,False
506,Men,Jumps,2026,0,1,0,1,1,False
506,Men,Sprints,2026,0,1,0,3,1,False
506,Men,Throws,2026,0,1,0,2,1,False
513,Men,Hurdles,2026,0,1,0,2,1,False
513,Men,Jumps,2026,0,1,0,2,1,False
513,Men,Sprints,2026,0,1,0,2,1,False
513,Men,Throws,2026,0,1,0,2,1,False
529,Men,Distance,2026,3,1,3,1,4,True
529,Men,Jumps,2026,0,1,0,1,1,False
529,Men,Throws,2026,0,1,0,1,1,False
531,Men,Distance,2026,0,1,0,1,1,False
539,Men,Distance,2026,0,1,0,1,1,False
550,Men,Throws,2026,0,1,0,1,1,False
551,Men,Distance,2026,0,1,0,2,1,False
551,Men,Hurdles,2026,0,1,0,2,1,False
551,Men,Jumps,2026,0,1,0,3,1,False
551,Men,Sprints,2026,0,1,0,3,1,False
551,Men,Throws,2026,0,1,0,2,1,False
554,Men,Sprints,2026,0,1,0,1,1,False
556,Men,Throws,2026,0,1,0,1,1,False
557,Men,Distance,2026,0,1,0,1,1,False
567,Women,Distance,2026,1,2,2,2,3,True
568,Women,Distance,2026,1,1,1,1,2,True
575,Women,Distance,2026,1,2,1,2,3,True
576,Women,Distance,2026,1,1,1,2,2,True
604,Women,Distance,2026,0,1,0,1,1,False
638,Women,Distance,2026,1,2,1,3,3,True
643,Women,Distance,2026,1,1,1,1,2,True
646,Women,Distance,2026,1,1,2,2,2,True
647,Women,Distance,2026,0,1,0,1,1,False
648,Women,Distance,2026,0,2,0,3,2,False
648,Women,Jumps,2026,1,1,1,1,2,True
650,Women,Distance,2026,0,1,0,1,1,False
652,Women,Distance,2026,0,1,0,1,1,False
655,Women,Distance,2026,2,2,2,3,4,True
663,Women,Distance,2026,1,1,1,1,2,True
666,Men,Distance,2026,3,2,3,4,5,True
673,Men,Distance,2026,3,2,3,3,5,True
674,Men,Distance,2026,1,2,1,3,3,True
675,Men,Distance,2026,0,1,0,1,1,False
676,Men,Distance,2026,1,1,1,2,2,True
685,Men,Distance,2026,1,2,1,3,3,True
685,Men,Hurdles,2026,0,1,0,1,1,False
689,Men,Hurdles,2026,0,1,0,2,1,False
689,Men,Jumps,2026,0,1,0,1,1,False
691,Men,Distance,2026,1,2,1,4,3,True
692,Men,Distance,2026,0,1,0,2,1,False
695,Men,Distance,2026,1,2,1,2,3,True
699,Men,Distance,2026,0,1,0,1,1,False
702,Men,Distance,2026,1,1,1,1,2,True
703,Men,Distance,2026,0,1,0,1,1,False
704,Men,Distance,2026,1,2,1,4,3,True
705,Men,Distance,2026,1,2,1,3,3,True
706,Men,Distance,2026,1,1,1,1,2,True
710,Men,Distance,2026,3,2,3,3,5,True
711,Men,Distance,2026,0,2,0,2,2,False
714,Men,Distance,2026,1,1,1,2,2,True
717,Men,Distance,2026,0,2,0,3,2,False
723,Men,Distance,2026,0,2,0,2,2,False
728,Men,Distance,2026,0,1,0,1,1,False
730,Men,Distance,2026,1,2,1,2,3,True
731,Men,Distance,2026,1,2,1,2,3,True
734,Men,Distance,2026,0,1,0,1,1,False
737,Men,Distance,2026,0,1,0,1,1,False
740,Men,Distance,2026,0,2,0,2,2,False
742,Men,Distance,2026,0,2,0,4,2,False
743,Men,Distance,2026,2,2,2,3,4,True
760,Men,Distance,2026,2,1,2,2,3,True
761,Men,Distance,2026,1,2,1,2,3,True
761,Men,Sprints,2026,0,2,0,2,2,False
778,Men,Distance,2026,0,2,0,2,2,False
786,Men,Distance,2026,1,2,1,2,3,True
801,Men,Distance,2026,0,1,0,1,1,False
802,Men,Sprints,2026,1,1,1,1,2,True
1008,Women,Distance,2026,0,1,0,2,1,False
1020,Women,Distance,2026,2,2,4,4,4,True
1032,Women,Distance,2026,2,2,2,3,4,True
1032,Women,Hurdles,2026,0,1,0,1,1,False
1049,Women,Distance,2026,2,1,2,1,3,True
1116,Women,Distance,2026,1,1,1,2,2,True
1153,Women,Distance,2026,1,1,1,1,2,True
1179,Men,Distance,2026,2,2,2,2,4,True
1213,Men,Distance,2026,0,2,0,2,2,False
1216,Men,Distance,2026,1,1,1,1,2,True
1231,Men,Distance,2026,2,1,3,2,3,True
1266,Men,Distance,2026,2,2,3,4,4,True
1288,Men,Distance,2026,2,1,3,3,3,True
1294,Men,Distance,2026,1,1,1,1,2,True
1309,Men,Distance,2026,5,3,10,6,8,True
1421,Men,Distance,2026,5,3,5,3,8,True
1421,Men,Hurdles,2026,0,1,0,1,1,False
1458,Women,Distance,2026,0,1,0,1,1,False
1478,Women,Jumps,2026,0,1,0,1,1,False
1478,Women,Sprints,2026,0,1,0,2,1,False
1484,Women,Distance,2026,1,1,1,1,2,True
1497,Women,Distance,2026,2,2,2,2,4,True
1525,Men,Distance,2026,0,1,0,1,1,False
1534,Men,Distance,2026,0,1,0,1,1,False
1536,Men,Distance,2026,0,1,0,1,1,False
1536,Men,Sprints,2026,0,1,0,1,1,False
1552,Men,Distance,2026,1,2,1,2,3,True
1557,Men,Distance,2026,2,1,3,1,3,True
1557,Men,Sprints,2026,0,1,0,1,1,False
1558,Men,Distance,2026,0,1,0,3,1,False
1562,Men,Distance,2026,0,1,0,1,1,False
1584,Men,Distance,2026,1,1,1,1,2,True
1584,Men,Sprints,2026,0,1,0,1,1,False
1589,Men,Distance,2026,2,2,4,4,4,True
1589,Men,Hurdles,2026,0,1,0,2,1,False
1589,Men,Jumps,2026,0,1,0,1,1,False
1589,Men,Sprints,2026,0,1,0,3,1,False
1589,Men,Throws,2026,0,1,0,1,1,False
1612,Men,Distance,2026,0,1,0,1,1,False
1612,Men,Hurdles,2026,0,1,0,1,1,False
1612,Men,Jumps,2026,0,1,0,1,1,False
1656,Men,Distance,2026,4,1,4,1,5,True
1657,Men,Distance,2026,3,2,5,2,5,True
1658,Men,Distance,2026,3,2,5,2,5,True
1686,Women,Distance,2026,2,1,3,2,3,True
1686,Women,Hurdles,2026,0,1,0,1,1,False
1704,Men,Distance,2026,2,2,2,3,4,True
1715,Men,Distance,2026,2,1,2,2,3,True
1930,Women,Distance,2026,3,1,4,1,4,True
1945,Women,Distance,2026,5,2,5,2,7,True
1946,Women,Distance,2026,2,2,3,2,4,True
1947,Women,Distance,2026,1,2,2,3,3,True
1948,Women,Distance,2026,2,1,4,2,3,True
1954,Women,Distance,2026,4,1,6,1,5,True
1966,Women,Distance,2026,0,1,0,1,1,False
1999,Men,Distance,2026,0,1,0,1,1,False
1999,Men,Hurdles,2026,0,1,0,1,1,False
2003,Men,Distance,2026,2,1,4,2,3,True
2030,Men,Distance,2026,0,1,0,1,1,False
2037,Men,Distance,2026,2,1,2,2,3,True
2037,Men,Hurdles,2026,0,1,0,1,1,False
2037,Men,Jumps,2026,1,1,1,1,2,True
2173,Men,Distance,2026,1,1,1,1,2,True
2174,Men,Distance,2026,1,1,1,1,2,True
2176,Men,Distance,2026,1,2,1,4,3,True
2259,Men,Distance,2026,3,1,3,1,4,True
2284,Men,Distance,2026,4,1,4,1,5,True
2289,Men,Distance,2026,0,1,0,1,1,False
2291,Women,Distance,2026,0,1,0,1,1,False
2302,Men,Distance,2026,1,3,1,3,4,True
2303,Men,Distance,2026,0,1,0,1,1,False
2306,Men,Distance,2026,0,1,0,1,1,False
2306,Men,Sprints,2026,0,1,0,1,1,False
2311,Men,Distance,2026,0,2,0,2,2,False
2316,Men,Distance,2026,0,2,0,2,2,False
2380,Women,Distance,2026,1,2,1,2,3,True
2384,Women,Distance,2026,0,1,0,1,1,False
2385,Women,Throws,2026,1,1,1,1,2,True
2387,Women,Distance,2026,1,1,1,1,2,True
2400,Women,Distance,2026,1,2,2,4,3,True
2403,Women,Distance,2026,1,1,1,1,2,True
2403,Women,Sprints,2026,1,1,1,1,2,True
2403,Women,Throws,2026,0,1,0,1,1,False
2406,Women,Distance,2026,1,2,1,2,3,True
2408,Women,Distance,2026,0,2,0,2,2,False
2437,Men,Distance,2026,1,1,1,1,2,True
2438,Men,Distance,2026,1,2,1,2,3,True
2442,Men,Distance,2026,2,1,3,1,3,True
2453,Men,Distance,2026,2,1,2,1,3,True
2456,Men,Distance,2026,1,2,1,4,3,True
2460,Men,Distance,2026,0,1,0,1,1,False
2463,Men,Distance,2026,1,2,1,2,3,True
2464,Men,Distance,2026,2,1,2,1,3,True
2464,Men,Jumps,2026,1,1,1,1,2,True
2467,Men,Distance,2026,3,1,3,2,4,True
2469,Men,Distance,2026,3,2,4,4,5,True
2470,Men,Distance,2026,1,2,1,2,3,True
2474,Men,Distance,2026,2,1,2,2,3,True
2487,Men,Sprints,2026,2,1,2,2,3,True
2539,Men,Distance,2026,0,1,0,1,1,False
2540,Men,Distance,2026,1,2,1,2,3,True
2540,Men,Sprints,2026,0,1,0,1,1,False
2540,Men,Throws,2026,0,1,0,1,1,False
2553,Men,Distance,2026,3,1,4,1,4,True
2561,Men,Distance,2026,0,1,0,1,1,False
2566,Men,Distance,2026,0,2,0,2,2,False
2582,Men,Distance,2026,0,1,0,1,1,False
2598,Men,Distance,2026,0,1,0,2,1,False
2608,Men,Distance,2026,2,1,2,2,3,True
2608,Men,Hurdles,2026,0,1,0,1,1,False
2700,Women,Distance,2026,1,1,2,1,2,True
2730,Men,Distance,2026,0,2,0,2,2,False
2730,Men,Throws,2026,0,1,0,1,1,False
2754,Men,Distance,2026,0,1,0,1,1,False
2754,Men,Sprints,2026,0,1,0,1,1,False
2803,Men,Distance,2026,1,1,1,1,2,True
2855,Men,Distance,2026,2,1,3,2,3,True
2867,Men,Distance,2026,3,1,4,2,4,True
2867,Men,Sprints,2026,0,1,0,1,1,False
2871,Men,Distance,2026,0,1,0,1,1,False
2896,Men,Distance,2026,2,1,2,1,3,True
2897,Men,Distance,2026,1,2,1,2,3,True
2899,Men,Distance,2026,1,2,1,2,3,True
2900,Men,Distance,2026,1,2,1,3,3,True
2946,Men,Distance,2026,0,2,0,3,2,False
2959,Men,Distance,2026,0,2,0,2,2,False
2965,Men,Distance,2026,0,1,0,1,1,False
2970,Men,Distance,2026,0,1,0,1,1,False
3000,Women,Distance,2026,3,2,4,3,5,True
3012,Men,Jumps,2026,0,1,0,1,1,False
3012,Men,Sprints,2026,0,1,0,1,1,False
3015,Men,Distance,2026,1,1,1,1,2,True
3100,Women,Distance,2026,0,2,0,2,2,False
3116,Women,Distance,2026,1,1,1,1,2,True
3142,Men,Distance,2026,0,1,0,2,1,False
3169,Men,Distance,2026,1,2,2,2,3,True
3175,Men,Distance,2026,0,1,0,1,1,False
3240,Women,Distance,2026,0,1,0,2,1,False
3267,Men,Distance,2026,0,1,0,1,1,False
3296,Men,Distance,2026,0,1,0,1,1,False
3298,Men,Distance,2026,0,1,0,2,1,False
3333,Men,Distance,2026,3,1,3,1,4,True
3336,Men,Distance,2026,0,1,0,2,1,False
3400,Men,Sprints,2026,0,1,0,2,1,False
3431,Women,Distance,2026,0,1,0,1,1,False
3522,Men,Sprints,2026,1,1,2,3,2,True
3581,Women,Sprints,2026,2,2,2,3,4,True
3596,Men,Distance,2026,0,1,0,1,1,False
3609,Men,Distance,2026,0,1,0,1,1,False
3609,Men,Hurdles,2026,0,2,0,4,2,False
3609,Men,Jumps,2026,0,1,0,3,1,False
3609,Men,Sprints,2026,0,1,0,3,1,False
3609,Men,Throws,2026,0,1,0,2,1,False
3615,Men,Distance,2026,0,1,0,1,1,False
3650,Women,Sprints,2026,3,2,5,2,5,True
3652,Women,Hurdles,2026,0,2,0,4,2,False
3654,Women,Distance,2026,1,1,1,2,2,True
3657,Women,Jumps,2026,2,1,5,1,3,True
3657,Women,Throws,2026,1,1,1,1,2,True
3664,Women,Jumps,2026,2,2,4,5,4,True
3666,Women,Jumps,2026,3,1,4,1,4,True
3666,Women,Sprints,2026,0,1,0,1,1,False
3668,Women,Throws,2026,5,3,5,6,8,True
3677,Men,Distance,2026,3,1,3,1,4,True
3682,Men,Sprints,2026,3,2,3,4,5,True
3689,Men,Jumps,2026,1,1,1,1,2,True
3689,Men,Sprints,2026,0,1,0,1,1,False
3692,Men,Throws,2026,3,3,3,6,6,True
3694,Men,Jumps,2026,5,3,11,5,8,True
3696,Men,Sprints,2026,2,1,4,1,3,True
3698,Men,Sprints,2026,0,2,0,4,2,False
3699,Men,Distance,2026,2,2,2,2,4,True
3706,Men,Throws,2026,2,3,2,6,5,True
3708,Men,Sprints,2026,0,1,0,1,1,False
3709,Men,Hurdles,2026,0,3,0,3,3,False
3709,Men,Sprints,2026,6,3,10,5,9,True
3710,Men,Jumps,2026,5,3,10,5,8,True
3710,Men,Sprints,2026,1,2,1,2,3,True
3713,Men,Distance,2026,2,1,2,1,3,True
3719,Men,Jumps,2026,0,1,0,1,1,False
3719,Men,Sprints,2026,2,3,2,6,5,True
3720,Men,Sprints,2026,1,1,1,2,2,True
3725,Men,Hurdles,2026,0,1,0,1,1,False
3725,Men,Sprints,2026,3,1,4,1,4,True
3725,Men,Throws,2026,0,3,0,3,3,False
3728,Men,Sprints,2026,5,2,8,4,7,True
3733,Men,Hurdles,2026,0,1,0,1,1,False
3733,Men,Sprints,2026,1,1,1,1,2,True
3752,Women,Hurdles,2026,0,1,0,1,1,False
3755,Women,Distance,2026,3,1,4,1,4,True
3764,Men,Sprints,2026,1,1,1,1,2,True
3787,Men,Distance,2026,0,1,0,1,1,False
3790,Men,Distance,2026,3,2,4,3,5,True
3832,Men,Distance,2026,3,2,4,2,5,True
3837,Men,Distance,2026,1,1,1,1,2,True
3843,Men,Sprints,2026,2,1,2,1,3,True
3845,Men,Jumps,2026,1,2,1,3,3,True
3845,Men,Sprints,2026,0,1,0,1,1,False
3859,Men,Distance,2026,0,1,0,1,1,False
3864,Women,Distance,2026,0,1,0,1,1,False
3871,Men,Sprints,2026,2,1,2,2,3,True
3879,Men,Sprints,2026,0,1,0,1,1,False
3932,Women,Hurdles,2026,0,1,0,1,1,False
3933,Women,Jumps,2026,0,1,0,1,1,False
3938,Women,Sprints,2026,1,1,1,1,2,True
3945,Men,Sprints,2026,0,1,0,1,1,False
3975,Women,Hurdles,2026,0,1,0,2,1,False
3977,Women,Distance,2026,0,1,0,1,1,False
3977,Women,Hurdles,2026,0,1,0,1,1,False
3981,Women,Distance,2026,1,1,1,1,2,True
3981,Women,Hurdles,2026,0,1,0,2,1,False
3981,Women,Sprints,2026,0,1,0,1,1,False
3993,Men,Distance,2026,0,1,0,1,1,False
3993,Men,Jumps,2026,1,1,1,1,2,True
3996,Men,Sprints,2026,0,1,0,2,1,False
4002,Men,Throws,2026,1,1,1,1,2,True
4036,Men,Jumps,2026,3,1,3,1,4,True
4036,Men,Sprints,2026,2,1,3,2,3,True
4073,Men,Sprints,2026,3,2,3,4,5,True
4092,Women,Distance,2026,1,1,4,2,2,True
4094,Women,Distance,2026,1,1,1,2,2,True
4101,Men,Jumps,2026,1,1,1,1,2,True
4101,Men,Sprints,2026,0,1,0,2,1,False
4143,Men,Jumps,2026,2,1,2,1,3,True
4148,Men,Throws,2026,1,2,1,4,3,True
4149,Men,Sprints,2026,3,3,3,5,6,True
4150,Men,Distance,2026,0,1,0,1,1,False
4150,Men,Sprints,2026,0,2,0,2,2,False
4151,Women,Hurdles,2026,0,1,0,1,1,False
4191,Men,Distance,2026,0,1,0,1,1,False
4205,Men,Distance,2026,0,1,0,1,1,False
4237,Women,Distance,2026,2,1,2,1,3,True
4241,Women,Distance,2026,2,1,2,1,3,True
4264,Women,Jumps,2026,1,1,1,2,2,True
4266,Women,Sprints,2026,1,1,1,1,2,True
4267,Women,Sprints,2026,0,1,0,1,1,False
4270,Women,Sprints,2026,1,2,1,4,3,True
4285,Women,Sprints,2026,0,1,0,1,1,False
4288,Women,Distance,2026,1,1,1,2,2,True
4294,Women,Throws,2026,2,1,2,1,3,True
4304,Men,Distance,2026,2,1,2,1,3,True
4304,Men,Hurdles,2026,0,1,0,1,1,False
4304,Men,Sprints,2026,2,1,2,2,3,True
4306,Men,Sprints,2026,1,1,2,2,2,True
4337,Men,Sprints,2026,1,1,2,2,2,True
4339,Men,Distance,2026,1,1,1,1,2,True
4346,Men,Sprints,2026,0,2,0,4,2,False
4347,Men,Sprints,2026,0,2,0,2,2,False
4364,Men,Sprints,2026,0,2,0,2,2,False
4380,Men,Sprints,2026,3,2,4,3,5,True
4386,Men,Sprints,2026,4,2,4,3,6,True
4387,Men,Distance,2026,1,3,1,3,4,True
4387,Men,Sprints,2026,2,3,2,3,5,True
4432,Men,Distance,2026,1,1,1,1,2,True
4433,Men,Distance,2026,1,1,1,1,2,True
4433,Men,Throws,2026,0,1,0,1,1,False
4440,Men,Hurdles,2026,0,2,0,2,2,False
4440,Men,Throws,2026,0,1,0,1,1,False
4449,Men,Distance,2026,1,1,1,1,2,True
4553,Women,Sprints,2026,0,2,0,2,2,False
4555,Women,Distance,2026,0,1,0,2,1,False
4573,Men,Distance,2026,0,1,0,1,1,False
4586,Men,Distance,2026,0,1,0,2,1,False
4586,Men,Hurdles,2026,0,2,0,3,2,False
4586,Men,Jumps,2026,0,2,0,4,2,False
4586,Men,Sprints,2026,0,1,0,3,1,False
4586,Men,Throws,2026,0,1,0,2,1,False
4589,Men,Sprints,2026,0,1,0,1,1,False
4589,Men,Throws,2026,0,1,0,1,1,False
4656,Women,Distance,2026,0,1,0,1,1,False
4669,Women,Distance,2026,0,1,0,1,1,False
4704,Men,Distance,2026,1,2,1,2,3,True
4711,Men,Distance,2026,0,2,0,2,2,False
4726,Men,Distance,2026,0,3,0,5,3,False
4727,Men,Sprints,2026,0,2,0,3,2,False
4728,Men,Distance,2026,0,3,0,3,3,False
4732,Men,Distance,2026,2,1,3,1,3,True
4740,Women,Hurdles,2026,0,1,0,1,1,False
4740,Women,Sprints,2026,1,1,1,1,2,True
4864,Men,Sprints,2026,1,1,1,2,2,True
4865,Men,Distance,2026,1,1,1,1,2,True
4910,Men,Distance,2026,4,1,5,2,5,True
5137,Men,Distance,2026,0,1,0,2,1,False
5139,Men,Distance,2026,0,1,0,2,1,False
5154,Men,Distance,2026,0,1,0,1,1,False
5155,Men,Distance,2026,0,2,0,2,2,False
5161,Men,Distance,2026,0,1,0,2,1,False
5165,Men,Sprints,2026,0,1,0,2,1,False
5196,Women,Jumps,2026,1,1,1,1,2,True
5197,Women,Hurdles,2026,0,1,0,1,1,False
5197,Women,Throws,2026,1,2,1,4,3,True
5198,Women,Hurdles,2026,0,1,0,1,1,False
5202,Women,Distance,2026,2,1,2,1,3,True
5207,Women,Jumps,2026,1,1,1,1,2,True
5209,Women,Throws,2026,0,2,0,2,2,False
5211,Women,Throws,2026,0,2,0,3,2,False
5215,Men,Distance,2026,0,1,0,1,1,False
5221,Men,Sprints,2026,0,1,0,2,1,False
5229,Men,Throws,2026,2,2,2,3,4,True
5230,Men,Distance,2026,3,2,3,4,5,True
5231,Men,Jumps,2026,0,2,0,3,2,False
5233,Men,Hurdles,2026,0,2,0,2,2,False
5233,Men,Jumps,2026,0,1,0,1,1,False
5234,Men,Sprints,2026,1,1,1,2,2,True
5239,Men,Hurdles,2026,0,2,0,3,2,False
5240,Men,Sprints,2026,0,2,0,3,2,False
5242,Men,Throws,2026,3,1,3,2,4,True
5246,Men,Jumps,2026,1,2,1,2,3,True
5246,Men,Sprints,2026,2,1,2,2,3,True
5247,Men,Throws,2026,2,2,2,4,4,True
5249,Men,Throws,2026,3,2,3,2,5,True
5252,Men,Hurdles,2026,0,1,0,1,1,False
5252,Men,Sprints,2026,0,1,0,1,1,False
5275,Men,Throws,2026,2,2,2,3,4,True
5345,Women,Distance,2026,2,1,4,1,3,True
5346,Women,Throws,2026,2,2,2,3,4,True
5500,Men,Distance,2026,5,2,5,2,7,True
5500,Men,Hurdles,2026,0,1,0,1,1,False
5541,Men,Sprints,2026,0,2,0,2,2,False
5565,Men,Distance,2026,0,1,0,1,1,False
5577,Men,Distance,2026,2,1,2,1,3,True
5613,Men,Sprints,2026,0,1,0,1,1,False
5614,Men,Sprints,2026,0,3,0,5,3,False
5616,Men,Distance,2026,1,2,1,2,3,True
5619,Men,Distance,2026,0,3,0,5,3,False
5626,Women,Distance,2026,4,2,4,2,6,True
5626,Women,Sprints,2026,2,2,2,2,4,True
5645,Men,Hurdles,2026,0,1,0,1,1,False
5679,Women,Jumps,2026,0,1,0,1,1,False
5679,Women,Sprints,2026,1,1,1,2,2,True
5708,Men,Distance,2026,1,1,1,2,2,True
5768,Men,Sprints,2026,1,1,1,2,2,True
5828,Men,Hurdles,2026,0,1,0,1,1,False
5828,Men,Sprints,2026,0,1,0,1,1,False
5828,Men,Throws,2026,0,1,0,2,1,False
5924,Women,Distance,2026,0,1,0,1,1,False
6157,Women,Distance,2026,0,2,0,2,2,False
6193,Men,Distance,2026,0,1,0,2,1,False
7641,Men,Distance,2026,2,2,3,2,4,True
7693,Men,Distance,2026,0,1,0,1,1,False
7697,Men,Distance,2026,2,2,3,3,4,True
7704,Women,Distance,2026,0,1,0,1,1,False
7705,Women,Distance,2026,2,2,2,2,4,True
7706,Women,Distance,2026,0,2,0,2,2,False
7711,Women,Distance,2026,0,1,0,1,1,False
7724,Men,Distance,2026,0,1,0,2,1,False
7725,Men,Distance,2026,0,1,0,1,1,False
7726,Men,Distance,2026,0,1,0,1,1,False
7945,Women,Distance,2026,0,1,0,2,1,False
7945,Women,Hurdles,2026,0,1,0,2,1,False
7945,Women,Jumps,2026,0,1,0,2,1,False
7945,Women,Sprints,2026,0,1,0,3,1,False
7945,Women,Throws,2026,0,1,0,2,1,False
7950,Men,Distance,2026,0,3,0,6,3,False
7950,Men,Hurdles,2026,0,1,0,2,1,False
7950,Men,Jumps,2026,0,1,0,3,1,False
7950,Men,Sprints,2026,0,1,0,3,1,False
7950,Men,Throws,2026,0,1,0,2,1,False
7953,Men,Distance,2026,0,3,0,3,3,False
7954,Men,Distance,2026,0,2,0,3,2,False
7954,Men,Hurdles,2026,0,1,0,2,1,False
7954,Men,Jumps,2026,0,2,0,5,2,False
7954,Men,Sprints,2026,0,2,0,4,2,False
7954,Men,Throws,2026,0,1,0,2,1,False
7975,Men,Distance,2026,5,1,5,1,6,True
7981,Men,Distance,2026,1,1,1,1,2,True
7982,Men,Distance,2026,3,1,3,1,4,True
7988,Women,Distance,2026,4,1,4,1,5,True
7989,Women,Distance,2026,4,1,4,1,5,True
7998,Women,Distance,2026,0,1,0,1,1,False
8001,Men,Distance,2026,0,2,0,2,2,False
8038,Men,Distance,2026,2,1,3,2,3,True
8058,Men,Distance,2026,2,1,5,1,3,True
8058,Men,Hurdles,2026,0,1,0,1,1,False
8060,Men,Distance,2026,0,1,0,1,1,False
8060,Men,Sprints,2026,0,1,0,1,1,False
8064,Men,Distance,2026,2,1,3,1,3,True
8068,Men,Distance,2026,2,1,3,1,3,True
8108,Men,Distance,2026,3,2,4,4,5,True
8117,Women,Distance,2026,0,1,0,1,1,False
8125,Women,Distance,2026,2,1,2,2,3,True
8146,Men,Distance,2026,4,1,5,1,5,True
8147,Men,Distance,2026,1,1,1,1,2,True
9106,Men,Distance,2026,0,1,0,1,1,False
11289,Men,Distance,2026,0,1,0,1,1,False
11304,Men,Distance,2026,0,1,0,1,1,False
11307,Men,Distance,2026,3,1,5,1,4,True
11322,Men,Distance,2026,0,1,0,1,1,False
11340,Women,Distance,2026,0,1,0,1,1,False
11341,Women,Distance,2026,1,1,1,1,2,True
11344,Women,Distance,2026,0,1,0,1,1,False
11344,Women,Hurdles,2026,0,1,0,1,1,False
11364,Women,Distance,2026,2,2,2,3,4,True
11400,Men,Distance,2026,3,1,3,1,4,True
11421,Men,Sprints,2026,0,1,0,1,1,False
11422,Men,Distance,2026,0,1,0,1,1,False
11458,Women,Distance,2026,0,1,0,1,1,False
11470,Women,Distance,2026,0,1,0,1,1,False
11485,Men,Distance,2026,1,1,1,1,2,True
11485,Men,Hurdles,2026,0,1,0,1,1,False
11490,Men,Distance,2026,1,2,1,2,3,True
11494,Men,Sprints,2026,0,1,0,1,1,False
11494,Men,Throws,2026,0,2,0,2,2,False
11507,Men,Distance,2026,0,1,0,1,1,False
11516,Men,Jumps,2026,0,1,0,1,1,False
11516,Men,Sprints,2026,0,1,0,1,1,False
12027,Men,Sprints,2026,0,1,0,1,1,False
16114,Men,Distance,2026,0,1,0,1,1,False
16117,Men,Distance,2026,1,2,1,2,3,True
16118,Men,Distance,2026,0,2,0,2,2,False
16120,Men,Distance,2026,0,1,0,1,1,False
16123,Men,Distance,2026,2,2,2,4,4,True
16129,Men,Distance,2026,0,1,0,1,1,False
16132,Men,Distance,2026,1,2,1,4,3,True
16133,Men,Distance,2026,0,2,0,2,2,False
16133,Men,Hurdles,2026,0,1,0,1,1,False
16133,Men,Sprints,2026,1,1,1,1,2,True
16141,Men,Distance,2026,2,2,2,4,4,True
16142,Men,Sprints,2026,0,1,0,1,1,False
16147,Men,Distance,2026,1,2,1,3,3,True
16153,Women,Distance,2026,1,1,1,1,2,True
16157,Women,Distance,2026,0,1,0,1,1,False
16158,Women,Distance,2026,1,2,1,3,3,True
16158,Women,Throws,2026,0,1,0,1,1,False
16159,Women,Distance,2026,0,1,0,1,1,False
16160,Women,Distance,2026,0,2,0,2,2,False
16163,Women,Distance,2026,0,1,0,1,1,False
16166,Women,Distance,2026,0,1,0,2,1,False
16169,Women,Distance,2026,0,1,0,1,1,False
17920,Women,Sprints,2026,0,1,0,2,1,False
18288,Men,Distance,2026,0,2,0,2,2,False
18319,Men,Distance,2026,1,1,1,2,2,True
18727,Women,Distance,2026,0,1,0,2,1,False
18742,Men,Distance,2026,0,1,0,1,1,False
18745,Men,Distance,2026,0,1,0,1,1,False
18760,Women,Distance,2026,0,2,0,2,2,False
18780,Men,Distance,2026,0,1,0,1,1,False
18785,Men,Sprints,2026,0,1,0,2,1,False
18787,Men,Distance,2026,1,1,1,2,2,True
18913,Women,Distance,2026,0,1,0,1,1,False
18915,Men,Distance,2026,1,1,1,1,2,True
18922,Women,Distance,2026,3,2,4,3,5,True
18925,Women,Distance,2026,0,1,0,1,1,False
18931,Women,Distance,2026,0,2,0,3,2,False
18937,Women,Distance,2026,0,1,0,1,1,False
18939,Women,Distance,2026,0,2,0,3,2,False
18961,Men,Distance,2026,0,2,0,2,2,False
18963,Men,Distance,2026,1,1,2,1,2,True
18964,Men,Distance,2026,0,2,0,3,2,False
18966,Men,Distance,2026,1,2,1,2,3,True
18968,Men,Distance,2026,0,1,0,2,1,False
18969,Men,Distance,2026,0,1,0,1,1,False
18975,Men,Distance,2026,0,1,0,2,1,False
18975,Men,Hurdles,2026,0,1,0,2,1,False
18975,Men,Jumps,2026,0,1,0,3,1,False
18975,Men,Sprints,2026,0,1,0,3,1,False
18975,Men,Throws,2026,0,1,0,2,1,False
18977,Men,Distance,2026,2,2,3,3,4,True
18977,Men,Hurdles,2026,0,1,0,2,1,False
18978,Men,Distance,2026,0,1,0,1,1,False
18979,Men,Distance,2026,1,2,2,4,3,True
18982,Men,Distance,2026,1,2,2,2,3,True
18989,Men,Distance,2026,0,2,0,3,2,False
19001,Men,Distance,2026,1,1,1,1,2,True
19002,Men,Distance,2026,0,1,0,1,1,False
19007,Men,Distance,2026,1,1,2,3,2,True
19007,Men,Sprints,2026,0,1,0,1,1,False
19013,Men,Distance,2026,1,1,1,2,2,True
19366,Women,Distance,2026,0,1,0,1,1,False
19367,Women,Distance,2026,2,1,2,1,3,True
19375,Men,Distance,2026,3,1,4,1,4,True
19375,Men,Hurdles,2026,0,1,0,1,1,False
19375,Men,Sprints,2026,0,1,0,1,1,False
19375,Men,Throws,2026,0,1,0,1,1,False
19384,Men,Distance,2026,2,2,2,2,4,True
19385,Men,Distance,2026,0,2,0,2,2,False
19386,Men,Distance,2026,2,2,2,3,4,True
19387,Men,Distance,2026,2,2,2,6,4,True
19387,Men,Throws,2026,0,1,0,1,1,False
19398,Men,Sprints,2026,1,2,1,2,3,True
19411,Men,Distance,2026,1,1,2,1,2,True
19417,Men,Distance,2026,1,2,1,2,3,True
19424,Men,Distance,2026,2,1,4,1,3,True
19449,Women,Distance,2026,1,1,1,1,2,True
19457,Women,Distance,2026,0,1,0,1,1,False
19486,Men,Distance,2026,1,1,1,1,2,True
19496,Men,Distance,2026,0,1,0,1,1,False
19498,Men,Sprints,2026,0,1,0,1,1,False
19505,Women,Distance,2026,3,1,3,1,4,True
20405,Women,Distance,2026,1,1,1,1,2,True
20409,Women,Distance,2026,0,2,0,3,2,False
20419,Women,Sprints,2026,0,1,0,1,1,False
20431,Men,Distance,2026,0,2,0,4,2,False
20468,Men,Distance,2026,2,1,2,1,3,True
20472,Men,Distance,2026,2,1,2,1,3,True
20477,Men,Distance,2026,1,1,1,1,2,True
20492,Men,Distance,2026,0,2,0,2,2,False
20497,Men,Distance,2026,0,1,0,1,1,False
20498,Men,Distance,2026,0,1,0,1,1,False
20764,Women,Distance,2026,2,2,4,4,4,True
21482,Men,Distance,2026,3,2,3,4,5,True
22369,Women,Hurdles,2026,0,1,0,1,1,False
22379,Men,Sprints,2026,0,1,0,1,1,False
22382,Men,Sprints,2026,0,1,0,1,1,False
22384,Men,Distance,2026,1,1,2,1,2,True
22385,Men,Distance,2026,1,1,1,1,2,True
22524,Men,Distance,2026,0,1,0,1,1,False
22588,Men,Distance,2026,1,3,1,5,4,True
22592,Men,Distance,2026,1,1,1,2,2,True
22598,Women,Distance,2026,1,3,1,3,4,True
22600,Women,Distance,2026,1,1,1,1,2,True
23446,Men,Distance,2026,0,1,0,3,1,False
23458,Men,Distance,2026,0,1,0,1,1,False
23472,Men,Distance,2026,2,1,3,2,3,True
23476,Men,Distance,2026,3,1,4,1,4,True
23530,Women,Distance,2026,0,1,0,1,1,False
23908,Women,Sprints,2026,2,2,2,3,4,True
23919,Men,Sprints,2026,2,2,2,4,4,True
24411,Women,Jumps,2026,1,1,2,2,2,True
24411,Women,Sprints,2026,0,2,0,3,2,False
24411,Women,Throws,2026,0,1,0,1,1,False
24415,Men,Hurdles,2026,0,2,0,2,2,False
24415,Men,Jumps,2026,0,1,0,1,1,False
24415,Men,Sprints,2026,5,2,5,2,7,True
24421,Men,Distance,2026,2,1,2,2,3,True
24424,Men,Throws,2026,1,1,1,2,2,True
24454,Men,Throws,2026,2,2,2,3,4,True
24460,Men,Sprints,2026,2,2,2,3,4,True
24465,Women,Sprints,2026,0,2,0,3,2,False
24472,Women,Jumps,2026,0,2,0,2,2,False
24567,Women,Jumps,2026,5,3,10,5,8,True
24568,Men,Distance,2026,5,3,5,3,8,True
24568,Men,Sprints,2026,1,1,1,1,2,True
24571,Men,Jumps,2026,4,3,11,8,7,True
24572,Women,Sprints,2026,1,3,1,6,4,True
24573,Women,Sprints,2026,2,3,2,5,5,True
24575,Men,Hurdles,2026,0,3,0,4,3,False
24575,Men,Sprints,2026,0,1,0,1,1,False
24576,Women,Hurdles,2026,0,1,0,2,1,False
24576,Women,Jumps,2026,1,1,2,1,2,True
24579,Women,Distance,2026,4,1,4,1,5,True
24579,Women,Sprints,2026,1,2,1,3,3,True
24580,Men,Sprints,2026,3,2,3,5,5,True
24582,Men,Distance,2026,1,1,1,1,2,True
24582,Men,Sprints,2026,0,1,0,1,1,False
24584,Men,Throws,2026,4,3,4,3,7,True
24585,Men,Throws,2026,3,2,3,4,5,True
24586,Men,Throws,2026,1,2,1,4,3,True
24588,Men,Throws,2026,2,1,2,1,3,True
24589,Women,Throws,2026,4,3,4,6,7,True
24591,Women,Throws,2026,5,2,5,3,7,True
24592,Women,Throws,2026,5,2,5,4,7,True
24593,Women,Throws,2026,2,3,2,4,5,True
24594,Men,Distance,2026,2,2,3,4,4,True
24595,Men,Distance,2026,5,2,8,3,7,True
24602,Women,Sprints,2026,1,2,1,4,3,True
24603,Women,Hurdles,2026,0,3,0,4,3,False
24604,Women,Distance,2026,4,2,5,4,6,True
24605,Women,Hurdles,2026,0,1,0,1,1,False
24605,Women,Jumps,2026,5,2,11,5,7,True
24607,Men,Sprints,2026,3,2,3,2,5,True
24608,Men,Sprints,2026,1,1,1,2,2,True
24610,Men,Sprints,2026,0,1,0,1,1,False
24617,Men,Throws,2026,2,3,2,5,5,True
24623,Women,Sprints,2026,1,1,1,3,2,True
24625,Women,Sprints,2026,3,1,6,1,4,True
24630,Men,Jumps,2026,0,1,0,1,1,False
24630,Men,Sprints,2026,1,1,1,1,2,True
24634,Men,Sprints,2026,2,1,4,1,3,True
24638,Men,Sprints,2026,2,1,2,1,3,True
24656,Women,Distance,2026,0,1,0,2,1,False
24659,Men,Sprints,2026,0,1,0,1,1,False
24668,Women,Jumps,2026,3,1,3,1,4,True
24670,Men,Sprints,2026,2,2,2,2,4,True
24671,Men,Hurdles,2026,0,1,0,2,1,False
24676,Men,Distance,2026,0,1,0,1,1,False
24676,Men,Sprints,2026,2,2,3,3,4,True
24685,Women,Distance,2026,0,1,0,1,1,False
24687,Women,Sprints,2026,1,1,1,3,2,True
24692,Men,Distance,2026,0,1,0,1,1,False
24694,Men,Sprints,2026,1,1,1,2,2,True
24700,Men,Distance,2026,2,1,2,2,3,True
24701,Men,Throws,2026,2,1,2,2,3,True
24707,Men,Distance,2026,0,1,0,1,1,False
24711,Men,Distance,2026,2,1,2,1,3,True
24717,Women,Sprints,2026,1,1,1,2,2,True
24727,Women,Sprints,2026,1,1,1,1,2,True
24739,Women,Jumps,2026,2,2,2,3,4,True
24739,Women,Sprints,2026,2,2,2,4,4,True
24802,Men,Throws,2026,0,3,0,4,3,False
24829,Women,Sprints,2026,1,1,2,2,2,True
24835,Men,Sprints,2026,1,1,2,1,2,True
24859,Men,Distance,2026,2,1,2,1,3,True
24862,Men,Throws,2026,3,3,3,5,6,True
24869,Men,Sprints,2026,1,2,2,3,3,True
24880,Men,Sprints,2026,2,3,2,6,5,True
24882,Men,Sprints,2026,1,1,1,1,2,True
24888,Men,Sprints,2026,4,3,6,9,7,True
24889,Men,Sprints,2026,0,2,0,4,2,False
24891,Men,Sprints,2026,1,3,1,4,4,True
24896,Men,Sprints,2026,1,1,1,1,2,True
24897,Men,Sprints,2026,0,1,0,2,1,False
24909,Men,Distance,2026,3,2,3,2,5,True
24911,Men,Distance,2026,1,2,1,4,3,True
24914,Men,Distance,2026,2,2,2,2,4,True
24935,Men,Jumps,2026,1,1,2,1,2,True
24936,Women,Sprints,2026,0,2,0,2,2,False
24943,Women,Jumps,2026,0,1,0,1,1,False
24949,Women,Distance,2026,4,1,4,1,5,True
24949,Women,Sprints,2026,2,1,2,2,3,True
24969,Women,Jumps,2026,1,1,1,1,2,True
24972,Women,Sprints,2026,0,1,0,1,1,False
24977,Men,Sprints,2026,1,1,1,1,2,True
25014,Men,Distance,2026,3,1,3,1,4,True
25014,Men,Sprints,2026,3,1,3,1,4,True
25018,Men,Sprints,2026,0,2,0,2,2,False
25022,Women,Distance,2026,3,1,3,2,4,True
25022,Women,Hurdles,2026,0,1,0,1,1,False
25022,Women,Sprints,2026,0,1,0,1,1,False
25023,Men,Jumps,2026,0,1,0,1,1,False
25023,Men,Sprints,2026,0,1,0,2,1,False
25024,Men,Sprints,2026,2,1,2,2,3,True
25030,Men,Distance,2026,2,2,2,3,4,True
25031,Men,Hurdles,2026,0,2,0,2,2,False
25031,Men,Sprints,2026,0,1,0,1,1,False
25032,Men,Hurdles,2026,0,2,0,2,2,False
25032,Men,Sprints,2026,0,1,0,1,1,False
25033,Men,Jumps,2026,0,2,0,5,2,False
25035,Men,Throws,2026,0,1,0,2,1,False
25082,Men,Sprints,2026,1,1,1,2,2,True
25083,Men,Hurdles,2026,0,1,0,2,1,False
25083,Men,Jumps,2026,0,1,0,1,1,False
25085,Men,Sprints,2026,1,1,2,2,2,True
25098,Women,Distance,2026,1,1,1,2,2,True
25118,Men,Distance,2026,0,1,0,1,1,False
25148,Men,Sprints,2026,0,1,0,2,1,False
25153,Women,Distance,2026,0,1,0,1,1,False
25153,Women,Sprints,2026,0,2,0,4,2,False
25172,Men,Distance,2026,0,2,0,2,2,False
25176,Men,Throws,2026,0,1,0,2,1,False
25191,Men,Distance,2026,0,2,0,2,2,False
25196,Women,Distance,2026,0,1,0,1,1,False
25198,Men,Jumps,2026,0,1,0,1,1,False
25198,Men,Sprints,2026,0,1,0,1,1,False
25238,Women,Jumps,2026,0,1,0,1,1,False
25349,Women,Distance,2026,0,2,0,2,2,False
25349,Women,Sprints,2026,0,2,0,2,2,False
25407,Men,Sprints,2026,0,1,0,1,1,False
25464,Women,Distance,2026,0,1,0,1,1,False
25467,Women,Sprints,2026,0,1,0,1,1,False
25471,Men,Distance,2026,0,1,0,2,1,False
25473,Men,Sprints,2026,1,1,1,1,2,True
25474,Men,Sprints,2026,2,2,2,4,4,True
25491,Men,Distance,2026,0,1,0,1,1,False
25491,Men,Sprints,2026,0,1,0,1,1,False
25499,Men,Jumps,2026,0,1,0,1,1,False
25499,Men,Sprints,2026,0,1,0,2,1,False
25500,Men,Sprints,2026,0,1,0,2,1,False
25501,Men,Sprints,2026,0,1,0,1,1,False
25506,Women,Sprints,2026,0,2,0,4,2,False
25507,Women,Distance,2026,0,1,0,2,1,False
25513,Men,Jumps,2026,1,1,1,1,2,True
25513,Men,Sprints,2026,1,1,1,1,2,True
25516,Men,Sprints,2026,0,1,0,2,1,False
25550,Men,Distance,2026,1,1,1,1,2,True
25555,Men,Throws,2026,2,1,2,2,3,True
25605,Women,Jumps,2026,1,1,2,2,2,True
25627,Men,Distance,2026,1,1,1,1,2,True
25628,Men,Distance,2026,0,1,0,1,1,False
25630,Men,Distance,2026,0,2,0,3,2,False
25635,Women,Distance,2026,0,1,0,1,1,False
25643,Men,Hurdles,2026,0,1,0,1,1,False
25650,Men,Throws,2026,0,1,0,1,1,False
25652,Men,Throws,2026,0,1,0,1,1,False
25677,Men,Distance,2026,0,1,0,1,1,False
25677,Men,Sprints,2026,0,1,0,2,1,False
25680,Men,Hurdles,2026,0,1,0,1,1,False
25680,Men,Jumps,2026,0,1,0,2,1,False
25851,Men,Hurdles,2026,0,1,0,2,1,False
25852,Men,Distance,2026,0,1,0,1,1,False
25855,Men,Distance,2026,0,1,0,2,1,False
25855,Men,Hurdles,2026,0,1,0,2,1,False
25855,Men,Jumps,2026,0,1,0,3,1,False
25855,Men,Sprints,2026,0,1,0,3,1,False
25855,Men,Throws,2026,0,1,0,2,1,False
25858,Men,Jumps,2026,0,2,0,2,2,False
25858,Men,Sprints,2026,0,2,0,4,2,False
25866,Men,Jumps,2026,0,1,0,2,1,False
25876,Men,Throws,2026,0,1,0,1,1,False
25878,Men,Jumps,2026,1,2,1,3,3,True
25994,Women,Distance,2026,0,1,0,1,1,False
25995,Men,Sprints,2026,0,1,0,1,1,False
26006,Men,Distance,2026,0,1,0,2,1,False
26020,Men,Distance,2026,1,2,1,4,3,True
26021,Men,Distance,2026,0,1,0,2,1,False
26031,Men,Distance,2026,0,2,0,3,2,False
26036,Men,Distance,2026,0,1,0,1,1,False
26088,Men,Hurdles,2026,0,1,0,1,1,False
26088,Men,Sprints,2026,0,1,0,1,1,False
26089,Men,Distance,2026,0,1,0,2,1,False
26089,Men,Hurdles,2026,0,1,0,2,1,False
26089,Men,Jumps,2026,0,1,0,3,1,False
26089,Men,Sprints,2026,0,1,0,3,1,False
26089,Men,Throws,2026,0,1,0,2,1,False
26090,Men,Sprints,2026,0,1,0,2,1,False
26092,Men,Sprints,2026,0,1,0,2,1,False
26096,Men,Sprints,2026,0,1,0,1,1,False
26097,Men,Distance,2026,0,1,0,1,1,False
26112,Men,Distance,2026,0,1,0,1,1,False
26118,Men,Throws,2026,0,1,0,2,1,False
26119,Men,Jumps,2026,0,1,0,1,1,False
26119,Men,Throws,2026,0,1,0,2,1,False
26125,Women,Jumps,2026,0,1,0,1,1,False
26127,Women,Distance,2026,0,1,0,2,1,False
26127,Women,Hurdles,2026,0,1,0,2,1,False
26127,Women,Jumps,2026,0,1,0,1,1,False
26127,Women,Sprints,2026,0,1,0,2,1,False
26127,Women,Throws,2026,0,1,0,2,1,False
26128,Women,Distance,2026,0,1,0,1,1,False
26132,Women,Throws,2026,0,1,0,2,1,False
26135,Women,Jumps,2026,0,1,0,1,1,False
26135,Women,Sprints,2026,0,1,0,1,1,False
26154,Women,Sprints,2026,0,1,0,2,1,False
26161,Men,Sprints,2026,1,1,1,1,2,True
26169,Men,Sprints,2026,0,2,0,3,2,False
26171,Men,Sprints,2026,0,2,0,3,2,False
26180,Men,Distance,2026,0,2,0,2,2,False
26186,Men,Jumps,2026,0,2,0,2,2,False
26193,Women,Sprints,2026,1,2,2,3,3,True
26228,Women,Distance,2026,0,1,0,1,1,False
26228,Women,Sprints,2026,2,2,2,2,4,True
26471,Men,Jumps,2026,0,1,0,1,1,False
26491,Men,Hurdles,2026,0,2,0,2,2,False
26491,Men,Throws,2026,2,2,2,3,4,True
26499,Men,Jumps,2026,0,1,0,2,1,False
26499,Men,Throws,2026,0,1,0,1,1,False
26504,Men,Sprints,2026,1,1,1,2,2,True
26507,Men,Distance,2026,2,1,2,1,3,True
26511,Men,Sprints,2026,1,2,1,5,3,True
26513,Men,Distance,2026,0,2,0,2,2,False
26627,Men,Distance,2026,2,2,3,2,4,True
26696,Men,Throws,2026,0,1,0,1,1,False
26704,Men,Distance,2026,0,1,0,1,1,False
26705,Men,Distance,2026,0,1,0,1,1,False
26817,Men,Distance,2026,2,1,2,1,3,True
26818,Men,Distance,2026,2,1,3,1,3,True
26820,Men,Distance,2026,0,1,0,1,1,False
26821,Men,Distance,2026,1,1,1,1,2,True
26823,Women,Distance,2026,1,2,1,2,3,True
26824,Women,Distance,2026,1,1,1,2,2,True
26825,Women,Distance,2026,2,1,2,1,3,True
26826,Women,Hurdles,2026,0,1,0,2,1,False
26826,Women,Sprints,2026,1,1,1,1,2,True
26827,Women,Distance,2026,0,1,0,1,1,False
26829,Women,Distance,2026,2,1,2,1,3,True
26830,Women,Distance,2026,1,2,1,2,3,True
26832,Women,Sprints,2026,0,1,0,1,1,False
26835,Men,Distance,2026,1,1,1,1,2,True
26835,Men,Sprints,2026,0,1,0,1,1,False
26838,Men,Hurdles,2026,0,2,0,3,2,False
26839,Men,Distance,2026,0,2,0,2,2,False
26840,Men,Distance,2026,0,1,0,1,1,False
26843,Men,Distance,2026,0,1,0,1,1,False
26843,Men,Sprints,2026,0,1,0,1,1,False
26845,Men,Distance,2026,3,1,5,2,4,True
26846,Men,Distance,2026,0,1,0,1,1,False
26847,Men,Distance,2026,2,1,2,2,3,True
26852,Women,Distance,2026,1,1,1,2,2,True
26873,Women,Distance,2026,3,1,3,1,4,True
26884,Women,Distance,2026,2,1,2,1,3,True
26885,Women,Distance,2026,0,1,0,1,1,False
26895,Men,Distance,2026,1,1,1,2,2,True
26895,Men,Sprints,2026,1,1,2,1,2,True
26919,Men,Distance,2026,1,2,1,2,3,True
26921,Men,Distance,2026,0,2,0,3,2,False
26922,Men,Distance,2026,0,3,0,6,3,False
26922,Men,Hurdles,2026,0,1,0,2,1,False
26922,Men,Jumps,2026,0,1,0,3,1,False
26922,Men,Sprints,2026,0,1,0,3,1,False
26922,Men,Throws,2026,0,1,0,2,1,False
26924,Men,Distance,2026,0,2,0,2,2,False
26925,Men,Distance,2026,0,2,0,3,2,False
26927,Women,Distance,2026,0,2,0,2,2,False
26928,Women,Distance,2026,0,2,0,2,2,False
26930,Women,Distance,2026,0,2,0,2,2,False
26932,Men,Distance,2026,0,1,0,1,1,False
26934,Men,Distance,2026,0,2,0,2,2,False
26935,Women,Distance,2026,0,2,0,3,2,False
26936,Women,Distance,2026,0,2,0,3,2,False
26937,Women,Distance,2026,0,2,0,3,2,False
26938,Women,Distance,2026,0,2,0,2,2,False
26940,Women,Distance,2026,0,2,0,2,2,False
26940,Women,Sprints,2026,0,1,0,1,1,False
26941,Women,Distance,2026,0,2,0,3,2,False
26944,Women,Distance,2026,2,1,2,2,3,True
26946,Women,Distance,2026,4,2,6,3,6,True
26947,Women,Distance,2026,5,2,5,3,7,True
26949,Women,Distance,2026,1,1,2,2,2,True
26950,Women,Jumps,2026,0,1,0,1,1,False
26951,Women,Distance,2026,2,1,2,2,3,True
26962,Women,Distance,2026,2,1,2,2,3,True
26966,Men,Distance,2026,1,1,1,2,2,True
26967,Men,Distance,2026,3,2,5,4,5,True
26968,Men,Distance,2026,0,1,0,1,1,False
26970,Men,Distance,2026,3,2,4,2,5,True
26972,Men,Distance,2026,0,1,0,2,1,False
26978,Men,Distance,2026,2,1,2,1,3,True
26979,Men,Distance,2026,2,1,3,1,3,True
26985,Men,Distance,2026,3,1,5,1,4,True
26993,Men,Distance,2026,1,2,1,3,3,True
26994,Men,Distance,2026,2,1,2,2,3,True
26995,Men,Distance,2026,0,1,0,1,1,False
26996,Men,Distance,2026,0,1,0,1,1,False
26998,Men,Distance,2026,2,2,2,2,4,True
26999,Men,Distance,2026,0,2,0,3,2,False
27000,Men,Distance,2026,2,3,3,5,5,True
27002,Men,Distance,2026,3,2,3,3,5,True
27003,Men,Distance,2026,1,1,1,1,2,True
27004,Men,Distance,2026,2,2,2,4,4,True
27009,Men,Distance,2026,1,2,1,4,3,True
27010,Men,Distance,2026,2,2,2,2,4,True
27010,Men,Hurdles,2026,0,1,0,1,1,False
27014,Men,Distance,2026,2,2,2,2,4,True
27016,Men,Distance,2026,2,4,2,4,6,True
27016,Men,Sprints,2026,0,2,0,2,2,False
27017,Men,Distance,2026,3,2,4,3,5,True
27023,Men,Distance,2026,1,1,1,1,2,True
27029,Men,Distance,2026,0,1,0,2,1,False
27030,Men,Distance,2026,0,1,0,1,1,False
27032,Men,Distance,2026,0,1,0,1,1,False
27045,Men,Hurdles,2026,0,1,0,1,1,False
27045,Men,Throws,2026,1,1,1,1,2,True
27046,Men,Sprints,2026,0,1,0,2,1,False
27048,Women,Distance,2026,0,1,0,1,1,False
27058,Women,Distance,2026,1,2,1,3,3,True
27059,Women,Distance,2026,2,1,2,1,3,True
27072,Women,Sprints,2026,1,2,3,4,3,True
27078,Men,Distance,2026,2,1,2,1,3,True
27079,Men,Distance,2026,0,1,0,1,1,False
27083,Men,Distance,2026,2,1,2,1,3,True
27088,Men,Distance,2026,3,1,5,1,4,True
27094,Men,Distance,2026,2,1,2,1,3,True
27101,Women,Distance,2026,1,1,1,2,2,True
27176,Men,Distance,2026,0,1,0,2,1,False
27177,Men,Distance,2026,1,1,1,1,2,True
27191,Women,Distance,2026,2,2,3,3,4,True
27193,Women,Distance,2026,2,1,2,1,3,True
27203,Men,Distance,2026,2,1,2,1,3,True
27204,Men,Distance,2026,1,1,1,1,2,True
27205,Men,Distance,2026,0,1,0,2,1,False
27205,Men,Sprints,2026,0,1,0,1,1,False
27206,Men,Distance,2026,2,1,2,1,3,True
27209,Men,Distance,2026,1,2,1,3,3,True
27214,Men,Distance,2026,1,1,1,1,2,True
27228,Women,Distance,2026,1,2,2,2,3,True
27229,Women,Distance,2026,2,1,2,1,3,True
27235,Men,Distance,2026,0,1,0,1,1,False
27236,Men,Distance,2026,1,1,1,2,2,True
27239,Men,Distance,2026,0,1,0,1,1,False
27239,Men,Sprints,2026,0,1,0,1,1,False
27252,Women,Distance,2026,1,1,1,1,2,True
27261,Women,Distance,2026,1,1,1,2,2,True
27262,Women,Distance,2026,1,1,2,2,2,True
27279,Women,Distance,2026,0,1,0,1,1,False
27294,Men,Distance,2026,2,1,2,1,3,True
27297,Men,Distance,2026,2,1,4,1,3,True
27297,Men,Sprints,2026,0,1,0,1,1,False
27298,Men,Distance,2026,3,1,5,1,4,True
27299,Men,Distance,2026,5,1,5,1,6,True
27299,Men,Sprints,2026,0,1,0,1,1,False
27306,Men,Distance,2026,0,2,0,2,2,False
27308,Men,Distance,2026,1,2,2,3,3,True
27313,Men,Distance,2026,0,1,0,1,1,False
27319,Men,Distance,2026,1,1,1,1,2,True
27330,Men,Distance,2026,0,2,0,3,2,False
27334,Women,Distance,2026,0,1,0,2,1,False
27336,Women,Distance,2026,0,1,0,2,1,False
27338,Women,Distance,2026,0,1,0,1,1,False
27341,Women,Distance,2026,0,1,0,1,1,False
27345,Women,Distance,2026,0,1,0,2,1,False
27346,Women,Distance,2026,0,1,0,1,1,False
27349,Women,Distance,2026,3,1,3,1,4,True
27361,Women,Distance,2026,0,1,0,1,1,False
27370,Women,Distance,2026,0,1,0,1,1,False
27370,Women,Hurdles,2026,0,1,0,1,1,False
27371,Women,Distance,2026,0,1,0,1,1,False
27372,Men,Distance,2026,0,1,0,1,1,False
27374,Men,Distance,2026,0,1,0,1,1,False
27377,Men,Distance,2026,0,3,0,4,3,False
27383,Men,Distance,2026,1,1,1,1,2,True
27384,Men,Distance,2026,0,1,0,1,1,False
27385,Men,Distance,2026,0,1,0,1,1,False
27386,Men,Distance,2026,0,2,0,3,2,False
27393,Men,Distance,2026,0,1,0,2,1,False
27396,Men,Distance,2026,2,1,2,1,3,True
27399,Men,Distance,2026,0,1,0,1,1,False
27399,Men,Sprints,2026,0,1,0,1,1,False
27400,Men,Distance,2026,0,2,0,3,2,False
27475,Men,Distance,2026,0,1,0,2,1,False
27485,Men,Distance,2026,0,2,0,2,2,False
27487,Men,Distance,2026,2,1,3,2,3,True
27491,Men,Distance,2026,1,2,2,2,3,True
27496,Men,Distance,2026,1,2,2,2,3,True
27499,Men,Distance,2026,3,1,4,2,4,True
27500,Men,Distance,2026,3,1,3,1,4,True
27501,Men,Distance,2026,3,2,3,2,5,True
27514,Men,Sprints,2026,0,1,0,1,1,False
27516,Men,Distance,2026,1,1,1,2,2,True
27524,Women,Distance,2026,2,2,4,3,4,True
27526,Women,Distance,2026,2,2,3,2,4,True
27528,Women,Distance,2026,3,1,3,1,4,True
27539,Women,Distance,2026,0,1,0,1,1,False
27543,Women,Distance,2026,1,1,1,1,2,True
27548,Men,Distance,2026,2,1,2,2,3,True
27555,Men,Distance,2026,1,1,1,2,2,True
27569,Men,Distance,2026,0,1,0,1,1,False
27572,Men,Distance,2026,1,1,1,2,2,True
27573,Men,Distance,2026,0,1,0,1,1,False
27574,Men,Distance,2026,1,1,2,2,2,True
27584,Men,Distance,2026,1,1,1,2,2,True
27601,Women,Distance,2026,2,1,3,2,3,True
27602,Women,Distance,2026,1,1,1,1,2,True
27605,Women,Distance,2026,1,1,1,1,2,True
27611,Women,Distance,2026,0,1,0,1,1,False
27618,Women,Distance,2026,1,1,1,1,2,True
27618,Women,Throws,2026,0,1,0,1,1,False
27627,Women,Distance,2026,1,1,1,2,2,True
27744,Men,Distance,2026,1,2,1,4,3,True
27745,Men,Distance,2026,0,2,0,2,2,False
27746,Women,Distance,2026,1,2,1,2,3,True
27747,Women,Distance,2026,1,2,1,2,3,True
27840,Men,Distance,2026,0,1,0,1,1,False
27840,Men,Sprints,2026,0,1,0,1,1,False
27847,Men,Distance,2026,0,1,0,1,1,False
27867,Women,Distance,2026,0,1,0,1,1,False
27868,Women,Distance,2026,0,1,0,1,1,False
27874,Women,Distance,2026,0,1,0,1,1,False
27874,Women,Throws,2026,0,1,0,1,1,False
27875,Women,Distance,2026,2,1,2,1,3,True
27875,Women,Sprints,2026,2,1,2,1,3,True
27885,Men,Distance,2026,0,1,0,1,1,False
27890,Women,Distance,2026,3,1,3,1,4,True
27897,Women,Jumps,2026,0,1,0,1,1,False
27897,Women,Sprints,2026,0,2,0,4,2,False
27900,Women,Distance,2026,0,1,0,1,1,False
27907,Men,Distance,2026,0,2,0,2,2,False
27908,Men,Distance,2026,0,2,0,2,2,False
27911,Men,Distance,2026,1,2,1,3,3,True
27914,Men,Distance,2026,0,1,0,2,1,False
27915,Men,Distance,2026,0,1,0,1,1,False
27917,Men,Sprints,2026,2,1,2,2,3,True
27920,Men,Distance,2026,0,1,0,1,1,False
27933,Women,Distance,2026,0,1,0,1,1,False
27936,Women,Distance,2026,0,1,0,1,1,False
27936,Women,Sprints,2026,0,2,0,2,2,False
27941,Women,Sprints,2026,1,1,1,1,2,True
27942,Women,Distance,2026,1,2,1,3,3,True
27949,Men,Distance,2026,0,2,0,2,2,False
27953,Men,Distance,2026,2,1,2,2,3,True
27954,Men,Sprints,2026,0,1,0,1,1,False
27966,Women,Distance,2026,1,1,1,1,2,True
27971,Women,Distance,2026,1,1,1,2,2,True
27979,Men,Distance,2026,1,1,1,1,2,True
27988,Men,Distance,2026,1,1,1,1,2,True
28005,Men,Distance,2026,4,1,7,1,5,True
28080,Women,Distance,2026,0,1,0,1,1,False
28265,Women,Distance,2026,0,1,0,2,1,False
28267,Women,Distance,2026,1,2,1,3,3,True
28269,Women,Distance,2026,0,1,0,2,1,False
28272,Women,Distance,2026,2,2,2,2,4,True
28272,Women,Sprints,2026,0,1,0,1,1,False
28273,Women,Distance,2026,0,1,0,1,1,False
28273,Women,Sprints,2026,0,1,0,1,1,False
28292,Men,Distance,2026,1,1,1,1,2,True
28295,Men,Distance,2026,1,1,2,1,2,True
28296,Men,Distance,2026,0,1,0,2,1,False
28308,Men,Distance,2026,2,1,2,2,3,True
28312,Men,Distance,2026,2,2,2,2,4,True
28318,Men,Distance,2026,0,1,0,2,1,False
28319,Men,Distance,2026,3,1,3,2,4,True
28321,Men,Distance,2026,0,1,0,2,1,False
28323,Men,Distance,2026,0,2,0,3,2,False
28327,Men,Distance,2026,0,1,0,2,1,False
28331,Men,Jumps,2026,0,1,0,1,1,False
28331,Men,Sprints,2026,1,1,1,2,2,True
28345,Men,Distance,2026,2,1,2,1,3,True
28354,Women,Distance,2026,0,2,0,2,2,False
28355,Women,Distance,2026,1,3,1,4,4,True
28356,Women,Distance,2026,0,2,0,2,2,False
28357,Women,Distance,2026,1,3,1,4,4,True
28359,Women,Distance,2026,0,2,0,2,2,False
28360,Men,Distance,2026,0,1,0,2,1,False
28361,Men,Distance,2026,1,2,1,2,3,True
28362,Men,Distance,2026,1,2,1,3,3,True
28364,Men,Distance,2026,1,1,1,1,2,True
28365,Men,Distance,2026,0,1,0,1,1,False
28411,Men,Distance,2026,3,1,4,1,4,True
28420,Men,Distance,2026,0,1,0,1,1,False
28512,Women,Distance,2026,1,1,1,2,2,True
28513,Women,Distance,2026,0,1,0,1,1,False
28513,Women,Sprints,2026,0,2,0,2,2,False
28523,Men,Sprints,2026,0,2,0,3,2,False
28542,Men,Distance,2026,0,1,0,1,1,False
28544,Men,Hurdles,2026,0,1,0,1,1,False
28544,Men,Sprints,2026,0,1,0,1,1,False
28690,Men,Distance,2026,0,1,0,2,1,False
28694,Men,Distance,2026,0,1,0,2,1,False
28703,Women,Distance,2026,0,1,0,2,1,False
28733,Women,Distance,2026,0,1,0,1,1,False
28748,Men,Distance,2026,0,1,0,2,1,False
28749,Men,Distance,2026,0,1,0,1,1,False
28762,Men,Distance,2026,0,1,0,2,1,False
28762,Men,Hurdles,2026,0,1,0,2,1,False
28762,Men,Jumps,2026,0,1,0,3,1,False
28762,Men,Sprints,2026,0,1,0,3,1,False
28762,Men,Throws,2026,0,1,0,2,1,False
28778,Women,Distance,2026,1,1,1,1,2,True
28778,Women,Sprints,2026,0,1,0,1,1,False
28782,Men,Distance,2026,1,2,1,2,3,True
28784,Men,Distance,2026,0,1,0,2,1,False
28785,Men,Distance,2026,0,1,0,1,1,False
28858,Women,Distance,2026,0,1,0,1,1,False
29205,Men,Distance,2026,0,1,0,1,1,False
29211,Men,Distance,2026,0,1,0,2,1,False
29221,Men,Sprints,2026,0,1,0,2,1,False
29240,Women,Distance,2026,0,1,0,1,1,False
29312,Men,Distance,2026,1,1,1,1,2,True
29447,Men,Jumps,2026,1,2,1,2,3,True
29447,Men,Sprints,2026,2,1,2,1,3,True
29448,Men,Hurdles,2026,0,1,0,1,1,False
29449,Men,Sprints,2026,5,3,7,6,8,True
29450,Women,Sprints,2026,0,2,0,2,2,False
29451,Women,Hurdles,2026,0,3,0,6,3,False
29452,Women,Hurdles,2026,0,2,0,3,2,False
29453,Men,Hurdles,2026,0,3,0,5,3,False
29454,Women,Hurdles,2026,0,2,0,3,2,False
29454,Women,Sprints,2026,5,1,5,2,6,True
29455,Women,Jumps,2026,4,2,5,3,6,True
29455,Women,Sprints,2026,1,1,1,1,2,True
29456,Men,Distance,2026,2,2,2,2,4,True
29456,Men,Sprints,2026,4,3,4,4,7,True
29458,Men,Distance,2026,1,3,1,6,4,True
29460,Men,Throws,2026,4,2,4,2,6,True
29461,Women,Throws,2026,3,2,3,4,5,True
29488,Women,Jumps,2026,0,1,0,1,1,False
29488,Women,Sprints,2026,0,1,0,2,1,False
29591,Women,Sprints,2026,3,2,3,3,5,True
29592,Women,Jumps,2026,2,2,2,3,4,True
29592,Women,Sprints,2026,1,1,1,1,2,True
29593,Women,Jumps,2026,2,1,2,1,3,True
29593,Women,Sprints,2026,1,1,1,1,2,True
29594,Women,Jumps,2026,2,1,3,1,3,True
29596,Women,Distance,2026,2,1,2,1,3,True
29597,Men,Sprints,2026,0,1,0,2,1,False
29599,Men,Jumps,2026,2,1,3,2,3,True
29599,Men,Sprints,2026,2,1,2,2,3,True
29599,Men,Throws,2026,1,1,1,1,2,True
29600,Men,Sprints,2026,2,1,2,2,3,True
29603,Men,Jumps,2026,1,1,2,1,2,True
29605,Men,Jumps,2026,0,1,0,1,1,False
29605,Men,Sprints,2026,2,1,2,1,3,True
29607,Men,Distance,2026,2,1,2,1,3,True
29607,Men,Sprints,2026,2,2,2,2,4,True
29608,Men,Distance,2026,4,3,4,3,7,True
29608,Men,Sprints,2026,0,1,0,1,1,False
29610,Women,Jumps,2026,2,2,2,2,4,True
29610,Women,Throws,2026,2,2,2,3,4,True
29611,Women,Throws,2026,2,1,2,1,3,True
29612,Men,Sprints,2026,3,1,3,1,4,True
29613,Men,Sprints,2026,2,1,2,1,3,True
29615,Men,Throws,2026,3,1,3,2,4,True
29616,Men,Distance,2026,1,1,1,1,2,True
29618,Men,Distance,2026,3,1,3,2,4,True
29619,Men,Distance,2026,1,1,1,1,2,True
29628,Women,Distance,2026,3,1,4,2,4,True
29630,Men,Sprints,2026,4,2,4,3,6,True
29632,Men,Sprints,2026,4,1,5,2,5,True
29633,Men,Sprints,2026,3,2,5,3,5,True
29634,Men,Sprints,2026,2,1,2,2,3,True
29637,Women,Hurdles,2026,0,1,0,1,1,False
29643,Men,Sprints,2026,3,1,3,1,4,True
29644,Women,Sprints,2026,5,1,7,3,6,True
29649,Women,Throws,2026,3,1,3,1,4,True
29660,Men,Sprints,2026,2,1,2,2,3,True
29663,Men,Sprints,2026,2,1,4,1,3,True
29669,Men,Sprints,2026,3,1,5,2,4,True
29673,Men,Sprints,2026,1,1,1,1,2,True
29674,Men,Distance,2026,3,3,3,4,6,True
29677,Men,Sprints,2026,1,1,1,2,2,True
29679,Men,Sprints,2026,2,1,2,2,3,True
29681,Men,Distance,2026,2,1,3,2,3,True
29690,Women,Hurdles,2026,0,1,0,1,1,False
29691,Men,Sprints,2026,2,1,2,2,3,True
29694,Men,Hurdles,2026,0,2,0,3,2,False
29696,Men,Sprints,2026,2,1,2,1,3,True
29697,Women,Throws,2026,2,2,2,3,4,True
29698,Men,Jumps,2026,1,1,1,1,2,True
29706,Women,Sprints,2026,0,1,0,1,1,False
29709,Men,Jumps,2026,2,1,2,1,3,True
29709,Men,Sprints,2026,2,1,2,1,3,True
29711,Men,Sprints,2026,3,2,3,3,5,True
29712,Women,Distance,2026,3,2,5,3,5,True
29714,Women,Hurdles,2026,0,2,0,3,2,False
29714,Women,Jumps,2026,1,1,1,1,2,True
29735,Men,Distance,2026,2,1,2,1,3,True
29737,Women,Jumps,2026,1,1,1,1,2,True
29741,Men,Distance,2026,1,1,1,1,2,True
29742,Men,Distance,2026,1,2,1,2,3,True
29746,Men,Hurdles,2026,0,1,0,2,1,False
29747,Men,Sprints,2026,2,1,2,1,3,True
29748,Men,Sprints,2026,2,1,2,2,3,True
29749,Men,Sprints,2026,2,1,3,1,3,True
29750,Men,Distance,2026,2,1,2,1,3,True
29750,Men,Sprints,2026,1,1,2,2,2,True
29751,Men,Distance,2026,2,2,2,2,4,True
29752,Men,Distance,2026,2,1,3,2,3,True
29753,Men,Distance,2026,2,1,2,1,3,True
29755,Men,Throws,2026,2,2,2,3,4,True
29756,Women,Hurdles,2026,0,2,0,3,2,False
29756,Women,Sprints,2026,2,1,2,1,3,True
29758,Women,Hurdles,2026,0,1,0,2,1,False
29760,Women,Jumps,2026,2,1,4,1,3,True
29762,Women,Throws,2026,2,2,2,3,4,True
29772,Men,Jumps,2026,0,1,0,1,1,False
29772,Men,Sprints,2026,0,1,0,1,1,False
29774,Men,Sprints,2026,0,1,0,1,1,False
29775,Men,Distance,2026,2,2,2,3,4,True
29776,Women,Jumps,2026,2,2,2,2,4,True
29777,Women,Sprints,2026,0,1,0,2,1,False
29778,Men,Distance,2026,1,1,1,1,2,True
29779,Men,Distance,2026,1,1,1,1,2,True
29789,Men,Hurdles,2026,0,1,0,2,1,False
29790,Women,Sprints,2026,1,4,1,7,5,True
29791,Women,Sprints,2026,2,4,2,8,6,True
29793,Men,Sprints,2026,2,1,2,1,3,True
29794,Men,Distance,2026,3,1,3,1,4,True
29795,Men,Distance,2026,3,2,6,2,5,True
29796,Men,Distance,2026,2,1,2,1,3,True
29817,Men,Sprints,2026,1,1,1,2,2,True
29818,Men,Sprints,2026,1,1,1,2,2,True
29819,Men,Sprints,2026,1,1,1,2,2,True
29820,Men,Sprints,2026,0,1,0,1,1,False
29824,Women,Jumps,2026,2,1,2,1,3,True
29827,Women,Hurdles,2026,0,1,0,1,1,False
29827,Women,Jumps,2026,2,1,4,2,3,True
29844,Women,Sprints,2026,1,1,1,1,2,True
29845,Women,Hurdles,2026,0,2,0,2,2,False
29845,Women,Jumps,2026,1,2,1,3,3,True
29846,Men,Jumps,2026,1,2,1,2,3,True
29846,Men,Sprints,2026,1,1,1,2,2,True
29847,Women,Sprints,2026,1,2,1,3,3,True
29849,Women,Distance,2026,1,2,1,4,3,True
29851,Women,Distance,2026,1,2,1,2,3,True
29861,Women,Jumps,2026,1,2,1,2,3,True
29861,Women,Sprints,2026,0,3,0,3,3,False
29862,Men,Distance,2026,0,1,0,1,1,False
29862,Men,Sprints,2026,1,3,2,3,4,True
29864,Men,Sprints,2026,1,4,1,7,5,True
29867,Men,Jumps,2026,1,1,1,2,2,True
29868,Men,Jumps,2026,1,1,2,2,2,True
29869,Men,Jumps,2026,1,2,2,2,3,True
29870,Men,Throws,2026,1,3,1,5,4,True
29871,Women,Throws,2026,1,3,1,3,4,True
29872,Men,Jumps,2026,1,1,1,2,2,True
29872,Men,Sprints,2026,0,1,0,1,1,False
29873,Men,Sprints,2026,1,1,1,1,2,True
29876,Men,Sprints,2026,1,1,1,1,2,True
29878,Men,Sprints,2026,2,1,2,1,3,True
29880,Men,Distance,2026,0,1,0,1,1,False
29881,Women,Sprints,2026,2,1,2,2,3,True
29882,Men,Sprints,2026,2,1,2,1,3,True
29973,Men,Hurdles,2026,0,1,0,1,1,False
29973,Men,Sprints,2026,1,1,1,2,2,True
29978,Men,Sprints,2026,2,1,2,1,3,True
29979,Men,Sprints,2026,0,1,0,1,1,False
29980,Men,Sprints,2026,1,1,1,2,2,True
29984,Men,Sprints,2026,1,2,1,3,3,True
29985,Men,Sprints,2026,1,1,1,1,2,True
29989,Men,Sprints,2026,0,2,0,3,2,False
29990,Men,Sprints,2026,0,1,0,1,1,False
29994,Men,Throws,2026,1,1,1,1,2,True
29997,Women,Sprints,2026,2,2,2,2,4,True
29998,Women,Sprints,2026,1,3,1,6,4,True
29999,Women,Sprints,2026,1,3,1,6,4,True
30000,Women,Sprints,2026,1,2,1,4,3,True
30004,Men,Distance,2026,1,2,1,2,3,True
30005,Men,Distance,2026,2,1,2,1,3,True
30007,Men,Distance,2026,1,1,1,2,2,True
30031,Women,Distance,2026,1,1,1,1,2,True
30035,Women,Distance,2026,2,2,3,2,4,True
30039,Men,Sprints,2026,2,1,2,2,3,True
30040,Men,Sprints,2026,1,2,1,2,3,True
30041,Men,Sprints,2026,1,2,1,4,3,True
30042,Men,Sprints,2026,1,1,1,1,2,True
30043,Men,Sprints,2026,1,2,1,3,3,True
30044,Men,Sprints,2026,1,1,1,1,2,True
30045,Men,Sprints,2026,2,1,3,1,3,True
30049,Men,Distance,2026,2,2,2,3,4,True
30050,Men,Distance,2026,1,1,1,1,2,True
30055,Men,Distance,2026,1,1,1,2,2,True
30057,Men,Distance,2026,1,2,1,2,3,True
30065,Men,Distance,2026,1,2,1,2,3,True
30065,Men,Sprints,2026,1,1,1,1,2,True
30068,Men,Jumps,2026,0,1,0,1,1,False
30069,Men,Jumps,2026,1,1,1,1,2,True
30069,Men,Sprints,2026,1,1,1,1,2,True
30071,Men,Sprints,2026,1,1,1,2,2,True
30072,Men,Sprints,2026,1,1,1,1,2,True
30075,Men,Sprints,2026,2,1,2,2,3,True
30076,Women,Sprints,2026,1,1,1,1,2,True
30079,Women,Sprints,2026,1,1,1,2,2,True
30081,Men,Distance,2026,2,2,2,2,4,True
30098,Men,Throws,2026,1,1,1,2,2,True
30102,Men,Throws,2026,1,2,1,2,3,True
30103,Women,Throws,2026,1,2,1,4,3,True
30104,Women,Throws,2026,1,1,1,1,2,True
30106,Women,Throws,2026,1,2,1,3,3,True
30107,Women,Throws,2026,1,3,1,4,4,True
30109,Men,Hurdles,2026,0,1,0,2,1,False
30109,Men,Jumps,2026,1,1,2,2,2,True
30111,Men,Jumps,2026,1,1,1,1,2,True
30115,Women,Sprints,2026,1,2,1,4,3,True
30119,Men,Jumps,2026,1,1,1,1,2,True
30123,Men,Distance,2026,1,1,2,1,2,True
30147,Men,Sprints,2026,0,1,0,1,1,False
30148,Men,Sprints,2026,0,1,0,1,1,False
30149,Men,Sprints,2026,0,1,0,1,1,False
30151,Women,Sprints,2026,0,1,0,2,1,False
30152,Women,Sprints,2026,0,1,0,1,1,False
30153,Women,Distance,2026,0,1,0,1,1,False
30156,Women,Distance,2026,0,1,0,1,1,False
30159,Men,Sprints,2026,0,1,0,1,1,False
30168,Men,Sprints,2026,1,1,1,1,2,True
30285,Men,Distance,2026,0,1,0,1,1,False
30285,Men,Sprints,2026,0,1,0,2,1,False
30302,Women,Hurdles,2026,0,1,0,2,1,False
30306,Women,Distance,2026,0,1,0,1,1,False
30320,Men,Sprints,2026,0,2,0,3,2,False
30323,Men,Hurdles,2026,0,2,0,2,2,False
30323,Men,Sprints,2026,0,2,0,2,2,False
30332,Men,Sprints,2026,0,1,0,1,1,False
30343,Men,Sprints,2026,1,1,1,1,2,True
30346,Men,Hurdles,2026,0,2,0,3,2,False
30346,Men,Jumps,2026,0,1,0,1,1,False
30346,Men,Sprints,2026,0,1,0,1,1,False
30348,Men,Distance,2026,0,1,0,1,1,False
30348,Men,Sprints,2026,0,1,0,1,1,False
30361,Women,Distance,2026,0,1,0,1,1,False
30368,Women,Distance,2026,0,1,0,1,1,False
30370,Women,Sprints,2026,0,1,0,1,1,False
30370,Women,Throws,2026,0,1,0,1,1,False
30371,Women,Sprints,2026,0,1,0,1,1,False
30375,Women,Hurdles,2026,0,1,0,1,1,False
30375,Women,Sprints,2026,0,1,0,1,1,False
30376,Women,Hurdles,2026,0,1,0,1,1,False
30384,Women,Sprints,2026,1,1,2,3,2,True
30388,Women,Sprints,2026,0,1,0,2,1,False
30393,Men,Sprints,2026,0,1,0,1,1,False
30399,Men,Sprints,2026,0,1,0,2,1,False
30405,Men,Sprints,2026,0,1,0,2,1,False
30410,Men,Sprints,2026,0,1,0,1,1,False
30413,Women,Distance,2026,2,1,3,1,3,True
30415,Men,Distance,2026,2,1,2,1,3,True
30419,Women,Distance,2026,1,1,1,1,2,True
30421,Women,Distance,2026,1,1,1,1,2,True
30424,Women,Distance,2026,1,1,1,2,2,True
30433,Women,Distance,2026,2,1,2,1,3,True
30434,Men,Distance,2026,1,1,1,1,2,True
30447,Women,Throws,2026,1,2,1,3,3,True
30448,Men,Throws,2026,1,1,1,1,2,True
30957,Women,Distance,2026,0,2,0,2,2,False
30961,Men,Distance,2026,0,1,0,1,1,False
30965,Women,Sprints,2026,1,2,1,4,3,True
30967,Women,Jumps,2026,0,1,0,1,1,False
30967,Women,Sprints,2026,1,1,1,1,2,True
30969,Men,Sprints,2026,1,2,1,2,3,True
30971,Men,Sprints,2026,1,1,1,2,2,True
30981,Women,Distance,2026,1,1,1,1,2,True
30985,Men,Distance,2026,1,2,1,3,3,True
30988,Men,Distance,2026,1,2,1,2,3,True
30991,Women,Jumps,2026,0,1,0,1,1,False
30991,Women,Sprints,2026,0,1,0,1,1,False
30992,Women,Hurdles,2026,0,2,0,4,2,False
30994,Men,Sprints,2026,0,1,0,1,1,False
30998,Men,Jumps,2026,0,2,0,2,2,False
30998,Men,Sprints,2026,0,1,0,1,1,False
31004,Men,Distance,2026,0,1,0,1,1,False
31017,Men,Sprints,2026,0,1,0,2,1,False
31018,Men,Sprints,2026,0,1,0,1,1,False
31019,Men,Jumps,2026,3,1,3,1,4,True
31019,Men,Sprints,2026,1,1,1,1,2,True
31020,Men,Sprints,2026,0,1,0,2,1,False
31021,Men,Sprints,2026,0,1,0,2,1,False
31022,Men,Jumps,2026,0,1,0,1,1,False
31022,Men,Sprints,2026,0,1,0,2,1,False
31023,Men,Sprints,2026,0,1,0,1,1,False
31024,Men,Sprints,2026,0,3,0,3,3,False
31025,Men,Distance,2026,0,1,0,2,1,False
31025,Men,Hurdles,2026,0,1,0,2,1,False
31025,Men,Jumps,2026,0,1,0,3,1,False
31025,Men,Sprints,2026,0,1,0,3,1,False
31025,Men,Throws,2026,0,1,0,2,1,False
31027,Men,Sprints,2026,0,1,0,2,1,False
31028,Men,Sprints,2026,0,2,0,4,2,False
31029,Men,Sprints,2026,0,1,0,1,1,False
31030,Men,Sprints,2026,0,1,0,1,1,False
31031,Men,Distance,2026,0,1,0,1,1,False
31031,Men,Sprints,2026,0,1,0,1,1,False
31032,Men,Distance,2026,0,1,0,1,1,False
31032,Men,Sprints,2026,0,2,0,2,2,False
31033,Men,Sprints,2026,0,2,0,2,2,False
31034,Men,Jumps,2026,0,1,0,1,1,False
31034,Men,Sprints,2026,0,1,0,1,1,False
31036,Men,Distance,2026,0,1,0,1,1,False
31037,Men,Distance,2026,0,1,0,1,1,False
31038,Men,Distance,2026,0,1,0,1,1,False
31040,Men,Distance,2026,0,2,0,2,2,False
31041,Men,Distance,2026,0,1,0,1,1,False
31042,Men,Distance,2026,0,1,0,1,1,False
31043,Men,Distance,2026,0,2,0,3,2,False
31045,Men,Distance,2026,0,1,0,1,1,False
31047,Men,Hurdles,2026,0,2,0,3,2,False
31047,Men,Sprints,2026,0,1,0,1,1,False
31061,Men,Throws,2026,0,1,0,2,1,False
31062,Men,Throws,2026,0,1,0,2,1,False
31063,Men,Throws,2026,0,2,0,2,2,False
31064,Men,Throws,2026,0,1,0,1,1,False
31066,Women,Hurdles,2026,0,5,0,12,5,False
31066,Women,Sprints,2026,0,3,0,5,3,False
31067,Women,Sprints,2026,0,1,0,1,1,False
31068,Women,Distance,2026,0,1,0,1,1,False
31068,Women,Hurdles,2026,0,1,0,2,1,False
31068,Women,Jumps,2026,0,2,0,3,2,False
31068,Women,Sprints,2026,0,1,0,3,1,False
31068,Women,Throws,2026,0,1,0,2,1,False
31069,Women,Sprints,2026,0,1,0,2,1,False
31070,Women,Jumps,2026,0,3,0,5,3,False
31070,Women,Sprints,2026,0,1,0,2,1,False
31071,Women,Distance,2026,0,2,0,3,2,False
31071,Women,Hurdles,2026,0,1,0,2,1,False
31071,Women,Jumps,2026,0,2,0,3,2,False
31071,Women,Sprints,2026,0,1,0,3,1,False
31071,Women,Throws,2026,0,1,0,2,1,False
31072,Women,Jumps,2026,0,2,0,2,2,False
31072,Women,Sprints,2026,0,2,0,3,2,False
31073,Women,Distance,2026,0,1,0,1,1,False
31073,Women,Hurdles,2026,0,1,0,2,1,False
31073,Women,Jumps,2026,0,1,0,2,1,False
31073,Women,Sprints,2026,0,1,0,3,1,False
31073,Women,Throws,2026,0,1,0,2,1,False
31074,Women,Jumps,2026,0,2,0,2,2,False
31074,Women,Sprints,2026,0,2,0,2,2,False
31075,Women,Distance,2026,0,1,0,1,1,False
31075,Women,Sprints,2026,0,1,0,1,1,False
31076,Women,Distance,2026,0,1,0,1,1,False
31076,Women,Sprints,2026,0,1,0,1,1,False
31077,Women,Distance,2026,0,3,0,4,3,False
31077,Women,Sprints,2026,0,1,0,1,1,False
31078,Women,Distance,2026,0,1,0,1,1,False
31078,Women,Sprints,2026,0,1,0,1,1,False
31079,Women,Distance,2026,0,1,0,1,1,False
31080,Women,Distance,2026,0,1,0,1,1,False
31082,Women,Distance,2026,0,3,0,3,3,False
31083,Women,Distance,2026,0,2,0,2,2,False
31085,Women,Distance,2026,0,2,0,2,2,False
31086,Women,Throws,2026,0,3,0,3,3,False
31087,Women,Throws,2026,0,1,0,2,1,False
31089,Women,Hurdles,2026,0,1,0,1,1,False
31089,Women,Sprints,2026,0,1,0,1,1,False
31091,Men,Sprints,2026,0,2,0,4,2,False
31092,Men,Sprints,2026,0,1,0,1,1,False
31093,Men,Sprints,2026,0,3,0,4,3,False
31094,Men,Sprints,2026,0,3,0,6,3,False
31095,Women,Sprints,2026,0,2,0,4,2,False
31096,Men,Distance,2026,0,2,0,2,2,False
31096,Men,Sprints,2026,0,1,0,2,1,False
31097,Women,Distance,2026,0,2,0,3,2,False
31098,Men,Distance,2026,0,1,0,1,1,False
31099,Women,Jumps,2026,0,3,0,6,3,False
31100,Women,Hurdles,2026,0,1,0,1,1,False
31100,Women,Sprints,2026,0,1,0,1,1,False
31102,Women,Distance,2026,0,2,0,3,2,False
31103,Women,Throws,2026,0,1,0,2,1,False
31104,Men,Sprints,2026,0,1,0,2,1,False
31105,Men,Sprints,2026,0,1,0,2,1,False
31106,Men,Sprints,2026,0,1,0,2,1,False
31107,Men,Distance,2026,0,1,0,1,1,False
31109,Men,Sprints,2026,0,1,0,2,1,False
31110,Men,Distance,2026,0,1,0,1,1,False
31112,Men,Jumps,2026,0,2,0,4,2,False
31167,Women,Jumps,2026,0,1,0,3,1,False
31168,Men,Sprints,2026,0,1,0,2,1,False
31169,Men,Jumps,2026,0,1,0,1,1,False
31169,Men,Sprints,2026,0,1,0,1,1,False
31170,Men,Jumps,2026,0,1,0,1,1,False
31170,Men,Sprints,2026,0,1,0,1,1,False
31171,Men,Distance,2026,0,1,0,1,1,False
31172,Women,Distance,2026,0,1,0,1,1,False
31173,Men,Distance,2026,0,1,0,1,1,False
31178,Men,Sprints,2026,1,1,1,2,2,True
31179,Men,Hurdles,2026,0,2,0,4,2,False
31179,Men,Sprints,2026,0,1,0,1,1,False
31180,Men,Sprints,2026,0,2,0,3,2,False
31181,Men,Sprints,2026,0,1,0,1,1,False
31182,Women,Hurdles,2026,0,2,0,2,2,False
31182,Women,Sprints,2026,1,2,1,2,3,True
31183,Women,Sprints,2026,1,2,1,4,3,True
31184,Women,Sprints,2026,1,2,1,4,3,True
31185,Women,Sprints,2026,1,1,1,1,2,True
31187,Women,Sprints,2026,1,1,1,1,2,True
31188,Men,Hurdles,2026,0,2,0,3,2,False
31188,Men,Jumps,2026,1,1,2,1,2,True
31188,Men,Sprints,2026,0,1,0,2,1,False
31188,Men,Throws,2026,0,3,0,3,3,False
31189,Men,Hurdles,2026,0,2,0,2,2,False
31189,Men,Jumps,2026,0,1,0,1,1,False
31189,Men,Sprints,2026,0,1,0,1,1,False
31189,Men,Throws,2026,0,1,0,1,1,False
31191,Women,Hurdles,2026,0,1,0,1,1,False
31191,Women,Jumps,2026,0,1,0,1,1,False
31192,Men,Sprints,2026,0,2,0,2,2,False
31193,Women,Sprints,2026,1,2,1,4,3,True
31194,Women,Sprints,2026,0,2,0,3,2,False
31195,Women,Sprints,2026,0,1,0,2,1,False
31196,Women,Sprints,2026,0,1,0,1,1,False
31197,Women,Distance,2026,0,1,0,1,1,False
31197,Women,Sprints,2026,0,1,0,1,1,False
31198,Men,Sprints,2026,0,2,0,2,2,False
31199,Men,Sprints,2026,0,1,0,2,1,False
31200,Men,Distance,2026,1,2,2,2,3,True
31201,Men,Distance,2026,1,2,1,2,3,True
31202,Women,Distance,2026,1,2,1,3,3,True
31203,Women,Distance,2026,1,2,1,3,3,True
31204,Men,Distance,2026,1,3,1,3,4,True
31206,Women,Distance,2026,0,1,0,1,1,False
31207,Women,Distance,2026,1,2,1,3,3,True
31210,Men,Jumps,2026,1,2,1,2,3,True
31211,Men,Jumps,2026,1,2,1,4,3,True
31211,Men,Sprints,2026,0,1,0,1,1,False
31212,Men,Jumps,2026,1,1,1,1,2,True
31213,Women,Jumps,2026,0,1,0,2,1,False
31213,Women,Sprints,2026,0,1,0,1,1,False
31214,Women,Jumps,2026,0,2,0,3,2,False
31219,Men,Sprints,2026,0,1,0,1,1,False
31219,Men,Throws,2026,1,2,1,2,3,True
31220,Men,Throws,2026,1,1,1,1,2,True
31221,Men,Throws,2026,1,3,1,5,4,True
31222,Men,Throws,2026,0,3,0,5,3,False
31223,Men,Sprints,2026,0,1,0,1,1,False
31223,Men,Throws,2026,0,1,0,1,1,False
31224,Women,Throws,2026,1,3,1,5,4,True
31232,Men,Sprints,2026,0,1,0,2,1,False
31233,Men,Jumps,2026,0,1,0,1,1,False
31233,Men,Sprints,2026,0,1,0,1,1,False
31234,Men,Sprints,2026,0,2,0,2,2,False
31235,Men,Sprints,2026,0,1,0,1,1,False
31236,Men,Sprints,2026,0,1,0,1,1,False
31237,Men,Sprints,2026,0,2,0,2,2,False
31238,Women,Jumps,2026,0,1,0,1,1,False
31238,Women,Sprints,2026,0,1,0,1,1,False
31239,Women,Sprints,2026,0,1,0,1,1,False
31240,Men,Sprints,2026,0,1,0,1,1,False
31241,Men,Sprints,2026,0,1,0,2,1,False
31242,Men,Sprints,2026,0,1,0,2,1,False
31243,Women,Sprints,2026,0,2,0,4,2,False
31244,Men,Sprints,2026,0,1,0,1,1,False
31245,Men,Sprints,2026,0,1,0,1,1,False
31246,Men,Sprints,2026,0,1,0,1,1,False
31247,Men,Sprints,2026,0,1,0,1,1,False
31248,Men,Distance,2026,0,1,0,2,1,False
31249,Women,Distance,2026,0,2,0,2,2,False
31250,Men,Distance,2026,0,1,0,1,1,False
31251,Women,Distance,2026,0,1,0,1,1,False
31252,Men,Sprints,2026,0,1,0,2,1,False
31253,Men,Sprints,2026,0,1,0,2,1,False
31254,Men,Sprints,2026,0,1,0,2,1,False
31255,Men,Sprints,2026,0,1,0,2,1,False
31256,Men,Sprints,2026,0,2,0,2,2,False
31257,Men,Sprints,2026,0,1,0,1,1,False
31258,Men,Distance,2026,0,1,0,1,1,False
31258,Men,Sprints,2026,0,1,0,1,1,False
31262,Men,Distance,2026,0,1,0,1,1,False
31263,Men,Hurdles,2026,0,1,0,1,1,False
31264,Women,Sprints,2026,0,1,0,1,1,False
31265,Women,Distance,2026,0,1,0,1,1,False
31265,Women,Sprints,2026,0,1,0,2,1,False
31266,Women,Distance,2026,0,1,0,1,1,False
31270,Women,Hurdles,2026,0,1,0,1,1,False
31271,Men,Jumps,2026,0,1,0,1,1,False
31271,Men,Sprints,2026,0,1,0,1,1,False
31272,Men,Sprints,2026,0,1,0,1,1,False
31273,Men,Distance,2026,0,1,0,1,1,False
31274,Men,Distance,2026,0,1,0,1,1,False
31275,Men,Distance,2026,0,1,0,1,1,False
31276,Women,Distance,2026,0,2,0,3,2,False
31277,Women,Distance,2026,0,1,0,1,1,False
31278,Men,Jumps,2026,0,1,0,1,1,False
31278,Men,Sprints,2026,0,1,0,3,1,False
31279,Men,Sprints,2026,0,1,0,1,1,False
31280,Men,Sprints,2026,0,1,0,2,1,False
31281,Men,Sprints,2026,0,1,0,2,1,False
31282,Men,Jumps,2026,0,1,0,3,1,False
31282,Men,Sprints,2026,0,1,0,1,1,False
31283,Men,Sprints,2026,0,2,0,3,2,False
31284,Men,Sprints,2026,0,1,0,1,1,False
31285,Men,Hurdles,2026,0,1,0,1,1,False
31285,Men,Sprints,2026,0,1,0,1,1,False
31286,Men,Sprints,2026,0,1,0,1,1,False
31288,Men,Distance,2026,0,1,0,2,1,False
31289,Men,Throws,2026,0,2,0,3,2,False
31290,Men,Throws,2026,0,1,0,2,1,False
31291,Men,Jumps,2026,0,1,0,1,1,False
31292,Men,Jumps,2026,0,1,0,1,1,False
31293,Men,Jumps,2026,0,1,0,1,1,False
31294,Women,Sprints,2026,0,2,0,2,2,False
31295,Women,Jumps,2026,0,2,0,2,2,False
31295,Women,Sprints,2026,0,2,0,3,2,False
31296,Women,Sprints,2026,0,1,0,2,1,False
31297,Women,Distance,2026,0,1,0,1,1,False
31298,Women,Hurdles,2026,0,1,0,2,1,False
31299,Women,Hurdles,2026,0,2,0,4,2,False
31300,Women,Throws,2026,0,2,0,3,2,False
31303,Women,Distance,2026,0,1,0,2,1,False
31304,Women,Distance,2026,0,2,0,2,2,False
31304,Women,Sprints,2026,0,1,0,1,1,False
31305,Men,Sprints,2026,0,1,0,1,1,False
31306,Men,Distance,2026,0,1,0,1,1,False
31307,Women,Sprints,2026,0,2,0,2,2,False
31308,Men,Hurdles,2026,0,3,0,5,3,False
31309,Men,Sprints,2026,0,1,0,2,1,False
31310,Women,Jumps,2026,0,2,0,2,2,False
31310,Women,Sprints,2026,0,1,0,1,1,False
31311,Men,Distance,2026,0,2,0,2,2,False
31313,Men,Sprints,2026,0,3,0,3,3,False
31314,Men,Hurdles,2026,0,3,0,3,3,False
31316,Women,Throws,2026,0,2,0,2,2,False
31319,Men,Distance,2026,0,1,0,1,1,False
31320,Men,Sprints,2026,0,1,0,1,1,False
31339,Women,Distance,2026,0,1,0,1,1,False
31340,Women,Jumps,2026,0,1,0,1,1,False
31341,Women,Throws,2026,0,1,0,2,1,False
31342,Men,Distance,2026,0,1,0,1,1,False
31343,Men,Distance,2026,0,1,0,1,1,False
31345,Men,Hurdles,2026,0,1,0,1,1,False
31346,Men,Sprints,2026,0,1,0,2,1,False
31347,Men,Sprints,2026,0,1,0,1,1,False
31348,Men,Sprints,2026,0,1,0,2,1,False
31349,Men,Sprints,2026,0,1,0,2,1,False
31350,Men,Sprints,2026,0,1,0,1,1,False
31352,Men,Sprints,2026,0,1,0,2,1,False
31354,Women,Distance,2026,0,1,0,1,1,False
31355,Women,Distance,2026,0,1,0,1,1,False
31356,Men,Distance,2026,0,1,0,1,1,False
31357,Women,Hurdles,2026,0,1,0,1,1,False
31358,Men,Distance,2026,0,1,0,1,1,False
31360,Men,Sprints,2026,0,1,0,1,1,False
31361,Men,Distance,2026,0,1,0,1,1,False
31362,Men,Throws,2026,0,1,0,1,1,False
31363,Women,Sprints,2026,0,1,0,2,1,False
31364,Women,Hurdles,2026,0,1,0,1,1,False
31365,Women,Hurdles,2026,0,1,0,1,1,False
31366,Men,Distance,2026,0,1,0,1,1,False
31370,Men,Sprints,2026,0,1,0,1,1,False
31371,Men,Distance,2026,0,1,0,1,1,False
31372,Women,Distance,2026,0,2,0,2,2,False
31373,Men,Distance,2026,0,1,0,1,1,False
31374,Men,Distance,2026,0,1,0,1,1,False
31375,Men,Distance,2026,0,1,0,1,1,False
31376,Men,Sprints,2026,0,1,0,1,1,False
31377,Men,Sprints,2026,0,1,0,2,1,False
31378,Men,Sprints,2026,0,1,0,1,1,False
31379,Men,Sprints,2026,0,1,0,1,1,False
31380,Men,Sprints,2026,0,1,0,1,1,False
31381,Men,Sprints,2026,0,1,0,1,1,False
31382,Men,Sprints,2026,0,1,0,1,1,False
31383,Men,Sprints,2026,0,1,0,1,1,False
31384,Men,Sprints,2026,0,1,0,1,1,False
31385,Men,Sprints,2026,0,1,0,1,1,False
31385,Men,Throws,2026,0,1,0,1,1,False
31386,Men,Distance,2026,0,1,0,1,1,False
31386,Men,Sprints,2026,0,1,0,1,1,False
31388,Men,Distance,2026,0,2,0,3,2,False
31389,Men,Distance,2026,0,1,0,1,1,False
31390,Men,Distance,2026,0,1,0,1,1,False
31392,Men,Distance,2026,0,1,0,1,1,False
31393,Men,Distance,2026,0,1,0,1,1,False
31394,Men,Hurdles,2026,0,1,0,1,1,False
31395,Men,Throws,2026,0,1,0,1,1,False
31396,Men,Throws,2026,0,1,0,1,1,False
31397,Men,Jumps,2026,0,1,0,1,1,False
31400,Women,Distance,2026,0,1,0,1,1,False
31401,Women,Distance,2026,0,1,0,1,1,False
31402,Women,Distance,2026,0,1,0,1,1,False
31403,Women,Distance,2026,0,1,0,1,1,False
31405,Women,Throws,2026,0,1,0,1,1,False
31406,Women,Jumps,2026,0,1,0,1,1,False
31410,Men,Distance,2026,0,1,0,1,1,False
31411,Women,Distance,2026,0,1,0,1,1,False
31414,Men,Sprints,2026,0,1,0,1,1,False
31415,Men,Sprints,2026,0,1,0,3,1,False
31416,Women,Sprints,2026,0,1,0,1,1,False
31417,Women,Distance,2026,0,1,0,1,1,False
31418,Men,Sprints,2026,0,1,0,1,1,False
31419,Men,Sprints,2026,0,1,0,1,1,False
31421,Men,Throws,2026,0,1,0,1,1,False
31423,Men,Distance,2026,0,1,0,1,1,False
31425,Men,Distance,2026,0,1,0,1,1,False
31425,Men,Sprints,2026,1,1,1,1,2,True
31426,Men,Sprints,2026,1,1,1,1,2,True
31427,Women,Hurdles,2026,0,1,0,1,1,False
31429,Men,Sprints,2026,0,1,0,1,1,False
31430,Men,Sprints,2026,0,1,0,1,1,False
31431,Men,Distance,2026,0,1,0,1,1,False
31432,Men,Jumps,2026,0,1,0,1,1,False
31436,Women,Distance,2026,0,1,0,1,1,False
31457,Women,Sprints,2026,0,1,0,2,1,False
31458,Men,Sprints,2026,0,1,0,1,1,False
31459,Men,Distance,2026,0,1,0,2,1,False
31460,Women,Distance,2026,0,1,0,2,1,False
31461,Men,Sprints,2026,0,1,0,2,1,False
31462,Men,Sprints,2026,0,1,0,2,1,False
31463,Men,Jumps,2026,0,1,0,1,1,False
31463,Men,Sprints,2026,0,1,0,1,1,False
31464,Men,Sprints,2026,0,1,0,1,1,False
31465,Men,Sprints,2026,0,1,0,1,1,False
31466,Men,Sprints,2026,0,1,0,1,1,False
31467,Men,Sprints,2026,0,1,0,1,1,False
31468,Men,Distance,2026,0,1,0,2,1,False
31468,Men,Sprints,2026,0,1,0,1,1,False
31469,Men,Hurdles,2026,0,1,0,1,1,False
31470,Women,Distance,2026,0,1,0,1,1,False
31471,Men,Jumps,2026,0,1,0,1,1,False
31518,Women,Distance,2026,0,1,0,1,1,False
31522,Men,Sprints,2026,0,1,0,1,1,False
31553,Men,Sprints,2026,0,1,0,2,1,False
31554,Men,Distance,2026,0,1,0,1,1,False
31555,Women,Jumps,2026,0,1,0,1,1,False
31555,Women,Sprints,2026,0,1,0,1,1,False
31559,Men,Sprints,2026,0,1,0,1,1,False
31560,Men,Distance,2026,0,1,0,1,1,False
2,Men,Sprints,2026,1,0,1,0,1,False
7,Men,Jumps,2026,1,0,1,0,1,False
15,Men,Jumps,2026,1,0,1,0,1,False
25,Men,Distance,2026,2,0,2,0,2,False
38,Men,Jumps,2026,1,0,1,0,1,False
63,Women,Distance,2026,1,0,1,0,1,False
72,Women,Distance,2026,1,0,1,0,1,False
86,Women,Distance,2026,1,0,1,0,1,False
128,Men,Distance,2026,2,0,2,0,2,False
129,Men,Distance,2026,4,0,4,0,4,False
131,Men,Jumps,2026,1,0,1,0,1,False
134,Men,Distance,2026,2,0,2,0,2,False
150,Men,Sprints,2026,1,0,1,0,1,False
150,Men,Throws,2026,1,0,1,0,1,False
154,Men,Distance,2026,2,0,2,0,2,False
156,Men,Sprints,2026,1,0,1,0,1,False
157,Men,Distance,2026,2,0,2,0,2,False
162,Men,Distance,2026,1,0,1,0,1,False
170,Men,Distance,2026,2,0,2,0,2,False
179,Men,Distance,2026,2,0,2,0,2,False
186,Men,Distance,2026,1,0,1,0,1,False
245,Women,Distance,2026,1,0,1,0,1,False
263,Women,Distance,2026,2,0,3,0,2,False
267,Women,Distance,2026,3,0,5,0,3,False
289,Women,Distance,2026,2,0,3,0,2,False
297,Women,Distance,2026,2,0,2,0,2,False
302,Women,Distance,2026,2,0,2,0,2,False
323,Men,Distance,2026,1,0,1,0,1,False
333,Men,Distance,2026,2,0,3,0,2,False
334,Men,Distance,2026,1,0,2,0,1,False
335,Men,Distance,2026,1,0,1,0,1,False
395,Men,Distance,2026,2,0,2,0,2,False
420,Men,Sprints,2026,1,0,1,0,1,False
448,Women,Distance,2026,1,0,1,0,1,False
455,Men,Sprints,2026,1,0,1,0,1,False
462,Men,Distance,2026,1,0,1,0,1,False
481,Women,Distance,2026,1,0,1,0,1,False
592,Women,Distance,2026,1,0,1,0,1,False
763,Men,Distance,2026,1,0,1,0,1,False
770,Men,Distance,2026,1,0,1,0,1,False
819,Women,Distance,2026,2,0,4,0,2,False
819,Women,Jumps,2026,1,0,1,0,1,False
819,Women,Sprints,2026,1,0,2,0,1,False
831,Women,Distance,2026,1,0,1,0,1,False
839,Women,Distance,2026,1,0,3,0,1,False
839,Women,Sprints,2026,1,0,2,0,1,False
841,Women,Distance,2026,1,0,1,0,1,False
866,Men,Distance,2026,2,0,2,0,2,False
874,Men,Distance,2026,1,0,1,0,1,False
886,Men,Distance,2026,1,0,3,0,1,False
886,Men,Sprints,2026,1,0,2,0,1,False
964,Men,Distance,2026,1,0,1,0,1,False
984,Men,Distance,2026,2,0,2,0,2,False
986,Men,Distance,2026,1,0,1,0,1,False
1004,Women,Distance,2026,1,0,1,0,1,False
1016,Women,Distance,2026,1,0,1,0,1,False
1029,Women,Sprints,2026,1,0,1,0,1,False
1042,Women,Distance,2026,1,0,1,0,1,False
1053,Women,Throws,2026,1,0,1,0,1,False
1060,Women,Distance,2026,1,0,1,0,1,False
1078,Women,Distance,2026,1,0,1,0,1,False
1193,Men,Distance,2026,1,0,1,0,1,False
1205,Men,Distance,2026,1,0,1,0,1,False
1207,Men,Distance,2026,1,0,1,0,1,False
1227,Men,Distance,2026,1,0,1,0,1,False
1290,Men,Distance,2026,1,0,1,0,1,False
1367,Men,Distance,2026,1,0,1,0,1,False
1371,Men,Sprints,2026,1,0,1,0,1,False
1401,Men,Distance,2026,1,0,1,0,1,False
1415,Men,Distance,2026,1,0,1,0,1,False
1631,Men,Distance,2026,1,0,1,0,1,False
1631,Men,Jumps,2026,1,0,1,0,1,False
1631,Men,Throws,2026,1,0,1,0,1,False
1632,Men,Distance,2026,1,0,1,0,1,False
1632,Men,Jumps,2026,1,0,2,0,1,False
1632,Men,Throws,2026,1,0,1,0,1,False
1639,Men,Distance,2026,1,0,1,0,1,False
1641,Men,Distance,2026,1,0,1,0,1,False
1641,Men,Jumps,2026,1,0,1,0,1,False
1641,Men,Throws,2026,1,0,1,0,1,False
1650,Men,Distance,2026,1,0,1,0,1,False
1650,Men,Throws,2026,1,0,1,0,1,False
1652,Men,Distance,2026,1,0,1,0,1,False
1663,Men,Distance,2026,1,0,2,0,1,False
1671,Women,Distance,2026,1,0,1,0,1,False
1671,Women,Jumps,2026,1,0,1,0,1,False
1671,Women,Throws,2026,1,0,1,0,1,False
1673,Women,Distance,2026,1,0,1,0,1,False
1725,Women,Distance,2026,2,0,2,0,2,False
1725,Women,Sprints,2026,1,0,1,0,1,False
1735,Women,Distance,2026,1,0,1,0,1,False
1740,Women,Distance,2026,1,0,1,0,1,False
1743,Women,Distance,2026,1,0,1,0,1,False
1746,Women,Distance,2026,1,0,2,0,1,False
1754,Women,Distance,2026,2,0,2,0,2,False
1767,Women,Distance,2026,1,0,1,0,1,False
1767,Women,Sprints,2026,1,0,1,0,1,False
1769,Women,Distance,2026,2,0,5,0,2,False
1769,Women,Sprints,2026,1,0,2,0,1,False
1796,Women,Distance,2026,2,0,2,0,2,False
1811,Men,Distance,2026,1,0,2,0,1,False
1814,Men,Distance,2026,2,0,2,0,2,False
1815,Men,Distance,2026,1,0,1,0,1,False
1817,Men,Distance,2026,1,0,3,0,1,False
1817,Men,Sprints,2026,1,0,2,0,1,False
1818,Men,Distance,2026,1,0,1,0,1,False
1820,Men,Distance,2026,1,0,3,0,1,False
1820,Men,Sprints,2026,1,0,2,0,1,False
1824,Men,Distance,2026,1,0,1,0,1,False
1827,Men,Distance,2026,1,0,1,0,1,False
1835,Men,Distance,2026,1,0,1,0,1,False
1849,Men,Distance,2026,2,0,2,0,2,False
1853,Men,Distance,2026,1,0,3,0,1,False
1853,Men,Sprints,2026,1,0,2,0,1,False
1858,Men,Distance,2026,1,0,3,0,1,False
1858,Men,Sprints,2026,1,0,2,0,1,False
1859,Men,Distance,2026,2,0,2,0,2,False
1869,Men,Distance,2026,1,0,1,0,1,False
1876,Men,Sprints,2026,1,0,1,0,1,False
1883,Men,Distance,2026,1,0,1,0,1,False
1887,Men,Distance,2026,1,0,1,0,1,False
1887,Men,Jumps,2026,1,0,1,0,1,False
1894,Men,Distance,2026,2,0,5,0,2,False
1900,Men,Distance,2026,2,0,3,0,2,False
1941,Women,Distance,2026,1,0,2,0,1,False
1945,Women,Sprints,2026,1,0,1,0,1,False
1983,Women,Distance,2026,3,0,3,0,3,False
2002,Men,Distance,2026,4,0,4,0,4,False
2020,Men,Distance,2026,1,0,1,0,1,False
2032,Men,Distance,2026,1,0,1,0,1,False
2038,Men,Distance,2026,3,0,3,0,3,False
2061,Women,Distance,2026,1,0,1,0,1,False
2061,Women,Jumps,2026,1,0,1,0,1,False
2061,Women,Throws,2026,1,0,1,0,1,False
2066,Men,Distance,2026,1,0,1,0,1,False
2081,Women,Sprints,2026,1,0,2,0,1,False
2096,Women,Distance,2026,2,0,2,0,2,False
2111,Men,Distance,2026,1,0,1,0,1,False
2116,Men,Distance,2026,1,0,1,0,1,False
2119,Men,Distance,2026,1,0,1,0,1,False
2124,Men,Distance,2026,1,0,1,0,1,False
2130,Men,Distance,2026,1,0,2,0,1,False
2130,Men,Sprints,2026,1,0,2,0,1,False
2139,Men,Distance,2026,1,0,3,0,1,False
2139,Men,Sprints,2026,1,0,2,0,1,False
2141,Men,Distance,2026,1,0,1,0,1,False
2141,Men,Sprints,2026,1,0,1,0,1,False
2142,Men,Distance,2026,1,0,1,0,1,False
2184,Men,Distance,2026,1,0,1,0,1,False
2188,Women,Distance,2026,2,0,2,0,2,False
2188,Women,Jumps,2026,1,0,1,0,1,False
2194,Men,Distance,2026,1,0,1,0,1,False
2200,Men,Distance,2026,1,0,1,0,1,False
2201,Men,Distance,2026,1,0,1,0,1,False
2204,Women,Distance,2026,1,0,1,0,1,False
2206,Women,Distance,2026,2,0,3,0,2,False
2207,Women,Distance,2026,2,0,2,0,2,False
2219,Men,Distance,2026,2,0,2,0,2,False
2220,Men,Distance,2026,1,0,1,0,1,False
2226,Men,Distance,2026,1,0,1,0,1,False
2238,Women,Distance,2026,1,0,1,0,1,False
2243,Women,Distance,2026,4,0,4,0,4,False
2245,Women,Distance,2026,2,0,2,0,2,False
2245,Women,Throws,2026,1,0,1,0,1,False
2258,Men,Distance,2026,3,0,3,0,3,False
2260,Men,Distance,2026,2,0,2,0,2,False
2261,Men,Distance,2026,1,0,1,0,1,False
2263,Men,Distance,2026,2,0,2,0,2,False
2268,Men,Distance,2026,2,0,2,0,2,False
2275,Men,Distance,2026,3,0,3,0,3,False
2289,Men,Jumps,2026,5,0,6,0,5,False
2289,Men,Sprints,2026,3,0,3,0,3,False
2289,Men,Throws,2026,1,0,1,0,1,False
2333,Women,Distance,2026,1,0,1,0,1,False
2344,Men,Distance,2026,1,0,2,0,1,False
2367,Men,Distance,2026,1,0,2,0,1,False
2385,Women,Distance,2026,1,0,1,0,1,False
2420,Women,Distance,2026,2,0,2,0,2,False
2778,Men,Distance,2026,1,0,1,0,1,False
2782,Men,Jumps,2026,1,0,1,0,1,False
2788,Men,Distance,2026,1,0,1,0,1,False
2788,Men,Throws,2026,1,0,1,0,1,False
2822,Men,Distance,2026,1,0,1,0,1,False
2832,Women,Distance,2026,3,0,5,0,3,False
2838,Women,Distance,2026,1,0,1,0,1,False
2861,Men,Distance,2026,1,0,2,0,1,False
2867,Men,Jumps,2026,1,0,1,0,1,False
2994,Men,Distance,2026,3,0,3,0,3,False
3032,Women,Distance,2026,1,0,1,0,1,False
3036,Women,Distance,2026,2,0,5,0,2,False
3036,Women,Sprints,2026,1,0,2,0,1,False
3073,Men,Distance,2026,1,0,1,0,1,False
3082,Men,Distance,2026,1,0,1,0,1,False
3139,Men,Distance,2026,2,0,2,0,2,False
3141,Men,Distance,2026,1,0,1,0,1,False
3166,Men,Sprints,2026,1,0,1,0,1,False
3179,Women,Distance,2026,1,0,2,0,1,False
3209,Men,Distance,2026,1,0,1,0,1,False
3382,Women,Distance,2026,1,0,1,0,1,False
3388,Men,Distance,2026,1,0,1,0,1,False
3390,Men,Distance,2026,1,0,1,0,1,False
3402,Men,Jumps,2026,1,0,1,0,1,False
3409,Men,Distance,2026,1,0,1,0,1,False
3410,Men,Distance,2026,1,0,1,0,1,False
3417,Men,Sprints,2026,1,0,1,0,1,False
3522,Men,Jumps,2026,1,0,1,0,1,False
3541,Men,Distance,2026,1,0,1,0,1,False
3565,Women,Jumps,2026,4,0,5,0,4,False
3574,Men,Distance,2026,1,0,1,0,1,False
3577,Men,Jumps,2026,1,0,1,0,1,False
3602,Men,Sprints,2026,1,0,1,0,1,False
3605,Men,Jumps,2026,1,0,1,0,1,False
3615,Men,Sprints,2026,1,0,1,0,1,False
3620,Men,Sprints,2026,3,0,3,0,3,False
3643,Women,Jumps,2026,1,0,1,0,1,False
3655,Women,Distance,2026,1,0,1,0,1,False
3656,Women,Distance,2026,1,0,1,0,1,False
3733,Men,Jumps,2026,3,0,3,0,3,False
3746,Women,Sprints,2026,1,0,1,0,1,False
3748,Men,Sprints,2026,1,0,1,0,1,False
3770,Women,Jumps,2026,1,0,1,0,1,False
3781,Men,Sprints,2026,2,0,3,0,2,False
3784,Men,Sprints,2026,2,0,2,0,2,False
3790,Men,Sprints,2026,1,0,1,0,1,False
3793,Women,Jumps,2026,1,0,2,0,1,False
3797,Women,Distance,2026,1,0,1,0,1,False
3797,Women,Sprints,2026,1,0,2,0,1,False
3820,Women,Distance,2026,2,0,2,0,2,False
3821,Women,Distance,2026,1,0,1,0,1,False
3823,Women,Distance,2026,1,0,2,0,1,False
3869,Women,Distance,2026,2,0,3,0,2,False
3884,Men,Distance,2026,1,0,1,0,1,False
3912,Men,Jumps,2026,1,0,1,0,1,False
3968,Women,Distance,2026,1,0,1,0,1,False
3975,Women,Sprints,2026,2,0,3,0,2,False
3978,Women,Distance,2026,3,0,3,0,3,False
4020,Women,Sprints,2026,1,0,1,0,1,False
4023,Women,Sprints,2026,2,0,4,0,2,False
4028,Women,Jumps,2026,1,0,2,0,1,False
4031,Women,Jumps,2026,2,0,4,0,2,False
4032,Women,Jumps,2026,2,0,3,0,2,False
4033,Men,Jumps,2026,3,0,4,0,3,False
4035,Men,Throws,2026,2,0,2,0,2,False
4038,Men,Jumps,2026,2,0,2,0,2,False
4076,Women,Throws,2026,1,0,1,0,1,False
4081,Men,Distance,2026,1,0,1,0,1,False
4081,Men,Jumps,2026,1,0,1,0,1,False
4081,Men,Throws,2026,1,0,1,0,1,False
4082,Men,Distance,2026,1,0,1,0,1,False
4110,Men,Jumps,2026,2,0,2,0,2,False
4126,Women,Distance,2026,1,0,1,0,1,False
4155,Women,Distance,2026,1,0,1,0,1,False
4225,Women,Sprints,2026,3,0,6,0,3,False
4246,Women,Sprints,2026,1,0,1,0,1,False
4277,Women,Distance,2026,1,0,2,0,1,False
4300,Women,Throws,2026,2,0,2,0,2,False
4324,Men,Sprints,2026,1,0,1,0,1,False
4330,Men,Sprints,2026,1,0,1,0,1,False
4365,Men,Distance,2026,1,0,1,0,1,False
4408,Men,Sprints,2026,1,0,1,0,1,False
4420,Men,Distance,2026,1,0,1,0,1,False
4423,Men,Sprints,2026,2,0,3,0,2,False
4473,Men,Jumps,2026,1,0,1,0,1,False
4475,Men,Distance,2026,1,0,3,0,1,False
4492,Women,Sprints,2026,1,0,1,0,1,False
4496,Women,Jumps,2026,3,0,5,0,3,False
4504,Men,Distance,2026,1,0,1,0,1,False
4504,Men,Sprints,2026,1,0,1,0,1,False
4505,Men,Throws,2026,3,0,3,0,3,False
4508,Men,Jumps,2026,1,0,1,0,1,False
4508,Men,Throws,2026,4,0,4,0,4,False
4617,Women,Jumps,2026,1,0,1,0,1,False
4626,Men,Sprints,2026,1,0,1,0,1,False
4745,Women,Jumps,2026,2,0,2,0,2,False
4763,Women,Jumps,2026,1,0,1,0,1,False
4767,Women,Distance,2026,1,0,1,0,1,False
4790,Women,Distance,2026,1,0,1,0,1,False
4794,Women,Distance,2026,1,0,1,0,1,False
4811,Women,Distance,2026,1,0,1,0,1,False
4841,Men,Distance,2026,3,0,3,0,3,False
4842,Men,Distance,2026,1,0,1,0,1,False
4848,Men,Distance,2026,4,0,4,0,4,False
4868,Men,Distance,2026,1,0,1,0,1,False
4870,Men,Throws,2026,2,0,2,0,2,False
4888,Men,Distance,2026,1,0,1,0,1,False
4891,Men,Distance,2026,1,0,1,0,1,False
4963,Women,Distance,2026,1,0,1,0,1,False
4971,Women,Distance,2026,2,0,4,0,2,False
4977,Women,Distance,2026,2,0,3,0,2,False
4999,Men,Jumps,2026,1,0,1,0,1,False
4999,Men,Sprints,2026,1,0,2,0,1,False
5002,Men,Distance,2026,1,0,1,0,1,False
5002,Men,Jumps,2026,1,0,1,0,1,False
5025,Men,Distance,2026,1,0,2,0,1,False
5025,Men,Sprints,2026,1,0,2,0,1,False
5033,Men,Distance,2026,1,0,3,0,1,False
5033,Men,Sprints,2026,1,0,2,0,1,False
5037,Men,Sprints,2026,1,0,1,0,1,False
5239,Men,Sprints,2026,1,0,1,0,1,False
5374,Men,Distance,2026,1,0,1,0,1,False
5500,Men,Sprints,2026,1,0,1,0,1,False
5583,Men,Distance,2026,2,0,3,0,2,False
5598,Men,Distance,2026,2,0,2,0,2,False
5665,Men,Distance,2026,1,0,1,0,1,False
5722,Men,Throws,2026,1,0,1,0,1,False
5733,Men,Distance,2026,1,0,1,0,1,False
6820,Men,Distance,2026,2,0,2,0,2,False
7115,Women,Distance,2026,3,0,4,0,3,False
7642,Men,Distance,2026,2,0,4,0,2,False
7691,Men,Distance,2026,3,0,4,0,3,False
7780,Men,Sprints,2026,2,0,4,0,2,False
7972,Women,Distance,2026,1,0,1,0,1,False
7976,Men,Distance,2026,4,0,5,0,4,False
7977,Men,Distance,2026,1,0,1,0,1,False
7993,Women,Distance,2026,1,0,1,0,1,False
8009,Men,Distance,2026,1,0,1,0,1,False
8045,Men,Distance,2026,1,0,1,0,1,False
8046,Men,Distance,2026,1,0,1,0,1,False
8048,Men,Distance,2026,1,0,1,0,1,False
8051,Men,Distance,2026,2,0,2,0,2,False
8057,Men,Distance,2026,1,0,1,0,1,False
8059,Men,Sprints,2026,1,0,1,0,1,False
8060,Men,Jumps,2026,1,0,1,0,1,False
8075,Men,Sprints,2026,1,0,1,0,1,False
8099,Men,Distance,2026,2,0,2,0,2,False
8113,Women,Distance,2026,1,0,1,0,1,False
8116,Women,Distance,2026,1,0,1,0,1,False
8119,Women,Distance,2026,1,0,1,0,1,False
8120,Women,Distance,2026,1,0,1,0,1,False
8128,Women,Distance,2026,2,0,3,0,2,False
8135,Women,Distance,2026,1,0,1,0,1,False
8183,Women,Distance,2026,1,0,1,0,1,False
10980,Men,Distance,2026,1,0,1,0,1,False
11017,Men,Throws,2026,1,0,1,0,1,False
11302,Men,Distance,2026,1,0,2,0,1,False
11319,Men,Distance,2026,2,0,2,0,2,False
11322,Men,Sprints,2026,1,0,1,0,1,False
11323,Men,Distance,2026,1,0,1,0,1,False
11337,Women,Distance,2026,2,0,2,0,2,False
11348,Women,Distance,2026,2,0,2,0,2,False
11362,Women,Distance,2026,2,0,3,0,2,False
11370,Men,Distance,2026,1,0,1,0,1,False
11377,Women,Distance,2026,1,0,1,0,1,False
11377,Women,Throws,2026,1,0,1,0,1,False
11379,Men,Distance,2026,2,0,2,0,2,False
11381,Men,Distance,2026,1,0,1,0,1,False
11383,Men,Distance,2026,1,0,1,0,1,False
11386,Men,Distance,2026,1,0,1,0,1,False
11389,Men,Distance,2026,1,0,1,0,1,False
11393,Men,Sprints,2026,1,0,2,0,1,False
11395,Men,Distance,2026,1,0,1,0,1,False
11401,Men,Distance,2026,1,0,1,0,1,False
11402,Men,Distance,2026,1,0,1,0,1,False
11413,Men,Distance,2026,2,0,2,0,2,False
11447,Women,Distance,2026,1,0,1,0,1,False
11483,Men,Distance,2026,1,0,1,0,1,False
11493,Men,Distance,2026,1,0,1,0,1,False
16124,Men,Sprints,2026,1,0,1,0,1,False
16142,Men,Distance,2026,1,0,1,0,1,False
18085,Men,Distance,2026,1,0,1,0,1,False
18562,Men,Distance,2026,1,0,1,0,1,False
18564,Men,Distance,2026,1,0,1,0,1,False
18566,Men,Distance,2026,1,0,1,0,1,False
18569,Men,Distance,2026,2,0,3,0,2,False
18569,Men,Jumps,2026,1,0,1,0,1,False
18569,Men,Sprints,2026,1,0,2,0,1,False
18571,Men,Distance,2026,1,0,3,0,1,False
18571,Men,Sprints,2026,1,0,2,0,1,False
18577,Men,Distance,2026,1,0,3,0,1,False
18577,Men,Sprints,2026,1,0,2,0,1,False
18579,Men,Distance,2026,1,0,3,0,1,False
18579,Men,Sprints,2026,1,0,2,0,1,False
18595,Women,Distance,2026,1,0,3,0,1,False
18595,Women,Sprints,2026,1,0,2,0,1,False
18596,Women,Distance,2026,1,0,2,0,1,False
18601,Women,Distance,2026,2,0,3,0,2,False
18730,Men,Distance,2026,2,0,2,0,2,False
18736,Men,Distance,2026,4,0,4,0,4,False
18736,Men,Jumps,2026,1,0,1,0,1,False
18791,Men,Distance,2026,2,0,2,0,2,False
18800,Men,Distance,2026,1,0,1,0,1,False
18804,Men,Distance,2026,1,0,1,0,1,False
18804,Men,Throws,2026,1,0,1,0,1,False
18805,Men,Distance,2026,1,0,1,0,1,False
18807,Men,Distance,2026,1,0,1,0,1,False
18807,Men,Throws,2026,1,0,1,0,1,False
18810,Women,Distance,2026,1,0,1,0,1,False
18816,Women,Distance,2026,1,0,1,0,1,False
18817,Women,Distance,2026,2,0,2,0,2,False
18819,Women,Distance,2026,1,0,2,0,1,False
18822,Women,Distance,2026,1,0,1,0,1,False
18823,Women,Distance,2026,1,0,1,0,1,False
18826,Women,Distance,2026,2,0,3,0,2,False
18841,Women,Distance,2026,2,0,3,0,2,False
18841,Women,Sprints,2026,1,0,1,0,1,False
18849,Women,Distance,2026,1,0,3,0,1,False
18849,Women,Sprints,2026,1,0,2,0,1,False
18850,Women,Distance,2026,1,0,1,0,1,False
18865,Men,Distance,2026,1,0,1,0,1,False
18869,Men,Sprints,2026,2,0,2,0,2,False
18870,Men,Distance,2026,1,0,1,0,1,False
18875,Men,Distance,2026,1,0,1,0,1,False
18877,Men,Distance,2026,2,0,2,0,2,False
18878,Men,Sprints,2026,1,0,2,0,1,False
18884,Men,Distance,2026,1,0,2,0,1,False
18885,Men,Distance,2026,1,0,3,0,1,False
18885,Men,Sprints,2026,1,0,2,0,1,False
18892,Men,Distance,2026,1,0,3,0,1,False
18892,Men,Sprints,2026,1,0,2,0,1,False
18933,Women,Distance,2026,1,0,1,0,1,False
18972,Men,Distance,2026,1,0,1,0,1,False
19010,Men,Distance,2026,2,0,2,0,2,False
19320,Men,Distance,2026,1,0,1,0,1,False
19361,Women,Distance,2026,1,0,1,0,1,False
19361,Women,Throws,2026,1,0,1,0,1,False
19362,Men,Distance,2026,1,0,1,0,1,False
19410,Men,Distance,2026,2,0,4,0,2,False
19414,Men,Distance,2026,2,0,2,0,2,False
19421,Men,Distance,2026,3,0,3,0,3,False
19422,Men,Distance,2026,2,0,2,0,2,False
19425,Men,Sprints,2026,1,0,1,0,1,False
19426,Men,Distance,2026,2,0,2,0,2,False
19428,Men,Distance,2026,2,0,2,0,2,False
19437,Men,Distance,2026,2,0,2,0,2,False
19447,Women,Distance,2026,2,0,2,0,2,False
19463,Women,Distance,2026,2,0,2,0,2,False
19469,Women,Distance,2026,2,0,2,0,2,False
19502,Men,Distance,2026,3,0,5,0,3,False
19503,Men,Distance,2026,3,0,4,0,3,False
19504,Women,Distance,2026,3,0,5,0,3,False
19506,Women,Distance,2026,1,0,1,0,1,False
19506,Women,Throws,2026,1,0,1,0,1,False
19510,Women,Distance,2026,2,0,2,0,2,False
19512,Women,Distance,2026,3,0,3,0,3,False
19514,Women,Distance,2026,2,0,2,0,2,False
19514,Women,Jumps,2026,2,0,2,0,2,False
19515,Women,Distance,2026,2,0,2,0,2,False
19520,Women,Distance,2026,1,0,1,0,1,False
19524,Women,Distance,2026,1,0,1,0,1,False
19524,Women,Jumps,2026,1,0,3,0,1,False
19524,Women,Throws,2026,1,0,1,0,1,False
19526,Women,Distance,2026,1,0,1,0,1,False
19528,Men,Distance,2026,2,0,2,0,2,False
19529,Men,Distance,2026,2,0,2,0,2,False
19536,Men,Distance,2026,1,0,2,0,1,False
19539,Men,Distance,2026,2,0,3,0,2,False
19550,Men,Distance,2026,1,0,1,0,1,False
19553,Men,Distance,2026,1,0,1,0,1,False
19553,Men,Sprints,2026,1,0,1,0,1,False
19558,Men,Distance,2026,1,0,1,0,1,False
19576,Men,Distance,2026,2,0,3,0,2,False
19597,Women,Distance,2026,2,0,2,0,2,False
19599,Men,Distance,2026,1,0,1,0,1,False
19626,Men,Distance,2026,1,0,3,0,1,False
19626,Men,Sprints,2026,1,0,2,0,1,False
19638,Men,Sprints,2026,1,0,1,0,1,False
19642,Men,Distance,2026,2,0,2,0,2,False
19642,Men,Sprints,2026,1,0,1,0,1,False
20396,Women,Distance,2026,2,0,2,0,2,False
20469,Men,Distance,2026,3,0,3,0,3,False
20475,Men,Sprints,2026,1,0,1,0,1,False
20477,Men,Sprints,2026,1,0,1,0,1,False
21471,Men,Distance,2026,2,0,2,0,2,False
21472,Men,Distance,2026,1,0,1,0,1,False
21474,Men,Distance,2026,3,0,3,0,3,False
22355,Women,Distance,2026,2,0,2,0,2,False
22358,Women,Distance,2026,1,0,1,0,1,False
22359,Women,Distance,2026,2,0,3,0,2,False
22363,Women,Distance,2026,1,0,2,0,1,False
22369,Women,Sprints,2026,1,0,1,0,1,False
22570,Men,Distance,2026,1,0,1,0,1,False
22589,Men,Distance,2026,1,0,1,0,1,False
22591,Men,Distance,2026,1,0,1,0,1,False
22593,Men,Distance,2026,1,0,1,0,1,False
23462,Women,Distance,2026,1,0,1,0,1,False
23467,Women,Distance,2026,1,0,1,0,1,False
23475,Men,Distance,2026,2,0,2,0,2,False
23549,Women,Distance,2026,1,0,1,0,1,False
23554,Women,Distance,2026,1,0,1,0,1,False
23590,Men,Distance,2026,1,0,1,0,1,False
23913,Men,Distance,2026,1,0,1,0,1,False
24376,Women,Jumps,2026,1,0,1,0,1,False
24377,Men,Sprints,2026,2,0,2,0,2,False
24389,Women,Distance,2026,3,0,3,0,3,False
24392,Men,Jumps,2026,1,0,2,0,1,False
24392,Men,Sprints,2026,1,0,1,0,1,False
24393,Men,Jumps,2026,1,0,1,0,1,False
24437,Men,Distance,2026,1,0,1,0,1,False
24531,Women,Sprints,2026,2,0,2,0,2,False
24538,Men,Throws,2026,2,0,2,0,2,False
24540,Men,Jumps,2026,1,0,1,0,1,False
24543,Men,Sprints,2026,1,0,1,0,1,False
24546,Men,Sprints,2026,1,0,1,0,1,False
24549,Men,Sprints,2026,1,0,1,0,1,False
24551,Men,Distance,2026,2,0,2,0,2,False
24551,Men,Sprints,2026,2,0,3,0,2,False
24554,Men,Distance,2026,3,0,6,0,3,False
24555,Men,Distance,2026,3,0,3,0,3,False
24558,Men,Jumps,2026,2,0,2,0,2,False
24559,Men,Jumps,2026,3,0,3,0,3,False
24603,Women,Sprints,2026,5,0,7,0,5,False
24610,Men,Distance,2026,1,0,1,0,1,False
24619,Women,Sprints,2026,2,0,2,0,2,False
24624,Women,Jumps,2026,1,0,1,0,1,False
24626,Women,Sprints,2026,1,0,2,0,1,False
24638,Men,Distance,2026,2,0,2,0,2,False
24640,Men,Sprints,2026,3,0,4,0,3,False
24654,Men,Sprints,2026,1,0,1,0,1,False
24664,Men,Sprints,2026,1,0,1,0,1,False
24666,Women,Distance,2026,2,0,3,0,2,False
24671,Men,Sprints,2026,1,0,1,0,1,False
24692,Men,Sprints,2026,1,0,1,0,1,False
24720,Men,Distance,2026,2,0,2,0,2,False
24725,Women,Jumps,2026,1,0,1,0,1,False
24835,Men,Distance,2026,1,0,1,0,1,False
24842,Men,Sprints,2026,3,0,3,0,3,False
24844,Men,Sprints,2026,3,0,4,0,3,False
24848,Men,Sprints,2026,1,0,1,0,1,False
24849,Men,Distance,2026,1,0,1,0,1,False
24852,Men,Jumps,2026,5,0,6,0,5,False
24879,Men,Sprints,2026,2,0,2,0,2,False
24883,Men,Sprints,2026,1,0,1,0,1,False
24892,Men,Sprints,2026,1,0,1,0,1,False
24911,Men,Sprints,2026,1,0,1,0,1,False
24918,Men,Jumps,2026,2,0,2,0,2,False
24918,Men,Sprints,2026,2,0,2,0,2,False
24928,Men,Throws,2026,1,0,1,0,1,False
24936,Women,Distance,2026,1,0,1,0,1,False
24946,Women,Sprints,2026,2,0,2,0,2,False
24950,Women,Distance,2026,1,0,1,0,1,False
24953,Women,Distance,2026,1,0,1,0,1,False
24965,Women,Throws,2026,2,0,2,0,2,False
24975,Women,Throws,2026,2,0,2,0,2,False
24978,Men,Sprints,2026,1,0,1,0,1,False
24987,Men,Distance,2026,4,0,4,0,4,False
24991,Women,Sprints,2026,1,0,1,0,1,False
24996,Men,Throws,2026,1,0,1,0,1,False
24998,Men,Distance,2026,1,0,1,0,1,False
24998,Men,Throws,2026,1,0,1,0,1,False
25006,Men,Sprints,2026,1,0,1,0,1,False
25008,Men,Distance,2026,1,0,3,0,1,False
25008,Men,Sprints,2026,1,0,2,0,1,False
25016,Men,Distance,2026,1,0,2,0,1,False
25073,Men,Sprints,2026,1,0,2,0,1,False
25076,Men,Distance,2026,2,0,2,0,2,False
25083,Men,Sprints,2026,1,0,1,0,1,False
25085,Men,Jumps,2026,1,0,1,0,1,False
25092,Men,Distance,2026,1,0,1,0,1,False
25092,Men,Sprints,2026,1,0,2,0,1,False
25096,Women,Throws,2026,1,0,1,0,1,False
25139,Women,Distance,2026,3,0,4,0,3,False
25143,Men,Distance,2026,1,0,1,0,1,False
25146,Women,Sprints,2026,2,0,2,0,2,False
25185,Women,Distance,2026,1,0,1,0,1,False
25252,Women,Jumps,2026,1,0,1,0,1,False
25255,Men,Sprints,2026,1,0,2,0,1,False
25265,Women,Distance,2026,1,0,3,0,1,False
25265,Women,Sprints,2026,1,0,2,0,1,False
25279,Women,Throws,2026,1,0,1,0,1,False
25280,Men,Sprints,2026,1,0,1,0,1,False
25284,Men,Jumps,2026,3,0,3,0,3,False
25511,Men,Jumps,2026,1,0,1,0,1,False
25511,Men,Throws,2026,1,0,1,0,1,False
25520,Men,Jumps,2026,2,0,2,0,2,False
25522,Men,Jumps,2026,1,0,1,0,1,False
25529,Men,Distance,2026,2,0,2,0,2,False
25539,Men,Distance,2026,1,0,1,0,1,False
25544,Men,Distance,2026,1,0,1,0,1,False
25546,Men,Distance,2026,1,0,1,0,1,False
25551,Men,Distance,2026,1,0,1,0,1,False
25558,Men,Jumps,2026,1,0,1,0,1,False
25558,Men,Throws,2026,1,0,1,0,1,False
25559,Men,Throws,2026,1,0,1,0,1,False
25565,Men,Jumps,2026,1,0,2,0,1,False
25580,Women,Sprints,2026,1,0,1,0,1,False
25598,Women,Distance,2026,1,0,1,0,1,False
25607,Women,Jumps,2026,1,0,1,0,1,False
25624,Women,Sprints,2026,1,0,2,0,1,False
25709,Men,Sprints,2026,1,0,2,0,1,False
25780,Men,Distance,2026,1,0,1,0,1,False
25793,Men,Sprints,2026,1,0,1,0,1,False
25800,Men,Distance,2026,1,0,2,0,1,False
25883,Women,Distance,2026,1,0,3,0,1,False
25886,Men,Sprints,2026,1,0,1,0,1,False
25892,Men,Sprints,2026,1,0,1,0,1,False
25894,Men,Jumps,2026,1,0,1,0,1,False
25902,Women,Distance,2026,1,0,3,0,1,False
25902,Women,Sprints,2026,1,0,2,0,1,False
25915,Men,Distance,2026,1,0,1,0,1,False
26109,Men,Distance,2026,1,0,1,0,1,False
26139,Men,Jumps,2026,1,0,1,0,1,False
26162,Men,Sprints,2026,1,0,1,0,1,False
26491,Men,Jumps,2026,1,0,1,0,1,False
26491,Men,Sprints,2026,3,0,3,0,3,False
26516,Women,Sprints,2026,1,0,1,0,1,False
26638,Men,Distance,2026,1,0,1,0,1,False
26785,Men,Distance,2026,1,0,2,0,1,False
26828,Women,Throws,2026,1,0,1,0,1,False
26849,Men,Distance,2026,2,0,2,0,2,False
26866,Men,Distance,2026,1,0,1,0,1,False
26867,Women,Distance,2026,1,0,1,0,1,False
26869,Men,Distance,2026,2,0,2,0,2,False
26869,Men,Jumps,2026,1,0,1,0,1,False
26869,Men,Throws,2026,1,0,1,0,1,False
26871,Women,Distance,2026,1,0,2,0,1,False
26874,Women,Distance,2026,2,0,3,0,2,False
26876,Women,Distance,2026,1,0,1,0,1,False
26899,Women,Distance,2026,2,0,3,0,2,False
26900,Women,Distance,2026,1,0,1,0,1,False
26901,Women,Distance,2026,1,0,1,0,1,False
26902,Men,Distance,2026,4,0,4,0,4,False
26903,Men,Distance,2026,1,0,1,0,1,False
26904,Men,Distance,2026,1,0,1,0,1,False
26905,Men,Distance,2026,2,0,2,0,2,False
26905,Men,Sprints,2026,1,0,1,0,1,False
26907,Men,Distance,2026,2,0,2,0,2,False
26908,Men,Distance,2026,1,0,1,0,1,False
26915,Men,Distance,2026,1,0,1,0,1,False
26945,Women,Distance,2026,1,0,1,0,1,False
26946,Women,Sprints,2026,1,0,1,0,1,False
26956,Women,Distance,2026,2,0,2,0,2,False
26957,Women,Distance,2026,1,0,1,0,1,False
26959,Women,Distance,2026,2,0,2,0,2,False
26969,Men,Distance,2026,1,0,2,0,1,False
26981,Men,Distance,2026,2,0,2,0,2,False
26983,Men,Distance,2026,1,0,2,0,1,False
26986,Men,Sprints,2026,1,0,1,0,1,False
27004,Men,Sprints,2026,2,0,2,0,2,False
27008,Men,Distance,2026,1,0,1,0,1,False
27013,Men,Distance,2026,1,0,1,0,1,False
27020,Men,Distance,2026,1,0,1,0,1,False
27040,Men,Distance,2026,1,0,1,0,1,False
27052,Women,Distance,2026,1,0,1,0,1,False
27070,Women,Distance,2026,1,0,1,0,1,False
27076,Men,Distance,2026,1,0,1,0,1,False
27080,Men,Distance,2026,1,0,1,0,1,False
27089,Men,Distance,2026,2,0,2,0,2,False
27092,Men,Distance,2026,1,0,1,0,1,False
27097,Men,Sprints,2026,1,0,2,0,1,False
27099,Men,Distance,2026,2,0,2,0,2,False
27099,Men,Sprints,2026,1,0,2,0,1,False
27102,Women,Distance,2026,1,0,1,0,1,False
27104,Women,Distance,2026,2,0,2,0,2,False
27112,Men,Distance,2026,1,0,1,0,1,False
27114,Men,Distance,2026,2,0,2,0,2,False
27119,Men,Distance,2026,1,0,1,0,1,False
27123,Men,Distance,2026,1,0,1,0,1,False
27123,Men,Sprints,2026,1,0,1,0,1,False
27126,Men,Distance,2026,1,0,2,0,1,False
27126,Men,Sprints,2026,1,0,2,0,1,False
27143,Men,Distance,2026,1,0,1,0,1,False
27145,Women,Distance,2026,1,0,2,0,1,False
27146,Women,Distance,2026,1,0,2,0,1,False
27148,Women,Distance,2026,2,0,4,0,2,False
27151,Women,Sprints,2026,1,0,1,0,1,False
27159,Women,Distance,2026,1,0,1,0,1,False
27169,Women,Distance,2026,1,0,1,0,1,False
27178,Women,Distance,2026,1,0,2,0,1,False
27185,Men,Distance,2026,1,0,1,0,1,False
27188,Women,Distance,2026,2,0,2,0,2,False
27192,Women,Distance,2026,1,0,1,0,1,False
27215,Men,Distance,2026,1,0,1,0,1,False
27216,Men,Distance,2026,1,0,1,0,1,False
27217,Men,Distance,2026,1,0,1,0,1,False
27220,Men,Distance,2026,1,0,1,0,1,False
27221,Men,Distance,2026,1,0,1,0,1,False
27227,Men,Distance,2026,1,0,1,0,1,False
27230,Women,Distance,2026,1,0,1,0,1,False
27243,Women,Distance,2026,1,0,1,0,1,False
27247,Women,Distance,2026,2,0,2,0,2,False
27248,Women,Distance,2026,2,0,2,0,2,False
27249,Women,Distance,2026,4,0,6,0,4,False
27249,Women,Jumps,2026,2,0,2,0,2,False
27258,Women,Distance,2026,1,0,1,0,1,False
27274,Women,Distance,2026,1,0,1,0,1,False
27275,Women,Distance,2026,4,0,7,0,4,False
27284,Women,Distance,2026,1,0,1,0,1,False
27284,Women,Sprints,2026,1,0,1,0,1,False
27295,Men,Distance,2026,2,0,2,0,2,False
27304,Men,Distance,2026,1,0,1,0,1,False
27305,Men,Distance,2026,2,0,3,0,2,False
27311,Men,Distance,2026,1,0,1,0,1,False
27317,Men,Distance,2026,1,0,1,0,1,False
27320,Men,Distance,2026,4,0,5,0,4,False
27325,Men,Distance,2026,2,0,2,0,2,False
27420,Women,Distance,2026,2,0,4,0,2,False
27421,Women,Distance,2026,1,0,1,0,1,False
27422,Women,Distance,2026,1,0,1,0,1,False
27428,Women,Distance,2026,1,0,2,0,1,False
27444,Men,Distance,2026,1,0,1,0,1,False
27447,Men,Distance,2026,2,0,2,0,2,False
27448,Men,Distance,2026,2,0,2,0,2,False
27451,Men,Distance,2026,2,0,2,0,2,False
27453,Men,Distance,2026,1,0,1,0,1,False
27454,Men,Distance,2026,2,0,2,0,2,False
27461,Men,Distance,2026,2,0,2,0,2,False
27463,Men,Distance,2026,2,0,2,0,2,False
27464,Men,Distance,2026,1,0,1,0,1,False
27469,Men,Sprints,2026,1,0,1,0,1,False
27479,Men,Distance,2026,1,0,2,0,1,False
27479,Men,Sprints,2026,1,0,2,0,1,False
27482,Men,Distance,2026,1,0,1,0,1,False
27484,Men,Distance,2026,1,0,1,0,1,False
27486,Men,Distance,2026,1,0,2,0,1,False
27492,Men,Distance,2026,1,0,1,0,1,False
27494,Men,Distance,2026,1,0,1,0,1,False
27497,Men,Distance,2026,2,0,3,0,2,False
27498,Men,Distance,2026,2,0,2,0,2,False
27503,Men,Distance,2026,1,0,1,0,1,False
27506,Men,Distance,2026,3,0,3,0,3,False
27520,Women,Distance,2026,1,0,1,0,1,False
27527,Women,Distance,2026,1,0,1,0,1,False
27535,Women,Distance,2026,1,0,1,0,1,False
27547,Men,Distance,2026,1,0,1,0,1,False
27557,Men,Distance,2026,2,0,3,0,2,False
27560,Men,Distance,2026,4,0,4,0,4,False
27565,Men,Distance,2026,2,0,2,0,2,False
27566,Men,Distance,2026,2,0,2,0,2,False
27573,Men,Sprints,2026,1,0,2,0,1,False
27576,Men,Distance,2026,1,0,1,0,1,False
27585,Men,Distance,2026,1,0,1,0,1,False
27585,Men,Sprints,2026,1,0,1,0,1,False
27594,Men,Distance,2026,1,0,1,0,1,False
27606,Women,Distance,2026,1,0,1,0,1,False
27609,Women,Distance,2026,2,0,3,0,2,False
27610,Women,Distance,2026,1,0,1,0,1,False
27617,Women,Distance,2026,1,0,1,0,1,False
27617,Women,Sprints,2026,1,0,1,0,1,False
27618,Women,Jumps,2026,2,0,2,0,2,False
27627,Women,Jumps,2026,1,0,1,0,1,False
27636,Women,Distance,2026,1,0,2,0,1,False
27637,Women,Distance,2026,1,0,1,0,1,False
27638,Women,Distance,2026,1,0,2,0,1,False
27649,Women,Distance,2026,2,0,3,0,2,False
27653,Women,Distance,2026,2,0,5,0,2,False
27653,Women,Sprints,2026,1,0,2,0,1,False
27666,Women,Distance,2026,1,0,1,0,1,False
27668,Women,Distance,2026,1,0,3,0,1,False
27676,Women,Distance,2026,1,0,1,0,1,False
27676,Women,Jumps,2026,1,0,1,0,1,False
27689,Men,Distance,2026,1,0,1,0,1,False
27690,Men,Distance,2026,1,0,2,0,1,False
27694,Men,Distance,2026,1,0,1,0,1,False
27698,Men,Distance,2026,1,0,2,0,1,False
27699,Men,Distance,2026,1,0,3,0,1,False
27699,Men,Sprints,2026,1,0,2,0,1,False
27701,Men,Distance,2026,1,0,3,0,1,False
27701,Men,Sprints,2026,1,0,2,0,1,False
27704,Men,Distance,2026,2,0,4,0,2,False
27704,Men,Sprints,2026,1,0,2,0,1,False
27706,Men,Distance,2026,2,0,2,0,2,False
27713,Men,Distance,2026,1,0,1,0,1,False
27713,Men,Sprints,2026,1,0,1,0,1,False
27715,Men,Distance,2026,1,0,1,0,1,False
27715,Men,Sprints,2026,1,0,1,0,1,False
27719,Men,Distance,2026,1,0,1,0,1,False
27722,Men,Distance,2026,1,0,1,0,1,False
27724,Men,Distance,2026,1,0,1,0,1,False
27735,Men,Distance,2026,1,0,1,0,1,False
27736,Men,Distance,2026,1,0,2,0,1,False
27736,Men,Sprints,2026,1,0,2,0,1,False
27755,Men,Distance,2026,1,0,1,0,1,False
27757,Men,Distance,2026,1,0,1,0,1,False
27758,Men,Distance,2026,1,0,1,0,1,False
27760,Women,Distance,2026,2,0,2,0,2,False
27860,Women,Distance,2026,1,0,1,0,1,False
27861,Women,Distance,2026,1,0,1,0,1,False
27866,Women,Distance,2026,1,0,1,0,1,False
27935,Women,Distance,2026,2,0,3,0,2,False
27937,Women,Distance,2026,1,0,1,0,1,False
27954,Men,Distance,2026,1,0,2,0,1,False
27969,Women,Distance,2026,1,0,2,0,1,False
27984,Men,Distance,2026,1,0,1,0,1,False
27986,Men,Distance,2026,1,0,1,0,1,False
27989,Men,Distance,2026,4,0,4,0,4,False
27994,Men,Distance,2026,1,0,2,0,1,False
27995,Men,Distance,2026,1,0,1,0,1,False
27997,Men,Distance,2026,1,0,1,0,1,False
28002,Men,Distance,2026,2,0,3,0,2,False
28004,Men,Distance,2026,1,0,1,0,1,False
28008,Men,Distance,2026,2,0,2,0,2,False
28013,Men,Jumps,2026,2,0,2,0,2,False
28013,Men,Sprints,2026,1,0,1,0,1,False
28014,Men,Distance,2026,2,0,3,0,2,False
28014,Men,Jumps,2026,1,0,1,0,1,False
28014,Men,Throws,2026,1,0,1,0,1,False
28016,Men,Distance,2026,2,0,2,0,2,False
28018,Women,Distance,2026,2,0,2,0,2,False
28019,Women,Distance,2026,3,0,3,0,3,False
28020,Women,Distance,2026,2,0,3,0,2,False
28022,Women,Distance,2026,1,0,1,0,1,False
28042,Women,Distance,2026,2,0,3,0,2,False
28065,Men,Distance,2026,1,0,1,0,1,False
28068,Men,Distance,2026,2,0,2,0,2,False
28070,Men,Distance,2026,1,0,1,0,1,False
28071,Men,Distance,2026,1,0,1,0,1,False
28077,Men,Sprints,2026,1,0,2,0,1,False
28246,Women,Distance,2026,2,0,2,0,2,False
28251,Men,Distance,2026,2,0,3,0,2,False
28256,Women,Distance,2026,1,0,1,0,1,False
28301,Men,Sprints,2026,1,0,1,0,1,False
28303,Men,Distance,2026,3,0,5,0,3,False
28314,Men,Distance,2026,2,0,2,0,2,False
28367,Men,Distance,2026,5,0,8,0,5,False
28367,Men,Throws,2026,2,0,2,0,2,False
28377,Women,Distance,2026,1,0,1,0,1,False
28388,Men,Distance,2026,1,0,1,0,1,False
28400,Men,Distance,2026,1,0,1,0,1,False
28406,Men,Distance,2026,2,0,3,0,2,False
28406,Men,Sprints,2026,1,0,1,0,1,False
28406,Men,Throws,2026,1,0,1,0,1,False
28410,Women,Distance,2026,1,0,1,0,1,False
28412,Men,Sprints,2026,3,0,3,0,3,False
28413,Women,Distance,2026,1,0,1,0,1,False
28415,Men,Distance,2026,1,0,1,0,1,False
28417,Women,Distance,2026,1,0,1,0,1,False
28452,Men,Distance,2026,2,0,2,0,2,False
28454,Men,Distance,2026,1,0,1,0,1,False
28457,Men,Distance,2026,1,0,1,0,1,False
28458,Men,Distance,2026,1,0,1,0,1,False
28462,Women,Distance,2026,1,0,1,0,1,False
28463,Women,Distance,2026,1,0,1,0,1,False
28471,Women,Distance,2026,2,0,2,0,2,False
28472,Women,Distance,2026,2,0,2,0,2,False
28489,Men,Distance,2026,2,0,3,0,2,False
28491,Men,Distance,2026,2,0,3,0,2,False
28491,Men,Jumps,2026,1,0,1,0,1,False
28491,Men,Sprints,2026,1,0,1,0,1,False
28494,Men,Distance,2026,2,0,2,0,2,False
28517,Men,Distance,2026,1,0,1,0,1,False
28531,Women,Distance,2026,1,0,1,0,1,False
28536,Men,Distance,2026,2,0,2,0,2,False
28821,Men,Distance,2026,1,0,1,0,1,False
28822,Men,Distance,2026,1,0,1,0,1,False
28824,Men,Distance,2026,1,0,1,0,1,False
28826,Men,Distance,2026,2,0,2,0,2,False
28827,Men,Distance,2026,2,0,3,0,2,False
28828,Men,Distance,2026,1,0,2,0,1,False
28831,Men,Throws,2026,1,0,1,0,1,False
28833,Women,Distance,2026,1,0,1,0,1,False
28836,Women,Distance,2026,2,0,3,0,2,False
28840,Women,Distance,2026,1,0,1,0,1,False
28846,Men,Distance,2026,1,0,1,0,1,False
28851,Men,Sprints,2026,1,0,1,0,1,False
29200,Men,Distance,2026,1,0,1,0,1,False
29258,Women,Distance,2026,1,0,1,0,1,False
29260,Women,Distance,2026,2,0,2,0,2,False
29260,Women,Jumps,2026,1,0,1,0,1,False
29260,Women,Sprints,2026,1,0,1,0,1,False
29264,Women,Sprints,2026,1,0,1,0,1,False
29265,Men,Distance,2026,1,0,1,0,1,False
29268,Men,Distance,2026,3,0,3,0,3,False
29268,Men,Sprints,2026,1,0,1,0,1,False
29270,Men,Distance,2026,1,0,1,0,1,False
29271,Men,Distance,2026,1,0,1,0,1,False
29277,Men,Distance,2026,3,0,3,0,3,False
29279,Men,Distance,2026,2,0,2,0,2,False
29284,Men,Distance,2026,3,0,3,0,3,False
29284,Men,Jumps,2026,1,0,1,0,1,False
29284,Men,Sprints,2026,1,0,1,0,1,False
29285,Men,Distance,2026,1,0,1,0,1,False
29292,Men,Sprints,2026,1,0,1,0,1,False
29293,Men,Distance,2026,2,0,2,0,2,False
29296,Women,Distance,2026,1,0,1,0,1,False
29300,Women,Distance,2026,1,0,1,0,1,False
29302,Women,Distance,2026,1,0,1,0,1,False
29309,Men,Distance,2026,1,0,1,0,1,False
29311,Men,Distance,2026,1,0,1,0,1,False
29315,Men,Distance,2026,2,0,3,0,2,False
29316,Men,Distance,2026,1,0,1,0,1,False
29320,Men,Distance,2026,1,0,1,0,1,False
29352,Men,Jumps,2026,3,0,5,0,3,False
29434,Men,Jumps,2026,4,0,4,0,4,False
29434,Men,Sprints,2026,5,0,5,0,5,False
29435,Men,Sprints,2026,3,0,5,0,3,False
29436,Men,Jumps,2026,1,0,1,0,1,False
29436,Men,Sprints,2026,1,0,1,0,1,False
29437,Women,Jumps,2026,5,0,8,0,5,False
29438,Women,Jumps,2026,4,0,8,0,4,False
29439,Women,Sprints,2026,4,0,4,0,4,False
29440,Women,Distance,2026,1,0,1,0,1,False
29440,Women,Sprints,2026,2,0,4,0,2,False
29441,Men,Sprints,2026,2,0,2,0,2,False
29442,Men,Distance,2026,1,0,1,0,1,False
29443,Men,Jumps,2026,3,0,6,0,3,False
29444,Women,Throws,2026,2,0,2,0,2,False
29448,Men,Sprints,2026,2,0,2,0,2,False
29451,Women,Sprints,2026,5,0,5,0,5,False
29457,Men,Distance,2026,1,0,1,0,1,False
29459,Women,Jumps,2026,1,0,1,0,1,False
29489,Women,Sprints,2026,3,0,3,0,3,False
29490,Women,Distance,2026,3,0,3,0,3,False
29491,Men,Sprints,2026,1,0,1,0,1,False
29492,Men,Sprints,2026,3,0,3,0,3,False
29492,Men,Throws,2026,1,0,1,0,1,False
29556,Men,Jumps,2026,1,0,1,0,1,False
29557,Men,Jumps,2026,2,0,2,0,2,False
29560,Men,Sprints,2026,1,0,1,0,1,False
29561,Men,Jumps,2026,1,0,1,0,1,False
29561,Men,Sprints,2026,2,0,2,0,2,False
29562,Men,Sprints,2026,1,0,1,0,1,False
29563,Men,Distance,2026,1,0,1,0,1,False
29563,Men,Sprints,2026,2,0,2,0,2,False
29564,Men,Distance,2026,1,0,2,0,1,False
29566,Men,Jumps,2026,3,0,3,0,3,False
29567,Men,Throws,2026,3,0,3,0,3,False
29568,Men,Throws,2026,3,0,3,0,3,False
29569,Women,Jumps,2026,2,0,2,0,2,False
29570,Women,Sprints,2026,1,0,1,0,1,False
29571,Women,Throws,2026,3,0,3,0,3,False
29572,Women,Sprints,2026,1,0,1,0,1,False
29574,Women,Jumps,2026,3,0,3,0,3,False
29574,Women,Sprints,2026,2,0,2,0,2,False
29575,Women,Jumps,2026,1,0,1,0,1,False
29575,Women,Sprints,2026,1,0,1,0,1,False
29576,Women,Distance,2026,2,0,4,0,2,False
29576,Women,Sprints,2026,1,0,2,0,1,False
29577,Women,Distance,2026,2,0,4,0,2,False
29578,Women,Distance,2026,2,0,2,0,2,False
29579,Women,Distance,2026,1,0,1,0,1,False
29579,Women,Sprints,2026,1,0,1,0,1,False
29580,Women,Distance,2026,3,0,3,0,3,False
29581,Women,Jumps,2026,2,0,2,0,2,False
29581,Women,Sprints,2026,1,0,1,0,1,False
29584,Women,Sprints,2026,1,0,1,0,1,False
29584,Women,Throws,2026,1,0,1,0,1,False
29585,Women,Throws,2026,3,0,3,0,3,False
29604,Men,Sprints,2026,1,0,1,0,1,False
29606,Men,Sprints,2026,1,0,1,0,1,False
29609,Women,Sprints,2026,2,0,2,0,2,False
29613,Men,Throws,2026,1,0,1,0,1,False
29614,Men,Sprints,2026,2,0,2,0,2,False
29617,Men,Distance,2026,3,0,3,0,3,False
29620,Men,Distance,2026,1,0,1,0,1,False
29621,Men,Distance,2026,2,0,2,0,2,False
29622,Men,Distance,2026,3,0,3,0,3,False
29626,Women,Jumps,2026,1,0,1,0,1,False
29626,Women,Sprints,2026,1,0,1,0,1,False
29627,Women,Sprints,2026,1,0,2,0,1,False
29631,Men,Jumps,2026,1,0,1,0,1,False
29633,Men,Throws,2026,1,0,1,0,1,False
29635,Men,Sprints,2026,1,0,1,0,1,False
29636,Men,Sprints,2026,2,0,2,0,2,False
29637,Women,Sprints,2026,1,0,1,0,1,False
29638,Women,Throws,2026,1,0,1,0,1,False
29639,Women,Throws,2026,1,0,1,0,1,False
29640,Men,Distance,2026,1,0,1,0,1,False
29642,Men,Throws,2026,1,0,1,0,1,False
29645,Men,Distance,2026,2,0,2,0,2,False
29647,Men,Jumps,2026,2,0,2,0,2,False
29648,Men,Jumps,2026,2,0,3,0,2,False
29653,Men,Sprints,2026,1,0,1,0,1,False
29655,Women,Sprints,2026,3,0,4,0,3,False
29656,Women,Sprints,2026,1,0,1,0,1,False
29657,Men,Sprints,2026,3,0,4,0,3,False
29658,Men,Sprints,2026,2,0,2,0,2,False
29659,Men,Distance,2026,4,0,4,0,4,False
29661,Men,Throws,2026,1,0,1,0,1,False
29662,Men,Sprints,2026,2,0,3,0,2,False
29664,Women,Distance,2026,1,0,1,0,1,False
29664,Women,Sprints,2026,2,0,2,0,2,False
29665,Women,Distance,2026,3,0,4,0,3,False
29666,Women,Distance,2026,2,0,2,0,2,False
29667,Women,Jumps,2026,2,0,4,0,2,False
29668,Women,Throws,2026,3,0,3,0,3,False
29669,Men,Jumps,2026,1,0,1,0,1,False
29672,Women,Sprints,2026,3,0,3,0,3,False
29674,Men,Sprints,2026,1,0,1,0,1,False
29675,Women,Distance,2026,3,0,3,0,3,False
29678,Men,Sprints,2026,1,0,1,0,1,False
29679,Men,Jumps,2026,1,0,1,0,1,False
29680,Men,Jumps,2026,1,0,1,0,1,False
29680,Men,Sprints,2026,1,0,1,0,1,False
29682,Men,Sprints,2026,3,0,3,0,3,False
29683,Men,Sprints,2026,1,0,1,0,1,False
29684,Men,Distance,2026,1,0,1,0,1,False
29685,Men,Distance,2026,3,0,4,0,3,False
29690,Women,Sprints,2026,1,0,1,0,1,False
29693,Women,Distance,2026,2,0,2,0,2,False
29695,Women,Sprints,2026,1,0,2,0,1,False
29703,Men,Sprints,2026,1,0,1,0,1,False
29704,Women,Distance,2026,1,0,1,0,1,False
29707,Women,Sprints,2026,1,0,1,0,1,False
29708,Women,Jumps,2026,1,0,1,0,1,False
29708,Women,Sprints,2026,1,0,1,0,1,False
29710,Women,Sprints,2026,1,0,1,0,1,False
29713,Women,Distance,2026,2,0,3,0,2,False
29714,Women,Sprints,2026,1,0,1,0,1,False
29715,Men,Sprints,2026,1,0,1,0,1,False
29717,Women,Distance,2026,1,0,1,0,1,False
29721,Men,Sprints,2026,2,0,2,0,2,False
29722,Men,Distance,2026,1,0,1,0,1,False
29723,Men,Distance,2026,2,0,2,0,2,False
29724,Men,Jumps,2026,1,0,1,0,1,False
29725,Women,Distance,2026,1,0,1,0,1,False
29726,Women,Distance,2026,3,0,3,0,3,False
29727,Women,Distance,2026,2,0,2,0,2,False
29728,Women,Distance,2026,2,0,2,0,2,False
29729,Men,Distance,2026,2,0,4,0,2,False
29730,Men,Sprints,2026,2,0,3,0,2,False
29731,Women,Sprints,2026,1,0,1,0,1,False
29732,Women,Jumps,2026,3,0,3,0,3,False
29733,Women,Sprints,2026,2,0,2,0,2,False
29734,Women,Jumps,2026,1,0,1,0,1,False
29736,Men,Distance,2026,1,0,1,0,1,False
29739,Men,Distance,2026,2,0,2,0,2,False
29743,Women,Sprints,2026,3,0,3,0,3,False
29744,Men,Sprints,2026,1,0,1,0,1,False
29744,Men,Throws,2026,2,0,2,0,2,False
29745,Men,Distance,2026,2,0,2,0,2,False
29754,Men,Jumps,2026,2,0,2,0,2,False
29756,Women,Jumps,2026,1,0,1,0,1,False
29757,Women,Sprints,2026,1,0,2,0,1,False
29761,Women,Jumps,2026,2,0,3,0,2,False
29763,Men,Sprints,2026,1,0,1,0,1,False
29764,Men,Jumps,2026,3,0,3,0,3,False
29764,Men,Sprints,2026,1,0,1,0,1,False
29769,Men,Sprints,2026,2,0,2,0,2,False
29770,Men,Distance,2026,1,0,1,0,1,False
29773,Men,Sprints,2026,2,0,2,0,2,False
29780,Men,Distance,2026,1,0,1,0,1,False
29781,Men,Sprints,2026,2,0,2,0,2,False
29782,Men,Sprints,2026,2,0,2,0,2,False
29783,Women,Sprints,2026,1,0,1,0,1,False
29784,Women,Distance,2026,1,0,1,0,1,False
29785,Men,Sprints,2026,1,0,1,0,1,False
29786,Men,Sprints,2026,1,0,1,0,1,False
29787,Men,Distance,2026,2,0,2,0,2,False
29787,Men,Sprints,2026,1,0,1,0,1,False
29788,Women,Distance,2026,1,0,1,0,1,False
29788,Women,Sprints,2026,1,0,1,0,1,False
29792,Women,Sprints,2026,1,0,1,0,1,False
29794,Men,Sprints,2026,2,0,2,0,2,False
29797,Men,Distance,2026,1,0,1,0,1,False
29798,Men,Sprints,2026,1,0,1,0,1,False
29800,Men,Sprints,2026,1,0,1,0,1,False
29805,Men,Jumps,2026,1,0,1,0,1,False
29805,Men,Throws,2026,1,0,1,0,1,False
29806,Women,Jumps,2026,2,0,2,0,2,False
29807,Men,Distance,2026,2,0,3,0,2,False
29808,Men,Distance,2026,2,0,3,0,2,False
29809,Men,Distance,2026,1,0,1,0,1,False
29810,Men,Distance,2026,3,0,4,0,3,False
29810,Men,Sprints,2026,1,0,1,0,1,False
29811,Women,Distance,2026,1,0,1,0,1,False
29812,Women,Distance,2026,1,0,1,0,1,False
29813,Women,Distance,2026,1,0,1,0,1,False
29814,Women,Distance,2026,1,0,1,0,1,False
29815,Women,Sprints,2026,1,0,2,0,1,False
29817,Men,Jumps,2026,1,0,2,0,1,False
29821,Men,Sprints,2026,1,0,1,0,1,False
29823,Men,Distance,2026,1,0,1,0,1,False
29823,Men,Sprints,2026,1,0,1,0,1,False
29824,Women,Sprints,2026,1,0,1,0,1,False
29825,Men,Distance,2026,2,0,3,0,2,False
29826,Men,Distance,2026,1,0,1,0,1,False
29834,Men,Sprints,2026,1,0,2,0,1,False
29835,Men,Distance,2026,1,0,1,0,1,False
29836,Women,Distance,2026,2,0,3,0,2,False
29837,Men,Distance,2026,2,0,2,0,2,False
29838,Men,Distance,2026,1,0,1,0,1,False
29839,Men,Distance,2026,2,0,3,0,2,False
29840,Women,Distance,2026,1,0,1,0,1,False
29841,Women,Distance,2026,1,0,1,0,1,False
29843,Men,Jumps,2026,1,0,1,0,1,False
29843,Men,Sprints,2026,1,0,1,0,1,False
29848,Women,Distance,2026,1,0,1,0,1,False
29850,Men,Distance,2026,1,0,1,0,1,False
29852,Women,Throws,2026,1,0,1,0,1,False
29863,Men,Sprints,2026,1,0,2,0,1,False
29865,Men,Sprints,2026,1,0,1,0,1,False
29866,Men,Sprints,2026,1,0,1,0,1,False
29874,Men,Sprints,2026,1,0,1,0,1,False
29877,Men,Sprints,2026,1,0,1,0,1,False
29879,Women,Sprints,2026,2,0,2,0,2,False
29880,Men,Sprints,2026,1,0,2,0,1,False
29884,Women,Sprints,2026,2,0,3,0,2,False
29885,Men,Distance,2026,1,0,2,0,1,False
29974,Women,Jumps,2026,1,0,2,0,1,False
29977,Men,Sprints,2026,2,0,2,0,2,False
29981,Men,Sprints,2026,1,0,1,0,1,False
29982,Men,Sprints,2026,1,0,1,0,1,False
29986,Men,Sprints,2026,1,0,1,0,1,False
29987,Men,Sprints,2026,1,0,1,0,1,False
29988,Men,Sprints,2026,2,0,2,0,2,False
29991,Men,Sprints,2026,2,0,2,0,2,False
29993,Men,Sprints,2026,1,0,1,0,1,False
29995,Men,Sprints,2026,1,0,1,0,1,False
30001,Women,Sprints,2026,1,0,1,0,1,False
30003,Men,Distance,2026,1,0,2,0,1,False
30006,Men,Distance,2026,1,0,1,0,1,False
30008,Men,Distance,2026,1,0,1,0,1,False
30009,Men,Distance,2026,1,0,1,0,1,False
30009,Men,Sprints,2026,1,0,1,0,1,False
30012,Men,Distance,2026,1,0,1,0,1,False
30013,Men,Distance,2026,1,0,1,0,1,False
30014,Men,Distance,2026,1,0,1,0,1,False
30015,Men,Distance,2026,1,0,1,0,1,False
30016,Men,Distance,2026,1,0,1,0,1,False
30017,Men,Distance,2026,1,0,1,0,1,False
30018,Men,Distance,2026,1,0,1,0,1,False
30019,Men,Distance,2026,1,0,1,0,1,False
30020,Men,Distance,2026,1,0,1,0,1,False
30022,Men,Distance,2026,1,0,1,0,1,False
30024,Men,Distance,2026,1,0,1,0,1,False
30025,Men,Distance,2026,1,0,1,0,1,False
30026,Men,Distance,2026,1,0,1,0,1,False
30028,Men,Distance,2026,1,0,1,0,1,False
30030,Women,Distance,2026,2,0,2,0,2,False
30033,Women,Distance,2026,1,0,1,0,1,False
30034,Women,Distance,2026,1,0,2,0,1,False
30036,Women,Distance,2026,1,0,1,0,1,False
30037,Women,Distance,2026,1,0,1,0,1,False
30046,Men,Distance,2026,1,0,1,0,1,False
30046,Men,Sprints,2026,1,0,1,0,1,False
30046,Men,Throws,2026,1,0,1,0,1,False
30047,Women,Sprints,2026,1,0,2,0,1,False
30048,Women,Sprints,2026,1,0,1,0,1,False
30051,Men,Distance,2026,1,0,1,0,1,False
30053,Men,Distance,2026,1,0,1,0,1,False
30054,Men,Distance,2026,1,0,1,0,1,False
30058,Men,Distance,2026,1,0,1,0,1,False
30059,Men,Distance,2026,1,0,1,0,1,False
30060,Men,Distance,2026,1,0,1,0,1,False
30061,Men,Distance,2026,1,0,1,0,1,False
30062,Men,Distance,2026,1,0,1,0,1,False
30063,Men,Distance,2026,1,0,1,0,1,False
30064,Men,Distance,2026,1,0,1,0,1,False
30066,Women,Distance,2026,1,0,1,0,1,False
30066,Women,Sprints,2026,1,0,1,0,1,False
30067,Women,Distance,2026,1,0,1,0,1,False
30068,Men,Sprints,2026,1,0,1,0,1,False
30070,Men,Sprints,2026,1,0,1,0,1,False
30071,Men,Jumps,2026,1,0,1,0,1,False
30073,Men,Sprints,2026,1,0,1,0,1,False
30074,Men,Sprints,2026,1,0,1,0,1,False
30078,Women,Sprints,2026,1,0,1,0,1,False
30080,Women,Sprints,2026,1,0,1,0,1,False
30080,Women,Throws,2026,1,0,1,0,1,False
30090,Men,Distance,2026,1,0,1,0,1,False
30095,Men,Distance,2026,1,0,1,0,1,False
30100,Men,Throws,2026,2,0,2,0,2,False
30105,Women,Throws,2026,1,0,1,0,1,False
30108,Women,Throws,2026,1,0,1,0,1,False
30110,Men,Jumps,2026,1,0,2,0,1,False
30114,Men,Jumps,2026,1,0,1,0,1,False
30117,Men,Sprints,2026,1,0,1,0,1,False
30118,Men,Sprints,2026,1,0,1,0,1,False
30120,Women,Jumps,2026,1,0,1,0,1,False
30121,Women,Distance,2026,1,0,1,0,1,False
30122,Men,Jumps,2026,2,0,4,0,2,False
30128,Men,Sprints,2026,2,0,2,0,2,False
30130,Women,Jumps,2026,1,0,1,0,1,False
30131,Women,Distance,2026,2,0,2,0,2,False
30131,Women,Sprints,2026,1,0,1,0,1,False
30132,Men,Jumps,2026,1,0,1,0,1,False
30133,Men,Distance,2026,1,0,1,0,1,False
30134,Men,Sprints,2026,1,0,1,0,1,False
30136,Men,Distance,2026,1,0,1,0,1,False
30137,Men,Jumps,2026,2,0,4,0,2,False
30138,Men,Jumps,2026,2,0,3,0,2,False
30139,Men,Distance,2026,1,0,1,0,1,False
30140,Women,Sprints,2026,1,0,1,0,1,False
30141,Women,Distance,2026,2,0,2,0,2,False
30142,Women,Distance,2026,1,0,1,0,1,False
30154,Men,Distance,2026,1,0,1,0,1,False
30155,Men,Distance,2026,1,0,2,0,1,False
30167,Women,Jumps,2026,2,0,2,0,2,False
30169,Men,Sprints,2026,1,0,1,0,1,False
30170,Women,Distance,2026,1,0,1,0,1,False
30172,Men,Distance,2026,2,0,2,0,2,False
30173,Men,Distance,2026,1,0,1,0,1,False
30174,Men,Sprints,2026,1,0,1,0,1,False
30176,Women,Sprints,2026,1,0,1,0,1,False
30177,Women,Distance,2026,1,0,2,0,1,False
30178,Men,Sprints,2026,1,0,1,0,1,False
30179,Men,Sprints,2026,1,0,1,0,1,False
30180,Men,Sprints,2026,1,0,1,0,1,False
30181,Men,Distance,2026,2,0,2,0,2,False
30181,Men,Sprints,2026,1,0,1,0,1,False
30182,Women,Distance,2026,2,0,2,0,2,False
30380,Men,Jumps,2026,1,0,2,0,1,False
30380,Men,Throws,2026,1,0,1,0,1,False
30381,Men,Throws,2026,1,0,1,0,1,False
30387,Women,Jumps,2026,1,0,1,0,1,False
30398,Men,Jumps,2026,1,0,1,0,1,False
30402,Men,Throws,2026,1,0,1,0,1,False
30407,Men,Distance,2026,1,0,1,0,1,False
30408,Men,Distance,2026,1,0,1,0,1,False
30409,Men,Distance,2026,1,0,1,0,1,False
30411,Women,Distance,2026,1,0,1,0,1,False
30412,Women,Distance,2026,1,0,1,0,1,False
30414,Women,Distance,2026,1,0,1,0,1,False
30416,Men,Distance,2026,1,0,1,0,1,False
30417,Men,Distance,2026,1,0,1,0,1,False
30418,Men,Distance,2026,1,0,1,0,1,False
30420,Women,Distance,2026,1,0,1,0,1,False
30422,Women,Distance,2026,1,0,1,0,1,False
30423,Women,Distance,2026,1,0,1,0,1,False
30423,Women,Jumps,2026,1,0,1,0,1,False
30425,Women,Distance,2026,1,0,1,0,1,False
30426,Women,Distance,2026,1,0,1,0,1,False
30427,Women,Distance,2026,1,0,1,0,1,False
30428,Women,Distance,2026,1,0,1,0,1,False
30429,Women,Distance,2026,1,0,1,0,1,False
30430,Women,Distance,2026,1,0,1,0,1,False
30431,Women,Distance,2026,1,0,1,0,1,False
30432,Women,Distance,2026,1,0,1,0,1,False
30435,Men,Distance,2026,1,0,1,0,1,False
30436,Men,Distance,2026,1,0,1,0,1,False
30437,Men,Distance,2026,1,0,1,0,1,False
30438,Men,Distance,2026,1,0,1,0,1,False
30439,Men,Distance,2026,1,0,1,0,1,False
30440,Men,Distance,2026,1,0,1,0,1,False
30440,Men,Throws,2026,1,0,1,0,1,False
30441,Men,Distance,2026,1,0,1,0,1,False
30442,Men,Distance,2026,1,0,1,0,1,False
30443,Men,Distance,2026,1,0,1,0,1,False
30444,Men,Distance,2026,1,0,1,0,1,False
30445,Men,Distance,2026,1,0,1,0,1,False
30446,Men,Distance,2026,1,0,1,0,1,False
30449,Men,Throws,2026,1,0,1,0,1,False
30450,Men,Jumps,2026,1,0,1,0,1,False
30450,Men,Throws,2026,1,0,1,0,1,False
30451,Men,Throws,2026,1,0,1,0,1,False
30452,Women,Jumps,2026,1,0,2,0,1,False
30453,Men,Jumps,2026,1,0,3,0,1,False
30454,Men,Jumps,2026,1,0,2,0,1,False
30455,Men,Jumps,2026,1,0,1,0,1,False
30456,Men,Jumps,2026,1,0,1,0,1,False
30457,Men,Jumps,2026,1,0,1,0,1,False
30458,Men,Jumps,2026,1,0,1,0,1,False
30459,Women,Jumps,2026,1,0,1,0,1,False
30948,Women,Distance,2026,1,0,1,0,1,False
30952,Women,Distance,2026,1,0,1,0,1,False
30956,Women,Distance,2026,1,0,1,0,1,False
30964,Women,Sprints,2026,1,0,1,0,1,False
30966,Women,Sprints,2026,1,0,1,0,1,False
30968,Women,Sprints,2026,1,0,1,0,1,False
30970,Men,Sprints,2026,1,0,1,0,1,False
30972,Men,Sprints,2026,1,0,1,0,1,False
30973,Men,Sprints,2026,1,0,1,0,1,False
30974,Men,Sprints,2026,1,0,1,0,1,False
30975,Men,Sprints,2026,1,0,1,0,1,False
30976,Men,Sprints,2026,1,0,1,0,1,False
30977,Men,Sprints,2026,1,0,1,0,1,False
30978,Men,Sprints,2026,1,0,1,0,1,False
30979,Women,Distance,2026,1,0,1,0,1,False
30980,Women,Distance,2026,1,0,1,0,1,False
30982,Women,Distance,2026,2,0,2,0,2,False
30984,Men,Distance,2026,1,0,1,0,1,False
30986,Men,Distance,2026,1,0,1,0,1,False
30987,Men,Distance,2026,1,0,1,0,1,False
30989,Men,Distance,2026,1,0,1,0,1,False
30990,Men,Distance,2026,1,0,1,0,1,False
31001,Women,Distance,2026,1,0,2,0,1,False
31010,Women,Distance,2026,1,0,1,0,1,False
31011,Men,Distance,2026,1,0,1,0,1,False
31012,Men,Distance,2026,2,0,2,0,2,False
31012,Men,Sprints,2026,1,0,1,0,1,False
31013,Men,Sprints,2026,2,0,3,0,2,False
31014,Men,Sprints,2026,2,0,2,0,2,False
31015,Men,Distance,2026,1,0,1,0,1,False
31088,Men,Sprints,2026,1,0,2,0,1,False
31113,Men,Sprints,2026,1,0,1,0,1,False
31114,Men,Sprints,2026,1,0,1,0,1,False
31117,Men,Sprints,2026,1,0,1,0,1,False
31118,Men,Jumps,2026,1,0,1,0,1,False
31118,Men,Sprints,2026,1,0,1,0,1,False
31119,Men,Sprints,2026,1,0,1,0,1,False
31120,Men,Sprints,2026,1,0,1,0,1,False
31122,Men,Jumps,2026,1,0,1,0,1,False
31122,Men,Sprints,2026,1,0,1,0,1,False
31123,Men,Distance,2026,1,0,3,0,1,False
31123,Men,Sprints,2026,1,0,2,0,1,False
31125,Men,Distance,2026,1,0,1,0,1,False
31125,Men,Sprints,2026,1,0,1,0,1,False
31127,Men,Distance,2026,1,0,2,0,1,False
31127,Men,Sprints,2026,1,0,2,0,1,False
31128,Men,Sprints,2026,1,0,2,0,1,False
31129,Men,Sprints,2026,1,0,2,0,1,False
31131,Men,Sprints,2026,1,0,1,0,1,False
31132,Men,Sprints,2026,1,0,1,0,1,False
31133,Men,Jumps,2026,1,0,1,0,1,False
31133,Men,Sprints,2026,1,0,1,0,1,False
31134,Men,Distance,2026,1,0,1,0,1,False
31135,Men,Distance,2026,1,0,1,0,1,False
31136,Men,Distance,2026,1,0,1,0,1,False
31137,Men,Distance,2026,1,0,1,0,1,False
31138,Men,Distance,2026,1,0,1,0,1,False
31139,Men,Distance,2026,1,0,1,0,1,False
31140,Men,Distance,2026,1,0,1,0,1,False
31141,Men,Jumps,2026,1,0,2,0,1,False
31155,Men,Jumps,2026,1,0,1,0,1,False
31156,Women,Distance,2026,1,0,3,0,1,False
31156,Women,Sprints,2026,1,0,2,0,1,False
31157,Women,Jumps,2026,1,0,1,0,1,False
31158,Women,Sprints,2026,1,0,1,0,1,False
31159,Women,Sprints,2026,1,0,1,0,1,False
31160,Women,Sprints,2026,1,0,1,0,1,False
31161,Women,Sprints,2026,1,0,1,0,1,False
31162,Women,Distance,2026,1,0,1,0,1,False
31163,Women,Distance,2026,1,0,1,0,1,False
31164,Women,Distance,2026,1,0,1,0,1,False
31165,Women,Distance,2026,1,0,1,0,1,False
31166,Women,Jumps,2026,1,0,1,0,1,False
31199,Men,Distance,2026,1,0,1,0,1,False
31208,Men,Distance,2026,1,0,2,0,1,False
31209,Women,Distance,2026,1,0,1,0,1,False
31227,Men,Distance,2026,1,0,1,0,1,False
31228,Women,Distance,2026,1,0,1,0,1,False
31230,Women,Distance,2026,1,0,1,0,1,False
31308,Men,Sprints,2026,1,0,1,0,1,False
31427,Women,Sprints,2026,1,0,1,0,1,False
31744,Men,Distance,2026,1,0,1,0,1,False
