,result_id,team_id,athlete_id,grade,athlete_id_2,grade_2,athlete_id_3,grade_3,athlete_id_4,grade_4,running_event_id,event_type,result_time,relay_split,relay_split_2,relay_split_3,wind,meet_id,approved,Track_Event_Type,World_Athletics_Points_Men,World_Athletics_Points_Women,Average_Score,gender,is_hidden,sport_id,start_date,end_date,nationals
6,25977,174,1847,,,,,,,,17,,16:58.08,,,,,339,True,Distance,494,945,966.5,M,False,3,2024-04-14,2024-04-14,False
7,25978,174,5105,,,,,,,,17,,17:21.86,,,,,339,True,Distance,440,904,892.0,M,False,3,2024-04-14,2024-04-14,False
8,25979,203,1883,,,,,,,,17,,17:29.04,,,,,339,True,Distance,424,892,870.0,M,False,3,2024-04-14,2024-04-14,False
9,25980,204,1876,,,,,,,,17,,17:50.30,,,,,339,True,Distance,379,856,807.0,M,False,3,2024-04-14,2024-04-14,False
10,25981,203,1894,,,,,,,,17,,17:57.31,,,,,339,True,Distance,365,845,787.5,M,False,3,2024-04-14,2024-04-14,False
11,25982,203,1900,,,,,,,,17,,19:25.22,,,,,339,True,Distance,209,706,562.0,M,False,3,2024-04-14,2024-04-14,False
12,25983,187,7624,,,,,,,,17,,19:48.75,,,,,339,True,Distance,175,670,510.0,M,False,3,2024-04-14,2024-04-14,False
14,25985,204,7625,,,,,,,,17,,20:17.89,,,,,339,True,Distance,137,628,451.0,M,False,3,2024-04-14,2024-04-14,False
15,25986,205,2148,,,,,,,,17,,22:51.20,,,,,339,True,Distance,13,429,227.5,M,False,3,2024-04-14,2024-04-14,False
46,25984,203,3231,,,,,,,,17,,19:53.07,,,,,339,True,Distance,169,664,501.0,M,False,3,2024-04-14,2024-04-14,False
47,26017,188,876,,,,,,,,14,,9:18.36,,,,,339,True,Distance,646,1045,1168.5,M,False,3,2024-04-14,2024-04-14,False
139,26022,188,909,,,,,,,,14,,9:45.64,,,,,339,True,Distance,527,958,1006.0,M,False,3,2024-04-14,2024-04-14,False
141,26018,176,2114,,,,,,,,14,,9:21.65,,,,,339,True,Distance,631,1034,1148.0,M,False,3,2024-04-14,2024-04-14,False
142,26019,174,7634,,,,,,,,14,,9:26.90,,,,,339,True,Distance,607,1017,1115.5,M,False,3,2024-04-14,2024-04-14,False
143,26020,176,2117,,,,,,,,14,,9:27.47,,,,,339,True,Distance,605,1015,1112.5,M,False,3,2024-04-14,2024-04-14,False
144,26021,172,1810,,,,,,,,14,,9:33.69,,,,,339,True,Distance,577,995,1074.5,M,False,3,2024-04-14,2024-04-14,False
145,26024,188,3543,,,,,,,,14,,9:53.00,,,,,339,True,Distance,497,935,964.5,M,False,3,2024-04-14,2024-04-14,False
146,26025,188,916,,,,,,,,14,,9:57.59,,,,,339,True,Distance,478,921,938.5,M,False,3,2024-04-14,2024-04-14,False
147,26026,199,1890,,,,,,,,14,,10:43.68,,,,,339,True,Distance,314,785,706.5,M,False,3,2024-04-14,2024-04-14,False
148,26027,174,5732,,,,,,,,14,,10:47.77,,,,,339,True,Distance,301,774,688.0,M,False,3,2024-04-14,2024-04-14,False
149,26028,199,3552,,,,,,,,14,,11:05.99,,,,,339,True,Distance,246,724,608.0,M,False,3,2024-04-14,2024-04-14,False
150,26029,176,2146,,,,,,,,14,,11:13.02,,,,,339,True,Distance,227,705,579.5,M,False,3,2024-04-14,2024-04-14,False
151,26030,188,938,,,,,,,,14,,11:44.45,,,,,339,True,Distance,149,623,460.5,M,False,3,2024-04-14,2024-04-14,False
156,26035,199,3861,,,,,,,,9,,2:00.97,,,,,339,True,Distance,737,1145,1309.5,M,False,3,2024-04-14,2024-04-14,False
157,26037,203,1883,,,,,,,,9,,2:18.06,,,,,339,True,Distance,382,861,812.5,M,False,3,2024-04-14,2024-04-14,False
158,26038,204,964,,,,,,,,9,,2:22.01,,,,,339,True,Distance,316,802,717.0,M,False,3,2024-04-14,2024-04-14,False
279,26079,204,930,,,,,,,,12,,5:25.08,,,,,339,True,Distance,0,0,0.0,M,False,3,2024-04-14,2024-04-14,False
282,26066,199,1839,,,,,,,,12,,4:40.35,,,,,339,True,Distance,0,0,0.0,M,False,3,2024-04-14,2024-04-14,False
283,26067,205,4653,,,,,,,,12,,4:51.89,,,,,339,True,Distance,0,0,0.0,M,False,3,2024-04-14,2024-04-14,False
284,26068,204,4650,,,,,,,,12,,4:52.76,,,,,339,True,Distance,0,0,0.0,M,False,3,2024-04-14,2024-04-14,False
285,26069,188,2129,,,,,,,,12,,4:54.35,,,,,339,True,Distance,0,0,0.0,M,False,3,2024-04-14,2024-04-14,False
286,26071,205,3557,,,,,,,,12,,5:07.07,,,,,339,True,Distance,0,0,0.0,M,False,3,2024-04-14,2024-04-14,False
287,26072,203,1894,,,,,,,,12,,5:08.49,,,,,339,True,Distance,0,0,0.0,M,False,3,2024-04-14,2024-04-14,False
288,26073,204,924,,,,,,,,12,,5:10.64,,,,,339,True,Distance,0,0,0.0,M,False,3,2024-04-14,2024-04-14,False
289,26074,187,7635,,,,,,,,12,,5:11.34,,,,,339,True,Distance,0,0,0.0,M,False,3,2024-04-14,2024-04-14,False
290,26075,174,1866,,,,,,,,12,,5:13.78,,,,,339,True,Distance,0,0,0.0,M,False,3,2024-04-14,2024-04-14,False
291,26076,204,5038,,,,,,,,12,,5:18.24,,,,,339,True,Distance,0,0,0.0,M,False,3,2024-04-14,2024-04-14,False
292,26077,199,1895,,,,,,,,12,,5:21.13,,,,,339,True,Distance,0,0,0.0,M,False,3,2024-04-14,2024-04-14,False
293,26078,188,2127,,,,,,,,12,,5:24.11,,,,,339,True,Distance,0,0,0.0,M,False,3,2024-04-14,2024-04-14,False
294,26070,203,1857,,,,,,,,12,,4:57.19,,,,,339,True,Distance,0,0,0.0,M,False,3,2024-04-14,2024-04-14,False
296,26080,203,1900,,,,,,,,12,,5:27.66,,,,,339,True,Distance,0,0,0.0,M,False,3,2024-04-14,2024-04-14,False
297,26081,199,1890,,,,,,,,12,,5:30.34,,,,,339,True,Distance,0,0,0.0,M,False,3,2024-04-14,2024-04-14,False
298,26082,204,934,,,,,,,,12,,5:31.04,,,,,339,True,Distance,0,0,0.0,M,False,3,2024-04-14,2024-04-14,False
299,26084,205,2148,,,,,,,,12,,6:51.82,,,,,339,True,Distance,0,0,0.0,M,False,3,2024-04-14,2024-04-14,False
315,26083,188,966,,,,,,,,12,,5:55.78,,,,,339,True,Distance,0,0,0.0,M,False,3,2024-04-14,2024-04-14,False
415,26109,205,5738,,4485.0,,4652.0,,3554.0,,21,,47.12,,,,,339,True,Relays,618,1007,1121.5,M,False,3,2024-04-14,2024-04-14,False
416,26110,199,3552,,2139.0,,5030.0,,3861.0,,21,,47.26,,,,,339,True,Relays,610,1002,1111.0,M,False,3,2024-04-14,2024-04-14,False
417,26112,205,7628,,3559.0,,4487.0,,2145.0,,21,,49.37,,,,,339,True,Relays,500,920,960.0,M,False,3,2024-04-14,2024-04-14,False
418,26113,203,7637,,,,,,,,21,,52.63,,,,,339,True,Relays,351,801,751.5,M,False,3,2024-04-14,2024-04-14,False
419,26114,187,7638,,7626.0,,7633.0,,7627.0,,21,,53.84,,,,,339,True,Relays,302,759,681.5,M,False,3,2024-04-14,2024-04-14,False
421,26117,204,5038,,930.0,,924.0,,1876.0,,24,,3:58.54,,,,,339,True,Relays,460,910,915.0,M,False,3,2024-04-14,2024-04-14,False
424,26116,188,3547,,3549.0,,5012.0,,928.0,,24,,3:35.88,,,,,339,True,Relays,704,1089,1248.5,M,False,3,2024-04-14,2024-04-14,False
426,26119,203,1894,,1900.0,,1857.0,,1883.0,,24,,4:04.63,,,,,339,True,Relays,403,865,835.5,M,False,3,2024-04-14,2024-04-14,False
428,26111,188,3551,,966.0,,3549.0,,3541.0,,21,,47.84,,,,,339,True,Relays,579,979,1068.5,M,False,3,2024-04-14,2024-04-14,False
429,26118,188,3851,,966.0,,938.0,,3543.0,,24,,4:02.49,,,,,339,True,Relays,422,881,862.5,M,False,3,2024-04-14,2024-04-14,False
459,19902,43,49,,,,,,,,11,,5:14.64,,,,,256,True,Distance,201,680,541.0,M,False,3,2024-04-20,2024-04-20,False
476,17997,88,513,Jr,,,,,,,9,,2:12.59,,,,0.0,227,True,Distance,483,948,957.0,M,False,3,2024-04-06,2024-04-07,True
552,17907,88,539,Fr,,,,,,,9,,1:55.31,,,,0.0,227,True,Distance,880,1247,1503.5,M,False,3,2024-04-06,2024-04-07,True
570,18037,88,558,So,,,,,,,9,,2:19.11,,,,0.0,227,True,Distance,364,845,786.5,M,False,3,2024-04-06,2024-04-07,True
571,18067,90,552,,,,,,,,9,,2:26.14,,,,0.0,227,True,Distance,254,741,624.5,M,False,3,2024-04-06,2024-04-07,True
593,17910,88,530,Fr,,,,,,,9,,1:57.28,,,,0.0,227,True,Distance,829,1211,1434.5,M,False,3,2024-04-06,2024-04-07,True
594,18036,88,556,So,,,,,,,9,,2:18.67,,,,0.0,227,True,Distance,371,852,797.0,M,False,3,2024-04-06,2024-04-07,True
595,18106,88,521,So,,,,,,,11,,4:09.39,,,,0.0,227,True,Distance,747,1131,1312.5,M,False,3,2024-04-06,2024-04-07,True
596,18116,88,530,Fr,,,,,,,11,,4:12.46,,,,0.0,227,True,Distance,714,1107,1267.5,M,False,3,2024-04-06,2024-04-07,True
597,18140,88,2560,Jr,,,,,,,11,,4:19.86,,,,0.0,227,True,Distance,636,1051,1161.5,M,False,3,2024-04-06,2024-04-07,True
598,18164,88,513,Jr,,,,,,,11,,4:25.56,,,,0.0,227,True,Distance,579,1009,1083.5,M,False,3,2024-04-06,2024-04-07,True
599,18237,90,3452,,,,,,,,11,,4:43.98,,,,0.0,227,True,Distance,414,878,853.0,M,False,3,2024-04-06,2024-04-07,True
600,18443,88,2560,Jr,,,,,,,17,,16:16.61,,,,0.0,227,True,Distance,596,1019,1105.5,M,False,3,2024-04-06,2024-04-07,True
601,18446,90,3443,,,,,,,,17,,16:21.29,,,,0.0,227,True,Distance,584,1011,1089.5,M,False,3,2024-04-06,2024-04-07,True
602,18447,90,525,,,,,,,,17,,16:21.62,,,,0.0,227,True,Distance,583,1010,1088.0,M,False,3,2024-04-06,2024-04-07,True
603,18453,88,3615,So,,,,,,,17,,16:29.32,,,,0.0,227,True,Distance,564,996,1062.0,M,False,3,2024-04-06,2024-04-07,True
604,18486,88,529,So,,,,,,,17,,17:37.35,,,,0.0,227,True,Distance,406,878,845.0,M,False,3,2024-04-06,2024-04-07,True
605,18503,88,561,Sr,,,,,,,17,,18:44.91,,,,0.0,227,True,Distance,275,768,659.0,M,False,3,2024-04-06,2024-04-07,True
691,18197,88,2553,So,,,,,,,11,,4:34.27,,,,0.0,227,True,Distance,498,946,971.0,M,False,3,2024-04-06,2024-04-07,True
692,18435,88,507,Fr,,,,,,,17,,16:09.00,,,,0.0,227,True,Distance,616,1033,1132.5,M,False,3,2024-04-06,2024-04-07,True
746,18284,88,550,So,,,,,,,11,,4:56.47,,,,0.0,227,True,Distance,318,794,715.0,M,False,3,2024-04-06,2024-04-07,True
747,18380,88,505,Sr,,,,,,,17,,14:52.74,,,,0.0,227,True,Distance,831,1177,1419.5,M,False,3,2024-04-06,2024-04-07,True
748,18637,88,2560,Jr,530.0,Fr,521.0,So,539.0,Fr,24,,3:30.90,,,,0.0,227,True,Relays,765,1131,1330.5,M,False,3,2024-04-06,2024-04-07,True
852,18485,88,517,Jr,,,,,,,17,,17:30.56,,,,0.0,227,True,Distance,421,889,865.5,M,False,3,2024-04-06,2024-04-07,True
954,18490,88,2554,Jr,,,,,,,17,,17:54.33,,,,0.0,227,True,Distance,371,849,795.5,M,False,3,2024-04-06,2024-04-07,True
1042,18496,88,534,Sr,,,,,,,17,,18:09.62,,,,0.0,227,True,Distance,341,824,753.0,M,False,3,2024-04-06,2024-04-07,True
1138,18367,88,2583,So,,,,,,,20,,11:32.95,,,,0.0,227,True,Distance,461,883,902.5,M,False,3,2024-04-06,2024-04-07,True
1332,20927,88,529,So,,,,,,,13,,4:53.64,,,,0.0,271,True,Distance,516,955,993.5,M,False,3,2024-04-26,2024-04-27,False
1333,20928,88,513,Jr,,,,,,,13,,4:58.36,,,,0.0,271,True,Distance,477,924,939.0,M,False,3,2024-04-26,2024-04-27,False
1334,20929,88,521,So,,,,,,,9,,1:59.75,,,,0.0,271,True,Distance,767,1167,1350.5,M,False,3,2024-04-26,2024-04-27,False
1335,20930,88,530,Fr,,,,,,,9,,2:01.19,,,,0.0,271,True,Distance,731,1141,1301.5,M,False,3,2024-04-26,2024-04-27,False
1475,20401,139,1557,,,,,,,,17,,17:13.28,,,,,259,True,Distance,459,919,918.5,M,False,3,2024-04-20,2024-04-20,False
1550,15699,139,1584,,,,,,,,11,,4:53.70,,,,,202,True,Distance,338,812,744.0,M,False,3,2024-03-23,2024-03-23,False
1551,20372,139,1584,,,,,,,,11,,4:39.84,,,,,259,True,Distance,449,906,902.0,M,False,3,2024-04-20,2024-04-20,False
1554,16257,139,1533,,,,,,,,9,,2:08.34,,,,,214,True,Distance,569,1018,1078.0,M,False,3,2024-03-30,2024-03-30,False
1620,20443,139,1615,,4347.0,,1599.0,,5310.0,,24,,4:44.36,,,,,259,True,Relays,124,597,422.5,M,False,3,2024-04-20,2024-04-20,False
3131,14633,4,91,,,,,,,,11,,4:01.36,,,,,180,True,Distance,838,1195,1435.5,M,False,3,2024-03-09,2024-03-09,False
3132,21451,4,91,,,,,,,,17,,14:51.63,,,,,286,True,Distance,835,1179,1424.5,M,False,3,2024-05-04,2024-05-04,False
3535,20597,86,1536,,,,,,,,17,,16:22.55,,,,,209,True,Distance,581,1008,1085.0,M,False,3,2024-03-23,2024-03-23,False
3536,18007,86,1536,,,,,,,,9,,2:14.22,,,,,227,True,Distance,451,922,912.0,M,False,3,2024-04-06,2024-04-07,True
3537,18165,86,1536,,,,,,,,11,,4:26.07,,,,,227,True,Distance,575,1005,1077.5,M,False,3,2024-04-06,2024-04-07,True
3538,18351,86,1536,,,,,,,,20,,10:39.14,,,,,227,True,Distance,626,1003,1127.5,M,False,3,2024-04-06,2024-04-07,True
3539,18922,86,1536,,,,,,,,11,,4:20.20,,,,,232,True,Distance,633,1048,1157.0,M,False,3,2024-04-12,2024-04-13,False
3540,19919,86,1536,,,,,,,,17,,16:24.99,,,,,186,True,Distance,575,1004,1077.0,M,False,3,2024-03-16,2024-03-16,False
4244,15482,1,19,,,,,,,,17,,16:36.28,,,,,195,True,Distance,546,984,1038.0,M,False,3,2024-03-22,2024-03-23,False
4246,16795,108,10,,,,,,,,11,,4:14.73,,,,,225,True,Distance,689,1090,1234.0,M,False,3,2024-04-06,2024-04-06,False
4373,21470,4,5787,,,,,,,,11,,4:08.24,,,,,288,True,Distance,760,1140,1330.0,M,False,3,2024-05-09,2024-05-11,False
4471,18850,4,5789,,,,,,,,17,,16:28.68,,,,,229,True,Distance,565,997,1063.5,M,False,3,2024-04-06,2024-04-06,False
4754,19935,86,1526,,,,,,,,9,,2:01.62,,,,,186,True,Distance,721,1133,1287.5,M,False,3,2024-03-16,2024-03-16,False
4756,19933,86,1526,,,,,,,,11,,4:20.07,,,,,186,True,Distance,634,1049,1158.5,M,False,3,2024-03-16,2024-03-16,False
11943,14556,15,3279,,,,,,,,9,,2:01.74,,,,,178,True,Distance,718,1131,1283.5,M,False,3,2024-03-08,2024-03-09,False
11944,14557,15,5137,,,,,,,,17,,15:39.82,,,,,178,True,Distance,694,1087,1237.5,M,False,3,2024-03-08,2024-03-09,False
11945,14558,15,3286,,,,,,,,9,,1:59.72,,,,,178,True,Distance,767,1167,1350.5,M,False,3,2024-03-08,2024-03-09,False
11946,14559,15,5138,,,,,,,,9,,2:01.76,,,,,178,True,Distance,718,1131,1283.5,M,False,3,2024-03-08,2024-03-09,False
11947,14560,15,5139,,,,,,,,9,,2:05.91,,,,,178,True,Distance,622,1059,1151.5,M,False,3,2024-03-08,2024-03-09,False
11949,14562,15,3273,,,,,,,,9,,1:58.97,,,,,178,True,Distance,786,1181,1376.5,M,False,3,2024-03-08,2024-03-09,False
11955,14568,15,4065,,5138.0,,3279.0,,3286.0,,24,,3:47.19,,,,,178,True,Relays,576,998,1075.0,M,False,3,2024-03-08,2024-03-09,False
11962,14577,19,5145,,,,,,,,17,,15:18.46,,,,,179,True,Distance,755,1127,1318.5,M,False,3,2024-03-09,2024-03-09,False
11963,14578,19,2316,,,,,,,,11,,4:47.70,,,,,179,True,Distance,384,852,810.0,M,False,3,2024-03-09,2024-03-09,False
11966,14581,19,5147,,,,,,,,20,,11:09.21,,,,,179,True,Distance,531,935,998.5,M,False,3,2024-03-09,2024-03-09,False
11967,14582,19,2306,,,,,,,,9,,2:04.28,,,,,179,True,Distance,659,1087,1202.5,M,False,3,2024-03-09,2024-03-09,False
11968,14583,19,2306,,,,,,,,11,,4:17.35,,,,,179,True,Distance,662,1070,1197.0,M,False,3,2024-03-09,2024-03-09,False
11970,14585,19,5149,,,,,,,,11,,4:23.02,,,,,179,True,Distance,604,1027,1117.5,M,False,3,2024-03-09,2024-03-09,False
11971,14586,19,5150,,,,,,,,20,,11:30.92,,,,,179,True,Distance,467,887,910.5,M,False,3,2024-03-09,2024-03-09,False
11972,14587,19,5151,,,,,,,,17,,17:45.71,,,,,179,True,Distance,389,864,821.0,M,False,3,2024-03-09,2024-03-09,False
11973,14588,19,5152,,,,,,,,20,,12:23.39,,,,,179,True,Distance,330,777,718.5,M,False,3,2024-03-09,2024-03-09,False
11974,14589,19,5153,,,,,,,,9,,2:17.71,,,,,179,True,Distance,388,867,821.5,M,False,3,2024-03-09,2024-03-09,False
11975,14590,19,5154,,,,,,,,11,,4:24.03,,,,,179,True,Distance,594,1020,1104.0,M,False,3,2024-03-09,2024-03-09,False
11976,14591,19,5155,,,,,,,,11,,4:11.92,,,,,179,True,Distance,719,1111,1274.5,M,False,3,2024-03-09,2024-03-09,False
11977,14592,19,2303,,,,,,,,17,,16:41.31,,,,,179,True,Distance,534,975,1021.5,M,False,3,2024-03-09,2024-03-09,False
11978,14593,19,2307,,,,,,,,17,,16:35.53,,,,,179,True,Distance,548,985,1040.5,M,False,3,2024-03-09,2024-03-09,False
11979,14594,19,5156,,,,,,,,11,,4:40.75,,,,,179,True,Distance,441,900,891.0,M,False,3,2024-03-09,2024-03-09,False
11982,14597,19,5158,,,,,,,,11,,4:27.86,,,,,179,True,Distance,557,992,1053.0,M,False,3,2024-03-09,2024-03-09,False
11984,14599,19,5159,,,,,,,,17,,18:18.51,,,,,179,True,Distance,323,810,728.0,M,False,3,2024-03-09,2024-03-09,False
11987,14602,19,5161,,,,,,,,9,,2:03.54,,,,,179,True,Distance,676,1100,1226.0,M,False,3,2024-03-09,2024-03-09,False
11988,14603,19,5161,,,,,,,,11,,4:14.77,,,,,179,True,Distance,689,1090,1234.0,M,False,3,2024-03-09,2024-03-09,False
11990,14605,19,5163,,,,,,,,9,,2:03.70,,,,,179,True,Distance,672,1097,1220.5,M,False,3,2024-03-09,2024-03-09,False
11991,14606,19,5164,,,,,,,,11,,4:43.90,,,,,179,True,Distance,415,878,854.0,M,False,3,2024-03-09,2024-03-09,False
11994,14610,19,5168,,,,,,,,17,,14:28.93,,,,,179,True,Distance,905,1224,1517.0,M,False,3,2024-03-09,2024-03-09,False
11995,14611,19,2305,,,,,,,,11,,4:22.04,,,,,179,True,Distance,614,1035,1131.5,M,False,3,2024-03-09,2024-03-09,False
11996,14612,19,2305,,,,,,,,20,,10:20.04,,,,,179,True,Distance,690,1047,1213.5,M,False,3,2024-03-09,2024-03-09,False
11997,14613,19,5169,,,,,,,,17,,18:20.28,,,,,179,True,Distance,320,807,723.5,M,False,3,2024-03-09,2024-03-09,False
11998,14614,19,5170,,,,,,,,17,,16:20.71,,,,,179,True,Distance,585,1012,1091.0,M,False,3,2024-03-09,2024-03-09,False
11999,14615,19,5171,,,,,,,,20,,11:21.13,,,,,179,True,Distance,495,908,949.0,M,False,3,2024-03-09,2024-03-09,False
12006,14622,4,90,,,,,,,,11,,4:17.81,,,,,180,True,Distance,657,1066,1190.0,M,False,3,2024-03-09,2024-03-09,False
12007,14625,4,93,,,,,,,,17,,15:10.46,,,,,180,True,Distance,778,1143,1349.5,M,False,3,2024-03-09,2024-03-09,False
12008,14627,4,5173,,,,,,,,9,,1:55.47,,,,,180,True,Distance,876,1244,1498.0,M,False,3,2024-03-09,2024-03-09,False
12009,14628,4,2981,,,,,,,,11,,4:38.77,,,,,180,True,Distance,458,914,915.0,M,False,3,2024-03-09,2024-03-09,False
12010,14629,4,105,,,,,,,,17,,17:37.98,,,,,180,True,Distance,405,877,843.5,M,False,3,2024-03-09,2024-03-09,False
12011,14630,4,4634,,,,,,,,17,,15:44.49,,,,,180,True,Distance,682,1078,1221.0,M,False,3,2024-03-09,2024-03-09,False
12012,14631,4,2956,,,,,,,,11,,4:09.64,,,,,180,True,Distance,744,1129,1308.5,M,False,3,2024-03-09,2024-03-09,False
12013,14632,4,2956,,,,,,,,17,,15:48.56,,,,,180,True,Distance,670,1071,1205.5,M,False,3,2024-03-09,2024-03-09,False
12014,14634,4,4636,,,,,,,,9,,2:04.93,,,,,180,True,Distance,644,1076,1182.0,M,False,3,2024-03-09,2024-03-09,False
12015,14635,4,5174,,,,,,,,11,,4:05.39,,,,,180,True,Distance,792,1162,1373.0,M,False,3,2024-03-09,2024-03-09,False
12016,14636,4,4637,,,,,,,,11,,4:42.97,,,,,180,True,Distance,423,885,865.5,M,False,3,2024-03-09,2024-03-09,False
12017,14637,4,2968,,,,,,,,17,,16:29.08,,,,,180,True,Distance,564,997,1062.5,M,False,3,2024-03-09,2024-03-09,False
12018,14638,4,106,,,,,,,,11,,4:30.14,,,,,180,True,Distance,536,975,1023.5,M,False,3,2024-03-09,2024-03-09,False
12019,14639,4,106,,,,,,,,17,,16:28.16,,,,,180,True,Distance,567,998,1066.0,M,False,3,2024-03-09,2024-03-09,False
12020,14640,4,95,,,,,,,,9,,1:58.75,,,,,180,True,Distance,791,1185,1383.5,M,False,3,2024-03-09,2024-03-09,False
12021,14641,4,95,,,,,,,,17,,15:33.24,,,,,180,True,Distance,713,1099,1262.5,M,False,3,2024-03-09,2024-03-09,False
12022,14642,4,2959,,,,,,,,9,,1:56.56,,,,,180,True,Distance,847,1224,1459.0,M,False,3,2024-03-09,2024-03-09,False
12023,14643,4,4639,,,,,,,,9,,2:00.87,,,,,180,True,Distance,739,1147,1312.5,M,False,3,2024-03-09,2024-03-09,False
12024,14644,4,4639,,,,,,,,17,,16:29.94,,,,,180,True,Distance,562,995,1059.5,M,False,3,2024-03-09,2024-03-09,False
12025,14645,4,2952,,,,,,,,11,,4:21.09,,,,,180,True,Distance,624,1042,1145.0,M,False,3,2024-03-09,2024-03-09,False
12026,14646,4,2946,,,,,,,,17,,15:11.16,,,,,180,True,Distance,776,1141,1346.5,M,False,3,2024-03-09,2024-03-09,False
12027,14647,4,2945,,,,,,,,17,,15:37.11,,,,,180,True,Distance,702,1092,1248.0,M,False,3,2024-03-09,2024-03-09,False
12028,14648,4,5175,,,,,,,,11,,4:10.99,,,,,180,True,Distance,730,1119,1289.5,M,False,3,2024-03-09,2024-03-09,False
12029,14649,79,3611,,,,,,,,17,,16:23.65,,,,,181,True,Distance,578,1006,1081.0,M,False,3,2024-03-14,2024-03-16,False
12030,14654,166,3595,,,,,,,,11,,4:20.62,,,,,181,True,Distance,628,1045,1150.5,M,False,3,2024-03-14,2024-03-16,False
12038,14664,94,3094,,,,,,,,11,,5:00.73,,,,,182,True,Distance,288,767,671.5,M,False,3,2024-03-15,2024-03-15,False
12041,14667,94,5182,,,,,,,,11,,4:43.53,,,,,182,True,Distance,418,881,858.5,M,False,3,2024-03-15,2024-03-15,False
12045,14671,167,466,,,,,,,,11,,4:01.51,,,,,182,True,Distance,837,1193,1433.5,M,False,3,2024-03-15,2024-03-15,False
12048,14675,162,1209,,,,,,,,18,,35:57.26,,,,,183,True,Distance,516,939,985.5,M,False,3,2024-03-16,2024-03-16,False
12051,14679,162,1696,,,,,,,,9,,2:12.30,,,,,183,True,Distance,488,952,964.0,M,False,3,2024-03-16,2024-03-16,False
12054,14685,162,3788,,1209.0,,1696.0,,3158.0,,24,,4:00.98,,,,,183,True,Relays,436,892,882.0,M,False,3,2024-03-16,2024-03-16,False
12061,14692,11,2967,,,,,,,,9,,2:03.00,,,,,184,True,Distance,689,1109,1243.5,M,False,3,2024-03-16,2024-03-16,False
12062,14693,11,2969,,,,,,,,17,,16:08.28,,,,,184,True,Distance,618,1034,1135.0,M,False,3,2024-03-16,2024-03-16,False
12063,14694,11,2953,,,,,,,,17,,16:12.50,,,,,184,True,Distance,607,1027,1120.5,M,False,3,2024-03-16,2024-03-16,False
12064,14695,11,5186,,,,,,,,17,,17:02.99,,,,,184,True,Distance,483,937,951.5,M,False,3,2024-03-16,2024-03-16,False
12065,14696,11,4056,,,,,,,,9,,1:59.07,,,,,184,True,Distance,783,1179,1372.5,M,False,3,2024-03-16,2024-03-16,False
12068,14699,11,5187,,4056.0,,2950.0,,2987.0,,24,,3:33.30,,,,,184,True,Relays,735,1110,1290.0,M,False,3,2024-03-16,2024-03-16,False
12069,14700,11,2950,,,,,,,,9,,1:58.98,,,,,184,True,Distance,786,1180,1376.0,M,False,3,2024-03-16,2024-03-16,False
12073,14623,4,5787,,,,,,,,9,,1:59.06,,,,,180,True,Distance,784,1179,1373.5,M,False,3,2024-03-09,2024-03-09,False
12074,14624,4,5787,,,,,,,,17,,16:21.68,,,,,180,True,Distance,583,1010,1088.0,M,False,3,2024-03-09,2024-03-09,False
12075,14626,4,5789,,,,,,,,20,,10:23.54,,,,,180,True,Distance,678,1039,1197.5,M,False,3,2024-03-09,2024-03-09,False
12077,14682,162,1173,,,,,,,,11,,4:24.89,,,,,183,True,Distance,586,1014,1093.0,M,False,3,2024-03-16,2024-03-16,False
12078,14683,162,1173,,,,,,,,17,,15:55.82,,,,,183,True,Distance,651,1057,1179.5,M,False,3,2024-03-16,2024-03-16,False
12079,14684,162,1173,,,,,,,,18,,32:37.46,,,,,183,True,Distance,745,1106,1298.0,M,False,3,2024-03-16,2024-03-16,False
12080,14678,162,1191,,,,,,,,18,,33:18.53,,,,,183,True,Distance,694,1071,1229.5,M,False,3,2024-03-16,2024-03-16,False
12089,14712,60,3405,,,,,,,,9,,2:24.67,,,,,185,True,Distance,275,763,656.5,M,False,3,2024-03-16,2024-03-16,False
12090,14713,60,3405,,,,,,,,11,,4:54.21,,,,,185,True,Distance,335,809,739.5,M,False,3,2024-03-16,2024-03-16,False
12091,14714,60,3407,,,,,,,,11,,4:41.12,,,,,185,True,Distance,438,897,886.5,M,False,3,2024-03-16,2024-03-16,False
12094,14717,60,2906,,,,,,,,11,,4:45.03,,,,,185,True,Distance,406,871,841.5,M,False,3,2024-03-16,2024-03-16,False
12095,14720,60,5191,,,,,,,,9,,2:10.34,,,,,185,True,Distance,528,984,1020.0,M,False,3,2024-03-16,2024-03-16,False
12096,14721,60,5191,,,,,,,,11,,4:27.79,,,,,185,True,Distance,558,992,1054.0,M,False,3,2024-03-16,2024-03-16,False
12097,14722,60,3386,,,,,,,,11,,4:12.44,,,,,185,True,Distance,714,1107,1267.5,M,False,3,2024-03-16,2024-03-16,False
12098,14725,60,3393,,,,,,,,11,,4:07.81,,,,,185,True,Distance,765,1143,1336.5,M,False,3,2024-03-16,2024-03-16,False
12172,14804,86,1612,,,,,,,,11,,5:18.76,,,,,186,True,Distance,178,655,505.5,M,False,3,2024-03-16,2024-03-16,False
12173,14805,86,1612,,,,,,,,9,,2:32.62,,,,,186,True,Distance,170,652,496.0,M,False,3,2024-03-16,2024-03-16,False
12178,14724,60,3393,,,,,,,,9,,2:00.56,,,,,185,True,Distance,747,1152,1323.0,M,False,3,2024-03-16,2024-03-16,False
12185,14723,60,3407,,4900.0,,4903.0,,2906.0,,26,,9:58.61,,,,,185,True,Relays,0,0,0.0,M,False,3,2024-03-16,2024-03-16,False
12186,14811,86,3012,,,,,,,,9,,2:24.40,,,,,186,True,Distance,279,767,662.5,M,False,3,2024-03-16,2024-03-16,False
12187,14812,86,1598,,,,,,,,17,,19:38.89,,,,,186,True,Distance,189,685,531.5,M,False,3,2024-03-16,2024-03-16,False
12188,14813,86,2586,,,,,,,,17,,18:35.88,,,,,186,True,Distance,291,782,682.0,M,False,3,2024-03-16,2024-03-16,False
12189,14814,86,1558,,,,,,,,17,,16:41.56,,,,,186,True,Distance,533,974,1020.0,M,False,3,2024-03-16,2024-03-16,False
12190,14815,86,4572,,,,,,,,9,,2:06.99,,,,,186,True,Distance,598,1040,1118.0,M,False,3,2024-03-16,2024-03-16,False
12191,14819,86,1609,,,,,,,,11,,5:14.03,,,,,186,True,Distance,204,684,546.0,M,False,3,2024-03-16,2024-03-16,False
12193,14821,86,1609,,,,,,,,9,,2:37.24,,,,,186,True,Distance,121,591,416.5,M,False,3,2024-03-16,2024-03-16,False
12195,14823,86,2620,,,,,,,,9,,2:53.79,,,,,186,True,Distance,13,399,212.5,M,False,3,2024-03-16,2024-03-16,False
12196,14825,139,1589,,,,,,,,9,,2:08.74,,,,,186,True,Distance,561,1011,1066.5,M,False,3,2024-03-16,2024-03-16,False
12202,14831,142,765,,,,,,,,17,,19:55.82,,,,,186,True,Distance,165,660,495.0,M,False,3,2024-03-16,2024-03-16,False
12203,14832,142,765,,,,,,,,11,,5:15.70,,,,,186,True,Distance,195,674,532.0,M,False,3,2024-03-16,2024-03-16,False
12204,14834,90,531,,,,,,,,17,,17:19.08,,,,,186,True,Distance,446,909,900.5,M,False,3,2024-03-16,2024-03-16,False
12205,14835,90,531,,,,,,,,11,,4:40.49,,,,,186,True,Distance,444,902,895.0,M,False,3,2024-03-16,2024-03-16,False
12206,14836,90,5215,,,,,,,,11,,4:45.80,,,,,186,True,Distance,400,865,832.5,M,False,3,2024-03-16,2024-03-16,False
12207,14837,90,552,,,,,,,,11,,4:51.39,,,,,186,True,Distance,356,828,770.0,M,False,3,2024-03-16,2024-03-16,False
12208,14838,90,2566,,,,,,,,9,,2:04.64,,,,,186,True,Distance,651,1081,1191.5,M,False,3,2024-03-16,2024-03-16,False
12209,14839,90,3443,,,,,,,,17,,16:52.62,,,,,186,True,Distance,507,955,984.5,M,False,3,2024-03-16,2024-03-16,False
12212,14842,167,710,,,,,,,,17,,17:06.99,,,,,186,True,Distance,473,930,938.0,M,False,3,2024-03-16,2024-03-16,False
12213,14843,167,468,,,,,,,,11,,4:11.10,,,,,186,True,Distance,728,1118,1287.0,M,False,3,2024-03-16,2024-03-16,False
12214,14844,167,468,,,,,,,,9,,2:02.25,,,,,186,True,Distance,706,1122,1267.0,M,False,3,2024-03-16,2024-03-16,False
12217,14847,167,2539,,,,,,,,11,,4:35.48,,,,,186,True,Distance,487,937,955.5,M,False,3,2024-03-16,2024-03-16,False
12220,14850,167,3011,,,,,,,,11,,4:24.00,,,,,186,True,Distance,595,1020,1105.0,M,False,3,2024-03-16,2024-03-16,False
12221,14851,167,3011,,,,,,,,9,,2:06.55,,,,,186,True,Distance,608,1048,1132.0,M,False,3,2024-03-16,2024-03-16,False
12222,14852,167,3018,,,,,,,,9,,2:26.54,,,,,186,True,Distance,248,736,616.0,M,False,3,2024-03-16,2024-03-16,False
12226,14856,167,702,,,,,,,,11,,4:29.39,,,,,186,True,Distance,543,981,1033.5,M,False,3,2024-03-16,2024-03-16,False
12228,14858,167,666,,,,,,,,11,,4:04.74,,,,,186,True,Distance,799,1168,1383.0,M,False,3,2024-03-16,2024-03-16,False
12229,14859,167,666,,,,,,,,9,,1:57.95,,,,,186,True,Distance,812,1199,1411.5,M,False,3,2024-03-16,2024-03-16,False
12230,14860,167,5220,,,,,,,,17,,17:37.70,,,,,186,True,Distance,405,877,843.5,M,False,3,2024-03-16,2024-03-16,False
12239,14869,167,704,,,,,,,,17,,16:39.33,,,,,186,True,Distance,539,978,1028.0,M,False,3,2024-03-16,2024-03-16,False
12240,14870,167,704,,,,,,,,11,,4:32.98,,,,,186,True,Distance,510,955,987.5,M,False,3,2024-03-16,2024-03-16,False
12249,14879,167,2584,,,,,,,,17,,15:31.30,,,,,186,True,Distance,718,1103,1269.5,M,False,3,2024-03-16,2024-03-16,False
12250,14880,167,2584,,,,,,,,11,,4:13.65,,,,,186,True,Distance,701,1098,1250.0,M,False,3,2024-03-16,2024-03-16,False
12255,14885,167,2608,,,,,,,,11,,4:55.50,,,,,186,True,Distance,325,800,725.0,M,False,3,2024-03-16,2024-03-16,False
12256,14886,167,2608,,,,,,,,9,,2:29.74,,,,,186,True,Distance,205,691,550.5,M,False,3,2024-03-16,2024-03-16,False
12257,14887,167,794,,,,,,,,9,,2:21.13,,,,,186,True,Distance,330,815,737.5,M,False,3,2024-03-16,2024-03-16,False
12258,14888,167,751,,,,,,,,11,,4:42.35,,,,,186,True,Distance,428,889,872.5,M,False,3,2024-03-16,2024-03-16,False
12262,14892,167,5230,,,,,,,,11,,4:25.57,,,,,186,True,Distance,579,1009,1083.5,M,False,3,2024-03-16,2024-03-16,False
12263,14893,167,5230,,,,,,,,9,,2:12.44,,,,,186,True,Distance,486,950,961.0,M,False,3,2024-03-16,2024-03-16,False
12269,14899,167,742,,,,,,,,11,,4:44.85,,,,,186,True,Distance,407,872,843.0,M,False,3,2024-03-16,2024-03-16,False
12275,14905,167,4303,,,,,,,,9,,2:24.92,,,,,186,True,Distance,272,759,651.5,M,False,3,2024-03-16,2024-03-16,False
12278,14908,167,743,,,,,,,,9,,2:12.31,,,,,186,True,Distance,488,952,964.0,M,False,3,2024-03-16,2024-03-16,False
12282,14912,167,5237,,,,,,,,11,,5:11.60,,,,,186,True,Distance,218,698,567.0,M,False,3,2024-03-16,2024-03-16,False
12283,14913,167,5237,,,,,,,,9,,2:32.03,,,,,186,True,Distance,177,660,507.0,M,False,3,2024-03-16,2024-03-16,False
12287,14917,167,685,,,,,,,,17,,16:07.64,,,,,186,True,Distance,619,1036,1137.0,M,False,3,2024-03-16,2024-03-16,False
12289,14918,167,685,,,,,,,,9,,2:16.98,,,,,186,True,Distance,401,878,840.0,M,False,3,2024-03-16,2024-03-16,False
12292,14921,167,711,,,,,,,,17,,17:23.71,,,,,186,True,Distance,436,901,886.5,M,False,3,2024-03-16,2024-03-16,False
12294,14923,167,734,,,,,,,,11,,4:42.92,,,,,186,True,Distance,423,885,865.5,M,False,3,2024-03-16,2024-03-16,False
12295,14924,167,667,,,,,,,,17,,16:04.02,,,,,186,True,Distance,629,1042,1150.0,M,False,3,2024-03-16,2024-03-16,False
12299,14928,167,736,,,,,,,,17,,18:40.44,,,,,186,True,Distance,283,775,670.5,M,False,3,2024-03-16,2024-03-16,False
12302,14931,167,5245,,,,,,,,9,,2:21.50,,,,,186,True,Distance,324,809,728.5,M,False,3,2024-03-16,2024-03-16,False
12303,14932,167,760,,,,,,,,11,,4:48.04,,,,,186,True,Distance,382,850,807.0,M,False,3,2024-03-16,2024-03-16,False
12304,14933,167,2576,,,,,,,,11,,4:58.82,,,,,186,True,Distance,301,779,690.5,M,False,3,2024-03-16,2024-03-16,False
12310,14939,167,669,,,,,,,,11,,4:08.72,,,,,186,True,Distance,755,1136,1323.0,M,False,3,2024-03-16,2024-03-16,False
12311,14940,167,669,,,,,,,,9,,2:05.38,,,,,186,True,Distance,634,1068,1168.0,M,False,3,2024-03-16,2024-03-16,False
12312,14941,167,778,,,,,,,,11,,4:56.99,,,,,186,True,Distance,314,791,709.5,M,False,3,2024-03-16,2024-03-16,False
12314,14943,167,5248,,,,,,,,9,,2:00.75,,,,,186,True,Distance,742,1149,1316.5,M,False,3,2024-03-16,2024-03-16,False
12320,14949,167,754,,,,,,,,17,,18:53.44,,,,,186,True,Distance,261,754,638.0,M,False,3,2024-03-16,2024-03-16,False
12322,14951,167,754,,,,,,,,11,,5:05.99,,,,,186,True,Distance,253,733,619.5,M,False,3,2024-03-16,2024-03-16,False
12324,14953,167,754,,,,,,,,9,,2:42.47,,,,,186,True,Distance,75,526,338.0,M,False,3,2024-03-16,2024-03-16,False
12325,14954,167,666,,708.0,,3015.0,,743.0,,30,,11:37.88,3:17.62,54.40,2:26.93,,186,True,Relays,0,0,0.0,M,False,3,2024-03-16,2024-03-16,False
12326,14956,167,5252,,4438.0,,5233.0,,4304.0,,21,,46.07,,,,,186,True,Relays,677,1049,1201.5,M,False,3,2024-03-16,2024-03-16,False
12327,14957,167,4438,,5239.0,,5248.0,,5244.0,,24,,3:35.19,,,,,186,True,Relays,712,1095,1259.5,M,False,3,2024-03-16,2024-03-16,False
12328,14958,167,4304,,751.0,,468.0,,5226.0,,24,,3:41.14,,,,,186,True,Relays,643,1046,1166.0,M,False,3,2024-03-16,2024-03-16,False
12329,14959,167,5223,,790.0,,2626.0,,754.0,,24,,4:09.77,,,,,186,True,Relays,358,827,771.5,M,False,3,2024-03-16,2024-03-16,False
12330,14960,167,5253,,,,,,,,9,,2:04.33,,,,,186,True,Distance,658,1086,1201.0,M,False,3,2024-03-16,2024-03-16,False
12332,14962,167,708,,,,,,,,11,,4:59.34,,,,,186,True,Distance,298,776,686.0,M,False,3,2024-03-16,2024-03-16,False
12333,14963,167,708,,,,,,,,9,,2:31.08,,,,,186,True,Distance,189,673,525.5,M,False,3,2024-03-16,2024-03-16,False
12334,14964,167,673,,,,,,,,17,,15:26.45,,,,,186,True,Distance,732,1112,1288.0,M,False,3,2024-03-16,2024-03-16,False
12338,14968,168,671,,,,,,,,17,,16:25.37,,,,,186,True,Distance,574,1003,1075.5,M,False,3,2024-03-16,2024-03-16,False
12341,14971,168,5255,,,,,,,,11,,4:45.32,,,,,186,True,Distance,403,869,837.5,M,False,3,2024-03-16,2024-03-16,False
12342,14972,168,715,,,,,,,,11,,4:27.78,,,,,186,True,Distance,558,992,1054.0,M,False,3,2024-03-16,2024-03-16,False
12343,14973,169,4737,,,,,,,,9,,2:01.46,,,,,186,True,Distance,725,1136,1293.0,M,False,3,2024-03-16,2024-03-16,False
12348,14978,73,5260,,,,,,,,9,,2:14.19,,,,,186,True,Distance,452,922,913.0,M,False,3,2024-03-16,2024-03-16,False
12354,14984,167,760,,663.0,,2626.0,,652.0,,24,,4:44.71,,,,,186,True,Relays,122,595,419.5,M,False,3,2024-03-16,2024-03-16,False
12366,14996,69,4340,,,,,,,,11,,5:11.59,,,,,187,True,Distance,219,699,568.5,M,False,3,2024-03-16,2024-03-16,False
12368,14998,69,2556,,,,,,,,9,,2:07.39,,,,,187,True,Distance,590,1034,1107.0,M,False,3,2024-03-16,2024-03-16,False
12369,14999,69,2556,,,,,,,,11,,4:57.93,,,,,187,True,Distance,308,785,700.5,M,False,3,2024-03-16,2024-03-16,False
12372,15002,69,2590,,,,,,,,9,,2:15.58,,,,,187,True,Distance,426,900,876.0,M,False,3,2024-03-16,2024-03-16,False
12373,15003,69,2590,,,,,,,,20,,12:05.61,,,,,187,True,Distance,374,813,780.5,M,False,3,2024-03-16,2024-03-16,False
12426,15056,159,764,,,,,,,,17,,18:57.17,,,,,188,True,Distance,254,749,628.5,M,False,3,2024-03-16,2024-03-16,False
12427,15057,159,676,,,,,,,,11,,4:06.31,,,,,188,True,Distance,781,1155,1358.5,M,False,3,2024-03-16,2024-03-16,False
12428,15058,159,4711,,,,,,,,9,,2:09.88,,,,,188,True,Distance,537,992,1033.0,M,False,3,2024-03-16,2024-03-16,False
12429,15059,159,4711,,,,,,,,11,,4:33.58,,,,,188,True,Distance,504,951,979.5,M,False,3,2024-03-16,2024-03-16,False
12430,15060,159,677,,,,,,,,11,,4:24.32,,,,,188,True,Distance,592,1018,1101.0,M,False,3,2024-03-16,2024-03-16,False
12431,15061,159,677,,,,,,,,17,,15:41.43,,,,,188,True,Distance,690,1084,1232.0,M,False,3,2024-03-16,2024-03-16,False
12434,15065,159,2171,,,,,,,,20,,10:40.83,,,,,188,True,Distance,620,999,1119.5,M,False,3,2024-03-16,2024-03-16,False
12435,15066,159,2177,,,,,,,,11,,4:29.74,,,,,188,True,Distance,540,978,1029.0,M,False,3,2024-03-16,2024-03-16,False
12436,15067,159,4715,,,,,,,,11,,4:26.34,,,,,188,True,Distance,572,1003,1073.5,M,False,3,2024-03-16,2024-03-16,False
12437,15068,159,4715,,,,,,,,17,,18:35.01,,,,,188,True,Distance,293,783,684.5,M,False,3,2024-03-16,2024-03-16,False
12438,15069,159,3175,,,,,,,,11,,5:43.43,,,,,188,True,Distance,70,517,328.5,M,False,3,2024-03-16,2024-03-16,False
12443,15074,159,705,,,,,,,,11,,4:17.33,,,,,188,True,Distance,662,1070,1197.0,M,False,3,2024-03-16,2024-03-16,False
12444,15075,159,705,,,,,,,,17,,16:22.00,,,,,188,True,Distance,582,1009,1086.5,M,False,3,2024-03-16,2024-03-16,False
12445,15076,159,668,,,,,,,,17,,15:39.66,,,,,188,True,Distance,695,1087,1238.5,M,False,3,2024-03-16,2024-03-16,False
12447,15078,146,3687,,,,,,,,9,,2:07.02,,,,,188,True,Distance,598,1040,1118.0,M,False,3,2024-03-16,2024-03-16,False
12448,15079,146,3687,,,,,,,,11,,4:23.52,,,,,188,True,Distance,599,1024,1111.0,M,False,3,2024-03-16,2024-03-16,False
12449,15080,146,3688,,,,,,,,9,,2:02.33,,,,,188,True,Distance,704,1121,1264.5,M,False,3,2024-03-16,2024-03-16,False
12451,15082,146,5271,,,,,,,,9,,2:21.60,,,,,188,True,Distance,323,808,727.0,M,False,3,2024-03-16,2024-03-16,False
12452,15083,146,5271,,,,,,,,11,,4:45.95,,,,,188,True,Distance,398,864,830.0,M,False,3,2024-03-16,2024-03-16,False
12473,15104,146,3699,,,,,,,,9,,2:13.63,,,,,188,True,Distance,463,931,928.5,M,False,3,2024-03-16,2024-03-16,False
12475,15107,146,5272,,,,,,,,20,,11:13.73,,,,,188,True,Distance,517,925,979.5,M,False,3,2024-03-16,2024-03-16,False
12480,15112,146,4014,,,,,,,,9,,1:55.02,,,,,188,True,Distance,888,1253,1514.5,M,False,3,2024-03-16,2024-03-16,False
12485,15117,146,4385,,,,,,,,9,,2:03.67,,,,,188,True,Distance,673,1097,1221.5,M,False,3,2024-03-16,2024-03-16,False
12486,15118,146,4385,,,,,,,,11,,4:15.25,,,,,188,True,Distance,684,1086,1227.0,M,False,3,2024-03-16,2024-03-16,False
12492,15124,146,1216,,,,,,,,9,,1:57.61,,,,,188,True,Distance,820,1205,1422.5,M,False,3,2024-03-16,2024-03-16,False
12493,15125,146,1216,,,,,,,,11,,4:04.97,,,,,188,True,Distance,797,1166,1380.0,M,False,3,2024-03-16,2024-03-16,False
12499,15105,146,1249,,,,,,,,9,,2:10.10,,,,,188,True,Distance,533,988,1027.0,M,False,3,2024-03-16,2024-03-16,False
12505,15136,146,1309,,,,,,,,9,,2:32.62,,,,,188,True,Distance,170,652,496.0,M,False,3,2024-03-16,2024-03-16,False
12506,15137,146,1309,,,,,,,,11,,5:09.99,,,,,188,True,Distance,228,708,582.0,M,False,3,2024-03-16,2024-03-16,False
12507,15138,146,3698,,3695.0,,3701.0,,3689.0,,21,,43.71,,,,,188,True,Relays,821,1147,1394.5,M,False,3,2024-03-16,2024-03-16,False
12508,15139,146,4149,,3734.0,,3728.0,,3730.0,,21,,45.41,,,,,188,True,Relays,716,1076,1254.0,M,False,3,2024-03-16,2024-03-16,False
12509,15140,146,3720,,4147.0,,3721.0,,4148.0,,21,,47.80,,,,,188,True,Relays,581,981,1071.5,M,False,3,2024-03-16,2024-03-16,False
12510,15141,146,3691,,3726.0,,3729.0,,1216.0,,24,,3:32.02,,,,,188,True,Relays,751,1121,1311.5,M,False,3,2024-03-16,2024-03-16,False
12511,15142,146,3696,,4014.0,,4014.0,,4150.0,,24,,3:32.88,,,,,188,True,Relays,740,1114,1297.0,M,False,3,2024-03-16,2024-03-16,False
12512,15143,146,3734,,3728.0,,5274.0,,1409.0,,24,,3:42.55,,,,,188,True,Relays,627,1035,1144.5,M,False,3,2024-03-16,2024-03-16,False
12513,15144,146,3708,,3699.0,,4386.0,,3687.0,,24,,3:48.94,,,,,188,True,Relays,557,984,1049.0,M,False,3,2024-03-16,2024-03-16,False
12522,15155,146,3713,,,,,,,,11,,4:27.71,,,,,188,True,Distance,559,993,1055.5,M,False,3,2024-03-16,2024-03-16,False
12523,15156,146,3713,,,,,,,,20,,11:19.38,,,,,188,True,Distance,500,912,956.0,M,False,3,2024-03-16,2024-03-16,False
12527,15162,75,3741,,,,,,,,9,,2:01.64,,,,,189,True,Distance,721,1133,1287.5,M,False,3,2024-03-16,2024-03-16,False
12528,15163,75,3741,,,,,,,,11,,4:11.47,,,,,189,True,Distance,724,1115,1281.5,M,False,3,2024-03-16,2024-03-16,False
12529,15165,75,2071,,,,,,,,17,,15:25.65,,,,,189,True,Distance,734,1114,1291.0,M,False,3,2024-03-16,2024-03-16,False
12540,15176,116,2057,,,,,,,,17,,15:08.86,,,,,190,True,Distance,783,1146,1356.0,M,False,3,2024-03-22,2024-03-23,False
12543,15179,116,5276,,,,,,,,11,,4:27.36,,,,,190,True,Distance,562,995,1059.5,M,False,3,2024-03-22,2024-03-23,False
12544,15180,116,451,,,,,,,,17,,14:53.75,,,,,190,True,Distance,828,1175,1415.5,M,False,3,2024-03-22,2024-03-23,False
12545,15181,116,350,,,,,,,,18,,40:52.28,,,,,190,True,Distance,255,717,613.5,M,False,3,2024-03-22,2024-03-23,False
12546,15182,116,310,,,,,,,,17,,15:26.00,,,,,190,True,Distance,733,1113,1289.5,M,False,3,2024-03-22,2024-03-23,False
12553,15189,116,4535,,,,,,,,17,,15:25.96,,,,,190,True,Distance,734,1113,1290.5,M,False,3,2024-03-22,2024-03-23,False
12564,15200,17,3266,,,,,,,,17,,15:18.93,,,,,191,True,Distance,754,1127,1317.5,M,False,3,2024-03-22,2024-03-23,False
12565,15201,17,3274,,,,,,,,11,,4:03.03,,,,,191,True,Distance,819,1181,1409.5,M,False,3,2024-03-22,2024-03-23,False
12601,15153,146,1251,,,,,,,,9,,2:15.88,,,,,188,True,Distance,420,895,867.5,M,False,3,2024-03-16,2024-03-16,False
12602,15154,146,1251,,,,,,,,11,,4:41.83,,,,,188,True,Distance,432,893,878.5,M,False,3,2024-03-16,2024-03-16,False
12647,15285,167,5282,,,,,,,,9,,2:03.35,,,,,193,True,Distance,680,1103,1231.5,M,False,3,2024-03-22,2024-03-23,False
12648,15286,167,5282,,,,,,,,11,,4:10.38,,,,,193,True,Distance,736,1123,1297.5,M,False,3,2024-03-22,2024-03-23,False
12649,15287,167,710,,,,,,,,9,,2:10.80,,,,,193,True,Distance,518,977,1006.5,M,False,3,2024-03-22,2024-03-23,False
12650,15288,167,710,,,,,,,,11,,4:26.80,,,,,193,True,Distance,567,1000,1067.0,M,False,3,2024-03-22,2024-03-23,False
12651,15289,167,468,,,,,,,,9,,2:00.59,,,,,193,True,Distance,746,1152,1322.0,M,False,3,2024-03-22,2024-03-23,False
12652,15290,167,468,,,,,,,,11,,4:08.20,,,,,193,True,Distance,760,1140,1330.0,M,False,3,2024-03-22,2024-03-23,False
12654,15292,167,2539,,,,,,,,11,,4:26.90,,,,,193,True,Distance,567,999,1066.5,M,False,3,2024-03-22,2024-03-23,False
12656,15294,167,3011,,,,,,,,9,,2:05.11,,,,,193,True,Distance,640,1072,1176.0,M,False,3,2024-03-22,2024-03-23,False
12657,15295,167,3011,,,,,,,,11,,4:17.68,,,,,193,True,Distance,659,1067,1192.5,M,False,3,2024-03-22,2024-03-23,False
12658,15296,167,681,,,,,,,,17,,16:23.49,,,,,193,True,Distance,578,1007,1081.5,M,False,3,2024-03-22,2024-03-23,False
12662,15300,167,702,,,,,,,,9,,2:10.61,,,,,193,True,Distance,522,980,1012.0,M,False,3,2024-03-22,2024-03-23,False
12663,15301,167,702,,,,,,,,11,,4:27.24,,,,,193,True,Distance,563,996,1061.0,M,False,3,2024-03-22,2024-03-23,False
12666,15304,167,5220,,,,,,,,20,,10:53.48,,,,,193,True,Distance,579,970,1064.0,M,False,3,2024-03-22,2024-03-23,False
12670,15308,167,3015,,,,,,,,9,,2:06.55,,,,,193,True,Distance,608,1048,1132.0,M,False,3,2024-03-22,2024-03-23,False
12671,15309,167,3015,,,,,,,,11,,4:16.46,,,,,193,True,Distance,671,1077,1209.5,M,False,3,2024-03-22,2024-03-23,False
12677,15315,167,704,,,,,,,,11,,4:17.18,,,,,193,True,Distance,664,1071,1199.5,M,False,3,2024-03-22,2024-03-23,False
12678,15316,167,704,,,,,,,,17,,16:26.24,,,,,193,True,Distance,571,1002,1072.0,M,False,3,2024-03-22,2024-03-23,False
12684,15322,167,2584,,,,,,,,9,,2:04.33,,,,,193,True,Distance,658,1086,1201.0,M,False,3,2024-03-22,2024-03-23,False
12685,15323,167,2584,,,,,,,,11,,4:12.49,,,,,193,True,Distance,713,1107,1266.5,M,False,3,2024-03-22,2024-03-23,False
12686,15324,167,2608,,,,,,,,9,,2:33.58,,,,,193,True,Distance,159,639,478.5,M,False,3,2024-03-22,2024-03-23,False
12687,15325,167,2608,,,,,,,,11,,4:53.19,,,,,193,True,Distance,342,816,750.0,M,False,3,2024-03-22,2024-03-23,False
12688,15326,167,751,,,,,,,,9,,2:16.61,,,,,193,True,Distance,407,884,849.0,M,False,3,2024-03-22,2024-03-23,False
12689,15327,167,5230,,,,,,,,9,,2:09.03,,,,,193,True,Distance,555,1006,1058.0,M,False,3,2024-03-22,2024-03-23,False
12690,15328,167,5230,,,,,,,,11,,4:24.21,,,,,193,True,Distance,593,1019,1102.5,M,False,3,2024-03-22,2024-03-23,False
12691,15329,167,4304,,,,,,,,9,,2:21.59,,,,,193,True,Distance,323,808,727.0,M,False,3,2024-03-22,2024-03-23,False
12693,15331,167,742,,,,,,,,9,,2:17.08,,,,,193,True,Distance,399,877,837.5,M,False,3,2024-03-22,2024-03-23,False
12694,15332,167,742,,,,,,,,11,,4:39.19,,,,,193,True,Distance,455,911,910.5,M,False,3,2024-03-22,2024-03-23,False
12698,15336,167,695,,,,,,,,11,,4:48.22,,,,,193,True,Distance,380,849,804.5,M,False,3,2024-03-22,2024-03-23,False
12699,15337,167,695,,,,,,,,17,,17:36.51,,,,,193,True,Distance,408,879,847.5,M,False,3,2024-03-22,2024-03-23,False
12702,15340,167,743,,,,,,,,9,,2:11.16,,,,,193,True,Distance,511,971,996.5,M,False,3,2024-03-22,2024-03-23,False
12703,15341,167,743,,,,,,,,11,,4:34.01,,,,,193,True,Distance,500,947,973.5,M,False,3,2024-03-22,2024-03-23,False
12708,15344,167,5236,,,,,,,,20,,9:50.77,,,,,193,True,Distance,795,1117,1353.5,M,False,3,2024-03-22,2024-03-23,False
12709,15345,167,5237,,,,,,,,11,,5:30.60,,,,,193,True,Distance,120,587,413.5,M,False,3,2024-03-22,2024-03-23,False
12710,15346,167,5237,,,,,,,,20,,13:44.20,,,,,193,True,Distance,165,622,476.0,M,False,3,2024-03-22,2024-03-23,False
12711,15347,167,685,,,,,,,,9,,2:07.11,,,,,193,True,Distance,596,1038,1115.0,M,False,3,2024-03-22,2024-03-23,False
12712,15348,167,685,,,,,,,,11,,4:12.52,,,,,193,True,Distance,713,1107,1266.5,M,False,3,2024-03-22,2024-03-23,False
12714,15350,167,711,,,,,,,,11,,4:31.87,,,,,193,True,Distance,520,963,1001.5,M,False,3,2024-03-22,2024-03-23,False
12715,15351,167,711,,,,,,,,17,,16:45.23,,,,,193,True,Distance,525,968,1009.0,M,False,3,2024-03-22,2024-03-23,False
12718,15354,167,734,,,,,,,,17,,17:53.27,,,,,193,True,Distance,373,851,798.5,M,False,3,2024-03-22,2024-03-23,False
12719,15355,167,667,,,,,,,,9,,2:04.73,,,,,193,True,Distance,649,1079,1188.5,M,False,3,2024-03-22,2024-03-23,False
12720,15356,167,667,,,,,,,,20,,9:50.74,,,,,193,True,Distance,795,1117,1353.5,M,False,3,2024-03-22,2024-03-23,False
12721,15357,167,736,,,,,,,,17,,18:27.80,,,,,193,True,Distance,306,795,703.5,M,False,3,2024-03-22,2024-03-23,False
12724,15360,167,5245,,,,,,,,11,,4:39.38,,,,,193,True,Distance,453,910,908.0,M,False,3,2024-03-22,2024-03-23,False
12730,15366,167,669,,,,,,,,17,,15:48.13,,,,,193,True,Distance,672,1072,1208.0,M,False,3,2024-03-22,2024-03-23,False
12731,15367,167,466,,,,,,,,9,,2:00.42,,,,,193,True,Distance,750,1155,1327.5,M,False,3,2024-03-22,2024-03-23,False
12732,15368,167,466,,,,,,,,11,,4:06.26,,,,,193,True,Distance,782,1156,1360.0,M,False,3,2024-03-22,2024-03-23,False
12733,15369,167,467,,,,,,,,9,,2:02.67,,,,,193,True,Distance,696,1115,1253.5,M,False,3,2024-03-22,2024-03-23,False
12734,15370,167,778,,,,,,,,11,,4:52.60,,,,,193,True,Distance,347,820,757.0,M,False,3,2024-03-22,2024-03-23,False
12743,15379,167,754,,,,,,,,20,,12:21.31,,,,,193,True,Distance,335,781,725.5,M,False,3,2024-03-22,2024-03-23,False
12744,15381,167,5234,,5288.0,,5240.0,,4439.0,,21,,47.34,,,,,193,True,Relays,606,999,1105.5,M,False,3,2024-03-22,2024-03-23,False
12745,15382,167,5218,,466.0,,4304.0,,,,24,,3:39.85,,,,,193,True,Relays,657,1057,1185.5,M,False,3,2024-03-22,2024-03-23,False
12746,15383,167,5230,,3011.0,,,,743.0,,24,,3:52.18,,,,,193,True,Relays,523,959,1002.5,M,False,3,2024-03-22,2024-03-23,False
12747,15384,167,751,,790.0,,5220.0,,3015.0,,24,,4:03.69,,,,,193,True,Relays,411,872,847.0,M,False,3,2024-03-22,2024-03-23,False
12748,15385,167,5253,,,,,,,,9,,2:01.69,,,,,193,True,Distance,719,1132,1285.0,M,False,3,2024-03-22,2024-03-23,False
12750,15387,167,708,,,,,,,,9,,2:16.19,,,,,193,True,Distance,415,890,860.0,M,False,3,2024-03-22,2024-03-23,False
12751,15388,167,708,,,,,,,,17,,18:42.50,,,,,193,True,Distance,280,772,666.0,M,False,3,2024-03-22,2024-03-23,False
12752,15389,167,673,,,,,,,,9,,2:03.67,,,,,193,True,Distance,673,1097,1221.5,M,False,3,2024-03-22,2024-03-23,False
12753,15390,167,673,,,,,,,,11,,4:00.15,,,,,193,True,Distance,852,1204,1454.0,M,False,3,2024-03-22,2024-03-23,False
12756,15393,167,5289,,,,,,,,9,,2:07.70,,,,,193,True,Distance,583,1028,1097.0,M,False,3,2024-03-22,2024-03-23,False
12757,15394,168,671,,,,,,,,17,,15:33.26,,,,,193,True,Distance,713,1099,1262.5,M,False,3,2024-03-22,2024-03-23,False
12758,15395,168,5255,,,,,,,,11,,4:33.20,,,,,193,True,Distance,508,953,984.5,M,False,3,2024-03-22,2024-03-23,False
12804,15442,101,145,,,,,,,,11,,4:07.40,,,,,195,True,Distance,769,1147,1342.5,M,False,3,2024-03-22,2024-03-23,False
12805,15443,101,133,,,,,,,,11,,4:20.10,,,,,195,True,Distance,634,1049,1158.5,M,False,3,2024-03-22,2024-03-23,False
12806,15444,56,2199,,,,,,,,9,,2:12.40,,,,,195,True,Distance,486,951,961.5,M,False,3,2024-03-22,2024-03-23,False
12807,15445,56,123,,,,,,,,9,,2:02.17,,,,,195,True,Distance,708,1124,1270.0,M,False,3,2024-03-22,2024-03-23,False
12808,15446,56,123,,,,,,,,11,,4:07.84,,,,,195,True,Distance,764,1143,1335.5,M,False,3,2024-03-22,2024-03-23,False
12809,15447,56,2202,,,,,,,,9,,2:38.78,,,,,195,True,Distance,106,572,392.0,M,False,3,2024-03-22,2024-03-23,False
12810,15448,56,130,,,,,,,,9,,2:02.86,,,,,195,True,Distance,692,1111,1247.5,M,False,3,2024-03-22,2024-03-23,False
12811,15449,56,130,,,,,,,,11,,4:14.78,,,,,195,True,Distance,689,1090,1234.0,M,False,3,2024-03-22,2024-03-23,False
12813,15451,108,4,,,,,,,,17,,15:31.46,,,,,195,True,Distance,718,1103,1269.5,M,False,3,2024-03-22,2024-03-23,False
12814,15452,108,141,,,,,,,,11,,4:30.27,,,,,195,True,Distance,535,974,1022.0,M,False,3,2024-03-22,2024-03-23,False
12815,15453,108,3982,,,,,,,,9,,2:19.11,,,,,195,True,Distance,364,845,786.5,M,False,3,2024-03-22,2024-03-23,False
12820,15458,108,10,,,,,,,,11,,4:18.42,,,,,195,True,Distance,651,1062,1182.0,M,False,3,2024-03-22,2024-03-23,False
12821,15459,108,181,,,,,,,,9,,2:06.74,,,,,195,True,Distance,604,1045,1126.5,M,False,3,2024-03-22,2024-03-23,False
12822,15460,108,16,,,,,,,,11,,4:26.33,,,,,195,True,Distance,572,1003,1073.5,M,False,3,2024-03-22,2024-03-23,False
12823,15461,108,16,,,,,,,,17,,16:25.27,,,,,195,True,Distance,574,1004,1076.0,M,False,3,2024-03-22,2024-03-23,False
12824,15462,1,35,,,,,,,,17,,18:42.95,,,,,195,True,Distance,279,771,664.5,M,False,3,2024-03-22,2024-03-23,False
12826,15464,1,20,,,,,,,,9,,2:15.47,,,,,195,True,Distance,428,902,879.0,M,False,3,2024-03-22,2024-03-23,False
12829,15467,1,1,,,,,,,,11,,5:26.01,,,,,195,True,Distance,141,613,447.5,M,False,3,2024-03-22,2024-03-23,False
12830,15468,1,1,,,,,,,,17,,19:38.44,,,,,195,True,Distance,190,686,533.0,M,False,3,2024-03-22,2024-03-23,False
12832,15470,1,471,,,,,,,,9,,2:09.95,,,,,195,True,Distance,536,991,1031.5,M,False,3,2024-03-22,2024-03-23,False
12833,15471,1,471,,,,,,,,11,,4:34.79,,,,,195,True,Distance,493,942,964.0,M,False,3,2024-03-22,2024-03-23,False
12839,15478,1,8,,,,,,,,17,,15:37.16,,,,,195,True,Distance,702,1092,1248.0,M,False,3,2024-03-22,2024-03-23,False
12840,15479,1,7,,,,,,,,9,,2:07.13,,,,,195,True,Distance,595,1038,1114.0,M,False,3,2024-03-22,2024-03-23,False
12841,15480,1,7,,,,,,,,17,,15:36.39,,,,,195,True,Distance,704,1094,1251.0,M,False,3,2024-03-22,2024-03-23,False
12842,15481,1,150,,,,,,,,20,,11:23.35,,,,,195,True,Distance,489,904,941.0,M,False,3,2024-03-22,2024-03-23,False
12843,15483,117,38,,,,,,,,11,,4:52.16,,,,,195,True,Distance,350,823,761.5,M,False,3,2024-03-22,2024-03-23,False
12844,15484,117,182,,,,,,,,9,,2:06.82,,,,,195,True,Distance,602,1043,1123.5,M,False,3,2024-03-22,2024-03-23,False
12849,15489,117,31,,,,,,,,11,,4:40.54,,,,,195,True,Distance,443,902,894.0,M,False,3,2024-03-22,2024-03-23,False
12850,15490,117,12,,,,,,,,20,,11:15.70,,,,,195,True,Distance,511,920,971.0,M,False,3,2024-03-22,2024-03-23,False
12851,15491,117,160,,,,,,,,11,,4:39.80,,,,,195,True,Distance,449,907,902.5,M,False,3,2024-03-22,2024-03-23,False
12852,15492,117,2037,,,,,,,,9,,2:25.08,,,,,195,True,Distance,269,757,647.5,M,False,3,2024-03-22,2024-03-23,False
12853,15493,117,2037,,,,,,,,11,,5:01.33,,,,,195,True,Distance,284,763,665.5,M,False,3,2024-03-22,2024-03-23,False
12854,15494,117,191,,,,,,,,9,,2:28.89,,,,,195,True,Distance,216,703,567.5,M,False,3,2024-03-22,2024-03-23,False
12855,15495,117,191,,,,,,,,11,,5:06.05,,,,,195,True,Distance,253,733,619.5,M,False,3,2024-03-22,2024-03-23,False
12857,15497,117,3996,,,,,,,,20,,12:00.26,,,,,195,True,Distance,387,825,799.5,M,False,3,2024-03-22,2024-03-23,False
12861,15501,117,3339,,,,,,,,11,,4:55.76,,,,,195,True,Distance,323,799,722.5,M,False,3,2024-03-22,2024-03-23,False
12862,15502,117,135,,,,,,,,9,,2:01.93,,,,,195,True,Distance,714,1128,1278.0,M,False,3,2024-03-22,2024-03-23,False
12863,15503,117,135,,,,,,,,11,,4:17.06,,,,,195,True,Distance,665,1072,1201.0,M,False,3,2024-03-22,2024-03-23,False
12864,15504,117,217,,,,,,,,11,,5:30.89,,,,,195,True,Distance,119,585,411.5,M,False,3,2024-03-22,2024-03-23,False
12865,15505,117,17,,,,,,,,11,,4:28.55,,,,,195,True,Distance,551,987,1044.5,M,False,3,2024-03-22,2024-03-23,False
12866,15506,117,146,,,,,,,,9,,2:10.48,,,,,195,True,Distance,525,982,1016.0,M,False,3,2024-03-22,2024-03-23,False
12867,15507,117,146,,,,,,,,11,,4:12.69,,,,,195,True,Distance,711,1106,1264.0,M,False,3,2024-03-22,2024-03-23,False
12868,15508,117,164,,,,,,,,11,,4:44.97,,,,,195,True,Distance,406,871,841.5,M,False,3,2024-03-22,2024-03-23,False
12870,15510,117,188,,,,,,,,9,,2:12.35,,,,,195,True,Distance,487,952,963.0,M,False,3,2024-03-22,2024-03-23,False
12871,15511,117,188,,,,,,,,11,,4:38.72,,,,,195,True,Distance,459,914,916.0,M,False,3,2024-03-22,2024-03-23,False
12872,15512,117,4002,,3996.0,,182.0,,4095.0,,24,,3:48.78,,,,,195,True,Relays,558,985,1050.5,M,False,3,2024-03-22,2024-03-23,False
12873,15513,117,217,,164.0,,146.0,,188.0,,24,,4:03.27,,,,,195,True,Relays,415,875,852.5,M,False,3,2024-03-22,2024-03-23,False
12874,15514,117,3997,,2037.0,,166.0,,140.0,,24,,4:17.26,,,,,195,True,Relays,297,774,684.0,M,False,3,2024-03-22,2024-03-23,False
12875,15515,117,2012,,,,,,,,11,,4:45.33,,,,,195,True,Distance,403,869,837.5,M,False,3,2024-03-22,2024-03-23,False
12876,15516,117,60,,,,,,,,9,,3:23.64,,,,,195,True,Distance,0,147,73.5,M,False,3,2024-03-22,2024-03-23,False
12877,15517,117,60,,,,,,,,11,,6:22.04,,,,,195,True,Distance,0,334,167.0,M,False,3,2024-03-22,2024-03-23,False
12878,15518,117,166,,,,,,,,9,,2:16.42,,,,,195,True,Distance,411,887,854.5,M,False,3,2024-03-22,2024-03-23,False
12879,15519,117,166,,,,,,,,11,,4:34.66,,,,,195,True,Distance,494,943,965.5,M,False,3,2024-03-22,2024-03-23,False
12880,15520,117,142,,,,,,,,17,,16:37.78,,,,,195,True,Distance,543,981,1033.5,M,False,3,2024-03-22,2024-03-23,False
12881,15521,117,140,,,,,,,,9,,2:10.39,,,,,195,True,Distance,527,984,1019.0,M,False,3,2024-03-22,2024-03-23,False
12884,15524,96,5293,,,,,,,,9,,2:06.48,,,,,196,True,Distance,610,1049,1134.5,M,False,3,2024-03-22,2024-03-23,False
12885,15525,96,4659,,,,,,,,11,,4:12.96,,,,,196,True,Distance,708,1103,1259.5,M,False,3,2024-03-22,2024-03-23,False
12886,15526,96,5294,,,,,,,,11,,4:07.69,,,,,196,True,Distance,766,1144,1338.0,M,False,3,2024-03-22,2024-03-23,False
12887,15527,96,3437,,,,,,,,17,,16:56.89,,,,,196,True,Distance,497,947,970.5,M,False,3,2024-03-22,2024-03-23,False
12888,15528,96,364,,,,,,,,17,,16:18.88,,,,,196,True,Distance,590,1015,1097.5,M,False,3,2024-03-22,2024-03-23,False
12889,15529,96,2492,,,,,,,,9,,1:59.22,,,,,196,True,Distance,780,1176,1368.0,M,False,3,2024-03-22,2024-03-23,False
12890,15530,96,1552,,,,,,,,9,,1:58.31,,,,,196,True,Distance,802,1192,1398.0,M,False,3,2024-03-22,2024-03-23,False
12891,15531,159,2168,,,,,,,,11,,4:14.22,,,,,197,True,Distance,695,1094,1242.0,M,False,3,2024-03-22,2024-03-23,False
12892,15532,159,4368,,,,,,,,11,,4:11.13,,,,,197,True,Distance,728,1118,1287.0,M,False,3,2024-03-22,2024-03-23,False
12896,15536,60,4901,,,,,,,,17,,17:24.30,,,,,198,True,Distance,434,900,884.0,M,False,3,2024-03-22,2024-03-23,False
12897,15537,60,4902,,,,,,,,11,,4:49.47,,,,,198,True,Distance,370,840,790.0,M,False,3,2024-03-22,2024-03-23,False
12898,15538,60,3386,,,,,,,,17,,15:06.84,,,,,198,True,Distance,789,1150,1364.0,M,False,3,2024-03-22,2024-03-23,False
12899,15539,60,3393,,,,,,,,11,,4:07.04,,,,,198,True,Distance,773,1149,1347.5,M,False,3,2024-03-22,2024-03-23,False
12902,15542,60,5295,,,,,,,,11,,4:36.04,,,,,198,True,Distance,482,933,948.5,M,False,3,2024-03-22,2024-03-23,False
12903,15543,88,3615,,,,,,,,17,,16:25.98,,,,,199,True,Distance,572,1002,1073.0,M,False,3,2024-03-22,2024-03-22,False
12908,15548,162,3136,,,,,,,,9,,2:05.66,,,,,200,True,Distance,628,1063,1159.5,M,False,3,2024-03-22,2024-03-23,False
12909,15549,162,4401,,,,,,,,9,,2:09.38,,,,,200,True,Distance,548,1000,1048.0,M,False,3,2024-03-22,2024-03-23,False
12910,15550,162,3158,,,,,,,,9,,2:18.52,,,,,200,True,Distance,374,854,801.0,M,False,3,2024-03-22,2024-03-23,False
12911,15551,162,5296,,,,,,,,9,,2:20.50,,,,,200,True,Distance,340,824,752.0,M,False,3,2024-03-22,2024-03-23,False
12912,15554,162,3790,,,,,,,,11,,4:41.58,,,,,200,True,Distance,434,894,881.0,M,False,3,2024-03-22,2024-03-23,False
12913,15556,162,1209,,,,,,,,17,,16:53.97,,,,,200,True,Distance,504,952,980.0,M,False,3,2024-03-22,2024-03-23,False
12914,15553,162,1179,,,,,,,,11,,4:31.70,,,,,200,True,Distance,521,964,1003.0,M,False,3,2024-03-22,2024-03-23,False
12915,15555,162,1337,,,,,,,,11,,5:04.25,,,,,200,True,Distance,265,744,637.0,M,False,3,2024-03-22,2024-03-23,False
12920,15562,169,4733,,,,,,,,9,,2:19.01,,,,,200,True,Distance,365,847,788.5,M,False,3,2024-03-22,2024-03-23,False
12921,15563,169,4732,,,,,,,,9,,2:20.54,,,,,200,True,Distance,340,824,752.0,M,False,3,2024-03-22,2024-03-23,False
12922,15564,169,4734,,,,,,,,9,,2:31.60,,,,,200,True,Distance,182,666,515.0,M,False,3,2024-03-22,2024-03-23,False
12923,15565,169,1198,,,,,,,,17,,16:17.57,,,,,200,True,Distance,594,1017,1102.5,M,False,3,2024-03-22,2024-03-23,False
12928,15570,84,5297,,,,,,,,11,,4:14.55,,,,,201,True,Distance,691,1091,1236.5,M,False,3,2024-03-22,2024-03-23,False
12929,15571,84,3483,,,,,,,,11,,4:30.48,,,,,201,True,Distance,533,973,1019.5,M,False,3,2024-03-22,2024-03-23,False
12930,15573,84,2627,,,,,,,,17,,15:43.19,,,,,201,True,Distance,685,1081,1225.5,M,False,3,2024-03-22,2024-03-23,False
12963,15645,130,2459,,6849.0,,2476.0,,2453.0,,26,,10:40.22,,,,,202,True,Relays,0,0,0.0,M,False,3,2024-03-23,2024-03-23,False
12993,15647,130,4312,,,,,,,,11,,4:59.99,,,,,202,True,Distance,293,771,678.5,M,False,3,2024-03-23,2024-03-23,False
12994,15648,130,5306,,,,,,,,11,,5:13.85,,,,,202,True,Distance,205,685,547.5,M,False,3,2024-03-23,2024-03-23,False
12995,15649,130,2450,,,,,,,,17,,17:53.87,,,,,202,True,Distance,372,850,797.0,M,False,3,2024-03-23,2024-03-23,False
12997,15652,130,2453,,,,,,,,17,,17:54.45,,,,,202,True,Distance,371,849,795.5,M,False,3,2024-03-23,2024-03-23,False
12998,15653,130,2459,,,,,,,,17,,18:36.90,,,,,202,True,Distance,289,780,679.0,M,False,3,2024-03-23,2024-03-23,False
12999,15654,63,2598,,,,,,,,11,,5:10.49,,,,,202,True,Distance,225,705,577.5,M,False,3,2024-03-23,2024-03-23,False
13006,15662,138,722,,,,,,,,11,,4:36.08,,,,,202,True,Distance,482,933,948.5,M,False,3,2024-03-23,2024-03-23,False
13007,15663,138,703,,,,,,,,11,,4:31.11,,,,,202,True,Distance,527,968,1011.0,M,False,3,2024-03-23,2024-03-23,False
13014,15644,130,6845,,2478.0,,2464.0,,5306.0,,26,,10:02.35,,,,,202,True,Relays,0,0,0.0,M,False,3,2024-03-23,2024-03-23,False
13015,15646,130,6845,,,,,,,,11,,5:13.47,,,,,202,True,Distance,207,687,550.5,M,False,3,2024-03-23,2024-03-23,False
13016,15557,162,1288,,,,,,,,17,,16:57.92,,,,,200,True,Distance,494,946,967.0,M,False,3,2024-03-22,2024-03-23,False
13017,15661,138,2471,,,,,,,,17,,16:31.45,,,,,202,True,Distance,558,992,1054.0,M,False,3,2024-03-23,2024-03-23,False
13018,15664,138,4704,,,,,,,,11,,4:47.81,,,,,202,True,Distance,383,852,809.0,M,False,3,2024-03-23,2024-03-23,False
13019,15665,139,2726,,,,,,,,11,,4:32.31,,,,,202,True,Distance,516,960,996.0,M,False,3,2024-03-23,2024-03-23,False
13020,15666,139,4705,,,,,,,,9,,2:23.14,,,,,202,True,Distance,298,785,690.5,M,False,3,2024-03-23,2024-03-23,False
13021,15670,139,4706,,,,,,,,9,,2:26.94,,,,,202,True,Distance,243,730,608.0,M,False,3,2024-03-23,2024-03-23,False
13023,15672,139,1599,,,,,,,,11,,5:16.17,,,,,202,True,Distance,192,671,527.5,M,False,3,2024-03-23,2024-03-23,False
13025,15674,139,1608,,,,,,,,9,,2:42.28,,,,,202,True,Distance,76,529,340.5,M,False,3,2024-03-23,2024-03-23,False
13026,15675,139,1589,,,,,,,,9,,2:11.58,,,,,202,True,Distance,503,964,985.0,M,False,3,2024-03-23,2024-03-23,False
13030,15680,139,1571,,,,,,,,17,,18:41.65,,,,,202,True,Distance,281,773,667.5,M,False,3,2024-03-23,2024-03-23,False
13031,15681,139,5310,,,,,,,,9,,2:38.90,,,,,202,True,Distance,105,570,390.0,M,False,3,2024-03-23,2024-03-23,False
13034,15686,139,5311,,,,,,,,9,,2:37.74,,,,,202,True,Distance,116,585,408.5,M,False,3,2024-03-23,2024-03-23,False
13035,15687,139,2731,,,,,,,,17,,17:45.05,,,,,202,True,Distance,390,865,822.5,M,False,3,2024-03-23,2024-03-23,False
13038,15690,139,2747,,,,,,,,9,,2:13.34,,,,,202,True,Distance,468,936,936.0,M,False,3,2024-03-23,2024-03-23,False
13040,15693,139,5313,,,,,,,,9,,2:43.80,,,,,202,True,Distance,65,511,320.5,M,False,3,2024-03-23,2024-03-23,False
13042,15695,139,2724,,,,,,,,17,,15:41.14,,,,,202,True,Distance,691,1085,1233.5,M,False,3,2024-03-23,2024-03-23,False
13043,15696,139,2724,,,,,,,,11,,4:39.21,,,,,202,True,Distance,454,911,909.5,M,False,3,2024-03-23,2024-03-23,False
13044,15697,139,1615,,,,,,,,11,,5:56.54,,,,,202,True,Distance,32,450,257.0,M,False,3,2024-03-23,2024-03-23,False
13048,15703,139,2765,,,,,,,,11,,5:56.81,,,,,202,True,Distance,32,449,256.5,M,False,3,2024-03-23,2024-03-23,False
13051,15707,139,1571,,4705.0,,1589.0,,1595.0,,31,,2:26.75,,,,,202,True,Relays,0,0,0.0,M,False,3,2024-03-23,2024-03-23,False
13052,15708,142,765,,,,,,,,17,,18:31.12,,,,,202,True,Distance,300,790,695.0,M,False,3,2024-03-23,2024-03-23,False
13053,15709,142,765,,,,,,,,9,,2:33.59,,,,,202,True,Distance,159,639,478.5,M,False,3,2024-03-23,2024-03-23,False
13054,15710,142,765,,,,,,,,11,,5:09.58,,,,,202,True,Distance,231,711,586.5,M,False,3,2024-03-23,2024-03-23,False
13056,15712,142,5314,,,,,,,,11,,4:30.60,,,,,202,True,Distance,532,972,1018.0,M,False,3,2024-03-23,2024-03-23,False
13057,15713,142,756,,,,,,,,17,,18:37.01,,,,,202,True,Distance,289,780,679.0,M,False,3,2024-03-23,2024-03-23,False
13058,15714,142,756,,,,,,,,11,,5:21.39,,,,,202,True,Distance,164,640,484.0,M,False,3,2024-03-23,2024-03-23,False
13059,15715,142,771,,,,,,,,11,,5:10.52,,,,,202,True,Distance,225,705,577.5,M,False,3,2024-03-23,2024-03-23,False
13060,15716,142,737,,,,,,,,17,,17:09.47,,,,,202,True,Distance,468,925,930.5,M,False,3,2024-03-23,2024-03-23,False
13061,15717,142,737,,,,,,,,11,,4:49.83,,,,,202,True,Distance,368,838,787.0,M,False,3,2024-03-23,2024-03-23,False
13062,15718,164,2730,,,,,,,,17,,18:01.55,,,,,202,True,Distance,356,838,775.0,M,False,3,2024-03-23,2024-03-23,False
13063,15719,164,801,,,,,,,,9,,2:46.04,,,,,202,True,Distance,50,484,292.0,M,False,3,2024-03-23,2024-03-23,False
13064,15720,164,683,,,,,,,,17,,15:35.61,,,,,202,True,Distance,706,1095,1253.5,M,False,3,2024-03-23,2024-03-23,False
13065,15721,164,686,,,,,,,,17,,15:47.29,,,,,202,True,Distance,674,1073,1210.5,M,False,3,2024-03-23,2024-03-23,False
13066,15722,164,709,,,,,,,,11,,4:15.88,,,,,202,True,Distance,677,1081,1217.5,M,False,3,2024-03-23,2024-03-23,False
13067,15723,164,723,,,,,,,,9,,2:00.80,,,,,202,True,Distance,741,1148,1315.0,M,False,3,2024-03-23,2024-03-23,False
13068,15724,164,728,,,,,,,,17,,18:18.91,,,,,202,True,Distance,323,809,727.5,M,False,3,2024-03-23,2024-03-23,False
13069,15725,164,689,,,,,,,,11,,4:13.72,,,,,202,True,Distance,700,1098,1249.0,M,False,3,2024-03-23,2024-03-23,False
13071,15727,164,2727,,,,,,,,9,,2:11.40,,,,,202,True,Distance,506,967,989.5,M,False,3,2024-03-23,2024-03-23,False
13073,15729,164,675,,,,,,,,17,,15:43.74,,,,,202,True,Distance,684,1080,1224.0,M,False,3,2024-03-23,2024-03-23,False
13074,15730,164,675,,,,,,,,9,,2:18.25,,,,,202,True,Distance,378,859,807.5,M,False,3,2024-03-23,2024-03-23,False
13075,15731,164,786,,,,,,,,9,,2:22.81,,,,,202,True,Distance,303,790,698.0,M,False,3,2024-03-23,2024-03-23,False
13078,15734,164,5316,,,,,,,,9,,2:01.92,,,,,202,True,Distance,714,1128,1278.0,M,False,3,2024-03-23,2024-03-23,False
13079,15735,164,748,,,,,,,,11,,4:44.00,,,,,202,True,Distance,414,878,853.0,M,False,3,2024-03-23,2024-03-23,False
13080,15736,164,747,,,,,,,,17,,17:19.57,,,,,202,True,Distance,445,908,899.0,M,False,3,2024-03-23,2024-03-23,False
13081,15737,164,747,,,,,,,,9,,2:24.06,,,,,202,True,Distance,284,772,670.0,M,False,3,2024-03-23,2024-03-23,False
13082,15738,164,709,,801.0,,5316.0,,683.0,,30,,11:40.25,,,,,202,True,Relays,0,0,0.0,M,False,3,2024-03-23,2024-03-23,False
13083,15739,164,731,,786.0,,689.0,,675.0,,30,,12:16.63,,,,,202,True,Relays,0,0,0.0,M,False,3,2024-03-23,2024-03-23,False
13084,15740,164,727,,,,,,,,17,,18:16.13,,,,,202,True,Distance,328,814,735.0,M,False,3,2024-03-23,2024-03-23,False
13085,15741,164,4433,,,,,,,,17,,18:35.74,,,,,202,True,Distance,292,782,683.0,M,False,3,2024-03-23,2024-03-23,False
13086,15742,164,4123,,,,,,,,9,,2:12.88,,,,,202,True,Distance,477,943,948.5,M,False,3,2024-03-23,2024-03-23,False
13087,15743,164,4123,,,,,,,,11,,4:25.62,,,,,202,True,Distance,579,1008,1083.0,M,False,3,2024-03-23,2024-03-23,False
13091,15747,166,4726,,,,,,,,9,,2:16.26,,,,,202,True,Distance,414,889,858.5,M,False,3,2024-03-23,2024-03-23,False
13092,15748,166,4726,,,,,,,,11,,5:03.24,,,,,202,True,Distance,271,751,646.5,M,False,3,2024-03-23,2024-03-23,False
13093,15749,166,3593,,,,,,,,9,,2:23.48,,,,,202,True,Distance,293,780,683.0,M,False,3,2024-03-23,2024-03-23,False
13094,15750,166,4728,,,,,,,,9,,2:21.76,,,,,202,True,Distance,320,805,722.5,M,False,3,2024-03-23,2024-03-23,False
13096,15752,167,5248,,,,,,,,9,,2:01.55,,,,,202,True,Distance,723,1134,1290.0,M,False,3,2024-03-23,2024-03-23,False
13099,15757,132,2754,,,,,,,,11,,5:09.89,,,,,202,True,Distance,229,709,583.5,M,False,3,2024-03-23,2024-03-23,False
13100,15758,132,692,,,,,,,,11,,4:33.99,,,,,202,True,Distance,500,948,974.0,M,False,3,2024-03-23,2024-03-23,False
13101,15759,132,3153,,,,,,,,11,,4:49.98,,,,,202,True,Distance,367,837,785.5,M,False,3,2024-03-23,2024-03-23,False
13102,15760,132,699,,,,,,,,17,,17:01.75,,,,,202,True,Distance,485,939,954.5,M,False,3,2024-03-23,2024-03-23,False
13107,15765,132,678,,,,,,,,9,,1:56.35,,,,,202,True,Distance,853,1228,1467.0,M,False,3,2024-03-23,2024-03-23,False
13109,15667,139,1533,,,,,,,,17,,16:15.66,,,,,202,True,Distance,598,1021,1108.5,M,False,3,2024-03-23,2024-03-23,False
13111,15701,139,1557,,,,,,,,11,,4:34.96,,,,,202,True,Distance,492,941,962.5,M,False,3,2024-03-23,2024-03-23,False
13112,15669,139,1581,,,,,,,,11,,5:07.24,,,,,202,True,Distance,245,725,607.5,M,False,3,2024-03-23,2024-03-23,False
13113,15678,139,2768,,,,,,,,11,,5:02.59,,,,,202,True,Distance,276,755,653.5,M,False,3,2024-03-23,2024-03-23,False
13114,15706,139,1529,,,,,,,,17,,16:04.42,,,,,202,True,Distance,628,1041,1148.5,M,False,3,2024-03-23,2024-03-23,False
13117,15692,139,7694,,,,,,,,11,,4:20.14,,,,,202,True,Distance,633,1049,1157.5,M,False,3,2024-03-23,2024-03-23,False
13118,15755,132,693,,,,,,,,17,,15:50.31,,,,,202,True,Distance,666,1067,1199.5,M,False,3,2024-03-23,2024-03-23,False
13119,15756,132,693,,,,,,,,11,,4:33.82,,,,,202,True,Distance,502,949,976.5,M,False,3,2024-03-23,2024-03-23,False
13165,15817,19,5168,,,,,,,,17,,14:19.39,,,,,204,True,Distance,936,1243,1557.5,M,False,3,2024-03-23,2024-03-24,False
13167,15819,10,2302,,,,,,,,17,,15:28.22,,,,,205,True,Distance,727,1109,1281.5,M,False,3,2024-03-23,2024-03-23,False
13174,15826,158,2895,,,,,,,,11,,4:44.26,,,,,206,True,Distance,412,876,850.0,M,False,3,2024-03-23,2024-03-23,False
13192,15857,84,3483,,,,,,,,9,,2:11.69,,,,,201,True,Distance,500,962,981.0,M,False,3,2024-03-22,2024-03-23,False
13193,15858,84,2635,,,,,,,,17,,17:14.31,,,,,201,True,Distance,457,917,915.5,M,False,3,2024-03-22,2024-03-23,False
13208,15841,162,3169,,,,,,,,9,,2:14.78,,,,,200,True,Distance,441,913,897.5,M,False,3,2024-03-22,2024-03-23,False
13209,15842,162,3786,,,,,,,,9,,2:17.54,,,,,200,True,Distance,391,869,825.5,M,False,3,2024-03-22,2024-03-23,False
13210,15843,162,4401,,,,,,,,11,,4:26.16,,,,,200,True,Distance,574,1004,1076.0,M,False,3,2024-03-22,2024-03-23,False
13217,15851,169,1379,,,,,,,,9,,2:44.06,,,,,200,True,Distance,63,508,317.0,M,False,3,2024-03-22,2024-03-23,False
13218,15852,169,1294,,,,,,,,11,,4:36.91,,,,,200,True,Distance,474,927,937.5,M,False,3,2024-03-22,2024-03-23,False
13219,15845,162,1173,,,,,,,,17,,15:39.87,,,,,200,True,Distance,694,1087,1237.5,M,False,3,2024-03-22,2024-03-23,False
13220,15846,162,1179,,,,,,,,17,,16:31.88,,,,,200,True,Distance,557,992,1053.0,M,False,3,2024-03-22,2024-03-23,False
13240,15894,94,532,,,,,,,,17,,17:24.90,,,,,209,True,Distance,433,899,882.5,M,False,3,2024-03-23,2024-03-23,False
13242,15896,86,1578,,,,,,,,11,,4:53.34,,,,,209,True,Distance,341,815,748.5,M,False,3,2024-03-23,2024-03-23,False
13243,15897,86,1558,,,,,,,,17,,16:08.49,,,,,209,True,Distance,617,1034,1134.0,M,False,3,2024-03-23,2024-03-23,False
13244,15898,86,2541,,,,,,,,17,,16:18.70,,,,,209,True,Distance,591,1015,1098.5,M,False,3,2024-03-23,2024-03-23,False
13246,15901,94,5358,,,,,,,,17,,18:37.52,,,,,209,True,Distance,288,779,677.5,M,False,3,2024-03-23,2024-03-23,False
13247,15902,86,1578,,,,,,,,17,,17:45.84,,,,,209,True,Distance,388,864,820.0,M,False,3,2024-03-23,2024-03-23,False
13255,15910,86,1597,,,,,,,,9,,2:23.61,,,,,209,True,Distance,291,778,680.0,M,False,3,2024-03-23,2024-03-23,False
13256,15911,73,5260,,,,,,,,9,,2:12.48,,,,,209,True,Distance,485,950,960.0,M,False,3,2024-03-23,2024-03-23,False
13257,15912,86,3012,,,,,,,,9,,2:20.25,,,,,209,True,Distance,344,828,758.0,M,False,3,2024-03-23,2024-03-23,False
13259,15914,86,1598,,,,,,,,9,,2:22.83,,,,,209,True,Distance,303,790,698.0,M,False,3,2024-03-23,2024-03-23,False
13260,15915,86,2620,,,,,,,,9,,3:05.11,,,,,209,True,Distance,0,289,144.5,M,False,3,2024-03-23,2024-03-23,False
13261,15916,86,2586,,,,,,,,9,,2:24.88,,,,,209,True,Distance,272,760,652.0,M,False,3,2024-03-23,2024-03-23,False
13262,15918,86,2544,,,,,,,,9,,1:55.44,,,,,209,True,Distance,876,1245,1498.5,M,False,3,2024-03-23,2024-03-23,False
13263,15919,94,532,,,,,,,,9,,2:12.56,,,,,209,True,Distance,483,948,957.0,M,False,3,2024-03-23,2024-03-23,False
13264,15920,86,2574,,,,,,,,9,,2:00.75,,,,,209,True,Distance,742,1149,1316.5,M,False,3,2024-03-23,2024-03-23,False
13278,15936,77,2497,,,,,,,,11,,4:42.46,,,,,209,True,Distance,427,888,871.0,M,False,3,2024-03-23,2024-03-23,False
13279,15937,86,1598,,,,,,,,11,,5:18.55,,,,,209,True,Distance,179,657,507.5,M,False,3,2024-03-23,2024-03-23,False
13280,15938,77,5366,,,,,,,,11,,5:35.59,,,,,209,True,Distance,99,559,378.5,M,False,3,2024-03-23,2024-03-23,False
13281,15939,86,2620,,,,,,,,11,,6:11.77,,,,,209,True,Distance,7,379,196.5,M,False,3,2024-03-23,2024-03-23,False
13282,15940,86,5361,,,,,,,,11,,5:09.58,,,,,209,True,Distance,231,711,586.5,M,False,3,2024-03-23,2024-03-23,False
13283,15941,86,5367,,,,,,,,11,,5:05.60,,,,,209,True,Distance,256,736,624.0,M,False,3,2024-03-23,2024-03-23,False
13284,15943,86,2574,,,,,,,,11,,4:12.59,,,,,209,True,Distance,712,1106,1265.0,M,False,3,2024-03-23,2024-03-23,False
13285,15944,86,2544,,,,,,,,11,,4:12.43,,,,,209,True,Distance,714,1108,1268.0,M,False,3,2024-03-23,2024-03-23,False
13286,15945,86,1539,,,,,,,,11,,4:35.10,,,,,209,True,Distance,491,940,961.0,M,False,3,2024-03-23,2024-03-23,False
13287,15946,94,532,,,,,,,,11,,4:44.16,,,,,209,True,Distance,413,877,851.5,M,False,3,2024-03-23,2024-03-23,False
13288,15947,94,3094,,,,,,,,11,,5:07.22,,,,,209,True,Distance,245,726,608.0,M,False,3,2024-03-23,2024-03-23,False
13289,15948,86,2552,,,,,,,,11,,4:19.14,,,,,209,True,Distance,643,1056,1171.0,M,False,3,2024-03-23,2024-03-23,False
13290,15949,94,5182,,,,,,,,11,,4:55.00,,,,,209,True,Distance,329,804,731.0,M,False,3,2024-03-23,2024-03-23,False
13291,15950,86,1558,,,,,,,,11,,4:39.41,,,,,209,True,Distance,453,909,907.5,M,False,3,2024-03-23,2024-03-23,False
13309,15976,171,1280,,,,,,,,11,,5:04.67,,,,,210,True,Distance,262,742,633.0,M,False,3,2024-03-24,2024-03-24,False
13310,15977,171,1280,,,,,,,,9,,2:23.37,,,,,210,True,Distance,295,782,686.0,M,False,3,2024-03-24,2024-03-24,False
13311,15978,171,1177,,,,,,,,11,,4:13.89,,,,,210,True,Distance,698,1096,1246.0,M,False,3,2024-03-24,2024-03-24,False
13312,15979,171,4316,,,,,,,,11,,4:48.04,,,,,210,True,Distance,382,850,807.0,M,False,3,2024-03-24,2024-03-24,False
13313,15980,171,4316,,,,,,,,9,,2:34.43,,,,,210,True,Distance,150,628,464.0,M,False,3,2024-03-24,2024-03-24,False
13314,15933,73,5359,,5260.0,,5261.0,,5363.0,,24,,4:07.25,,,,,209,True,Relays,379,846,802.0,M,False,3,2024-03-23,2024-03-23,False
13315,15935,77,1592,,5365.0,,1542.0,,2497.0,,24,,3:55.81,,,,,209,True,Relays,486,931,951.5,M,False,3,2024-03-23,2024-03-23,False
13316,15934,86,2541,,2574.0,,1539.0,,4571.0,,24,,3:38.91,,,,,209,True,Relays,668,1064,1200.0,M,False,3,2024-03-23,2024-03-23,False
13317,15900,77,1542,,,,,,,,17,,19:01.42,,,,,209,True,Distance,247,742,618.0,M,False,3,2024-03-23,2024-03-23,False
13318,15942,86,1590,,,,,,,,11,,5:09.18,,,,,209,True,Distance,233,713,589.5,M,False,3,2024-03-23,2024-03-23,False
13323,15981,171,4315,,,,,,,,11,,4:41.74,,,,,210,True,Distance,433,893,879.5,M,False,3,2024-03-24,2024-03-24,False
13324,15982,171,1222,,,,,,,,11,,4:32.17,,,,,210,True,Distance,517,961,997.5,M,False,3,2024-03-24,2024-03-24,False
13325,15983,171,1222,,,,,,,,9,,2:19.88,,,,,210,True,Distance,351,834,768.0,M,False,3,2024-03-24,2024-03-24,False
13326,15984,171,1239,,,,,,,,11,,4:37.57,,,,,210,True,Distance,469,922,930.0,M,False,3,2024-03-24,2024-03-24,False
13327,15985,171,1239,,,,,,,,9,,2:14.80,,,,,210,True,Distance,440,912,896.0,M,False,3,2024-03-24,2024-03-24,False
13328,15987,171,1183,,,,,,,,11,,4:31.61,,,,,210,True,Distance,522,965,1004.5,M,False,3,2024-03-24,2024-03-24,False
13330,15991,172,5100,,,,,,,,11,,4:23.40,,,,,210,True,Distance,601,1025,1113.5,M,False,3,2024-03-24,2024-03-24,False
13331,15992,172,5372,,,,,,,,11,,4:28.71,,,,,210,True,Distance,549,986,1042.0,M,False,3,2024-03-24,2024-03-24,False
13332,15993,174,4648,,,,,,,,9,,2:20.03,,,,,210,True,Distance,348,831,763.5,M,False,3,2024-03-24,2024-03-24,False
13333,15994,174,1856,,,,,,,,11,,4:23.36,,,,,210,True,Distance,601,1025,1113.5,M,False,3,2024-03-24,2024-03-24,False
13337,15998,175,4999,,,,,,,,11,,5:30.21,,,,,210,True,Distance,122,589,416.5,M,False,3,2024-03-24,2024-03-24,False
13343,16004,175,5004,,,,,,,,11,,5:44.55,,,,,210,True,Distance,66,511,321.5,M,False,3,2024-03-24,2024-03-24,False
13344,16005,175,5005,,,,,,,,11,,4:34.91,,,,,210,True,Distance,492,941,962.5,M,False,3,2024-03-24,2024-03-24,False
13345,16008,188,5012,,,,,,,,11,,4:34.75,,,,,210,True,Distance,494,942,965.0,M,False,3,2024-03-24,2024-03-24,False
13351,16015,188,5013,,,,,,,,11,,4:23.95,,,,,210,True,Distance,595,1021,1105.5,M,False,3,2024-03-24,2024-03-24,False
13352,16017,188,3543,,,,,,,,11,,4:31.56,,,,,210,True,Distance,523,965,1005.5,M,False,3,2024-03-24,2024-03-24,False
13353,16018,188,5377,,,,,,,,11,,4:27.39,,,,,210,True,Distance,562,995,1059.5,M,False,3,2024-03-24,2024-03-24,False
13354,16019,188,3547,,,,,,,,9,,2:01.51,,,,,210,True,Distance,724,1135,1291.5,M,False,3,2024-03-24,2024-03-24,False
13357,16022,188,3548,,,,,,,,9,,2:18.53,,,,,210,True,Distance,373,854,800.0,M,False,3,2024-03-24,2024-03-24,False
13358,16023,188,2112,,,,,,,,11,,4:18.43,,,,,210,True,Distance,651,1062,1182.0,M,False,3,2024-03-24,2024-03-24,False
13359,16024,188,882,,,,,,,,11,,4:20.57,,,,,210,True,Distance,629,1046,1152.0,M,False,3,2024-03-24,2024-03-24,False
13360,16025,188,4222,,,,,,,,9,,2:24.36,,,,,210,True,Distance,280,767,663.5,M,False,3,2024-03-24,2024-03-24,False
13364,16029,188,863,,,,,,,,11,,4:17.07,,,,,210,True,Distance,665,1072,1201.0,M,False,3,2024-03-24,2024-03-24,False
13365,16032,188,5378,,3541.0,,3548.0,,3547.0,,29,,3:57.44,,,,,210,True,Relays,0,0,0.0,M,False,3,2024-03-24,2024-03-24,False
13366,16034,188,5380,,5381.0,,5382.0,,5383.0,,29,,4:28.08,,,,,210,True,Relays,0,0,0.0,M,False,3,2024-03-24,2024-03-24,False
13367,16035,188,1863,,,,,,,,11,,4:15.50,,,,,210,True,Distance,681,1084,1223.0,M,False,3,2024-03-24,2024-03-24,False
13368,16036,188,1863,,,,,,,,9,,2:10.34,,,,,210,True,Distance,528,984,1020.0,M,False,3,2024-03-24,2024-03-24,False
13370,16039,188,5384,,,,,,,,11,,4:50.51,,,,,210,True,Distance,362,834,779.0,M,False,3,2024-03-24,2024-03-24,False
13371,16040,188,2129,,,,,,,,11,,4:41.05,,,,,210,True,Distance,439,898,888.0,M,False,3,2024-03-24,2024-03-24,False
13372,16042,188,867,,,,,,,,11,,4:16.96,,,,,210,True,Distance,666,1073,1202.5,M,False,3,2024-03-24,2024-03-24,False
13375,16045,188,916,,,,,,,,11,,4:33.14,,,,,210,True,Distance,508,954,985.0,M,False,3,2024-03-24,2024-03-24,False
13376,16046,188,938,,,,,,,,9,,2:13.03,,,,,210,True,Distance,474,941,944.5,M,False,3,2024-03-24,2024-03-24,False
13377,16047,188,936,,,,,,,,11,,4:40.70,,,,,210,True,Distance,442,900,892.0,M,False,3,2024-03-24,2024-03-24,False
13379,16049,204,1876,,,,,,,,11,,4:37.53,,,,,210,True,Distance,469,923,930.5,M,False,3,2024-03-24,2024-03-24,False
13381,16053,204,5038,,,,,,,,11,,4:53.77,,,,,210,True,Distance,338,812,744.0,M,False,3,2024-03-24,2024-03-24,False
13382,16054,204,922,,,,,,,,9,,2:08.81,,,,,210,True,Distance,559,1010,1064.0,M,False,3,2024-03-24,2024-03-24,False
13384,16056,204,4650,,,,,,,,11,,4:42.64,,,,,210,True,Distance,425,887,868.5,M,False,3,2024-03-24,2024-03-24,False
13387,16059,205,3556,,,,,,,,11,,5:14.64,,,,,210,True,Distance,201,680,541.0,M,False,3,2024-03-24,2024-03-24,False
13388,16060,205,2148,,,,,,,,11,,5:58.14,,,,,210,True,Distance,29,443,250.5,M,False,3,2024-03-24,2024-03-24,False
13389,16061,205,2148,,,,,,,,9,,2:53.92,,,,,210,True,Distance,12,398,211.0,M,False,3,2024-03-24,2024-03-24,False
13392,16066,205,4488,,,,,,,,9,,2:18.14,,,,,210,True,Distance,380,860,810.0,M,False,3,2024-03-24,2024-03-24,False
13396,16070,96,367,,,,,,,,11,,4:23.94,,,,,211,True,Distance,595,1021,1105.5,M,False,3,2024-03-24,2024-03-24,False
13397,16071,96,368,,,,,,,,17,,17:17.09,,,,,211,True,Distance,450,912,906.0,M,False,3,2024-03-24,2024-03-24,False
13398,16072,96,371,,,,,,,,17,,18:29.62,,,,,211,True,Distance,303,792,699.0,M,False,3,2024-03-24,2024-03-24,False
13400,16075,147,1699,,,,,,,,17,,15:59.43,,,,,212,True,Distance,641,1051,1166.5,M,False,3,2024-03-29,2024-03-30,False
13406,16081,60,3393,,,,,,,,17,,16:19.69,,,,,213,True,Distance,588,1014,1095.0,M,False,3,2024-03-29,2024-03-29,False
13407,16082,60,3407,,,,,,,,17,,17:42.45,,,,,213,True,Distance,395,869,829.5,M,False,3,2024-03-29,2024-03-29,False
13411,16037,188,909,,,,,,,,11,,4:41.97,,,,,210,True,Distance,431,892,877.0,M,False,3,2024-03-24,2024-03-24,False
13412,16006,175,5007,,,,,,,,11,,4:37.08,,,,,210,True,Distance,473,926,936.0,M,False,3,2024-03-24,2024-03-24,False
13416,16041,188,918,,,,,,,,9,,2:03.51,,,,,210,True,Distance,677,1100,1227.0,M,False,3,2024-03-24,2024-03-24,False
13418,16030,188,950,,918.0,,928.0,,1863.0,,24,,3:45.24,,,,,210,True,Relays,597,1013,1103.5,M,False,3,2024-03-24,2024-03-24,False
13419,16033,188,966,,3543.0,,928.0,,5379.0,,29,,4:01.80,,,,,210,True,Relays,0,0,0.0,M,False,3,2024-03-24,2024-03-24,False
13420,16007,188,876,,,,,,,,9,,2:05.07,,,,,210,True,Distance,641,1073,1177.5,M,False,3,2024-03-24,2024-03-24,False
13421,16031,188,876,,916.0,,938.0,,966.0,,24,,4:05.16,,,,,210,True,Relays,398,861,828.5,M,False,3,2024-03-24,2024-03-24,False
13422,15989,171,1260,,,,,,,,11,,4:55.18,,,,,210,True,Distance,327,803,728.5,M,False,3,2024-03-24,2024-03-24,False
13424,15986,171,2354,,,,,,,,11,,4:43.72,,,,,210,True,Distance,416,880,856.0,M,False,3,2024-03-24,2024-03-24,False
13490,16161,164,683,,,,,,,,17,,15:20.53,,,,,214,True,Distance,749,1124,1311.0,M,False,3,2024-03-30,2024-03-30,False
13491,16163,164,675,,,,,,,,17,,16:07.28,,,,,214,True,Distance,620,1036,1138.0,M,False,3,2024-03-30,2024-03-30,False
13492,16164,159,706,,,,,,,,17,,16:09.65,,,,,214,True,Distance,614,1032,1130.0,M,False,3,2024-03-30,2024-03-30,False
13493,16166,164,5400,,,,,,,,17,,16:17.38,,,,,214,True,Distance,594,1018,1103.0,M,False,3,2024-03-30,2024-03-30,False
13494,16168,132,692,,,,,,,,17,,16:52.49,,,,,214,True,Distance,507,955,984.5,M,False,3,2024-03-30,2024-03-30,False
13495,16169,164,731,,,,,,,,17,,17:19.14,,,,,214,True,Distance,446,909,900.5,M,False,3,2024-03-30,2024-03-30,False
13496,16170,160,2445,,,,,,,,17,,17:21.76,,,,,214,True,Distance,440,904,892.0,M,False,3,2024-03-30,2024-03-30,False
13497,16171,159,694,,,,,,,,17,,17:22.88,,,,,214,True,Distance,438,902,889.0,M,False,3,2024-03-30,2024-03-30,False
13498,16172,164,2735,,,,,,,,17,,17:38.64,,,,,214,True,Distance,403,876,841.0,M,False,3,2024-03-30,2024-03-30,False
13499,16173,130,2453,,,,,,,,17,,17:56.19,,,,,214,True,Distance,367,846,790.0,M,False,3,2024-03-30,2024-03-30,False
13500,16174,164,5401,,,,,,,,17,,18:01.58,,,,,214,True,Distance,356,838,775.0,M,False,3,2024-03-30,2024-03-30,False
13501,16176,137,2480,,,,,,,,17,,18:04.33,,,,,214,True,Distance,351,833,767.5,M,False,3,2024-03-30,2024-03-30,False
13502,16177,139,1571,,,,,,,,17,,18:35.92,,,,,214,True,Distance,291,782,682.0,M,False,3,2024-03-30,2024-03-30,False
13503,16178,130,2455,,,,,,,,17,,18:43.03,,,,,214,True,Distance,279,771,664.5,M,False,3,2024-03-30,2024-03-30,False
13504,16179,164,728,,,,,,,,17,,18:54.16,,,,,214,True,Distance,259,753,635.5,M,False,3,2024-03-30,2024-03-30,False
13505,16180,130,2459,,,,,,,,17,,18:56.06,,,,,214,True,Distance,256,750,631.0,M,False,3,2024-03-30,2024-03-30,False
13506,16181,164,5402,,,,,,,,17,,19:07.66,,,,,214,True,Distance,237,732,603.0,M,False,3,2024-03-30,2024-03-30,False
13507,16182,142,756,,,,,,,,17,,19:15.20,,,,,214,True,Distance,225,721,585.5,M,False,3,2024-03-30,2024-03-30,False
13508,16183,166,4729,,,,,,,,17,,20:10.16,,,,,214,True,Distance,146,639,465.5,M,False,3,2024-03-30,2024-03-30,False
13509,16184,130,2478,,,,,,,,17,,20:37.53,,,,,214,True,Distance,113,601,413.5,M,False,3,2024-03-30,2024-03-30,False
13510,16185,164,772,,689.0,,5316.0,,723.0,,26,,8:02.13,2:01.36,1:59.87,1:59.96,,214,True,Relays,0,0,0.0,M,False,3,2024-03-30,2024-03-30,False
13511,16187,164,727,,5396.0,,721.0,,2727.0,,26,,9:41.66,2:13.06,2:43.89,2:18.23,,214,True,Relays,0,0,0.0,M,False,3,2024-03-30,2024-03-30,False
13512,16189,164,4120,,4121.0,,4124.0,,2742.0,,21,,45.52,,,,,214,True,Relays,710,1072,1246.0,M,False,3,2024-03-30,2024-03-30,False
13514,16186,139,1589,,7694.0,,1533.0,,1557.0,,26,,8:46.93,2:11.47,2:14.03,2:10.26,,214,True,Relays,0,0,0.0,M,False,3,2024-03-30,2024-03-30,False
13518,16162,139,1533,,,,,,,,17,,16:00.13,,,,,214,True,Distance,639,1049,1163.5,M,False,3,2024-03-30,2024-03-30,False
13520,16188,130,2739,,5306.0,,5403.0,,6845.0,,26,,9:50.14,2:25.26,2:29.95,2:45.47,,214,True,Relays,0,0,0.0,M,False,3,2024-03-30,2024-03-30,False
13522,16175,159,2750,,,,,,,,17,,18:03.74,,,,,214,True,Distance,352,834,769.0,M,False,3,2024-03-30,2024-03-30,False
13523,16165,159,674,,,,,,,,17,,16:15.96,,,,,214,True,Distance,598,1020,1108.0,M,False,3,2024-03-30,2024-03-30,False
13525,16190,164,727,,5396.0,,748.0,,4122.0,,21,,46.41,,,,,214,True,Relays,658,1036,1176.0,M,False,3,2024-03-30,2024-03-30,False
13526,16191,159,5404,,5405.0,,5406.0,,5407.0,,21,,48.78,,,,,214,True,Relays,530,943,1001.5,M,False,3,2024-03-30,2024-03-30,False
13527,16193,132,678,,,,,,,,11,,3:59.08,,,,,214,True,Distance,865,1213,1471.5,M,False,3,2024-03-30,2024-03-30,False
13528,16194,164,689,,,,,,,,11,,4:14.92,,,,,214,True,Distance,687,1088,1231.0,M,False,3,2024-03-30,2024-03-30,False
13529,16195,132,5409,,,,,,,,11,,4:20.86,,,,,214,True,Distance,626,1044,1148.0,M,False,3,2024-03-30,2024-03-30,False
13530,16196,164,700,,,,,,,,11,,4:26.65,,,,,214,True,Distance,569,1001,1069.5,M,False,3,2024-03-30,2024-03-30,False
13531,16198,159,705,,,,,,,,11,,4:29.16,,,,,214,True,Distance,545,982,1036.0,M,False,3,2024-03-30,2024-03-30,False
13532,16199,164,5410,,,,,,,,11,,4:30.16,,,,,214,True,Distance,536,975,1023.5,M,False,3,2024-03-30,2024-03-30,False
13533,16200,164,2727,,,,,,,,11,,4:31.02,,,,,214,True,Distance,528,969,1012.5,M,False,3,2024-03-30,2024-03-30,False
13534,16201,164,721,,,,,,,,11,,4:32.17,,,,,214,True,Distance,517,961,997.5,M,False,3,2024-03-30,2024-03-30,False
13535,16202,164,747,,,,,,,,11,,4:32.19,,,,,214,True,Distance,517,961,997.5,M,False,3,2024-03-30,2024-03-30,False
13536,16203,164,4432,,,,,,,,11,,4:32.42,,,,,214,True,Distance,515,959,994.5,M,False,3,2024-03-30,2024-03-30,False
13537,16204,164,5411,,,,,,,,11,,4:33.69,,,,,214,True,Distance,503,950,978.0,M,False,3,2024-03-30,2024-03-30,False
13538,16205,164,691,,,,,,,,11,,4:37.96,,,,,214,True,Distance,465,920,925.0,M,False,3,2024-03-30,2024-03-30,False
13539,16206,132,3153,,,,,,,,11,,4:39.04,,,,,214,True,Distance,456,912,912.0,M,False,3,2024-03-30,2024-03-30,False
13540,16207,164,729,,,,,,,,11,,4:40.06,,,,,214,True,Distance,447,905,899.5,M,False,3,2024-03-30,2024-03-30,False
13541,16208,159,4714,,,,,,,,11,,4:46.44,,,,,214,True,Distance,394,861,824.5,M,False,3,2024-03-30,2024-03-30,False
13542,16209,164,748,,,,,,,,11,,4:47.96,,,,,214,True,Distance,382,851,807.5,M,False,3,2024-03-30,2024-03-30,False
13543,16210,164,5396,,,,,,,,11,,4:48.90,,,,,214,True,Distance,375,844,797.0,M,False,3,2024-03-30,2024-03-30,False
13544,16211,130,2459,,,,,,,,11,,4:49.99,,,,,214,True,Distance,366,837,784.5,M,False,3,2024-03-30,2024-03-30,False
13545,16212,142,737,,,,,,,,11,,4:52.97,,,,,214,True,Distance,344,817,752.5,M,False,3,2024-03-30,2024-03-30,False
13546,16213,164,4433,,,,,,,,11,,4:59.96,,,,,214,True,Distance,293,772,679.0,M,False,3,2024-03-30,2024-03-30,False
13547,16214,164,5412,,,,,,,,11,,5:00.11,,,,,214,True,Distance,292,771,677.5,M,False,3,2024-03-30,2024-03-30,False
13548,16215,137,5408,,,,,,,,11,,5:02.00,,,,,214,True,Distance,280,758,659.0,M,False,3,2024-03-30,2024-03-30,False
13549,16216,137,787,,,,,,,,11,,5:02.29,,,,,214,True,Distance,278,757,656.5,M,False,3,2024-03-30,2024-03-30,False
13550,16217,164,741,,,,,,,,11,,5:03.83,,,,,214,True,Distance,267,747,640.5,M,False,3,2024-03-30,2024-03-30,False
13551,16219,164,800,,,,,,,,11,,5:16.68,,,,,214,True,Distance,189,668,523.0,M,False,3,2024-03-30,2024-03-30,False
13552,16220,142,756,,,,,,,,11,,5:20.32,,,,,214,True,Distance,170,646,493.0,M,False,3,2024-03-30,2024-03-30,False
13553,16221,142,759,,,,,,,,11,,5:27.23,,,,,214,True,Distance,135,606,438.0,M,False,3,2024-03-30,2024-03-30,False
13554,16222,130,5403,,,,,,,,11,,5:32.73,,,,,214,True,Distance,111,575,398.5,M,False,3,2024-03-30,2024-03-30,False
13555,16223,130,2478,,,,,,,,11,,5:37.49,,,,,214,True,Distance,91,549,365.5,M,False,3,2024-03-30,2024-03-30,False
13556,16224,137,4702,,,,,,,,11,,6:15.03,,,,,214,True,Distance,4,364,186.0,M,False,3,2024-03-30,2024-03-30,False
13557,16225,137,5413,,,,,,,,11,,6:17.20,,,,,214,True,Distance,2,355,179.5,M,False,3,2024-03-30,2024-03-30,False
13558,16226,130,4689,,,,,,,,11,,6:56.74,,,,,214,True,Distance,0,203,101.5,M,False,3,2024-03-30,2024-03-30,False
13583,16251,164,723,,,,,,,,9,,1:58.93,,,,,214,True,Distance,787,1181,1377.5,M,False,3,2024-03-30,2024-03-30,False
13584,16252,164,689,,,,,,,,9,,2:01.63,,,,,214,True,Distance,721,1133,1287.5,M,False,3,2024-03-30,2024-03-30,False
13585,16253,132,678,,,,,,,,9,,2:02.75,,,,,214,True,Distance,694,1113,1250.5,M,False,3,2024-03-30,2024-03-30,False
13586,16254,159,2168,,,,,,,,9,,2:06.43,,,,,214,True,Distance,611,1050,1136.0,M,False,3,2024-03-30,2024-03-30,False
13587,16255,139,1589,,,,,,,,9,,2:07.98,,,,,214,True,Distance,577,1024,1089.0,M,False,3,2024-03-30,2024-03-30,False
13588,16218,130,6845,,,,,,,,11,,5:12.94,,,,,214,True,Distance,211,690,556.0,M,False,3,2024-03-30,2024-03-30,False
13589,16258,164,700,,,,,,,,9,,2:13.22,,,,,214,True,Distance,470,938,939.0,M,False,3,2024-03-30,2024-03-30,False
13590,16259,132,692,,,,,,,,9,,2:14.52,,,,,214,True,Distance,446,917,904.5,M,False,3,2024-03-30,2024-03-30,False
13591,16260,164,747,,,,,,,,9,,2:15.02,,,,,214,True,Distance,436,909,890.5,M,False,3,2024-03-30,2024-03-30,False
13592,16261,164,691,,,,,,,,9,,2:15.74,,,,,214,True,Distance,423,898,872.0,M,False,3,2024-03-30,2024-03-30,False
13593,16262,164,2742,,,,,,,,9,,2:17.58,,,,,214,True,Distance,390,869,824.5,M,False,3,2024-03-30,2024-03-30,False
13594,16263,164,786,,,,,,,,9,,2:19.32,,,,,214,True,Distance,360,842,781.0,M,False,3,2024-03-30,2024-03-30,False
13595,16265,142,759,,,,,,,,9,,2:19.68,,,,,214,True,Distance,354,837,772.5,M,False,3,2024-03-30,2024-03-30,False
13596,16266,159,4364,,,,,,,,9,,2:23.52,,,,,214,True,Distance,293,779,682.5,M,False,3,2024-03-30,2024-03-30,False
13597,16267,166,4728,,,,,,,,9,,2:25.26,,,,,214,True,Distance,267,754,644.0,M,False,3,2024-03-30,2024-03-30,False
13598,16268,137,5420,,,,,,,,9,,2:25.29,,,,,214,True,Distance,266,754,643.0,M,False,3,2024-03-30,2024-03-30,False
13599,16269,139,4706,,,,,,,,9,,2:27.13,,,,,214,True,Distance,240,727,603.5,M,False,3,2024-03-30,2024-03-30,False
13600,16270,137,4700,,,,,,,,9,,2:27.62,,,,,214,True,Distance,233,720,593.0,M,False,3,2024-03-30,2024-03-30,False
13601,16272,164,800,,,,,,,,9,,2:29.97,,,,,214,True,Distance,203,688,547.0,M,False,3,2024-03-30,2024-03-30,False
13602,16273,164,4433,,,,,,,,9,,2:33.30,,,,,214,True,Distance,162,643,483.5,M,False,3,2024-03-30,2024-03-30,False
13603,16274,139,5310,,,,,,,,9,,2:34.50,,,,,214,True,Distance,149,627,462.5,M,False,3,2024-03-30,2024-03-30,False
13604,16275,159,2759,,,,,,,,9,,2:35.00,,,,,214,True,Distance,144,620,454.0,M,False,3,2024-03-30,2024-03-30,False
13605,16276,164,801,,,,,,,,9,,2:35.29,,,,,214,True,Distance,141,617,449.5,M,False,3,2024-03-30,2024-03-30,False
13619,16292,96,2492,,,,,,,,9,,1:54.70,,,,,215,True,Distance,896,1259,1525.5,M,False,3,2024-03-30,2024-03-30,False
13620,16293,96,370,,,,,,,,9,,2:07.62,,,,,215,True,Distance,585,1030,1100.0,M,False,3,2024-03-30,2024-03-30,False
13621,16294,96,363,,,,,,,,9,,1:58.35,,,,,215,True,Distance,801,1192,1397.0,M,False,3,2024-03-30,2024-03-30,False
13622,16295,96,1552,,,,,,,,9,,2:06.42,,,,,215,True,Distance,611,1050,1136.0,M,False,3,2024-03-30,2024-03-30,False
13623,16296,96,365,,,,,,,,9,,2:00.50,,,,,215,True,Distance,748,1153,1324.5,M,False,3,2024-03-30,2024-03-30,False
13624,16271,139,5312,,,,,,,,9,,2:28.89,,,,,214,True,Distance,216,703,567.5,M,False,3,2024-03-30,2024-03-30,False
13627,16192,137,787,,628.0,,5408.0,,2384.0,,24,,5:32.97,,,,,214,True,Relays,0,337,168.5,M,False,3,2024-03-30,2024-03-30,False
13628,16256,132,693,,,,,,,,9,,2:08.32,,,,,214,True,Distance,570,1018,1079.0,M,False,3,2024-03-30,2024-03-30,False
13629,16297,96,3437,,,,,,,,11,,4:29.40,,,,,215,True,Distance,543,981,1033.5,M,False,3,2024-03-30,2024-03-30,False
13630,16298,96,367,,,,,,,,11,,4:23.36,,,,,215,True,Distance,601,1025,1113.5,M,False,3,2024-03-30,2024-03-30,False
13631,16299,96,368,,,,,,,,17,,17:47.64,,,,,215,True,Distance,385,861,815.5,M,False,3,2024-03-30,2024-03-30,False
13632,16300,96,375,,,,,,,,17,,21:04.37,,,,,215,True,Distance,85,564,367.0,M,False,3,2024-03-30,2024-03-30,False
13633,16301,96,365,,1552.0,,370.0,,363.0,,24,,3:35.39,,,,,215,True,Relays,710,1093,1256.5,M,False,3,2024-03-30,2024-03-30,False
13673,16342,56,3804,,,,,,,,9,,2:04.16,,,,,216,True,Distance,662,1089,1206.5,M,False,3,2024-03-30,2024-03-30,False
13674,16343,56,3415,,,,,,,,9,,2:06.26,,,,,216,True,Distance,614,1053,1140.5,M,False,3,2024-03-30,2024-03-30,False
13675,16344,56,130,,,,,,,,11,,4:03.01,,,,,216,True,Distance,819,1181,1409.5,M,False,3,2024-03-30,2024-03-30,False
13676,16345,56,2193,,,,,,,,11,,4:03.72,,,,,216,True,Distance,811,1176,1399.0,M,False,3,2024-03-30,2024-03-30,False
13677,16346,56,3806,,,,,,,,11,,5:19.77,,,,,216,True,Distance,172,649,496.5,M,False,3,2024-03-30,2024-03-30,False
13678,16347,56,127,,,,,,,,17,,15:20.40,,,,,216,True,Distance,749,1124,1311.0,M,False,3,2024-03-30,2024-03-30,False
13679,16348,56,2195,,,,,,,,17,,15:31.88,,,,,216,True,Distance,717,1102,1268.0,M,False,3,2024-03-30,2024-03-30,False
13680,16349,56,147,,,,,,,,17,,16:57.38,,,,,216,True,Distance,496,947,969.5,M,False,3,2024-03-30,2024-03-30,False
13732,16353,56,4461,,3801.0,,4112.0,,3415.0,,24,,4:02.75,,,,,216,True,Relays,420,879,859.5,M,False,3,2024-03-30,2024-03-30,False
13745,16414,85,3453,,,,,,,,9,,1:57.41,,,,,217,True,Distance,825,1209,1429.5,M,False,3,2024-03-30,2024-03-30,False
13746,16415,85,3442,,,,,,,,9,,1:57.60,,,,,217,True,Distance,820,1205,1422.5,M,False,3,2024-03-30,2024-03-30,False
13747,16416,86,1539,,,,,,,,9,,1:59.27,,,,,217,True,Distance,779,1175,1366.5,M,False,3,2024-03-30,2024-03-30,False
13748,16419,85,2637,,,,,,,,9,,2:02.42,,,,,217,True,Distance,702,1119,1261.5,M,False,3,2024-03-30,2024-03-30,False
13749,16420,86,4572,,,,,,,,9,,2:03.79,,,,,217,True,Distance,670,1095,1217.5,M,False,3,2024-03-30,2024-03-30,False
13750,16421,211,5452,,,,,,,,9,,2:15.34,,,,,217,True,Distance,430,904,882.0,M,False,3,2024-03-30,2024-03-30,False
13751,16422,86,5453,,,,,,,,9,,2:22.55,,,,,217,True,Distance,307,794,704.0,M,False,3,2024-03-30,2024-03-30,False
13752,16423,86,2544,,,,,,,,9,,1:54.87,,,,,217,True,Distance,892,1256,1520.0,M,False,3,2024-03-30,2024-03-30,False
13753,16424,211,5454,,,,,,,,9,,1:58.63,,,,,217,True,Distance,794,1187,1387.5,M,False,3,2024-03-30,2024-03-30,False
13754,16425,84,5455,,,,,,,,9,,2:14.56,,,,,217,True,Distance,445,916,903.0,M,False,3,2024-03-30,2024-03-30,False
13755,16426,212,5450,,,,,,,,9,,2:19.45,,,,,217,True,Distance,358,840,778.0,M,False,3,2024-03-30,2024-03-30,False
13756,16427,85,2644,,,,,,,,9,,2:20.13,,,,,217,True,Distance,346,830,761.0,M,False,3,2024-03-30,2024-03-30,False
13757,16428,84,5456,,,,,,,,9,,2:24.87,,,,,217,True,Distance,272,760,652.0,M,False,3,2024-03-30,2024-03-30,False
13758,16429,85,5457,,,,,,,,9,,2:28.42,,,,,217,True,Distance,223,709,577.5,M,False,3,2024-03-30,2024-03-30,False
13759,16430,86,3012,,,,,,,,9,,2:34.33,,,,,217,True,Distance,151,629,465.5,M,False,3,2024-03-30,2024-03-30,False
13760,16431,86,1598,,,,,,,,9,,2:36.02,,,,,217,True,Distance,133,607,436.5,M,False,3,2024-03-30,2024-03-30,False
13761,16432,85,5458,,,,,,,,9,,2:36.85,,,,,217,True,Distance,125,596,423.0,M,False,3,2024-03-30,2024-03-30,False
13762,16433,211,5459,,,,,,,,9,,2:44.88,,,,,217,True,Distance,57,498,306.0,M,False,3,2024-03-30,2024-03-30,False
13763,16434,86,1612,,,,,,,,9,,2:50.36,,,,,217,True,Distance,26,436,244.0,M,False,3,2024-03-30,2024-03-30,False
13764,16435,211,5460,,,,,,,,9,,3:01.27,,,,,217,True,Distance,0,324,162.0,M,False,3,2024-03-30,2024-03-30,False
13765,16436,85,5461,,,,,,,,11,,4:32.79,,,,,217,True,Distance,511,956,989.0,M,False,3,2024-03-30,2024-03-30,False
13766,16437,84,2630,,,,,,,,11,,4:28.20,,,,,217,True,Distance,554,989,1048.5,M,False,3,2024-03-30,2024-03-30,False
13767,16438,85,5462,,,,,,,,11,,4:34.88,,,,,217,True,Distance,492,941,962.5,M,False,3,2024-03-30,2024-03-30,False
13768,16439,85,2641,,,,,,,,11,,4:38.48,,,,,217,True,Distance,461,916,919.0,M,False,3,2024-03-30,2024-03-30,False
13769,16440,85,2652,,,,,,,,11,,4:39.39,,,,,217,True,Distance,453,910,908.0,M,False,3,2024-03-30,2024-03-30,False
13770,16441,85,5449,,,,,,,,11,,4:42.67,,,,,217,True,Distance,425,887,868.5,M,False,3,2024-03-30,2024-03-30,False
13771,16442,84,3483,,,,,,,,11,,4:47.17,,,,,217,True,Distance,389,856,817.0,M,False,3,2024-03-30,2024-03-30,False
13772,16443,212,5450,,,,,,,,11,,4:48.34,,,,,217,True,Distance,379,848,803.0,M,False,3,2024-03-30,2024-03-30,False
13773,16444,211,5463,,,,,,,,11,,4:52.04,,,,,217,True,Distance,351,823,762.5,M,False,3,2024-03-30,2024-03-30,False
13774,16445,86,3012,,,,,,,,11,,4:53.90,,,,,217,True,Distance,337,811,742.5,M,False,3,2024-03-30,2024-03-30,False
13775,16446,85,5464,,,,,,,,11,,4:56.02,,,,,217,True,Distance,321,797,719.5,M,False,3,2024-03-30,2024-03-30,False
13776,16447,84,5456,,,,,,,,11,,5:02.99,,,,,217,True,Distance,273,752,649.0,M,False,3,2024-03-30,2024-03-30,False
13777,16448,85,5458,,,,,,,,11,,5:15.65,,,,,217,True,Distance,195,674,532.0,M,False,3,2024-03-30,2024-03-30,False
13778,16449,211,5452,,,,,,,,11,,4:36.93,,,,,217,True,Distance,474,927,937.5,M,False,3,2024-03-30,2024-03-30,False
13779,16450,212,5465,,,,,,,,11,,4:38.79,,,,,217,True,Distance,458,914,915.0,M,False,3,2024-03-30,2024-03-30,False
13780,16451,86,1578,,,,,,,,11,,4:42.09,,,,,217,True,Distance,430,891,875.5,M,False,3,2024-03-30,2024-03-30,False
13781,16452,84,2647,,,,,,,,11,,4:48.82,,,,,217,True,Distance,376,845,798.5,M,False,3,2024-03-30,2024-03-30,False
13782,16453,211,5466,,,,,,,,11,,4:50.08,,,,,217,True,Distance,366,836,784.0,M,False,3,2024-03-30,2024-03-30,False
13783,16454,86,1598,,,,,,,,11,,5:04.03,,,,,217,True,Distance,266,746,639.0,M,False,3,2024-03-30,2024-03-30,False
13784,16455,85,5457,,,,,,,,11,,5:06.74,,,,,217,True,Distance,248,729,612.5,M,False,3,2024-03-30,2024-03-30,False
13785,16456,211,5460,,,,,,,,11,,5:08.37,,,,,217,True,Distance,238,718,597.0,M,False,3,2024-03-30,2024-03-30,False
13786,16457,86,1609,,,,,,,,11,,5:13.82,,,,,217,True,Distance,205,685,547.5,M,False,3,2024-03-30,2024-03-30,False
13787,16458,86,1612,,,,,,,,11,,5:17.51,,,,,217,True,Distance,185,663,516.5,M,False,3,2024-03-30,2024-03-30,False
13788,16460,211,5459,,,,,,,,11,,5:19.02,,,,,217,True,Distance,176,654,503.0,M,False,3,2024-03-30,2024-03-30,False
13789,16476,85,5444,,5443.0,,5446.0,,5471.0,,21,,44.24,,,,,217,True,Relays,788,1125,1350.5,M,False,3,2024-03-30,2024-03-30,False
13790,16477,85,2652,,5461.0,,5472.0,,5462.0,,21,,49.13,,,,,217,True,Relays,512,929,976.5,M,False,3,2024-03-30,2024-03-30,False
13791,16478,85,5473,,5474.0,,5475.0,,5458.0,,21,,50.86,,,,,217,True,Relays,428,865,860.5,M,False,3,2024-03-30,2024-03-30,False
13792,16479,85,5445,,5444.0,,5446.0,,5449.0,,24,,3:38.42,,,,,217,True,Relays,674,1068,1208.0,M,False,3,2024-03-30,2024-03-30,False
13793,16480,85,2637,,3453.0,,3454.0,,5464.0,,24,,3:38.56,,,,,217,True,Relays,672,1067,1205.5,M,False,3,2024-03-30,2024-03-30,False
13794,16481,85,2652,,5462.0,,5461.0,,5472.0,,24,,3:54.84,,,,,217,True,Relays,496,938,965.0,M,False,3,2024-03-30,2024-03-30,False
13795,16482,85,5474,,5475.0,,5473.0,,5458.0,,24,,4:03.94,,,,,217,True,Relays,409,870,844.0,M,False,3,2024-03-30,2024-03-30,False
13796,16487,212,5465,,5469.0,,5450.0,,5479.0,,30,,12:23.79,,,,,217,True,Relays,0,0,0.0,M,False,3,2024-03-30,2024-03-30,False
13815,16417,86,1526,,,,,,,,9,,1:59.80,,,,,217,True,Distance,765,1166,1348.0,M,False,3,2024-03-30,2024-03-30,False
13816,16483,86,1526,,2620.0,,1609.0,,2544.0,,24,,4:02.16,,,,,217,True,Relays,425,883,866.5,M,False,3,2024-03-30,2024-03-30,False
13817,16484,86,1526,,3012.0,,1598.0,,1558.0,,30,,11:13.75,,,,,217,True,Relays,0,0,0.0,M,False,3,2024-03-30,2024-03-30,False
13818,16485,211,5454,,5466.0,,5451.0,,5447.0,,24,,3:49.49,,,,,217,True,Relays,551,980,1041.0,M,False,3,2024-03-30,2024-03-30,False
13819,16486,211,5478,,5470.0,,5466.0,,5454.0,,30,,11:57.06,,,,,217,True,Relays,0,0,0.0,M,False,3,2024-03-30,2024-03-30,False
13843,16530,146,1216,,,,,,,,9,,1:56.18,,,,,218,True,Distance,857,1231,1472.5,M,False,3,2024-03-30,2024-03-30,False
13844,16531,146,3729,,,,,,,,9,,2:03.42,,,,,218,True,Distance,679,1102,1230.0,M,False,3,2024-03-30,2024-03-30,False
13845,16532,146,3687,,,,,,,,9,,2:04.91,,,,,218,True,Distance,645,1076,1183.0,M,False,3,2024-03-30,2024-03-30,False
13846,16533,146,4385,,,,,,,,9,,2:05.65,,,,,218,True,Distance,628,1063,1159.5,M,False,3,2024-03-30,2024-03-30,False
13847,16534,146,1258,,,,,,,,9,,2:10.54,,,,,218,True,Distance,524,981,1014.5,M,False,3,2024-03-30,2024-03-30,False
13848,16535,146,4385,,,,,,,,11,,4:12.37,,,,,218,True,Distance,715,1108,1269.0,M,False,3,2024-03-30,2024-03-30,False
13849,16536,146,1258,,,,,,,,11,,4:21.09,,,,,218,True,Distance,624,1042,1145.0,M,False,3,2024-03-30,2024-03-30,False
13850,16538,146,5271,,,,,,,,11,,4:41.41,,,,,218,True,Distance,436,895,883.5,M,False,3,2024-03-30,2024-03-30,False
13851,16539,146,1216,,,,,,,,17,,16:24.97,,,,,218,True,Distance,575,1004,1077.0,M,False,3,2024-03-30,2024-03-30,False
13856,16544,146,3713,,,,,,,,20,,10:55.32,,,,,218,True,Distance,573,966,1056.0,M,False,3,2024-03-30,2024-03-30,False
13857,16545,146,3695,,3690.0,,3719.0,,3723.0,,21,,44.00,,,,,218,True,Relays,803,1135,1370.5,M,False,3,2024-03-30,2024-03-30,False
13858,16546,146,3723,,3726.0,,3729.0,,3733.0,,24,,3:29.97,,,,,218,True,Relays,776,1138,1345.0,M,False,3,2024-03-30,2024-03-30,False
13859,16547,146,3691,,3705.0,,3687.0,,3696.0,,24,,3:54.69,,,,,218,True,Relays,497,939,966.5,M,False,3,2024-03-30,2024-03-30,False
13883,16571,94,5358,,,,,,,,9,,2:11.59,,,,,219,True,Distance,502,964,984.0,M,False,3,2024-03-30,2024-03-30,False
13884,16572,94,5358,,,,,,,,11,,4:36.54,,,,,219,True,Distance,478,930,943.0,M,False,3,2024-03-30,2024-03-30,False
13885,16573,94,3094,,,,,,,,11,,5:04.62,,,,,219,True,Distance,262,742,633.0,M,False,3,2024-03-30,2024-03-30,False
13886,16574,94,5486,,,,,,,,17,,15:51.47,,,,,219,True,Distance,662,1065,1194.5,M,False,3,2024-03-30,2024-03-30,False
13899,16587,199,3861,,,,,,,,9,,2:00.08,,,,,220,True,Distance,758,1161,1338.5,M,False,3,2024-03-30,2024-03-30,False
13900,16588,199,1839,,,,,,,,11,,4:12.77,,,,,220,True,Distance,710,1105,1262.5,M,False,3,2024-03-30,2024-03-30,False
13901,16589,199,1842,,,,,,,,11,,4:26.40,,,,,220,True,Distance,571,1003,1072.5,M,False,3,2024-03-30,2024-03-30,False
13902,16590,199,5488,,,,,,,,11,,4:43.19,,,,,220,True,Distance,421,883,862.5,M,False,3,2024-03-30,2024-03-30,False
13903,16591,199,5489,,,,,,,,11,,5:16.75,,,,,220,True,Distance,189,667,522.5,M,False,3,2024-03-30,2024-03-30,False
13904,16592,199,5490,,,,,,,,11,,5:18.54,,,,,220,True,Distance,179,657,507.5,M,False,3,2024-03-30,2024-03-30,False
13905,16593,199,1880,,,,,,,,17,,18:23.19,,,,,220,True,Distance,315,802,716.0,M,False,3,2024-03-30,2024-03-30,False
13906,16594,199,1880,,,,,,,,18,,37:19.87,,,,,220,True,Distance,434,874,871.0,M,False,3,2024-03-30,2024-03-30,False
13907,16595,199,5030,,3861.0,,5489.0,,3552.0,,21,,46.71,,,,,220,True,Relays,641,1024,1153.0,M,False,3,2024-03-30,2024-03-30,False
13908,16596,199,1842,,1839.0,,3861.0,,3552.0,,24,,3:39.17,,,,,220,True,Relays,665,1062,1196.0,M,False,3,2024-03-30,2024-03-30,False
13937,16626,116,2057,,,,,,,,9,,1:55.84,,,,,221,True,Distance,866,1238,1485.0,M,False,3,2024-03-30,2024-03-30,False
13938,16627,116,310,,,,,,,,9,,2:02.83,,,,,221,True,Distance,692,1112,1248.0,M,False,3,2024-03-30,2024-03-30,False
13939,16628,116,5276,,,,,,,,9,,2:05.28,,,,,221,True,Distance,636,1070,1171.0,M,False,3,2024-03-30,2024-03-30,False
13940,16629,116,332,,,,,,,,9,,2:12.37,,,,,221,True,Distance,487,951,962.5,M,False,3,2024-03-30,2024-03-30,False
13941,16630,116,350,,,,,,,,9,,2:23.81,,,,,221,True,Distance,288,775,675.5,M,False,3,2024-03-30,2024-03-30,False
13942,16631,116,4535,,,,,,,,11,,4:00.80,,,,,221,True,Distance,845,1199,1444.5,M,False,3,2024-03-30,2024-03-30,False
13943,16632,116,310,,,,,,,,11,,4:06.92,,,,,221,True,Distance,775,1150,1350.0,M,False,3,2024-03-30,2024-03-30,False
13944,16633,116,4142,,,,,,,,11,,4:43.18,,,,,221,True,Distance,421,883,862.5,M,False,3,2024-03-30,2024-03-30,False
13945,16634,116,350,,,,,,,,11,,4:59.96,,,,,221,True,Distance,293,772,679.0,M,False,3,2024-03-30,2024-03-30,False
13946,16635,116,454,,,,,,,,17,,15:50.04,,,,,221,True,Distance,666,1068,1200.0,M,False,3,2024-03-30,2024-03-30,False
13962,16651,203,4418,,,,,,,,9,,2:03.52,,,,,222,True,Distance,676,1100,1226.0,M,False,3,2024-03-30,2024-03-30,False
13963,16652,203,3852,,,,,,,,9,,2:06.47,,,,,222,True,Distance,610,1049,1134.5,M,False,3,2024-03-30,2024-03-30,False
13964,16654,203,4405,,4430.0,,4509.0,,4413.0,,21,,45.45,,,,,222,True,Relays,714,1075,1251.5,M,False,3,2024-03-30,2024-03-30,False
14028,16653,203,4429,,,,,,,,9,,2:13.16,,,,,222,True,Distance,472,939,941.5,M,False,3,2024-03-30,2024-03-30,False
14032,16723,124,2860,,,,,,,,9,,1:58.25,,,,,223,True,Distance,804,1194,1401.0,M,False,3,2024-03-30,2024-03-30,False
14033,16724,124,2858,,,,,,,,9,,1:58.63,,,,,223,True,Distance,794,1187,1387.5,M,False,3,2024-03-30,2024-03-30,False
14034,16725,124,1998,,,,,,,,9,,2:05.37,,,,,223,True,Distance,634,1068,1168.0,M,False,3,2024-03-30,2024-03-30,False
14035,16726,124,2859,,,,,,,,9,,2:05.82,,,,,223,True,Distance,624,1060,1154.0,M,False,3,2024-03-30,2024-03-30,False
14036,16727,124,5500,,,,,,,,9,,2:10.32,,,,,223,True,Distance,528,985,1020.5,M,False,3,2024-03-30,2024-03-30,False
14037,16728,124,2011,,,,,,,,9,,2:10.98,,,,,223,True,Distance,515,974,1002.0,M,False,3,2024-03-30,2024-03-30,False
14038,16729,124,2867,,,,,,,,9,,2:12.56,,,,,223,True,Distance,483,948,957.0,M,False,3,2024-03-30,2024-03-30,False
14039,16731,124,2855,,,,,,,,11,,4:05.03,,,,,223,True,Distance,796,1165,1378.5,M,False,3,2024-03-30,2024-03-30,False
14040,16732,124,2859,,,,,,,,11,,4:12.67,,,,,223,True,Distance,711,1106,1264.0,M,False,3,2024-03-30,2024-03-30,False
14041,16733,124,2000,,,,,,,,11,,4:28.11,,,,,223,True,Distance,555,990,1050.0,M,False,3,2024-03-30,2024-03-30,False
14042,16735,124,5500,,,,,,,,11,,4:35.27,,,,,223,True,Distance,489,939,958.5,M,False,3,2024-03-30,2024-03-30,False
14043,16736,124,2044,,,,,,,,11,,5:12.87,,,,,223,True,Distance,211,691,556.5,M,False,3,2024-03-30,2024-03-30,False
14044,16737,124,2855,,,,,,,,17,,15:39.95,,,,,223,True,Distance,694,1087,1237.5,M,False,3,2024-03-30,2024-03-30,False
14045,16738,124,2007,,,,,,,,17,,16:02.99,,,,,223,True,Distance,632,1044,1154.0,M,False,3,2024-03-30,2024-03-30,False
14046,16739,124,2000,,,,,,,,17,,17:36.18,,,,,223,True,Distance,409,880,849.0,M,False,3,2024-03-30,2024-03-30,False
14047,16741,124,2047,,,,,,,,18,,40:20.24,,,,,223,True,Distance,279,740,649.0,M,False,3,2024-03-30,2024-03-30,False
14049,16743,124,1998,,,,,,,,20,,9:46.89,,,,,223,True,Distance,809,1127,1372.5,M,False,3,2024-03-30,2024-03-30,False
14050,16744,124,2858,,,,,,,,20,,9:49.27,,,,,223,True,Distance,800,1121,1360.5,M,False,3,2024-03-30,2024-03-30,False
14051,16745,124,2007,,,,,,,,20,,9:49.47,,,,,223,True,Distance,799,1121,1359.5,M,False,3,2024-03-30,2024-03-30,False
14052,16746,124,1992,,,,,,,,20,,10:06.13,,,,,223,True,Distance,739,1080,1279.0,M,False,3,2024-03-30,2024-03-30,False
14053,16748,124,2011,,,,,,,,20,,11:07.85,,,,,223,True,Distance,535,938,1004.0,M,False,3,2024-03-30,2024-03-30,False
14054,16749,124,2867,,,,,,,,20,,11:57.30,,,,,223,True,Distance,395,831,810.5,M,False,3,2024-03-30,2024-03-30,False
14055,16750,124,2005,,,,,,,,20,,12:23.10,,,,,223,True,Distance,330,778,719.0,M,False,3,2024-03-30,2024-03-30,False
14056,16751,124,2044,,,,,,,,20,,12:28.73,,,,,223,True,Distance,317,766,700.0,M,False,3,2024-03-30,2024-03-30,False
14057,16752,124,3843,,3846.0,,3871.0,,3836.0,,21,,43.28,,,,,223,True,Relays,849,1165,1431.5,M,False,3,2024-03-30,2024-03-30,False
14058,16753,124,5498,,3827.0,,2867.0,,3830.0,,21,,52.16,,,,,223,True,Relays,371,818,780.0,M,False,3,2024-03-30,2024-03-30,False
14065,16762,120,4839,,,,,,,,9,,2:02.27,,,,,223,True,Distance,706,1122,1267.0,M,False,3,2024-03-30,2024-03-30,False
14066,16763,120,344,,,,,,,,9,,2:16.11,,,,,223,True,Distance,416,892,862.0,M,False,3,2024-03-30,2024-03-30,False
14067,16764,120,324,,,,,,,,9,,2:24.32,,,,,223,True,Distance,280,768,664.0,M,False,3,2024-03-30,2024-03-30,False
14068,16765,120,345,,,,,,,,9,,2:32.21,,,,,223,True,Distance,175,657,503.5,M,False,3,2024-03-30,2024-03-30,False
14069,16766,120,4010,,,,,,,,9,,2:32.59,,,,,223,True,Distance,171,652,497.0,M,False,3,2024-03-30,2024-03-30,False
14070,16767,120,338,,,,,,,,11,,4:41.33,,,,,223,True,Distance,436,896,884.0,M,False,3,2024-03-30,2024-03-30,False
14071,16768,120,324,,,,,,,,11,,4:46.64,,,,,223,True,Distance,393,860,823.0,M,False,3,2024-03-30,2024-03-30,False
14072,16769,120,327,,,,,,,,11,,5:00.72,,,,,223,True,Distance,288,767,671.5,M,False,3,2024-03-30,2024-03-30,False
14073,16770,120,345,,,,,,,,11,,5:04.73,,,,,223,True,Distance,261,741,631.5,M,False,3,2024-03-30,2024-03-30,False
14074,16771,120,327,,,,,,,,18,,36:18.05,,,,,223,True,Distance,495,923,956.5,M,False,3,2024-03-30,2024-03-30,False
14075,16772,120,4010,,,,,,,,20,,12:25.42,,,,,223,True,Distance,325,773,711.5,M,False,3,2024-03-30,2024-03-30,False
14076,16773,120,315,,,,,,,,20,,12:28.51,,,,,223,True,Distance,318,767,701.5,M,False,3,2024-03-30,2024-03-30,False
14077,16774,120,346,,,,,,,,20,,13:28.82,,,,,223,True,Distance,192,650,517.0,M,False,3,2024-03-30,2024-03-30,False
14078,16775,120,344,,327.0,,338.0,,346.0,,21,,52.46,,,,,223,True,Relays,358,807,761.5,M,False,3,2024-03-30,2024-03-30,False
14079,16776,120,344,,327.0,,324.0,,315.0,,24,,4:21.01,,,,,223,True,Relays,268,749,642.5,M,False,3,2024-03-30,2024-03-30,False
14080,16777,120,4010,,4839.0,,346.0,,345.0,,24,,4:24.66,,,,,223,True,Relays,242,724,604.0,M,False,3,2024-03-30,2024-03-30,False
14093,16792,108,3743,,,,,,,,9,,1:57.17,,,,,225,True,Distance,831,1213,1437.5,M,False,3,2024-04-06,2024-04-06,False
14094,16793,108,181,,,,,,,,9,,2:05.32,,,,,225,True,Distance,635,1069,1169.5,M,False,3,2024-04-06,2024-04-06,False
14095,16794,108,141,,,,,,,,9,,2:07.63,,,,,225,True,Distance,585,1030,1100.0,M,False,3,2024-04-06,2024-04-06,False
14096,16796,108,4,,,,,,,,17,,15:30.28,,,,,225,True,Distance,721,1105,1273.5,M,False,3,2024-04-06,2024-04-06,False
14106,16806,60,3407,,,,,,,,9,,2:17.42,,,,,226,True,Distance,393,871,828.5,M,False,3,2024-04-06,2024-04-06,False
14107,16807,60,4900,,,,,,,,9,,2:24.28,,,,,226,True,Distance,281,768,665.0,M,False,3,2024-04-06,2024-04-06,False
14108,16808,60,3405,,,,,,,,9,,2:28.56,,,,,226,True,Distance,221,707,574.5,M,False,3,2024-04-06,2024-04-06,False
14109,16809,60,3386,,,,,,,,11,,4:06.46,,,,,226,True,Distance,780,1154,1357.0,M,False,3,2024-04-06,2024-04-06,False
14110,16810,60,3407,,,,,,,,11,,4:32.49,,,,,226,True,Distance,514,958,993.0,M,False,3,2024-04-06,2024-04-06,False
14111,16811,60,3405,,,,,,,,11,,5:00.30,,,,,226,True,Distance,291,769,675.5,M,False,3,2024-04-06,2024-04-06,False
14112,16812,60,4900,,,,,,,,11,,5:02.40,,,,,226,True,Distance,277,756,655.0,M,False,3,2024-04-06,2024-04-06,False
14126,16747,124,1996,,,,,,,,20,,10:17.16,,,,,223,True,Distance,700,1054,1227.0,M,False,3,2024-03-30,2024-03-30,False
14127,16730,124,2045,,,,,,,,9,,2:15.53,,,,,223,True,Distance,427,901,877.5,M,False,3,2024-03-30,2024-03-30,False
14128,16734,124,2045,,,,,,,,11,,4:33.00,,,,,223,True,Distance,509,955,986.5,M,False,3,2024-03-30,2024-03-30,False
14129,16740,124,2045,,,,,,,,17,,19:23.47,,,,,223,True,Distance,212,708,566.0,M,False,3,2024-03-30,2024-03-30,False
15178,17904,96,2492,,,,,,,,9,,1:54.70,,,,,227,True,Distance,896,1259,1525.5,M,False,3,2024-04-06,2024-04-07,True
15179,17905,146,1216,,,,,,,,9,,1:54.70,,,,,227,True,Distance,896,1259,1525.5,M,False,3,2024-04-06,2024-04-07,True
15180,17906,124,2858,,,,,,,,9,,1:54.94,,,,,227,True,Distance,890,1254,1517.0,M,False,3,2024-04-06,2024-04-07,True
15181,17908,132,678,,,,,,,,9,,1:56.22,,,,,227,True,Distance,856,1231,1471.5,M,False,3,2024-04-06,2024-04-07,True
15182,17909,124,2860,,,,,,,,9,,1:56.54,,,,,227,True,Distance,848,1225,1460.5,M,False,3,2024-04-06,2024-04-07,True
15183,17911,96,1552,,,,,,,,9,,1:57.50,,,,,227,True,Distance,823,1207,1426.5,M,False,3,2024-04-06,2024-04-07,True
15184,17912,146,4014,,,,,,,,9,,1:57.60,,,,,227,True,Distance,820,1205,1422.5,M,False,3,2024-04-06,2024-04-07,True
15185,17913,86,1539,,,,,,,,9,,1:57.74,,,,,227,True,Distance,817,1203,1418.5,M,False,3,2024-04-06,2024-04-07,True
15186,17914,158,2896,,,,,,,,9,,1:58.92,,,,,227,True,Distance,787,1181,1377.5,M,False,3,2024-04-06,2024-04-07,True
15187,17915,17,3269,,,,,,,,9,,1:59.02,,,,,227,True,Distance,785,1180,1375.0,M,False,3,2024-04-06,2024-04-07,True
15188,17916,159,4368,,,,,,,,9,,1:59.31,,,,,227,True,Distance,777,1174,1364.0,M,False,3,2024-04-06,2024-04-07,True
15189,17917,56,130,,,,,,,,9,,1:59.43,,,,,227,True,Distance,774,1172,1360.0,M,False,3,2024-04-06,2024-04-07,True
15190,17918,96,363,,,,,,,,9,,1:59.57,,,,,227,True,Distance,771,1170,1356.0,M,False,3,2024-04-06,2024-04-07,True
15191,17919,124,2003,,,,,,,,9,,1:59.88,,,,,227,True,Distance,763,1164,1345.0,M,False,3,2024-04-06,2024-04-07,True
15192,17920,199,3861,,,,,,,,9,,1:59.98,,,,,227,True,Distance,761,1162,1342.0,M,False,3,2024-04-06,2024-04-07,True
15193,17921,122,1715,,,,,,,,9,,2:00.21,,,,,227,True,Distance,755,1158,1334.0,M,False,3,2024-04-06,2024-04-07,True
15194,17922,56,3415,,,,,,,,9,,2:00.24,,,,,227,True,Distance,754,1158,1333.0,M,False,3,2024-04-06,2024-04-07,True
15195,17923,167,468,,,,,,,,9,,2:00.25,,,,,227,True,Distance,754,1158,1333.0,M,False,3,2024-04-06,2024-04-07,True
15196,17924,164,723,,,,,,,,9,,2:00.85,,,,,227,True,Distance,740,1147,1313.5,M,False,3,2024-04-06,2024-04-07,True
15197,17925,188,1863,,,,,,,,9,,2:00.87,,,,,227,True,Distance,739,1147,1312.5,M,False,3,2024-04-06,2024-04-07,True
15198,17926,169,4737,,,,,,,,9,,2:01.25,,,,,227,True,Distance,730,1140,1300.0,M,False,3,2024-04-06,2024-04-07,True
15199,17927,56,123,,,,,,,,9,,2:01.38,,,,,227,True,Distance,727,1137,1295.5,M,False,3,2024-04-06,2024-04-07,True
15200,17928,146,4385,,,,,,,,9,,2:01.62,,,,,227,True,Distance,721,1133,1287.5,M,False,3,2024-04-06,2024-04-07,True
15201,17929,56,2193,,,,,,,,9,,2:01.67,,,,,227,True,Distance,720,1132,1286.0,M,False,3,2024-04-06,2024-04-07,True
15202,17930,96,365,,,,,,,,9,,2:01.87,,,,,227,True,Distance,715,1129,1279.5,M,False,3,2024-04-06,2024-04-07,True
15203,17931,117,156,,,,,,,,9,,2:02.24,,,,,227,True,Distance,706,1122,1267.0,M,False,3,2024-04-06,2024-04-07,True
15204,17932,11,2967,,,,,,,,9,,2:02.24,,,,,227,True,Distance,706,1122,1267.0,M,False,3,2024-04-06,2024-04-07,True
15205,17933,167,5248,,,,,,,,9,,2:02.44,,,,,227,True,Distance,702,1119,1261.5,M,False,3,2024-04-06,2024-04-07,True
15206,17934,167,5253,,,,,,,,9,,2:02.46,,,,,227,True,Distance,701,1118,1260.0,M,False,3,2024-04-06,2024-04-07,True
15207,17935,117,182,,,,,,,,9,,2:02.60,,,,,227,True,Distance,698,1116,1256.0,M,False,3,2024-04-06,2024-04-07,True
15208,17936,75,5570,,,,,,,,9,,2:03.20,,,,,227,True,Distance,684,1106,1237.0,M,False,3,2024-04-06,2024-04-07,True
15209,17937,188,3547,,,,,,,,9,,2:03.29,,,,,227,True,Distance,682,1104,1234.0,M,False,3,2024-04-06,2024-04-07,True
15210,17938,75,5571,,,,,,,,9,,2:03.49,,,,,227,True,Distance,677,1100,1227.0,M,False,3,2024-04-06,2024-04-07,True
15211,17939,178,1833,,,,,,,,9,,2:03.69,,,,,227,True,Distance,672,1097,1220.5,M,False,3,2024-04-06,2024-04-07,True
15212,17940,124,1996,,,,,,,,9,,2:03.84,,,,,227,True,Distance,669,1094,1216.0,M,False,3,2024-04-06,2024-04-07,True
15214,17943,96,369,,,,,,,,9,,2:04.19,,,,,227,True,Distance,661,1088,1205.0,M,False,3,2024-04-06,2024-04-07,True
15215,17944,56,3804,,,,,,,,9,,2:04.20,,,,,227,True,Distance,661,1088,1205.0,M,False,3,2024-04-06,2024-04-07,True
15216,17945,162,4401,,,,,,,,9,,2:04.50,,,,,227,True,Distance,654,1083,1195.5,M,False,3,2024-04-06,2024-04-07,True
15217,17946,75,4573,,,,,,,,9,,2:04.57,,,,,227,True,Distance,652,1082,1193.0,M,False,3,2024-04-06,2024-04-07,True
15218,17947,124,2853,,,,,,,,9,,2:04.84,,,,,227,True,Distance,646,1077,1184.5,M,False,3,2024-04-06,2024-04-07,True
15219,17948,146,3687,,,,,,,,9,,2:04.91,,,,,227,True,Distance,645,1076,1183.0,M,False,3,2024-04-06,2024-04-07,True
15220,17949,116,310,,,,,,,,9,,2:04.95,,,,,227,True,Distance,644,1075,1181.5,M,False,3,2024-04-06,2024-04-07,True
15221,17950,11,2949,,,,,,,,9,,2:05.12,,,,,227,True,Distance,640,1072,1176.0,M,False,3,2024-04-06,2024-04-07,True
15222,17951,167,5289,,,,,,,,9,,2:05.36,,,,,227,True,Distance,634,1068,1168.0,M,False,3,2024-04-06,2024-04-07,True
15225,17952,167,3011,,,,,,,,9,,2:05.91,,,,,227,True,Distance,622,1059,1151.5,M,False,3,2024-04-06,2024-04-07,True
15226,17953,96,370,,,,,,,,9,,2:05.96,,,,,227,True,Distance,621,1058,1150.0,M,False,3,2024-04-06,2024-04-07,True
15227,17954,162,3136,,,,,,,,9,,2:06.47,,,,,227,True,Distance,610,1049,1134.5,M,False,3,2024-04-06,2024-04-07,True
15228,17955,86,4572,,,,,,,,9,,2:06.50,,,,,227,True,Distance,609,1049,1133.5,M,False,3,2024-04-06,2024-04-07,True
15229,17956,124,5500,,,,,,,,9,,2:06.68,,,,,227,True,Distance,605,1046,1128.0,M,False,3,2024-04-06,2024-04-07,True
15230,17957,202,4597,,,,,,,,9,,2:07.19,,,,,227,True,Distance,594,1037,1112.5,M,False,3,2024-04-06,2024-04-07,True
15231,17958,104,2029,,,,,,,,9,,2:07.26,,,,,227,True,Distance,593,1036,1111.0,M,False,3,2024-04-06,2024-04-07,True
15232,17959,79,512,,,,,,,,9,,2:07.36,,,,,227,True,Distance,590,1034,1107.0,M,False,3,2024-04-06,2024-04-07,True
15233,17960,199,1839,,,,,,,,9,,2:07.43,,,,,227,True,Distance,589,1033,1105.5,M,False,3,2024-04-06,2024-04-07,True
15234,17961,196,2348,,,,,,,,9,,2:07.58,,,,,227,True,Distance,586,1030,1101.0,M,False,3,2024-04-06,2024-04-07,True
15235,17962,104,2006,,,,,,,,9,,2:07.63,,,,,227,True,Distance,585,1030,1100.0,M,False,3,2024-04-06,2024-04-07,True
15236,17963,167,704,,,,,,,,9,,2:07.64,,,,,227,True,Distance,584,1029,1098.5,M,False,3,2024-04-06,2024-04-07,True
15237,17964,146,5573,,,,,,,,9,,2:07.87,,,,,227,True,Distance,579,1026,1092.0,M,False,3,2024-04-06,2024-04-07,True
15238,17965,167,2584,,,,,,,,9,,2:07.89,,,,,227,True,Distance,579,1025,1091.5,M,False,3,2024-04-06,2024-04-07,True
15239,17966,167,2539,,,,,,,,9,,2:08.37,,,,,227,True,Distance,569,1017,1077.5,M,False,3,2024-04-06,2024-04-07,True
15240,17967,1,471,,,,,,,,9,,2:08.80,,,,,227,True,Distance,560,1010,1065.0,M,False,3,2024-04-06,2024-04-07,True
15241,17968,56,4851,,,,,,,,9,,2:08.98,,,,,227,True,Distance,556,1007,1059.5,M,False,3,2024-04-06,2024-04-07,True
15242,17969,139,1589,,,,,,,,9,,2:08.98,,,,,227,True,Distance,556,1007,1059.5,M,False,3,2024-04-06,2024-04-07,True
15243,17970,164,700,,,,,,,,9,,2:09.02,,,,,227,True,Distance,555,1006,1058.0,M,False,3,2024-04-06,2024-04-07,True
15244,17971,32,5574,,,,,,,,9,,2:09.35,,,,,227,True,Distance,548,1001,1048.5,M,False,3,2024-04-06,2024-04-07,True
15245,17972,1,3522,,,,,,,,9,,2:09.55,,,,,227,True,Distance,544,997,1042.5,M,False,3,2024-04-06,2024-04-07,True
15246,17973,146,3732,,,,,,,,9,,2:09.56,,,,,227,True,Distance,544,997,1042.5,M,False,3,2024-04-06,2024-04-07,True
15247,17974,117,188,,,,,,,,9,,2:09.57,,,,,227,True,Distance,544,997,1042.5,M,False,3,2024-04-06,2024-04-07,True
15248,17977,164,691,,,,,,,,9,,2:09.92,,,,,227,True,Distance,536,991,1031.5,M,False,3,2024-04-06,2024-04-07,True
15249,17978,158,2897,,,,,,,,9,,2:10.06,,,,,227,True,Distance,533,989,1027.5,M,False,3,2024-04-06,2024-04-07,True
15250,17979,167,5230,,,,,,,,9,,2:10.08,,,,,227,True,Distance,533,989,1027.5,M,False,3,2024-04-06,2024-04-07,True
15251,17980,202,2916,,,,,,,,9,,2:10.09,,,,,227,True,Distance,533,989,1027.5,M,False,3,2024-04-06,2024-04-07,True
15252,17981,11,2975,,,,,,,,9,,2:10.20,,,,,227,True,Distance,531,987,1024.5,M,False,3,2024-04-06,2024-04-07,True
15253,17982,165,401,,,,,,,,9,,2:10.32,,,,,227,True,Distance,528,985,1020.5,M,False,3,2024-04-06,2024-04-07,True
15254,17983,167,743,,,,,,,,9,,2:10.47,,,,,227,True,Distance,525,982,1016.0,M,False,3,2024-04-06,2024-04-07,True
15255,17985,165,396,,,,,,,,9,,2:10.84,,,,,227,True,Distance,518,976,1006.0,M,False,3,2024-04-06,2024-04-07,True
15256,17986,146,5271,,,,,,,,9,,2:11.06,,,,,227,True,Distance,513,973,999.5,M,False,3,2024-04-06,2024-04-07,True
15257,17987,166,3592,,,,,,,,9,,2:11.32,,,,,227,True,Distance,508,968,992.0,M,False,3,2024-04-06,2024-04-07,True
15258,17988,158,2456,,,,,,,,9,,2:11.52,,,,,227,True,Distance,504,965,986.5,M,False,3,2024-04-06,2024-04-07,True
15259,17989,166,3596,,,,,,,,9,,2:11.60,,,,,227,True,Distance,502,964,984.0,M,False,3,2024-04-06,2024-04-07,True
15260,17990,117,161,,,,,,,,9,,2:11.67,,,,,227,True,Distance,501,963,982.5,M,False,3,2024-04-06,2024-04-07,True
15261,17991,124,2867,,,,,,,,9,,2:11.69,,,,,227,True,Distance,500,962,981.0,M,False,3,2024-04-06,2024-04-07,True
15262,17992,162,5296,,,,,,,,9,,2:11.71,,,,,227,True,Distance,500,962,981.0,M,False,3,2024-04-06,2024-04-07,True
15263,17993,164,721,,,,,,,,9,,2:11.95,,,,,227,True,Distance,495,958,974.0,M,False,3,2024-04-06,2024-04-07,True
15264,17994,164,2727,,,,,,,,9,,2:12.07,,,,,227,True,Distance,493,956,971.0,M,False,3,2024-04-06,2024-04-07,True
15265,17995,188,938,,,,,,,,9,,2:12.10,,,,,227,True,Distance,492,956,970.0,M,False,3,2024-04-06,2024-04-07,True
15266,17996,158,2899,,,,,,,,9,,2:12.42,,,,,227,True,Distance,486,951,961.5,M,False,3,2024-04-06,2024-04-07,True
15267,17999,86,3012,,,,,,,,9,,2:13.17,,,,,227,True,Distance,471,938,940.0,M,False,3,2024-04-06,2024-04-07,True
15268,18000,165,400,,,,,,,,9,,2:13.21,,,,,227,True,Distance,471,938,940.0,M,False,3,2024-04-06,2024-04-07,True
15269,18001,158,4692,,,,,,,,9,,2:13.25,,,,,227,True,Distance,470,937,938.5,M,False,3,2024-04-06,2024-04-07,True
15270,18002,158,3170,,,,,,,,9,,2:13.28,,,,,227,True,Distance,469,937,937.5,M,False,3,2024-04-06,2024-04-07,True
15271,18003,167,751,,,,,,,,9,,2:13.32,,,,,227,True,Distance,469,936,937.0,M,False,3,2024-04-06,2024-04-07,True
15272,18004,146,3699,,,,,,,,9,,2:13.46,,,,,227,True,Distance,466,934,933.0,M,False,3,2024-04-06,2024-04-07,True
15273,18005,120,344,,,,,,,,9,,2:13.69,,,,,227,True,Distance,461,930,926.0,M,False,3,2024-04-06,2024-04-07,True
15274,18008,166,4726,,,,,,,,9,,2:14.24,,,,,227,True,Distance,451,921,911.5,M,False,3,2024-04-06,2024-04-07,True
15275,18009,164,727,,,,,,,,9,,2:14.29,,,,,227,True,Distance,450,920,910.0,M,False,3,2024-04-06,2024-04-07,True
15276,18010,188,3548,,,,,,,,9,,2:14.45,,,,,227,True,Distance,447,918,906.0,M,False,3,2024-04-06,2024-04-07,True
15277,18011,120,324,,,,,,,,9,,2:14.62,,,,,227,True,Distance,444,915,901.5,M,False,3,2024-04-06,2024-04-07,True
15278,18012,124,5577,,,,,,,,9,,2:15.07,,,,,227,True,Distance,435,908,889.0,M,False,3,2024-04-06,2024-04-07,True
15279,18013,158,2463,,,,,,,,9,,2:15.15,,,,,227,True,Distance,434,907,887.5,M,False,3,2024-04-06,2024-04-07,True
15280,18014,56,4460,,,,,,,,9,,2:15.18,,,,,227,True,Distance,433,906,886.0,M,False,3,2024-04-06,2024-04-07,True
15281,18015,75,3451,,,,,,,,9,,2:15.20,,,,,227,True,Distance,433,906,886.0,M,False,3,2024-04-06,2024-04-07,True
15282,18016,104,3772,,,,,,,,9,,2:15.26,,,,,227,True,Distance,432,905,884.5,M,False,3,2024-04-06,2024-04-07,True
15283,18017,1,8,,,,,,,,9,,2:15.27,,,,,227,True,Distance,432,905,884.5,M,False,3,2024-04-06,2024-04-07,True
15284,18019,203,1883,,,,,,,,9,,2:16.00,,,,,227,True,Distance,418,893,864.5,M,False,3,2024-04-06,2024-04-07,True
15285,18020,162,1696,,,,,,,,9,,2:16.56,,,,,227,True,Distance,408,885,850.5,M,False,3,2024-04-06,2024-04-07,True
15286,18021,167,5220,,,,,,,,9,,2:16.69,,,,,227,True,Distance,406,883,847.5,M,False,3,2024-04-06,2024-04-07,True
15287,18022,159,4364,,,,,,,,9,,2:16.74,,,,,227,True,Distance,405,882,846.0,M,False,3,2024-04-06,2024-04-07,True
15288,18023,158,2467,,,,,,,,9,,2:16.80,,,,,227,True,Distance,404,881,844.5,M,False,3,2024-04-06,2024-04-07,True
15289,18024,11,2987,,,,,,,,9,,2:16.85,,,,,227,True,Distance,403,880,843.0,M,False,3,2024-04-06,2024-04-07,True
15290,18025,159,752,,,,,,,,9,,2:16.97,,,,,227,True,Distance,401,878,840.0,M,False,3,2024-04-06,2024-04-07,True
15291,18026,124,2883,,,,,,,,9,,2:17.33,,,,,227,True,Distance,394,873,830.5,M,False,3,2024-04-06,2024-04-07,True
15292,18027,158,2474,,,,,,,,9,,2:17.47,,,,,227,True,Distance,392,871,827.5,M,False,3,2024-04-06,2024-04-07,True
15293,18028,124,2045,,,,,,,,9,,2:17.61,,,,,227,True,Distance,389,868,823.0,M,False,3,2024-04-06,2024-04-07,True
15294,18029,159,4714,,,,,,,,9,,2:17.71,,,,,227,True,Distance,388,867,821.5,M,False,3,2024-04-06,2024-04-07,True
15295,18030,63,2598,,,,,,,,9,,2:18.00,,,,,227,True,Distance,383,862,814.0,M,False,3,2024-04-06,2024-04-07,True
15296,18031,166,3595,,,,,,,,9,,2:18.20,,,,,227,True,Distance,379,859,808.5,M,False,3,2024-04-06,2024-04-07,True
15297,18032,178,1896,,,,,,,,9,,2:18.30,,,,,227,True,Distance,377,858,806.0,M,False,3,2024-04-06,2024-04-07,True
15298,18034,164,786,,,,,,,,9,,2:18.43,,,,,227,True,Distance,375,856,803.0,M,False,3,2024-04-06,2024-04-07,True
15299,18035,178,1870,,,,,,,,9,,2:18.52,,,,,227,True,Distance,374,854,801.0,M,False,3,2024-04-06,2024-04-07,True
15300,18018,162,1288,,,,,,,,9,,2:15.28,,,,,227,True,Distance,432,905,884.5,M,False,3,2024-04-06,2024-04-07,True
15301,18038,162,1284,,,,,,,,9,,2:19.27,,,,,227,True,Distance,361,843,782.5,M,False,3,2024-04-06,2024-04-07,True
15302,18039,95,5569,,,,,,,,9,,2:19.41,,,,,227,True,Distance,358,841,778.5,M,False,3,2024-04-06,2024-04-07,True
15303,18040,166,4728,,,,,,,,9,,2:19.61,,,,,227,True,Distance,355,838,774.0,M,False,3,2024-04-06,2024-04-07,True
15304,18042,120,327,,,,,,,,9,,2:20.24,,,,,227,True,Distance,345,828,759.0,M,False,3,2024-04-06,2024-04-07,True
15305,18043,167,794,,,,,,,,9,,2:20.57,,,,,227,True,Distance,339,823,750.5,M,False,3,2024-04-06,2024-04-07,True
15306,18044,169,4732,,,,,,,,9,,2:20.57,,,,,227,True,Distance,339,823,750.5,M,False,3,2024-04-06,2024-04-07,True
15307,18045,17,4194,,,,,,,,9,,2:20.99,,,,,227,True,Distance,332,817,740.5,M,False,3,2024-04-06,2024-04-07,True
15308,18046,56,3417,,,,,,,,9,,2:21.05,,,,,227,True,Distance,331,816,739.0,M,False,3,2024-04-06,2024-04-07,True
15309,18047,196,2373,,,,,,,,9,,2:21.06,,,,,227,True,Distance,331,816,739.0,M,False,3,2024-04-06,2024-04-07,True
15310,18049,158,2900,,,,,,,,9,,2:21.44,,,,,227,True,Distance,325,810,730.0,M,False,3,2024-04-06,2024-04-07,True
15311,18050,167,734,,,,,,,,9,,2:21.57,,,,,227,True,Distance,323,808,727.0,M,False,3,2024-04-06,2024-04-07,True
15312,18051,203,4407,,,,,,,,9,,2:21.93,,,,,227,True,Distance,317,803,718.5,M,False,3,2024-04-06,2024-04-07,True
15313,18052,75,2600,,,,,,,,9,,2:22.04,,,,,227,True,Distance,316,801,716.5,M,False,3,2024-04-06,2024-04-07,True
15314,18053,120,4010,,,,,,,,9,,2:22.15,,,,,227,True,Distance,314,800,714.0,M,False,3,2024-04-06,2024-04-07,True
15315,18054,63,5568,,,,,,,,9,,2:22.54,,,,,227,True,Distance,308,794,705.0,M,False,3,2024-04-06,2024-04-07,True
15316,18056,1,37,,,,,,,,9,,2:22.73,,,,,227,True,Distance,305,791,700.5,M,False,3,2024-04-06,2024-04-07,True
15317,18057,162,1323,,,,,,,,9,,2:22.78,,,,,227,True,Distance,304,790,699.0,M,False,3,2024-04-06,2024-04-07,True
15318,18058,196,2371,,,,,,,,9,,2:23.41,,,,,227,True,Distance,294,781,684.5,M,False,3,2024-04-06,2024-04-07,True
15319,18006,1,4603,,,,,,,,9,,2:13.90,,,,,227,True,Distance,457,927,920.5,M,False,3,2024-04-06,2024-04-07,True
15320,18041,203,1857,,,,,,,,9,,2:20.18,,,,,227,True,Distance,346,829,760.5,M,False,3,2024-04-06,2024-04-07,True
15321,17976,90,2566,,,,,,,,9,,2:09.79,,,,0.0,227,True,Distance,539,994,1036.0,M,False,3,2024-04-06,2024-04-07,True
15322,18033,196,954,,,,,,,,9,,2:18.43,,,,,227,True,Distance,375,856,803.0,M,False,3,2024-04-06,2024-04-07,True
15323,17998,146,1251,,,,,,,,9,,2:12.98,,,,,227,True,Distance,475,941,945.5,M,False,3,2024-04-06,2024-04-07,True
15324,17975,146,1245,,,,,,,,9,,2:09.68,,,,,227,True,Distance,541,995,1038.5,M,False,3,2024-04-06,2024-04-07,True
15325,18048,188,966,,,,,,,,9,,2:21.10,,,,,227,True,Distance,331,815,738.5,M,False,3,2024-04-06,2024-04-07,True
15326,18059,117,3993,,,,,,,,9,,2:23.54,,,,,227,True,Distance,292,779,681.5,M,False,3,2024-04-06,2024-04-07,True
15327,18060,86,1609,,,,,,,,9,,2:23.56,,,,,227,True,Distance,292,779,681.5,M,False,3,2024-04-06,2024-04-07,True
15328,18061,203,4420,,,,,,,,9,,2:23.58,,,,,227,True,Distance,292,779,681.5,M,False,3,2024-04-06,2024-04-07,True
15329,18062,158,2470,,,,,,,,9,,2:23.98,,,,,227,True,Distance,286,773,672.5,M,False,3,2024-04-06,2024-04-07,True
15330,18064,86,1598,,,,,,,,9,,2:24.85,,,,,227,True,Distance,273,760,653.0,M,False,3,2024-04-06,2024-04-07,True
15331,18065,159,789,,,,,,,,9,,2:25.39,,,,,227,True,Distance,265,752,641.0,M,False,3,2024-04-06,2024-04-07,True
15332,18066,167,708,,,,,,,,9,,2:25.79,,,,,227,True,Distance,259,747,632.5,M,False,3,2024-04-06,2024-04-07,True
15333,18158,79,3859,,,,,,,,11,,4:23.78,,,,,227,True,Distance,597,1022,1108.0,M,False,3,2024-04-06,2024-04-07,True
15334,18068,159,753,,,,,,,,9,,2:26.46,,,,,227,True,Distance,249,737,617.5,M,False,3,2024-04-06,2024-04-07,True
15335,18069,32,5579,,,,,,,,9,,2:26.81,,,,,227,True,Distance,245,732,611.0,M,False,3,2024-04-06,2024-04-07,True
15336,18070,61,4045,,,,,,,,9,,2:27.17,,,,,227,True,Distance,240,727,603.5,M,False,3,2024-04-06,2024-04-07,True
15337,18071,158,2491,,,,,,,,9,,2:27.63,,,,,227,True,Distance,233,720,593.0,M,False,3,2024-04-06,2024-04-07,True
15338,18072,17,3296,,,,,,,,9,,2:27.73,,,,,227,True,Distance,232,719,591.5,M,False,3,2024-04-06,2024-04-07,True
15339,18074,167,2626,,,,,,,,9,,2:27.78,,,,,227,True,Distance,231,718,590.0,M,False,3,2024-04-06,2024-04-07,True
15340,18075,158,2898,,,,,,,,9,,2:28.58,,,,,227,True,Distance,221,707,574.5,M,False,3,2024-04-06,2024-04-07,True
15341,18076,146,1309,,,,,,,,9,,2:29.05,,,,,227,True,Distance,214,700,564.0,M,False,3,2024-04-06,2024-04-07,True
15342,18077,32,5580,,,,,,,,9,,2:29.17,,,,,227,True,Distance,213,699,562.5,M,False,3,2024-04-06,2024-04-07,True
15343,18078,164,4433,,,,,,,,9,,2:30.81,,,,,227,True,Distance,192,676,530.0,M,False,3,2024-04-06,2024-04-07,True
15344,18079,167,2576,,,,,,,,9,,2:31.85,,,,,227,True,Distance,179,662,510.0,M,False,3,2024-04-06,2024-04-07,True
15345,18080,159,2759,,,,,,,,9,,2:31.85,,,,,227,True,Distance,179,662,510.0,M,False,3,2024-04-06,2024-04-07,True
15346,18081,167,5237,,,,,,,,9,,2:32.48,,,,,227,True,Distance,172,654,499.0,M,False,3,2024-04-06,2024-04-07,True
15347,18082,146,3686,,,,,,,,9,,2:32.94,,,,,227,True,Distance,167,648,491.0,M,False,3,2024-04-06,2024-04-07,True
15348,18083,196,2375,,,,,,,,9,,2:33.72,,,,,227,True,Distance,158,637,476.5,M,False,3,2024-04-06,2024-04-07,True
15349,18084,86,1612,,,,,,,,9,,2:34.07,,,,,227,True,Distance,154,633,470.5,M,False,3,2024-04-06,2024-04-07,True
15350,18085,117,3996,,,,,,,,9,,2:38.06,,,,,227,True,Distance,113,581,403.5,M,False,3,2024-04-06,2024-04-07,True
15351,18086,117,54,,,,,,,,9,,2:40.02,,,,,227,True,Distance,95,556,373.0,M,False,3,2024-04-06,2024-04-07,True
15352,18087,167,790,,,,,,,,9,,2:40.06,,,,,227,True,Distance,95,556,373.0,M,False,3,2024-04-06,2024-04-07,True
15353,18089,56,2202,,,,,,,,9,,2:42.68,,,,,227,True,Distance,73,524,335.0,M,False,3,2024-04-06,2024-04-07,True
15354,18090,139,1608,,,,,,,,9,,2:44.18,,,,,227,True,Distance,62,506,315.0,M,False,3,2024-04-06,2024-04-07,True
15355,18091,104,2051,,,,,,,,9,,2:44.71,,,,,227,True,Distance,59,500,309.0,M,False,3,2024-04-06,2024-04-07,True
15356,18092,196,3084,,,,,,,,9,,2:49.29,,,,,227,True,Distance,31,448,255.0,M,False,3,2024-04-06,2024-04-07,True
15357,18093,132,678,,,,,,,,11,,3:58.96,,,,,227,True,Distance,867,1214,1474.0,M,False,3,2024-04-06,2024-04-07,True
15358,18094,124,2858,,,,,,,,11,,4:01.92,,,,,227,True,Distance,832,1190,1427.0,M,False,3,2024-04-06,2024-04-07,True
15359,18095,124,1989,,,,,,,,11,,4:02.32,,,,,227,True,Distance,827,1187,1420.5,M,False,3,2024-04-06,2024-04-07,True
15360,18096,167,666,,,,,,,,11,,4:02.81,,,,,227,True,Distance,821,1183,1412.5,M,False,3,2024-04-06,2024-04-07,True
15361,18097,116,4535,,,,,,,,11,,4:03.26,,,,,227,True,Distance,816,1179,1405.5,M,False,3,2024-04-06,2024-04-07,True
15362,18098,56,2193,,,,,,,,11,,4:03.63,,,,,227,True,Distance,812,1176,1400.0,M,False,3,2024-04-06,2024-04-07,True
15363,18099,56,130,,,,,,,,11,,4:04.93,,,,,227,True,Distance,797,1166,1380.0,M,False,3,2024-04-06,2024-04-07,True
15364,18100,159,4368,,,,,,,,11,,4:05.89,,,,,227,True,Distance,786,1159,1365.5,M,False,3,2024-04-06,2024-04-07,True
15365,18101,56,123,,,,,,,,11,,4:06.46,,,,,227,True,Distance,780,1154,1357.0,M,False,3,2024-04-06,2024-04-07,True
15366,18102,203,2108,,,,,,,,11,,4:06.69,,,,,227,True,Distance,777,1152,1353.0,M,False,3,2024-04-06,2024-04-07,True
15367,18103,167,667,,,,,,,,11,,4:06.83,,,,,227,True,Distance,776,1151,1351.5,M,False,3,2024-04-06,2024-04-07,True
15368,18104,167,466,,,,,,,,11,,4:07.62,,,,,227,True,Distance,767,1145,1339.5,M,False,3,2024-04-06,2024-04-07,True
15369,18105,124,2855,,,,,,,,11,,4:07.83,,,,,227,True,Distance,764,1143,1335.5,M,False,3,2024-04-06,2024-04-07,True
15370,18063,139,5312,,,,,,,,9,,2:24.25,,,,,227,True,Distance,282,769,666.5,M,False,3,2024-04-06,2024-04-07,True
15371,18107,167,673,,,,,,,,11,,4:09.80,,,,,227,True,Distance,743,1128,1307.0,M,False,3,2024-04-06,2024-04-07,True
15372,18108,203,1809,,,,,,,,11,,4:10.57,,,,,227,True,Distance,734,1122,1295.0,M,False,3,2024-04-06,2024-04-07,True
15373,18109,167,468,,,,,,,,11,,4:10.86,,,,,227,True,Distance,731,1120,1291.0,M,False,3,2024-04-06,2024-04-07,True
15374,18110,164,4123,,,,,,,,11,,4:11.00,,,,,227,True,Distance,729,1119,1288.5,M,False,3,2024-04-06,2024-04-07,True
15375,18111,124,2859,,,,,,,,11,,4:11.03,,,,,227,True,Distance,729,1118,1288.0,M,False,3,2024-04-06,2024-04-07,True
15376,18112,124,1996,,,,,,,,11,,4:11.37,,,,,227,True,Distance,725,1116,1283.0,M,False,3,2024-04-06,2024-04-07,True
15377,18113,124,2853,,,,,,,,11,,4:11.53,,,,,227,True,Distance,724,1115,1281.5,M,False,3,2024-04-06,2024-04-07,True
15378,18114,165,395,,,,,,,,11,,4:11.68,,,,,227,True,Distance,722,1113,1278.5,M,False,3,2024-04-06,2024-04-07,True
15379,18115,146,4385,,,,,,,,11,,4:12.10,,,,,227,True,Distance,718,1110,1273.0,M,False,3,2024-04-06,2024-04-07,True
15380,18117,164,709,,,,,,,,11,,4:12.70,,,,,227,True,Distance,711,1105,1263.5,M,False,3,2024-04-06,2024-04-07,True
15381,18118,124,1998,,,,,,,,11,,4:12.81,,,,,227,True,Distance,710,1105,1262.5,M,False,3,2024-04-06,2024-04-07,True
15382,18119,164,689,,,,,,,,11,,4:13.26,,,,,227,True,Distance,705,1101,1255.5,M,False,3,2024-04-06,2024-04-07,True
15383,18120,122,1715,,,,,,,,11,,4:13.35,,,,,227,True,Distance,704,1100,1254.0,M,False,3,2024-04-06,2024-04-07,True
15384,18121,96,364,,,,,,,,11,,4:13.35,,,,,227,True,Distance,704,1100,1254.0,M,False,3,2024-04-06,2024-04-07,True
15385,18122,159,706,,,,,,,,11,,4:13.94,,,,,227,True,Distance,698,1096,1246.0,M,False,3,2024-04-06,2024-04-07,True
15386,18123,167,685,,,,,,,,11,,4:14.35,,,,,227,True,Distance,693,1093,1239.5,M,False,3,2024-04-06,2024-04-07,True
15387,18124,61,1655,,,,,,,,11,,4:14.39,,,,,227,True,Distance,693,1093,1239.5,M,False,3,2024-04-06,2024-04-07,True
15388,18125,167,2584,,,,,,,,11,,4:15.17,,,,,227,True,Distance,685,1087,1228.5,M,False,3,2024-04-06,2024-04-07,True
15389,18126,132,693,,,,,,,,11,,4:16.15,,,,,227,True,Distance,674,1079,1213.5,M,False,3,2024-04-06,2024-04-07,True
15390,18127,11,2949,,,,,,,,11,,4:16.20,,,,,227,True,Distance,674,1079,1213.5,M,False,3,2024-04-06,2024-04-07,True
15391,18128,124,2003,,,,,,,,11,,4:16.47,,,,,227,True,Distance,671,1077,1209.5,M,False,3,2024-04-06,2024-04-07,True
15392,18129,167,669,,,,,,,,11,,4:16.81,,,,,227,True,Distance,668,1074,1205.0,M,False,3,2024-04-06,2024-04-07,True
15393,18130,159,705,,,,,,,,11,,4:17.47,,,,,227,True,Distance,661,1069,1195.5,M,False,3,2024-04-06,2024-04-07,True
15394,18131,132,5409,,,,,,,,11,,4:17.52,,,,,227,True,Distance,660,1069,1194.5,M,False,3,2024-04-06,2024-04-07,True
15395,18132,75,1525,,,,,,,,11,,4:17.60,,,,,227,True,Distance,659,1068,1193.0,M,False,3,2024-04-06,2024-04-07,True
15396,18133,196,2348,,,,,,,,11,,4:17.70,,,,,227,True,Distance,658,1067,1191.5,M,False,3,2024-04-06,2024-04-07,True
15397,18134,196,5025,,,,,,,,11,,4:17.87,,,,,227,True,Distance,657,1066,1190.0,M,False,3,2024-04-06,2024-04-07,True
15398,18135,203,1835,,,,,,,,11,,4:18.45,,,,,227,True,Distance,651,1062,1182.0,M,False,3,2024-04-06,2024-04-07,True
15399,18136,117,156,,,,,,,,11,,4:18.62,,,,,227,True,Distance,649,1060,1179.0,M,False,3,2024-04-06,2024-04-07,True
15400,18137,104,2006,,,,,,,,11,,4:18.96,,,,,227,True,Distance,645,1058,1174.0,M,False,3,2024-04-06,2024-04-07,True
15401,18138,96,367,,,,,,,,11,,4:19.67,,,,,227,True,Distance,638,1052,1164.0,M,False,3,2024-04-06,2024-04-07,True
15402,18139,146,1258,,,,,,,,11,,4:19.75,,,,,227,True,Distance,637,1052,1163.0,M,False,3,2024-04-06,2024-04-07,True
15403,18141,86,1539,,,,,,,,11,,4:20.02,,,,,227,True,Distance,635,1050,1160.0,M,False,3,2024-04-06,2024-04-07,True
15404,18142,124,2013,,,,,,,,11,,4:20.14,,,,,227,True,Distance,633,1049,1157.5,M,False,3,2024-04-06,2024-04-07,True
15405,18143,199,1842,,,,,,,,11,,4:20.81,,,,,227,True,Distance,627,1044,1149.0,M,False,3,2024-04-06,2024-04-07,True
15406,18144,32,5581,,,,,,,,11,,4:20.82,,,,,227,True,Distance,626,1044,1148.0,M,False,3,2024-04-06,2024-04-07,True
15407,18145,178,1824,,,,,,,,11,,4:20.95,,,,,227,True,Distance,625,1043,1146.5,M,False,3,2024-04-06,2024-04-07,True
15408,18146,203,1822,,,,,,,,11,,4:21.00,,,,,227,True,Distance,625,1042,1146.0,M,False,3,2024-04-06,2024-04-07,True
15409,18147,124,2009,,,,,,,,11,,4:21.03,,,,,227,True,Distance,624,1042,1145.0,M,False,3,2024-04-06,2024-04-07,True
15410,18148,159,2168,,,,,,,,11,,4:21.35,,,,,227,True,Distance,621,1040,1141.0,M,False,3,2024-04-06,2024-04-07,True
15411,18149,17,3267,,,,,,,,11,,4:21.36,,,,,227,True,Distance,621,1040,1141.0,M,False,3,2024-04-06,2024-04-07,True
15412,18150,167,704,,,,,,,,11,,4:21.66,,,,,227,True,Distance,618,1038,1137.0,M,False,3,2024-04-06,2024-04-07,True
15413,18151,75,2071,,,,,,,,11,,4:21.73,,,,,227,True,Distance,617,1037,1135.5,M,False,3,2024-04-06,2024-04-07,True
15414,18152,165,396,,,,,,,,11,,4:21.83,,,,,227,True,Distance,616,1036,1134.0,M,False,3,2024-04-06,2024-04-07,True
15415,18154,203,2113,,,,,,,,11,,4:22.85,,,,,227,True,Distance,606,1029,1120.5,M,False,3,2024-04-06,2024-04-07,True
15416,18155,165,4435,,,,,,,,11,,4:22.89,,,,,227,True,Distance,606,1028,1120.0,M,False,3,2024-04-06,2024-04-07,True
15417,18156,164,700,,,,,,,,11,,4:23.11,,,,,227,True,Distance,603,1027,1116.5,M,False,3,2024-04-06,2024-04-07,True
15418,18157,124,2000,,,,,,,,11,,4:23.67,,,,,227,True,Distance,598,1023,1109.5,M,False,3,2024-04-06,2024-04-07,True
15419,18159,159,674,,,,,,,,11,,4:23.95,,,,,227,True,Distance,595,1021,1105.5,M,False,3,2024-04-06,2024-04-07,True
15420,18160,11,2967,,,,,,,,11,,4:24.17,,,,,227,True,Distance,593,1019,1102.5,M,False,3,2024-04-06,2024-04-07,True
15421,18161,166,3596,,,,,,,,11,,4:24.92,,,,,227,True,Distance,586,1013,1092.5,M,False,3,2024-04-06,2024-04-07,True
15422,18162,124,2001,,,,,,,,11,,4:25.35,,,,,227,True,Distance,581,1010,1086.0,M,False,3,2024-04-06,2024-04-07,True
15423,18163,159,694,,,,,,,,11,,4:25.53,,,,,227,True,Distance,580,1009,1084.5,M,False,3,2024-04-06,2024-04-07,True
15424,18088,196,960,,,,,,,,9,,2:42.63,,,,,227,True,Distance,74,525,336.5,M,False,3,2024-04-06,2024-04-07,True
15425,18073,88,550,So,,,,,,,9,,2:27.77,,,,0.0,227,True,Distance,231,718,590.0,M,False,3,2024-04-06,2024-04-07,True
15426,18167,95,5582,,,,,,,,11,,4:26.30,,,,,227,True,Distance,572,1003,1073.5,M,False,3,2024-04-06,2024-04-07,True
15427,18168,122,1717,,,,,,,,11,,4:26.32,,,,,227,True,Distance,572,1003,1073.5,M,False,3,2024-04-06,2024-04-07,True
15428,18169,167,702,,,,,,,,11,,4:26.64,,,,,227,True,Distance,569,1001,1069.5,M,False,3,2024-04-06,2024-04-07,True
15429,18170,104,2023,,,,,,,,11,,4:26.75,,,,,227,True,Distance,568,1000,1068.0,M,False,3,2024-04-06,2024-04-07,True
15430,18171,96,365,,,,,,,,11,,4:26.77,,,,,227,True,Distance,568,1000,1068.0,M,False,3,2024-04-06,2024-04-07,True
15431,18173,1,20,,,,,,,,11,,4:26.98,,,,,227,True,Distance,566,998,1065.0,M,False,3,2024-04-06,2024-04-07,True
15432,18174,1,37,,,,,,,,11,,4:27.81,,,,,227,True,Distance,558,992,1054.0,M,False,3,2024-04-06,2024-04-07,True
15433,18175,124,2011,,,,,,,,11,,4:27.91,,,,,227,True,Distance,557,991,1052.5,M,False,3,2024-04-06,2024-04-07,True
15434,18176,1,471,,,,,,,,11,,4:28.43,,,,,227,True,Distance,552,988,1046.0,M,False,3,2024-04-06,2024-04-07,True
15435,18177,167,3011,,,,,,,,11,,4:28.47,,,,,227,True,Distance,552,987,1045.5,M,False,3,2024-04-06,2024-04-07,True
15436,18179,196,5583,,,,,,,,11,,4:28.63,,,,,227,True,Distance,550,986,1043.0,M,False,3,2024-04-06,2024-04-07,True
15437,18180,167,710,,,,,,,,11,,4:28.85,,,,,227,True,Distance,548,985,1040.5,M,False,3,2024-04-06,2024-04-07,True
15438,18181,165,397,,,,,,,,11,,4:29.07,,,,,227,True,Distance,546,983,1037.5,M,False,3,2024-04-06,2024-04-07,True
15439,18182,132,692,,,,,,,,11,,4:29.16,,,,,227,True,Distance,545,982,1036.0,M,False,3,2024-04-06,2024-04-07,True
15440,18218,75,1534,,,,,,,,11,,4:38.15,,,,,227,True,Distance,464,918,923.0,M,False,3,2024-04-06,2024-04-07,True
15441,18185,169,1198,,,,,,,,11,,4:29.64,,,,,227,True,Distance,541,979,1030.5,M,False,3,2024-04-06,2024-04-07,True
15442,18186,164,2727,,,,,,,,11,,4:30.14,,,,,227,True,Distance,536,975,1023.5,M,False,3,2024-04-06,2024-04-07,True
15443,18187,117,188,,,,,,,,11,,4:30.16,,,,,227,True,Distance,536,975,1023.5,M,False,3,2024-04-06,2024-04-07,True
15444,18188,146,5272,,,,,,,,11,,4:30.31,,,,,227,True,Distance,534,974,1021.0,M,False,3,2024-04-06,2024-04-07,True
15445,18189,188,3547,,,,,,,,11,,4:30.48,,,,,227,True,Distance,533,973,1019.5,M,False,3,2024-04-06,2024-04-07,True
15446,18190,164,691,,,,,,,,11,,4:30.96,,,,,227,True,Distance,528,969,1012.5,M,False,3,2024-04-06,2024-04-07,True
15447,18191,167,5230,,,,,,,,11,,4:30.98,,,,,227,True,Distance,528,969,1012.5,M,False,3,2024-04-06,2024-04-07,True
15448,18192,56,2199,,,,,,,,11,,4:31.12,,,,,227,True,Distance,527,968,1011.0,M,False,3,2024-04-06,2024-04-07,True
15449,18193,167,711,,,,,,,,11,,4:31.29,,,,,227,True,Distance,525,967,1008.5,M,False,3,2024-04-06,2024-04-07,True
15450,18194,139,1589,,,,,,,,11,,4:31.42,,,,,227,True,Distance,524,966,1007.0,M,False,3,2024-04-06,2024-04-07,True
15451,18195,124,5500,,,,,,,,11,,4:33.08,,,,,227,True,Distance,509,954,986.0,M,False,3,2024-04-06,2024-04-07,True
15452,18196,164,747,,,,,,,,11,,4:33.15,,,,,227,True,Distance,508,954,985.0,M,False,3,2024-04-06,2024-04-07,True
15453,18172,139,7694,,,,,,,,11,,4:26.89,,,,,227,True,Distance,567,999,1066.5,M,False,3,2024-04-06,2024-04-07,True
15454,18198,188,3548,,,,,,,,11,,4:34.32,,,,,227,True,Distance,497,945,969.5,M,False,3,2024-04-06,2024-04-07,True
15455,18199,167,3015,,,,,,,,11,,4:34.52,,,,,227,True,Distance,496,944,968.0,M,False,3,2024-04-06,2024-04-07,True
15456,18201,158,2454,,,,,,,,11,,4:34.91,,,,,227,True,Distance,492,941,962.5,M,False,3,2024-04-06,2024-04-07,True
15457,18202,11,2975,,,,,,,,11,,4:35.01,,,,,227,True,Distance,491,940,961.0,M,False,3,2024-04-06,2024-04-07,True
15458,18203,124,2045,,,,,,,,11,,4:35.17,,,,,227,True,Distance,490,939,959.5,M,False,3,2024-04-06,2024-04-07,True
15459,18204,167,751,,,,,,,,11,,4:35.64,,,,,227,True,Distance,486,936,954.0,M,False,3,2024-04-06,2024-04-07,True
15460,18205,146,3713,,,,,,,,11,,4:35.86,,,,,227,True,Distance,484,934,951.0,M,False,3,2024-04-06,2024-04-07,True
15461,18206,165,2174,,,,,,,,11,,4:35.90,,,,,227,True,Distance,483,934,950.0,M,False,3,2024-04-06,2024-04-07,True
15462,18207,167,742,,,,,,,,11,,4:36.20,,,,,227,True,Distance,481,932,947.0,M,False,3,2024-04-06,2024-04-07,True
15463,18208,158,3133,,,,,,,,11,,4:36.38,,,,,227,True,Distance,479,931,944.5,M,False,3,2024-04-06,2024-04-07,True
15464,18209,164,721,,,,,,,,11,,4:36.73,,,,,227,True,Distance,476,928,940.0,M,False,3,2024-04-06,2024-04-07,True
15465,18210,11,4057,,,,,,,,11,,4:36.79,,,,,227,True,Distance,476,928,940.0,M,False,3,2024-04-06,2024-04-07,True
15466,18211,188,938,,,,,,,,11,,4:37.28,,,,,227,True,Distance,471,924,933.0,M,False,3,2024-04-06,2024-04-07,True
15467,18212,1,19,,,,,,,,11,,4:37.38,,,,,227,True,Distance,470,924,932.0,M,False,3,2024-04-06,2024-04-07,True
15468,18213,146,3732,,,,,,,,11,,4:37.48,,,,,227,True,Distance,469,923,930.5,M,False,3,2024-04-06,2024-04-07,True
15469,18215,117,161,,,,,,,,11,,4:37.75,,,,,227,True,Distance,467,921,927.5,M,False,3,2024-04-06,2024-04-07,True
15470,18216,75,2561,,,,,,,,11,,4:37.86,,,,,227,True,Distance,466,920,926.0,M,False,3,2024-04-06,2024-04-07,True
15471,18217,117,12,,,,,,,,11,,4:38.00,,,,,227,True,Distance,465,919,924.5,M,False,3,2024-04-06,2024-04-07,True
15472,18219,158,2451,,,,,,,,11,,4:38.31,,,,,227,True,Distance,462,917,920.5,M,False,3,2024-04-06,2024-04-07,True
15473,18220,158,2473,,,,,,,,11,,4:38.40,,,,,227,True,Distance,461,916,919.0,M,False,3,2024-04-06,2024-04-07,True
15474,18222,164,727,,,,,,,,11,,4:39.87,,,,,227,True,Distance,449,906,902.0,M,False,3,2024-04-06,2024-04-07,True
15475,18223,203,1897,,,,,,,,11,,4:40.13,,,,,227,True,Distance,447,904,899.0,M,False,3,2024-04-06,2024-04-07,True
15476,18224,146,5271,,,,,,,,11,,4:40.17,,,,,227,True,Distance,446,904,898.0,M,False,3,2024-04-06,2024-04-07,True
15477,18225,167,743,,,,,,,,11,,4:40.38,,,,,227,True,Distance,444,903,895.5,M,False,3,2024-04-06,2024-04-07,True
15478,18226,158,2456,,,,,,,,11,,4:40.52,,,,,227,True,Distance,443,902,894.0,M,False,3,2024-04-06,2024-04-07,True
15479,18227,167,695,,,,,,,,11,,4:40.93,,,,,227,True,Distance,440,899,889.5,M,False,3,2024-04-06,2024-04-07,True
15480,18228,117,38,,,,,,,,11,,4:41.43,,,,,227,True,Distance,436,895,883.5,M,False,3,2024-04-06,2024-04-07,True
15481,18229,86,1578,,,,,,,,11,,4:41.55,,,,,227,True,Distance,435,895,882.5,M,False,3,2024-04-06,2024-04-07,True
15482,18230,75,3451,,,,,,,,11,,4:41.56,,,,,227,True,Distance,434,894,881.0,M,False,3,2024-04-06,2024-04-07,True
15483,18231,203,1883,,,,,,,,11,,4:41.71,,,,,227,True,Distance,433,893,879.5,M,False,3,2024-04-06,2024-04-07,True
15484,18232,158,4692,,,,,,,,11,,4:42.58,,,,,227,True,Distance,426,887,869.5,M,False,3,2024-04-06,2024-04-07,True
15485,18233,132,3153,,,,,,,,11,,4:42.66,,,,,227,True,Distance,425,887,868.5,M,False,3,2024-04-06,2024-04-07,True
15486,18234,178,1853,,,,,,,,11,,4:42.81,,,,,227,True,Distance,424,886,867.0,M,False,3,2024-04-06,2024-04-07,True
15487,18235,166,4726,,,,,,,,11,,4:43.23,,,,,227,True,Distance,421,883,862.5,M,False,3,2024-04-06,2024-04-07,True
15488,18236,104,2020,,,,,,,,11,,4:43.62,,,,,227,True,Distance,417,880,857.0,M,False,3,2024-04-06,2024-04-07,True
15489,18238,146,5573,,,,,,,,11,,4:44.97,,,,,227,True,Distance,406,871,841.5,M,False,3,2024-04-06,2024-04-07,True
15490,18239,17,3296,,,,,,,,11,,4:45.24,,,,,227,True,Distance,404,869,838.5,M,False,3,2024-04-06,2024-04-07,True
15491,18240,158,4335,,,,,,,,11,,4:45.36,,,,,227,True,Distance,403,868,837.0,M,False,3,2024-04-06,2024-04-07,True
15492,18241,203,5117,,,,,,,,11,,4:45.43,,,,,227,True,Distance,403,868,837.0,M,False,3,2024-04-06,2024-04-07,True
15493,18242,203,2123,,,,,,,,11,,4:45.53,,,,,227,True,Distance,402,867,835.5,M,False,3,2024-04-06,2024-04-07,True
15494,18243,95,5585,,,,,,,,11,,4:45.93,,,,,227,True,Distance,398,864,830.0,M,False,3,2024-04-06,2024-04-07,True
15495,18244,196,2359,,,,,,,,11,,4:46.20,,,,,227,True,Distance,396,863,827.5,M,False,3,2024-04-06,2024-04-07,True
15496,18245,202,2908,,,,,,,,11,,4:46.96,,,,,227,True,Distance,390,857,818.5,M,False,3,2024-04-06,2024-04-07,True
15497,18246,158,2474,,,,,,,,11,,4:47.02,,,,,227,True,Distance,390,857,818.5,M,False,3,2024-04-06,2024-04-07,True
15498,18247,203,3852,,,,,,,,11,,4:47.03,,,,,227,True,Distance,390,857,818.5,M,False,3,2024-04-06,2024-04-07,True
15499,18248,159,4714,,,,,,,,11,,4:47.05,,,,,227,True,Distance,390,857,818.5,M,False,3,2024-04-06,2024-04-07,True
15500,18249,178,1870,,,,,,,,11,,4:47.18,,,,,227,True,Distance,388,856,816.0,M,False,3,2024-04-06,2024-04-07,True
15501,18250,75,2582,,,,,,,,11,,4:47.50,,,,,227,True,Distance,386,854,813.0,M,False,3,2024-04-06,2024-04-07,True
15502,18251,167,2608,,,,,,,,11,,4:47.92,,,,,227,True,Distance,383,851,808.5,M,False,3,2024-04-06,2024-04-07,True
15503,18252,86,3012,,,,,,,,11,,4:48.24,,,,,227,True,Distance,380,849,804.5,M,False,3,2024-04-06,2024-04-07,True
15504,18253,158,2900,,,,,,,,11,,4:48.38,,,,,227,True,Distance,379,848,803.0,M,False,3,2024-04-06,2024-04-07,True
15505,18254,203,1900,,,,,,,,11,,4:48.42,,,,,227,True,Distance,379,848,803.0,M,False,3,2024-04-06,2024-04-07,True
15506,18255,167,734,,,,,,,,11,,4:48.74,,,,,227,True,Distance,376,845,798.5,M,False,3,2024-04-06,2024-04-07,True
15507,18256,178,1896,,,,,,,,11,,4:48.78,,,,,227,True,Distance,376,845,798.5,M,False,3,2024-04-06,2024-04-07,True
15508,18257,199,1895,,,,,,,,11,,4:49.49,,,,,227,True,Distance,370,840,790.0,M,False,3,2024-04-06,2024-04-07,True
15509,18258,111,333,,,,,,,,11,,4:49.54,,,,,227,True,Distance,370,840,790.0,M,False,3,2024-04-06,2024-04-07,True
15510,18259,167,778,,,,,,,,11,,4:50.00,,,,,227,True,Distance,366,837,784.5,M,False,3,2024-04-06,2024-04-07,True
15511,18260,203,3231,,,,,,,,11,,4:50.16,,,,,227,True,Distance,365,836,783.0,M,False,3,2024-04-06,2024-04-07,True
15512,18261,162,1696,,,,,,,,11,,4:50.23,,,,,227,True,Distance,365,835,782.5,M,False,3,2024-04-06,2024-04-07,True
15513,18262,63,2598,,,,,,,,11,,4:50.72,,,,,227,True,Distance,361,832,777.0,M,False,3,2024-04-06,2024-04-07,True
15514,18263,196,913,,,,,,,,11,,4:50.84,,,,,227,True,Distance,360,831,775.5,M,False,3,2024-04-06,2024-04-07,True
15515,18264,202,5586,,,,,,,,11,,4:51.01,,,,,227,True,Distance,359,830,774.0,M,False,3,2024-04-06,2024-04-07,True
15516,18265,158,2463,,,,,,,,11,,4:51.26,,,,,227,True,Distance,357,829,771.5,M,False,3,2024-04-06,2024-04-07,True
15517,18266,167,760,,,,,,,,11,,4:51.54,,,,,227,True,Distance,355,827,768.5,M,False,3,2024-04-06,2024-04-07,True
15518,18267,159,761,,,,,,,,11,,4:51.86,,,,,227,True,Distance,352,825,764.5,M,False,3,2024-04-06,2024-04-07,True
15519,18268,158,2467,,,,,,,,11,,4:52.28,,,,,227,True,Distance,349,822,760.0,M,False,3,2024-04-06,2024-04-07,True
15520,18269,120,324,,,,,,,,11,,4:52.56,,,,,227,True,Distance,347,820,757.0,M,False,3,2024-04-06,2024-04-07,True
15521,18270,167,5220,,,,,,,,11,,4:52.57,,,,,227,True,Distance,347,820,757.0,M,False,3,2024-04-06,2024-04-07,True
15522,18271,167,736,,,,,,,,11,,4:52.80,,,,,227,True,Distance,345,818,754.0,M,False,3,2024-04-06,2024-04-07,True
15523,18272,75,2600,,,,,,,,11,,4:53.26,,,,,227,True,Distance,342,815,749.5,M,False,3,2024-04-06,2024-04-07,True
15524,18184,1,4603,,,,,,,,11,,4:29.59,,,,,227,True,Distance,541,979,1030.5,M,False,3,2024-04-06,2024-04-07,True
15525,18221,162,1266,,,,,,,,11,,4:39.61,,,,,227,True,Distance,451,908,905.0,M,False,3,2024-04-06,2024-04-07,True
15526,18166,162,1288,,,,,,,,11,,4:26.21,,,,,227,True,Distance,573,1004,1075.0,M,False,3,2024-04-06,2024-04-07,True
15527,18214,203,1857,,,,,,,,11,,4:37.58,,,,,227,True,Distance,469,922,930.0,M,False,3,2024-04-06,2024-04-07,True
15528,18178,146,1245,,,,,,,,11,,4:28.62,,,,,227,True,Distance,550,986,1043.0,M,False,3,2024-04-06,2024-04-07,True
15529,18273,75,2557,,,,,,,,11,,4:53.33,,,,,227,True,Distance,341,815,748.5,M,False,3,2024-04-06,2024-04-07,True
15530,18274,167,794,,,,,,,,11,,4:54.04,,,,,227,True,Distance,336,810,741.0,M,False,3,2024-04-06,2024-04-07,True
15531,18275,167,5245,,,,,,,,11,,4:54.37,,,,,227,True,Distance,333,808,737.0,M,False,3,2024-04-06,2024-04-07,True
15532,18276,159,5565,,,,,,,,11,,4:54.98,,,,,227,True,Distance,329,804,731.0,M,False,3,2024-04-06,2024-04-07,True
15533,18277,17,4194,,,,,,,,11,,4:55.13,,,,,227,True,Distance,328,803,729.5,M,False,3,2024-04-06,2024-04-07,True
15534,18278,159,789,,,,,,,,11,,4:55.14,,,,,227,True,Distance,328,803,729.5,M,False,3,2024-04-06,2024-04-07,True
15535,18279,203,3064,,,,,,,,11,,4:55.56,,,,,227,True,Distance,325,800,725.0,M,False,3,2024-04-06,2024-04-07,True
15536,18280,158,2898,,,,,,,,11,,4:55.62,,,,,227,True,Distance,324,800,724.0,M,False,3,2024-04-06,2024-04-07,True
15537,18281,169,4733,,,,,,,,11,,4:55.78,,,,,227,True,Distance,323,799,722.5,M,False,3,2024-04-06,2024-04-07,True
15538,18282,158,4339,,,,,,,,11,,4:55.99,,,,,227,True,Distance,322,797,720.5,M,False,3,2024-04-06,2024-04-07,True
15539,18283,169,4732,,,,,,,,11,,4:56.46,,,,,227,True,Distance,318,794,715.0,M,False,3,2024-04-06,2024-04-07,True
15540,18285,120,327,,,,,,,,11,,4:56.74,,,,,227,True,Distance,316,792,712.0,M,False,3,2024-04-06,2024-04-07,True
15541,18286,203,4420,,,,,,,,11,,4:56.97,,,,,227,True,Distance,315,791,710.5,M,False,3,2024-04-06,2024-04-07,True
15542,18287,162,1323,,,,,,,,11,,4:56.99,,,,,227,True,Distance,314,791,709.5,M,False,3,2024-04-06,2024-04-07,True
15543,18288,164,786,,,,,,,,11,,4:56.99,,,,,227,True,Distance,314,791,709.5,M,False,3,2024-04-06,2024-04-07,True
15544,18289,158,2470,,,,,,,,11,,4:58.67,,,,,227,True,Distance,302,780,692.0,M,False,3,2024-04-06,2024-04-07,True
15545,18290,167,2576,,,,,,,,11,,4:59.24,,,,,227,True,Distance,298,776,686.0,M,False,3,2024-04-06,2024-04-07,True
15546,18291,203,4407,,,,,,,,11,,4:59.32,,,,,227,True,Distance,298,776,686.0,M,False,3,2024-04-06,2024-04-07,True
15547,18292,162,1284,,,,,,,,11,,5:00.50,,,,,227,True,Distance,290,768,674.0,M,False,3,2024-04-06,2024-04-07,True
15548,18293,164,4433,,,,,,,,11,,5:01.64,,,,,227,True,Distance,282,761,662.5,M,False,3,2024-04-06,2024-04-07,True
15549,18294,159,752,,,,,,,,11,,5:02.04,,,,,227,True,Distance,279,758,658.0,M,False,3,2024-04-06,2024-04-07,True
15550,18295,203,1841,,,,,,,,11,,5:02.19,,,,,227,True,Distance,278,757,656.5,M,False,3,2024-04-06,2024-04-07,True
15551,18296,196,2373,,,,,,,,11,,5:02.62,,,,,227,True,Distance,275,755,652.5,M,False,3,2024-04-06,2024-04-07,True
15552,18297,86,1597,,,,,,,,11,,5:03.14,,,,,227,True,Distance,272,751,647.5,M,False,3,2024-04-06,2024-04-07,True
15553,18298,86,1598,,,,,,,,11,,5:03.61,,,,,227,True,Distance,269,748,643.0,M,False,3,2024-04-06,2024-04-07,True
15554,18299,117,3996,,,,,,,,11,,5:03.76,,,,,227,True,Distance,268,747,641.5,M,False,3,2024-04-06,2024-04-07,True
15555,18300,142,756,,,,,,,,11,,5:03.91,,,,,227,True,Distance,267,746,640.0,M,False,3,2024-04-06,2024-04-07,True
15556,18302,202,5587,,,,,,,,11,,5:05.15,,,,,227,True,Distance,259,739,628.5,M,False,3,2024-04-06,2024-04-07,True
15557,18303,146,1309,,,,,,,,11,,5:05.68,,,,,227,True,Distance,255,735,622.5,M,False,3,2024-04-06,2024-04-07,True
15558,18304,167,754,,,,,,,,11,,5:06.14,,,,,227,True,Distance,252,732,618.0,M,False,3,2024-04-06,2024-04-07,True
15559,18305,32,5580,,,,,,,,11,,5:06.50,,,,,227,True,Distance,250,730,615.0,M,False,3,2024-04-06,2024-04-07,True
15560,18306,111,347,,,,,,,,11,,5:06.64,,,,,227,True,Distance,249,729,613.5,M,False,3,2024-04-06,2024-04-07,True
15561,18307,158,2469,,,,,,,,11,,5:06.75,,,,,227,True,Distance,248,728,612.0,M,False,3,2024-04-06,2024-04-07,True
15562,18308,196,2375,,,,,,,,11,,5:07.94,,,,,227,True,Distance,241,721,601.5,M,False,3,2024-04-06,2024-04-07,True
15563,18309,159,4361,,,,,,,,11,,5:08.30,,,,,227,True,Distance,239,719,598.5,M,False,3,2024-04-06,2024-04-07,True
15564,18310,199,1887,,,,,,,,11,,5:08.62,,,,,227,True,Distance,237,717,595.5,M,False,3,2024-04-06,2024-04-07,True
15565,18312,159,762,,,,,,,,11,,5:09.65,,,,,227,True,Distance,230,710,585.0,M,False,3,2024-04-06,2024-04-07,True
15566,18313,120,4010,,,,,,,,11,,5:09.68,,,,,227,True,Distance,230,710,585.0,M,False,3,2024-04-06,2024-04-07,True
15567,18314,111,984,,,,,,,,11,,5:10.43,,,,,227,True,Distance,226,706,579.0,M,False,3,2024-04-06,2024-04-07,True
15568,18315,146,3686,,,,,,,,11,,5:11.05,,,,,227,True,Distance,222,702,573.0,M,False,3,2024-04-06,2024-04-07,True
15569,18316,196,948,,,,,,,,11,,5:11.21,,,,,227,True,Distance,221,701,571.5,M,False,3,2024-04-06,2024-04-07,True
15570,18317,86,1609,,,,,,,,11,,5:12.79,,,,,227,True,Distance,211,691,556.5,M,False,3,2024-04-06,2024-04-07,True
15571,18319,86,1612,,,,,,,,11,,5:14.23,,,,,227,True,Distance,203,682,544.0,M,False,3,2024-04-06,2024-04-07,True
15572,18320,202,5589,,,,,,,,11,,5:17.74,,,,,227,True,Distance,183,661,513.5,M,False,3,2024-04-06,2024-04-07,True
15573,18321,167,5237,,,,,,,,11,,5:18.38,,,,,227,True,Distance,180,658,509.0,M,False,3,2024-04-06,2024-04-07,True
15574,18322,117,3355,,,,,,,,11,,5:20.76,,,,,227,True,Distance,167,644,489.0,M,False,3,2024-04-06,2024-04-07,True
15575,18323,178,3082,,,,,,,,11,,5:21.05,,,,,227,True,Distance,166,642,487.0,M,False,3,2024-04-06,2024-04-07,True
15576,18324,56,2202,,,,,,,,11,,5:21.74,,,,,227,True,Distance,162,638,481.0,M,False,3,2024-04-06,2024-04-07,True
15577,18325,142,771,,,,,,,,11,,5:22.84,,,,,227,True,Distance,157,631,472.5,M,False,3,2024-04-06,2024-04-07,True
15578,18327,159,798,,,,,,,,11,,5:24.32,,,,,227,True,Distance,149,623,460.5,M,False,3,2024-04-06,2024-04-07,True
15579,18328,75,1602,,,,,,,,11,,5:25.62,,,,,227,True,Distance,143,615,450.5,M,False,3,2024-04-06,2024-04-07,True
15580,18330,196,2371,,,,,,,,11,,5:30.42,,,,,227,True,Distance,121,588,415.0,M,False,3,2024-04-06,2024-04-07,True
15581,18331,117,54,,,,,,,,11,,5:30.77,,,,,227,True,Distance,119,586,412.0,M,False,3,2024-04-06,2024-04-07,True
15582,18332,158,4694,,,,,,,,11,,5:34.66,,,,,227,True,Distance,102,564,384.0,M,False,3,2024-04-06,2024-04-07,True
15583,18334,104,2051,,,,,,,,11,,5:44.55,,,,,227,True,Distance,66,511,321.5,M,False,3,2024-04-06,2024-04-07,True
15584,18335,139,1608,,,,,,,,11,,5:45.79,,,,,227,True,Distance,62,505,314.5,M,False,3,2024-04-06,2024-04-07,True
15585,18336,196,3084,,,,,,,,11,,5:51.65,,,,,227,True,Distance,45,475,282.5,M,False,3,2024-04-06,2024-04-07,True
15586,18337,32,5590,,,,,,,,11,,5:52.45,,,,,227,True,Distance,43,471,278.5,M,False,3,2024-04-06,2024-04-07,True
15587,18338,139,1615,,,,,,,,11,,6:00.94,,,,,227,True,Distance,23,429,237.5,M,False,3,2024-04-06,2024-04-07,True
15588,18339,167,466,,,,,,,,20,,9:28.97,,,,,227,True,Distance,877,1171,1462.5,M,False,3,2024-04-06,2024-04-07,True
15589,18340,167,667,,,,,,,,20,,9:34.59,,,,,227,True,Distance,856,1157,1434.5,M,False,3,2024-04-06,2024-04-07,True
15590,18341,167,5236,,,,,,,,20,,9:38.82,,,,,227,True,Distance,840,1147,1413.5,M,False,3,2024-04-06,2024-04-07,True
15591,18342,124,1996,,,,,,,,20,,9:39.51,,,,,227,True,Distance,837,1145,1409.5,M,False,3,2024-04-06,2024-04-07,True
15592,18343,124,2007,,,,,,,,20,,9:48.57,,,,,227,True,Distance,803,1123,1364.5,M,False,3,2024-04-06,2024-04-07,True
15593,18344,124,2858,,,,,,,,20,,9:54.72,,,,,227,True,Distance,780,1108,1334.0,M,False,3,2024-04-06,2024-04-07,True
15594,18345,124,1998,,,,,,,,20,,9:56.53,,,,,227,True,Distance,773,1103,1324.5,M,False,3,2024-04-06,2024-04-07,True
15595,18346,124,1992,,,,,,,,20,,9:58.82,,,,,227,True,Distance,765,1098,1314.0,M,False,3,2024-04-06,2024-04-07,True
15596,18347,164,689,,,,,,,,20,,10:04.03,,,,,227,True,Distance,746,1085,1288.5,M,False,3,2024-04-06,2024-04-07,True
15597,18348,165,397,,,,,,,,20,,10:27.29,,,,,227,True,Distance,665,1030,1180.0,M,False,3,2024-04-06,2024-04-07,True
15598,18349,124,2011,,,,,,,,20,,10:27.35,,,,,227,True,Distance,665,1030,1180.0,M,False,3,2024-04-06,2024-04-07,True
15599,18350,124,2859,,,,,,,,20,,10:31.88,,,,,227,True,Distance,650,1020,1160.0,M,False,3,2024-04-06,2024-04-07,True
15600,18318,75,1540,,,,,,,,11,,5:12.93,,,,,227,True,Distance,211,690,556.0,M,False,3,2024-04-06,2024-04-07,True
15601,18352,75,5570,,,,,,,,20,,10:45.01,,,,,227,True,Distance,606,989,1100.5,M,False,3,2024-04-06,2024-04-07,True
15602,18353,146,3713,,,,,,,,20,,10:46.63,,,,,227,True,Distance,601,986,1094.0,M,False,3,2024-04-06,2024-04-07,True
15603,18354,146,5272,,,,,,,,20,,10:51.48,,,,,227,True,Distance,586,975,1073.5,M,False,3,2024-04-06,2024-04-07,True
15604,18355,167,5220,,,,,,,,20,,10:51.54,,,,,227,True,Distance,585,974,1072.0,M,False,3,2024-04-06,2024-04-07,True
15605,18356,203,1855,,,,,,,,20,,10:54.51,,,,,227,True,Distance,576,968,1060.0,M,False,3,2024-04-06,2024-04-07,True
15606,18357,203,1858,,,,,,,,20,,10:55.55,,,,,227,True,Distance,573,965,1055.5,M,False,3,2024-04-06,2024-04-07,True
15607,18358,146,1216,,,,,,,,20,,11:05.58,,,,,227,True,Distance,542,943,1013.5,M,False,3,2024-04-06,2024-04-07,True
15608,18359,178,1818,,,,,,,,20,,11:07.95,,,,,227,True,Distance,534,938,1003.0,M,False,3,2024-04-06,2024-04-07,True
15609,18360,164,731,,,,,,,,20,,11:09.61,,,,,227,True,Distance,529,934,996.0,M,False,3,2024-04-06,2024-04-07,True
15610,18361,159,674,,,,,,,,20,,11:11.80,,,,,227,True,Distance,523,929,987.5,M,False,3,2024-04-06,2024-04-07,True
15611,18362,124,2005,,,,,,,,20,,11:15.01,,,,,227,True,Distance,513,922,974.0,M,False,3,2024-04-06,2024-04-07,True
15612,18363,117,161,,,,,,,,20,,11:16.99,,,,,227,True,Distance,507,918,966.0,M,False,3,2024-04-06,2024-04-07,True
15613,18364,117,12,,,,,,,,20,,11:20.01,,,,,227,True,Distance,498,911,953.5,M,False,3,2024-04-06,2024-04-07,True
15614,18365,146,3687,,,,,,,,20,,11:23.38,,,,,227,True,Distance,489,903,940.5,M,False,3,2024-04-06,2024-04-07,True
15615,18366,104,2023,,,,,,,,20,,11:30.63,,,,,227,True,Distance,468,888,912.0,M,False,3,2024-04-06,2024-04-07,True
15616,18368,124,3842,,,,,,,,20,,11:34.97,,,,,227,True,Distance,455,878,894.0,M,False,3,2024-04-06,2024-04-07,True
15617,18369,196,913,,,,,,,,20,,11:35.10,,,,,227,True,Distance,455,878,894.0,M,False,3,2024-04-06,2024-04-07,True
15618,18370,75,3457,,,,,,,,20,,11:36.35,,,,,227,True,Distance,452,875,889.5,M,False,3,2024-04-06,2024-04-07,True
15619,18371,162,3786,,,,,,,,20,,11:40.41,,,,,227,True,Distance,440,867,873.5,M,False,3,2024-04-06,2024-04-07,True
15620,18372,86,1578,,,,,,,,20,,11:43.46,,,,,227,True,Distance,432,860,862.0,M,False,3,2024-04-06,2024-04-07,True
15621,18373,165,401,,,,,,,,20,,11:52.06,,,,,227,True,Distance,409,842,830.0,M,False,3,2024-04-06,2024-04-07,True
15622,18374,146,3700,,,,,,,,20,,12:04.56,,,,,227,True,Distance,376,816,784.0,M,False,3,2024-04-06,2024-04-07,True
15623,18375,117,3996,,,,,,,,20,,12:07.27,,,,,227,True,Distance,369,810,774.0,M,False,3,2024-04-06,2024-04-07,True
15624,18376,196,948,,,,,,,,20,,12:48.13,,,,,227,True,Distance,273,728,637.0,M,False,3,2024-04-06,2024-04-07,True
15625,18377,167,5237,,,,,,,,20,,13:24.47,,,,,227,True,Distance,200,658,529.0,M,False,3,2024-04-06,2024-04-07,True
15626,18378,142,805,,,,,,,,20,,16:35.92,,,,,227,True,Distance,2,349,176.5,M,False,3,2024-04-06,2024-04-07,True
15627,18379,167,666,,,,,,,,17,,14:51.26,,,,,227,True,Distance,836,1180,1426.0,M,False,3,2024-04-06,2024-04-07,True
15628,18329,169,1379,,,,,,,,11,,5:25.89,,,,,227,True,Distance,142,614,449.0,M,False,3,2024-04-06,2024-04-07,True
15629,18326,196,954,,,,,,,,11,,5:23.96,,,,,227,True,Distance,151,625,463.5,M,False,3,2024-04-06,2024-04-07,True
15630,18311,158,3675,,,,,,,,11,,5:09.02,,,,,227,True,Distance,234,714,591.0,M,False,3,2024-04-06,2024-04-07,True
15631,18301,196,946,,,,,,,,11,,5:04.37,,,,,227,True,Distance,264,743,635.5,M,False,3,2024-04-06,2024-04-07,True
15632,18333,196,960,,,,,,,,11,,5:37.60,,,,,227,True,Distance,91,548,365.0,M,False,3,2024-04-06,2024-04-07,True
15633,18408,75,1530,,,,,,,,17,,15:40.79,,,,,227,True,Distance,692,1085,1234.5,M,False,3,2024-04-06,2024-04-07,True
15634,18381,167,673,,,,,,,,17,,14:52.98,,,,,227,True,Distance,831,1177,1419.5,M,False,3,2024-04-06,2024-04-07,True
15635,18382,116,451,,,,,,,,17,,14:53.98,,,,,227,True,Distance,828,1175,1415.5,M,False,3,2024-04-06,2024-04-07,True
15636,18383,124,1989,,,,,,,,17,,14:54.36,,,,,227,True,Distance,827,1174,1414.0,M,False,3,2024-04-06,2024-04-07,True
15637,18384,124,2007,,,,,,,,17,,14:57.25,,,,,227,True,Distance,818,1168,1402.0,M,False,3,2024-04-06,2024-04-07,True
15638,18385,167,2584,,,,,,,,17,,14:57.56,,,,,227,True,Distance,817,1168,1401.0,M,False,3,2024-04-06,2024-04-07,True
15639,18387,178,1815,,,,,,,,17,,15:09.48,,,,,227,True,Distance,781,1145,1353.5,M,False,3,2024-04-06,2024-04-07,True
15640,18388,124,2855,,,,,,,,17,,15:10.81,,,,,227,True,Distance,777,1142,1348.0,M,False,3,2024-04-06,2024-04-07,True
15641,18389,117,3,,,,,,,,17,,15:12.25,,,,,227,True,Distance,773,1139,1342.5,M,False,3,2024-04-06,2024-04-07,True
15642,18390,124,1999,,,,,,,,17,,15:14.15,,,,,227,True,Distance,768,1136,1336.0,M,False,3,2024-04-06,2024-04-07,True
15643,18391,116,4535,,,,,,,,17,,15:14.99,,,,,227,True,Distance,765,1134,1332.0,M,False,3,2024-04-06,2024-04-07,True
15644,18392,124,1990,,,,,,,,17,,15:26.17,,,,,227,True,Distance,733,1113,1289.5,M,False,3,2024-04-06,2024-04-07,True
15645,18393,1,7,,,,,,,,17,,15:27.83,,,,,227,True,Distance,728,1110,1283.0,M,False,3,2024-04-06,2024-04-07,True
15646,18386,75,1522,,,,,,,,17,,14:58.18,,,,,227,True,Distance,815,1167,1398.5,M,False,3,2024-04-06,2024-04-07,True
15647,18395,116,310,,,,,,,,17,,15:29.10,,,,,227,True,Distance,725,1107,1278.5,M,False,3,2024-04-06,2024-04-07,True
15648,18396,61,1655,,,,,,,,17,,15:29.69,,,,,227,True,Distance,723,1106,1276.0,M,False,3,2024-04-06,2024-04-07,True
15649,18397,79,2542,,,,,,,,17,,15:30.09,,,,,227,True,Distance,722,1105,1274.5,M,False,3,2024-04-06,2024-04-07,True
15650,18398,165,395,,,,,,,,17,,15:30.52,,,,,227,True,Distance,721,1105,1273.5,M,False,3,2024-04-06,2024-04-07,True
15651,18399,1,8,,,,,,,,17,,15:31.32,,,,,227,True,Distance,718,1103,1269.5,M,False,3,2024-04-06,2024-04-07,True
15652,18400,117,115,,,,,,,,17,,15:32.31,,,,,227,True,Distance,715,1101,1265.5,M,False,3,2024-04-06,2024-04-07,True
15653,18401,164,675,,,,,,,,17,,15:34.81,,,,,227,True,Distance,708,1096,1256.0,M,False,3,2024-04-06,2024-04-07,True
15654,18403,75,3434,,,,,,,,17,,15:36.37,,,,,227,True,Distance,704,1094,1251.0,M,False,3,2024-04-06,2024-04-07,True
15655,18404,164,686,,,,,,,,17,,15:37.29,,,,,227,True,Distance,702,1092,1248.0,M,False,3,2024-04-06,2024-04-07,True
15656,18405,158,2895,,,,,,,,17,,15:37.39,,,,,227,True,Distance,701,1092,1247.0,M,False,3,2024-04-06,2024-04-07,True
15657,18406,167,669,,,,,,,,17,,15:39.01,,,,,227,True,Distance,697,1089,1241.5,M,False,3,2024-04-06,2024-04-07,True
15658,18407,96,364,,,,,,,,17,,15:39.05,,,,,227,True,Distance,697,1089,1241.5,M,False,3,2024-04-06,2024-04-07,True
15659,18409,167,685,,,,,,,,17,,15:40.92,,,,,227,True,Distance,691,1085,1233.5,M,False,3,2024-04-06,2024-04-07,True
15660,18410,79,506,,,,,,,,17,,15:41.55,,,,,227,True,Distance,690,1084,1232.0,M,False,3,2024-04-06,2024-04-07,True
15661,18411,11,2950,,,,,,,,17,,15:43.07,,,,,227,True,Distance,685,1081,1225.5,M,False,3,2024-04-06,2024-04-07,True
15662,18412,32,5592,,,,,,,,17,,15:43.56,,,,,227,True,Distance,684,1080,1224.0,M,False,3,2024-04-06,2024-04-07,True
15663,18413,167,5282,,,,,,,,17,,15:44.83,,,,,227,True,Distance,681,1078,1220.0,M,False,3,2024-04-06,2024-04-07,True
15664,18414,164,683,,,,,,,,17,,15:48.34,,,,,227,True,Distance,671,1071,1206.5,M,False,3,2024-04-06,2024-04-07,True
15665,18415,124,1992,,,,,,,,17,,15:49.38,,,,,227,True,Distance,668,1069,1202.5,M,False,3,2024-04-06,2024-04-07,True
15666,18416,124,2859,,,,,,,,17,,15:49.42,,,,,227,True,Distance,668,1069,1202.5,M,False,3,2024-04-06,2024-04-07,True
15667,18417,11,2953,,,,,,,,17,,15:50.07,,,,,227,True,Distance,666,1068,1200.0,M,False,3,2024-04-06,2024-04-07,True
15668,18418,122,1712,,,,,,,,17,,15:51.57,,,,,227,True,Distance,662,1065,1194.5,M,False,3,2024-04-06,2024-04-07,True
15669,18419,196,866,,,,,,,,17,,15:53.18,,,,,227,True,Distance,658,1062,1189.0,M,False,3,2024-04-06,2024-04-07,True
15670,18420,116,454,,,,,,,,17,,15:53.66,,,,,227,True,Distance,657,1061,1187.5,M,False,3,2024-04-06,2024-04-07,True
15671,18421,122,3326,,,,,,,,17,,15:53.88,,,,,227,True,Distance,656,1061,1186.5,M,False,3,2024-04-06,2024-04-07,True
15672,18423,124,1993,,,,,,,,17,,15:56.06,,,,,227,True,Distance,650,1057,1178.5,M,False,3,2024-04-06,2024-04-07,True
15673,18424,159,706,,,,,,,,17,,15:56.17,,,,,227,True,Distance,650,1057,1178.5,M,False,3,2024-04-06,2024-04-07,True
15674,18425,124,1995,,,,,,,,17,,15:56.76,,,,,227,True,Distance,648,1056,1176.0,M,False,3,2024-04-06,2024-04-07,True
15675,18427,32,5581,,,,,,,,17,,15:59.32,,,,,227,True,Distance,641,1051,1166.5,M,False,3,2024-04-06,2024-04-07,True
15676,18429,124,2009,,,,,,,,17,,16:02.94,,,,,227,True,Distance,632,1044,1154.0,M,False,3,2024-04-06,2024-04-07,True
15677,18430,104,2006,,,,,,,,17,,16:05.50,,,,,227,True,Distance,625,1039,1144.5,M,False,3,2024-04-06,2024-04-07,True
15678,18431,124,2001,,,,,,,,17,,16:06.92,,,,,227,True,Distance,621,1037,1139.5,M,False,3,2024-04-06,2024-04-07,True
15679,18432,159,674,,,,,,,,17,,16:07.31,,,,,227,True,Distance,620,1036,1138.0,M,False,3,2024-04-06,2024-04-07,True
15680,18433,169,1198,,,,,,,,17,,16:08.41,,,,,227,True,Distance,617,1034,1134.0,M,False,3,2024-04-06,2024-04-07,True
15681,18434,178,1824,,,,,,,,17,,16:08.52,,,,,227,True,Distance,617,1034,1134.0,M,False,3,2024-04-06,2024-04-07,True
15682,18402,139,1529,,,,,,,,17,,15:35.84,,,,,227,True,Distance,706,1095,1253.5,M,False,3,2024-04-06,2024-04-07,True
15683,18436,117,142,,,,,,,,17,,16:09.21,,,,,227,True,Distance,615,1033,1131.5,M,False,3,2024-04-06,2024-04-07,True
15684,18437,11,2969,,,,,,,,17,,16:09.40,,,,,227,True,Distance,615,1032,1131.0,M,False,3,2024-04-06,2024-04-07,True
15685,18438,124,1997,,,,,,,,17,,16:09.93,,,,,227,True,Distance,613,1031,1128.5,M,False,3,2024-04-06,2024-04-07,True
15686,18439,1,19,,,,,,,,17,,16:09.98,,,,,227,True,Distance,613,1031,1128.5,M,False,3,2024-04-06,2024-04-07,True
15687,18440,124,2000,,,,,,,,17,,16:12.56,,,,,227,True,Distance,606,1027,1119.5,M,False,3,2024-04-06,2024-04-07,True
15688,18441,165,394,,,,,,,,17,,16:16.45,,,,,227,True,Distance,596,1019,1105.5,M,False,3,2024-04-06,2024-04-07,True
15689,18442,165,393,,,,,,,,17,,16:16.54,,,,,227,True,Distance,596,1019,1105.5,M,False,3,2024-04-06,2024-04-07,True
15690,18444,96,3437,,,,,,,,17,,16:17.56,,,,,227,True,Distance,594,1017,1102.5,M,False,3,2024-04-06,2024-04-07,True
15691,18445,159,705,,,,,,,,17,,16:18.88,,,,,227,True,Distance,590,1015,1097.5,M,False,3,2024-04-06,2024-04-07,True
15692,18448,158,2437,,,,,,,,17,,16:23.78,,,,,227,True,Distance,578,1006,1081.0,M,False,3,2024-04-06,2024-04-07,True
15693,18449,167,702,,,,,,,,17,,16:25.39,,,,,227,True,Distance,574,1003,1075.5,M,False,3,2024-04-06,2024-04-07,True
15694,18450,75,1525,,,,,,,,17,,16:26.78,,,,,227,True,Distance,570,1001,1070.5,M,False,3,2024-04-06,2024-04-07,True
15695,18451,79,520,,,,,,,,17,,16:26.92,,,,,227,True,Distance,570,1001,1070.5,M,False,3,2024-04-06,2024-04-07,True
15696,18452,132,692,,,,,,,,17,,16:28.39,,,,,227,True,Distance,566,998,1065.0,M,False,3,2024-04-06,2024-04-07,True
15697,18454,79,515,,,,,,,,17,,16:33.26,,,,,227,True,Distance,554,989,1048.5,M,False,3,2024-04-06,2024-04-07,True
15698,18455,159,694,,,,,,,,17,,16:34.16,,,,,227,True,Distance,552,988,1046.0,M,False,3,2024-04-06,2024-04-07,True
15699,18456,167,680,,,,,,,,17,,16:37.47,,,,,227,True,Distance,543,982,1034.0,M,False,3,2024-04-06,2024-04-07,True
15700,18457,32,5574,,,,,,,,17,,16:37.58,,,,,227,True,Distance,543,981,1033.5,M,False,3,2024-04-06,2024-04-07,True
15701,18458,167,711,,,,,,,,17,,16:37.95,,,,,227,True,Distance,542,981,1032.5,M,False,3,2024-04-06,2024-04-07,True
15702,18459,1,20,,,,,,,,17,,16:38.35,,,,,227,True,Distance,541,980,1031.0,M,False,3,2024-04-06,2024-04-07,True
15703,18460,165,2174,,,,,,,,17,,16:39.68,,,,,227,True,Distance,538,978,1027.0,M,False,3,2024-04-06,2024-04-07,True
15704,18461,96,368,,,,,,,,17,,16:39.68,,,,,227,True,Distance,538,978,1027.0,M,False,3,2024-04-06,2024-04-07,True
15705,18462,75,2563,,,,,,,,17,,16:41.29,,,,,227,True,Distance,534,975,1021.5,M,False,3,2024-04-06,2024-04-07,True
15706,18463,159,744,,,,,,,,17,,16:41.93,,,,,227,True,Distance,533,974,1020.0,M,False,3,2024-04-06,2024-04-07,True
15707,18464,167,704,,,,,,,,17,,16:44.75,,,,,227,True,Distance,526,969,1010.5,M,False,3,2024-04-06,2024-04-07,True
15708,18465,75,2582,,,,,,,,17,,16:46.54,,,,,227,True,Distance,521,966,1004.0,M,False,3,2024-04-06,2024-04-07,True
15709,18466,164,691,,,,,,,,17,,16:47.06,,,,,227,True,Distance,520,965,1002.5,M,False,3,2024-04-06,2024-04-07,True
15710,18467,202,2908,,,,,,,,17,,16:47.78,,,,,227,True,Distance,518,963,999.5,M,False,3,2024-04-06,2024-04-07,True
15711,18468,117,161,,,,,,,,17,,16:49.34,,,,,227,True,Distance,515,961,995.5,M,False,3,2024-04-06,2024-04-07,True
15712,18469,95,5582,,,,,,,,17,,16:50.18,,,,,227,True,Distance,513,959,992.5,M,False,3,2024-04-06,2024-04-07,True
15713,18470,159,2177,,,,,,,,17,,16:53.52,,,,,227,True,Distance,505,953,981.5,M,False,3,2024-04-06,2024-04-07,True
15714,18471,117,12,,,,,,,,17,,16:53.68,,,,,227,True,Distance,504,953,980.5,M,False,3,2024-04-06,2024-04-07,True
15715,18472,167,695,,,,,,,,17,,16:57.65,,,,,227,True,Distance,495,946,968.0,M,False,3,2024-04-06,2024-04-07,True
15716,18473,104,2023,,,,,,,,17,,17:02.39,,,,,227,True,Distance,484,938,953.0,M,False,3,2024-04-06,2024-04-07,True
15717,18474,56,2199,,,,,,,,17,,17:08.10,,,,,227,True,Distance,471,928,935.0,M,False,3,2024-04-06,2024-04-07,True
15718,18475,165,396,,,,,,,,17,,17:08.60,,,,,227,True,Distance,470,927,933.5,M,False,3,2024-04-06,2024-04-07,True
15719,18476,167,710,,,,,,,,17,,17:08.82,,,,,227,True,Distance,469,927,932.5,M,False,3,2024-04-06,2024-04-07,True
15720,18477,86,1578,,,,,,,,17,,17:10.92,,,,,227,True,Distance,464,923,925.5,M,False,3,2024-04-06,2024-04-07,True
15721,18478,79,509,,,,,,,,17,,17:11.41,,,,,227,True,Distance,463,922,924.0,M,False,3,2024-04-06,2024-04-07,True
15722,18479,104,2020,,,,,,,,17,,17:12.10,,,,,227,True,Distance,462,921,922.5,M,False,3,2024-04-06,2024-04-07,True
15723,18480,124,2004,,,,,,,,17,,17:15.40,,,,,227,True,Distance,454,915,911.5,M,False,3,2024-04-06,2024-04-07,True
15724,18482,159,2173,,,,,,,,17,,17:16.92,,,,,227,True,Distance,451,913,907.5,M,False,3,2024-04-06,2024-04-07,True
15725,18483,11,4057,,,,,,,,17,,17:17.19,,,,,227,True,Distance,450,912,906.0,M,False,3,2024-04-06,2024-04-07,True
15726,18484,178,1853,,,,,,,,17,,17:23.97,,,,,227,True,Distance,435,901,885.5,M,False,3,2024-04-06,2024-04-07,True
15727,18481,162,1266,,,,,,,,17,,17:15.91,,,,,227,True,Distance,453,914,910.0,M,False,3,2024-04-06,2024-04-07,True
15728,18428,196,891,,,,,,,,17,,16:00.38,,,,,227,True,Distance,639,1049,1163.5,M,False,3,2024-04-06,2024-04-07,True
15729,18426,178,4331,,,,,,,,17,,15:58.15,,,,,227,True,Distance,644,1053,1170.5,M,False,3,2024-04-06,2024-04-07,True
15730,18422,88,524,Sr,,,,,,,17,,15:53.95,,,,0.0,227,True,Distance,656,1061,1186.5,M,False,3,2024-04-06,2024-04-07,True
15731,18487,196,5583,,,,,,,,17,,17:38.96,,,,,227,True,Distance,403,875,840.5,M,False,3,2024-04-06,2024-04-07,True
15732,18488,167,742,,,,,,,,17,,17:46.61,,,,,227,True,Distance,387,862,818.0,M,False,3,2024-04-06,2024-04-07,True
15733,18489,167,734,,,,,,,,17,,17:49.64,,,,,227,True,Distance,381,857,809.5,M,False,3,2024-04-06,2024-04-07,True
15734,18491,95,5585,,,,,,,,17,,17:54.67,,,,,227,True,Distance,370,849,794.5,M,False,3,2024-04-06,2024-04-07,True
15735,18492,203,3064,,,,,,,,17,,18:00.14,,,,,227,True,Distance,359,840,779.0,M,False,3,2024-04-06,2024-04-07,True
15736,18494,167,736,,,,,,,,17,,18:03.02,,,,,227,True,Distance,353,835,770.5,M,False,3,2024-04-06,2024-04-07,True
15737,18495,202,5596,,,,,,,,17,,18:08.84,,,,,227,True,Distance,342,826,755.0,M,False,3,2024-04-06,2024-04-07,True
15738,18497,96,371,,,,,,,,17,,18:16.55,,,,,227,True,Distance,327,813,733.5,M,False,3,2024-04-06,2024-04-07,True
15739,18498,158,2900,,,,,,,,17,,18:26.87,,,,,227,True,Distance,308,796,706.0,M,False,3,2024-04-06,2024-04-07,True
15740,18499,164,4433,,,,,,,,17,,18:38.95,,,,,227,True,Distance,286,777,674.5,M,False,3,2024-04-06,2024-04-07,True
15741,18500,196,2359,,,,,,,,17,,18:39.55,,,,,227,True,Distance,285,776,673.0,M,False,3,2024-04-06,2024-04-07,True
15742,18501,164,728,,,,,,,,17,,18:42.37,,,,,227,True,Distance,280,772,666.0,M,False,3,2024-04-06,2024-04-07,True
15743,18502,167,2608,,,,,,,,17,,18:44.66,,,,,227,True,Distance,276,768,660.0,M,False,3,2024-04-06,2024-04-07,True
15745,18504,124,2022,,,,,,,,17,,18:46.96,,,,,227,True,Distance,272,765,654.5,M,False,3,2024-04-06,2024-04-07,True
15746,18505,159,2184,,,,,,,,17,,18:50.11,,,,,227,True,Distance,266,760,646.0,M,False,3,2024-04-06,2024-04-07,True
15747,18506,167,5220,,,,,,,,17,,19:05.34,,,,,227,True,Distance,241,736,609.0,M,False,3,2024-04-06,2024-04-07,True
15748,18507,111,347,,,,,,,,17,,19:15.06,,,,,227,True,Distance,225,721,585.5,M,False,3,2024-04-06,2024-04-07,True
15749,18508,1,1,,,,,,,,17,,19:30.67,,,,,227,True,Distance,201,697,549.5,M,False,3,2024-04-06,2024-04-07,True
15750,18509,167,778,,,,,,,,17,,19:31.15,,,,,227,True,Distance,200,697,548.5,M,False,3,2024-04-06,2024-04-07,True
15751,18510,159,798,,,,,,,,17,,19:42.17,,,,,227,True,Distance,184,680,524.0,M,False,3,2024-04-06,2024-04-07,True
15752,18511,75,1602,,,,,,,,17,,19:53.45,,,,,227,True,Distance,168,664,500.0,M,False,3,2024-04-06,2024-04-07,True
15753,18512,117,3996,,,,,,,,17,,20:07.22,,,,,227,True,Distance,150,644,472.0,M,False,3,2024-04-06,2024-04-07,True
15754,18513,117,54,,,,,,,,17,,20:10.82,,,,,227,True,Distance,145,638,464.0,M,False,3,2024-04-06,2024-04-07,True
15755,18514,96,375,,,,,,,,17,,20:25.57,,,,,227,True,Distance,127,617,435.5,M,False,3,2024-04-06,2024-04-07,True
15756,18515,167,754,,,,,,,,17,,20:29.37,,,,,227,True,Distance,123,612,429.0,M,False,3,2024-04-06,2024-04-07,True
15757,18516,178,3082,,,,,,,,17,,20:29.58,,,,,227,True,Distance,122,612,428.0,M,False,3,2024-04-06,2024-04-07,True
15758,18519,196,948,,,,,,,,17,,21:10.34,,,,,227,True,Distance,79,556,357.0,M,False,3,2024-04-06,2024-04-07,True
15759,18520,196,3084,,,,,,,,17,,21:39.82,,,,,227,True,Distance,54,517,312.5,M,False,3,2024-04-06,2024-04-07,True
15760,18582,162,3786,,3136.0,,1173.0,,4401.0,,26,,8:30.55,,,,,227,True,Relays,0,0,0.0,M,False,3,2024-04-06,2024-04-07,True
15782,18572,124,2860,,1989.0,,1998.0,,2858.0,,26,,7:56.99,,,,,227,True,Relays,0,0,0.0,M,False,3,2024-04-06,2024-04-07,True
15783,18573,164,772,,689.0,,723.0,,5316.0,,26,,8:00.78,,,,,227,True,Relays,0,0,0.0,M,False,3,2024-04-06,2024-04-07,True
15784,18574,96,2492,,365.0,,363.0,,1552.0,,26,,8:04.93,,,,,227,True,Relays,0,0,0.0,M,False,3,2024-04-06,2024-04-07,True
15785,18575,56,123,,3804.0,,3415.0,,130.0,,26,,8:05.31,,,,,227,True,Relays,0,0,0.0,M,False,3,2024-04-06,2024-04-07,True
15786,18576,146,3688,,4385.0,,1216.0,,4014.0,,26,,8:14.67,,,,,227,True,Relays,0,0,0.0,M,False,3,2024-04-06,2024-04-07,True
15787,18577,11,2967,,2953.0,,2950.0,,2949.0,,26,,8:16.39,,,,,227,True,Relays,0,0,0.0,M,False,3,2024-04-06,2024-04-07,True
15788,18578,167,3015,,5248.0,,467.0,,5253.0,,26,,8:16.71,,,,,227,True,Relays,0,0,0.0,M,False,3,2024-04-06,2024-04-07,True
15789,18579,79,535,,2542.0,,523.0,,2549.0,,26,,8:19.66,,,,,227,True,Relays,0,0,0.0,M,False,3,2024-04-06,2024-04-07,True
15790,18580,75,5571,,2071.0,,5570.0,,2557.0,,26,,8:21.46,,,,,227,True,Relays,0,0,0.0,M,False,3,2024-04-06,2024-04-07,True
15791,18581,96,369,,370.0,,364.0,,367.0,,26,,8:25.72,,,,,227,True,Relays,0,0,0.0,M,False,3,2024-04-06,2024-04-07,True
15792,18583,167,743,,5230.0,,3011.0,,5289.0,,26,,8:33.56,,,,,227,True,Relays,0,0,0.0,M,False,3,2024-04-06,2024-04-07,True
15793,18584,158,2899,,2437.0,,3133.0,,2896.0,,26,,8:34.91,,,,,227,True,Relays,0,0,0.0,M,False,3,2024-04-06,2024-04-07,True
15794,18585,178,1824,,1815.0,,1818.0,,1896.0,,26,,8:40.14,,,,,227,True,Relays,0,0,0.0,M,False,3,2024-04-06,2024-04-07,True
15795,18586,124,2004,,2005.0,,2045.0,,2863.0,,26,,8:42.18,,,,,227,True,Relays,0,0,0.0,M,False,3,2024-04-06,2024-04-07,True
15796,18588,203,1822,,1897.0,,1835.0,,2113.0,,26,,8:44.29,,,,,227,True,Relays,0,0,0.0,M,False,3,2024-04-06,2024-04-07,True
15797,18589,63,528,,566.0,,554.0,,527.0,,26,,8:50.35,,,,,227,True,Relays,0,0,0.0,M,False,3,2024-04-06,2024-04-07,True
15798,18590,203,2123,,1858.0,,1855.0,,1832.0,,26,,8:51.88,,,,,227,True,Relays,0,0,0.0,M,False,3,2024-04-06,2024-04-07,True
15799,18591,196,5583,,2373.0,,3084.0,,5025.0,,26,,8:52.18,,,,,227,True,Relays,0,0,0.0,M,False,3,2024-04-06,2024-04-07,True
15800,18587,203,3852,,4418.0,,5597.0,,5598.0,,26,,8:44.12,,,,,227,True,Relays,0,0,0.0,M,False,3,2024-04-06,2024-04-07,True
15802,18493,88,2596,So,,,,,,,17,,18:02.48,,,,0.0,227,True,Distance,355,836,773.0,M,False,3,2024-04-06,2024-04-07,True
15803,18518,196,954,,,,,,,,17,,21:10.29,,,,,227,True,Distance,80,556,358.0,M,False,3,2024-04-06,2024-04-07,True
15804,18517,196,960,,,,,,,,17,,20:57.55,,,,,227,True,Distance,92,573,378.5,M,False,3,2024-04-06,2024-04-07,True
15805,18592,104,2023,,3772.0,,2029.0,,2006.0,,26,,8:53.75,,,,,227,True,Relays,0,0,0.0,M,False,3,2024-04-06,2024-04-07,True
15806,18593,202,5589,,2908.0,,5596.0,,4597.0,,26,,8:57.86,,,,,227,True,Relays,0,0,0.0,M,False,3,2024-04-06,2024-04-07,True
15807,18594,167,5220,,754.0,,4304.0,,760.0,,26,,9:19.47,,,,,227,True,Relays,0,0,0.0,M,False,3,2024-04-06,2024-04-07,True
15808,18595,120,327,,338.0,,344.0,,324.0,,26,,9:31.82,,,,,227,True,Relays,0,0,0.0,M,False,3,2024-04-06,2024-04-07,True
15809,18596,117,54,,188.0,,161.0,,3996.0,,26,,9:45.91,,,,,227,True,Relays,0,0,0.0,M,False,3,2024-04-06,2024-04-07,True
15810,18598,158,3170,,2491.0,,4692.0,,4335.0,,26,,10:06.76,,,,,227,True,Relays,0,0,0.0,M,False,3,2024-04-06,2024-04-07,True
15811,18600,61,2289,,1655.0,,4045.0,,4038.0,,26,,10:44.72,,,,,227,True,Relays,0,0,0.0,M,False,3,2024-04-06,2024-04-07,True
15812,18601,56,3809,,4111.0,,4462.0,,3578.0,,21,,43.59,,,,,227,True,Relays,829,1152,1405.0,M,False,3,2024-04-06,2024-04-07,True
15813,18603,202,3508,,3513.0,,3518.0,,5553.0,,21,,44.55,,,,,227,True,Relays,768,1112,1324.0,M,False,3,2024-04-06,2024-04-07,True
15814,18604,146,3689,,4393.0,,3701.0,,3734.0,,21,,44.81,,,,,227,True,Relays,752,1101,1302.5,M,False,3,2024-04-06,2024-04-07,True
15815,18605,116,3946,,3942.0,,3944.0,,3950.0,,21,,45.56,,,,,227,True,Relays,707,1070,1242.0,M,False,3,2024-04-06,2024-04-07,True
15816,18606,167,5234,,5233.0,,5250.0,,5246.0,,21,,45.66,,,,,227,True,Relays,701,1066,1234.0,M,False,3,2024-04-06,2024-04-07,True
15817,18608,146,3728,,4149.0,,3721.0,,4147.0,,21,,46.18,,,,,227,True,Relays,671,1045,1193.5,M,False,3,2024-04-06,2024-04-07,True
15818,18609,159,5406,,5550.0,,2182.0,,4375.0,,21,,46.25,,,,,227,True,Relays,667,1042,1188.0,M,False,3,2024-04-06,2024-04-07,True
15819,18610,56,3576,,4461.0,,3572.0,,3574.0,,21,,46.50,,,,,227,True,Relays,653,1032,1169.0,M,False,3,2024-04-06,2024-04-07,True
15820,18611,56,4463,,3577.0,,5543.0,,3801.0,,21,,47.17,,,,,227,True,Relays,615,1005,1117.5,M,False,3,2024-04-06,2024-04-07,True
15821,18612,202,5559,,3514.0,,5551.0,,5552.0,,21,,47.42,,,,,227,True,Relays,602,996,1100.0,M,False,3,2024-04-06,2024-04-07,True
15822,18613,146,4148,,3720.0,,3705.0,,3730.0,,21,,47.51,,,,,227,True,Relays,597,992,1093.0,M,False,3,2024-04-06,2024-04-07,True
15823,18614,167,5239,,5240.0,,4439.0,,5232.0,,21,,48.11,,,,,227,True,Relays,564,969,1048.5,M,False,3,2024-04-06,2024-04-07,True
15824,18616,146,3685,,3709.0,,4380.0,,4395.0,,21,,48.18,,,,,227,True,Relays,561,966,1044.0,M,False,3,2024-04-06,2024-04-07,True
15825,18618,146,3687,,3713.0,,4396.0,,3732.0,,21,,49.35,,,,,227,True,Relays,501,921,961.5,M,False,3,2024-04-06,2024-04-07,True
15826,18620,63,563,,527.0,,528.0,,554.0,,21,,49.62,,,,,227,True,Relays,487,911,942.5,M,False,3,2024-04-06,2024-04-07,True
15827,18621,167,5244,,5220.0,,754.0,,4304.0,,21,,50.39,,,,,227,True,Relays,450,882,891.0,M,False,3,2024-04-06,2024-04-07,True
15828,18622,164,4123,,721.0,,2727.0,,727.0,,21,,50.90,,,,,227,True,Relays,427,863,858.5,M,False,3,2024-04-06,2024-04-07,True
15829,18623,203,4413,,4405.0,,4419.0,,4430.0,,21,,51.01,,,,,227,True,Relays,422,859,851.5,M,False,3,2024-04-06,2024-04-07,True
15830,18624,158,2487,,2466.0,,3680.0,,4337.0,,21,,51.62,,,,,227,True,Relays,394,837,812.5,M,False,3,2024-04-06,2024-04-07,True
15831,18625,196,948,,913.0,,2359.0,,2348.0,,21,,51.72,,,,,227,True,Relays,390,833,806.5,M,False,3,2024-04-06,2024-04-07,True
15832,18626,120,327,,338.0,,344.0,,324.0,,21,,51.72,,,,,227,True,Relays,390,833,806.5,M,False,3,2024-04-06,2024-04-07,True
15833,18628,203,1894,,1900.0,,3231.0,,1883.0,,21,,54.23,,,,,227,True,Relays,287,745,659.5,M,False,3,2024-04-06,2024-04-07,True
15834,18629,117,4002,,3993.0,,3996.0,,4000.0,,21,,56.59,,,,,227,True,Relays,205,667,538.5,M,False,3,2024-04-06,2024-04-07,True
15835,18630,56,130,,3809.0,,4111.0,,3578.0,,24,,3:23.21,,,,,227,True,Relays,863,1196,1461.0,M,False,3,2024-04-06,2024-04-07,True
15836,18631,146,3733,,1216.0,,4014.0,,3723.0,,24,,3:25.17,,,,,227,True,Relays,838,1179,1427.5,M,False,3,2024-04-06,2024-04-07,True
15837,18632,203,4430,,4509.0,,4414.0,,5566.0,,24,,3:25.25,,,,,227,True,Relays,836,1179,1425.5,M,False,3,2024-04-06,2024-04-07,True
15838,18635,167,5218,,5248.0,,5230.0,,3015.0,,24,,3:29.65,,,,,227,True,Relays,780,1141,1350.5,M,False,3,2024-04-06,2024-04-07,True
15839,18636,124,3841,,3846.0,,5540.0,,3843.0,,24,,3:30.13,,,,,227,True,Relays,774,1137,1342.5,M,False,3,2024-04-06,2024-04-07,True
15840,18665,178,1896,,1870.0,,1833.0,,18865.0,,24,,3:49.67,,,,,227,True,Relays,549,978,1038.0,M,False,3,2024-04-06,2024-04-07,True
15841,18638,159,2182,,4358.0,,2168.0,,4368.0,,24,,3:31.09,,,,,227,True,Relays,762,1129,1326.5,M,False,3,2024-04-06,2024-04-07,True
15842,18639,146,5567,,3696.0,,4147.0,,3691.0,,24,,3:33.81,,,,,227,True,Relays,729,1106,1282.0,M,False,3,2024-04-06,2024-04-07,True
15843,18641,17,4204,,5601.0,,3267.0,,4206.0,,24,,3:34.34,,,,,227,True,Relays,722,1102,1273.0,M,False,3,2024-04-06,2024-04-07,True
15844,18642,124,3838,,5602.0,,5501.0,,2860.0,,24,,3:36.05,,,,,227,True,Relays,702,1088,1246.0,M,False,3,2024-04-06,2024-04-07,True
15845,18643,116,3942,,3949.0,,3950.0,,3946.0,,24,,3:38.27,,,,,227,True,Relays,676,1069,1210.5,M,False,3,2024-04-06,2024-04-07,True
15846,18644,117,182,,4002.0,,4095.0,,3993.0,,24,,3:39.17,,,,,227,True,Relays,665,1062,1196.0,M,False,3,2024-04-06,2024-04-07,True
15847,18645,169,4451,,4737.0,,4735.0,,4733.0,,24,,3:39.30,,,,,227,True,Relays,664,1061,1194.5,M,False,3,2024-04-06,2024-04-07,True
15848,18646,158,3170,,2899.0,,3682.0,,3677.0,,24,,3:39.76,,,,,227,True,Relays,658,1057,1186.5,M,False,3,2024-04-06,2024-04-07,True
15849,18647,167,4438,,467.0,,5250.0,,466.0,,24,,3:39.87,,,,,227,True,Relays,657,1056,1185.0,M,False,3,2024-04-06,2024-04-07,True
15850,18648,167,5226,,5289.0,,5232.0,,4304.0,,24,,3:39.98,,,,,227,True,Relays,656,1055,1183.5,M,False,3,2024-04-06,2024-04-07,True
15851,18649,1,3987,,471.0,,3522.0,,7.0,,24,,3:40.39,,,,,227,True,Relays,651,1052,1177.0,M,False,3,2024-04-06,2024-04-07,True
15852,18650,56,3804,,3574.0,,4851.0,,3576.0,,24,,3:40.46,,,,,227,True,Relays,650,1052,1176.0,M,False,3,2024-04-06,2024-04-07,True
15853,18651,146,5603,,3688.0,,5573.0,,3728.0,,24,,3:40.46,,,,,227,True,Relays,650,1052,1176.0,M,False,3,2024-04-06,2024-04-07,True
15854,18652,75,5571,,5570.0,,4573.0,,1525.0,,24,,3:40.51,,,,,227,True,Relays,650,1051,1175.5,M,False,3,2024-04-06,2024-04-07,True
15855,18653,63,528,,554.0,,527.0,,563.0,,24,,3:40.84,,,,,227,True,Relays,646,1049,1170.5,M,False,3,2024-04-06,2024-04-07,True
15856,18654,95,5544,,5582.0,,5569.0,,5548.0,,24,,3:41.17,,,,,227,True,Relays,642,1046,1165.0,M,False,3,2024-04-06,2024-04-07,True
15857,18655,164,2727,,721.0,,700.0,,4123.0,,24,,3:42.96,,,,,227,True,Relays,622,1031,1137.5,M,False,3,2024-04-06,2024-04-07,True
15858,18656,162,5296,,1696.0,,3136.0,,3788.0,,24,,3:42.98,,,,,227,True,Relays,622,1031,1137.5,M,False,3,2024-04-06,2024-04-07,True
15859,18657,61,2289,,1655.0,,4045.0,,4626.0,,24,,3:43.59,,,,,227,True,Relays,615,1026,1128.0,M,False,3,2024-04-06,2024-04-07,True
15860,18660,199,1895,,1842.0,,3861.0,,1839.0,,24,,3:45.88,,,,,227,True,Relays,590,1008,1094.0,M,False,3,2024-04-06,2024-04-07,True
15861,18661,166,3592,,3596.0,,4726.0,,4728.0,,24,,3:47.44,,,,,227,True,Relays,573,996,1071.0,M,False,3,2024-04-06,2024-04-07,True
15862,18662,158,2456,,2897.0,,2451.0,,4337.0,,24,,3:48.40,,,,,227,True,Relays,563,988,1057.0,M,False,3,2024-04-06,2024-04-07,True
15863,18663,124,2005,,2045.0,,5500.0,,5577.0,,24,,3:48.89,,,,,227,True,Relays,557,984,1049.0,M,False,3,2024-04-06,2024-04-07,True
15864,18664,11,2950,,2987.0,,2967.0,,5187.0,,24,,3:48.99,,,,,227,True,Relays,556,984,1048.0,M,False,3,2024-04-06,2024-04-07,True
15865,18666,167,751,,5245.0,,2539.0,,5220.0,,24,,3:50.90,,,,,227,True,Relays,536,969,1020.5,M,False,3,2024-04-06,2024-04-07,True
15866,18668,124,2004,,2852.0,,2009.0,,1990.0,,24,,3:53.98,,,,,227,True,Relays,505,945,977.5,M,False,3,2024-04-06,2024-04-07,True
15867,18669,124,2867,,3836.0,,3827.0,,2883.0,,24,,3:56.18,,,,,227,True,Relays,483,928,947.0,M,False,3,2024-04-06,2024-04-07,True
15868,18670,88,3615,,558.0,,2604.0,,4590.0,,24,,3:58.28,,,,,227,True,Relays,462,912,918.0,M,False,3,2024-04-06,2024-04-07,True
15869,18671,146,3708,,3705.0,,4393.0,,1409.0,,24,,3:58.78,,,,,227,True,Relays,457,908,911.0,M,False,3,2024-04-06,2024-04-07,True
15870,18672,120,4010,,4839.0,,344.0,,324.0,,24,,4:00.34,,,,,227,True,Relays,442,897,890.5,M,False,3,2024-04-06,2024-04-07,True
15871,18673,159,752,,762.0,,2177.0,,2759.0,,24,,4:01.78,,,,,227,True,Relays,429,886,872.0,M,False,3,2024-04-06,2024-04-07,True
15872,18674,56,3417,,2199.0,,4463.0,,3577.0,,24,,4:02.04,,,,,227,True,Relays,426,884,868.0,M,False,3,2024-04-06,2024-04-07,True
15873,18676,196,866,,2359.0,,5583.0,,3084.0,,24,,4:04.41,,,,,227,True,Relays,405,866,838.0,M,False,3,2024-04-06,2024-04-07,True
15887,18634,188,3541,,1863.0,,928.0,,3851.0,,24,,3:29.49,,,,,227,True,Relays,782,1142,1353.0,M,False,3,2024-04-06,2024-04-07,True
15888,18607,188,3541,,3549.0,,3854.0,,928.0,,21,,46.11,,,,,227,True,Relays,675,1048,1199.0,M,False,3,2024-04-06,2024-04-07,True
15889,18597,75,1562,,2600.0,,1602.0,,3457.0,,26,,9:51.75,,,,,227,True,Relays,0,0,0.0,M,False,3,2024-04-06,2024-04-07,True
15890,18602,167,5218,,5217.0,,5238.0,,5243.0,,21,,43.74,,,,,227,True,Relays,819,1146,1392.0,M,False,3,2024-04-06,2024-04-07,True
15891,18675,162,3158,,1288.0,,1323.0,,1284.0,,24,,4:03.85,,,,,227,True,Relays,410,871,845.5,M,False,3,2024-04-06,2024-04-07,True
15892,18659,196,891,,2373.0,,913.0,,5025.0,,24,,3:45.83,,,,,227,True,Relays,590,1009,1094.5,M,False,3,2024-04-06,2024-04-07,True
15893,18667,196,2348,,946.0,,2371.0,,2375.0,,24,,3:53.87,,,,,227,True,Relays,506,946,979.0,M,False,3,2024-04-06,2024-04-07,True
15894,18619,188,938,,966.0,,3547.0,,3851.0,,21,,49.38,,,,,227,True,Relays,499,920,959.0,M,False,3,2024-04-06,2024-04-07,True
15895,18615,158,4333,,3682.0,,3674.0,,3675.0,,21,,48.17,,,,,227,True,Relays,561,966,1044.0,M,False,3,2024-04-06,2024-04-07,True
15896,18633,202,2918,,3508.0,,5558.0,,3509.0,,24,,3:29.13,,,,,227,True,Relays,787,1145,1359.5,M,False,3,2024-04-06,2024-04-07,True
15897,18627,196,946,,2373.0,,3084.0,,891.0,,21,,54.04,,,,,227,True,Relays,295,752,671.0,M,False,3,2024-04-06,2024-04-07,True
15898,18599,196,948,,946.0,,913.0,,954.0,,26,,10:22.17,,,,,227,True,Relays,0,0,0.0,M,False,3,2024-04-06,2024-04-07,True
15899,18658,188,3549,,3548.0,,966.0,,3547.0,,24,,3:45.32,,,,,227,True,Relays,596,1013,1102.5,M,False,3,2024-04-06,2024-04-07,True
16034,18827,44,4138,,,,,,,,9,,2:12.02,,,,,228,True,Distance,494,957,972.5,M,False,3,2024-04-06,2024-04-06,False
16035,18828,44,2213,,,,,,,,9,,2:15.24,,,,,228,True,Distance,432,905,884.5,M,False,3,2024-04-06,2024-04-06,False
16036,18829,44,4138,,,,,,,,11,,4:26.30,,,,,228,True,Distance,572,1003,1073.5,M,False,3,2024-04-06,2024-04-06,False
16037,18830,44,2213,,,,,,,,11,,4:31.45,,,,,228,True,Distance,524,966,1007.0,M,False,3,2024-04-06,2024-04-06,False
16038,18831,44,2215,,,,,,,,17,,16:56.85,,,,,228,True,Distance,497,947,970.5,M,False,3,2024-04-06,2024-04-06,False
16039,18832,44,2214,,,,,,,,17,,16:59.58,,,,,228,True,Distance,490,943,961.5,M,False,3,2024-04-06,2024-04-06,False
16040,18833,44,3399,,,,,,,,18,,37:36.12,,,,,228,True,Distance,418,861,848.5,M,False,3,2024-04-06,2024-04-06,False
16041,18834,44,2217,,,,,,,,20,,10:58.75,,,,,228,True,Distance,563,958,1042.0,M,False,3,2024-04-06,2024-04-06,False
16044,18837,4,5174,,,,,,,,9,,1:58.74,,,,,229,True,Distance,792,1185,1384.5,M,False,3,2024-04-06,2024-04-06,False
16045,18838,4,95,,,,,,,,9,,1:58.77,,,,,229,True,Distance,791,1184,1383.0,M,False,3,2024-04-06,2024-04-06,False
16046,18839,4,93,,,,,,,,9,,1:58.87,,,,,229,True,Distance,788,1182,1379.0,M,False,3,2024-04-06,2024-04-06,False
16047,18840,4,2946,,,,,,,,11,,4:00.08,,,,,229,True,Distance,853,1205,1455.5,M,False,3,2024-04-06,2024-04-06,False
16048,18841,4,5174,,,,,,,,11,,4:11.48,,,,,229,True,Distance,724,1115,1281.5,M,False,3,2024-04-06,2024-04-06,False
16049,18842,4,102,,,,,,,,11,,4:18.01,,,,,229,True,Distance,655,1065,1187.5,M,False,3,2024-04-06,2024-04-06,False
16050,18843,4,2970,,,,,,,,11,,4:29.00,,,,,229,True,Distance,547,984,1039.0,M,False,3,2024-04-06,2024-04-06,False
16051,18844,4,106,,,,,,,,11,,4:33.55,,,,,229,True,Distance,504,951,979.5,M,False,3,2024-04-06,2024-04-06,False
16052,18845,4,100,,,,,,,,11,,4:33.91,,,,,229,True,Distance,501,948,975.0,M,False,3,2024-04-06,2024-04-06,False
16053,18846,4,4637,,,,,,,,11,,4:43.70,,,,,229,True,Distance,417,880,857.0,M,False,3,2024-04-06,2024-04-06,False
16054,18847,4,2981,,,,,,,,11,,4:46.05,,,,,229,True,Distance,398,864,830.0,M,False,3,2024-04-06,2024-04-06,False
16055,18848,4,2952,,,,,,,,17,,15:51.78,,,,,229,True,Distance,662,1065,1194.5,M,False,3,2024-04-06,2024-04-06,False
16056,18849,4,90,,,,,,,,17,,16:04.06,,,,,229,True,Distance,629,1042,1150.0,M,False,3,2024-04-06,2024-04-06,False
16057,18851,4,99,,,,,,,,17,,16:42.66,,,,,229,True,Distance,531,972,1017.0,M,False,3,2024-04-06,2024-04-06,False
16058,18852,4,2968,,,,,,,,17,,17:25.93,,,,,229,True,Distance,431,897,879.5,M,False,3,2024-04-06,2024-04-06,False
16071,18865,49,2258,,,,,,,,17,,15:25.65,,,,,230,True,Distance,734,1114,1291.0,M,False,3,2024-04-06,2024-04-06,False
16072,18866,49,2263,,,,,,,,17,,16:09.29,,,,,230,True,Distance,615,1033,1131.5,M,False,3,2024-04-06,2024-04-06,False
16073,18867,49,2268,,,,,,,,17,,16:11.01,,,,,230,True,Distance,610,1029,1124.5,M,False,3,2024-04-06,2024-04-06,False
16076,18870,49,3784,,3781.0,,5610.0,,3778.0,,21,,47.29,,,,,230,True,Relays,609,1001,1109.5,M,False,3,2024-04-06,2024-04-06,False
16077,18871,49,18,,3782.0,,3781.0,,2260.0,,26,,8:28.25,,,,,230,True,Relays,0,0,0.0,M,False,3,2024-04-06,2024-04-06,False
16078,18872,49,3778,,3784.0,,18.0,,2260.0,,29,,3:41.86,,,,,230,True,Relays,0,0,0.0,M,False,3,2024-04-06,2024-04-06,False
16082,18876,61,2261,,,,,,,,11,,4:17.22,,,,,230,True,Distance,663,1071,1198.5,M,False,3,2024-04-06,2024-04-06,False
16083,18877,61,2269,,,,,,,,11,,4:36.10,,,,,230,True,Distance,482,933,948.5,M,False,3,2024-04-06,2024-04-06,False
16084,18878,61,1662,,,,,,,,11,,4:39.62,,,,,230,True,Distance,451,908,905.0,M,False,3,2024-04-06,2024-04-06,False
16085,18879,61,1663,,,,,,,,11,,4:41.99,,,,,230,True,Distance,431,891,876.5,M,False,3,2024-04-06,2024-04-06,False
16086,18880,61,2275,,,,,,,,11,,4:45.65,,,,,230,True,Distance,401,866,834.0,M,False,3,2024-04-06,2024-04-06,False
16087,18881,61,1661,,,,,,,,11,,4:46.23,,,,,230,True,Distance,396,862,827.0,M,False,3,2024-04-06,2024-04-06,False
16088,18882,61,1665,,,,,,,,11,,4:49.62,,,,,230,True,Distance,369,839,788.5,M,False,3,2024-04-06,2024-04-06,False
16089,18883,61,2259,,,,,,,,17,,15:51.69,,,,,230,True,Distance,662,1065,1194.5,M,False,3,2024-04-06,2024-04-06,False
16090,18884,61,2261,,,,,,,,17,,16:14.66,,,,,230,True,Distance,601,1023,1112.5,M,False,3,2024-04-06,2024-04-06,False
16091,18885,61,2269,,,,,,,,17,,17:09.09,,,,,230,True,Distance,469,926,932.0,M,False,3,2024-04-06,2024-04-06,False
16092,18886,61,1656,,,,,,,,17,,17:14.80,,,,,230,True,Distance,456,916,914.0,M,False,3,2024-04-06,2024-04-06,False
16093,18887,61,2275,,,,,,,,17,,17:44.63,,,,,230,True,Distance,391,866,824.0,M,False,3,2024-04-06,2024-04-06,False
16094,18888,61,1663,,,,,,,,17,,18:57.86,,,,,230,True,Distance,253,747,626.5,M,False,3,2024-04-06,2024-04-06,False
16117,18914,86,1539,,,,,,,,9,,1:58.97,,,,,232,True,Distance,786,1181,1376.5,M,False,3,2024-04-12,2024-04-13,False
16118,18915,86,4572,,,,,,,,9,,2:04.10,,,,,232,True,Distance,663,1090,1208.0,M,False,3,2024-04-12,2024-04-13,False
16119,18917,86,1578,,,,,,,,9,,2:17.31,,,,,232,True,Distance,395,873,831.5,M,False,3,2024-04-12,2024-04-13,False
16120,18918,86,1609,,,,,,,,9,,2:22.41,,,,,232,True,Distance,310,796,708.0,M,False,3,2024-04-12,2024-04-13,False
16121,18919,86,1598,,,,,,,,9,,2:24.86,,,,,232,True,Distance,272,760,652.0,M,False,3,2024-04-12,2024-04-13,False
16122,18920,86,1612,,,,,,,,9,,2:30.53,,,,,232,True,Distance,195,680,535.0,M,False,3,2024-04-12,2024-04-13,False
16123,18921,86,2574,,,,,,,,11,,4:13.95,,,,,232,True,Distance,698,1096,1246.0,M,False,3,2024-04-12,2024-04-13,False
16124,18934,86,1526,,,,,,,,20,,10:51.44,,,,,232,True,Distance,586,975,1073.5,M,False,3,2024-04-12,2024-04-13,False
16125,18923,86,4571,,,,,,,,11,,4:32.50,,,,,232,True,Distance,514,958,993.0,M,False,3,2024-04-12,2024-04-13,False
16126,18924,86,1578,,,,,,,,11,,4:45.33,,,,,232,True,Distance,403,869,837.5,M,False,3,2024-04-12,2024-04-13,False
16127,18925,86,1598,,,,,,,,11,,5:04.54,,,,,232,True,Distance,263,742,634.0,M,False,3,2024-04-12,2024-04-13,False
16128,18926,86,2541,,,,,,,,17,,15:40.93,,,,,232,True,Distance,691,1085,1233.5,M,False,3,2024-04-12,2024-04-13,False
16129,18927,86,2574,,,,,,,,17,,15:46.85,,,,,232,True,Distance,675,1074,1212.0,M,False,3,2024-04-12,2024-04-13,False
16130,18928,86,1558,,,,,,,,17,,16:04.06,,,,,232,True,Distance,629,1042,1150.0,M,False,3,2024-04-12,2024-04-13,False
16131,18929,86,4571,,,,,,,,17,,16:49.13,,,,,232,True,Distance,515,961,995.5,M,False,3,2024-04-12,2024-04-13,False
16132,18930,86,1578,,,,,,,,17,,17:19.32,,,,,232,True,Distance,445,909,899.5,M,False,3,2024-04-12,2024-04-13,False
16133,18931,86,1597,,,,,,,,17,,19:29.50,,,,,232,True,Distance,203,699,552.5,M,False,3,2024-04-12,2024-04-13,False
16134,18932,86,1612,,,,,,,,17,,19:44.09,,,,,232,True,Distance,181,677,519.5,M,False,3,2024-04-12,2024-04-13,False
16135,18935,86,1578,,,,,,,,20,,11:24.26,,,,,232,True,Distance,486,902,937.0,M,False,3,2024-04-12,2024-04-13,False
16136,18936,86,1558,,,,,,,,20,,11:30.15,,,,,232,True,Distance,469,889,913.5,M,False,3,2024-04-12,2024-04-13,False
16137,18937,86,1597,,,,,,,,20,,12:58.86,,,,,232,True,Distance,250,707,603.5,M,False,3,2024-04-12,2024-04-13,False
16146,18948,127,3633,,,,,,,,11,,4:08.24,,,,,233,True,Distance,760,1140,1330.0,M,False,3,2024-04-12,2024-04-13,False
16147,18949,127,4516,,3627.0,,3635.0,,3630.0,,21,,45.64,,,,,233,True,Relays,703,1067,1236.5,M,False,3,2024-04-12,2024-04-13,False
16148,18950,127,4516,,3627.0,,4936.0,,5611.0,,24,,3:46.21,,,,,233,True,Relays,586,1005,1088.5,M,False,3,2024-04-12,2024-04-13,False
16155,18957,10,5616,,,,,,,,9,,2:00.33,,,,,234,True,Distance,752,1156,1330.0,M,False,3,2024-04-12,2024-04-13,False
16156,18958,10,5617,,,,,,,,9,,2:04.48,,,,,234,True,Distance,654,1083,1195.5,M,False,3,2024-04-12,2024-04-13,False
16157,18959,10,5618,,,,,,,,9,,2:07.30,,,,,234,True,Distance,592,1035,1109.5,M,False,3,2024-04-12,2024-04-13,False
16158,18960,10,5619,,,,,,,,11,,4:06.19,,,,,234,True,Distance,783,1156,1361.0,M,False,3,2024-04-12,2024-04-13,False
16159,18961,10,5620,,,,,,,,11,,4:37.70,,,,,234,True,Distance,468,921,928.5,M,False,3,2024-04-12,2024-04-13,False
16160,18962,10,5621,,,,,,,,11,,4:47.25,,,,,234,True,Distance,388,855,815.5,M,False,3,2024-04-12,2024-04-13,False
16161,18963,10,5622,,,,,,,,11,,5:01.02,,,,,234,True,Distance,286,765,668.5,M,False,3,2024-04-12,2024-04-13,False
16162,18964,10,2302,,,,,,,,17,,15:13.12,,,,,234,True,Distance,771,1138,1340.0,M,False,3,2024-04-12,2024-04-13,False
16163,18965,10,2314,,,,,,,,17,,16:55.06,,,,,234,True,Distance,501,951,976.5,M,False,3,2024-04-12,2024-04-13,False
16164,18966,10,2312,,,,,,,,17,,17:12.83,,,,,234,True,Distance,460,920,920.0,M,False,3,2024-04-12,2024-04-13,False
16166,18968,10,5617,,5620.0,,5623.0,,5615.0,,24,,3:43.47,,,,,234,True,Relays,616,1027,1129.5,M,False,3,2024-04-12,2024-04-13,False
16177,18981,96,363,,,,,,,,9,,1:58.31,,,,,235,True,Distance,802,1192,1398.0,M,False,3,2024-04-12,2024-04-13,False
16178,18982,96,1552,,,,,,,,11,,4:05.91,,,,,235,True,Distance,786,1158,1365.0,M,False,3,2024-04-12,2024-04-13,False
16179,18983,96,363,,,,,,,,11,,4:07.57,,,,,235,True,Distance,767,1145,1339.5,M,False,3,2024-04-12,2024-04-13,False
16180,18984,96,367,,,,,,,,11,,4:13.58,,,,,235,True,Distance,702,1099,1251.5,M,False,3,2024-04-12,2024-04-13,False
16181,18985,96,365,,,,,,,,11,,4:14.07,,,,,235,True,Distance,696,1095,1243.5,M,False,3,2024-04-12,2024-04-13,False
16182,18987,96,3437,,,,,,,,11,,4:27.67,,,,,235,True,Distance,559,993,1055.5,M,False,3,2024-04-12,2024-04-13,False
16183,18988,96,364,,,,,,,,17,,15:52.02,,,,,235,True,Distance,661,1064,1193.0,M,False,3,2024-04-12,2024-04-13,False
16184,18989,96,371,,,,,,,,17,,18:36.50,,,,,235,True,Distance,290,781,680.5,M,False,3,2024-04-12,2024-04-13,False
16191,18996,58,170,,,,,,,,9,,2:08.54,,,,,236,True,Distance,565,1014,1072.0,M,False,3,2024-04-12,2024-04-13,False
16192,18997,58,170,,,,,,,,11,,4:29.50,,,,,236,True,Distance,542,980,1032.0,M,False,3,2024-04-12,2024-04-13,False
16205,18933,86,1536,,,,,,,,20,,10:28.61,,,,,232,True,Distance,661,1027,1174.5,M,False,3,2024-04-12,2024-04-13,False
16206,18939,86,1526,,1539.0,,1558.0,,1609.0,,24,,4:01.98,,,,,232,True,Relays,427,884,869.0,M,False,3,2024-04-12,2024-04-13,False
16207,18938,86,1572,,,,,,,,20,,13:11.15,,,,,232,True,Distance,226,683,567.5,M,False,3,2024-04-12,2024-04-13,False
16240,19041,146,3699,,,,,,,,9,,2:14.54,,,,,237,True,Distance,445,917,903.5,M,False,3,2024-04-12,2024-04-13,False
16241,19042,146,1317,,,,,,,,9,,2:18.43,,,,,237,True,Distance,375,856,803.0,M,False,3,2024-04-12,2024-04-13,False
16242,19043,146,3689,,,,,,,,9,,2:22.84,,,,,237,True,Distance,303,789,697.5,M,False,3,2024-04-12,2024-04-13,False
16243,19044,146,5627,,,,,,,,9,,2:25.12,,,,,237,True,Distance,269,756,647.0,M,False,3,2024-04-12,2024-04-13,False
16244,19045,146,1309,,,,,,,,9,,2:29.53,,,,,237,True,Distance,208,694,555.0,M,False,3,2024-04-12,2024-04-13,False
16245,19046,146,3709,,,,,,,,9,,2:30.66,,,,,237,True,Distance,194,678,533.0,M,False,3,2024-04-12,2024-04-13,False
16246,19047,146,1309,,,,,,,,11,,5:17.69,,,,,237,True,Distance,184,662,515.0,M,False,3,2024-04-12,2024-04-13,False
16247,19048,146,3686,,,,,,,,11,,5:20.96,,,,,237,True,Distance,166,642,487.0,M,False,3,2024-04-12,2024-04-13,False
16248,19049,146,1341,,,,,,,,11,,5:38.89,,,,,237,True,Distance,86,541,356.5,M,False,3,2024-04-12,2024-04-13,False
16249,19050,146,3687,,,,,,,,18,,37:34.26,,,,,237,True,Distance,420,863,851.5,M,False,3,2024-04-12,2024-04-13,False
16250,19051,146,3713,,,,,,,,18,,39:07.74,,,,,237,True,Distance,337,793,733.5,M,False,3,2024-04-12,2024-04-13,False
16251,19052,146,1341,,,,,,,,18,,43:07.35,,,,,237,True,Distance,165,626,478.0,M,False,3,2024-04-12,2024-04-13,False
16252,19053,146,3689,,3701.0,,3719.0,,3690.0,,21,,44.23,,,,,237,True,Relays,788,1125,1350.5,M,False,3,2024-04-12,2024-04-13,False
16253,19054,146,3694,,4379.0,,3708.0,,3710.0,,21,,45.65,,,,,237,True,Relays,702,1067,1235.5,M,False,3,2024-04-12,2024-04-13,False
16254,19055,146,4386,,3705.0,,4148.0,,3709.0,,21,,49.88,,,,,237,True,Relays,475,901,925.5,M,False,3,2024-04-12,2024-04-13,False
16255,19056,146,3690,,3688.0,,1409.0,,3689.0,,24,,3:41.72,,,,,237,True,Relays,636,1041,1156.5,M,False,3,2024-04-12,2024-04-13,False
16271,19074,79,4579,,,,,,,,9,,2:05.11,,,,,238,True,Distance,640,1072,1176.0,M,False,3,2024-04-12,2024-04-13,False
16272,19075,79,512,,,,,,,,11,,4:19.56,,,,,238,True,Distance,639,1053,1165.5,M,False,3,2024-04-12,2024-04-13,False
16273,19076,79,537,,,,,,,,11,,4:37.49,,,,,238,True,Distance,469,923,930.5,M,False,3,2024-04-12,2024-04-13,False
16274,19077,79,2549,,,,,,,,11,,4:15.66,,,,,238,True,Distance,680,1083,1221.5,M,False,3,2024-04-12,2024-04-13,False
16275,19078,79,523,,,,,,,,11,,4:18.19,,,,,238,True,Distance,653,1064,1185.0,M,False,3,2024-04-12,2024-04-13,False
16276,19079,79,515,,,,,,,,11,,4:37.00,,,,,238,True,Distance,474,926,937.0,M,False,3,2024-04-12,2024-04-13,False
16277,19080,79,509,,,,,,,,11,,4:43.41,,,,,238,True,Distance,419,882,860.0,M,False,3,2024-04-12,2024-04-13,False
16278,19081,79,4576,,,,,,,,17,,17:17.69,,,,,238,True,Distance,449,911,904.5,M,False,3,2024-04-12,2024-04-13,False
16291,19095,60,3407,,,,,,,,11,,4:28.58,,,,,239,True,Distance,550,987,1043.5,M,False,3,2024-04-12,2024-04-12,False
16292,19096,60,4901,,,,,,,,11,,4:37.94,,,,,239,True,Distance,465,920,925.0,M,False,3,2024-04-12,2024-04-12,False
16293,19097,60,3393,,,,,,,,11,,4:05.49,,,,,239,True,Distance,791,1162,1372.0,M,False,3,2024-04-12,2024-04-12,False
16294,19098,60,3386,,,,,,,,18,,31:57.46,,,,,239,True,Distance,796,1141,1366.5,M,False,3,2024-04-12,2024-04-12,False
16295,19099,60,4906,,2906.0,,5630.0,,4903.0,,24,,3:44.20,,,,,239,True,Relays,608,1021,1118.5,M,False,3,2024-04-12,2024-04-12,False
16298,19102,61,380,,,,,,,,17,,14:39.86,,,,,240,True,Distance,871,1202,1472.0,M,False,3,2024-04-12,2024-04-12,False
16299,19103,61,1655,,,,,,,,17,,15:44.45,,,,,240,True,Distance,682,1078,1221.0,M,False,3,2024-04-12,2024-04-12,False
16300,19104,61,2780,,,,,,,,17,,15:20.73,,,,,240,True,Distance,749,1123,1310.5,M,False,3,2024-04-12,2024-04-12,False
16312,19082,79,5870,,2549.0,,4579.0,,523.0,,24,,3:33.04,,,,,238,True,Relays,738,1113,1294.5,M,False,3,2024-04-12,2024-04-13,False
16313,19057,146,4386,,1309.0,,3699.0,,4148.0,,24,,4:04.72,,,,,237,True,Relays,402,864,834.0,M,False,3,2024-04-12,2024-04-13,False
16343,19145,61,2259,,,,,,,,18,,33:55.09,,,,,241,True,Distance,651,1040,1171.0,M,False,3,2024-04-13,2024-04-13,False
16344,19146,61,2780,,,,,,,,11,,4:07.51,,,,,241,True,Distance,768,1146,1341.0,M,False,3,2024-04-13,2024-04-13,False
16345,19147,61,4628,,,,,,,,11,,4:11.53,,,,,241,True,Distance,724,1115,1281.5,M,False,3,2024-04-13,2024-04-13,False
16346,19148,61,2261,,,,,,,,11,,4:20.99,,,,,241,True,Distance,625,1043,1146.5,M,False,3,2024-04-13,2024-04-13,False
16347,19149,61,2269,,,,,,,,11,,4:33.46,,,,,241,True,Distance,505,951,980.5,M,False,3,2024-04-13,2024-04-13,False
16348,19150,61,1656,,,,,,,,11,,4:34.39,,,,,241,True,Distance,497,945,969.5,M,False,3,2024-04-13,2024-04-13,False
16349,19151,61,1661,,,,,,,,11,,4:40.38,,,,,241,True,Distance,444,903,895.5,M,False,3,2024-04-13,2024-04-13,False
16350,19152,61,1663,,,,,,,,11,,4:40.59,,,,,241,True,Distance,443,901,893.5,M,False,3,2024-04-13,2024-04-13,False
16351,19153,61,2276,,,,,,,,11,,4:52.06,,,,,241,True,Distance,351,823,762.5,M,False,3,2024-04-13,2024-04-13,False
16352,19154,61,2284,,,,,,,,11,,4:54.51,,,,,241,True,Distance,332,807,735.5,M,False,3,2024-04-13,2024-04-13,False
16353,19155,61,2275,,,,,,,,11,,4:54.98,,,,,241,True,Distance,329,804,731.0,M,False,3,2024-04-13,2024-04-13,False
16354,19156,61,2277,,,,,,,,11,,5:04.38,,,,,241,True,Distance,264,743,635.5,M,False,3,2024-04-13,2024-04-13,False
16355,19157,61,5632,,,,,,,,11,,5:04.56,,,,,241,True,Distance,263,742,634.0,M,False,3,2024-04-13,2024-04-13,False
16366,19168,61,382,,,,,,,,9,,2:04.68,,,,,241,True,Distance,650,1080,1190.0,M,False,3,2024-04-13,2024-04-13,False
16367,19169,61,1665,,,,,,,,9,,2:14.40,,,,,241,True,Distance,448,919,907.5,M,False,3,2024-04-13,2024-04-13,False
16368,19170,61,1661,,,,,,,,9,,2:16.80,,,,,241,True,Distance,404,881,844.5,M,False,3,2024-04-13,2024-04-13,False
16369,19171,61,4045,,,,,,,,9,,2:22.95,,,,,241,True,Distance,301,788,695.0,M,False,3,2024-04-13,2024-04-13,False
16370,19172,61,4626,,,,,,,,9,,2:25.31,,,,,241,True,Distance,266,753,642.5,M,False,3,2024-04-13,2024-04-13,False
16371,19173,61,2284,,,,,,,,9,,2:25.73,,,,,241,True,Distance,260,747,633.5,M,False,3,2024-04-13,2024-04-13,False
16372,19174,61,5632,,,,,,,,9,,2:26.43,,,,,241,True,Distance,250,737,618.5,M,False,3,2024-04-13,2024-04-13,False
16382,19184,61,1657,,,,,,,,17,,16:00.19,,,,,241,True,Distance,639,1049,1163.5,M,False,3,2024-04-13,2024-04-13,False
16383,19185,61,2261,,,,,,,,17,,16:40.34,,,,,241,True,Distance,536,977,1024.5,M,False,3,2024-04-13,2024-04-13,False
16384,19186,61,1656,,,,,,,,17,,16:40.69,,,,,241,True,Distance,536,976,1024.0,M,False,3,2024-04-13,2024-04-13,False
16385,19187,61,2784,,,,,,,,17,,17:41.48,,,,,241,True,Distance,398,871,833.5,M,False,3,2024-04-13,2024-04-13,False
16386,19188,61,1662,,,,,,,,17,,18:31.89,,,,,241,True,Distance,299,788,693.0,M,False,3,2024-04-13,2024-04-13,False
16387,19189,61,2275,,,,,,,,17,,18:37.92,,,,,241,True,Distance,288,779,677.5,M,False,3,2024-04-13,2024-04-13,False
16388,19190,61,1663,,,,,,,,17,,18:45.33,,,,,241,True,Distance,275,767,658.5,M,False,3,2024-04-13,2024-04-13,False
16389,19191,61,4944,,5635.0,,2273.0,,4622.0,,24,,3:25.94,,,,,241,True,Relays,828,1173,1414.5,M,False,3,2024-04-13,2024-04-13,False
16390,19192,61,4036,,2269.0,,4045.0,,1665.0,,24,,3:53.73,,,,,241,True,Relays,507,947,980.5,M,False,3,2024-04-13,2024-04-13,False
16444,19246,59,3915,,,,,,,,9,,2:11.33,,,,,242,True,Distance,508,968,992.0,M,False,3,2024-04-13,2024-04-13,False
16445,19247,59,1638,,,,,,,,9,,2:12.55,,,,,242,True,Distance,483,948,957.0,M,False,3,2024-04-13,2024-04-13,False
16446,19248,59,1639,,,,,,,,11,,4:23.35,,,,,242,True,Distance,601,1025,1113.5,M,False,3,2024-04-13,2024-04-13,False
16447,19249,59,3901,,,,,,,,11,,4:27.61,,,,,242,True,Distance,560,994,1057.0,M,False,3,2024-04-13,2024-04-13,False
16448,19250,59,3915,,,,,,,,11,,4:32.29,,,,,242,True,Distance,516,960,996.0,M,False,3,2024-04-13,2024-04-13,False
16449,19251,59,1632,,,,,,,,11,,4:38.55,,,,,242,True,Distance,460,915,917.5,M,False,3,2024-04-13,2024-04-13,False
16450,19252,59,1638,,,,,,,,11,,4:39.21,,,,,242,True,Distance,454,911,909.5,M,False,3,2024-04-13,2024-04-13,False
16451,19253,59,1636,,,,,,,,11,,4:39.76,,,,,242,True,Distance,450,907,903.5,M,False,3,2024-04-13,2024-04-13,False
16452,19254,59,1635,,,,,,,,11,,4:42.75,,,,,242,True,Distance,425,886,868.0,M,False,3,2024-04-13,2024-04-13,False
16453,19255,59,2787,,,,,,,,11,,4:47.49,,,,,242,True,Distance,386,854,813.0,M,False,3,2024-04-13,2024-04-13,False
16454,19256,59,1651,,,,,,,,11,,4:49.66,,,,,242,True,Distance,369,839,788.5,M,False,3,2024-04-13,2024-04-13,False
16455,19257,59,1650,,,,,,,,11,,5:03.93,,,,,242,True,Distance,267,746,640.0,M,False,3,2024-04-13,2024-04-13,False
16456,19258,59,4081,,,,,,,,11,,5:52.88,,,,,242,True,Distance,41,469,275.5,M,False,3,2024-04-13,2024-04-13,False
16457,19259,59,3918,,,,,,,,17,,15:53.74,,,,,242,True,Distance,656,1061,1186.5,M,False,3,2024-04-13,2024-04-13,False
16458,19260,59,3901,,,,,,,,17,,16:28.87,,,,,242,True,Distance,565,997,1063.5,M,False,3,2024-04-13,2024-04-13,False
16459,19261,59,1625,,,,,,,,17,,16:36.37,,,,,242,True,Distance,546,984,1038.0,M,False,3,2024-04-13,2024-04-13,False
16460,19262,59,4084,,,,,,,,17,,17:21.62,,,,,242,True,Distance,440,905,892.5,M,False,3,2024-04-13,2024-04-13,False
16461,19263,59,1631,,,,,,,,17,,17:40.27,,,,,242,True,Distance,400,873,836.5,M,False,3,2024-04-13,2024-04-13,False
16462,19264,59,1652,,,,,,,,17,,20:09.12,,,,,242,True,Distance,148,641,468.5,M,False,3,2024-04-13,2024-04-13,False
16463,19265,59,2788,,,,,,,,17,,22:04.08,,,,,242,True,Distance,37,486,280.0,M,False,3,2024-04-13,2024-04-13,False
16466,19268,59,3908,,1622.0,,5639.0,,4083.0,,21,,43.71,,,,,242,True,Relays,821,1147,1394.5,M,False,3,2024-04-13,2024-04-13,False
16467,19269,59,1639,,3896.0,,3907.0,,3912.0,,24,,3:36.27,,,,,242,True,Relays,699,1086,1242.0,M,False,3,2024-04-13,2024-04-13,False
16468,19270,59,1624,,3902.0,,3919.0,,2787.0,,24,,3:40.44,,,,,242,True,Relays,651,1052,1177.0,M,False,3,2024-04-13,2024-04-13,False
16469,19271,59,1638,,3908.0,,3900.0,,4077.0,,24,,3:50.97,,,,,242,True,Relays,535,968,1019.0,M,False,3,2024-04-13,2024-04-13,False
16474,19276,147,1699,,,,,,,,11,,4:25.33,,,,,243,True,Distance,582,1010,1087.0,M,False,3,2024-04-13,2024-04-13,False
16475,19277,147,5640,,,,,,,,17,,17:14.63,,,,,243,True,Distance,456,917,914.5,M,False,3,2024-04-13,2024-04-13,False
16503,19305,112,3762,,,,,,,,9,,1:58.45,,,,,244,True,Distance,799,1190,1394.0,M,False,3,2024-04-13,2024-04-13,False
16504,19306,112,415,,,,,,,,9,,2:06.20,,,,,244,True,Distance,616,1054,1143.0,M,False,3,2024-04-13,2024-04-13,False
16505,19307,112,435,,,,,,,,9,,2:06.60,,,,,244,True,Distance,607,1047,1130.5,M,False,3,2024-04-13,2024-04-13,False
16506,19308,112,420,,,,,,,,9,,2:07.83,,,,,244,True,Distance,580,1026,1093.0,M,False,3,2024-04-13,2024-04-13,False
16507,19309,112,417,,,,,,,,9,,2:09.64,,,,,244,True,Distance,542,996,1040.0,M,False,3,2024-04-13,2024-04-13,False
16508,19310,112,417,,,,,,,,11,,4:15.05,,,,,244,True,Distance,686,1087,1229.5,M,False,3,2024-04-13,2024-04-13,False
16509,19311,112,415,,,,,,,,11,,4:18.02,,,,,244,True,Distance,655,1065,1187.5,M,False,3,2024-04-13,2024-04-13,False
16510,19312,112,421,,,,,,,,11,,4:25.18,,,,,244,True,Distance,583,1011,1088.5,M,False,3,2024-04-13,2024-04-13,False
16511,19313,112,419,,,,,,,,11,,4:31.09,,,,,244,True,Distance,527,968,1011.0,M,False,3,2024-04-13,2024-04-13,False
16512,19314,112,3333,,,,,,,,11,,4:31.70,,,,,244,True,Distance,521,964,1003.0,M,False,3,2024-04-13,2024-04-13,False
16513,19315,112,2036,,,,,,,,11,,4:50.60,,,,,244,True,Distance,362,833,778.5,M,False,3,2024-04-13,2024-04-13,False
16514,19316,112,2886,,,,,,,,11,,5:25.35,,,,,244,True,Distance,144,617,452.5,M,False,3,2024-04-13,2024-04-13,False
16515,19317,112,429,,,,,,,,17,,17:56.82,,,,,244,True,Distance,366,845,788.5,M,False,3,2024-04-13,2024-04-13,False
16516,19318,112,422,,,,,,,,17,,19:27.52,,,,,244,True,Distance,206,702,557.0,M,False,3,2024-04-13,2024-04-13,False
16520,19322,112,414,,,,,,,,20,,10:26.35,,,,,244,True,Distance,668,1033,1184.5,M,False,3,2024-04-13,2024-04-13,False
16521,19323,112,3764,,2886.0,,414.0,,5645.0,,21,,47.88,,,,,244,True,Relays,577,978,1066.0,M,False,3,2024-04-13,2024-04-13,False
16557,19359,116,4535,,,,,,,,11,,3:58.85,,,,,245,True,Distance,868,1215,1475.5,M,False,3,2024-04-13,2024-04-13,False
16558,19360,116,451,,,,,,,,11,,4:06.59,,,,,245,True,Distance,778,1153,1354.5,M,False,3,2024-04-13,2024-04-13,False
16559,19361,116,310,,,,,,,,11,,4:09.41,,,,,245,True,Distance,747,1131,1312.5,M,False,3,2024-04-13,2024-04-13,False
16560,19362,116,5276,,,,,,,,11,,4:23.14,,,,,245,True,Distance,603,1027,1116.5,M,False,3,2024-04-13,2024-04-13,False
16561,19363,116,332,,,,,,,,11,,4:41.36,,,,,245,True,Distance,436,896,884.0,M,False,3,2024-04-13,2024-04-13,False
16562,19364,116,312,,,,,,,,17,,15:59.12,,,,,245,True,Distance,642,1051,1167.5,M,False,3,2024-04-13,2024-04-13,False
16565,19367,116,350,,,,,,,,20,,12:43.10,,,,,245,True,Distance,284,738,653.0,M,False,3,2024-04-13,2024-04-13,False
16566,19368,116,458,,3949.0,,332.0,,5276.0,,24,,3:46.45,,,,,245,True,Relays,584,1004,1086.0,M,False,3,2024-04-13,2024-04-13,False
16581,19383,104,2006,,,,,,,,9,,2:07.20,,,,,246,True,Distance,594,1037,1112.5,M,False,3,2024-04-13,2024-04-13,False
16582,19384,104,2029,,,,,,,,9,,2:09.93,,,,,246,True,Distance,536,991,1031.5,M,False,3,2024-04-13,2024-04-13,False
16583,19385,104,2023,,,,,,,,9,,2:12.63,,,,,246,True,Distance,482,947,955.5,M,False,3,2024-04-13,2024-04-13,False
16584,19386,104,2040,,,,,,,,9,,2:39.91,,,,,246,True,Distance,96,558,375.0,M,False,3,2024-04-13,2024-04-13,False
16585,19387,104,2051,,,,,,,,9,,2:48.66,,,,,246,True,Distance,35,455,262.5,M,False,3,2024-04-13,2024-04-13,False
16586,19388,104,2053,,,,,,,,9,,2:51.88,,,,,246,True,Distance,20,419,229.5,M,False,3,2024-04-13,2024-04-13,False
16587,19389,104,2023,,,,,,,,11,,4:21.85,,,,,246,True,Distance,616,1036,1134.0,M,False,3,2024-04-13,2024-04-13,False
16588,19390,104,2006,,,,,,,,11,,4:32.19,,,,,246,True,Distance,517,961,997.5,M,False,3,2024-04-13,2024-04-13,False
16589,19391,104,2029,,,,,,,,11,,4:36.01,,,,,246,True,Distance,482,933,948.5,M,False,3,2024-04-13,2024-04-13,False
16590,19392,104,2040,,,,,,,,11,,5:19.20,,,,,246,True,Distance,175,653,501.5,M,False,3,2024-04-13,2024-04-13,False
16591,19393,104,2051,,,,,,,,11,,5:50.85,,,,,246,True,Distance,47,479,286.5,M,False,3,2024-04-13,2024-04-13,False
16592,19394,104,2053,,,,,,,,11,,5:51.82,,,,,246,True,Distance,44,474,281.0,M,False,3,2024-04-13,2024-04-13,False
16593,19395,104,2006,,,,,,,,17,,15:54.45,,,,,246,True,Distance,654,1060,1184.0,M,False,3,2024-04-13,2024-04-13,False
16600,19402,121,2798,,,,,,,,9,,2:13.14,,,,,247,True,Distance,472,939,941.5,M,False,3,2024-04-18,2024-04-19,False
16601,19403,121,4530,,,,,,,,9,,2:22.26,,,,,247,True,Distance,312,798,711.0,M,False,3,2024-04-18,2024-04-19,False
16602,19404,121,2805,,,,,,,,9,,2:30.99,,,,,247,True,Distance,190,674,527.0,M,False,3,2024-04-18,2024-04-19,False
16603,19405,121,2806,,,,,,,,9,,2:33.27,,,,,247,True,Distance,163,643,484.5,M,False,3,2024-04-18,2024-04-19,False
16604,19406,121,2808,,,,,,,,9,,2:40.15,,,,,247,True,Distance,94,555,371.5,M,False,3,2024-04-18,2024-04-19,False
16605,19407,121,2804,,,,,,,,11,,5:03.57,,,,,247,True,Distance,269,748,643.0,M,False,3,2024-04-18,2024-04-19,False
16606,19408,121,3960,,,,,,,,11,,5:29.18,,,,,247,True,Distance,126,595,423.5,M,False,3,2024-04-18,2024-04-19,False
16607,19409,121,3962,,,,,,,,11,,6:05.78,,,,,247,True,Distance,15,406,218.0,M,False,3,2024-04-18,2024-04-19,False
16608,19410,121,3964,,,,,,,,17,,17:20.59,,,,,247,True,Distance,443,906,896.0,M,False,3,2024-04-18,2024-04-19,False
16609,19411,121,2802,,,,,,,,20,,12:09.15,,,,,247,True,Distance,365,806,768.0,M,False,3,2024-04-18,2024-04-19,False
16610,19412,121,2804,,,,,,,,20,,12:15.88,,,,,247,True,Distance,348,792,744.0,M,False,3,2024-04-18,2024-04-19,False
16611,19413,121,2801,,,,,,,,20,,12:17.08,,,,,247,True,Distance,345,790,740.0,M,False,3,2024-04-18,2024-04-19,False
16612,19414,121,3959,,,,,,,,20,,12:25.18,,,,,247,True,Distance,325,773,711.5,M,False,3,2024-04-18,2024-04-19,False
16613,19415,121,2806,,,,,,,,20,,13:00.12,,,,,247,True,Distance,248,704,600.0,M,False,3,2024-04-18,2024-04-19,False
16614,19416,121,3963,,,,,,,,20,,13:03.75,,,,,247,True,Distance,240,697,588.5,M,False,3,2024-04-18,2024-04-19,False
16615,19417,121,4530,,,,,,,,20,,13:21.78,,,,,247,True,Distance,205,663,536.5,M,False,3,2024-04-18,2024-04-19,False
16616,19418,121,2808,,,,,,,,20,,13:36.79,,,,,247,True,Distance,178,635,495.5,M,False,3,2024-04-18,2024-04-19,False
16617,19419,121,3961,,,,,,,,20,,14:10.22,,,,,247,True,Distance,124,575,411.5,M,False,3,2024-04-18,2024-04-19,False
16625,19427,107,2002,,,,,,,,9,,2:06.59,,,,,249,True,Distance,607,1047,1130.5,M,False,3,2024-04-19,2024-04-20,False
16626,19429,107,2002,,,,,,,,11,,4:11.19,,,,,249,True,Distance,727,1117,1285.5,M,False,3,2024-04-19,2024-04-20,False
16627,19431,107,2854,,,,,,,,11,,4:15.87,,,,,249,True,Distance,677,1081,1217.5,M,False,3,2024-04-19,2024-04-20,False
16628,19432,107,2876,,,,,,,,11,,4:51.80,,,,,249,True,Distance,353,825,765.5,M,False,3,2024-04-19,2024-04-20,False
16633,19437,107,2876,,,,,,,,20,,11:32.47,,,,,249,True,Distance,462,884,904.0,M,False,3,2024-04-19,2024-04-20,False
16636,19440,116,2057,,,,,,,,9,,1:56.56,,,,,250,True,Distance,847,1224,1459.0,M,False,3,2024-04-19,2024-04-20,False
16637,19441,116,2057,,,,,,,,11,,3:57.02,,,,,250,True,Distance,890,1229,1504.5,M,False,3,2024-04-19,2024-04-20,False
16638,19442,116,4535,,,,,,,,11,,3:58.67,,,,,250,True,Distance,870,1216,1478.0,M,False,3,2024-04-19,2024-04-20,False
16639,19443,116,451,,,,,,,,17,,14:45.43,,,,,250,True,Distance,854,1191,1449.5,M,False,3,2024-04-19,2024-04-20,False
16661,19465,169,1198,,,,,,,,11,,4:22.37,,,,,251,True,Distance,611,1032,1127.0,M,False,3,2024-04-19,2024-04-20,False
16662,19466,169,4732,,,,,,,,11,,4:53.18,,,,,251,True,Distance,342,816,750.0,M,False,3,2024-04-19,2024-04-20,False
16663,19467,169,1198,,,,,,,,17,,16:19.58,,,,,251,True,Distance,588,1014,1095.0,M,False,3,2024-04-19,2024-04-20,False
16710,19514,116,5276,,,,,,,,9,,2:04.23,,,,,252,True,Distance,660,1088,1204.0,M,False,3,2024-04-19,2024-04-19,False
16711,19515,116,2059,,,,,,,,9,,2:11.08,,,,,252,True,Distance,513,972,999.0,M,False,3,2024-04-19,2024-04-19,False
16712,19516,116,3946,,,,,,,,9,,2:14.30,,,,,252,True,Distance,450,920,910.0,M,False,3,2024-04-19,2024-04-19,False
16713,19517,116,462,,,,,,,,9,,2:34.16,,,,,252,True,Distance,153,631,468.5,M,False,3,2024-04-19,2024-04-19,False
16714,19518,116,5651,,,,,,,,11,,4:09.98,,,,,252,True,Distance,741,1127,1304.5,M,False,3,2024-04-19,2024-04-19,False
16715,19519,116,310,,,,,,,,11,,4:11.95,,,,,252,True,Distance,719,1111,1274.5,M,False,3,2024-04-19,2024-04-19,False
16716,19520,116,4910,,,,,,,,11,,4:24.24,,,,,252,True,Distance,592,1018,1101.0,M,False,3,2024-04-19,2024-04-19,False
16717,19521,116,4144,,,,,,,,11,,4:25.99,,,,,252,True,Distance,575,1006,1078.0,M,False,3,2024-04-19,2024-04-19,False
16718,19522,116,5652,,,,,,,,11,,4:34.89,,,,,252,True,Distance,492,941,962.5,M,False,3,2024-04-19,2024-04-19,False
16719,19523,116,4142,,,,,,,,11,,4:38.51,,,,,252,True,Distance,461,916,919.0,M,False,3,2024-04-19,2024-04-19,False
16720,19524,116,4917,,,,,,,,11,,4:39.92,,,,,252,True,Distance,448,906,901.0,M,False,3,2024-04-19,2024-04-19,False
16721,19525,116,332,,,,,,,,11,,4:40.59,,,,,252,True,Distance,443,901,893.5,M,False,3,2024-04-19,2024-04-19,False
16722,19526,116,454,,,,,,,,17,,15:33.50,,,,,252,True,Distance,712,1099,1261.5,M,False,3,2024-04-19,2024-04-19,False
16723,19527,116,4913,,,,,,,,17,,17:21.86,,,,,252,True,Distance,440,904,892.0,M,False,3,2024-04-19,2024-04-19,False
16724,19528,116,2059,,,,,,,,17,,17:23.03,,,,,252,True,Distance,437,902,888.0,M,False,3,2024-04-19,2024-04-19,False
16725,19529,116,5276,,,,,,,,17,,17:34.65,,,,,252,True,Distance,412,882,853.0,M,False,3,2024-04-19,2024-04-19,False
16726,19530,116,462,,,,,,,,17,,22:58.12,,,,,252,True,Distance,10,421,220.5,M,False,3,2024-04-19,2024-04-19,False
16782,19589,164,723,,,,,,,,9,,1:57.26,,,,,253,True,Distance,829,1212,1435.0,M,False,3,2024-04-19,2024-04-20,False
16783,19590,164,689,,,,,,,,9,,2:03.92,,,,,253,True,Distance,667,1093,1213.5,M,False,3,2024-04-19,2024-04-20,False
16784,19591,164,2727,,,,,,,,9,,2:09.33,,,,,253,True,Distance,549,1001,1049.5,M,False,3,2024-04-19,2024-04-20,False
16785,19592,164,766,,,,,,,,9,,2:28.68,,,,,253,True,Distance,219,706,572.0,M,False,3,2024-04-19,2024-04-20,False
16786,19593,164,4725,,,,,,,,9,,2:30.98,,,,,253,True,Distance,190,674,527.0,M,False,3,2024-04-19,2024-04-20,False
16787,19594,164,683,,,,,,,,11,,4:06.22,,,,,253,True,Distance,782,1156,1360.0,M,False,3,2024-04-19,2024-04-20,False
16788,19595,164,700,,,,,,,,11,,4:16.04,,,,,253,True,Distance,676,1080,1216.0,M,False,3,2024-04-19,2024-04-20,False
16789,19596,164,4725,,,,,,,,11,,4:57.54,,,,,253,True,Distance,310,787,703.5,M,False,3,2024-04-19,2024-04-20,False
16790,19597,164,748,,,,,,,,11,,5:11.77,,,,,253,True,Distance,217,697,565.5,M,False,3,2024-04-19,2024-04-20,False
16791,19598,164,675,,,,,,,,17,,16:17.00,,,,,253,True,Distance,595,1018,1104.0,M,False,3,2024-04-19,2024-04-20,False
16792,19599,164,691,,,,,,,,17,,16:20.46,,,,,253,True,Distance,586,1012,1092.0,M,False,3,2024-04-19,2024-04-20,False
16793,19600,164,728,,,,,,,,17,,18:05.06,,,,,253,True,Distance,349,832,765.0,M,False,3,2024-04-19,2024-04-20,False
16794,19601,164,721,,,,,,,,20,,10:57.77,,,,,253,True,Distance,566,960,1046.0,M,False,3,2024-04-19,2024-04-20,False
16795,19602,164,5396,,,,,,,,20,,11:00.32,,,,,253,True,Distance,558,955,1035.5,M,False,3,2024-04-19,2024-04-20,False
16796,19603,164,700,,,,,,,,20,,11:24.76,,,,,253,True,Distance,485,900,935.0,M,False,3,2024-04-19,2024-04-20,False
16797,19604,164,727,,,,,,,,20,,12:22.51,,,,,253,True,Distance,332,779,721.5,M,False,3,2024-04-19,2024-04-20,False
16798,19605,164,4433,,,,,,,,20,,12:22.59,,,,,253,True,Distance,332,779,721.5,M,False,3,2024-04-19,2024-04-20,False
16799,19606,164,2727,,721.0,,5396.0,,700.0,,21,,53.13,,,,,253,True,Relays,330,783,721.5,M,False,3,2024-04-19,2024-04-20,False
16800,19607,164,689,,700.0,,5396.0,,721.0,,24,,3:46.58,,,,,253,True,Relays,582,1003,1083.5,M,False,3,2024-04-19,2024-04-20,False
16824,19631,167,5236,,,,,,,,9,,1:56.90,,,,,253,True,Distance,838,1218,1447.0,M,False,3,2024-04-19,2024-04-20,False
16825,19632,167,467,,,,,,,,9,,1:58.36,,,,,253,True,Distance,801,1192,1397.0,M,False,3,2024-04-19,2024-04-20,False
16826,19633,167,468,,,,,,,,9,,2:00.87,,,,,253,True,Distance,739,1147,1312.5,M,False,3,2024-04-19,2024-04-20,False
16827,19634,167,5253,,,,,,,,9,,2:01.12,,,,,253,True,Distance,733,1142,1304.0,M,False,3,2024-04-19,2024-04-20,False
16828,19635,167,669,,,,,,,,9,,2:01.25,,,,,253,True,Distance,730,1140,1300.0,M,False,3,2024-04-19,2024-04-20,False
16829,19636,167,3015,,,,,,,,9,,2:02.96,,,,,253,True,Distance,689,1110,1244.0,M,False,3,2024-04-19,2024-04-20,False
16830,19637,167,5289,,,,,,,,9,,2:03.27,,,,,253,True,Distance,682,1104,1234.0,M,False,3,2024-04-19,2024-04-20,False
16831,19638,167,704,,,,,,,,9,,2:04.55,,,,,253,True,Distance,653,1082,1194.0,M,False,3,2024-04-19,2024-04-20,False
16832,19639,167,4304,,,,,,,,9,,2:19.26,,,,,253,True,Distance,361,843,782.5,M,False,3,2024-04-19,2024-04-20,False
16833,19640,167,5282,,,,,,,,11,,4:02.96,,,,,253,True,Distance,820,1182,1411.0,M,False,3,2024-04-19,2024-04-20,False
16834,19641,167,685,,,,,,,,11,,4:11.86,,,,,253,True,Distance,720,1112,1276.0,M,False,3,2024-04-19,2024-04-20,False
16835,19642,167,3011,,,,,,,,11,,4:14.91,,,,,253,True,Distance,687,1089,1231.5,M,False,3,2024-04-19,2024-04-20,False
16836,19643,167,5230,,,,,,,,11,,4:19.30,,,,,253,True,Distance,642,1055,1169.5,M,False,3,2024-04-19,2024-04-20,False
16837,19644,167,702,,,,,,,,11,,4:22.42,,,,,253,True,Distance,610,1032,1126.0,M,False,3,2024-04-19,2024-04-20,False
16838,19645,167,711,,,,,,,,11,,4:33.42,,,,,253,True,Distance,506,952,982.0,M,False,3,2024-04-19,2024-04-20,False
16839,19646,167,751,,,,,,,,11,,4:36.07,,,,,253,True,Distance,482,933,948.5,M,False,3,2024-04-19,2024-04-20,False
16840,19647,167,734,,,,,,,,11,,4:40.14,,,,,253,True,Distance,446,904,898.0,M,False,3,2024-04-19,2024-04-20,False
16842,19648,167,757,,,,,,,,11,,4:42.36,,,,,253,True,Distance,428,889,872.5,M,False,3,2024-04-19,2024-04-20,False
16843,19649,167,736,,,,,,,,11,,4:43.77,,,,,253,True,Distance,416,879,855.5,M,False,3,2024-04-19,2024-04-20,False
16844,19650,167,673,,,,,,,,17,,15:19.43,,,,,253,True,Distance,752,1126,1315.0,M,False,3,2024-04-19,2024-04-20,False
16845,19651,167,680,,,,,,,,17,,16:21.10,,,,,253,True,Distance,584,1011,1089.5,M,False,3,2024-04-19,2024-04-20,False
16846,19652,167,681,,,,,,,,17,,16:23.00,,,,,253,True,Distance,580,1008,1084.0,M,False,3,2024-04-19,2024-04-20,False
16847,19653,167,695,,,,,,,,17,,17:13.57,,,,,253,True,Distance,458,918,917.0,M,False,3,2024-04-19,2024-04-20,False
16848,19654,167,743,,,,,,,,17,,17:15.19,,,,,253,True,Distance,455,916,913.0,M,False,3,2024-04-19,2024-04-20,False
16849,19655,167,742,,,,,,,,17,,17:44.38,,,,,253,True,Distance,391,866,824.0,M,False,3,2024-04-19,2024-04-20,False
16850,19656,167,710,,,,,,,,17,,17:47.89,,,,,253,True,Distance,384,860,814.0,M,False,3,2024-04-19,2024-04-20,False
16851,19657,167,760,,,,,,,,17,,18:06.68,,,,,253,True,Distance,346,829,760.5,M,False,3,2024-04-19,2024-04-20,False
16852,19658,167,2608,,,,,,,,17,,18:31.29,,,,,253,True,Distance,300,789,694.5,M,False,3,2024-04-19,2024-04-20,False
16858,19664,167,680,,,,,,,,20,,10:22.40,,,,,253,True,Distance,682,1042,1203.0,M,False,3,2024-04-19,2024-04-20,False
16859,19665,167,760,,,,,,,,20,,12:29.61,,,,,253,True,Distance,315,764,697.0,M,False,3,2024-04-19,2024-04-20,False
16860,19666,167,5248,,5221.0,,5654.0,,5239.0,,21,,47.05,,,,,253,True,Relays,622,1010,1127.0,M,False,3,2024-04-19,2024-04-20,False
16861,19667,167,5239,,5248.0,,5289.0,,5236.0,,24,,3:34.80,56.17,53.95,53.90,,253,True,Relays,717,1098,1266.0,M,False,3,2024-04-19,2024-04-20,False
16862,19668,167,5655,,467.0,,4439.0,,4438.0,,24,,3:40.96,55.62,53.37,58.63,,253,True,Relays,645,1048,1169.0,M,False,3,2024-04-19,2024-04-20,False
16863,19669,167,2584,,5656.0,,734.0,,5282.0,,24,,4:04.89,1:01.32,56.53,1:02.21,,253,True,Relays,400,863,831.5,M,False,3,2024-04-19,2024-04-20,False
16864,19670,167,5244,,673.0,,2626.0,,5654.0,,24,,4:24.55,56.52,59.08,1:28.40,,253,True,Relays,243,724,605.0,M,False,3,2024-04-19,2024-04-20,False
16938,19745,203,4414,,,,,,,,9,,2:07.21,,,,,254,True,Distance,594,1037,1112.5,M,False,3,2024-04-20,2024-04-20,False
16939,19747,203,3852,,,,,,,,9,,2:12.08,,,,,254,True,Distance,493,956,971.0,M,False,3,2024-04-20,2024-04-20,False
16940,19748,203,4407,,,,,,,,9,,2:18.19,,,,,254,True,Distance,379,859,808.5,M,False,3,2024-04-20,2024-04-20,False
16941,19749,203,4420,,,,,,,,9,,2:18.49,,,,,254,True,Distance,374,855,801.5,M,False,3,2024-04-20,2024-04-20,False
16942,19750,203,4504,,,,,,,,9,,2:22.49,,,,,254,True,Distance,308,795,705.5,M,False,3,2024-04-20,2024-04-20,False
16943,19751,203,4418,,,,,,,,11,,4:23.41,,,,,254,True,Distance,601,1025,1113.5,M,False,3,2024-04-20,2024-04-20,False
16945,19753,203,4405,,4413.0,,4510.0,,5566.0,,21,,42.98,,,,,254,True,Relays,868,1178,1457.0,M,False,3,2024-04-20,2024-04-20,False
16946,19754,203,5660,,4425.0,,4508.0,,4404.0,,21,,52.82,,,,,254,True,Relays,343,794,740.0,M,False,3,2024-04-20,2024-04-20,False
16954,19762,203,1809,,,,,,,,9,,1:59.17,,,,,254,True,Distance,781,1177,1369.5,M,False,3,2024-04-20,2024-04-20,False
16955,19763,203,3073,,,,,,,,9,,2:01.68,,,,,254,True,Distance,720,1132,1286.0,M,False,3,2024-04-20,2024-04-20,False
16956,19764,203,1844,,,,,,,,9,,2:09.36,,,,,254,True,Distance,548,1001,1048.5,M,False,3,2024-04-20,2024-04-20,False
16957,19765,203,5033,,,,,,,,9,,2:10.51,,,,,254,True,Distance,524,982,1015.0,M,False,3,2024-04-20,2024-04-20,False
16959,19767,203,1894,,,,,,,,9,,2:17.44,,,,,254,True,Distance,392,871,827.5,M,False,3,2024-04-20,2024-04-20,False
16960,19768,203,1900,,,,,,,,9,,2:20.83,,,,,254,True,Distance,335,819,744.5,M,False,3,2024-04-20,2024-04-20,False
16961,19769,203,2113,,,,,,,,11,,4:16.45,,,,,254,True,Distance,671,1077,1209.5,M,False,3,2024-04-20,2024-04-20,False
16962,19770,203,1844,,,,,,,,11,,4:29.24,,,,,254,True,Distance,544,982,1035.0,M,False,3,2024-04-20,2024-04-20,False
16963,19772,203,1897,,,,,,,,11,,4:34.41,,,,,254,True,Distance,497,945,969.5,M,False,3,2024-04-20,2024-04-20,False
16964,19773,203,1894,,,,,,,,11,,4:35.12,,,,,254,True,Distance,490,940,960.0,M,False,3,2024-04-20,2024-04-20,False
16965,19774,203,1900,,,,,,,,11,,4:44.35,,,,,254,True,Distance,411,875,848.5,M,False,3,2024-04-20,2024-04-20,False
16966,19775,203,2124,,,,,,,,11,,4:54.58,,,,,254,True,Distance,332,807,735.5,M,False,3,2024-04-20,2024-04-20,False
16967,19776,203,1908,,,,,,,,11,,4:58.05,,,,,254,True,Distance,307,784,699.0,M,False,3,2024-04-20,2024-04-20,False
16968,19778,203,2113,,,,,,,,17,,16:40.52,,,,,254,True,Distance,536,976,1024.0,M,False,3,2024-04-20,2024-04-20,False
16969,19779,203,5117,,,,,,,,17,,17:10.90,,,,,254,True,Distance,464,923,925.5,M,False,3,2024-04-20,2024-04-20,False
16970,19780,203,1883,,,,,,,,17,,17:29.68,,,,,254,True,Distance,423,891,868.5,M,False,3,2024-04-20,2024-04-20,False
16971,19781,203,1822,,,,,,,,17,,18:23.11,,,,,254,True,Distance,315,802,716.0,M,False,3,2024-04-20,2024-04-20,False
16972,19782,203,1894,,,,,,,,17,,18:34.70,,,,,254,True,Distance,293,784,685.0,M,False,3,2024-04-20,2024-04-20,False
16973,19783,203,2124,,,,,,,,17,,18:57.88,,,,,254,True,Distance,253,747,626.5,M,False,3,2024-04-20,2024-04-20,False
16974,19784,203,1900,,,,,,,,17,,19:33.77,,,,,254,True,Distance,196,693,542.5,M,False,3,2024-04-20,2024-04-20,False
16975,19785,203,1855,,,,,,,,20,,10:57.68,,,,,254,True,Distance,566,961,1046.5,M,False,3,2024-04-20,2024-04-20,False
16976,19786,203,1883,,,,,,,,20,,11:17.27,,,,,254,True,Distance,506,917,964.5,M,False,3,2024-04-20,2024-04-20,False
16977,19787,203,2124,,,,,,,,20,,11:33.85,,,,,254,True,Distance,459,881,899.5,M,False,3,2024-04-20,2024-04-20,False
16978,19788,203,3073,,1835.0,,5033.0,,1858.0,,24,,3:47.00,,,,,254,True,Relays,578,999,1077.5,M,False,3,2024-04-20,2024-04-20,False
16990,19803,112,3762,,,,,,,,9,,1:57.93,,,,,255,True,Distance,812,1199,1411.5,M,False,3,2024-04-20,2024-04-20,False
16991,19804,112,435,,,,,,,,9,,2:05.30,,,,,255,True,Distance,636,1069,1170.5,M,False,3,2024-04-20,2024-04-20,False
16992,19805,112,3333,,,,,,,,9,,2:07.41,,,,,255,True,Distance,589,1033,1105.5,M,False,3,2024-04-20,2024-04-20,False
16993,19806,112,420,,,,,,,,9,,2:07.54,,,,,255,True,Distance,587,1031,1102.5,M,False,3,2024-04-20,2024-04-20,False
16994,19807,112,437,,,,,,,,9,,2:08.60,,,,,255,True,Distance,564,1013,1070.5,M,False,3,2024-04-20,2024-04-20,False
16995,19808,112,417,,,,,,,,11,,4:12.81,,,,,255,True,Distance,710,1105,1262.5,M,False,3,2024-04-20,2024-04-20,False
16996,19809,112,435,,,,,,,,11,,4:26.15,,,,,255,True,Distance,574,1004,1076.0,M,False,3,2024-04-20,2024-04-20,False
16997,19810,112,3333,,,,,,,,11,,4:27.14,,,,,255,True,Distance,564,997,1062.5,M,False,3,2024-04-20,2024-04-20,False
16998,19811,112,433,,,,,,,,11,,4:38.17,,,,,255,True,Distance,463,918,922.0,M,False,3,2024-04-20,2024-04-20,False
16999,19812,112,2036,,,,,,,,11,,4:52.26,,,,,255,True,Distance,349,822,760.0,M,False,3,2024-04-20,2024-04-20,False
17000,19813,112,414,,,,,,,,17,,15:20.15,,,,,255,True,Distance,750,1124,1312.0,M,False,3,2024-04-20,2024-04-20,False
17001,19814,112,416,,,,,,,,17,,15:39.56,,,,,255,True,Distance,695,1088,1239.0,M,False,3,2024-04-20,2024-04-20,False
17002,19815,112,421,,,,,,,,17,,15:50.17,,,,,255,True,Distance,666,1068,1200.0,M,False,3,2024-04-20,2024-04-20,False
17003,19816,112,429,,,,,,,,17,,18:01.86,,,,,255,True,Distance,356,837,774.5,M,False,3,2024-04-20,2024-04-20,False
17005,19818,112,5662,,,,,,,,20,,12:24.99,,,,,255,True,Distance,326,774,713.0,M,False,3,2024-04-20,2024-04-20,False
17006,19819,112,3764,,5663.0,,5645.0,,3763.0,,21,,44.92,,,,,255,True,Relays,746,1096,1294.0,M,False,3,2024-04-20,2024-04-20,False
17007,19820,112,414,,2036.0,,3336.0,,435.0,,21,,51.66,,,,,255,True,Relays,392,836,810.0,M,False,3,2024-04-20,2024-04-20,False
17008,19821,112,420,,5645.0,,5662.0,,437.0,,24,,3:45.46,,,,,255,True,Relays,594,1011,1099.5,M,False,3,2024-04-20,2024-04-20,False
17009,19822,112,417,,3336.0,,3333.0,,435.0,,24,,3:48.42,,,,,255,True,Relays,562,988,1056.0,M,False,3,2024-04-20,2024-04-20,False
17012,19825,124,2858,,,,,,,,11,,3:59.55,,,,,255,True,Distance,860,1209,1464.5,M,False,3,2024-04-20,2024-04-20,False
17013,19826,124,2860,,,,,,,,11,,4:07.20,,,,,255,True,Distance,771,1148,1345.0,M,False,3,2024-04-20,2024-04-20,False
17014,19827,124,1989,,,,,,,,17,,15:01.57,,,,,255,True,Distance,805,1160,1385.0,M,False,3,2024-04-20,2024-04-20,False
17015,19828,124,1998,,,,,,,,17,,15:25.49,,,,,255,True,Distance,735,1114,1292.0,M,False,3,2024-04-20,2024-04-20,False
17045,19766,203,1857,,,,,,,,9,,2:14.08,,,,,254,True,Distance,454,924,916.0,M,False,3,2024-04-20,2024-04-20,False
17046,19789,203,1894,,1857.0,,1900.0,,1883.0,,24,,4:15.06,,,,,254,True,Relays,314,790,709.0,M,False,3,2024-04-20,2024-04-20,False
17047,19777,203,3231,,,,,,,,11,,5:23.28,,,,,254,True,Distance,154,629,468.5,M,False,3,2024-04-20,2024-04-20,False
17076,19886,56,2193,,,,,,,,11,,4:03.63,,,,,256,True,Distance,812,1176,1400.0,M,False,3,2024-04-20,2024-04-20,False
17077,19887,56,123,,,,,,,,11,,4:08.24,,,,,256,True,Distance,760,1140,1330.0,M,False,3,2024-04-20,2024-04-20,False
17078,19888,56,130,,,,,,,,11,,4:09.62,,,,,256,True,Distance,745,1129,1309.5,M,False,3,2024-04-20,2024-04-20,False
17079,19889,117,146,,,,,,,,11,,4:19.47,,,,,256,True,Distance,640,1054,1167.0,M,False,3,2024-04-20,2024-04-20,False
17080,19890,56,129,,,,,,,,11,,4:24.31,,,,,256,True,Distance,592,1018,1101.0,M,False,3,2024-04-20,2024-04-20,False
17081,19891,117,161,,,,,,,,11,,4:36.56,,,,,256,True,Distance,478,929,942.5,M,False,3,2024-04-20,2024-04-20,False
17082,19892,117,188,,,,,,,,11,,4:38.06,,,,,256,True,Distance,464,919,923.5,M,False,3,2024-04-20,2024-04-20,False
17083,19893,56,147,,,,,,,,11,,4:39.49,,,,,256,True,Distance,452,909,906.5,M,False,3,2024-04-20,2024-04-20,False
17084,19894,117,15,,,,,,,,11,,4:42.43,,,,,256,True,Distance,427,888,871.0,M,False,3,2024-04-20,2024-04-20,False
17085,19895,117,166,,,,,,,,11,,4:44.11,,,,,256,True,Distance,413,877,851.5,M,False,3,2024-04-20,2024-04-20,False
17086,19896,117,164,,,,,,,,11,,4:44.30,,,,,256,True,Distance,412,876,850.0,M,False,3,2024-04-20,2024-04-20,False
17087,19897,43,26,,,,,,,,11,,4:46.24,,,,,256,True,Distance,396,862,827.0,M,False,3,2024-04-20,2024-04-20,False
17088,19898,117,183,,,,,,,,11,,4:56.30,,,,,256,True,Distance,319,795,716.5,M,False,3,2024-04-20,2024-04-20,False
17089,19899,117,5665,,,,,,,,11,,4:59.45,,,,,256,True,Distance,297,775,684.5,M,False,3,2024-04-20,2024-04-20,False
17090,19900,43,53,,,,,,,,11,,5:05.60,,,,,256,True,Distance,256,736,624.0,M,False,3,2024-04-20,2024-04-20,False
17091,19901,43,57,,,,,,,,11,,5:11.21,,,,,256,True,Distance,221,701,571.5,M,False,3,2024-04-20,2024-04-20,False
17092,19903,43,42,,,,,,,,11,,5:15.63,,,,,256,True,Distance,195,674,532.0,M,False,3,2024-04-20,2024-04-20,False
17093,19905,101,214,,,,,,,,11,,5:18.61,,,,,256,True,Distance,179,656,507.0,M,False,3,2024-04-20,2024-04-20,False
17094,19906,117,217,,,,,,,,11,,5:19.12,,,,,256,True,Distance,176,653,502.5,M,False,3,2024-04-20,2024-04-20,False
17095,19907,56,2202,,,,,,,,11,,5:19.90,,,,,256,True,Distance,172,649,496.5,M,False,3,2024-04-20,2024-04-20,False
17096,19908,56,4854,,,,,,,,11,,5:19.97,,,,,256,True,Distance,171,648,495.0,M,False,3,2024-04-20,2024-04-20,False
17097,19909,43,4864,,,,,,,,11,,5:25.25,,,,,256,True,Distance,145,617,453.5,M,False,3,2024-04-20,2024-04-20,False
17098,19910,117,215,,,,,,,,11,,5:25.46,,,,,256,True,Distance,144,616,452.0,M,False,3,2024-04-20,2024-04-20,False
17099,19911,117,3355,,,,,,,,11,,5:31.13,,,,,256,True,Distance,117,584,409.0,M,False,3,2024-04-20,2024-04-20,False
17100,19912,117,54,,,,,,,,11,,5:31.43,,,,,256,True,Distance,116,582,407.0,M,False,3,2024-04-20,2024-04-20,False
17101,19913,117,43,,,,,,,,11,,5:31.86,,,,,256,True,Distance,114,580,404.0,M,False,3,2024-04-20,2024-04-20,False
17102,19914,43,3418,,,,,,,,11,,5:33.00,,,,,256,True,Distance,109,574,396.0,M,False,3,2024-04-20,2024-04-20,False
17118,19934,56,128,,,,,,,,9,,1:58.51,,,,,256,True,Distance,797,1189,1391.5,M,False,3,2024-04-20,2024-04-20,False
17119,19936,117,135,,,,,,,,9,,2:00.95,,,,,256,True,Distance,737,1145,1309.5,M,False,3,2024-04-20,2024-04-20,False
17120,19937,117,156,,,,,,,,9,,2:01.15,,,,,256,True,Distance,732,1142,1303.0,M,False,3,2024-04-20,2024-04-20,False
17121,19938,56,123,,,,,,,,9,,2:02.06,,,,,256,True,Distance,711,1125,1273.5,M,False,3,2024-04-20,2024-04-20,False
17122,19939,117,146,,,,,,,,9,,2:06.08,,,,,256,True,Distance,618,1056,1146.0,M,False,3,2024-04-20,2024-04-20,False
17123,19940,56,3574,,,,,,,,9,,2:09.02,,,,,256,True,Distance,555,1006,1058.0,M,False,3,2024-04-20,2024-04-20,False
17124,19941,56,5669,,,,,,,,9,,2:11.10,,,,,256,True,Distance,512,972,998.0,M,False,3,2024-04-20,2024-04-20,False
17125,19942,117,188,,,,,,,,9,,2:14.07,,,,,256,True,Distance,454,924,916.0,M,False,3,2024-04-20,2024-04-20,False
17126,19943,117,31,,,,,,,,9,,2:16.81,,,,,256,True,Distance,404,881,844.5,M,False,3,2024-04-20,2024-04-20,False
17127,19945,117,161,,,,,,,,9,,2:18.50,,,,,256,True,Distance,374,855,801.5,M,False,3,2024-04-20,2024-04-20,False
17128,19946,117,164,,,,,,,,9,,2:23.22,,,,,256,True,Distance,297,784,689.0,M,False,3,2024-04-20,2024-04-20,False
17129,19947,43,5670,,,,,,,,9,,2:24.55,,,,,256,True,Distance,277,764,659.0,M,False,3,2024-04-20,2024-04-20,False
17130,19948,117,197,,,,,,,,9,,2:24.95,,,,,256,True,Distance,271,759,650.5,M,False,3,2024-04-20,2024-04-20,False
17131,19949,43,4865,,,,,,,,9,,2:25.53,,,,,256,True,Distance,263,750,638.0,M,False,3,2024-04-20,2024-04-20,False
17132,19950,117,5665,,,,,,,,9,,2:28.22,,,,,256,True,Distance,225,712,581.0,M,False,3,2024-04-20,2024-04-20,False
17133,19951,56,4854,,,,,,,,9,,2:34.73,,,,,256,True,Distance,147,624,459.0,M,False,3,2024-04-20,2024-04-20,False
17134,19952,56,2202,,,,,,,,9,,2:37.08,,,,,256,True,Distance,122,593,418.5,M,False,3,2024-04-20,2024-04-20,False
17135,19953,117,215,,,,,,,,9,,2:41.85,,,,,256,True,Distance,80,534,347.0,M,False,3,2024-04-20,2024-04-20,False
17136,19954,117,2030,,,,,,,,9,,2:43.24,,,,,256,True,Distance,69,517,327.5,M,False,3,2024-04-20,2024-04-20,False
17137,19955,117,54,,,,,,,,9,,2:48.02,,,,,256,True,Distance,38,462,269.0,M,False,3,2024-04-20,2024-04-20,False
17150,19915,117,60,,,,,,,,11,,6:01.86,,,,,256,True,Distance,21,425,233.5,M,False,3,2024-04-20,2024-04-20,False
17151,19904,117,195,,,,,,,,11,,5:17.40,,,,,256,True,Distance,185,663,516.5,M,False,3,2024-04-20,2024-04-20,False
17158,19974,117,3,,,,,,,,17,,15:05.05,,,,,256,True,Distance,794,1153,1370.5,M,False,3,2024-04-20,2024-04-20,False
17159,19975,56,2192,,,,,,,,17,,15:20.20,,,,,256,True,Distance,750,1124,1312.0,M,False,3,2024-04-20,2024-04-20,False
17160,19976,56,2195,,,,,,,,17,,15:22.21,,,,,256,True,Distance,744,1120,1304.0,M,False,3,2024-04-20,2024-04-20,False
17161,19978,117,119,,,,,,,,17,,16:08.09,,,,,256,True,Distance,618,1035,1135.5,M,False,3,2024-04-20,2024-04-20,False
17162,19979,117,140,,,,,,,,17,,16:17.98,,,,,256,True,Distance,592,1017,1100.5,M,False,3,2024-04-20,2024-04-20,False
17163,19980,117,17,,,,,,,,17,,16:21.94,,,,,256,True,Distance,582,1010,1087.0,M,False,3,2024-04-20,2024-04-20,False
17164,19981,117,6,,,,,,,,17,,16:29.30,,,,,256,True,Distance,564,996,1062.0,M,False,3,2024-04-20,2024-04-20,False
17165,19982,117,142,,,,,,,,17,,16:38.11,,,,,256,True,Distance,542,981,1032.5,M,False,3,2024-04-20,2024-04-20,False
17166,19983,117,2012,,,,,,,,17,,16:46.44,,,,,256,True,Distance,522,966,1005.0,M,False,3,2024-04-20,2024-04-20,False
17167,19984,56,138,,,,,,,,17,,16:48.52,,,,,256,True,Distance,517,962,998.0,M,False,3,2024-04-20,2024-04-20,False
17168,19985,117,160,,,,,,,,17,,16:50.06,,,,,256,True,Distance,513,959,992.5,M,False,3,2024-04-20,2024-04-20,False
17169,19986,117,153,,,,,,,,17,,16:50.21,,,,,256,True,Distance,513,959,992.5,M,False,3,2024-04-20,2024-04-20,False
17170,19987,117,139,,,,,,,,17,,16:55.90,,,,,256,True,Distance,499,949,973.5,M,False,3,2024-04-20,2024-04-20,False
17171,19988,117,161,,,,,,,,17,,17:01.99,,,,,256,True,Distance,485,938,954.0,M,False,3,2024-04-20,2024-04-20,False
17172,19989,117,154,,,,,,,,17,,17:06.82,,,,,256,True,Distance,474,930,939.0,M,False,3,2024-04-20,2024-04-20,False
17173,19990,117,4098,,,,,,,,17,,17:24.45,,,,,256,True,Distance,434,900,884.0,M,False,3,2024-04-20,2024-04-20,False
17174,19991,117,158,,,,,,,,17,,17:57.72,,,,,256,True,Distance,364,844,786.0,M,False,3,2024-04-20,2024-04-20,False
17175,19992,117,197,,,,,,,,17,,19:17.78,,,,,256,True,Distance,221,717,579.5,M,False,3,2024-04-20,2024-04-20,False
17176,19993,56,3806,,,,,,,,17,,20:13.49,,,,,256,True,Distance,142,634,459.0,M,False,3,2024-04-20,2024-04-20,False
17177,19994,117,54,,,,,,,,17,,20:16.66,,,,,256,True,Distance,138,630,453.0,M,False,3,2024-04-20,2024-04-20,False
17231,20049,59,1639,,,,,,,,9,,2:04.86,,,,,257,True,Distance,646,1077,1184.5,M,False,3,2024-04-20,2024-04-20,False
17232,20050,59,2787,,,,,,,,9,,2:14.11,,,,,257,True,Distance,453,923,914.5,M,False,3,2024-04-20,2024-04-20,False
17233,20051,59,1638,,,,,,,,9,,2:15.54,,,,,257,True,Distance,427,901,877.5,M,False,3,2024-04-20,2024-04-20,False
17234,20052,59,3901,,,,,,,,11,,4:26.66,,,,,257,True,Distance,569,1001,1069.5,M,False,3,2024-04-20,2024-04-20,False
17235,20053,59,1631,,,,,,,,11,,4:29.91,,,,,257,True,Distance,538,977,1026.5,M,False,3,2024-04-20,2024-04-20,False
17236,20054,59,1632,,,,,,,,11,,4:34.44,,,,,257,True,Distance,496,944,968.0,M,False,3,2024-04-20,2024-04-20,False
17237,20055,59,1635,,,,,,,,11,,4:35.47,,,,,257,True,Distance,487,937,955.5,M,False,3,2024-04-20,2024-04-20,False
17238,20056,59,1638,,,,,,,,11,,4:41.88,,,,,257,True,Distance,432,892,878.0,M,False,3,2024-04-20,2024-04-20,False
17239,20057,59,1651,,,,,,,,11,,4:43.82,,,,,257,True,Distance,416,879,855.5,M,False,3,2024-04-20,2024-04-20,False
17240,20058,59,1652,,,,,,,,11,,5:08.10,,,,,257,True,Distance,240,720,600.0,M,False,3,2024-04-20,2024-04-20,False
17241,20059,59,4081,,,,,,,,11,,5:42.85,,,,,257,True,Distance,72,520,332.0,M,False,3,2024-04-20,2024-04-20,False
17242,20060,59,1625,,,,,,,,17,,15:54.03,,,,,257,True,Distance,656,1061,1186.5,M,False,3,2024-04-20,2024-04-20,False
17243,20061,59,3901,,,,,,,,17,,16:11.85,,,,,257,True,Distance,608,1028,1122.0,M,False,3,2024-04-20,2024-04-20,False
17244,20062,59,4084,,,,,,,,17,,16:43.55,,,,,257,True,Distance,529,971,1014.5,M,False,3,2024-04-20,2024-04-20,False
17245,20063,59,1636,,,,,,,,17,,17:35.16,,,,,257,True,Distance,411,882,852.0,M,False,3,2024-04-20,2024-04-20,False
17246,20064,59,1641,,,,,,,,17,,18:15.30,,,,,257,True,Distance,330,815,737.5,M,False,3,2024-04-20,2024-04-20,False
17247,20065,59,1650,,,,,,,,17,,19:09.91,,,,,257,True,Distance,233,729,597.5,M,False,3,2024-04-20,2024-04-20,False
17248,20066,59,3918,,,,,,,,18,,33:02.96,,,,,257,True,Distance,713,1084,1255.0,M,False,3,2024-04-20,2024-04-20,False
17249,20067,59,4082,,,,,,,,18,,36:15.40,,,,,257,True,Distance,497,925,959.5,M,False,3,2024-04-20,2024-04-20,False
17252,20071,59,2787,,1624.0,,5673.0,,3916.0,,24,,3:42.45,,,,,257,True,Relays,628,1036,1146.0,M,False,3,2024-04-20,2024-04-20,False
17253,20072,59,1632,,1631.0,,1638.0,,1641.0,,24,,3:59.31,,,,,257,True,Relays,452,904,904.0,M,False,3,2024-04-20,2024-04-20,False
17256,19995,117,60,,,,,,,,17,,22:40.10,,,,,256,True,Distance,17,442,238.0,M,False,3,2024-04-20,2024-04-20,False
17257,20070,59,3908,,,,,,,,21,,43.77,,,,,257,True,Relays,817,1145,1389.5,M,False,3,2024-04-20,2024-04-20,False
17318,20137,146,3729,,,,,,,,9,,2:02.43,,,,,258,True,Distance,702,1119,1261.5,M,False,3,2024-04-20,2024-04-20,False
17319,20138,146,3687,,,,,,,,9,,2:04.20,,,,,258,True,Distance,661,1088,1205.0,M,False,3,2024-04-20,2024-04-20,False
17320,20139,146,5573,,,,,,,,9,,2:13.03,,,,,258,True,Distance,474,941,944.5,M,False,3,2024-04-20,2024-04-20,False
17321,20140,146,3699,,,,,,,,9,,2:13.11,,,,,258,True,Distance,473,939,942.5,M,False,3,2024-04-20,2024-04-20,False
17322,20141,146,1317,,,,,,,,9,,2:16.08,,,,,258,True,Distance,417,892,863.0,M,False,3,2024-04-20,2024-04-20,False
17323,20142,146,3728,,,,,,,,9,,2:17.16,,,,,258,True,Distance,397,875,834.5,M,False,3,2024-04-20,2024-04-20,False
17324,20143,146,3708,,,,,,,,9,,2:17.64,,,,,258,True,Distance,389,868,823.0,M,False,3,2024-04-20,2024-04-20,False
17325,20145,146,5627,,,,,,,,9,,2:26.25,,,,,258,True,Distance,252,740,622.0,M,False,3,2024-04-20,2024-04-20,False
17326,20146,146,1309,,,,,,,,9,,2:31.74,,,,,258,True,Distance,181,664,513.0,M,False,3,2024-04-20,2024-04-20,False
17327,20147,146,3686,,,,,,,,9,,2:33.27,,,,,258,True,Distance,163,643,484.5,M,False,3,2024-04-20,2024-04-20,False
17328,20150,146,1309,,,,,,,,11,,5:06.44,,,,,258,True,Distance,250,730,615.0,M,False,3,2024-04-20,2024-04-20,False
17333,20156,146,3689,,3701.0,,3690.0,,3719.0,,21,,43.65,,,,,258,True,Relays,825,1150,1400.0,M,False,3,2024-04-20,2024-04-20,False
17334,20157,146,3734,,4384.0,,4149.0,,3728.0,,21,,45.51,,,,,258,True,Relays,710,1072,1246.0,M,False,3,2024-04-20,2024-04-20,False
17335,20158,146,3687,,4148.0,,3709.0,,3729.0,,21,,48.10,,,,,258,True,Relays,565,969,1049.5,M,False,3,2024-04-20,2024-04-20,False
17336,20159,146,4014,,3729.0,,3723.0,,1216.0,,24,,3:29.98,,,,,258,True,Relays,776,1138,1345.0,M,False,3,2024-04-20,2024-04-20,False
17337,20160,146,3728,,5274.0,,3708.0,,5676.0,,24,,3:43.18,,,,,258,True,Relays,620,1030,1135.0,M,False,3,2024-04-20,2024-04-20,False
17359,20161,146,3719,,3689.0,,3699.0,,4386.0,,24,,4:02.25,,,,,258,True,Relays,425,882,866.0,M,False,3,2024-04-20,2024-04-20,False
17521,20348,159,4368,,,,,,,,9,,1:58.07,,,,,259,True,Distance,808,1197,1406.5,M,False,3,2024-04-20,2024-04-20,False
17522,20349,69,2556,,,,,,,,9,,2:01.51,,,,,259,True,Distance,724,1135,1291.5,M,False,3,2024-04-20,2024-04-20,False
17523,20350,159,4365,,,,,,,,9,,2:05.33,,,,,259,True,Distance,635,1069,1169.5,M,False,3,2024-04-20,2024-04-20,False
17524,20351,139,1589,,,,,,,,9,,2:05.92,,,,,259,True,Distance,622,1059,1151.5,M,False,3,2024-04-20,2024-04-20,False
17525,20352,159,706,,,,,,,,9,,2:06.94,,,,,259,True,Distance,600,1041,1120.5,M,False,3,2024-04-20,2024-04-20,False
17526,20353,159,4711,,,,,,,,9,,2:11.69,,,,,259,True,Distance,500,962,981.0,M,False,3,2024-04-20,2024-04-20,False
17527,20354,159,4364,,,,,,,,9,,2:15.36,,,,,259,True,Distance,430,904,882.0,M,False,3,2024-04-20,2024-04-20,False
17528,20355,157,5705,,,,,,,,9,,2:18.03,,,,,259,True,Distance,382,862,813.0,M,False,3,2024-04-20,2024-04-20,False
17529,20356,159,752,,,,,,,,9,,2:18.09,,,,,259,True,Distance,381,861,811.5,M,False,3,2024-04-20,2024-04-20,False
17530,20357,69,4340,,,,,,,,9,,2:18.98,,,,,259,True,Distance,366,847,789.5,M,False,3,2024-04-20,2024-04-20,False
17531,20358,159,2177,,,,,,,,9,,2:19.61,,,,,259,True,Distance,355,838,774.0,M,False,3,2024-04-20,2024-04-20,False
17532,20359,159,4713,,,,,,,,9,,2:23.59,,,,,259,True,Distance,291,778,680.0,M,False,3,2024-04-20,2024-04-20,False
17533,20360,159,2759,,,,,,,,9,,2:27.98,,,,,259,True,Distance,229,715,586.5,M,False,3,2024-04-20,2024-04-20,False
17534,20361,159,5565,,,,,,,,9,,2:39.94,,,,,259,True,Distance,96,557,374.5,M,False,3,2024-04-20,2024-04-20,False
17535,20362,130,4689,,,,,,,,9,,3:17.24,,,,,259,True,Distance,0,191,95.5,M,False,3,2024-04-20,2024-04-20,False
17536,20363,159,4368,,,,,,,,11,,4:05.44,,,,,259,True,Distance,791,1162,1372.0,M,False,3,2024-04-20,2024-04-20,False
17537,20365,159,4715,,,,,,,,11,,4:20.04,,,,,259,True,Distance,634,1050,1159.0,M,False,3,2024-04-20,2024-04-20,False
17538,20366,159,2168,,,,,,,,11,,4:22.67,,,,,259,True,Distance,608,1030,1123.0,M,False,3,2024-04-20,2024-04-20,False
17539,20367,159,694,,,,,,,,11,,4:23.69,,,,,259,True,Distance,598,1022,1109.0,M,False,3,2024-04-20,2024-04-20,False
17540,20368,159,705,,,,,,,,11,,4:24.50,,,,,259,True,Distance,590,1016,1098.0,M,False,3,2024-04-20,2024-04-20,False
17541,20369,138,703,,,,,,,,11,,4:28.90,,,,,259,True,Distance,547,984,1039.0,M,False,3,2024-04-20,2024-04-20,False
17542,20370,139,1589,,,,,,,,11,,4:32.13,,,,,259,True,Distance,517,961,997.5,M,False,3,2024-04-20,2024-04-20,False
17543,20371,159,2177,,,,,,,,11,,4:39.02,,,,,259,True,Distance,456,912,912.0,M,False,3,2024-04-20,2024-04-20,False
17544,20364,159,676,,,,,,,,11,,4:06.33,,,,,259,True,Distance,781,1155,1358.5,M,False,3,2024-04-20,2024-04-20,False
17545,20373,159,714,,,,,,,,11,,4:40.13,,,,,259,True,Distance,447,904,899.0,M,False,3,2024-04-20,2024-04-20,False
17546,20374,137,2462,,,,,,,,11,,4:41.16,,,,,259,True,Distance,438,897,886.5,M,False,3,2024-04-20,2024-04-20,False
17547,20375,138,730,,,,,,,,11,,4:42.84,,,,,259,True,Distance,424,886,867.0,M,False,3,2024-04-20,2024-04-20,False
17548,20376,159,761,,,,,,,,11,,4:45.72,,,,,259,True,Distance,400,866,833.0,M,False,3,2024-04-20,2024-04-20,False
17549,20377,138,4704,,,,,,,,11,,4:48.71,,,,,259,True,Distance,376,846,799.0,M,False,3,2024-04-20,2024-04-20,False
17550,20378,137,787,,,,,,,,11,,4:53.43,,,,,259,True,Distance,340,814,747.0,M,False,3,2024-04-20,2024-04-20,False
17551,20379,137,4700,,,,,,,,11,,4:54.89,,,,,259,True,Distance,330,804,732.0,M,False,3,2024-04-20,2024-04-20,False
17552,20380,159,752,,,,,,,,11,,4:59.07,,,,,259,True,Distance,300,777,688.5,M,False,3,2024-04-20,2024-04-20,False
17553,20381,159,789,,,,,,,,11,,5:02.68,,,,,259,True,Distance,275,754,652.0,M,False,3,2024-04-20,2024-04-20,False
17554,20382,138,770,,,,,,,,11,,5:03.84,,,,,259,True,Distance,267,747,640.5,M,False,3,2024-04-20,2024-04-20,False
17555,20383,130,4312,,,,,,,,11,,5:09.67,,,,,259,True,Distance,230,710,585.0,M,False,3,2024-04-20,2024-04-20,False
17556,20384,159,5707,,,,,,,,11,,5:15.38,,,,,259,True,Distance,197,676,535.0,M,False,3,2024-04-20,2024-04-20,False
17557,20385,137,5408,,,,,,,,11,,5:17.14,,,,,259,True,Distance,187,665,519.5,M,False,3,2024-04-20,2024-04-20,False
17558,20386,159,3175,,,,,,,,11,,5:29.07,,,,,259,True,Distance,127,596,425.0,M,False,3,2024-04-20,2024-04-20,False
17559,20387,139,1599,,,,,,,,11,,5:30.40,,,,,259,True,Distance,121,588,415.0,M,False,3,2024-04-20,2024-04-20,False
17560,20388,130,2478,,,,,,,,11,,5:42.20,,,,,259,True,Distance,74,524,336.0,M,False,3,2024-04-20,2024-04-20,False
17561,20389,137,799,,,,,,,,11,,5:56.89,,,,,259,True,Distance,32,449,256.5,M,False,3,2024-04-20,2024-04-20,False
17562,20390,139,1615,,,,,,,,11,,5:56.98,,,,,259,True,Distance,31,448,255.0,M,False,3,2024-04-20,2024-04-20,False
17563,20391,137,4702,,,,,,,,11,,5:59.50,,,,,259,True,Distance,26,436,244.0,M,False,3,2024-04-20,2024-04-20,False
17564,20393,139,1533,,,,,,,,17,,15:57.82,,,,,259,True,Distance,645,1054,1172.0,M,False,3,2024-04-20,2024-04-20,False
17565,20392,139,1529,,,,,,,,17,,15:46.88,,,,,259,True,Distance,675,1074,1212.0,M,False,3,2024-04-20,2024-04-20,False
17567,20395,159,706,,,,,,,,17,,16:00.76,,,,,259,True,Distance,637,1048,1161.0,M,False,3,2024-04-20,2024-04-20,False
17568,20396,159,5708,,,,,,,,17,,16:12.15,,,,,259,True,Distance,608,1027,1121.5,M,False,3,2024-04-20,2024-04-20,False
17569,20397,159,674,,,,,,,,17,,16:20.73,,,,,259,True,Distance,585,1012,1091.0,M,False,3,2024-04-20,2024-04-20,False
17570,20398,159,694,,,,,,,,17,,16:21.31,,,,,259,True,Distance,584,1011,1089.5,M,False,3,2024-04-20,2024-04-20,False
17571,20399,159,2173,,,,,,,,17,,16:54.20,,,,,259,True,Distance,503,952,979.0,M,False,3,2024-04-20,2024-04-20,False
17572,20400,139,2731,,,,,,,,17,,17:06.23,,,,,259,True,Distance,475,931,940.5,M,False,3,2024-04-20,2024-04-20,False
17573,20402,159,5709,,,,,,,,17,,17:13.43,,,,,259,True,Distance,459,919,918.5,M,False,3,2024-04-20,2024-04-20,False
17574,20403,130,3142,,,,,,,,17,,17:17.15,,,,,259,True,Distance,450,912,906.0,M,False,3,2024-04-20,2024-04-20,False
17575,20404,159,714,,,,,,,,17,,17:21.99,,,,,259,True,Distance,440,904,892.0,M,False,3,2024-04-20,2024-04-20,False
17576,20405,130,2453,,,,,,,,17,,17:51.76,,,,,259,True,Distance,376,854,803.0,M,False,3,2024-04-20,2024-04-20,False
17577,20406,159,5710,,,,,,,,17,,17:54.63,,,,,259,True,Distance,370,849,794.5,M,False,3,2024-04-20,2024-04-20,False
17578,20407,159,5565,,,,,,,,17,,17:55.29,,,,,259,True,Distance,369,848,793.0,M,False,3,2024-04-20,2024-04-20,False
17579,20408,130,2455,,,,,,,,17,,18:33.37,,,,,259,True,Distance,296,786,689.0,M,False,3,2024-04-20,2024-04-20,False
17580,20409,130,2459,,,,,,,,17,,18:57.92,,,,,259,True,Distance,253,747,626.5,M,False,3,2024-04-20,2024-04-20,False
17581,20410,159,2184,,,,,,,,17,,19:07.16,,,,,259,True,Distance,238,733,604.5,M,False,3,2024-04-20,2024-04-20,False
17582,20411,137,784,,,,,,,,17,,19:21.45,,,,,259,True,Distance,215,711,570.5,M,False,3,2024-04-20,2024-04-20,False
17583,20412,159,4361,,,,,,,,17,,19:35.29,,,,,259,True,Distance,194,690,539.0,M,False,3,2024-04-20,2024-04-20,False
17584,20413,130,2464,,,,,,,,17,,19:44.01,,,,,259,True,Distance,182,677,520.5,M,False,3,2024-04-20,2024-04-20,False
17585,20414,159,798,,,,,,,,17,,19:47.07,,,,,259,True,Distance,177,673,513.5,M,False,3,2024-04-20,2024-04-20,False
17586,20415,130,2478,,,,,,,,17,,20:57.01,,,,,259,True,Distance,93,574,380.0,M,False,3,2024-04-20,2024-04-20,False
17599,20429,159,5550,,5406.0,,4358.0,,2182.0,,31,,2:11.46,,,,,259,True,Relays,0,0,0.0,M,False,3,2024-04-20,2024-04-20,False
17600,20430,69,4341,,3021.0,,2616.0,,4342.0,,31,,2:13.44,,,,,259,True,Relays,0,0,0.0,M,False,3,2024-04-20,2024-04-20,False
17601,20432,159,5556,,2750.0,,5414.0,,2759.0,,31,,2:26.40,,,,,259,True,Relays,0,0,0.0,M,False,3,2024-04-20,2024-04-20,False
17602,20434,137,784,,4702.0,,2462.0,,804.0,,31,,2:46.94,,,,,259,True,Relays,0,0,0.0,M,False,3,2024-04-20,2024-04-20,False
17603,20435,159,4375,,5406.0,,5550.0,,2182.0,,21,,44.76,,,,,259,True,Relays,755,1103,1306.5,M,False,3,2024-04-20,2024-04-20,False
17604,20436,157,5697,,5701.0,,5698.0,,5696.0,,21,,46.84,,,,,259,True,Relays,634,1019,1143.5,M,False,3,2024-04-20,2024-04-20,False
17605,20437,159,2182,,4358.0,,4364.0,,4368.0,,24,,3:33.41,,,,,259,True,Relays,734,1110,1289.0,M,False,3,2024-04-20,2024-04-20,False
17606,20440,157,5697,,5706.0,,5718.0,,5705.0,,24,,3:59.01,,,,,259,True,Relays,455,907,908.5,M,False,3,2024-04-20,2024-04-20,False
17607,20441,159,5719,,5414.0,,5711.0,,2759.0,,24,,4:00.68,,,,,259,True,Relays,439,894,886.0,M,False,3,2024-04-20,2024-04-20,False
17608,20445,159,2168,,705.0,,4711.0,,676.0,,26,,8:29.91,,,,,259,True,Relays,0,0,0.0,M,False,3,2024-04-20,2024-04-20,False
17609,20444,137,5408,,804.0,,4702.0,,2462.0,,24,,4:57.03,,,,,259,True,Relays,68,522,329.0,M,False,3,2024-04-20,2024-04-20,False
17610,20446,138,703,,5721.0,,730.0,,4704.0,,26,,8:52.95,,,,,259,True,Relays,0,0,0.0,M,False,3,2024-04-20,2024-04-20,False
17638,20477,202,4597,,,,,,,,9,,2:09.02,,,,,260,True,Distance,555,1006,1058.0,M,False,3,2024-04-20,2024-04-20,False
17639,20478,202,5725,,,,,,,,9,,2:13.89,,,,,260,True,Distance,458,927,921.5,M,False,3,2024-04-20,2024-04-20,False
17640,20479,202,4596,,,,,,,,9,,2:28.19,,,,,260,True,Distance,226,712,582.0,M,False,3,2024-04-20,2024-04-20,False
17641,20480,202,5589,,,,,,,,9,,2:33.04,,,,,260,True,Distance,165,646,488.0,M,False,3,2024-04-20,2024-04-20,False
17642,20481,202,5726,,,,,,,,11,,5:02.64,,,,,260,True,Distance,275,754,652.0,M,False,3,2024-04-20,2024-04-20,False
17644,20483,202,3513,,3518.0,,5727.0,,3508.0,,21,,43.59,,,,,260,True,Relays,829,1152,1405.0,M,False,3,2024-04-20,2024-04-20,False
17660,20394,139,7694,,,,,,,,17,,15:57.91,,,,,259,True,Distance,645,1053,1171.5,M,False,3,2024-04-20,2024-04-20,False
17664,20442,130,2450,,2453.0,,2459.0,,6845.0,,24,,4:33.64,,,,,259,True,Relays,183,665,515.5,M,False,3,2024-04-20,2024-04-20,False
17666,20431,157,5696,,5697.0,,5712.0,,5714.0,,31,,2:16.99,,,,,259,True,Relays,0,0,0.0,M,False,3,2024-04-20,2024-04-20,False
17667,20433,138,802,,730.0,,703.0,,770.0,,31,,2:28.29,,,,,259,True,Relays,0,0,0.0,M,False,3,2024-04-20,2024-04-20,False
17733,20570,174,1866,,,,,,,,9,,2:08.72,,,,,261,True,Distance,561,1011,1066.5,M,False,3,2024-04-21,2024-04-21,False
17734,20572,174,2128,,,,,,,,9,,2:12.74,,,,,261,True,Distance,480,945,952.5,M,False,3,2024-04-21,2024-04-21,False
17735,20573,174,2111,,,,,,,,11,,4:08.28,,,,,261,True,Distance,759,1140,1329.0,M,False,3,2024-04-21,2024-04-21,False
17736,20574,174,2116,,,,,,,,11,,4:20.63,,,,,261,True,Distance,628,1045,1150.5,M,False,3,2024-04-21,2024-04-21,False
17737,20575,174,5105,,,,,,,,11,,4:25.90,,,,,261,True,Distance,576,1006,1079.0,M,False,3,2024-04-21,2024-04-21,False
17738,20576,174,5732,,,,,,,,11,,4:44.26,,,,,261,True,Distance,412,876,850.0,M,False,3,2024-04-21,2024-04-21,False
17739,20577,174,5733,,,,,,,,11,,4:48.24,,,,,261,True,Distance,380,849,804.5,M,False,3,2024-04-21,2024-04-21,False
17740,20578,174,2157,,,,,,,,20,,14:16.15,,,,,261,True,Distance,115,565,397.5,M,False,3,2024-04-21,2024-04-21,False
17745,20583,175,5374,,,,,,,,9,,2:12.98,,,,,261,True,Distance,475,941,945.5,M,False,3,2024-04-21,2024-04-21,False
17746,20584,175,5375,,,,,,,,9,,2:33.66,,,,,261,True,Distance,158,638,477.0,M,False,3,2024-04-21,2024-04-21,False
17747,20585,175,5005,,,,,,,,11,,4:23.72,,,,,261,True,Distance,597,1022,1108.0,M,False,3,2024-04-21,2024-04-21,False
17748,20586,175,5006,,,,,,,,11,,5:02.12,,,,,261,True,Distance,279,758,658.0,M,False,3,2024-04-21,2024-04-21,False
17749,20587,175,5007,,,,,,,,17,,16:37.03,,,,,261,True,Distance,545,982,1036.0,M,False,3,2024-04-21,2024-04-21,False
17750,20588,175,4999,,,,,,,,20,,12:26.06,,,,,261,True,Distance,323,772,709.0,M,False,3,2024-04-21,2024-04-21,False
17751,20589,175,5002,,,,,,,,20,,12:26.10,,,,,261,True,Distance,323,772,709.0,M,False,3,2024-04-21,2024-04-21,False
17753,20591,176,5734,,,,,,,,9,,2:06.85,,,,,261,True,Distance,602,1043,1123.5,M,False,3,2024-04-21,2024-04-21,False
17754,20592,176,5008,,,,,,,,9,,2:10.79,,,,,261,True,Distance,519,977,1007.5,M,False,3,2024-04-21,2024-04-21,False
17755,20593,176,2146,,,,,,,,9,,2:25.96,,,,,261,True,Distance,257,744,629.0,M,False,3,2024-04-21,2024-04-21,False
17756,20594,176,2114,,,,,,,,17,,15:56.17,,,,,261,True,Distance,650,1057,1178.5,M,False,3,2024-04-21,2024-04-21,False
17774,20615,188,2127,,,,,,,,9,,2:20.05,,,,,261,True,Distance,348,831,763.5,M,False,3,2024-04-21,2024-04-21,False
17775,20617,188,882,,,,,,,,11,,4:25.40,,,,,261,True,Distance,581,1010,1086.0,M,False,3,2024-04-21,2024-04-21,False
17776,20618,188,916,,,,,,,,11,,4:27.34,,,,,261,True,Distance,562,996,1060.0,M,False,3,2024-04-21,2024-04-21,False
17777,20619,188,5015,,,,,,,,11,,4:28.48,,,,,261,True,Distance,551,987,1044.5,M,False,3,2024-04-21,2024-04-21,False
17778,20620,188,5384,,,,,,,,11,,4:31.15,,,,,261,True,Distance,526,968,1010.0,M,False,3,2024-04-21,2024-04-21,False
17779,20622,188,5012,,,,,,,,11,,4:37.26,,,,,261,True,Distance,471,924,933.0,M,False,3,2024-04-21,2024-04-21,False
17780,20623,188,2121,,,,,,,,11,,4:44.63,,,,,261,True,Distance,409,873,845.5,M,False,3,2024-04-21,2024-04-21,False
17781,20624,188,878,,,,,,,,17,,16:02.22,,,,,261,True,Distance,634,1045,1156.5,M,False,3,2024-04-21,2024-04-21,False
17782,20626,188,2129,,,,,,,,17,,17:20.09,,,,,261,True,Distance,444,907,897.5,M,False,3,2024-04-21,2024-04-21,False
17783,20627,188,3853,,,,,,,,20,,10:22.13,,,,,261,True,Distance,683,1042,1204.0,M,False,3,2024-04-21,2024-04-21,False
17784,20628,188,867,,,,,,,,20,,10:22.33,,,,,261,True,Distance,682,1042,1203.0,M,False,3,2024-04-21,2024-04-21,False
17785,20629,188,5013,,,,,,,,20,,10:36.86,,,,,261,True,Distance,633,1008,1137.0,M,False,3,2024-04-21,2024-04-21,False
17786,20630,188,863,,,,,,,,20,,10:45.49,,,,,261,True,Distance,605,988,1099.0,M,False,3,2024-04-21,2024-04-21,False
17787,20631,188,882,,,,,,,,20,,10:55.66,,,,,261,True,Distance,572,965,1054.5,M,False,3,2024-04-21,2024-04-21,False
17788,20633,188,1823,,,,,,,,20,,11:48.71,,,,,261,True,Distance,418,849,842.5,M,False,3,2024-04-21,2024-04-21,False
17789,20634,188,3548,,,,,,,,20,,11:49.39,,,,,261,True,Distance,416,847,839.5,M,False,3,2024-04-21,2024-04-21,False
17790,20635,188,2127,,,,,,,,20,,12:22.91,,,,,261,True,Distance,331,778,720.0,M,False,3,2024-04-21,2024-04-21,False
17791,20636,188,5735,,,,,,,,20,,12:26.90,,,,,261,True,Distance,321,770,706.0,M,False,3,2024-04-21,2024-04-21,False
17792,20637,188,1863,,,,,,,,20,,12:31.02,,,,,261,True,Distance,312,762,693.0,M,False,3,2024-04-21,2024-04-21,False
17793,20638,188,916,,,,,,,,20,,12:53.87,,,,,261,True,Distance,261,716,619.0,M,False,3,2024-04-21,2024-04-21,False
17794,20640,188,867,,1863.0,,5012.0,,3545.0,,21,,53.95,,,,,261,True,Relays,298,755,675.5,M,False,3,2024-04-21,2024-04-21,False
17797,20644,191,2147,,,,,,,,9,,2:29.49,,,,,261,True,Distance,209,694,556.0,M,False,3,2024-04-21,2024-04-21,False
17798,20645,191,5736,,,,,,,,9,,2:37.22,,,,,261,True,Distance,121,592,417.0,M,False,3,2024-04-21,2024-04-21,False
17799,20646,191,5736,,,,,,,,11,,5:51.65,,,,,261,True,Distance,45,475,282.5,M,False,3,2024-04-21,2024-04-21,False
17800,20647,191,3216,,,,,,,,17,,17:11.78,,,,,261,True,Distance,462,921,922.5,M,False,3,2024-04-21,2024-04-21,False
17801,20648,191,3216,,,,,,,,20,,11:56.51,,,,,261,True,Distance,397,832,813.0,M,False,3,2024-04-21,2024-04-21,False
17802,20649,191,2147,,,,,,,,20,,14:47.16,,,,,261,True,Distance,76,513,332.5,M,False,3,2024-04-21,2024-04-21,False
17803,20650,191,5736,,,,,,,,20,,15:30.08,,,,,261,True,Distance,34,444,256.0,M,False,3,2024-04-21,2024-04-21,False
17804,20651,191,2159,,2147.0,,3216.0,,5022.0,,21,,58.56,,,,,261,True,Relays,147,605,449.5,M,False,3,2024-04-21,2024-04-21,False
17805,20654,196,5025,,,,,,,,9,,1:59.80,,,,,261,True,Distance,765,1166,1348.0,M,False,3,2024-04-21,2024-04-21,False
17806,20655,196,2348,,,,,,,,9,,2:10.65,,,,,261,True,Distance,521,979,1010.5,M,False,3,2024-04-21,2024-04-21,False
17807,20657,196,5583,,,,,,,,11,,4:18.79,,,,,261,True,Distance,647,1059,1176.5,M,False,3,2024-04-21,2024-04-21,False
17808,20659,196,948,,,,,,,,11,,5:06.74,,,,,261,True,Distance,248,729,612.5,M,False,3,2024-04-21,2024-04-21,False
17809,20661,196,3084,,,,,,,,11,,5:38.67,,,,,261,True,Distance,87,543,358.5,M,False,3,2024-04-21,2024-04-21,False
17810,20663,196,2348,,,,,,,,17,,16:53.24,,,,,261,True,Distance,505,954,982.0,M,False,3,2024-04-21,2024-04-21,False
17811,20664,196,5583,,,,,,,,17,,17:04.80,,,,,261,True,Distance,478,934,945.0,M,False,3,2024-04-21,2024-04-21,False
17812,20665,196,913,,,,,,,,20,,11:26.44,,,,,261,True,Distance,480,897,928.5,M,False,3,2024-04-21,2024-04-21,False
17813,20667,196,948,,,,,,,,20,,12:44.03,,,,,261,True,Distance,282,736,650.0,M,False,3,2024-04-21,2024-04-21,False
17814,20668,196,3084,,,,,,,,20,,14:48.52,,,,,261,True,Distance,74,510,329.0,M,False,3,2024-04-21,2024-04-21,False
17815,20669,196,5737,,,,,,,,21,,53.04,,,,,261,True,Relays,334,786,727.0,M,False,3,2024-04-21,2024-04-21,False
17816,20671,204,1874,,,,,,,,9,,2:00.50,,,,,261,True,Distance,748,1153,1324.5,M,False,3,2024-04-21,2024-04-21,False
17817,20674,204,4650,,,,,,,,11,,4:29.92,,,,,261,True,Distance,538,977,1026.5,M,False,3,2024-04-21,2024-04-21,False
17818,20675,204,924,,,,,,,,11,,4:43.87,,,,,261,True,Distance,415,879,854.5,M,False,3,2024-04-21,2024-04-21,False
17819,20676,204,5124,,,,,,,,11,,5:05.73,,,,,261,True,Distance,255,735,622.5,M,False,3,2024-04-21,2024-04-21,False
17820,20677,204,5038,,,,,,,,11,,5:09.47,,,,,261,True,Distance,231,712,587.0,M,False,3,2024-04-21,2024-04-21,False
17821,20678,204,956,,,,,,,,11,,6:28.38,,,,,261,True,Distance,0,308,154.0,M,False,3,2024-04-21,2024-04-21,False
17822,20679,204,1876,,,,,,,,17,,17:35.28,,,,,261,True,Distance,411,881,851.5,M,False,3,2024-04-21,2024-04-21,False
17823,20681,204,934,,,,,,,,20,,12:38.87,,,,,261,True,Distance,294,746,667.0,M,False,3,2024-04-21,2024-04-21,False
17824,20682,204,2142,,,,,,,,20,,13:15.54,,,,,261,True,Distance,217,675,554.5,M,False,3,2024-04-21,2024-04-21,False
17825,20683,204,964,,,,,,,,20,,14:05.49,,,,,261,True,Distance,131,584,423.0,M,False,3,2024-04-21,2024-04-21,False
17837,20695,205,4488,,,,,,,,11,,5:01.87,,,,,261,True,Distance,280,759,659.5,M,False,3,2024-04-21,2024-04-21,False
17838,20696,205,2148,,,,,,,,11,,5:54.21,,,,,261,True,Distance,38,462,269.0,M,False,3,2024-04-21,2024-04-21,False
17839,20697,205,3557,,,,,,,,20,,11:29.79,,,,,261,True,Distance,470,890,915.0,M,False,3,2024-04-21,2024-04-21,False
17840,20698,205,2148,,,,,,,,20,,15:08.64,,,,,261,True,Distance,53,478,292.0,M,False,3,2024-04-21,2024-04-21,False
17841,20699,205,5739,,,,,,,,21,,46.57,,,,,261,True,Relays,649,1029,1163.5,M,False,3,2024-04-21,2024-04-21,False
17856,20673,204,930,,,,,,,,11,,4:28.30,,,,,261,True,Distance,553,989,1047.5,M,False,3,2024-04-21,2024-04-21,False
17857,20672,204,899,,,,,,,,9,,2:04.90,,,,,261,True,Distance,645,1076,1183.0,M,False,3,2024-04-21,2024-04-21,False
17858,20662,196,891,,,,,,,,17,,16:42.55,,,,,261,True,Distance,531,973,1017.5,M,False,3,2024-04-21,2024-04-21,False
17859,20658,196,946,,,,,,,,11,,4:49.24,,,,,261,True,Distance,372,842,793.0,M,False,3,2024-04-21,2024-04-21,False
17860,20666,196,946,,,,,,,,20,,12:14.47,,,,,261,True,Distance,351,795,748.5,M,False,3,2024-04-21,2024-04-21,False
17862,20612,188,918,,,,,,,,9,,1:59.66,,,,,261,True,Distance,769,1168,1353.0,M,False,3,2024-04-21,2024-04-21,False
17863,20632,188,918,,,,,,,,20,,11:46.42,,,,,261,True,Distance,424,854,851.0,M,False,3,2024-04-21,2024-04-21,False
17864,20621,188,886,,,,,,,,11,,4:36.46,,,,,261,True,Distance,478,930,943.0,M,False,3,2024-04-21,2024-04-21,False
17866,20614,188,966,,,,,,,,9,,2:19.46,,,,,261,True,Distance,358,840,778.0,M,False,3,2024-04-21,2024-04-21,False
17867,20639,188,4649,,3541.0,,3549.0,,966.0,,21,,47.53,,,,,261,True,Relays,596,991,1091.5,M,False,3,2024-04-21,2024-04-21,False
17868,20625,188,880,,,,,,,,17,,16:04.66,,,,,261,True,Distance,627,1041,1147.5,M,False,3,2024-04-21,2024-04-21,False
17869,20613,188,876,,,,,,,,9,,2:04.50,,,,,261,True,Distance,654,1083,1195.5,M,False,3,2024-04-21,2024-04-21,False
17879,20722,206,5130,,,,,,,,9,,2:32.83,,,,,261,True,Distance,168,649,492.5,M,False,3,2024-04-21,2024-04-21,False
17880,20723,206,5129,,,,,,,,11,,4:26.62,,,,,261,True,Distance,569,1001,1069.5,M,False,3,2024-04-21,2024-04-21,False
17881,20724,206,5130,,,,,,,,17,,19:40.60,,,,,261,True,Distance,186,682,527.0,M,False,3,2024-04-21,2024-04-21,False
17883,20726,206,5129,,,,,,,,20,,11:59.86,,,,,261,True,Distance,388,825,800.5,M,False,3,2024-04-21,2024-04-21,False
17884,20727,206,4476,,,,,,,,20,,14:05.21,,,,,261,True,Distance,131,584,423.0,M,False,3,2024-04-21,2024-04-21,False
17885,20728,206,4473,,4475.0,,4478.0,,4479.0,,21,,45.73,,,,,261,True,Relays,697,1063,1228.5,M,False,3,2024-04-21,2024-04-21,False
17886,20729,206,5128,,5126.0,,5042.0,,5742.0,,21,,53.18,,,,,261,True,Relays,328,782,719.0,M,False,3,2024-04-21,2024-04-21,False
17887,20730,206,5126,,4480.0,,4476.0,,5039.0,,30,,13:53.24,,,,,261,True,Relays,0,0,0.0,M,False,3,2024-04-21,2024-04-21,False
17889,20733,96,1552,,,,,,,,9,,2:02.04,,,,,262,True,Distance,711,1126,1274.0,M,False,3,2024-04-21,2024-04-21,False
17890,20734,96,370,,,,,,,,9,,2:05.42,,,,,262,True,Distance,633,1067,1166.5,M,False,3,2024-04-21,2024-04-21,False
17891,20735,96,363,,,,,,,,11,,3:59.27,,,,,262,True,Distance,863,1211,1468.5,M,False,3,2024-04-21,2024-04-21,False
17892,20736,96,1552,,,,,,,,11,,4:03.90,,,,,262,True,Distance,809,1174,1396.0,M,False,3,2024-04-21,2024-04-21,False
17893,20737,96,367,,,,,,,,11,,4:12.69,,,,,262,True,Distance,711,1106,1264.0,M,False,3,2024-04-21,2024-04-21,False
17894,20738,96,370,,,,,,,,11,,4:26.64,,,,,262,True,Distance,569,1001,1069.5,M,False,3,2024-04-21,2024-04-21,False
17895,20739,96,3437,,,,,,,,17,,16:15.88,,,,,262,True,Distance,598,1021,1108.5,M,False,3,2024-04-21,2024-04-21,False
17896,20740,96,368,,,,,,,,17,,16:55.47,,,,,262,True,Distance,500,950,975.0,M,False,3,2024-04-21,2024-04-21,False
17897,20741,96,371,,,,,,,,17,,18:18.56,,,,,262,True,Distance,323,810,728.0,M,False,3,2024-04-21,2024-04-21,False
17899,20743,58,170,,,,,,,,9,,2:10.42,,,,,263,True,Distance,526,983,1017.5,M,False,3,2024-04-21,2024-04-21,False
17900,20744,58,170,,,,,,,,11,,4:28.70,,,,,263,True,Distance,549,986,1042.0,M,False,3,2024-04-21,2024-04-21,False
17901,20745,58,162,,,,,,,,11,,4:37.73,,,,,263,True,Distance,467,921,927.5,M,False,3,2024-04-21,2024-04-21,False
17902,20746,58,179,,,,,,,,11,,5:24.96,,,,,263,True,Distance,146,619,455.5,M,False,3,2024-04-21,2024-04-21,False
17903,20747,58,2210,,,,,,,,17,,15:41.11,,,,,263,True,Distance,691,1085,1233.5,M,False,3,2024-04-21,2024-04-21,False
17910,20754,60,3393,,,,,,,,9,,1:59.27,,,,,264,True,Distance,779,1175,1366.5,M,False,3,2024-04-21,2024-04-21,False
17911,20755,60,4900,,,,,,,,9,,2:19.97,,,,,264,True,Distance,349,832,765.0,M,False,3,2024-04-21,2024-04-21,False
17912,20756,60,3393,,,,,,,,11,,4:04.26,,,,,264,True,Distance,805,1171,1390.5,M,False,3,2024-04-21,2024-04-21,False
17913,20757,60,4900,,,,,,,,11,,5:05.33,,,,,264,True,Distance,258,737,626.5,M,False,3,2024-04-21,2024-04-21,False
17914,20758,60,3407,,,,,,,,17,,17:08.31,,,,,264,True,Distance,470,927,933.5,M,False,3,2024-04-21,2024-04-21,False
17915,20759,60,4901,,,,,,,,17,,17:23.92,,,,,264,True,Distance,435,901,885.5,M,False,3,2024-04-21,2024-04-21,False
17916,20760,60,5295,,,,,,,,17,,17:33.69,,,,,264,True,Distance,414,884,856.0,M,False,3,2024-04-21,2024-04-21,False
17917,20762,61,380,,,,,,,,18,,32:19.36,,,,,266,True,Distance,767,1122,1328.0,M,False,3,2024-04-24,2024-04-27,False
17918,20764,1,7,,,,,,,,17,,15:20.42,,,,,267,True,Distance,749,1124,1311.0,M,False,3,2024-04-25,2024-04-25,False
17922,20768,107,2002,,,,,,,,11,,4:03.41,,,,,267,True,Distance,815,1178,1404.0,M,False,3,2024-04-25,2024-04-25,False
17924,20771,107,2854,,,,,,,,20,,10:36.38,,,,,267,True,Distance,635,1009,1139.5,M,False,3,2024-04-25,2024-04-25,False
17942,20789,59,1636,,,,,,,,11,,4:33.87,,,,,268,True,Distance,502,948,976.0,M,False,3,2024-04-25,2024-04-27,False
17960,20807,59,2787,,,,,,,,9,,2:12.54,,,,,268,True,Distance,484,949,958.5,M,False,3,2024-04-25,2024-04-27,False
17961,20808,59,1635,,,,,,,,11,,4:32.11,,,,,268,True,Distance,518,961,998.5,M,False,3,2024-04-25,2024-04-27,False
17962,20809,59,3901,,,,,,,,17,,15:55.71,,,,,268,True,Distance,651,1057,1179.5,M,False,3,2024-04-25,2024-04-27,False
17965,20812,59,3919,,1624.0,,4077.0,,4083.0,,21,,46.22,,,,,268,True,Relays,669,1043,1190.5,M,False,3,2024-04-25,2024-04-27,False
17966,20813,59,3916,,1624.0,,3900.0,,4077.0,,24,,3:38.46,,,,,268,True,Relays,674,1068,1208.0,M,False,3,2024-04-25,2024-04-27,False
17972,20763,1,19,,,,,,,,17,,16:15.89,,,,,267,True,Distance,598,1020,1108.0,M,False,3,2024-04-25,2024-04-25,False
17973,20769,107,2857,,,,,,,,11,,4:07.04,,,,,267,True,Distance,773,1149,1347.5,M,False,3,2024-04-25,2024-04-25,False
17980,20825,60,3407,,,,,,,,11,,4:24.07,,,,,269,True,Distance,594,1020,1104.0,M,False,3,2024-04-25,2024-04-26,False
17981,20826,60,3386,,,,,,,,17,,15:12.03,,,,,269,True,Distance,774,1140,1344.0,M,False,3,2024-04-25,2024-04-26,False
18011,20857,61,1655,,,,,,,,11,,3:59.82,,,,,270,True,Distance,856,1207,1459.5,M,False,3,2024-04-25,2024-04-25,False
18012,20858,61,382,,,,,,,,11,,4:07.42,,,,,270,True,Distance,769,1147,1342.5,M,False,3,2024-04-25,2024-04-25,False
18013,20859,61,4628,,,,,,,,11,,4:09.28,,,,,270,True,Distance,748,1132,1314.0,M,False,3,2024-04-25,2024-04-25,False
18014,20860,61,1656,,,,,,,,17,,16:26.36,,,,,270,True,Distance,571,1002,1072.0,M,False,3,2024-04-25,2024-04-25,False
18019,20866,61,2273,Jr,5745.0,,4036.0,Fr,4045.0,Sr,24,,3:36.18,51.00,54.90,54.20,,270,True,Relays,700,1087,1243.5,M,False,3,2024-04-25,2024-04-25,False
18064,20915,167,466,,,,,,,,13,,4:31.49,,,,,271,True,Distance,722,1108,1276.0,M,False,3,2024-04-26,2024-04-27,False
18066,20918,167,5220,,,,,,,,20,,10:36.09,,,,,271,True,Distance,636,1010,1141.0,M,False,3,2024-04-26,2024-04-27,False
18068,20920,167,2584,,,,,,,,18,,32:56.05,,,,,271,True,Distance,722,1090,1267.0,M,False,3,2024-04-26,2024-04-27,False
18069,20921,167,702,,,,,,,,18,,35:55.61,,,,,271,True,Distance,518,940,988.0,M,False,3,2024-04-26,2024-04-27,False
18070,20922,167,734,,,,,,,,18,,38:40.53,,,,,271,True,Distance,360,813,766.5,M,False,3,2024-04-26,2024-04-27,False
18071,20923,167,5282,,,,,,,,17,,15:57.22,,,,,271,True,Distance,647,1055,1174.5,M,False,3,2024-04-26,2024-04-27,False
18074,20924,167,681,,,,,,,,17,,16:32.83,,,,,271,True,Distance,555,990,1050.0,M,False,3,2024-04-26,2024-04-27,False
18075,20925,167,680,,,,,,,,17,,17:08.94,,,,,271,True,Distance,469,926,932.0,M,False,3,2024-04-26,2024-04-27,False
18085,20941,167,467,,,,,,,,9,,1:59.93,,,,,271,True,Distance,762,1163,1343.5,M,False,3,2024-04-26,2024-04-27,False
18086,20942,167,3011,,,,,,,,9,,2:01.92,,,,,271,True,Distance,714,1128,1278.0,M,False,3,2024-04-26,2024-04-27,False
18087,20943,167,5253,,,,,,,,9,,2:03.97,,,,,271,True,Distance,666,1092,1212.0,M,False,3,2024-04-26,2024-04-27,False
18088,20944,167,685,,,,,,,,9,,2:04.86,,,,,271,True,Distance,646,1077,1184.5,M,False,3,2024-04-26,2024-04-27,False
18089,20945,167,3015,,,,,,,,9,,2:10.43,,,,,271,True,Distance,526,983,1017.5,M,False,3,2024-04-26,2024-04-27,False
18090,20946,167,743,,,,,,,,9,,2:12.04,,,,,271,True,Distance,494,957,972.5,M,False,3,2024-04-26,2024-04-27,False
18091,20947,167,794,,,,,,,,9,,2:17.73,,,,,271,True,Distance,387,867,820.5,M,False,3,2024-04-26,2024-04-27,False
18092,20948,167,751,,,,,,,,9,,2:20.87,,,,,271,True,Distance,334,819,743.5,M,False,3,2024-04-26,2024-04-27,False
18093,20949,167,790,,,,,,,,9,,2:40.41,,,,,271,True,Distance,92,552,368.0,M,False,3,2024-04-26,2024-04-27,False
18099,20966,167,680,,,,,,,,20,,10:53.39,,,,,271,True,Distance,580,970,1065.0,M,False,3,2024-04-26,2024-04-27,False
18100,20967,167,2584,,,,,,,,20,,10:58.27,,,,,271,True,Distance,564,959,1043.5,M,False,3,2024-04-26,2024-04-27,False
18101,20968,167,695,,,,,,,,20,,11:38.61,,,,,271,True,Distance,445,870,880.0,M,False,3,2024-04-26,2024-04-27,False
18102,20969,167,742,,,,,,,,20,,12:02.26,,,,,271,True,Distance,382,820,792.0,M,False,3,2024-04-26,2024-04-27,False
18103,20970,167,2608,,,,,,,,20,,12:02.37,,,,,271,True,Distance,382,820,792.0,M,False,3,2024-04-26,2024-04-27,False
18104,20971,167,760,,,,,,,,20,,12:09.95,,,,,271,True,Distance,363,804,765.0,M,False,3,2024-04-26,2024-04-27,False
18105,20972,167,778,,,,,,,,20,,12:24.84,,,,,271,True,Distance,326,774,713.0,M,False,3,2024-04-26,2024-04-27,False
18106,20974,167,4438,,467.0,,468.0,,5236.0,,24,,3:36.46,,,,,271,True,Relays,697,1084,1239.0,M,False,3,2024-04-26,2024-04-27,False
18107,20975,167,4304,,5282.0,,3015.0,,466.0,,24,,3:45.88,,,,,271,True,Relays,590,1008,1094.0,M,False,3,2024-04-26,2024-04-27,False
18162,20951,167,468,,,,,,,,13,,4:28.40,,,,,271,True,Distance,754,1131,1319.5,M,False,3,2024-04-26,2024-04-27,False
18163,20956,167,704,,,,,,,,13,,4:53.96,,,,,271,True,Distance,514,953,990.5,M,False,3,2024-04-26,2024-04-27,False
18164,20926,88,530,Fr,,,,,,,13,,4:42.54,,,,0.0,271,True,Distance,615,1030,1130.0,M,False,3,2024-04-26,2024-04-27,False
18165,20957,167,695,,,,,,,,13,,4:56.59,,,,,271,True,Distance,492,935,959.5,M,False,3,2024-04-26,2024-04-27,False
18166,20958,167,742,,,,,,,,13,,4:56.61,,,,,271,True,Distance,491,935,958.5,M,False,3,2024-04-26,2024-04-27,False
18167,21031,203,4420,,,,,,,,20,,12:15.95,,,,,272,True,Distance,348,792,744.0,M,False,3,2024-04-26,2024-04-27,False
18187,21051,203,4418,,,,,,,,9,,2:03.70,,,,,272,True,Distance,672,1097,1220.5,M,False,3,2024-04-26,2024-04-27,False
18188,21053,203,4407,,,,,,,,9,,2:20.56,,,,,272,True,Distance,339,823,750.5,M,False,3,2024-04-26,2024-04-27,False
18189,21054,203,4504,,,,,,,,9,,2:23.87,,,,,272,True,Distance,287,774,674.0,M,False,3,2024-04-26,2024-04-27,False
18194,21059,203,3852,,,,,,,,20,,12:04.94,,,,,272,True,Distance,375,815,782.5,M,False,3,2024-04-26,2024-04-27,False
18195,21060,203,4428,,,,,,,,20,,14:01.63,,,,,272,True,Distance,137,590,432.0,M,False,3,2024-04-26,2024-04-27,False
18196,21061,203,4413,,4405.0,,4415.0,,4419.0,,21,,45.37,,,,,272,True,Relays,719,1078,1258.0,M,False,3,2024-04-26,2024-04-27,False
18220,21086,49,18,,,,,,,,9,,1:57.21,,,,,273,True,Distance,831,1213,1437.5,M,False,3,2024-04-26,2024-04-27,False
18224,21090,56,2193,,,,,,,,11,,4:04.55,,,,,273,True,Distance,801,1169,1385.5,M,False,3,2024-04-26,2024-04-27,False
18225,21091,56,5757,,,,,,,,11,,4:12.39,,,,,273,True,Distance,714,1108,1268.0,M,False,3,2024-04-26,2024-04-27,False
18235,21101,49,2260,,,,,,,,9,,2:02.75,,,,,273,True,Distance,694,1113,1250.5,M,False,3,2024-04-26,2024-04-27,False
18236,21102,49,3782,,,,,,,,9,,2:06.39,,,,,273,True,Distance,612,1051,1137.5,M,False,3,2024-04-26,2024-04-27,False
18237,21103,49,18,,,,,,,,11,,4:08.55,,,,,273,True,Distance,756,1138,1325.0,M,False,3,2024-04-26,2024-04-27,False
18238,21104,49,2258,,,,,,,,11,,4:10.68,,,,,273,True,Distance,733,1121,1293.5,M,False,3,2024-04-26,2024-04-27,False
18239,21105,49,2263,,,,,,,,11,,4:19.50,,,,,273,True,Distance,640,1054,1167.0,M,False,3,2024-04-26,2024-04-27,False
18240,21106,49,2994,,,,,,,,11,,4:21.69,,,,,273,True,Distance,618,1037,1136.5,M,False,3,2024-04-26,2024-04-27,False
18241,21107,49,39,,,,,,,,11,,4:49.37,,,,,273,True,Distance,371,841,791.5,M,False,3,2024-04-26,2024-04-27,False
18243,21109,49,4908,,,,,,,,20,,12:29.12,,,,,273,True,Distance,316,765,698.5,M,False,3,2024-04-26,2024-04-27,False
18244,21110,49,3778,,2260.0,,3783.0,,18.0,,24,,3:31.04,,,,,273,True,Relays,763,1129,1327.5,M,False,3,2024-04-26,2024-04-27,False
18245,21111,49,3781,,2994.0,,3782.0,,4908.0,,24,,3:45.93,,,,,273,True,Relays,589,1008,1093.0,M,False,3,2024-04-26,2024-04-27,False
18251,21118,19,2316,,,,,,,,17,,18:57.32,,,,,274,True,Distance,254,748,628.0,M,False,3,2024-04-26,2024-04-27,False
18258,21125,19,5161,,,,,,,,9,,1:58.04,,,,,274,True,Distance,809,1197,1407.5,M,False,3,2024-04-26,2024-04-27,False
18259,21126,19,2309,,,,,,,,9,,1:58.26,,,,,274,True,Distance,804,1193,1400.5,M,False,3,2024-04-26,2024-04-27,False
18260,21127,19,2306,,,,,,,,9,,1:59.25,,,,,274,True,Distance,779,1175,1366.5,M,False,3,2024-04-26,2024-04-27,False
18261,21128,19,5163,,,,,,,,9,,2:02.69,,,,,274,True,Distance,696,1114,1253.0,M,False,3,2024-04-26,2024-04-27,False
18262,21129,19,5154,,,,,,,,9,,2:04.27,,,,,274,True,Distance,659,1087,1202.5,M,False,3,2024-04-26,2024-04-27,False
18263,21130,19,5161,,,,,,,,11,,4:12.58,,,,,274,True,Distance,712,1106,1265.0,M,False,3,2024-04-26,2024-04-27,False
18264,21131,19,2306,,,,,,,,11,,4:12.79,,,,,274,True,Distance,710,1105,1262.5,M,False,3,2024-04-26,2024-04-27,False
18265,21132,19,5167,,,,,,,,11,,4:13.57,,,,,274,True,Distance,702,1099,1251.5,M,False,3,2024-04-26,2024-04-27,False
18266,21133,19,5154,,,,,,,,11,,4:21.04,,,,,274,True,Distance,624,1042,1145.0,M,False,3,2024-04-26,2024-04-27,False
18267,21134,19,5763,,,,,,,,11,,4:52.37,,,,,274,True,Distance,348,821,758.5,M,False,3,2024-04-26,2024-04-27,False
18269,21136,19,5148,,5161.0,,2306.0,,2309.0,,24,,3:26.85,,,,,274,True,Relays,816,1165,1398.5,M,False,3,2024-04-26,2024-04-27,False
18270,21052,203,4429,,,,,,,,9,,2:10.43,,,,,272,True,Distance,526,983,1017.5,M,False,3,2024-04-26,2024-04-27,False
18284,21151,96,3437,,,,,,,,11,,4:19.44,,,,,277,True,Distance,640,1054,1167.0,M,False,3,2024-04-27,2024-04-27,False
18285,21152,96,363,,,,,,,,9,,1:57.92,,,,,277,True,Distance,812,1200,1412.0,M,False,3,2024-04-27,2024-04-27,False
18286,21153,96,1552,,,,,,,,9,,1:59.60,,,,,277,True,Distance,770,1169,1354.5,M,False,3,2024-04-27,2024-04-27,False
18287,21154,96,370,,,,,,,,9,,2:02.27,,,,,277,True,Distance,706,1122,1267.0,M,False,3,2024-04-27,2024-04-27,False
18288,21155,96,364,,,,,,,,9,,2:03.70,,,,,277,True,Distance,672,1097,1220.5,M,False,3,2024-04-27,2024-04-27,False
18289,21156,96,5293,,,,,,,,9,,2:03.74,,,,,277,True,Distance,671,1096,1219.0,M,False,3,2024-04-27,2024-04-27,False
18290,21157,96,364,,,,,,,,11,,4:05.60,,,,,277,True,Distance,790,1161,1370.5,M,False,3,2024-04-27,2024-04-27,False
18291,21158,96,367,,,,,,,,11,,4:11.12,,,,,277,True,Distance,728,1118,1287.0,M,False,3,2024-04-27,2024-04-27,False
18292,21159,96,5421,,,,,,,,11,,5:25.96,,,,,277,True,Distance,141,613,447.5,M,False,3,2024-04-27,2024-04-27,False
18293,21160,96,366,,,,,,,,17,,16:38.24,,,,,277,True,Distance,542,980,1032.0,M,False,3,2024-04-27,2024-04-27,False
18294,21161,96,368,,,,,,,,17,,16:52.20,,,,,277,True,Distance,508,956,986.0,M,False,3,2024-04-27,2024-04-27,False
18295,21162,96,371,,,,,,,,17,,19:55.08,,,,,277,True,Distance,166,661,496.5,M,False,3,2024-04-27,2024-04-27,False
18296,21163,96,375,,,,,,,,17,,20:29.05,,,,,277,True,Distance,123,612,429.0,M,False,3,2024-04-27,2024-04-27,False
18343,21211,158,2466,,,,,,,,9,,2:18.21,,,,,278,True,Distance,379,859,808.5,M,False,3,2024-04-27,2024-04-27,False
18346,21214,159,705,,,,,,,,11,,4:16.64,,,,,278,True,Distance,669,1075,1206.5,M,False,3,2024-04-27,2024-04-27,False
18349,21217,146,3686,,,,,,,,9,,2:34.17,,,,,278,True,Distance,153,631,468.5,M,False,3,2024-04-27,2024-04-27,False
18360,21228,158,2896,,,,,,,,9,,1:56.57,,,,,278,True,Distance,847,1224,1459.0,M,False,3,2024-04-27,2024-04-27,False
18361,21229,158,3677,,,,,,,,9,,2:10.13,,,,,278,True,Distance,532,988,1026.0,M,False,3,2024-04-27,2024-04-27,False
18362,21230,158,2900,,,,,,,,9,,2:15.32,,,,,278,True,Distance,431,904,883.0,M,False,3,2024-04-27,2024-04-27,False
18363,21231,158,2467,,,,,,,,9,,2:17.26,,,,,278,True,Distance,396,874,833.0,M,False,3,2024-04-27,2024-04-27,False
18364,21232,158,2899,,,,,,,,9,,2:19.11,,,,,278,True,Distance,364,845,786.5,M,False,3,2024-04-27,2024-04-27,False
18365,21233,158,4692,,,,,,,,11,,4:30.69,,,,,278,True,Distance,531,971,1016.5,M,False,3,2024-04-27,2024-04-27,False
18366,21234,158,2456,,,,,,,,11,,4:43.95,,,,,278,True,Distance,415,878,854.0,M,False,3,2024-04-27,2024-04-27,False
18367,21235,158,2470,,,,,,,,11,,4:48.93,,,,,278,True,Distance,375,844,797.0,M,False,3,2024-04-27,2024-04-27,False
18368,21236,158,4339,,,,,,,,11,,4:50.28,,,,,278,True,Distance,364,835,781.5,M,False,3,2024-04-27,2024-04-27,False
18369,21237,158,2469,,,,,,,,11,,5:03.05,,,,,278,True,Distance,272,752,648.0,M,False,3,2024-04-27,2024-04-27,False
18370,21238,158,2898,,,,,,,,11,,5:09.07,,,,,278,True,Distance,234,714,591.0,M,False,3,2024-04-27,2024-04-27,False
18371,21239,158,2463,,,,,,,,20,,11:21.10,,,,,278,True,Distance,495,908,949.0,M,False,3,2024-04-27,2024-04-27,False
18372,21240,158,2474,,,,,,,,20,,11:27.26,,,,,278,True,Distance,477,895,924.5,M,False,3,2024-04-27,2024-04-27,False
18373,21241,158,3674,,3682.0,,4333.0,,3680.0,,21,,46.58,,,,,278,True,Relays,648,1029,1162.5,M,False,3,2024-04-27,2024-04-27,False
18374,21242,158,3170,,3677.0,,4337.0,,2896.0,,24,,3:32.18,52.00,54.92,54.97,,278,True,Relays,749,1120,1309.0,M,False,3,2024-04-27,2024-04-27,False
18376,21243,158,3674,,3682.0,,4692.0,,5769.0,,24,,3:59.87,58.95,58.63,1:02.37,,278,True,Relays,447,900,897.0,M,False,3,2024-04-27,2024-04-27,False
18392,21259,159,4368,,,,,,,,9,,1:56.08,,,,,278,True,Distance,860,1233,1476.5,M,False,3,2024-04-27,2024-04-27,False
18393,21260,159,676,,,,,,,,9,,2:04.49,,,,,278,True,Distance,654,1083,1195.5,M,False,3,2024-04-27,2024-04-27,False
18394,21261,159,705,,,,,,,,9,,2:11.48,,,,,278,True,Distance,505,966,988.0,M,False,3,2024-04-27,2024-04-27,False
18395,21262,159,4365,,,,,,,,9,,2:12.60,,,,,278,True,Distance,482,948,956.0,M,False,3,2024-04-27,2024-04-27,False
18396,21263,159,4364,,,,,,,,9,,2:18.79,,,,,278,True,Distance,369,850,794.0,M,False,3,2024-04-27,2024-04-27,False
18397,21264,159,676,,,,,,,,11,,4:02.58,,,,,278,True,Distance,824,1185,1416.5,M,False,3,2024-04-27,2024-04-27,False
18398,21265,159,706,,,,,,,,11,,4:15.34,,,,,278,True,Distance,683,1085,1225.5,M,False,3,2024-04-27,2024-04-27,False
18399,21266,159,674,,,,,,,,11,,4:24.36,,,,,278,True,Distance,591,1018,1100.0,M,False,3,2024-04-27,2024-04-27,False
18400,21267,159,2168,,,,,,,,17,,16:16.35,,,,,278,True,Distance,597,1020,1107.0,M,False,3,2024-04-27,2024-04-27,False
18401,21268,159,2184,,,,,,,,17,,18:32.80,,,,,278,True,Distance,297,787,690.5,M,False,3,2024-04-27,2024-04-27,False
18402,21269,159,753,,,,,,,,17,,18:54.42,,,,,278,True,Distance,259,753,635.5,M,False,3,2024-04-27,2024-04-27,False
18403,21271,159,2184,,,,,,,,18,,40:41.31,,,,,278,True,Distance,263,725,625.5,M,False,3,2024-04-27,2024-04-27,False
18409,21277,159,2182,,5550.0,,5772.0,,5773.0,,21,,43.73,,,,,278,True,Relays,820,1146,1393.0,M,False,3,2024-04-27,2024-04-27,False
18410,21278,159,2182,,4358.0,,5774.0,,5775.0,,24,,3:24.14,,,,,278,True,Relays,851,1188,1445.0,M,False,3,2024-04-27,2024-04-27,False
18411,21279,159,5776,,668.0,,676.0,,4715.0,,24,,3:42.79,,,,,278,True,Relays,624,1033,1140.5,M,False,3,2024-04-27,2024-04-27,False
18412,21280,159,762,,5772.0,,2759.0,,677.0,,24,,4:00.19,,,,,278,True,Relays,444,898,893.0,M,False,3,2024-04-27,2024-04-27,False
18430,21298,146,3687,,,,,,,,9,,2:03.89,,,,,278,True,Distance,668,1094,1215.0,M,False,3,2024-04-27,2024-04-27,False
18431,21299,146,3729,,,,,,,,9,,2:09.00,,,,,278,True,Distance,555,1007,1058.5,M,False,3,2024-04-27,2024-04-27,False
18432,21300,146,1317,,,,,,,,9,,2:11.71,,,,,278,True,Distance,500,962,981.0,M,False,3,2024-04-27,2024-04-27,False
18433,21301,146,5627,,,,,,,,9,,2:17.96,,,,,278,True,Distance,383,863,814.5,M,False,3,2024-04-27,2024-04-27,False
18434,21302,146,3699,,,,,,,,9,,2:25.40,,,,,278,True,Distance,265,752,641.0,M,False,3,2024-04-27,2024-04-27,False
18435,21303,146,4150,,,,,,,,11,,4:42.70,,,,,278,True,Distance,425,887,868.5,M,False,3,2024-04-27,2024-04-27,False
18436,21304,146,3686,,,,,,,,11,,5:17.19,,,,,278,True,Distance,186,665,518.5,M,False,3,2024-04-27,2024-04-27,False
18438,21306,146,3713,,,,,,,,20,,10:40.55,,,,,278,True,Distance,621,1000,1121.0,M,False,3,2024-04-27,2024-04-27,False
18439,21307,146,3698,,3701.0,,5778.0,,3719.0,,21,,47.47,,,,,278,True,Relays,599,994,1096.0,M,False,3,2024-04-27,2024-04-27,False
18440,21308,146,5779,,5780.0,,5781.0,,3696.0,,24,,3:33.24,,,,,278,True,Relays,736,1111,1291.5,M,False,3,2024-04-27,2024-04-27,False
18448,21316,167,2540,,,,,,,,9,,2:02.25,,,,,279,True,Distance,706,1122,1267.0,M,False,3,2024-05-01,2024-05-01,False
18449,21317,167,466,,,,,,,,11,,4:02.08,,,,,279,True,Distance,830,1189,1424.5,M,False,3,2024-05-01,2024-05-01,False
18450,21318,167,468,,,,,,,,11,,4:02.10,,,,,279,True,Distance,830,1189,1424.5,M,False,3,2024-05-01,2024-05-01,False
18456,21324,61,382,,,,,,,,9,,1:58.74,,,,,280,True,Distance,792,1185,1384.5,M,False,3,2024-05-03,2024-05-03,False
18459,21327,58,2210,,,,,,,,17,,15:40.21,,,,,281,True,Distance,693,1086,1236.0,M,False,3,2024-05-03,2024-05-03,False
18478,21346,146,1216,,,,,,,,9,,1:54.00,,,,,283,True,Distance,915,1272,1551.0,M,False,3,2024-05-03,2024-05-03,False
18503,21371,159,4368,,,,,,,,11,,4:04.22,,,,,284,True,Distance,805,1172,1391.0,M,False,3,2024-05-03,2024-05-03,False
18504,21372,159,676,,,,,,,,11,,4:04.61,,,,,284,True,Distance,801,1169,1385.5,M,False,3,2024-05-03,2024-05-03,False
18505,21373,159,2168,,,,,,,,11,,4:10.53,,,,,284,True,Distance,735,1122,1296.0,M,False,3,2024-05-03,2024-05-03,False
18506,21374,159,674,,,,,,,,11,,4:11.03,,,,,284,True,Distance,729,1118,1288.0,M,False,3,2024-05-03,2024-05-03,False
18507,21375,159,706,,,,,,,,11,,4:11.46,,,,,284,True,Distance,724,1115,1281.5,M,False,3,2024-05-03,2024-05-03,False
18508,21376,159,694,,,,,,,,11,,4:15.14,,,,,284,True,Distance,685,1087,1228.5,M,False,3,2024-05-03,2024-05-03,False
18509,21377,159,705,,,,,,,,11,,4:16.62,,,,,284,True,Distance,670,1076,1208.0,M,False,3,2024-05-03,2024-05-03,False
18547,21415,59,4082,,,,,,,,9,,2:14.17,,,,,285,True,Distance,452,922,913.0,M,False,3,2024-05-03,2024-05-03,False
18548,21416,59,1631,,,,,,,,9,,2:16.43,,,,,285,True,Distance,410,887,853.5,M,False,3,2024-05-03,2024-05-03,False
18549,21417,59,1632,,,,,,,,9,,2:19.36,,,,,285,True,Distance,359,842,780.0,M,False,3,2024-05-03,2024-05-03,False
18550,21418,59,2787,,,,,,,,9,,2:24.78,,,,,285,True,Distance,274,761,654.5,M,False,3,2024-05-03,2024-05-03,False
18551,21419,59,1635,,,,,,,,11,,4:27.13,,,,,285,True,Distance,564,997,1062.5,M,False,3,2024-05-03,2024-05-03,False
18552,21420,59,4082,,,,,,,,11,,4:29.86,,,,,285,True,Distance,538,977,1026.5,M,False,3,2024-05-03,2024-05-03,False
18553,21421,59,2787,,,,,,,,11,,4:37.78,,,,,285,True,Distance,467,921,927.5,M,False,3,2024-05-03,2024-05-03,False
18554,21422,59,3918,,,,,,,,17,,15:57.44,,,,,285,True,Distance,646,1054,1173.0,M,False,3,2024-05-03,2024-05-03,False
18555,21423,59,5783,,,,,,,,17,,19:19.05,,,,,285,True,Distance,219,715,576.5,M,False,3,2024-05-03,2024-05-03,False
18558,21426,59,1625,,,,,,,,20,,10:30.30,,,,,285,True,Distance,655,1023,1166.5,M,False,3,2024-05-03,2024-05-03,False
18559,21427,59,1631,,,,,,,,20,,10:46.40,,,,,285,True,Distance,602,986,1095.0,M,False,3,2024-05-03,2024-05-03,False
18560,21428,59,3901,,,,,,,,20,,10:52.94,,,,,285,True,Distance,581,971,1066.5,M,False,3,2024-05-03,2024-05-03,False
18561,21429,59,1637,,,,,,,,20,,11:03.91,,,,,285,True,Distance,547,947,1020.5,M,False,3,2024-05-03,2024-05-03,False
18562,21430,59,1632,,,,,,,,20,,11:17.85,,,,,285,True,Distance,505,916,963.0,M,False,3,2024-05-03,2024-05-03,False
18563,21431,59,1638,,,,,,,,20,,11:56.24,,,,,285,True,Distance,398,833,814.5,M,False,3,2024-05-03,2024-05-03,False
18564,21432,59,1651,,,,,,,,20,,12:01.62,,,,,285,True,Distance,384,822,795.0,M,False,3,2024-05-03,2024-05-03,False
18565,21433,59,1646,,,,,,,,20,,12:28.66,,,,,285,True,Distance,317,766,700.0,M,False,3,2024-05-03,2024-05-03,False
18566,21434,59,5783,,,,,,,,20,,12:45.78,,,,,285,True,Distance,278,732,644.0,M,False,3,2024-05-03,2024-05-03,False
18567,21435,59,1649,,,,,,,,20,,13:17.80,,,,,285,True,Distance,213,671,548.5,M,False,3,2024-05-03,2024-05-03,False
18568,21436,59,2788,,,,,,,,20,,13:43.91,,,,,285,True,Distance,165,622,476.0,M,False,3,2024-05-03,2024-05-03,False
18569,21437,59,1650,,,,,,,,20,,13:48.82,,,,,285,True,Distance,157,613,463.5,M,False,3,2024-05-03,2024-05-03,False
18570,21438,59,4081,,,,,,,,20,,14:33.60,,,,,285,True,Distance,92,535,359.5,M,False,3,2024-05-03,2024-05-03,False
18571,21439,59,3896,,3908.0,,1622.0,,3899.0,,21,,42.75,,,,,285,True,Relays,883,1188,1477.0,M,False,3,2024-05-03,2024-05-03,False
18572,21440,59,5784,,4079.0,,5785.0,,5786.0,,24,,3:41.08,,,,,285,True,Relays,643,1047,1166.5,M,False,3,2024-05-03,2024-05-03,False
18573,21441,59,2787,,3919.0,,4077.0,,3899.0,,24,,3:44.37,,,,,285,True,Relays,606,1020,1116.0,M,False,3,2024-05-03,2024-05-03,False
18574,21442,59,3912,,3896.0,,3902.0,,1624.0,,24,,3:47.31,,,,,285,True,Relays,574,997,1072.5,M,False,3,2024-05-03,2024-05-03,False
18578,21446,4,5787,,,,,,,,9,,1:54.74,,,,,286,True,Distance,895,1258,1524.0,M,False,3,2024-05-04,2024-05-04,False
18579,21447,4,2959,,,,,,,,9,,1:54.74,,,,,286,True,Distance,895,1258,1524.0,M,False,3,2024-05-04,2024-05-04,False
18580,21448,4,5788,,,,,,,,9,,1:55.57,,,,,286,True,Distance,873,1243,1494.5,M,False,3,2024-05-04,2024-05-04,False
18581,21449,4,5173,,,,,,,,9,,1:56.05,,,,,286,True,Distance,860,1234,1477.0,M,False,3,2024-05-04,2024-05-04,False
18582,21450,4,2946,,,,,,,,17,,14:49.14,,,,,286,True,Distance,842,1184,1434.0,M,False,3,2024-05-04,2024-05-04,False
18583,21452,4,93,,,,,,,,17,,14:58.62,,,,,286,True,Distance,814,1166,1397.0,M,False,3,2024-05-04,2024-05-04,False
18584,21453,4,95,,,,,,,,17,,15:11.56,,,,,286,True,Distance,775,1141,1345.5,M,False,3,2024-05-04,2024-05-04,False
18585,21454,4,2952,,,,,,,,17,,15:36.01,,,,,286,True,Distance,705,1094,1252.0,M,False,3,2024-05-04,2024-05-04,False
18586,21455,4,90,,,,,,,,17,,16:11.20,,,,,286,True,Distance,610,1029,1124.5,M,False,3,2024-05-04,2024-05-04,False
18593,21462,4,5788,,,,,,,,9,,1:55.54,,,,,288,True,Distance,874,1243,1495.5,M,False,3,2024-05-09,2024-05-11,False
18594,21463,4,3289,,,,,,,,9,,2:01.07,,,,,288,True,Distance,734,1143,1305.5,M,False,3,2024-05-09,2024-05-11,False
18595,21464,4,5173,,,,,,,,11,,3:57.00,,,,,288,True,Distance,890,1230,1505.0,M,False,3,2024-05-09,2024-05-11,False
18596,21465,4,2946,,,,,,,,11,,3:58.68,,,,,288,True,Distance,870,1216,1478.0,M,False,3,2024-05-09,2024-05-11,False
18597,21466,4,95,,,,,,,,11,,3:58.80,,,,,288,True,Distance,868,1215,1475.5,M,False,3,2024-05-09,2024-05-11,False
18598,21467,4,91,,,,,,,,11,,4:00.53,,,,,288,True,Distance,848,1201,1448.5,M,False,3,2024-05-09,2024-05-11,False
18599,21468,4,2959,,,,,,,,11,,4:01.50,,,,,288,True,Distance,837,1193,1433.5,M,False,3,2024-05-09,2024-05-11,False
18600,21469,4,5174,,,,,,,,11,,4:05.43,,,,,288,True,Distance,791,1162,1372.0,M,False,3,2024-05-09,2024-05-11,False
18601,21471,4,102,,,,,,,,11,,4:09.45,,,,,288,True,Distance,746,1131,1311.5,M,False,3,2024-05-09,2024-05-11,False
18602,21472,4,90,,,,,,,,11,,4:10.47,,,,,288,True,Distance,735,1123,1296.5,M,False,3,2024-05-09,2024-05-11,False
18603,21473,4,5789,,,,,,,,11,,4:13.48,,,,,288,True,Distance,703,1099,1252.5,M,False,3,2024-05-09,2024-05-11,False
18604,21474,4,2952,,,,,,,,11,,4:14.10,,,,,288,True,Distance,696,1095,1243.5,M,False,3,2024-05-09,2024-05-11,False
18605,21475,4,99,,,,,,,,11,,4:14.88,,,,,288,True,Distance,688,1089,1232.5,M,False,3,2024-05-09,2024-05-11,False
18606,21476,4,106,,,,,,,,11,,4:24.88,,,,,288,True,Distance,586,1014,1093.0,M,False,3,2024-05-09,2024-05-11,False
18607,21477,4,4637,,,,,,,,11,,4:36.34,,,,,288,True,Distance,479,931,944.5,M,False,3,2024-05-09,2024-05-11,False
18610,21480,116,4535,,,,,,,,9,,1:55.87,,,,,289,True,Distance,865,1237,1483.5,M,False,3,2024-05-09,2024-05-10,False
18611,21481,116,2057,,,,,,,,11,,3:54.57,,,,,289,True,Distance,919,1249,1543.5,M,False,3,2024-05-09,2024-05-10,False
18612,21482,116,4535,,,,,,,,20,,9:43.89,,,,,289,True,Distance,820,1134,1387.0,M,False,3,2024-05-09,2024-05-10,False
18621,21491,49,18,,,,,,,,9,,1:57.35,,,,,290,True,Distance,827,1210,1432.0,M,False,3,2024-05-10,2024-05-11,False
18622,21492,49,3782,,,,,,,,9,,2:06.82,,,,,290,True,Distance,602,1043,1123.5,M,False,3,2024-05-10,2024-05-11,False
18623,21493,49,18,,,,,,,,11,,4:04.04,,,,,290,True,Distance,807,1173,1393.5,M,False,3,2024-05-10,2024-05-11,False
18624,21494,49,2263,,,,,,,,11,,4:18.44,,,,,290,True,Distance,651,1062,1182.0,M,False,3,2024-05-10,2024-05-11,False
18625,21495,49,2994,,,,,,,,11,,4:18.95,,,,,290,True,Distance,645,1058,1174.0,M,False,3,2024-05-10,2024-05-11,False
18626,21496,49,2258,,,,,,,,17,,14:50.65,,,,,290,True,Distance,838,1181,1428.5,M,False,3,2024-05-10,2024-05-11,False
18627,21497,49,2263,,,,,,,,17,,15:53.15,,,,,290,True,Distance,658,1062,1189.0,M,False,3,2024-05-10,2024-05-11,False
18628,21498,49,2268,,,,,,,,17,,15:58.33,,,,,290,True,Distance,644,1053,1170.5,M,False,3,2024-05-10,2024-05-11,False
18648,21519,19,2306,,,,,,,,9,,1:55.38,,,,,291,True,Distance,878,1246,1501.0,M,False,3,2024-05-11,2024-05-11,False
18649,21520,19,5161,,,,,,,,9,,1:55.87,,,,,291,True,Distance,865,1237,1483.5,M,False,3,2024-05-11,2024-05-11,False
18650,21521,10,5793,,,,,,,,9,,2:00.52,,,,,291,True,Distance,748,1153,1324.5,M,False,3,2024-05-11,2024-05-11,False
18651,21522,10,5617,,,,,,,,9,,2:03.56,,,,,291,True,Distance,675,1099,1224.5,M,False,3,2024-05-11,2024-05-11,False
18652,21523,10,5616,,,,,,,,9,,2:07.12,,,,,291,True,Distance,596,1038,1115.0,M,False,3,2024-05-11,2024-05-11,False
18653,21524,19,2303,,,,,,,,11,,4:15.74,,,,,291,True,Distance,679,1082,1220.0,M,False,3,2024-05-11,2024-05-11,False
18654,21525,10,5620,,,,,,,,11,,4:35.52,,,,,291,True,Distance,487,937,955.5,M,False,3,2024-05-11,2024-05-11,False
18655,21526,10,5622,,,,,,,,11,,4:38.64,,,,,291,True,Distance,459,915,916.5,M,False,3,2024-05-11,2024-05-11,False
18656,21527,10,2302,,,,,,,,17,,15:17.30,,,,,291,True,Distance,758,1130,1323.0,M,False,3,2024-05-11,2024-05-11,False
18657,21528,10,2314,,,,,,,,17,,16:35.05,,,,,291,True,Distance,549,986,1042.0,M,False,3,2024-05-11,2024-05-11,False
18658,21529,10,5794,,,,,,,,17,,18:21.09,,,,,291,True,Distance,319,806,722.0,M,False,3,2024-05-11,2024-05-11,False
18659,21530,19,2316,,,,,,,,17,,19:09.96,,,,,291,True,Distance,233,729,597.5,M,False,3,2024-05-11,2024-05-11,False
18660,21531,10,2311,,,,,,,,17,,19:18.12,,,,,291,True,Distance,220,716,578.0,M,False,3,2024-05-11,2024-05-11,False
18661,21532,10,5795,,,,,,,,17,,20:08.76,,,,,291,True,Distance,148,641,468.5,M,False,3,2024-05-11,2024-05-11,False
18666,21537,19,5154,,,,,,,,9,,2:05.30,,,,,291,True,Distance,636,1069,1170.5,M,False,3,2024-05-11,2024-05-11,False
18682,21554,61,1658,,,,,,,,9,,2:02.15,,,,,292,True,Distance,709,1124,1271.0,M,False,3,2024-05-12,2024-05-12,False
18685,21557,61,4628,,,,,,,,11,,4:09.05,,,,,292,True,Distance,751,1134,1318.0,M,False,3,2024-05-12,2024-05-12,False
18686,21558,61,2259,,,,,,,,11,,4:17.13,,,,,292,True,Distance,664,1072,1200.0,M,False,3,2024-05-12,2024-05-12,False
18687,21559,61,382,,,,,,,,11,,4:18.15,,,,,292,True,Distance,654,1064,1186.0,M,False,3,2024-05-12,2024-05-12,False
18688,21560,61,2261,,,,,,,,11,,4:33.67,,,,,292,True,Distance,503,950,978.0,M,False,3,2024-05-12,2024-05-12,False
18689,21561,61,1656,,,,,,,,11,,4:34.20,,,,,292,True,Distance,499,946,972.0,M,False,3,2024-05-12,2024-05-12,False
18691,21562,61,2269,,,,,,,,11,,4:48.64,,,,,292,True,Distance,377,846,800.0,M,False,3,2024-05-12,2024-05-12,False
18692,21563,61,1663,,,,,,,,11,,4:51.82,,,,,292,True,Distance,352,825,764.5,M,False,3,2024-05-12,2024-05-12,False
18693,21564,61,4623,,4944.0,,4622.0,,2273.0,,24,,3:30.24,,,,,292,True,Relays,773,1136,1341.0,M,False,3,2024-05-12,2024-05-12,False
18694,21565,61,2259,,,,,,,,17,,15:52.45,,,,,292,True,Distance,660,1064,1192.0,M,False,3,2024-05-12,2024-05-12,False
18695,21566,61,1656,,,,,,,,17,,15:57.02,,,,,292,True,Distance,647,1055,1174.5,M,False,3,2024-05-12,2024-05-12,False
18696,21567,61,1655,,,,,,,,17,,16:01.93,,,,,292,True,Distance,634,1046,1157.0,M,False,3,2024-05-12,2024-05-12,False
18697,21568,61,2261,,,,,,,,17,,16:04.67,,,,,292,True,Distance,627,1041,1147.5,M,False,3,2024-05-12,2024-05-12,False
18698,21569,61,1657,,,,,,,,17,,16:07.82,,,,,292,True,Distance,619,1035,1136.5,M,False,3,2024-05-12,2024-05-12,False
18699,21570,61,2269,,,,,,,,17,,17:12.68,,,,,292,True,Distance,460,920,920.0,M,False,3,2024-05-12,2024-05-12,False
18700,21571,61,1663,,,,,,,,17,,17:34.35,,,,,292,True,Distance,413,883,854.5,M,False,3,2024-05-12,2024-05-12,False
20532,15397,88,524,Sr,,,,,,,17,,16:03.22,,,,,194,True,Distance,631,1044,1153.0,M,False,3,2024-03-22,2024-03-22,False
25125,18394,62,671,,,,,,,,17,,15:28.71,,,,,227,True,Distance,726,1108,1280.0,M,False,3,2024-04-06,2024-04-07,True
26074,69636,88,521,So,,,,,,,11,,4:07.69,,,,,580,True,Distance,766,1144,1338.0,M,False,3,2024-05-11,2024-05-11,False
26910,15164,75,1522,,,,,,,,17,,14:57.56,,,,,189,True,Distance,817,1168,1401.0,M,False,3,2024-03-16,2024-03-16,False
26913,14650,88,521,So,,,,,,,11,,4:12.54,,,,,181,True,Distance,713,1107,1266.5,M,False,3,2024-03-14,2024-03-16,False
26914,14652,88,507,Fr,,,,,,,17,,16:11.06,,,,,181,True,Distance,610,1029,1124.5,M,False,3,2024-03-14,2024-03-16,False
28692,20641,188,3548,,966.0,,928.0,,5735.0,,30,,11:55.12,,,,,261,True,Relays,0,0,0.0,M,False,3,2024-04-21,2024-04-21,False
32649,17984,75,1562,,,,,,,,9,,2:10.63,,,,,227,True,Distance,522,980,1012.0,M,False,3,2024-04-06,2024-04-07,True
32650,18183,75,1562,,,,,,,,11,,4:29.39,,,,,227,True,Distance,543,981,1033.5,M,False,3,2024-04-06,2024-04-07,True
33341,14802,63,528,,,,,,,,9,,2:02.82,,,,,186,True,Distance,693,1112,1249.0,M,False,3,2024-03-16,2024-03-16,False
35250,14816,86,1539,,,,,,,,11,,4:09.77,,,,,186,True,Distance,743,1128,1307.0,M,False,3,2024-03-16,2024-03-16,False
35251,15917,86,1539,,,,,,,,9,,1:57.72,,,,,209,True,Distance,817,1203,1418.5,M,False,3,2024-03-23,2024-03-23,False
35254,20438,159,752,,676.0,,5556.0,,705.0,,24,,3:52.75,,,,,259,True,Relays,517,954,994.0,M,False,3,2024-04-20,2024-04-20,False
35605,100193,19,2309,,,,,,,,9,,1:56.06,,,,,1170,True,Distance,860,1234,1477.0,M,False,3,2024-05-04,2024-05-04,False
35606,100194,19,5161,,,,,,,,9,,1:56.09,,,,,1170,True,Distance,859,1233,1475.5,M,False,3,2024-05-04,2024-05-04,False
35607,100195,19,2306,,,,,,,,9,,1:58.72,,,,,1170,True,Distance,792,1185,1384.5,M,False,3,2024-05-04,2024-05-04,False
35608,100196,19,25502,,,,,,,,11,,4:02.60,,,,,1170,True,Distance,824,1185,1416.5,M,False,3,2024-05-04,2024-05-04,False
35609,100197,19,2303,,,,,,,,11,,4:17.46,,,,,1170,True,Distance,661,1069,1195.5,M,False,3,2024-05-04,2024-05-04,False
35610,100198,19,5168,,,,,,,,17,,14:09.84,,,,,1170,True,Distance,967,1262,1598.0,M,False,3,2024-05-04,2024-05-04,False
35611,100199,19,26364,,5161.0,,2306.0,,2309.0,,24,,3:23.55,,,,,1170,True,Relays,859,1193,1455.5,M,False,3,2024-05-04,2024-05-04,False
35629,16418,84,5297,,,,,,,,9,,2:00.11,,,,,217,True,Distance,758,1160,1338.0,M,False,3,2024-03-30,2024-03-30,False
35746,16073,96,375,,,,,,,,17,,20:35.71,,,,,211,True,Distance,115,603,416.5,M,False,3,2024-03-24,2024-03-24,False
35770,16461,85,5461,,,,,,,,17,,16:43.68,,,,,217,True,Distance,528,971,1013.5,M,False,3,2024-03-30,2024-03-30,False
35771,16462,86,1558,,,,,,,,17,,17:11.28,,,,,217,True,Distance,464,922,925.0,M,False,3,2024-03-30,2024-03-30,False
35772,16463,85,5467,,,,,,,,17,,17:26.52,,,,,217,True,Distance,430,896,878.0,M,False,3,2024-03-30,2024-03-30,False
35773,16464,85,5468,,,,,,,,17,,18:04.39,,,,,217,True,Distance,351,833,767.5,M,False,3,2024-03-30,2024-03-30,False
35774,16465,212,5469,,,,,,,,17,,18:08.33,,,,,217,True,Distance,343,826,756.0,M,False,3,2024-03-30,2024-03-30,False
35775,16466,212,5465,,,,,,,,17,,18:09.81,,,,,217,True,Distance,340,824,752.0,M,False,3,2024-03-30,2024-03-30,False
35776,16467,211,5448,,,,,,,,17,,18:19.64,,,,,217,True,Distance,321,808,725.0,M,False,3,2024-03-30,2024-03-30,False
35777,16468,86,1578,,,,,,,,17,,18:20.41,,,,,217,True,Distance,320,807,723.5,M,False,3,2024-03-30,2024-03-30,False
35778,16469,85,5462,,,,,,,,17,,18:53.37,,,,,217,True,Distance,261,754,638.0,M,False,3,2024-03-30,2024-03-30,False
35779,16471,212,5450,,,,,,,,17,,19:24.93,,,,,217,True,Distance,210,706,563.0,M,False,3,2024-03-30,2024-03-30,False
35780,16472,86,1597,,,,,,,,17,,20:23.56,,,,,217,True,Distance,130,620,440.0,M,False,3,2024-03-30,2024-03-30,False
35781,16473,211,5470,,,,,,,,17,,21:13.38,,,,,217,True,Distance,77,552,353.0,M,False,3,2024-03-30,2024-03-30,False
35782,16475,211,5460,,,,,,,,17,,22:42.49,,,,,217,True,Distance,16,439,235.5,M,False,3,2024-03-30,2024-03-30,False
35787,16474,84,2654,,,,,,,,17,,21:14.77,,,,,217,True,Distance,75,550,350.0,M,False,3,2024-03-30,2024-03-30,False
35788,16470,86,1590,,,,,,,,17,,19:04.37,,,,,217,True,Distance,242,737,610.5,M,False,3,2024-03-30,2024-03-30,False
36829,20950,167,673,,,,,,,,13,,4:21.78,,,,,271,True,Distance,823,1179,1412.5,M,False,3,2024-04-26,2024-04-27,False
36856,15161,75,1525,,,,,,,,9,,1:57.12,,,,,189,True,Distance,833,1214,1440.0,M,False,3,2024-03-16,2024-03-16,False
37436,26036,188,885,,,,,,,,9,,2:00.98,,,,,339,True,Distance,736,1145,1308.5,M,False,3,2024-04-14,2024-04-14,False
37441,20616,188,885,,,,,,,,11,,4:06.22,,,,,261,True,Distance,782,1156,1360.0,M,False,3,2024-04-21,2024-04-21,False
37551,20952,167,669,,,,,,,,13,,4:36.34,,,,,271,True,Distance,674,1074,1211.0,M,False,3,2024-04-26,2024-04-27,False
37552,20953,167,3015,,,,,,,,13,,4:46.25,,,,,271,True,Distance,581,1005,1083.5,M,False,3,2024-04-26,2024-04-27,False
37553,20959,167,5220,,,,,,,,13,,4:51.62,,,,,271,True,Distance,534,968,1018.0,M,False,3,2024-04-26,2024-04-27,False
37554,20960,167,760,,,,,,,,13,,5:13.35,,,,,271,True,Distance,362,828,776.0,M,False,3,2024-04-26,2024-04-27,False
38180,15477,1,3522,,5291.0,,4605.0,,3987.0,,21,,48.42,,,,,195,True,Relays,548,957,1026.5,M,False,3,2024-03-22,2024-03-23,False
38183,18617,73,5257,,5256.0,,5258.0,,5259.0,,21,,48.58,,,,,227,True,Relays,540,950,1015.0,M,False,3,2024-04-06,2024-04-07,True
43400,17941,203,4418,,,,,,,,9,,2:04.01,,,,,227,True,Distance,665,1091,1210.5,M,False,3,2024-04-06,2024-04-07,True
43402,16167,159,5708,,,,,,,,17,,16:30.53,,,,,214,True,Distance,561,994,1058.0,M,False,3,2024-03-30,2024-03-30,False
43403,16197,159,5708,,,,,,,,11,,4:26.78,,,,,214,True,Distance,568,1000,1068.0,M,False,3,2024-03-30,2024-03-30,False
43404,21270,159,5708,,,,,,,,18,,34:15.87,,,,,278,True,Distance,627,1022,1138.0,M,False,3,2024-04-27,2024-04-27,False
43415,20148,146,1254,,,,,,,,11,,4:33.16,,,,,258,True,Distance,508,954,985.0,M,False,3,2024-04-20,2024-04-20,False
54650,20865,61,4042,,4623.0,,4944.0,So,4622.0,Fr,24,,3:25.23,49.90,52.60,52.50,,270,True,Relays,837,1179,1426.5,M,False,3,2024-04-25,2024-04-25,False
62849,14569,15,5140,,3298.0,,4060.0,,3303.0,,24,,4:02.07,,,,,178,True,Relays,426,884,868.0,M,False,3,2024-03-08,2024-03-09,False
62856,14609,19,5161,,2306.0,,2309.0,,5167.0,,24,,3:30.09,,,,,179,True,Relays,775,1137,1343.5,M,False,3,2024-03-09,2024-03-09,False
62877,18640,56,3801,,4460.0,,3415.0,,4112.0,,24,,3:33.82,,,,,227,True,Relays,729,1106,1282.0,M,False,3,2024-04-06,2024-04-07,True
62882,19944,43,3400,,,,,,,,9,,2:17.79,,,,,256,True,Distance,386,866,819.0,M,False,3,2024-04-20,2024-04-20,False
62926,19977,117,121,,,,,,,,17,,15:47.88,,,,,256,True,Distance,672,1072,1208.0,M,False,3,2024-04-20,2024-04-20,False
63152,16264,166,3595,,,,,,,,9,,2:19.45,,,,,214,True,Distance,358,840,778.0,M,False,3,2024-03-30,2024-03-30,False
63161,15572,84,2654,,,,,,,,11,,5:08.29,,,,,201,True,Distance,239,719,598.5,M,False,3,2024-03-22,2024-03-23,False
63162,16459,84,2654,,,,,,,,11,,5:18.08,,,,,217,True,Distance,182,659,511.5,M,False,3,2024-03-30,2024-03-30,False
63171,15913,77,1592,,,,,,,,9,,2:29.19,,,,,209,True,Distance,213,699,562.5,M,False,3,2024-03-23,2024-03-23,False
63211,18916,86,1526,,,,,,,,9,,2:05.00,,,,,232,True,Distance,643,1074,1180.0,M,False,3,2024-04-12,2024-04-13,False
63275,20973,167,5238,,5218.0,,5221.0,,5240.0,,21,,44.45,,,,,271,True,Relays,774,1116,1332.0,M,False,3,2024-04-26,2024-04-27,False
63281,14955,167,5217,,5218.0,,5238.0,,5243.0,,21,,43.58,,,,,186,True,Relays,829,1153,1405.5,M,False,3,2024-03-16,2024-03-16,False
63282,15380,167,5217,,5287.0,,5238.0,,5243.0,,21,,43.33,,,,,193,True,Relays,845,1163,1426.5,M,False,3,2024-03-22,2024-03-23,False
63291,15552,162,1173,,,,,,,,11,,4:25.61,,,,,200,True,Distance,579,1008,1083.0,M,False,3,2024-03-22,2024-03-23,False
63295,18055,162,1266,,,,,,,,9,,2:22.66,,,,,227,True,Distance,306,792,702.0,M,False,3,2024-04-06,2024-04-07,True
63318,20680,204,872,,,,,,,,20,,10:48.59,,,,,261,True,Distance,595,981,1085.5,M,False,3,2024-04-21,2024-04-21,False
63321,16050,204,930,,,,,,,,11,,4:44.77,,,,,210,True,Distance,408,872,844.0,M,False,3,2024-03-24,2024-03-24,False
63329,15844,162,3169,,,,,,,,11,,4:28.28,,,,,200,True,Distance,553,989,1047.5,M,False,3,2024-03-22,2024-03-23,False
63340,18153,196,891,,,,,,,,11,,4:22.20,,,,,227,True,Distance,613,1034,1130.0,M,False,3,2024-04-06,2024-04-07,True
63356,18986,96,370,,,,,,,,11,,4:19.52,,,,,235,True,Distance,640,1054,1167.0,M,False,3,2024-04-12,2024-04-13,False
63372,16754,124,5501,,2045.0,,2883.0,,3838.0,,24,,3:50.86,,,,,223,True,Relays,537,969,1021.5,M,False,3,2024-03-30,2024-03-30,False
63382,15062,159,706,,,,,,,,17,,16:13.41,,,,,188,True,Distance,604,1025,1116.5,M,False,3,2024-03-16,2024-03-16,False
63384,20439,159,5708,,674.0,,2173.0,,2168.0,,24,,3:56.35,,,,,259,True,Relays,481,927,944.5,M,False,3,2024-04-20,2024-04-20,False
63386,26023,203,1857,,,,,,,,14,,9:50.00,,,,,339,True,Distance,509,944,981.0,M,False,3,2024-04-14,2024-04-14,False
63387,19771,203,1857,,,,,,,,11,,4:30.29,,,,,254,True,Distance,534,974,1021.0,M,False,3,2024-04-20,2024-04-20,False
63394,21062,203,4421,,4508.0,,4404.0,,5597.0,,21,,53.38,,,,,272,True,Relays,320,775,707.5,M,False,3,2024-04-26,2024-04-27,False
63412,18200,146,1251,,,,,,,,11,,4:34.56,,,,,227,True,Distance,495,944,967.0,M,False,3,2024-04-06,2024-04-07,True
63421,19746,203,4429,,,,,,,,9,,2:08.65,,,,,254,True,Distance,563,1012,1069.0,M,False,3,2024-04-20,2024-04-20,False
63430,17942,196,946,,,,,,,,9,,2:04.12,,,,,227,True,Distance,663,1090,1208.0,M,False,3,2024-04-06,2024-04-07,True
63432,20656,196,960,,,,,,,,9,,2:43.72,,,,,261,True,Distance,66,512,322.0,M,False,3,2024-04-21,2024-04-21,False
63433,20660,196,960,,,,,,,,11,,5:29.65,,,,,261,True,Distance,124,592,420.0,M,False,3,2024-04-21,2024-04-21,False
63440,16537,146,1251,,,,,,,,11,,4:37.79,,,,,218,True,Distance,467,921,927.5,M,False,3,2024-03-30,2024-03-30,False
63441,20144,146,1251,,,,,,,,9,,2:25.14,,,,,258,True,Distance,268,756,646.0,M,False,3,2024-04-20,2024-04-20,False
63442,20149,146,1251,,,,,,,,11,,4:34.44,,,,,258,True,Distance,496,944,968.0,M,False,3,2024-04-20,2024-04-20,False
63453,19040,146,1249,,,,,,,,9,,2:08.72,,,,,237,True,Distance,561,1011,1066.5,M,False,3,2024-04-12,2024-04-13,False
63497,15767,132,2752,,,,,,,,9,,2:27.38,,,,,202,True,Distance,237,724,599.0,M,False,3,2024-03-23,2024-03-23,False
63498,15768,132,2752,,,,,,,,11,,5:36.72,,,,,202,True,Distance,94,553,370.5,M,False,3,2024-03-23,2024-03-23,False
63504,19428,107,2857,,,,,,,,9,,2:09.69,,,,,249,True,Distance,541,995,1038.5,M,False,3,2024-04-19,2024-04-20,False
63505,19430,107,2857,,,,,,,,11,,4:15.41,,,,,249,True,Distance,682,1085,1224.5,M,False,3,2024-04-19,2024-04-20,False
