athlete_id,gender,season,event_group,total_result_count,individual_result_count,relay_result_count,meet_count
3541,Men,2024,Sprints,12,8,4,4
3554,Men,2024,Sprints,8,7,1,3
3549,Men,2024,Sprints,12,7,5,3
5738,Men,2024,Sprints,5,4,1,2
4477,Men,2024,Sprints,8,8,0,3
5028,Men,2024,Sprints,3,3,0,3
4652,Men,2024,Sprints,2,1,1,1
7626,Men,2024,Sprints,3,2,1,1
1887,Men,2024,Sprints,1,1,0,1
3580,Men,2024,Sprints,5,5,0,3
7627,Men,2024,Sprints,2,1,1,1
4647,Men,2024,Sprints,3,3,0,2
3547,Men,2024,Sprints,7,4,3,3
4996,Men,2024,Sprints,3,3,0,2
7628,Men,2024,Sprints,3,2,1,1
7629,Men,2024,Sprints,2,2,0,1
3551,Men,2024,Sprints,2,1,1,1
3559,Men,2024,Sprints,4,3,1,2
7630,Men,2024,Sprints,2,2,0,1
5029,Men,2024,Sprints,1,1,0,1
4485,Men,2024,Sprints,7,6,1,3
7633,Men,2024,Sprints,2,1,1,1
4649,Men,2024,Sprints,6,5,1,3
2145,Men,2024,Sprints,3,2,1,2
2139,Men,2024,Sprints,2,1,1,1
7624,Men,2024,Sprints,1,1,0,1
930,Men,2024,Sprints,4,3,1,3
3851,Men,2024,Sprints,6,3,3,3
2152,Men,2024,Sprints,2,2,0,2
938,Men,2024,Sprints,4,1,3,3
916,Men,2024,Sprints,2,1,1,2
556,Men,2024,Sprints,1,1,0,1
5738,Men,2024,Distance,1,0,1,1
5738,Men,2024,Jumps,1,0,1,1
5738,Men,2024,Throws,1,0,1,1
5738,Men,2024,Hurdles,1,0,1,1
4485,Men,2024,Distance,1,0,1,1
4485,Men,2024,Jumps,1,0,1,1
4485,Men,2024,Throws,1,0,1,1
4485,Men,2024,Hurdles,1,0,1,1
4652,Men,2024,Distance,1,0,1,1
4652,Men,2024,Jumps,1,0,1,1
4652,Men,2024,Throws,1,0,1,1
4652,Men,2024,Hurdles,1,0,1,1
3554,Men,2024,Distance,1,0,1,1
3554,Men,2024,Jumps,2,1,1,2
3554,Men,2024,Throws,1,0,1,1
3554,Men,2024,Hurdles,1,0,1,1
3552,Men,2024,Sprints,3,0,3,2
3552,Men,2024,Distance,3,0,3,2
3552,Men,2024,Jumps,4,1,3,2
3552,Men,2024,Throws,3,0,3,2
3552,Men,2024,Hurdles,3,0,3,2
2139,Men,2024,Distance,1,0,1,1
2139,Men,2024,Jumps,6,5,1,3
2139,Men,2024,Throws,1,0,1,1
2139,Men,2024,Hurdles,2,1,1,1
5030,Men,2024,Sprints,4,2,2,3
5030,Men,2024,Distance,2,0,2,2
5030,Men,2024,Jumps,3,1,2,2
5030,Men,2024,Throws,2,0,2,2
5030,Men,2024,Hurdles,2,0,2,2
3861,Men,2024,Sprints,4,0,4,3
3861,Men,2024,Distance,7,3,4,3
3861,Men,2024,Jumps,4,0,4,3
3861,Men,2024,Throws,4,0,4,3
3861,Men,2024,Hurdles,4,0,4,3
7628,Men,2024,Distance,1,0,1,1
7628,Men,2024,Jumps,2,1,1,1
7628,Men,2024,Throws,1,0,1,1
7628,Men,2024,Hurdles,1,0,1,1
3559,Men,2024,Distance,1,0,1,1
3559,Men,2024,Jumps,1,0,1,1
3559,Men,2024,Throws,1,0,1,1
3559,Men,2024,Hurdles,1,0,1,1
4487,Men,2024,Sprints,3,2,1,3
4487,Men,2024,Distance,1,0,1,1
4487,Men,2024,Jumps,1,0,1,1
4487,Men,2024,Throws,1,0,1,1
4487,Men,2024,Hurdles,1,0,1,1
2145,Men,2024,Distance,1,0,1,1
2145,Men,2024,Jumps,1,0,1,1
2145,Men,2024,Throws,1,0,1,1
2145,Men,2024,Hurdles,1,0,1,1
7637,Men,2024,Sprints,1,0,1,1
7637,Men,2024,Distance,1,0,1,1
7637,Men,2024,Jumps,1,0,1,1
7637,Men,2024,Throws,1,0,1,1
7637,Men,2024,Hurdles,1,0,1,1
7638,Men,2024,Sprints,1,0,1,1
7638,Men,2024,Distance,1,0,1,1
7638,Men,2024,Jumps,1,0,1,1
7638,Men,2024,Throws,1,0,1,1
7638,Men,2024,Hurdles,1,0,1,1
7626,Men,2024,Distance,1,0,1,1
7626,Men,2024,Jumps,1,0,1,1
7626,Men,2024,Throws,1,0,1,1
7626,Men,2024,Hurdles,1,0,1,1
7633,Men,2024,Distance,1,0,1,1
7633,Men,2024,Jumps,2,1,1,1
7633,Men,2024,Throws,1,0,1,1
7633,Men,2024,Hurdles,2,1,1,1
7627,Men,2024,Distance,1,0,1,1
7627,Men,2024,Jumps,3,2,1,1
7627,Men,2024,Throws,1,0,1,1
7627,Men,2024,Hurdles,1,0,1,1
5038,Men,2024,Sprints,1,0,1,1
5038,Men,2024,Distance,3,2,1,3
5038,Men,2024,Jumps,1,0,1,1
5038,Men,2024,Throws,1,0,1,1
5038,Men,2024,Hurdles,1,0,1,1
930,Men,2024,Distance,3,2,1,3
930,Men,2024,Jumps,1,0,1,1
930,Men,2024,Throws,1,0,1,1
930,Men,2024,Hurdles,1,0,1,1
924,Men,2024,Sprints,1,0,1,1
924,Men,2024,Distance,2,1,1,2
924,Men,2024,Jumps,1,0,1,1
924,Men,2024,Throws,1,0,1,1
924,Men,2024,Hurdles,2,1,1,1
1876,Men,2024,Sprints,1,0,1,1
1876,Men,2024,Distance,4,3,1,3
1876,Men,2024,Jumps,1,0,1,1
1876,Men,2024,Throws,1,0,1,1
1876,Men,2024,Hurdles,1,0,1,1
3547,Men,2024,Distance,6,3,3,3
3547,Men,2024,Jumps,3,0,3,2
3547,Men,2024,Throws,3,0,3,2
3547,Men,2024,Hurdles,3,0,3,2
3549,Men,2024,Distance,5,0,5,3
3549,Men,2024,Jumps,5,0,5,3
3549,Men,2024,Throws,6,1,5,3
3549,Men,2024,Hurdles,5,0,5,3
5012,Men,2024,Sprints,4,2,2,3
5012,Men,2024,Distance,4,2,2,3
5012,Men,2024,Jumps,3,1,2,2
5012,Men,2024,Throws,3,1,2,2
5012,Men,2024,Hurdles,2,0,2,2
928,Men,2024,Sprints,6,2,4,3
928,Men,2024,Distance,4,0,4,3
928,Men,2024,Jumps,6,2,4,3
928,Men,2024,Throws,4,0,4,3
928,Men,2024,Hurdles,10,6,4,4
1894,Men,2024,Sprints,3,0,3,3
1894,Men,2024,Distance,7,4,3,3
1894,Men,2024,Jumps,3,0,3,3
1894,Men,2024,Throws,3,0,3,3
1894,Men,2024,Hurdles,3,0,3,3
1900,Men,2024,Sprints,4,1,3,3
1900,Men,2024,Distance,8,5,3,3
1900,Men,2024,Jumps,3,0,3,3
1900,Men,2024,Throws,3,0,3,3
1900,Men,2024,Hurdles,3,0,3,3
1857,Men,2024,Sprints,2,0,2,2
1857,Men,2024,Distance,6,4,2,3
1857,Men,2024,Jumps,2,0,2,2
1857,Men,2024,Throws,2,0,2,2
1857,Men,2024,Hurdles,2,0,2,2
1883,Men,2024,Sprints,5,2,3,3
1883,Men,2024,Distance,9,6,3,3
1883,Men,2024,Jumps,3,0,3,3
1883,Men,2024,Throws,3,0,3,3
1883,Men,2024,Hurdles,3,0,3,3
3551,Men,2024,Distance,1,0,1,1
3551,Men,2024,Jumps,1,0,1,1
3551,Men,2024,Throws,1,0,1,1
3551,Men,2024,Hurdles,1,0,1,1
966,Men,2024,Sprints,10,4,6,4
966,Men,2024,Distance,8,2,6,4
966,Men,2024,Jumps,6,0,6,4
966,Men,2024,Throws,6,0,6,4
966,Men,2024,Hurdles,7,1,6,4
3541,Men,2024,Distance,4,0,4,3
3541,Men,2024,Jumps,4,0,4,3
3541,Men,2024,Throws,5,1,4,3
3541,Men,2024,Hurdles,4,0,4,3
3851,Men,2024,Distance,3,0,3,2
3851,Men,2024,Jumps,3,0,3,2
3851,Men,2024,Throws,3,0,3,2
3851,Men,2024,Hurdles,3,0,3,2
938,Men,2024,Distance,6,3,3,3
938,Men,2024,Jumps,3,0,3,3
938,Men,2024,Throws,3,0,3,3
938,Men,2024,Hurdles,3,0,3,3
3543,Men,2024,Sprints,1,0,1,1
3543,Men,2024,Distance,2,1,1,2
3543,Men,2024,Jumps,1,0,1,1
3543,Men,2024,Throws,1,0,1,1
3543,Men,2024,Hurdles,1,0,1,1
4589,Men,2024,Sprints,1,1,0,1
5541,Men,2024,Sprints,2,2,0,1
539,Men,2024,Sprints,2,1,1,1
2560,Men,2024,Sprints,1,0,1,1
2560,Men,2024,Distance,3,2,1,1
2560,Men,2024,Jumps,1,0,1,1
2560,Men,2024,Throws,1,0,1,1
2560,Men,2024,Hurdles,1,0,1,1
530,Men,2024,Sprints,1,0,1,1
530,Men,2024,Distance,4,3,1,2
530,Men,2024,Jumps,1,0,1,1
530,Men,2024,Throws,1,0,1,1
530,Men,2024,Hurdles,1,0,1,1
521,Men,2024,Sprints,1,0,1,1
521,Men,2024,Distance,5,4,1,4
521,Men,2024,Jumps,1,0,1,1
521,Men,2024,Throws,1,0,1,1
521,Men,2024,Hurdles,1,0,1,1
539,Men,2024,Distance,2,1,1,1
539,Men,2024,Jumps,1,0,1,1
539,Men,2024,Throws,1,0,1,1
539,Men,2024,Hurdles,1,0,1,1
4073,Men,2024,Sprints,4,4,0,3
4706,Men,2024,Sprints,3,3,0,3
1615,Men,2024,Sprints,1,0,1,1
1615,Men,2024,Distance,4,3,1,3
1615,Men,2024,Jumps,1,0,1,1
1615,Men,2024,Throws,2,1,1,1
1615,Men,2024,Hurdles,1,0,1,1
4347,Men,2024,Sprints,4,3,1,2
4347,Men,2024,Distance,1,0,1,1
4347,Men,2024,Jumps,1,0,1,1
4347,Men,2024,Throws,1,0,1,1
4347,Men,2024,Hurdles,1,0,1,1
1599,Men,2024,Sprints,3,2,1,1
1599,Men,2024,Distance,3,2,1,2
1599,Men,2024,Jumps,1,0,1,1
1599,Men,2024,Throws,2,1,1,2
1599,Men,2024,Hurdles,1,0,1,1
5310,Men,2024,Sprints,1,0,1,1
5310,Men,2024,Distance,3,2,1,3
5310,Men,2024,Jumps,1,0,1,1
5310,Men,2024,Throws,1,0,1,1
5310,Men,2024,Hurdles,1,0,1,1
5870,Men,2024,Sprints,2,1,1,1
4060,Men,2024,Sprints,2,1,1,1
5140,Men,2024,Sprints,3,2,1,1
4064,Men,2024,Sprints,2,2,0,1
4065,Men,2024,Sprints,2,1,1,1
4065,Men,2024,Distance,1,0,1,1
4065,Men,2024,Jumps,1,0,1,1
4065,Men,2024,Throws,1,0,1,1
4065,Men,2024,Hurdles,1,0,1,1
5138,Men,2024,Sprints,1,0,1,1
5138,Men,2024,Distance,2,1,1,1
5138,Men,2024,Jumps,1,0,1,1
5138,Men,2024,Throws,1,0,1,1
5138,Men,2024,Hurdles,1,0,1,1
3279,Men,2024,Sprints,1,0,1,1
3279,Men,2024,Distance,2,1,1,1
3279,Men,2024,Jumps,1,0,1,1
3279,Men,2024,Throws,1,0,1,1
3279,Men,2024,Hurdles,1,0,1,1
3286,Men,2024,Sprints,1,0,1,1
3286,Men,2024,Distance,2,1,1,1
3286,Men,2024,Jumps,1,0,1,1
3286,Men,2024,Throws,1,0,1,1
3286,Men,2024,Hurdles,1,0,1,1
5146,Men,2024,Sprints,1,1,0,1
5148,Men,2024,Sprints,6,5,1,3
5157,Men,2024,Sprints,2,2,0,1
5159,Men,2024,Sprints,1,1,0,1
5160,Men,2024,Sprints,2,2,0,1
5162,Men,2024,Sprints,2,2,0,2
5165,Men,2024,Sprints,7,7,0,4
5184,Men,2024,Sprints,4,4,0,2
3158,Men,2024,Sprints,7,5,2,3
3788,Men,2024,Sprints,2,0,2,2
3788,Men,2024,Distance,2,0,2,2
3788,Men,2024,Jumps,4,2,2,2
3788,Men,2024,Throws,2,0,2,2
3788,Men,2024,Hurdles,4,2,2,2
1209,Men,2024,Sprints,1,0,1,1
1209,Men,2024,Distance,2,1,1,2
1209,Men,2024,Jumps,1,0,1,1
1209,Men,2024,Throws,1,0,1,1
1209,Men,2024,Hurdles,1,0,1,1
1696,Men,2024,Sprints,2,0,2,2
1696,Men,2024,Distance,5,3,2,2
1696,Men,2024,Jumps,2,0,2,2
1696,Men,2024,Throws,2,0,2,2
1696,Men,2024,Hurdles,2,0,2,2
3158,Men,2024,Distance,3,1,2,3
3158,Men,2024,Jumps,2,0,2,2
3158,Men,2024,Throws,2,0,2,2
3158,Men,2024,Hurdles,2,0,2,2
5187,Men,2024,Sprints,2,0,2,2
5187,Men,2024,Distance,2,0,2,2
5187,Men,2024,Jumps,2,0,2,2
5187,Men,2024,Throws,2,0,2,2
5187,Men,2024,Hurdles,5,3,2,2
4056,Men,2024,Sprints,1,0,1,1
4056,Men,2024,Distance,2,1,1,1
4056,Men,2024,Jumps,1,0,1,1
4056,Men,2024,Throws,1,0,1,1
4056,Men,2024,Hurdles,1,0,1,1
2950,Men,2024,Sprints,2,0,2,2
2950,Men,2024,Distance,4,2,2,2
2950,Men,2024,Jumps,2,0,2,2
2950,Men,2024,Throws,2,0,2,2
2950,Men,2024,Hurdles,2,0,2,2
2987,Men,2024,Sprints,2,0,2,2
2987,Men,2024,Distance,3,1,2,2
2987,Men,2024,Jumps,2,0,2,2
2987,Men,2024,Throws,2,0,2,2
2987,Men,2024,Hurdles,2,0,2,2
4906,Men,2024,Sprints,5,4,1,3
4903,Men,2024,Sprints,3,2,1,2
5213,Men,2024,Sprints,2,2,0,1
3012,Men,2024,Sprints,3,3,0,3
528,Men,2024,Sprints,3,1,2,2
1609,Men,2024,Sprints,6,4,2,4
2620,Men,2024,Sprints,7,6,1,3
4118,Men,2024,Sprints,2,2,0,1
4356,Men,2024,Sprints,3,3,0,3
5216,Men,2024,Sprints,1,1,0,1
5217,Men,2024,Sprints,5,2,3,3
790,Men,2024,Sprints,7,5,2,5
4437,Men,2024,Sprints,5,5,0,3
5218,Men,2024,Sprints,10,5,5,4
4438,Men,2024,Sprints,13,8,5,5
5220,Men,2024,Sprints,8,5,3,3
4439,Men,2024,Sprints,8,5,3,4
5221,Men,2024,Sprints,10,8,2,5
5222,Men,2024,Sprints,4,4,0,2
5223,Men,2024,Sprints,2,1,1,1
5226,Men,2024,Sprints,9,7,2,4
4304,Men,2024,Sprints,9,3,6,4
5232,Men,2024,Sprints,4,2,2,2
5233,Men,2024,Sprints,5,3,2,3
4303,Men,2024,Sprints,1,1,0,1
5234,Men,2024,Sprints,9,7,2,4
5235,Men,2024,Sprints,3,3,0,2
5238,Men,2024,Sprints,12,8,4,5
529,Men,2024,Sprints,2,2,0,2
5240,Men,2024,Sprints,11,8,3,5
5243,Men,2024,Sprints,5,2,3,3
5244,Men,2024,Sprints,8,5,3,4
5246,Men,2024,Sprints,9,8,1,5
5250,Men,2024,Sprints,7,5,2,4
754,Men,2024,Sprints,7,5,2,2
5252,Men,2024,Sprints,4,3,1,2
5252,Men,2024,Distance,1,0,1,1
5252,Men,2024,Jumps,2,1,1,2
5252,Men,2024,Throws,1,0,1,1
5252,Men,2024,Hurdles,6,5,1,5
4438,Men,2024,Distance,5,0,5,4
4438,Men,2024,Jumps,5,0,5,4
4438,Men,2024,Throws,5,0,5,4
4438,Men,2024,Hurdles,5,0,5,4
5233,Men,2024,Distance,2,0,2,2
5233,Men,2024,Jumps,2,0,2,2
5233,Men,2024,Throws,2,0,2,2
5233,Men,2024,Hurdles,9,7,2,4
4304,Men,2024,Distance,8,2,6,5
4304,Men,2024,Jumps,8,2,6,4
4304,Men,2024,Throws,6,0,6,4
4304,Men,2024,Hurdles,6,0,6,4
5239,Men,2024,Sprints,5,1,4,3
5239,Men,2024,Distance,4,0,4,3
5239,Men,2024,Jumps,4,0,4,3
5239,Men,2024,Throws,4,0,4,3
5239,Men,2024,Hurdles,9,5,4,3
5248,Men,2024,Sprints,8,4,4,4
5248,Men,2024,Distance,7,3,4,4
5248,Men,2024,Jumps,4,0,4,3
5248,Men,2024,Throws,4,0,4,3
5248,Men,2024,Hurdles,4,0,4,3
5244,Men,2024,Distance,3,0,3,3
5244,Men,2024,Jumps,4,1,3,3
5244,Men,2024,Throws,3,0,3,3
5244,Men,2024,Hurdles,3,0,3,3
751,Men,2024,Sprints,3,0,3,3
751,Men,2024,Distance,9,6,3,5
751,Men,2024,Jumps,3,0,3,3
751,Men,2024,Throws,3,0,3,3
751,Men,2024,Hurdles,3,0,3,3
468,Men,2024,Sprints,2,0,2,2
468,Men,2024,Distance,10,8,2,6
468,Men,2024,Jumps,2,0,2,2
468,Men,2024,Throws,2,0,2,2
468,Men,2024,Hurdles,2,0,2,2
5226,Men,2024,Distance,2,0,2,2
5226,Men,2024,Jumps,2,0,2,2
5226,Men,2024,Throws,2,0,2,2
5226,Men,2024,Hurdles,2,0,2,2
5223,Men,2024,Distance,1,0,1,1
5223,Men,2024,Jumps,1,0,1,1
5223,Men,2024,Throws,1,0,1,1
5223,Men,2024,Hurdles,1,0,1,1
790,Men,2024,Distance,4,2,2,4
790,Men,2024,Jumps,2,0,2,2
790,Men,2024,Throws,4,2,2,3
790,Men,2024,Hurdles,3,1,2,3
2626,Men,2024,Sprints,4,1,3,3
2626,Men,2024,Distance,4,1,3,3
2626,Men,2024,Jumps,3,0,3,2
2626,Men,2024,Throws,3,0,3,2
2626,Men,2024,Hurdles,4,1,3,3
754,Men,2024,Distance,8,6,2,3
754,Men,2024,Jumps,2,0,2,2
754,Men,2024,Throws,2,0,2,2
754,Men,2024,Hurdles,6,4,2,3
673,Men,2024,Sprints,2,1,1,2
671,Men,2024,Sprints,1,1,0,1
701,Men,2024,Sprints,1,1,0,1
5256,Men,2024,Sprints,6,5,1,3
5257,Men,2024,Sprints,7,6,1,3
5258,Men,2024,Sprints,5,4,1,3
5259,Men,2024,Sprints,7,6,1,3
760,Men,2024,Sprints,1,0,1,1
760,Men,2024,Distance,6,5,1,4
760,Men,2024,Jumps,1,0,1,1
760,Men,2024,Throws,1,0,1,1
760,Men,2024,Hurdles,1,0,1,1
663,Men,2024,Sprints,1,0,1,1
663,Men,2024,Distance,1,0,1,1
663,Men,2024,Jumps,1,0,1,1
663,Men,2024,Throws,1,0,1,1
663,Men,2024,Hurdles,1,0,1,1
652,Men,2024,Sprints,1,0,1,1
652,Men,2024,Distance,1,0,1,1
652,Men,2024,Jumps,1,0,1,1
652,Men,2024,Throws,1,0,1,1
652,Men,2024,Hurdles,1,0,1,1
4342,Men,2024,Sprints,5,5,0,2
2616,Men,2024,Sprints,2,2,0,1
2182,Men,2024,Sprints,17,11,6,5
5270,Men,2024,Sprints,6,6,0,3
4150,Men,2024,Sprints,3,2,1,2
3689,Men,2024,Sprints,13,7,6,6
3690,Men,2024,Sprints,13,9,4,6
1409,Men,2024,Sprints,6,3,3,3
3691,Men,2024,Sprints,8,5,3,3
3720,Men,2024,Sprints,6,4,2,2
3721,Men,2024,Sprints,8,6,2,4
4380,Men,2024,Sprints,8,7,1,3
3696,Men,2024,Sprints,12,8,4,5
3698,Men,2024,Sprints,12,10,2,5
3699,Men,2024,Sprints,9,6,3,5
3701,Men,2024,Sprints,15,10,5,6
3725,Men,2024,Sprints,3,3,0,3
3727,Men,2024,Sprints,1,1,0,1
3728,Men,2024,Sprints,13,7,6,4
4386,Men,2024,Sprints,12,8,4,4
3705,Men,2024,Sprints,14,10,4,6
5273,Men,2024,Sprints,4,4,0,2
3729,Men,2024,Sprints,5,1,4,3
4149,Men,2024,Sprints,9,6,3,4
3730,Men,2024,Sprints,9,7,2,4
3708,Men,2024,Sprints,12,8,4,5
3709,Men,2024,Sprints,9,6,3,4
3698,Men,2024,Distance,2,0,2,2
3698,Men,2024,Jumps,5,3,2,4
3698,Men,2024,Throws,2,0,2,2
3698,Men,2024,Hurdles,2,0,2,2
3695,Men,2024,Sprints,2,0,2,2
3695,Men,2024,Distance,2,0,2,2
3695,Men,2024,Jumps,2,0,2,2
3695,Men,2024,Throws,2,0,2,2
3695,Men,2024,Hurdles,2,0,2,2
3701,Men,2024,Distance,5,0,5,5
3701,Men,2024,Jumps,5,0,5,5
3701,Men,2024,Throws,5,0,5,5
3701,Men,2024,Hurdles,5,0,5,5
3689,Men,2024,Distance,7,1,6,4
3689,Men,2024,Jumps,6,0,6,4
3689,Men,2024,Throws,6,0,6,4
3689,Men,2024,Hurdles,6,0,6,4
4149,Men,2024,Distance,3,0,3,3
4149,Men,2024,Jumps,3,0,3,3
4149,Men,2024,Throws,3,0,3,3
4149,Men,2024,Hurdles,3,0,3,3
3734,Men,2024,Sprints,14,10,4,6
3734,Men,2024,Distance,4,0,4,3
3734,Men,2024,Jumps,4,0,4,3
3734,Men,2024,Throws,4,0,4,3
3734,Men,2024,Hurdles,4,0,4,3
3728,Men,2024,Distance,7,1,6,3
3728,Men,2024,Jumps,6,0,6,3
3728,Men,2024,Throws,6,0,6,3
3728,Men,2024,Hurdles,6,0,6,3
3730,Men,2024,Distance,2,0,2,2
3730,Men,2024,Jumps,2,0,2,2
3730,Men,2024,Throws,2,0,2,2
3730,Men,2024,Hurdles,2,0,2,2
3720,Men,2024,Distance,2,0,2,2
3720,Men,2024,Jumps,2,0,2,2
3720,Men,2024,Throws,2,0,2,2
3720,Men,2024,Hurdles,2,0,2,2
4147,Men,2024,Sprints,5,2,3,2
4147,Men,2024,Distance,3,0,3,2
4147,Men,2024,Jumps,3,0,3,2
4147,Men,2024,Throws,3,0,3,2
4147,Men,2024,Hurdles,3,0,3,2
3721,Men,2024,Distance,2,0,2,2
3721,Men,2024,Jumps,2,0,2,2
3721,Men,2024,Throws,2,0,2,2
3721,Men,2024,Hurdles,2,0,2,2
4148,Men,2024,Sprints,9,4,5,5
4148,Men,2024,Distance,5,0,5,4
4148,Men,2024,Jumps,5,0,5,4
4148,Men,2024,Throws,6,1,5,4
4148,Men,2024,Hurdles,6,1,5,4
3691,Men,2024,Distance,3,0,3,3
3691,Men,2024,Jumps,3,0,3,3
3691,Men,2024,Throws,3,0,3,3
3691,Men,2024,Hurdles,3,0,3,3
3726,Men,2024,Sprints,2,0,2,2
3726,Men,2024,Distance,2,0,2,2
3726,Men,2024,Jumps,2,0,2,2
3726,Men,2024,Throws,2,0,2,2
3726,Men,2024,Hurdles,4,2,2,2
3729,Men,2024,Distance,7,3,4,4
3729,Men,2024,Jumps,4,0,4,3
3729,Men,2024,Throws,4,0,4,3
3729,Men,2024,Hurdles,4,0,4,3
1216,Men,2024,Sprints,7,4,3,3
1216,Men,2024,Distance,10,7,3,5
1216,Men,2024,Jumps,3,0,3,3
1216,Men,2024,Throws,3,0,3,3
1216,Men,2024,Hurdles,3,0,3,3
3696,Men,2024,Distance,4,0,4,4
3696,Men,2024,Jumps,4,0,4,4
3696,Men,2024,Throws,4,0,4,4
3696,Men,2024,Hurdles,4,0,4,4
4014,Men,2024,Sprints,3,0,3,3
4014,Men,2024,Distance,5,2,3,3
4014,Men,2024,Jumps,3,0,3,3
4014,Men,2024,Throws,3,0,3,3
4014,Men,2024,Hurdles,3,0,3,3
4150,Men,2024,Distance,2,1,1,2
4150,Men,2024,Jumps,1,0,1,1
4150,Men,2024,Throws,1,0,1,1
4150,Men,2024,Hurdles,1,0,1,1
5274,Men,2024,Sprints,4,2,2,2
5274,Men,2024,Distance,2,0,2,2
5274,Men,2024,Jumps,2,0,2,2
5274,Men,2024,Throws,2,0,2,2
5274,Men,2024,Hurdles,2,0,2,2
1409,Men,2024,Distance,3,0,3,3
1409,Men,2024,Jumps,3,0,3,3
1409,Men,2024,Throws,3,0,3,3
1409,Men,2024,Hurdles,3,0,3,3
3708,Men,2024,Distance,5,1,4,4
3708,Men,2024,Jumps,4,0,4,4
3708,Men,2024,Throws,4,0,4,4
3708,Men,2024,Hurdles,4,0,4,4
3699,Men,2024,Distance,8,5,3,5
3699,Men,2024,Jumps,3,0,3,3
3699,Men,2024,Throws,3,0,3,3
3699,Men,2024,Hurdles,3,0,3,3
4386,Men,2024,Distance,4,0,4,3
4386,Men,2024,Jumps,4,0,4,3
4386,Men,2024,Throws,4,0,4,3
4386,Men,2024,Hurdles,4,0,4,3
3687,Men,2024,Sprints,8,4,4,5
3687,Men,2024,Distance,11,7,4,5
3687,Men,2024,Jumps,4,0,4,4
3687,Men,2024,Throws,4,0,4,4
3687,Men,2024,Hurdles,4,0,4,4
3710,Men,2024,Sprints,5,4,1,3
4393,Men,2024,Sprints,10,8,2,6
3942,Men,2024,Sprints,14,12,2,6
3944,Men,2024,Sprints,12,11,1,5
3945,Men,2024,Sprints,2,2,0,1
458,Men,2024,Sprints,2,1,1,2
3946,Men,2024,Sprints,11,9,2,5
4537,Men,2024,Sprints,1,1,0,1
3949,Men,2024,Sprints,7,5,2,4
4538,Men,2024,Sprints,2,2,0,2
3952,Men,2024,Sprints,4,4,0,4
5284,Men,2024,Sprints,6,6,0,3
5285,Men,2024,Sprints,2,2,0,1
5234,Men,2024,Distance,2,0,2,2
5234,Men,2024,Jumps,2,0,2,2
5234,Men,2024,Throws,2,0,2,2
5234,Men,2024,Hurdles,2,0,2,2
5288,Men,2024,Sprints,1,0,1,1
5288,Men,2024,Distance,1,0,1,1
5288,Men,2024,Jumps,1,0,1,1
5288,Men,2024,Throws,1,0,1,1
5288,Men,2024,Hurdles,1,0,1,1
5240,Men,2024,Distance,3,0,3,3
5240,Men,2024,Jumps,3,0,3,3
5240,Men,2024,Throws,3,0,3,3
5240,Men,2024,Hurdles,3,0,3,3
4439,Men,2024,Distance,3,0,3,3
4439,Men,2024,Jumps,3,0,3,3
4439,Men,2024,Throws,3,0,3,3
4439,Men,2024,Hurdles,3,0,3,3
5218,Men,2024,Distance,5,0,5,4
5218,Men,2024,Jumps,5,0,5,4
5218,Men,2024,Throws,5,0,5,4
5218,Men,2024,Hurdles,5,0,5,4
466,Men,2024,Sprints,3,0,3,3
466,Men,2024,Distance,9,6,3,5
466,Men,2024,Jumps,3,0,3,3
466,Men,2024,Throws,3,0,3,3
466,Men,2024,Hurdles,3,0,3,3
5230,Men,2024,Sprints,2,0,2,2
5230,Men,2024,Distance,9,7,2,4
5230,Men,2024,Jumps,2,0,2,2
5230,Men,2024,Throws,2,0,2,2
5230,Men,2024,Hurdles,2,0,2,2
3011,Men,2024,Sprints,1,0,1,1
3011,Men,2024,Distance,9,8,1,5
3011,Men,2024,Jumps,1,0,1,1
3011,Men,2024,Throws,1,0,1,1
3011,Men,2024,Hurdles,1,0,1,1
743,Men,2024,Sprints,1,0,1,1
743,Men,2024,Distance,8,7,1,5
743,Men,2024,Jumps,1,0,1,1
743,Men,2024,Throws,1,0,1,1
743,Men,2024,Hurdles,1,0,1,1
5220,Men,2024,Distance,10,7,3,4
5220,Men,2024,Jumps,3,0,3,2
5220,Men,2024,Throws,3,0,3,2
5220,Men,2024,Hurdles,7,4,3,3
3015,Men,2024,Sprints,3,0,3,3
3015,Men,2024,Distance,8,5,3,4
3015,Men,2024,Jumps,3,0,3,3
3015,Men,2024,Throws,3,0,3,3
3015,Men,2024,Hurdles,3,0,3,3
3574,Men,2024,Sprints,5,3,2,2
3983,Men,2024,Sprints,8,8,0,5
3642,Men,2024,Sprints,4,4,0,3
3522,Men,2024,Sprints,5,3,2,2
3987,Men,2024,Sprints,6,4,2,2
50,Men,2024,Sprints,4,4,0,2
5291,Men,2024,Sprints,2,1,1,1
4604,Men,2024,Sprints,2,2,0,1
3993,Men,2024,Sprints,5,3,2,3
3996,Men,2024,Sprints,7,5,2,3
3997,Men,2024,Sprints,6,5,1,2
4002,Men,2024,Sprints,4,1,3,3
4002,Men,2024,Distance,3,0,3,2
4002,Men,2024,Jumps,3,0,3,2
4002,Men,2024,Throws,3,0,3,2
4002,Men,2024,Hurdles,3,0,3,2
3996,Men,2024,Distance,7,5,2,2
3996,Men,2024,Jumps,2,0,2,2
3996,Men,2024,Throws,2,0,2,2
3996,Men,2024,Hurdles,4,2,2,2
182,Men,2024,Sprints,3,1,2,3
182,Men,2024,Distance,4,2,2,2
182,Men,2024,Jumps,2,0,2,2
182,Men,2024,Throws,2,0,2,2
182,Men,2024,Hurdles,2,0,2,2
4095,Men,2024,Sprints,2,0,2,2
4095,Men,2024,Distance,2,0,2,2
4095,Men,2024,Jumps,2,0,2,2
4095,Men,2024,Throws,2,0,2,2
4095,Men,2024,Hurdles,6,4,2,3
217,Men,2024,Sprints,1,0,1,1
217,Men,2024,Distance,3,2,1,2
217,Men,2024,Jumps,1,0,1,1
217,Men,2024,Throws,1,0,1,1
217,Men,2024,Hurdles,1,0,1,1
164,Men,2024,Sprints,1,0,1,1
164,Men,2024,Distance,4,3,1,2
164,Men,2024,Jumps,1,0,1,1
164,Men,2024,Throws,1,0,1,1
164,Men,2024,Hurdles,4,3,1,2
146,Men,2024,Sprints,1,0,1,1
146,Men,2024,Distance,5,4,1,2
146,Men,2024,Jumps,1,0,1,1
146,Men,2024,Throws,1,0,1,1
146,Men,2024,Hurdles,1,0,1,1
188,Men,2024,Sprints,1,0,1,1
188,Men,2024,Distance,7,6,1,3
188,Men,2024,Jumps,1,0,1,1
188,Men,2024,Throws,1,0,1,1
188,Men,2024,Hurdles,1,0,1,1
3997,Men,2024,Distance,1,0,1,1
3997,Men,2024,Jumps,1,0,1,1
3997,Men,2024,Throws,1,0,1,1
3997,Men,2024,Hurdles,1,0,1,1
2037,Men,2024,Sprints,1,0,1,1
2037,Men,2024,Distance,3,2,1,1
2037,Men,2024,Jumps,1,0,1,1
2037,Men,2024,Throws,1,0,1,1
2037,Men,2024,Hurdles,1,0,1,1
166,Men,2024,Sprints,1,0,1,1
166,Men,2024,Distance,4,3,1,2
166,Men,2024,Jumps,1,0,1,1
166,Men,2024,Throws,1,0,1,1
166,Men,2024,Hurdles,1,0,1,1
140,Men,2024,Sprints,1,0,1,1
140,Men,2024,Distance,3,2,1,2
140,Men,2024,Jumps,1,0,1,1
140,Men,2024,Throws,1,0,1,1
140,Men,2024,Hurdles,1,0,1,1
5296,Men,2024,Sprints,3,2,1,2
4442,Men,2024,Sprints,1,1,0,1
4451,Men,2024,Sprints,7,6,1,3
4447,Men,2024,Sprints,1,1,0,1
4734,Men,2024,Sprints,3,3,0,2
2464,Men,2024,Sprints,1,1,0,1
554,Men,2024,Sprints,4,2,2,2
4561,Men,2024,Sprints,1,1,0,1
802,Men,2024,Sprints,3,3,0,2
1589,Men,2024,Sprints,2,2,0,1
5309,Men,2024,Sprints,1,1,0,1
4348,Men,2024,Sprints,5,5,0,4
2747,Men,2024,Sprints,1,1,0,1
4354,Men,2024,Sprints,1,1,0,1
765,Men,2024,Sprints,1,1,0,1
5315,Men,2024,Sprints,3,3,0,2
4124,Men,2024,Sprints,3,2,1,2
3590,Men,2024,Sprints,4,4,0,2
4728,Men,2024,Sprints,4,3,1,3
3173,Men,2024,Sprints,1,1,0,1
5317,Men,2024,Sprints,3,3,0,2
5318,Men,2024,Sprints,2,2,0,1
678,Men,2024,Sprints,1,1,0,1
1533,Men,2024,Sprints,1,1,0,1
2487,Men,2024,Sprints,5,4,1,3
4735,Men,2024,Sprints,8,7,1,3
1379,Men,2024,Sprints,1,1,0,1
5183,Men,2024,Sprints,2,2,0,1
5359,Men,2024,Sprints,2,1,1,1
2569,Men,2024,Sprints,2,2,0,2
5361,Men,2024,Sprints,1,1,0,1
5359,Men,2024,Distance,1,0,1,1
5359,Men,2024,Jumps,1,0,1,1
5359,Men,2024,Throws,1,0,1,1
5359,Men,2024,Hurdles,1,0,1,1
5260,Men,2024,Sprints,1,0,1,1
5260,Men,2024,Distance,3,2,1,2
5260,Men,2024,Jumps,1,0,1,1
5260,Men,2024,Throws,1,0,1,1
5260,Men,2024,Hurdles,1,0,1,1
5261,Men,2024,Sprints,1,0,1,1
5261,Men,2024,Distance,1,0,1,1
5261,Men,2024,Jumps,1,0,1,1
5261,Men,2024,Throws,5,4,1,3
5261,Men,2024,Hurdles,1,0,1,1
5363,Men,2024,Sprints,1,0,1,1
5363,Men,2024,Distance,1,0,1,1
5363,Men,2024,Jumps,1,0,1,1
5363,Men,2024,Throws,1,0,1,1
5363,Men,2024,Hurdles,1,0,1,1
1592,Men,2024,Sprints,1,0,1,1
1592,Men,2024,Distance,2,1,1,1
1592,Men,2024,Jumps,1,0,1,1
1592,Men,2024,Throws,1,0,1,1
1592,Men,2024,Hurdles,1,0,1,1
5365,Men,2024,Sprints,1,0,1,1
5365,Men,2024,Distance,1,0,1,1
5365,Men,2024,Jumps,1,0,1,1
5365,Men,2024,Throws,1,0,1,1
5365,Men,2024,Hurdles,1,0,1,1
1542,Men,2024,Sprints,1,0,1,1
1542,Men,2024,Distance,2,1,1,1
1542,Men,2024,Jumps,1,0,1,1
1542,Men,2024,Throws,1,0,1,1
1542,Men,2024,Hurdles,1,0,1,1
2497,Men,2024,Sprints,1,0,1,1
2497,Men,2024,Distance,2,1,1,1
2497,Men,2024,Jumps,1,0,1,1
2497,Men,2024,Throws,1,0,1,1
2497,Men,2024,Hurdles,1,0,1,1
2541,Men,2024,Sprints,1,0,1,1
2541,Men,2024,Distance,3,2,1,2
2541,Men,2024,Jumps,1,0,1,1
2541,Men,2024,Throws,1,0,1,1
2541,Men,2024,Hurdles,1,0,1,1
2574,Men,2024,Sprints,1,0,1,1
2574,Men,2024,Distance,5,4,1,2
2574,Men,2024,Jumps,1,0,1,1
2574,Men,2024,Throws,1,0,1,1
2574,Men,2024,Hurdles,1,0,1,1
1539,Men,2024,Sprints,2,0,2,2
1539,Men,2024,Distance,9,7,2,5
1539,Men,2024,Jumps,2,0,2,2
1539,Men,2024,Throws,2,0,2,2
1539,Men,2024,Hurdles,2,0,2,2
4571,Men,2024,Sprints,1,0,1,1
4571,Men,2024,Distance,3,2,1,2
4571,Men,2024,Jumps,1,0,1,1
4571,Men,2024,Throws,1,0,1,1
4571,Men,2024,Hurdles,1,0,1,1
1183,Men,2024,Sprints,1,1,0,1
5373,Men,2024,Sprints,2,2,0,2
5374,Men,2024,Sprints,1,1,0,1
5001,Men,2024,Sprints,4,4,0,2
5375,Men,2024,Sprints,2,2,0,2
5003,Men,2024,Sprints,1,1,0,1
3540,Men,2024,Sprints,4,4,0,2
5378,Men,2024,Sprints,2,2,0,1
4222,Men,2024,Sprints,1,1,0,1
5015,Men,2024,Sprints,1,1,0,1
5018,Men,2024,Sprints,1,1,0,1
867,Men,2024,Sprints,3,2,1,2
3601,Men,2024,Sprints,1,1,0,1
964,Men,2024,Sprints,1,1,0,1
3605,Men,2024,Sprints,1,1,0,1
4486,Men,2024,Sprints,1,1,0,1
950,Men,2024,Sprints,1,0,1,1
950,Men,2024,Distance,1,0,1,1
950,Men,2024,Jumps,1,0,1,1
950,Men,2024,Throws,1,0,1,1
950,Men,2024,Hurdles,1,0,1,1
918,Men,2024,Sprints,1,0,1,1
918,Men,2024,Distance,4,3,1,2
918,Men,2024,Jumps,1,0,1,1
918,Men,2024,Throws,1,0,1,1
918,Men,2024,Hurdles,1,0,1,1
1863,Men,2024,Sprints,5,2,3,3
1863,Men,2024,Distance,7,4,3,3
1863,Men,2024,Jumps,3,0,3,3
1863,Men,2024,Throws,3,0,3,3
1863,Men,2024,Hurdles,3,0,3,3
876,Men,2024,Sprints,1,0,1,1
876,Men,2024,Distance,3,2,1,2
876,Men,2024,Jumps,1,0,1,1
876,Men,2024,Throws,1,0,1,1
876,Men,2024,Hurdles,1,0,1,1
916,Men,2024,Distance,4,3,1,2
916,Men,2024,Jumps,1,0,1,1
916,Men,2024,Throws,1,0,1,1
916,Men,2024,Hurdles,1,0,1,1
1260,Men,2024,Sprints,1,1,0,1
4120,Men,2024,Sprints,4,3,1,3
4120,Men,2024,Distance,1,0,1,1
4120,Men,2024,Jumps,7,6,1,4
4120,Men,2024,Throws,1,0,1,1
4120,Men,2024,Hurdles,1,0,1,1
4121,Men,2024,Sprints,1,0,1,1
4121,Men,2024,Distance,1,0,1,1
4121,Men,2024,Jumps,3,2,1,3
4121,Men,2024,Throws,1,0,1,1
4121,Men,2024,Hurdles,1,0,1,1
4124,Men,2024,Distance,1,0,1,1
4124,Men,2024,Jumps,1,0,1,1
4124,Men,2024,Throws,1,0,1,1
4124,Men,2024,Hurdles,1,0,1,1
2742,Men,2024,Sprints,2,1,1,2
2742,Men,2024,Distance,2,1,1,1
2742,Men,2024,Jumps,1,0,1,1
2742,Men,2024,Throws,1,0,1,1
2742,Men,2024,Hurdles,1,0,1,1
727,Men,2024,Sprints,2,0,2,2
727,Men,2024,Distance,6,4,2,4
727,Men,2024,Jumps,2,0,2,2
727,Men,2024,Throws,2,0,2,2
727,Men,2024,Hurdles,2,0,2,2
5396,Men,2024,Sprints,3,0,3,2
5396,Men,2024,Distance,5,2,3,2
5396,Men,2024,Jumps,3,0,3,2
5396,Men,2024,Throws,3,0,3,2
5396,Men,2024,Hurdles,3,0,3,2
748,Men,2024,Sprints,1,0,1,1
748,Men,2024,Distance,4,3,1,3
748,Men,2024,Jumps,1,0,1,1
748,Men,2024,Throws,1,0,1,1
748,Men,2024,Hurdles,1,0,1,1
4122,Men,2024,Sprints,5,4,1,2
4122,Men,2024,Distance,1,0,1,1
4122,Men,2024,Jumps,1,0,1,1
4122,Men,2024,Throws,1,0,1,1
4122,Men,2024,Hurdles,1,0,1,1
5404,Men,2024,Sprints,3,2,1,2
5404,Men,2024,Distance,1,0,1,1
5404,Men,2024,Jumps,3,2,1,2
5404,Men,2024,Throws,1,0,1,1
5404,Men,2024,Hurdles,1,0,1,1
5405,Men,2024,Sprints,2,1,1,1
5405,Men,2024,Distance,1,0,1,1
5405,Men,2024,Jumps,1,0,1,1
5405,Men,2024,Throws,1,0,1,1
5405,Men,2024,Hurdles,1,0,1,1
5406,Men,2024,Sprints,6,3,3,3
5406,Men,2024,Distance,3,0,3,3
5406,Men,2024,Jumps,3,0,3,3
5406,Men,2024,Throws,3,0,3,3
5406,Men,2024,Hurdles,3,0,3,3
5407,Men,2024,Sprints,2,1,1,1
5407,Men,2024,Distance,1,0,1,1
5407,Men,2024,Jumps,1,0,1,1
5407,Men,2024,Throws,1,0,1,1
5407,Men,2024,Hurdles,1,0,1,1
5397,Men,2024,Sprints,1,1,0,1
4358,Men,2024,Sprints,9,6,3,4
5316,Men,2024,Sprints,1,1,0,1
4364,Men,2024,Sprints,5,4,1,4
4722,Men,2024,Sprints,1,1,0,1
5414,Men,2024,Sprints,3,2,1,2
2445,Men,2024,Sprints,1,1,0,1
4714,Men,2024,Sprints,1,1,0,1
5408,Men,2024,Sprints,3,2,1,2
5415,Men,2024,Sprints,1,1,0,1
5416,Men,2024,Sprints,1,1,0,1
5417,Men,2024,Sprints,3,3,0,2
5418,Men,2024,Sprints,1,1,0,1
5421,Men,2024,Sprints,4,4,0,3
365,Men,2024,Sprints,1,0,1,1
365,Men,2024,Distance,5,4,1,3
365,Men,2024,Jumps,1,0,1,1
365,Men,2024,Throws,1,0,1,1
365,Men,2024,Hurdles,1,0,1,1
1552,Men,2024,Sprints,2,1,1,2
1552,Men,2024,Distance,8,7,1,6
1552,Men,2024,Jumps,1,0,1,1
1552,Men,2024,Throws,1,0,1,1
1552,Men,2024,Hurdles,1,0,1,1
370,Men,2024,Sprints,3,2,1,2
370,Men,2024,Distance,7,6,1,5
370,Men,2024,Jumps,1,0,1,1
370,Men,2024,Throws,1,0,1,1
370,Men,2024,Hurdles,1,0,1,1
363,Men,2024,Sprints,1,0,1,1
363,Men,2024,Distance,7,6,1,5
363,Men,2024,Jumps,1,0,1,1
363,Men,2024,Throws,1,0,1,1
363,Men,2024,Hurdles,1,0,1,1
5422,Men,2024,Sprints,2,2,0,1
3808,Men,2024,Sprints,2,2,0,2
3567,Men,2024,Sprints,5,5,0,3
3801,Men,2024,Sprints,10,7,3,3
4456,Men,2024,Sprints,3,3,0,2
3576,Men,2024,Sprints,8,6,2,3
4461,Men,2024,Sprints,4,2,2,2
3577,Men,2024,Sprints,7,5,2,4
128,Men,2024,Sprints,1,1,0,1
152,Men,2024,Sprints,2,2,0,2
4460,Men,2024,Sprints,3,2,1,2
3806,Men,2024,Sprints,1,1,0,1
4112,Men,2024,Sprints,5,3,2,2
5443,Men,2024,Sprints,3,2,1,1
5444,Men,2024,Sprints,4,2,2,1
5445,Men,2024,Sprints,2,1,1,1
5446,Men,2024,Sprints,4,2,2,1
5447,Men,2024,Sprints,3,2,1,1
5448,Men,2024,Sprints,2,2,0,1
5449,Men,2024,Sprints,2,1,1,1
4461,Men,2024,Distance,2,0,2,2
4461,Men,2024,Jumps,3,1,2,2
4461,Men,2024,Throws,2,0,2,2
4461,Men,2024,Hurdles,7,5,2,3
3801,Men,2024,Distance,3,0,3,2
3801,Men,2024,Jumps,3,0,3,2
3801,Men,2024,Throws,3,0,3,2
3801,Men,2024,Hurdles,3,0,3,2
4112,Men,2024,Distance,2,0,2,2
4112,Men,2024,Jumps,2,0,2,2
4112,Men,2024,Throws,2,0,2,2
4112,Men,2024,Hurdles,2,0,2,2
3415,Men,2024,Sprints,2,0,2,2
3415,Men,2024,Distance,4,2,2,2
3415,Men,2024,Jumps,2,0,2,2
3415,Men,2024,Throws,2,0,2,2
3415,Men,2024,Hurdles,2,0,2,2
5450,Men,2024,Sprints,2,2,0,1
5451,Men,2024,Sprints,3,2,1,1
1612,Men,2024,Sprints,3,3,0,3
1558,Men,2024,Sprints,2,1,1,2
5444,Men,2024,Distance,2,0,2,1
5444,Men,2024,Jumps,2,0,2,1
5444,Men,2024,Throws,2,0,2,1
5444,Men,2024,Hurdles,2,0,2,1
5443,Men,2024,Distance,1,0,1,1
5443,Men,2024,Jumps,1,0,1,1
5443,Men,2024,Throws,1,0,1,1
5443,Men,2024,Hurdles,1,0,1,1
5446,Men,2024,Distance,2,0,2,1
5446,Men,2024,Jumps,2,0,2,1
5446,Men,2024,Throws,2,0,2,1
5446,Men,2024,Hurdles,2,0,2,1
5471,Men,2024,Sprints,1,0,1,1
5471,Men,2024,Distance,1,0,1,1
5471,Men,2024,Jumps,1,0,1,1
5471,Men,2024,Throws,1,0,1,1
5471,Men,2024,Hurdles,1,0,1,1
2652,Men,2024,Sprints,2,0,2,1
2652,Men,2024,Distance,3,1,2,1
2652,Men,2024,Jumps,2,0,2,1
2652,Men,2024,Throws,2,0,2,1
2652,Men,2024,Hurdles,2,0,2,1
5461,Men,2024,Sprints,2,0,2,1
5461,Men,2024,Distance,4,2,2,1
5461,Men,2024,Jumps,2,0,2,1
5461,Men,2024,Throws,2,0,2,1
5461,Men,2024,Hurdles,2,0,2,1
5472,Men,2024,Sprints,2,0,2,1
5472,Men,2024,Distance,2,0,2,1
5472,Men,2024,Jumps,2,0,2,1
5472,Men,2024,Throws,2,0,2,1
5472,Men,2024,Hurdles,2,0,2,1
5462,Men,2024,Sprints,2,0,2,1
5462,Men,2024,Distance,4,2,2,1
5462,Men,2024,Jumps,2,0,2,1
5462,Men,2024,Throws,2,0,2,1
5462,Men,2024,Hurdles,2,0,2,1
5473,Men,2024,Sprints,2,0,2,1
5473,Men,2024,Distance,2,0,2,1
5473,Men,2024,Jumps,2,0,2,1
5473,Men,2024,Throws,2,0,2,1
5473,Men,2024,Hurdles,2,0,2,1
5474,Men,2024,Sprints,2,0,2,1
5474,Men,2024,Distance,2,0,2,1
5474,Men,2024,Jumps,2,0,2,1
5474,Men,2024,Throws,2,0,2,1
5474,Men,2024,Hurdles,2,0,2,1
5475,Men,2024,Sprints,2,0,2,1
5475,Men,2024,Distance,2,0,2,1
5475,Men,2024,Jumps,2,0,2,1
5475,Men,2024,Throws,2,0,2,1
5475,Men,2024,Hurdles,2,0,2,1
5458,Men,2024,Sprints,2,0,2,1
5458,Men,2024,Distance,4,2,2,1
5458,Men,2024,Jumps,2,0,2,1
5458,Men,2024,Throws,2,0,2,1
5458,Men,2024,Hurdles,2,0,2,1
5445,Men,2024,Distance,1,0,1,1
5445,Men,2024,Jumps,1,0,1,1
5445,Men,2024,Throws,1,0,1,1
5445,Men,2024,Hurdles,1,0,1,1
5449,Men,2024,Distance,2,1,1,1
5449,Men,2024,Jumps,1,0,1,1
5449,Men,2024,Throws,1,0,1,1
5449,Men,2024,Hurdles,1,0,1,1
2637,Men,2024,Sprints,1,0,1,1
2637,Men,2024,Distance,2,1,1,1
2637,Men,2024,Jumps,1,0,1,1
2637,Men,2024,Throws,1,0,1,1
2637,Men,2024,Hurdles,1,0,1,1
3453,Men,2024,Sprints,1,0,1,1
3453,Men,2024,Distance,2,1,1,1
3453,Men,2024,Jumps,1,0,1,1
3453,Men,2024,Throws,1,0,1,1
3453,Men,2024,Hurdles,1,0,1,1
3454,Men,2024,Sprints,1,0,1,1
3454,Men,2024,Distance,1,0,1,1
3454,Men,2024,Jumps,1,0,1,1
3454,Men,2024,Throws,1,0,1,1
3454,Men,2024,Hurdles,1,0,1,1
5464,Men,2024,Sprints,1,0,1,1
5464,Men,2024,Distance,2,1,1,1
5464,Men,2024,Jumps,1,0,1,1
5464,Men,2024,Throws,1,0,1,1
5464,Men,2024,Hurdles,1,0,1,1
1526,Men,2024,Sprints,2,0,2,2
1526,Men,2024,Distance,7,5,2,3
1526,Men,2024,Jumps,2,0,2,2
1526,Men,2024,Throws,2,0,2,2
1526,Men,2024,Hurdles,2,0,2,2
2620,Men,2024,Distance,3,2,1,3
2620,Men,2024,Jumps,1,0,1,1
2620,Men,2024,Throws,1,0,1,1
2620,Men,2024,Hurdles,1,0,1,1
1609,Men,2024,Distance,8,6,2,4
1609,Men,2024,Jumps,2,0,2,2
1609,Men,2024,Throws,2,0,2,2
1609,Men,2024,Hurdles,2,0,2,2
2544,Men,2024,Sprints,1,0,1,1
2544,Men,2024,Distance,4,3,1,2
2544,Men,2024,Jumps,1,0,1,1
2544,Men,2024,Throws,1,0,1,1
2544,Men,2024,Hurdles,1,0,1,1
5454,Men,2024,Sprints,1,0,1,1
5454,Men,2024,Distance,2,1,1,1
5454,Men,2024,Jumps,1,0,1,1
5454,Men,2024,Throws,1,0,1,1
5454,Men,2024,Hurdles,1,0,1,1
5466,Men,2024,Sprints,1,0,1,1
5466,Men,2024,Distance,2,1,1,1
5466,Men,2024,Jumps,1,0,1,1
5466,Men,2024,Throws,1,0,1,1
5466,Men,2024,Hurdles,1,0,1,1
5451,Men,2024,Distance,1,0,1,1
5451,Men,2024,Jumps,1,0,1,1
5451,Men,2024,Throws,1,0,1,1
5451,Men,2024,Hurdles,1,0,1,1
5447,Men,2024,Distance,1,0,1,1
5447,Men,2024,Jumps,1,0,1,1
5447,Men,2024,Throws,1,0,1,1
5447,Men,2024,Hurdles,1,0,1,1
3719,Men,2024,Sprints,15,10,5,6
3723,Men,2024,Sprints,12,8,4,4
3690,Men,2024,Distance,4,0,4,3
3690,Men,2024,Jumps,4,0,4,3
3690,Men,2024,Throws,4,0,4,3
3690,Men,2024,Hurdles,4,0,4,3
3719,Men,2024,Distance,5,0,5,4
3719,Men,2024,Jumps,5,0,5,4
3719,Men,2024,Throws,5,0,5,4
3719,Men,2024,Hurdles,5,0,5,4
3723,Men,2024,Distance,4,0,4,3
3723,Men,2024,Jumps,4,0,4,3
3723,Men,2024,Throws,4,0,4,3
3723,Men,2024,Hurdles,4,0,4,3
3733,Men,2024,Sprints,5,3,2,3
3733,Men,2024,Distance,2,0,2,2
3733,Men,2024,Jumps,2,0,2,2
3733,Men,2024,Throws,2,0,2,2
3733,Men,2024,Hurdles,7,5,2,4
3705,Men,2024,Distance,4,0,4,3
3705,Men,2024,Jumps,4,0,4,3
3705,Men,2024,Throws,4,0,4,3
3705,Men,2024,Hurdles,4,0,4,3
5489,Men,2024,Sprints,1,0,1,1
5489,Men,2024,Distance,2,1,1,1
5489,Men,2024,Jumps,1,0,1,1
5489,Men,2024,Throws,1,0,1,1
5489,Men,2024,Hurdles,1,0,1,1
1842,Men,2024,Sprints,2,0,2,2
1842,Men,2024,Distance,4,2,2,2
1842,Men,2024,Jumps,2,0,2,2
1842,Men,2024,Throws,2,0,2,2
1842,Men,2024,Hurdles,2,0,2,2
1839,Men,2024,Sprints,2,0,2,2
1839,Men,2024,Distance,4,2,2,2
1839,Men,2024,Jumps,2,0,2,2
1839,Men,2024,Throws,2,0,2,2
1839,Men,2024,Hurdles,3,1,2,3
3951,Men,2024,Sprints,4,4,0,2
2057,Men,2024,Sprints,1,1,0,1
4405,Men,2024,Sprints,9,5,4,4
4413,Men,2024,Sprints,9,5,4,4
4414,Men,2024,Sprints,5,4,1,3
4405,Men,2024,Distance,4,0,4,4
4405,Men,2024,Jumps,4,0,4,4
4405,Men,2024,Throws,4,0,4,4
4405,Men,2024,Hurdles,4,0,4,4
4430,Men,2024,Sprints,6,3,3,3
4430,Men,2024,Distance,3,0,3,2
4430,Men,2024,Jumps,3,0,3,2
4430,Men,2024,Throws,3,0,3,2
4430,Men,2024,Hurdles,3,0,3,2
4509,Men,2024,Sprints,9,7,2,4
4509,Men,2024,Distance,2,0,2,2
4509,Men,2024,Jumps,2,0,2,2
4509,Men,2024,Throws,2,0,2,2
4509,Men,2024,Hurdles,2,0,2,2
4413,Men,2024,Distance,4,0,4,4
4413,Men,2024,Jumps,4,0,4,4
4413,Men,2024,Throws,4,0,4,4
4413,Men,2024,Hurdles,4,0,4,4
3843,Men,2024,Sprints,10,8,2,3
5498,Men,2024,Sprints,2,1,1,1
3846,Men,2024,Sprints,4,2,2,2
3871,Men,2024,Sprints,5,4,1,2
3838,Men,2024,Sprints,6,4,2,2
2883,Men,2024,Sprints,5,3,2,2
2858,Men,2024,Sprints,2,2,0,2
3841,Men,2024,Sprints,3,2,1,2
5499,Men,2024,Sprints,1,1,0,1
3843,Men,2024,Distance,2,0,2,2
3843,Men,2024,Jumps,2,0,2,2
3843,Men,2024,Throws,2,0,2,2
3843,Men,2024,Hurdles,2,0,2,2
3846,Men,2024,Distance,2,0,2,2
3846,Men,2024,Jumps,2,0,2,2
3846,Men,2024,Throws,2,0,2,2
3846,Men,2024,Hurdles,4,2,2,2
3871,Men,2024,Distance,1,0,1,1
3871,Men,2024,Jumps,1,0,1,1
3871,Men,2024,Throws,1,0,1,1
3871,Men,2024,Hurdles,1,0,1,1
3836,Men,2024,Sprints,6,4,2,2
3836,Men,2024,Distance,2,0,2,2
3836,Men,2024,Jumps,3,1,2,2
3836,Men,2024,Throws,2,0,2,2
3836,Men,2024,Hurdles,2,0,2,2
5498,Men,2024,Distance,1,0,1,1
5498,Men,2024,Jumps,2,1,1,1
5498,Men,2024,Throws,1,0,1,1
5498,Men,2024,Hurdles,1,0,1,1
3827,Men,2024,Sprints,2,0,2,2
3827,Men,2024,Distance,2,0,2,2
3827,Men,2024,Jumps,2,0,2,2
3827,Men,2024,Throws,4,2,2,2
3827,Men,2024,Hurdles,2,0,2,2
2867,Men,2024,Sprints,3,1,2,2
2867,Men,2024,Distance,5,3,2,2
2867,Men,2024,Jumps,2,0,2,2
2867,Men,2024,Throws,2,0,2,2
2867,Men,2024,Hurdles,2,0,2,2
3830,Men,2024,Sprints,3,2,1,2
3830,Men,2024,Distance,1,0,1,1
3830,Men,2024,Jumps,1,0,1,1
3830,Men,2024,Throws,1,0,1,1
3830,Men,2024,Hurdles,1,0,1,1
344,Men,2024,Sprints,7,3,4,2
4010,Men,2024,Sprints,4,2,2,2
344,Men,2024,Distance,6,2,4,2
344,Men,2024,Jumps,4,0,4,2
344,Men,2024,Throws,4,0,4,2
344,Men,2024,Hurdles,4,0,4,2
327,Men,2024,Sprints,5,2,3,2
327,Men,2024,Distance,6,3,3,2
327,Men,2024,Jumps,3,0,3,2
327,Men,2024,Throws,3,0,3,2
327,Men,2024,Hurdles,4,1,3,2
338,Men,2024,Sprints,2,0,2,2
338,Men,2024,Distance,3,1,2,2
338,Men,2024,Jumps,2,0,2,2
338,Men,2024,Throws,2,0,2,2
338,Men,2024,Hurdles,2,0,2,2
346,Men,2024,Sprints,2,0,2,1
346,Men,2024,Distance,3,1,2,1
346,Men,2024,Jumps,2,0,2,1
346,Men,2024,Throws,2,0,2,1
346,Men,2024,Hurdles,2,0,2,1
324,Men,2024,Sprints,3,0,3,2
324,Men,2024,Distance,7,4,3,2
324,Men,2024,Jumps,3,0,3,2
324,Men,2024,Throws,3,0,3,2
324,Men,2024,Hurdles,3,0,3,2
315,Men,2024,Sprints,1,0,1,1
315,Men,2024,Distance,2,1,1,1
315,Men,2024,Jumps,1,0,1,1
315,Men,2024,Throws,1,0,1,1
315,Men,2024,Hurdles,1,0,1,1
4010,Men,2024,Distance,6,4,2,2
4010,Men,2024,Jumps,2,0,2,2
4010,Men,2024,Throws,2,0,2,2
4010,Men,2024,Hurdles,2,0,2,2
4839,Men,2024,Sprints,2,0,2,2
4839,Men,2024,Distance,3,1,2,2
4839,Men,2024,Jumps,2,0,2,2
4839,Men,2024,Throws,2,0,2,2
4839,Men,2024,Hurdles,2,0,2,2
345,Men,2024,Sprints,1,0,1,1
345,Men,2024,Distance,3,2,1,1
345,Men,2024,Jumps,1,0,1,1
345,Men,2024,Throws,1,0,1,1
345,Men,2024,Hurdles,1,0,1,1
3393,Men,2024,Sprints,1,1,0,1
3578,Men,2024,Sprints,10,8,2,3
3809,Men,2024,Sprints,6,4,2,2
4727,Men,2024,Sprints,2,2,0,1
4206,Men,2024,Sprints,3,2,1,1
3513,Men,2024,Sprints,6,4,2,2
4462,Men,2024,Sprints,2,1,1,1
2289,Men,2024,Sprints,5,4,1,2
5543,Men,2024,Sprints,3,2,1,1
4375,Men,2024,Sprints,6,4,2,2
5544,Men,2024,Sprints,3,2,1,1
3680,Men,2024,Sprints,5,3,2,2
4426,Men,2024,Sprints,1,1,0,1
3570,Men,2024,Sprints,4,4,0,2
4404,Men,2024,Sprints,3,1,2,3
4626,Men,2024,Sprints,5,4,1,2
4346,Men,2024,Sprints,2,2,0,1
5547,Men,2024,Sprints,2,2,0,1
5548,Men,2024,Sprints,3,2,1,1
4384,Men,2024,Sprints,9,8,1,4
5550,Men,2024,Sprints,10,7,3,4
4204,Men,2024,Sprints,2,1,1,1
3682,Men,2024,Sprints,7,3,4,2
3854,Men,2024,Sprints,3,2,1,1
5551,Men,2024,Sprints,3,2,1,2
5552,Men,2024,Sprints,3,2,1,1
5225,Men,2024,Sprints,1,1,0,1
5553,Men,2024,Sprints,3,2,1,1
4424,Men,2024,Sprints,6,6,0,3
4415,Men,2024,Sprints,7,6,1,3
4463,Men,2024,Sprints,4,2,2,1
2466,Men,2024,Sprints,3,2,1,1
3685,Men,2024,Sprints,3,2,1,1
5554,Men,2024,Sprints,1,1,0,1
4691,Men,2024,Sprints,2,2,0,1
3514,Men,2024,Sprints,2,1,1,1
5555,Men,2024,Sprints,2,2,0,1
1890,Men,2024,Sprints,1,1,0,1
4373,Men,2024,Sprints,3,3,0,3
4421,Men,2024,Sprints,3,2,1,2
4045,Men,2024,Sprints,8,5,3,3
4427,Men,2024,Sprints,1,1,0,1
5556,Men,2024,Sprints,4,3,1,2
4736,Men,2024,Sprints,4,4,0,2
3569,Men,2024,Sprints,3,3,0,1
3713,Men,2024,Sprints,2,1,1,1
3084,Men,2024,Sprints,4,2,2,1
4333,Men,2024,Sprints,5,3,2,2
4361,Men,2024,Sprints,3,3,0,2
3518,Men,2024,Sprints,4,2,2,2
4419,Men,2024,Sprints,4,2,2,3
3509,Men,2024,Sprints,4,3,1,2
3512,Men,2024,Sprints,2,2,0,2
5558,Men,2024,Sprints,4,3,1,2
4383,Men,2024,Sprints,1,1,0,1
4423,Men,2024,Sprints,4,4,0,3
5559,Men,2024,Sprints,2,1,1,1
789,Men,2024,Sprints,1,1,0,1
4457,Men,2024,Sprints,1,1,0,1
4929,Men,2024,Sprints,1,1,0,1
3572,Men,2024,Sprints,2,1,1,1
5560,Men,2024,Sprints,2,2,0,1
4387,Men,2024,Sprints,7,7,0,4
4337,Men,2024,Sprints,6,3,3,2
4408,Men,2024,Sprints,1,1,0,1
3674,Men,2024,Sprints,4,1,3,2
5037,Men,2024,Sprints,4,4,0,2
5561,Men,2024,Sprints,2,2,0,2
3681,Men,2024,Sprints,3,3,0,2
3877,Men,2024,Sprints,2,2,0,1
5563,Men,2024,Sprints,2,2,0,1
5564,Men,2024,Sprints,1,1,0,1
2759,Men,2024,Sprints,4,1,3,3
5565,Men,2024,Sprints,2,2,0,1
5566,Men,2024,Sprints,5,3,2,2
5567,Men,2024,Sprints,2,1,1,1
3508,Men,2024,Sprints,4,1,3,2
772,Men,2024,Sprints,1,1,0,1
4579,Men,2024,Sprints,2,1,1,2
3677,Men,2024,Sprints,3,1,2,2
3170,Men,2024,Sprints,4,2,2,2
400,Men,2024,Sprints,1,1,0,1
2916,Men,2024,Sprints,2,2,0,2
3700,Men,2024,Sprints,1,1,0,1
4396,Men,2024,Sprints,2,1,1,1
3772,Men,2024,Sprints,3,3,0,2
5568,Men,2024,Sprints,1,1,0,1
401,Men,2024,Sprints,1,1,0,1
5569,Men,2024,Sprints,2,1,1,1
2373,Men,2024,Sprints,3,1,2,1
761,Men,2024,Sprints,2,2,0,2
3548,Men,2024,Sprints,2,1,1,1
2375,Men,2024,Sprints,2,1,1,1
371,Men,2024,Sprints,1,1,0,1
747,Men,2024,Sprints,1,1,0,1
2371,Men,2024,Sprints,2,1,1,1
4411,Men,2024,Sprints,1,1,0,1
3809,Men,2024,Distance,2,0,2,1
3809,Men,2024,Jumps,2,0,2,1
3809,Men,2024,Throws,2,0,2,1
3809,Men,2024,Hurdles,2,0,2,1
4111,Men,2024,Sprints,3,1,2,2
4111,Men,2024,Distance,2,0,2,1
4111,Men,2024,Jumps,2,0,2,1
4111,Men,2024,Throws,2,0,2,1
4111,Men,2024,Hurdles,2,0,2,1
4462,Men,2024,Distance,1,0,1,1
4462,Men,2024,Jumps,3,2,1,1
4462,Men,2024,Throws,1,0,1,1
4462,Men,2024,Hurdles,1,0,1,1
3578,Men,2024,Distance,2,0,2,1
3578,Men,2024,Jumps,4,2,2,1
3578,Men,2024,Throws,2,0,2,1
3578,Men,2024,Hurdles,2,0,2,1
3508,Men,2024,Distance,3,0,3,2
3508,Men,2024,Jumps,3,0,3,2
3508,Men,2024,Throws,3,0,3,2
3508,Men,2024,Hurdles,3,0,3,2
3513,Men,2024,Distance,2,0,2,2
3513,Men,2024,Jumps,2,0,2,2
3513,Men,2024,Throws,2,0,2,2
3513,Men,2024,Hurdles,2,0,2,2
3518,Men,2024,Distance,2,0,2,2
3518,Men,2024,Jumps,3,1,2,2
3518,Men,2024,Throws,2,0,2,2
3518,Men,2024,Hurdles,2,0,2,2
5553,Men,2024,Distance,1,0,1,1
5553,Men,2024,Jumps,1,0,1,1
5553,Men,2024,Throws,1,0,1,1
5553,Men,2024,Hurdles,1,0,1,1
4393,Men,2024,Distance,2,0,2,1
4393,Men,2024,Jumps,2,0,2,1
4393,Men,2024,Throws,2,0,2,1
4393,Men,2024,Hurdles,2,0,2,1
3946,Men,2024,Distance,3,1,2,2
3946,Men,2024,Jumps,2,0,2,1
3946,Men,2024,Throws,2,0,2,1
3946,Men,2024,Hurdles,3,1,2,2
3942,Men,2024,Distance,2,0,2,1
3942,Men,2024,Jumps,2,0,2,1
3942,Men,2024,Throws,2,0,2,1
3942,Men,2024,Hurdles,2,0,2,1
3944,Men,2024,Distance,1,0,1,1
3944,Men,2024,Jumps,1,0,1,1
3944,Men,2024,Throws,1,0,1,1
3944,Men,2024,Hurdles,1,0,1,1
3950,Men,2024,Sprints,3,1,2,2
3950,Men,2024,Distance,2,0,2,1
3950,Men,2024,Jumps,7,5,2,4
3950,Men,2024,Throws,2,0,2,1
3950,Men,2024,Hurdles,7,5,2,3
5250,Men,2024,Distance,2,0,2,1
5250,Men,2024,Jumps,11,9,2,5
5250,Men,2024,Throws,2,0,2,1
5250,Men,2024,Hurdles,2,0,2,1
5246,Men,2024,Distance,1,0,1,1
5246,Men,2024,Jumps,9,8,1,5
5246,Men,2024,Throws,1,0,1,1
5246,Men,2024,Hurdles,1,0,1,1
5550,Men,2024,Distance,3,0,3,3
5550,Men,2024,Jumps,3,0,3,3
5550,Men,2024,Throws,3,0,3,3
5550,Men,2024,Hurdles,4,1,3,3
2182,Men,2024,Distance,6,0,6,3
2182,Men,2024,Jumps,6,0,6,3
2182,Men,2024,Throws,6,0,6,3
2182,Men,2024,Hurdles,7,1,6,3
4375,Men,2024,Distance,2,0,2,2
4375,Men,2024,Jumps,2,0,2,2
4375,Men,2024,Throws,2,0,2,2
4375,Men,2024,Hurdles,2,0,2,2
3576,Men,2024,Distance,2,0,2,1
3576,Men,2024,Jumps,2,0,2,1
3576,Men,2024,Throws,2,0,2,1
3576,Men,2024,Hurdles,2,0,2,1
3572,Men,2024,Distance,1,0,1,1
3572,Men,2024,Jumps,1,0,1,1
3572,Men,2024,Throws,1,0,1,1
3572,Men,2024,Hurdles,1,0,1,1
3574,Men,2024,Distance,3,1,2,2
3574,Men,2024,Jumps,2,0,2,1
3574,Men,2024,Throws,2,0,2,1
3574,Men,2024,Hurdles,2,0,2,1
4463,Men,2024,Distance,2,0,2,1
4463,Men,2024,Jumps,2,0,2,1
4463,Men,2024,Throws,2,0,2,1
4463,Men,2024,Hurdles,2,0,2,1
3577,Men,2024,Distance,2,0,2,1
3577,Men,2024,Jumps,3,1,2,2
3577,Men,2024,Throws,2,0,2,1
3577,Men,2024,Hurdles,2,0,2,1
5543,Men,2024,Distance,1,0,1,1
5543,Men,2024,Jumps,1,0,1,1
5543,Men,2024,Throws,1,0,1,1
5543,Men,2024,Hurdles,1,0,1,1
5559,Men,2024,Distance,1,0,1,1
5559,Men,2024,Jumps,2,1,1,1
5559,Men,2024,Throws,1,0,1,1
5559,Men,2024,Hurdles,1,0,1,1
3514,Men,2024,Distance,1,0,1,1
3514,Men,2024,Jumps,1,0,1,1
3514,Men,2024,Throws,1,0,1,1
3514,Men,2024,Hurdles,3,2,1,2
5551,Men,2024,Distance,1,0,1,1
5551,Men,2024,Jumps,1,0,1,1
5551,Men,2024,Throws,1,0,1,1
5551,Men,2024,Hurdles,1,0,1,1
5552,Men,2024,Distance,1,0,1,1
5552,Men,2024,Jumps,1,0,1,1
5552,Men,2024,Throws,1,0,1,1
5552,Men,2024,Hurdles,1,0,1,1
5232,Men,2024,Distance,2,0,2,1
5232,Men,2024,Jumps,2,0,2,1
5232,Men,2024,Throws,2,0,2,1
5232,Men,2024,Hurdles,2,0,2,1
3685,Men,2024,Distance,1,0,1,1
3685,Men,2024,Jumps,1,0,1,1
3685,Men,2024,Throws,1,0,1,1
3685,Men,2024,Hurdles,1,0,1,1
3709,Men,2024,Distance,4,1,3,3
3709,Men,2024,Jumps,3,0,3,3
3709,Men,2024,Throws,3,0,3,3
3709,Men,2024,Hurdles,8,5,3,5
4380,Men,2024,Distance,1,0,1,1
4380,Men,2024,Jumps,1,0,1,1
4380,Men,2024,Throws,1,0,1,1
4380,Men,2024,Hurdles,1,0,1,1
4395,Men,2024,Sprints,1,0,1,1
4395,Men,2024,Distance,1,0,1,1
4395,Men,2024,Jumps,1,0,1,1
4395,Men,2024,Throws,1,0,1,1
4395,Men,2024,Hurdles,1,0,1,1
3713,Men,2024,Distance,7,6,1,4
3713,Men,2024,Jumps,1,0,1,1
3713,Men,2024,Throws,1,0,1,1
3713,Men,2024,Hurdles,1,0,1,1
4396,Men,2024,Distance,1,0,1,1
4396,Men,2024,Jumps,1,0,1,1
4396,Men,2024,Throws,1,0,1,1
4396,Men,2024,Hurdles,1,0,1,1
3732,Men,2024,Sprints,1,0,1,1
3732,Men,2024,Distance,3,2,1,1
3732,Men,2024,Jumps,1,0,1,1
3732,Men,2024,Throws,1,0,1,1
3732,Men,2024,Hurdles,1,0,1,1
563,Men,2024,Sprints,2,0,2,1
563,Men,2024,Distance,2,0,2,1
563,Men,2024,Jumps,3,1,2,2
563,Men,2024,Throws,2,0,2,1
563,Men,2024,Hurdles,2,0,2,1
527,Men,2024,Sprints,2,0,2,1
527,Men,2024,Distance,2,0,2,1
527,Men,2024,Jumps,2,0,2,1
527,Men,2024,Throws,2,0,2,1
527,Men,2024,Hurdles,2,0,2,1
528,Men,2024,Distance,3,1,2,2
528,Men,2024,Jumps,2,0,2,1
528,Men,2024,Throws,2,0,2,1
528,Men,2024,Hurdles,2,0,2,1
554,Men,2024,Distance,2,0,2,1
554,Men,2024,Jumps,2,0,2,1
554,Men,2024,Throws,2,0,2,1
554,Men,2024,Hurdles,2,0,2,1
4123,Men,2024,Sprints,2,0,2,1
4123,Men,2024,Distance,5,3,2,2
4123,Men,2024,Jumps,2,0,2,1
4123,Men,2024,Throws,2,0,2,1
4123,Men,2024,Hurdles,2,0,2,1
721,Men,2024,Sprints,4,0,4,2
721,Men,2024,Distance,8,4,4,3
721,Men,2024,Jumps,4,0,4,2
721,Men,2024,Throws,4,0,4,2
721,Men,2024,Hurdles,4,0,4,2
2727,Men,2024,Sprints,3,0,3,2
2727,Men,2024,Distance,8,5,3,4
2727,Men,2024,Jumps,3,0,3,2
2727,Men,2024,Throws,3,0,3,2
2727,Men,2024,Hurdles,3,0,3,2
4419,Men,2024,Distance,2,0,2,2
4419,Men,2024,Jumps,5,3,2,3
4419,Men,2024,Throws,3,1,2,2
4419,Men,2024,Hurdles,3,1,2,2
2487,Men,2024,Distance,1,0,1,1
2487,Men,2024,Jumps,1,0,1,1
2487,Men,2024,Throws,1,0,1,1
2487,Men,2024,Hurdles,1,0,1,1
2466,Men,2024,Distance,2,1,1,2
2466,Men,2024,Jumps,2,1,1,2
2466,Men,2024,Throws,1,0,1,1
2466,Men,2024,Hurdles,1,0,1,1
3680,Men,2024,Distance,2,0,2,2
3680,Men,2024,Jumps,2,0,2,2
3680,Men,2024,Throws,2,0,2,2
3680,Men,2024,Hurdles,2,0,2,2
4337,Men,2024,Distance,3,0,3,2
4337,Men,2024,Jumps,3,0,3,2
4337,Men,2024,Throws,3,0,3,2
4337,Men,2024,Hurdles,3,0,3,2
948,Men,2024,Sprints,1,0,1,1
948,Men,2024,Distance,6,5,1,2
948,Men,2024,Jumps,1,0,1,1
948,Men,2024,Throws,1,0,1,1
948,Men,2024,Hurdles,1,0,1,1
913,Men,2024,Sprints,2,0,2,1
913,Men,2024,Distance,5,3,2,2
913,Men,2024,Jumps,2,0,2,1
913,Men,2024,Throws,2,0,2,1
913,Men,2024,Hurdles,2,0,2,1
2359,Men,2024,Sprints,2,0,2,1
2359,Men,2024,Distance,4,2,2,1
2359,Men,2024,Jumps,2,0,2,1
2359,Men,2024,Throws,2,0,2,1
2359,Men,2024,Hurdles,2,0,2,1
2348,Men,2024,Sprints,2,0,2,1
2348,Men,2024,Distance,6,4,2,2
2348,Men,2024,Jumps,2,0,2,1
2348,Men,2024,Throws,2,0,2,1
2348,Men,2024,Hurdles,2,0,2,1
3231,Men,2024,Sprints,1,0,1,1
3231,Men,2024,Distance,4,3,1,3
3231,Men,2024,Jumps,3,2,1,3
3231,Men,2024,Throws,1,0,1,1
3231,Men,2024,Hurdles,1,0,1,1
3993,Men,2024,Distance,3,1,2,1
3993,Men,2024,Jumps,3,1,2,2
3993,Men,2024,Throws,3,1,2,2
3993,Men,2024,Hurdles,4,2,2,2
4000,Men,2024,Sprints,1,0,1,1
4000,Men,2024,Distance,1,0,1,1
4000,Men,2024,Jumps,1,0,1,1
4000,Men,2024,Throws,1,0,1,1
4000,Men,2024,Hurdles,1,0,1,1
130,Men,2024,Sprints,1,0,1,1
130,Men,2024,Distance,7,6,1,4
130,Men,2024,Jumps,1,0,1,1
130,Men,2024,Throws,1,0,1,1
130,Men,2024,Hurdles,2,1,1,2
4414,Men,2024,Distance,2,1,1,2
4414,Men,2024,Jumps,1,0,1,1
4414,Men,2024,Throws,1,0,1,1
4414,Men,2024,Hurdles,1,0,1,1
5566,Men,2024,Distance,2,0,2,2
5566,Men,2024,Jumps,2,0,2,2
5566,Men,2024,Throws,2,0,2,2
5566,Men,2024,Hurdles,2,0,2,2
3841,Men,2024,Distance,1,0,1,1
3841,Men,2024,Jumps,1,0,1,1
3841,Men,2024,Throws,1,0,1,1
3841,Men,2024,Hurdles,1,0,1,1
5540,Men,2024,Sprints,1,0,1,1
5540,Men,2024,Distance,1,0,1,1
5540,Men,2024,Jumps,1,0,1,1
5540,Men,2024,Throws,1,0,1,1
5540,Men,2024,Hurdles,1,0,1,1
1896,Men,2024,Sprints,1,0,1,1
1896,Men,2024,Distance,3,2,1,1
1896,Men,2024,Jumps,1,0,1,1
1896,Men,2024,Throws,1,0,1,1
1896,Men,2024,Hurdles,1,0,1,1
1870,Men,2024,Sprints,1,0,1,1
1870,Men,2024,Distance,3,2,1,1
1870,Men,2024,Jumps,1,0,1,1
1870,Men,2024,Throws,1,0,1,1
1870,Men,2024,Hurdles,1,0,1,1
1833,Men,2024,Sprints,1,0,1,1
1833,Men,2024,Distance,2,1,1,1
1833,Men,2024,Jumps,1,0,1,1
1833,Men,2024,Throws,1,0,1,1
1833,Men,2024,Hurdles,1,0,1,1
18865,Men,2024,Sprints,1,0,1,1
18865,Men,2024,Distance,1,0,1,1
18865,Men,2024,Jumps,1,0,1,1
18865,Men,2024,Throws,1,0,1,1
18865,Men,2024,Hurdles,1,0,1,1
4358,Men,2024,Distance,3,0,3,3
4358,Men,2024,Jumps,3,0,3,3
4358,Men,2024,Throws,3,0,3,3
4358,Men,2024,Hurdles,4,1,3,3
2168,Men,2024,Sprints,3,1,2,2
2168,Men,2024,Distance,8,6,2,6
2168,Men,2024,Jumps,2,0,2,2
2168,Men,2024,Throws,2,0,2,2
2168,Men,2024,Hurdles,2,0,2,2
4368,Men,2024,Sprints,2,0,2,2
4368,Men,2024,Distance,9,7,2,5
4368,Men,2024,Jumps,2,0,2,2
4368,Men,2024,Throws,2,0,2,2
4368,Men,2024,Hurdles,2,0,2,2
5567,Men,2024,Distance,1,0,1,1
5567,Men,2024,Jumps,1,0,1,1
5567,Men,2024,Throws,1,0,1,1
5567,Men,2024,Hurdles,1,0,1,1
4204,Men,2024,Distance,1,0,1,1
4204,Men,2024,Jumps,2,1,1,1
4204,Men,2024,Throws,1,0,1,1
4204,Men,2024,Hurdles,1,0,1,1
5601,Men,2024,Sprints,1,0,1,1
5601,Men,2024,Distance,1,0,1,1
5601,Men,2024,Jumps,1,0,1,1
5601,Men,2024,Throws,1,0,1,1
5601,Men,2024,Hurdles,1,0,1,1
3267,Men,2024,Sprints,1,0,1,1
3267,Men,2024,Distance,2,1,1,1
3267,Men,2024,Jumps,1,0,1,1
3267,Men,2024,Throws,1,0,1,1
3267,Men,2024,Hurdles,1,0,1,1
4206,Men,2024,Distance,1,0,1,1
4206,Men,2024,Jumps,1,0,1,1
4206,Men,2024,Throws,1,0,1,1
4206,Men,2024,Hurdles,1,0,1,1
3838,Men,2024,Distance,2,0,2,2
3838,Men,2024,Jumps,2,0,2,2
3838,Men,2024,Throws,2,0,2,2
3838,Men,2024,Hurdles,2,0,2,2
5602,Men,2024,Sprints,1,0,1,1
5602,Men,2024,Distance,1,0,1,1
5602,Men,2024,Jumps,2,1,1,1
5602,Men,2024,Throws,1,0,1,1
5602,Men,2024,Hurdles,1,0,1,1
5501,Men,2024,Sprints,2,0,2,2
5501,Men,2024,Distance,2,0,2,2
5501,Men,2024,Jumps,2,0,2,2
5501,Men,2024,Throws,2,0,2,2
5501,Men,2024,Hurdles,2,0,2,2
2860,Men,2024,Sprints,1,0,1,1
2860,Men,2024,Distance,4,3,1,3
2860,Men,2024,Jumps,1,0,1,1
2860,Men,2024,Throws,1,0,1,1
2860,Men,2024,Hurdles,1,0,1,1
3949,Men,2024,Distance,2,0,2,2
3949,Men,2024,Jumps,2,0,2,2
3949,Men,2024,Throws,2,0,2,2
3949,Men,2024,Hurdles,2,0,2,2
4451,Men,2024,Distance,1,0,1,1
4451,Men,2024,Jumps,1,0,1,1
4451,Men,2024,Throws,1,0,1,1
4451,Men,2024,Hurdles,1,0,1,1
4737,Men,2024,Sprints,1,0,1,1
4737,Men,2024,Distance,3,2,1,2
4737,Men,2024,Jumps,1,0,1,1
4737,Men,2024,Throws,1,0,1,1
4737,Men,2024,Hurdles,1,0,1,1
4735,Men,2024,Distance,1,0,1,1
4735,Men,2024,Jumps,1,0,1,1
4735,Men,2024,Throws,1,0,1,1
4735,Men,2024,Hurdles,1,0,1,1
4733,Men,2024,Sprints,1,0,1,1
4733,Men,2024,Distance,3,2,1,2
4733,Men,2024,Jumps,1,0,1,1
4733,Men,2024,Throws,1,0,1,1
4733,Men,2024,Hurdles,1,0,1,1
3170,Men,2024,Distance,3,1,2,2
3170,Men,2024,Jumps,2,0,2,2
3170,Men,2024,Throws,2,0,2,2
3170,Men,2024,Hurdles,2,0,2,2
2899,Men,2024,Sprints,1,0,1,1
2899,Men,2024,Distance,3,2,1,2
2899,Men,2024,Jumps,1,0,1,1
2899,Men,2024,Throws,1,0,1,1
2899,Men,2024,Hurdles,1,0,1,1
3682,Men,2024,Distance,4,0,4,2
3682,Men,2024,Jumps,4,0,4,2
3682,Men,2024,Throws,4,0,4,2
3682,Men,2024,Hurdles,4,0,4,2
3677,Men,2024,Distance,3,1,2,2
3677,Men,2024,Jumps,2,0,2,2
3677,Men,2024,Throws,2,0,2,2
3677,Men,2024,Hurdles,2,0,2,2
467,Men,2024,Sprints,3,0,3,3
467,Men,2024,Distance,6,3,3,4
467,Men,2024,Jumps,3,0,3,3
467,Men,2024,Throws,3,0,3,3
467,Men,2024,Hurdles,3,0,3,3
5289,Men,2024,Sprints,2,0,2,2
5289,Men,2024,Distance,5,3,2,3
5289,Men,2024,Jumps,2,0,2,2
5289,Men,2024,Throws,2,0,2,2
5289,Men,2024,Hurdles,2,0,2,2
3987,Men,2024,Distance,2,0,2,2
3987,Men,2024,Jumps,2,0,2,2
3987,Men,2024,Throws,2,0,2,2
3987,Men,2024,Hurdles,2,0,2,2
471,Men,2024,Sprints,1,0,1,1
471,Men,2024,Distance,5,4,1,2
471,Men,2024,Jumps,1,0,1,1
471,Men,2024,Throws,1,0,1,1
471,Men,2024,Hurdles,1,0,1,1
3522,Men,2024,Distance,3,1,2,2
3522,Men,2024,Jumps,2,0,2,2
3522,Men,2024,Throws,2,0,2,2
3522,Men,2024,Hurdles,2,0,2,2
7,Men,2024,Sprints,1,0,1,1
7,Men,2024,Distance,5,4,1,3
7,Men,2024,Jumps,1,0,1,1
7,Men,2024,Throws,1,0,1,1
7,Men,2024,Hurdles,1,0,1,1
3804,Men,2024,Sprints,1,0,1,1
3804,Men,2024,Distance,3,2,1,2
3804,Men,2024,Jumps,1,0,1,1
3804,Men,2024,Throws,1,0,1,1
3804,Men,2024,Hurdles,1,0,1,1
4851,Men,2024,Sprints,1,0,1,1
4851,Men,2024,Distance,2,1,1,1
4851,Men,2024,Jumps,1,0,1,1
4851,Men,2024,Throws,1,0,1,1
4851,Men,2024,Hurdles,1,0,1,1
5603,Men,2024,Sprints,1,0,1,1
5603,Men,2024,Distance,1,0,1,1
5603,Men,2024,Jumps,1,0,1,1
5603,Men,2024,Throws,1,0,1,1
5603,Men,2024,Hurdles,1,0,1,1
3688,Men,2024,Sprints,3,1,2,2
3688,Men,2024,Distance,3,1,2,3
3688,Men,2024,Jumps,2,0,2,2
3688,Men,2024,Throws,2,0,2,2
3688,Men,2024,Hurdles,2,0,2,2
5573,Men,2024,Sprints,1,0,1,1
5573,Men,2024,Distance,4,3,1,2
5573,Men,2024,Jumps,1,0,1,1
5573,Men,2024,Throws,1,0,1,1
5573,Men,2024,Hurdles,1,0,1,1
5571,Men,2024,Sprints,1,0,1,1
5571,Men,2024,Distance,2,1,1,1
5571,Men,2024,Jumps,1,0,1,1
5571,Men,2024,Throws,1,0,1,1
5571,Men,2024,Hurdles,1,0,1,1
5570,Men,2024,Sprints,1,0,1,1
5570,Men,2024,Distance,3,2,1,1
5570,Men,2024,Jumps,1,0,1,1
5570,Men,2024,Throws,1,0,1,1
5570,Men,2024,Hurdles,1,0,1,1
4573,Men,2024,Sprints,1,0,1,1
4573,Men,2024,Distance,2,1,1,1
4573,Men,2024,Jumps,1,0,1,1
4573,Men,2024,Throws,1,0,1,1
4573,Men,2024,Hurdles,1,0,1,1
1525,Men,2024,Sprints,1,0,1,1
1525,Men,2024,Distance,4,3,1,2
1525,Men,2024,Jumps,1,0,1,1
1525,Men,2024,Throws,1,0,1,1
1525,Men,2024,Hurdles,1,0,1,1
5544,Men,2024,Distance,1,0,1,1
5544,Men,2024,Jumps,1,0,1,1
5544,Men,2024,Throws,1,0,1,1
5544,Men,2024,Hurdles,1,0,1,1
5582,Men,2024,Sprints,1,0,1,1
5582,Men,2024,Distance,3,2,1,1
5582,Men,2024,Jumps,1,0,1,1
5582,Men,2024,Throws,1,0,1,1
5582,Men,2024,Hurdles,1,0,1,1
5569,Men,2024,Distance,2,1,1,1
5569,Men,2024,Jumps,1,0,1,1
5569,Men,2024,Throws,1,0,1,1
5569,Men,2024,Hurdles,1,0,1,1
5548,Men,2024,Distance,1,0,1,1
5548,Men,2024,Jumps,1,0,1,1
5548,Men,2024,Throws,1,0,1,1
5548,Men,2024,Hurdles,1,0,1,1
700,Men,2024,Sprints,3,0,3,2
700,Men,2024,Distance,9,6,3,3
700,Men,2024,Jumps,3,0,3,2
700,Men,2024,Throws,3,0,3,2
700,Men,2024,Hurdles,3,0,3,2
5296,Men,2024,Distance,3,2,1,2
5296,Men,2024,Jumps,1,0,1,1
5296,Men,2024,Throws,1,0,1,1
5296,Men,2024,Hurdles,1,0,1,1
3136,Men,2024,Sprints,1,0,1,1
3136,Men,2024,Distance,3,2,1,2
3136,Men,2024,Jumps,1,0,1,1
3136,Men,2024,Throws,1,0,1,1
3136,Men,2024,Hurdles,1,0,1,1
2289,Men,2024,Distance,1,0,1,1
2289,Men,2024,Jumps,3,2,1,2
2289,Men,2024,Throws,3,2,1,2
2289,Men,2024,Hurdles,1,0,1,1
1655,Men,2024,Sprints,1,0,1,1
1655,Men,2024,Distance,6,5,1,4
1655,Men,2024,Jumps,1,0,1,1
1655,Men,2024,Throws,1,0,1,1
1655,Men,2024,Hurdles,1,0,1,1
4045,Men,2024,Distance,5,2,3,3
4045,Men,2024,Jumps,3,0,3,3
4045,Men,2024,Throws,3,0,3,3
4045,Men,2024,Hurdles,3,0,3,3
4626,Men,2024,Distance,2,1,1,2
4626,Men,2024,Jumps,1,0,1,1
4626,Men,2024,Throws,1,0,1,1
4626,Men,2024,Hurdles,1,0,1,1
1895,Men,2024,Sprints,1,0,1,1
1895,Men,2024,Distance,2,1,1,1
1895,Men,2024,Jumps,1,0,1,1
1895,Men,2024,Throws,1,0,1,1
1895,Men,2024,Hurdles,1,0,1,1
3592,Men,2024,Sprints,1,0,1,1
3592,Men,2024,Distance,2,1,1,1
3592,Men,2024,Jumps,1,0,1,1
3592,Men,2024,Throws,1,0,1,1
3592,Men,2024,Hurdles,1,0,1,1
3596,Men,2024,Sprints,1,0,1,1
3596,Men,2024,Distance,3,2,1,1
3596,Men,2024,Jumps,1,0,1,1
3596,Men,2024,Throws,1,0,1,1
3596,Men,2024,Hurdles,1,0,1,1
4726,Men,2024,Sprints,1,0,1,1
4726,Men,2024,Distance,5,4,1,2
4726,Men,2024,Jumps,1,0,1,1
4726,Men,2024,Throws,1,0,1,1
4726,Men,2024,Hurdles,1,0,1,1
4728,Men,2024,Distance,4,3,1,3
4728,Men,2024,Jumps,1,0,1,1
4728,Men,2024,Throws,1,0,1,1
4728,Men,2024,Hurdles,1,0,1,1
2456,Men,2024,Sprints,1,0,1,1
2456,Men,2024,Distance,4,3,1,2
2456,Men,2024,Jumps,1,0,1,1
2456,Men,2024,Throws,1,0,1,1
2456,Men,2024,Hurdles,1,0,1,1
2897,Men,2024,Sprints,1,0,1,1
2897,Men,2024,Distance,2,1,1,1
2897,Men,2024,Jumps,1,0,1,1
2897,Men,2024,Throws,1,0,1,1
2897,Men,2024,Hurdles,1,0,1,1
2451,Men,2024,Sprints,1,0,1,1
2451,Men,2024,Distance,2,1,1,1
2451,Men,2024,Jumps,1,0,1,1
2451,Men,2024,Throws,1,0,1,1
2451,Men,2024,Hurdles,1,0,1,1
2005,Men,2024,Sprints,1,0,1,1
2005,Men,2024,Distance,3,2,1,2
2005,Men,2024,Jumps,1,0,1,1
2005,Men,2024,Throws,1,0,1,1
2005,Men,2024,Hurdles,1,0,1,1
2045,Men,2024,Sprints,2,0,2,2
2045,Men,2024,Distance,7,5,2,2
2045,Men,2024,Jumps,2,0,2,2
2045,Men,2024,Throws,2,0,2,2
2045,Men,2024,Hurdles,2,0,2,2
5500,Men,2024,Sprints,1,0,1,1
5500,Men,2024,Distance,5,4,1,2
5500,Men,2024,Jumps,1,0,1,1
5500,Men,2024,Throws,1,0,1,1
5500,Men,2024,Hurdles,1,0,1,1
5577,Men,2024,Sprints,1,0,1,1
5577,Men,2024,Distance,2,1,1,1
5577,Men,2024,Jumps,1,0,1,1
5577,Men,2024,Throws,1,0,1,1
5577,Men,2024,Hurdles,1,0,1,1
2967,Men,2024,Sprints,1,0,1,1
2967,Men,2024,Distance,4,3,1,2
2967,Men,2024,Jumps,1,0,1,1
2967,Men,2024,Throws,1,0,1,1
2967,Men,2024,Hurdles,1,0,1,1
5245,Men,2024,Sprints,1,0,1,1
5245,Men,2024,Distance,4,3,1,3
5245,Men,2024,Jumps,1,0,1,1
5245,Men,2024,Throws,1,0,1,1
5245,Men,2024,Hurdles,1,0,1,1
2539,Men,2024,Sprints,1,0,1,1
2539,Men,2024,Distance,4,3,1,3
2539,Men,2024,Jumps,1,0,1,1
2539,Men,2024,Throws,1,0,1,1
2539,Men,2024,Hurdles,1,0,1,1
2004,Men,2024,Sprints,1,0,1,1
2004,Men,2024,Distance,2,1,1,1
2004,Men,2024,Jumps,1,0,1,1
2004,Men,2024,Throws,1,0,1,1
2004,Men,2024,Hurdles,1,0,1,1
2852,Men,2024,Sprints,1,0,1,1
2852,Men,2024,Distance,1,0,1,1
2852,Men,2024,Jumps,1,0,1,1
2852,Men,2024,Throws,1,0,1,1
2852,Men,2024,Hurdles,1,0,1,1
2009,Men,2024,Sprints,1,0,1,1
2009,Men,2024,Distance,3,2,1,1
2009,Men,2024,Jumps,1,0,1,1
2009,Men,2024,Throws,1,0,1,1
2009,Men,2024,Hurdles,1,0,1,1
1990,Men,2024,Sprints,1,0,1,1
1990,Men,2024,Distance,2,1,1,1
1990,Men,2024,Jumps,1,0,1,1
1990,Men,2024,Throws,1,0,1,1
1990,Men,2024,Hurdles,1,0,1,1
2883,Men,2024,Distance,3,1,2,2
2883,Men,2024,Jumps,2,0,2,2
2883,Men,2024,Throws,4,2,2,2
2883,Men,2024,Hurdles,2,0,2,2
3615,Men,2024,Sprints,1,0,1,1
3615,Men,2024,Distance,3,2,1,2
3615,Men,2024,Jumps,1,0,1,1
3615,Men,2024,Throws,1,0,1,1
3615,Men,2024,Hurdles,1,0,1,1
558,Men,2024,Sprints,1,0,1,1
558,Men,2024,Distance,2,1,1,1
558,Men,2024,Jumps,1,0,1,1
558,Men,2024,Throws,1,0,1,1
558,Men,2024,Hurdles,1,0,1,1
2604,Men,2024,Sprints,1,0,1,1
2604,Men,2024,Distance,1,0,1,1
2604,Men,2024,Jumps,1,0,1,1
2604,Men,2024,Throws,1,0,1,1
2604,Men,2024,Hurdles,1,0,1,1
4590,Men,2024,Sprints,1,0,1,1
4590,Men,2024,Distance,1,0,1,1
4590,Men,2024,Jumps,1,0,1,1
4590,Men,2024,Throws,1,0,1,1
4590,Men,2024,Hurdles,1,0,1,1
752,Men,2024,Sprints,2,0,2,2
752,Men,2024,Distance,6,4,2,2
752,Men,2024,Jumps,2,0,2,2
752,Men,2024,Throws,2,0,2,2
752,Men,2024,Hurdles,2,0,2,2
762,Men,2024,Sprints,2,0,2,2
762,Men,2024,Distance,3,1,2,2
762,Men,2024,Jumps,2,0,2,2
762,Men,2024,Throws,2,0,2,2
762,Men,2024,Hurdles,2,0,2,2
2177,Men,2024,Sprints,1,0,1,1
2177,Men,2024,Distance,5,4,1,3
2177,Men,2024,Jumps,1,0,1,1
2177,Men,2024,Throws,1,0,1,1
2177,Men,2024,Hurdles,1,0,1,1
2759,Men,2024,Distance,6,3,3,4
2759,Men,2024,Jumps,3,0,3,3
2759,Men,2024,Throws,4,1,3,3
2759,Men,2024,Hurdles,3,0,3,3
3417,Men,2024,Sprints,1,0,1,1
3417,Men,2024,Distance,2,1,1,1
3417,Men,2024,Jumps,1,0,1,1
3417,Men,2024,Throws,1,0,1,1
3417,Men,2024,Hurdles,1,0,1,1
2199,Men,2024,Sprints,1,0,1,1
2199,Men,2024,Distance,4,3,1,2
2199,Men,2024,Jumps,1,0,1,1
2199,Men,2024,Throws,1,0,1,1
2199,Men,2024,Hurdles,1,0,1,1
866,Men,2024,Sprints,1,0,1,1
866,Men,2024,Distance,2,1,1,1
866,Men,2024,Jumps,1,0,1,1
866,Men,2024,Throws,1,0,1,1
866,Men,2024,Hurdles,1,0,1,1
5583,Men,2024,Sprints,1,0,1,1
5583,Men,2024,Distance,5,4,1,2
5583,Men,2024,Jumps,1,0,1,1
5583,Men,2024,Throws,1,0,1,1
5583,Men,2024,Hurdles,1,0,1,1
3084,Men,2024,Distance,6,4,2,2
3084,Men,2024,Jumps,2,0,2,1
3084,Men,2024,Throws,2,0,2,1
3084,Men,2024,Hurdles,2,0,2,1
3854,Men,2024,Distance,1,0,1,1
3854,Men,2024,Jumps,1,0,1,1
3854,Men,2024,Throws,1,0,1,1
3854,Men,2024,Hurdles,1,0,1,1
5217,Men,2024,Distance,3,0,3,3
5217,Men,2024,Jumps,3,0,3,3
5217,Men,2024,Throws,3,0,3,3
5217,Men,2024,Hurdles,3,0,3,3
5238,Men,2024,Distance,4,0,4,4
5238,Men,2024,Jumps,4,0,4,4
5238,Men,2024,Throws,4,0,4,4
5238,Men,2024,Hurdles,4,0,4,4
5243,Men,2024,Distance,3,0,3,3
5243,Men,2024,Jumps,3,0,3,3
5243,Men,2024,Throws,3,0,3,3
5243,Men,2024,Hurdles,3,0,3,3
1288,Men,2024,Sprints,1,0,1,1
1288,Men,2024,Distance,4,3,1,2
1288,Men,2024,Jumps,1,0,1,1
1288,Men,2024,Throws,1,0,1,1
1288,Men,2024,Hurdles,1,0,1,1
1323,Men,2024,Sprints,1,0,1,1
1323,Men,2024,Distance,3,2,1,1
1323,Men,2024,Jumps,1,0,1,1
1323,Men,2024,Throws,1,0,1,1
1323,Men,2024,Hurdles,1,0,1,1
1284,Men,2024,Sprints,1,0,1,1
1284,Men,2024,Distance,3,2,1,1
1284,Men,2024,Jumps,1,0,1,1
1284,Men,2024,Throws,1,0,1,1
1284,Men,2024,Hurdles,1,0,1,1
891,Men,2024,Sprints,2,0,2,1
891,Men,2024,Distance,5,3,2,2
891,Men,2024,Jumps,2,0,2,1
891,Men,2024,Throws,2,0,2,1
891,Men,2024,Hurdles,2,0,2,1
2373,Men,2024,Distance,4,2,2,1
2373,Men,2024,Jumps,2,0,2,1
2373,Men,2024,Throws,2,0,2,1
2373,Men,2024,Hurdles,2,0,2,1
5025,Men,2024,Sprints,1,0,1,1
5025,Men,2024,Distance,3,2,1,2
5025,Men,2024,Jumps,1,0,1,1
5025,Men,2024,Throws,1,0,1,1
5025,Men,2024,Hurdles,1,0,1,1
946,Men,2024,Sprints,2,0,2,1
946,Men,2024,Distance,6,4,2,2
946,Men,2024,Jumps,2,0,2,1
946,Men,2024,Throws,2,0,2,1
946,Men,2024,Hurdles,2,0,2,1
2371,Men,2024,Distance,3,2,1,1
2371,Men,2024,Jumps,1,0,1,1
2371,Men,2024,Throws,1,0,1,1
2371,Men,2024,Hurdles,1,0,1,1
2375,Men,2024,Distance,3,2,1,1
2375,Men,2024,Jumps,1,0,1,1
2375,Men,2024,Throws,1,0,1,1
2375,Men,2024,Hurdles,1,0,1,1
4333,Men,2024,Distance,2,0,2,2
4333,Men,2024,Jumps,2,0,2,2
4333,Men,2024,Throws,2,0,2,2
4333,Men,2024,Hurdles,2,0,2,2
3674,Men,2024,Distance,3,0,3,2
3674,Men,2024,Jumps,3,0,3,2
3674,Men,2024,Throws,3,0,3,2
3674,Men,2024,Hurdles,3,0,3,2
3675,Men,2024,Sprints,1,0,1,1
3675,Men,2024,Distance,2,1,1,1
3675,Men,2024,Jumps,1,0,1,1
3675,Men,2024,Throws,1,0,1,1
3675,Men,2024,Hurdles,1,0,1,1
2918,Men,2024,Sprints,2,1,1,2
2918,Men,2024,Distance,1,0,1,1
2918,Men,2024,Jumps,1,0,1,1
2918,Men,2024,Throws,1,0,1,1
2918,Men,2024,Hurdles,1,0,1,1
5558,Men,2024,Distance,1,0,1,1
5558,Men,2024,Jumps,1,0,1,1
5558,Men,2024,Throws,1,0,1,1
5558,Men,2024,Hurdles,1,0,1,1
3509,Men,2024,Distance,1,0,1,1
3509,Men,2024,Jumps,1,0,1,1
3509,Men,2024,Throws,1,0,1,1
3509,Men,2024,Hurdles,1,0,1,1
3548,Men,2024,Distance,5,4,1,3
3548,Men,2024,Jumps,1,0,1,1
3548,Men,2024,Throws,1,0,1,1
3548,Men,2024,Hurdles,1,0,1,1
4135,Men,2024,Sprints,2,2,0,1
4869,Men,2024,Sprints,2,2,0,1
4870,Men,2024,Sprints,1,1,0,1
3784,Men,2024,Sprints,4,3,1,2
3781,Men,2024,Sprints,8,6,2,3
5610,Men,2024,Sprints,2,1,1,1
3784,Men,2024,Distance,1,0,1,1
3784,Men,2024,Jumps,1,0,1,1
3784,Men,2024,Throws,1,0,1,1
3784,Men,2024,Hurdles,1,0,1,1
3781,Men,2024,Distance,2,0,2,2
3781,Men,2024,Jumps,2,0,2,2
3781,Men,2024,Throws,2,0,2,2
3781,Men,2024,Hurdles,2,0,2,2
5610,Men,2024,Distance,1,0,1,1
5610,Men,2024,Jumps,1,0,1,1
5610,Men,2024,Throws,1,0,1,1
5610,Men,2024,Hurdles,1,0,1,1
3778,Men,2024,Sprints,4,2,2,3
3778,Men,2024,Distance,2,0,2,2
3778,Men,2024,Jumps,2,0,2,2
3778,Men,2024,Throws,2,0,2,2
3778,Men,2024,Hurdles,2,0,2,2
4621,Men,2024,Sprints,2,2,0,2
4944,Men,2024,Sprints,12,9,3,4
3630,Men,2024,Sprints,2,1,1,1
4516,Men,2024,Sprints,3,1,2,1
3635,Men,2024,Sprints,2,1,1,1
4936,Men,2024,Sprints,2,1,1,1
4516,Men,2024,Distance,2,0,2,1
4516,Men,2024,Jumps,2,0,2,1
4516,Men,2024,Throws,2,0,2,1
4516,Men,2024,Hurdles,2,0,2,1
3627,Men,2024,Sprints,2,0,2,1
3627,Men,2024,Distance,2,0,2,1
3627,Men,2024,Jumps,2,0,2,1
3627,Men,2024,Throws,2,0,2,1
3627,Men,2024,Hurdles,2,0,2,1
3635,Men,2024,Distance,1,0,1,1
3635,Men,2024,Jumps,1,0,1,1
3635,Men,2024,Throws,1,0,1,1
3635,Men,2024,Hurdles,1,0,1,1
3630,Men,2024,Distance,1,0,1,1
3630,Men,2024,Jumps,1,0,1,1
3630,Men,2024,Throws,1,0,1,1
3630,Men,2024,Hurdles,1,0,1,1
4936,Men,2024,Distance,1,0,1,1
4936,Men,2024,Jumps,1,0,1,1
4936,Men,2024,Throws,1,0,1,1
4936,Men,2024,Hurdles,1,0,1,1
5611,Men,2024,Sprints,1,0,1,1
5611,Men,2024,Distance,1,0,1,1
5611,Men,2024,Jumps,1,0,1,1
5611,Men,2024,Throws,1,0,1,1
5611,Men,2024,Hurdles,1,0,1,1
5613,Men,2024,Sprints,1,1,0,1
5614,Men,2024,Sprints,1,1,0,1
5615,Men,2024,Sprints,2,1,1,1
5617,Men,2024,Sprints,1,0,1,1
5617,Men,2024,Distance,3,2,1,2
5617,Men,2024,Jumps,1,0,1,1
5617,Men,2024,Throws,1,0,1,1
5617,Men,2024,Hurdles,1,0,1,1
5620,Men,2024,Sprints,1,0,1,1
5620,Men,2024,Distance,3,2,1,2
5620,Men,2024,Jumps,1,0,1,1
5620,Men,2024,Throws,1,0,1,1
5620,Men,2024,Hurdles,1,0,1,1
5623,Men,2024,Sprints,1,0,1,1
5623,Men,2024,Distance,1,0,1,1
5623,Men,2024,Jumps,1,0,1,1
5623,Men,2024,Throws,1,0,1,1
5623,Men,2024,Hurdles,1,0,1,1
5615,Men,2024,Distance,1,0,1,1
5615,Men,2024,Jumps,2,1,1,1
5615,Men,2024,Throws,1,0,1,1
5615,Men,2024,Hurdles,2,1,1,1
2492,Men,2024,Sprints,2,2,0,1
3928,Men,2024,Sprints,1,1,0,1
3926,Men,2024,Sprints,4,4,0,2
3925,Men,2024,Sprints,3,3,0,2
2219,Men,2024,Sprints,2,2,0,2
1558,Men,2024,Distance,7,6,1,4
1558,Men,2024,Jumps,1,0,1,1
1558,Men,2024,Throws,1,0,1,1
1558,Men,2024,Hurdles,1,0,1,1
4379,Men,2024,Sprints,2,1,1,1
3694,Men,2024,Sprints,2,1,1,2
3694,Men,2024,Distance,1,0,1,1
3694,Men,2024,Jumps,15,14,1,7
3694,Men,2024,Throws,1,0,1,1
3694,Men,2024,Hurdles,1,0,1,1
4379,Men,2024,Distance,1,0,1,1
4379,Men,2024,Jumps,3,2,1,1
4379,Men,2024,Throws,1,0,1,1
4379,Men,2024,Hurdles,1,0,1,1
3710,Men,2024,Distance,1,0,1,1
3710,Men,2024,Jumps,10,9,1,5
3710,Men,2024,Throws,1,0,1,1
3710,Men,2024,Hurdles,1,0,1,1
3610,Men,2024,Sprints,1,1,0,1
4906,Men,2024,Distance,1,0,1,1
4906,Men,2024,Jumps,1,0,1,1
4906,Men,2024,Throws,1,0,1,1
4906,Men,2024,Hurdles,1,0,1,1
2906,Men,2024,Sprints,1,0,1,1
2906,Men,2024,Distance,2,1,1,2
2906,Men,2024,Jumps,1,0,1,1
2906,Men,2024,Throws,1,0,1,1
2906,Men,2024,Hurdles,1,0,1,1
5630,Men,2024,Sprints,1,0,1,1
5630,Men,2024,Distance,1,0,1,1
5630,Men,2024,Jumps,1,0,1,1
5630,Men,2024,Throws,1,0,1,1
5630,Men,2024,Hurdles,1,0,1,1
4903,Men,2024,Distance,1,0,1,1
4903,Men,2024,Jumps,1,0,1,1
4903,Men,2024,Throws,1,0,1,1
4903,Men,2024,Hurdles,1,0,1,1
5870,Men,2024,Distance,1,0,1,1
5870,Men,2024,Jumps,1,0,1,1
5870,Men,2024,Throws,1,0,1,1
5870,Men,2024,Hurdles,1,0,1,1
2549,Men,2024,Sprints,1,0,1,1
2549,Men,2024,Distance,2,1,1,1
2549,Men,2024,Jumps,1,0,1,1
2549,Men,2024,Throws,1,0,1,1
2549,Men,2024,Hurdles,1,0,1,1
4579,Men,2024,Distance,2,1,1,1
4579,Men,2024,Jumps,1,0,1,1
4579,Men,2024,Throws,1,0,1,1
4579,Men,2024,Hurdles,1,0,1,1
523,Men,2024,Sprints,1,0,1,1
523,Men,2024,Distance,2,1,1,1
523,Men,2024,Jumps,1,0,1,1
523,Men,2024,Throws,1,0,1,1
523,Men,2024,Hurdles,1,0,1,1
1309,Men,2024,Sprints,1,0,1,1
1309,Men,2024,Distance,9,8,1,4
1309,Men,2024,Jumps,1,0,1,1
1309,Men,2024,Throws,1,0,1,1
1309,Men,2024,Hurdles,1,0,1,1
4036,Men,2024,Sprints,6,4,2,2
2273,Men,2024,Sprints,7,4,3,3
4050,Men,2024,Sprints,2,2,0,1
4042,Men,2024,Sprints,5,4,1,3
5633,Men,2024,Sprints,2,2,0,1
4623,Men,2024,Sprints,8,6,2,4
5634,Men,2024,Sprints,1,1,0,1
4944,Men,2024,Distance,3,0,3,3
4944,Men,2024,Jumps,3,0,3,3
4944,Men,2024,Throws,3,0,3,3
4944,Men,2024,Hurdles,3,0,3,3
5635,Men,2024,Sprints,1,0,1,1
5635,Men,2024,Distance,1,0,1,1
5635,Men,2024,Jumps,1,0,1,1
5635,Men,2024,Throws,1,0,1,1
5635,Men,2024,Hurdles,1,0,1,1
2273,Men,2024,Distance,3,0,3,3
2273,Men,2024,Jumps,3,0,3,3
2273,Men,2024,Throws,3,0,3,3
2273,Men,2024,Hurdles,3,0,3,3
4622,Men,2024,Sprints,6,3,3,3
4622,Men,2024,Distance,3,0,3,3
4622,Men,2024,Jumps,3,0,3,3
4622,Men,2024,Throws,3,0,3,3
4622,Men,2024,Hurdles,4,1,3,3
4036,Men,2024,Distance,2,0,2,2
4036,Men,2024,Jumps,3,1,2,2
4036,Men,2024,Throws,2,0,2,2
4036,Men,2024,Hurdles,2,0,2,2
2269,Men,2024,Sprints,1,0,1,1
2269,Men,2024,Distance,6,5,1,3
2269,Men,2024,Jumps,1,0,1,1
2269,Men,2024,Throws,1,0,1,1
2269,Men,2024,Hurdles,1,0,1,1
1665,Men,2024,Sprints,1,0,1,1
1665,Men,2024,Distance,3,2,1,2
1665,Men,2024,Jumps,1,0,1,1
1665,Men,2024,Throws,1,0,1,1
1665,Men,2024,Hurdles,1,0,1,1
1622,Men,2024,Sprints,9,7,2,4
3896,Men,2024,Sprints,9,6,3,4
4083,Men,2024,Sprints,6,4,2,3
3908,Men,2024,Sprints,12,8,4,4
4522,Men,2024,Sprints,3,3,0,3
3902,Men,2024,Sprints,8,6,2,3
3907,Men,2024,Sprints,7,6,1,3
3919,Men,2024,Sprints,10,7,3,4
4077,Men,2024,Sprints,10,6,4,4
3912,Men,2024,Sprints,6,4,2,4
1624,Men,2024,Sprints,10,5,5,4
4081,Men,2024,Sprints,1,1,0,1
3908,Men,2024,Distance,4,0,4,3
3908,Men,2024,Jumps,4,0,4,3
3908,Men,2024,Throws,4,0,4,3
3908,Men,2024,Hurdles,4,0,4,3
1622,Men,2024,Distance,2,0,2,2
1622,Men,2024,Jumps,2,0,2,2
1622,Men,2024,Throws,2,0,2,2
1622,Men,2024,Hurdles,2,0,2,2
5639,Men,2024,Sprints,1,0,1,1
5639,Men,2024,Distance,1,0,1,1
5639,Men,2024,Jumps,1,0,1,1
5639,Men,2024,Throws,1,0,1,1
5639,Men,2024,Hurdles,1,0,1,1
4083,Men,2024,Distance,2,0,2,2
4083,Men,2024,Jumps,5,3,2,3
4083,Men,2024,Throws,2,0,2,2
4083,Men,2024,Hurdles,2,0,2,2
1639,Men,2024,Sprints,3,2,1,2
1639,Men,2024,Distance,3,2,1,2
1639,Men,2024,Jumps,1,0,1,1
1639,Men,2024,Throws,1,0,1,1
1639,Men,2024,Hurdles,1,0,1,1
3896,Men,2024,Distance,3,0,3,2
3896,Men,2024,Jumps,3,0,3,2
3896,Men,2024,Throws,3,0,3,2
3896,Men,2024,Hurdles,3,0,3,2
3907,Men,2024,Distance,1,0,1,1
3907,Men,2024,Jumps,1,0,1,1
3907,Men,2024,Throws,1,0,1,1
3907,Men,2024,Hurdles,1,0,1,1
3912,Men,2024,Distance,2,0,2,2
3912,Men,2024,Jumps,2,0,2,2
3912,Men,2024,Throws,2,0,2,2
3912,Men,2024,Hurdles,5,3,2,4
1624,Men,2024,Distance,5,0,5,4
1624,Men,2024,Jumps,5,0,5,4
1624,Men,2024,Throws,5,0,5,4
1624,Men,2024,Hurdles,5,0,5,4
3902,Men,2024,Distance,2,0,2,2
3902,Men,2024,Jumps,2,0,2,2
3902,Men,2024,Throws,2,0,2,2
3902,Men,2024,Hurdles,2,0,2,2
3919,Men,2024,Distance,3,0,3,3
3919,Men,2024,Jumps,3,0,3,3
3919,Men,2024,Throws,3,0,3,3
3919,Men,2024,Hurdles,3,0,3,3
2787,Men,2024,Sprints,3,0,3,3
2787,Men,2024,Distance,8,5,3,4
2787,Men,2024,Jumps,3,0,3,3
2787,Men,2024,Throws,3,0,3,3
2787,Men,2024,Hurdles,3,0,3,3
1638,Men,2024,Sprints,2,0,2,2
1638,Men,2024,Distance,7,5,2,3
1638,Men,2024,Jumps,2,0,2,2
1638,Men,2024,Throws,2,0,2,2
1638,Men,2024,Hurdles,2,0,2,2
3900,Men,2024,Sprints,3,1,2,3
3900,Men,2024,Distance,2,0,2,2
3900,Men,2024,Jumps,6,4,2,4
3900,Men,2024,Throws,2,0,2,2
3900,Men,2024,Hurdles,2,0,2,2
4077,Men,2024,Distance,4,0,4,3
4077,Men,2024,Jumps,4,0,4,3
4077,Men,2024,Throws,4,0,4,3
4077,Men,2024,Hurdles,4,0,4,3
3622,Men,2024,Sprints,6,6,0,3
3624,Men,2024,Sprints,3,3,0,3
5644,Men,2024,Sprints,2,2,0,1
3764,Men,2024,Sprints,4,2,2,2
4514,Men,2024,Sprints,1,1,0,1
3764,Men,2024,Distance,2,0,2,2
3764,Men,2024,Jumps,2,0,2,2
3764,Men,2024,Throws,2,0,2,2
3764,Men,2024,Hurdles,2,0,2,2
2886,Men,2024,Sprints,1,0,1,1
2886,Men,2024,Distance,2,1,1,1
2886,Men,2024,Jumps,1,0,1,1
2886,Men,2024,Throws,1,0,1,1
2886,Men,2024,Hurdles,2,1,1,1
414,Men,2024,Sprints,2,0,2,2
414,Men,2024,Distance,4,2,2,2
414,Men,2024,Jumps,2,0,2,2
414,Men,2024,Throws,2,0,2,2
414,Men,2024,Hurdles,2,0,2,2
5645,Men,2024,Sprints,3,0,3,2
5645,Men,2024,Distance,3,0,3,2
5645,Men,2024,Jumps,3,0,3,2
5645,Men,2024,Throws,3,0,3,2
5645,Men,2024,Hurdles,6,3,3,2
3943,Men,2024,Sprints,2,2,0,1
3947,Men,2024,Sprints,4,4,0,2
4531,Men,2024,Sprints,3,3,0,2
350,Men,2024,Sprints,4,4,0,2
4534,Men,2024,Sprints,2,2,0,2
5646,Men,2024,Sprints,2,2,0,2
458,Men,2024,Distance,1,0,1,1
458,Men,2024,Jumps,1,0,1,1
458,Men,2024,Throws,1,0,1,1
458,Men,2024,Hurdles,1,0,1,1
332,Men,2024,Sprints,1,0,1,1
332,Men,2024,Distance,4,3,1,3
332,Men,2024,Jumps,1,0,1,1
332,Men,2024,Throws,1,0,1,1
332,Men,2024,Hurdles,1,0,1,1
5276,Men,2024,Sprints,1,0,1,1
5276,Men,2024,Distance,6,5,1,4
5276,Men,2024,Jumps,1,0,1,1
5276,Men,2024,Throws,1,0,1,1
5276,Men,2024,Hurdles,1,0,1,1
2040,Men,2024,Sprints,1,1,0,1
2053,Men,2024,Sprints,1,1,0,1
2807,Men,2024,Sprints,2,2,0,1
3963,Men,2024,Sprints,1,1,0,1
5649,Men,2024,Sprints,1,1,0,1
5653,Men,2024,Sprints,3,3,0,1
689,Men,2024,Sprints,1,0,1,1
689,Men,2024,Distance,7,6,1,4
689,Men,2024,Jumps,2,1,1,2
689,Men,2024,Throws,1,0,1,1
689,Men,2024,Hurdles,1,0,1,1
5221,Men,2024,Distance,2,0,2,2
5221,Men,2024,Jumps,2,0,2,2
5221,Men,2024,Throws,2,0,2,2
5221,Men,2024,Hurdles,2,0,2,2
5654,Men,2024,Sprints,2,0,2,1
5654,Men,2024,Distance,2,0,2,1
5654,Men,2024,Jumps,2,0,2,1
5654,Men,2024,Throws,2,0,2,1
5654,Men,2024,Hurdles,2,0,2,1
5236,Men,2024,Sprints,2,0,2,2
5236,Men,2024,Distance,5,3,2,4
5236,Men,2024,Jumps,2,0,2,2
5236,Men,2024,Throws,2,0,2,2
5236,Men,2024,Hurdles,7,5,2,5
5655,Men,2024,Sprints,1,0,1,1
5655,Men,2024,Distance,1,0,1,1
5655,Men,2024,Jumps,1,0,1,1
5655,Men,2024,Throws,1,0,1,1
5655,Men,2024,Hurdles,1,0,1,1
2584,Men,2024,Sprints,1,0,1,1
2584,Men,2024,Distance,9,8,1,5
2584,Men,2024,Jumps,1,0,1,1
2584,Men,2024,Throws,1,0,1,1
2584,Men,2024,Hurdles,1,0,1,1
5656,Men,2024,Sprints,1,0,1,1
5656,Men,2024,Distance,1,0,1,1
5656,Men,2024,Jumps,1,0,1,1
5656,Men,2024,Throws,1,0,1,1
5656,Men,2024,Hurdles,1,0,1,1
734,Men,2024,Sprints,1,0,1,1
734,Men,2024,Distance,7,6,1,4
734,Men,2024,Jumps,1,0,1,1
734,Men,2024,Throws,1,0,1,1
734,Men,2024,Hurdles,1,0,1,1
5282,Men,2024,Sprints,2,0,2,2
5282,Men,2024,Distance,7,5,2,4
5282,Men,2024,Jumps,2,0,2,2
5282,Men,2024,Throws,2,0,2,2
5282,Men,2024,Hurdles,2,0,2,2
673,Men,2024,Distance,7,6,1,4
673,Men,2024,Jumps,1,0,1,1
673,Men,2024,Throws,1,0,1,1
673,Men,2024,Hurdles,1,0,1,1
4510,Men,2024,Sprints,5,4,1,2
4418,Men,2024,Sprints,1,1,0,1
4420,Men,2024,Sprints,2,2,0,2
4510,Men,2024,Distance,1,0,1,1
4510,Men,2024,Jumps,1,0,1,1
4510,Men,2024,Throws,1,0,1,1
4510,Men,2024,Hurdles,1,0,1,1
5660,Men,2024,Sprints,1,0,1,1
5660,Men,2024,Distance,1,0,1,1
5660,Men,2024,Jumps,1,0,1,1
5660,Men,2024,Throws,2,1,1,1
5660,Men,2024,Hurdles,1,0,1,1
4425,Men,2024,Sprints,1,0,1,1
4425,Men,2024,Distance,1,0,1,1
4425,Men,2024,Jumps,1,0,1,1
4425,Men,2024,Throws,3,2,1,2
4425,Men,2024,Hurdles,1,0,1,1
4508,Men,2024,Sprints,3,1,2,2
4508,Men,2024,Distance,2,0,2,2
4508,Men,2024,Jumps,3,1,2,2
4508,Men,2024,Throws,6,4,2,3
4508,Men,2024,Hurdles,2,0,2,2
4404,Men,2024,Distance,2,0,2,2
4404,Men,2024,Jumps,3,1,2,3
4404,Men,2024,Throws,2,0,2,2
4404,Men,2024,Hurdles,2,0,2,2
1908,Men,2024,Sprints,1,1,0,1
3073,Men,2024,Sprints,1,0,1,1
3073,Men,2024,Distance,2,1,1,1
3073,Men,2024,Jumps,1,0,1,1
3073,Men,2024,Throws,1,0,1,1
3073,Men,2024,Hurdles,1,0,1,1
1835,Men,2024,Sprints,1,0,1,1
1835,Men,2024,Distance,2,1,1,2
1835,Men,2024,Jumps,1,0,1,1
1835,Men,2024,Throws,1,0,1,1
1835,Men,2024,Hurdles,1,0,1,1
5033,Men,2024,Sprints,1,0,1,1
5033,Men,2024,Distance,2,1,1,1
5033,Men,2024,Jumps,1,0,1,1
5033,Men,2024,Throws,1,0,1,1
5033,Men,2024,Hurdles,1,0,1,1
1858,Men,2024,Sprints,1,0,1,1
1858,Men,2024,Distance,2,1,1,2
1858,Men,2024,Jumps,1,0,1,1
1858,Men,2024,Throws,1,0,1,1
1858,Men,2024,Hurdles,1,0,1,1
5661,Men,2024,Sprints,2,2,0,1
5663,Men,2024,Sprints,1,0,1,1
5663,Men,2024,Distance,1,0,1,1
5663,Men,2024,Jumps,1,0,1,1
5663,Men,2024,Throws,1,0,1,1
5663,Men,2024,Hurdles,1,0,1,1
3763,Men,2024,Sprints,1,0,1,1
3763,Men,2024,Distance,1,0,1,1
3763,Men,2024,Jumps,5,4,1,2
3763,Men,2024,Throws,1,0,1,1
3763,Men,2024,Hurdles,1,0,1,1
2036,Men,2024,Sprints,1,0,1,1
2036,Men,2024,Distance,3,2,1,2
2036,Men,2024,Jumps,1,0,1,1
2036,Men,2024,Throws,1,0,1,1
2036,Men,2024,Hurdles,1,0,1,1
3336,Men,2024,Sprints,2,0,2,1
3336,Men,2024,Distance,2,0,2,1
3336,Men,2024,Jumps,2,0,2,1
3336,Men,2024,Throws,2,0,2,1
3336,Men,2024,Hurdles,2,0,2,1
435,Men,2024,Sprints,2,0,2,1
435,Men,2024,Distance,5,3,2,2
435,Men,2024,Jumps,2,0,2,1
435,Men,2024,Throws,2,0,2,1
435,Men,2024,Hurdles,2,0,2,1
420,Men,2024,Sprints,1,0,1,1
420,Men,2024,Distance,3,2,1,2
420,Men,2024,Jumps,1,0,1,1
420,Men,2024,Throws,1,0,1,1
420,Men,2024,Hurdles,1,0,1,1
5662,Men,2024,Sprints,1,0,1,1
5662,Men,2024,Distance,2,1,1,1
5662,Men,2024,Jumps,1,0,1,1
5662,Men,2024,Throws,1,0,1,1
5662,Men,2024,Hurdles,1,0,1,1
437,Men,2024,Sprints,1,0,1,1
437,Men,2024,Distance,2,1,1,1
437,Men,2024,Jumps,1,0,1,1
437,Men,2024,Throws,1,0,1,1
437,Men,2024,Hurdles,1,0,1,1
417,Men,2024,Sprints,1,0,1,1
417,Men,2024,Distance,4,3,1,2
417,Men,2024,Jumps,1,0,1,1
417,Men,2024,Throws,1,0,1,1
417,Men,2024,Hurdles,1,0,1,1
3333,Men,2024,Sprints,1,0,1,1
3333,Men,2024,Distance,4,3,1,2
3333,Men,2024,Jumps,1,0,1,1
3333,Men,2024,Throws,1,0,1,1
3333,Men,2024,Hurdles,1,0,1,1
30,Men,2024,Sprints,1,1,0,1
47,Men,2024,Sprints,3,3,0,1
5664,Men,2024,Sprints,1,1,0,1
54,Men,2024,Sprints,3,3,0,1
4924,Men,2024,Sprints,1,1,0,1
5668,Men,2024,Sprints,2,2,0,1
5669,Men,2024,Sprints,1,1,0,1
4100,Men,2024,Sprints,1,1,0,1
3916,Men,2024,Sprints,3,1,2,2
3909,Men,2024,Sprints,1,1,0,1
1631,Men,2024,Sprints,2,1,1,1
5673,Men,2024,Sprints,1,0,1,1
5673,Men,2024,Distance,1,0,1,1
5673,Men,2024,Jumps,1,0,1,1
5673,Men,2024,Throws,1,0,1,1
5673,Men,2024,Hurdles,1,0,1,1
3916,Men,2024,Distance,2,0,2,2
3916,Men,2024,Jumps,2,0,2,2
3916,Men,2024,Throws,2,0,2,2
3916,Men,2024,Hurdles,4,2,2,3
1632,Men,2024,Sprints,1,0,1,1
1632,Men,2024,Distance,5,4,1,3
1632,Men,2024,Jumps,1,0,1,1
1632,Men,2024,Throws,1,0,1,1
1632,Men,2024,Hurdles,1,0,1,1
1631,Men,2024,Distance,5,4,1,3
1631,Men,2024,Jumps,1,0,1,1
1631,Men,2024,Throws,1,0,1,1
1631,Men,2024,Hurdles,1,0,1,1
1641,Men,2024,Sprints,1,0,1,1
1641,Men,2024,Distance,2,1,1,1
1641,Men,2024,Jumps,1,0,1,1
1641,Men,2024,Throws,1,0,1,1
1641,Men,2024,Hurdles,1,0,1,1
4384,Men,2024,Distance,1,0,1,1
4384,Men,2024,Jumps,1,0,1,1
4384,Men,2024,Throws,1,0,1,1
4384,Men,2024,Hurdles,1,0,1,1
5676,Men,2024,Sprints,1,0,1,1
5676,Men,2024,Distance,1,0,1,1
5676,Men,2024,Jumps,1,0,1,1
5676,Men,2024,Throws,1,0,1,1
5676,Men,2024,Hurdles,1,0,1,1
4341,Men,2024,Sprints,2,2,0,1
5696,Men,2024,Sprints,3,2,1,1
5697,Men,2024,Sprints,3,1,2,1
5698,Men,2024,Sprints,2,1,1,1
5699,Men,2024,Sprints,3,3,0,1
5700,Men,2024,Sprints,2,2,0,1
5701,Men,2024,Sprints,2,1,1,1
799,Men,2024,Sprints,2,2,0,1
3021,Men,2024,Sprints,1,1,0,1
4363,Men,2024,Sprints,1,1,0,1
5702,Men,2024,Sprints,1,1,0,1
804,Men,2024,Sprints,2,1,1,1
5703,Men,2024,Sprints,1,1,0,1
4702,Men,2024,Sprints,2,1,1,1
5704,Men,2024,Sprints,1,1,0,1
5705,Men,2024,Sprints,2,1,1,1
5706,Men,2024,Sprints,2,1,1,1
5697,Men,2024,Distance,2,0,2,1
5697,Men,2024,Jumps,2,0,2,1
5697,Men,2024,Throws,2,0,2,1
5697,Men,2024,Hurdles,2,0,2,1
5701,Men,2024,Distance,1,0,1,1
5701,Men,2024,Jumps,1,0,1,1
5701,Men,2024,Throws,1,0,1,1
5701,Men,2024,Hurdles,1,0,1,1
5698,Men,2024,Distance,1,0,1,1
5698,Men,2024,Jumps,1,0,1,1
5698,Men,2024,Throws,1,0,1,1
5698,Men,2024,Hurdles,1,0,1,1
5696,Men,2024,Distance,1,0,1,1
5696,Men,2024,Jumps,1,0,1,1
5696,Men,2024,Throws,1,0,1,1
5696,Men,2024,Hurdles,1,0,1,1
4364,Men,2024,Distance,5,4,1,4
4364,Men,2024,Jumps,1,0,1,1
4364,Men,2024,Throws,1,0,1,1
4364,Men,2024,Hurdles,1,0,1,1
5706,Men,2024,Distance,1,0,1,1
5706,Men,2024,Jumps,1,0,1,1
5706,Men,2024,Throws,1,0,1,1
5706,Men,2024,Hurdles,1,0,1,1
5718,Men,2024,Sprints,1,0,1,1
5718,Men,2024,Distance,1,0,1,1
5718,Men,2024,Jumps,1,0,1,1
5718,Men,2024,Throws,1,0,1,1
5718,Men,2024,Hurdles,1,0,1,1
5705,Men,2024,Distance,2,1,1,1
5705,Men,2024,Jumps,1,0,1,1
5705,Men,2024,Throws,1,0,1,1
5705,Men,2024,Hurdles,1,0,1,1
5719,Men,2024,Sprints,1,0,1,1
5719,Men,2024,Distance,1,0,1,1
5719,Men,2024,Jumps,1,0,1,1
5719,Men,2024,Throws,1,0,1,1
5719,Men,2024,Hurdles,1,0,1,1
5414,Men,2024,Distance,1,0,1,1
5414,Men,2024,Jumps,1,0,1,1
5414,Men,2024,Throws,1,0,1,1
5414,Men,2024,Hurdles,1,0,1,1
5711,Men,2024,Sprints,2,1,1,2
5711,Men,2024,Distance,1,0,1,1
5711,Men,2024,Jumps,1,0,1,1
5711,Men,2024,Throws,1,0,1,1
5711,Men,2024,Hurdles,3,2,1,2
5408,Men,2024,Distance,3,2,1,2
5408,Men,2024,Jumps,1,0,1,1
5408,Men,2024,Throws,1,0,1,1
5408,Men,2024,Hurdles,1,0,1,1
804,Men,2024,Distance,1,0,1,1
804,Men,2024,Jumps,3,2,1,2
804,Men,2024,Throws,1,0,1,1
804,Men,2024,Hurdles,1,0,1,1
4702,Men,2024,Distance,3,2,1,2
4702,Men,2024,Jumps,1,0,1,1
4702,Men,2024,Throws,1,0,1,1
4702,Men,2024,Hurdles,1,0,1,1
2462,Men,2024,Sprints,1,0,1,1
2462,Men,2024,Distance,2,1,1,1
2462,Men,2024,Jumps,1,0,1,1
2462,Men,2024,Throws,1,0,1,1
2462,Men,2024,Hurdles,1,0,1,1
5724,Men,2024,Sprints,1,1,0,1
3515,Men,2024,Sprints,1,1,0,1
5727,Men,2024,Sprints,1,0,1,1
5727,Men,2024,Distance,1,0,1,1
5727,Men,2024,Jumps,1,0,1,1
5727,Men,2024,Throws,1,0,1,1
5727,Men,2024,Hurdles,1,0,1,1
2450,Men,2024,Sprints,1,0,1,1
2450,Men,2024,Distance,2,1,1,2
2450,Men,2024,Jumps,1,0,1,1
2450,Men,2024,Throws,1,0,1,1
2450,Men,2024,Hurdles,1,0,1,1
2453,Men,2024,Sprints,1,0,1,1
2453,Men,2024,Distance,4,3,1,3
2453,Men,2024,Jumps,1,0,1,1
2453,Men,2024,Throws,1,0,1,1
2453,Men,2024,Hurdles,1,0,1,1
2459,Men,2024,Sprints,1,0,1,1
2459,Men,2024,Distance,5,4,1,3
2459,Men,2024,Jumps,1,0,1,1
2459,Men,2024,Throws,1,0,1,1
2459,Men,2024,Hurdles,1,0,1,1
6845,Men,2024,Sprints,1,0,1,1
6845,Men,2024,Distance,3,2,1,3
6845,Men,2024,Jumps,1,0,1,1
6845,Men,2024,Throws,1,0,1,1
6845,Men,2024,Hurdles,1,0,1,1
4994,Men,2024,Sprints,1,1,0,1
2128,Men,2024,Sprints,1,1,0,1
5731,Men,2024,Sprints,1,1,0,1
5006,Men,2024,Sprints,1,1,0,1
867,Men,2024,Distance,3,2,1,2
867,Men,2024,Jumps,1,0,1,1
867,Men,2024,Throws,1,0,1,1
867,Men,2024,Hurdles,1,0,1,1
3545,Men,2024,Sprints,1,0,1,1
3545,Men,2024,Distance,1,0,1,1
3545,Men,2024,Jumps,1,0,1,1
3545,Men,2024,Throws,1,0,1,1
3545,Men,2024,Hurdles,1,0,1,1
5022,Men,2024,Sprints,3,2,1,1
2159,Men,2024,Sprints,1,0,1,1
2159,Men,2024,Distance,1,0,1,1
2159,Men,2024,Jumps,1,0,1,1
2159,Men,2024,Throws,1,0,1,1
2159,Men,2024,Hurdles,1,0,1,1
2147,Men,2024,Sprints,1,0,1,1
2147,Men,2024,Distance,2,1,1,1
2147,Men,2024,Jumps,1,0,1,1
2147,Men,2024,Throws,1,0,1,1
2147,Men,2024,Hurdles,1,0,1,1
3216,Men,2024,Sprints,1,0,1,1
3216,Men,2024,Distance,3,2,1,1
3216,Men,2024,Jumps,1,0,1,1
3216,Men,2024,Throws,1,0,1,1
3216,Men,2024,Hurdles,1,0,1,1
5022,Men,2024,Distance,1,0,1,1
5022,Men,2024,Jumps,1,0,1,1
5022,Men,2024,Throws,1,0,1,1
5022,Men,2024,Hurdles,1,0,1,1
5737,Men,2024,Sprints,1,0,1,1
5737,Men,2024,Distance,1,0,1,1
5737,Men,2024,Jumps,1,0,1,1
5737,Men,2024,Throws,1,0,1,1
5737,Men,2024,Hurdles,1,0,1,1
5739,Men,2024,Sprints,1,0,1,1
5739,Men,2024,Distance,1,0,1,1
5739,Men,2024,Jumps,1,0,1,1
5739,Men,2024,Throws,1,0,1,1
5739,Men,2024,Hurdles,1,0,1,1
5741,Men,2024,Sprints,3,3,0,1
4475,Men,2024,Sprints,3,2,1,1
5041,Men,2024,Sprints,1,1,0,1
5127,Men,2024,Sprints,2,2,0,1
4473,Men,2024,Sprints,2,1,1,1
4480,Men,2024,Sprints,2,2,0,1
5042,Men,2024,Sprints,3,2,1,1
5128,Men,2024,Sprints,3,2,1,1
960,Men,2024,Sprints,2,2,0,1
4649,Men,2024,Distance,1,0,1,1
4649,Men,2024,Jumps,1,0,1,1
4649,Men,2024,Throws,1,0,1,1
4649,Men,2024,Hurdles,1,0,1,1
4478,Men,2024,Sprints,2,1,1,1
4479,Men,2024,Sprints,2,1,1,1
4473,Men,2024,Distance,1,0,1,1
4473,Men,2024,Jumps,1,0,1,1
4473,Men,2024,Throws,1,0,1,1
4473,Men,2024,Hurdles,1,0,1,1
4475,Men,2024,Distance,1,0,1,1
4475,Men,2024,Jumps,1,0,1,1
4475,Men,2024,Throws,1,0,1,1
4475,Men,2024,Hurdles,1,0,1,1
4478,Men,2024,Distance,1,0,1,1
4478,Men,2024,Jumps,1,0,1,1
4478,Men,2024,Throws,1,0,1,1
4478,Men,2024,Hurdles,2,1,1,1
4479,Men,2024,Distance,1,0,1,1
4479,Men,2024,Jumps,1,0,1,1
4479,Men,2024,Throws,1,0,1,1
4479,Men,2024,Hurdles,1,0,1,1
5128,Men,2024,Distance,1,0,1,1
5128,Men,2024,Jumps,1,0,1,1
5128,Men,2024,Throws,1,0,1,1
5128,Men,2024,Hurdles,1,0,1,1
5126,Men,2024,Sprints,1,0,1,1
5126,Men,2024,Distance,1,0,1,1
5126,Men,2024,Jumps,1,0,1,1
5126,Men,2024,Throws,1,0,1,1
5126,Men,2024,Hurdles,1,0,1,1
5042,Men,2024,Distance,1,0,1,1
5042,Men,2024,Jumps,1,0,1,1
5042,Men,2024,Throws,1,0,1,1
5042,Men,2024,Hurdles,1,0,1,1
5742,Men,2024,Sprints,1,0,1,1
5742,Men,2024,Distance,1,0,1,1
5742,Men,2024,Jumps,1,0,1,1
5742,Men,2024,Throws,1,0,1,1
5742,Men,2024,Hurdles,1,0,1,1
3899,Men,2024,Sprints,5,3,2,2
5745,Men,2024,Sprints,3,2,1,2
5745,Men,2024,Distance,1,0,1,1
5745,Men,2024,Jumps,1,0,1,1
5745,Men,2024,Throws,1,0,1,1
5745,Men,2024,Hurdles,1,0,1,1
3023,Men,2024,Sprints,2,2,0,1
3852,Men,2024,Sprints,1,1,0,1
5597,Men,2024,Sprints,2,1,1,1
4416,Men,2024,Sprints,1,1,0,1
4415,Men,2024,Distance,1,0,1,1
4415,Men,2024,Jumps,1,0,1,1
4415,Men,2024,Throws,1,0,1,1
4415,Men,2024,Hurdles,1,0,1,1
3783,Men,2024,Sprints,3,2,1,1
3785,Men,2024,Sprints,2,2,0,1
2260,Men,2024,Sprints,1,0,1,1
2260,Men,2024,Distance,2,1,1,1
2260,Men,2024,Jumps,1,0,1,1
2260,Men,2024,Throws,1,0,1,1
2260,Men,2024,Hurdles,1,0,1,1
3783,Men,2024,Distance,1,0,1,1
3783,Men,2024,Jumps,1,0,1,1
3783,Men,2024,Throws,1,0,1,1
3783,Men,2024,Hurdles,3,2,1,2
18,Men,2024,Sprints,1,0,1,1
18,Men,2024,Distance,5,4,1,2
18,Men,2024,Jumps,1,0,1,1
18,Men,2024,Throws,1,0,1,1
18,Men,2024,Hurdles,1,0,1,1
2994,Men,2024,Sprints,1,0,1,1
2994,Men,2024,Distance,3,2,1,2
2994,Men,2024,Jumps,1,0,1,1
2994,Men,2024,Throws,1,0,1,1
2994,Men,2024,Hurdles,1,0,1,1
3782,Men,2024,Sprints,1,0,1,1
3782,Men,2024,Distance,3,2,1,2
3782,Men,2024,Jumps,1,0,1,1
3782,Men,2024,Throws,1,0,1,1
3782,Men,2024,Hurdles,1,0,1,1
4908,Men,2024,Sprints,1,0,1,1
4908,Men,2024,Distance,2,1,1,1
4908,Men,2024,Jumps,2,1,1,2
4908,Men,2024,Throws,1,0,1,1
4908,Men,2024,Hurdles,6,5,1,3
5761,Men,2024,Sprints,4,4,0,2
5762,Men,2024,Sprints,4,4,0,3
5148,Men,2024,Distance,1,0,1,1
5148,Men,2024,Jumps,1,0,1,1
5148,Men,2024,Throws,1,0,1,1
5148,Men,2024,Hurdles,1,0,1,1
5161,Men,2024,Sprints,3,0,3,3
5161,Men,2024,Distance,9,6,3,4
5161,Men,2024,Jumps,3,0,3,3
5161,Men,2024,Throws,3,0,3,3
5161,Men,2024,Hurdles,3,0,3,3
2306,Men,2024,Sprints,3,0,3,3
2306,Men,2024,Distance,9,6,3,4
2306,Men,2024,Jumps,3,0,3,3
2306,Men,2024,Throws,3,0,3,3
2306,Men,2024,Hurdles,3,0,3,3
2309,Men,2024,Sprints,3,0,3,3
2309,Men,2024,Distance,5,2,3,3
2309,Men,2024,Jumps,3,0,3,3
2309,Men,2024,Throws,3,0,3,3
2309,Men,2024,Hurdles,3,0,3,3
5768,Men,2024,Sprints,2,2,0,1
2896,Men,2024,Sprints,1,0,1,1
2896,Men,2024,Distance,3,2,1,2
2896,Men,2024,Jumps,1,0,1,1
2896,Men,2024,Throws,1,0,1,1
2896,Men,2024,Hurdles,1,0,1,1
4692,Men,2024,Sprints,1,0,1,1
4692,Men,2024,Distance,4,3,1,2
4692,Men,2024,Jumps,1,0,1,1
4692,Men,2024,Throws,1,0,1,1
4692,Men,2024,Hurdles,1,0,1,1
5769,Men,2024,Sprints,1,0,1,1
5769,Men,2024,Distance,1,0,1,1
5769,Men,2024,Jumps,1,0,1,1
5769,Men,2024,Throws,1,0,1,1
5769,Men,2024,Hurdles,1,0,1,1
5723,Men,2024,Sprints,2,2,0,2
5771,Men,2024,Sprints,2,2,0,2
5772,Men,2024,Sprints,2,0,2,1
5772,Men,2024,Distance,2,0,2,1
5772,Men,2024,Jumps,2,0,2,1
5772,Men,2024,Throws,2,0,2,1
5772,Men,2024,Hurdles,2,0,2,1
5773,Men,2024,Sprints,1,0,1,1
5773,Men,2024,Distance,1,0,1,1
5773,Men,2024,Jumps,1,0,1,1
5773,Men,2024,Throws,1,0,1,1
5773,Men,2024,Hurdles,1,0,1,1
5774,Men,2024,Sprints,1,0,1,1
5774,Men,2024,Distance,1,0,1,1
5774,Men,2024,Jumps,1,0,1,1
5774,Men,2024,Throws,1,0,1,1
5774,Men,2024,Hurdles,1,0,1,1
5775,Men,2024,Sprints,1,0,1,1
5775,Men,2024,Distance,1,0,1,1
5775,Men,2024,Jumps,1,0,1,1
5775,Men,2024,Throws,1,0,1,1
5775,Men,2024,Hurdles,1,0,1,1
5776,Men,2024,Sprints,1,0,1,1
5776,Men,2024,Distance,1,0,1,1
5776,Men,2024,Jumps,1,0,1,1
5776,Men,2024,Throws,1,0,1,1
5776,Men,2024,Hurdles,1,0,1,1
668,Men,2024,Sprints,1,0,1,1
668,Men,2024,Distance,2,1,1,2
668,Men,2024,Jumps,1,0,1,1
668,Men,2024,Throws,1,0,1,1
668,Men,2024,Hurdles,1,0,1,1
676,Men,2024,Sprints,2,0,2,2
676,Men,2024,Distance,7,5,2,4
676,Men,2024,Jumps,2,0,2,2
676,Men,2024,Throws,2,0,2,2
676,Men,2024,Hurdles,2,0,2,2
4715,Men,2024,Sprints,1,0,1,1
4715,Men,2024,Distance,4,3,1,3
4715,Men,2024,Jumps,1,0,1,1
4715,Men,2024,Throws,1,0,1,1
4715,Men,2024,Hurdles,1,0,1,1
677,Men,2024,Sprints,1,0,1,1
677,Men,2024,Distance,3,2,1,2
677,Men,2024,Jumps,1,0,1,1
677,Men,2024,Throws,1,0,1,1
677,Men,2024,Hurdles,1,0,1,1
5777,Men,2024,Sprints,1,1,0,1
5778,Men,2024,Sprints,1,0,1,1
5778,Men,2024,Distance,1,0,1,1
5778,Men,2024,Jumps,1,0,1,1
5778,Men,2024,Throws,1,0,1,1
5778,Men,2024,Hurdles,1,0,1,1
5779,Men,2024,Sprints,1,0,1,1
5779,Men,2024,Distance,1,0,1,1
5779,Men,2024,Jumps,1,0,1,1
5779,Men,2024,Throws,1,0,1,1
5779,Men,2024,Hurdles,1,0,1,1
5780,Men,2024,Sprints,1,0,1,1
5780,Men,2024,Distance,1,0,1,1
5780,Men,2024,Jumps,1,0,1,1
5780,Men,2024,Throws,1,0,1,1
5780,Men,2024,Hurdles,1,0,1,1
5781,Men,2024,Sprints,1,0,1,1
5781,Men,2024,Distance,1,0,1,1
5781,Men,2024,Jumps,1,0,1,1
5781,Men,2024,Throws,1,0,1,1
5781,Men,2024,Hurdles,1,0,1,1
3929,Men,2024,Sprints,2,2,0,1
3899,Men,2024,Distance,2,0,2,1
3899,Men,2024,Jumps,2,0,2,1
3899,Men,2024,Throws,2,0,2,1
3899,Men,2024,Hurdles,2,0,2,1
5784,Men,2024,Sprints,1,0,1,1
5784,Men,2024,Distance,1,0,1,1
5784,Men,2024,Jumps,1,0,1,1
5784,Men,2024,Throws,1,0,1,1
5784,Men,2024,Hurdles,1,0,1,1
4079,Men,2024,Sprints,1,0,1,1
4079,Men,2024,Distance,1,0,1,1
4079,Men,2024,Jumps,1,0,1,1
4079,Men,2024,Throws,1,0,1,1
4079,Men,2024,Hurdles,1,0,1,1
5785,Men,2024,Sprints,1,0,1,1
5785,Men,2024,Distance,1,0,1,1
5785,Men,2024,Jumps,1,0,1,1
5785,Men,2024,Throws,1,0,1,1
5785,Men,2024,Hurdles,1,0,1,1
5786,Men,2024,Sprints,1,0,1,1
5786,Men,2024,Distance,1,0,1,1
5786,Men,2024,Jumps,1,0,1,1
5786,Men,2024,Throws,1,0,1,1
5786,Men,2024,Hurdles,1,0,1,1
5791,Men,2024,Sprints,4,4,0,2
5792,Men,2024,Sprints,1,1,0,1
4623,Men,2024,Distance,2,0,2,2
4623,Men,2024,Jumps,2,0,2,2
4623,Men,2024,Throws,2,0,2,2
4623,Men,2024,Hurdles,3,1,2,3
3616,Men,2024,Sprints,2,2,0,1
26064,Men,2024,Sprints,1,1,0,1
5556,Men,2024,Distance,1,0,1,1
5556,Men,2024,Jumps,1,0,1,1
5556,Men,2024,Throws,1,0,1,1
5556,Men,2024,Hurdles,1,0,1,1
705,Men,2024,Sprints,1,0,1,1
705,Men,2024,Distance,10,9,1,6
705,Men,2024,Jumps,1,0,1,1
705,Men,2024,Throws,1,0,1,1
705,Men,2024,Hurdles,1,0,1,1
26364,Men,2024,Sprints,1,0,1,1
26364,Men,2024,Distance,1,0,1,1
26364,Men,2024,Jumps,1,0,1,1
26364,Men,2024,Throws,1,0,1,1
26364,Men,2024,Hurdles,1,0,1,1
5291,Men,2024,Distance,1,0,1,1
5291,Men,2024,Jumps,1,0,1,1
5291,Men,2024,Throws,1,0,1,1
5291,Men,2024,Hurdles,1,0,1,1
4605,Men,2024,Sprints,1,0,1,1
4605,Men,2024,Distance,1,0,1,1
4605,Men,2024,Jumps,1,0,1,1
4605,Men,2024,Throws,1,0,1,1
4605,Men,2024,Hurdles,1,0,1,1
5257,Men,2024,Distance,1,0,1,1
5257,Men,2024,Jumps,1,0,1,1
5257,Men,2024,Throws,1,0,1,1
5257,Men,2024,Hurdles,1,0,1,1
5256,Men,2024,Distance,1,0,1,1
5256,Men,2024,Jumps,1,0,1,1
5256,Men,2024,Throws,1,0,1,1
5256,Men,2024,Hurdles,1,0,1,1
5258,Men,2024,Distance,1,0,1,1
5258,Men,2024,Jumps,1,0,1,1
5258,Men,2024,Throws,1,0,1,1
5258,Men,2024,Hurdles,1,0,1,1
5259,Men,2024,Distance,1,0,1,1
5259,Men,2024,Jumps,1,0,1,1
5259,Men,2024,Throws,1,0,1,1
5259,Men,2024,Hurdles,1,0,1,1
6849,Men,2024,Sprints,1,1,0,1
4042,Men,2024,Distance,1,0,1,1
4042,Men,2024,Jumps,3,2,1,2
4042,Men,2024,Throws,1,0,1,1
4042,Men,2024,Hurdles,1,0,1,1
5140,Men,2024,Distance,1,0,1,1
5140,Men,2024,Jumps,1,0,1,1
5140,Men,2024,Throws,1,0,1,1
5140,Men,2024,Hurdles,1,0,1,1
3298,Men,2024,Sprints,1,0,1,1
3298,Men,2024,Distance,1,0,1,1
3298,Men,2024,Jumps,1,0,1,1
3298,Men,2024,Throws,1,0,1,1
3298,Men,2024,Hurdles,1,0,1,1
4060,Men,2024,Distance,1,0,1,1
4060,Men,2024,Jumps,1,0,1,1
4060,Men,2024,Throws,1,0,1,1
4060,Men,2024,Hurdles,1,0,1,1
3303,Men,2024,Sprints,1,0,1,1
3303,Men,2024,Distance,1,0,1,1
3303,Men,2024,Jumps,1,0,1,1
3303,Men,2024,Throws,1,0,1,1
3303,Men,2024,Hurdles,1,0,1,1
5167,Men,2024,Sprints,1,0,1,1
5167,Men,2024,Distance,2,1,1,2
5167,Men,2024,Jumps,1,0,1,1
5167,Men,2024,Throws,1,0,1,1
5167,Men,2024,Hurdles,1,0,1,1
4460,Men,2024,Distance,2,1,1,1
4460,Men,2024,Jumps,1,0,1,1
4460,Men,2024,Throws,1,0,1,1
4460,Men,2024,Hurdles,1,0,1,1
5287,Men,2024,Sprints,1,0,1,1
5287,Men,2024,Distance,1,0,1,1
5287,Men,2024,Jumps,1,0,1,1
5287,Men,2024,Throws,1,0,1,1
5287,Men,2024,Hurdles,1,0,1,1
5708,Men,2024,Sprints,1,0,1,1
5708,Men,2024,Distance,4,3,1,2
5708,Men,2024,Jumps,1,0,1,1
5708,Men,2024,Throws,1,0,1,1
5708,Men,2024,Hurdles,1,0,1,1
674,Men,2024,Sprints,1,0,1,1
674,Men,2024,Distance,8,7,1,5
674,Men,2024,Jumps,1,0,1,1
674,Men,2024,Throws,1,0,1,1
674,Men,2024,Hurdles,1,0,1,1
2173,Men,2024,Sprints,1,0,1,1
2173,Men,2024,Distance,3,2,1,2
2173,Men,2024,Jumps,1,0,1,1
2173,Men,2024,Throws,1,0,1,1
2173,Men,2024,Hurdles,1,0,1,1
4421,Men,2024,Distance,1,0,1,1
4421,Men,2024,Jumps,1,0,1,1
4421,Men,2024,Throws,1,0,1,1
4421,Men,2024,Hurdles,1,0,1,1
5597,Men,2024,Distance,1,0,1,1
5597,Men,2024,Jumps,2,1,1,1
5597,Men,2024,Throws,2,1,1,1
5597,Men,2024,Hurdles,1,0,1,1
1072,Women,2024,Sprints,1,1,0,1
3533,Women,2024,Sprints,4,3,1,3
4645,Women,2024,Sprints,5,5,0,2
3537,Women,2024,Sprints,2,2,0,2
7631,Women,2024,Sprints,2,2,0,1
3530,Women,2024,Sprints,10,6,4,3
3848,Women,2024,Sprints,5,1,4,4
3529,Women,2024,Sprints,7,5,2,4
3532,Women,2024,Sprints,8,3,5,4
4981,Women,2024,Sprints,9,4,5,4
4646,Women,2024,Sprints,2,2,0,2
1732,Women,2024,Sprints,2,1,1,2
5065,Women,2024,Sprints,2,1,1,2
4151,Women,2024,Sprints,1,1,0,1
3532,Women,2024,Distance,5,0,5,4
3532,Women,2024,Jumps,5,0,5,4
3532,Women,2024,Throws,5,0,5,4
3532,Women,2024,Hurdles,5,0,5,4
2081,Women,2024,Sprints,7,2,5,4
2081,Women,2024,Distance,8,3,5,4
2081,Women,2024,Jumps,5,0,5,4
2081,Women,2024,Throws,5,0,5,4
2081,Women,2024,Hurdles,6,1,5,4
4981,Women,2024,Distance,5,0,5,4
4981,Women,2024,Jumps,5,0,5,4
4981,Women,2024,Throws,5,0,5,4
4981,Women,2024,Hurdles,5,0,5,4
3530,Women,2024,Distance,4,0,4,3
3530,Women,2024,Jumps,4,0,4,3
3530,Women,2024,Throws,4,0,4,3
3530,Women,2024,Hurdles,4,0,4,3
5142,Women,2024,Sprints,2,2,0,1
5176,Women,2024,Sprints,5,5,0,3
5177,Women,2024,Sprints,4,4,0,2
5178,Women,2024,Sprints,4,3,1,2
5179,Women,2024,Sprints,2,2,0,2
5185,Women,2024,Sprints,1,1,0,1
4051,Women,2024,Sprints,2,2,0,2
4054,Women,2024,Sprints,4,3,1,2
5188,Women,2024,Sprints,2,2,0,1
4257,Women,2024,Sprints,11,7,4,3
5199,Women,2024,Sprints,5,4,1,2
5200,Women,2024,Sprints,4,2,2,2
4258,Women,2024,Sprints,10,7,3,3
5200,Women,2024,Distance,2,0,2,2
5200,Women,2024,Jumps,3,1,2,2
5200,Women,2024,Throws,3,1,2,3
5200,Women,2024,Hurdles,2,0,2,2
4257,Women,2024,Distance,4,0,4,3
4257,Women,2024,Jumps,4,0,4,3
4257,Women,2024,Throws,4,0,4,3
4257,Women,2024,Hurdles,4,0,4,3
5195,Women,2024,Sprints,5,1,4,3
5195,Women,2024,Distance,4,0,4,3
5195,Women,2024,Jumps,4,0,4,3
5195,Women,2024,Throws,4,0,4,3
5195,Women,2024,Hurdles,8,4,4,3
4258,Women,2024,Distance,3,0,3,2
4258,Women,2024,Jumps,3,0,3,2
4258,Women,2024,Throws,3,0,3,2
4258,Women,2024,Hurdles,3,0,3,2
5193,Women,2024,Sprints,1,1,0,1
582,Women,2024,Sprints,9,6,3,3
1478,Women,2024,Sprints,7,7,0,4
4273,Women,2024,Sprints,1,1,0,1
5262,Women,2024,Sprints,3,3,0,2
2524,Women,2024,Sprints,1,1,0,1
5263,Women,2024,Sprints,1,1,0,1
2536,Women,2024,Sprints,1,1,0,1
4267,Women,2024,Sprints,9,6,3,4
4679,Women,2024,Sprints,3,2,1,1
648,Women,2024,Sprints,9,4,5,4
4285,Women,2024,Sprints,9,5,4,5
648,Women,2024,Distance,8,3,5,4
648,Women,2024,Jumps,8,3,5,4
648,Women,2024,Throws,5,0,5,4
648,Women,2024,Hurdles,6,1,5,4
4267,Women,2024,Distance,3,0,3,3
4267,Women,2024,Jumps,3,0,3,3
4267,Women,2024,Throws,3,0,3,3
4267,Women,2024,Hurdles,3,0,3,3
4679,Women,2024,Distance,1,0,1,1
4679,Women,2024,Jumps,1,0,1,1
4679,Women,2024,Throws,1,0,1,1
4679,Women,2024,Hurdles,1,0,1,1
4285,Women,2024,Distance,8,4,4,4
4285,Women,2024,Jumps,4,0,4,4
4285,Women,2024,Throws,4,0,4,4
4285,Women,2024,Hurdles,4,0,4,4
3658,Women,2024,Sprints,7,6,1,2
3649,Women,2024,Sprints,8,5,3,3
3655,Women,2024,Sprints,8,6,2,4
5268,Women,2024,Sprints,5,5,0,2
3650,Women,2024,Sprints,18,14,4,6
3648,Women,2024,Sprints,9,7,2,4
3651,Women,2024,Sprints,2,1,1,1
3649,Women,2024,Distance,3,0,3,3
3649,Women,2024,Jumps,3,0,3,3
3649,Women,2024,Throws,3,0,3,3
3649,Women,2024,Hurdles,3,0,3,3
3650,Women,2024,Distance,4,0,4,3
3650,Women,2024,Jumps,4,0,4,3
3650,Women,2024,Throws,4,0,4,3
3650,Women,2024,Hurdles,4,0,4,3
3658,Women,2024,Distance,1,0,1,1
3658,Women,2024,Jumps,1,0,1,1
3658,Women,2024,Throws,1,0,1,1
3658,Women,2024,Hurdles,1,0,1,1
3657,Women,2024,Sprints,4,1,3,4
3657,Women,2024,Distance,3,0,3,3
3657,Women,2024,Jumps,12,9,3,5
3657,Women,2024,Throws,3,0,3,3
3657,Women,2024,Hurdles,3,0,3,3
1054,Women,2024,Sprints,2,0,2,2
1054,Women,2024,Distance,2,0,2,2
1054,Women,2024,Jumps,2,0,2,2
1054,Women,2024,Throws,2,0,2,2
1054,Women,2024,Hurdles,6,4,2,2
3651,Women,2024,Distance,1,0,1,1
3651,Women,2024,Jumps,1,0,1,1
3651,Women,2024,Throws,1,0,1,1
3651,Women,2024,Hurdles,1,0,1,1
3648,Women,2024,Distance,2,0,2,2
3648,Women,2024,Jumps,2,0,2,2
3648,Women,2024,Throws,2,0,2,2
3648,Women,2024,Hurdles,2,0,2,2
4260,Women,2024,Sprints,6,3,3,3
5208,Women,2024,Sprints,6,3,3,3
5194,Women,2024,Sprints,5,3,2,2
663,Women,2024,Sprints,5,1,4,3
5194,Women,2024,Distance,2,0,2,2
5194,Women,2024,Jumps,2,0,2,2
5194,Women,2024,Throws,2,0,2,2
5194,Women,2024,Hurdles,5,3,2,3
5280,Women,2024,Sprints,2,0,2,2
5280,Women,2024,Distance,2,0,2,2
5280,Women,2024,Jumps,2,0,2,2
5280,Women,2024,Throws,2,0,2,2
5280,Women,2024,Hurdles,2,0,2,2
4260,Women,2024,Distance,3,0,3,3
4260,Women,2024,Jumps,9,6,3,3
4260,Women,2024,Throws,3,0,3,3
4260,Women,2024,Hurdles,3,0,3,3
582,Women,2024,Distance,13,10,3,4
582,Women,2024,Jumps,3,0,3,2
582,Women,2024,Throws,3,0,3,2
582,Women,2024,Hurdles,7,4,3,3
5208,Women,2024,Distance,3,0,3,3
5208,Women,2024,Jumps,8,5,3,4
5208,Women,2024,Throws,3,0,3,3
5208,Women,2024,Hurdles,3,0,3,3
4259,Women,2024,Sprints,4,1,3,2
4259,Women,2024,Distance,3,0,3,2
4259,Women,2024,Jumps,11,8,3,3
4259,Women,2024,Throws,4,1,3,2
4259,Women,2024,Hurdles,4,1,3,2
3795,Women,2024,Sprints,6,5,1,3
3566,Women,2024,Sprints,4,3,1,3
4600,Women,2024,Sprints,2,2,0,1
4753,Women,2024,Sprints,2,2,0,2
3972,Women,2024,Sprints,7,5,2,2
4090,Women,2024,Sprints,2,1,1,1
3966,Women,2024,Sprints,4,2,2,2
3977,Women,2024,Sprints,1,1,0,1
3976,Women,2024,Sprints,3,1,2,2
3976,Women,2024,Distance,2,0,2,2
3976,Women,2024,Jumps,3,1,2,3
3976,Women,2024,Throws,4,2,2,3
3976,Women,2024,Hurdles,4,2,2,2
4090,Women,2024,Distance,1,0,1,1
4090,Women,2024,Jumps,5,4,1,2
4090,Women,2024,Throws,2,1,1,2
4090,Women,2024,Hurdles,1,0,1,1
3966,Women,2024,Distance,2,0,2,2
3966,Women,2024,Jumps,5,3,2,3
3966,Women,2024,Throws,2,0,2,2
3966,Women,2024,Hurdles,3,1,2,3
3972,Women,2024,Distance,2,0,2,2
3972,Women,2024,Jumps,2,0,2,2
3972,Women,2024,Throws,3,1,2,3
3972,Women,2024,Hurdles,3,1,2,3
3973,Women,2024,Sprints,4,4,0,3
3638,Women,2024,Sprints,5,5,0,3
4266,Women,2024,Sprints,2,2,0,1
2424,Women,2024,Sprints,4,4,0,2
3100,Women,2024,Sprints,2,2,0,2
3109,Women,2024,Sprints,3,2,1,2
4688,Women,2024,Sprints,1,1,0,1
2715,Women,2024,Sprints,1,1,0,1
4673,Women,2024,Sprints,2,2,0,2
3581,Women,2024,Sprints,4,3,1,2
5301,Women,2024,Sprints,3,3,0,3
4686,Women,2024,Sprints,1,1,0,1
4678,Women,2024,Sprints,2,2,0,1
5350,Women,2024,Sprints,3,3,0,1
4559,Women,2024,Sprints,3,3,0,2
5352,Women,2024,Sprints,2,1,1,1
4289,Women,2024,Sprints,6,5,1,3
5354,Women,2024,Sprints,2,1,1,1
5355,Women,2024,Sprints,2,1,1,1
5351,Women,2024,Sprints,1,1,0,1
5352,Women,2024,Distance,1,0,1,1
5352,Women,2024,Jumps,1,0,1,1
5352,Women,2024,Throws,1,0,1,1
5352,Women,2024,Hurdles,1,0,1,1
5178,Women,2024,Distance,1,0,1,1
5178,Women,2024,Jumps,1,0,1,1
5178,Women,2024,Throws,1,0,1,1
5178,Women,2024,Hurdles,1,0,1,1
5355,Women,2024,Distance,1,0,1,1
5355,Women,2024,Jumps,1,0,1,1
5355,Women,2024,Throws,1,0,1,1
5355,Women,2024,Hurdles,1,0,1,1
5354,Women,2024,Distance,1,0,1,1
5354,Women,2024,Jumps,1,0,1,1
5354,Women,2024,Throws,1,0,1,1
5354,Women,2024,Hurdles,1,0,1,1
5370,Women,2024,Sprints,2,2,0,1
4983,Women,2024,Sprints,2,2,0,1
3525,Women,2024,Sprints,4,1,3,3
3848,Women,2024,Distance,4,0,4,3
3848,Women,2024,Jumps,4,0,4,3
3848,Women,2024,Throws,4,0,4,3
3848,Women,2024,Hurdles,5,1,4,3
5388,Women,2024,Sprints,3,0,3,2
5388,Women,2024,Distance,3,0,3,2
5388,Women,2024,Jumps,3,0,3,2
5388,Women,2024,Throws,3,0,3,2
5388,Women,2024,Hurdles,3,0,3,2
2384,Women,2024,Sprints,2,0,2,2
2384,Women,2024,Distance,4,2,2,2
2384,Women,2024,Jumps,3,1,2,2
2384,Women,2024,Throws,2,0,2,2
2384,Women,2024,Hurdles,2,0,2,2
662,Women,2024,Sprints,3,1,2,1
662,Women,2024,Distance,2,0,2,1
662,Women,2024,Jumps,2,0,2,1
662,Women,2024,Throws,2,0,2,1
662,Women,2024,Hurdles,2,0,2,1
588,Women,2024,Sprints,1,0,1,1
588,Women,2024,Distance,3,2,1,2
588,Women,2024,Jumps,1,0,1,1
588,Women,2024,Throws,1,0,1,1
588,Women,2024,Hurdles,1,0,1,1
3586,Women,2024,Sprints,2,1,1,2
4115,Women,2024,Sprints,4,2,2,2
2381,Women,2024,Sprints,2,2,0,2
5393,Women,2024,Sprints,2,2,0,1
4249,Women,2024,Sprints,5,2,3,2
2414,Women,2024,Sprints,2,1,1,1
620,Women,2024,Sprints,3,0,3,3
620,Women,2024,Distance,6,3,3,4
620,Women,2024,Jumps,3,0,3,3
620,Women,2024,Throws,3,0,3,3
620,Women,2024,Hurdles,3,0,3,3
4117,Women,2024,Sprints,1,0,1,1
4117,Women,2024,Distance,3,2,1,3
4117,Women,2024,Jumps,1,0,1,1
4117,Women,2024,Throws,1,0,1,1
4117,Women,2024,Hurdles,1,0,1,1
2749,Women,2024,Sprints,1,0,1,1
2749,Women,2024,Distance,1,0,1,1
2749,Women,2024,Jumps,1,0,1,1
2749,Women,2024,Throws,1,0,1,1
2749,Women,2024,Hurdles,1,0,1,1
749,Women,2024,Sprints,1,0,1,1
749,Women,2024,Distance,1,0,1,1
749,Women,2024,Jumps,1,0,1,1
749,Women,2024,Throws,1,0,1,1
749,Women,2024,Hurdles,1,0,1,1
3002,Women,2024,Sprints,2,0,2,2
3002,Women,2024,Distance,7,5,2,4
3002,Women,2024,Jumps,2,0,2,2
3002,Women,2024,Throws,2,0,2,2
3002,Women,2024,Hurdles,2,0,2,2
4115,Women,2024,Distance,3,1,2,2
4115,Women,2024,Jumps,2,0,2,2
4115,Women,2024,Throws,2,0,2,2
4115,Women,2024,Hurdles,2,0,2,2
2727,Women,2024,Sprints,1,0,1,1
2727,Women,2024,Distance,1,0,1,1
2727,Women,2024,Jumps,1,0,1,1
2727,Women,2024,Throws,1,0,1,1
2727,Women,2024,Hurdles,1,0,1,1
721,Women,2024,Sprints,1,0,1,1
721,Women,2024,Distance,1,0,1,1
721,Women,2024,Jumps,1,0,1,1
721,Women,2024,Throws,1,0,1,1
721,Women,2024,Hurdles,1,0,1,1
633,Women,2024,Sprints,1,0,1,1
633,Women,2024,Distance,2,1,1,1
633,Women,2024,Jumps,2,1,1,1
633,Women,2024,Throws,1,0,1,1
633,Women,2024,Hurdles,1,0,1,1
2480,Women,2024,Sprints,1,0,1,1
2480,Women,2024,Distance,1,0,1,1
2480,Women,2024,Jumps,1,0,1,1
2480,Women,2024,Throws,1,0,1,1
2480,Women,2024,Hurdles,1,0,1,1
4700,Women,2024,Sprints,1,0,1,1
4700,Women,2024,Distance,1,0,1,1
4700,Women,2024,Jumps,1,0,1,1
4700,Women,2024,Throws,1,0,1,1
4700,Women,2024,Hurdles,1,0,1,1
613,Women,2024,Sprints,1,0,1,1
613,Women,2024,Distance,1,0,1,1
613,Women,2024,Jumps,1,0,1,1
613,Women,2024,Throws,1,0,1,1
613,Women,2024,Hurdles,1,0,1,1
5386,Women,2024,Sprints,1,0,1,1
5386,Women,2024,Distance,2,1,1,1
5386,Women,2024,Jumps,1,0,1,1
5386,Women,2024,Throws,1,0,1,1
5386,Women,2024,Hurdles,1,0,1,1
747,Women,2024,Sprints,1,0,1,1
747,Women,2024,Distance,1,0,1,1
747,Women,2024,Jumps,1,0,1,1
747,Women,2024,Throws,1,0,1,1
747,Women,2024,Hurdles,1,0,1,1
5397,Women,2024,Sprints,1,0,1,1
5397,Women,2024,Distance,1,0,1,1
5397,Women,2024,Jumps,1,0,1,1
5397,Women,2024,Throws,1,0,1,1
5397,Women,2024,Hurdles,1,0,1,1
5398,Women,2024,Sprints,1,0,1,1
5398,Women,2024,Distance,1,0,1,1
5398,Women,2024,Jumps,1,0,1,1
5398,Women,2024,Throws,1,0,1,1
5398,Women,2024,Hurdles,1,0,1,1
5399,Women,2024,Sprints,1,0,1,1
5399,Women,2024,Distance,1,0,1,1
5399,Women,2024,Jumps,1,0,1,1
5399,Women,2024,Throws,1,0,1,1
5399,Women,2024,Hurdles,1,0,1,1
624,Women,2024,Sprints,1,0,1,1
624,Women,2024,Distance,1,0,1,1
624,Women,2024,Jumps,1,0,1,1
624,Women,2024,Throws,1,0,1,1
624,Women,2024,Hurdles,1,0,1,1
731,Women,2024,Sprints,1,0,1,1
731,Women,2024,Distance,1,0,1,1
731,Women,2024,Jumps,1,0,1,1
731,Women,2024,Throws,1,0,1,1
731,Women,2024,Hurdles,1,0,1,1
3116,Women,2024,Sprints,3,0,3,3
3116,Women,2024,Distance,7,4,3,3
3116,Women,2024,Jumps,3,0,3,3
3116,Women,2024,Throws,3,0,3,3
3116,Women,2024,Hurdles,3,0,3,3
728,Women,2024,Sprints,1,0,1,1
728,Women,2024,Distance,1,0,1,1
728,Women,2024,Jumps,1,0,1,1
728,Women,2024,Throws,1,0,1,1
728,Women,2024,Hurdles,1,0,1,1
573,Women,2024,Sprints,3,0,3,3
573,Women,2024,Distance,6,3,3,4
573,Women,2024,Jumps,3,0,3,3
573,Women,2024,Throws,3,0,3,3
573,Women,2024,Hurdles,3,0,3,3
689,Women,2024,Sprints,1,0,1,1
689,Women,2024,Distance,1,0,1,1
689,Women,2024,Jumps,1,0,1,1
689,Women,2024,Throws,1,0,1,1
689,Women,2024,Hurdles,1,0,1,1
4249,Women,2024,Distance,3,0,3,2
4249,Women,2024,Jumps,3,0,3,2
4249,Women,2024,Throws,3,0,3,2
4249,Women,2024,Hurdles,3,0,3,2
2414,Women,2024,Distance,1,0,1,1
2414,Women,2024,Jumps,2,1,1,1
2414,Women,2024,Throws,1,0,1,1
2414,Women,2024,Hurdles,1,0,1,1
4689,Women,2024,Sprints,1,0,1,1
4689,Women,2024,Distance,1,0,1,1
4689,Women,2024,Jumps,1,0,1,1
4689,Women,2024,Throws,1,0,1,1
4689,Women,2024,Hurdles,1,0,1,1
2453,Women,2024,Sprints,1,0,1,1
2453,Women,2024,Distance,1,0,1,1
2453,Women,2024,Jumps,1,0,1,1
2453,Women,2024,Throws,1,0,1,1
2453,Women,2024,Hurdles,1,0,1,1
4702,Women,2024,Sprints,1,0,1,1
4702,Women,2024,Distance,1,0,1,1
4702,Women,2024,Jumps,1,0,1,1
4702,Women,2024,Throws,1,0,1,1
4702,Women,2024,Hurdles,1,0,1,1
623,Women,2024,Sprints,2,0,2,2
623,Women,2024,Distance,3,1,2,2
623,Women,2024,Jumps,4,2,2,2
623,Women,2024,Throws,2,0,2,2
623,Women,2024,Hurdles,2,0,2,2
804,Women,2024,Sprints,1,0,1,1
804,Women,2024,Distance,1,0,1,1
804,Women,2024,Jumps,1,0,1,1
804,Women,2024,Throws,1,0,1,1
804,Women,2024,Hurdles,1,0,1,1
6458,Women,2024,Sprints,1,0,1,1
6458,Women,2024,Distance,2,1,1,2
6458,Women,2024,Jumps,1,0,1,1
6458,Women,2024,Throws,1,0,1,1
6458,Women,2024,Hurdles,1,0,1,1
1533,Women,2024,Sprints,1,0,1,1
1533,Women,2024,Distance,1,0,1,1
1533,Women,2024,Jumps,1,0,1,1
1533,Women,2024,Throws,1,0,1,1
1533,Women,2024,Hurdles,1,0,1,1
4348,Women,2024,Sprints,1,0,1,1
4348,Women,2024,Distance,1,0,1,1
4348,Women,2024,Jumps,1,0,1,1
4348,Women,2024,Throws,1,0,1,1
4348,Women,2024,Hurdles,1,0,1,1
2702,Women,2024,Sprints,1,0,1,1
2702,Women,2024,Distance,3,2,1,2
2702,Women,2024,Jumps,1,0,1,1
2702,Women,2024,Throws,1,0,1,1
2702,Women,2024,Hurdles,1,0,1,1
574,Women,2024,Sprints,1,0,1,1
574,Women,2024,Distance,2,1,1,1
574,Women,2024,Jumps,1,0,1,1
574,Women,2024,Throws,1,0,1,1
574,Women,2024,Hurdles,1,0,1,1
4114,Women,2024,Sprints,1,0,1,1
4114,Women,2024,Distance,5,4,1,3
4114,Women,2024,Jumps,1,0,1,1
4114,Women,2024,Throws,1,0,1,1
4114,Women,2024,Hurdles,1,0,1,1
727,Women,2024,Sprints,1,0,1,1
727,Women,2024,Distance,1,0,1,1
727,Women,2024,Jumps,1,0,1,1
727,Women,2024,Throws,1,0,1,1
727,Women,2024,Hurdles,1,0,1,1
5396,Women,2024,Sprints,1,0,1,1
5396,Women,2024,Distance,1,0,1,1
5396,Women,2024,Jumps,1,0,1,1
5396,Women,2024,Throws,1,0,1,1
5396,Women,2024,Hurdles,1,0,1,1
3798,Women,2024,Sprints,4,2,2,2
4105,Women,2024,Sprints,7,6,1,3
4102,Women,2024,Sprints,4,3,1,2
3563,Women,2024,Sprints,5,4,1,3
5423,Women,2024,Sprints,3,2,1,1
2674,Women,2024,Sprints,2,1,1,1
5424,Women,2024,Sprints,1,1,0,1
5425,Women,2024,Sprints,1,1,0,1
5438,Women,2024,Sprints,2,0,2,1
5438,Women,2024,Distance,2,0,2,1
5438,Women,2024,Jumps,2,0,2,1
5438,Women,2024,Throws,2,0,2,1
5438,Women,2024,Hurdles,2,0,2,1
5432,Women,2024,Sprints,2,0,2,1
5432,Women,2024,Distance,3,1,2,1
5432,Women,2024,Jumps,2,0,2,1
5432,Women,2024,Throws,2,0,2,1
5432,Women,2024,Hurdles,2,0,2,1
5427,Women,2024,Sprints,2,0,2,1
5427,Women,2024,Distance,3,1,2,1
5427,Women,2024,Jumps,2,0,2,1
5427,Women,2024,Throws,2,0,2,1
5427,Women,2024,Hurdles,2,0,2,1
5430,Women,2024,Sprints,1,0,1,1
5430,Women,2024,Distance,3,2,1,1
5430,Women,2024,Jumps,1,0,1,1
5430,Women,2024,Throws,1,0,1,1
5430,Women,2024,Hurdles,1,0,1,1
5429,Women,2024,Sprints,1,0,1,1
5429,Women,2024,Distance,2,1,1,1
5429,Women,2024,Jumps,1,0,1,1
5429,Women,2024,Throws,1,0,1,1
5429,Women,2024,Hurdles,1,0,1,1
2674,Women,2024,Distance,2,1,1,1
2674,Women,2024,Jumps,1,0,1,1
2674,Women,2024,Throws,1,0,1,1
2674,Women,2024,Hurdles,1,0,1,1
5439,Women,2024,Sprints,1,0,1,1
5439,Women,2024,Distance,1,0,1,1
5439,Women,2024,Jumps,1,0,1,1
5439,Women,2024,Throws,1,0,1,1
5439,Women,2024,Hurdles,1,0,1,1
5433,Women,2024,Sprints,1,0,1,1
5433,Women,2024,Distance,2,1,1,1
5433,Women,2024,Jumps,1,0,1,1
5433,Women,2024,Throws,1,0,1,1
5433,Women,2024,Hurdles,1,0,1,1
5426,Women,2024,Sprints,1,0,1,1
5426,Women,2024,Distance,2,1,1,1
5426,Women,2024,Jumps,1,0,1,1
5426,Women,2024,Throws,1,0,1,1
5426,Women,2024,Hurdles,1,0,1,1
5423,Women,2024,Distance,1,0,1,1
5423,Women,2024,Jumps,1,0,1,1
5423,Women,2024,Throws,1,0,1,1
5423,Women,2024,Hurdles,1,0,1,1
5441,Women,2024,Sprints,1,0,1,1
5441,Women,2024,Distance,1,0,1,1
5441,Women,2024,Jumps,1,0,1,1
5441,Women,2024,Throws,1,0,1,1
5441,Women,2024,Hurdles,1,0,1,1
5442,Women,2024,Sprints,1,0,1,1
5442,Women,2024,Distance,1,0,1,1
5442,Women,2024,Jumps,1,0,1,1
5442,Women,2024,Throws,1,0,1,1
5442,Women,2024,Hurdles,1,0,1,1
2670,Women,2024,Sprints,1,0,1,1
2670,Women,2024,Distance,1,0,1,1
2670,Women,2024,Jumps,1,0,1,1
2670,Women,2024,Throws,1,0,1,1
2670,Women,2024,Hurdles,1,0,1,1
5480,Women,2024,Sprints,5,3,2,2
4261,Women,2024,Sprints,5,3,2,2
5480,Women,2024,Distance,2,0,2,2
5480,Women,2024,Jumps,2,0,2,2
5480,Women,2024,Throws,2,0,2,2
5480,Women,2024,Hurdles,2,0,2,2
5484,Women,2024,Sprints,2,2,0,1
3533,Women,2024,Distance,1,0,1,1
3533,Women,2024,Jumps,4,3,1,2
3533,Women,2024,Throws,1,0,1,1
3533,Women,2024,Hurdles,1,0,1,1
4964,Women,2024,Sprints,1,0,1,1
4964,Women,2024,Distance,1,0,1,1
4964,Women,2024,Jumps,1,0,1,1
4964,Women,2024,Throws,1,0,1,1
4964,Women,2024,Hurdles,1,0,1,1
5487,Women,2024,Sprints,1,0,1,1
5487,Women,2024,Distance,1,0,1,1
5487,Women,2024,Jumps,1,0,1,1
5487,Women,2024,Throws,1,0,1,1
5487,Women,2024,Hurdles,1,0,1,1
1776,Women,2024,Sprints,2,1,1,2
1776,Women,2024,Distance,3,2,1,2
1776,Women,2024,Jumps,1,0,1,1
1776,Women,2024,Throws,1,0,1,1
1776,Women,2024,Hurdles,1,0,1,1
3933,Women,2024,Sprints,6,5,1,4
3934,Women,2024,Sprints,6,6,0,3
3935,Women,2024,Sprints,2,2,0,2
3940,Women,2024,Sprints,6,6,0,4
3938,Women,2024,Sprints,3,2,1,2
4242,Women,2024,Sprints,12,9,3,4
4243,Women,2024,Sprints,12,9,3,4
4489,Women,2024,Sprints,4,3,1,2
4245,Women,2024,Sprints,8,7,1,4
4242,Women,2024,Distance,3,0,3,2
4242,Women,2024,Jumps,5,2,3,4
4242,Women,2024,Throws,3,0,3,2
4242,Women,2024,Hurdles,3,0,3,2
4243,Women,2024,Distance,3,0,3,2
4243,Women,2024,Jumps,3,0,3,2
4243,Women,2024,Throws,3,0,3,2
4243,Women,2024,Hurdles,3,0,3,2
4489,Women,2024,Distance,1,0,1,1
4489,Women,2024,Jumps,1,0,1,1
4489,Women,2024,Throws,1,0,1,1
4489,Women,2024,Hurdles,1,0,1,1
4290,Women,2024,Sprints,3,2,1,3
4290,Women,2024,Distance,1,0,1,1
4290,Women,2024,Jumps,6,5,1,4
4290,Women,2024,Throws,1,0,1,1
4290,Women,2024,Hurdles,1,0,1,1
3813,Women,2024,Sprints,3,2,1,1
5491,Women,2024,Sprints,3,2,1,1
3817,Women,2024,Sprints,4,2,2,1
3818,Women,2024,Sprints,5,2,3,2
5492,Women,2024,Sprints,1,1,0,1
3825,Women,2024,Sprints,3,0,3,2
3825,Women,2024,Distance,3,0,3,2
3825,Women,2024,Jumps,6,3,3,2
3825,Women,2024,Throws,3,0,3,2
3825,Women,2024,Hurdles,5,2,3,2
3813,Women,2024,Distance,1,0,1,1
3813,Women,2024,Jumps,1,0,1,1
3813,Women,2024,Throws,1,0,1,1
3813,Women,2024,Hurdles,1,0,1,1
3817,Women,2024,Distance,2,0,2,1
3817,Women,2024,Jumps,2,0,2,1
3817,Women,2024,Throws,2,0,2,1
3817,Women,2024,Hurdles,2,0,2,1
3818,Women,2024,Distance,3,0,3,2
3818,Women,2024,Jumps,3,0,3,2
3818,Women,2024,Throws,3,0,3,2
3818,Women,2024,Hurdles,3,0,3,2
5494,Women,2024,Sprints,2,1,1,2
5494,Women,2024,Distance,1,0,1,1
5494,Women,2024,Jumps,1,0,1,1
5494,Women,2024,Throws,1,0,1,1
5494,Women,2024,Hurdles,3,2,1,2
1928,Women,2024,Sprints,1,0,1,1
1928,Women,2024,Distance,3,2,1,2
1928,Women,2024,Jumps,1,0,1,1
1928,Women,2024,Throws,1,0,1,1
1928,Women,2024,Hurdles,1,0,1,1
5491,Women,2024,Distance,1,0,1,1
5491,Women,2024,Jumps,1,0,1,1
5491,Women,2024,Throws,1,0,1,1
5491,Women,2024,Hurdles,1,0,1,1
1966,Women,2024,Sprints,2,0,2,2
1966,Women,2024,Distance,4,2,2,2
1966,Women,2024,Jumps,2,0,2,2
1966,Women,2024,Throws,2,0,2,2
1966,Women,2024,Hurdles,2,0,2,2
3862,Women,2024,Sprints,1,0,1,1
3862,Women,2024,Distance,2,1,1,1
3862,Women,2024,Jumps,1,0,1,1
3862,Women,2024,Throws,1,0,1,1
3862,Women,2024,Hurdles,1,0,1,1
5495,Women,2024,Sprints,1,0,1,1
5495,Women,2024,Distance,1,0,1,1
5495,Women,2024,Jumps,1,0,1,1
5495,Women,2024,Throws,1,0,1,1
5495,Women,2024,Hurdles,1,0,1,1
1931,Women,2024,Sprints,1,0,1,1
1931,Women,2024,Distance,4,3,1,2
1931,Women,2024,Jumps,1,0,1,1
1931,Women,2024,Throws,1,0,1,1
1931,Women,2024,Hurdles,1,0,1,1
1967,Women,2024,Sprints,1,0,1,1
1967,Women,2024,Distance,4,3,1,2
1967,Women,2024,Jumps,1,0,1,1
1967,Women,2024,Throws,1,0,1,1
1967,Women,2024,Hurdles,1,0,1,1
1947,Women,2024,Sprints,1,0,1,1
1947,Women,2024,Distance,5,4,1,2
1947,Women,2024,Jumps,1,0,1,1
1947,Women,2024,Throws,1,0,1,1
1947,Women,2024,Hurdles,1,0,1,1
1962,Women,2024,Sprints,1,0,1,1
1962,Women,2024,Distance,4,3,1,1
1962,Women,2024,Jumps,1,0,1,1
1962,Women,2024,Throws,1,0,1,1
1962,Women,2024,Hurdles,1,0,1,1
5497,Women,2024,Sprints,1,1,0,1
4740,Women,2024,Sprints,2,2,0,2
4216,Women,2024,Sprints,1,1,0,1
4763,Women,2024,Sprints,2,2,0,2
3793,Women,2024,Sprints,4,3,1,1
4265,Women,2024,Sprints,7,5,2,2
4016,Women,2024,Sprints,9,7,2,3
3796,Women,2024,Sprints,6,4,2,1
4162,Women,2024,Sprints,5,4,1,1
1945,Women,2024,Sprints,4,3,1,1
5504,Women,2024,Sprints,2,2,0,1
5506,Women,2024,Sprints,3,3,0,1
3526,Women,2024,Sprints,7,4,3,2
3792,Women,2024,Sprints,1,1,0,1
4253,Women,2024,Sprints,3,2,1,1
5510,Women,2024,Sprints,4,2,2,2
4268,Women,2024,Sprints,5,1,4,2
4270,Women,2024,Sprints,6,4,2,2
4174,Women,2024,Sprints,3,2,1,1
5511,Women,2024,Sprints,2,1,1,1
5512,Women,2024,Sprints,2,2,0,1
3659,Women,2024,Sprints,4,2,2,2
5513,Women,2024,Sprints,2,2,0,1
3857,Women,2024,Sprints,4,4,0,2
5514,Women,2024,Sprints,3,2,1,1
3608,Women,2024,Sprints,1,1,0,1
3584,Women,2024,Sprints,1,1,0,1
3765,Women,2024,Sprints,3,2,1,1
4103,Women,2024,Sprints,2,1,1,1
4226,Women,2024,Sprints,1,1,0,1
5515,Women,2024,Sprints,2,2,0,1
3797,Women,2024,Sprints,2,2,0,1
3661,Women,2024,Sprints,3,2,1,1
4263,Women,2024,Sprints,3,2,1,1
3816,Women,2024,Sprints,3,2,1,1
976,Women,2024,Sprints,3,2,1,1
3653,Women,2024,Sprints,4,2,2,2
4256,Women,2024,Sprints,3,1,2,2
4248,Women,2024,Sprints,5,2,3,2
3826,Women,2024,Sprints,4,2,2,1
4985,Women,2024,Sprints,2,1,1,1
4783,Women,2024,Sprints,3,2,1,1
4829,Women,2024,Sprints,3,1,2,1
1777,Women,2024,Sprints,2,2,0,1
1939,Women,2024,Sprints,1,1,0,1
4022,Women,2024,Sprints,2,1,1,1
4246,Women,2024,Sprints,2,1,1,1
3582,Women,2024,Sprints,2,2,0,1
861,Women,2024,Sprints,6,4,2,2
4986,Women,2024,Sprints,3,1,2,1
4106,Women,2024,Sprints,2,1,1,1
4492,Women,2024,Sprints,5,4,1,3
3366,Women,2024,Sprints,2,1,1,1
4225,Women,2024,Sprints,5,5,0,3
3247,Women,2024,Sprints,2,1,1,1
4236,Women,2024,Sprints,2,1,1,1
2388,Women,2024,Sprints,2,1,1,1
2924,Women,2024,Sprints,2,1,1,1
1960,Women,2024,Sprints,1,1,0,1
5516,Women,2024,Sprints,4,2,2,2
4553,Women,2024,Sprints,3,3,0,2
2403,Women,2024,Sprints,2,1,1,2
1932,Women,2024,Sprints,2,1,1,1
3975,Women,2024,Sprints,3,1,2,1
3932,Women,2024,Sprints,3,1,2,2
5269,Women,2024,Sprints,3,1,2,1
295,Women,2024,Sprints,2,1,1,1
3382,Women,2024,Sprints,1,1,0,1
1769,Women,2024,Sprints,3,1,2,2
305,Women,2024,Sprints,2,1,1,1
3820,Women,2024,Sprints,2,1,1,1
4675,Women,2024,Sprints,1,1,0,1
1454,Women,2024,Sprints,1,1,0,1
3654,Women,2024,Sprints,4,2,2,2
4253,Women,2024,Distance,1,0,1,1
4253,Women,2024,Jumps,1,0,1,1
4253,Women,2024,Throws,1,0,1,1
4253,Women,2024,Hurdles,1,0,1,1
5530,Women,2024,Sprints,1,0,1,1
5530,Women,2024,Distance,1,0,1,1
5530,Women,2024,Jumps,1,0,1,1
5530,Women,2024,Throws,1,0,1,1
5530,Women,2024,Hurdles,1,0,1,1
3795,Women,2024,Distance,1,0,1,1
3795,Women,2024,Jumps,1,0,1,1
3795,Women,2024,Throws,1,0,1,1
3795,Women,2024,Hurdles,4,3,1,3
3798,Women,2024,Distance,2,0,2,1
3798,Women,2024,Jumps,2,0,2,1
3798,Women,2024,Throws,2,0,2,1
3798,Women,2024,Hurdles,7,5,2,3
3796,Women,2024,Distance,2,0,2,1
3796,Women,2024,Jumps,2,0,2,1
3796,Women,2024,Throws,2,0,2,1
3796,Women,2024,Hurdles,2,0,2,1
3793,Women,2024,Distance,1,0,1,1
3793,Women,2024,Jumps,3,2,1,1
3793,Women,2024,Throws,1,0,1,1
3793,Women,2024,Hurdles,1,0,1,1
3526,Women,2024,Distance,3,0,3,2
3526,Women,2024,Jumps,3,0,3,2
3526,Women,2024,Throws,3,0,3,2
3526,Women,2024,Hurdles,3,0,3,2
4265,Women,2024,Distance,2,0,2,2
4265,Women,2024,Jumps,2,0,2,2
4265,Women,2024,Throws,2,0,2,2
4265,Women,2024,Hurdles,2,0,2,2
4270,Women,2024,Distance,2,0,2,2
4270,Women,2024,Jumps,2,0,2,2
4270,Women,2024,Throws,2,0,2,2
4270,Women,2024,Hurdles,2,0,2,2
5514,Women,2024,Distance,1,0,1,1
5514,Women,2024,Jumps,1,0,1,1
5514,Women,2024,Throws,1,0,1,1
5514,Women,2024,Hurdles,1,0,1,1
3659,Women,2024,Distance,2,0,2,2
3659,Women,2024,Jumps,2,0,2,2
3659,Women,2024,Throws,2,0,2,2
3659,Women,2024,Hurdles,2,0,2,2
5529,Women,2024,Sprints,1,0,1,1
5529,Women,2024,Distance,1,0,1,1
5529,Women,2024,Jumps,1,0,1,1
5529,Women,2024,Throws,1,0,1,1
5529,Women,2024,Hurdles,2,1,1,1
4261,Women,2024,Distance,2,0,2,1
4261,Women,2024,Jumps,3,1,2,1
4261,Women,2024,Throws,2,0,2,1
4261,Women,2024,Hurdles,2,0,2,1
4248,Women,2024,Distance,3,0,3,2
4248,Women,2024,Jumps,4,1,3,2
4248,Women,2024,Throws,3,0,3,2
4248,Women,2024,Hurdles,3,0,3,2
5511,Women,2024,Distance,1,0,1,1
5511,Women,2024,Jumps,1,0,1,1
5511,Women,2024,Throws,1,0,1,1
5511,Women,2024,Hurdles,1,0,1,1
3826,Women,2024,Distance,2,0,2,1
3826,Women,2024,Jumps,2,0,2,1
3826,Women,2024,Throws,2,0,2,1
3826,Women,2024,Hurdles,2,0,2,1
1945,Women,2024,Distance,1,0,1,1
1945,Women,2024,Jumps,1,0,1,1
1945,Women,2024,Throws,1,0,1,1
1945,Women,2024,Hurdles,1,0,1,1
4829,Women,2024,Distance,2,0,2,1
4829,Women,2024,Jumps,2,0,2,1
4829,Women,2024,Throws,2,0,2,1
4829,Women,2024,Hurdles,2,0,2,1
4268,Women,2024,Distance,4,0,4,2
4268,Women,2024,Jumps,8,4,4,2
4268,Women,2024,Throws,4,0,4,2
4268,Women,2024,Hurdles,5,1,4,2
4246,Women,2024,Distance,1,0,1,1
4246,Women,2024,Jumps,7,6,1,4
4246,Women,2024,Throws,3,2,1,3
4246,Women,2024,Hurdles,1,0,1,1
4453,Women,2024,Sprints,1,0,1,1
4453,Women,2024,Distance,1,0,1,1
4453,Women,2024,Jumps,1,0,1,1
4453,Women,2024,Throws,1,0,1,1
4453,Women,2024,Hurdles,1,0,1,1
4102,Women,2024,Distance,1,0,1,1
4102,Women,2024,Jumps,1,0,1,1
4102,Women,2024,Throws,1,0,1,1
4102,Women,2024,Hurdles,1,0,1,1
3566,Women,2024,Distance,1,0,1,1
3566,Women,2024,Jumps,3,2,1,2
3566,Women,2024,Throws,1,0,1,1
3566,Women,2024,Hurdles,5,4,1,4
4103,Women,2024,Distance,1,0,1,1
4103,Women,2024,Jumps,1,0,1,1
4103,Women,2024,Throws,1,0,1,1
4103,Women,2024,Hurdles,1,0,1,1
5510,Women,2024,Distance,2,0,2,2
5510,Women,2024,Jumps,6,4,2,2
5510,Women,2024,Throws,2,0,2,2
5510,Women,2024,Hurdles,2,0,2,2
5199,Women,2024,Distance,1,0,1,1
5199,Women,2024,Jumps,2,1,1,2
5199,Women,2024,Throws,1,0,1,1
5199,Women,2024,Hurdles,1,0,1,1
3661,Women,2024,Distance,1,0,1,1
3661,Women,2024,Jumps,1,0,1,1
3661,Women,2024,Throws,1,0,1,1
3661,Women,2024,Hurdles,1,0,1,1
3718,Women,2024,Sprints,2,0,2,1
3718,Women,2024,Distance,2,0,2,1
3718,Women,2024,Jumps,12,10,2,5
3718,Women,2024,Throws,2,0,2,1
3718,Women,2024,Hurdles,2,0,2,1
3655,Women,2024,Distance,2,0,2,1
3655,Women,2024,Jumps,5,3,2,3
3655,Women,2024,Throws,2,0,2,1
3655,Women,2024,Hurdles,2,0,2,1
5269,Women,2024,Distance,2,0,2,1
5269,Women,2024,Jumps,9,7,2,3
5269,Women,2024,Throws,2,0,2,1
5269,Women,2024,Hurdles,6,4,2,3
3525,Women,2024,Distance,4,1,3,2
3525,Women,2024,Jumps,4,1,3,2
3525,Women,2024,Throws,3,0,3,2
3525,Women,2024,Hurdles,5,2,3,2
3529,Women,2024,Distance,2,0,2,2
3529,Women,2024,Jumps,2,0,2,2
3529,Women,2024,Throws,2,0,2,2
3529,Women,2024,Hurdles,5,3,2,3
4263,Women,2024,Distance,1,0,1,1
4263,Women,2024,Jumps,1,0,1,1
4263,Women,2024,Throws,1,0,1,1
4263,Women,2024,Hurdles,1,0,1,1
3653,Women,2024,Distance,2,0,2,2
3653,Women,2024,Jumps,2,0,2,2
3653,Women,2024,Throws,2,0,2,2
3653,Women,2024,Hurdles,2,0,2,2
2416,Women,2024,Sprints,1,0,1,1
2416,Women,2024,Distance,2,1,1,1
2416,Women,2024,Jumps,1,0,1,1
2416,Women,2024,Throws,1,0,1,1
2416,Women,2024,Hurdles,1,0,1,1
3652,Women,2024,Sprints,2,0,2,2
3652,Women,2024,Distance,2,0,2,2
3652,Women,2024,Jumps,2,0,2,2
3652,Women,2024,Throws,2,0,2,2
3652,Women,2024,Hurdles,5,3,2,2
3975,Women,2024,Distance,2,0,2,1
3975,Women,2024,Jumps,2,0,2,1
3975,Women,2024,Throws,2,0,2,1
3975,Women,2024,Hurdles,6,4,2,2
75,Women,2024,Sprints,2,0,2,1
75,Women,2024,Distance,3,1,2,1
75,Women,2024,Jumps,2,0,2,1
75,Women,2024,Throws,2,0,2,1
75,Women,2024,Hurdles,2,0,2,1
4599,Women,2024,Sprints,2,0,2,1
4599,Women,2024,Distance,2,0,2,1
4599,Women,2024,Jumps,2,0,2,1
4599,Women,2024,Throws,2,0,2,1
4599,Women,2024,Hurdles,6,4,2,2
86,Women,2024,Sprints,1,0,1,1
86,Women,2024,Distance,3,2,1,1
86,Women,2024,Jumps,1,0,1,1
86,Women,2024,Throws,1,0,1,1
86,Women,2024,Hurdles,1,0,1,1
1732,Women,2024,Distance,7,6,1,3
1732,Women,2024,Jumps,1,0,1,1
1732,Women,2024,Throws,1,0,1,1
1732,Women,2024,Hurdles,1,0,1,1
1769,Women,2024,Distance,4,2,2,2
1769,Women,2024,Jumps,2,0,2,2
1769,Women,2024,Throws,2,0,2,2
1769,Women,2024,Hurdles,2,0,2,2
1781,Women,2024,Sprints,1,0,1,1
1781,Women,2024,Distance,4,3,1,2
1781,Women,2024,Jumps,1,0,1,1
1781,Women,2024,Throws,1,0,1,1
1781,Women,2024,Hurdles,1,0,1,1
5065,Women,2024,Distance,2,1,1,2
5065,Women,2024,Jumps,1,0,1,1
5065,Women,2024,Throws,1,0,1,1
5065,Women,2024,Hurdles,1,0,1,1
663,Women,2024,Distance,11,7,4,4
663,Women,2024,Jumps,4,0,4,2
663,Women,2024,Throws,4,0,4,2
663,Women,2024,Hurdles,4,0,4,2
2534,Women,2024,Sprints,3,0,3,3
2534,Women,2024,Distance,8,5,3,4
2534,Women,2024,Jumps,3,0,3,3
2534,Women,2024,Throws,3,0,3,3
2534,Women,2024,Hurdles,3,0,3,3
632,Women,2024,Sprints,2,0,2,2
632,Women,2024,Distance,10,8,2,4
632,Women,2024,Jumps,2,0,2,2
632,Women,2024,Throws,2,0,2,2
632,Women,2024,Hurdles,2,0,2,2
652,Women,2024,Sprints,5,0,5,3
652,Women,2024,Distance,10,5,5,4
652,Women,2024,Jumps,5,0,5,3
652,Women,2024,Throws,5,0,5,3
652,Women,2024,Hurdles,5,0,5,3
4275,Women,2024,Sprints,3,0,3,3
4275,Women,2024,Distance,3,0,3,3
4275,Women,2024,Jumps,3,0,3,3
4275,Women,2024,Throws,9,6,3,3
4275,Women,2024,Hurdles,3,0,3,3
4300,Women,2024,Sprints,3,0,3,3
4300,Women,2024,Distance,3,0,3,3
4300,Women,2024,Jumps,5,2,3,3
4300,Women,2024,Throws,6,3,3,3
4300,Women,2024,Hurdles,3,0,3,3
4297,Women,2024,Sprints,3,0,3,3
4297,Women,2024,Distance,3,0,3,3
4297,Women,2024,Jumps,3,0,3,3
4297,Women,2024,Throws,7,4,3,3
4297,Women,2024,Hurdles,3,0,3,3
4293,Women,2024,Sprints,2,0,2,2
4293,Women,2024,Distance,2,0,2,2
4293,Women,2024,Jumps,3,1,2,3
4293,Women,2024,Throws,9,7,2,4
4293,Women,2024,Hurdles,2,0,2,2
2832,Women,2024,Sprints,1,0,1,1
2832,Women,2024,Distance,2,1,1,2
2832,Women,2024,Jumps,1,0,1,1
2832,Women,2024,Throws,1,0,1,1
2832,Women,2024,Hurdles,1,0,1,1
1983,Women,2024,Sprints,1,0,1,1
1983,Women,2024,Distance,5,4,1,2
1983,Women,2024,Jumps,1,0,1,1
1983,Women,2024,Throws,1,0,1,1
1983,Women,2024,Hurdles,1,0,1,1
1987,Women,2024,Sprints,1,0,1,1
1987,Women,2024,Distance,3,2,1,2
1987,Women,2024,Jumps,1,0,1,1
1987,Women,2024,Throws,1,0,1,1
1987,Women,2024,Hurdles,1,0,1,1
3765,Women,2024,Distance,1,0,1,1
3765,Women,2024,Jumps,1,0,1,1
3765,Women,2024,Throws,1,0,1,1
3765,Women,2024,Hurdles,1,0,1,1
4245,Women,2024,Distance,1,0,1,1
4245,Women,2024,Jumps,1,0,1,1
4245,Women,2024,Throws,1,0,1,1
4245,Women,2024,Hurdles,1,0,1,1
4492,Women,2024,Distance,4,3,1,4
4492,Women,2024,Jumps,1,0,1,1
4492,Women,2024,Throws,1,0,1,1
4492,Women,2024,Hurdles,1,0,1,1
3366,Women,2024,Distance,2,1,1,1
3366,Women,2024,Jumps,1,0,1,1
3366,Women,2024,Throws,1,0,1,1
3366,Women,2024,Hurdles,1,0,1,1
3563,Women,2024,Distance,1,0,1,1
3563,Women,2024,Jumps,1,0,1,1
3563,Women,2024,Throws,1,0,1,1
3563,Women,2024,Hurdles,1,0,1,1
4105,Women,2024,Distance,1,0,1,1
4105,Women,2024,Jumps,1,0,1,1
4105,Women,2024,Throws,1,0,1,1
4105,Women,2024,Hurdles,1,0,1,1
4106,Women,2024,Distance,4,3,1,3
4106,Women,2024,Jumps,1,0,1,1
4106,Women,2024,Throws,1,0,1,1
4106,Women,2024,Hurdles,1,0,1,1
4255,Women,2024,Sprints,3,1,2,2
4255,Women,2024,Distance,2,0,2,2
4255,Women,2024,Jumps,2,0,2,2
4255,Women,2024,Throws,2,0,2,2
4255,Women,2024,Hurdles,2,0,2,2
285,Women,2024,Sprints,2,0,2,2
285,Women,2024,Distance,11,9,2,6
285,Women,2024,Jumps,2,0,2,2
285,Women,2024,Throws,2,0,2,2
285,Women,2024,Hurdles,2,0,2,2
291,Women,2024,Sprints,2,0,2,2
291,Women,2024,Distance,9,7,2,4
291,Women,2024,Jumps,2,0,2,2
291,Women,2024,Throws,2,0,2,2
291,Women,2024,Hurdles,2,0,2,2
294,Women,2024,Sprints,2,0,2,2
294,Women,2024,Distance,9,7,2,5
294,Women,2024,Jumps,2,0,2,2
294,Women,2024,Throws,2,0,2,2
294,Women,2024,Hurdles,2,0,2,2
283,Women,2024,Sprints,1,0,1,1
283,Women,2024,Distance,6,5,1,3
283,Women,2024,Jumps,1,0,1,1
283,Women,2024,Throws,1,0,1,1
283,Women,2024,Hurdles,1,0,1,1
3656,Women,2024,Sprints,1,0,1,1
3656,Women,2024,Distance,1,0,1,1
3656,Women,2024,Jumps,2,1,1,1
3656,Women,2024,Throws,1,0,1,1
3656,Women,2024,Hurdles,1,0,1,1
4292,Women,2024,Sprints,1,0,1,1
4292,Women,2024,Distance,2,1,1,1
4292,Women,2024,Jumps,1,0,1,1
4292,Women,2024,Throws,1,0,1,1
4292,Women,2024,Hurdles,1,0,1,1
1930,Women,2024,Sprints,1,0,1,1
1930,Women,2024,Distance,4,3,1,2
1930,Women,2024,Jumps,1,0,1,1
1930,Women,2024,Throws,1,0,1,1
1930,Women,2024,Hurdles,1,0,1,1
3317,Women,2024,Sprints,1,0,1,1
3317,Women,2024,Distance,2,1,1,1
3317,Women,2024,Jumps,1,0,1,1
3317,Women,2024,Throws,1,0,1,1
3317,Women,2024,Hurdles,1,0,1,1
1932,Women,2024,Distance,2,1,1,1
1932,Women,2024,Jumps,1,0,1,1
1932,Women,2024,Throws,1,0,1,1
1932,Women,2024,Hurdles,1,0,1,1
5531,Women,2024,Sprints,1,0,1,1
5531,Women,2024,Distance,1,0,1,1
5531,Women,2024,Jumps,1,0,1,1
5531,Women,2024,Throws,1,0,1,1
5531,Women,2024,Hurdles,1,0,1,1
3581,Women,2024,Distance,1,0,1,1
3581,Women,2024,Jumps,1,0,1,1
3581,Women,2024,Throws,1,0,1,1
3581,Women,2024,Hurdles,1,0,1,1
3586,Women,2024,Distance,7,6,1,3
3586,Women,2024,Jumps,1,0,1,1
3586,Women,2024,Throws,1,0,1,1
3586,Women,2024,Hurdles,1,0,1,1
3587,Women,2024,Sprints,1,0,1,1
3587,Women,2024,Distance,3,2,1,2
3587,Women,2024,Jumps,1,0,1,1
3587,Women,2024,Throws,1,0,1,1
3587,Women,2024,Hurdles,1,0,1,1
4299,Women,2024,Sprints,1,0,1,1
4299,Women,2024,Distance,1,0,1,1
4299,Women,2024,Jumps,2,1,1,1
4299,Women,2024,Throws,7,6,1,3
4299,Women,2024,Hurdles,1,0,1,1
4236,Women,2024,Distance,6,5,1,3
4236,Women,2024,Jumps,1,0,1,1
4236,Women,2024,Throws,1,0,1,1
4236,Women,2024,Hurdles,1,0,1,1
4289,Women,2024,Distance,2,1,1,1
4289,Women,2024,Jumps,1,0,1,1
4289,Women,2024,Throws,1,0,1,1
4289,Women,2024,Hurdles,1,0,1,1
4241,Women,2024,Sprints,1,0,1,1
4241,Women,2024,Distance,1,0,1,1
4241,Women,2024,Jumps,1,0,1,1
4241,Women,2024,Throws,1,0,1,1
4241,Women,2024,Hurdles,6,5,1,3
3932,Women,2024,Distance,2,0,2,2
3932,Women,2024,Jumps,2,0,2,2
3932,Women,2024,Throws,2,0,2,2
3932,Women,2024,Hurdles,8,6,2,3
4783,Women,2024,Distance,1,0,1,1
4783,Women,2024,Jumps,1,0,1,1
4783,Women,2024,Throws,1,0,1,1
4783,Women,2024,Hurdles,1,0,1,1
3933,Women,2024,Distance,1,0,1,1
3933,Women,2024,Jumps,2,1,1,2
3933,Women,2024,Throws,1,0,1,1
3933,Women,2024,Hurdles,1,0,1,1
3938,Women,2024,Distance,1,0,1,1
3938,Women,2024,Jumps,3,2,1,2
3938,Women,2024,Throws,1,0,1,1
3938,Women,2024,Hurdles,1,0,1,1
71,Women,2024,Sprints,1,0,1,1
71,Women,2024,Distance,2,1,1,2
71,Women,2024,Jumps,1,0,1,1
71,Women,2024,Throws,1,0,1,1
71,Women,2024,Hurdles,1,0,1,1
5532,Women,2024,Sprints,1,0,1,1
5532,Women,2024,Distance,1,0,1,1
5532,Women,2024,Jumps,3,2,1,1
5532,Women,2024,Throws,1,0,1,1
5532,Women,2024,Hurdles,1,0,1,1
4022,Women,2024,Distance,2,1,1,1
4022,Women,2024,Jumps,2,1,1,1
4022,Women,2024,Throws,1,0,1,1
4022,Women,2024,Hurdles,1,0,1,1
2241,Women,2024,Sprints,1,0,1,1
2241,Women,2024,Distance,5,4,1,4
2241,Women,2024,Jumps,1,0,1,1
2241,Women,2024,Throws,1,0,1,1
2241,Women,2024,Hurdles,1,0,1,1
4016,Women,2024,Distance,2,0,2,2
4016,Women,2024,Jumps,2,0,2,2
4016,Women,2024,Throws,2,0,2,2
4016,Women,2024,Hurdles,2,0,2,2
3098,Women,2024,Sprints,2,0,2,2
3098,Women,2024,Distance,4,2,2,3
3098,Women,2024,Jumps,2,0,2,2
3098,Women,2024,Throws,2,0,2,2
3098,Women,2024,Hurdles,2,0,2,2
5279,Women,2024,Sprints,1,0,1,1
5279,Women,2024,Distance,5,4,1,3
5279,Women,2024,Jumps,1,0,1,1
5279,Women,2024,Throws,1,0,1,1
5279,Women,2024,Hurdles,1,0,1,1
581,Women,2024,Sprints,1,0,1,1
581,Women,2024,Distance,4,3,1,3
581,Women,2024,Jumps,1,0,1,1
581,Women,2024,Throws,1,0,1,1
581,Women,2024,Hurdles,1,0,1,1
616,Women,2024,Sprints,1,0,1,1
616,Women,2024,Distance,7,6,1,4
616,Women,2024,Jumps,1,0,1,1
616,Women,2024,Throws,1,0,1,1
616,Women,2024,Hurdles,1,0,1,1
5533,Women,2024,Sprints,1,0,1,1
5533,Women,2024,Distance,1,0,1,1
5533,Women,2024,Jumps,2,1,1,1
5533,Women,2024,Throws,1,0,1,1
5533,Women,2024,Hurdles,1,0,1,1
3820,Women,2024,Distance,2,1,1,1
3820,Women,2024,Jumps,1,0,1,1
3820,Women,2024,Throws,1,0,1,1
3820,Women,2024,Hurdles,1,0,1,1
1953,Women,2024,Sprints,1,0,1,1
1953,Women,2024,Distance,1,0,1,1
1953,Women,2024,Jumps,1,0,1,1
1953,Women,2024,Throws,1,0,1,1
1953,Women,2024,Hurdles,1,0,1,1
807,Women,2024,Sprints,1,0,1,1
807,Women,2024,Distance,6,5,1,4
807,Women,2024,Jumps,1,0,1,1
807,Women,2024,Throws,1,0,1,1
807,Women,2024,Hurdles,1,0,1,1
976,Women,2024,Distance,2,1,1,1
976,Women,2024,Jumps,1,0,1,1
976,Women,2024,Throws,1,0,1,1
976,Women,2024,Hurdles,1,0,1,1
295,Women,2024,Distance,2,1,1,1
295,Women,2024,Jumps,1,0,1,1
295,Women,2024,Throws,1,0,1,1
295,Women,2024,Hurdles,1,0,1,1
302,Women,2024,Sprints,1,0,1,1
302,Women,2024,Distance,2,1,1,1
302,Women,2024,Jumps,1,0,1,1
302,Women,2024,Throws,1,0,1,1
302,Women,2024,Hurdles,1,0,1,1
305,Women,2024,Distance,1,0,1,1
305,Women,2024,Jumps,1,0,1,1
305,Women,2024,Throws,1,0,1,1
305,Women,2024,Hurdles,1,0,1,1
4054,Women,2024,Distance,1,0,1,1
4054,Women,2024,Jumps,1,0,1,1
4054,Women,2024,Throws,1,0,1,1
4054,Women,2024,Hurdles,1,0,1,1
2933,Women,2024,Sprints,1,0,1,1
2933,Women,2024,Distance,3,2,1,1
2933,Women,2024,Jumps,1,0,1,1
2933,Women,2024,Throws,1,0,1,1
2933,Women,2024,Hurdles,1,0,1,1
2924,Women,2024,Distance,3,2,1,1
2924,Women,2024,Jumps,1,0,1,1
2924,Women,2024,Throws,1,0,1,1
2924,Women,2024,Hurdles,3,2,1,2
2931,Women,2024,Sprints,1,0,1,1
2931,Women,2024,Distance,3,2,1,1
2931,Women,2024,Jumps,1,0,1,1
2931,Women,2024,Throws,1,0,1,1
2931,Women,2024,Hurdles,1,0,1,1
2996,Women,2024,Sprints,1,0,1,1
2996,Women,2024,Distance,2,1,1,2
2996,Women,2024,Jumps,1,0,1,1
2996,Women,2024,Throws,1,0,1,1
2996,Women,2024,Hurdles,1,0,1,1
2500,Women,2024,Sprints,1,0,1,1
2500,Women,2024,Distance,4,3,1,2
2500,Women,2024,Jumps,1,0,1,1
2500,Women,2024,Throws,1,0,1,1
2500,Women,2024,Hurdles,1,0,1,1
570,Women,2024,Sprints,1,0,1,1
570,Women,2024,Distance,2,1,1,1
570,Women,2024,Jumps,1,0,1,1
570,Women,2024,Throws,1,0,1,1
570,Women,2024,Hurdles,1,0,1,1
580,Women,2024,Sprints,1,0,1,1
580,Women,2024,Distance,1,0,1,1
580,Women,2024,Jumps,1,0,1,1
580,Women,2024,Throws,1,0,1,1
580,Women,2024,Hurdles,1,0,1,1
4223,Women,2024,Sprints,1,0,1,1
4223,Women,2024,Distance,2,1,1,1
4223,Women,2024,Jumps,1,0,1,1
4223,Women,2024,Throws,1,0,1,1
4223,Women,2024,Hurdles,1,0,1,1
578,Women,2024,Sprints,2,0,2,2
578,Women,2024,Distance,8,6,2,4
578,Women,2024,Jumps,2,0,2,2
578,Women,2024,Throws,2,0,2,2
578,Women,2024,Hurdles,2,0,2,2
3666,Women,2024,Sprints,1,0,1,1
3666,Women,2024,Distance,1,0,1,1
3666,Women,2024,Jumps,6,5,1,4
3666,Women,2024,Throws,1,0,1,1
3666,Women,2024,Hurdles,1,0,1,1
2393,Women,2024,Sprints,1,0,1,1
2393,Women,2024,Distance,2,1,1,1
2393,Women,2024,Jumps,1,0,1,1
2393,Women,2024,Throws,1,0,1,1
2393,Women,2024,Hurdles,1,0,1,1
2401,Women,2024,Sprints,1,0,1,1
2401,Women,2024,Distance,2,1,1,1
2401,Women,2024,Jumps,1,0,1,1
2401,Women,2024,Throws,1,0,1,1
2401,Women,2024,Hurdles,1,0,1,1
2400,Women,2024,Sprints,1,0,1,1
2400,Women,2024,Distance,4,3,1,2
2400,Women,2024,Jumps,1,0,1,1
2400,Women,2024,Throws,1,0,1,1
2400,Women,2024,Hurdles,1,0,1,1
2388,Women,2024,Distance,2,1,1,1
2388,Women,2024,Jumps,1,0,1,1
2388,Women,2024,Throws,1,0,1,1
2388,Women,2024,Hurdles,1,0,1,1
861,Women,2024,Distance,2,0,2,1
861,Women,2024,Jumps,2,0,2,1
861,Women,2024,Throws,2,0,2,1
861,Women,2024,Hurdles,2,0,2,1
819,Women,2024,Sprints,2,0,2,1
819,Women,2024,Distance,6,4,2,2
819,Women,2024,Jumps,2,0,2,1
819,Women,2024,Throws,2,0,2,1
819,Women,2024,Hurdles,2,0,2,1
4985,Women,2024,Distance,1,0,1,1
4985,Women,2024,Jumps,1,0,1,1
4985,Women,2024,Throws,1,0,1,1
4985,Women,2024,Hurdles,1,0,1,1
4986,Women,2024,Distance,2,0,2,1
4986,Women,2024,Jumps,2,0,2,1
4986,Women,2024,Throws,2,0,2,1
4986,Women,2024,Hurdles,2,0,2,1
1020,Women,2024,Sprints,1,0,1,1
1020,Women,2024,Distance,3,2,1,2
1020,Women,2024,Jumps,1,0,1,1
1020,Women,2024,Throws,1,0,1,1
1020,Women,2024,Hurdles,1,0,1,1
3654,Women,2024,Distance,5,3,2,3
3654,Women,2024,Jumps,2,0,2,2
3654,Women,2024,Throws,2,0,2,2
3654,Women,2024,Hurdles,2,0,2,2
5516,Women,2024,Distance,2,0,2,2
5516,Women,2024,Jumps,2,0,2,2
5516,Women,2024,Throws,2,0,2,2
5516,Women,2024,Hurdles,2,0,2,2
246,Women,2024,Sprints,1,0,1,1
246,Women,2024,Distance,6,5,1,3
246,Women,2024,Jumps,1,0,1,1
246,Women,2024,Throws,1,0,1,1
246,Women,2024,Hurdles,1,0,1,1
4755,Women,2024,Sprints,1,0,1,1
4755,Women,2024,Distance,1,0,1,1
4755,Women,2024,Jumps,3,2,1,1
4755,Women,2024,Throws,1,0,1,1
4755,Women,2024,Hurdles,2,1,1,1
4127,Women,2024,Sprints,3,2,1,1
4128,Women,2024,Sprints,3,2,1,1
2206,Women,2024,Sprints,1,1,0,1
4128,Women,2024,Distance,1,0,1,1
4128,Women,2024,Jumps,1,0,1,1
4128,Women,2024,Throws,1,0,1,1
4128,Women,2024,Hurdles,1,0,1,1
4127,Women,2024,Distance,1,0,1,1
4127,Women,2024,Jumps,2,1,1,1
4127,Women,2024,Throws,1,0,1,1
4127,Women,2024,Hurdles,1,0,1,1
4126,Women,2024,Sprints,1,0,1,1
4126,Women,2024,Distance,1,0,1,1
4126,Women,2024,Jumps,2,1,1,1
4126,Women,2024,Throws,1,0,1,1
4126,Women,2024,Hurdles,3,2,1,1
4779,Women,2024,Sprints,1,0,1,1
4779,Women,2024,Distance,1,0,1,1
4779,Women,2024,Jumps,1,0,1,1
4779,Women,2024,Throws,1,0,1,1
4779,Women,2024,Hurdles,1,0,1,1
4019,Women,2024,Sprints,4,2,2,2
4023,Women,2024,Sprints,1,0,1,1
4023,Women,2024,Distance,1,0,1,1
4023,Women,2024,Jumps,1,0,1,1
4023,Women,2024,Throws,1,0,1,1
4023,Women,2024,Hurdles,6,5,1,3
5609,Women,2024,Sprints,1,0,1,1
5609,Women,2024,Distance,1,0,1,1
5609,Women,2024,Jumps,1,0,1,1
5609,Women,2024,Throws,1,0,1,1
5609,Women,2024,Hurdles,1,0,1,1
4019,Women,2024,Distance,2,0,2,2
4019,Women,2024,Jumps,6,4,2,3
4019,Women,2024,Throws,2,0,2,2
4019,Women,2024,Hurdles,2,0,2,2
4761,Women,2024,Sprints,2,1,1,2
4761,Women,2024,Distance,1,0,1,1
4761,Women,2024,Jumps,1,0,1,1
4761,Women,2024,Throws,1,0,1,1
4761,Women,2024,Hurdles,3,2,1,2
5612,Women,2024,Sprints,1,1,0,1
4552,Women,2024,Sprints,1,1,0,1
4611,Women,2024,Sprints,1,0,1,1
4611,Women,2024,Distance,1,0,1,1
4611,Women,2024,Jumps,1,0,1,1
4611,Women,2024,Throws,1,0,1,1
4611,Women,2024,Hurdles,2,1,1,1
4021,Women,2024,Sprints,2,1,1,1
4021,Women,2024,Distance,1,0,1,1
4021,Women,2024,Jumps,1,0,1,1
4021,Women,2024,Throws,1,0,1,1
4021,Women,2024,Hurdles,1,0,1,1
4029,Women,2024,Sprints,1,0,1,1
4029,Women,2024,Distance,1,0,1,1
4029,Women,2024,Jumps,1,0,1,1
4029,Women,2024,Throws,1,0,1,1
4029,Women,2024,Hurdles,1,0,1,1
4020,Women,2024,Sprints,3,2,1,1
4020,Women,2024,Distance,1,0,1,1
4020,Women,2024,Jumps,1,0,1,1
4020,Women,2024,Throws,1,0,1,1
4020,Women,2024,Hurdles,1,0,1,1
2249,Women,2024,Sprints,4,3,1,2
2252,Women,2024,Sprints,4,3,1,2
4815,Women,2024,Sprints,2,1,1,1
4024,Women,2024,Sprints,4,4,0,2
4017,Women,2024,Sprints,4,3,1,3
4018,Women,2024,Sprints,4,3,1,2
4815,Women,2024,Distance,1,0,1,1
4815,Women,2024,Jumps,1,0,1,1
4815,Women,2024,Throws,1,0,1,1
4815,Women,2024,Hurdles,1,0,1,1
2252,Women,2024,Distance,1,0,1,1
2252,Women,2024,Jumps,1,0,1,1
2252,Women,2024,Throws,2,1,1,1
2252,Women,2024,Hurdles,1,0,1,1
2242,Women,2024,Sprints,1,0,1,1
2242,Women,2024,Distance,2,1,1,1
2242,Women,2024,Jumps,1,0,1,1
2242,Women,2024,Throws,1,0,1,1
2242,Women,2024,Hurdles,1,0,1,1
2249,Women,2024,Distance,1,0,1,1
2249,Women,2024,Jumps,1,0,1,1
2249,Women,2024,Throws,2,1,1,1
2249,Women,2024,Hurdles,1,0,1,1
3888,Women,2024,Sprints,14,8,6,4
3889,Women,2024,Sprints,9,7,2,4
3892,Women,2024,Sprints,1,1,0,1
4748,Women,2024,Sprints,2,2,0,2
4215,Women,2024,Sprints,1,1,0,1
3893,Women,2024,Sprints,14,8,6,4
3894,Women,2024,Sprints,11,7,4,4
3891,Women,2024,Sprints,8,3,5,4
3888,Women,2024,Distance,6,0,6,4
3888,Women,2024,Jumps,6,0,6,4
3888,Women,2024,Throws,6,0,6,4
3888,Women,2024,Hurdles,6,0,6,4
3893,Women,2024,Distance,6,0,6,4
3893,Women,2024,Jumps,6,0,6,4
3893,Women,2024,Throws,6,0,6,4
3893,Women,2024,Hurdles,6,0,6,4
3891,Women,2024,Distance,5,0,5,4
3891,Women,2024,Jumps,5,0,5,4
3891,Women,2024,Throws,5,0,5,4
3891,Women,2024,Hurdles,5,0,5,4
3894,Women,2024,Distance,4,0,4,4
3894,Women,2024,Jumps,4,0,4,4
3894,Women,2024,Throws,4,0,4,4
3894,Women,2024,Hurdles,4,0,4,4
3753,Women,2024,Sprints,5,4,1,2
3754,Women,2024,Sprints,3,2,1,1
3756,Women,2024,Sprints,2,1,1,1
3754,Women,2024,Distance,1,0,1,1
3754,Women,2024,Jumps,1,0,1,1
3754,Women,2024,Throws,1,0,1,1
3754,Women,2024,Hurdles,1,0,1,1
3756,Women,2024,Distance,1,0,1,1
3756,Women,2024,Jumps,3,2,1,1
3756,Women,2024,Throws,2,1,1,1
3756,Women,2024,Hurdles,1,0,1,1
3753,Women,2024,Distance,1,0,1,1
3753,Women,2024,Jumps,1,0,1,1
3753,Women,2024,Throws,1,0,1,1
3753,Women,2024,Hurdles,1,0,1,1
3752,Women,2024,Sprints,1,0,1,1
3752,Women,2024,Distance,1,0,1,1
3752,Women,2024,Jumps,1,0,1,1
3752,Women,2024,Throws,1,0,1,1
3752,Women,2024,Hurdles,3,2,1,2
4527,Women,2024,Sprints,2,2,0,2
3956,Women,2024,Sprints,1,1,0,1
5648,Women,2024,Sprints,1,1,0,1
3939,Women,2024,Sprints,1,1,0,1
3937,Women,2024,Sprints,1,1,0,1
5650,Women,2024,Sprints,2,0,2,1
5650,Women,2024,Distance,2,0,2,1
5650,Women,2024,Jumps,2,0,2,1
5650,Women,2024,Throws,2,0,2,1
5650,Women,2024,Hurdles,2,0,2,1
5198,Women,2024,Sprints,1,1,0,1
5519,Women,2024,Sprints,1,0,1,1
5519,Women,2024,Distance,6,5,1,3
5519,Women,2024,Jumps,1,0,1,1
5519,Women,2024,Throws,1,0,1,1
5519,Women,2024,Hurdles,1,0,1,1
5203,Women,2024,Sprints,1,0,1,1
5203,Women,2024,Distance,7,6,1,4
5203,Women,2024,Jumps,1,0,1,1
5203,Women,2024,Throws,1,0,1,1
5203,Women,2024,Hurdles,1,0,1,1
2997,Women,2024,Sprints,1,0,1,1
2997,Women,2024,Distance,4,3,1,2
2997,Women,2024,Jumps,1,0,1,1
2997,Women,2024,Throws,1,0,1,1
2997,Women,2024,Hurdles,1,0,1,1
577,Women,2024,Sprints,2,1,1,2
577,Women,2024,Distance,9,8,1,5
577,Women,2024,Jumps,1,0,1,1
577,Women,2024,Throws,1,0,1,1
577,Women,2024,Hurdles,1,0,1,1
638,Women,2024,Sprints,1,0,1,1
638,Women,2024,Distance,9,8,1,4
638,Women,2024,Jumps,1,0,1,1
638,Women,2024,Throws,1,0,1,1
638,Women,2024,Hurdles,1,0,1,1
617,Women,2024,Sprints,2,0,2,2
617,Women,2024,Distance,9,7,2,4
617,Women,2024,Jumps,2,0,2,2
617,Women,2024,Throws,2,0,2,2
617,Women,2024,Hurdles,2,0,2,2
3000,Women,2024,Sprints,1,0,1,1
3000,Women,2024,Distance,9,8,1,4
3000,Women,2024,Jumps,1,0,1,1
3000,Women,2024,Throws,1,0,1,1
3000,Women,2024,Hurdles,1,0,1,1
5202,Women,2024,Sprints,2,0,2,2
5202,Women,2024,Distance,10,8,2,5
5202,Women,2024,Jumps,2,0,2,2
5202,Women,2024,Throws,2,0,2,2
5202,Women,2024,Hurdles,2,0,2,2
655,Women,2024,Sprints,1,0,1,1
655,Women,2024,Distance,8,7,1,5
655,Women,2024,Jumps,1,0,1,1
655,Women,2024,Throws,1,0,1,1
655,Women,2024,Hurdles,1,0,1,1
5659,Women,2024,Sprints,1,0,1,1
5659,Women,2024,Distance,1,0,1,1
5659,Women,2024,Jumps,1,0,1,1
5659,Women,2024,Throws,2,1,1,2
5659,Women,2024,Hurdles,1,0,1,1
2094,Women,2024,Sprints,1,0,1,1
2094,Women,2024,Distance,3,2,1,2
2094,Women,2024,Jumps,1,0,1,1
2094,Women,2024,Throws,1,0,1,1
2094,Women,2024,Hurdles,1,0,1,1
5675,Women,2024,Sprints,1,1,0,1
3716,Women,2024,Sprints,2,2,0,1
992,Women,2024,Sprints,2,2,0,1
5626,Women,2024,Sprints,2,1,1,1
5626,Women,2024,Distance,3,2,1,2
5626,Women,2024,Jumps,1,0,1,1
5626,Women,2024,Throws,1,0,1,1
5626,Women,2024,Hurdles,1,0,1,1
5678,Women,2024,Sprints,2,2,0,1
5679,Women,2024,Sprints,2,2,0,1
4269,Women,2024,Sprints,1,1,0,1
5680,Women,2024,Sprints,1,1,0,1
599,Women,2024,Sprints,1,1,0,1
5681,Women,2024,Sprints,2,1,1,1
4681,Women,2024,Sprints,1,1,0,1
2698,Women,2024,Sprints,1,0,1,1
2698,Women,2024,Distance,3,2,1,2
2698,Women,2024,Jumps,1,0,1,1
2698,Women,2024,Throws,1,0,1,1
2698,Women,2024,Hurdles,1,0,1,1
2394,Women,2024,Sprints,2,0,2,1
2394,Women,2024,Distance,4,2,2,2
2394,Women,2024,Jumps,2,0,2,1
2394,Women,2024,Throws,2,0,2,1
2394,Women,2024,Hurdles,2,0,2,1
2385,Women,2024,Sprints,1,0,1,1
2385,Women,2024,Distance,2,1,1,1
2385,Women,2024,Jumps,1,0,1,1
2385,Women,2024,Throws,1,0,1,1
2385,Women,2024,Hurdles,1,0,1,1
4230,Women,2024,Sprints,2,0,2,1
4230,Women,2024,Distance,4,2,2,2
4230,Women,2024,Jumps,2,0,2,1
4230,Women,2024,Throws,2,0,2,1
4230,Women,2024,Hurdles,2,0,2,1
4256,Women,2024,Distance,2,0,2,1
4256,Women,2024,Jumps,7,5,2,5
4256,Women,2024,Throws,2,0,2,1
4256,Women,2024,Hurdles,2,0,2,1
5686,Women,2024,Sprints,1,0,1,1
5686,Women,2024,Distance,1,0,1,1
5686,Women,2024,Jumps,1,0,1,1
5686,Women,2024,Throws,1,0,1,1
5686,Women,2024,Hurdles,1,0,1,1
4254,Women,2024,Sprints,4,2,2,2
4254,Women,2024,Distance,2,0,2,1
4254,Women,2024,Jumps,2,0,2,1
4254,Women,2024,Throws,2,0,2,1
4254,Women,2024,Hurdles,2,0,2,1
2722,Women,2024,Sprints,2,0,2,1
2722,Women,2024,Distance,2,0,2,1
2722,Women,2024,Jumps,2,0,2,1
2722,Women,2024,Throws,2,0,2,1
2722,Women,2024,Hurdles,2,0,2,1
5392,Women,2024,Sprints,1,0,1,1
5392,Women,2024,Distance,5,4,1,2
5392,Women,2024,Jumps,1,0,1,1
5392,Women,2024,Throws,1,0,1,1
5392,Women,2024,Hurdles,1,0,1,1
643,Women,2024,Sprints,1,0,1,1
643,Women,2024,Distance,4,3,1,2
643,Women,2024,Jumps,1,0,1,1
643,Women,2024,Throws,1,0,1,1
643,Women,2024,Hurdles,1,0,1,1
591,Women,2024,Sprints,1,0,1,1
591,Women,2024,Distance,3,2,1,2
591,Women,2024,Jumps,1,0,1,1
591,Women,2024,Throws,1,0,1,1
591,Women,2024,Hurdles,1,0,1,1
619,Women,2024,Sprints,1,0,1,1
619,Women,2024,Distance,3,2,1,1
619,Women,2024,Jumps,1,0,1,1
619,Women,2024,Throws,1,0,1,1
619,Women,2024,Hurdles,1,0,1,1
583,Women,2024,Sprints,1,0,1,1
583,Women,2024,Distance,3,2,1,2
583,Women,2024,Jumps,1,0,1,1
583,Women,2024,Throws,1,0,1,1
583,Women,2024,Hurdles,1,0,1,1
2712,Women,2024,Sprints,1,0,1,1
2712,Women,2024,Distance,4,3,1,2
2712,Women,2024,Jumps,1,0,1,1
2712,Women,2024,Throws,1,0,1,1
2712,Women,2024,Hurdles,1,0,1,1
2700,Women,2024,Sprints,1,0,1,1
2700,Women,2024,Distance,2,1,1,2
2700,Women,2024,Jumps,1,0,1,1
2700,Women,2024,Throws,1,0,1,1
2700,Women,2024,Hurdles,1,0,1,1
5687,Women,2024,Sprints,1,0,1,1
5687,Women,2024,Distance,1,0,1,1
5687,Women,2024,Jumps,1,0,1,1
5687,Women,2024,Throws,1,0,1,1
5687,Women,2024,Hurdles,1,0,1,1
2387,Women,2024,Sprints,1,0,1,1
2387,Women,2024,Distance,4,3,1,2
2387,Women,2024,Jumps,1,0,1,1
2387,Women,2024,Throws,1,0,1,1
2387,Women,2024,Hurdles,1,0,1,1
4231,Women,2024,Sprints,1,0,1,1
4231,Women,2024,Distance,1,0,1,1
4231,Women,2024,Jumps,1,0,1,1
4231,Women,2024,Throws,1,0,1,1
4231,Women,2024,Hurdles,1,0,1,1
5688,Women,2024,Sprints,1,0,1,1
5688,Women,2024,Distance,1,0,1,1
5688,Women,2024,Jumps,1,0,1,1
5688,Women,2024,Throws,1,0,1,1
5688,Women,2024,Hurdles,1,0,1,1
5689,Women,2024,Sprints,1,0,1,1
5689,Women,2024,Distance,1,0,1,1
5689,Women,2024,Jumps,1,0,1,1
5689,Women,2024,Throws,1,0,1,1
5689,Women,2024,Hurdles,1,0,1,1
5681,Women,2024,Distance,1,0,1,1
5681,Women,2024,Jumps,2,1,1,1
5681,Women,2024,Throws,1,0,1,1
5681,Women,2024,Hurdles,1,0,1,1
646,Women,2024,Sprints,1,0,1,1
646,Women,2024,Distance,4,3,1,2
646,Women,2024,Jumps,1,0,1,1
646,Women,2024,Throws,1,0,1,1
646,Women,2024,Hurdles,1,0,1,1
4669,Women,2024,Sprints,1,0,1,1
4669,Women,2024,Distance,3,2,1,2
4669,Women,2024,Jumps,1,0,1,1
4669,Women,2024,Throws,1,0,1,1
4669,Women,2024,Hurdles,1,0,1,1
590,Women,2024,Sprints,1,0,1,1
590,Women,2024,Distance,6,5,1,4
590,Women,2024,Jumps,1,0,1,1
590,Women,2024,Throws,1,0,1,1
590,Women,2024,Hurdles,1,0,1,1
2396,Women,2024,Sprints,1,0,1,1
2396,Women,2024,Distance,2,1,1,1
2396,Women,2024,Jumps,1,0,1,1
2396,Women,2024,Throws,1,0,1,1
2396,Women,2024,Hurdles,1,0,1,1
644,Women,2024,Sprints,1,0,1,1
644,Women,2024,Distance,2,1,1,1
644,Women,2024,Jumps,1,0,1,1
644,Women,2024,Throws,1,0,1,1
644,Women,2024,Hurdles,1,0,1,1
3109,Women,2024,Distance,3,2,1,2
3109,Women,2024,Jumps,1,0,1,1
3109,Women,2024,Throws,1,0,1,1
3109,Women,2024,Hurdles,1,0,1,1
2380,Women,2024,Sprints,1,0,1,1
2380,Women,2024,Distance,3,2,1,2
2380,Women,2024,Jumps,1,0,1,1
2380,Women,2024,Throws,1,0,1,1
2380,Women,2024,Hurdles,1,0,1,1
2084,Women,2024,Sprints,1,1,0,1
3528,Women,2024,Sprints,1,1,0,1
4965,Women,2024,Sprints,2,1,1,1
4965,Women,2024,Distance,1,0,1,1
4965,Women,2024,Jumps,1,0,1,1
4965,Women,2024,Throws,1,0,1,1
4965,Women,2024,Hurdles,2,1,1,1
4979,Women,2024,Sprints,1,0,1,1
4979,Women,2024,Distance,2,1,1,1
4979,Women,2024,Jumps,1,0,1,1
4979,Women,2024,Throws,1,0,1,1
4979,Women,2024,Hurdles,1,0,1,1
3201,Women,2024,Sprints,1,0,1,1
3201,Women,2024,Distance,2,1,1,1
3201,Women,2024,Jumps,1,0,1,1
3201,Women,2024,Throws,1,0,1,1
3201,Women,2024,Hurdles,1,0,1,1
4967,Women,2024,Sprints,1,0,1,1
4967,Women,2024,Distance,1,0,1,1
4967,Women,2024,Jumps,2,1,1,1
4967,Women,2024,Throws,1,0,1,1
4967,Women,2024,Hurdles,2,1,1,1
5730,Women,2024,Sprints,3,3,0,1
4963,Women,2024,Sprints,2,2,0,1
4966,Women,2024,Sprints,1,1,0,1
3889,Women,2024,Distance,2,0,2,2
3889,Women,2024,Jumps,2,0,2,2
3889,Women,2024,Throws,2,0,2,2
3889,Women,2024,Hurdles,6,4,2,4
5748,Women,2024,Sprints,1,0,1,1
5748,Women,2024,Distance,1,0,1,1
5748,Women,2024,Jumps,1,0,1,1
5748,Women,2024,Throws,1,0,1,1
5748,Women,2024,Hurdles,1,0,1,1
5749,Women,2024,Sprints,1,0,1,1
5749,Women,2024,Distance,1,0,1,1
5749,Women,2024,Jumps,1,0,1,1
5749,Women,2024,Throws,1,0,1,1
5749,Women,2024,Hurdles,1,0,1,1
5063,Women,2024,Sprints,1,1,0,1
5758,Women,2024,Sprints,4,4,0,3
5759,Women,2024,Sprints,1,1,0,1
3660,Women,2024,Sprints,3,2,1,1
3660,Women,2024,Distance,1,0,1,1
3660,Women,2024,Jumps,1,0,1,1
3660,Women,2024,Throws,1,0,1,1
3660,Women,2024,Hurdles,1,0,1,1
3664,Women,2024,Sprints,1,0,1,1
3664,Women,2024,Distance,1,0,1,1
3664,Women,2024,Jumps,5,4,1,2
3664,Women,2024,Throws,1,0,1,1
3664,Women,2024,Hurdles,1,0,1,1
2403,Women,2024,Distance,5,4,1,3
2403,Women,2024,Jumps,1,0,1,1
2403,Women,2024,Throws,4,3,1,3
2403,Women,2024,Hurdles,1,0,1,1
5682,Women,2024,Sprints,1,0,1,1
5682,Women,2024,Distance,3,2,1,2
5682,Women,2024,Jumps,1,0,1,1
5682,Women,2024,Throws,1,0,1,1
5682,Women,2024,Hurdles,1,0,1,1
5767,Women,2024,Sprints,1,0,1,1
5767,Women,2024,Distance,1,0,1,1
5767,Women,2024,Jumps,1,0,1,1
5767,Women,2024,Throws,1,0,1,1
5767,Women,2024,Hurdles,1,0,1,1
2773,Women,2024,Sprints,1,0,1,1
2773,Women,2024,Distance,4,3,1,3
2773,Women,2024,Jumps,1,0,1,1
2773,Women,2024,Throws,1,0,1,1
2773,Women,2024,Hurdles,1,0,1,1
5790,Women,2024,Sprints,2,2,0,1
5204,Women,2024,Sprints,1,0,1,1
5204,Women,2024,Distance,8,7,1,5
5204,Women,2024,Jumps,1,0,1,1
5204,Women,2024,Throws,1,0,1,1
5204,Women,2024,Hurdles,1,0,1,1
4177,Women,2024,Sprints,2,1,1,1
4174,Women,2024,Distance,1,0,1,1
4174,Women,2024,Jumps,1,0,1,1
4174,Women,2024,Throws,1,0,1,1
4174,Women,2024,Hurdles,1,0,1,1
4177,Women,2024,Distance,1,0,1,1
4177,Women,2024,Jumps,2,1,1,1
4177,Women,2024,Throws,1,0,1,1
4177,Women,2024,Hurdles,1,0,1,1
3247,Women,2024,Distance,2,1,1,1
3247,Women,2024,Jumps,1,0,1,1
3247,Women,2024,Throws,1,0,1,1
3247,Women,2024,Hurdles,1,0,1,1
4162,Women,2024,Distance,1,0,1,1
4162,Women,2024,Jumps,1,0,1,1
4162,Women,2024,Throws,1,0,1,1
4162,Women,2024,Hurdles,1,0,1,1
4017,Women,2024,Distance,1,0,1,1
4017,Women,2024,Jumps,1,0,1,1
4017,Women,2024,Throws,1,0,1,1
4017,Women,2024,Hurdles,1,0,1,1
4018,Women,2024,Distance,1,0,1,1
4018,Women,2024,Jumps,3,2,1,2
4018,Women,2024,Throws,1,0,1,1
4018,Women,2024,Hurdles,1,0,1,1
5212,Women,2024,Sprints,1,0,1,1
5212,Women,2024,Distance,1,0,1,1
5212,Women,2024,Jumps,1,0,1,1
5212,Women,2024,Throws,10,9,1,4
5212,Women,2024,Hurdles,1,0,1,1
5211,Women,2024,Sprints,1,0,1,1
5211,Women,2024,Distance,1,0,1,1
5211,Women,2024,Jumps,1,0,1,1
5211,Women,2024,Throws,7,6,1,3
5211,Women,2024,Hurdles,1,0,1,1
5209,Women,2024,Sprints,1,0,1,1
5209,Women,2024,Distance,1,0,1,1
5209,Women,2024,Jumps,1,0,1,1
5209,Women,2024,Throws,9,8,1,4
5209,Women,2024,Hurdles,1,0,1,1
5197,Women,2024,Sprints,1,0,1,1
5197,Women,2024,Distance,2,1,1,2
5197,Women,2024,Jumps,1,0,1,1
5197,Women,2024,Throws,12,11,1,5
5197,Women,2024,Hurdles,5,4,1,5
709,Women,2024,Sprints,1,0,1,1
709,Women,2024,Distance,1,0,1,1
709,Women,2024,Jumps,1,0,1,1
709,Women,2024,Throws,1,0,1,1
709,Women,2024,Hurdles,1,0,1,1
675,Women,2024,Sprints,1,0,1,1
675,Women,2024,Distance,1,0,1,1
675,Women,2024,Jumps,1,0,1,1
675,Women,2024,Throws,1,0,1,1
675,Women,2024,Hurdles,1,0,1,1
618,Women,2024,Sprints,1,0,1,1
618,Women,2024,Distance,4,3,1,2
618,Women,2024,Jumps,1,0,1,1
618,Women,2024,Throws,1,0,1,1
618,Women,2024,Hurdles,1,0,1,1
3816,Women,2024,Distance,1,0,1,1
3816,Women,2024,Jumps,1,0,1,1
3816,Women,2024,Throws,1,0,1,1
3816,Women,2024,Hurdles,1,0,1,1
4150,Men,2025,Sprints,2,2,0,2
18775,Men,2025,Sprints,2,2,0,1
25856,Men,2025,Sprints,4,4,0,3
25857,Men,2025,Sprints,5,5,0,3
25858,Men,2025,Sprints,1,1,0,1
4581,Men,2025,Sprints,1,1,0,1
25859,Men,2025,Sprints,4,4,0,2
3610,Men,2025,Sprints,4,4,0,2
25860,Men,2025,Sprints,5,5,0,2
24470,Men,2025,Sprints,5,5,0,3
24460,Men,2025,Sprints,5,4,1,3
4727,Men,2025,Sprints,5,3,2,3
25667,Men,2025,Sprints,1,1,0,1
4346,Men,2025,Sprints,1,1,0,1
24886,Men,2025,Sprints,2,2,0,2
25862,Men,2025,Sprints,1,1,0,1
18712,Men,2025,Sprints,1,1,0,1
25863,Men,2025,Sprints,2,2,0,1
25018,Men,2025,Sprints,4,4,0,2
2616,Men,2025,Sprints,1,1,0,1
25864,Men,2025,Sprints,1,1,0,1
5697,Men,2025,Sprints,2,2,0,2
5698,Men,2025,Sprints,2,2,0,2
24971,Men,2025,Sprints,6,5,1,3
24890,Men,2025,Sprints,2,2,0,1
25865,Men,2025,Sprints,2,2,0,1
25866,Men,2025,Sprints,3,2,1,2
2565,Men,2025,Sprints,4,4,0,2
3021,Men,2025,Sprints,5,5,0,2
7696,Men,2025,Sprints,1,1,0,1
5309,Men,2025,Sprints,1,1,0,1
19398,Men,2025,Sprints,4,4,0,2
11494,Men,2025,Sprints,1,1,0,1
4347,Men,2025,Sprints,2,2,0,2
4348,Men,2025,Sprints,1,1,0,1
25872,Men,2025,Sprints,1,1,0,1
25673,Men,2025,Sprints,3,3,0,2
19498,Men,2025,Sprints,1,0,1,1
19498,Men,2025,Distance,1,0,1,1
19498,Men,2025,Jumps,1,0,1,1
19498,Men,2025,Throws,1,0,1,1
19498,Men,2025,Hurdles,1,0,1,1
1266,Men,2025,Sprints,1,0,1,1
1266,Men,2025,Distance,4,3,1,2
1266,Men,2025,Jumps,1,0,1,1
1266,Men,2025,Throws,1,0,1,1
1266,Men,2025,Hurdles,1,0,1,1
29555,Men,2025,Sprints,1,0,1,1
29555,Men,2025,Distance,1,0,1,1
29555,Men,2025,Jumps,1,0,1,1
29555,Men,2025,Throws,1,0,1,1
29555,Men,2025,Hurdles,1,0,1,1
1704,Men,2025,Sprints,1,0,1,1
1704,Men,2025,Distance,2,1,1,1
1704,Men,2025,Jumps,1,0,1,1
1704,Men,2025,Throws,1,0,1,1
1704,Men,2025,Hurdles,1,0,1,1
26000,Men,2025,Sprints,1,1,0,1
3680,Men,2025,Sprints,3,3,0,2
3682,Men,2025,Sprints,3,3,0,2
25474,Men,2025,Sprints,4,4,0,2
23919,Men,2025,Sprints,2,2,0,1
3678,Men,2025,Sprints,2,2,0,2
4337,Men,2025,Sprints,3,3,0,2
21413,Men,2025,Sprints,1,0,1,1
21413,Men,2025,Distance,1,0,1,1
21413,Men,2025,Jumps,1,0,1,1
21413,Men,2025,Throws,1,0,1,1
21413,Men,2025,Hurdles,1,0,1,1
25109,Men,2025,Sprints,3,3,0,2
25997,Men,2025,Sprints,1,1,0,1
23460,Men,2025,Sprints,1,1,0,1
25998,Men,2025,Sprints,3,3,0,2
5140,Men,2025,Sprints,2,2,0,2
26008,Men,2025,Sprints,2,0,2,2
26008,Men,2025,Distance,2,0,2,2
26008,Men,2025,Jumps,2,0,2,2
26008,Men,2025,Throws,2,0,2,2
26008,Men,2025,Hurdles,2,0,2,2
25271,Men,2025,Sprints,2,2,0,1
26010,Men,2025,Sprints,1,1,0,1
26011,Men,2025,Sprints,1,1,0,1
24869,Men,2025,Sprints,5,3,2,2
24869,Men,2025,Distance,2,0,2,1
24869,Men,2025,Jumps,2,0,2,1
24869,Men,2025,Throws,2,0,2,1
24869,Men,2025,Hurdles,2,0,2,1
25643,Men,2025,Sprints,5,3,2,2
25643,Men,2025,Distance,2,0,2,1
25643,Men,2025,Jumps,2,0,2,1
25643,Men,2025,Throws,2,0,2,1
25643,Men,2025,Hurdles,3,1,2,2
25491,Men,2025,Sprints,3,1,2,1
25491,Men,2025,Distance,2,0,2,1
25491,Men,2025,Jumps,2,0,2,1
25491,Men,2025,Throws,2,0,2,1
25491,Men,2025,Hurdles,2,0,2,1
5550,Men,2025,Sprints,4,3,1,2
5550,Men,2025,Distance,1,0,1,1
5550,Men,2025,Jumps,1,0,1,1
5550,Men,2025,Throws,1,0,1,1
5550,Men,2025,Hurdles,1,0,1,1
4358,Men,2025,Sprints,2,1,1,2
4358,Men,2025,Distance,1,0,1,1
4358,Men,2025,Jumps,1,0,1,1
4358,Men,2025,Throws,1,0,1,1
4358,Men,2025,Hurdles,1,0,1,1
5711,Men,2025,Sprints,3,2,1,2
5711,Men,2025,Distance,1,0,1,1
5711,Men,2025,Jumps,1,0,1,1
5711,Men,2025,Throws,1,0,1,1
5711,Men,2025,Hurdles,2,1,1,2
2172,Men,2025,Sprints,1,0,1,1
2172,Men,2025,Distance,3,2,1,2
2172,Men,2025,Jumps,1,0,1,1
2172,Men,2025,Throws,1,0,1,1
2172,Men,2025,Hurdles,1,0,1,1
2176,Men,2025,Sprints,1,0,1,1
2176,Men,2025,Distance,4,3,1,2
2176,Men,2025,Jumps,1,0,1,1
2176,Men,2025,Throws,1,0,1,1
2176,Men,2025,Hurdles,1,0,1,1
677,Men,2025,Sprints,1,0,1,1
677,Men,2025,Distance,4,3,1,2
677,Men,2025,Jumps,1,0,1,1
677,Men,2025,Throws,1,0,1,1
677,Men,2025,Hurdles,1,0,1,1
26519,Men,2025,Sprints,1,1,0,1
26520,Men,2025,Sprints,1,1,0,1
24880,Men,2025,Sprints,9,8,1,4
4393,Men,2025,Sprints,5,4,1,2
3698,Men,2025,Sprints,8,7,1,3
24581,Men,2025,Sprints,6,5,1,3
3719,Men,2025,Sprints,8,7,1,4
3701,Men,2025,Sprints,8,7,1,4
3710,Men,2025,Sprints,2,2,0,2
3689,Men,2025,Sprints,6,5,1,4
4149,Men,2025,Sprints,6,5,1,3
26153,Men,2025,Sprints,1,1,0,1
3720,Men,2025,Sprints,4,4,0,2
24889,Men,2025,Sprints,6,6,0,3
3724,Men,2025,Sprints,1,1,0,1
24580,Men,2025,Sprints,11,10,1,4
24574,Men,2025,Sprints,5,4,1,3
3691,Men,2025,Sprints,7,7,0,3
3690,Men,2025,Sprints,2,2,0,2
3728,Men,2025,Sprints,8,7,1,3
4386,Men,2025,Sprints,7,7,0,4
4387,Men,2025,Sprints,6,6,0,3
4380,Men,2025,Sprints,7,7,0,4
4148,Men,2025,Sprints,4,4,0,3
3709,Men,2025,Sprints,7,7,0,4
24608,Men,2025,Sprints,6,6,0,3
24669,Men,2025,Sprints,4,3,1,3
3708,Men,2025,Sprints,8,6,2,4
24673,Men,2025,Sprints,2,2,0,2
3729,Men,2025,Sprints,1,1,0,1
24609,Men,2025,Sprints,1,1,0,1
5761,Men,2025,Sprints,5,5,0,2
4149,Men,2025,Distance,1,0,1,1
4149,Men,2025,Jumps,1,0,1,1
4149,Men,2025,Throws,1,0,1,1
4149,Men,2025,Hurdles,1,0,1,1
4393,Men,2025,Distance,1,0,1,1
4393,Men,2025,Jumps,1,0,1,1
4393,Men,2025,Throws,1,0,1,1
4393,Men,2025,Hurdles,1,0,1,1
3701,Men,2025,Distance,1,0,1,1
3701,Men,2025,Jumps,1,0,1,1
3701,Men,2025,Throws,1,0,1,1
3701,Men,2025,Hurdles,1,0,1,1
3719,Men,2025,Distance,1,0,1,1
3719,Men,2025,Jumps,1,0,1,1
3719,Men,2025,Throws,1,0,1,1
3719,Men,2025,Hurdles,1,0,1,1
24669,Men,2025,Distance,1,0,1,1
24669,Men,2025,Jumps,1,0,1,1
24669,Men,2025,Throws,1,0,1,1
24669,Men,2025,Hurdles,1,0,1,1
24914,Men,2025,Sprints,2,1,1,2
24914,Men,2025,Distance,3,2,1,2
24914,Men,2025,Jumps,1,0,1,1
24914,Men,2025,Throws,1,0,1,1
24914,Men,2025,Hurdles,1,0,1,1
3728,Men,2025,Distance,2,1,1,2
3728,Men,2025,Jumps,1,0,1,1
3728,Men,2025,Throws,1,0,1,1
3728,Men,2025,Hurdles,2,1,1,2
3708,Men,2025,Distance,2,0,2,1
3708,Men,2025,Jumps,2,0,2,1
3708,Men,2025,Throws,2,0,2,1
3708,Men,2025,Hurdles,3,1,2,2
3687,Men,2025,Sprints,3,2,1,2
3687,Men,2025,Distance,5,4,1,4
3687,Men,2025,Jumps,1,0,1,1
3687,Men,2025,Throws,1,0,1,1
3687,Men,2025,Hurdles,1,0,1,1
24582,Men,2025,Sprints,1,0,1,1
24582,Men,2025,Distance,2,1,1,1
24582,Men,2025,Jumps,1,0,1,1
24582,Men,2025,Throws,1,0,1,1
24582,Men,2025,Hurdles,1,0,1,1
3699,Men,2025,Sprints,2,1,1,2
3699,Men,2025,Distance,5,4,1,3
3699,Men,2025,Jumps,1,0,1,1
3699,Men,2025,Throws,1,0,1,1
3699,Men,2025,Hurdles,1,0,1,1
24888,Men,2025,Sprints,5,4,1,3
24888,Men,2025,Distance,3,2,1,2
24888,Men,2025,Jumps,1,0,1,1
24888,Men,2025,Throws,1,0,1,1
24888,Men,2025,Hurdles,1,0,1,1
24880,Men,2025,Distance,1,0,1,1
24880,Men,2025,Jumps,1,0,1,1
24880,Men,2025,Throws,1,0,1,1
24880,Men,2025,Hurdles,1,0,1,1
3698,Men,2025,Distance,1,0,1,1
3698,Men,2025,Jumps,1,0,1,1
3698,Men,2025,Throws,1,0,1,1
3698,Men,2025,Hurdles,1,0,1,1
3689,Men,2025,Distance,1,0,1,1
3689,Men,2025,Jumps,1,0,1,1
3689,Men,2025,Throws,1,0,1,1
3689,Men,2025,Hurdles,1,0,1,1
8022,Men,2025,Sprints,5,5,0,3
3843,Men,2025,Sprints,3,3,0,2
3846,Men,2025,Sprints,5,5,0,2
26057,Men,2025,Sprints,1,0,1,1
26057,Men,2025,Distance,1,0,1,1
26057,Men,2025,Jumps,1,0,1,1
26057,Men,2025,Throws,1,0,1,1
26057,Men,2025,Hurdles,1,0,1,1
26058,Men,2025,Sprints,1,0,1,1
26058,Men,2025,Distance,1,0,1,1
26058,Men,2025,Jumps,1,0,1,1
26058,Men,2025,Throws,1,0,1,1
26058,Men,2025,Hurdles,1,0,1,1
26059,Men,2025,Sprints,1,0,1,1
26059,Men,2025,Distance,1,0,1,1
26059,Men,2025,Jumps,1,0,1,1
26059,Men,2025,Throws,1,0,1,1
26059,Men,2025,Hurdles,1,0,1,1
26060,Men,2025,Sprints,1,0,1,1
26060,Men,2025,Distance,1,0,1,1
26060,Men,2025,Jumps,1,0,1,1
26060,Men,2025,Throws,1,0,1,1
26060,Men,2025,Hurdles,1,0,1,1
26030,Men,2025,Sprints,1,1,0,1
25499,Men,2025,Sprints,3,3,0,2
5165,Men,2025,Sprints,1,1,0,1
26063,Men,2025,Sprints,1,1,0,1
5791,Men,2025,Sprints,1,1,0,1
26064,Men,2025,Sprints,1,1,0,1
26065,Men,2025,Sprints,1,1,0,1
26066,Men,2025,Sprints,1,1,0,1
4073,Men,2025,Sprints,5,5,0,3
3838,Men,2025,Sprints,3,3,0,2
24409,Men,2025,Sprints,2,2,0,2
24733,Men,2025,Sprints,3,3,0,2
19104,Men,2025,Sprints,2,1,1,1
2022,Men,2025,Sprints,1,1,0,1
3845,Men,2025,Sprints,1,0,1,1
3845,Men,2025,Distance,1,0,1,1
3845,Men,2025,Jumps,3,2,1,2
3845,Men,2025,Throws,1,0,1,1
3845,Men,2025,Hurdles,3,2,1,2
19411,Men,2025,Sprints,2,1,1,2
19411,Men,2025,Distance,1,0,1,1
19411,Men,2025,Jumps,1,0,1,1
19411,Men,2025,Throws,1,0,1,1
19411,Men,2025,Hurdles,1,0,1,1
24421,Men,2025,Sprints,1,0,1,1
24421,Men,2025,Distance,1,0,1,1
24421,Men,2025,Jumps,1,0,1,1
24421,Men,2025,Throws,1,0,1,1
24421,Men,2025,Hurdles,1,0,1,1
5500,Men,2025,Sprints,1,0,1,1
5500,Men,2025,Distance,4,3,1,2
5500,Men,2025,Jumps,1,0,1,1
5500,Men,2025,Throws,1,0,1,1
5500,Men,2025,Hurdles,1,0,1,1
1996,Men,2025,Sprints,1,0,1,1
1996,Men,2025,Distance,2,1,1,2
1996,Men,2025,Jumps,1,0,1,1
1996,Men,2025,Throws,1,0,1,1
1996,Men,2025,Hurdles,1,0,1,1
19104,Men,2025,Distance,1,0,1,1
19104,Men,2025,Jumps,1,0,1,1
19104,Men,2025,Throws,1,0,1,1
19104,Men,2025,Hurdles,1,0,1,1
2867,Men,2025,Sprints,1,0,1,1
2867,Men,2025,Distance,3,2,1,2
2867,Men,2025,Jumps,1,0,1,1
2867,Men,2025,Throws,1,0,1,1
2867,Men,2025,Hurdles,3,2,1,2
24736,Men,2025,Sprints,1,0,1,1
24736,Men,2025,Distance,3,2,1,2
24736,Men,2025,Jumps,1,0,1,1
24736,Men,2025,Throws,1,0,1,1
24736,Men,2025,Hurdles,1,0,1,1
4056,Men,2025,Sprints,3,3,0,2
26078,Men,2025,Sprints,2,2,0,1
26079,Men,2025,Sprints,1,1,0,1
24541,Men,2025,Sprints,4,4,0,2
26156,Men,2025,Sprints,3,3,0,2
26158,Men,2025,Sprints,3,3,0,2
24545,Men,2025,Sprints,2,2,0,2
24548,Men,2025,Sprints,2,2,0,2
2368,Men,2025,Sprints,1,1,0,1
5257,Men,2025,Sprints,1,1,0,1
26090,Men,2025,Sprints,1,1,0,1
25155,Men,2025,Sprints,3,3,0,2
5259,Men,2025,Sprints,2,2,0,1
26091,Men,2025,Sprints,3,3,0,1
25176,Men,2025,Sprints,1,1,0,1
26089,Men,2025,Sprints,3,3,0,1
26092,Men,2025,Sprints,2,2,0,1
26093,Men,2025,Sprints,1,1,0,1
26094,Men,2025,Sprints,3,3,0,2
3609,Men,2025,Sprints,3,3,0,1
26095,Men,2025,Sprints,1,1,0,1
26096,Men,2025,Sprints,1,1,0,1
556,Men,2025,Sprints,4,3,1,1
2583,Men,2025,Sprints,4,3,1,1
25656,Men,2025,Sprints,1,1,0,1
2559,Men,2025,Sprints,3,3,0,1
18975,Men,2025,Sprints,2,2,0,1
3613,Men,2025,Sprints,3,3,0,1
517,Men,2025,Sprints,4,3,1,1
26097,Men,2025,Sprints,1,1,0,1
550,Men,2025,Sprints,4,3,1,1
554,Men,2025,Sprints,4,4,0,2
26098,Men,2025,Sprints,2,2,0,1
25672,Men,2025,Sprints,3,2,1,1
26099,Men,2025,Sprints,2,2,0,1
26100,Men,2025,Sprints,2,2,0,1
26102,Men,2025,Sprints,2,2,0,1
4589,Men,2025,Sprints,4,4,0,2
5215,Men,2025,Sprints,1,1,0,1
25680,Men,2025,Sprints,3,3,0,2
26114,Men,2025,Sprints,2,0,2,1
26114,Men,2025,Distance,2,0,2,1
26114,Men,2025,Jumps,2,0,2,1
26114,Men,2025,Throws,2,0,2,1
26114,Men,2025,Hurdles,2,0,2,1
25152,Men,2025,Sprints,1,0,1,1
25152,Men,2025,Distance,1,0,1,1
25152,Men,2025,Jumps,1,0,1,1
25152,Men,2025,Throws,1,0,1,1
25152,Men,2025,Hurdles,1,0,1,1
19769,Men,2025,Sprints,1,0,1,1
19769,Men,2025,Distance,1,0,1,1
19769,Men,2025,Jumps,1,0,1,1
19769,Men,2025,Throws,1,0,1,1
19769,Men,2025,Hurdles,1,0,1,1
26115,Men,2025,Sprints,1,0,1,1
26115,Men,2025,Distance,1,0,1,1
26115,Men,2025,Jumps,1,0,1,1
26115,Men,2025,Throws,1,0,1,1
26115,Men,2025,Hurdles,1,0,1,1
26116,Men,2025,Sprints,1,0,1,1
26116,Men,2025,Distance,1,0,1,1
26116,Men,2025,Jumps,1,0,1,1
26116,Men,2025,Throws,1,0,1,1
26116,Men,2025,Hurdles,1,0,1,1
26136,Men,2025,Sprints,1,1,0,1
26138,Men,2025,Sprints,1,1,0,1
517,Men,2025,Distance,2,1,1,1
517,Men,2025,Jumps,4,3,1,1
517,Men,2025,Throws,3,2,1,1
517,Men,2025,Hurdles,1,0,1,1
2583,Men,2025,Distance,2,1,1,2
2583,Men,2025,Jumps,4,3,1,1
2583,Men,2025,Throws,3,2,1,1
2583,Men,2025,Hurdles,3,2,1,2
550,Men,2025,Distance,4,3,1,2
550,Men,2025,Jumps,3,2,1,1
550,Men,2025,Throws,3,2,1,1
550,Men,2025,Hurdles,1,0,1,1
556,Men,2025,Distance,1,0,1,1
556,Men,2025,Jumps,4,3,1,1
556,Men,2025,Throws,3,2,1,1
556,Men,2025,Hurdles,1,0,1,1
25672,Men,2025,Distance,1,0,1,1
25672,Men,2025,Jumps,1,0,1,1
25672,Men,2025,Throws,1,0,1,1
25672,Men,2025,Hurdles,1,0,1,1
25165,Men,2025,Sprints,3,1,2,2
25165,Men,2025,Distance,4,2,2,2
25165,Men,2025,Jumps,2,0,2,2
25165,Men,2025,Throws,2,0,2,2
25165,Men,2025,Hurdles,2,0,2,2
3092,Men,2025,Sprints,1,0,1,1
3092,Men,2025,Distance,3,2,1,2
3092,Men,2025,Jumps,1,0,1,1
3092,Men,2025,Throws,1,0,1,1
3092,Men,2025,Hurdles,1,0,1,1
530,Men,2025,Sprints,1,0,1,1
530,Men,2025,Distance,4,3,1,2
530,Men,2025,Jumps,1,0,1,1
530,Men,2025,Throws,1,0,1,1
530,Men,2025,Hurdles,1,0,1,1
5246,Men,2025,Sprints,8,7,1,3
5234,Men,2025,Sprints,8,7,1,3
4440,Men,2025,Sprints,4,4,0,3
26497,Men,2025,Sprints,2,2,0,1
26167,Men,2025,Sprints,3,3,0,3
25025,Men,2025,Sprints,2,2,0,2
26171,Men,2025,Sprints,4,4,0,3
26499,Men,2025,Sprints,1,1,0,1
5218,Men,2025,Sprints,8,6,2,3
25031,Men,2025,Sprints,2,2,0,2
25024,Men,2025,Sprints,7,6,1,3
4304,Men,2025,Sprints,3,2,1,2
19065,Men,2025,Sprints,3,2,1,2
18977,Men,2025,Sprints,3,3,0,2
19009,Men,2025,Sprints,3,2,1,2
26169,Men,2025,Sprints,8,8,0,3
19768,Men,2025,Sprints,6,0,6,3
19768,Men,2025,Distance,6,0,6,3
19768,Men,2025,Jumps,6,0,6,3
19768,Men,2025,Throws,6,0,6,3
19768,Men,2025,Hurdles,6,0,6,3
3541,Men,2025,Sprints,5,5,0,2
24442,Men,2025,Sprints,8,8,0,3
26139,Men,2025,Sprints,7,7,0,3
4475,Men,2025,Sprints,2,2,0,1
25259,Men,2025,Sprints,5,5,0,2
4473,Men,2025,Sprints,2,2,0,1
3854,Men,2025,Sprints,2,2,0,1
3549,Men,2025,Sprints,5,5,0,3
24444,Men,2025,Sprints,4,4,0,3
26140,Men,2025,Sprints,1,1,0,1
24999,Men,2025,Sprints,2,2,0,2
5022,Men,2025,Sprints,2,2,0,1
4487,Men,2025,Sprints,2,2,0,2
3551,Men,2025,Sprints,4,4,0,3
3540,Men,2025,Sprints,2,2,0,1
4485,Men,2025,Sprints,3,3,0,3
24434,Men,2025,Sprints,4,4,0,2
24448,Men,2025,Sprints,1,1,0,1
24437,Men,2025,Sprints,3,3,0,2
25267,Men,2025,Sprints,4,4,0,2
25268,Men,2025,Sprints,2,2,0,2
4477,Men,2025,Sprints,1,1,0,1
7639,Men,2025,Sprints,1,1,0,1
19627,Men,2025,Sprints,2,2,0,2
3851,Men,2025,Sprints,3,3,0,3
1856,Men,2025,Sprints,2,2,0,2
3559,Men,2025,Sprints,2,2,0,2
26147,Men,2025,Sprints,1,0,1,1
26147,Men,2025,Distance,1,0,1,1
26147,Men,2025,Jumps,1,0,1,1
26147,Men,2025,Throws,1,0,1,1
26147,Men,2025,Hurdles,1,0,1,1
26148,Men,2025,Sprints,1,0,1,1
26148,Men,2025,Distance,1,0,1,1
26148,Men,2025,Jumps,1,0,1,1
26148,Men,2025,Throws,1,0,1,1
26148,Men,2025,Hurdles,1,0,1,1
25702,Men,2025,Sprints,1,0,1,1
25702,Men,2025,Distance,1,0,1,1
25702,Men,2025,Jumps,1,0,1,1
25702,Men,2025,Throws,1,0,1,1
25702,Men,2025,Hurdles,1,0,1,1
25825,Men,2025,Sprints,1,1,0,1
3695,Men,2025,Sprints,2,2,0,2
24607,Men,2025,Sprints,4,4,0,2
3696,Men,2025,Sprints,4,4,0,2
4147,Men,2025,Sprints,1,1,0,1
21404,Men,2025,Sprints,4,0,4,2
21404,Men,2025,Distance,4,0,4,2
21404,Men,2025,Jumps,4,0,4,2
21404,Men,2025,Throws,4,0,4,2
21404,Men,2025,Hurdles,4,0,4,2
20492,Men,2025,Sprints,2,1,1,2
26155,Men,2025,Sprints,1,0,1,1
26155,Men,2025,Distance,1,0,1,1
26155,Men,2025,Jumps,1,0,1,1
26155,Men,2025,Throws,1,0,1,1
26155,Men,2025,Hurdles,1,0,1,1
26157,Men,2025,Sprints,2,2,0,1
24675,Men,2025,Sprints,2,2,0,1
24676,Men,2025,Sprints,4,3,1,2
3158,Men,2025,Sprints,4,4,0,2
26161,Men,2025,Sprints,2,2,0,2
11357,Men,2025,Sprints,2,2,0,2
3522,Men,2025,Sprints,4,4,0,2
25023,Men,2025,Sprints,5,4,1,3
5250,Men,2025,Sprints,3,3,0,2
26166,Men,2025,Sprints,1,1,0,1
26168,Men,2025,Sprints,3,3,0,2
25026,Men,2025,Sprints,2,2,0,1
3790,Men,2025,Sprints,1,0,1,1
3790,Men,2025,Distance,4,3,1,2
3790,Men,2025,Jumps,1,0,1,1
3790,Men,2025,Throws,1,0,1,1
3790,Men,2025,Hurdles,1,0,1,1
3169,Men,2025,Sprints,1,0,1,1
3169,Men,2025,Distance,2,1,1,1
3169,Men,2025,Jumps,1,0,1,1
3169,Men,2025,Throws,1,0,1,1
3169,Men,2025,Hurdles,1,0,1,1
1288,Men,2025,Sprints,1,0,1,1
1288,Men,2025,Distance,4,3,1,2
1288,Men,2025,Jumps,1,0,1,1
1288,Men,2025,Throws,1,0,1,1
1288,Men,2025,Hurdles,1,0,1,1
24676,Men,2025,Distance,1,0,1,1
24676,Men,2025,Jumps,1,0,1,1
24676,Men,2025,Throws,1,0,1,1
24676,Men,2025,Hurdles,1,0,1,1
26170,Men,2025,Sprints,4,4,0,2
5221,Men,2025,Sprints,2,2,0,1
26172,Men,2025,Sprints,6,6,0,4
26173,Men,2025,Sprints,3,3,0,2
1612,Men,2025,Sprints,4,4,0,2
25108,Men,2025,Sprints,4,4,0,2
2626,Men,2025,Sprints,2,2,0,2
5240,Men,2025,Sprints,1,1,0,1
26174,Men,2025,Sprints,3,3,0,2
760,Men,2025,Sprints,2,1,1,2
26175,Men,2025,Sprints,1,1,0,1
688,Men,2025,Sprints,1,1,0,1
4303,Men,2025,Sprints,2,2,0,2
26176,Men,2025,Sprints,3,3,0,3
19007,Men,2025,Sprints,3,3,0,1
21406,Men,2025,Sprints,3,0,3,2
21406,Men,2025,Distance,3,0,3,2
21406,Men,2025,Jumps,3,0,3,2
21406,Men,2025,Throws,3,0,3,2
21406,Men,2025,Hurdles,3,0,3,2
25023,Men,2025,Distance,1,0,1,1
25023,Men,2025,Jumps,1,0,1,1
25023,Men,2025,Throws,1,0,1,1
25023,Men,2025,Hurdles,1,0,1,1
5234,Men,2025,Distance,1,0,1,1
5234,Men,2025,Jumps,1,0,1,1
5234,Men,2025,Throws,1,0,1,1
5234,Men,2025,Hurdles,1,0,1,1
5218,Men,2025,Distance,2,0,2,1
5218,Men,2025,Jumps,2,0,2,1
5218,Men,2025,Throws,2,0,2,1
5218,Men,2025,Hurdles,2,0,2,1
5246,Men,2025,Distance,1,0,1,1
5246,Men,2025,Jumps,2,1,1,2
5246,Men,2025,Throws,1,0,1,1
5246,Men,2025,Hurdles,1,0,1,1
25024,Men,2025,Distance,1,0,1,1
25024,Men,2025,Jumps,1,0,1,1
25024,Men,2025,Throws,1,0,1,1
25024,Men,2025,Hurdles,1,0,1,1
5289,Men,2025,Sprints,2,1,1,2
5289,Men,2025,Distance,4,3,1,3
5289,Men,2025,Jumps,1,0,1,1
5289,Men,2025,Throws,1,0,1,1
5289,Men,2025,Hurdles,1,0,1,1
467,Men,2025,Sprints,1,0,1,1
467,Men,2025,Distance,3,2,1,2
467,Men,2025,Jumps,1,0,1,1
467,Men,2025,Throws,1,0,1,1
467,Men,2025,Hurdles,1,0,1,1
19065,Men,2025,Distance,1,0,1,1
19065,Men,2025,Jumps,1,0,1,1
19065,Men,2025,Throws,1,0,1,1
19065,Men,2025,Hurdles,1,0,1,1
4304,Men,2025,Distance,2,1,1,2
4304,Men,2025,Jumps,1,0,1,1
4304,Men,2025,Throws,1,0,1,1
4304,Men,2025,Hurdles,3,2,1,2
19381,Men,2025,Sprints,1,0,1,1
19381,Men,2025,Distance,6,5,1,3
19381,Men,2025,Jumps,1,0,1,1
19381,Men,2025,Throws,1,0,1,1
19381,Men,2025,Hurdles,1,0,1,1
5248,Men,2025,Sprints,2,1,1,2
5248,Men,2025,Distance,3,2,1,2
5248,Men,2025,Jumps,1,0,1,1
5248,Men,2025,Throws,1,0,1,1
5248,Men,2025,Hurdles,1,0,1,1
26500,Men,2025,Sprints,1,0,1,1
26500,Men,2025,Distance,1,0,1,1
26500,Men,2025,Jumps,1,0,1,1
26500,Men,2025,Throws,1,0,1,1
26500,Men,2025,Hurdles,1,0,1,1
696,Men,2025,Sprints,1,0,1,1
696,Men,2025,Distance,4,3,1,3
696,Men,2025,Jumps,1,0,1,1
696,Men,2025,Throws,1,0,1,1
696,Men,2025,Hurdles,1,0,1,1
25030,Men,2025,Sprints,1,0,1,1
25030,Men,2025,Distance,6,5,1,3
25030,Men,2025,Jumps,1,0,1,1
25030,Men,2025,Throws,1,0,1,1
25030,Men,2025,Hurdles,1,0,1,1
742,Men,2025,Sprints,1,0,1,1
742,Men,2025,Distance,5,4,1,3
742,Men,2025,Jumps,1,0,1,1
742,Men,2025,Throws,1,0,1,1
742,Men,2025,Hurdles,1,0,1,1
19009,Men,2025,Distance,2,1,1,2
19009,Men,2025,Jumps,1,0,1,1
19009,Men,2025,Throws,1,0,1,1
19009,Men,2025,Hurdles,1,0,1,1
760,Men,2025,Distance,6,5,1,3
760,Men,2025,Jumps,1,0,1,1
760,Men,2025,Throws,1,0,1,1
760,Men,2025,Hurdles,1,0,1,1
19006,Men,2025,Sprints,1,0,1,1
19006,Men,2025,Distance,7,6,1,3
19006,Men,2025,Jumps,1,0,1,1
19006,Men,2025,Throws,1,0,1,1
19006,Men,2025,Hurdles,1,0,1,1
19387,Men,2025,Sprints,1,0,1,1
19387,Men,2025,Distance,4,3,1,2
19387,Men,2025,Jumps,1,0,1,1
19387,Men,2025,Throws,1,0,1,1
19387,Men,2025,Hurdles,1,0,1,1
5646,Men,2025,Sprints,2,2,0,1
26502,Men,2025,Sprints,2,2,0,1
26503,Men,2025,Sprints,2,2,0,1
26504,Men,2025,Sprints,2,2,0,1
24635,Men,2025,Sprints,2,2,0,2
24636,Men,2025,Sprints,1,1,0,1
3590,Men,2025,Sprints,4,4,0,2
24463,Men,2025,Sprints,1,1,0,1
24460,Men,2025,Distance,1,0,1,1
24460,Men,2025,Jumps,1,0,1,1
24460,Men,2025,Throws,1,0,1,1
24460,Men,2025,Hurdles,1,0,1,1
4727,Men,2025,Distance,2,0,2,1
4727,Men,2025,Jumps,2,0,2,1
4727,Men,2025,Throws,2,0,2,1
4727,Men,2025,Hurdles,2,0,2,1
24971,Men,2025,Distance,1,0,1,1
24971,Men,2025,Jumps,1,0,1,1
24971,Men,2025,Throws,1,0,1,1
24971,Men,2025,Hurdles,1,0,1,1
24468,Men,2025,Sprints,2,0,2,1
24468,Men,2025,Distance,2,0,2,1
24468,Men,2025,Jumps,2,0,2,1
24468,Men,2025,Throws,2,0,2,1
24468,Men,2025,Hurdles,5,3,2,2
3596,Men,2025,Sprints,1,0,1,1
3596,Men,2025,Distance,5,4,1,2
3596,Men,2025,Jumps,1,0,1,1
3596,Men,2025,Throws,1,0,1,1
3596,Men,2025,Hurdles,1,0,1,1
24467,Men,2025,Sprints,2,1,1,2
24467,Men,2025,Distance,1,0,1,1
24467,Men,2025,Jumps,1,0,1,1
24467,Men,2025,Throws,1,0,1,1
24467,Men,2025,Hurdles,2,1,1,2
26506,Men,2025,Sprints,1,0,1,1
26506,Men,2025,Distance,4,3,1,2
26506,Men,2025,Jumps,1,0,1,1
26506,Men,2025,Throws,1,0,1,1
26506,Men,2025,Hurdles,1,0,1,1
26507,Men,2025,Sprints,1,0,1,1
26507,Men,2025,Distance,4,3,1,2
26507,Men,2025,Jumps,1,0,1,1
26507,Men,2025,Throws,1,0,1,1
26507,Men,2025,Hurdles,1,0,1,1
26509,Men,2025,Sprints,1,0,1,1
26509,Men,2025,Distance,2,1,1,1
26509,Men,2025,Jumps,1,0,1,1
26509,Men,2025,Throws,1,0,1,1
26509,Men,2025,Hurdles,1,0,1,1
26505,Men,2025,Sprints,1,0,1,1
26505,Men,2025,Distance,2,1,1,1
26505,Men,2025,Jumps,1,0,1,1
26505,Men,2025,Throws,1,0,1,1
26505,Men,2025,Hurdles,1,0,1,1
26511,Men,2025,Sprints,2,2,0,1
24863,Men,2025,Sprints,1,1,0,1
25475,Men,2025,Sprints,1,1,0,1
4364,Men,2025,Sprints,2,2,0,2
26512,Men,2025,Sprints,1,1,0,1
16133,Men,2025,Sprints,1,1,0,1
3325,Men,2025,Sprints,1,0,1,1
3325,Men,2025,Distance,1,0,1,1
3325,Men,2025,Jumps,1,0,1,1
3325,Men,2025,Throws,1,0,1,1
3325,Men,2025,Hurdles,1,0,1,1
7976,Men,2025,Sprints,1,0,1,1
7976,Men,2025,Distance,3,2,1,2
7976,Men,2025,Jumps,1,0,1,1
7976,Men,2025,Throws,1,0,1,1
7976,Men,2025,Hurdles,1,0,1,1
7979,Men,2025,Sprints,1,0,1,1
7979,Men,2025,Distance,2,1,1,1
7979,Men,2025,Jumps,1,0,1,1
7979,Men,2025,Throws,1,0,1,1
7979,Men,2025,Hurdles,1,0,1,1
18783,Men,2025,Sprints,1,0,1,1
18783,Men,2025,Distance,2,1,1,1
18783,Men,2025,Jumps,1,0,1,1
18783,Men,2025,Throws,1,0,1,1
18783,Men,2025,Hurdles,1,0,1,1
26521,Men,2025,Sprints,2,1,1,1
25878,Men,2025,Sprints,1,0,1,1
25878,Men,2025,Distance,1,0,1,1
25878,Men,2025,Jumps,3,2,1,2
25878,Men,2025,Throws,1,0,1,1
25878,Men,2025,Hurdles,1,0,1,1
25866,Men,2025,Distance,1,0,1,1
25866,Men,2025,Jumps,3,2,1,2
25866,Men,2025,Throws,1,0,1,1
25866,Men,2025,Hurdles,1,0,1,1
20435,Men,2025,Sprints,1,0,1,1
20435,Men,2025,Distance,2,1,1,1
20435,Men,2025,Jumps,1,0,1,1
20435,Men,2025,Throws,1,0,1,1
20435,Men,2025,Hurdles,1,0,1,1
26521,Men,2025,Distance,1,0,1,1
26521,Men,2025,Jumps,1,0,1,1
26521,Men,2025,Throws,1,0,1,1
26521,Men,2025,Hurdles,1,0,1,1
24391,Men,2025,Sprints,7,6,1,2
4111,Men,2025,Sprints,5,4,1,2
24984,Men,2025,Sprints,6,5,1,2
4457,Men,2025,Sprints,1,1,0,1
24393,Men,2025,Sprints,4,4,0,2
26523,Men,2025,Sprints,2,2,0,1
24983,Men,2025,Sprints,4,4,0,2
24397,Men,2025,Sprints,1,1,0,1
24398,Men,2025,Sprints,5,3,2,2
25572,Men,2025,Sprints,1,1,0,1
4461,Men,2025,Sprints,2,1,1,1
3578,Men,2025,Sprints,7,6,1,2
3578,Men,2025,Distance,1,0,1,1
3578,Men,2025,Jumps,3,2,1,2
3578,Men,2025,Throws,1,0,1,1
3578,Men,2025,Hurdles,1,0,1,1
4111,Men,2025,Distance,1,0,1,1
4111,Men,2025,Jumps,1,0,1,1
4111,Men,2025,Throws,1,0,1,1
4111,Men,2025,Hurdles,1,0,1,1
24391,Men,2025,Distance,1,0,1,1
24391,Men,2025,Jumps,1,0,1,1
24391,Men,2025,Throws,1,0,1,1
24391,Men,2025,Hurdles,1,0,1,1
24984,Men,2025,Distance,1,0,1,1
24984,Men,2025,Jumps,1,0,1,1
24984,Men,2025,Throws,1,0,1,1
24984,Men,2025,Hurdles,1,0,1,1
3574,Men,2025,Sprints,3,1,2,2
3574,Men,2025,Distance,2,0,2,1
3574,Men,2025,Jumps,2,0,2,1
3574,Men,2025,Throws,2,0,2,1
3574,Men,2025,Hurdles,2,0,2,1
3801,Men,2025,Sprints,3,1,2,2
3801,Men,2025,Distance,3,1,2,2
3801,Men,2025,Jumps,2,0,2,1
3801,Men,2025,Throws,2,0,2,1
3801,Men,2025,Hurdles,3,1,2,1
24398,Men,2025,Distance,2,0,2,1
24398,Men,2025,Jumps,2,0,2,1
24398,Men,2025,Throws,2,0,2,1
24398,Men,2025,Hurdles,2,0,2,1
4461,Men,2025,Distance,1,0,1,1
4461,Men,2025,Jumps,1,0,1,1
4461,Men,2025,Throws,1,0,1,1
4461,Men,2025,Hurdles,5,4,1,2
3804,Men,2025,Sprints,1,0,1,1
3804,Men,2025,Distance,3,2,1,1
3804,Men,2025,Jumps,1,0,1,1
3804,Men,2025,Throws,1,0,1,1
3804,Men,2025,Hurdles,1,0,1,1
163,Men,2025,Sprints,1,0,1,1
163,Men,2025,Distance,2,1,1,1
163,Men,2025,Jumps,1,0,1,1
163,Men,2025,Throws,1,0,1,1
163,Men,2025,Hurdles,1,0,1,1
152,Men,2025,Sprints,1,0,1,1
152,Men,2025,Distance,2,1,1,1
152,Men,2025,Jumps,1,0,1,1
152,Men,2025,Throws,1,0,1,1
152,Men,2025,Hurdles,1,0,1,1
26524,Men,2025,Sprints,1,0,1,1
26524,Men,2025,Distance,1,0,1,1
26524,Men,2025,Jumps,1,0,1,1
26524,Men,2025,Throws,1,0,1,1
26524,Men,2025,Hurdles,1,0,1,1
8095,Men,2025,Sprints,1,0,1,1
8095,Men,2025,Distance,3,2,1,2
8095,Men,2025,Jumps,1,0,1,1
8095,Men,2025,Throws,1,0,1,1
8095,Men,2025,Hurdles,1,0,1,1
26450,Men,2025,Sprints,3,3,0,1
25995,Men,2025,Sprints,2,2,0,1
25157,Men,2025,Sprints,2,2,0,1
5874,Men,2025,Sprints,2,2,0,1
26451,Men,2025,Sprints,1,1,0,1
7964,Men,2025,Sprints,2,2,0,1
25160,Men,2025,Sprints,2,2,0,1
5358,Men,2025,Sprints,3,3,0,1
4344,Men,2025,Sprints,1,1,0,1
26452,Men,2025,Sprints,2,2,0,1
26453,Men,2025,Sprints,2,2,0,1
11501,Men,2025,Sprints,1,1,0,1
26468,Men,2025,Sprints,1,1,0,1
2590,Men,2025,Sprints,1,1,0,1
7741,Men,2025,Sprints,1,1,0,1
26469,Men,2025,Sprints,1,1,0,1
26470,Men,2025,Sprints,1,1,0,1
26471,Men,2025,Sprints,1,1,0,1
7743,Men,2025,Sprints,1,1,0,1
1592,Men,2025,Sprints,1,1,0,1
26472,Men,2025,Sprints,1,1,0,1
11492,Men,2025,Sprints,1,1,0,1
19771,Men,2025,Sprints,2,0,2,1
19771,Men,2025,Distance,2,0,2,1
19771,Men,2025,Jumps,2,0,2,1
19771,Men,2025,Throws,2,0,2,1
19771,Men,2025,Hurdles,2,0,2,1
19772,Men,2025,Sprints,2,0,2,1
19772,Men,2025,Distance,2,0,2,1
19772,Men,2025,Jumps,2,0,2,1
19772,Men,2025,Throws,2,0,2,1
19772,Men,2025,Hurdles,2,0,2,1
26482,Men,2025,Sprints,1,1,0,1
11516,Men,2025,Sprints,1,1,0,1
26483,Men,2025,Sprints,2,2,0,2
19773,Men,2025,Sprints,1,0,1,1
19773,Men,2025,Distance,1,0,1,1
19773,Men,2025,Jumps,1,0,1,1
19773,Men,2025,Throws,1,0,1,1
19773,Men,2025,Hurdles,1,0,1,1
26447,Men,2025,Sprints,1,0,1,1
26447,Men,2025,Distance,1,0,1,1
26447,Men,2025,Jumps,1,0,1,1
26447,Men,2025,Throws,1,0,1,1
26447,Men,2025,Hurdles,1,0,1,1
4064,Men,2025,Sprints,1,1,0,1
26534,Men,2025,Sprints,2,2,0,1
3279,Men,2025,Sprints,1,1,0,1
4065,Men,2025,Sprints,1,1,0,1
5139,Men,2025,Sprints,1,1,0,1
25190,Men,2025,Sprints,1,0,1,1
25190,Men,2025,Distance,5,4,1,4
25190,Men,2025,Jumps,1,0,1,1
25190,Men,2025,Throws,1,0,1,1
25190,Men,2025,Hurdles,1,0,1,1
5787,Men,2025,Sprints,1,0,1,1
5787,Men,2025,Distance,4,3,1,3
5787,Men,2025,Jumps,1,0,1,1
5787,Men,2025,Throws,1,0,1,1
5787,Men,2025,Hurdles,1,0,1,1
18780,Men,2025,Sprints,1,0,1,1
18780,Men,2025,Distance,6,5,1,4
18780,Men,2025,Jumps,1,0,1,1
18780,Men,2025,Throws,1,0,1,1
18780,Men,2025,Hurdles,1,0,1,1
20492,Men,2025,Distance,4,3,1,3
20492,Men,2025,Jumps,1,0,1,1
20492,Men,2025,Throws,1,0,1,1
20492,Men,2025,Hurdles,1,0,1,1
25229,Men,2025,Sprints,1,0,1,1
25229,Men,2025,Distance,2,1,1,1
25229,Men,2025,Jumps,1,0,1,1
25229,Men,2025,Throws,1,0,1,1
25229,Men,2025,Hurdles,1,0,1,1
3269,Men,2025,Sprints,1,0,1,1
3269,Men,2025,Distance,3,2,1,2
3269,Men,2025,Jumps,1,0,1,1
3269,Men,2025,Throws,1,0,1,1
3269,Men,2025,Hurdles,1,0,1,1
3264,Men,2025,Sprints,1,0,1,1
3264,Men,2025,Distance,1,0,1,1
3264,Men,2025,Jumps,1,0,1,1
3264,Men,2025,Throws,1,0,1,1
3264,Men,2025,Hurdles,1,0,1,1
25200,Men,2025,Sprints,3,2,1,2
25200,Men,2025,Distance,1,0,1,1
25200,Men,2025,Jumps,1,0,1,1
25200,Men,2025,Throws,1,0,1,1
25200,Men,2025,Hurdles,1,0,1,1
3012,Men,2025,Sprints,2,2,0,1
26544,Men,2025,Sprints,2,2,0,2
3616,Men,2025,Sprints,2,2,0,1
3951,Men,2025,Sprints,3,3,0,1
26548,Men,2025,Sprints,2,2,0,1
3513,Men,2025,Sprints,2,2,0,1
25198,Men,2025,Sprints,2,2,0,1
3507,Men,2025,Sprints,1,1,0,1
25253,Men,2025,Sprints,4,4,0,2
24978,Men,2025,Sprints,1,1,0,1
24630,Men,2025,Sprints,2,2,0,1
24415,Men,2025,Sprints,2,2,0,1
26549,Men,2025,Sprints,2,2,0,1
3996,Men,2025,Sprints,3,3,0,1
26550,Men,2025,Sprints,1,1,0,1
24359,Men,2025,Sprints,1,1,0,1
24897,Men,2025,Sprints,1,1,0,1
4592,Men,2025,Sprints,3,3,0,1
24369,Men,2025,Sprints,1,1,0,1
3512,Men,2025,Sprints,2,2,0,1
25082,Men,2025,Sprints,3,3,0,1
4097,Men,2025,Sprints,2,2,0,1
5404,Men,2025,Sprints,2,2,0,1
24882,Men,2025,Sprints,2,2,0,1
26551,Men,2025,Sprints,2,2,0,1
24357,Men,2025,Sprints,3,3,0,1
26552,Men,2025,Sprints,2,2,0,1
24450,Men,2025,Sprints,3,3,0,2
24401,Men,2025,Sprints,3,3,0,1
24543,Men,2025,Sprints,2,2,0,1
26553,Men,2025,Sprints,2,2,0,2
25073,Men,2025,Sprints,2,2,0,1
25005,Men,2025,Sprints,1,1,0,1
2289,Men,2025,Sprints,14,14,0,8
23592,Men,2025,Sprints,1,1,0,1
5552,Men,2025,Sprints,2,2,0,1
5406,Men,2025,Sprints,2,2,0,1
5239,Men,2025,Sprints,1,1,0,1
1216,Men,2025,Sprints,2,2,0,1
26554,Men,2025,Sprints,1,1,0,1
4415,Men,2025,Sprints,2,2,0,1
5028,Men,2025,Sprints,1,1,0,1
11517,Men,2025,Sprints,1,1,0,1
3572,Men,2025,Sprints,1,1,0,1
24709,Men,2025,Sprints,1,1,0,1
3943,Men,2025,Sprints,1,1,0,1
3571,Men,2025,Sprints,1,1,0,1
25907,Men,2025,Sprints,4,4,0,2
5037,Men,2025,Sprints,3,3,0,1
25281,Men,2025,Sprints,1,1,0,1
5417,Men,2025,Sprints,2,2,0,1
161,Men,2025,Sprints,3,3,0,1
3520,Men,2025,Sprints,2,2,0,1
25665,Men,2025,Sprints,1,1,0,1
3064,Men,2025,Sprints,1,1,0,1
4420,Men,2025,Sprints,2,2,0,1
19434,Men,2025,Sprints,1,1,0,1
29817,Men,2025,Sprints,9,8,1,4
3997,Men,2025,Sprints,3,3,0,1
24363,Men,2025,Sprints,2,2,0,1
3508,Men,2025,Sprints,1,1,0,1
24634,Men,2025,Sprints,2,2,0,1
3733,Men,2025,Sprints,3,3,0,2
24670,Men,2025,Sprints,2,2,0,1
24895,Men,2025,Sprints,1,1,0,1
24370,Men,2025,Sprints,2,2,0,1
3607,Men,2025,Sprints,2,2,0,1
5558,Men,2025,Sprints,1,1,0,1
4095,Men,2025,Sprints,1,1,0,1
24692,Men,2025,Sprints,1,1,0,1
4423,Men,2025,Sprints,1,1,0,1
26617,Men,2025,Sprints,1,1,0,1
24896,Men,2025,Sprints,1,1,0,1
26605,Men,2025,Sprints,1,1,0,1
26618,Men,2025,Sprints,2,2,0,1
18751,Men,2025,Sprints,1,1,0,1
4451,Men,2025,Sprints,1,1,0,1
25246,Men,2025,Sprints,2,2,0,1
24918,Men,2025,Sprints,1,1,0,1
5559,Men,2025,Sprints,1,1,0,1
26619,Men,2025,Sprints,2,2,0,1
24835,Men,2025,Sprints,1,1,0,1
344,Men,2025,Sprints,1,1,0,1
5567,Men,2025,Sprints,2,2,0,1
3506,Men,2025,Sprints,1,1,0,1
11421,Men,2025,Sprints,1,1,0,1
25570,Men,2025,Sprints,1,1,0,1
25092,Men,2025,Sprints,2,2,0,1
24892,Men,2025,Sprints,1,1,0,1
26620,Men,2025,Sprints,2,2,0,1
25180,Men,2025,Sprints,4,4,0,2
25227,Men,2025,Sprints,1,1,0,1
3265,Men,2025,Sprints,2,2,0,1
24695,Men,2025,Sprints,2,2,0,1
4324,Men,2025,Sprints,1,1,0,1
24540,Men,2025,Sprints,1,1,0,1
2896,Men,2025,Sprints,1,1,0,1
26637,Men,2025,Sprints,1,1,0,1
2561,Men,2025,Sprints,1,1,0,1
25027,Men,2025,Sprints,1,1,0,1
24661,Men,2025,Sprints,1,1,0,1
18564,Men,2025,Sprints,2,2,0,2
5598,Men,2025,Sprints,1,1,0,1
25029,Men,2025,Sprints,1,1,0,1
3677,Men,2025,Sprints,1,1,0,1
182,Men,2025,Sprints,1,1,0,1
24435,Men,2025,Sprints,2,2,0,2
25008,Men,2025,Sprints,1,1,0,1
3415,Men,2025,Sprints,1,1,0,1
18996,Men,2025,Sprints,1,1,0,1
4334,Men,2025,Sprints,1,1,0,1
26638,Men,2025,Sprints,1,1,0,1
369,Men,2025,Sprints,1,1,0,1
24549,Men,2025,Sprints,1,1,0,1
26491,Men,2025,Sprints,1,1,0,1
4722,Men,2025,Sprints,1,1,0,1
4728,Men,2025,Sprints,1,1,0,1
8011,Men,2025,Sprints,1,1,0,1
2897,Men,2025,Sprints,1,1,0,1
18969,Men,2025,Sprints,1,1,0,1
3015,Men,2025,Sprints,1,1,0,1
11503,Men,2025,Sprints,1,1,0,1
25051,Men,2025,Sprints,1,1,0,1
2596,Men,2025,Sprints,1,1,0,1
529,Men,2025,Sprints,1,1,0,1
26631,Men,2025,Sprints,1,1,0,1
3155,Men,2025,Sprints,1,1,0,1
1609,Men,2025,Sprints,1,1,0,1
3877,Men,2025,Sprints,1,1,0,1
790,Men,2025,Sprints,1,1,0,1
26659,Men,2025,Sprints,2,0,2,1
26659,Men,2025,Distance,2,0,2,1
26659,Men,2025,Jumps,2,0,2,1
26659,Men,2025,Throws,2,0,2,1
26659,Men,2025,Hurdles,2,0,2,1
26660,Men,2025,Sprints,1,0,1,1
26660,Men,2025,Distance,1,0,1,1
26660,Men,2025,Jumps,1,0,1,1
26660,Men,2025,Throws,1,0,1,1
26660,Men,2025,Hurdles,1,0,1,1
26661,Men,2025,Sprints,1,0,1,1
26661,Men,2025,Distance,1,0,1,1
26661,Men,2025,Jumps,1,0,1,1
26661,Men,2025,Throws,1,0,1,1
26661,Men,2025,Hurdles,1,0,1,1
26662,Men,2025,Sprints,1,0,1,1
26662,Men,2025,Distance,1,0,1,1
26662,Men,2025,Jumps,1,0,1,1
26662,Men,2025,Throws,1,0,1,1
26662,Men,2025,Hurdles,1,0,1,1
26663,Men,2025,Sprints,1,0,1,1
26663,Men,2025,Distance,1,0,1,1
26663,Men,2025,Jumps,1,0,1,1
26663,Men,2025,Throws,1,0,1,1
26663,Men,2025,Hurdles,1,0,1,1
26664,Men,2025,Sprints,2,0,2,1
26664,Men,2025,Distance,2,0,2,1
26664,Men,2025,Jumps,2,0,2,1
26664,Men,2025,Throws,2,0,2,1
26664,Men,2025,Hurdles,2,0,2,1
26665,Men,2025,Sprints,1,0,1,1
26665,Men,2025,Distance,1,0,1,1
26665,Men,2025,Jumps,1,0,1,1
26665,Men,2025,Throws,1,0,1,1
26665,Men,2025,Hurdles,1,0,1,1
26666,Men,2025,Sprints,1,0,1,1
26666,Men,2025,Distance,1,0,1,1
26666,Men,2025,Jumps,1,0,1,1
26666,Men,2025,Throws,1,0,1,1
26666,Men,2025,Hurdles,1,0,1,1
26667,Men,2025,Sprints,1,0,1,1
26667,Men,2025,Distance,1,0,1,1
26667,Men,2025,Jumps,1,0,1,1
26667,Men,2025,Throws,1,0,1,1
26667,Men,2025,Hurdles,1,0,1,1
26668,Men,2025,Sprints,1,0,1,1
26668,Men,2025,Distance,1,0,1,1
26668,Men,2025,Jumps,1,0,1,1
26668,Men,2025,Throws,1,0,1,1
26668,Men,2025,Hurdles,1,0,1,1
26669,Men,2025,Sprints,2,0,2,2
26669,Men,2025,Distance,2,0,2,2
26669,Men,2025,Jumps,2,0,2,2
26669,Men,2025,Throws,2,0,2,2
26669,Men,2025,Hurdles,2,0,2,2
26670,Men,2025,Sprints,2,0,2,1
26670,Men,2025,Distance,2,0,2,1
26670,Men,2025,Jumps,2,0,2,1
26670,Men,2025,Throws,2,0,2,1
26670,Men,2025,Hurdles,2,0,2,1
26671,Men,2025,Sprints,1,0,1,1
26671,Men,2025,Distance,1,0,1,1
26671,Men,2025,Jumps,1,0,1,1
26671,Men,2025,Throws,1,0,1,1
26671,Men,2025,Hurdles,1,0,1,1
26672,Men,2025,Sprints,1,0,1,1
26672,Men,2025,Distance,1,0,1,1
26672,Men,2025,Jumps,1,0,1,1
26672,Men,2025,Throws,1,0,1,1
26672,Men,2025,Hurdles,1,0,1,1
26673,Men,2025,Sprints,1,0,1,1
26673,Men,2025,Distance,1,0,1,1
26673,Men,2025,Jumps,1,0,1,1
26673,Men,2025,Throws,1,0,1,1
26673,Men,2025,Hurdles,1,0,1,1
26674,Men,2025,Sprints,1,0,1,1
26674,Men,2025,Distance,1,0,1,1
26674,Men,2025,Jumps,1,0,1,1
26674,Men,2025,Throws,1,0,1,1
26674,Men,2025,Hurdles,1,0,1,1
26675,Men,2025,Sprints,1,0,1,1
26675,Men,2025,Distance,1,0,1,1
26675,Men,2025,Jumps,1,0,1,1
26675,Men,2025,Throws,1,0,1,1
26675,Men,2025,Hurdles,1,0,1,1
26676,Men,2025,Sprints,1,0,1,1
26676,Men,2025,Distance,1,0,1,1
26676,Men,2025,Jumps,1,0,1,1
26676,Men,2025,Throws,1,0,1,1
26676,Men,2025,Hurdles,1,0,1,1
26677,Men,2025,Sprints,1,0,1,1
26677,Men,2025,Distance,1,0,1,1
26677,Men,2025,Jumps,1,0,1,1
26677,Men,2025,Throws,1,0,1,1
26677,Men,2025,Hurdles,1,0,1,1
26678,Men,2025,Sprints,1,0,1,1
26678,Men,2025,Distance,1,0,1,1
26678,Men,2025,Jumps,1,0,1,1
26678,Men,2025,Throws,1,0,1,1
26678,Men,2025,Hurdles,1,0,1,1
26679,Men,2025,Sprints,1,0,1,1
26679,Men,2025,Distance,1,0,1,1
26679,Men,2025,Jumps,1,0,1,1
26679,Men,2025,Throws,1,0,1,1
26679,Men,2025,Hurdles,1,0,1,1
26680,Men,2025,Sprints,1,0,1,1
26680,Men,2025,Distance,1,0,1,1
26680,Men,2025,Jumps,1,0,1,1
26680,Men,2025,Throws,1,0,1,1
26680,Men,2025,Hurdles,1,0,1,1
26681,Men,2025,Sprints,1,0,1,1
26681,Men,2025,Distance,1,0,1,1
26681,Men,2025,Jumps,1,0,1,1
26681,Men,2025,Throws,1,0,1,1
26681,Men,2025,Hurdles,1,0,1,1
950,Men,2025,Sprints,1,1,0,1
26682,Men,2025,Sprints,1,0,1,1
26682,Men,2025,Distance,1,0,1,1
26682,Men,2025,Jumps,1,0,1,1
26682,Men,2025,Throws,1,0,1,1
26682,Men,2025,Hurdles,1,0,1,1
26683,Men,2025,Sprints,1,0,1,1
26683,Men,2025,Distance,1,0,1,1
26683,Men,2025,Jumps,1,0,1,1
26683,Men,2025,Throws,1,0,1,1
26683,Men,2025,Hurdles,1,0,1,1
26684,Men,2025,Sprints,1,0,1,1
26684,Men,2025,Distance,1,0,1,1
26684,Men,2025,Jumps,1,0,1,1
26684,Men,2025,Throws,1,0,1,1
26684,Men,2025,Hurdles,1,0,1,1
26685,Men,2025,Sprints,1,0,1,1
26685,Men,2025,Distance,1,0,1,1
26685,Men,2025,Jumps,1,0,1,1
26685,Men,2025,Throws,1,0,1,1
26685,Men,2025,Hurdles,1,0,1,1
26686,Men,2025,Sprints,1,0,1,1
26686,Men,2025,Distance,1,0,1,1
26686,Men,2025,Jumps,1,0,1,1
26686,Men,2025,Throws,1,0,1,1
26686,Men,2025,Hurdles,1,0,1,1
26687,Men,2025,Sprints,1,0,1,1
26687,Men,2025,Distance,1,0,1,1
26687,Men,2025,Jumps,1,0,1,1
26687,Men,2025,Throws,1,0,1,1
26687,Men,2025,Hurdles,1,0,1,1
26688,Men,2025,Sprints,1,0,1,1
26688,Men,2025,Distance,1,0,1,1
26688,Men,2025,Jumps,1,0,1,1
26688,Men,2025,Throws,1,0,1,1
26688,Men,2025,Hurdles,1,0,1,1
7637,Men,2025,Sprints,1,0,1,1
7637,Men,2025,Distance,1,0,1,1
7637,Men,2025,Jumps,1,0,1,1
7637,Men,2025,Throws,1,0,1,1
7637,Men,2025,Hurdles,1,0,1,1
21405,Men,2025,Sprints,1,0,1,1
21405,Men,2025,Distance,1,0,1,1
21405,Men,2025,Jumps,1,0,1,1
21405,Men,2025,Throws,1,0,1,1
21405,Men,2025,Hurdles,1,0,1,1
26728,Men,2025,Sprints,1,0,1,1
26728,Men,2025,Distance,1,0,1,1
26728,Men,2025,Jumps,1,0,1,1
26728,Men,2025,Throws,1,0,1,1
26728,Men,2025,Hurdles,1,0,1,1
26729,Men,2025,Sprints,1,0,1,1
26729,Men,2025,Distance,1,0,1,1
26729,Men,2025,Jumps,1,0,1,1
26729,Men,2025,Throws,1,0,1,1
26729,Men,2025,Hurdles,1,0,1,1
26730,Men,2025,Sprints,1,0,1,1
26730,Men,2025,Distance,1,0,1,1
26730,Men,2025,Jumps,1,0,1,1
26730,Men,2025,Throws,1,0,1,1
26730,Men,2025,Hurdles,1,0,1,1
26731,Men,2025,Sprints,1,0,1,1
26731,Men,2025,Distance,1,0,1,1
26731,Men,2025,Jumps,1,0,1,1
26731,Men,2025,Throws,1,0,1,1
26731,Men,2025,Hurdles,1,0,1,1
26732,Men,2025,Sprints,1,0,1,1
26732,Men,2025,Distance,1,0,1,1
26732,Men,2025,Jumps,1,0,1,1
26732,Men,2025,Throws,1,0,1,1
26732,Men,2025,Hurdles,1,0,1,1
26733,Men,2025,Sprints,1,0,1,1
26733,Men,2025,Distance,1,0,1,1
26733,Men,2025,Jumps,1,0,1,1
26733,Men,2025,Throws,1,0,1,1
26733,Men,2025,Hurdles,1,0,1,1
26577,Men,2025,Sprints,1,0,1,1
26577,Men,2025,Distance,1,0,1,1
26577,Men,2025,Jumps,1,0,1,1
26577,Men,2025,Throws,1,0,1,1
26577,Men,2025,Hurdles,1,0,1,1
26734,Men,2025,Sprints,1,0,1,1
26734,Men,2025,Distance,1,0,1,1
26734,Men,2025,Jumps,1,0,1,1
26734,Men,2025,Throws,1,0,1,1
26734,Men,2025,Hurdles,1,0,1,1
26736,Men,2025,Sprints,1,0,1,1
26736,Men,2025,Distance,1,0,1,1
26736,Men,2025,Jumps,1,0,1,1
26736,Men,2025,Throws,1,0,1,1
26736,Men,2025,Hurdles,1,0,1,1
26738,Men,2025,Sprints,1,0,1,1
26738,Men,2025,Distance,1,0,1,1
26738,Men,2025,Jumps,1,0,1,1
26738,Men,2025,Throws,1,0,1,1
26738,Men,2025,Hurdles,1,0,1,1
26739,Men,2025,Sprints,1,0,1,1
26739,Men,2025,Distance,1,0,1,1
26739,Men,2025,Jumps,1,0,1,1
26739,Men,2025,Throws,1,0,1,1
26739,Men,2025,Hurdles,1,0,1,1
26740,Men,2025,Sprints,1,0,1,1
26740,Men,2025,Distance,1,0,1,1
26740,Men,2025,Jumps,1,0,1,1
26740,Men,2025,Throws,1,0,1,1
26740,Men,2025,Hurdles,1,0,1,1
26741,Men,2025,Sprints,1,0,1,1
26741,Men,2025,Distance,1,0,1,1
26741,Men,2025,Jumps,1,0,1,1
26741,Men,2025,Throws,1,0,1,1
26741,Men,2025,Hurdles,1,0,1,1
26742,Men,2025,Sprints,1,0,1,1
26742,Men,2025,Distance,1,0,1,1
26742,Men,2025,Jumps,1,0,1,1
26742,Men,2025,Throws,1,0,1,1
26742,Men,2025,Hurdles,1,0,1,1
26743,Men,2025,Sprints,1,0,1,1
26743,Men,2025,Distance,1,0,1,1
26743,Men,2025,Jumps,1,0,1,1
26743,Men,2025,Throws,1,0,1,1
26743,Men,2025,Hurdles,1,0,1,1
26744,Men,2025,Sprints,1,0,1,1
26744,Men,2025,Distance,1,0,1,1
26744,Men,2025,Jumps,1,0,1,1
26744,Men,2025,Throws,1,0,1,1
26744,Men,2025,Hurdles,1,0,1,1
26745,Men,2025,Sprints,1,0,1,1
26745,Men,2025,Distance,1,0,1,1
26745,Men,2025,Jumps,1,0,1,1
26745,Men,2025,Throws,1,0,1,1
26745,Men,2025,Hurdles,1,0,1,1
26746,Men,2025,Sprints,1,0,1,1
26746,Men,2025,Distance,1,0,1,1
26746,Men,2025,Jumps,1,0,1,1
26746,Men,2025,Throws,1,0,1,1
26746,Men,2025,Hurdles,1,0,1,1
26747,Men,2025,Sprints,1,0,1,1
26747,Men,2025,Distance,1,0,1,1
26747,Men,2025,Jumps,1,0,1,1
26747,Men,2025,Throws,1,0,1,1
26747,Men,2025,Hurdles,1,0,1,1
26748,Men,2025,Sprints,1,0,1,1
26748,Men,2025,Distance,1,0,1,1
26748,Men,2025,Jumps,1,0,1,1
26748,Men,2025,Throws,1,0,1,1
26748,Men,2025,Hurdles,1,0,1,1
26749,Men,2025,Sprints,1,0,1,1
26749,Men,2025,Distance,1,0,1,1
26749,Men,2025,Jumps,1,0,1,1
26749,Men,2025,Throws,1,0,1,1
26749,Men,2025,Hurdles,1,0,1,1
26586,Men,2025,Sprints,1,0,1,1
26586,Men,2025,Distance,1,0,1,1
26586,Men,2025,Jumps,1,0,1,1
26586,Men,2025,Throws,1,0,1,1
26586,Men,2025,Hurdles,1,0,1,1
26750,Men,2025,Sprints,1,0,1,1
26750,Men,2025,Distance,1,0,1,1
26750,Men,2025,Jumps,1,0,1,1
26750,Men,2025,Throws,1,0,1,1
26750,Men,2025,Hurdles,1,0,1,1
26751,Men,2025,Sprints,1,0,1,1
26751,Men,2025,Distance,1,0,1,1
26751,Men,2025,Jumps,1,0,1,1
26751,Men,2025,Throws,1,0,1,1
26751,Men,2025,Hurdles,1,0,1,1
26752,Men,2025,Sprints,1,0,1,1
26752,Men,2025,Distance,1,0,1,1
26752,Men,2025,Jumps,1,0,1,1
26752,Men,2025,Throws,1,0,1,1
26752,Men,2025,Hurdles,1,0,1,1
26753,Men,2025,Sprints,1,0,1,1
26753,Men,2025,Distance,1,0,1,1
26753,Men,2025,Jumps,1,0,1,1
26753,Men,2025,Throws,1,0,1,1
26753,Men,2025,Hurdles,1,0,1,1
26754,Men,2025,Sprints,1,0,1,1
26754,Men,2025,Distance,1,0,1,1
26754,Men,2025,Jumps,1,0,1,1
26754,Men,2025,Throws,1,0,1,1
26754,Men,2025,Hurdles,1,0,1,1
26755,Men,2025,Sprints,1,0,1,1
26755,Men,2025,Distance,1,0,1,1
26755,Men,2025,Jumps,1,0,1,1
26755,Men,2025,Throws,1,0,1,1
26755,Men,2025,Hurdles,1,0,1,1
26756,Men,2025,Sprints,1,0,1,1
26756,Men,2025,Distance,1,0,1,1
26756,Men,2025,Jumps,1,0,1,1
26756,Men,2025,Throws,1,0,1,1
26756,Men,2025,Hurdles,1,0,1,1
26757,Men,2025,Sprints,1,0,1,1
26757,Men,2025,Distance,1,0,1,1
26757,Men,2025,Jumps,1,0,1,1
26757,Men,2025,Throws,1,0,1,1
26757,Men,2025,Hurdles,1,0,1,1
26758,Men,2025,Sprints,1,0,1,1
26758,Men,2025,Distance,1,0,1,1
26758,Men,2025,Jumps,1,0,1,1
26758,Men,2025,Throws,1,0,1,1
26758,Men,2025,Hurdles,1,0,1,1
26759,Men,2025,Sprints,1,0,1,1
26759,Men,2025,Distance,1,0,1,1
26759,Men,2025,Jumps,1,0,1,1
26759,Men,2025,Throws,1,0,1,1
26759,Men,2025,Hurdles,1,0,1,1
26594,Men,2025,Sprints,1,0,1,1
26594,Men,2025,Distance,1,0,1,1
26594,Men,2025,Jumps,1,0,1,1
26594,Men,2025,Throws,1,0,1,1
26594,Men,2025,Hurdles,1,0,1,1
26593,Men,2025,Sprints,1,0,1,1
26593,Men,2025,Distance,1,0,1,1
26593,Men,2025,Jumps,1,0,1,1
26593,Men,2025,Throws,1,0,1,1
26593,Men,2025,Hurdles,1,0,1,1
26760,Men,2025,Sprints,1,0,1,1
26760,Men,2025,Distance,1,0,1,1
26760,Men,2025,Jumps,1,0,1,1
26760,Men,2025,Throws,1,0,1,1
26760,Men,2025,Hurdles,1,0,1,1
26761,Men,2025,Sprints,1,0,1,1
26761,Men,2025,Distance,1,0,1,1
26761,Men,2025,Jumps,1,0,1,1
26761,Men,2025,Throws,1,0,1,1
26761,Men,2025,Hurdles,1,0,1,1
26762,Men,2025,Sprints,1,0,1,1
26762,Men,2025,Distance,1,0,1,1
26762,Men,2025,Jumps,1,0,1,1
26762,Men,2025,Throws,1,0,1,1
26762,Men,2025,Hurdles,1,0,1,1
26764,Men,2025,Sprints,1,0,1,1
26764,Men,2025,Distance,1,0,1,1
26764,Men,2025,Jumps,1,0,1,1
26764,Men,2025,Throws,1,0,1,1
26764,Men,2025,Hurdles,1,0,1,1
26765,Men,2025,Sprints,1,0,1,1
26765,Men,2025,Distance,1,0,1,1
26765,Men,2025,Jumps,1,0,1,1
26765,Men,2025,Throws,1,0,1,1
26765,Men,2025,Hurdles,1,0,1,1
26766,Men,2025,Sprints,1,0,1,1
26766,Men,2025,Distance,1,0,1,1
26766,Men,2025,Jumps,1,0,1,1
26766,Men,2025,Throws,1,0,1,1
26766,Men,2025,Hurdles,1,0,1,1
18736,Men,2025,Sprints,1,0,1,1
18736,Men,2025,Distance,2,1,1,1
18736,Men,2025,Jumps,1,0,1,1
18736,Men,2025,Throws,1,0,1,1
18736,Men,2025,Hurdles,1,0,1,1
19,Men,2025,Sprints,1,0,1,1
19,Men,2025,Distance,4,3,1,2
19,Men,2025,Jumps,1,0,1,1
19,Men,2025,Throws,1,0,1,1
19,Men,2025,Hurdles,1,0,1,1
4647,Men,2025,Sprints,3,3,0,1
24426,Men,2025,Sprints,2,2,0,1
24443,Men,2025,Sprints,2,2,0,1
24428,Men,2025,Sprints,2,2,0,1
2152,Men,2025,Sprints,2,2,0,1
26776,Men,2025,Sprints,1,1,0,1
26777,Men,2025,Sprints,1,1,0,1
18879,Men,2025,Sprints,1,1,0,1
26778,Men,2025,Sprints,1,1,0,1
25708,Men,2025,Sprints,2,2,0,1
26779,Men,2025,Sprints,1,1,0,1
25892,Men,2025,Sprints,2,2,0,1
26788,Men,2025,Sprints,1,1,0,1
4994,Men,2025,Sprints,1,1,0,1
24441,Men,2025,Sprints,1,1,0,1
1901,Men,2025,Sprints,1,1,0,1
4480,Men,2025,Sprints,1,1,0,1
938,Men,2025,Sprints,1,1,0,1
18901,Men,2025,Sprints,1,1,0,1
26786,Men,2025,Sprints,1,1,0,1
5010,Men,2025,Sprints,1,1,0,1
4476,Men,2025,Sprints,1,1,0,1
26791,Men,2025,Sprints,1,1,0,1
26794,Men,2025,Sprints,1,0,1,1
26794,Men,2025,Distance,1,0,1,1
26794,Men,2025,Jumps,1,0,1,1
26794,Men,2025,Throws,1,0,1,1
26794,Men,2025,Hurdles,1,0,1,1
26795,Men,2025,Sprints,1,0,1,1
26795,Men,2025,Distance,1,0,1,1
26795,Men,2025,Jumps,1,0,1,1
26795,Men,2025,Throws,1,0,1,1
26795,Men,2025,Hurdles,1,0,1,1
26796,Men,2025,Sprints,1,0,1,1
26796,Men,2025,Distance,1,0,1,1
26796,Men,2025,Jumps,1,0,1,1
26796,Men,2025,Throws,1,0,1,1
26796,Men,2025,Hurdles,1,0,1,1
26797,Men,2025,Sprints,1,0,1,1
26797,Men,2025,Distance,1,0,1,1
26797,Men,2025,Jumps,1,0,1,1
26797,Men,2025,Throws,1,0,1,1
26797,Men,2025,Hurdles,1,0,1,1
26798,Men,2025,Sprints,1,0,1,1
26798,Men,2025,Distance,1,0,1,1
26798,Men,2025,Jumps,1,0,1,1
26798,Men,2025,Throws,1,0,1,1
26798,Men,2025,Hurdles,1,0,1,1
26799,Men,2025,Sprints,1,0,1,1
26799,Men,2025,Distance,1,0,1,1
26799,Men,2025,Jumps,1,0,1,1
26799,Men,2025,Throws,1,0,1,1
26799,Men,2025,Hurdles,1,0,1,1
24580,Men,2025,Distance,1,0,1,1
24580,Men,2025,Jumps,1,0,1,1
24580,Men,2025,Throws,1,0,1,1
24580,Men,2025,Hurdles,1,0,1,1
29817,Men,2025,Distance,1,0,1,1
29817,Men,2025,Jumps,1,0,1,1
29817,Men,2025,Throws,1,0,1,1
29817,Men,2025,Hurdles,1,0,1,1
24581,Men,2025,Distance,1,0,1,1
24581,Men,2025,Jumps,1,0,1,1
24581,Men,2025,Throws,1,0,1,1
24581,Men,2025,Hurdles,1,0,1,1
24574,Men,2025,Distance,1,0,1,1
24574,Men,2025,Jumps,1,0,1,1
24574,Men,2025,Throws,1,0,1,1
24574,Men,2025,Hurdles,5,4,1,3
31007,Men,2025,Sprints,2,2,0,1
4944,Men,2025,Sprints,12,10,2,4
25521,Men,2025,Sprints,6,6,0,2
25302,Men,2025,Sprints,1,1,0,1
4036,Men,2025,Sprints,2,1,1,1
24855,Men,2025,Sprints,5,3,2,2
4944,Men,2025,Distance,2,0,2,2
4944,Men,2025,Jumps,2,0,2,2
4944,Men,2025,Throws,2,0,2,2
4944,Men,2025,Hurdles,2,0,2,2
4036,Men,2025,Distance,1,0,1,1
4036,Men,2025,Jumps,1,0,1,1
4036,Men,2025,Throws,1,0,1,1
4036,Men,2025,Hurdles,1,0,1,1
24980,Men,2025,Sprints,1,0,1,1
24980,Men,2025,Distance,2,1,1,1
24980,Men,2025,Jumps,1,0,1,1
24980,Men,2025,Throws,1,0,1,1
24980,Men,2025,Hurdles,1,0,1,1
5745,Men,2025,Sprints,1,0,1,1
5745,Men,2025,Distance,1,0,1,1
5745,Men,2025,Jumps,1,0,1,1
5745,Men,2025,Throws,1,0,1,1
5745,Men,2025,Hurdles,1,0,1,1
24855,Men,2025,Distance,2,0,2,2
24855,Men,2025,Jumps,2,0,2,2
24855,Men,2025,Throws,2,0,2,2
24855,Men,2025,Hurdles,2,0,2,2
1658,Men,2025,Sprints,1,0,1,1
1658,Men,2025,Distance,4,3,1,2
1658,Men,2025,Jumps,1,0,1,1
1658,Men,2025,Throws,1,0,1,1
1658,Men,2025,Hurdles,1,0,1,1
4050,Men,2025,Sprints,1,0,1,1
4050,Men,2025,Distance,1,0,1,1
4050,Men,2025,Jumps,1,0,1,1
4050,Men,2025,Throws,1,0,1,1
4050,Men,2025,Hurdles,1,0,1,1
1657,Men,2025,Sprints,1,0,1,1
1657,Men,2025,Distance,5,4,1,3
1657,Men,2025,Jumps,1,0,1,1
1657,Men,2025,Throws,1,0,1,1
1657,Men,2025,Hurdles,1,0,1,1
4626,Men,2025,Sprints,3,3,0,2
5633,Men,2025,Sprints,2,2,0,1
24977,Men,2025,Sprints,1,1,0,1
25305,Men,2025,Sprints,2,1,1,1
4618,Men,2025,Sprints,1,1,0,1
24852,Men,2025,Sprints,1,1,0,1
29351,Men,2025,Sprints,1,1,0,1
2269,Men,2025,Sprints,1,1,0,1
25305,Men,2025,Distance,1,0,1,1
25305,Men,2025,Jumps,1,0,1,1
25305,Men,2025,Throws,1,0,1,1
25305,Men,2025,Hurdles,1,0,1,1
29349,Men,2025,Sprints,1,0,1,1
29349,Men,2025,Distance,3,2,1,2
29349,Men,2025,Jumps,1,0,1,1
29349,Men,2025,Throws,1,0,1,1
29349,Men,2025,Hurdles,1,0,1,1
4379,Men,2025,Sprints,1,1,0,1
24568,Men,2025,Sprints,1,1,0,1
3725,Men,2025,Sprints,1,1,0,1
1542,Men,2025,Sprints,1,1,0,1
4763,Women,2025,Sprints,1,1,0,1
25850,Women,2025,Sprints,4,4,0,2
3608,Women,2025,Sprints,3,3,0,2
3581,Women,2025,Sprints,7,6,1,3
5301,Women,2025,Sprints,3,2,1,2
25467,Women,2025,Sprints,4,4,0,2
25874,Women,2025,Sprints,1,1,0,1
24754,Women,2025,Sprints,4,4,0,2
25875,Women,2025,Sprints,1,1,0,1
25666,Women,2025,Sprints,3,3,0,2
25867,Women,2025,Sprints,1,1,0,1
24957,Women,2025,Sprints,3,3,0,2
25017,Women,2025,Sprints,3,3,0,2
25999,Women,2025,Sprints,5,5,0,3
4270,Women,2025,Sprints,4,4,0,2
3653,Women,2025,Sprints,1,1,0,1
3250,Women,2025,Sprints,2,2,0,2
26009,Women,2025,Sprints,1,1,0,1
25458,Women,2025,Sprints,2,1,1,1
5679,Women,2025,Sprints,1,1,0,1
25458,Women,2025,Distance,1,0,1,1
25458,Women,2025,Jumps,2,1,1,1
25458,Women,2025,Throws,1,0,1,1
25458,Women,2025,Hurdles,1,0,1,1
26516,Women,2025,Sprints,1,0,1,1
26516,Women,2025,Distance,1,0,1,1
26516,Women,2025,Jumps,1,0,1,1
26516,Women,2025,Throws,1,0,1,1
26516,Women,2025,Hurdles,1,0,1,1
26517,Women,2025,Sprints,1,0,1,1
26517,Women,2025,Distance,1,0,1,1
26517,Women,2025,Jumps,1,0,1,1
26517,Women,2025,Throws,1,0,1,1
26517,Women,2025,Hurdles,1,0,1,1
26518,Women,2025,Sprints,1,0,1,1
26518,Women,2025,Distance,1,0,1,1
26518,Women,2025,Jumps,1,0,1,1
26518,Women,2025,Throws,1,0,1,1
26518,Women,2025,Hurdles,1,0,1,1
3654,Women,2025,Sprints,1,1,0,1
24573,Women,2025,Sprints,5,5,0,3
24600,Women,2025,Sprints,6,5,1,3
3649,Women,2025,Sprints,4,3,1,2
24942,Women,2025,Sprints,4,4,0,2
3650,Women,2025,Sprints,10,8,2,3
24960,Women,2025,Sprints,2,2,0,2
24755,Women,2025,Sprints,4,4,0,2
26489,Women,2025,Sprints,1,1,0,1
24602,Women,2025,Sprints,7,5,2,3
3657,Women,2025,Sprints,1,1,0,1
3655,Women,2025,Sprints,1,1,0,1
3650,Women,2025,Distance,3,1,2,2
3650,Women,2025,Jumps,2,0,2,1
3650,Women,2025,Throws,2,0,2,1
3650,Women,2025,Hurdles,3,1,2,2
24602,Women,2025,Distance,2,0,2,1
24602,Women,2025,Jumps,2,0,2,1
24602,Women,2025,Throws,2,0,2,1
24602,Women,2025,Hurdles,2,0,2,1
3649,Women,2025,Distance,1,0,1,1
3649,Women,2025,Jumps,1,0,1,1
3649,Women,2025,Throws,1,0,1,1
3649,Women,2025,Hurdles,1,0,1,1
24600,Women,2025,Distance,1,0,1,1
24600,Women,2025,Jumps,1,0,1,1
24600,Women,2025,Throws,1,0,1,1
24600,Women,2025,Hurdles,1,0,1,1
24949,Women,2025,Sprints,2,1,1,2
24949,Women,2025,Distance,5,4,1,3
24949,Women,2025,Jumps,1,0,1,1
24949,Women,2025,Throws,1,0,1,1
24949,Women,2025,Hurdles,1,0,1,1
24579,Women,2025,Sprints,2,1,1,2
24579,Women,2025,Distance,4,3,1,3
24579,Women,2025,Jumps,1,0,1,1
24579,Women,2025,Throws,1,0,1,1
24579,Women,2025,Hurdles,1,0,1,1
18741,Women,2025,Sprints,3,3,0,2
24410,Women,2025,Sprints,6,5,1,2
5491,Women,2025,Sprints,2,2,0,1
24728,Women,2025,Sprints,3,3,0,2
24411,Women,2025,Sprints,8,7,1,2
3816,Women,2025,Sprints,5,4,1,2
3817,Women,2025,Sprints,2,2,0,1
24419,Women,2025,Sprints,4,4,0,2
3825,Women,2025,Sprints,2,2,0,2
24727,Women,2025,Sprints,2,1,1,1
24727,Women,2025,Distance,1,0,1,1
24727,Women,2025,Jumps,1,0,1,1
24727,Women,2025,Throws,1,0,1,1
24727,Women,2025,Hurdles,1,0,1,1
24410,Women,2025,Distance,1,0,1,1
24410,Women,2025,Jumps,1,0,1,1
24410,Women,2025,Throws,3,2,1,2
24410,Women,2025,Hurdles,1,0,1,1
24725,Women,2025,Sprints,2,1,1,2
24725,Women,2025,Distance,1,0,1,1
24725,Women,2025,Jumps,1,0,1,1
24725,Women,2025,Throws,1,0,1,1
24725,Women,2025,Hurdles,1,0,1,1
24411,Women,2025,Distance,1,0,1,1
24411,Women,2025,Jumps,4,3,1,2
24411,Women,2025,Throws,4,3,1,2
24411,Women,2025,Hurdles,1,0,1,1
3816,Women,2025,Distance,1,0,1,1
3816,Women,2025,Jumps,1,0,1,1
3816,Women,2025,Throws,1,0,1,1
3816,Women,2025,Hurdles,1,0,1,1
1928,Women,2025,Sprints,1,0,1,1
1928,Women,2025,Distance,2,1,1,2
1928,Women,2025,Jumps,1,0,1,1
1928,Women,2025,Throws,1,0,1,1
1928,Women,2025,Hurdles,3,2,1,2
1971,Women,2025,Sprints,1,0,1,1
1971,Women,2025,Distance,2,1,1,2
1971,Women,2025,Jumps,1,0,1,1
1971,Women,2025,Throws,1,0,1,1
1971,Women,2025,Hurdles,1,0,1,1
19447,Women,2025,Sprints,1,0,1,1
19447,Women,2025,Distance,3,2,1,2
19447,Women,2025,Jumps,1,0,1,1
19447,Women,2025,Throws,1,0,1,1
19447,Women,2025,Hurdles,1,0,1,1
26061,Women,2025,Sprints,1,1,0,1
25506,Women,2025,Sprints,4,4,0,2
26062,Women,2025,Sprints,1,1,0,1
5188,Women,2025,Sprints,2,2,0,1
25611,Women,2025,Sprints,1,1,0,1
26081,Women,2025,Sprints,2,2,0,1
4257,Women,2025,Sprints,8,7,1,3
5200,Women,2025,Sprints,3,2,1,2
26192,Women,2025,Sprints,2,2,0,2
5208,Women,2025,Sprints,2,2,0,2
26194,Women,2025,Sprints,4,4,0,2
5198,Women,2025,Sprints,4,4,0,3
4552,Women,2025,Sprints,4,4,0,2
26121,Women,2025,Sprints,1,1,0,1
26122,Women,2025,Sprints,1,1,0,1
24739,Women,2025,Sprints,5,4,1,2
26123,Women,2025,Sprints,1,1,0,1
26087,Women,2025,Sprints,3,3,0,1
25671,Women,2025,Sprints,2,2,0,1
25163,Women,2025,Sprints,6,4,2,2
25179,Women,2025,Sprints,1,1,0,1
26124,Women,2025,Sprints,2,1,1,1
25153,Women,2025,Sprints,3,3,0,2
26125,Women,2025,Sprints,1,1,0,1
11474,Women,2025,Sprints,1,1,0,1
26126,Women,2025,Sprints,4,4,0,2
3100,Women,2025,Sprints,1,1,0,1
26127,Women,2025,Sprints,1,1,0,1
3109,Women,2025,Sprints,1,1,0,1
24337,Women,2025,Sprints,1,0,1,1
24337,Women,2025,Distance,1,0,1,1
24337,Women,2025,Jumps,1,0,1,1
24337,Women,2025,Throws,1,0,1,1
24337,Women,2025,Hurdles,1,0,1,1
4257,Women,2025,Distance,1,0,1,1
4257,Women,2025,Jumps,1,0,1,1
4257,Women,2025,Throws,1,0,1,1
4257,Women,2025,Hurdles,1,0,1,1
5200,Women,2025,Distance,1,0,1,1
5200,Women,2025,Jumps,6,5,1,3
5200,Women,2025,Throws,1,0,1,1
5200,Women,2025,Hurdles,1,0,1,1
5510,Women,2025,Sprints,3,2,1,3
5510,Women,2025,Distance,1,0,1,1
5510,Women,2025,Jumps,4,3,1,2
5510,Women,2025,Throws,1,0,1,1
5510,Women,2025,Hurdles,1,0,1,1
4259,Women,2025,Sprints,1,0,1,1
4259,Women,2025,Distance,1,0,1,1
4259,Women,2025,Jumps,4,3,1,1
4259,Women,2025,Throws,2,1,1,1
4259,Women,2025,Hurdles,1,0,1,1
25022,Women,2025,Sprints,1,0,1,1
25022,Women,2025,Distance,4,3,1,2
25022,Women,2025,Jumps,1,0,1,1
25022,Women,2025,Throws,1,0,1,1
25022,Women,2025,Hurdles,1,0,1,1
25021,Women,2025,Sprints,3,2,1,3
25021,Women,2025,Distance,2,1,1,1
25021,Women,2025,Jumps,1,0,1,1
25021,Women,2025,Throws,1,0,1,1
25021,Women,2025,Hurdles,1,0,1,1
26496,Women,2025,Sprints,1,0,1,1
26496,Women,2025,Distance,1,0,1,1
26496,Women,2025,Jumps,1,0,1,1
26496,Women,2025,Throws,1,0,1,1
26496,Women,2025,Hurdles,1,0,1,1
20401,Women,2025,Sprints,1,0,1,1
20401,Women,2025,Distance,4,3,1,3
20401,Women,2025,Jumps,1,0,1,1
20401,Women,2025,Throws,1,0,1,1
20401,Women,2025,Hurdles,1,0,1,1
25163,Women,2025,Distance,2,0,2,2
25163,Women,2025,Jumps,2,0,2,2
25163,Women,2025,Throws,2,0,2,2
25163,Women,2025,Hurdles,2,0,2,2
26124,Women,2025,Distance,1,0,1,1
26124,Women,2025,Jumps,1,0,1,1
26124,Women,2025,Throws,1,0,1,1
26124,Women,2025,Hurdles,1,0,1,1
11456,Women,2025,Sprints,1,0,1,1
11456,Women,2025,Distance,2,1,1,2
11456,Women,2025,Jumps,1,0,1,1
11456,Women,2025,Throws,1,0,1,1
11456,Women,2025,Hurdles,1,0,1,1
25675,Women,2025,Sprints,1,0,1,1
25675,Women,2025,Distance,2,1,1,2
25675,Women,2025,Jumps,1,0,1,1
25675,Women,2025,Throws,1,0,1,1
25675,Women,2025,Hurdles,1,0,1,1
3848,Women,2025,Sprints,1,1,0,1
25883,Women,2025,Sprints,1,1,0,1
26150,Women,2025,Sprints,2,2,0,1
4471,Women,2025,Sprints,2,2,0,1
26013,Women,2025,Sprints,2,2,0,2
4981,Women,2025,Sprints,4,4,0,3
4469,Women,2025,Sprints,2,2,0,1
18856,Women,2025,Sprints,2,2,0,1
3525,Women,2025,Sprints,4,4,0,2
3193,Women,2025,Sprints,2,2,0,1
3532,Women,2025,Sprints,3,3,0,3
3658,Women,2025,Sprints,5,5,0,2
26154,Women,2025,Sprints,2,2,0,1
3716,Women,2025,Sprints,4,4,0,2
5626,Women,2025,Sprints,1,1,0,1
24532,Women,2025,Sprints,1,1,0,1
24534,Women,2025,Sprints,1,1,0,1
4266,Women,2025,Sprints,3,3,0,2
24943,Women,2025,Sprints,2,2,0,2
26191,Women,2025,Sprints,1,1,0,1
1478,Women,2025,Sprints,10,10,0,4
4260,Women,2025,Sprints,2,2,0,2
26193,Women,2025,Sprints,2,2,0,2
24829,Women,2025,Sprints,5,5,0,2
26501,Women,2025,Sprints,3,3,0,2
3934,Women,2025,Sprints,4,4,0,2
24624,Women,2025,Sprints,2,2,0,2
26227,Women,2025,Sprints,4,3,1,2
24465,Women,2025,Sprints,3,2,1,2
19368,Women,2025,Sprints,2,2,0,2
26228,Women,2025,Sprints,2,2,0,2
24466,Women,2025,Sprints,3,3,0,2
5301,Women,2025,Distance,1,0,1,1
5301,Women,2025,Jumps,1,0,1,1
5301,Women,2025,Throws,1,0,1,1
5301,Women,2025,Hurdles,1,0,1,1
24465,Women,2025,Distance,1,0,1,1
24465,Women,2025,Jumps,1,0,1,1
24465,Women,2025,Throws,1,0,1,1
24465,Women,2025,Hurdles,1,0,1,1
3581,Women,2025,Distance,1,0,1,1
3581,Women,2025,Jumps,1,0,1,1
3581,Women,2025,Throws,1,0,1,1
3581,Women,2025,Hurdles,1,0,1,1
26227,Women,2025,Distance,1,0,1,1
26227,Women,2025,Jumps,1,0,1,1
26227,Women,2025,Throws,1,0,1,1
26227,Women,2025,Hurdles,1,0,1,1
4267,Women,2025,Sprints,5,4,1,2
648,Women,2025,Sprints,2,1,1,1
4285,Women,2025,Sprints,3,2,1,2
4246,Women,2025,Sprints,1,0,1,1
4246,Women,2025,Distance,2,1,1,1
4246,Women,2025,Jumps,2,1,1,1
4246,Women,2025,Throws,2,1,1,1
4246,Women,2025,Hurdles,1,0,1,1
4285,Women,2025,Distance,3,2,1,2
4285,Women,2025,Jumps,1,0,1,1
4285,Women,2025,Throws,1,0,1,1
4285,Women,2025,Hurdles,1,0,1,1
4267,Women,2025,Distance,1,0,1,1
4267,Women,2025,Jumps,1,0,1,1
4267,Women,2025,Throws,1,0,1,1
4267,Women,2025,Hurdles,1,0,1,1
648,Women,2025,Distance,2,1,1,1
648,Women,2025,Jumps,2,1,1,1
648,Women,2025,Throws,1,0,1,1
648,Women,2025,Hurdles,1,0,1,1
24679,Women,2025,Sprints,4,3,1,2
3796,Women,2025,Sprints,8,7,1,2
25136,Women,2025,Sprints,4,3,1,2
25620,Women,2025,Sprints,2,2,0,1
24680,Women,2025,Sprints,4,3,1,2
24682,Women,2025,Sprints,5,4,1,2
4105,Women,2025,Sprints,2,2,0,2
24989,Women,2025,Sprints,3,2,1,2
24679,Women,2025,Distance,1,0,1,1
24679,Women,2025,Jumps,1,0,1,1
24679,Women,2025,Throws,1,0,1,1
24679,Women,2025,Hurdles,4,3,1,2
3796,Women,2025,Distance,1,0,1,1
3796,Women,2025,Jumps,1,0,1,1
3796,Women,2025,Throws,1,0,1,1
3796,Women,2025,Hurdles,3,2,1,2
24680,Women,2025,Distance,1,0,1,1
24680,Women,2025,Jumps,1,0,1,1
24680,Women,2025,Throws,1,0,1,1
24680,Women,2025,Hurdles,1,0,1,1
25136,Women,2025,Distance,1,0,1,1
25136,Women,2025,Jumps,1,0,1,1
25136,Women,2025,Throws,1,0,1,1
25136,Women,2025,Hurdles,1,0,1,1
24682,Women,2025,Distance,1,0,1,1
24682,Women,2025,Jumps,1,0,1,1
24682,Women,2025,Throws,1,0,1,1
24682,Women,2025,Hurdles,1,0,1,1
19595,Women,2025,Sprints,1,0,1,1
19595,Women,2025,Distance,5,4,1,2
19595,Women,2025,Jumps,1,0,1,1
19595,Women,2025,Throws,1,0,1,1
19595,Women,2025,Hurdles,1,0,1,1
24989,Women,2025,Distance,1,0,1,1
24989,Women,2025,Jumps,1,0,1,1
24989,Women,2025,Throws,1,0,1,1
24989,Women,2025,Hurdles,1,0,1,1
24683,Women,2025,Sprints,1,0,1,1
24683,Women,2025,Distance,2,1,1,1
24683,Women,2025,Jumps,1,0,1,1
24683,Women,2025,Throws,1,0,1,1
24683,Women,2025,Hurdles,1,0,1,1
26448,Women,2025,Sprints,1,1,0,1
4550,Women,2025,Sprints,3,3,0,1
26449,Women,2025,Sprints,2,2,0,1
5352,Women,2025,Sprints,1,1,0,1
4549,Women,2025,Sprints,3,3,0,1
25112,Women,2025,Sprints,1,1,0,1
25111,Women,2025,Sprints,2,2,0,1
5355,Women,2025,Sprints,1,1,0,1
5178,Women,2025,Sprints,1,1,0,1
5179,Women,2025,Sprints,1,1,0,1
26480,Women,2025,Sprints,1,1,0,1
26481,Women,2025,Sprints,1,1,0,1
24572,Women,2025,Sprints,4,4,0,2
3793,Women,2025,Sprints,2,2,0,1
3795,Women,2025,Sprints,3,3,0,1
24687,Women,2025,Sprints,3,3,0,1
3972,Women,2025,Sprints,2,2,0,1
24431,Women,2025,Sprints,3,3,0,2
25204,Women,2025,Sprints,2,2,0,1
4159,Women,2025,Sprints,2,2,0,1
25206,Women,2025,Sprints,2,2,0,1
3537,Women,2025,Sprints,1,1,0,1
3797,Women,2025,Sprints,2,2,0,1
3529,Women,2025,Sprints,2,2,0,1
24531,Women,2025,Sprints,2,2,0,1
25003,Women,2025,Sprints,1,1,0,1
24940,Women,2025,Sprints,1,1,0,1
24946,Women,2025,Sprints,1,1,0,1
4600,Women,2025,Sprints,2,2,0,1
25582,Women,2025,Sprints,2,2,0,1
25060,Women,2025,Sprints,2,2,0,1
3765,Women,2025,Sprints,2,2,0,1
4753,Women,2025,Sprints,1,1,0,1
24625,Women,2025,Sprints,3,3,0,1
3533,Women,2025,Sprints,1,1,0,1
25221,Women,2025,Sprints,2,2,0,1
24713,Women,2025,Sprints,1,1,0,1
3933,Women,2025,Sprints,1,1,0,1
24619,Women,2025,Sprints,2,2,0,1
4225,Women,2025,Sprints,2,2,0,1
26611,Women,2025,Sprints,1,1,0,1
26612,Women,2025,Sprints,1,1,0,1
3651,Women,2025,Sprints,1,1,0,1
4553,Women,2025,Sprints,1,1,0,1
25624,Women,2025,Sprints,2,2,0,1
26614,Women,2025,Sprints,2,2,0,1
2414,Women,2025,Sprints,2,2,0,1
3940,Women,2025,Sprints,1,1,0,1
23567,Women,2025,Sprints,2,2,0,1
24712,Women,2025,Sprints,1,1,0,1
24944,Women,2025,Sprints,1,1,0,1
1985,Women,2025,Sprints,1,1,0,1
3820,Women,2025,Sprints,1,1,0,1
24626,Women,2025,Sprints,1,1,0,1
23392,Women,2025,Sprints,1,1,0,1
25266,Women,2025,Sprints,2,2,0,2
2084,Women,2025,Sprints,1,1,0,1
4740,Women,2025,Sprints,1,1,0,1
26459,Women,2025,Sprints,1,1,0,1
4245,Women,2025,Sprints,1,1,0,1
4492,Women,2025,Sprints,1,1,0,1
25661,Women,2025,Sprints,1,1,0,1
24433,Women,2025,Sprints,1,1,0,1
25294,Women,2025,Sprints,1,1,0,1
7704,Women,2025,Sprints,1,1,0,1
24603,Women,2025,Sprints,2,2,0,2
16160,Women,2025,Sprints,1,1,0,1
26633,Women,2025,Sprints,1,1,0,1
26135,Women,2025,Sprints,1,1,0,1
3938,Women,2025,Sprints,1,1,0,1
3975,Women,2025,Sprints,3,1,2,1
5512,Women,2025,Sprints,1,1,0,1
2403,Women,2025,Sprints,1,1,0,1
25146,Women,2025,Sprints,2,1,1,1
24715,Women,2025,Sprints,1,1,0,1
5658,Women,2025,Sprints,1,1,0,1
25243,Women,2025,Sprints,1,1,0,1
1776,Women,2025,Sprints,1,1,0,1
2894,Women,2025,Sprints,1,1,0,1
4115,Women,2025,Sprints,1,1,0,1
305,Women,2025,Sprints,1,1,0,1
24947,Women,2025,Sprints,1,1,0,1
26639,Women,2025,Sprints,1,0,1,1
26639,Women,2025,Distance,1,0,1,1
26639,Women,2025,Jumps,1,0,1,1
26639,Women,2025,Throws,1,0,1,1
26639,Women,2025,Hurdles,1,0,1,1
26640,Women,2025,Sprints,1,0,1,1
26640,Women,2025,Distance,1,0,1,1
26640,Women,2025,Jumps,1,0,1,1
26640,Women,2025,Throws,1,0,1,1
26640,Women,2025,Hurdles,1,0,1,1
26641,Women,2025,Sprints,2,0,2,1
26641,Women,2025,Distance,2,0,2,1
26641,Women,2025,Jumps,2,0,2,1
26641,Women,2025,Throws,2,0,2,1
26641,Women,2025,Hurdles,2,0,2,1
26642,Women,2025,Sprints,2,0,2,1
26642,Women,2025,Distance,2,0,2,1
26642,Women,2025,Jumps,2,0,2,1
26642,Women,2025,Throws,2,0,2,1
26642,Women,2025,Hurdles,2,0,2,1
26643,Women,2025,Sprints,2,0,2,1
26643,Women,2025,Distance,2,0,2,1
26643,Women,2025,Jumps,2,0,2,1
26643,Women,2025,Throws,2,0,2,1
26643,Women,2025,Hurdles,2,0,2,1
26644,Women,2025,Sprints,2,0,2,2
26644,Women,2025,Distance,2,0,2,2
26644,Women,2025,Jumps,2,0,2,2
26644,Women,2025,Throws,2,0,2,2
26644,Women,2025,Hurdles,2,0,2,2
26645,Women,2025,Sprints,1,0,1,1
26645,Women,2025,Distance,1,0,1,1
26645,Women,2025,Jumps,1,0,1,1
26645,Women,2025,Throws,1,0,1,1
26645,Women,2025,Hurdles,1,0,1,1
26646,Women,2025,Sprints,1,0,1,1
26646,Women,2025,Distance,1,0,1,1
26646,Women,2025,Jumps,1,0,1,1
26646,Women,2025,Throws,1,0,1,1
26646,Women,2025,Hurdles,1,0,1,1
26647,Women,2025,Sprints,2,0,2,1
26647,Women,2025,Distance,2,0,2,1
26647,Women,2025,Jumps,2,0,2,1
26647,Women,2025,Throws,2,0,2,1
26647,Women,2025,Hurdles,2,0,2,1
26648,Women,2025,Sprints,2,0,2,1
26648,Women,2025,Distance,2,0,2,1
26648,Women,2025,Jumps,2,0,2,1
26648,Women,2025,Throws,2,0,2,1
26648,Women,2025,Hurdles,2,0,2,1
26649,Women,2025,Sprints,2,0,2,1
26649,Women,2025,Distance,2,0,2,1
26649,Women,2025,Jumps,2,0,2,1
26649,Women,2025,Throws,2,0,2,1
26649,Women,2025,Hurdles,2,0,2,1
26650,Women,2025,Sprints,1,0,1,1
26650,Women,2025,Distance,1,0,1,1
26650,Women,2025,Jumps,1,0,1,1
26650,Women,2025,Throws,1,0,1,1
26650,Women,2025,Hurdles,1,0,1,1
26652,Women,2025,Sprints,1,0,1,1
26652,Women,2025,Distance,1,0,1,1
26652,Women,2025,Jumps,1,0,1,1
26652,Women,2025,Throws,1,0,1,1
26652,Women,2025,Hurdles,1,0,1,1
26653,Women,2025,Sprints,2,0,2,1
26653,Women,2025,Distance,2,0,2,1
26653,Women,2025,Jumps,2,0,2,1
26653,Women,2025,Throws,2,0,2,1
26653,Women,2025,Hurdles,2,0,2,1
22493,Women,2025,Sprints,1,0,1,1
22493,Women,2025,Distance,1,0,1,1
22493,Women,2025,Jumps,1,0,1,1
22493,Women,2025,Throws,1,0,1,1
22493,Women,2025,Hurdles,1,0,1,1
26654,Women,2025,Sprints,1,0,1,1
26654,Women,2025,Distance,1,0,1,1
26654,Women,2025,Jumps,1,0,1,1
26654,Women,2025,Throws,1,0,1,1
26654,Women,2025,Hurdles,1,0,1,1
26655,Women,2025,Sprints,1,0,1,1
26655,Women,2025,Distance,1,0,1,1
26655,Women,2025,Jumps,1,0,1,1
26655,Women,2025,Throws,1,0,1,1
26655,Women,2025,Hurdles,1,0,1,1
26656,Women,2025,Sprints,1,0,1,1
26656,Women,2025,Distance,1,0,1,1
26656,Women,2025,Jumps,1,0,1,1
26656,Women,2025,Throws,1,0,1,1
26656,Women,2025,Hurdles,1,0,1,1
24739,Women,2025,Distance,1,0,1,1
24739,Women,2025,Jumps,3,2,1,2
24739,Women,2025,Throws,1,0,1,1
24739,Women,2025,Hurdles,1,0,1,1
26658,Women,2025,Sprints,1,0,1,1
26658,Women,2025,Distance,1,0,1,1
26658,Women,2025,Jumps,1,0,1,1
26658,Women,2025,Throws,1,0,1,1
26658,Women,2025,Hurdles,1,0,1,1
26556,Women,2025,Sprints,1,0,1,1
26556,Women,2025,Distance,1,0,1,1
26556,Women,2025,Jumps,1,0,1,1
26556,Women,2025,Throws,1,0,1,1
26556,Women,2025,Hurdles,1,0,1,1
26707,Women,2025,Sprints,2,0,2,2
26707,Women,2025,Distance,2,0,2,2
26707,Women,2025,Jumps,2,0,2,2
26707,Women,2025,Throws,2,0,2,2
26707,Women,2025,Hurdles,2,0,2,2
26708,Women,2025,Sprints,1,0,1,1
26708,Women,2025,Distance,1,0,1,1
26708,Women,2025,Jumps,1,0,1,1
26708,Women,2025,Throws,1,0,1,1
26708,Women,2025,Hurdles,1,0,1,1
26709,Women,2025,Sprints,1,0,1,1
26709,Women,2025,Distance,1,0,1,1
26709,Women,2025,Jumps,1,0,1,1
26709,Women,2025,Throws,1,0,1,1
26709,Women,2025,Hurdles,1,0,1,1
26558,Women,2025,Sprints,1,0,1,1
26558,Women,2025,Distance,1,0,1,1
26558,Women,2025,Jumps,1,0,1,1
26558,Women,2025,Throws,1,0,1,1
26558,Women,2025,Hurdles,1,0,1,1
26563,Women,2025,Sprints,1,0,1,1
26563,Women,2025,Distance,1,0,1,1
26563,Women,2025,Jumps,1,0,1,1
26563,Women,2025,Throws,1,0,1,1
26563,Women,2025,Hurdles,1,0,1,1
26711,Women,2025,Sprints,1,0,1,1
26711,Women,2025,Distance,1,0,1,1
26711,Women,2025,Jumps,1,0,1,1
26711,Women,2025,Throws,1,0,1,1
26711,Women,2025,Hurdles,1,0,1,1
26712,Women,2025,Sprints,1,0,1,1
26712,Women,2025,Distance,1,0,1,1
26712,Women,2025,Jumps,1,0,1,1
26712,Women,2025,Throws,1,0,1,1
26712,Women,2025,Hurdles,1,0,1,1
26713,Women,2025,Sprints,1,0,1,1
26713,Women,2025,Distance,1,0,1,1
26713,Women,2025,Jumps,1,0,1,1
26713,Women,2025,Throws,1,0,1,1
26713,Women,2025,Hurdles,1,0,1,1
26714,Women,2025,Sprints,1,0,1,1
26714,Women,2025,Distance,1,0,1,1
26714,Women,2025,Jumps,1,0,1,1
26714,Women,2025,Throws,1,0,1,1
26714,Women,2025,Hurdles,1,0,1,1
26715,Women,2025,Sprints,1,0,1,1
26715,Women,2025,Distance,1,0,1,1
26715,Women,2025,Jumps,1,0,1,1
26715,Women,2025,Throws,1,0,1,1
26715,Women,2025,Hurdles,1,0,1,1
26716,Women,2025,Sprints,1,0,1,1
26716,Women,2025,Distance,1,0,1,1
26716,Women,2025,Jumps,1,0,1,1
26716,Women,2025,Throws,1,0,1,1
26716,Women,2025,Hurdles,1,0,1,1
26717,Women,2025,Sprints,1,0,1,1
26717,Women,2025,Distance,1,0,1,1
26717,Women,2025,Jumps,1,0,1,1
26717,Women,2025,Throws,1,0,1,1
26717,Women,2025,Hurdles,1,0,1,1
26718,Women,2025,Sprints,1,0,1,1
26718,Women,2025,Distance,1,0,1,1
26718,Women,2025,Jumps,1,0,1,1
26718,Women,2025,Throws,1,0,1,1
26718,Women,2025,Hurdles,1,0,1,1
26719,Women,2025,Sprints,1,0,1,1
26719,Women,2025,Distance,1,0,1,1
26719,Women,2025,Jumps,1,0,1,1
26719,Women,2025,Throws,1,0,1,1
26719,Women,2025,Hurdles,1,0,1,1
26566,Women,2025,Sprints,1,0,1,1
26566,Women,2025,Distance,1,0,1,1
26566,Women,2025,Jumps,1,0,1,1
26566,Women,2025,Throws,1,0,1,1
26566,Women,2025,Hurdles,1,0,1,1
26720,Women,2025,Sprints,1,0,1,1
26720,Women,2025,Distance,1,0,1,1
26720,Women,2025,Jumps,1,0,1,1
26720,Women,2025,Throws,1,0,1,1
26720,Women,2025,Hurdles,1,0,1,1
26721,Women,2025,Sprints,1,0,1,1
26721,Women,2025,Distance,1,0,1,1
26721,Women,2025,Jumps,1,0,1,1
26721,Women,2025,Throws,1,0,1,1
26721,Women,2025,Hurdles,1,0,1,1
26722,Women,2025,Sprints,1,0,1,1
26722,Women,2025,Distance,1,0,1,1
26722,Women,2025,Jumps,1,0,1,1
26722,Women,2025,Throws,1,0,1,1
26722,Women,2025,Hurdles,1,0,1,1
26724,Women,2025,Sprints,1,0,1,1
26724,Women,2025,Distance,1,0,1,1
26724,Women,2025,Jumps,1,0,1,1
26724,Women,2025,Throws,1,0,1,1
26724,Women,2025,Hurdles,1,0,1,1
26725,Women,2025,Sprints,1,0,1,1
26725,Women,2025,Distance,1,0,1,1
26725,Women,2025,Jumps,1,0,1,1
26725,Women,2025,Throws,1,0,1,1
26725,Women,2025,Hurdles,1,0,1,1
26726,Women,2025,Sprints,1,0,1,1
26726,Women,2025,Distance,1,0,1,1
26726,Women,2025,Jumps,1,0,1,1
26726,Women,2025,Throws,1,0,1,1
26726,Women,2025,Hurdles,1,0,1,1
26727,Women,2025,Sprints,1,0,1,1
26727,Women,2025,Distance,1,0,1,1
26727,Women,2025,Jumps,1,0,1,1
26727,Women,2025,Throws,1,0,1,1
26727,Women,2025,Hurdles,1,0,1,1
25146,Women,2025,Distance,1,0,1,1
25146,Women,2025,Jumps,1,0,1,1
25146,Women,2025,Throws,1,0,1,1
25146,Women,2025,Hurdles,1,0,1,1
3975,Women,2025,Distance,2,0,2,1
3975,Women,2025,Jumps,2,0,2,1
3975,Women,2025,Throws,2,0,2,1
3975,Women,2025,Hurdles,6,4,2,2
4645,Women,2025,Sprints,2,2,0,1
2081,Women,2025,Sprints,1,1,0,1
4966,Women,2025,Sprints,1,1,0,1
2086,Women,2025,Sprints,1,1,0,1
25902,Women,2025,Sprints,1,1,0,1
25265,Women,2025,Sprints,1,1,0,1
26775,Women,2025,Sprints,1,1,0,1
3528,Women,2025,Sprints,1,1,0,1
4017,Women,2025,Sprints,2,2,0,1
4019,Women,2025,Sprints,1,1,0,1
4023,Women,2025,Sprints,2,2,0,1
2252,Women,2025,Sprints,2,2,0,1
4020,Women,2025,Sprints,4,4,0,2
2249,Women,2025,Sprints,3,3,0,2
4611,Women,2025,Sprints,1,1,0,1
24972,Women,2025,Sprints,2,2,0,1
3718,Women,2025,Sprints,1,1,0,1
992,Women,2025,Sprints,1,1,0,1
24580,Men,2026,Sprints,11,9,2,3
29449,Men,2026,Sprints,10,8,2,4
29449,Men,2026,Distance,2,0,2,2
29449,Men,2026,Jumps,2,0,2,2
29449,Men,2026,Throws,2,0,2,2
29449,Men,2026,Hurdles,2,0,2,2
29989,Men,2026,Sprints,5,3,2,2
29989,Men,2026,Distance,2,0,2,2
29989,Men,2026,Jumps,2,0,2,2
29989,Men,2026,Throws,2,0,2,2
29989,Men,2026,Hurdles,2,0,2,2
3709,Men,2026,Sprints,10,7,3,4
3709,Men,2026,Distance,4,1,3,2
3709,Men,2026,Jumps,3,0,3,2
3709,Men,2026,Throws,3,0,3,2
3709,Men,2026,Hurdles,7,4,3,4
24891,Men,2026,Sprints,9,6,3,4
24891,Men,2026,Distance,3,0,3,3
24891,Men,2026,Jumps,3,0,3,3
24891,Men,2026,Throws,3,0,3,3
24891,Men,2026,Hurdles,3,0,3,3
29608,Men,2026,Sprints,4,1,3,3
29608,Men,2026,Distance,7,4,3,4
29608,Men,2026,Jumps,3,0,3,3
29608,Men,2026,Throws,3,0,3,3
29608,Men,2026,Hurdles,3,0,3,3
3728,Men,2026,Sprints,9,7,2,3
3728,Men,2026,Distance,2,0,2,2
3728,Men,2026,Jumps,2,0,2,2
3728,Men,2026,Throws,2,0,2,2
3728,Men,2026,Hurdles,2,0,2,2
29453,Men,2026,Sprints,3,0,3,3
29453,Men,2026,Distance,3,0,3,3
29453,Men,2026,Jumps,3,0,3,3
29453,Men,2026,Throws,3,0,3,3
29453,Men,2026,Hurdles,9,6,3,4
24880,Men,2026,Sprints,12,8,4,4
24880,Men,2026,Distance,4,0,4,3
24880,Men,2026,Jumps,4,0,4,3
24880,Men,2026,Throws,4,0,4,3
24880,Men,2026,Hurdles,4,0,4,3
31313,Men,2026,Sprints,8,4,4,4
31313,Men,2026,Distance,4,0,4,3
31313,Men,2026,Jumps,4,0,4,3
31313,Men,2026,Throws,4,0,4,3
31313,Men,2026,Hurdles,4,0,4,3
3719,Men,2026,Sprints,12,9,3,4
3719,Men,2026,Distance,3,0,3,3
3719,Men,2026,Jumps,4,1,3,3
3719,Men,2026,Throws,3,0,3,3
3719,Men,2026,Hurdles,3,0,3,3
24580,Men,2026,Distance,2,0,2,2
24580,Men,2026,Jumps,2,0,2,2
24580,Men,2026,Throws,2,0,2,2
24580,Men,2026,Hurdles,2,0,2,2
4149,Men,2026,Sprints,12,7,5,4
24889,Men,2026,Sprints,4,4,0,2
24888,Men,2026,Sprints,9,9,0,3
29673,Men,2026,Sprints,1,1,0,1
29456,Men,2026,Sprints,7,5,2,4
4386,Men,2026,Sprints,3,3,0,2
4387,Men,2026,Sprints,5,4,1,4
30068,Men,2026,Sprints,1,0,1,1
30068,Men,2026,Distance,1,0,1,1
30068,Men,2026,Jumps,2,1,1,1
30068,Men,2026,Throws,1,0,1,1
30068,Men,2026,Hurdles,1,0,1,1
4149,Men,2026,Distance,5,0,5,3
4149,Men,2026,Jumps,5,0,5,3
4149,Men,2026,Throws,5,0,5,3
4149,Men,2026,Hurdles,5,0,5,3
29604,Men,2026,Sprints,2,0,2,2
29604,Men,2026,Distance,2,0,2,2
29604,Men,2026,Jumps,2,0,2,2
29604,Men,2026,Throws,2,0,2,2
29604,Men,2026,Hurdles,2,0,2,2
29447,Men,2026,Sprints,3,1,2,3
29447,Men,2026,Distance,2,0,2,2
29447,Men,2026,Jumps,5,3,2,3
29447,Men,2026,Throws,2,0,2,2
29447,Men,2026,Hurdles,2,0,2,2
3690,Men,2026,Sprints,3,1,2,2
3690,Men,2026,Distance,2,0,2,2
3690,Men,2026,Jumps,2,0,2,2
3690,Men,2026,Throws,2,0,2,2
3690,Men,2026,Hurdles,2,0,2,2
29456,Men,2026,Distance,5,3,2,4
29456,Men,2026,Jumps,2,0,2,2
29456,Men,2026,Throws,2,0,2,2
29456,Men,2026,Hurdles,2,0,2,2
24914,Men,2026,Sprints,3,1,2,3
24914,Men,2026,Distance,5,3,2,3
24914,Men,2026,Jumps,2,0,2,2
24914,Men,2026,Throws,2,0,2,2
24914,Men,2026,Hurdles,2,0,2,2
29458,Men,2026,Sprints,2,0,2,2
29458,Men,2026,Distance,10,8,2,4
29458,Men,2026,Jumps,2,0,2,2
29458,Men,2026,Throws,2,0,2,2
29458,Men,2026,Hurdles,2,0,2,2
24582,Men,2026,Sprints,4,2,2,3
24582,Men,2026,Distance,4,2,2,3
24582,Men,2026,Jumps,2,0,2,2
24582,Men,2026,Throws,2,0,2,2
24582,Men,2026,Hurdles,2,0,2,2
1421,Men,2026,Sprints,2,1,1,2
1421,Men,2026,Distance,5,4,1,4
1421,Men,2026,Jumps,1,0,1,1
1421,Men,2026,Throws,1,0,1,1
1421,Men,2026,Hurdles,2,1,1,2
3699,Men,2026,Sprints,2,0,2,2
3699,Men,2026,Distance,6,4,2,3
3699,Men,2026,Jumps,2,0,2,2
3699,Men,2026,Throws,2,0,2,2
3699,Men,2026,Hurdles,2,0,2,2
29772,Men,2026,Sprints,1,1,0,1
31370,Men,2026,Sprints,1,1,0,1
3710,Men,2026,Sprints,2,2,0,2
30065,Men,2026,Sprints,2,2,0,2
24977,Men,2026,Sprints,1,1,0,1
4036,Men,2026,Sprints,3,2,1,1
29973,Men,2026,Sprints,2,2,0,1
31376,Men,2026,Sprints,1,1,0,1
29872,Men,2026,Sprints,3,2,1,2
24896,Men,2026,Sprints,4,3,1,2
31180,Men,2026,Sprints,7,5,2,3
29747,Men,2026,Sprints,4,3,1,2
24897,Men,2026,Sprints,5,4,1,2
29979,Men,2026,Sprints,1,1,0,1
31377,Men,2026,Sprints,2,2,0,1
30072,Men,2026,Sprints,1,1,0,1
29748,Men,2026,Sprints,6,4,2,2
29984,Men,2026,Sprints,3,3,0,2
25018,Men,2026,Sprints,2,2,0,2
31378,Men,2026,Sprints,1,1,0,1
31024,Men,2026,Sprints,5,5,0,5
1589,Men,2026,Sprints,4,3,1,1
26835,Men,2026,Sprints,1,1,0,1
30343,Men,2026,Sprints,2,1,1,1
30969,Men,2026,Sprints,3,2,1,2
30039,Men,2026,Sprints,3,2,1,1
31091,Men,2026,Sprints,5,4,1,2
5614,Men,2026,Sprints,7,5,2,3
28331,Men,2026,Sprints,2,2,0,1
31382,Men,2026,Sprints,4,2,2,2
31179,Men,2026,Sprints,2,1,1,1
31211,Men,2026,Sprints,1,1,0,1
31198,Men,2026,Sprints,3,2,1,3
31426,Men,2026,Sprints,1,1,0,1
31093,Men,2026,Sprints,6,4,2,3
31094,Men,2026,Sprints,6,6,0,3
31232,Men,2026,Sprints,2,2,0,1
31231,Men,2026,Sprints,1,0,1,1
31231,Men,2026,Distance,1,0,1,1
31231,Men,2026,Jumps,1,0,1,1
31231,Men,2026,Throws,1,0,1,1
31231,Men,2026,Hurdles,1,0,1,1
5165,Men,2026,Sprints,2,2,0,1
31235,Men,2026,Sprints,1,1,0,1
25501,Men,2026,Sprints,1,1,0,1
31236,Men,2026,Sprints,1,1,0,1
31237,Men,2026,Sprints,2,2,0,2
25499,Men,2026,Sprints,4,4,0,2
31240,Men,2026,Sprints,1,1,0,1
5613,Men,2026,Sprints,1,1,0,1
31233,Men,2026,Sprints,1,1,0,1
31234,Men,2026,Sprints,2,2,0,2
25500,Men,2026,Sprints,2,2,0,1
2306,Men,2026,Sprints,2,2,0,2
31241,Men,2026,Sprints,2,2,0,1
31244,Men,2026,Sprints,1,1,0,1
31245,Men,2026,Sprints,1,1,0,1
31246,Men,2026,Sprints,1,1,0,1
31242,Men,2026,Sprints,2,2,0,1
31247,Men,2026,Sprints,1,1,0,1
26381,Men,2026,Sprints,1,0,1,1
26381,Men,2026,Distance,1,0,1,1
26381,Men,2026,Jumps,1,0,1,1
26381,Men,2026,Throws,1,0,1,1
26381,Men,2026,Hurdles,1,0,1,1
30147,Men,2026,Sprints,1,1,0,1
30149,Men,2026,Sprints,1,1,0,1
30148,Men,2026,Sprints,1,1,0,1
31252,Men,2026,Sprints,2,2,0,1
31253,Men,2026,Sprints,2,2,0,1
29793,Men,2026,Sprints,1,1,0,1
25473,Men,2026,Sprints,1,1,0,1
31255,Men,2026,Sprints,2,2,0,1
30994,Men,2026,Sprints,1,1,0,1
24882,Men,2026,Sprints,1,1,0,1
31254,Men,2026,Sprints,2,2,0,1
25407,Men,2026,Sprints,1,1,0,1
11421,Men,2026,Sprints,1,1,0,1
31256,Men,2026,Sprints,2,2,0,2
802,Men,2026,Sprints,1,1,0,1
30159,Men,2026,Sprints,1,1,0,1
31272,Men,2026,Sprints,1,1,0,1
16142,Men,2026,Sprints,1,1,0,1
25198,Men,2026,Sprints,2,2,0,2
31271,Men,2026,Sprints,1,1,0,1
30971,Men,2026,Sprints,2,2,0,1
30346,Men,2026,Sprints,1,1,0,1
31257,Men,2026,Sprints,1,1,0,1
31258,Men,2026,Sprints,1,1,0,1
27514,Men,2026,Sprints,1,1,0,1
12027,Men,2026,Sprints,1,1,0,1
31189,Men,2026,Sprints,4,3,1,2
31192,Men,2026,Sprints,6,4,2,3
31425,Men,2026,Sprints,1,1,0,1
31424,Men,2026,Sprints,2,1,1,2
31424,Men,2026,Distance,1,0,1,1
31424,Men,2026,Jumps,1,0,1,1
31424,Men,2026,Throws,1,0,1,1
31424,Men,2026,Hurdles,1,0,1,1
31178,Men,2026,Sprints,3,2,1,2
31178,Men,2026,Distance,1,0,1,1
31178,Men,2026,Jumps,1,0,1,1
31178,Men,2026,Throws,1,0,1,1
31178,Men,2026,Hurdles,1,0,1,1
31179,Men,2026,Distance,1,0,1,1
31179,Men,2026,Jumps,1,0,1,1
31179,Men,2026,Throws,1,0,1,1
31179,Men,2026,Hurdles,7,6,1,3
31180,Men,2026,Distance,2,0,2,2
31180,Men,2026,Jumps,2,0,2,2
31180,Men,2026,Throws,2,0,2,2
31180,Men,2026,Hurdles,2,0,2,2
27046,Men,2026,Sprints,2,2,0,1
30071,Men,2026,Sprints,6,4,2,2
31383,Men,2026,Sprints,1,1,0,1
31384,Men,2026,Sprints,1,1,0,1
29750,Men,2026,Sprints,5,5,0,2
24869,Men,2026,Sprints,6,3,3,2
22379,Men,2026,Sprints,3,2,1,2
27239,Men,2026,Sprints,5,2,3,3
27840,Men,2026,Sprints,1,1,0,1
19398,Men,2026,Sprints,5,3,2,3
4364,Men,2026,Sprints,4,2,2,2
7954,Men,2026,Sprints,4,4,0,2
31032,Men,2026,Sprints,2,2,0,2
30348,Men,2026,Sprints,1,1,0,1
1584,Men,2026,Sprints,1,1,0,1
2754,Men,2026,Sprints,1,1,0,1
27917,Men,2026,Sprints,3,2,1,1
24460,Men,2026,Sprints,7,4,3,3
4346,Men,2026,Sprints,4,4,0,2
29978,Men,2026,Sprints,1,1,0,1
26511,Men,2026,Sprints,10,8,2,3
31379,Men,2026,Sprints,1,1,0,1
31380,Men,2026,Sprints,1,1,0,1
31033,Men,2026,Sprints,2,2,0,2
31381,Men,2026,Sprints,1,1,0,1
1557,Men,2026,Sprints,1,1,0,1
28523,Men,2026,Sprints,3,3,0,2
25858,Men,2026,Sprints,4,4,0,2
4727,Men,2026,Sprints,5,3,2,2
761,Men,2026,Sprints,3,2,1,3
29864,Men,2026,Sprints,15,12,3,6
29749,Men,2026,Sprints,3,1,2,2
30043,Men,2026,Sprints,3,3,0,2
29862,Men,2026,Sprints,7,4,3,4
30042,Men,2026,Sprints,1,1,0,1
31385,Men,2026,Sprints,1,1,0,1
4347,Men,2026,Sprints,4,2,2,2
31386,Men,2026,Sprints,1,1,0,1
30045,Men,2026,Sprints,1,1,0,1
27917,Men,2026,Distance,1,0,1,1
27917,Men,2026,Jumps,1,0,1,1
27917,Men,2026,Throws,1,0,1,1
27917,Men,2026,Hurdles,1,0,1,1
16129,Men,2026,Sprints,1,0,1,1
16129,Men,2026,Distance,2,1,1,1
16129,Men,2026,Jumps,1,0,1,1
16129,Men,2026,Throws,1,0,1,1
16129,Men,2026,Hurdles,1,0,1,1
30343,Men,2026,Distance,1,0,1,1
30343,Men,2026,Jumps,1,0,1,1
30343,Men,2026,Throws,1,0,1,1
30343,Men,2026,Hurdles,1,0,1,1
30039,Men,2026,Distance,1,0,1,1
30039,Men,2026,Jumps,1,0,1,1
30039,Men,2026,Throws,1,0,1,1
30039,Men,2026,Hurdles,1,0,1,1
4727,Men,2026,Distance,2,0,2,2
4727,Men,2026,Jumps,2,0,2,2
4727,Men,2026,Throws,2,0,2,2
4727,Men,2026,Hurdles,2,0,2,2
29867,Men,2026,Sprints,3,1,2,2
29867,Men,2026,Distance,2,0,2,2
29867,Men,2026,Jumps,6,4,2,2
29867,Men,2026,Throws,2,0,2,2
29867,Men,2026,Hurdles,2,0,2,2
31382,Men,2026,Distance,2,0,2,2
31382,Men,2026,Jumps,2,0,2,2
31382,Men,2026,Throws,2,0,2,2
31382,Men,2026,Hurdles,2,0,2,2
24460,Men,2026,Distance,3,0,3,3
24460,Men,2026,Jumps,3,0,3,3
24460,Men,2026,Throws,3,0,3,3
24460,Men,2026,Hurdles,3,0,3,3
25643,Men,2026,Sprints,3,1,2,2
25643,Men,2026,Distance,3,1,2,2
25643,Men,2026,Jumps,2,0,2,2
25643,Men,2026,Throws,2,0,2,2
25643,Men,2026,Hurdles,3,1,2,2
16133,Men,2026,Sprints,2,1,1,2
16133,Men,2026,Distance,3,2,1,2
16133,Men,2026,Jumps,1,0,1,1
16133,Men,2026,Throws,1,0,1,1
16133,Men,2026,Hurdles,2,1,1,1
2176,Men,2026,Sprints,2,0,2,2
2176,Men,2026,Distance,7,5,2,3
2176,Men,2026,Jumps,2,0,2,2
2176,Men,2026,Throws,2,0,2,2
2176,Men,2026,Hurdles,2,0,2,2
24869,Men,2026,Distance,3,0,3,2
24869,Men,2026,Jumps,3,0,3,2
24869,Men,2026,Throws,3,0,3,2
24869,Men,2026,Hurdles,3,0,3,2
19398,Men,2026,Distance,2,0,2,2
19398,Men,2026,Jumps,2,0,2,2
19398,Men,2026,Throws,2,0,2,2
19398,Men,2026,Hurdles,2,0,2,2
27016,Men,2026,Sprints,6,3,3,4
27016,Men,2026,Distance,9,6,3,6
27016,Men,2026,Jumps,3,0,3,3
27016,Men,2026,Throws,3,0,3,3
27016,Men,2026,Hurdles,3,0,3,3
29862,Men,2026,Distance,4,1,3,3
29862,Men,2026,Jumps,3,0,3,3
29862,Men,2026,Throws,3,0,3,3
29862,Men,2026,Hurdles,3,0,3,3
29864,Men,2026,Distance,3,0,3,3
29864,Men,2026,Jumps,3,0,3,3
29864,Men,2026,Throws,3,0,3,3
29864,Men,2026,Hurdles,3,0,3,3
28312,Men,2026,Sprints,3,0,3,3
28312,Men,2026,Distance,6,3,3,3
28312,Men,2026,Jumps,3,0,3,3
28312,Men,2026,Throws,3,0,3,3
28312,Men,2026,Hurdles,3,0,3,3
27239,Men,2026,Distance,5,2,3,3
27239,Men,2026,Jumps,3,0,3,3
27239,Men,2026,Throws,3,0,3,3
27239,Men,2026,Hurdles,3,0,3,3
723,Men,2026,Sprints,2,0,2,2
723,Men,2026,Distance,4,2,2,2
723,Men,2026,Jumps,2,0,2,2
723,Men,2026,Throws,2,0,2,2
723,Men,2026,Hurdles,2,0,2,2
18963,Men,2026,Sprints,1,0,1,1
18963,Men,2026,Distance,4,3,1,3
18963,Men,2026,Jumps,1,0,1,1
18963,Men,2026,Throws,1,0,1,1
18963,Men,2026,Hurdles,1,0,1,1
4364,Men,2026,Distance,2,0,2,2
4364,Men,2026,Jumps,2,0,2,2
4364,Men,2026,Throws,2,0,2,2
4364,Men,2026,Hurdles,2,0,2,2
24911,Men,2026,Sprints,1,0,1,1
24911,Men,2026,Distance,7,6,1,3
24911,Men,2026,Jumps,1,0,1,1
24911,Men,2026,Throws,1,0,1,1
24911,Men,2026,Hurdles,1,0,1,1
5708,Men,2026,Sprints,1,0,1,1
5708,Men,2026,Distance,3,2,1,1
5708,Men,2026,Jumps,1,0,1,1
5708,Men,2026,Throws,1,0,1,1
5708,Men,2026,Hurdles,1,0,1,1
20431,Men,2026,Sprints,1,0,1,1
20431,Men,2026,Distance,7,6,1,3
20431,Men,2026,Jumps,1,0,1,1
20431,Men,2026,Throws,1,0,1,1
20431,Men,2026,Hurdles,1,0,1,1
29749,Men,2026,Distance,2,0,2,2
29749,Men,2026,Jumps,2,0,2,2
29749,Men,2026,Throws,2,0,2,2
29749,Men,2026,Hurdles,2,0,2,2
30071,Men,2026,Distance,2,0,2,2
30071,Men,2026,Jumps,3,1,2,2
30071,Men,2026,Throws,2,0,2,2
30071,Men,2026,Hurdles,3,1,2,2
1294,Men,2026,Sprints,2,0,2,2
1294,Men,2026,Distance,4,2,2,2
1294,Men,2026,Jumps,2,0,2,2
1294,Men,2026,Throws,2,0,2,2
1294,Men,2026,Hurdles,2,0,2,2
29751,Men,2026,Sprints,2,0,2,2
29751,Men,2026,Distance,5,3,2,3
29751,Men,2026,Jumps,2,0,2,2
29751,Men,2026,Throws,2,0,2,2
29751,Men,2026,Hurdles,2,0,2,2
4347,Men,2026,Distance,2,0,2,1
4347,Men,2026,Jumps,2,0,2,1
4347,Men,2026,Throws,2,0,2,1
4347,Men,2026,Hurdles,2,0,2,1
19010,Men,2026,Sprints,2,0,2,1
19010,Men,2026,Distance,2,0,2,1
19010,Men,2026,Jumps,2,0,2,1
19010,Men,2026,Throws,2,0,2,1
19010,Men,2026,Hurdles,2,0,2,1
1589,Men,2026,Distance,5,4,1,2
1589,Men,2026,Jumps,2,1,1,1
1589,Men,2026,Throws,2,1,1,1
1589,Men,2026,Hurdles,1,0,1,1
2769,Men,2026,Sprints,2,0,2,1
2769,Men,2026,Distance,2,0,2,1
2769,Men,2026,Jumps,2,0,2,1
2769,Men,2026,Throws,2,0,2,1
2769,Men,2026,Hurdles,2,0,2,1
26996,Men,2026,Sprints,1,0,1,1
26996,Men,2026,Distance,2,1,1,1
26996,Men,2026,Jumps,1,0,1,1
26996,Men,2026,Throws,1,0,1,1
26996,Men,2026,Hurdles,1,0,1,1
18969,Men,2026,Sprints,1,0,1,1
18969,Men,2026,Distance,2,1,1,1
18969,Men,2026,Jumps,1,0,1,1
18969,Men,2026,Throws,1,0,1,1
18969,Men,2026,Hurdles,1,0,1,1
692,Men,2026,Sprints,1,0,1,1
692,Men,2026,Distance,3,2,1,1
692,Men,2026,Jumps,1,0,1,1
692,Men,2026,Throws,1,0,1,1
692,Men,2026,Hurdles,1,0,1,1
25628,Men,2026,Sprints,1,0,1,1
25628,Men,2026,Distance,2,1,1,1
25628,Men,2026,Jumps,1,0,1,1
25628,Men,2026,Throws,1,0,1,1
25628,Men,2026,Hurdles,1,0,1,1
11520,Men,2026,Sprints,1,0,1,1
11520,Men,2026,Distance,1,0,1,1
11520,Men,2026,Jumps,1,0,1,1
11520,Men,2026,Throws,1,0,1,1
11520,Men,2026,Hurdles,1,0,1,1
25023,Men,2026,Sprints,6,4,2,2
5234,Men,2026,Sprints,7,4,3,3
4073,Men,2026,Sprints,4,4,0,2
25031,Men,2026,Sprints,5,2,3,3
31047,Men,2026,Sprints,2,1,1,1
29846,Men,2026,Sprints,6,3,3,3
31281,Men,2026,Sprints,2,2,0,1
5221,Men,2026,Sprints,3,2,1,1
11516,Men,2026,Sprints,2,1,1,1
1536,Men,2026,Sprints,1,1,0,1
25024,Men,2026,Sprints,7,5,2,2
31283,Men,2026,Sprints,5,4,1,3
31278,Men,2026,Sprints,4,3,1,1
4304,Men,2026,Sprints,6,3,3,3
5240,Men,2026,Sprints,5,3,2,2
2540,Men,2026,Sprints,1,1,0,1
554,Men,2026,Sprints,2,1,1,1
31028,Men,2026,Sprints,6,6,0,3
5246,Men,2026,Sprints,7,5,2,3
5541,Men,2026,Sprints,2,2,0,2
31279,Men,2026,Sprints,1,1,0,1
31280,Men,2026,Sprints,3,2,1,1
31282,Men,2026,Sprints,1,1,0,1
26171,Men,2026,Sprints,6,5,1,3
30285,Men,2026,Sprints,2,2,0,1
25032,Men,2026,Sprints,4,1,3,3
5252,Men,2026,Sprints,3,1,2,1
19375,Men,2026,Sprints,1,1,0,1
31284,Men,2026,Sprints,1,1,0,1
31285,Men,2026,Sprints,3,2,1,2
3012,Men,2026,Sprints,1,1,0,1
31286,Men,2026,Sprints,2,2,0,2
26169,Men,2026,Sprints,6,5,1,3
19007,Men,2026,Sprints,3,1,2,1
23446,Men,2026,Sprints,2,0,2,1
23446,Men,2026,Distance,5,3,2,1
23446,Men,2026,Jumps,2,0,2,1
23446,Men,2026,Throws,2,0,2,1
23446,Men,2026,Hurdles,2,0,2,1
11516,Men,2026,Distance,1,0,1,1
11516,Men,2026,Jumps,2,1,1,1
11516,Men,2026,Throws,1,0,1,1
11516,Men,2026,Hurdles,1,0,1,1
1558,Men,2026,Sprints,2,0,2,1
1558,Men,2026,Distance,5,3,2,1
1558,Men,2026,Jumps,2,0,2,1
1558,Men,2026,Throws,2,0,2,1
1558,Men,2026,Hurdles,2,0,2,1
25118,Men,2026,Sprints,2,0,2,1
25118,Men,2026,Distance,3,1,2,1
25118,Men,2026,Jumps,2,0,2,1
25118,Men,2026,Throws,2,0,2,1
25118,Men,2026,Hurdles,2,0,2,1
27003,Men,2026,Sprints,1,0,1,1
27003,Men,2026,Distance,4,3,1,2
27003,Men,2026,Jumps,1,0,1,1
27003,Men,2026,Throws,1,0,1,1
27003,Men,2026,Hurdles,1,0,1,1
4304,Men,2026,Distance,5,2,3,3
4304,Men,2026,Jumps,3,0,3,3
4304,Men,2026,Throws,3,0,3,3
4304,Men,2026,Hurdles,4,1,3,3
19387,Men,2026,Sprints,1,0,1,1
19387,Men,2026,Distance,7,6,1,2
19387,Men,2026,Jumps,1,0,1,1
19387,Men,2026,Throws,2,1,1,1
19387,Men,2026,Hurdles,1,0,1,1
31278,Men,2026,Distance,1,0,1,1
31278,Men,2026,Jumps,2,1,1,1
31278,Men,2026,Throws,1,0,1,1
31278,Men,2026,Hurdles,1,0,1,1
27004,Men,2026,Sprints,1,0,1,1
27004,Men,2026,Distance,7,6,1,3
27004,Men,2026,Jumps,1,0,1,1
27004,Men,2026,Throws,1,0,1,1
27004,Men,2026,Hurdles,1,0,1,1
28748,Men,2026,Sprints,1,0,1,1
28748,Men,2026,Distance,3,2,1,1
28748,Men,2026,Jumps,1,0,1,1
28748,Men,2026,Throws,1,0,1,1
28748,Men,2026,Hurdles,1,0,1,1
1612,Men,2026,Sprints,1,0,1,1
1612,Men,2026,Distance,2,1,1,1
1612,Men,2026,Jumps,2,1,1,1
1612,Men,2026,Throws,1,0,1,1
1612,Men,2026,Hurdles,1,0,1,1
26544,Men,2026,Sprints,1,0,1,1
26544,Men,2026,Distance,1,0,1,1
26544,Men,2026,Jumps,1,0,1,1
26544,Men,2026,Throws,1,0,1,1
26544,Men,2026,Hurdles,1,0,1,1
711,Men,2026,Sprints,1,0,1,1
711,Men,2026,Distance,5,4,1,3
711,Men,2026,Jumps,1,0,1,1
711,Men,2026,Throws,1,0,1,1
711,Men,2026,Hurdles,1,0,1,1
734,Men,2026,Sprints,1,0,1,1
734,Men,2026,Distance,4,3,1,2
734,Men,2026,Jumps,1,0,1,1
734,Men,2026,Throws,1,0,1,1
734,Men,2026,Hurdles,1,0,1,1
25030,Men,2026,Sprints,2,0,2,2
25030,Men,2026,Distance,8,6,2,3
25030,Men,2026,Jumps,2,0,2,2
25030,Men,2026,Throws,2,0,2,2
25030,Men,2026,Hurdles,2,0,2,2
467,Men,2026,Sprints,3,0,3,2
467,Men,2026,Distance,6,3,3,2
467,Men,2026,Jumps,3,0,3,2
467,Men,2026,Throws,3,0,3,2
467,Men,2026,Hurdles,3,0,3,2
5240,Men,2026,Distance,2,0,2,2
5240,Men,2026,Jumps,2,0,2,2
5240,Men,2026,Throws,2,0,2,2
5240,Men,2026,Hurdles,2,0,2,2
31280,Men,2026,Distance,1,0,1,1
31280,Men,2026,Jumps,1,0,1,1
31280,Men,2026,Throws,1,0,1,1
31280,Men,2026,Hurdles,1,0,1,1
5221,Men,2026,Distance,1,0,1,1
5221,Men,2026,Jumps,1,0,1,1
5221,Men,2026,Throws,1,0,1,1
5221,Men,2026,Hurdles,1,0,1,1
29846,Men,2026,Distance,3,0,3,3
29846,Men,2026,Jumps,5,2,3,3
29846,Men,2026,Throws,3,0,3,3
29846,Men,2026,Hurdles,3,0,3,3
26993,Men,2026,Sprints,1,0,1,1
26993,Men,2026,Distance,6,5,1,3
26993,Men,2026,Jumps,1,0,1,1
26993,Men,2026,Throws,1,0,1,1
26993,Men,2026,Hurdles,1,0,1,1
26999,Men,2026,Sprints,1,0,1,1
26999,Men,2026,Distance,4,3,1,2
26999,Men,2026,Jumps,1,0,1,1
26999,Men,2026,Throws,1,0,1,1
26999,Men,2026,Hurdles,1,0,1,1
27374,Men,2026,Sprints,1,0,1,1
27374,Men,2026,Distance,2,1,1,1
27374,Men,2026,Jumps,1,0,1,1
27374,Men,2026,Throws,1,0,1,1
27374,Men,2026,Hurdles,1,0,1,1
18745,Men,2026,Sprints,1,0,1,1
18745,Men,2026,Distance,2,1,1,1
18745,Men,2026,Jumps,1,0,1,1
18745,Men,2026,Throws,1,0,1,1
18745,Men,2026,Hurdles,1,0,1,1
2730,Men,2026,Sprints,1,0,1,1
2730,Men,2026,Distance,3,2,1,2
2730,Men,2026,Jumps,1,0,1,1
2730,Men,2026,Throws,2,1,1,2
2730,Men,2026,Hurdles,1,0,1,1
4433,Men,2026,Sprints,1,0,1,1
4433,Men,2026,Distance,2,1,1,1
4433,Men,2026,Jumps,1,0,1,1
4433,Men,2026,Throws,2,1,1,2
4433,Men,2026,Hurdles,1,0,1,1
786,Men,2026,Sprints,1,0,1,1
786,Men,2026,Distance,3,2,1,2
786,Men,2026,Jumps,1,0,1,1
786,Men,2026,Throws,1,0,1,1
786,Men,2026,Hurdles,1,0,1,1
691,Men,2026,Sprints,2,0,2,2
691,Men,2026,Distance,8,6,2,3
691,Men,2026,Jumps,2,0,2,2
691,Men,2026,Throws,2,0,2,2
691,Men,2026,Hurdles,2,0,2,2
801,Men,2026,Sprints,3,0,3,2
801,Men,2026,Distance,5,2,3,2
801,Men,2026,Jumps,3,0,3,2
801,Men,2026,Throws,3,0,3,2
801,Men,2026,Hurdles,3,0,3,2
689,Men,2026,Sprints,2,0,2,2
689,Men,2026,Distance,4,2,2,2
689,Men,2026,Jumps,3,1,2,2
689,Men,2026,Throws,2,0,2,2
689,Men,2026,Hurdles,3,1,2,2
19007,Men,2026,Distance,5,3,2,1
19007,Men,2026,Jumps,2,0,2,1
19007,Men,2026,Throws,2,0,2,1
19007,Men,2026,Hurdles,2,0,2,1
18989,Men,2026,Sprints,1,0,1,1
18989,Men,2026,Distance,4,3,1,2
18989,Men,2026,Jumps,1,0,1,1
18989,Men,2026,Throws,1,0,1,1
18989,Men,2026,Hurdles,1,0,1,1
29660,Men,2026,Sprints,7,6,1,2
3843,Men,2026,Sprints,3,1,2,2
3871,Men,2026,Sprints,2,2,0,1
29633,Men,2026,Sprints,5,5,0,3
29873,Men,2026,Sprints,1,1,0,1
29613,Men,2026,Sprints,4,3,1,2
3945,Men,2026,Sprints,1,1,0,1
31415,Men,2026,Sprints,6,5,1,2
24638,Men,2026,Sprints,1,1,0,1
29876,Men,2026,Sprints,1,1,0,1
29882,Men,2026,Sprints,1,1,0,1
18785,Men,2026,Sprints,2,2,0,1
29679,Men,2026,Sprints,3,2,1,2
5252,Men,2026,Distance,2,0,2,1
5252,Men,2026,Jumps,2,0,2,1
5252,Men,2026,Throws,2,0,2,1
5252,Men,2026,Hurdles,3,1,2,1
25023,Men,2026,Distance,2,0,2,2
25023,Men,2026,Jumps,4,2,2,2
25023,Men,2026,Throws,2,0,2,2
25023,Men,2026,Hurdles,2,0,2,2
5233,Men,2026,Sprints,6,1,5,3
5233,Men,2026,Distance,5,0,5,3
5233,Men,2026,Jumps,7,2,5,3
5233,Men,2026,Throws,5,0,5,3
5233,Men,2026,Hurdles,8,3,5,3
5234,Men,2026,Distance,3,0,3,3
5234,Men,2026,Jumps,3,0,3,3
5234,Men,2026,Throws,3,0,3,3
5234,Men,2026,Hurdles,3,0,3,3
2539,Men,2026,Sprints,2,0,2,2
2539,Men,2026,Distance,4,2,2,3
2539,Men,2026,Jumps,2,0,2,2
2539,Men,2026,Throws,2,0,2,2
2539,Men,2026,Hurdles,2,0,2,2
466,Men,2026,Sprints,3,0,3,3
466,Men,2026,Distance,6,3,3,3
466,Men,2026,Jumps,3,0,3,3
466,Men,2026,Throws,3,0,3,3
466,Men,2026,Hurdles,3,0,3,3
25024,Men,2026,Distance,2,0,2,2
25024,Men,2026,Jumps,2,0,2,2
25024,Men,2026,Throws,2,0,2,2
25024,Men,2026,Hurdles,2,0,2,2
8108,Men,2026,Sprints,3,1,2,3
8108,Men,2026,Distance,8,6,2,3
8108,Men,2026,Jumps,2,0,2,2
8108,Men,2026,Throws,2,0,2,2
8108,Men,2026,Hurdles,2,0,2,2
29868,Men,2026,Sprints,1,0,1,1
29868,Men,2026,Distance,1,0,1,1
29868,Men,2026,Jumps,5,4,1,3
29868,Men,2026,Throws,1,0,1,1
29868,Men,2026,Hurdles,1,0,1,1
31047,Men,2026,Distance,1,0,1,1
31047,Men,2026,Jumps,1,0,1,1
31047,Men,2026,Throws,1,0,1,1
31047,Men,2026,Hurdles,3,2,1,2
5247,Men,2026,Sprints,1,0,1,1
5247,Men,2026,Distance,1,0,1,1
5247,Men,2026,Jumps,1,0,1,1
5247,Men,2026,Throws,7,6,1,3
5247,Men,2026,Hurdles,1,0,1,1
5249,Men,2026,Sprints,1,0,1,1
5249,Men,2026,Distance,1,0,1,1
5249,Men,2026,Jumps,1,0,1,1
5249,Men,2026,Throws,6,5,1,3
5249,Men,2026,Hurdles,1,0,1,1
5229,Men,2026,Sprints,1,0,1,1
5229,Men,2026,Distance,1,0,1,1
5229,Men,2026,Jumps,1,0,1,1
5229,Men,2026,Throws,7,6,1,3
5229,Men,2026,Hurdles,1,0,1,1
31289,Men,2026,Sprints,1,0,1,1
31289,Men,2026,Distance,1,0,1,1
31289,Men,2026,Jumps,1,0,1,1
31289,Men,2026,Throws,7,6,1,3
31289,Men,2026,Hurdles,1,0,1,1
710,Men,2026,Sprints,1,0,1,1
710,Men,2026,Distance,6,5,1,3
710,Men,2026,Jumps,1,0,1,1
710,Men,2026,Throws,1,0,1,1
710,Men,2026,Hurdles,1,0,1,1
740,Men,2026,Sprints,1,0,1,1
740,Men,2026,Distance,3,2,1,2
740,Men,2026,Jumps,1,0,1,1
740,Men,2026,Throws,1,0,1,1
740,Men,2026,Hurdles,1,0,1,1
685,Men,2026,Sprints,1,0,1,1
685,Men,2026,Distance,7,6,1,3
685,Men,2026,Jumps,1,0,1,1
685,Men,2026,Throws,1,0,1,1
685,Men,2026,Hurdles,1,0,1,1
742,Men,2026,Sprints,2,0,2,2
742,Men,2026,Distance,9,7,2,3
742,Men,2026,Jumps,2,0,2,2
742,Men,2026,Throws,2,0,2,2
742,Men,2026,Hurdles,2,0,2,2
25031,Men,2026,Distance,3,0,3,3
25031,Men,2026,Jumps,3,0,3,3
25031,Men,2026,Throws,3,0,3,3
25031,Men,2026,Hurdles,7,4,3,3
5239,Men,2026,Sprints,2,0,2,2
5239,Men,2026,Distance,2,0,2,2
5239,Men,2026,Jumps,2,0,2,2
5239,Men,2026,Throws,2,0,2,2
5239,Men,2026,Hurdles,4,2,2,2
25032,Men,2026,Distance,3,0,3,3
25032,Men,2026,Jumps,3,0,3,3
25032,Men,2026,Throws,3,0,3,3
25032,Men,2026,Hurdles,7,4,3,3
2598,Men,2026,Sprints,1,0,1,1
2598,Men,2026,Distance,3,2,1,1
2598,Men,2026,Jumps,1,0,1,1
2598,Men,2026,Throws,1,0,1,1
2598,Men,2026,Hurdles,1,0,1,1
25680,Men,2026,Sprints,1,0,1,1
25680,Men,2026,Distance,2,1,1,2
25680,Men,2026,Jumps,5,4,1,2
25680,Men,2026,Throws,1,0,1,1
25680,Men,2026,Hurdles,2,1,1,2
27400,Men,2026,Sprints,1,0,1,1
27400,Men,2026,Distance,6,5,1,3
27400,Men,2026,Jumps,1,0,1,1
27400,Men,2026,Throws,1,0,1,1
27400,Men,2026,Hurdles,1,0,1,1
554,Men,2026,Distance,1,0,1,1
554,Men,2026,Jumps,1,0,1,1
554,Men,2026,Throws,1,0,1,1
554,Men,2026,Hurdles,1,0,1,1
30410,Men,2026,Sprints,1,1,0,1
31420,Men,2026,Sprints,1,0,1,1
31420,Men,2026,Distance,1,0,1,1
31420,Men,2026,Jumps,1,0,1,1
31420,Men,2026,Throws,1,0,1,1
31420,Men,2026,Hurdles,1,0,1,1
18979,Men,2026,Sprints,2,0,2,2
18979,Men,2026,Distance,9,7,2,3
18979,Men,2026,Jumps,2,0,2,2
18979,Men,2026,Throws,2,0,2,2
18979,Men,2026,Hurdles,2,0,2,2
30168,Men,2026,Sprints,1,1,0,1
29878,Men,2026,Sprints,1,1,0,1
29677,Men,2026,Sprints,6,5,1,2
31418,Men,2026,Sprints,1,1,0,1
31419,Men,2026,Sprints,1,1,0,1
29630,Men,2026,Sprints,6,5,1,3
24415,Men,2026,Sprints,8,6,2,3
30041,Men,2026,Sprints,9,6,3,3
31096,Men,2026,Sprints,3,2,1,2
29612,Men,2026,Sprints,1,1,0,1
31414,Men,2026,Sprints,1,1,0,1
24630,Men,2026,Sprints,3,3,0,2
26504,Men,2026,Sprints,2,2,0,1
24634,Men,2026,Sprints,3,3,0,2
27954,Men,2026,Sprints,3,3,0,2
344,Men,2026,Sprints,4,3,1,2
26895,Men,2026,Sprints,1,1,0,1
24835,Men,2026,Sprints,4,3,1,2
31305,Men,2026,Sprints,3,3,0,2
3689,Men,2026,Sprints,2,1,1,1
24607,Men,2026,Sprints,8,4,4,3
24608,Men,2026,Sprints,4,4,0,2
31199,Men,2026,Sprints,4,3,1,2
31188,Men,2026,Sprints,4,4,0,2
31181,Men,2026,Sprints,2,1,1,1
31223,Men,2026,Sprints,1,1,0,1
31309,Men,2026,Sprints,5,4,1,2
31219,Men,2026,Sprints,1,1,0,1
31192,Men,2026,Distance,2,0,2,2
31192,Men,2026,Jumps,2,0,2,2
31192,Men,2026,Throws,2,0,2,2
31192,Men,2026,Hurdles,2,0,2,2
31181,Men,2026,Distance,1,0,1,1
31181,Men,2026,Jumps,1,0,1,1
31181,Men,2026,Throws,1,0,1,1
31181,Men,2026,Hurdles,1,0,1,1
31312,Men,2026,Sprints,2,0,2,2
31312,Men,2026,Distance,2,0,2,2
31312,Men,2026,Jumps,2,0,2,2
31312,Men,2026,Throws,2,0,2,2
31312,Men,2026,Hurdles,2,0,2,2
3698,Men,2026,Sprints,9,7,2,3
24575,Men,2026,Sprints,1,1,0,1
29774,Men,2026,Sprints,1,1,0,1
4380,Men,2026,Sprints,4,3,1,2
29605,Men,2026,Sprints,4,3,1,2
3720,Men,2026,Sprints,6,4,2,2
4150,Men,2026,Sprints,3,2,1,2
3725,Men,2026,Sprints,2,2,0,2
29632,Men,2026,Sprints,5,4,1,2
31458,Men,2026,Sprints,1,1,0,1
2867,Men,2026,Sprints,4,1,3,2
27299,Men,2026,Sprints,1,1,0,1
11304,Men,2026,Sprints,1,0,1,1
11304,Men,2026,Distance,3,2,1,2
11304,Men,2026,Jumps,1,0,1,1
11304,Men,2026,Throws,1,0,1,1
11304,Men,2026,Hurdles,1,0,1,1
30041,Men,2026,Distance,3,0,3,2
30041,Men,2026,Jumps,3,0,3,2
30041,Men,2026,Throws,3,0,3,2
30041,Men,2026,Hurdles,3,0,3,2
2867,Men,2026,Distance,6,3,3,3
2867,Men,2026,Jumps,4,1,3,2
2867,Men,2026,Throws,3,0,3,2
2867,Men,2026,Hurdles,3,0,3,2
26970,Men,2026,Sprints,2,0,2,2
26970,Men,2026,Distance,5,3,2,3
26970,Men,2026,Jumps,2,0,2,2
26970,Men,2026,Throws,2,0,2,2
26970,Men,2026,Hurdles,2,0,2,2
3764,Men,2026,Sprints,3,2,1,2
24607,Men,2026,Distance,4,0,4,2
24607,Men,2026,Jumps,4,0,4,2
24607,Men,2026,Throws,4,0,4,2
24607,Men,2026,Hurdles,4,0,4,2
3720,Men,2026,Distance,2,0,2,2
3720,Men,2026,Jumps,2,0,2,2
3720,Men,2026,Throws,2,0,2,2
3720,Men,2026,Hurdles,2,0,2,2
24670,Men,2026,Sprints,6,4,2,3
24670,Men,2026,Distance,2,0,2,2
24670,Men,2026,Jumps,2,0,2,2
24670,Men,2026,Throws,2,0,2,2
24670,Men,2026,Hurdles,2,0,2,2
4150,Men,2026,Distance,2,1,1,2
4150,Men,2026,Jumps,1,0,1,1
4150,Men,2026,Throws,1,0,1,1
4150,Men,2026,Hurdles,1,0,1,1
3696,Men,2026,Sprints,2,1,1,1
3696,Men,2026,Distance,1,0,1,1
3696,Men,2026,Jumps,1,0,1,1
3696,Men,2026,Throws,1,0,1,1
3696,Men,2026,Hurdles,1,0,1,1
31317,Men,2026,Sprints,1,0,1,1
31317,Men,2026,Distance,1,0,1,1
31317,Men,2026,Jumps,1,0,1,1
31317,Men,2026,Throws,1,0,1,1
31317,Men,2026,Hurdles,1,0,1,1
31318,Men,2026,Sprints,1,0,1,1
31318,Men,2026,Distance,1,0,1,1
31318,Men,2026,Jumps,1,0,1,1
31318,Men,2026,Throws,1,0,1,1
31318,Men,2026,Hurdles,1,0,1,1
26161,Men,2026,Sprints,5,2,3,2
26161,Men,2026,Distance,3,0,3,2
26161,Men,2026,Jumps,3,0,3,2
26161,Men,2026,Throws,3,0,3,2
26161,Men,2026,Hurdles,3,0,3,2
29711,Men,2026,Sprints,5,3,2,2
29711,Men,2026,Distance,2,0,2,2
29711,Men,2026,Jumps,2,0,2,2
29711,Men,2026,Throws,2,0,2,2
29711,Men,2026,Hurdles,2,0,2,2
30040,Men,2026,Sprints,6,3,3,3
30040,Men,2026,Distance,3,0,3,3
30040,Men,2026,Jumps,3,0,3,3
30040,Men,2026,Throws,3,0,3,3
30040,Men,2026,Hurdles,3,0,3,3
24676,Men,2026,Sprints,9,5,4,3
24676,Men,2026,Distance,5,1,4,3
24676,Men,2026,Jumps,4,0,4,3
24676,Men,2026,Throws,4,0,4,3
24676,Men,2026,Hurdles,4,0,4,3
3698,Men,2026,Distance,2,0,2,2
3698,Men,2026,Jumps,2,0,2,2
3698,Men,2026,Throws,2,0,2,2
3698,Men,2026,Hurdles,2,0,2,2
29607,Men,2026,Sprints,3,3,0,3
24568,Men,2026,Sprints,1,1,0,1
3689,Men,2026,Distance,1,0,1,1
3689,Men,2026,Jumps,3,2,1,2
3689,Men,2026,Throws,1,0,1,1
3689,Men,2026,Hurdles,1,0,1,1
4380,Men,2026,Distance,1,0,1,1
4380,Men,2026,Jumps,1,0,1,1
4380,Men,2026,Throws,1,0,1,1
4380,Men,2026,Hurdles,1,0,1,1
29674,Men,2026,Sprints,2,1,1,2
29674,Men,2026,Distance,6,5,1,4
29674,Men,2026,Jumps,1,0,1,1
29674,Men,2026,Throws,1,0,1,1
29674,Men,2026,Hurdles,1,0,1,1
22382,Men,2026,Sprints,1,1,0,1
31463,Men,2026,Sprints,4,2,2,2
31463,Men,2026,Distance,2,0,2,2
31463,Men,2026,Jumps,4,2,2,2
31463,Men,2026,Throws,2,0,2,2
31463,Men,2026,Hurdles,2,0,2,2
31465,Men,2026,Sprints,2,1,1,1
31465,Men,2026,Distance,1,0,1,1
31465,Men,2026,Jumps,1,0,1,1
31465,Men,2026,Throws,1,0,1,1
31465,Men,2026,Hurdles,1,0,1,1
5645,Men,2026,Sprints,2,0,2,1
5645,Men,2026,Distance,2,0,2,1
5645,Men,2026,Jumps,2,0,2,1
5645,Men,2026,Throws,2,0,2,1
5645,Men,2026,Hurdles,3,1,2,1
3764,Men,2026,Distance,1,0,1,1
3764,Men,2026,Jumps,1,0,1,1
3764,Men,2026,Throws,1,0,1,1
3764,Men,2026,Hurdles,1,0,1,1
3336,Men,2026,Sprints,3,1,2,2
3336,Men,2026,Distance,5,3,2,2
3336,Men,2026,Jumps,2,0,2,2
3336,Men,2026,Throws,2,0,2,2
3336,Men,2026,Hurdles,2,0,2,2
435,Men,2026,Sprints,1,0,1,1
435,Men,2026,Distance,3,2,1,2
435,Men,2026,Jumps,1,0,1,1
435,Men,2026,Throws,1,0,1,1
435,Men,2026,Hurdles,1,0,1,1
3333,Men,2026,Sprints,1,0,1,1
3333,Men,2026,Distance,3,2,1,2
3333,Men,2026,Jumps,1,0,1,1
3333,Men,2026,Throws,1,0,1,1
3333,Men,2026,Hurdles,1,0,1,1
417,Men,2026,Sprints,1,0,1,1
417,Men,2026,Distance,3,2,1,2
417,Men,2026,Jumps,1,0,1,1
417,Men,2026,Throws,1,0,1,1
417,Men,2026,Hurdles,1,0,1,1
20492,Men,2026,Sprints,1,0,1,1
20492,Men,2026,Distance,3,2,1,2
20492,Men,2026,Jumps,1,0,1,1
20492,Men,2026,Throws,1,0,1,1
20492,Men,2026,Hurdles,1,0,1,1
25191,Men,2026,Sprints,1,0,1,1
25191,Men,2026,Distance,3,2,1,2
25191,Men,2026,Jumps,1,0,1,1
25191,Men,2026,Throws,1,0,1,1
25191,Men,2026,Hurdles,1,0,1,1
2959,Men,2026,Sprints,1,0,1,1
2959,Men,2026,Distance,3,2,1,2
2959,Men,2026,Jumps,1,0,1,1
2959,Men,2026,Throws,1,0,1,1
2959,Men,2026,Hurdles,1,0,1,1
90,Men,2026,Sprints,1,0,1,1
90,Men,2026,Distance,1,0,1,1
90,Men,2026,Jumps,1,0,1,1
90,Men,2026,Throws,1,0,1,1
90,Men,2026,Hurdles,1,0,1,1
19498,Men,2026,Sprints,4,3,1,2
31320,Men,2026,Sprints,3,1,2,2
31320,Men,2026,Distance,2,0,2,2
31320,Men,2026,Jumps,2,0,2,2
31320,Men,2026,Throws,2,0,2,2
31320,Men,2026,Hurdles,2,0,2,2
24878,Men,2026,Sprints,2,0,2,2
24878,Men,2026,Distance,2,0,2,2
24878,Men,2026,Jumps,2,0,2,2
24878,Men,2026,Throws,2,0,2,2
24878,Men,2026,Hurdles,2,0,2,2
29634,Men,2026,Sprints,6,4,2,2
3845,Men,2026,Sprints,2,2,0,2
29663,Men,2026,Sprints,3,3,0,2
29630,Men,2026,Distance,1,0,1,1
29630,Men,2026,Jumps,1,0,1,1
29630,Men,2026,Throws,1,0,1,1
29630,Men,2026,Hurdles,1,0,1,1
29634,Men,2026,Distance,2,0,2,2
29634,Men,2026,Jumps,2,0,2,2
29634,Men,2026,Throws,2,0,2,2
29634,Men,2026,Hurdles,2,0,2,2
31461,Men,2026,Sprints,2,2,0,1
24659,Men,2026,Sprints,2,1,1,2
31462,Men,2026,Sprints,3,2,1,2
31464,Men,2026,Sprints,1,1,0,1
31466,Men,2026,Sprints,1,1,0,1
25014,Men,2026,Sprints,2,2,0,2
31468,Men,2026,Sprints,2,2,0,2
3879,Men,2026,Sprints,1,1,0,1
29643,Men,2026,Sprints,1,1,0,1
27297,Men,2026,Sprints,1,1,0,1
31467,Men,2026,Sprints,1,1,0,1
11322,Men,2026,Sprints,2,0,2,2
11322,Men,2026,Distance,4,2,2,2
11322,Men,2026,Jumps,2,0,2,2
11322,Men,2026,Throws,2,0,2,2
11322,Men,2026,Hurdles,2,0,2,2
26985,Men,2026,Sprints,3,1,2,2
26985,Men,2026,Distance,5,3,2,2
26985,Men,2026,Jumps,2,0,2,2
26985,Men,2026,Throws,2,0,2,2
26985,Men,2026,Hurdles,2,0,2,2
26846,Men,2026,Sprints,1,0,1,1
26846,Men,2026,Distance,2,1,1,1
26846,Men,2026,Jumps,1,0,1,1
26846,Men,2026,Throws,1,0,1,1
26846,Men,2026,Hurdles,1,0,1,1
26847,Men,2026,Sprints,1,0,1,1
26847,Men,2026,Distance,3,2,1,1
26847,Men,2026,Jumps,1,0,1,1
26847,Men,2026,Throws,1,0,1,1
26847,Men,2026,Hurdles,1,0,1,1
29778,Men,2026,Sprints,1,0,1,1
29778,Men,2026,Distance,2,1,1,1
29778,Men,2026,Jumps,1,0,1,1
29778,Men,2026,Throws,1,0,1,1
29778,Men,2026,Hurdles,1,0,1,1
19421,Men,2026,Sprints,1,0,1,1
19421,Men,2026,Distance,1,0,1,1
19421,Men,2026,Jumps,1,0,1,1
19421,Men,2026,Throws,1,0,1,1
19421,Men,2026,Hurdles,1,0,1,1
26845,Men,2026,Sprints,1,0,1,1
26845,Men,2026,Distance,3,2,1,1
26845,Men,2026,Jumps,1,0,1,1
26845,Men,2026,Throws,1,0,1,1
26845,Men,2026,Hurdles,1,0,1,1
25148,Men,2026,Sprints,5,4,1,2
3522,Men,2026,Sprints,8,7,1,2
29669,Men,2026,Sprints,4,3,1,2
29691,Men,2026,Sprints,3,3,0,2
29599,Men,2026,Sprints,2,2,0,1
30320,Men,2026,Sprints,3,3,0,2
26092,Men,2026,Sprints,2,2,0,1
30323,Men,2026,Sprints,2,2,0,2
31019,Men,2026,Sprints,1,1,0,1
4586,Men,2026,Sprints,3,3,0,1
31021,Men,2026,Sprints,2,2,0,1
31022,Men,2026,Sprints,2,2,0,1
31023,Men,2026,Sprints,1,1,0,1
26922,Men,2026,Sprints,3,3,0,1
26090,Men,2026,Sprints,2,2,0,1
31017,Men,2026,Sprints,5,4,1,2
29600,Men,2026,Sprints,2,2,0,1
31018,Men,2026,Sprints,1,1,0,1
26096,Men,2026,Sprints,1,1,0,1
26089,Men,2026,Sprints,3,3,0,1
31020,Men,2026,Sprints,2,2,0,1
28762,Men,2026,Sprints,3,3,0,1
3609,Men,2026,Sprints,2,2,0,1
506,Men,2026,Sprints,3,3,0,1
513,Men,2026,Sprints,2,2,0,1
31025,Men,2026,Sprints,1,1,0,1
18975,Men,2026,Sprints,1,1,0,1
29597,Men,2026,Sprints,2,2,0,1
31027,Men,2026,Sprints,4,3,1,2
26088,Men,2026,Sprints,1,1,0,1
4589,Men,2026,Sprints,1,1,0,1
7950,Men,2026,Sprints,3,3,0,1
26843,Men,2026,Sprints,1,1,0,1
7,Men,2026,Sprints,1,1,0,1
31049,Men,2026,Sprints,2,0,2,1
31049,Men,2026,Distance,2,0,2,1
31049,Men,2026,Jumps,2,0,2,1
31049,Men,2026,Throws,2,0,2,1
31049,Men,2026,Hurdles,2,0,2,1
31050,Men,2026,Sprints,2,0,2,1
31050,Men,2026,Distance,2,0,2,1
31050,Men,2026,Jumps,2,0,2,1
31050,Men,2026,Throws,2,0,2,1
31050,Men,2026,Hurdles,2,0,2,1
31051,Men,2026,Sprints,2,0,2,1
31051,Men,2026,Distance,2,0,2,1
31051,Men,2026,Jumps,2,0,2,1
31051,Men,2026,Throws,2,0,2,1
31051,Men,2026,Hurdles,2,0,2,1
31052,Men,2026,Sprints,2,0,2,1
31052,Men,2026,Distance,2,0,2,1
31052,Men,2026,Jumps,2,0,2,1
31052,Men,2026,Throws,2,0,2,1
31052,Men,2026,Hurdles,2,0,2,1
31053,Men,2026,Sprints,2,0,2,1
31053,Men,2026,Distance,2,0,2,1
31053,Men,2026,Jumps,2,0,2,1
31053,Men,2026,Throws,2,0,2,1
31053,Men,2026,Hurdles,2,0,2,1
31055,Men,2026,Sprints,2,0,2,1
31055,Men,2026,Distance,2,0,2,1
31055,Men,2026,Jumps,2,0,2,1
31055,Men,2026,Throws,2,0,2,1
31055,Men,2026,Hurdles,2,0,2,1
31056,Men,2026,Sprints,1,0,1,1
31056,Men,2026,Distance,1,0,1,1
31056,Men,2026,Jumps,1,0,1,1
31056,Men,2026,Throws,1,0,1,1
31056,Men,2026,Hurdles,1,0,1,1
31057,Men,2026,Sprints,1,0,1,1
31057,Men,2026,Distance,1,0,1,1
31057,Men,2026,Jumps,1,0,1,1
31057,Men,2026,Throws,1,0,1,1
31057,Men,2026,Hurdles,1,0,1,1
31048,Men,2026,Sprints,2,0,2,1
31048,Men,2026,Distance,2,0,2,1
31048,Men,2026,Jumps,2,0,2,1
31048,Men,2026,Throws,2,0,2,1
31048,Men,2026,Hurdles,2,0,2,1
31429,Men,2026,Sprints,4,3,1,2
29696,Men,2026,Sprints,2,2,0,2
31430,Men,2026,Sprints,1,1,0,1
25677,Men,2026,Sprints,2,2,0,1
25855,Men,2026,Sprints,3,3,0,1
551,Men,2026,Sprints,3,3,0,1
31029,Men,2026,Sprints,1,1,0,1
28544,Men,2026,Sprints,3,2,1,2
11494,Men,2026,Sprints,1,1,0,1
31030,Men,2026,Sprints,1,1,0,1
31031,Men,2026,Sprints,1,1,0,1
31034,Men,2026,Sprints,1,1,0,1
31059,Men,2026,Sprints,1,0,1,1
31059,Men,2026,Distance,1,0,1,1
31059,Men,2026,Jumps,1,0,1,1
31059,Men,2026,Throws,1,0,1,1
31059,Men,2026,Hurdles,1,0,1,1
30332,Men,2026,Sprints,1,1,0,1
27399,Men,2026,Sprints,1,1,0,1
31429,Men,2026,Distance,1,0,1,1
31429,Men,2026,Jumps,1,0,1,1
31429,Men,2026,Throws,1,0,1,1
31429,Men,2026,Hurdles,1,0,1,1
31432,Men,2026,Sprints,3,1,2,2
31432,Men,2026,Distance,2,0,2,2
31432,Men,2026,Jumps,3,1,2,2
31432,Men,2026,Throws,2,0,2,2
31432,Men,2026,Hurdles,2,0,2,2
5246,Men,2026,Distance,2,0,2,2
5246,Men,2026,Jumps,4,2,2,3
5246,Men,2026,Throws,2,0,2,2
5246,Men,2026,Hurdles,2,0,2,2
31434,Men,2026,Sprints,1,0,1,1
31434,Men,2026,Distance,1,0,1,1
31434,Men,2026,Jumps,1,0,1,1
31434,Men,2026,Throws,1,0,1,1
31434,Men,2026,Hurdles,1,0,1,1
31283,Men,2026,Distance,1,0,1,1
31283,Men,2026,Jumps,1,0,1,1
31283,Men,2026,Throws,1,0,1,1
31283,Men,2026,Hurdles,1,0,1,1
3908,Men,2026,Sprints,2,2,0,1
19769,Men,2026,Sprints,1,0,1,1
19769,Men,2026,Distance,1,0,1,1
19769,Men,2026,Jumps,1,0,1,1
19769,Men,2026,Throws,1,0,1,1
19769,Men,2026,Hurdles,1,0,1,1
31092,Men,2026,Sprints,2,1,1,1
31091,Men,2026,Distance,1,0,1,1
31091,Men,2026,Jumps,1,0,1,1
31091,Men,2026,Throws,1,0,1,1
31091,Men,2026,Hurdles,1,0,1,1
5614,Men,2026,Distance,2,0,2,1
5614,Men,2026,Jumps,2,0,2,1
5614,Men,2026,Throws,2,0,2,1
5614,Men,2026,Hurdles,2,0,2,1
31093,Men,2026,Distance,2,0,2,1
31093,Men,2026,Jumps,2,0,2,1
31093,Men,2026,Throws,2,0,2,1
31093,Men,2026,Hurdles,2,0,2,1
31092,Men,2026,Distance,1,0,1,1
31092,Men,2026,Jumps,1,0,1,1
31092,Men,2026,Throws,1,0,1,1
31092,Men,2026,Hurdles,1,0,1,1
29980,Men,2026,Sprints,2,2,0,1
31105,Men,2026,Sprints,2,2,0,1
31106,Men,2026,Sprints,2,2,0,1
30069,Men,2026,Sprints,2,1,1,1
30069,Men,2026,Distance,1,0,1,1
30069,Men,2026,Jumps,2,1,1,1
30069,Men,2026,Throws,1,0,1,1
30069,Men,2026,Hurdles,1,0,1,1
26511,Men,2026,Distance,2,0,2,2
26511,Men,2026,Jumps,4,2,2,2
26511,Men,2026,Throws,2,0,2,2
26511,Men,2026,Hurdles,2,0,2,2
31104,Men,2026,Sprints,3,2,1,1
31104,Men,2026,Distance,1,0,1,1
31104,Men,2026,Jumps,1,0,1,1
31104,Men,2026,Throws,1,0,1,1
31104,Men,2026,Hurdles,1,0,1,1
28362,Men,2026,Sprints,1,0,1,1
28362,Men,2026,Distance,4,3,1,2
28362,Men,2026,Jumps,1,0,1,1
28362,Men,2026,Throws,1,0,1,1
28362,Men,2026,Hurdles,1,0,1,1
31096,Men,2026,Distance,3,2,1,2
31096,Men,2026,Jumps,1,0,1,1
31096,Men,2026,Throws,1,0,1,1
31096,Men,2026,Hurdles,1,0,1,1
31348,Men,2026,Sprints,3,2,1,1
25491,Men,2026,Sprints,1,1,0,1
676,Men,2026,Sprints,2,0,2,2
676,Men,2026,Distance,6,4,2,2
676,Men,2026,Jumps,2,0,2,2
676,Men,2026,Throws,2,0,2,2
676,Men,2026,Hurdles,2,0,2,2
16119,Men,2026,Sprints,1,0,1,1
16119,Men,2026,Distance,1,0,1,1
16119,Men,2026,Jumps,1,0,1,1
16119,Men,2026,Throws,1,0,1,1
16119,Men,2026,Hurdles,1,0,1,1
31346,Men,2026,Sprints,3,2,1,1
31346,Men,2026,Distance,1,0,1,1
31346,Men,2026,Jumps,1,0,1,1
31346,Men,2026,Throws,1,0,1,1
31346,Men,2026,Hurdles,1,0,1,1
31347,Men,2026,Sprints,2,1,1,1
31347,Men,2026,Distance,1,0,1,1
31347,Men,2026,Jumps,1,0,1,1
31347,Men,2026,Throws,1,0,1,1
31347,Men,2026,Hurdles,1,0,1,1
31348,Men,2026,Distance,1,0,1,1
31348,Men,2026,Jumps,1,0,1,1
31348,Men,2026,Throws,1,0,1,1
31348,Men,2026,Hurdles,1,0,1,1
31349,Men,2026,Sprints,3,2,1,1
31349,Men,2026,Distance,1,0,1,1
31349,Men,2026,Jumps,1,0,1,1
31349,Men,2026,Throws,1,0,1,1
31349,Men,2026,Hurdles,1,0,1,1
29709,Men,2026,Sprints,5,2,3,2
31352,Men,2026,Sprints,2,2,0,1
31350,Men,2026,Sprints,3,3,0,2
25474,Men,2026,Sprints,5,4,1,2
30075,Men,2026,Sprints,2,2,0,1
31109,Men,2026,Sprints,2,2,0,1
23919,Men,2026,Sprints,6,4,2,2
27205,Men,2026,Sprints,1,1,0,1
5768,Men,2026,Sprints,3,2,1,1
3682,Men,2026,Sprints,6,4,2,2
4337,Men,2026,Sprints,3,2,1,1
2896,Men,2026,Sprints,1,0,1,1
2896,Men,2026,Distance,4,3,1,2
2896,Men,2026,Jumps,1,0,1,1
2896,Men,2026,Throws,1,0,1,1
2896,Men,2026,Hurdles,1,0,1,1
3677,Men,2026,Sprints,1,0,1,1
3677,Men,2026,Distance,2,1,1,1
3677,Men,2026,Jumps,1,0,1,1
3677,Men,2026,Throws,1,0,1,1
3677,Men,2026,Hurdles,1,0,1,1
2899,Men,2026,Sprints,1,0,1,1
2899,Men,2026,Distance,3,2,1,2
2899,Men,2026,Jumps,1,0,1,1
2899,Men,2026,Throws,1,0,1,1
2899,Men,2026,Hurdles,1,0,1,1
23919,Men,2026,Distance,2,0,2,1
23919,Men,2026,Jumps,2,0,2,1
23919,Men,2026,Throws,2,0,2,1
23919,Men,2026,Hurdles,2,0,2,1
29985,Men,2026,Sprints,2,1,1,1
29221,Men,2026,Sprints,2,2,0,1
5768,Men,2026,Distance,1,0,1,1
5768,Men,2026,Jumps,1,0,1,1
5768,Men,2026,Throws,1,0,1,1
5768,Men,2026,Hurdles,1,0,1,1
3682,Men,2026,Distance,2,0,2,1
3682,Men,2026,Jumps,2,0,2,1
3682,Men,2026,Throws,2,0,2,1
3682,Men,2026,Hurdles,2,0,2,1
25474,Men,2026,Distance,1,0,1,1
25474,Men,2026,Jumps,1,0,1,1
25474,Men,2026,Throws,1,0,1,1
25474,Men,2026,Hurdles,1,0,1,1
16114,Men,2026,Sprints,1,0,1,1
16114,Men,2026,Distance,2,1,1,1
16114,Men,2026,Jumps,1,0,1,1
16114,Men,2026,Throws,1,0,1,1
16114,Men,2026,Hurdles,1,0,1,1
16123,Men,2026,Sprints,1,0,1,1
16123,Men,2026,Distance,5,4,1,2
16123,Men,2026,Jumps,1,0,1,1
16123,Men,2026,Throws,1,0,1,1
16123,Men,2026,Hurdles,1,0,1,1
2900,Men,2026,Sprints,1,0,1,1
2900,Men,2026,Distance,4,3,1,2
2900,Men,2026,Jumps,1,0,1,1
2900,Men,2026,Throws,1,0,1,1
2900,Men,2026,Hurdles,1,0,1,1
31111,Men,2026,Sprints,1,0,1,1
31111,Men,2026,Distance,1,0,1,1
31111,Men,2026,Jumps,1,0,1,1
31111,Men,2026,Throws,1,0,1,1
31111,Men,2026,Hurdles,1,0,1,1
21482,Men,2026,Sprints,1,0,1,1
21482,Men,2026,Distance,5,4,1,2
21482,Men,2026,Jumps,1,0,1,1
21482,Men,2026,Throws,1,0,1,1
21482,Men,2026,Hurdles,1,0,1,1
4337,Men,2026,Distance,1,0,1,1
4337,Men,2026,Jumps,1,0,1,1
4337,Men,2026,Throws,1,0,1,1
4337,Men,2026,Hurdles,1,0,1,1
4339,Men,2026,Sprints,1,0,1,1
4339,Men,2026,Distance,2,1,1,1
4339,Men,2026,Jumps,1,0,1,1
4339,Men,2026,Throws,1,0,1,1
4339,Men,2026,Hurdles,1,0,1,1
30998,Men,2026,Sprints,2,1,1,1
25878,Men,2026,Sprints,1,0,1,1
25878,Men,2026,Distance,1,0,1,1
25878,Men,2026,Jumps,4,3,1,2
25878,Men,2026,Throws,1,0,1,1
25878,Men,2026,Hurdles,1,0,1,1
29985,Men,2026,Distance,1,0,1,1
29985,Men,2026,Jumps,1,0,1,1
29985,Men,2026,Throws,1,0,1,1
29985,Men,2026,Hurdles,1,0,1,1
30998,Men,2026,Distance,1,0,1,1
30998,Men,2026,Jumps,3,2,1,2
30998,Men,2026,Throws,1,0,1,1
30998,Men,2026,Hurdles,1,0,1,1
30969,Men,2026,Distance,1,0,1,1
30969,Men,2026,Jumps,1,0,1,1
30969,Men,2026,Throws,1,0,1,1
30969,Men,2026,Hurdles,1,0,1,1
4306,Men,2026,Sprints,3,2,1,1
4306,Men,2026,Distance,1,0,1,1
4306,Men,2026,Jumps,1,0,1,1
4306,Men,2026,Throws,1,0,1,1
4306,Men,2026,Hurdles,1,0,1,1
29709,Men,2026,Distance,3,0,3,2
29709,Men,2026,Jumps,4,1,3,2
29709,Men,2026,Throws,3,0,3,2
29709,Men,2026,Hurdles,3,0,3,2
3790,Men,2026,Sprints,1,0,1,1
3790,Men,2026,Distance,6,5,1,3
3790,Men,2026,Jumps,1,0,1,1
3790,Men,2026,Throws,1,0,1,1
3790,Men,2026,Hurdles,1,0,1,1
30985,Men,2026,Sprints,1,0,1,1
30985,Men,2026,Distance,4,3,1,2
30985,Men,2026,Jumps,1,0,1,1
30985,Men,2026,Throws,1,0,1,1
30985,Men,2026,Hurdles,1,0,1,1
27491,Men,2026,Sprints,1,0,1,1
27491,Men,2026,Distance,3,2,1,2
27491,Men,2026,Jumps,1,0,1,1
27491,Men,2026,Throws,1,0,1,1
27491,Men,2026,Hurdles,1,0,1,1
27499,Men,2026,Sprints,1,0,1,1
27499,Men,2026,Distance,6,5,1,2
27499,Men,2026,Jumps,1,0,1,1
27499,Men,2026,Throws,1,0,1,1
27499,Men,2026,Hurdles,1,0,1,1
25995,Men,2026,Sprints,1,1,0,1
25082,Men,2026,Sprints,8,5,3,2
25082,Men,2026,Distance,3,0,3,2
25082,Men,2026,Jumps,3,0,3,2
25082,Men,2026,Throws,3,0,3,2
25082,Men,2026,Hurdles,3,0,3,2
24694,Men,2026,Sprints,6,4,2,2
24694,Men,2026,Distance,2,0,2,2
24694,Men,2026,Jumps,2,0,2,2
24694,Men,2026,Throws,2,0,2,2
24694,Men,2026,Hurdles,2,0,2,2
25083,Men,2026,Sprints,1,0,1,1
25083,Men,2026,Distance,1,0,1,1
25083,Men,2026,Jumps,2,1,1,1
25083,Men,2026,Throws,1,0,1,1
25083,Men,2026,Hurdles,3,2,1,1
3993,Men,2026,Sprints,6,3,3,2
3993,Men,2026,Distance,7,4,3,2
3993,Men,2026,Jumps,4,1,3,2
3993,Men,2026,Throws,3,0,3,2
3993,Men,2026,Hurdles,5,2,3,2
27555,Men,2026,Sprints,2,0,2,2
27555,Men,2026,Distance,6,4,2,2
27555,Men,2026,Jumps,2,0,2,2
27555,Men,2026,Throws,2,0,2,2
27555,Men,2026,Hurdles,2,0,2,2
27569,Men,2026,Sprints,3,1,2,2
27569,Men,2026,Distance,4,2,2,2
27569,Men,2026,Jumps,2,0,2,2
27569,Men,2026,Throws,2,0,2,2
27569,Men,2026,Hurdles,2,0,2,2
27548,Men,2026,Sprints,2,0,2,2
27548,Men,2026,Distance,6,4,2,2
27548,Men,2026,Jumps,2,0,2,2
27548,Men,2026,Throws,2,0,2,2
27548,Men,2026,Hurdles,2,0,2,2
27572,Men,2026,Sprints,2,0,2,2
27572,Men,2026,Distance,6,4,2,2
27572,Men,2026,Jumps,2,0,2,2
27572,Men,2026,Throws,2,0,2,2
27572,Men,2026,Hurdles,2,0,2,2
30399,Men,2026,Sprints,2,2,0,1
3400,Men,2026,Sprints,4,4,0,2
31168,Men,2026,Sprints,2,2,0,1
31170,Men,2026,Sprints,1,1,0,1
31360,Men,2026,Sprints,3,1,2,2
31360,Men,2026,Distance,2,0,2,2
31360,Men,2026,Jumps,2,0,2,2
31360,Men,2026,Throws,2,0,2,2
31360,Men,2026,Hurdles,2,0,2,2
29819,Men,2026,Sprints,3,2,1,1
29819,Men,2026,Distance,1,0,1,1
29819,Men,2026,Jumps,1,0,1,1
29819,Men,2026,Throws,1,0,1,1
29819,Men,2026,Hurdles,1,0,1,1
29820,Men,2026,Sprints,2,1,1,1
29820,Men,2026,Distance,1,0,1,1
29820,Men,2026,Jumps,1,0,1,1
29820,Men,2026,Throws,1,0,1,1
29820,Men,2026,Hurdles,1,0,1,1
47,Men,2026,Sprints,2,1,1,1
47,Men,2026,Distance,1,0,1,1
47,Men,2026,Jumps,1,0,1,1
47,Men,2026,Throws,1,0,1,1
47,Men,2026,Hurdles,1,0,1,1
29817,Men,2026,Sprints,9,6,3,2
29817,Men,2026,Distance,3,0,3,2
29817,Men,2026,Jumps,3,0,3,2
29817,Men,2026,Throws,3,0,3,2
29817,Men,2026,Hurdles,3,0,3,2
24692,Men,2026,Sprints,3,1,2,2
24692,Men,2026,Distance,3,1,2,2
24692,Men,2026,Jumps,2,0,2,2
24692,Men,2026,Throws,2,0,2,2
24692,Men,2026,Hurdles,2,0,2,2
29818,Men,2026,Sprints,8,5,3,2
29818,Men,2026,Distance,3,0,3,2
29818,Men,2026,Jumps,3,0,3,2
29818,Men,2026,Throws,3,0,3,2
29818,Men,2026,Hurdles,3,0,3,2
30405,Men,2026,Sprints,5,4,1,2
4864,Men,2026,Sprints,4,4,0,2
25516,Men,2026,Sprints,4,3,1,2
30393,Men,2026,Sprints,2,2,0,2
31169,Men,2026,Sprints,1,1,0,1
20472,Men,2026,Sprints,1,0,1,1
20472,Men,2026,Distance,3,2,1,2
20472,Men,2026,Jumps,1,0,1,1
20472,Men,2026,Throws,1,0,1,1
20472,Men,2026,Hurdles,1,0,1,1
30899,Men,2026,Sprints,1,0,1,1
30899,Men,2026,Distance,1,0,1,1
30899,Men,2026,Jumps,1,0,1,1
30899,Men,2026,Throws,1,0,1,1
30899,Men,2026,Hurdles,1,0,1,1
30819,Men,2026,Sprints,2,0,2,1
30819,Men,2026,Distance,2,0,2,1
30819,Men,2026,Jumps,2,0,2,1
30819,Men,2026,Throws,2,0,2,1
30819,Men,2026,Hurdles,2,0,2,1
25516,Men,2026,Distance,1,0,1,1
25516,Men,2026,Jumps,1,0,1,1
25516,Men,2026,Throws,1,0,1,1
25516,Men,2026,Hurdles,1,0,1,1
4101,Men,2026,Sprints,2,2,0,1
25085,Men,2026,Sprints,4,4,0,2
8060,Men,2026,Sprints,6,4,2,2
3996,Men,2026,Sprints,3,3,0,2
117,Men,2026,Sprints,1,1,0,1
25513,Men,2026,Sprints,3,2,1,2
30817,Men,2026,Sprints,1,0,1,1
30817,Men,2026,Distance,1,0,1,1
30817,Men,2026,Jumps,1,0,1,1
30817,Men,2026,Throws,1,0,1,1
30817,Men,2026,Hurdles,1,0,1,1
31367,Men,2026,Sprints,1,0,1,1
31367,Men,2026,Distance,1,0,1,1
31367,Men,2026,Jumps,1,0,1,1
31367,Men,2026,Throws,1,0,1,1
31367,Men,2026,Hurdles,1,0,1,1
31369,Men,2026,Sprints,1,0,1,1
31369,Men,2026,Distance,1,0,1,1
31369,Men,2026,Jumps,1,0,1,1
31369,Men,2026,Throws,1,0,1,1
31369,Men,2026,Hurdles,1,0,1,1
31480,Men,2026,Sprints,3,2,1,1
29434,Men,2026,Sprints,2,2,0,1
25073,Men,2026,Sprints,2,2,0,1
31117,Men,2026,Sprints,3,2,1,1
4647,Men,2026,Sprints,1,1,0,1
24543,Men,2026,Sprints,2,2,0,1
3570,Men,2026,Sprints,3,2,1,1
8008,Men,2026,Sprints,4,3,1,1
31210,Men,2026,Sprints,1,1,0,1
31481,Men,2026,Sprints,2,2,0,1
24983,Men,2026,Sprints,2,2,0,1
3602,Men,2026,Sprints,2,2,0,1
31482,Men,2026,Sprints,3,2,1,1
26553,Men,2026,Sprints,1,1,0,1
24848,Men,2026,Sprints,2,2,0,1
18977,Men,2026,Sprints,5,3,2,1
29436,Men,2026,Sprints,1,1,0,1
30137,Men,2026,Sprints,1,1,0,1
1216,Men,2026,Sprints,4,3,1,1
3574,Men,2026,Sprints,5,3,2,1
31483,Men,2026,Sprints,2,2,0,1
29800,Men,2026,Sprints,2,2,0,1
29694,Men,2026,Sprints,5,3,2,1
31485,Men,2026,Sprints,3,2,1,1
3551,Men,2026,Sprints,3,2,1,1
31486,Men,2026,Sprints,3,2,1,1
5025,Men,2026,Sprints,1,1,0,1
4442,Men,2026,Sprints,2,2,0,1
15,Men,2026,Sprints,5,3,2,1
30402,Men,2026,Sprints,3,2,1,1
29443,Men,2026,Sprints,1,1,0,1
335,Men,2026,Sprints,4,3,1,1
29566,Men,2026,Sprints,1,1,0,1
1818,Men,2026,Sprints,3,1,2,1
31487,Men,2026,Sprints,1,1,0,1
18569,Men,2026,Sprints,2,2,0,1
25077,Men,2026,Sprints,1,1,0,1
5674,Men,2026,Sprints,1,1,0,1
31484,Men,2026,Sprints,2,2,0,1
31122,Men,2026,Sprints,2,2,0,1
29631,Men,2026,Sprints,1,1,0,1
31437,Men,2026,Sprints,4,2,2,1
31121,Men,2026,Sprints,3,3,0,1
3605,Men,2026,Sprints,3,2,1,1
29821,Men,2026,Sprints,2,2,0,1
2037,Men,2026,Sprints,5,3,2,1
30138,Men,2026,Sprints,1,1,0,1
31,Men,2026,Sprints,5,3,2,1
3015,Men,2026,Sprints,1,1,0,1
28486,Men,2026,Sprints,1,1,0,1
164,Men,2026,Sprints,3,1,2,1
702,Men,2026,Sprints,2,1,1,1
27139,Men,2026,Sprints,1,1,0,1
25558,Men,2026,Sprints,2,1,1,1
24391,Men,2026,Sprints,6,4,2,1
3513,Men,2026,Sprints,3,2,1,1
31476,Men,2026,Sprints,4,2,2,1
30391,Men,2026,Sprints,3,2,1,1
5540,Men,2026,Sprints,3,2,1,1
24629,Men,2026,Sprints,3,2,1,1
24540,Men,2026,Sprints,2,2,0,1
24551,Men,2026,Sprints,2,2,0,1
31088,Men,2026,Sprints,3,2,1,1
3630,Men,2026,Sprints,2,2,0,1
24852,Men,2026,Sprints,1,1,0,1
24401,Men,2026,Sprints,5,3,2,1
5668,Men,2026,Sprints,3,2,1,1
3784,Men,2026,Sprints,2,2,0,1
26139,Men,2026,Sprints,3,2,1,1
26605,Men,2026,Sprints,3,1,2,1
29798,Men,2026,Sprints,2,2,0,1
24861,Men,2026,Sprints,2,2,0,1
3851,Men,2026,Sprints,3,2,1,1
3541,Men,2026,Sprints,3,1,2,1
31129,Men,2026,Sprints,3,2,1,1
19638,Men,2026,Sprints,2,2,0,1
24984,Men,2026,Sprints,3,1,2,1
24635,Men,2026,Sprints,2,1,1,1
24370,Men,2026,Sprints,3,2,1,1
3912,Men,2026,Sprints,1,1,0,1
31498,Men,2026,Sprints,2,2,0,1
4423,Men,2026,Sprints,1,1,0,1
3512,Men,2026,Sprints,2,1,1,1
27573,Men,2026,Sprints,2,2,0,1
31479,Men,2026,Sprints,3,3,0,1
24695,Men,2026,Sprints,2,1,1,1
29234,Men,2026,Sprints,3,2,1,1
31499,Men,2026,Sprints,2,2,0,1
31478,Men,2026,Sprints,2,2,0,1
5559,Men,2026,Sprints,1,1,0,1
24393,Men,2026,Sprints,2,1,1,1
31128,Men,2026,Sprints,2,2,0,1
161,Men,2026,Sprints,2,1,1,1
26618,Men,2026,Sprints,2,2,0,1
4002,Men,2026,Sprints,2,2,0,1
31502,Men,2026,Sprints,3,1,2,1
24539,Men,2026,Sprints,2,2,0,1
24357,Men,2026,Sprints,3,2,1,1
29744,Men,2026,Sprints,2,1,1,1
11413,Men,2026,Sprints,3,2,1,1
31501,Men,2026,Sprints,2,1,1,1
30118,Men,2026,Sprints,1,1,0,1
29557,Men,2026,Sprints,1,1,0,1
3506,Men,2026,Sprints,2,1,1,1
31190,Men,2026,Sprints,1,1,0,1
30378,Men,2026,Sprints,2,1,1,1
31477,Men,2026,Sprints,1,1,0,1
24359,Men,2026,Sprints,2,1,1,1
24369,Men,2026,Sprints,2,1,1,1
30826,Men,2026,Sprints,2,1,1,1
8022,Men,2026,Sprints,1,1,0,1
3520,Men,2026,Sprints,1,1,0,1
31503,Men,2026,Sprints,1,1,0,1
529,Men,2026,Sprints,1,1,0,1
29877,Men,2026,Sprints,1,1,0,1
30380,Men,2026,Sprints,1,1,0,1
29616,Men,2026,Sprints,1,1,0,1
29619,Men,2026,Sprints,1,1,0,1
5598,Men,2026,Sprints,1,1,0,1
11372,Men,2026,Sprints,1,1,0,1
19426,Men,2026,Sprints,2,1,1,1
30181,Men,2026,Sprints,1,1,0,1
24736,Men,2026,Sprints,2,1,1,1
31520,Men,2026,Sprints,1,1,0,1
11393,Men,2026,Sprints,2,1,1,1
24549,Men,2026,Sprints,1,1,0,1
29268,Men,2026,Sprints,2,1,1,1
24808,Men,2026,Sprints,1,1,0,1
27576,Men,2026,Sprints,2,1,1,1
31523,Men,2026,Sprints,1,1,0,1
31132,Men,2026,Sprints,1,1,0,1
26703,Men,2026,Sprints,1,1,0,1
4865,Men,2026,Sprints,1,1,0,1
5577,Men,2026,Sprints,2,1,1,1
31524,Men,2026,Sprints,1,1,0,1
29636,Men,2026,Sprints,2,1,1,1
24434,Men,2026,Sprints,2,1,1,1
28744,Men,2026,Sprints,1,1,0,1
27097,Men,2026,Sprints,1,1,0,1
157,Men,2026,Sprints,2,1,1,1
31308,Men,2026,Sprints,2,1,1,1
26491,Men,2026,Sprints,1,1,0,1
3620,Men,2026,Sprints,1,1,0,1
31521,Men,2026,Sprints,2,1,1,1
31522,Men,2026,Sprints,3,2,1,2
31314,Men,2026,Sprints,2,1,1,1
25008,Men,2026,Sprints,1,1,0,1
24388,Men,2026,Sprints,1,1,0,1
29563,Men,2026,Sprints,1,1,0,1
18901,Men,2026,Sprints,2,1,1,1
29441,Men,2026,Sprints,1,1,0,1
31515,Men,2026,Sprints,1,1,0,1
368,Men,2026,Sprints,1,1,0,1
25076,Men,2026,Sprints,1,1,0,1
29744,Men,2026,Distance,1,0,1,1
29744,Men,2026,Jumps,1,0,1,1
29744,Men,2026,Throws,2,1,1,1
29744,Men,2026,Hurdles,1,0,1,1
31476,Men,2026,Distance,2,0,2,1
31476,Men,2026,Jumps,2,0,2,1
31476,Men,2026,Throws,2,0,2,1
31476,Men,2026,Hurdles,2,0,2,1
24401,Men,2026,Distance,2,0,2,1
24401,Men,2026,Jumps,2,0,2,1
24401,Men,2026,Throws,2,0,2,1
24401,Men,2026,Hurdles,2,0,2,1
24391,Men,2026,Distance,2,0,2,1
24391,Men,2026,Jumps,2,0,2,1
24391,Men,2026,Throws,2,0,2,1
24391,Men,2026,Hurdles,2,0,2,1
24897,Men,2026,Distance,1,0,1,1
24897,Men,2026,Jumps,1,0,1,1
24897,Men,2026,Throws,1,0,1,1
24897,Men,2026,Hurdles,1,0,1,1
24896,Men,2026,Distance,1,0,1,1
24896,Men,2026,Jumps,1,0,1,1
24896,Men,2026,Throws,1,0,1,1
24896,Men,2026,Hurdles,1,0,1,1
29748,Men,2026,Distance,2,0,2,1
29748,Men,2026,Jumps,2,0,2,1
29748,Men,2026,Throws,2,0,2,1
29748,Men,2026,Hurdles,2,0,2,1
29747,Men,2026,Distance,1,0,1,1
29747,Men,2026,Jumps,1,0,1,1
29747,Men,2026,Throws,1,0,1,1
29747,Men,2026,Hurdles,1,0,1,1
2354,Men,2026,Sprints,1,1,0,1
24629,Men,2026,Distance,1,0,1,1
24629,Men,2026,Jumps,2,1,1,1
24629,Men,2026,Throws,1,0,1,1
24629,Men,2026,Hurdles,1,0,1,1
31415,Men,2026,Distance,1,0,1,1
31415,Men,2026,Jumps,1,0,1,1
31415,Men,2026,Throws,1,0,1,1
31415,Men,2026,Hurdles,1,0,1,1
29613,Men,2026,Distance,1,0,1,1
29613,Men,2026,Jumps,1,0,1,1
29613,Men,2026,Throws,1,0,1,1
29613,Men,2026,Hurdles,1,0,1,1
24635,Men,2026,Distance,1,0,1,1
24635,Men,2026,Jumps,1,0,1,1
24635,Men,2026,Throws,1,0,1,1
24635,Men,2026,Hurdles,1,0,1,1
29872,Men,2026,Distance,1,0,1,1
29872,Men,2026,Jumps,5,4,1,2
29872,Men,2026,Throws,1,0,1,1
29872,Men,2026,Hurdles,1,0,1,1
31437,Men,2026,Distance,2,0,2,1
31437,Men,2026,Jumps,2,0,2,1
31437,Men,2026,Throws,2,0,2,1
31437,Men,2026,Hurdles,2,0,2,1
8099,Men,2026,Sprints,1,1,0,1
31494,Men,2026,Sprints,2,1,1,1
28303,Men,2026,Sprints,1,1,0,1
31516,Men,2026,Sprints,1,1,0,1
3843,Men,2026,Distance,2,0,2,1
3843,Men,2026,Jumps,2,0,2,1
3843,Men,2026,Throws,2,0,2,1
3843,Men,2026,Hurdles,2,0,2,1
29660,Men,2026,Distance,1,0,1,1
29660,Men,2026,Jumps,1,0,1,1
29660,Men,2026,Throws,1,0,1,1
29660,Men,2026,Hurdles,1,0,1,1
5540,Men,2026,Distance,1,0,1,1
5540,Men,2026,Jumps,2,1,1,1
5540,Men,2026,Throws,1,0,1,1
5540,Men,2026,Hurdles,1,0,1,1
24415,Men,2026,Distance,2,0,2,1
24415,Men,2026,Jumps,6,4,2,2
24415,Men,2026,Throws,2,0,2,1
24415,Men,2026,Hurdles,5,3,2,3
5668,Men,2026,Distance,1,0,1,1
5668,Men,2026,Jumps,1,0,1,1
5668,Men,2026,Throws,1,0,1,1
5668,Men,2026,Hurdles,1,0,1,1
31480,Men,2026,Distance,1,0,1,1
31480,Men,2026,Jumps,1,0,1,1
31480,Men,2026,Throws,1,0,1,1
31480,Men,2026,Hurdles,1,0,1,1
950,Men,2026,Sprints,1,1,0,1
30391,Men,2026,Distance,1,0,1,1
30391,Men,2026,Jumps,1,0,1,1
30391,Men,2026,Throws,1,0,1,1
30391,Men,2026,Hurdles,1,0,1,1
30405,Men,2026,Distance,1,0,1,1
30405,Men,2026,Jumps,1,0,1,1
30405,Men,2026,Throws,1,0,1,1
30405,Men,2026,Hurdles,1,0,1,1
25513,Men,2026,Distance,1,0,1,1
25513,Men,2026,Jumps,3,2,1,2
25513,Men,2026,Throws,1,0,1,1
25513,Men,2026,Hurdles,1,0,1,1
31088,Men,2026,Distance,1,0,1,1
31088,Men,2026,Jumps,1,0,1,1
31088,Men,2026,Throws,1,0,1,1
31088,Men,2026,Hurdles,1,0,1,1
3513,Men,2026,Distance,1,0,1,1
3513,Men,2026,Jumps,2,1,1,1
3513,Men,2026,Throws,1,0,1,1
3513,Men,2026,Hurdles,1,0,1,1
3512,Men,2026,Distance,1,0,1,1
3512,Men,2026,Jumps,2,1,1,1
3512,Men,2026,Throws,1,0,1,1
3512,Men,2026,Hurdles,1,0,1,1
3515,Men,2026,Sprints,1,0,1,1
3515,Men,2026,Distance,1,0,1,1
3515,Men,2026,Jumps,3,2,1,1
3515,Men,2026,Throws,1,0,1,1
3515,Men,2026,Hurdles,1,0,1,1
3506,Men,2026,Distance,1,0,1,1
3506,Men,2026,Jumps,2,1,1,1
3506,Men,2026,Throws,1,0,1,1
3506,Men,2026,Hurdles,1,0,1,1
24659,Men,2026,Distance,1,0,1,1
24659,Men,2026,Jumps,1,0,1,1
24659,Men,2026,Throws,1,0,1,1
24659,Men,2026,Hurdles,1,0,1,1
31462,Men,2026,Distance,1,0,1,1
31462,Men,2026,Jumps,1,0,1,1
31462,Men,2026,Throws,1,0,1,1
31462,Men,2026,Hurdles,1,0,1,1
5608,Men,2026,Sprints,1,0,1,1
5608,Men,2026,Distance,1,0,1,1
5608,Men,2026,Jumps,4,3,1,1
5608,Men,2026,Throws,1,0,1,1
5608,Men,2026,Hurdles,1,0,1,1
29605,Men,2026,Distance,1,0,1,1
29605,Men,2026,Jumps,3,2,1,2
29605,Men,2026,Throws,1,0,1,1
29605,Men,2026,Hurdles,1,0,1,1
3551,Men,2026,Distance,1,0,1,1
3551,Men,2026,Jumps,1,0,1,1
3551,Men,2026,Throws,1,0,1,1
3551,Men,2026,Hurdles,1,0,1,1
31117,Men,2026,Distance,1,0,1,1
31117,Men,2026,Jumps,1,0,1,1
31117,Men,2026,Throws,1,0,1,1
31117,Men,2026,Hurdles,1,0,1,1
24999,Men,2026,Sprints,1,0,1,1
24999,Men,2026,Distance,1,0,1,1
24999,Men,2026,Jumps,3,2,1,1
24999,Men,2026,Throws,1,0,1,1
24999,Men,2026,Hurdles,1,0,1,1
3541,Men,2026,Distance,2,0,2,1
3541,Men,2026,Jumps,2,0,2,1
3541,Men,2026,Throws,2,0,2,1
3541,Men,2026,Hurdles,2,0,2,1
28747,Men,2026,Sprints,2,0,2,1
28747,Men,2026,Distance,3,1,2,1
28747,Men,2026,Jumps,2,0,2,1
28747,Men,2026,Throws,2,0,2,1
28747,Men,2026,Hurdles,2,0,2,1
27744,Men,2026,Sprints,2,0,2,1
27744,Men,2026,Distance,10,8,2,4
27744,Men,2026,Jumps,2,0,2,1
27744,Men,2026,Throws,2,0,2,1
27744,Men,2026,Hurdles,2,0,2,1
371,Men,2026,Sprints,2,0,2,1
371,Men,2026,Distance,3,1,2,1
371,Men,2026,Jumps,2,0,2,1
371,Men,2026,Throws,2,0,2,1
371,Men,2026,Hurdles,2,0,2,1
8001,Men,2026,Sprints,2,0,2,1
8001,Men,2026,Distance,5,3,2,3
8001,Men,2026,Jumps,2,0,2,1
8001,Men,2026,Throws,2,0,2,1
8001,Men,2026,Hurdles,2,0,2,1
31486,Men,2026,Distance,1,0,1,1
31486,Men,2026,Jumps,1,0,1,1
31486,Men,2026,Throws,1,0,1,1
31486,Men,2026,Hurdles,1,0,1,1
24359,Men,2026,Distance,1,0,1,1
24359,Men,2026,Jumps,2,1,1,1
24359,Men,2026,Throws,1,0,1,1
24359,Men,2026,Hurdles,3,2,1,1
31482,Men,2026,Distance,1,0,1,1
31482,Men,2026,Jumps,2,1,1,1
31482,Men,2026,Throws,1,0,1,1
31482,Men,2026,Hurdles,1,0,1,1
24369,Men,2026,Distance,1,0,1,1
24369,Men,2026,Jumps,1,0,1,1
24369,Men,2026,Throws,1,0,1,1
24369,Men,2026,Hurdles,1,0,1,1
1818,Men,2026,Distance,3,1,2,1
1818,Men,2026,Jumps,2,0,2,1
1818,Men,2026,Throws,2,0,2,1
1818,Men,2026,Hurdles,2,0,2,1
27448,Men,2026,Sprints,2,0,2,1
27448,Men,2026,Distance,3,1,2,1
27448,Men,2026,Jumps,2,0,2,1
27448,Men,2026,Throws,2,0,2,1
27448,Men,2026,Hurdles,2,0,2,1
1815,Men,2026,Sprints,2,0,2,1
1815,Men,2026,Distance,3,1,2,1
1815,Men,2026,Jumps,2,0,2,1
1815,Men,2026,Throws,2,0,2,1
1815,Men,2026,Hurdles,2,0,2,1
1833,Men,2026,Sprints,1,0,1,1
1833,Men,2026,Distance,3,2,1,1
1833,Men,2026,Jumps,1,0,1,1
1833,Men,2026,Throws,1,0,1,1
1833,Men,2026,Hurdles,1,0,1,1
121,Men,2026,Sprints,1,0,1,1
121,Men,2026,Distance,1,0,1,1
121,Men,2026,Jumps,1,0,1,1
121,Men,2026,Throws,1,0,1,1
121,Men,2026,Hurdles,1,0,1,1
164,Men,2026,Distance,2,0,2,1
164,Men,2026,Jumps,2,0,2,1
164,Men,2026,Throws,2,0,2,1
164,Men,2026,Hurdles,3,1,2,1
8060,Men,2026,Distance,7,5,2,2
8060,Men,2026,Jumps,2,0,2,1
8060,Men,2026,Throws,2,0,2,1
8060,Men,2026,Hurdles,4,2,2,1
1858,Men,2026,Sprints,1,0,1,1
1858,Men,2026,Distance,2,1,1,1
1858,Men,2026,Jumps,1,0,1,1
1858,Men,2026,Throws,1,0,1,1
1858,Men,2026,Hurdles,1,0,1,1
1835,Men,2026,Sprints,1,0,1,1
1835,Men,2026,Distance,2,1,1,1
1835,Men,2026,Jumps,1,0,1,1
1835,Men,2026,Throws,1,0,1,1
1835,Men,2026,Hurdles,1,0,1,1
2123,Men,2026,Sprints,1,0,1,1
2123,Men,2026,Distance,1,0,1,1
2123,Men,2026,Jumps,1,0,1,1
2123,Men,2026,Throws,1,0,1,1
2123,Men,2026,Hurdles,1,0,1,1
2141,Men,2026,Sprints,1,0,1,1
2141,Men,2026,Distance,1,0,1,1
2141,Men,2026,Jumps,1,0,1,1
2141,Men,2026,Throws,1,0,1,1
2141,Men,2026,Hurdles,1,0,1,1
10914,Men,2026,Sprints,2,0,2,1
10914,Men,2026,Distance,2,0,2,1
10914,Men,2026,Jumps,2,0,2,1
10914,Men,2026,Throws,2,0,2,1
10914,Men,2026,Hurdles,2,0,2,1
24393,Men,2026,Distance,1,0,1,1
24393,Men,2026,Jumps,2,1,1,1
24393,Men,2026,Throws,1,0,1,1
24393,Men,2026,Hurdles,1,0,1,1
31502,Men,2026,Distance,2,0,2,1
31502,Men,2026,Jumps,2,0,2,1
31502,Men,2026,Throws,2,0,2,1
31502,Men,2026,Hurdles,2,0,2,1
31534,Men,2026,Sprints,1,0,1,1
31534,Men,2026,Distance,1,0,1,1
31534,Men,2026,Jumps,1,0,1,1
31534,Men,2026,Throws,1,0,1,1
31534,Men,2026,Hurdles,1,0,1,1
24438,Men,2026,Sprints,1,0,1,1
24438,Men,2026,Distance,1,0,1,1
24438,Men,2026,Jumps,1,0,1,1
24438,Men,2026,Throws,1,0,1,1
24438,Men,2026,Hurdles,2,1,1,1
3605,Men,2026,Distance,2,1,1,1
3605,Men,2026,Jumps,2,1,1,1
3605,Men,2026,Throws,1,0,1,1
3605,Men,2026,Hurdles,1,0,1,1
24434,Men,2026,Distance,1,0,1,1
24434,Men,2026,Jumps,1,0,1,1
24434,Men,2026,Throws,1,0,1,1
24434,Men,2026,Hurdles,1,0,1,1
26139,Men,2026,Distance,1,0,1,1
26139,Men,2026,Jumps,1,0,1,1
26139,Men,2026,Throws,1,0,1,1
26139,Men,2026,Hurdles,1,0,1,1
26605,Men,2026,Distance,2,0,2,1
26605,Men,2026,Jumps,3,1,2,1
26605,Men,2026,Throws,2,0,2,1
26605,Men,2026,Hurdles,4,2,2,1
24695,Men,2026,Distance,1,0,1,1
24695,Men,2026,Jumps,1,0,1,1
24695,Men,2026,Throws,1,0,1,1
24695,Men,2026,Hurdles,1,0,1,1
26171,Men,2026,Distance,1,0,1,1
26171,Men,2026,Jumps,1,0,1,1
26171,Men,2026,Throws,1,0,1,1
26171,Men,2026,Hurdles,1,0,1,1
29694,Men,2026,Distance,6,4,2,1
29694,Men,2026,Jumps,2,0,2,1
29694,Men,2026,Throws,2,0,2,1
29694,Men,2026,Hurdles,6,4,2,3
18977,Men,2026,Distance,9,7,2,3
18977,Men,2026,Jumps,2,0,2,1
18977,Men,2026,Throws,2,0,2,1
18977,Men,2026,Hurdles,5,3,2,2
1883,Men,2026,Sprints,1,0,1,1
1883,Men,2026,Distance,1,0,1,1
1883,Men,2026,Jumps,1,0,1,1
1883,Men,2026,Throws,1,0,1,1
1883,Men,2026,Hurdles,1,0,1,1
30128,Men,2026,Sprints,1,0,1,1
30128,Men,2026,Distance,1,0,1,1
30128,Men,2026,Jumps,1,0,1,1
30128,Men,2026,Throws,1,0,1,1
30128,Men,2026,Hurdles,2,1,1,1
1894,Men,2026,Sprints,1,0,1,1
1894,Men,2026,Distance,1,0,1,1
1894,Men,2026,Jumps,1,0,1,1
1894,Men,2026,Throws,1,0,1,1
1894,Men,2026,Hurdles,1,0,1,1
1900,Men,2026,Sprints,1,0,1,1
1900,Men,2026,Distance,2,1,1,1
1900,Men,2026,Jumps,1,0,1,1
1900,Men,2026,Throws,1,0,1,1
1900,Men,2026,Hurdles,1,0,1,1
38,Men,2026,Sprints,1,0,1,1
38,Men,2026,Distance,4,3,1,2
38,Men,2026,Jumps,1,0,1,1
38,Men,2026,Throws,1,0,1,1
38,Men,2026,Hurdles,1,0,1,1
2037,Men,2026,Distance,8,6,2,2
2037,Men,2026,Jumps,3,1,2,2
2037,Men,2026,Throws,2,0,2,1
2037,Men,2026,Hurdles,5,3,2,2
31,Men,2026,Distance,7,5,2,2
31,Men,2026,Jumps,2,0,2,1
31,Men,2026,Throws,2,0,2,1
31,Men,2026,Hurdles,5,3,2,2
15,Men,2026,Distance,8,6,2,2
15,Men,2026,Jumps,2,0,2,1
15,Men,2026,Throws,2,0,2,1
15,Men,2026,Hurdles,4,2,2,1
1216,Men,2026,Distance,6,5,1,2
1216,Men,2026,Jumps,1,0,1,1
1216,Men,2026,Throws,1,0,1,1
1216,Men,2026,Hurdles,3,2,1,1
4148,Men,2026,Sprints,1,0,1,1
4148,Men,2026,Distance,1,0,1,1
4148,Men,2026,Jumps,1,0,1,1
4148,Men,2026,Throws,8,7,1,3
4148,Men,2026,Hurdles,1,0,1,1
24538,Men,2026,Sprints,1,0,1,1
24538,Men,2026,Distance,1,0,1,1
24538,Men,2026,Jumps,1,0,1,1
24538,Men,2026,Throws,1,0,1,1
24538,Men,2026,Hurdles,1,0,1,1
29568,Men,2026,Sprints,1,0,1,1
29568,Men,2026,Distance,1,0,1,1
29568,Men,2026,Jumps,1,0,1,1
29568,Men,2026,Throws,3,2,1,1
29568,Men,2026,Hurdles,1,0,1,1
29567,Men,2026,Sprints,1,0,1,1
29567,Men,2026,Distance,1,0,1,1
29567,Men,2026,Jumps,1,0,1,1
29567,Men,2026,Throws,3,2,1,1
29567,Men,2026,Hurdles,1,0,1,1
31533,Men,2026,Sprints,1,0,1,1
31533,Men,2026,Distance,1,0,1,1
31533,Men,2026,Jumps,1,0,1,1
31533,Men,2026,Throws,2,1,1,1
31533,Men,2026,Hurdles,1,0,1,1
18875,Men,2026,Sprints,1,0,1,1
18875,Men,2026,Distance,2,1,1,1
18875,Men,2026,Jumps,1,0,1,1
18875,Men,2026,Throws,1,0,1,1
18875,Men,2026,Hurdles,1,0,1,1
1809,Men,2026,Sprints,1,0,1,1
1809,Men,2026,Distance,1,0,1,1
1809,Men,2026,Jumps,1,0,1,1
1809,Men,2026,Throws,1,0,1,1
1809,Men,2026,Hurdles,1,0,1,1
2119,Men,2026,Sprints,1,0,1,1
2119,Men,2026,Distance,1,0,1,1
2119,Men,2026,Jumps,1,0,1,1
2119,Men,2026,Throws,1,0,1,1
2119,Men,2026,Hurdles,1,0,1,1
1827,Men,2026,Sprints,1,0,1,1
1827,Men,2026,Distance,1,0,1,1
1827,Men,2026,Jumps,1,0,1,1
1827,Men,2026,Throws,1,0,1,1
1827,Men,2026,Hurdles,1,0,1,1
18869,Men,2026,Sprints,1,0,1,1
18869,Men,2026,Distance,1,0,1,1
18869,Men,2026,Jumps,1,0,1,1
18869,Men,2026,Throws,1,0,1,1
18869,Men,2026,Hurdles,1,0,1,1
19626,Men,2026,Sprints,1,0,1,1
19626,Men,2026,Distance,1,0,1,1
19626,Men,2026,Jumps,1,0,1,1
19626,Men,2026,Throws,1,0,1,1
19626,Men,2026,Hurdles,1,0,1,1
2124,Men,2026,Sprints,1,0,1,1
2124,Men,2026,Distance,1,0,1,1
2124,Men,2026,Jumps,1,0,1,1
2124,Men,2026,Throws,1,0,1,1
2124,Men,2026,Hurdles,1,0,1,1
18877,Men,2026,Sprints,1,0,1,1
18877,Men,2026,Distance,1,0,1,1
18877,Men,2026,Jumps,1,0,1,1
18877,Men,2026,Throws,1,0,1,1
18877,Men,2026,Hurdles,1,0,1,1
26169,Men,2026,Distance,1,0,1,1
26169,Men,2026,Jumps,1,0,1,1
26169,Men,2026,Throws,1,0,1,1
26169,Men,2026,Hurdles,1,0,1,1
31532,Men,2026,Sprints,1,0,1,1
31532,Men,2026,Distance,1,0,1,1
31532,Men,2026,Jumps,3,2,1,1
31532,Men,2026,Throws,1,0,1,1
31532,Men,2026,Hurdles,1,0,1,1
21404,Men,2026,Sprints,1,0,1,1
21404,Men,2026,Distance,1,0,1,1
21404,Men,2026,Jumps,1,0,1,1
21404,Men,2026,Throws,1,0,1,1
21404,Men,2026,Hurdles,1,0,1,1
31309,Men,2026,Distance,1,0,1,1
31309,Men,2026,Jumps,1,0,1,1
31309,Men,2026,Throws,1,0,1,1
31309,Men,2026,Hurdles,1,0,1,1
31199,Men,2026,Distance,1,0,1,1
31199,Men,2026,Jumps,1,0,1,1
31199,Men,2026,Throws,1,0,1,1
31199,Men,2026,Hurdles,1,0,1,1
31308,Men,2026,Distance,1,0,1,1
31308,Men,2026,Jumps,1,0,1,1
31308,Men,2026,Throws,1,0,1,1
31308,Men,2026,Hurdles,8,7,1,4
18915,Men,2026,Sprints,1,0,1,1
18915,Men,2026,Distance,3,2,1,2
18915,Men,2026,Jumps,1,0,1,1
18915,Men,2026,Throws,1,0,1,1
18915,Men,2026,Hurdles,1,0,1,1
27079,Men,2026,Sprints,1,0,1,1
27079,Men,2026,Distance,3,2,1,2
27079,Men,2026,Jumps,1,0,1,1
27079,Men,2026,Throws,1,0,1,1
27079,Men,2026,Hurdles,1,0,1,1
28345,Men,2026,Sprints,1,0,1,1
28345,Men,2026,Distance,3,2,1,2
28345,Men,2026,Jumps,1,0,1,1
28345,Men,2026,Throws,1,0,1,1
28345,Men,2026,Hurdles,1,0,1,1
29746,Men,2026,Sprints,1,0,1,1
29746,Men,2026,Distance,1,0,1,1
29746,Men,2026,Jumps,1,0,1,1
29746,Men,2026,Throws,1,0,1,1
29746,Men,2026,Hurdles,5,4,1,2
157,Men,2026,Distance,2,1,1,1
157,Men,2026,Jumps,1,0,1,1
157,Men,2026,Throws,1,0,1,1
157,Men,2026,Hurdles,1,0,1,1
128,Men,2026,Sprints,1,0,1,1
128,Men,2026,Distance,2,1,1,1
128,Men,2026,Jumps,1,0,1,1
128,Men,2026,Throws,1,0,1,1
128,Men,2026,Hurdles,1,0,1,1
31198,Men,2026,Distance,1,0,1,1
31198,Men,2026,Jumps,1,0,1,1
31198,Men,2026,Throws,1,0,1,1
31198,Men,2026,Hurdles,1,0,1,1
31189,Men,2026,Distance,1,0,1,1
31189,Men,2026,Jumps,3,2,1,2
31189,Men,2026,Throws,3,2,1,2
31189,Men,2026,Hurdles,4,3,1,3
29632,Men,2026,Distance,1,0,1,1
29632,Men,2026,Jumps,1,0,1,1
29632,Men,2026,Throws,1,0,1,1
29632,Men,2026,Hurdles,1,0,1,1
30050,Men,2026,Sprints,1,0,1,1
30050,Men,2026,Distance,3,2,1,2
30050,Men,2026,Jumps,1,0,1,1
30050,Men,2026,Throws,1,0,1,1
30050,Men,2026,Hurdles,1,0,1,1
31528,Men,2026,Sprints,1,0,1,1
31528,Men,2026,Distance,2,1,1,1
31528,Men,2026,Jumps,1,0,1,1
31528,Men,2026,Throws,1,0,1,1
31528,Men,2026,Hurdles,1,0,1,1
24357,Men,2026,Distance,1,0,1,1
24357,Men,2026,Jumps,1,0,1,1
24357,Men,2026,Throws,1,0,1,1
24357,Men,2026,Hurdles,1,0,1,1
24370,Men,2026,Distance,1,0,1,1
24370,Men,2026,Jumps,1,0,1,1
24370,Men,2026,Throws,1,0,1,1
24370,Men,2026,Hurdles,1,0,1,1
23592,Men,2026,Sprints,1,0,1,1
23592,Men,2026,Distance,3,2,1,1
23592,Men,2026,Jumps,1,0,1,1
23592,Men,2026,Throws,1,0,1,1
23592,Men,2026,Hurdles,1,0,1,1
29234,Men,2026,Distance,2,1,1,1
29234,Men,2026,Jumps,1,0,1,1
29234,Men,2026,Throws,1,0,1,1
29234,Men,2026,Hurdles,1,0,1,1
28695,Men,2026,Sprints,1,0,1,1
28695,Men,2026,Distance,3,2,1,1
28695,Men,2026,Jumps,1,0,1,1
28695,Men,2026,Throws,1,0,1,1
28695,Men,2026,Hurdles,1,0,1,1
28696,Men,2026,Sprints,1,0,1,1
28696,Men,2026,Distance,3,2,1,1
28696,Men,2026,Jumps,1,0,1,1
28696,Men,2026,Throws,1,0,1,1
28696,Men,2026,Hurdles,2,1,1,1
28699,Men,2026,Sprints,1,0,1,1
28699,Men,2026,Distance,2,1,1,1
28699,Men,2026,Jumps,1,0,1,1
28699,Men,2026,Throws,1,0,1,1
28699,Men,2026,Hurdles,1,0,1,1
29311,Men,2026,Sprints,1,0,1,1
29311,Men,2026,Distance,2,1,1,1
29311,Men,2026,Jumps,1,0,1,1
29311,Men,2026,Throws,1,0,1,1
29311,Men,2026,Hurdles,1,0,1,1
27576,Men,2026,Distance,2,1,1,1
27576,Men,2026,Jumps,1,0,1,1
27576,Men,2026,Throws,1,0,1,1
27576,Men,2026,Hurdles,1,0,1,1
29838,Men,2026,Sprints,1,0,1,1
29838,Men,2026,Distance,2,1,1,1
29838,Men,2026,Jumps,1,0,1,1
29838,Men,2026,Throws,1,0,1,1
29838,Men,2026,Hurdles,1,0,1,1
29835,Men,2026,Sprints,1,0,1,1
29835,Men,2026,Distance,2,1,1,1
29835,Men,2026,Jumps,1,0,1,1
29835,Men,2026,Throws,1,0,1,1
29835,Men,2026,Hurdles,1,0,1,1
31522,Men,2026,Distance,2,1,1,1
31522,Men,2026,Jumps,1,0,1,1
31522,Men,2026,Throws,1,0,1,1
31522,Men,2026,Hurdles,1,0,1,1
129,Men,2026,Sprints,1,0,1,1
129,Men,2026,Distance,2,1,1,1
129,Men,2026,Jumps,1,0,1,1
129,Men,2026,Throws,1,0,1,1
129,Men,2026,Hurdles,1,0,1,1
24984,Men,2026,Distance,2,0,2,1
24984,Men,2026,Jumps,2,0,2,1
24984,Men,2026,Throws,2,0,2,1
24984,Men,2026,Hurdles,2,0,2,1
130,Men,2026,Sprints,1,0,1,1
130,Men,2026,Distance,2,1,1,1
130,Men,2026,Jumps,1,0,1,1
130,Men,2026,Throws,1,0,1,1
130,Men,2026,Hurdles,1,0,1,1
22384,Men,2026,Sprints,1,0,1,1
22384,Men,2026,Distance,2,1,1,2
22384,Men,2026,Jumps,1,0,1,1
22384,Men,2026,Throws,1,0,1,1
22384,Men,2026,Hurdles,1,0,1,1
19411,Men,2026,Sprints,1,0,1,1
19411,Men,2026,Distance,4,3,1,2
19411,Men,2026,Jumps,1,0,1,1
19411,Men,2026,Throws,1,0,1,1
19411,Men,2026,Hurdles,1,0,1,1
1996,Men,2026,Sprints,1,0,1,1
1996,Men,2026,Distance,2,1,1,1
1996,Men,2026,Jumps,1,0,1,1
1996,Men,2026,Throws,1,0,1,1
1996,Men,2026,Hurdles,1,0,1,1
5577,Men,2026,Distance,3,2,1,2
5577,Men,2026,Jumps,1,0,1,1
5577,Men,2026,Throws,1,0,1,1
5577,Men,2026,Hurdles,1,0,1,1
24421,Men,2026,Sprints,1,0,1,1
24421,Men,2026,Distance,5,4,1,2
24421,Men,2026,Jumps,1,0,1,1
24421,Men,2026,Throws,1,0,1,1
24421,Men,2026,Hurdles,1,0,1,1
702,Men,2026,Distance,2,1,1,2
702,Men,2026,Jumps,1,0,1,1
702,Men,2026,Throws,1,0,1,1
702,Men,2026,Hurdles,1,0,1,1
19386,Men,2026,Sprints,1,0,1,1
19386,Men,2026,Distance,6,5,1,3
19386,Men,2026,Jumps,1,0,1,1
19386,Men,2026,Throws,1,0,1,1
19386,Men,2026,Hurdles,1,0,1,1
26994,Men,2026,Sprints,1,0,1,1
26994,Men,2026,Distance,6,5,1,2
26994,Men,2026,Jumps,1,0,1,1
26994,Men,2026,Throws,1,0,1,1
26994,Men,2026,Hurdles,1,0,1,1
19396,Men,2026,Sprints,1,0,1,1
19396,Men,2026,Distance,1,0,1,1
19396,Men,2026,Jumps,1,0,1,1
19396,Men,2026,Throws,1,0,1,1
19396,Men,2026,Hurdles,1,0,1,1
22379,Men,2026,Distance,2,1,1,1
22379,Men,2026,Jumps,1,0,1,1
22379,Men,2026,Throws,1,0,1,1
22379,Men,2026,Hurdles,1,0,1,1
26902,Men,2026,Sprints,1,0,1,1
26902,Men,2026,Distance,3,2,1,1
26902,Men,2026,Jumps,1,0,1,1
26902,Men,2026,Throws,1,0,1,1
26902,Men,2026,Hurdles,1,0,1,1
31501,Men,2026,Distance,1,0,1,1
31501,Men,2026,Jumps,1,0,1,1
31501,Men,2026,Throws,1,0,1,1
31501,Men,2026,Hurdles,1,0,1,1
30378,Men,2026,Distance,1,0,1,1
30378,Men,2026,Jumps,1,0,1,1
30378,Men,2026,Throws,1,0,1,1
30378,Men,2026,Hurdles,3,2,1,1
23578,Men,2026,Sprints,1,0,1,1
23578,Men,2026,Distance,2,1,1,1
23578,Men,2026,Jumps,1,0,1,1
23578,Men,2026,Throws,1,0,1,1
23578,Men,2026,Hurdles,1,0,1,1
31552,Men,2026,Sprints,1,0,1,1
31552,Men,2026,Distance,1,0,1,1
31552,Men,2026,Jumps,1,0,1,1
31552,Men,2026,Throws,1,0,1,1
31552,Men,2026,Hurdles,1,0,1,1
4440,Men,2026,Sprints,1,0,1,1
4440,Men,2026,Distance,1,0,1,1
4440,Men,2026,Jumps,2,1,1,1
4440,Men,2026,Throws,5,4,1,3
4440,Men,2026,Hurdles,4,3,1,3
31285,Men,2026,Distance,1,0,1,1
31285,Men,2026,Jumps,1,0,1,1
31285,Men,2026,Throws,1,0,1,1
31285,Men,2026,Hurdles,2,1,1,1
28319,Men,2026,Sprints,1,0,1,1
28319,Men,2026,Distance,5,4,1,2
28319,Men,2026,Jumps,1,0,1,1
28319,Men,2026,Throws,1,0,1,1
28319,Men,2026,Hurdles,1,0,1,1
28308,Men,2026,Sprints,1,0,1,1
28308,Men,2026,Distance,5,4,1,2
28308,Men,2026,Jumps,1,0,1,1
28308,Men,2026,Throws,1,0,1,1
28308,Men,2026,Hurdles,1,0,1,1
673,Men,2026,Sprints,1,0,1,1
673,Men,2026,Distance,7,6,1,3
673,Men,2026,Jumps,1,0,1,1
673,Men,2026,Throws,1,0,1,1
673,Men,2026,Hurdles,1,0,1,1
743,Men,2026,Sprints,1,0,1,1
743,Men,2026,Distance,6,5,1,3
743,Men,2026,Jumps,1,0,1,1
743,Men,2026,Throws,1,0,1,1
743,Men,2026,Hurdles,1,0,1,1
27078,Men,2026,Sprints,1,0,1,1
27078,Men,2026,Distance,4,3,1,2
27078,Men,2026,Jumps,1,0,1,1
27078,Men,2026,Throws,1,0,1,1
27078,Men,2026,Hurdles,1,0,1,1
24711,Men,2026,Sprints,1,0,1,1
24711,Men,2026,Distance,4,3,1,2
24711,Men,2026,Jumps,1,0,1,1
24711,Men,2026,Throws,1,0,1,1
24711,Men,2026,Hurdles,2,1,1,1
27083,Men,2026,Sprints,1,0,1,1
27083,Men,2026,Distance,4,3,1,2
27083,Men,2026,Jumps,1,0,1,1
27083,Men,2026,Throws,1,0,1,1
27083,Men,2026,Hurdles,1,0,1,1
23485,Men,2026,Sprints,1,0,1,1
23485,Men,2026,Distance,3,2,1,1
23485,Men,2026,Jumps,1,0,1,1
23485,Men,2026,Throws,1,0,1,1
23485,Men,2026,Hurdles,1,0,1,1
31129,Men,2026,Distance,1,0,1,1
31129,Men,2026,Jumps,1,0,1,1
31129,Men,2026,Throws,1,0,1,1
31129,Men,2026,Hurdles,1,0,1,1
18901,Men,2026,Distance,2,1,1,1
18901,Men,2026,Jumps,1,0,1,1
18901,Men,2026,Throws,1,0,1,1
18901,Men,2026,Hurdles,1,0,1,1
31485,Men,2026,Distance,1,0,1,1
31485,Men,2026,Jumps,1,0,1,1
31485,Men,2026,Throws,1,0,1,1
31485,Men,2026,Hurdles,1,0,1,1
31494,Men,2026,Distance,1,0,1,1
31494,Men,2026,Jumps,1,0,1,1
31494,Men,2026,Throws,1,0,1,1
31494,Men,2026,Hurdles,2,1,1,1
27,Men,2026,Sprints,1,0,1,1
27,Men,2026,Distance,2,1,1,1
27,Men,2026,Jumps,1,0,1,1
27,Men,2026,Throws,1,0,1,1
27,Men,2026,Hurdles,1,0,1,1
150,Men,2026,Sprints,1,0,1,1
150,Men,2026,Distance,4,3,1,3
150,Men,2026,Jumps,1,0,1,1
150,Men,2026,Throws,1,0,1,1
150,Men,2026,Hurdles,1,0,1,1
19414,Men,2026,Sprints,1,0,1,1
19414,Men,2026,Distance,2,1,1,1
19414,Men,2026,Jumps,1,0,1,1
19414,Men,2026,Throws,1,0,1,1
19414,Men,2026,Hurdles,1,0,1,1
19,Men,2026,Sprints,1,0,1,1
19,Men,2026,Distance,3,2,1,1
19,Men,2026,Jumps,1,0,1,1
19,Men,2026,Throws,1,0,1,1
19,Men,2026,Hurdles,1,0,1,1
26934,Men,2026,Sprints,1,0,1,1
26934,Men,2026,Distance,4,3,1,3
26934,Men,2026,Jumps,1,0,1,1
26934,Men,2026,Throws,1,0,1,1
26934,Men,2026,Hurdles,1,0,1,1
161,Men,2026,Distance,7,6,1,2
161,Men,2026,Jumps,1,0,1,1
161,Men,2026,Throws,1,0,1,1
161,Men,2026,Hurdles,3,2,1,2
3402,Men,2026,Sprints,1,0,1,1
3402,Men,2026,Distance,2,1,1,1
3402,Men,2026,Jumps,1,0,1,1
3402,Men,2026,Throws,1,0,1,1
3402,Men,2026,Hurdles,1,0,1,1
25546,Men,2026,Sprints,1,0,1,1
25546,Men,2026,Distance,2,1,1,1
25546,Men,2026,Jumps,1,0,1,1
25546,Men,2026,Throws,1,0,1,1
25546,Men,2026,Hurdles,1,0,1,1
18807,Men,2026,Sprints,1,0,1,1
18807,Men,2026,Distance,2,1,1,1
18807,Men,2026,Jumps,1,0,1,1
18807,Men,2026,Throws,3,2,1,1
18807,Men,2026,Hurdles,1,0,1,1
28824,Men,2026,Sprints,1,0,1,1
28824,Men,2026,Distance,2,1,1,1
28824,Men,2026,Jumps,1,0,1,1
28824,Men,2026,Throws,1,0,1,1
28824,Men,2026,Hurdles,1,0,1,1
4458,Men,2026,Sprints,1,0,1,1
4458,Men,2026,Distance,1,0,1,1
4458,Men,2026,Jumps,2,1,1,1
4458,Men,2026,Throws,1,0,1,1
4458,Men,2026,Hurdles,1,0,1,1
3804,Men,2026,Sprints,1,0,1,1
3804,Men,2026,Distance,1,0,1,1
3804,Men,2026,Jumps,1,0,1,1
3804,Men,2026,Throws,1,0,1,1
3804,Men,2026,Hurdles,1,0,1,1
3574,Men,2026,Distance,2,0,2,1
3574,Men,2026,Jumps,2,0,2,1
3574,Men,2026,Throws,2,0,2,1
3574,Men,2026,Hurdles,2,0,2,1
4112,Men,2026,Sprints,4,2,2,1
4112,Men,2026,Distance,2,0,2,1
4112,Men,2026,Jumps,2,0,2,1
4112,Men,2026,Throws,2,0,2,1
4112,Men,2026,Hurdles,3,1,2,1
31314,Men,2026,Distance,1,0,1,1
31314,Men,2026,Jumps,1,0,1,1
31314,Men,2026,Throws,1,0,1,1
31314,Men,2026,Hurdles,5,4,1,4
4387,Men,2026,Distance,5,4,1,4
4387,Men,2026,Jumps,1,0,1,1
4387,Men,2026,Throws,1,0,1,1
4387,Men,2026,Hurdles,1,0,1,1
29669,Men,2026,Distance,1,0,1,1
29669,Men,2026,Jumps,1,0,1,1
29669,Men,2026,Throws,1,0,1,1
29669,Men,2026,Hurdles,1,0,1,1
29492,Men,2026,Sprints,2,1,1,2
29492,Men,2026,Distance,1,0,1,1
29492,Men,2026,Jumps,1,0,1,1
29492,Men,2026,Throws,1,0,1,1
29492,Men,2026,Hurdles,1,0,1,1
3522,Men,2026,Distance,1,0,1,1
3522,Men,2026,Jumps,1,0,1,1
3522,Men,2026,Throws,1,0,1,1
3522,Men,2026,Hurdles,1,0,1,1
25148,Men,2026,Distance,1,0,1,1
25148,Men,2026,Jumps,1,0,1,1
25148,Men,2026,Throws,1,0,1,1
25148,Men,2026,Hurdles,1,0,1,1
5500,Men,2026,Sprints,1,0,1,1
5500,Men,2026,Distance,6,5,1,4
5500,Men,2026,Jumps,1,0,1,1
5500,Men,2026,Throws,1,0,1,1
5500,Men,2026,Hurdles,2,1,1,2
29636,Men,2026,Distance,2,1,1,1
29636,Men,2026,Jumps,1,0,1,1
29636,Men,2026,Throws,1,0,1,1
29636,Men,2026,Hurdles,1,0,1,1
21406,Men,2026,Sprints,1,0,1,1
21406,Men,2026,Distance,1,0,1,1
21406,Men,2026,Jumps,1,0,1,1
21406,Men,2026,Throws,1,0,1,1
21406,Men,2026,Hurdles,1,0,1,1
18964,Men,2026,Sprints,1,0,1,1
18964,Men,2026,Distance,6,5,1,3
18964,Men,2026,Jumps,1,0,1,1
18964,Men,2026,Throws,1,0,1,1
18964,Men,2026,Hurdles,1,0,1,1
3547,Men,2026,Sprints,1,0,1,1
3547,Men,2026,Distance,2,1,1,1
3547,Men,2026,Jumps,1,0,1,1
3547,Men,2026,Throws,1,0,1,1
3547,Men,2026,Hurdles,1,0,1,1
31521,Men,2026,Distance,2,1,1,1
31521,Men,2026,Jumps,1,0,1,1
31521,Men,2026,Throws,1,0,1,1
31521,Men,2026,Hurdles,1,0,1,1
3851,Men,2026,Distance,1,0,1,1
3851,Men,2026,Jumps,1,0,1,1
3851,Men,2026,Throws,1,0,1,1
3851,Men,2026,Hurdles,1,0,1,1
31027,Men,2026,Distance,1,0,1,1
31027,Men,2026,Jumps,1,0,1,1
31027,Men,2026,Throws,1,0,1,1
31027,Men,2026,Hurdles,1,0,1,1
28544,Men,2026,Distance,1,0,1,1
28544,Men,2026,Jumps,1,0,1,1
28544,Men,2026,Throws,1,0,1,1
28544,Men,2026,Hurdles,2,1,1,1
28519,Men,2026,Sprints,1,0,1,1
28519,Men,2026,Distance,3,2,1,1
28519,Men,2026,Jumps,1,0,1,1
28519,Men,2026,Throws,1,0,1,1
28519,Men,2026,Hurdles,1,0,1,1
31017,Men,2026,Distance,1,0,1,1
31017,Men,2026,Jumps,1,0,1,1
31017,Men,2026,Throws,1,0,1,1
31017,Men,2026,Hurdles,1,0,1,1
26021,Men,2026,Sprints,1,0,1,1
26021,Men,2026,Distance,3,2,1,2
26021,Men,2026,Jumps,1,0,1,1
26021,Men,2026,Throws,1,0,1,1
26021,Men,2026,Hurdles,1,0,1,1
26020,Men,2026,Sprints,1,0,1,1
26020,Men,2026,Distance,9,8,1,4
26020,Men,2026,Jumps,1,0,1,1
26020,Men,2026,Throws,1,0,1,1
26020,Men,2026,Hurdles,1,0,1,1
1552,Men,2026,Sprints,1,0,1,1
1552,Men,2026,Distance,6,5,1,4
1552,Men,2026,Jumps,1,0,1,1
1552,Men,2026,Throws,1,0,1,1
1552,Men,2026,Hurdles,1,0,1,1
666,Men,2026,Sprints,1,0,1,1
666,Men,2026,Distance,6,5,1,3
666,Men,2026,Jumps,1,0,1,1
666,Men,2026,Throws,1,0,1,1
666,Men,2026,Hurdles,1,0,1,1
18865,Men,2026,Sprints,1,0,1,1
18865,Men,2026,Distance,2,1,1,1
18865,Men,2026,Jumps,1,0,1,1
18865,Men,2026,Throws,1,0,1,1
18865,Men,2026,Hurdles,1,0,1,1
29268,Men,2026,Distance,2,1,1,1
29268,Men,2026,Jumps,1,0,1,1
29268,Men,2026,Throws,1,0,1,1
29268,Men,2026,Hurdles,1,0,1,1
1824,Men,2026,Sprints,1,0,1,1
1824,Men,2026,Distance,2,1,1,1
1824,Men,2026,Jumps,1,0,1,1
1824,Men,2026,Throws,1,0,1,1
1824,Men,2026,Hurdles,1,0,1,1
24577,Men,2026,Sprints,1,0,1,1
24577,Men,2026,Distance,1,0,1,1
24577,Men,2026,Jumps,3,2,1,1
24577,Men,2026,Throws,1,0,1,1
24577,Men,2026,Hurdles,1,0,1,1
21417,Men,2026,Sprints,1,0,1,1
21417,Men,2026,Distance,1,0,1,1
21417,Men,2026,Jumps,1,0,1,1
21417,Men,2026,Throws,1,0,1,1
21417,Men,2026,Hurdles,1,0,1,1
19426,Men,2026,Distance,2,1,1,2
19426,Men,2026,Jumps,1,0,1,1
19426,Men,2026,Throws,1,0,1,1
19426,Men,2026,Hurdles,1,0,1,1
24736,Men,2026,Distance,1,0,1,1
24736,Men,2026,Jumps,1,0,1,1
24736,Men,2026,Throws,1,0,1,1
24736,Men,2026,Hurdles,1,0,1,1
11393,Men,2026,Distance,2,1,1,1
11393,Men,2026,Jumps,1,0,1,1
11393,Men,2026,Throws,1,0,1,1
11393,Men,2026,Hurdles,2,1,1,1
11389,Men,2026,Sprints,1,0,1,1
11389,Men,2026,Distance,3,2,1,1
11389,Men,2026,Jumps,1,0,1,1
11389,Men,2026,Throws,1,0,1,1
11389,Men,2026,Hurdles,1,0,1,1
27498,Men,2026,Sprints,1,0,1,1
27498,Men,2026,Distance,3,2,1,1
27498,Men,2026,Jumps,1,0,1,1
27498,Men,2026,Throws,1,0,1,1
27498,Men,2026,Hurdles,1,0,1,1
11413,Men,2026,Distance,2,1,1,1
11413,Men,2026,Jumps,1,0,1,1
11413,Men,2026,Throws,1,0,1,1
11413,Men,2026,Hurdles,1,0,1,1
29677,Men,2026,Distance,1,0,1,1
29677,Men,2026,Jumps,1,0,1,1
29677,Men,2026,Throws,1,0,1,1
29677,Men,2026,Hurdles,1,0,1,1
18787,Men,2026,Sprints,1,0,1,1
18787,Men,2026,Distance,5,4,1,2
18787,Men,2026,Jumps,1,0,1,1
18787,Men,2026,Throws,1,0,1,1
18787,Men,2026,Hurdles,1,0,1,1
24835,Men,2026,Distance,2,1,1,1
24835,Men,2026,Jumps,1,0,1,1
24835,Men,2026,Throws,1,0,1,1
24835,Men,2026,Hurdles,1,0,1,1
8008,Men,2026,Distance,1,0,1,1
8008,Men,2026,Jumps,1,0,1,1
8008,Men,2026,Throws,1,0,1,1
8008,Men,2026,Hurdles,1,0,1,1
761,Men,2026,Distance,3,2,1,3
761,Men,2026,Jumps,1,0,1,1
761,Men,2026,Throws,1,0,1,1
761,Men,2026,Hurdles,1,0,1,1
4711,Men,2026,Sprints,1,0,1,1
4711,Men,2026,Distance,4,3,1,3
4711,Men,2026,Jumps,1,0,1,1
4711,Men,2026,Throws,1,0,1,1
4711,Men,2026,Hurdles,1,0,1,1
18319,Men,2026,Sprints,1,0,1,1
18319,Men,2026,Distance,5,4,1,2
18319,Men,2026,Jumps,1,0,1,1
18319,Men,2026,Throws,1,0,1,1
18319,Men,2026,Hurdles,1,0,1,1
19013,Men,2026,Sprints,1,0,1,1
19013,Men,2026,Distance,4,3,1,2
19013,Men,2026,Jumps,1,0,1,1
19013,Men,2026,Throws,1,0,1,1
19013,Men,2026,Hurdles,1,0,1,1
7691,Men,2026,Sprints,1,0,1,1
7691,Men,2026,Distance,3,2,1,1
7691,Men,2026,Jumps,1,0,1,1
7691,Men,2026,Throws,1,0,1,1
7691,Men,2026,Hurdles,1,0,1,1
335,Men,2026,Distance,4,3,1,1
335,Men,2026,Jumps,1,0,1,1
335,Men,2026,Throws,1,0,1,1
335,Men,2026,Hurdles,1,0,1,1
29679,Men,2026,Distance,1,0,1,1
29679,Men,2026,Jumps,1,0,1,1
29679,Men,2026,Throws,1,0,1,1
29679,Men,2026,Hurdles,1,0,1,1
344,Men,2026,Distance,3,2,1,2
344,Men,2026,Jumps,1,0,1,1
344,Men,2026,Throws,1,0,1,1
344,Men,2026,Hurdles,1,0,1,1
420,Men,2026,Sprints,1,0,1,1
420,Men,2026,Distance,3,2,1,2
420,Men,2026,Jumps,1,0,1,1
420,Men,2026,Throws,1,0,1,1
420,Men,2026,Hurdles,1,0,1,1
16,Men,2026,Sprints,1,0,1,1
16,Men,2026,Distance,3,2,1,1
16,Men,2026,Jumps,1,0,1,1
16,Men,2026,Throws,1,0,1,1
16,Men,2026,Hurdles,1,0,1,1
23475,Men,2026,Sprints,1,0,1,1
23475,Men,2026,Distance,2,1,1,1
23475,Men,2026,Jumps,1,0,1,1
23475,Men,2026,Throws,1,0,1,1
23475,Men,2026,Hurdles,1,0,1,1
29839,Men,2026,Sprints,1,0,1,1
29839,Men,2026,Distance,2,1,1,1
29839,Men,2026,Jumps,1,0,1,1
29839,Men,2026,Throws,1,0,1,1
29839,Men,2026,Hurdles,1,0,1,1
27566,Men,2026,Sprints,1,0,1,1
27566,Men,2026,Distance,3,2,1,1
27566,Men,2026,Jumps,1,0,1,1
27566,Men,2026,Throws,1,0,1,1
27566,Men,2026,Hurdles,1,0,1,1
2199,Men,2026,Sprints,1,0,1,1
2199,Men,2026,Distance,1,0,1,1
2199,Men,2026,Jumps,1,0,1,1
2199,Men,2026,Throws,1,0,1,1
2199,Men,2026,Hurdles,1,0,1,1
8059,Men,2026,Sprints,1,0,1,1
8059,Men,2026,Distance,3,2,1,1
8059,Men,2026,Jumps,1,0,1,1
8059,Men,2026,Throws,1,0,1,1
8059,Men,2026,Hurdles,1,0,1,1
4854,Men,2026,Sprints,1,0,1,1
4854,Men,2026,Distance,3,2,1,1
4854,Men,2026,Jumps,1,0,1,1
4854,Men,2026,Throws,1,0,1,1
4854,Men,2026,Hurdles,1,0,1,1
3166,Men,2026,Sprints,1,0,1,1
3166,Men,2026,Distance,1,0,1,1
3166,Men,2026,Jumps,1,0,1,1
3166,Men,2026,Throws,1,0,1,1
3166,Men,2026,Hurdles,1,0,1,1
7641,Men,2026,Sprints,1,0,1,1
7641,Men,2026,Distance,4,3,1,3
7641,Men,2026,Jumps,2,1,1,1
7641,Men,2026,Throws,1,0,1,1
7641,Men,2026,Hurdles,1,0,1,1
29752,Men,2026,Sprints,1,0,1,1
29752,Men,2026,Distance,5,4,1,2
29752,Men,2026,Jumps,1,0,1,1
29752,Men,2026,Throws,1,0,1,1
29752,Men,2026,Hurdles,1,0,1,1
195,Men,2026,Sprints,1,0,1,1
195,Men,2026,Distance,4,3,1,2
195,Men,2026,Jumps,1,0,1,1
195,Men,2026,Throws,1,0,1,1
195,Men,2026,Hurdles,1,0,1,1
31553,Men,2026,Sprints,2,2,0,1
26821,Men,2026,Sprints,1,0,1,1
26821,Men,2026,Distance,4,3,1,2
26821,Men,2026,Jumps,1,0,1,1
26821,Men,2026,Throws,1,0,1,1
26821,Men,2026,Hurdles,1,0,1,1
26817,Men,2026,Sprints,1,0,1,1
26817,Men,2026,Distance,3,2,1,2
26817,Men,2026,Jumps,1,0,1,1
26817,Men,2026,Throws,1,0,1,1
26817,Men,2026,Hurdles,1,0,1,1
26818,Men,2026,Sprints,1,0,1,1
26818,Men,2026,Distance,3,2,1,2
26818,Men,2026,Jumps,1,0,1,1
26818,Men,2026,Throws,1,0,1,1
26818,Men,2026,Hurdles,1,0,1,1
26820,Men,2026,Sprints,1,0,1,1
26820,Men,2026,Distance,3,2,1,2
26820,Men,2026,Jumps,1,0,1,1
26820,Men,2026,Throws,1,0,1,1
26820,Men,2026,Hurdles,1,0,1,1
19498,Men,2026,Distance,1,0,1,1
19498,Men,2026,Jumps,1,0,1,1
19498,Men,2026,Throws,1,0,1,1
19498,Men,2026,Hurdles,1,0,1,1
1323,Men,2026,Sprints,1,0,1,1
1323,Men,2026,Distance,1,0,1,1
1323,Men,2026,Jumps,1,0,1,1
1323,Men,2026,Throws,1,0,1,1
1323,Men,2026,Hurdles,1,0,1,1
1266,Men,2026,Sprints,1,0,1,1
1266,Men,2026,Distance,8,7,1,3
1266,Men,2026,Jumps,1,0,1,1
1266,Men,2026,Throws,1,0,1,1
1266,Men,2026,Hurdles,1,0,1,1
1288,Men,2026,Sprints,1,0,1,1
1288,Men,2026,Distance,7,6,1,2
1288,Men,2026,Jumps,1,0,1,1
1288,Men,2026,Throws,1,0,1,1
1288,Men,2026,Hurdles,1,0,1,1
24610,Men,2026,Sprints,1,1,0,1
3708,Men,2026,Sprints,1,1,0,1
3733,Men,2026,Sprints,1,1,0,1
29990,Men,2026,Sprints,1,1,0,1
31556,Men,2026,Sprints,2,0,2,1
31556,Men,2026,Distance,2,0,2,1
31556,Men,2026,Jumps,2,0,2,1
31556,Men,2026,Throws,2,0,2,1
31556,Men,2026,Hurdles,2,0,2,1
31558,Men,2026,Sprints,2,0,2,1
31558,Men,2026,Distance,2,0,2,1
31558,Men,2026,Jumps,2,0,2,1
31558,Men,2026,Throws,2,0,2,1
31558,Men,2026,Hurdles,2,0,2,1
31557,Men,2026,Sprints,2,0,2,1
31557,Men,2026,Distance,2,0,2,1
31557,Men,2026,Jumps,2,0,2,1
31557,Men,2026,Throws,2,0,2,1
31557,Men,2026,Hurdles,2,0,2,1
31559,Men,2026,Sprints,1,1,0,1
2487,Men,2026,Sprints,2,2,0,1
30044,Men,2026,Sprints,1,1,0,1
3570,Men,2026,Distance,1,0,1,1
3570,Men,2026,Jumps,1,0,1,1
3570,Men,2026,Throws,1,0,1,1
3570,Men,2026,Hurdles,1,0,1,1
382,Men,2026,Sprints,1,0,1,1
382,Men,2026,Distance,4,3,1,2
382,Men,2026,Jumps,1,0,1,1
382,Men,2026,Throws,1,0,1,1
382,Men,2026,Hurdles,1,0,1,1
2289,Men,2026,Sprints,1,0,1,1
2289,Men,2026,Distance,2,1,1,1
2289,Men,2026,Jumps,1,0,1,1
2289,Men,2026,Throws,1,0,1,1
2289,Men,2026,Hurdles,1,0,1,1
8147,Men,2026,Sprints,1,0,1,1
8147,Men,2026,Distance,4,3,1,2
8147,Men,2026,Jumps,1,0,1,1
8147,Men,2026,Throws,1,0,1,1
8147,Men,2026,Hurdles,1,0,1,1
4036,Men,2026,Distance,1,0,1,1
4036,Men,2026,Jumps,2,1,1,1
4036,Men,2026,Throws,1,0,1,1
4036,Men,2026,Hurdles,1,0,1,1
29491,Men,2026,Sprints,1,1,0,1
30402,Men,2026,Distance,1,0,1,1
30402,Men,2026,Jumps,1,0,1,1
30402,Men,2026,Throws,1,0,1,1
30402,Men,2026,Hurdles,1,0,1,1
30826,Men,2026,Distance,1,0,1,1
30826,Men,2026,Jumps,2,1,1,1
30826,Men,2026,Throws,1,0,1,1
30826,Men,2026,Hurdles,1,0,1,1
21472,Men,2026,Sprints,1,0,1,1
21472,Men,2026,Distance,2,1,1,1
21472,Men,2026,Jumps,1,0,1,1
21472,Men,2026,Throws,1,0,1,1
21472,Men,2026,Hurdles,1,0,1,1
25558,Men,2026,Distance,1,0,1,1
25558,Men,2026,Jumps,1,0,1,1
25558,Men,2026,Throws,2,1,1,1
25558,Men,2026,Hurdles,1,0,1,1
24567,Women,2026,Sprints,1,0,1,1
24567,Women,2026,Distance,1,0,1,1
24567,Women,2026,Jumps,8,7,1,4
24567,Women,2026,Throws,1,0,1,1
24567,Women,2026,Hurdles,1,0,1,1
29776,Women,2026,Sprints,1,0,1,1
29776,Women,2026,Distance,1,0,1,1
29776,Women,2026,Jumps,3,2,1,2
29776,Women,2026,Throws,1,0,1,1
29776,Women,2026,Hurdles,1,0,1,1
29455,Women,2026,Sprints,4,1,3,2
29455,Women,2026,Distance,3,0,3,2
29455,Women,2026,Jumps,8,5,3,3
29455,Women,2026,Throws,3,0,3,2
29455,Women,2026,Hurdles,3,0,3,2
24603,Women,2026,Sprints,4,1,3,2
24603,Women,2026,Distance,3,0,3,2
24603,Women,2026,Jumps,3,0,3,2
24603,Women,2026,Throws,3,0,3,2
24603,Women,2026,Hurdles,9,6,3,4
27524,Women,2026,Sprints,4,1,3,3
27524,Women,2026,Distance,8,5,3,3
27524,Women,2026,Jumps,3,0,3,3
27524,Women,2026,Throws,3,0,3,3
27524,Women,2026,Hurdles,3,0,3,3
25349,Women,2026,Sprints,4,2,2,2
25349,Women,2026,Distance,4,2,2,2
25349,Women,2026,Jumps,2,0,2,2
25349,Women,2026,Throws,2,0,2,2
25349,Women,2026,Hurdles,2,0,2,2
24579,Women,2026,Sprints,10,5,5,4
24579,Women,2026,Distance,7,2,5,4
24579,Women,2026,Jumps,5,0,5,3
24579,Women,2026,Throws,5,0,5,3
24579,Women,2026,Hurdles,5,0,5,3
3650,Women,2026,Sprints,9,5,4,3
3650,Women,2026,Distance,4,0,4,3
3650,Women,2026,Jumps,4,0,4,3
3650,Women,2026,Throws,4,0,4,3
3650,Women,2026,Hurdles,4,0,4,3
24572,Women,2026,Sprints,11,10,1,4
24573,Women,2026,Sprints,9,7,2,4
5626,Women,2026,Sprints,2,2,0,2
29998,Women,2026,Sprints,9,8,1,4
29998,Women,2026,Distance,1,0,1,1
29998,Women,2026,Jumps,1,0,1,1
29998,Women,2026,Throws,1,0,1,1
29998,Women,2026,Hurdles,1,0,1,1
29999,Women,2026,Sprints,8,6,2,3
29999,Women,2026,Distance,2,0,2,2
29999,Women,2026,Jumps,2,0,2,2
29999,Women,2026,Throws,2,0,2,2
29999,Women,2026,Hurdles,2,0,2,2
24573,Women,2026,Distance,2,0,2,2
24573,Women,2026,Jumps,2,0,2,2
24573,Women,2026,Throws,2,0,2,2
24573,Women,2026,Hurdles,2,0,2,2
31182,Women,2026,Sprints,8,5,3,3
31183,Women,2026,Sprints,11,7,4,3
31194,Women,2026,Sprints,5,5,0,3
31193,Women,2026,Sprints,11,8,3,3
31184,Women,2026,Sprints,9,6,3,3
31195,Women,2026,Sprints,5,4,1,2
31196,Women,2026,Sprints,2,2,0,2
31182,Women,2026,Distance,3,0,3,3
31182,Women,2026,Jumps,3,0,3,3
31182,Women,2026,Throws,3,0,3,3
31182,Women,2026,Hurdles,6,3,3,3
31183,Women,2026,Distance,4,0,4,3
31183,Women,2026,Jumps,4,0,4,3
31183,Women,2026,Throws,4,0,4,3
31183,Women,2026,Hurdles,4,0,4,3
31184,Women,2026,Distance,3,0,3,3
31184,Women,2026,Jumps,3,0,3,3
31184,Women,2026,Throws,3,0,3,3
31184,Women,2026,Hurdles,3,0,3,3
31193,Women,2026,Distance,3,0,3,3
31193,Women,2026,Jumps,3,0,3,3
31193,Women,2026,Throws,3,0,3,3
31193,Women,2026,Hurdles,3,0,3,3
31095,Women,2026,Sprints,4,4,0,2
31307,Women,2026,Sprints,3,2,1,2
25506,Women,2026,Sprints,6,6,0,3
31238,Women,2026,Sprints,1,1,0,1
31239,Women,2026,Sprints,1,1,0,1
31243,Women,2026,Sprints,4,4,0,2
30151,Women,2026,Sprints,2,2,0,1
30152,Women,2026,Sprints,1,1,0,1
20419,Women,2026,Sprints,1,1,0,1
31265,Women,2026,Sprints,2,2,0,1
30104,Women,2026,Sprints,1,0,1,1
30104,Women,2026,Distance,1,0,1,1
30104,Women,2026,Jumps,1,0,1,1
30104,Women,2026,Throws,2,1,1,1
30104,Women,2026,Hurdles,1,0,1,1
18959,Women,2026,Sprints,2,0,2,1
18959,Women,2026,Distance,2,0,2,1
18959,Women,2026,Jumps,2,0,2,1
18959,Women,2026,Throws,2,0,2,1
18959,Women,2026,Hurdles,2,0,2,1
2722,Women,2026,Sprints,2,0,2,1
2722,Women,2026,Distance,2,0,2,1
2722,Women,2026,Jumps,2,0,2,1
2722,Women,2026,Throws,2,0,2,1
2722,Women,2026,Hurdles,2,0,2,1
30371,Women,2026,Sprints,2,1,1,1
30371,Women,2026,Distance,1,0,1,1
30371,Women,2026,Jumps,1,0,1,1
30371,Women,2026,Throws,1,0,1,1
30371,Women,2026,Hurdles,1,0,1,1
648,Women,2026,Sprints,5,1,4,3
648,Women,2026,Distance,8,4,4,3
648,Women,2026,Jumps,6,2,4,3
648,Women,2026,Throws,4,0,4,3
648,Women,2026,Hurdles,4,0,4,3
4285,Women,2026,Sprints,7,2,5,3
4285,Women,2026,Distance,6,1,5,3
4285,Women,2026,Jumps,5,0,5,3
4285,Women,2026,Throws,5,0,5,3
4285,Women,2026,Hurdles,5,0,5,3
4267,Women,2026,Sprints,8,3,5,3
4267,Women,2026,Distance,5,0,5,3
4267,Women,2026,Jumps,5,0,5,3
4267,Women,2026,Throws,5,0,5,3
4267,Women,2026,Hurdles,5,0,5,3
650,Women,2026,Sprints,1,0,1,1
650,Women,2026,Distance,2,1,1,1
650,Women,2026,Jumps,1,0,1,1
650,Women,2026,Throws,1,0,1,1
650,Women,2026,Hurdles,1,0,1,1
27875,Women,2026,Sprints,2,1,1,1
27875,Women,2026,Distance,2,1,1,1
27875,Women,2026,Jumps,1,0,1,1
27875,Women,2026,Throws,1,0,1,1
27875,Women,2026,Hurdles,1,0,1,1
30981,Women,2026,Sprints,1,0,1,1
30981,Women,2026,Distance,2,1,1,1
30981,Women,2026,Jumps,1,0,1,1
30981,Women,2026,Throws,1,0,1,1
30981,Women,2026,Hurdles,1,0,1,1
31264,Women,2026,Sprints,1,1,0,1
30370,Women,2026,Sprints,1,1,0,1
4553,Women,2026,Sprints,3,2,1,2
4553,Women,2026,Distance,1,0,1,1
4553,Women,2026,Jumps,1,0,1,1
4553,Women,2026,Throws,1,0,1,1
4553,Women,2026,Hurdles,1,0,1,1
31072,Women,2026,Sprints,4,3,1,3
31072,Women,2026,Distance,1,0,1,1
31072,Women,2026,Jumps,3,2,1,3
31072,Women,2026,Throws,1,0,1,1
31072,Women,2026,Hurdles,1,0,1,1
7945,Women,2026,Sprints,4,3,1,2
7945,Women,2026,Distance,3,2,1,2
7945,Women,2026,Jumps,3,2,1,2
7945,Women,2026,Throws,3,2,1,2
7945,Women,2026,Hurdles,2,1,1,2
490,Women,2026,Sprints,1,0,1,1
490,Women,2026,Distance,3,2,1,3
490,Women,2026,Jumps,1,0,1,1
490,Women,2026,Throws,1,0,1,1
490,Women,2026,Hurdles,1,0,1,1
29717,Women,2026,Sprints,1,0,1,1
29717,Women,2026,Distance,1,0,1,1
29717,Women,2026,Jumps,1,0,1,1
29717,Women,2026,Throws,1,0,1,1
29717,Women,2026,Hurdles,1,0,1,1
18937,Women,2026,Sprints,1,0,1,1
18937,Women,2026,Distance,4,3,1,2
18937,Women,2026,Jumps,1,0,1,1
18937,Women,2026,Throws,1,0,1,1
18937,Women,2026,Hurdles,1,0,1,1
573,Women,2026,Sprints,1,0,1,1
573,Women,2026,Distance,1,0,1,1
573,Women,2026,Jumps,1,0,1,1
573,Women,2026,Throws,1,0,1,1
573,Women,2026,Hurdles,1,0,1,1
18935,Women,2026,Sprints,1,0,1,1
18935,Women,2026,Distance,1,0,1,1
18935,Women,2026,Jumps,1,0,1,1
18935,Women,2026,Throws,1,0,1,1
18935,Women,2026,Hurdles,1,0,1,1
24936,Women,2026,Sprints,3,2,1,2
24936,Women,2026,Distance,1,0,1,1
24936,Women,2026,Jumps,1,0,1,1
24936,Women,2026,Throws,1,0,1,1
24936,Women,2026,Hurdles,1,0,1,1
26823,Women,2026,Sprints,2,1,1,2
26823,Women,2026,Distance,4,3,1,3
26823,Women,2026,Jumps,1,0,1,1
26823,Women,2026,Throws,1,0,1,1
26823,Women,2026,Hurdles,1,0,1,1
29758,Women,2026,Sprints,1,0,1,1
29758,Women,2026,Distance,1,0,1,1
29758,Women,2026,Jumps,1,0,1,1
29758,Women,2026,Throws,1,0,1,1
29758,Women,2026,Hurdles,5,4,1,2
29761,Women,2026,Sprints,1,0,1,1
29761,Women,2026,Distance,1,0,1,1
29761,Women,2026,Jumps,3,2,1,2
29761,Women,2026,Throws,1,0,1,1
29761,Women,2026,Hurdles,1,0,1,1
7706,Women,2026,Sprints,1,0,1,1
7706,Women,2026,Distance,3,2,1,2
7706,Women,2026,Jumps,1,0,1,1
7706,Women,2026,Throws,1,0,1,1
7706,Women,2026,Hurdles,1,0,1,1
1484,Women,2026,Sprints,1,0,1,1
1484,Women,2026,Distance,2,1,1,1
1484,Women,2026,Jumps,1,0,1,1
1484,Women,2026,Throws,1,0,1,1
1484,Women,2026,Hurdles,1,0,1,1
7711,Women,2026,Sprints,1,0,1,1
7711,Women,2026,Distance,2,1,1,1
7711,Women,2026,Jumps,1,0,1,1
7711,Women,2026,Throws,1,0,1,1
7711,Women,2026,Hurdles,1,0,1,1
26832,Women,2026,Sprints,2,1,1,1
26832,Women,2026,Distance,1,0,1,1
26832,Women,2026,Jumps,1,0,1,1
26832,Women,2026,Throws,1,0,1,1
26832,Women,2026,Hurdles,1,0,1,1
29790,Women,2026,Sprints,12,9,3,5
26228,Women,2026,Sprints,4,3,1,3
3581,Women,2026,Sprints,8,7,1,4
31294,Women,2026,Sprints,5,3,2,3
29861,Women,2026,Sprints,6,4,2,4
26826,Women,2026,Sprints,3,3,0,2
29791,Women,2026,Sprints,14,11,3,6
5679,Women,2026,Sprints,2,2,0,1
28273,Women,2026,Sprints,1,1,0,1
31074,Women,2026,Sprints,2,2,0,2
31295,Women,2026,Sprints,3,3,0,2
27072,Women,2026,Sprints,4,4,0,2
29997,Women,2026,Sprints,2,2,0,2
27936,Women,2026,Sprints,4,3,1,3
24465,Women,2026,Sprints,4,4,0,3
28513,Women,2026,Sprints,2,2,0,2
30388,Women,2026,Sprints,6,4,2,2
30388,Women,2026,Distance,2,0,2,2
30388,Women,2026,Jumps,2,0,2,2
30388,Women,2026,Throws,2,0,2,2
30388,Women,2026,Hurdles,2,0,2,2
638,Women,2026,Sprints,2,0,2,1
638,Women,2026,Distance,7,5,2,3
638,Women,2026,Jumps,2,0,2,1
638,Women,2026,Throws,2,0,2,1
638,Women,2026,Hurdles,2,0,2,1
29845,Women,2026,Sprints,3,0,3,2
29845,Women,2026,Distance,3,0,3,2
29845,Women,2026,Jumps,7,4,3,3
29845,Women,2026,Throws,3,0,3,2
29845,Women,2026,Hurdles,5,2,3,3
25022,Women,2026,Sprints,5,3,2,2
25022,Women,2026,Distance,5,3,2,3
25022,Women,2026,Jumps,2,0,2,2
25022,Women,2026,Throws,2,0,2,2
25022,Women,2026,Hurdles,3,1,2,2
29861,Women,2026,Distance,2,0,2,2
29861,Women,2026,Jumps,5,3,2,3
29861,Women,2026,Throws,2,0,2,2
29861,Women,2026,Hurdles,2,0,2,2
29790,Women,2026,Distance,3,0,3,2
29790,Women,2026,Jumps,3,0,3,2
29790,Women,2026,Throws,3,0,3,2
29790,Women,2026,Hurdles,3,0,3,2
31294,Women,2026,Distance,2,0,2,2
31294,Women,2026,Jumps,2,0,2,2
31294,Women,2026,Throws,2,0,2,2
31294,Women,2026,Hurdles,2,0,2,2
29791,Women,2026,Distance,3,0,3,2
29791,Women,2026,Jumps,3,0,3,2
29791,Women,2026,Throws,3,0,3,2
29791,Women,2026,Hurdles,3,0,3,2
1478,Women,2026,Sprints,4,2,2,1
1478,Women,2026,Distance,2,0,2,1
1478,Women,2026,Jumps,3,1,2,1
1478,Women,2026,Throws,2,0,2,1
1478,Women,2026,Hurdles,2,0,2,1
30302,Women,2026,Sprints,2,0,2,1
30302,Women,2026,Distance,2,0,2,1
30302,Women,2026,Jumps,2,0,2,1
30302,Women,2026,Throws,2,0,2,1
30302,Women,2026,Hurdles,3,1,2,1
31298,Women,2026,Sprints,2,0,2,1
31298,Women,2026,Distance,2,0,2,1
31298,Women,2026,Jumps,2,0,2,1
31298,Women,2026,Throws,2,0,2,1
31298,Women,2026,Hurdles,3,1,2,1
11470,Women,2026,Sprints,2,0,2,1
11470,Women,2026,Distance,3,1,2,1
11470,Women,2026,Jumps,2,0,2,1
11470,Women,2026,Throws,2,0,2,1
11470,Women,2026,Hurdles,2,0,2,1
11458,Women,2026,Sprints,1,0,1,1
11458,Women,2026,Distance,2,1,1,1
11458,Women,2026,Jumps,1,0,1,1
11458,Women,2026,Throws,1,0,1,1
11458,Women,2026,Hurdles,1,0,1,1
27900,Women,2026,Sprints,1,0,1,1
27900,Women,2026,Distance,2,1,1,1
27900,Women,2026,Jumps,1,0,1,1
27900,Women,2026,Throws,1,0,1,1
27900,Women,2026,Hurdles,1,0,1,1
19366,Women,2026,Sprints,1,0,1,1
19366,Women,2026,Distance,2,1,1,1
19366,Women,2026,Jumps,1,0,1,1
19366,Women,2026,Throws,1,0,1,1
19366,Women,2026,Hurdles,1,0,1,1
24411,Women,2026,Sprints,11,8,3,3
31412,Women,2026,Sprints,1,0,1,1
31412,Women,2026,Distance,1,0,1,1
31412,Women,2026,Jumps,1,0,1,1
31412,Women,2026,Throws,1,0,1,1
31412,Women,2026,Hurdles,1,0,1,1
29706,Women,2026,Sprints,1,1,0,1
24829,Women,2026,Sprints,5,4,1,2
24623,Women,2026,Sprints,3,3,0,1
3938,Women,2026,Sprints,1,1,0,1
24717,Women,2026,Sprints,4,4,0,2
27897,Women,2026,Sprints,4,4,0,2
29844,Women,2026,Sprints,2,1,1,1
30115,Women,2026,Sprints,4,4,0,2
24739,Women,2026,Sprints,5,5,0,3
31296,Women,2026,Sprints,2,2,0,1
29847,Women,2026,Sprints,8,5,3,3
28272,Women,2026,Sprints,1,1,0,1
29844,Women,2026,Distance,1,0,1,1
29844,Women,2026,Jumps,1,0,1,1
29844,Women,2026,Throws,1,0,1,1
29844,Women,2026,Hurdles,1,0,1,1
31299,Women,2026,Sprints,3,0,3,2
31299,Women,2026,Distance,3,0,3,2
31299,Women,2026,Jumps,3,0,3,2
31299,Women,2026,Throws,3,0,3,2
31299,Women,2026,Hurdles,8,5,3,3
26193,Women,2026,Sprints,8,5,3,3
26193,Women,2026,Distance,3,0,3,2
26193,Women,2026,Jumps,3,0,3,2
26193,Women,2026,Throws,3,0,3,2
26193,Women,2026,Hurdles,3,0,3,2
29847,Women,2026,Distance,3,0,3,2
29847,Women,2026,Jumps,3,0,3,2
29847,Women,2026,Throws,3,0,3,2
29847,Women,2026,Hurdles,3,0,3,2
30306,Women,2026,Sprints,1,0,1,1
30306,Women,2026,Distance,2,1,1,1
30306,Women,2026,Jumps,1,0,1,1
30306,Women,2026,Throws,1,0,1,1
30306,Women,2026,Hurdles,1,0,1,1
31301,Women,2026,Sprints,2,1,1,2
31301,Women,2026,Distance,2,1,1,2
31301,Women,2026,Jumps,1,0,1,1
31301,Women,2026,Throws,1,0,1,1
31301,Women,2026,Hurdles,1,0,1,1
27228,Women,2026,Sprints,1,0,1,1
27228,Women,2026,Distance,4,3,1,3
27228,Women,2026,Jumps,1,0,1,1
27228,Women,2026,Throws,1,0,1,1
27228,Women,2026,Hurdles,1,0,1,1
647,Women,2026,Sprints,1,0,1,1
647,Women,2026,Distance,4,3,1,3
647,Women,2026,Jumps,1,0,1,1
647,Women,2026,Throws,1,0,1,1
647,Women,2026,Hurdles,1,0,1,1
29881,Women,2026,Sprints,3,3,0,2
31416,Women,2026,Sprints,1,1,0,1
24727,Women,2026,Sprints,2,2,0,2
26940,Women,2026,Sprints,2,1,1,2
24625,Women,2026,Sprints,5,4,1,2
31413,Women,2026,Sprints,1,0,1,1
31413,Women,2026,Distance,1,0,1,1
31413,Women,2026,Jumps,1,0,1,1
31413,Women,2026,Throws,1,0,1,1
31413,Women,2026,Hurdles,1,0,1,1
29450,Women,2026,Sprints,5,3,2,3
4740,Women,2026,Sprints,2,2,0,2
31187,Women,2026,Sprints,3,1,2,2
31197,Women,2026,Sprints,4,3,1,2
31066,Women,2026,Sprints,5,5,0,3
31213,Women,2026,Sprints,1,1,0,1
31185,Women,2026,Sprints,1,1,0,1
31310,Women,2026,Sprints,1,1,0,1
31187,Women,2026,Distance,2,0,2,2
31187,Women,2026,Jumps,2,0,2,2
31187,Women,2026,Throws,2,0,2,2
31187,Women,2026,Hurdles,2,0,2,2
31197,Women,2026,Distance,3,2,1,3
31197,Women,2026,Jumps,1,0,1,1
31197,Women,2026,Throws,1,0,1,1
31197,Women,2026,Hurdles,1,0,1,1
31307,Women,2026,Distance,1,0,1,1
31307,Women,2026,Jumps,1,0,1,1
31307,Women,2026,Throws,1,0,1,1
31307,Women,2026,Hurdles,1,0,1,1
31186,Women,2026,Sprints,1,0,1,1
31186,Women,2026,Distance,1,0,1,1
31186,Women,2026,Jumps,1,0,1,1
31186,Women,2026,Throws,1,0,1,1
31186,Women,2026,Hurdles,1,0,1,1
29454,Women,2026,Sprints,4,2,2,2
26154,Women,2026,Sprints,5,4,1,2
24602,Women,2026,Sprints,8,7,1,3
31457,Women,2026,Sprints,5,4,1,2
26949,Women,2026,Sprints,1,0,1,1
26949,Women,2026,Distance,5,4,1,2
26949,Women,2026,Jumps,1,0,1,1
26949,Women,2026,Throws,1,0,1,1
26949,Women,2026,Hurdles,1,0,1,1
1966,Women,2026,Sprints,2,0,2,2
1966,Women,2026,Distance,4,2,2,2
1966,Women,2026,Jumps,2,0,2,2
1966,Women,2026,Throws,2,0,2,2
1966,Women,2026,Hurdles,2,0,2,2
27262,Women,2026,Sprints,1,0,1,1
27262,Women,2026,Distance,6,5,1,2
27262,Women,2026,Jumps,1,0,1,1
27262,Women,2026,Throws,1,0,1,1
27262,Women,2026,Hurdles,1,0,1,1
1948,Women,2026,Sprints,1,0,1,1
1948,Women,2026,Distance,4,3,1,2
1948,Women,2026,Jumps,1,0,1,1
1948,Women,2026,Throws,1,0,1,1
1948,Women,2026,Hurdles,1,0,1,1
22369,Women,2026,Sprints,3,0,3,2
22369,Women,2026,Distance,3,0,3,2
22369,Women,2026,Jumps,3,0,3,2
22369,Women,2026,Throws,3,0,3,2
22369,Women,2026,Hurdles,4,1,3,2
31321,Women,2026,Sprints,2,1,1,2
31321,Women,2026,Distance,1,0,1,1
31321,Women,2026,Jumps,1,0,1,1
31321,Women,2026,Throws,1,0,1,1
31321,Women,2026,Hurdles,1,0,1,1
27527,Women,2026,Sprints,1,0,1,1
27527,Women,2026,Distance,1,0,1,1
27527,Women,2026,Jumps,1,0,1,1
27527,Women,2026,Throws,1,0,1,1
27527,Women,2026,Hurdles,1,0,1,1
29712,Women,2026,Sprints,2,0,2,2
29712,Women,2026,Distance,7,5,2,3
29712,Women,2026,Jumps,2,0,2,2
29712,Women,2026,Throws,2,0,2,2
29712,Women,2026,Hurdles,2,0,2,2
29451,Women,2026,Sprints,2,0,2,2
29451,Women,2026,Distance,2,0,2,2
29451,Women,2026,Jumps,2,0,2,2
29451,Women,2026,Throws,2,0,2,2
29451,Women,2026,Hurdles,10,8,2,4
29450,Women,2026,Distance,2,0,2,2
29450,Women,2026,Jumps,2,0,2,2
29450,Women,2026,Throws,2,0,2,2
29450,Women,2026,Hurdles,2,0,2,2
29756,Women,2026,Sprints,1,1,0,1
30076,Women,2026,Sprints,4,3,1,2
24411,Women,2026,Distance,3,0,3,2
24411,Women,2026,Jumps,8,5,3,3
24411,Women,2026,Throws,5,2,3,3
24411,Women,2026,Hurdles,3,0,3,2
26946,Women,2026,Sprints,2,0,2,2
26946,Women,2026,Distance,8,6,2,4
26946,Women,2026,Jumps,2,0,2,2
26946,Women,2026,Throws,2,0,2,2
26946,Women,2026,Hurdles,2,0,2,2
26947,Women,2026,Sprints,4,1,3,2
26947,Women,2026,Distance,8,5,3,3
26947,Women,2026,Jumps,3,0,3,2
26947,Women,2026,Throws,3,0,3,2
26947,Women,2026,Hurdles,3,0,3,2
1945,Women,2026,Sprints,4,1,3,2
1945,Women,2026,Distance,7,4,3,4
1945,Women,2026,Jumps,3,0,3,2
1945,Women,2026,Throws,3,0,3,2
1945,Women,2026,Hurdles,3,0,3,2
29777,Women,2026,Sprints,4,3,1,2
29644,Women,2026,Sprints,9,8,1,2
29488,Women,2026,Sprints,4,4,0,2
31472,Women,2026,Sprints,3,2,1,1
25883,Women,2026,Sprints,3,2,1,1
3933,Women,2026,Sprints,3,2,1,1
24626,Women,2026,Sprints,2,1,1,1
29489,Women,2026,Sprints,2,1,1,1
29439,Women,2026,Sprints,4,2,2,1
4225,Women,2026,Sprints,2,1,1,1
3649,Women,2026,Sprints,2,1,1,1
25153,Women,2026,Sprints,4,4,0,2
31069,Women,2026,Sprints,2,2,0,1
26127,Women,2026,Sprints,2,2,0,1
31073,Women,2026,Sprints,2,2,0,1
25467,Women,2026,Sprints,1,1,0,1
26135,Women,2026,Sprints,1,1,0,1
31070,Women,2026,Sprints,2,2,0,1
31076,Women,2026,Sprints,1,1,0,1
31077,Women,2026,Sprints,1,1,0,1
31068,Women,2026,Sprints,3,3,0,1
31067,Women,2026,Sprints,1,1,0,1
31071,Women,2026,Sprints,3,3,0,1
31075,Women,2026,Sprints,1,1,0,1
31078,Women,2026,Sprints,1,1,0,1
31089,Women,2026,Sprints,1,1,0,1
28778,Women,2026,Sprints,1,1,0,1
31100,Women,2026,Sprints,6,3,3,2
17920,Women,2026,Sprints,2,2,0,1
31100,Women,2026,Distance,3,0,3,2
31100,Women,2026,Jumps,3,0,3,2
31100,Women,2026,Throws,3,0,3,2
31100,Women,2026,Hurdles,5,2,3,2
576,Women,2026,Sprints,2,0,2,1
576,Women,2026,Distance,4,2,2,1
576,Women,2026,Jumps,2,0,2,1
576,Women,2026,Throws,2,0,2,1
576,Women,2026,Hurdles,2,0,2,1
4266,Women,2026,Sprints,5,3,2,2
30965,Women,2026,Sprints,5,4,1,2
30000,Women,2026,Sprints,5,4,1,2
23908,Women,2026,Sprints,4,3,1,2
29593,Women,2026,Sprints,1,1,0,1
29591,Women,2026,Sprints,4,3,1,2
4270,Women,2026,Sprints,5,4,1,2
30000,Women,2026,Distance,1,0,1,1
30000,Women,2026,Jumps,1,0,1,1
30000,Women,2026,Throws,1,0,1,1
30000,Women,2026,Hurdles,1,0,1,1
23908,Women,2026,Distance,1,0,1,1
23908,Women,2026,Jumps,1,0,1,1
23908,Women,2026,Throws,1,0,1,1
23908,Women,2026,Hurdles,1,0,1,1
4264,Women,2026,Sprints,1,0,1,1
4264,Women,2026,Distance,1,0,1,1
4264,Women,2026,Jumps,3,2,1,1
4264,Women,2026,Throws,1,0,1,1
4264,Women,2026,Hurdles,1,0,1,1
3652,Women,2026,Sprints,1,0,1,1
3652,Women,2026,Distance,1,0,1,1
3652,Women,2026,Jumps,1,0,1,1
3652,Women,2026,Throws,1,0,1,1
3652,Women,2026,Hurdles,5,4,1,2
30991,Women,2026,Sprints,2,1,1,1
30967,Women,2026,Sprints,1,1,0,1
29592,Women,2026,Sprints,1,1,0,1
27941,Women,2026,Sprints,1,1,0,1
4270,Women,2026,Distance,1,0,1,1
4270,Women,2026,Jumps,1,0,1,1
4270,Women,2026,Throws,1,0,1,1
4270,Women,2026,Hurdles,1,0,1,1
30991,Women,2026,Distance,1,0,1,1
30991,Women,2026,Jumps,2,1,1,1
30991,Women,2026,Throws,1,0,1,1
30991,Women,2026,Hurdles,1,0,1,1
29591,Women,2026,Distance,1,0,1,1
29591,Women,2026,Jumps,1,0,1,1
29591,Women,2026,Throws,1,0,1,1
29591,Women,2026,Hurdles,1,0,1,1
30965,Women,2026,Distance,1,0,1,1
30965,Women,2026,Jumps,1,0,1,1
30965,Women,2026,Throws,1,0,1,1
30965,Women,2026,Hurdles,1,0,1,1
30957,Women,2026,Sprints,1,0,1,1
30957,Women,2026,Distance,3,2,1,2
30957,Women,2026,Jumps,1,0,1,1
30957,Women,2026,Throws,1,0,1,1
30957,Women,2026,Hurdles,1,0,1,1
16160,Women,2026,Sprints,1,0,1,1
16160,Women,2026,Distance,3,2,1,2
16160,Women,2026,Jumps,1,0,1,1
16160,Women,2026,Throws,1,0,1,1
16160,Women,2026,Hurdles,1,0,1,1
27191,Women,2026,Sprints,1,0,1,1
27191,Women,2026,Distance,4,3,1,2
27191,Women,2026,Jumps,1,0,1,1
27191,Women,2026,Throws,1,0,1,1
27191,Women,2026,Hurdles,1,0,1,1
30035,Women,2026,Sprints,1,0,1,1
30035,Women,2026,Distance,3,2,1,2
30035,Women,2026,Jumps,1,0,1,1
30035,Women,2026,Throws,1,0,1,1
30035,Women,2026,Hurdles,1,0,1,1
31304,Women,2026,Sprints,2,2,0,2
11364,Women,2026,Sprints,1,0,1,1
11364,Women,2026,Distance,4,3,1,2
11364,Women,2026,Jumps,1,0,1,1
11364,Women,2026,Throws,1,0,1,1
11364,Women,2026,Hurdles,1,0,1,1
1008,Women,2026,Sprints,1,0,1,1
1008,Women,2026,Distance,3,2,1,1
1008,Women,2026,Jumps,1,0,1,1
1008,Women,2026,Throws,1,0,1,1
1008,Women,2026,Hurdles,1,0,1,1
4266,Women,2026,Distance,2,0,2,2
4266,Women,2026,Jumps,2,0,2,2
4266,Women,2026,Throws,2,0,2,2
4266,Women,2026,Hurdles,2,0,2,2
31359,Women,2026,Sprints,1,0,1,1
31359,Women,2026,Distance,1,0,1,1
31359,Women,2026,Jumps,1,0,1,1
31359,Women,2026,Throws,1,0,1,1
31359,Women,2026,Hurdles,1,0,1,1
31357,Women,2026,Sprints,1,0,1,1
31357,Women,2026,Distance,1,0,1,1
31357,Women,2026,Jumps,1,0,1,1
31357,Women,2026,Throws,1,0,1,1
31357,Women,2026,Hurdles,2,1,1,1
3977,Women,2026,Sprints,3,1,2,2
3977,Women,2026,Distance,4,2,2,2
3977,Women,2026,Jumps,2,0,2,2
3977,Women,2026,Throws,2,0,2,2
3977,Women,2026,Hurdles,4,2,2,2
27627,Women,2026,Sprints,2,0,2,2
27627,Women,2026,Distance,7,5,2,2
27627,Women,2026,Jumps,2,0,2,2
27627,Women,2026,Throws,2,0,2,2
27627,Women,2026,Hurdles,2,0,2,2
4094,Women,2026,Sprints,2,0,2,2
4094,Women,2026,Distance,6,4,2,2
4094,Women,2026,Jumps,3,1,2,2
4094,Women,2026,Throws,2,0,2,2
4094,Women,2026,Hurdles,2,0,2,2
8125,Women,2026,Sprints,1,0,1,1
8125,Women,2026,Distance,4,3,1,2
8125,Women,2026,Jumps,1,0,1,1
8125,Women,2026,Throws,1,0,1,1
8125,Women,2026,Hurdles,1,0,1,1
30384,Women,2026,Sprints,7,5,2,2
31363,Women,2026,Sprints,2,2,0,1
3981,Women,2026,Sprints,1,1,0,1
24687,Women,2026,Sprints,9,8,1,2
30375,Women,2026,Sprints,1,1,0,1
30376,Women,2026,Sprints,2,0,2,2
30376,Women,2026,Distance,2,0,2,2
30376,Women,2026,Jumps,2,0,2,2
30376,Women,2026,Throws,2,0,2,2
30376,Women,2026,Hurdles,4,2,2,2
31365,Women,2026,Sprints,1,0,1,1
31365,Women,2026,Distance,1,0,1,1
31365,Women,2026,Jumps,1,0,1,1
31365,Women,2026,Throws,1,0,1,1
31365,Women,2026,Hurdles,3,2,1,2
31364,Women,2026,Sprints,2,0,2,2
31364,Women,2026,Distance,2,0,2,2
31364,Women,2026,Jumps,2,0,2,2
31364,Women,2026,Throws,2,0,2,2
31364,Women,2026,Hurdles,4,2,2,2
30384,Women,2026,Distance,2,0,2,2
30384,Women,2026,Jumps,2,0,2,2
30384,Women,2026,Throws,2,0,2,2
30384,Women,2026,Hurdles,2,0,2,2
31156,Women,2026,Sprints,2,2,0,1
29574,Women,2026,Sprints,6,4,2,1
3753,Women,2026,Sprints,4,3,1,1
24946,Women,2026,Sprints,3,1,2,1
27622,Women,2026,Sprints,2,2,0,1
25136,Women,2026,Sprints,3,2,1,1
30383,Women,2026,Sprints,3,2,1,1
24679,Women,2026,Sprints,4,2,2,1
29743,Women,2026,Sprints,3,2,1,1
4105,Women,2026,Sprints,4,2,2,1
29733,Women,2026,Sprints,3,2,1,1
4243,Women,2026,Sprints,3,2,1,1
24619,Women,2026,Sprints,3,2,1,1
24680,Women,2026,Sprints,4,2,2,1
24989,Women,2026,Sprints,2,2,0,1
4645,Women,2026,Sprints,2,2,0,1
29822,Women,2026,Sprints,3,2,1,1
26501,Women,2026,Sprints,2,2,0,1
18741,Women,2026,Sprints,1,1,0,1
3966,Women,2026,Sprints,2,1,1,1
29759,Women,2026,Sprints,2,2,0,1
24689,Women,2026,Sprints,4,2,2,1
31489,Women,2026,Sprints,1,1,0,1
25060,Women,2026,Sprints,2,2,0,1
25620,Women,2026,Sprints,5,3,2,1
31497,Women,2026,Sprints,1,1,0,1
23567,Women,2026,Sprints,2,2,0,1
28836,Women,2026,Sprints,2,2,0,1
5198,Women,2026,Sprints,2,2,0,1
3368,Women,2026,Sprints,2,1,1,1
29884,Women,2026,Sprints,2,2,0,1
28815,Women,2026,Sprints,3,2,1,1
29609,Women,2026,Sprints,3,2,1,1
24419,Women,2026,Sprints,2,2,0,1
3894,Women,2026,Sprints,4,2,2,1
29690,Women,2026,Sprints,2,2,0,1
31495,Women,2026,Sprints,3,2,1,1
24943,Women,2026,Sprints,2,2,0,1
30067,Women,2026,Sprints,2,1,1,1
24682,Women,2026,Sprints,3,2,1,1
24531,Women,2026,Sprints,2,2,0,1
31474,Women,2026,Sprints,3,2,1,1
5188,Women,2026,Sprints,2,2,0,1
31496,Women,2026,Sprints,3,2,1,1
25624,Women,2026,Sprints,1,1,0,1
27159,Women,2026,Sprints,3,2,1,1
4092,Women,2026,Sprints,5,3,2,1
29301,Women,2026,Sprints,2,2,0,1
3525,Women,2026,Sprints,2,2,0,1
253,Women,2026,Sprints,2,1,1,1
31473,Women,2026,Sprints,1,1,0,1
24725,Women,2026,Sprints,1,1,0,1
25003,Women,2026,Sprints,1,1,0,1
24624,Women,2026,Sprints,1,1,0,1
31160,Women,2026,Sprints,2,1,1,1
29710,Women,2026,Sprints,2,1,1,1
29637,Women,2026,Sprints,1,1,0,1
25278,Women,2026,Sprints,1,1,0,1
3566,Women,2026,Sprints,1,1,0,1
31475,Women,2026,Sprints,1,1,0,1
31202,Women,2026,Sprints,2,1,1,1
3504,Women,2026,Sprints,2,1,1,1
31517,Women,2026,Sprints,2,1,1,1
3975,Women,2026,Sprints,2,1,1,1
26196,Women,2026,Sprints,1,1,0,1
24949,Women,2026,Sprints,4,3,1,2
27617,Women,2026,Sprints,2,1,1,1
31162,Women,2026,Sprints,2,1,1,1
24364,Women,2026,Sprints,2,1,1,1
27605,Women,2026,Sprints,2,1,1,1
31518,Women,2026,Sprints,2,1,1,1
25294,Women,2026,Sprints,2,1,1,1
4492,Women,2026,Sprints,1,1,0,1
27621,Women,2026,Sprints,2,1,1,1
1776,Women,2026,Sprints,1,1,0,1
25295,Women,2026,Sprints,1,1,0,1
305,Women,2026,Sprints,1,1,0,1
24572,Women,2026,Distance,1,0,1,1
24572,Women,2026,Jumps,1,0,1,1
24572,Women,2026,Throws,1,0,1,1
24572,Women,2026,Hurdles,1,0,1,1
29454,Women,2026,Distance,2,0,2,1
29454,Women,2026,Jumps,2,0,2,1
29454,Women,2026,Throws,2,0,2,1
29454,Women,2026,Hurdles,6,4,2,3
29777,Women,2026,Distance,1,0,1,1
29777,Women,2026,Jumps,1,0,1,1
29777,Women,2026,Throws,1,0,1,1
29777,Women,2026,Hurdles,1,0,1,1
29644,Women,2026,Distance,1,0,1,1
29644,Women,2026,Jumps,1,0,1,1
29644,Women,2026,Throws,1,0,1,1
29644,Women,2026,Hurdles,1,0,1,1
29733,Women,2026,Distance,1,0,1,1
29733,Women,2026,Jumps,1,0,1,1
29733,Women,2026,Throws,1,0,1,1
29733,Women,2026,Hurdles,1,0,1,1
3753,Women,2026,Distance,1,0,1,1
3753,Women,2026,Jumps,1,0,1,1
3753,Women,2026,Throws,1,0,1,1
3753,Women,2026,Hurdles,1,0,1,1
24679,Women,2026,Distance,2,0,2,1
24679,Women,2026,Jumps,2,0,2,1
24679,Women,2026,Throws,2,0,2,1
24679,Women,2026,Hurdles,3,1,2,1
25136,Women,2026,Distance,1,0,1,1
25136,Women,2026,Jumps,1,0,1,1
25136,Women,2026,Throws,1,0,1,1
25136,Women,2026,Hurdles,1,0,1,1
24680,Women,2026,Distance,2,0,2,1
24680,Women,2026,Jumps,2,0,2,1
24680,Women,2026,Throws,2,0,2,1
24680,Women,2026,Hurdles,2,0,2,1
29743,Women,2026,Distance,1,0,1,1
29743,Women,2026,Jumps,1,0,1,1
29743,Women,2026,Throws,1,0,1,1
29743,Women,2026,Hurdles,1,0,1,1
26154,Women,2026,Distance,1,0,1,1
26154,Women,2026,Jumps,1,0,1,1
26154,Women,2026,Throws,1,0,1,1
26154,Women,2026,Hurdles,1,0,1,1
3649,Women,2026,Distance,1,0,1,1
3649,Women,2026,Jumps,1,0,1,1
3649,Women,2026,Throws,2,1,1,2
3649,Women,2026,Hurdles,1,0,1,1
25609,Women,2026,Sprints,2,0,2,1
25609,Women,2026,Distance,3,1,2,1
25609,Women,2026,Jumps,2,0,2,1
25609,Women,2026,Throws,2,0,2,1
25609,Women,2026,Hurdles,2,0,2,1
3894,Women,2026,Distance,2,0,2,1
3894,Women,2026,Jumps,2,0,2,1
3894,Women,2026,Throws,2,0,2,1
3894,Women,2026,Hurdles,2,0,2,1
30383,Women,2026,Distance,1,0,1,1
30383,Women,2026,Jumps,1,0,1,1
30383,Women,2026,Throws,1,0,1,1
30383,Women,2026,Hurdles,1,0,1,1
4076,Women,2026,Sprints,1,0,1,1
4076,Women,2026,Distance,1,0,1,1
4076,Women,2026,Jumps,1,0,1,1
4076,Women,2026,Throws,3,2,1,1
4076,Women,2026,Hurdles,1,0,1,1
31474,Women,2026,Distance,1,0,1,1
31474,Women,2026,Jumps,2,1,1,1
31474,Women,2026,Throws,1,0,1,1
31474,Women,2026,Hurdles,1,0,1,1
2081,Women,2026,Sprints,2,0,2,1
2081,Women,2026,Distance,4,2,2,1
2081,Women,2026,Jumps,2,0,2,1
2081,Women,2026,Throws,2,0,2,1
2081,Women,2026,Hurdles,2,0,2,1
31160,Women,2026,Distance,1,0,1,1
31160,Women,2026,Jumps,1,0,1,1
31160,Women,2026,Throws,1,0,1,1
31160,Women,2026,Hurdles,1,0,1,1
31496,Women,2026,Distance,1,0,1,1
31496,Women,2026,Jumps,1,0,1,1
31496,Women,2026,Throws,1,0,1,1
31496,Women,2026,Hurdles,1,0,1,1
25883,Women,2026,Distance,1,0,1,1
25883,Women,2026,Jumps,1,0,1,1
25883,Women,2026,Throws,1,0,1,1
25883,Women,2026,Hurdles,1,0,1,1
5196,Women,2026,Sprints,1,0,1,1
5196,Women,2026,Distance,1,0,1,1
5196,Women,2026,Jumps,3,2,1,2
5196,Women,2026,Throws,1,0,1,1
5196,Women,2026,Hurdles,1,0,1,1
4260,Women,2026,Sprints,1,0,1,1
4260,Women,2026,Distance,1,0,1,1
4260,Women,2026,Jumps,1,0,1,1
4260,Women,2026,Throws,1,0,1,1
4260,Women,2026,Hurdles,1,0,1,1
24946,Women,2026,Distance,2,0,2,1
24946,Women,2026,Jumps,2,0,2,1
24946,Women,2026,Throws,2,0,2,1
24946,Women,2026,Hurdles,4,2,2,1
29581,Women,2026,Sprints,2,0,2,1
29581,Women,2026,Distance,2,0,2,1
29581,Women,2026,Jumps,3,1,2,1
29581,Women,2026,Throws,2,0,2,1
29581,Women,2026,Hurdles,2,0,2,1
4243,Women,2026,Distance,1,0,1,1
4243,Women,2026,Jumps,1,0,1,1
4243,Women,2026,Throws,1,0,1,1
4243,Women,2026,Hurdles,1,0,1,1
29574,Women,2026,Distance,2,0,2,1
29574,Women,2026,Jumps,3,1,2,1
29574,Women,2026,Throws,2,0,2,1
29574,Women,2026,Hurdles,2,0,2,1
31457,Women,2026,Distance,1,0,1,1
31457,Women,2026,Jumps,1,0,1,1
31457,Women,2026,Throws,1,0,1,1
31457,Women,2026,Hurdles,1,0,1,1
24365,Women,2026,Sprints,1,0,1,1
24365,Women,2026,Distance,2,1,1,1
24365,Women,2026,Jumps,3,2,1,1
24365,Women,2026,Throws,1,0,1,1
24365,Women,2026,Hurdles,3,2,1,1
28815,Women,2026,Distance,1,0,1,1
28815,Women,2026,Jumps,2,1,1,1
28815,Women,2026,Throws,1,0,1,1
28815,Women,2026,Hurdles,1,0,1,1
25294,Women,2026,Distance,2,1,1,1
25294,Women,2026,Jumps,1,0,1,1
25294,Women,2026,Throws,1,0,1,1
25294,Women,2026,Hurdles,2,1,1,1
31531,Women,2026,Sprints,2,0,2,1
31531,Women,2026,Distance,2,0,2,1
31531,Women,2026,Jumps,3,1,2,1
31531,Women,2026,Throws,2,0,2,1
31531,Women,2026,Hurdles,2,0,2,1
29609,Women,2026,Distance,1,0,1,1
29609,Women,2026,Jumps,1,0,1,1
29609,Women,2026,Throws,1,0,1,1
29609,Women,2026,Hurdles,1,0,1,1
30079,Women,2026,Sprints,3,2,1,2
30079,Women,2026,Distance,1,0,1,1
30079,Women,2026,Jumps,1,0,1,1
30079,Women,2026,Throws,1,0,1,1
30079,Women,2026,Hurdles,1,0,1,1
4105,Women,2026,Distance,2,0,2,1
4105,Women,2026,Jumps,2,0,2,1
4105,Women,2026,Throws,2,0,2,1
4105,Women,2026,Hurdles,2,0,2,1
29439,Women,2026,Distance,2,0,2,1
29439,Women,2026,Jumps,2,0,2,1
29439,Women,2026,Throws,2,0,2,1
29439,Women,2026,Hurdles,2,0,2,1
25620,Women,2026,Distance,2,0,2,1
25620,Women,2026,Jumps,2,0,2,1
25620,Women,2026,Throws,2,0,2,1
25620,Women,2026,Hurdles,2,0,2,1
29437,Women,2026,Sprints,1,0,1,1
29437,Women,2026,Distance,1,0,1,1
29437,Women,2026,Jumps,3,2,1,1
29437,Women,2026,Throws,1,0,1,1
29437,Women,2026,Hurdles,2,1,1,1
24689,Women,2026,Distance,2,0,2,1
24689,Women,2026,Jumps,2,0,2,1
24689,Women,2026,Throws,2,0,2,1
24689,Women,2026,Hurdles,2,0,2,1
4092,Women,2026,Distance,8,6,2,2
4092,Women,2026,Jumps,2,0,2,1
4092,Women,2026,Throws,2,0,2,1
4092,Women,2026,Hurdles,3,1,2,1
3966,Women,2026,Distance,1,0,1,1
3966,Women,2026,Jumps,2,1,1,1
3966,Women,2026,Throws,1,0,1,1
3966,Women,2026,Hurdles,2,1,1,1
29822,Women,2026,Distance,1,0,1,1
29822,Women,2026,Jumps,1,0,1,1
29822,Women,2026,Throws,1,0,1,1
29822,Women,2026,Hurdles,1,0,1,1
29710,Women,2026,Distance,1,0,1,1
29710,Women,2026,Jumps,1,0,1,1
29710,Women,2026,Throws,1,0,1,1
29710,Women,2026,Hurdles,1,0,1,1
31488,Women,2026,Sprints,1,0,1,1
31488,Women,2026,Distance,1,0,1,1
31488,Women,2026,Jumps,1,0,1,1
31488,Women,2026,Throws,1,0,1,1
31488,Women,2026,Hurdles,2,1,1,1
30076,Women,2026,Distance,1,0,1,1
30076,Women,2026,Jumps,1,0,1,1
30076,Women,2026,Throws,1,0,1,1
30076,Women,2026,Hurdles,1,0,1,1
19524,Women,2026,Sprints,1,0,1,1
19524,Women,2026,Distance,2,1,1,1
19524,Women,2026,Jumps,1,0,1,1
19524,Women,2026,Throws,1,0,1,1
19524,Women,2026,Hurdles,1,0,1,1
2061,Women,2026,Sprints,1,0,1,1
2061,Women,2026,Distance,2,1,1,1
2061,Women,2026,Jumps,1,0,1,1
2061,Women,2026,Throws,1,0,1,1
2061,Women,2026,Hurdles,1,0,1,1
1746,Women,2026,Sprints,1,0,1,1
1746,Women,2026,Distance,3,2,1,1
1746,Women,2026,Jumps,1,0,1,1
1746,Women,2026,Throws,1,0,1,1
1746,Women,2026,Hurdles,1,0,1,1
26624,Women,2026,Sprints,1,0,1,1
26624,Women,2026,Distance,3,2,1,1
26624,Women,2026,Jumps,1,0,1,1
26624,Women,2026,Throws,1,0,1,1
26624,Women,2026,Hurdles,1,0,1,1
18837,Women,2026,Sprints,1,0,1,1
18837,Women,2026,Distance,1,0,1,1
18837,Women,2026,Jumps,1,0,1,1
18837,Women,2026,Throws,1,0,1,1
18837,Women,2026,Hurdles,1,0,1,1
27420,Women,2026,Sprints,1,0,1,1
27420,Women,2026,Distance,4,3,1,1
27420,Women,2026,Jumps,1,0,1,1
27420,Women,2026,Throws,1,0,1,1
27420,Women,2026,Hurdles,1,0,1,1
1930,Women,2026,Sprints,1,0,1,1
1930,Women,2026,Distance,4,3,1,2
1930,Women,2026,Jumps,1,0,1,1
1930,Women,2026,Throws,1,0,1,1
1930,Women,2026,Hurdles,1,0,1,1
1954,Women,2026,Sprints,1,0,1,1
1954,Women,2026,Distance,4,3,1,2
1954,Women,2026,Jumps,1,0,1,1
1954,Women,2026,Throws,1,0,1,1
1954,Women,2026,Hurdles,1,0,1,1
1947,Women,2026,Sprints,1,0,1,1
1947,Women,2026,Distance,6,5,1,3
1947,Women,2026,Jumps,1,0,1,1
1947,Women,2026,Throws,1,0,1,1
1947,Women,2026,Hurdles,1,0,1,1
1953,Women,2026,Sprints,1,0,1,1
1953,Women,2026,Distance,2,1,1,1
1953,Women,2026,Jumps,1,0,1,1
1953,Women,2026,Throws,1,0,1,1
1953,Women,2026,Hurdles,1,0,1,1
24687,Women,2026,Distance,1,0,1,1
24687,Women,2026,Jumps,1,0,1,1
24687,Women,2026,Throws,1,0,1,1
24687,Women,2026,Hurdles,1,0,1,1
27601,Women,2026,Sprints,1,0,1,1
27601,Women,2026,Distance,5,4,1,2
27601,Women,2026,Jumps,1,0,1,1
27601,Women,2026,Throws,1,0,1,1
27601,Women,2026,Hurdles,1,0,1,1
3975,Women,2026,Distance,1,0,1,1
3975,Women,2026,Jumps,1,0,1,1
3975,Women,2026,Throws,1,0,1,1
3975,Women,2026,Hurdles,5,4,1,2
29489,Women,2026,Distance,1,0,1,1
29489,Women,2026,Jumps,1,0,1,1
29489,Women,2026,Throws,1,0,1,1
29489,Women,2026,Hurdles,1,0,1,1
24619,Women,2026,Distance,1,0,1,1
24619,Women,2026,Jumps,1,0,1,1
24619,Women,2026,Throws,1,0,1,1
24619,Women,2026,Hurdles,1,0,1,1
18727,Women,2026,Sprints,1,0,1,1
18727,Women,2026,Distance,4,3,1,2
18727,Women,2026,Jumps,1,0,1,1
18727,Women,2026,Throws,1,0,1,1
18727,Women,2026,Hurdles,1,0,1,1
3000,Women,2026,Sprints,1,0,1,1
3000,Women,2026,Distance,6,5,1,3
3000,Women,2026,Jumps,1,0,1,1
3000,Women,2026,Throws,1,0,1,1
3000,Women,2026,Hurdles,1,0,1,1
655,Women,2026,Sprints,1,0,1,1
655,Women,2026,Distance,4,3,1,3
655,Women,2026,Jumps,1,0,1,1
655,Women,2026,Throws,1,0,1,1
655,Women,2026,Hurdles,1,0,1,1
19367,Women,2026,Sprints,1,0,1,1
19367,Women,2026,Distance,3,2,1,2
19367,Women,2026,Jumps,1,0,1,1
19367,Women,2026,Throws,1,0,1,1
19367,Women,2026,Hurdles,1,0,1,1
18922,Women,2026,Sprints,1,0,1,1
18922,Women,2026,Distance,7,6,1,3
18922,Women,2026,Jumps,1,0,1,1
18922,Women,2026,Throws,1,0,1,1
18922,Women,2026,Hurdles,1,0,1,1
8033,Women,2026,Sprints,1,0,1,1
8033,Women,2026,Distance,2,1,1,1
8033,Women,2026,Jumps,1,0,1,1
8033,Women,2026,Throws,1,0,1,1
8033,Women,2026,Hurdles,1,0,1,1
302,Women,2026,Sprints,1,0,1,1
302,Women,2026,Distance,3,2,1,1
302,Women,2026,Jumps,1,0,1,1
302,Women,2026,Throws,1,0,1,1
302,Women,2026,Hurdles,1,0,1,1
27104,Women,2026,Sprints,1,0,1,1
27104,Women,2026,Distance,1,0,1,1
27104,Women,2026,Jumps,1,0,1,1
27104,Women,2026,Throws,1,0,1,1
27104,Women,2026,Hurdles,1,0,1,1
27102,Women,2026,Sprints,1,0,1,1
27102,Women,2026,Distance,1,0,1,1
27102,Women,2026,Jumps,1,0,1,1
27102,Women,2026,Throws,1,0,1,1
27102,Women,2026,Hurdles,1,0,1,1
234,Women,2026,Sprints,1,0,1,1
234,Women,2026,Distance,4,3,1,2
234,Women,2026,Jumps,1,0,1,1
234,Women,2026,Throws,1,0,1,1
234,Women,2026,Hurdles,1,0,1,1
3820,Women,2026,Sprints,1,0,1,1
3820,Women,2026,Distance,2,1,1,1
3820,Women,2026,Jumps,1,0,1,1
3820,Women,2026,Throws,1,0,1,1
3820,Women,2026,Hurdles,1,0,1,1
11344,Women,2026,Sprints,1,0,1,1
11344,Women,2026,Distance,4,3,1,2
11344,Women,2026,Jumps,1,0,1,1
11344,Women,2026,Throws,1,0,1,1
11344,Women,2026,Hurdles,3,2,1,2
26948,Women,2026,Sprints,1,0,1,1
26948,Women,2026,Distance,2,1,1,1
26948,Women,2026,Jumps,1,0,1,1
26948,Women,2026,Throws,1,0,1,1
26948,Women,2026,Hurdles,1,0,1,1
11338,Women,2026,Sprints,1,0,1,1
11338,Women,2026,Distance,1,0,1,1
11338,Women,2026,Jumps,1,0,1,1
11338,Women,2026,Throws,1,0,1,1
11338,Women,2026,Hurdles,1,0,1,1
24949,Women,2026,Distance,3,2,1,2
24949,Women,2026,Jumps,1,0,1,1
24949,Women,2026,Throws,1,0,1,1
24949,Women,2026,Hurdles,1,0,1,1
24602,Women,2026,Distance,1,0,1,1
24602,Women,2026,Jumps,1,0,1,1
24602,Women,2026,Throws,1,0,1,1
24602,Women,2026,Hurdles,1,0,1,1
24625,Women,2026,Distance,1,0,1,1
24625,Women,2026,Jumps,1,0,1,1
24625,Women,2026,Throws,1,0,1,1
24625,Women,2026,Hurdles,1,0,1,1
24627,Women,2026,Sprints,1,0,1,1
24627,Women,2026,Distance,1,0,1,1
24627,Women,2026,Jumps,1,0,1,1
24627,Women,2026,Throws,1,0,1,1
24627,Women,2026,Hurdles,1,0,1,1
24626,Women,2026,Distance,1,0,1,1
24626,Women,2026,Jumps,1,0,1,1
24626,Women,2026,Throws,1,0,1,1
24626,Women,2026,Hurdles,1,0,1,1
24829,Women,2026,Distance,1,0,1,1
24829,Women,2026,Jumps,1,0,1,1
24829,Women,2026,Throws,1,0,1,1
24829,Women,2026,Hurdles,1,0,1,1
3581,Women,2026,Distance,1,0,1,1
3581,Women,2026,Jumps,1,0,1,1
3581,Women,2026,Throws,1,0,1,1
3581,Women,2026,Hurdles,1,0,1,1
26228,Women,2026,Distance,3,2,1,2
26228,Women,2026,Jumps,1,0,1,1
26228,Women,2026,Throws,1,0,1,1
26228,Women,2026,Hurdles,1,0,1,1
31518,Women,2026,Distance,3,2,1,2
31518,Women,2026,Jumps,1,0,1,1
31518,Women,2026,Throws,1,0,1,1
31518,Women,2026,Hurdles,1,0,1,1
28814,Women,2026,Sprints,1,0,1,1
28814,Women,2026,Distance,3,2,1,1
28814,Women,2026,Jumps,1,0,1,1
28814,Women,2026,Throws,1,0,1,1
28814,Women,2026,Hurdles,1,0,1,1
3504,Women,2026,Distance,2,1,1,1
3504,Women,2026,Jumps,1,0,1,1
3504,Women,2026,Throws,1,0,1,1
3504,Women,2026,Hurdles,1,0,1,1
24364,Women,2026,Distance,1,0,1,1
24364,Women,2026,Jumps,1,0,1,1
24364,Women,2026,Throws,1,0,1,1
24364,Women,2026,Hurdles,1,0,1,1
3933,Women,2026,Distance,1,0,1,1
3933,Women,2026,Jumps,2,1,1,2
3933,Women,2026,Throws,1,0,1,1
3933,Women,2026,Hurdles,1,0,1,1
29675,Women,2026,Sprints,1,0,1,1
29675,Women,2026,Distance,2,1,1,1
29675,Women,2026,Jumps,1,0,1,1
29675,Women,2026,Throws,1,0,1,1
29675,Women,2026,Hurdles,1,0,1,1
282,Women,2026,Sprints,1,0,1,1
282,Women,2026,Distance,1,0,1,1
282,Women,2026,Jumps,1,0,1,1
282,Women,2026,Throws,1,0,1,1
282,Women,2026,Hurdles,1,0,1,1
26871,Women,2026,Sprints,1,0,1,1
26871,Women,2026,Distance,2,1,1,1
26871,Women,2026,Jumps,1,0,1,1
26871,Women,2026,Throws,1,0,1,1
26871,Women,2026,Hurdles,1,0,1,1
31517,Women,2026,Distance,2,1,1,1
31517,Women,2026,Jumps,1,0,1,1
31517,Women,2026,Throws,1,0,1,1
31517,Women,2026,Hurdles,1,0,1,1
31507,Women,2026,Sprints,1,0,1,1
31507,Women,2026,Distance,3,2,1,1
31507,Women,2026,Jumps,1,0,1,1
31507,Women,2026,Throws,1,0,1,1
31507,Women,2026,Hurdles,1,0,1,1
27657,Women,2026,Sprints,1,0,1,1
27657,Women,2026,Distance,2,1,1,1
27657,Women,2026,Jumps,1,0,1,1
27657,Women,2026,Throws,1,0,1,1
27657,Women,2026,Hurdles,1,0,1,1
27617,Women,2026,Distance,2,1,1,1
27617,Women,2026,Jumps,1,0,1,1
27617,Women,2026,Throws,1,0,1,1
27617,Women,2026,Hurdles,1,0,1,1
4225,Women,2026,Distance,1,0,1,1
4225,Women,2026,Jumps,1,0,1,1
4225,Women,2026,Throws,1,0,1,1
4225,Women,2026,Hurdles,1,0,1,1
31195,Women,2026,Distance,1,0,1,1
31195,Women,2026,Jumps,1,0,1,1
31195,Women,2026,Throws,1,0,1,1
31195,Women,2026,Hurdles,1,0,1,1
31202,Women,2026,Distance,5,4,1,3
31202,Women,2026,Jumps,1,0,1,1
31202,Women,2026,Throws,1,0,1,1
31202,Women,2026,Hurdles,1,0,1,1
27229,Women,2026,Sprints,1,0,1,1
27229,Women,2026,Distance,3,2,1,2
27229,Women,2026,Jumps,1,0,1,1
27229,Women,2026,Throws,1,0,1,1
27229,Women,2026,Hurdles,1,0,1,1
1754,Women,2026,Sprints,1,0,1,1
1754,Women,2026,Distance,3,2,1,1
1754,Women,2026,Jumps,1,0,1,1
1754,Women,2026,Throws,1,0,1,1
1754,Women,2026,Hurdles,1,0,1,1
18816,Women,2026,Sprints,1,0,1,1
18816,Women,2026,Distance,2,1,1,1
18816,Women,2026,Jumps,1,0,1,1
18816,Women,2026,Throws,1,0,1,1
18816,Women,2026,Hurdles,1,0,1,1
3179,Women,2026,Sprints,1,0,1,1
3179,Women,2026,Distance,3,2,1,1
3179,Women,2026,Jumps,1,0,1,1
3179,Women,2026,Throws,1,0,1,1
3179,Women,2026,Hurdles,1,0,1,1
1725,Women,2026,Sprints,1,0,1,1
1725,Women,2026,Distance,4,3,1,1
1725,Women,2026,Jumps,1,0,1,1
1725,Women,2026,Throws,1,0,1,1
1725,Women,2026,Hurdles,1,0,1,1
25885,Women,2026,Sprints,1,0,1,1
25885,Women,2026,Distance,2,1,1,1
25885,Women,2026,Jumps,1,0,1,1
25885,Women,2026,Throws,1,0,1,1
25885,Women,2026,Hurdles,1,0,1,1
1767,Women,2026,Sprints,1,0,1,1
1767,Women,2026,Distance,3,2,1,1
1767,Women,2026,Jumps,1,0,1,1
1767,Women,2026,Throws,1,0,1,1
1767,Women,2026,Hurdles,1,0,1,1
31162,Women,2026,Distance,2,1,1,1
31162,Women,2026,Jumps,1,0,1,1
31162,Women,2026,Throws,1,0,1,1
31162,Women,2026,Hurdles,1,0,1,1
18822,Women,2026,Sprints,1,0,1,1
18822,Women,2026,Distance,2,1,1,1
18822,Women,2026,Jumps,1,0,1,1
18822,Women,2026,Throws,1,0,1,1
18822,Women,2026,Hurdles,1,0,1,1
27605,Women,2026,Distance,3,2,1,2
27605,Women,2026,Jumps,1,0,1,1
27605,Women,2026,Throws,1,0,1,1
27605,Women,2026,Hurdles,1,0,1,1
570,Women,2026,Sprints,1,0,1,1
570,Women,2026,Distance,3,2,1,1
570,Women,2026,Jumps,1,0,1,1
570,Women,2026,Throws,1,0,1,1
570,Women,2026,Hurdles,1,0,1,1
580,Women,2026,Sprints,1,0,1,1
580,Women,2026,Distance,2,1,1,1
580,Women,2026,Jumps,1,0,1,1
580,Women,2026,Throws,1,0,1,1
580,Women,2026,Hurdles,1,0,1,1
3666,Women,2026,Sprints,2,1,1,2
3666,Women,2026,Distance,1,0,1,1
3666,Women,2026,Jumps,4,3,1,2
3666,Women,2026,Throws,1,0,1,1
3666,Women,2026,Hurdles,1,0,1,1
3657,Women,2026,Sprints,1,0,1,1
3657,Women,2026,Distance,1,0,1,1
3657,Women,2026,Jumps,4,3,1,2
3657,Women,2026,Throws,3,2,1,2
3657,Women,2026,Hurdles,1,0,1,1
24605,Women,2026,Sprints,1,0,1,1
24605,Women,2026,Distance,1,0,1,1
24605,Women,2026,Jumps,9,8,1,3
24605,Women,2026,Throws,3,2,1,3
24605,Women,2026,Hurdles,3,2,1,2
24682,Women,2026,Distance,1,0,1,1
24682,Women,2026,Jumps,1,0,1,1
24682,Women,2026,Throws,1,0,1,1
24682,Women,2026,Hurdles,1,0,1,1
19595,Women,2026,Sprints,1,0,1,1
19595,Women,2026,Distance,3,2,1,1
19595,Women,2026,Jumps,1,0,1,1
19595,Women,2026,Throws,1,0,1,1
19595,Women,2026,Hurdles,1,0,1,1
4246,Women,2026,Sprints,1,0,1,1
4246,Women,2026,Distance,2,1,1,1
4246,Women,2026,Jumps,2,1,1,1
4246,Women,2026,Throws,1,0,1,1
4246,Women,2026,Hurdles,1,0,1,1
30067,Women,2026,Distance,2,1,1,1
30067,Women,2026,Jumps,1,0,1,1
30067,Women,2026,Throws,1,0,1,1
30067,Women,2026,Hurdles,1,0,1,1
27936,Women,2026,Distance,3,2,1,2
27936,Women,2026,Jumps,1,0,1,1
27936,Women,2026,Throws,1,0,1,1
27936,Women,2026,Hurdles,1,0,1,1
2700,Women,2026,Sprints,1,0,1,1
2700,Women,2026,Distance,3,2,1,2
2700,Women,2026,Jumps,1,0,1,1
2700,Women,2026,Throws,1,0,1,1
2700,Women,2026,Hurdles,1,0,1,1
2924,Women,2026,Sprints,1,0,1,1
2924,Women,2026,Distance,3,2,1,1
2924,Women,2026,Jumps,1,0,1,1
2924,Women,2026,Throws,1,0,1,1
2924,Women,2026,Hurdles,2,1,1,1
31472,Women,2026,Distance,1,0,1,1
31472,Women,2026,Jumps,2,1,1,1
31472,Women,2026,Throws,1,0,1,1
31472,Women,2026,Hurdles,1,0,1,1
28711,Women,2026,Sprints,1,0,1,1
28711,Women,2026,Distance,1,0,1,1
28711,Women,2026,Jumps,1,0,1,1
28711,Women,2026,Throws,1,0,1,1
28711,Women,2026,Hurdles,1,0,1,1
28712,Women,2026,Sprints,1,0,1,1
28712,Women,2026,Distance,2,1,1,1
28712,Women,2026,Jumps,1,0,1,1
28712,Women,2026,Throws,1,0,1,1
28712,Women,2026,Hurdles,2,1,1,1
11345,Women,2026,Sprints,1,0,1,1
11345,Women,2026,Distance,2,1,1,1
11345,Women,2026,Jumps,1,0,1,1
11345,Women,2026,Throws,1,0,1,1
11345,Women,2026,Hurdles,1,0,1,1
27621,Women,2026,Distance,2,1,1,1
27621,Women,2026,Jumps,1,0,1,1
27621,Women,2026,Throws,1,0,1,1
27621,Women,2026,Hurdles,3,2,1,1
3368,Women,2026,Distance,3,2,1,1
3368,Women,2026,Jumps,1,0,1,1
3368,Women,2026,Throws,1,0,1,1
3368,Women,2026,Hurdles,1,0,1,1
31495,Women,2026,Distance,2,1,1,1
31495,Women,2026,Jumps,1,0,1,1
31495,Women,2026,Throws,1,0,1,1
31495,Women,2026,Hurdles,1,0,1,1
253,Women,2026,Distance,3,2,1,1
253,Women,2026,Jumps,1,0,1,1
253,Women,2026,Throws,1,0,1,1
253,Women,2026,Hurdles,1,0,1,1
27159,Women,2026,Distance,3,2,1,1
27159,Women,2026,Jumps,1,0,1,1
27159,Women,2026,Throws,1,0,1,1
27159,Women,2026,Hurdles,1,0,1,1
27169,Women,2026,Sprints,1,0,1,1
27169,Women,2026,Distance,3,2,1,1
27169,Women,2026,Jumps,1,0,1,1
27169,Women,2026,Throws,1,0,1,1
27169,Women,2026,Hurdles,1,0,1,1
27151,Women,2026,Sprints,1,0,1,1
27151,Women,2026,Distance,1,0,1,1
27151,Women,2026,Jumps,1,0,1,1
27151,Women,2026,Throws,1,0,1,1
27151,Women,2026,Hurdles,1,0,1,1
28482,Women,2026,Sprints,1,0,1,1
28482,Women,2026,Distance,3,2,1,1
28482,Women,2026,Jumps,1,0,1,1
28482,Women,2026,Throws,1,0,1,1
28482,Women,2026,Hurdles,1,0,1,1
31555,Women,2026,Sprints,1,1,0,1
2403,Women,2026,Sprints,1,1,0,1
31561,Women,2026,Sprints,2,0,2,1
31561,Women,2026,Distance,2,0,2,1
31561,Women,2026,Jumps,2,0,2,1
31561,Women,2026,Throws,2,0,2,1
31561,Women,2026,Hurdles,2,0,2,1
5758,Women,2026,Sprints,1,1,0,1
31748,Women,2026,Sprints,1,1,0,1
360,Women,2026,Sprints,1,0,1,1
360,Women,2026,Distance,4,3,1,3
360,Women,2026,Jumps,1,0,1,1
360,Women,2026,Throws,1,0,1,1
360,Women,2026,Hurdles,1,0,1,1
358,Women,2026,Sprints,1,0,1,1
358,Women,2026,Distance,6,5,1,4
358,Women,2026,Jumps,1,0,1,1
358,Women,2026,Throws,1,0,1,1
358,Women,2026,Hurdles,1,0,1,1
26935,Women,2026,Sprints,1,0,1,1
26935,Women,2026,Distance,6,5,1,4
26935,Women,2026,Jumps,1,0,1,1
26935,Women,2026,Throws,1,0,1,1
26935,Women,2026,Hurdles,1,0,1,1
26940,Women,2026,Distance,4,3,1,4
26940,Women,2026,Jumps,1,0,1,1
26940,Women,2026,Throws,1,0,1,1
26940,Women,2026,Hurdles,1,0,1,1
31749,Women,2026,Sprints,1,1,0,1
4023,Women,2026,Sprints,2,2,0,1
24972,Women,2026,Sprints,1,1,0,1
1847,Men,2024,Distance,1,1,0,1
5105,Men,2024,Distance,2,2,0,2
7624,Men,2024,Distance,1,1,0,1
7625,Men,2024,Distance,1,1,0,1
2148,Men,2024,Distance,4,4,0,3
964,Men,2024,Distance,1,1,0,1
49,Men,2024,Distance,1,1,0,1
513,Men,2024,Distance,2,2,0,1
552,Men,2024,Distance,2,2,0,2
556,Men,2024,Distance,1,1,0,1
3452,Men,2024,Distance,1,1,0,1
3443,Men,2024,Distance,2,2,0,2
525,Men,2024,Distance,1,1,0,1
529,Men,2024,Distance,1,1,0,1
561,Men,2024,Distance,1,1,0,1
2553,Men,2024,Distance,1,1,0,1
507,Men,2024,Distance,2,2,0,2
550,Men,2024,Distance,2,2,0,1
505,Men,2024,Distance,1,1,0,1
517,Men,2024,Distance,1,1,0,1
2554,Men,2024,Distance,1,1,0,1
534,Men,2024,Distance,1,1,0,1
2583,Men,2024,Distance,1,1,0,1
1557,Men,2024,Distance,2,2,0,2
1584,Men,2024,Distance,2,2,0,2
1533,Men,2024,Distance,4,4,0,3
91,Men,2024,Distance,3,3,0,3
1536,Men,2024,Distance,7,7,0,4
19,Men,2024,Distance,4,4,0,3
10,Men,2024,Distance,2,2,0,2
5787,Men,2024,Distance,4,4,0,3
5789,Men,2024,Distance,3,3,0,3
5137,Men,2024,Distance,1,1,0,1
5139,Men,2024,Distance,1,1,0,1
3273,Men,2024,Distance,1,1,0,1
5145,Men,2024,Distance,1,1,0,1
2316,Men,2024,Distance,3,3,0,3
5147,Men,2024,Distance,1,1,0,1
5149,Men,2024,Distance,1,1,0,1
5150,Men,2024,Distance,1,1,0,1
5151,Men,2024,Distance,1,1,0,1
5152,Men,2024,Distance,1,1,0,1
5153,Men,2024,Distance,1,1,0,1
5154,Men,2024,Distance,4,4,0,3
5155,Men,2024,Distance,1,1,0,1
2303,Men,2024,Distance,3,3,0,3
2307,Men,2024,Distance,1,1,0,1
5156,Men,2024,Distance,1,1,0,1
5158,Men,2024,Distance,1,1,0,1
5159,Men,2024,Distance,1,1,0,1
5163,Men,2024,Distance,2,2,0,2
5164,Men,2024,Distance,1,1,0,1
5168,Men,2024,Distance,3,3,0,3
2305,Men,2024,Distance,2,2,0,1
5169,Men,2024,Distance,1,1,0,1
5170,Men,2024,Distance,1,1,0,1
5171,Men,2024,Distance,1,1,0,1
90,Men,2024,Distance,4,4,0,4
93,Men,2024,Distance,3,3,0,3
5173,Men,2024,Distance,3,3,0,3
2981,Men,2024,Distance,2,2,0,2
105,Men,2024,Distance,1,1,0,1
4634,Men,2024,Distance,1,1,0,1
2956,Men,2024,Distance,2,2,0,1
4636,Men,2024,Distance,1,1,0,1
5174,Men,2024,Distance,4,4,0,3
4637,Men,2024,Distance,3,3,0,3
2968,Men,2024,Distance,2,2,0,2
106,Men,2024,Distance,4,4,0,3
95,Men,2024,Distance,5,5,0,4
2959,Men,2024,Distance,3,3,0,3
4639,Men,2024,Distance,2,2,0,1
2952,Men,2024,Distance,4,4,0,4
2946,Men,2024,Distance,4,4,0,4
2945,Men,2024,Distance,1,1,0,1
5175,Men,2024,Distance,1,1,0,1
3611,Men,2024,Distance,1,1,0,1
3595,Men,2024,Distance,3,3,0,3
3094,Men,2024,Distance,3,3,0,3
5182,Men,2024,Distance,2,2,0,2
2969,Men,2024,Distance,2,2,0,2
2953,Men,2024,Distance,2,2,0,2
5186,Men,2024,Distance,1,1,0,1
1173,Men,2024,Distance,4,4,0,2
3405,Men,2024,Distance,4,4,0,2
3407,Men,2024,Distance,7,7,0,6
5191,Men,2024,Distance,2,2,0,1
3386,Men,2024,Distance,4,4,0,4
3393,Men,2024,Distance,7,7,0,5
1612,Men,2024,Distance,8,8,0,4
3012,Men,2024,Distance,6,6,0,4
1598,Men,2024,Distance,9,9,0,5
2586,Men,2024,Distance,2,2,0,2
4572,Men,2024,Distance,4,4,0,4
1589,Men,2024,Distance,7,7,0,5
765,Men,2024,Distance,5,5,0,2
531,Men,2024,Distance,2,2,0,1
5215,Men,2024,Distance,1,1,0,1
2566,Men,2024,Distance,2,2,0,2
710,Men,2024,Distance,6,6,0,4
3018,Men,2024,Distance,1,1,0,1
702,Men,2024,Distance,6,6,0,4
666,Men,2024,Distance,4,4,0,2
704,Men,2024,Distance,8,8,0,4
2608,Men,2024,Distance,8,8,0,5
794,Men,2024,Distance,4,4,0,3
742,Men,2024,Distance,7,7,0,5
4303,Men,2024,Distance,1,1,0,1
5237,Men,2024,Distance,7,7,0,3
685,Men,2024,Distance,8,8,0,5
711,Men,2024,Distance,6,6,0,4
667,Men,2024,Distance,5,5,0,3
736,Men,2024,Distance,5,5,0,4
2576,Men,2024,Distance,3,3,0,2
669,Men,2024,Distance,6,6,0,4
778,Men,2024,Distance,5,5,0,4
5253,Men,2024,Distance,5,5,0,5
708,Men,2024,Distance,5,5,0,3
671,Men,2024,Distance,3,3,0,3
5255,Men,2024,Distance,2,2,0,2
715,Men,2024,Distance,1,1,0,1
4340,Men,2024,Distance,2,2,0,2
2556,Men,2024,Distance,3,3,0,2
2590,Men,2024,Distance,2,2,0,1
764,Men,2024,Distance,1,1,0,1
4711,Men,2024,Distance,3,3,0,2
2171,Men,2024,Distance,1,1,0,1
3175,Men,2024,Distance,2,2,0,2
5271,Men,2024,Distance,5,5,0,3
5272,Men,2024,Distance,3,3,0,2
4385,Men,2024,Distance,6,6,0,3
1249,Men,2024,Distance,2,2,0,2
3741,Men,2024,Distance,2,2,0,1
2071,Men,2024,Distance,2,2,0,2
2057,Men,2024,Distance,5,5,0,4
451,Men,2024,Distance,4,4,0,4
310,Men,2024,Distance,7,7,0,5
4535,Men,2024,Distance,8,8,0,6
3266,Men,2024,Distance,1,1,0,1
3274,Men,2024,Distance,1,1,0,1
1251,Men,2024,Distance,7,7,0,4
681,Men,2024,Distance,3,3,0,3
695,Men,2024,Distance,6,6,0,4
145,Men,2024,Distance,1,1,0,1
133,Men,2024,Distance,1,1,0,1
123,Men,2024,Distance,6,6,0,3
2202,Men,2024,Distance,5,5,0,3
4,Men,2024,Distance,2,2,0,2
141,Men,2024,Distance,2,2,0,2
3982,Men,2024,Distance,1,1,0,1
181,Men,2024,Distance,2,2,0,2
16,Men,2024,Distance,2,2,0,1
35,Men,2024,Distance,1,1,0,1
20,Men,2024,Distance,3,3,0,2
1,Men,2024,Distance,3,3,0,2
8,Men,2024,Distance,3,3,0,2
150,Men,2024,Distance,1,1,0,1
38,Men,2024,Distance,2,2,0,2
31,Men,2024,Distance,2,2,0,2
12,Men,2024,Distance,4,4,0,2
160,Men,2024,Distance,2,2,0,2
191,Men,2024,Distance,2,2,0,1
3339,Men,2024,Distance,1,1,0,1
135,Men,2024,Distance,3,3,0,2
17,Men,2024,Distance,2,2,0,2
2012,Men,2024,Distance,2,2,0,2
142,Men,2024,Distance,3,3,0,3
5293,Men,2024,Distance,2,2,0,2
4659,Men,2024,Distance,1,1,0,1
5294,Men,2024,Distance,1,1,0,1
3437,Men,2024,Distance,6,6,0,6
364,Men,2024,Distance,6,6,0,4
2492,Men,2024,Distance,3,3,0,3
4901,Men,2024,Distance,3,3,0,3
4902,Men,2024,Distance,1,1,0,1
5295,Men,2024,Distance,2,2,0,2
4401,Men,2024,Distance,3,3,0,2
3790,Men,2024,Distance,1,1,0,1
1179,Men,2024,Distance,2,2,0,1
1337,Men,2024,Distance,1,1,0,1
4732,Men,2024,Distance,4,4,0,3
4734,Men,2024,Distance,1,1,0,1
1198,Men,2024,Distance,5,5,0,3
5297,Men,2024,Distance,2,2,0,2
3483,Men,2024,Distance,3,3,0,2
2627,Men,2024,Distance,1,1,0,1
4312,Men,2024,Distance,2,2,0,2
5306,Men,2024,Distance,1,1,0,1
2598,Men,2024,Distance,3,3,0,2
722,Men,2024,Distance,1,1,0,1
703,Men,2024,Distance,2,2,0,2
2471,Men,2024,Distance,1,1,0,1
4704,Men,2024,Distance,2,2,0,2
2726,Men,2024,Distance,1,1,0,1
4705,Men,2024,Distance,1,1,0,1
4706,Men,2024,Distance,2,2,0,2
1608,Men,2024,Distance,3,3,0,2
1571,Men,2024,Distance,2,2,0,2
5311,Men,2024,Distance,1,1,0,1
2731,Men,2024,Distance,2,2,0,2
2747,Men,2024,Distance,1,1,0,1
5313,Men,2024,Distance,1,1,0,1
2724,Men,2024,Distance,2,2,0,1
2765,Men,2024,Distance,1,1,0,1
5314,Men,2024,Distance,1,1,0,1
756,Men,2024,Distance,5,5,0,3
771,Men,2024,Distance,2,2,0,2
737,Men,2024,Distance,3,3,0,2
2730,Men,2024,Distance,1,1,0,1
801,Men,2024,Distance,2,2,0,2
683,Men,2024,Distance,4,4,0,4
686,Men,2024,Distance,2,2,0,2
709,Men,2024,Distance,2,2,0,2
723,Men,2024,Distance,4,4,0,4
728,Men,2024,Distance,4,4,0,4
675,Men,2024,Distance,5,5,0,4
786,Men,2024,Distance,4,4,0,3
5316,Men,2024,Distance,1,1,0,1
747,Men,2024,Distance,5,5,0,3
4433,Men,2024,Distance,7,7,0,4
3593,Men,2024,Distance,1,1,0,1
2754,Men,2024,Distance,1,1,0,1
692,Men,2024,Distance,5,5,0,3
3153,Men,2024,Distance,3,3,0,3
699,Men,2024,Distance,1,1,0,1
678,Men,2024,Distance,5,5,0,3
1581,Men,2024,Distance,1,1,0,1
2768,Men,2024,Distance,1,1,0,1
1529,Men,2024,Distance,3,3,0,3
7694,Men,2024,Distance,3,3,0,3
693,Men,2024,Distance,4,4,0,3
2302,Men,2024,Distance,3,3,0,3
2895,Men,2024,Distance,2,2,0,2
2635,Men,2024,Distance,1,1,0,1
3169,Men,2024,Distance,2,2,0,1
3786,Men,2024,Distance,2,2,0,2
1379,Men,2024,Distance,2,2,0,2
1294,Men,2024,Distance,1,1,0,1
532,Men,2024,Distance,3,3,0,1
1578,Men,2024,Distance,11,11,0,4
5358,Men,2024,Distance,3,3,0,2
1597,Men,2024,Distance,5,5,0,4
5366,Men,2024,Distance,1,1,0,1
5361,Men,2024,Distance,1,1,0,1
5367,Men,2024,Distance,1,1,0,1
2552,Men,2024,Distance,1,1,0,1
1280,Men,2024,Distance,2,2,0,1
1177,Men,2024,Distance,1,1,0,1
4316,Men,2024,Distance,2,2,0,1
1590,Men,2024,Distance,2,2,0,2
4315,Men,2024,Distance,1,1,0,1
1222,Men,2024,Distance,2,2,0,1
1239,Men,2024,Distance,2,2,0,1
1183,Men,2024,Distance,1,1,0,1
5100,Men,2024,Distance,1,1,0,1
5372,Men,2024,Distance,1,1,0,1
4648,Men,2024,Distance,1,1,0,1
1856,Men,2024,Distance,1,1,0,1
4999,Men,2024,Distance,2,2,0,2
5004,Men,2024,Distance,1,1,0,1
5005,Men,2024,Distance,2,2,0,2
5013,Men,2024,Distance,2,2,0,2
5377,Men,2024,Distance,1,1,0,1
2112,Men,2024,Distance,1,1,0,1
882,Men,2024,Distance,3,3,0,2
4222,Men,2024,Distance,1,1,0,1
863,Men,2024,Distance,2,2,0,2
5384,Men,2024,Distance,2,2,0,2
2129,Men,2024,Distance,2,2,0,2
936,Men,2024,Distance,1,1,0,1
922,Men,2024,Distance,1,1,0,1
4650,Men,2024,Distance,2,2,0,2
3556,Men,2024,Distance,1,1,0,1
4488,Men,2024,Distance,2,2,0,2
367,Men,2024,Distance,6,6,0,6
368,Men,2024,Distance,5,5,0,5
371,Men,2024,Distance,5,5,0,5
1699,Men,2024,Distance,2,2,0,2
909,Men,2024,Distance,1,1,0,1
5007,Men,2024,Distance,2,2,0,2
1260,Men,2024,Distance,1,1,0,1
2354,Men,2024,Distance,1,1,0,1
706,Men,2024,Distance,8,8,0,6
5400,Men,2024,Distance,1,1,0,1
731,Men,2024,Distance,2,2,0,2
2445,Men,2024,Distance,1,1,0,1
694,Men,2024,Distance,6,6,0,4
2735,Men,2024,Distance,1,1,0,1
5401,Men,2024,Distance,1,1,0,1
2480,Men,2024,Distance,1,1,0,1
2455,Men,2024,Distance,2,2,0,2
5402,Men,2024,Distance,1,1,0,1
4729,Men,2024,Distance,1,1,0,1
2478,Men,2024,Distance,4,4,0,2
2750,Men,2024,Distance,1,1,0,1
5409,Men,2024,Distance,2,2,0,2
5410,Men,2024,Distance,1,1,0,1
4432,Men,2024,Distance,1,1,0,1
5411,Men,2024,Distance,1,1,0,1
691,Men,2024,Distance,6,6,0,3
729,Men,2024,Distance,1,1,0,1
4714,Men,2024,Distance,3,3,0,2
5412,Men,2024,Distance,1,1,0,1
787,Men,2024,Distance,2,2,0,2
741,Men,2024,Distance,1,1,0,1
800,Men,2024,Distance,2,2,0,1
759,Men,2024,Distance,2,2,0,1
5403,Men,2024,Distance,1,1,0,1
5413,Men,2024,Distance,1,1,0,1
5420,Men,2024,Distance,1,1,0,1
4700,Men,2024,Distance,2,2,0,2
5312,Men,2024,Distance,2,2,0,2
375,Men,2024,Distance,4,4,0,4
2193,Men,2024,Distance,5,5,0,4
3806,Men,2024,Distance,2,2,0,2
127,Men,2024,Distance,1,1,0,1
2195,Men,2024,Distance,2,2,0,2
147,Men,2024,Distance,2,2,0,2
3442,Men,2024,Distance,1,1,0,1
5452,Men,2024,Distance,2,2,0,1
5453,Men,2024,Distance,1,1,0,1
5455,Men,2024,Distance,1,1,0,1
5450,Men,2024,Distance,3,3,0,1
2644,Men,2024,Distance,1,1,0,1
5456,Men,2024,Distance,2,2,0,1
5457,Men,2024,Distance,2,2,0,1
5459,Men,2024,Distance,2,2,0,1
2630,Men,2024,Distance,1,1,0,1
2641,Men,2024,Distance,1,1,0,1
5463,Men,2024,Distance,1,1,0,1
5465,Men,2024,Distance,2,2,0,1
2647,Men,2024,Distance,1,1,0,1
5460,Men,2024,Distance,2,2,0,1
1258,Men,2024,Distance,3,3,0,2
5486,Men,2024,Distance,1,1,0,1
5488,Men,2024,Distance,1,1,0,1
5490,Men,2024,Distance,1,1,0,1
1880,Men,2024,Distance,1,1,0,1
350,Men,2024,Distance,3,3,0,2
4142,Men,2024,Distance,2,2,0,2
454,Men,2024,Distance,3,3,0,3
4418,Men,2024,Distance,4,4,0,4
3852,Men,2024,Distance,4,4,0,4
4429,Men,2024,Distance,3,3,0,3
2858,Men,2024,Distance,6,6,0,3
1998,Men,2024,Distance,5,5,0,3
2859,Men,2024,Distance,5,5,0,2
2011,Men,2024,Distance,4,4,0,2
2855,Men,2024,Distance,4,4,0,2
2000,Men,2024,Distance,4,4,0,2
2044,Men,2024,Distance,2,2,0,1
2007,Men,2024,Distance,4,4,0,2
1992,Men,2024,Distance,3,3,0,2
3743,Men,2024,Distance,1,1,0,1
4900,Men,2024,Distance,4,4,0,2
1996,Men,2024,Distance,4,4,0,2
3269,Men,2024,Distance,1,1,0,1
2003,Men,2024,Distance,2,2,0,1
1715,Men,2024,Distance,2,2,0,1
156,Men,2024,Distance,3,3,0,2
369,Men,2024,Distance,1,1,0,1
2853,Men,2024,Distance,2,2,0,1
2949,Men,2024,Distance,2,2,0,1
4597,Men,2024,Distance,2,2,0,2
2029,Men,2024,Distance,3,3,0,2
512,Men,2024,Distance,2,2,0,2
2006,Men,2024,Distance,6,6,0,2
5574,Men,2024,Distance,2,2,0,1
2916,Men,2024,Distance,1,1,0,1
2975,Men,2024,Distance,2,2,0,1
401,Men,2024,Distance,2,2,0,1
396,Men,2024,Distance,3,3,0,1
161,Men,2024,Distance,7,7,0,2
400,Men,2024,Distance,1,1,0,1
2463,Men,2024,Distance,3,3,0,2
3451,Men,2024,Distance,2,2,0,1
3772,Men,2024,Distance,1,1,0,1
2467,Men,2024,Distance,3,3,0,2
2474,Men,2024,Distance,3,3,0,2
4194,Men,2024,Distance,2,2,0,1
2900,Men,2024,Distance,4,4,0,2
4407,Men,2024,Distance,4,4,0,3
2600,Men,2024,Distance,2,2,0,1
5568,Men,2024,Distance,1,1,0,1
37,Men,2024,Distance,2,2,0,1
4603,Men,2024,Distance,2,2,0,1
954,Men,2024,Distance,3,3,0,1
1245,Men,2024,Distance,2,2,0,1
4420,Men,2024,Distance,4,4,0,3
2470,Men,2024,Distance,3,3,0,2
789,Men,2024,Distance,3,3,0,2
3859,Men,2024,Distance,1,1,0,1
753,Men,2024,Distance,2,2,0,2
5579,Men,2024,Distance,1,1,0,1
2491,Men,2024,Distance,1,1,0,1
3296,Men,2024,Distance,2,2,0,1
2898,Men,2024,Distance,3,3,0,2
5580,Men,2024,Distance,2,2,0,1
3686,Men,2024,Distance,6,6,0,4
54,Men,2024,Distance,6,6,0,2
2051,Men,2024,Distance,4,4,0,2
1989,Men,2024,Distance,3,3,0,2
2108,Men,2024,Distance,1,1,0,1
1809,Men,2024,Distance,2,2,0,2
395,Men,2024,Distance,2,2,0,1
2013,Men,2024,Distance,1,1,0,1
5581,Men,2024,Distance,2,2,0,1
1824,Men,2024,Distance,2,2,0,1
1822,Men,2024,Distance,2,2,0,2
2113,Men,2024,Distance,3,3,0,2
4435,Men,2024,Distance,1,1,0,1
2001,Men,2024,Distance,2,2,0,1
960,Men,2024,Distance,5,5,0,2
1717,Men,2024,Distance,1,1,0,1
2023,Men,2024,Distance,5,5,0,2
397,Men,2024,Distance,2,2,0,1
1534,Men,2024,Distance,1,1,0,1
2454,Men,2024,Distance,1,1,0,1
2174,Men,2024,Distance,2,2,0,1
3133,Men,2024,Distance,1,1,0,1
4057,Men,2024,Distance,2,2,0,1
2561,Men,2024,Distance,1,1,0,1
2473,Men,2024,Distance,1,1,0,1
1897,Men,2024,Distance,2,2,0,2
1853,Men,2024,Distance,2,2,0,1
2020,Men,2024,Distance,2,2,0,1
4335,Men,2024,Distance,1,1,0,1
5117,Men,2024,Distance,2,2,0,2
2123,Men,2024,Distance,1,1,0,1
5585,Men,2024,Distance,2,2,0,1
2908,Men,2024,Distance,2,2,0,1
2582,Men,2024,Distance,2,2,0,1
333,Men,2024,Distance,1,1,0,1
5586,Men,2024,Distance,1,1,0,1
761,Men,2024,Distance,2,2,0,2
1266,Men,2024,Distance,3,3,0,1
2557,Men,2024,Distance,1,1,0,1
5565,Men,2024,Distance,3,3,0,2
3064,Men,2024,Distance,2,2,0,1
4339,Men,2024,Distance,2,2,0,2
1841,Men,2024,Distance,1,1,0,1
5587,Men,2024,Distance,1,1,0,1
347,Men,2024,Distance,2,2,0,1
2469,Men,2024,Distance,2,2,0,2
4361,Men,2024,Distance,2,2,0,2
1887,Men,2024,Distance,1,1,0,1
984,Men,2024,Distance,1,1,0,1
5589,Men,2024,Distance,2,2,0,2
3355,Men,2024,Distance,2,2,0,2
3082,Men,2024,Distance,2,2,0,1
798,Men,2024,Distance,3,3,0,2
1602,Men,2024,Distance,2,2,0,1
4694,Men,2024,Distance,1,1,0,1
5590,Men,2024,Distance,1,1,0,1
1540,Men,2024,Distance,1,1,0,1
1855,Men,2024,Distance,2,2,0,2
1818,Men,2024,Distance,1,1,0,1
3842,Men,2024,Distance,1,1,0,1
3457,Men,2024,Distance,1,1,0,1
3700,Men,2024,Distance,1,1,0,1
1530,Men,2024,Distance,1,1,0,1
1815,Men,2024,Distance,1,1,0,1
3,Men,2024,Distance,2,2,0,2
1999,Men,2024,Distance,1,1,0,1
1522,Men,2024,Distance,2,2,0,2
2542,Men,2024,Distance,1,1,0,1
115,Men,2024,Distance,1,1,0,1
3434,Men,2024,Distance,1,1,0,1
506,Men,2024,Distance,1,1,0,1
5592,Men,2024,Distance,1,1,0,1
1712,Men,2024,Distance,1,1,0,1
3326,Men,2024,Distance,1,1,0,1
1993,Men,2024,Distance,1,1,0,1
1995,Men,2024,Distance,1,1,0,1
1997,Men,2024,Distance,1,1,0,1
394,Men,2024,Distance,1,1,0,1
393,Men,2024,Distance,1,1,0,1
2437,Men,2024,Distance,1,1,0,1
520,Men,2024,Distance,1,1,0,1
515,Men,2024,Distance,2,2,0,2
680,Men,2024,Distance,5,5,0,3
2563,Men,2024,Distance,1,1,0,1
744,Men,2024,Distance,1,1,0,1
509,Men,2024,Distance,2,2,0,2
4331,Men,2024,Distance,1,1,0,1
524,Men,2024,Distance,2,2,0,2
5596,Men,2024,Distance,1,1,0,1
2022,Men,2024,Distance,1,1,0,1
2184,Men,2024,Distance,3,3,0,3
2596,Men,2024,Distance,1,1,0,1
4138,Men,2024,Distance,2,2,0,1
2213,Men,2024,Distance,2,2,0,1
2215,Men,2024,Distance,1,1,0,1
2214,Men,2024,Distance,1,1,0,1
2217,Men,2024,Distance,1,1,0,1
102,Men,2024,Distance,2,2,0,2
2970,Men,2024,Distance,1,1,0,1
100,Men,2024,Distance,1,1,0,1
99,Men,2024,Distance,2,2,0,2
2258,Men,2024,Distance,3,3,0,3
2263,Men,2024,Distance,4,4,0,3
2268,Men,2024,Distance,2,2,0,2
2261,Men,2024,Distance,6,6,0,3
1662,Men,2024,Distance,2,2,0,2
1663,Men,2024,Distance,6,6,0,3
2275,Men,2024,Distance,4,4,0,2
1661,Men,2024,Distance,3,3,0,2
2259,Men,2024,Distance,3,3,0,2
1656,Men,2024,Distance,6,6,0,4
3633,Men,2024,Distance,1,1,0,1
5616,Men,2024,Distance,2,2,0,2
5618,Men,2024,Distance,1,1,0,1
5619,Men,2024,Distance,1,1,0,1
5621,Men,2024,Distance,1,1,0,1
5622,Men,2024,Distance,2,2,0,2
2314,Men,2024,Distance,2,2,0,2
2312,Men,2024,Distance,1,1,0,1
170,Men,2024,Distance,4,4,0,2
1572,Men,2024,Distance,1,1,0,1
1317,Men,2024,Distance,3,3,0,3
5627,Men,2024,Distance,3,3,0,3
1341,Men,2024,Distance,1,1,0,1
537,Men,2024,Distance,1,1,0,1
4576,Men,2024,Distance,1,1,0,1
380,Men,2024,Distance,1,1,0,1
2780,Men,2024,Distance,2,2,0,2
4628,Men,2024,Distance,3,3,0,3
2276,Men,2024,Distance,1,1,0,1
2284,Men,2024,Distance,2,2,0,1
2277,Men,2024,Distance,1,1,0,1
5632,Men,2024,Distance,2,2,0,1
382,Men,2024,Distance,4,4,0,4
1657,Men,2024,Distance,2,2,0,2
2784,Men,2024,Distance,1,1,0,1
3915,Men,2024,Distance,2,2,0,1
3901,Men,2024,Distance,6,6,0,4
1636,Men,2024,Distance,3,3,0,3
1635,Men,2024,Distance,4,4,0,4
1651,Men,2024,Distance,3,3,0,3
1650,Men,2024,Distance,3,3,0,3
4081,Men,2024,Distance,2,2,0,2
3918,Men,2024,Distance,2,2,0,2
1625,Men,2024,Distance,3,3,0,3
4084,Men,2024,Distance,2,2,0,2
1652,Men,2024,Distance,2,2,0,2
2788,Men,2024,Distance,2,2,0,2
5640,Men,2024,Distance,1,1,0,1
3762,Men,2024,Distance,2,2,0,2
415,Men,2024,Distance,2,2,0,1
421,Men,2024,Distance,2,2,0,2
419,Men,2024,Distance,1,1,0,1
429,Men,2024,Distance,2,2,0,2
422,Men,2024,Distance,1,1,0,1
312,Men,2024,Distance,1,1,0,1
2040,Men,2024,Distance,2,2,0,1
2053,Men,2024,Distance,2,2,0,1
2798,Men,2024,Distance,1,1,0,1
4530,Men,2024,Distance,2,2,0,1
2805,Men,2024,Distance,1,1,0,1
2806,Men,2024,Distance,2,2,0,1
2808,Men,2024,Distance,2,2,0,1
2804,Men,2024,Distance,2,2,0,1
3960,Men,2024,Distance,1,1,0,1
3962,Men,2024,Distance,1,1,0,1
3964,Men,2024,Distance,1,1,0,1
2802,Men,2024,Distance,1,1,0,1
2801,Men,2024,Distance,1,1,0,1
3959,Men,2024,Distance,1,1,0,1
3963,Men,2024,Distance,1,1,0,1
2002,Men,2024,Distance,3,3,0,2
2854,Men,2024,Distance,2,2,0,2
2876,Men,2024,Distance,2,2,0,1
2059,Men,2024,Distance,2,2,0,1
462,Men,2024,Distance,2,2,0,1
5651,Men,2024,Distance,1,1,0,1
4910,Men,2024,Distance,1,1,0,1
4144,Men,2024,Distance,1,1,0,1
5652,Men,2024,Distance,1,1,0,1
4917,Men,2024,Distance,1,1,0,1
4913,Men,2024,Distance,1,1,0,1
766,Men,2024,Distance,1,1,0,1
4725,Men,2024,Distance,2,2,0,1
757,Men,2024,Distance,1,1,0,1
4504,Men,2024,Distance,2,2,0,2
1844,Men,2024,Distance,2,2,0,1
2124,Men,2024,Distance,3,3,0,1
1908,Men,2024,Distance,1,1,0,1
433,Men,2024,Distance,1,1,0,1
416,Men,2024,Distance,1,1,0,1
129,Men,2024,Distance,1,1,0,1
15,Men,2024,Distance,1,1,0,1
26,Men,2024,Distance,1,1,0,1
183,Men,2024,Distance,1,1,0,1
5665,Men,2024,Distance,2,2,0,1
53,Men,2024,Distance,1,1,0,1
57,Men,2024,Distance,1,1,0,1
42,Men,2024,Distance,1,1,0,1
214,Men,2024,Distance,1,1,0,1
4854,Men,2024,Distance,2,2,0,1
4864,Men,2024,Distance,1,1,0,1
215,Men,2024,Distance,2,2,0,1
43,Men,2024,Distance,1,1,0,1
3418,Men,2024,Distance,1,1,0,1
128,Men,2024,Distance,1,1,0,1
5669,Men,2024,Distance,1,1,0,1
5670,Men,2024,Distance,1,1,0,1
197,Men,2024,Distance,2,2,0,1
4865,Men,2024,Distance,1,1,0,1
2030,Men,2024,Distance,1,1,0,1
60,Men,2024,Distance,2,2,0,1
195,Men,2024,Distance,1,1,0,1
2192,Men,2024,Distance,1,1,0,1
119,Men,2024,Distance,1,1,0,1
6,Men,2024,Distance,1,1,0,1
138,Men,2024,Distance,1,1,0,1
153,Men,2024,Distance,1,1,0,1
139,Men,2024,Distance,1,1,0,1
154,Men,2024,Distance,1,1,0,1
4098,Men,2024,Distance,1,1,0,1
158,Men,2024,Distance,1,1,0,1
4365,Men,2024,Distance,2,2,0,2
4713,Men,2024,Distance,1,1,0,1
714,Men,2024,Distance,2,2,0,1
730,Men,2024,Distance,1,1,0,1
770,Men,2024,Distance,1,1,0,1
5707,Men,2024,Distance,1,1,0,1
799,Men,2024,Distance,1,1,0,1
5709,Men,2024,Distance,1,1,0,1
3142,Men,2024,Distance,1,1,0,1
5710,Men,2024,Distance,1,1,0,1
784,Men,2024,Distance,1,1,0,1
2464,Men,2024,Distance,1,1,0,1
5725,Men,2024,Distance,1,1,0,1
4596,Men,2024,Distance,1,1,0,1
5726,Men,2024,Distance,1,1,0,1
1866,Men,2024,Distance,1,1,0,1
2128,Men,2024,Distance,1,1,0,1
2111,Men,2024,Distance,1,1,0,1
2116,Men,2024,Distance,1,1,0,1
5732,Men,2024,Distance,1,1,0,1
5733,Men,2024,Distance,1,1,0,1
5374,Men,2024,Distance,1,1,0,1
5375,Men,2024,Distance,1,1,0,1
5006,Men,2024,Distance,1,1,0,1
5002,Men,2024,Distance,1,1,0,1
5734,Men,2024,Distance,1,1,0,1
5008,Men,2024,Distance,1,1,0,1
2146,Men,2024,Distance,1,1,0,1
2114,Men,2024,Distance,1,1,0,1
2127,Men,2024,Distance,2,2,0,1
5015,Men,2024,Distance,1,1,0,1
2121,Men,2024,Distance,1,1,0,1
878,Men,2024,Distance,1,1,0,1
3853,Men,2024,Distance,1,1,0,1
1823,Men,2024,Distance,1,1,0,1
5735,Men,2024,Distance,1,1,0,1
5736,Men,2024,Distance,2,2,0,1
1874,Men,2024,Distance,1,1,0,1
5124,Men,2024,Distance,1,1,0,1
934,Men,2024,Distance,1,1,0,1
2142,Men,2024,Distance,1,1,0,1
3557,Men,2024,Distance,1,1,0,1
899,Men,2024,Distance,1,1,0,1
886,Men,2024,Distance,1,1,0,1
880,Men,2024,Distance,1,1,0,1
5130,Men,2024,Distance,2,2,0,1
5129,Men,2024,Distance,2,2,0,1
162,Men,2024,Distance,1,1,0,1
179,Men,2024,Distance,1,1,0,1
2210,Men,2024,Distance,2,2,0,2
2857,Men,2024,Distance,3,3,0,2
5757,Men,2024,Distance,1,1,0,1
39,Men,2024,Distance,1,1,0,1
5763,Men,2024,Distance,1,1,0,1
5421,Men,2024,Distance,1,1,0,1
366,Men,2024,Distance,1,1,0,1
2540,Men,2024,Distance,1,1,0,1
4082,Men,2024,Distance,2,2,0,1
5783,Men,2024,Distance,2,2,0,1
1637,Men,2024,Distance,1,1,0,1
1646,Men,2024,Distance,1,1,0,1
1649,Men,2024,Distance,1,1,0,1
5788,Men,2024,Distance,2,2,0,2
3289,Men,2024,Distance,1,1,0,1
5793,Men,2024,Distance,1,1,0,1
5794,Men,2024,Distance,1,1,0,1
2311,Men,2024,Distance,1,1,0,1
5795,Men,2024,Distance,1,1,0,1
1658,Men,2024,Distance,1,1,0,1
1562,Men,2024,Distance,2,2,0,1
25502,Men,2024,Distance,1,1,0,1
5467,Men,2024,Distance,1,1,0,1
5468,Men,2024,Distance,1,1,0,1
5469,Men,2024,Distance,1,1,0,1
5448,Men,2024,Distance,1,1,0,1
5470,Men,2024,Distance,1,1,0,1
2654,Men,2024,Distance,3,3,0,2
885,Men,2024,Distance,2,2,0,2
1254,Men,2024,Distance,1,1,0,1
3400,Men,2024,Distance,1,1,0,1
121,Men,2024,Distance,1,1,0,1
872,Men,2024,Distance,1,1,0,1
2752,Men,2024,Distance,2,2,0,1
4971,Women,2024,Distance,1,1,0,1
4957,Women,2024,Distance,3,3,0,2
6285,Women,2024,Distance,7,7,0,4
809,Women,2024,Distance,1,1,0,1
839,Women,2024,Distance,1,1,0,1
4151,Women,2024,Distance,1,1,0,1
497,Women,2024,Distance,4,4,0,2
1483,Women,2024,Distance,3,3,0,2
4681,Women,2024,Distance,2,2,0,2
5391,Women,2024,Distance,3,3,0,3
7289,Women,2024,Distance,1,1,0,1
1456,Women,2024,Distance,2,2,0,2
1484,Women,2024,Distance,1,1,0,1
3250,Women,2024,Distance,1,1,0,1
2297,Women,2024,Distance,3,3,0,3
5143,Women,2024,Distance,1,1,0,1
2298,Women,2024,Distance,1,1,0,1
5144,Women,2024,Distance,1,1,0,1
4630,Women,2024,Distance,1,1,0,1
2934,Women,2024,Distance,3,3,0,2
5172,Women,2024,Distance,1,1,0,1
3233,Women,2024,Distance,1,1,0,1
4631,Women,2024,Distance,2,2,0,2
2922,Women,2024,Distance,1,1,0,1
5180,Women,2024,Distance,1,1,0,1
1116,Women,2024,Distance,2,2,0,1
3501,Women,2024,Distance,1,1,0,1
3360,Women,2024,Distance,9,9,0,7
1122,Women,2024,Distance,1,1,0,1
2499,Women,2024,Distance,3,3,0,3
5193,Women,2024,Distance,2,2,0,2
1446,Women,2024,Distance,2,2,0,2
5201,Women,2024,Distance,4,4,0,3
2512,Women,2024,Distance,7,7,0,4
621,Women,2024,Distance,7,7,0,4
5205,Women,2024,Distance,1,1,0,1
2524,Women,2024,Distance,2,2,0,1
2527,Women,2024,Distance,4,4,0,2
5264,Women,2024,Distance,3,3,0,2
5265,Women,2024,Distance,2,2,0,2
5266,Women,2024,Distance,2,2,0,2
992,Women,2024,Distance,5,5,0,4
4288,Women,2024,Distance,4,4,0,2
3740,Women,2024,Distance,2,2,0,2
445,Women,2024,Distance,5,5,0,4
4139,Women,2024,Distance,3,3,0,3
5277,Women,2024,Distance,5,5,0,3
647,Women,2024,Distance,4,4,0,3
2511,Women,2024,Distance,1,1,0,1
2395,Women,2024,Distance,1,1,0,1
253,Women,2024,Distance,4,4,0,2
67,Women,2024,Distance,2,2,0,2
65,Women,2024,Distance,2,2,0,2
70,Women,2024,Distance,2,2,0,2
68,Women,2024,Distance,3,3,0,2
3977,Women,2024,Distance,2,2,0,2
271,Women,2024,Distance,4,4,0,2
237,Women,2024,Distance,3,3,0,3
4778,Women,2024,Distance,3,3,0,2
5290,Women,2024,Distance,1,1,0,1
2233,Women,2024,Distance,3,3,0,2
74,Women,2024,Distance,4,4,0,2
3980,Women,2024,Distance,1,1,0,1
4655,Women,2024,Distance,7,7,0,5
567,Women,2024,Distance,2,2,0,2
568,Women,2024,Distance,2,2,0,2
572,Women,2024,Distance,3,3,0,1
2699,Women,2024,Distance,2,2,0,2
489,Women,2024,Distance,2,2,0,2
2383,Women,2024,Distance,1,1,0,1
2703,Women,2024,Distance,1,1,0,1
5298,Women,2024,Distance,1,1,0,1
599,Women,2024,Distance,4,4,0,2
3100,Women,2024,Distance,2,2,0,2
4233,Women,2024,Distance,3,3,0,2
607,Women,2024,Distance,1,1,0,1
4116,Women,2024,Distance,3,3,0,3
2705,Women,2024,Distance,3,3,0,3
645,Women,2024,Distance,2,2,0,2
4673,Women,2024,Distance,2,2,0,2
2424,Women,2024,Distance,2,2,0,2
1498,Women,2024,Distance,1,1,0,1
1497,Women,2024,Distance,3,3,0,3
5691,Women,2024,Distance,2,2,0,2
5343,Women,2024,Distance,1,1,0,1
5344,Women,2024,Distance,1,1,0,1
5347,Women,2024,Distance,2,2,0,1
1466,Women,2024,Distance,2,2,0,1
5348,Women,2024,Distance,1,1,0,1
5349,Women,2024,Distance,2,2,0,1
1486,Women,2024,Distance,5,5,0,2
5351,Women,2024,Distance,1,1,0,1
2663,Women,2024,Distance,2,2,0,2
2661,Women,2024,Distance,2,2,0,2
5345,Women,2024,Distance,6,6,0,3
5356,Women,2024,Distance,3,3,0,2
4549,Women,2024,Distance,3,3,0,3
5357,Women,2024,Distance,1,1,0,1
4551,Women,2024,Distance,2,2,0,2
4560,Women,2024,Distance,3,3,0,3
1072,Women,2024,Distance,1,1,0,1
1010,Women,2024,Distance,2,2,0,1
1044,Women,2024,Distance,1,1,0,1
5368,Women,2024,Distance,1,1,0,1
1791,Women,2024,Distance,1,1,0,1
5369,Women,2024,Distance,1,1,0,1
3534,Women,2024,Distance,1,1,0,1
5371,Women,2024,Distance,1,1,0,1
1768,Women,2024,Distance,1,1,0,1
829,Women,2024,Distance,2,2,0,2
811,Women,2024,Distance,2,2,0,2
1676,Women,2024,Distance,1,1,0,1
4764,Women,2024,Distance,2,2,0,2
3369,Women,2024,Distance,3,3,0,3
3379,Women,2024,Distance,4,4,0,4
1022,Women,2024,Distance,1,1,0,1
575,Women,2024,Distance,3,3,0,3
2381,Women,2024,Distance,2,2,0,2
5389,Women,2024,Distance,1,1,0,1
606,Women,2024,Distance,3,3,0,2
595,Women,2024,Distance,2,2,0,1
5390,Women,2024,Distance,2,2,0,2
603,Women,2024,Distance,4,4,0,2
4283,Women,2024,Distance,1,1,0,1
628,Women,2024,Distance,1,1,0,1
641,Women,2024,Distance,1,1,0,1
240,Women,2024,Distance,3,3,0,2
3368,Women,2024,Distance,1,1,0,1
5428,Women,2024,Distance,1,1,0,1
5431,Women,2024,Distance,2,2,0,1
2664,Women,2024,Distance,2,2,0,1
2660,Women,2024,Distance,1,1,0,1
5434,Women,2024,Distance,2,2,0,1
2523,Women,2024,Distance,3,3,0,2
5435,Women,2024,Distance,1,1,0,1
5436,Women,2024,Distance,1,1,0,1
5437,Women,2024,Distance,1,1,0,1
1756,Women,2024,Distance,1,1,0,1
1742,Women,2024,Distance,1,1,0,1
1728,Women,2024,Distance,2,2,0,2
442,Women,2024,Distance,1,1,0,1
4227,Women,2024,Distance,4,4,0,4
4225,Women,2024,Distance,1,1,0,1
1951,Women,2024,Distance,2,2,0,1
5493,Women,2024,Distance,1,1,0,1
1985,Women,2024,Distance,3,3,0,2
3824,Women,2024,Distance,2,2,0,1
1946,Women,2024,Distance,4,4,0,2
2842,Women,2024,Distance,3,3,0,2
5492,Women,2024,Distance,1,1,0,1
1933,Women,2024,Distance,1,1,0,1
1937,Women,2024,Distance,2,2,0,2
293,Women,2024,Distance,1,1,0,1
307,Women,2024,Distance,2,2,0,2
4774,Women,2024,Distance,2,2,0,1
3322,Women,2024,Distance,2,2,0,1
3359,Women,2024,Distance,3,3,0,3
1929,Women,2024,Distance,2,2,0,1
239,Women,2024,Distance,1,1,0,1
5518,Women,2024,Distance,2,2,0,1
1032,Women,2024,Distance,2,2,0,1
1743,Women,2024,Distance,3,3,0,1
1955,Women,2024,Distance,2,2,0,1
4667,Women,2024,Distance,3,3,0,2
4226,Women,2024,Distance,4,4,0,3
1746,Women,2024,Distance,2,2,0,1
5520,Women,2024,Distance,1,1,0,1
4766,Women,2024,Distance,2,2,0,1
1730,Women,2024,Distance,2,2,0,1
4251,Women,2024,Distance,2,2,0,1
1952,Women,2024,Distance,2,2,0,1
3105,Women,2024,Distance,1,1,0,1
5521,Women,2024,Distance,2,2,0,1
3382,Women,2024,Distance,1,1,0,1
3797,Women,2024,Distance,1,1,0,1
2420,Women,2024,Distance,2,2,0,1
5523,Women,2024,Distance,2,2,0,1
5524,Women,2024,Distance,1,1,0,1
4252,Women,2024,Distance,2,2,0,1
4675,Women,2024,Distance,1,1,0,1
2160,Women,2024,Distance,1,1,0,1
234,Women,2024,Distance,2,2,0,1
1748,Women,2024,Distance,2,2,0,1
243,Women,2024,Distance,2,2,0,2
3099,Women,2024,Distance,1,1,0,1
79,Women,2024,Distance,2,2,0,1
4234,Women,2024,Distance,2,2,0,1
360,Women,2024,Distance,3,3,0,2
1783,Women,2024,Distance,1,1,0,1
5525,Women,2024,Distance,1,1,0,1
1765,Women,2024,Distance,3,3,0,2
5526,Women,2024,Distance,2,2,0,2
2838,Women,2024,Distance,1,1,0,1
4665,Women,2024,Distance,2,2,0,2
2408,Women,2024,Distance,2,2,0,2
2402,Women,2024,Distance,4,4,0,2
1796,Women,2024,Distance,2,2,0,2
306,Women,2024,Distance,1,1,0,1
1971,Women,2024,Distance,1,1,0,1
5527,Women,2024,Distance,1,1,0,1
282,Women,2024,Distance,2,2,0,2
233,Women,2024,Distance,1,1,0,1
1706,Women,2024,Distance,1,1,0,1
357,Women,2024,Distance,3,3,0,3
69,Women,2024,Distance,1,1,0,1
386,Women,2024,Distance,1,1,0,1
358,Women,2024,Distance,3,3,0,3
1458,Women,2024,Distance,1,1,0,1
1764,Women,2024,Distance,1,1,0,1
298,Women,2024,Distance,1,1,0,1
2406,Women,2024,Distance,1,1,0,1
238,Women,2024,Distance,1,1,0,1
3035,Women,2024,Distance,2,2,0,2
5528,Women,2024,Distance,1,1,0,1
4656,Women,2024,Distance,2,2,0,2
3370,Women,2024,Distance,1,1,0,1
1954,Women,2024,Distance,1,1,0,1
490,Women,2024,Distance,1,1,0,1
1751,Women,2024,Distance,2,2,0,2
1956,Women,2024,Distance,1,1,0,1
1798,Women,2024,Distance,1,1,0,1
5512,Women,2024,Distance,1,1,0,1
1452,Women,2024,Distance,1,1,0,1
2206,Women,2024,Distance,1,1,0,1
2207,Women,2024,Distance,1,1,0,1
2208,Women,2024,Distance,1,1,0,1
2203,Women,2024,Distance,1,1,0,1
2257,Women,2024,Distance,5,5,0,3
1617,Women,2024,Distance,2,2,0,2
2244,Women,2024,Distance,1,1,0,1
1478,Women,2024,Distance,1,1,0,1
4550,Women,2024,Distance,1,1,0,1
4801,Women,2024,Distance,1,1,0,1
85,Women,2024,Distance,1,1,0,1
5629,Women,2024,Distance,1,1,0,1
3375,Women,2024,Distance,1,1,0,1
3371,Women,2024,Distance,2,2,0,2
4799,Women,2024,Distance,2,2,0,2
4763,Women,2024,Distance,1,1,0,1
3460,Women,2024,Distance,1,1,0,1
4025,Women,2024,Distance,3,3,0,3
2245,Women,2024,Distance,1,1,0,1
2256,Women,2024,Distance,1,1,0,1
1621,Women,2024,Distance,3,3,0,2
2243,Women,2024,Distance,2,2,0,1
1619,Women,2024,Distance,1,1,0,1
4791,Women,2024,Distance,1,1,0,1
2062,Women,2024,Distance,2,2,0,2
1673,Women,2024,Distance,1,1,0,1
5636,Women,2024,Distance,2,2,0,2
2061,Women,2024,Distance,1,1,0,1
3097,Women,2024,Distance,1,1,0,1
404,Women,2024,Distance,2,2,0,2
406,Women,2024,Distance,2,2,0,2
5642,Women,2024,Distance,2,2,0,2
3755,Women,2024,Distance,3,3,0,2
4529,Women,2024,Distance,1,1,0,1
2056,Women,2024,Distance,2,2,0,2
5647,Women,2024,Distance,2,2,0,1
2791,Women,2024,Distance,1,1,0,1
5658,Women,2024,Distance,2,2,0,2
1763,Women,2024,Distance,1,1,0,1
974,Women,2024,Distance,1,1,0,1
63,Women,2024,Distance,2,2,0,1
236,Women,2024,Distance,1,1,0,1
4091,Women,2024,Distance,2,2,0,1
1970,Women,2024,Distance,1,1,0,1
262,Women,2024,Distance,1,1,0,1
231,Women,2024,Distance,1,1,0,1
3895,Women,2024,Distance,4,4,0,3
650,Women,2024,Distance,1,1,0,1
5679,Women,2024,Distance,1,1,0,1
576,Women,2024,Distance,1,1,0,1
5683,Women,2024,Distance,1,1,0,1
5684,Women,2024,Distance,1,1,0,1
601,Women,2024,Distance,1,1,0,1
4664,Women,2024,Distance,1,1,0,1
5685,Women,2024,Distance,1,1,0,1
3504,Women,2024,Distance,1,1,0,1
2084,Women,2024,Distance,1,1,0,1
4646,Women,2024,Distance,1,1,0,1
1767,Women,2024,Distance,1,1,0,1
2083,Women,2024,Distance,1,1,0,1
1759,Women,2024,Distance,1,1,0,1
2082,Women,2024,Distance,1,1,0,1
5081,Women,2024,Distance,1,1,0,1
5079,Women,2024,Distance,1,1,0,1
1773,Women,2024,Distance,2,2,0,1
5729,Women,2024,Distance,1,1,0,1
817,Women,2024,Distance,1,1,0,1
1752,Women,2024,Distance,1,1,0,1
2079,Women,2024,Distance,1,1,0,1
2097,Women,2024,Distance,1,1,0,1
4977,Women,2024,Distance,1,1,0,1
2074,Women,2024,Distance,1,1,0,1
3597,Women,2024,Distance,1,1,0,1
3531,Women,2024,Distance,1,1,0,1
823,Women,2024,Distance,1,1,0,1
5063,Women,2024,Distance,1,1,0,1
83,Women,2024,Distance,2,2,0,1
77,Women,2024,Distance,2,2,0,1
5760,Women,2024,Distance,2,2,0,2
1018,Women,2024,Distance,1,1,0,1
5764,Women,2024,Distance,1,1,0,1
5766,Women,2024,Distance,2,2,0,1
2937,Women,2024,Distance,1,1,0,1
2246,Women,2024,Distance,1,1,0,1
2774,Women,2024,Distance,1,1,0,1
4804,Women,2024,Distance,1,1,0,1
23523,Women,2024,Distance,3,3,0,3
407,Women,2024,Distance,1,1,0,1
1448,Women,2024,Distance,1,1,0,1
1454,Women,2024,Distance,1,1,0,1
825,Women,2024,Distance,1,1,0,1
859,Women,2024,Distance,1,1,0,1
3386,Men,2025,Distance,3,3,0,2
19364,Men,2025,Distance,1,1,0,1
18919,Men,2025,Distance,3,3,0,2
19575,Men,2025,Distance,2,2,0,2
19581,Men,2025,Distance,1,1,0,1
18769,Men,2025,Distance,1,1,0,1
25346,Men,2025,Distance,1,1,0,1
5825,Men,2025,Distance,2,2,0,1
508,Men,2025,Distance,2,2,0,2
523,Men,2025,Distance,1,1,0,1
509,Men,2025,Distance,2,2,0,2
25852,Men,2025,Distance,3,3,0,3
25853,Men,2025,Distance,4,4,0,3
7950,Men,2025,Distance,2,2,0,1
25854,Men,2025,Distance,2,2,0,1
25855,Men,2025,Distance,1,1,0,1
4585,Men,2025,Distance,2,2,0,2
25856,Men,2025,Distance,1,1,0,1
7954,Men,2025,Distance,2,2,0,2
4581,Men,2025,Distance,4,4,0,3
7953,Men,2025,Distance,2,2,0,2
18982,Men,2025,Distance,5,5,0,4
7694,Men,2025,Distance,1,1,0,1
2731,Men,2025,Distance,1,1,0,1
1557,Men,2025,Distance,1,1,0,1
7697,Men,2025,Distance,1,1,0,1
20452,Men,2025,Distance,1,1,0,1
25861,Men,2025,Distance,1,1,0,1
1584,Men,2025,Distance,1,1,0,1
7696,Men,2025,Distance,1,1,0,1
1589,Men,2025,Distance,3,3,0,2
756,Men,2025,Distance,2,2,0,2
4728,Men,2025,Distance,2,2,0,2
2565,Men,2025,Distance,2,2,0,2
7962,Men,2025,Distance,1,1,0,1
1608,Men,2025,Distance,3,3,0,2
2751,Men,2025,Distance,2,2,0,2
25869,Men,2025,Distance,1,1,0,1
1583,Men,2025,Distance,1,1,0,1
25492,Men,2025,Distance,1,1,0,1
6824,Men,2025,Distance,1,1,0,1
25881,Men,2025,Distance,2,2,0,2
2959,Men,2025,Distance,7,7,0,5
5788,Men,2025,Distance,3,3,0,3
22530,Men,2025,Distance,3,3,0,3
5173,Men,2025,Distance,5,5,0,5
25191,Men,2025,Distance,4,4,0,4
18781,Men,2025,Distance,4,4,0,4
22531,Men,2025,Distance,3,3,0,3
90,Men,2025,Distance,3,3,0,3
2952,Men,2025,Distance,2,2,0,1
2965,Men,2025,Distance,5,5,0,5
20490,Men,2025,Distance,1,1,0,1
20493,Men,2025,Distance,3,3,0,3
91,Men,2025,Distance,3,3,0,3
2946,Men,2025,Distance,3,3,0,3
22529,Men,2025,Distance,3,3,0,3
95,Men,2025,Distance,5,5,0,5
7717,Men,2025,Distance,3,3,0,3
7719,Men,2025,Distance,4,4,0,4
2945,Men,2025,Distance,6,6,0,6
20489,Men,2025,Distance,3,3,0,3
4634,Men,2025,Distance,2,2,0,2
106,Men,2025,Distance,4,4,0,4
2970,Men,2025,Distance,1,1,0,1
99,Men,2025,Distance,2,2,0,2
4637,Men,2025,Distance,3,3,0,3
22528,Men,2025,Distance,1,1,0,1
7720,Men,2025,Distance,2,2,0,2
4056,Men,2025,Distance,2,2,0,2
22517,Men,2025,Distance,2,2,0,2
2950,Men,2025,Distance,6,6,0,3
2967,Men,2025,Distance,5,5,0,3
2953,Men,2025,Distance,3,3,0,3
2896,Men,2025,Distance,2,2,0,2
2899,Men,2025,Distance,3,3,0,2
2467,Men,2025,Distance,4,4,0,2
2456,Men,2025,Distance,4,4,0,2
24594,Men,2025,Distance,4,4,0,2
21482,Men,2025,Distance,3,3,0,2
2469,Men,2025,Distance,4,4,0,2
2900,Men,2025,Distance,4,4,0,2
2437,Men,2025,Distance,2,2,0,1
18042,Men,2025,Distance,5,5,0,2
3133,Men,2025,Distance,1,1,0,1
2470,Men,2025,Distance,5,5,0,2
4332,Men,2025,Distance,1,1,0,1
16141,Men,2025,Distance,3,3,0,2
16124,Men,2025,Distance,3,3,0,2
2897,Men,2025,Distance,3,3,0,2
2474,Men,2025,Distance,4,4,0,2
2463,Men,2025,Distance,2,2,0,2
2473,Men,2025,Distance,1,1,0,1
25995,Men,2025,Distance,3,3,0,3
4573,Men,2025,Distance,4,4,0,4
7722,Men,2025,Distance,2,2,0,2
25996,Men,2025,Distance,2,2,0,1
2069,Men,2025,Distance,2,2,0,1
1530,Men,2025,Distance,3,3,0,3
5571,Men,2025,Distance,4,4,0,3
2071,Men,2025,Distance,3,3,0,3
2070,Men,2025,Distance,1,1,0,1
23414,Men,2025,Distance,3,3,0,2
3741,Men,2025,Distance,1,1,0,1
25120,Men,2025,Distance,2,2,0,2
23416,Men,2025,Distance,1,1,0,1
23420,Men,2025,Distance,2,2,0,1
2645,Men,2025,Distance,1,1,0,1
2627,Men,2025,Distance,1,1,0,1
23441,Men,2025,Distance,3,3,0,2
3483,Men,2025,Distance,1,1,0,1
23447,Men,2025,Distance,1,1,0,1
22519,Men,2025,Distance,1,1,0,1
3265,Men,2025,Distance,7,7,0,3
2949,Men,2025,Distance,1,1,0,1
6344,Men,2025,Distance,6,6,0,4
18273,Men,2025,Distance,5,5,0,3
23496,Men,2025,Distance,4,4,0,2
1534,Men,2025,Distance,4,4,0,3
5137,Men,2025,Distance,4,4,0,3
26005,Men,2025,Distance,2,2,0,2
4065,Men,2025,Distance,1,1,0,1
5140,Men,2025,Distance,1,1,0,1
3277,Men,2025,Distance,1,1,0,1
3285,Men,2025,Distance,3,3,0,2
26006,Men,2025,Distance,3,3,0,2
22524,Men,2025,Distance,3,3,0,2
26007,Men,2025,Distance,2,2,0,1
5297,Men,2025,Distance,2,2,0,2
7997,Men,2025,Distance,1,1,0,1
25274,Men,2025,Distance,2,2,0,1
7995,Men,2025,Distance,1,1,0,1
16119,Men,2025,Distance,2,2,0,1
2492,Men,2025,Distance,6,6,0,3
26020,Men,2025,Distance,3,3,0,2
26021,Men,2025,Distance,1,1,0,1
1552,Men,2025,Distance,4,4,0,3
364,Men,2025,Distance,4,4,0,3
367,Men,2025,Distance,4,4,0,3
369,Men,2025,Distance,2,2,0,2
3437,Men,2025,Distance,3,3,0,3
368,Men,2025,Distance,2,2,0,2
24568,Men,2025,Distance,7,7,0,4
3729,Men,2025,Distance,1,1,0,1
24583,Men,2025,Distance,1,1,0,1
3686,Men,2025,Distance,3,3,0,2
11400,Men,2025,Distance,3,3,0,3
1309,Men,2025,Distance,3,3,0,3
24909,Men,2025,Distance,1,1,0,1
1421,Men,2025,Distance,8,8,0,4
2309,Men,2025,Distance,3,3,0,2
3713,Men,2025,Distance,3,3,0,2
26490,Men,2025,Distance,2,2,0,2
214,Men,2025,Distance,2,2,0,2
23926,Men,2025,Distance,1,1,0,1
23927,Men,2025,Distance,2,2,0,2
5155,Men,2025,Distance,1,1,0,1
25502,Men,2025,Distance,2,2,0,1
23941,Men,2025,Distance,1,1,0,1
20497,Men,2025,Distance,1,1,0,1
25503,Men,2025,Distance,1,1,0,1
25504,Men,2025,Distance,1,1,0,1
2306,Men,2025,Distance,3,3,0,2
5147,Men,2025,Distance,1,1,0,1
26067,Men,2025,Distance,1,1,0,1
2303,Men,2025,Distance,1,1,0,1
26068,Men,2025,Distance,1,1,0,1
5171,Men,2025,Distance,1,1,0,1
2316,Men,2025,Distance,1,1,0,1
2855,Men,2025,Distance,1,1,0,1
2013,Men,2025,Distance,1,1,0,1
11307,Men,2025,Distance,2,2,0,2
3832,Men,2025,Distance,1,1,0,1
24809,Men,2025,Distance,3,3,0,2
19403,Men,2025,Distance,2,2,0,2
11308,Men,2025,Distance,4,4,0,2
19417,Men,2025,Distance,2,2,0,1
2022,Men,2025,Distance,1,1,0,1
24808,Men,2025,Distance,3,3,0,2
2874,Men,2025,Distance,2,2,0,2
2005,Men,2025,Distance,3,3,0,2
2007,Men,2025,Distance,3,3,0,2
24595,Men,2025,Distance,7,7,0,5
468,Men,2025,Distance,3,3,0,3
25028,Men,2025,Distance,2,2,0,2
2045,Men,2025,Distance,2,2,0,2
22515,Men,2025,Distance,1,1,0,1
26077,Men,2025,Distance,1,1,0,1
22518,Men,2025,Distance,3,3,0,2
3393,Men,2025,Distance,1,1,0,1
7965,Men,2025,Distance,2,2,0,1
4901,Men,2025,Distance,1,1,0,1
4902,Men,2025,Distance,1,1,0,1
3477,Men,2025,Distance,1,1,0,1
22523,Men,2025,Distance,1,1,0,1
5139,Men,2025,Distance,2,2,0,2
723,Men,2025,Distance,2,2,0,2
18966,Men,2025,Distance,1,1,0,1
18964,Men,2025,Distance,2,2,0,2
683,Men,2025,Distance,2,2,0,2
18961,Men,2025,Distance,4,4,0,3
675,Men,2025,Distance,2,2,0,2
19377,Men,2025,Distance,2,2,0,2
716,Men,2025,Distance,1,1,0,1
19486,Men,2025,Distance,1,1,0,1
26493,Men,2025,Distance,1,1,0,1
2350,Men,2025,Distance,1,1,0,1
22401,Men,2025,Distance,1,1,0,1
689,Men,2025,Distance,5,5,0,3
709,Men,2025,Distance,3,3,0,2
731,Men,2025,Distance,2,2,0,2
4433,Men,2025,Distance,3,3,0,2
2749,Men,2025,Distance,1,1,0,1
26103,Men,2025,Distance,1,1,0,1
25167,Men,2025,Distance,3,3,0,2
3615,Men,2025,Distance,3,3,0,3
2560,Men,2025,Distance,3,3,0,2
24596,Men,2025,Distance,2,2,0,2
5568,Men,2025,Distance,3,3,0,2
26105,Men,2025,Distance,1,1,0,1
513,Men,2025,Distance,3,3,0,2
26093,Men,2025,Distance,1,1,0,1
2598,Men,2025,Distance,3,3,0,2
26106,Men,2025,Distance,1,1,0,1
26095,Men,2025,Distance,1,1,0,1
2596,Men,2025,Distance,2,2,0,2
5828,Men,2025,Distance,2,2,0,2
26107,Men,2025,Distance,1,1,0,1
11503,Men,2025,Distance,2,2,0,2
26108,Men,2025,Distance,3,3,0,2
26089,Men,2025,Distance,1,1,0,1
3613,Men,2025,Distance,1,1,0,1
2559,Men,2025,Distance,1,1,0,1
18975,Men,2025,Distance,1,1,0,1
25639,Men,2025,Distance,3,3,0,2
18969,Men,2025,Distance,2,2,0,2
673,Men,2025,Distance,7,7,0,3
26177,Men,2025,Distance,4,4,0,3
19386,Men,2025,Distance,2,2,0,2
8108,Men,2025,Distance,4,4,0,2
704,Men,2025,Distance,7,7,0,3
19384,Men,2025,Distance,5,5,0,3
3011,Men,2025,Distance,6,6,0,3
685,Men,2025,Distance,5,5,0,3
710,Men,2025,Distance,5,5,0,3
18977,Men,2025,Distance,7,7,0,3
5230,Men,2025,Distance,4,4,0,2
743,Men,2025,Distance,5,5,0,3
740,Men,2025,Distance,3,3,0,2
19013,Men,2025,Distance,6,6,0,3
794,Men,2025,Distance,3,3,0,2
466,Men,2025,Distance,6,6,0,3
667,Men,2025,Distance,5,5,0,3
2540,Men,2025,Distance,3,3,0,3
26182,Men,2025,Distance,4,4,0,3
19376,Men,2025,Distance,4,4,0,3
681,Men,2025,Distance,2,2,0,2
711,Men,2025,Distance,5,5,0,3
695,Men,2025,Distance,6,6,0,3
18986,Men,2025,Distance,1,1,0,1
19385,Men,2025,Distance,4,4,0,3
18971,Men,2025,Distance,3,3,0,2
19002,Men,2025,Distance,3,3,0,3
2608,Men,2025,Distance,6,6,0,3
19621,Men,2025,Distance,2,2,0,2
25911,Men,2025,Distance,2,2,0,2
25269,Men,2025,Distance,1,1,0,1
18879,Men,2025,Distance,2,2,0,2
23571,Men,2025,Distance,1,1,0,1
19641,Men,2025,Distance,2,2,0,2
926,Men,2025,Distance,2,2,0,2
18878,Men,2025,Distance,1,1,0,1
18901,Men,2025,Distance,1,1,0,1
18897,Men,2025,Distance,1,1,0,1
24654,Men,2025,Distance,1,1,0,1
26143,Men,2025,Distance,1,1,0,1
5736,Men,2025,Distance,1,1,0,1
25819,Men,2025,Distance,2,2,0,2
25793,Men,2025,Distance,2,2,0,2
1216,Men,2025,Distance,5,5,0,2
5271,Men,2025,Distance,3,3,0,2
3725,Men,2025,Distance,2,2,0,2
24917,Men,2025,Distance,1,1,0,1
22385,Men,2025,Distance,4,4,0,2
1201,Men,2025,Distance,1,1,0,1
93,Men,2025,Distance,1,1,0,1
102,Men,2025,Distance,4,4,0,4
22527,Men,2025,Distance,4,4,0,4
6370,Men,2025,Distance,1,1,0,1
26159,Men,2025,Distance,2,2,0,1
24677,Men,2025,Distance,1,1,0,1
11357,Men,2025,Distance,2,2,0,2
4397,Men,2025,Distance,3,3,0,2
1284,Men,2025,Distance,1,1,0,1
24678,Men,2025,Distance,1,1,0,1
1179,Men,2025,Distance,2,2,0,2
1198,Men,2025,Distance,3,3,0,2
145,Men,2025,Distance,2,2,0,1
8004,Men,2025,Distance,4,4,0,2
225,Men,2025,Distance,1,1,0,1
221,Men,2025,Distance,1,1,0,1
24686,Men,2025,Distance,1,1,0,1
23479,Men,2025,Distance,1,1,0,1
35,Men,2025,Distance,4,4,0,2
4603,Men,2025,Distance,1,1,0,1
26165,Men,2025,Distance,1,1,0,1
1,Men,2025,Distance,5,5,0,2
2,Men,2025,Distance,1,1,0,1
150,Men,2025,Distance,2,2,0,2
1294,Men,2025,Distance,1,1,0,1
18979,Men,2025,Distance,4,4,0,2
2584,Men,2025,Distance,5,5,0,2
3012,Men,2025,Distance,6,6,0,4
4303,Men,2025,Distance,4,4,0,2
25051,Men,2025,Distance,2,2,0,2
18989,Men,2025,Distance,2,2,0,2
734,Men,2025,Distance,3,3,0,2
11516,Men,2025,Distance,1,1,0,1
1612,Men,2025,Distance,7,7,0,3
666,Men,2025,Distance,1,1,0,1
669,Men,2025,Distance,4,4,0,2
26179,Men,2025,Distance,1,1,0,1
19375,Men,2025,Distance,4,4,0,2
5314,Men,2025,Distance,1,1,0,1
1558,Men,2025,Distance,5,5,0,4
26180,Men,2025,Distance,3,3,0,2
18745,Men,2025,Distance,4,4,0,3
23446,Men,2025,Distance,7,7,0,4
4432,Men,2025,Distance,2,2,0,2
26181,Men,2025,Distance,1,1,0,1
26183,Men,2025,Distance,2,2,0,1
712,Men,2025,Distance,1,1,0,1
702,Men,2025,Distance,1,1,0,1
26184,Men,2025,Distance,1,1,0,1
5220,Men,2025,Distance,3,3,0,2
738,Men,2025,Distance,1,1,0,1
19396,Men,2025,Distance,1,1,0,1
708,Men,2025,Distance,3,3,0,2
19007,Men,2025,Distance,5,5,0,2
778,Men,2025,Distance,3,3,0,2
24640,Men,2025,Distance,2,2,0,2
24637,Men,2025,Distance,2,2,0,2
455,Men,2025,Distance,2,2,0,2
24643,Men,2025,Distance,2,2,0,2
24463,Men,2025,Distance,1,1,0,1
4726,Men,2025,Distance,4,4,0,2
20441,Men,2025,Distance,3,3,0,2
20448,Men,2025,Distance,2,2,0,2
24464,Men,2025,Distance,2,2,0,2
26230,Men,2025,Distance,1,1,0,1
26231,Men,2025,Distance,1,1,0,1
26232,Men,2025,Distance,2,2,0,1
3434,Men,2025,Distance,2,2,0,2
18742,Men,2025,Distance,2,2,0,2
2059,Men,2025,Distance,1,1,0,1
24642,Men,2025,Distance,2,2,0,1
4910,Men,2025,Distance,3,3,0,2
4144,Men,2025,Distance,1,1,0,1
26508,Men,2025,Distance,1,1,0,1
7978,Men,2025,Distance,1,1,0,1
7982,Men,2025,Distance,3,3,0,2
7980,Men,2025,Distance,1,1,0,1
454,Men,2025,Distance,2,2,0,2
24863,Men,2025,Distance,1,1,0,1
676,Men,2025,Distance,5,5,0,2
16146,Men,2025,Distance,3,3,0,2
26513,Men,2025,Distance,3,3,0,2
24911,Men,2025,Distance,1,1,0,1
694,Men,2025,Distance,3,3,0,2
674,Men,2025,Distance,5,5,0,2
16118,Men,2025,Distance,3,3,0,2
16147,Men,2025,Distance,3,3,0,2
26522,Men,2025,Distance,1,1,0,1
123,Men,2025,Distance,2,2,0,1
127,Men,2025,Distance,2,2,0,1
8075,Men,2025,Distance,3,3,0,2
8059,Men,2025,Distance,6,6,0,2
8056,Men,2025,Distance,2,2,0,1
196,Men,2025,Distance,3,3,0,2
130,Men,2025,Distance,1,1,0,1
2193,Men,2025,Distance,3,3,0,2
8041,Men,2025,Distance,1,1,0,1
203,Men,2025,Distance,3,3,0,2
8065,Men,2025,Distance,2,2,0,1
24986,Men,2025,Distance,1,1,0,1
147,Men,2025,Distance,2,2,0,2
1562,Men,2025,Distance,3,3,0,2
26473,Men,2025,Distance,1,1,0,1
7738,Men,2025,Distance,1,1,0,1
26453,Men,2025,Distance,1,1,0,1
11508,Men,2025,Distance,1,1,0,1
26474,Men,2025,Distance,1,1,0,1
25121,Men,2025,Distance,1,1,0,1
5358,Men,2025,Distance,2,2,0,1
26467,Men,2025,Distance,1,1,0,1
26475,Men,2025,Distance,1,1,0,1
1554,Men,2025,Distance,1,1,0,1
19397,Men,2025,Distance,1,1,0,1
25171,Men,2025,Distance,1,1,0,1
26470,Men,2025,Distance,1,1,0,1
2561,Men,2025,Distance,2,2,0,2
26468,Men,2025,Distance,1,1,0,1
7725,Men,2025,Distance,2,2,0,2
7724,Men,2025,Distance,2,2,0,2
2497,Men,2025,Distance,1,1,0,1
7741,Men,2025,Distance,1,1,0,1
26487,Men,2025,Distance,1,1,0,1
2586,Men,2025,Distance,1,1,0,1
11492,Men,2025,Distance,1,1,0,1
26460,Men,2025,Distance,1,1,0,1
25118,Men,2025,Distance,4,4,0,3
2563,Men,2025,Distance,2,2,0,2
8038,Men,2025,Distance,3,3,0,2
26532,Men,2025,Distance,2,2,0,2
26535,Men,2025,Distance,1,1,0,1
3268,Men,2025,Distance,2,2,0,1
26536,Men,2025,Distance,1,1,0,1
539,Men,2025,Distance,3,3,0,3
2259,Men,2025,Distance,4,4,0,3
8146,Men,2025,Distance,4,4,0,4
382,Men,2025,Distance,4,4,0,4
1656,Men,2025,Distance,3,3,0,3
8147,Men,2025,Distance,3,3,0,3
26543,Men,2025,Distance,2,2,0,2
2555,Men,2025,Distance,2,2,0,1
26462,Men,2025,Distance,2,2,0,1
1597,Men,2025,Distance,2,2,0,2
26546,Men,2025,Distance,1,1,0,1
26626,Men,2025,Distance,2,2,0,1
26627,Men,2025,Distance,2,2,0,1
1715,Men,2025,Distance,2,2,0,1
395,Men,2025,Distance,2,2,0,1
11483,Men,2025,Distance,2,2,0,1
22384,Men,2025,Distance,2,2,0,1
700,Men,2025,Distance,2,2,0,1
23408,Men,2025,Distance,1,1,0,1
23472,Men,2025,Distance,2,2,0,1
11304,Men,2025,Distance,2,2,0,1
18965,Men,2025,Distance,2,2,0,1
5409,Men,2025,Distance,1,1,0,1
3054,Men,2025,Distance,2,2,0,1
18875,Men,2025,Distance,1,1,0,1
11394,Men,2025,Distance,2,2,0,1
18990,Men,2025,Distance,1,1,0,1
4191,Men,2025,Distance,2,2,0,1
706,Men,2025,Distance,2,2,0,1
11493,Men,2025,Distance,1,1,0,1
512,Men,2025,Distance,1,1,0,1
1842,Men,2025,Distance,1,1,0,1
1876,Men,2025,Distance,2,2,0,1
20431,Men,2025,Distance,2,2,0,1
2116,Men,2025,Distance,2,2,0,1
2553,Men,2025,Distance,2,2,0,1
26629,Men,2025,Distance,2,2,0,1
747,Men,2025,Distance,1,1,0,1
2539,Men,2025,Distance,1,1,0,1
507,Men,2025,Distance,2,2,0,1
11491,Men,2025,Distance,1,1,0,1
2111,Men,2025,Distance,2,2,0,1
705,Men,2025,Distance,3,3,0,1
2445,Men,2025,Distance,1,1,0,1
7726,Men,2025,Distance,2,2,0,1
18870,Men,2025,Distance,1,1,0,1
18744,Men,2025,Distance,2,2,0,1
11379,Men,2025,Distance,1,1,0,1
18731,Men,2025,Distance,2,2,0,1
521,Men,2025,Distance,1,1,0,1
8011,Men,2025,Distance,2,2,0,1
11514,Men,2025,Distance,2,2,0,1
24903,Men,2025,Distance,2,2,0,1
1855,Men,2025,Distance,1,1,0,1
18787,Men,2025,Distance,2,2,0,1
19404,Men,2025,Distance,2,2,0,1
22400,Men,2025,Distance,1,1,0,1
23429,Men,2025,Distance,2,2,0,1
1870,Men,2025,Distance,2,2,0,1
18991,Men,2025,Distance,2,2,0,1
38,Men,2025,Distance,2,2,0,1
25172,Men,2025,Distance,2,2,0,1
3451,Men,2025,Distance,1,1,0,1
11485,Men,2025,Distance,1,1,0,1
3859,Men,2025,Distance,1,1,0,1
2344,Men,2025,Distance,3,3,0,1
930,Men,2025,Distance,3,3,0,2
1858,Men,2025,Distance,1,1,0,1
18877,Men,2025,Distance,1,1,0,1
1853,Men,2025,Distance,2,2,0,1
2442,Men,2025,Distance,2,2,0,1
18738,Men,2025,Distance,2,2,0,1
20766,Men,2025,Distance,1,1,0,1
18288,Men,2025,Distance,2,2,0,1
25151,Men,2025,Distance,2,2,0,1
2177,Men,2025,Distance,2,2,0,1
24921,Men,2025,Distance,2,2,0,1
8014,Men,2025,Distance,1,1,0,1
8019,Men,2025,Distance,3,3,0,1
1251,Men,2025,Distance,3,3,0,1
8005,Men,2025,Distance,1,1,0,1
19631,Men,2025,Distance,2,2,0,1
188,Men,2025,Distance,3,3,0,1
2575,Men,2025,Distance,1,1,0,1
922,Men,2025,Distance,1,1,0,1
18876,Men,2025,Distance,1,1,0,1
161,Men,2025,Distance,4,4,0,1
2987,Men,2025,Distance,2,2,0,1
11405,Men,2025,Distance,2,2,0,1
21234,Men,2025,Distance,2,2,0,1
11395,Men,2025,Distance,2,2,0,1
3296,Men,2025,Distance,4,4,0,3
3073,Men,2025,Distance,1,1,0,1
1895,Men,2025,Distance,1,1,0,1
19424,Men,2025,Distance,2,2,0,1
938,Men,2025,Distance,2,2,0,1
693,Men,2025,Distance,1,1,0,1
11406,Men,2025,Distance,1,1,0,1
26631,Men,2025,Distance,1,1,0,1
16135,Men,2025,Distance,2,2,0,1
24569,Men,2025,Distance,2,2,0,1
25126,Men,2025,Distance,1,1,0,1
24905,Men,2025,Distance,2,2,0,1
16132,Men,2025,Distance,2,2,0,1
25194,Men,2025,Distance,1,1,0,1
19390,Men,2025,Distance,2,2,0,1
18319,Men,2025,Distance,2,2,0,1
16123,Men,2025,Distance,2,2,0,1
1299,Men,2025,Distance,2,2,0,1
18992,Men,2025,Distance,1,1,0,1
1609,Men,2025,Distance,2,2,0,1
19394,Men,2025,Distance,2,2,0,1
23592,Men,2025,Distance,1,1,0,1
4194,Men,2025,Distance,3,3,0,2
24711,Men,2025,Distance,2,2,0,1
3339,Men,2025,Distance,1,1,0,1
24399,Men,2025,Distance,2,2,0,1
7642,Men,2025,Distance,2,2,0,1
8099,Men,2025,Distance,2,2,0,1
11497,Men,2025,Distance,1,1,0,1
3082,Men,2025,Distance,2,2,0,1
18115,Men,2025,Distance,2,2,0,1
19001,Men,2025,Distance,2,2,0,1
2034,Men,2025,Distance,1,1,0,1
2455,Men,2025,Distance,1,1,0,1
1434,Men,2025,Distance,1,1,0,1
3155,Men,2025,Distance,1,1,0,1
5589,Men,2025,Distance,2,2,0,1
4854,Men,2025,Distance,2,2,0,1
18791,Men,2025,Distance,2,2,0,1
1887,Men,2025,Distance,1,1,0,1
3064,Men,2025,Distance,1,1,0,1
1379,Men,2025,Distance,2,2,0,1
7644,Men,2025,Distance,1,1,0,1
24554,Men,2025,Distance,2,2,0,1
786,Men,2025,Distance,2,2,0,1
25076,Men,2025,Distance,1,1,0,1
2367,Men,2025,Distance,2,2,0,1
25640,Men,2025,Distance,1,1,0,1
19434,Men,2025,Distance,1,1,0,1
2468,Men,2025,Distance,1,1,0,1
11359,Men,2025,Distance,2,2,0,1
3175,Men,2025,Distance,1,1,0,1
23485,Men,2025,Distance,2,2,0,1
19645,Men,2025,Distance,1,1,0,1
54,Men,2025,Distance,2,2,0,1
2051,Men,2025,Distance,2,2,0,1
23458,Men,2025,Distance,2,2,0,1
25849,Men,2025,Distance,1,1,0,1
25077,Men,2025,Distance,2,2,0,1
11520,Men,2025,Distance,1,1,0,1
3997,Men,2025,Distance,3,3,0,1
950,Men,2025,Distance,2,2,0,1
984,Men,2025,Distance,2,2,0,1
7975,Men,2025,Distance,1,1,0,1
26699,Men,2025,Distance,1,1,0,1
1712,Men,2025,Distance,1,1,0,1
2542,Men,2025,Distance,1,1,0,1
1815,Men,2025,Distance,1,1,0,1
310,Men,2025,Distance,2,2,0,1
868,Men,2025,Distance,2,2,0,2
3440,Men,2025,Distance,1,1,0,1
8,Men,2025,Distance,1,1,0,1
504,Men,2025,Distance,1,1,0,1
7,Men,2025,Distance,1,1,0,1
23423,Men,2025,Distance,1,1,0,1
2688,Men,2025,Distance,1,1,0,1
11310,Men,2025,Distance,2,2,0,1
16114,Men,2025,Distance,1,1,0,1
18250,Men,2025,Distance,1,1,0,1
699,Men,2025,Distance,1,1,0,1
2582,Men,2025,Distance,1,1,0,1
3543,Men,2025,Distance,1,1,0,1
18730,Men,2025,Distance,1,1,0,1
2566,Men,2025,Distance,1,1,0,1
23424,Men,2025,Distance,1,1,0,1
18963,Men,2025,Distance,1,1,0,1
4575,Men,2025,Distance,1,1,0,1
1213,Men,2025,Distance,1,1,0,1
7949,Men,2025,Distance,1,1,0,1
18562,Men,2025,Distance,1,1,0,1
11490,Men,2025,Distance,1,1,0,1
4732,Men,2025,Distance,1,1,0,1
2020,Men,2025,Distance,1,1,0,1
5932,Men,2025,Distance,1,1,0,1
1319,Men,2025,Distance,1,1,0,1
515,Men,2025,Distance,1,1,0,1
16115,Men,2025,Distance,1,1,0,1
18994,Men,2025,Distance,1,1,0,1
7735,Men,2025,Distance,1,1,0,1
23418,Men,2025,Distance,1,1,0,1
11507,Men,2025,Distance,1,1,0,1
728,Men,2025,Distance,1,1,0,1
11386,Men,2025,Distance,1,1,0,1
371,Men,2025,Distance,1,1,0,1
11422,Men,2025,Distance,1,1,0,1
1869,Men,2025,Distance,2,2,0,1
375,Men,2025,Distance,1,1,0,1
1341,Men,2025,Distance,1,1,0,1
26700,Men,2025,Distance,1,1,0,1
986,Men,2025,Distance,1,1,0,1
1323,Men,2025,Distance,1,1,0,1
18865,Men,2025,Distance,1,1,0,1
22379,Men,2025,Distance,1,1,0,1
25000,Men,2025,Distance,1,1,0,1
554,Men,2025,Distance,1,1,0,1
3547,Men,2025,Distance,1,1,0,1
4334,Men,2025,Distance,1,1,0,1
19627,Men,2025,Distance,1,1,0,1
1856,Men,2025,Distance,1,1,0,1
8060,Men,2025,Distance,1,1,0,1
26638,Men,2025,Distance,1,1,0,1
19003,Men,2025,Distance,1,1,0,1
24835,Men,2025,Distance,1,1,0,1
24661,Men,2025,Distance,1,1,0,1
26702,Men,2025,Distance,1,1,0,1
18564,Men,2025,Distance,1,1,0,1
1276,Men,2025,Distance,1,1,0,1
18915,Men,2025,Distance,1,1,0,1
26703,Men,2025,Distance,1,1,0,1
11413,Men,2025,Distance,1,1,0,1
24549,Men,2025,Distance,1,1,0,1
344,Men,2025,Distance,1,1,0,1
26618,Men,2025,Distance,1,1,0,1
25092,Men,2025,Distance,2,2,0,2
4722,Men,2025,Distance,1,1,0,1
529,Men,2025,Distance,1,1,0,1
5567,Men,2025,Distance,1,1,0,1
25029,Men,2025,Distance,1,1,0,1
24610,Men,2025,Distance,1,1,0,1
2365,Men,2025,Distance,1,1,0,1
25689,Men,2025,Distance,1,1,0,1
26704,Men,2025,Distance,1,1,0,1
7641,Men,2025,Distance,1,1,0,1
3415,Men,2025,Distance,1,1,0,1
21237,Men,2025,Distance,1,1,0,1
3709,Men,2025,Distance,1,1,0,1
552,Men,2025,Distance,1,1,0,1
26705,Men,2025,Distance,1,1,0,1
25180,Men,2025,Distance,1,1,0,1
24552,Men,2025,Distance,1,1,0,1
25233,Men,2025,Distance,2,2,0,1
26706,Men,2025,Distance,1,1,0,1
26544,Men,2025,Distance,1,1,0,1
2723,Men,2025,Distance,1,1,0,1
23574,Men,2025,Distance,1,1,0,1
327,Men,2025,Distance,1,1,0,1
8057,Men,2025,Distance,1,1,0,1
23581,Men,2025,Distance,1,1,0,1
3457,Men,2025,Distance,1,1,0,1
23417,Men,2025,Distance,1,1,0,1
527,Men,2025,Distance,1,1,0,1
4420,Men,2025,Distance,1,1,0,1
24417,Men,2025,Distance,1,1,0,1
528,Men,2025,Distance,1,1,0,1
2918,Men,2025,Distance,1,1,0,1
1260,Men,2025,Distance,1,1,0,1
1814,Men,2025,Distance,1,1,0,1
5010,Men,2025,Distance,1,1,0,1
26772,Men,2025,Distance,1,1,0,1
26773,Men,2025,Distance,1,1,0,1
5130,Men,2025,Distance,1,1,0,1
18565,Men,2025,Distance,2,2,0,1
2142,Men,2025,Distance,1,1,0,1
26774,Men,2025,Distance,1,1,0,1
1810,Men,2025,Distance,1,1,0,1
5013,Men,2025,Distance,1,1,0,1
23568,Men,2025,Distance,1,1,0,1
23583,Men,2025,Distance,1,1,0,1
885,Men,2025,Distance,1,1,0,1
18572,Men,2025,Distance,1,1,0,1
19646,Men,2025,Distance,1,1,0,1
19636,Men,2025,Distance,1,1,0,1
4488,Men,2025,Distance,1,1,0,1
19643,Men,2025,Distance,1,1,0,1
18590,Men,2025,Distance,1,1,0,1
18577,Men,2025,Distance,1,1,0,1
18570,Men,2025,Distance,1,1,0,1
28420,Men,2025,Distance,1,1,0,1
31008,Men,2025,Distance,2,2,0,2
4640,Men,2025,Distance,1,1,0,1
1663,Men,2025,Distance,4,4,0,2
2261,Men,2025,Distance,4,4,0,2
4628,Men,2025,Distance,3,3,0,3
2275,Men,2025,Distance,3,3,0,2
4037,Men,2025,Distance,1,1,0,1
19559,Men,2025,Distance,1,1,0,1
4626,Men,2025,Distance,1,1,0,1
21471,Men,2025,Distance,5,5,0,4
29350,Men,2025,Distance,1,1,0,1
10980,Men,2025,Distance,2,2,0,1
25550,Men,2025,Distance,1,1,0,1
2269,Men,2025,Distance,1,1,0,1
21474,Men,2025,Distance,1,1,0,1
27329,Men,2025,Distance,1,1,0,1
25230,Men,2025,Distance,1,1,0,1
3263,Men,2025,Distance,1,1,0,1
3267,Men,2025,Distance,3,3,0,2
30065,Men,2025,Distance,1,1,0,1
11417,Men,2025,Distance,1,1,0,1
3448,Men,2025,Distance,2,2,0,1
2654,Men,2025,Distance,1,1,0,1
18571,Men,2025,Distance,1,1,0,1
25817,Men,2025,Distance,1,1,0,1
759,Men,2025,Distance,1,1,0,1
4763,Women,2025,Distance,1,1,0,1
7971,Women,2025,Distance,1,1,0,1
3360,Women,2025,Distance,1,1,0,1
3369,Women,2025,Distance,1,1,0,1
3379,Women,2025,Distance,2,2,0,2
3460,Women,2025,Distance,2,2,0,2
18777,Women,2025,Distance,2,2,0,2
490,Women,2025,Distance,1,1,0,1
1458,Women,2025,Distance,1,1,0,1
1484,Women,2025,Distance,1,1,0,1
1497,Women,2025,Distance,1,1,0,1
7711,Women,2025,Distance,1,1,0,1
2703,Women,2025,Distance,1,1,0,1
5298,Women,2025,Distance,1,1,0,1
25189,Women,2025,Distance,2,2,0,2
25879,Women,2025,Distance,1,1,0,1
2934,Women,2025,Distance,1,1,0,1
20495,Women,2025,Distance,2,2,0,2
4631,Women,2025,Distance,3,3,0,2
25880,Women,2025,Distance,2,2,0,1
2940,Women,2025,Distance,1,1,0,1
2929,Women,2025,Distance,1,1,0,1
2924,Women,2025,Distance,5,5,0,3
2926,Women,2025,Distance,1,1,0,1
16156,Women,2025,Distance,3,3,0,2
16160,Women,2025,Distance,3,3,0,2
4234,Women,2025,Distance,2,2,0,1
2416,Women,2025,Distance,3,3,0,2
4665,Women,2025,Distance,3,3,0,2
2400,Women,2025,Distance,3,3,0,2
25994,Women,2025,Distance,1,1,0,1
2406,Women,2025,Distance,1,1,0,1
23392,Women,2025,Distance,2,2,0,2
2665,Women,2025,Distance,3,3,0,2
3240,Women,2025,Distance,5,5,0,3
22551,Women,2025,Distance,1,1,0,1
3250,Women,2025,Distance,4,4,0,3
22552,Women,2025,Distance,2,2,0,1
26002,Women,2025,Distance,1,1,0,1
22554,Women,2025,Distance,2,2,0,1
22558,Women,2025,Distance,2,2,0,1
26003,Women,2025,Distance,2,2,0,1
22557,Women,2025,Distance,1,1,0,1
26004,Women,2025,Distance,1,1,0,1
22587,Women,2025,Distance,1,1,0,1
1032,Women,2025,Distance,4,4,0,3
1020,Women,2025,Distance,2,2,0,1
3654,Women,2025,Distance,3,3,0,3
11432,Women,2025,Distance,1,1,0,1
24604,Women,2025,Distance,3,3,0,2
7999,Women,2025,Distance,2,2,0,2
25098,Women,2025,Distance,2,2,0,2
4655,Women,2025,Distance,3,3,0,2
360,Women,2025,Distance,1,1,0,1
19019,Women,2025,Distance,1,1,0,1
275,Women,2025,Distance,2,2,0,2
19446,Women,2025,Distance,4,4,0,2
1930,Women,2025,Distance,3,3,0,2
1953,Women,2025,Distance,4,4,0,2
11344,Women,2025,Distance,4,4,0,2
1946,Women,2025,Distance,3,3,0,2
1967,Women,2025,Distance,2,2,0,2
1957,Women,2025,Distance,3,3,0,2
1965,Women,2025,Distance,2,2,0,2
5144,Women,2025,Distance,2,2,0,1
5143,Women,2025,Distance,1,1,0,1
19477,Women,2025,Distance,1,1,0,1
25507,Women,2025,Distance,2,2,0,1
25506,Women,2025,Distance,1,1,0,1
2291,Women,2025,Distance,1,1,0,1
2931,Women,2025,Distance,1,1,0,1
3256,Women,2025,Distance,1,1,0,1
3371,Women,2025,Distance,1,1,0,1
26082,Women,2025,Distance,1,1,0,1
18935,Women,2025,Distance,2,2,0,2
575,Women,2025,Distance,1,1,0,1
578,Women,2025,Distance,2,2,0,2
620,Women,2025,Distance,2,2,0,2
3100,Women,2025,Distance,1,1,0,1
475,Women,2025,Distance,1,1,0,1
11466,Women,2025,Distance,2,2,0,2
26128,Women,2025,Distance,1,1,0,1
26087,Women,2025,Distance,1,1,0,1
3109,Women,2025,Distance,1,1,0,1
26129,Women,2025,Distance,2,2,0,2
25169,Women,2025,Distance,1,1,0,1
4552,Women,2025,Distance,1,1,0,1
570,Women,2025,Distance,4,4,0,3
18922,Women,2025,Distance,5,5,0,3
20409,Women,2025,Distance,4,4,0,2
18939,Women,2025,Distance,4,4,0,2
18925,Women,2025,Distance,2,2,0,2
647,Women,2025,Distance,2,2,0,2
26494,Women,2025,Distance,2,2,0,1
2534,Women,2025,Distance,5,5,0,3
577,Women,2025,Distance,6,6,0,3
621,Women,2025,Distance,4,4,0,3
5203,Women,2025,Distance,4,4,0,3
3000,Women,2025,Distance,4,4,0,3
26495,Women,2025,Distance,1,1,0,1
19367,Women,2025,Distance,3,3,0,3
655,Women,2025,Distance,2,2,0,2
25052,Women,2025,Distance,2,2,0,2
2081,Women,2025,Distance,3,3,0,2
25901,Women,2025,Distance,2,2,0,2
23922,Women,2025,Distance,1,1,0,1
1768,Women,2025,Distance,1,1,0,1
25349,Women,2025,Distance,1,1,0,1
5626,Women,2025,Distance,1,1,0,1
19490,Women,2025,Distance,2,2,0,1
11364,Women,2025,Distance,2,2,0,1
11365,Women,2025,Distance,2,2,0,1
26160,Women,2025,Distance,1,1,0,1
18741,Women,2025,Distance,1,1,0,1
18726,Women,2025,Distance,4,4,0,2
18727,Women,2025,Distance,2,2,0,2
24660,Women,2025,Distance,1,1,0,1
68,Women,2025,Distance,2,2,0,2
1116,Women,2025,Distance,1,1,0,1
19366,Women,2025,Distance,6,6,0,4
11470,Women,2025,Distance,5,5,0,4
26193,Women,2025,Distance,3,3,0,2
18931,Women,2025,Distance,4,4,0,2
26195,Women,2025,Distance,2,2,0,1
26196,Women,2025,Distance,1,1,0,1
638,Women,2025,Distance,2,2,0,2
26197,Women,2025,Distance,2,2,0,2
18930,Women,2025,Distance,1,1,0,1
2500,Women,2025,Distance,1,1,0,1
652,Women,2025,Distance,1,1,0,1
291,Women,2025,Distance,3,3,0,2
294,Women,2025,Distance,3,3,0,2
7992,Women,2025,Distance,2,2,0,1
7994,Women,2025,Distance,2,2,0,2
282,Women,2025,Distance,1,1,0,1
26228,Women,2025,Distance,2,2,0,2
576,Women,2025,Distance,1,1,0,1
16153,Women,2025,Distance,1,1,0,1
591,Women,2025,Distance,3,3,0,2
16157,Women,2025,Distance,2,2,0,2
583,Women,2025,Distance,1,1,0,1
22356,Women,2025,Distance,2,2,0,1
3368,Women,2025,Distance,2,2,0,1
22351,Women,2025,Distance,1,1,0,1
253,Women,2025,Distance,1,1,0,1
8123,Women,2025,Distance,1,1,0,1
26478,Women,2025,Distance,1,1,0,1
26459,Women,2025,Distance,3,3,0,2
4555,Women,2025,Distance,2,2,0,2
25162,Women,2025,Distance,1,1,0,1
3003,Women,2025,Distance,1,1,0,1
4549,Women,2025,Distance,5,5,0,3
4550,Women,2025,Distance,5,5,0,3
26456,Women,2025,Distance,1,1,0,1
25168,Women,2025,Distance,1,1,0,1
23394,Women,2025,Distance,1,1,0,1
7753,Women,2025,Distance,1,1,0,1
26479,Women,2025,Distance,1,1,0,1
26484,Women,2025,Distance,1,1,0,1
26485,Women,2025,Distance,1,1,0,1
5347,Women,2025,Distance,1,1,0,1
5180,Women,2025,Distance,1,1,0,1
2527,Women,2025,Distance,1,1,0,1
1466,Women,2025,Distance,1,1,0,1
256,Women,2025,Distance,1,1,0,1
2299,Women,2025,Distance,1,1,0,1
23526,Women,2025,Distance,1,1,0,1
3239,Women,2025,Distance,1,1,0,1
23527,Women,2025,Distance,1,1,0,1
2239,Women,2025,Distance,1,1,0,1
19505,Women,2025,Distance,2,2,0,2
2241,Women,2025,Distance,2,2,0,2
2240,Women,2025,Distance,3,3,0,3
2925,Women,2025,Distance,1,1,0,1
25123,Women,2025,Distance,2,2,0,1
4551,Women,2025,Distance,2,2,0,1
1478,Women,2025,Distance,2,2,0,2
3862,Women,2025,Distance,2,2,0,1
23882,Women,2025,Distance,1,1,0,1
23384,Women,2025,Distance,2,2,0,1
23462,Women,2025,Distance,1,1,0,1
18911,Women,2025,Distance,1,1,0,1
20764,Women,2025,Distance,2,2,0,1
18926,Women,2025,Distance,1,1,0,1
246,Women,2025,Distance,2,2,0,1
7746,Women,2025,Distance,2,2,0,1
3179,Women,2025,Distance,2,2,0,1
1929,Women,2025,Distance,1,1,0,1
19448,Women,2025,Distance,1,1,0,1
7705,Women,2025,Distance,1,1,0,1
11338,Women,2025,Distance,1,1,0,1
18596,Women,2025,Distance,1,1,0,1
25646,Women,2025,Distance,1,1,0,1
18938,Women,2025,Distance,1,1,0,1
580,Women,2025,Distance,1,1,0,1
3978,Women,2025,Distance,2,2,0,1
3504,Women,2025,Distance,2,2,0,1
1743,Women,2025,Distance,2,2,0,1
3586,Women,2025,Distance,1,1,0,1
3243,Women,2025,Distance,1,1,0,1
25870,Women,2025,Distance,1,1,0,1
8119,Women,2025,Distance,2,2,0,1
7947,Women,2025,Distance,1,1,0,1
11435,Women,2025,Distance,3,3,0,1
4116,Women,2025,Distance,1,1,0,1
4226,Women,2025,Distance,2,2,0,1
18950,Women,2025,Distance,1,1,0,1
2387,Women,2025,Distance,1,1,0,1
8125,Women,2025,Distance,2,2,0,1
1783,Women,2025,Distance,1,1,0,1
11447,Women,2025,Distance,2,2,0,1
26621,Women,2025,Distance,2,2,0,1
4766,Women,2025,Distance,2,2,0,1
3116,Women,2025,Distance,1,1,0,1
22371,Women,2025,Distance,1,1,0,1
2838,Women,2025,Distance,2,2,0,1
11458,Women,2025,Distance,1,1,0,1
18951,Women,2025,Distance,1,1,0,1
86,Women,2025,Distance,1,1,0,1
4241,Women,2025,Distance,2,2,0,1
2832,Women,2025,Distance,1,1,0,1
3004,Women,2025,Distance,1,1,0,1
26622,Women,2025,Distance,1,1,0,1
1769,Women,2025,Distance,1,1,0,1
2933,Women,2025,Distance,2,2,0,1
22372,Women,2025,Distance,1,1,0,1
18850,Women,2025,Distance,1,1,0,1
1756,Women,2025,Distance,2,2,0,1
448,Women,2025,Distance,2,2,0,1
302,Women,2025,Distance,2,2,0,1
26624,Women,2025,Distance,2,2,0,1
8000,Women,2025,Distance,1,1,0,1
1494,Women,2025,Distance,1,1,0,1
26625,Women,2025,Distance,1,1,0,1
8117,Women,2025,Distance,2,2,0,1
1765,Women,2025,Distance,1,1,0,1
1943,Women,2025,Distance,2,2,0,1
2408,Women,2025,Distance,2,2,0,1
11433,Women,2025,Distance,1,1,0,1
4092,Women,2025,Distance,2,2,0,1
25464,Women,2025,Distance,1,1,0,1
23566,Women,2025,Distance,1,1,0,1
6157,Women,2025,Distance,2,2,0,1
19463,Women,2025,Distance,2,2,0,1
643,Women,2025,Distance,1,1,0,1
24360,Women,2025,Distance,1,1,0,1
11362,Women,2025,Distance,2,2,0,1
4288,Women,2025,Distance,2,2,0,1
11295,Women,2025,Distance,2,2,0,1
2712,Women,2025,Distance,1,1,0,1
26198,Women,2025,Distance,2,2,0,1
11345,Women,2025,Distance,1,1,0,1
7945,Women,2025,Distance,1,1,0,1
23406,Women,2025,Distance,2,2,0,1
23467,Women,2025,Distance,2,2,0,1
8033,Women,2025,Distance,2,2,0,1
1781,Women,2025,Distance,1,1,0,1
21226,Women,2025,Distance,1,1,0,1
4223,Women,2025,Distance,2,2,0,1
497,Women,2025,Distance,1,1,0,1
2842,Women,2025,Distance,1,1,0,1
4673,Women,2025,Distance,1,1,0,1
309,Women,2025,Distance,2,2,0,1
307,Women,2025,Distance,2,2,0,1
1962,Women,2025,Distance,2,2,0,1
3655,Women,2025,Distance,1,1,0,1
18958,Women,2025,Distance,2,2,0,1
1983,Women,2025,Distance,2,2,0,1
1153,Women,2025,Distance,3,3,0,1
4263,Women,2025,Distance,1,1,0,1
18960,Women,2025,Distance,1,1,0,1
5345,Women,2025,Distance,2,2,0,1
1985,Women,2025,Distance,3,3,0,1
1987,Women,2025,Distance,1,1,0,1
25170,Women,2025,Distance,2,2,0,1
18841,Women,2025,Distance,1,1,0,1
980,Women,2025,Distance,1,1,0,1
24627,Women,2025,Distance,1,1,0,1
25266,Women,2025,Distance,1,1,0,1
2084,Women,2025,Distance,1,1,0,1
18932,Women,2025,Distance,1,1,0,1
24817,Women,2025,Distance,1,1,0,1
4227,Women,2025,Distance,1,1,0,1
3977,Women,2025,Distance,1,1,0,1
26611,Women,2025,Distance,1,1,0,1
25139,Women,2025,Distance,1,1,0,1
24958,Women,2025,Distance,1,1,0,1
4492,Women,2025,Distance,1,1,0,1
4106,Women,2025,Distance,1,1,0,1
618,Women,2025,Distance,1,1,0,1
1960,Women,2025,Distance,1,1,0,1
297,Women,2025,Distance,1,1,0,1
25661,Women,2025,Distance,1,1,0,1
2403,Women,2025,Distance,1,1,0,1
19471,Women,2025,Distance,1,1,0,1
20407,Women,2025,Distance,1,1,0,1
18913,Women,2025,Distance,1,1,0,1
1746,Women,2025,Distance,1,1,0,1
24715,Women,2025,Distance,1,1,0,1
5520,Women,2025,Distance,1,1,0,1
3033,Women,2025,Distance,1,1,0,1
1122,Women,2025,Distance,1,1,0,1
1776,Women,2025,Distance,1,1,0,1
5658,Women,2025,Distance,1,1,0,1
445,Women,2025,Distance,1,1,0,1
4115,Women,2025,Distance,1,1,0,1
3797,Women,2025,Distance,1,1,0,1
663,Women,2025,Distance,1,1,0,1
4818,Women,2025,Distance,1,1,0,1
18928,Women,2025,Distance,1,1,0,1
305,Women,2025,Distance,1,1,0,1
3098,Women,2025,Distance,1,1,0,1
1954,Women,2025,Distance,1,1,0,1
594,Women,2025,Distance,1,1,0,1
617,Women,2025,Distance,1,1,0,1
568,Women,2025,Distance,1,1,0,1
18912,Women,2025,Distance,1,1,0,1
3184,Women,2025,Distance,1,1,0,1
26770,Women,2025,Distance,1,1,0,1
26771,Women,2025,Distance,1,1,0,1
4960,Women,2025,Distance,1,1,0,1
18604,Women,2025,Distance,1,1,0,1
26792,Women,2025,Distance,1,1,0,1
26780,Women,2025,Distance,1,1,0,1
5067,Women,2025,Distance,1,1,0,1
4630,Women,2025,Distance,1,1,0,1
1617,Women,2025,Distance,3,3,0,3
19510,Women,2025,Distance,1,1,0,1
2245,Women,2025,Distance,3,3,0,3
4025,Women,2025,Distance,1,1,0,1
8183,Women,2025,Distance,2,2,0,2
2243,Women,2025,Distance,1,1,0,1
4811,Women,2025,Distance,1,1,0,1
4791,Women,2025,Distance,2,2,0,1
2242,Women,2025,Distance,1,1,0,1
25300,Women,2025,Distance,1,1,0,1
19512,Women,2025,Distance,2,2,0,1
2256,Women,2025,Distance,1,1,0,1
25617,Women,2025,Distance,1,1,0,1
11298,Women,2025,Distance,2,2,0,1
18288,Men,2026,Distance,2,2,0,2
1309,Men,2026,Distance,8,8,0,4
31371,Men,2026,Distance,1,1,0,1
29775,Men,2026,Distance,3,3,0,2
24909,Men,2026,Distance,2,2,0,2
30065,Men,2026,Distance,4,4,0,3
24568,Men,2026,Distance,5,5,0,4
27496,Men,2026,Distance,4,4,0,3
3713,Men,2026,Distance,3,3,0,2
28005,Men,2026,Distance,3,3,0,2
31373,Men,2026,Distance,1,1,0,1
2284,Men,2026,Distance,3,3,0,2
31374,Men,2026,Distance,1,1,0,1
2259,Men,2026,Distance,3,3,0,2
1658,Men,2026,Distance,2,2,0,2
28323,Men,2026,Distance,7,7,0,4
31201,Men,2026,Distance,4,4,0,3
31200,Men,2026,Distance,3,3,0,3
22592,Men,2026,Distance,2,2,0,1
5619,Men,2026,Distance,5,5,0,3
28361,Men,2026,Distance,2,2,0,2
22588,Men,2026,Distance,5,5,0,3
2302,Men,2026,Distance,3,3,0,3
29742,Men,2026,Distance,2,2,0,2
28364,Men,2026,Distance,1,1,0,1
2306,Men,2026,Distance,1,1,0,1
5161,Men,2026,Distance,2,2,0,1
26031,Men,2026,Distance,4,4,0,3
5154,Men,2026,Distance,2,2,0,2
31248,Men,2026,Distance,2,2,0,1
2316,Men,2026,Distance,2,2,0,2
31250,Men,2026,Distance,1,1,0,1
26036,Men,2026,Distance,1,1,0,1
28784,Men,2026,Distance,2,2,0,1
20497,Men,2026,Distance,1,1,0,1
5155,Men,2026,Distance,2,2,0,2
28785,Men,2026,Distance,1,1,0,1
20498,Men,2026,Distance,1,1,0,1
26704,Men,2026,Distance,1,1,0,1
4205,Men,2026,Distance,1,1,0,1
31273,Men,2026,Distance,1,1,0,1
26705,Men,2026,Distance,3,3,0,2
2946,Men,2026,Distance,3,3,0,2
3267,Men,2026,Distance,1,1,0,1
31274,Men,2026,Distance,1,1,0,1
3296,Men,2026,Distance,1,1,0,1
27908,Men,2026,Distance,2,2,0,2
29795,Men,2026,Distance,2,2,0,2
31004,Men,2026,Distance,1,1,0,1
11422,Men,2026,Distance,1,1,0,1
31425,Men,2026,Distance,1,1,0,1
31204,Men,2026,Distance,6,6,0,4
31311,Men,2026,Distance,5,5,0,3
30081,Men,2026,Distance,2,2,0,2
2174,Men,2026,Distance,1,1,0,1
730,Men,2026,Distance,2,2,0,2
30961,Men,2026,Distance,1,1,0,1
31262,Men,2026,Distance,1,1,0,1
9106,Men,2026,Distance,1,1,0,1
4704,Men,2026,Distance,2,2,0,2
703,Men,2026,Distance,1,1,0,1
1213,Men,2026,Distance,2,2,0,2
30004,Men,2026,Distance,2,2,0,2
27915,Men,2026,Distance,1,1,0,1
4191,Men,2026,Distance,1,1,0,1
18780,Men,2026,Distance,1,1,0,1
27000,Men,2026,Distance,9,9,0,5
26180,Men,2026,Distance,2,2,0,2
2464,Men,2026,Distance,1,1,0,1
26922,Men,2026,Distance,6,6,0,3
30348,Men,2026,Distance,1,1,0,1
4728,Men,2026,Distance,5,5,0,4
28327,Men,2026,Distance,5,5,0,2
31258,Men,2026,Distance,1,1,0,1
31386,Men,2026,Distance,1,1,0,1
18961,Men,2026,Distance,2,2,0,2
18978,Men,2026,Distance,1,1,0,1
705,Men,2026,Distance,5,5,0,3
7693,Men,2026,Distance,1,1,0,1
27840,Men,2026,Distance,1,1,0,1
1584,Men,2026,Distance,1,1,0,1
7950,Men,2026,Distance,6,6,0,3
2460,Men,2026,Distance,1,1,0,1
3142,Men,2026,Distance,2,2,0,1
7697,Men,2026,Distance,3,3,0,2
2754,Men,2026,Distance,1,1,0,1
27911,Men,2026,Distance,5,5,0,3
27029,Men,2026,Distance,2,2,0,1
16147,Men,2026,Distance,5,5,0,3
27949,Men,2026,Distance,2,2,0,2
31275,Men,2026,Distance,1,1,0,1
31388,Men,2026,Distance,3,3,0,2
26513,Men,2026,Distance,3,3,0,3
26921,Men,2026,Distance,3,3,0,2
4726,Men,2026,Distance,7,7,0,4
18968,Men,2026,Distance,2,2,0,1
25630,Men,2026,Distance,3,3,0,2
28321,Men,2026,Distance,2,2,0,1
31389,Men,2026,Distance,1,1,0,1
31041,Men,2026,Distance,1,1,0,1
674,Men,2026,Distance,6,6,0,3
26995,Men,2026,Distance,1,1,0,1
3859,Men,2026,Distance,1,1,0,1
26835,Men,2026,Distance,1,1,0,1
27014,Men,2026,Distance,6,6,0,4
31390,Men,2026,Distance,1,1,0,1
506,Men,2026,Distance,4,4,0,2
1557,Men,2026,Distance,1,1,0,1
7953,Men,2026,Distance,3,3,0,3
16118,Men,2026,Distance,5,5,0,3
26925,Men,2026,Distance,3,3,0,2
27920,Men,2026,Distance,1,1,0,1
27009,Men,2026,Distance,6,6,0,3
25471,Men,2026,Distance,2,2,0,1
26924,Men,2026,Distance,2,2,0,2
29750,Men,2026,Distance,2,2,0,2
27032,Men,2026,Distance,1,1,0,1
26840,Men,2026,Distance,1,1,0,1
27847,Men,2026,Distance,1,1,0,1
3175,Men,2026,Distance,2,2,0,2
25852,Men,2026,Distance,1,1,0,1
25627,Men,2026,Distance,1,1,0,1
675,Men,2026,Distance,3,3,0,2
18966,Men,2026,Distance,4,4,0,3
31040,Men,2026,Distance,2,2,0,2
27377,Men,2026,Distance,4,4,0,3
2173,Men,2026,Distance,1,1,0,1
731,Men,2026,Distance,2,2,0,2
2442,Men,2026,Distance,2,2,0,2
699,Men,2026,Distance,1,1,0,1
4732,Men,2026,Distance,1,1,0,1
31045,Men,2026,Distance,1,1,0,1
26839,Men,2026,Distance,2,2,0,2
16117,Men,2026,Distance,3,3,0,3
31392,Men,2026,Distance,1,1,0,1
18982,Men,2026,Distance,2,2,0,2
27907,Men,2026,Distance,3,3,0,3
2453,Men,2026,Distance,1,1,0,1
31043,Men,2026,Distance,3,3,0,2
31042,Men,2026,Distance,1,1,0,1
27030,Men,2026,Distance,1,1,0,1
31393,Men,2026,Distance,1,1,0,1
27393,Men,2026,Distance,2,2,0,1
27235,Men,2026,Distance,1,1,0,1
27330,Men,2026,Distance,3,3,0,2
2855,Men,2026,Distance,5,5,0,2
26967,Men,2026,Distance,6,6,0,3
27308,Men,2026,Distance,3,3,0,2
29735,Men,2026,Distance,3,3,0,2
27306,Men,2026,Distance,3,3,0,3
26966,Men,2026,Distance,3,3,0,2
3832,Men,2026,Distance,2,2,0,2
19424,Men,2026,Distance,3,3,0,2
29619,Men,2026,Distance,1,1,0,1
4910,Men,2026,Distance,4,4,0,2
7981,Men,2026,Distance,1,1,0,1
26507,Men,2026,Distance,3,3,0,2
7982,Men,2026,Distance,2,2,0,2
29880,Men,2026,Distance,1,1,0,1
27319,Men,2026,Distance,1,1,0,1
26968,Men,2026,Distance,2,2,0,2
2540,Men,2026,Distance,3,3,0,3
27386,Men,2026,Distance,3,3,0,2
717,Men,2026,Distance,5,5,0,3
5230,Men,2026,Distance,5,5,0,3
704,Men,2026,Distance,7,7,0,3
4432,Men,2026,Distance,1,1,0,1
31288,Men,2026,Distance,2,2,0,1
27399,Men,2026,Distance,2,2,0,2
728,Men,2026,Distance,1,1,0,1
1536,Men,2026,Distance,1,1,0,1
30285,Men,2026,Distance,1,1,0,1
504,Men,2026,Distance,1,1,0,1
11485,Men,2026,Distance,3,3,0,2
26998,Men,2026,Distance,4,4,0,3
11490,Men,2026,Distance,2,2,0,2
19002,Men,2026,Distance,2,2,0,2
27010,Men,2026,Distance,2,2,0,2
19385,Men,2026,Distance,2,2,0,2
27023,Men,2026,Distance,1,1,0,1
3015,Men,2026,Distance,2,2,0,2
27002,Men,2026,Distance,6,6,0,3
695,Men,2026,Distance,4,4,0,3
27017,Men,2026,Distance,5,5,0,3
25172,Men,2026,Distance,2,2,0,2
19384,Men,2026,Distance,3,3,0,3
778,Men,2026,Distance,4,4,0,3
19001,Men,2026,Distance,1,1,0,1
26895,Men,2026,Distance,2,2,0,1
29681,Men,2026,Distance,2,2,0,1
345,Men,2026,Distance,1,1,0,1
11289,Men,2026,Distance,1,1,0,1
364,Men,2026,Distance,1,1,0,1
24707,Men,2026,Distance,2,2,0,2
29312,Men,2026,Distance,1,1,0,1
340,Men,2026,Distance,3,3,0,2
30049,Men,2026,Distance,5,5,0,3
27299,Men,2026,Distance,3,3,0,2
19417,Men,2026,Distance,5,5,0,3
31410,Men,2026,Distance,1,1,0,1
3837,Men,2026,Distance,2,2,0,2
27313,Men,2026,Distance,3,3,0,2
368,Men,2026,Distance,4,4,0,3
367,Men,2026,Distance,5,5,0,4
27745,Men,2026,Distance,4,4,0,3
2311,Men,2026,Distance,2,2,0,2
29616,Men,2026,Distance,1,1,0,1
29618,Men,2026,Distance,3,3,0,2
7975,Men,2026,Distance,2,2,0,2
2303,Men,2026,Distance,1,1,0,1
5616,Men,2026,Distance,2,2,0,2
28782,Men,2026,Distance,2,2,0,2
31306,Men,2026,Distance,1,1,0,1
27088,Men,2026,Distance,3,3,0,2
31173,Men,2026,Distance,1,1,0,1
31423,Men,2026,Distance,1,1,0,1
22385,Men,2026,Distance,3,3,0,2
26972,Men,2026,Distance,2,2,0,1
31459,Men,2026,Distance,2,2,0,1
2003,Men,2026,Distance,4,4,0,2
30057,Men,2026,Distance,2,2,0,2
27176,Men,2026,Distance,2,2,0,1
27475,Men,2026,Distance,2,2,0,1
29794,Men,2026,Distance,1,1,0,1
30005,Men,2026,Distance,1,1,0,1
27487,Men,2026,Distance,2,2,0,1
27516,Men,2026,Distance,2,2,0,1
1231,Men,2026,Distance,2,2,0,1
27500,Men,2026,Distance,1,1,0,1
24859,Men,2026,Distance,1,1,0,1
11400,Men,2026,Distance,3,3,0,2
19486,Men,2026,Distance,1,1,0,1
27177,Men,2026,Distance,1,1,0,1
27988,Men,2026,Distance,1,1,0,1
29796,Men,2026,Distance,1,1,0,1
31319,Men,2026,Distance,1,1,0,1
26627,Men,2026,Distance,5,5,0,3
102,Men,2026,Distance,2,2,0,1
2965,Men,2026,Distance,1,1,0,1
29753,Men,2026,Distance,2,2,0,2
1704,Men,2026,Distance,3,3,0,2
27501,Men,2026,Distance,2,2,0,2
27485,Men,2026,Distance,3,3,0,3
1179,Men,2026,Distance,3,3,0,3
2970,Men,2026,Distance,1,1,0,1
4449,Men,2026,Distance,1,1,0,1
3169,Men,2026,Distance,4,4,0,3
30123,Men,2026,Distance,1,1,0,1
23476,Men,2026,Distance,3,3,0,2
27294,Men,2026,Distance,4,4,0,3
28295,Men,2026,Distance,3,3,0,2
11307,Men,2026,Distance,4,4,0,2
1999,Men,2026,Distance,2,2,0,2
2871,Men,2026,Distance,1,1,0,1
25014,Men,2026,Distance,2,2,0,2
27298,Men,2026,Distance,2,2,0,2
437,Men,2026,Distance,3,3,0,2
29779,Men,2026,Distance,1,1,0,1
26978,Men,2026,Distance,2,2,0,2
539,Men,2026,Distance,3,3,0,2
31468,Men,2026,Distance,3,3,0,2
27297,Men,2026,Distance,1,1,0,1
26979,Men,2026,Distance,1,1,0,1
416,Men,2026,Distance,1,1,0,1
28292,Men,2026,Distance,1,1,0,1
421,Men,2026,Distance,1,1,0,1
429,Men,2026,Distance,3,3,0,2
24595,Men,2026,Distance,3,3,0,2
27953,Men,2026,Distance,4,4,0,2
1,Men,2026,Distance,5,5,0,2
7,Men,2026,Distance,4,4,0,4
31036,Men,2026,Distance,1,1,0,1
2566,Men,2026,Distance,2,2,0,2
31037,Men,2026,Distance,1,1,0,1
529,Men,2026,Distance,3,3,0,2
28542,Men,2026,Distance,3,3,0,2
31031,Men,2026,Distance,1,1,0,1
26112,Men,2026,Distance,1,1,0,1
26097,Men,2026,Distance,3,3,0,2
26089,Men,2026,Distance,2,2,0,1
25855,Men,2026,Distance,2,2,0,1
27396,Men,2026,Distance,3,3,0,2
31431,Men,2026,Distance,1,1,0,1
31342,Men,2026,Distance,1,1,0,1
31343,Men,2026,Distance,1,1,0,1
25677,Men,2026,Distance,1,1,0,1
760,Men,2026,Distance,5,5,0,2
27236,Men,2026,Distance,2,2,0,1
2608,Men,2026,Distance,3,3,0,2
2553,Men,2026,Distance,3,3,0,2
3615,Men,2026,Distance,1,1,0,1
27383,Men,2026,Distance,2,2,0,2
3596,Men,2026,Distance,1,1,0,1
29205,Men,2026,Distance,1,1,0,1
557,Men,2026,Distance,1,1,0,1
31032,Men,2026,Distance,1,1,0,1
31038,Men,2026,Distance,1,1,0,1
7954,Men,2026,Distance,2,2,0,2
551,Men,2026,Distance,2,2,0,1
26919,Men,2026,Distance,2,2,0,2
531,Men,2026,Distance,1,1,0,1
11507,Men,2026,Distance,1,1,0,1
5215,Men,2026,Distance,1,1,0,1
18975,Men,2026,Distance,1,1,0,1
31025,Men,2026,Distance,1,1,0,1
27384,Men,2026,Distance,1,1,0,1
737,Men,2026,Distance,1,1,0,1
23458,Men,2026,Distance,1,1,0,1
19375,Men,2026,Distance,2,2,0,2
5137,Men,2026,Distance,3,3,0,2
5139,Men,2026,Distance,2,2,0,1
3298,Men,2026,Distance,2,2,0,1
28690,Men,2026,Distance,2,2,0,1
26006,Men,2026,Distance,2,2,0,1
28694,Men,2026,Distance,2,2,0,1
22524,Men,2026,Distance,1,1,0,1
1715,Men,2026,Distance,4,4,0,2
29741,Men,2026,Distance,1,1,0,1
28365,Men,2026,Distance,1,1,0,1
28360,Men,2026,Distance,2,2,0,1
31098,Men,2026,Distance,1,1,0,1
706,Men,2026,Distance,3,3,0,2
714,Men,2026,Distance,2,2,0,1
5565,Men,2026,Distance,1,1,0,1
16120,Men,2026,Distance,1,1,0,1
31107,Men,2026,Distance,1,1,0,1
25491,Men,2026,Distance,1,1,0,1
27094,Men,2026,Distance,1,1,0,1
2803,Men,2026,Distance,1,1,0,1
30055,Men,2026,Distance,2,2,0,1
2474,Men,2026,Distance,2,2,0,1
27914,Men,2026,Distance,2,2,0,1
16132,Men,2026,Distance,4,4,0,2
2456,Men,2026,Distance,4,4,0,2
30007,Men,2026,Distance,2,2,0,1
24594,Men,2026,Distance,4,4,0,2
30988,Men,2026,Distance,2,2,0,2
29211,Men,2026,Distance,2,2,0,1
2469,Men,2026,Distance,4,4,0,2
2463,Men,2026,Distance,2,2,0,2
16141,Men,2026,Distance,4,4,0,2
31110,Men,2026,Distance,1,1,0,1
27203,Men,2026,Distance,1,1,0,1
2470,Men,2026,Distance,2,2,0,2
2897,Men,2026,Distance,2,2,0,2
2438,Men,2026,Distance,2,2,0,2
27209,Men,2026,Distance,3,3,0,2
26932,Men,2026,Distance,2,2,0,2
31356,Men,2026,Distance,1,1,0,1
31358,Men,2026,Distance,1,1,0,1
19496,Men,2026,Distance,1,1,0,1
3787,Men,2026,Distance,1,1,0,1
8038,Men,2026,Distance,5,5,0,3
8058,Men,2026,Distance,4,4,0,2
27574,Men,2026,Distance,2,2,0,1
28411,Men,2026,Distance,1,1,0,1
1657,Men,2026,Distance,2,2,0,2
1656,Men,2026,Distance,3,3,0,2
31375,Men,2026,Distance,1,1,0,1
31171,Men,2026,Distance,1,1,0,1
1525,Men,2026,Distance,1,1,0,1
31366,Men,2026,Distance,2,2,0,2
27584,Men,2026,Distance,4,4,0,2
20468,Men,2026,Distance,3,3,0,2
30415,Men,2026,Distance,3,3,0,2
6193,Men,2026,Distance,2,2,0,1
2561,Men,2026,Distance,1,1,0,1
20477,Men,2026,Distance,2,2,0,2
4573,Men,2026,Distance,1,1,0,1
18742,Men,2026,Distance,1,1,0,1
27372,Men,2026,Distance,1,1,0,1
2582,Men,2026,Distance,1,1,0,1
27385,Men,2026,Distance,1,1,0,1
1562,Men,2026,Distance,1,1,0,1
7724,Men,2026,Distance,2,2,0,1
7726,Men,2026,Distance,1,1,0,1
7725,Men,2026,Distance,1,1,0,1
45,Men,2026,Distance,5,5,0,2
8068,Men,2026,Distance,2,2,0,2
60,Men,2026,Distance,1,1,0,1
1534,Men,2026,Distance,1,1,0,1
28420,Men,2026,Distance,1,1,0,1
135,Men,2026,Distance,4,4,0,2
23472,Men,2026,Distance,5,5,0,2
28296,Men,2026,Distance,4,4,0,2
24700,Men,2026,Distance,2,2,0,1
2030,Men,2026,Distance,1,1,0,1
31361,Men,2026,Distance,3,3,0,2
30434,Men,2026,Distance,1,1,0,1
153,Men,2026,Distance,2,2,0,2
8064,Men,2026,Distance,1,1,0,1
142,Men,2026,Distance,2,2,0,2
27573,Men,2026,Distance,1,1,0,1
26,Men,2026,Distance,4,4,0,2
4865,Men,2026,Distance,2,2,0,2
49,Men,2026,Distance,1,1,0,1
2258,Men,2026,Distance,2,2,0,1
3442,Men,2026,Distance,2,2,0,1
27114,Men,2026,Distance,2,2,0,1
19529,Men,2026,Distance,2,2,0,1
2002,Men,2026,Distance,1,1,0,1
27325,Men,2026,Distance,2,2,0,1
3393,Men,2026,Distance,2,2,0,1
28257,Men,2026,Distance,3,3,0,1
22517,Men,2026,Distance,2,2,0,1
27690,Men,2026,Distance,2,2,0,1
2260,Men,2026,Distance,2,2,0,1
19539,Men,2026,Distance,2,2,0,1
2111,Men,2026,Distance,2,2,0,1
166,Men,2026,Distance,2,2,0,1
27557,Men,2026,Distance,2,2,0,1
530,Men,2026,Distance,2,2,0,1
8065,Men,2026,Distance,2,2,0,1
2261,Men,2026,Distance,2,2,0,1
8057,Men,2026,Distance,2,2,0,1
31511,Men,2026,Distance,2,2,0,1
28367,Men,2026,Distance,2,2,0,1
8095,Men,2026,Distance,2,2,0,1
18878,Men,2026,Distance,3,3,0,1
1631,Men,2026,Distance,2,2,0,1
19410,Men,2026,Distance,1,1,0,1
29850,Men,2026,Distance,1,1,0,1
2059,Men,2026,Distance,1,1,0,1
8046,Men,2026,Distance,1,1,0,1
18577,Men,2026,Distance,2,2,0,1
1870,Men,2026,Distance,2,2,0,1
1853,Men,2026,Distance,2,2,0,1
471,Men,2026,Distance,2,2,0,1
5583,Men,2026,Distance,1,1,0,1
26908,Men,2026,Distance,2,2,0,1
1995,Men,2026,Distance,2,2,0,1
188,Men,2026,Distance,2,2,0,1
28065,Men,2026,Distance,2,2,0,1
27565,Men,2026,Distance,2,2,0,1
24555,Men,2026,Distance,2,2,0,1
31514,Men,2026,Distance,2,2,0,1
2987,Men,2026,Distance,2,2,0,1
24987,Men,2026,Distance,2,2,0,1
27752,Men,2026,Distance,1,1,0,1
25,Men,2026,Distance,2,2,0,1
2036,Men,2026,Distance,1,1,0,1
27757,Men,2026,Distance,1,1,0,1
5665,Men,2026,Distance,3,3,0,1
3410,Men,2026,Distance,1,1,0,1
3082,Men,2026,Distance,2,2,0,1
27961,Men,2026,Distance,2,2,0,1
16115,Men,2026,Distance,2,2,0,1
18892,Men,2026,Distance,1,1,0,1
984,Men,2026,Distance,3,3,0,1
2354,Men,2026,Distance,3,3,0,1
31515,Men,2026,Distance,1,1,0,1
2268,Men,2026,Distance,2,2,0,1
27216,Men,2026,Distance,2,2,0,1
507,Men,2026,Distance,2,2,0,1
2116,Men,2026,Distance,2,2,0,1
26907,Men,2026,Distance,2,2,0,1
18919,Men,2026,Distance,2,2,0,1
24998,Men,2026,Distance,2,2,0,1
26505,Men,2026,Distance,1,1,0,1
11370,Men,2026,Distance,2,2,0,1
18201,Men,2026,Distance,1,1,0,1
4182,Men,2026,Distance,1,1,0,1
28826,Men,2026,Distance,2,2,0,1
2907,Men,2026,Distance,2,2,0,1
11395,Men,2026,Distance,2,2,0,1
3407,Men,2026,Distance,2,2,0,1
8014,Men,2026,Distance,2,2,0,1
4848,Men,2026,Distance,2,2,0,1
27018,Men,2026,Distance,2,2,0,1
31512,Men,2026,Distance,2,2,0,1
18991,Men,2026,Distance,2,2,0,1
1632,Men,2026,Distance,2,2,0,1
30139,Men,2026,Distance,1,1,0,1
28071,Men,2026,Distance,1,1,0,1
31513,Men,2026,Distance,2,2,0,1
24986,Men,2026,Distance,2,2,0,1
4901,Men,2026,Distance,2,2,0,1
27560,Men,2026,Distance,2,2,0,1
27454,Men,2026,Distance,2,2,0,1
27701,Men,2026,Distance,2,2,0,1
27502,Men,2026,Distance,2,2,0,1
7965,Men,2026,Distance,2,2,0,1
23417,Men,2026,Distance,1,1,0,1
30439,Men,2026,Distance,1,1,0,1
27461,Men,2026,Distance,3,3,0,1
24808,Men,2026,Distance,2,2,0,1
333,Men,2026,Distance,2,2,0,1
27089,Men,2026,Distance,2,2,0,1
30109,Men,2026,Distance,2,2,0,1
29736,Men,2026,Distance,1,1,0,1
8099,Men,2026,Distance,2,2,0,1
24554,Men,2026,Distance,2,2,0,1
1652,Men,2026,Distance,3,3,0,1
2344,Men,2026,Distance,1,1,0,1
334,Men,2026,Distance,3,3,0,1
18791,Men,2026,Distance,3,3,0,1
28303,Men,2026,Distance,1,1,0,1
4081,Men,2026,Distance,2,2,0,1
30172,Men,2026,Distance,1,1,0,1
27143,Men,2026,Distance,1,1,0,1
27139,Men,2026,Distance,1,1,0,1
25077,Men,2026,Distance,1,1,0,1
5589,Men,2026,Distance,2,2,0,1
31516,Men,2026,Distance,2,2,0,1
29293,Men,2026,Distance,1,1,0,1
5559,Men,2026,Distance,1,1,0,1
2193,Men,2026,Distance,1,1,0,1
29780,Men,2026,Distance,2,2,0,2
27989,Men,2026,Distance,1,1,0,1
3440,Men,2026,Distance,1,1,0,1
2013,Men,2026,Distance,2,2,0,2
11300,Men,2026,Distance,1,1,0,1
29685,Men,2026,Distance,1,1,0,1
1811,Men,2026,Distance,1,1,0,1
28052,Men,2026,Distance,1,1,0,1
2275,Men,2026,Distance,1,1,0,1
18870,Men,2026,Distance,1,1,0,1
681,Men,2026,Distance,1,1,0,1
4082,Men,2026,Distance,1,1,0,1
31530,Men,2026,Distance,1,1,0,1
986,Men,2026,Distance,1,1,0,1
26981,Men,2026,Distance,1,1,0,1
35,Men,2026,Distance,2,2,0,2
27119,Men,2026,Distance,1,1,0,1
27471,Men,2026,Distance,1,1,0,1
26982,Men,2026,Distance,1,1,0,1
1869,Men,2026,Distance,1,1,0,1
18738,Men,2026,Distance,1,1,0,1
29313,Men,2026,Distance,1,1,0,1
27698,Men,2026,Distance,1,1,0,1
31548,Men,2026,Distance,1,1,0,1
3224,Men,2026,Distance,1,1,0,1
23594,Men,2026,Distance,1,1,0,1
2788,Men,2026,Distance,1,1,0,1
2142,Men,2026,Distance,1,1,0,1
1650,Men,2026,Distance,1,1,0,1
25800,Men,2026,Distance,2,2,0,1
28744,Men,2026,Distance,2,2,0,1
24979,Men,2026,Distance,1,1,0,1
29607,Men,2026,Distance,2,2,0,2
11372,Men,2026,Distance,1,1,0,1
5598,Men,2026,Distance,1,1,0,1
18736,Men,2026,Distance,1,1,0,1
1639,Men,2026,Distance,1,1,0,1
31520,Men,2026,Distance,1,1,0,1
26894,Men,2026,Distance,1,1,0,1
26618,Men,2026,Distance,2,2,0,1
28379,Men,2026,Distance,1,1,0,1
31529,Men,2026,Distance,1,1,0,1
31549,Men,2026,Distance,1,1,0,1
28827,Men,2026,Distance,1,1,0,1
5828,Men,2026,Distance,1,1,0,1
25076,Men,2026,Distance,1,1,0,1
27295,Men,2026,Distance,1,1,0,1
30181,Men,2026,Distance,1,1,0,1
31479,Men,2026,Distance,1,1,0,1
4418,Men,2026,Distance,1,1,0,1
24549,Men,2026,Distance,1,1,0,1
31499,Men,2026,Distance,1,1,0,1
29633,Men,2026,Distance,1,1,0,1
964,Men,2026,Distance,1,1,0,1
3996,Men,2026,Distance,1,1,0,1
27758,Men,2026,Distance,1,1,0,1
31550,Men,2026,Distance,1,1,0,1
27296,Men,2026,Distance,1,1,0,1
4397,Men,2026,Distance,1,1,0,1
3011,Men,2026,Distance,1,1,0,1
8022,Men,2026,Distance,1,1,0,1
18872,Men,2026,Distance,1,1,0,1
27214,Men,2026,Distance,2,2,0,2
2032,Men,2026,Distance,1,1,0,1
19437,Men,2026,Distance,1,1,0,1
3602,Men,2026,Distance,1,1,0,1
2168,Men,2026,Distance,1,1,0,1
28318,Men,2026,Distance,2,2,0,1
31554,Men,2026,Distance,1,1,0,1
28749,Men,2026,Distance,1,1,0,1
27206,Men,2026,Distance,1,1,0,1
31560,Men,2026,Distance,1,1,0,1
27979,Men,2026,Distance,1,1,0,1
2467,Men,2026,Distance,2,2,0,1
27205,Men,2026,Distance,2,2,0,1
2437,Men,2026,Distance,1,1,0,1
27204,Men,2026,Distance,1,1,0,1
24997,Men,2026,Distance,1,1,0,1
20469,Men,2026,Distance,1,1,0,1
31746,Men,2026,Distance,1,1,0,1
8016,Men,2026,Distance,1,1,0,1
31752,Men,2026,Distance,1,1,0,1
3960,Men,2026,Distance,3,3,0,1
2799,Men,2026,Distance,1,1,0,1
2798,Men,2026,Distance,1,1,0,1
31754,Men,2026,Distance,2,2,0,1
2804,Men,2026,Distance,2,2,0,1
2806,Men,2026,Distance,1,1,0,1
2802,Men,2026,Distance,1,1,0,1
28314,Men,2026,Distance,1,1,0,1
8146,Men,2026,Distance,1,1,0,1
25550,Men,2026,Distance,1,1,0,1
27183,Men,2026,Distance,1,1,0,1
31774,Men,2026,Distance,1,1,0,1
25229,Men,2026,Distance,1,1,0,1
27479,Men,2026,Distance,1,1,0,1
5626,Women,2026,Distance,2,2,0,2
1020,Women,2026,Distance,8,8,0,3
31372,Women,2026,Distance,2,2,0,2
31207,Women,2026,Distance,3,3,0,2
31203,Women,2026,Distance,5,5,0,3
28355,Women,2026,Distance,4,4,0,3
22598,Women,2026,Distance,3,3,0,3
28357,Women,2026,Distance,4,4,0,3
25507,Women,2026,Distance,2,2,0,1
31251,Women,2026,Distance,1,1,0,1
31249,Women,2026,Distance,2,2,0,2
30153,Women,2026,Distance,1,1,0,1
16158,Women,2026,Distance,3,3,0,2
2380,Women,2026,Distance,2,2,0,2
20405,Women,2026,Distance,1,1,0,1
7705,Women,2026,Distance,2,2,0,2
28267,Women,2026,Distance,3,3,0,2
1497,Women,2026,Distance,2,2,0,2
1458,Women,2026,Distance,1,1,0,1
31082,Women,2026,Distance,3,3,0,3
26824,Women,2026,Distance,4,4,0,2
3100,Women,2026,Distance,2,2,0,2
604,Women,2026,Distance,1,1,0,1
31266,Women,2026,Distance,1,1,0,1
23530,Women,2026,Distance,1,1,0,1
31276,Women,2026,Distance,3,3,0,2
25196,Women,2026,Distance,1,1,0,1
29240,Women,2026,Distance,1,1,0,1
28703,Women,2026,Distance,2,2,0,1
31277,Women,2026,Distance,1,1,0,1
28858,Women,2026,Distance,1,1,0,1
30156,Women,2026,Distance,1,1,0,1
28272,Women,2026,Distance,2,2,0,2
28269,Women,2026,Distance,2,2,0,1
28265,Women,2026,Distance,2,2,0,1
28512,Women,2026,Distance,2,2,0,1
1153,Women,2026,Distance,1,1,0,1
575,Women,2026,Distance,2,2,0,2
31400,Women,2026,Distance,1,1,0,1
31265,Women,2026,Distance,1,1,0,1
30361,Women,2026,Distance,1,1,0,1
27868,Women,2026,Distance,1,1,0,1
16157,Women,2026,Distance,3,3,0,2
643,Women,2026,Distance,1,1,0,1
16166,Women,2026,Distance,2,2,0,1
27942,Women,2026,Distance,6,6,0,3
27867,Women,2026,Distance,1,1,0,1
4237,Women,2026,Distance,1,1,0,1
26827,Women,2026,Distance,2,2,0,2
16169,Women,2026,Distance,1,1,0,1
26830,Women,2026,Distance,2,2,0,2
31402,Women,2026,Distance,1,1,0,1
27874,Women,2026,Distance,1,1,0,1
5345,Women,2026,Distance,2,2,0,2
567,Women,2026,Distance,4,4,0,3
27048,Women,2026,Distance,1,1,0,1
31403,Women,2026,Distance,1,1,0,1
28273,Women,2026,Distance,1,1,0,1
31077,Women,2026,Distance,4,4,0,3
25635,Women,2026,Distance,1,1,0,1
7704,Women,2026,Distance,1,1,0,1
26825,Women,2026,Distance,2,2,0,2
20764,Women,2026,Distance,6,6,0,3
2384,Women,2026,Distance,1,1,0,1
30368,Women,2026,Distance,1,1,0,1
28080,Women,2026,Distance,1,1,0,1
30031,Women,2026,Distance,1,1,0,1
31401,Women,2026,Distance,1,1,0,1
4241,Women,2026,Distance,3,3,0,2
2387,Women,2026,Distance,1,1,0,1
31083,Women,2026,Distance,2,2,0,2
28513,Women,2026,Distance,1,1,0,1
4669,Women,2026,Distance,1,1,0,1
25464,Women,2026,Distance,1,1,0,1
27933,Women,2026,Distance,1,1,0,1
31102,Women,2026,Distance,3,3,0,2
26829,Women,2026,Distance,1,1,0,1
16163,Women,2026,Distance,1,1,0,1
26930,Women,2026,Distance,2,2,0,2
26951,Women,2026,Distance,4,4,0,2
26873,Women,2026,Distance,2,2,0,2
7989,Women,2026,Distance,2,2,0,2
29628,Women,2026,Distance,4,4,0,2
27261,Women,2026,Distance,2,2,0,1
27279,Women,2026,Distance,2,2,0,2
31417,Women,2026,Distance,2,2,0,2
27345,Women,2026,Distance,2,2,0,1
20409,Women,2026,Distance,3,3,0,2
29849,Women,2026,Distance,4,4,0,2
5202,Women,2026,Distance,3,3,0,2
31297,Women,2026,Distance,1,1,0,1
6157,Women,2026,Distance,4,4,0,3
652,Women,2026,Distance,2,2,0,2
568,Women,2026,Distance,1,1,0,1
29851,Women,2026,Distance,3,3,0,3
3116,Women,2026,Distance,1,1,0,1
27058,Women,2026,Distance,5,5,0,3
18931,Women,2026,Distance,5,5,0,3
18939,Women,2026,Distance,3,3,0,2
27370,Women,2026,Distance,1,1,0,1
26885,Women,2026,Distance,1,1,0,1
26937,Women,2026,Distance,5,5,0,4
31303,Women,2026,Distance,4,4,0,3
27747,Women,2026,Distance,4,4,0,4
18760,Women,2026,Distance,4,4,0,4
3431,Women,2026,Distance,2,2,0,2
27252,Women,2026,Distance,3,3,0,2
26941,Women,2026,Distance,6,6,0,4
31304,Women,2026,Distance,3,3,0,3
25098,Women,2026,Distance,5,5,0,3
27746,Women,2026,Distance,3,3,0,3
26938,Women,2026,Distance,3,3,0,3
26936,Women,2026,Distance,3,3,0,2
28359,Women,2026,Distance,2,2,0,2
28354,Women,2026,Distance,2,2,0,2
31097,Women,2026,Distance,3,3,0,2
31411,Women,2026,Distance,1,1,0,1
1946,Women,2026,Distance,4,4,0,3
30419,Women,2026,Distance,2,2,0,2
7988,Women,2026,Distance,1,1,0,1
28356,Women,2026,Distance,2,2,0,2
2291,Women,2026,Distance,2,2,0,2
26884,Women,2026,Distance,3,3,0,2
31206,Women,2026,Distance,1,1,0,1
24604,Women,2026,Distance,6,6,0,3
31460,Women,2026,Distance,2,2,0,1
4288,Women,2026,Distance,4,4,0,2
1032,Women,2026,Distance,5,5,0,3
27526,Women,2026,Distance,3,3,0,3
26944,Women,2026,Distance,5,5,0,3
24656,Women,2026,Distance,2,2,0,1
26852,Women,2026,Distance,4,4,0,2
19457,Women,2026,Distance,1,1,0,1
26962,Women,2026,Distance,2,2,0,1
31470,Women,2026,Distance,1,1,0,1
3755,Women,2026,Distance,3,3,0,2
408,Women,2026,Distance,1,1,0,1
11341,Women,2026,Distance,1,1,0,1
3864,Women,2026,Distance,2,2,0,2
11340,Women,2026,Distance,1,1,0,1
19449,Women,2026,Distance,1,1,0,1
404,Women,2026,Distance,2,2,0,2
24685,Women,2026,Distance,1,1,0,1
31339,Women,2026,Distance,1,1,0,1
27611,Women,2026,Distance,1,1,0,1
27059,Women,2026,Distance,3,3,0,2
663,Women,2026,Distance,3,3,0,2
31078,Women,2026,Distance,1,1,0,1
31071,Women,2026,Distance,3,3,0,2
26928,Women,2026,Distance,2,2,0,2
27361,Women,2026,Distance,1,1,0,1
31075,Women,2026,Distance,1,1,0,1
29596,Women,2026,Distance,1,1,0,1
31080,Women,2026,Distance,1,1,0,1
26127,Women,2026,Distance,2,2,0,1
28733,Women,2026,Distance,1,1,0,1
31068,Women,2026,Distance,1,1,0,1
26927,Women,2026,Distance,2,2,0,2
5924,Women,2026,Distance,1,1,0,1
27341,Women,2026,Distance,1,1,0,1
27346,Women,2026,Distance,1,1,0,1
31085,Women,2026,Distance,2,2,0,2
27890,Women,2026,Distance,1,1,0,1
31079,Women,2026,Distance,1,1,0,1
31076,Women,2026,Distance,1,1,0,1
27349,Women,2026,Distance,1,1,0,1
26128,Women,2026,Distance,1,1,0,1
27338,Women,2026,Distance,1,1,0,1
18925,Women,2026,Distance,1,1,0,1
31436,Women,2026,Distance,3,3,0,2
3240,Women,2026,Distance,3,3,0,2
28778,Women,2026,Distance,1,1,0,1
22600,Women,2026,Distance,1,1,0,1
16159,Women,2026,Distance,1,1,0,1
646,Women,2026,Distance,2,2,0,1
18913,Women,2026,Distance,1,1,0,1
16153,Women,2026,Distance,2,2,0,2
27101,Women,2026,Distance,2,2,0,1
7998,Women,2026,Distance,2,2,0,2
31355,Women,2026,Distance,1,1,0,1
4656,Women,2026,Distance,2,2,0,2
2400,Women,2026,Distance,4,4,0,2
25994,Women,2026,Distance,1,1,0,1
2406,Women,2026,Distance,2,2,0,2
2403,Women,2026,Distance,1,1,0,1
27193,Women,2026,Distance,1,1,0,1
2408,Women,2026,Distance,2,2,0,2
31354,Women,2026,Distance,1,1,0,1
27539,Women,2026,Distance,1,1,0,1
27543,Women,2026,Distance,1,1,0,1
1116,Women,2026,Distance,5,5,0,2
27528,Women,2026,Distance,3,3,0,2
1049,Women,2026,Distance,1,1,0,1
27334,Women,2026,Distance,2,2,0,1
4555,Women,2026,Distance,2,2,0,1
27336,Women,2026,Distance,2,2,0,1
237,Women,2026,Distance,4,4,0,2
27602,Women,2026,Distance,2,2,0,2
30424,Women,2026,Distance,2,2,0,1
27971,Women,2026,Distance,4,4,0,2
27618,Women,2026,Distance,1,1,0,1
3981,Women,2026,Distance,1,1,0,1
31172,Women,2026,Distance,1,1,0,1
8117,Women,2026,Distance,2,2,0,2
231,Women,2026,Distance,3,3,0,2
30433,Women,2026,Distance,2,2,0,2
30413,Women,2026,Distance,1,1,0,1
27966,Women,2026,Distance,2,2,0,2
4790,Women,2026,Distance,2,2,0,1
7971,Women,2026,Distance,2,2,0,1
28809,Women,2026,Distance,2,2,0,1
31504,Women,2026,Distance,2,2,0,1
27421,Women,2026,Distance,3,3,0,1
24950,Women,2026,Distance,1,1,0,1
2832,Women,2026,Distance,1,1,0,1
27428,Women,2026,Distance,2,2,0,1
27247,Women,2026,Distance,1,1,0,1
27248,Women,2026,Distance,1,1,0,1
1078,Women,2026,Distance,2,2,0,1
11447,Women,2026,Distance,2,2,0,1
621,Women,2026,Distance,2,2,0,1
28383,Women,2026,Distance,2,2,0,1
28537,Women,2026,Distance,1,1,0,1
27938,Women,2026,Distance,3,3,0,1
25296,Women,2026,Distance,3,3,0,1
26495,Women,2026,Distance,2,2,0,1
27287,Women,2026,Distance,2,2,0,1
3862,Women,2026,Distance,4,4,0,2
1686,Women,2026,Distance,5,5,0,2
18817,Women,2026,Distance,2,2,0,1
30033,Women,2026,Distance,1,1,0,1
25139,Women,2026,Distance,2,2,0,1
3002,Women,2026,Distance,2,2,0,1
29577,Women,2026,Distance,2,2,0,1
27243,Women,2026,Distance,1,1,0,1
31505,Women,2026,Distance,2,2,0,1
29296,Women,2026,Distance,3,3,0,1
68,Women,2026,Distance,3,3,0,3
18601,Women,2026,Distance,1,1,0,1
31506,Women,2026,Distance,2,2,0,1
27522,Women,2026,Distance,2,2,0,1
1671,Women,2026,Distance,3,3,0,1
4977,Women,2026,Distance,2,2,0,1
22363,Women,2026,Distance,2,2,0,1
30423,Women,2026,Distance,2,2,0,1
24389,Women,2026,Distance,1,1,0,1
20462,Women,2026,Distance,2,2,0,1
11295,Women,2026,Distance,2,2,0,1
2838,Women,2026,Distance,1,1,0,1
4794,Women,2026,Distance,2,2,0,1
27258,Women,2026,Distance,1,1,0,1
23467,Women,2026,Distance,2,2,0,1
27249,Women,2026,Distance,1,1,0,1
31508,Women,2026,Distance,3,3,0,1
31509,Women,2026,Distance,2,2,0,1
21226,Women,2026,Distance,1,1,0,1
18851,Women,2026,Distance,1,1,0,1
27275,Women,2026,Distance,1,1,0,1
307,Women,2026,Distance,2,2,0,1
1983,Women,2026,Distance,1,1,0,1
31510,Women,2026,Distance,2,2,0,1
3654,Women,2026,Distance,4,4,0,2
19447,Women,2026,Distance,1,1,0,1
19448,Women,2026,Distance,2,2,0,2
22352,Women,2026,Distance,2,2,0,1
26874,Women,2026,Distance,1,1,0,1
8128,Women,2026,Distance,2,2,0,1
3033,Women,2026,Distance,1,1,0,1
28377,Women,2026,Distance,1,1,0,1
23554,Women,2026,Distance,2,2,0,1
29247,Women,2026,Distance,1,1,0,1
19361,Women,2026,Distance,1,1,0,1
18841,Women,2026,Distance,2,2,0,1
23462,Women,2026,Distance,1,1,0,1
23384,Women,2026,Distance,2,2,0,1
30420,Women,2026,Distance,1,1,0,1
819,Women,2026,Distance,1,1,0,1
31525,Women,2026,Distance,1,1,0,1
28480,Women,2026,Distance,2,2,0,1
3371,Women,2026,Distance,1,1,0,1
3379,Women,2026,Distance,2,2,0,1
11377,Women,2026,Distance,2,2,0,1
4763,Women,2026,Distance,2,2,0,1
3460,Women,2026,Distance,1,1,0,1
18839,Women,2026,Distance,1,1,0,1
25661,Women,2026,Distance,1,1,0,1
26196,Women,2026,Distance,1,1,0,1
1776,Women,2026,Distance,1,1,0,1
2420,Women,2026,Distance,1,1,0,1
28836,Women,2026,Distance,1,1,0,1
23567,Women,2026,Distance,1,1,0,1
29301,Women,2026,Distance,1,1,0,1
29884,Women,2026,Distance,1,1,0,1
24727,Women,2026,Distance,1,1,0,1
245,Women,2026,Distance,2,2,0,2
24419,Women,2026,Distance,1,1,0,1
86,Women,2026,Distance,1,1,0,1
18741,Women,2026,Distance,1,1,0,1
2245,Women,2026,Distance,1,1,0,1
485,Women,2026,Distance,1,1,0,1
23922,Women,2026,Distance,1,1,0,1
31749,Women,2026,Distance,1,1,0,1
31750,Women,2026,Distance,2,2,0,1
31751,Women,2026,Distance,1,1,0,1
8027,Women,2026,Distance,1,1,0,1
31761,Women,2026,Distance,1,1,0,1
19505,Women,2026,Distance,1,1,0,1
30421,Women,2026,Distance,1,1,0,1
1928,Women,2026,Distance,1,1,0,1
5740,Men,2024,Hurdles,1,1,0,1
7636,Men,2024,Hurdles,1,1,0,1
3557,Men,2024,Hurdles,1,1,0,1
5146,Men,2024,Hurdles,4,4,0,4
5184,Men,2024,Hurdles,1,1,0,1
4340,Men,2024,Hurdles,1,1,0,1
4538,Men,2024,Hurdles,1,1,0,1
4440,Men,2024,Hurdles,3,3,0,3
4007,Men,2024,Hurdles,1,1,0,1
3808,Men,2024,Hurdles,3,3,0,2
4457,Men,2024,Hurdles,2,2,0,2
5482,Men,2024,Hurdles,3,3,0,3
3642,Men,2024,Hurdles,1,1,0,1
3700,Men,2024,Hurdles,3,3,0,2
3593,Men,2024,Hurdles,1,1,0,1
3609,Men,2024,Hurdles,2,2,0,1
3842,Men,2024,Hurdles,1,1,0,1
4338,Men,2024,Hurdles,1,1,0,1
2583,Men,2024,Hurdles,1,1,0,1
4618,Men,2024,Hurdles,2,2,0,2
5641,Men,2024,Hurdles,1,1,0,1
3623,Men,2024,Hurdles,5,5,0,3
4013,Men,2024,Hurdles,1,1,0,1
3620,Men,2024,Hurdles,1,1,0,1
4444,Men,2024,Hurdles,2,2,0,2
4423,Men,2024,Hurdles,3,3,0,3
161,Men,2024,Hurdles,1,1,0,1
54,Men,2024,Hurdles,1,1,0,1
4081,Men,2024,Hurdles,3,3,0,2
3725,Men,2024,Hurdles,2,2,0,2
4371,Men,2024,Hurdles,2,2,0,2
4373,Men,2024,Hurdles,5,5,0,4
4356,Men,2024,Hurdles,1,1,0,1
2184,Men,2024,Hurdles,1,1,0,1
5712,Men,2024,Hurdles,1,1,0,1
789,Men,2024,Hurdles,1,1,0,1
4620,Men,2024,Hurdles,1,1,0,1
4410,Men,2024,Hurdles,2,2,0,2
4426,Men,2024,Hurdles,1,1,0,1
5777,Men,2024,Hurdles,1,1,0,1
3722,Men,2024,Hurdles,1,1,0,1
5225,Men,2024,Hurdles,1,1,0,1
4392,Men,2024,Hurdles,1,1,0,1
4969,Women,2024,Hurdles,1,1,0,1
809,Women,2024,Hurdles,1,1,0,1
5196,Women,2024,Hurdles,1,1,0,1
5198,Women,2024,Hurdles,6,6,0,4
5206,Women,2024,Hurdles,2,2,0,2
5484,Women,2024,Hurdles,1,1,0,1
5180,Women,2024,Hurdles,1,1,0,1
4740,Women,2024,Hurdles,3,3,0,2
3503,Women,2024,Hurdles,2,2,0,2
1756,Women,2024,Hurdles,1,1,0,1
4662,Women,2024,Hurdles,1,1,0,1
4215,Women,2024,Hurdles,2,2,0,1
3644,Women,2024,Hurdles,1,1,0,1
5643,Women,2024,Hurdles,1,1,0,1
4529,Women,2024,Hurdles,2,2,0,2
3977,Women,2024,Hurdles,1,1,0,1
237,Women,2024,Hurdles,1,1,0,1
4091,Women,2024,Hurdles,1,1,0,1
631,Women,2024,Hurdles,1,1,0,1
3597,Women,2024,Hurdles,1,1,0,1
4966,Women,2024,Hurdles,1,1,0,1
5752,Women,2024,Hurdles,2,2,0,1
5063,Women,2024,Hurdles,1,1,0,1
24648,Men,2025,Hurdles,1,1,0,1
25851,Men,2025,Hurdles,2,2,0,2
3609,Men,2025,Hurdles,5,5,0,3
2897,Men,2025,Hurdles,1,1,0,1
25273,Men,2025,Hurdles,1,1,0,1
24575,Men,2025,Hurdles,2,2,0,2
24614,Men,2025,Hurdles,2,2,0,2
3735,Men,2025,Hurdles,3,3,0,3
3709,Men,2025,Hurdles,3,3,0,3
4392,Men,2025,Hurdles,2,2,0,2
24415,Men,2025,Hurdles,3,3,0,2
26491,Men,2025,Hurdles,2,2,0,2
24423,Men,2025,Hurdles,2,2,0,2
24461,Men,2025,Hurdles,2,2,0,1
26088,Men,2025,Hurdles,1,1,0,1
7954,Men,2025,Hurdles,1,1,0,1
26089,Men,2025,Hurdles,1,1,0,1
4440,Men,2025,Hurdles,5,5,0,2
25031,Men,2025,Hurdles,5,5,0,3
5233,Men,2025,Hurdles,6,6,0,3
3733,Men,2025,Hurdles,3,3,0,2
26164,Men,2025,Hurdles,1,1,0,1
5252,Men,2025,Hurdles,5,5,0,3
25032,Men,2025,Hurdles,5,5,0,3
5239,Men,2025,Hurdles,5,5,0,3
19398,Men,2025,Hurdles,1,1,0,1
4726,Men,2025,Hurdles,1,1,0,1
26515,Men,2025,Hurdles,1,1,0,1
4457,Men,2025,Hurdles,4,4,0,2
130,Men,2025,Hurdles,1,1,0,1
24986,Men,2025,Hurdles,1,1,0,1
8075,Men,2025,Hurdles,1,1,0,1
26605,Men,2025,Hurdles,2,2,0,1
26606,Men,2025,Hurdles,2,2,0,1
4423,Men,2025,Hurdles,2,2,0,1
26490,Men,2025,Hurdles,1,1,0,1
26607,Men,2025,Hurdles,2,2,0,1
4095,Men,2025,Hurdles,1,1,0,1
24661,Men,2025,Hurdles,1,1,0,1
26608,Men,2025,Hurdles,1,1,0,1
25008,Men,2025,Hurdles,1,1,0,1
689,Men,2025,Hurdles,1,1,0,1
4408,Men,2025,Hurdles,1,1,0,1
3265,Men,2025,Hurdles,2,2,0,1
161,Men,2025,Hurdles,2,2,0,1
5220,Men,2025,Hurdles,1,1,0,1
4324,Men,2025,Hurdles,1,1,0,1
1260,Men,2025,Hurdles,1,1,0,1
26553,Men,2025,Hurdles,2,2,0,2
4410,Men,2025,Hurdles,1,1,0,1
24444,Men,2025,Hurdles,2,2,0,2
24359,Men,2025,Hurdles,1,1,0,1
3725,Men,2025,Hurdles,2,2,0,2
24538,Men,2025,Hurdles,1,1,0,1
24417,Men,2025,Hurdles,2,2,0,1
24852,Men,2025,Hurdles,2,2,0,1
24854,Men,2025,Hurdles,1,1,0,1
7368,Men,2025,Hurdles,1,1,0,1
3694,Men,2025,Hurdles,1,1,0,1
4148,Men,2025,Hurdles,1,1,0,1
24671,Men,2025,Hurdles,2,2,0,1
24577,Men,2025,Hurdles,1,1,0,1
3710,Men,2025,Hurdles,1,1,0,1
24571,Men,2025,Hurdles,1,1,0,1
24578,Men,2025,Hurdles,1,1,0,1
4380,Men,2025,Hurdles,1,1,0,1
25850,Women,2025,Hurdles,3,3,0,2
24946,Women,2025,Hurdles,1,1,0,1
2924,Women,2025,Hurdles,2,2,0,2
3652,Women,2025,Hurdles,4,4,0,2
24605,Women,2025,Hurdles,2,2,0,2
24603,Women,2025,Hurdles,5,5,0,4
3825,Women,2025,Hurdles,2,2,0,2
4151,Women,2025,Hurdles,4,4,0,3
18935,Women,2025,Hurdles,1,1,0,1
11474,Women,2025,Hurdles,1,1,0,1
4552,Women,2025,Hurdles,1,1,0,1
5752,Women,2025,Hurdles,5,5,0,3
5198,Women,2025,Hurdles,3,3,0,3
1054,Women,2025,Hurdles,3,3,0,2
22369,Women,2025,Hurdles,3,3,0,2
24940,Women,2025,Hurdles,2,2,0,2
4529,Women,2025,Hurdles,1,1,0,1
25874,Women,2025,Hurdles,2,2,0,2
3566,Women,2025,Hurdles,2,2,0,2
3848,Women,2025,Hurdles,3,3,0,2
4740,Women,2025,Hurdles,2,2,0,1
3977,Women,2025,Hurdles,1,1,0,1
25642,Women,2025,Hurdles,1,1,0,1
24619,Women,2025,Hurdles,1,1,0,1
3972,Women,2025,Hurdles,1,1,0,1
3795,Women,2025,Hurdles,2,2,0,1
4984,Women,2025,Hurdles,2,2,0,1
24365,Women,2025,Hurdles,2,2,0,1
3525,Women,2025,Hurdles,2,2,0,1
19501,Women,2025,Hurdles,1,1,0,1
24433,Women,2025,Hurdles,1,1,0,1
25003,Women,2025,Hurdles,1,1,0,1
3939,Women,2025,Hurdles,1,1,0,1
24456,Women,2025,Hurdles,1,1,0,1
3657,Women,2025,Hurdles,1,1,0,1
5197,Women,2025,Hurdles,1,1,0,1
24576,Women,2025,Hurdles,1,1,0,1
4966,Women,2025,Hurdles,1,1,0,1
26775,Women,2025,Hurdles,1,1,0,1
25265,Women,2025,Hurdles,1,1,0,1
4023,Women,2025,Hurdles,4,4,0,2
24851,Women,2025,Hurdles,5,5,0,2
24575,Men,2026,Hurdles,4,4,0,3
31188,Men,2026,Hurdles,4,4,0,3
30346,Men,2026,Hurdles,3,3,0,2
31263,Men,2026,Hurdles,1,1,0,1
29973,Men,2026,Hurdles,1,1,0,1
31394,Men,2026,Hurdles,1,1,0,1
26838,Men,2026,Hurdles,2,2,0,2
27045,Men,2026,Hurdles,1,1,0,1
30380,Men,2026,Hurdles,1,1,0,1
26491,Men,2026,Hurdles,2,2,0,2
1999,Men,2026,Hurdles,1,1,0,1
29448,Men,2026,Hurdles,1,1,0,1
24671,Men,2026,Hurdles,3,3,0,2
31469,Men,2026,Hurdles,1,1,0,1
25851,Men,2026,Hurdles,1,1,0,1
4586,Men,2026,Hurdles,2,2,0,2
26922,Men,2026,Hurdles,1,1,0,1
28762,Men,2026,Hurdles,1,1,0,1
5828,Men,2026,Hurdles,1,1,0,1
29789,Men,2026,Hurdles,1,1,0,1
3609,Men,2026,Hurdles,3,3,0,2
7954,Men,2026,Hurdles,1,1,0,1
26089,Men,2026,Hurdles,1,1,0,1
31345,Men,2026,Hurdles,1,1,0,1
30323,Men,2026,Hurdles,1,1,0,1
30109,Men,2026,Hurdles,4,4,0,2
166,Men,2026,Hurdles,1,1,0,1
31190,Men,2026,Hurdles,2,2,0,1
4423,Men,2026,Hurdles,2,2,0,1
7368,Men,2026,Hurdles,2,2,0,1
31132,Men,2026,Hurdles,2,2,0,1
31491,Men,2026,Hurdles,2,2,0,1
29436,Men,2026,Hurdles,2,2,0,1
31493,Men,2026,Hurdles,2,2,0,1
29441,Men,2026,Hurdles,1,1,0,1
31490,Men,2026,Hurdles,1,1,0,1
25008,Men,2026,Hurdles,1,1,0,1
31492,Men,2026,Hurdles,1,1,0,1
27313,Men,2026,Hurdles,1,1,0,1
26553,Men,2026,Hurdles,1,1,0,1
3733,Men,2026,Hurdles,2,2,0,2
3912,Men,2026,Hurdles,1,1,0,1
24852,Men,2026,Hurdles,1,1,0,1
4410,Men,2026,Hurdles,1,1,0,1
30118,Men,2026,Hurdles,1,1,0,1
3725,Men,2026,Hurdles,2,2,0,2
31524,Men,2026,Hurdles,1,1,0,1
31427,Women,2026,Hurdles,1,1,0,1
31270,Women,2026,Hurdles,1,1,0,1
26826,Women,2026,Hurdles,3,3,0,2
29714,Women,2026,Hurdles,2,2,0,2
29756,Women,2026,Hurdles,3,3,0,2
31185,Women,2026,Hurdles,2,2,0,1
8117,Women,2026,Hurdles,1,1,0,1
31489,Women,2026,Hurdles,2,2,0,1
31066,Women,2026,Hurdles,11,11,0,5
819,Women,2026,Hurdles,1,1,0,1
27618,Women,2026,Hurdles,1,1,0,1
24376,Women,2026,Hurdles,2,2,0,1
29637,Women,2026,Hurdles,2,2,0,2
5197,Women,2026,Hurdles,2,2,0,2
5198,Women,2026,Hurdles,2,2,0,2
4740,Women,2026,Hurdles,3,3,0,2
3932,Women,2026,Hurdles,1,1,0,1
31191,Women,2026,Hurdles,2,2,0,2
29452,Women,2026,Hurdles,4,4,0,3
3752,Women,2026,Hurdles,2,2,0,2
29690,Women,2026,Hurdles,2,2,0,2
31068,Women,2026,Hurdles,1,1,0,1
31071,Women,2026,Hurdles,1,1,0,1
31073,Women,2026,Hurdles,1,1,0,1
26127,Women,2026,Hurdles,1,1,0,1
31089,Women,2026,Hurdles,1,1,0,1
30992,Women,2026,Hurdles,4,4,0,2
30375,Women,2026,Hurdles,1,1,0,1
3981,Women,2026,Hurdles,2,2,0,1
29827,Women,2026,Hurdles,1,1,0,1
25295,Women,2026,Hurdles,1,1,0,1
3566,Women,2026,Hurdles,1,1,0,1
25003,Women,2026,Hurdles,1,1,0,1
24576,Women,2026,Hurdles,2,2,0,1
1686,Women,2026,Hurdles,1,1,0,1
1032,Women,2026,Hurdles,1,1,0,1
4023,Women,2026,Hurdles,2,2,0,1
4481,Men,2024,Jumps,1,1,0,1
5740,Men,2024,Jumps,2,2,0,2
7639,Men,2024,Jumps,2,2,0,1
7624,Men,2024,Jumps,1,1,0,1
5181,Men,2024,Jumps,4,4,0,2
5183,Men,2024,Jumps,2,2,0,2
4899,Men,2024,Jumps,4,4,0,2
3012,Men,2024,Jumps,1,1,0,1
4118,Men,2024,Jumps,2,2,0,1
5225,Men,2024,Jumps,6,6,0,3
5231,Men,2024,Jumps,2,2,0,2
4303,Men,2024,Jumps,2,2,0,1
4441,Men,2024,Jumps,3,3,0,3
4382,Men,2024,Jumps,2,2,0,2
4143,Men,2024,Jumps,4,4,0,4
3952,Men,2024,Jumps,4,4,0,4
58,Men,2024,Jumps,1,1,0,1
3988,Men,2024,Jumps,1,1,0,1
4442,Men,2024,Jumps,1,1,0,1
4561,Men,2024,Jumps,1,1,0,1
5312,Men,2024,Jumps,6,6,0,4
5415,Men,2024,Jumps,2,2,0,1
675,Men,2024,Jumps,1,1,0,1
3985,Men,2024,Jumps,2,2,0,2
4457,Men,2024,Jumps,2,2,0,2
4378,Men,2024,Jumps,3,3,0,2
4410,Men,2024,Jumps,3,3,0,2
5502,Men,2024,Jumps,2,2,0,2
5605,Men,2024,Jumps,2,2,0,1
4038,Men,2024,Jumps,1,1,0,1
4445,Men,2024,Jumps,2,2,0,2
3571,Men,2024,Jumps,1,1,0,1
4440,Men,2024,Jumps,2,2,0,1
5606,Men,2024,Jumps,3,3,0,1
4392,Men,2024,Jumps,1,1,0,1
4408,Men,2024,Jumps,1,1,0,1
5607,Men,2024,Jumps,1,1,0,1
4383,Men,2024,Jumps,2,2,0,1
3507,Men,2024,Jumps,3,3,0,2
3512,Men,2024,Jumps,3,3,0,2
4406,Men,2024,Jumps,2,2,0,1
4426,Men,2024,Jumps,4,4,0,3
5554,Men,2024,Jumps,2,2,0,2
4422,Men,2024,Jumps,1,1,0,1
3515,Men,2024,Jumps,3,3,0,2
5608,Men,2024,Jumps,1,1,0,1
4427,Men,2024,Jumps,1,1,0,1
2916,Men,2024,Jumps,2,2,0,2
4621,Men,2024,Jumps,2,2,0,2
4043,Men,2024,Jumps,2,2,0,2
5613,Men,2024,Jumps,1,1,0,1
5614,Men,2024,Jumps,1,1,0,1
4033,Men,2024,Jumps,3,3,0,2
4534,Men,2024,Jumps,2,2,0,2
3953,Men,2024,Jumps,3,3,0,2
4444,Men,2024,Jumps,2,2,0,2
3947,Men,2024,Jumps,1,1,0,1
5286,Men,2024,Jumps,1,1,0,1
4100,Men,2024,Jumps,2,2,0,1
149,Men,2024,Jumps,1,1,0,1
161,Men,2024,Jumps,1,1,0,1
799,Men,2024,Jumps,1,1,0,1
5723,Men,2024,Jumps,2,2,0,2
5417,Men,2024,Jumps,1,1,0,1
787,Men,2024,Jumps,1,1,0,1
4361,Men,2024,Jumps,1,1,0,1
5565,Men,2024,Jumps,1,1,0,1
4597,Men,2024,Jumps,1,1,0,1
5041,Men,2024,Jumps,1,1,0,1
3929,Men,2024,Jumps,1,1,0,1
4522,Men,2024,Jumps,1,1,0,1
5755,Men,2024,Jumps,1,1,0,1
3681,Men,2024,Jumps,1,1,0,1
5561,Men,2024,Jumps,1,1,0,1
5796,Men,2024,Jumps,2,2,0,1
809,Women,2024,Jumps,1,1,0,1
4646,Women,2024,Jumps,2,2,0,2
3537,Women,2024,Jumps,2,2,0,1
4969,Women,2024,Jumps,1,1,0,1
4151,Women,2024,Jumps,1,1,0,1
5136,Women,2024,Jumps,1,1,0,1
4051,Women,2024,Jumps,2,2,0,2
5207,Women,2024,Jumps,9,9,0,3
5206,Women,2024,Jumps,2,2,0,2
5196,Women,2024,Jumps,5,5,0,3
1478,Women,2024,Jumps,3,3,0,2
4273,Women,2024,Jumps,1,1,0,1
5267,Women,2024,Jumps,1,1,0,1
5305,Women,2024,Jumps,2,2,0,2
4302,Women,2024,Jumps,2,2,0,2
2424,Women,2024,Jumps,2,2,0,2
599,Women,2024,Jumps,2,2,0,2
2715,Women,2024,Jumps,1,1,0,1
2720,Women,2024,Jumps,2,2,0,2
2719,Women,2024,Jumps,2,2,0,2
628,Women,2024,Jumps,1,1,0,1
3792,Women,2024,Jumps,4,4,0,2
5481,Women,2024,Jumps,2,2,0,2
3717,Women,2024,Jumps,9,9,0,5
5485,Women,2024,Jumps,1,1,0,1
3939,Women,2024,Jumps,2,2,0,2
5496,Women,2024,Jumps,4,4,0,2
5497,Women,2024,Jumps,1,1,0,1
3565,Women,2024,Jumps,1,1,0,1
1937,Women,2024,Jumps,1,1,0,1
4271,Women,2024,Jumps,2,2,0,1
1756,Women,2024,Jumps,1,1,0,1
4496,Women,2024,Jumps,3,3,0,2
5539,Women,2024,Jumps,3,3,0,2
4559,Women,2024,Jumps,1,1,0,1
4030,Women,2024,Jumps,1,1,0,1
5631,Women,2024,Jumps,2,2,0,1
4031,Women,2024,Jumps,4,4,0,2
4032,Women,2024,Jumps,1,1,0,1
3892,Women,2024,Jumps,2,2,0,2
5637,Women,2024,Jumps,2,2,0,2
5638,Women,2024,Jumps,1,1,0,1
5643,Women,2024,Jumps,2,2,0,2
3965,Women,2024,Jumps,2,2,0,1
1970,Women,2024,Jumps,1,1,0,1
4104,Women,2024,Jumps,1,1,0,1
5063,Women,2024,Jumps,1,1,0,1
5765,Women,2024,Jumps,2,2,0,1
11517,Men,2025,Jumps,3,3,0,2
24886,Men,2025,Jumps,4,4,0,2
529,Men,2025,Jumps,1,1,0,1
5309,Men,2025,Jumps,2,2,0,2
3678,Men,2025,Jumps,2,2,0,2
26000,Men,2025,Jumps,1,1,0,1
4364,Men,2025,Jumps,1,1,0,1
3694,Men,2025,Jumps,7,7,0,4
24614,Men,2025,Jumps,4,4,0,2
24672,Men,2025,Jumps,3,3,0,1
24571,Men,2025,Jumps,10,10,0,4
3710,Men,2025,Jumps,5,5,0,3
24578,Men,2025,Jumps,8,8,0,4
4379,Men,2025,Jumps,3,3,0,2
24577,Men,2025,Jumps,4,4,0,4
25499,Men,2025,Jumps,2,2,0,2
25500,Men,2025,Jumps,4,4,0,2
24423,Men,2025,Jumps,2,2,0,2
24544,Men,2025,Jumps,2,2,0,2
26089,Men,2025,Jumps,3,3,0,1
18975,Men,2025,Jumps,2,2,0,1
3609,Men,2025,Jumps,3,3,0,1
25680,Men,2025,Jumps,2,2,0,2
26120,Men,2025,Jumps,1,1,0,1
3613,Men,2025,Jumps,1,1,0,1
2559,Men,2025,Jumps,2,2,0,1
25860,Men,2025,Jumps,1,1,0,1
26136,Men,2025,Jumps,2,2,0,2
26162,Men,2025,Jumps,2,2,0,2
24931,Men,2025,Jumps,1,1,0,1
26186,Men,2025,Jumps,2,2,0,2
25033,Men,2025,Jumps,5,5,0,2
5231,Men,2025,Jumps,3,3,0,3
5250,Men,2025,Jumps,6,6,0,3
26170,Men,2025,Jumps,1,1,0,1
26187,Men,2025,Jumps,2,2,0,2
26188,Men,2025,Jumps,2,2,0,2
26172,Men,2025,Jumps,2,2,0,2
26499,Men,2025,Jumps,1,1,0,1
24474,Men,2025,Jumps,1,1,0,1
4143,Men,2025,Jumps,2,2,0,2
26510,Men,2025,Jumps,2,2,0,2
3571,Men,2025,Jumps,3,3,0,2
25572,Men,2025,Jumps,1,1,0,1
24983,Men,2025,Jumps,1,1,0,1
26176,Men,2025,Jumps,1,1,0,1
7738,Men,2025,Jumps,1,1,0,1
26482,Men,2025,Jumps,1,1,0,1
26453,Men,2025,Jumps,1,1,0,1
26462,Men,2025,Jumps,2,2,0,2
26691,Men,2025,Jumps,3,3,0,1
3515,Men,2025,Jumps,2,2,0,1
5608,Men,2025,Jumps,3,3,0,1
26692,Men,2025,Jumps,3,3,0,1
5606,Men,2025,Jumps,2,2,0,1
24372,Men,2025,Jumps,2,2,0,1
2139,Men,2025,Jumps,2,2,0,1
4410,Men,2025,Jumps,2,2,0,1
24558,Men,2025,Jumps,2,2,0,1
25564,Men,2025,Jumps,2,2,0,1
3507,Men,2025,Jumps,1,1,0,1
2289,Men,2025,Jumps,8,8,0,7
4303,Men,2025,Jumps,1,1,0,1
24935,Men,2025,Jumps,2,2,0,1
24999,Men,2025,Jumps,2,2,0,1
25654,Men,2025,Jumps,3,3,0,1
24415,Men,2025,Jumps,1,1,0,1
4038,Men,2025,Jumps,1,1,0,1
3735,Men,2025,Jumps,2,2,0,2
26693,Men,2025,Jumps,1,1,0,1
25993,Men,2025,Jumps,1,1,0,1
4408,Men,2025,Jumps,1,1,0,1
3733,Men,2025,Jumps,1,1,0,1
2184,Men,2025,Jumps,2,2,0,1
24464,Men,2025,Jumps,1,1,0,1
3877,Men,2025,Jumps,1,1,0,1
25198,Men,2025,Jumps,1,1,0,1
26767,Men,2025,Jumps,1,1,0,1
25284,Men,2025,Jumps,1,1,0,1
26139,Men,2025,Jumps,1,1,0,1
5404,Men,2025,Jumps,1,1,0,1
24559,Men,2025,Jumps,1,1,0,1
3512,Men,2025,Jumps,1,1,0,1
5558,Men,2025,Jumps,1,1,0,1
3506,Men,2025,Jumps,1,1,0,1
5554,Men,2025,Jumps,1,1,0,1
23592,Men,2025,Jumps,1,1,0,1
3549,Men,2025,Jumps,1,1,0,1
24918,Men,2025,Jumps,1,1,0,1
24661,Men,2025,Jumps,1,1,0,1
4100,Men,2025,Jumps,1,1,0,1
4422,Men,2025,Jumps,1,1,0,1
24369,Men,2025,Jumps,1,1,0,1
24359,Men,2025,Jumps,1,1,0,1
26768,Men,2025,Jumps,1,1,0,1
4033,Men,2025,Jumps,1,1,0,1
25302,Men,2025,Jumps,1,1,0,1
24854,Men,2025,Jumps,1,1,0,1
29352,Men,2025,Jumps,1,1,0,1
24852,Men,2025,Jumps,1,1,0,1
11417,Men,2025,Jumps,1,1,0,1
24940,Women,2025,Jumps,2,2,0,2
25874,Women,2025,Jumps,3,3,0,3
2719,Women,2025,Jumps,1,1,0,1
3664,Women,2025,Jumps,4,4,0,2
24605,Women,2025,Jumps,6,6,0,3
3718,Women,2025,Jumps,8,8,0,3
3657,Women,2025,Jumps,4,4,0,2
3655,Women,2025,Jumps,2,2,0,2
24567,Women,2025,Jumps,7,7,0,4
3825,Women,2025,Jumps,3,3,0,2
24419,Women,2025,Jumps,1,1,0,1
24728,Women,2025,Jumps,1,1,0,1
4552,Women,2025,Jumps,3,3,0,1
26125,Women,2025,Jumps,2,2,0,2
20421,Women,2025,Jumps,2,2,0,1
25850,Women,2025,Jumps,3,3,0,1
6062,Women,2025,Jumps,1,1,0,1
26122,Women,2025,Jumps,3,3,0,2
25179,Women,2025,Jumps,3,3,0,2
26135,Women,2025,Jumps,1,1,0,1
26121,Women,2025,Jumps,1,1,0,1
4151,Women,2025,Jumps,1,1,0,1
26201,Women,2025,Jumps,3,3,0,3
5207,Women,2025,Jumps,6,6,0,3
5196,Women,2025,Jumps,5,5,0,3
26192,Women,2025,Jumps,4,4,0,2
5208,Women,2025,Jumps,1,1,0,1
26191,Women,2025,Jumps,3,3,0,1
4260,Women,2025,Jumps,4,4,0,2
26202,Women,2025,Jumps,2,2,0,1
1478,Women,2025,Jumps,2,2,0,2
24943,Women,2025,Jumps,2,2,0,2
3939,Women,2025,Jumps,3,3,0,2
24472,Women,2025,Jumps,2,2,0,2
3566,Women,2025,Jumps,2,2,0,2
26448,Women,2025,Jumps,2,2,0,2
25168,Women,2025,Jumps,1,1,0,1
5180,Women,2025,Jumps,1,1,0,1
3793,Women,2025,Jumps,2,2,0,1
4271,Women,2025,Jumps,2,2,0,1
3537,Women,2025,Jumps,1,1,0,1
4496,Women,2025,Jumps,2,2,0,1
26694,Women,2025,Jumps,1,1,0,1
24433,Women,2025,Jumps,1,1,0,1
24365,Women,2025,Jumps,2,2,0,1
25243,Women,2025,Jumps,1,1,0,1
3528,Women,2025,Jumps,1,1,0,1
24712,Women,2025,Jumps,1,1,0,1
24624,Women,2025,Jumps,1,1,0,1
4175,Women,2025,Jumps,1,1,0,1
24969,Women,2025,Jumps,1,1,0,1
4984,Women,2025,Jumps,1,1,0,1
26695,Women,2025,Jumps,1,1,0,1
3656,Women,2025,Jumps,1,1,0,1
3525,Women,2025,Jumps,1,1,0,1
25605,Women,2025,Jumps,4,4,0,2
4031,Women,2025,Jumps,2,2,0,1
4617,Women,2025,Jumps,1,1,0,1
4032,Women,2025,Jumps,2,2,0,2
24851,Women,2025,Jumps,2,2,0,2
4019,Women,2025,Jumps,1,1,0,1
4611,Women,2025,Jumps,1,1,0,1
25607,Women,2025,Jumps,1,1,0,1
4177,Women,2025,Jumps,1,1,0,1
3694,Men,2026,Jumps,8,8,0,4
24571,Men,2026,Jumps,11,11,0,4
29772,Men,2026,Jumps,1,1,0,1
3710,Men,2026,Jumps,5,5,0,3
30119,Men,2026,Jumps,1,1,0,1
25499,Men,2026,Jumps,2,2,0,2
31233,Men,2026,Jumps,1,1,0,1
31210,Men,2026,Jumps,3,3,0,3
31212,Men,2026,Jumps,3,3,0,2
31211,Men,2026,Jumps,6,6,0,3
25198,Men,2026,Jumps,2,2,0,2
31271,Men,2026,Jumps,1,1,0,1
31397,Men,2026,Jumps,1,1,0,1
29869,Men,2026,Jumps,3,3,0,3
28331,Men,2026,Jumps,1,1,0,1
25866,Men,2026,Jumps,2,2,0,1
2464,Men,2026,Jumps,1,1,0,1
25858,Men,2026,Jumps,2,2,0,2
24935,Men,2026,Jumps,1,1,0,1
30346,Men,2026,Jumps,1,1,0,1
25033,Men,2026,Jumps,5,5,0,2
3012,Men,2026,Jumps,1,1,0,1
31291,Men,2026,Jumps,1,1,0,1
31282,Men,2026,Jumps,5,5,0,2
3845,Men,2026,Jumps,5,5,0,3
4143,Men,2026,Jumps,2,2,0,2
24630,Men,2026,Jumps,2,2,0,2
26186,Men,2026,Jumps,3,3,0,3
5231,Men,2026,Jumps,5,5,0,3
26499,Men,2026,Jumps,2,2,0,1
31292,Men,2026,Jumps,1,1,0,1
31293,Men,2026,Jumps,2,2,0,2
31188,Men,2026,Jumps,3,3,0,2
29603,Men,2026,Jumps,1,1,0,1
31471,Men,2026,Jumps,1,1,0,1
29599,Men,2026,Jumps,2,2,0,1
4586,Men,2026,Jumps,4,4,0,2
18975,Men,2026,Jumps,3,3,0,1
31025,Men,2026,Jumps,3,3,0,1
7950,Men,2026,Jumps,3,3,0,1
551,Men,2026,Jumps,3,3,0,1
25855,Men,2026,Jumps,3,3,0,1
26119,Men,2026,Jumps,1,1,0,1
3609,Men,2026,Jumps,3,3,0,1
31022,Men,2026,Jumps,1,1,0,1
26922,Men,2026,Jumps,3,3,0,1
7954,Men,2026,Jumps,5,5,0,2
26089,Men,2026,Jumps,3,3,0,1
529,Men,2026,Jumps,1,1,0,1
31034,Men,2026,Jumps,1,1,0,1
513,Men,2026,Jumps,2,2,0,1
28762,Men,2026,Jumps,3,3,0,1
26471,Men,2026,Jumps,1,1,0,1
31019,Men,2026,Jumps,1,1,0,1
506,Men,2026,Jumps,1,1,0,1
29698,Men,2026,Jumps,3,3,0,2
30109,Men,2026,Jumps,2,2,0,1
31112,Men,2026,Jumps,4,4,0,2
4101,Men,2026,Jumps,1,1,0,1
31169,Men,2026,Jumps,1,1,0,1
31170,Men,2026,Jumps,1,1,0,1
24852,Men,2026,Jumps,1,1,0,1
24372,Men,2026,Jumps,2,2,0,1
24578,Men,2026,Jumps,3,3,0,1
2139,Men,2026,Jumps,2,2,0,1
30110,Men,2026,Jumps,2,2,0,1
4410,Men,2026,Jumps,2,2,0,1
5225,Men,2026,Jumps,2,2,0,1
25085,Men,2026,Jumps,1,1,0,1
29443,Men,2026,Jumps,2,2,0,1
31540,Men,2026,Jumps,2,2,0,1
29754,Men,2026,Jumps,1,1,0,1
30137,Men,2026,Jumps,2,2,0,1
4038,Men,2026,Jumps,1,1,0,1
31542,Men,2026,Jumps,1,1,0,1
24423,Men,2026,Jumps,1,1,0,1
31520,Men,2026,Jumps,1,1,0,1
31441,Men,2026,Jumps,1,1,0,1
31539,Men,2026,Jumps,2,2,0,1
25565,Men,2026,Jumps,2,2,0,1
10947,Men,2026,Jumps,3,3,0,1
29566,Men,2026,Jumps,2,2,0,1
29866,Men,2026,Jumps,1,1,0,1
3733,Men,2026,Jumps,2,2,0,1
30138,Men,2026,Jumps,1,1,0,1
4181,Men,2026,Jumps,1,1,0,1
31350,Men,2026,Jumps,1,1,0,1
29631,Men,2026,Jumps,1,1,0,1
29434,Men,2026,Jumps,1,1,0,1
24848,Men,2026,Jumps,1,1,0,1
7,Men,2026,Jumps,1,1,0,1
24559,Men,2026,Jumps,1,1,0,1
29436,Men,2026,Jumps,1,1,0,1
29557,Men,2026,Jumps,1,1,0,1
5559,Men,2026,Jumps,1,1,0,1
24983,Men,2026,Jumps,1,1,0,1
30111,Men,2026,Jumps,1,1,0,1
31024,Men,2026,Jumps,1,1,0,1
31012,Men,2026,Jumps,1,1,0,1
31310,Women,2026,Jumps,2,2,0,2
31214,Women,2026,Jumps,3,3,0,2
31099,Women,2026,Jumps,6,6,0,3
31238,Women,2026,Jumps,1,1,0,1
29760,Women,2026,Jumps,1,1,0,1
31070,Women,2026,Jumps,5,5,0,3
31406,Women,2026,Jumps,1,1,0,1
31295,Women,2026,Jumps,2,2,0,2
5679,Women,2026,Jumps,1,1,0,1
25238,Women,2026,Jumps,1,1,0,1
31074,Women,2026,Jumps,2,2,0,2
5207,Women,2026,Jumps,3,3,0,2
29714,Women,2026,Jumps,1,1,0,1
27897,Women,2026,Jumps,1,1,0,1
24739,Women,2026,Jumps,4,4,0,3
24472,Women,2026,Jumps,3,3,0,3
29737,Women,2026,Jumps,3,3,0,2
31213,Women,2026,Jumps,2,2,0,1
31191,Women,2026,Jumps,2,2,0,2
29610,Women,2026,Jumps,3,3,0,3
24668,Women,2026,Jumps,3,3,0,2
24969,Women,2026,Jumps,1,1,0,1
26950,Women,2026,Jumps,1,1,0,1
29488,Women,2026,Jumps,2,2,0,2
31340,Women,2026,Jumps,1,1,0,1
26135,Women,2026,Jumps,1,1,0,1
31068,Women,2026,Jumps,3,3,0,2
31073,Women,2026,Jumps,2,2,0,1
26125,Women,2026,Jumps,1,1,0,1
26127,Women,2026,Jumps,1,1,0,1
31071,Women,2026,Jumps,3,3,0,2
3664,Women,2026,Jumps,5,5,0,2
29593,Women,2026,Jumps,1,1,0,1
30967,Women,2026,Jumps,1,1,0,1
29592,Women,2026,Jumps,3,3,0,2
29594,Women,2026,Jumps,1,1,0,1
24943,Women,2026,Jumps,2,2,0,2
29827,Women,2026,Jumps,4,4,0,2
31167,Women,2026,Jumps,3,3,0,1
29824,Women,2026,Jumps,1,1,0,1
31535,Women,2026,Jumps,1,1,0,1
31473,Women,2026,Jumps,1,1,0,1
29667,Women,2026,Jumps,2,2,0,1
24624,Women,2026,Jumps,1,1,0,1
31489,Women,2026,Jumps,2,2,0,1
31497,Women,2026,Jumps,1,1,0,1
24725,Women,2026,Jumps,1,1,0,1
31194,Women,2026,Jumps,1,1,0,1
3770,Women,2026,Jumps,1,1,0,1
3525,Women,2026,Jumps,1,1,0,1
3566,Women,2026,Jumps,1,1,0,1
3565,Women,2026,Jumps,1,1,0,1
24376,Women,2026,Jumps,1,1,0,1
31555,Women,2026,Jumps,1,1,0,1
24576,Women,2026,Jumps,1,1,0,1
25605,Women,2026,Jumps,2,2,0,1
4484,Men,2024,Throws,3,3,0,1
7640,Men,2024,Throws,2,2,0,1
2156,Men,2024,Throws,1,1,0,1
556,Men,2024,Throws,1,1,0,1
4589,Men,2024,Throws,1,1,0,1
5219,Men,2024,Throws,11,11,0,5
4440,Men,2024,Throws,8,8,0,5
5224,Men,2024,Throws,1,1,0,1
5227,Men,2024,Throws,4,4,0,2
5228,Men,2024,Throws,10,10,0,5
5229,Men,2024,Throws,11,11,0,5
5241,Men,2024,Throws,1,1,0,1
5242,Men,2024,Throws,11,11,0,5
5247,Men,2024,Throws,8,8,0,5
5249,Men,2024,Throws,6,6,0,4
5254,Men,2024,Throws,7,7,0,4
4363,Men,2024,Throws,6,6,0,3
3692,Men,2024,Throws,10,10,0,7
3697,Men,2024,Throws,11,11,0,7
3725,Men,2024,Throws,8,8,0,5
3706,Men,2024,Throws,12,12,0,7
5275,Men,2024,Throws,11,11,0,7
5283,Men,2024,Throws,1,1,0,1
5286,Men,2024,Throws,5,5,0,3
4446,Men,2024,Throws,4,4,0,2
4452,Men,2024,Throws,2,2,0,1
4349,Men,2024,Throws,3,3,0,2
5312,Men,2024,Throws,2,2,0,2
5313,Men,2024,Throws,1,1,0,1
2771,Men,2024,Throws,1,1,0,1
4355,Men,2024,Throws,1,1,0,1
4356,Men,2024,Throws,1,1,0,1
4444,Men,2024,Throws,1,1,0,1
5483,Men,2024,Throws,4,4,0,4
4850,Men,2024,Throws,3,3,0,2
3704,Men,2024,Throws,3,3,0,2
3735,Men,2024,Throws,1,1,0,1
4035,Men,2024,Throws,9,9,0,3
4417,Men,2024,Throws,4,4,0,2
3573,Men,2024,Throws,2,2,0,1
4505,Men,2024,Throws,4,4,0,2
5564,Men,2024,Throws,2,2,0,1
3995,Men,2024,Throws,3,3,0,2
5604,Men,2024,Throws,2,2,0,1
2949,Men,2024,Throws,1,1,0,1
4870,Men,2024,Throws,2,2,0,1
3629,Men,2024,Throws,1,1,0,1
3776,Men,2024,Throws,1,1,0,1
5625,Men,2024,Throws,3,3,0,3
801,Men,2024,Throws,1,1,0,1
3992,Men,2024,Throws,2,2,0,1
4007,Men,2024,Throws,1,1,0,1
5674,Men,2024,Throws,7,7,0,3
5722,Men,2024,Throws,3,3,0,2
5744,Men,2024,Throws,1,1,0,1
5746,Men,2024,Throws,1,1,0,1
4416,Men,2024,Throws,1,1,0,1
5756,Men,2024,Throws,2,2,0,1
5755,Men,2024,Throws,2,2,0,1
4410,Men,2024,Throws,1,1,0,1
4424,Men,2024,Throws,1,1,0,1
5770,Men,2024,Throws,1,1,0,1
4334,Men,2024,Throws,2,2,0,1
5782,Men,2024,Throws,2,2,0,1
5798,Men,2024,Throws,2,2,0,1
2752,Men,2024,Throws,1,1,0,1
849,Women,2024,Throws,2,2,0,1
4151,Women,2024,Throws,1,1,0,1
5210,Women,2024,Throws,4,4,0,2
3667,Women,2024,Throws,4,4,0,3
3668,Women,2024,Throws,6,6,0,3
3671,Women,2024,Throws,4,4,0,2
4015,Women,2024,Throws,2,2,0,2
5302,Women,2024,Throws,1,1,0,1
2424,Women,2024,Throws,2,2,0,2
5303,Women,2024,Throws,1,1,0,1
5304,Women,2024,Throws,1,1,0,1
2719,Women,2024,Throws,2,2,0,2
2720,Women,2024,Throws,1,1,0,1
5346,Women,2024,Throws,6,6,0,3
4294,Women,2024,Throws,6,6,0,3
4455,Women,2024,Throws,3,3,0,2
3794,Women,2024,Throws,5,5,0,3
3669,Women,2024,Throws,3,3,0,2
3940,Women,2024,Throws,5,5,0,4
4803,Women,2024,Throws,4,4,0,2
5534,Women,2024,Throws,2,2,0,1
4295,Women,2024,Throws,3,3,0,2
5535,Women,2024,Throws,1,1,0,1
5536,Women,2024,Throws,4,4,0,2
3670,Women,2024,Throws,1,1,0,1
5537,Women,2024,Throws,2,2,0,1
2850,Women,2024,Throws,1,1,0,1
4560,Women,2024,Throws,2,2,0,2
5538,Women,2024,Throws,1,1,0,1
4559,Women,2024,Throws,1,1,0,1
3768,Women,2024,Throws,1,1,0,1
4511,Women,2024,Throws,1,1,0,1
2245,Women,2024,Throws,1,1,0,1
3939,Women,2024,Throws,1,1,0,1
4296,Women,2024,Throws,2,2,0,2
5671,Women,2024,Throws,6,6,0,3
4076,Women,2024,Throws,5,5,0,3
609,Women,2024,Throws,2,2,0,1
631,Women,2024,Throws,1,1,0,1
5694,Women,2024,Throws,1,1,0,1
5695,Women,2024,Throws,1,1,0,1
5063,Women,2024,Throws,2,2,0,1
4496,Women,2024,Throws,1,1,0,1
24800,Men,2025,Throws,3,3,0,1
24802,Men,2025,Throws,2,2,0,2
4349,Men,2025,Throws,3,3,0,2
25688,Men,2025,Throws,1,1,0,1
25650,Men,2025,Throws,2,2,0,2
25876,Men,2025,Throws,1,1,0,1
24584,Men,2025,Throws,2,2,0,2
5275,Men,2025,Throws,8,8,0,4
24585,Men,2025,Throws,8,8,0,4
3706,Men,2025,Throws,8,8,0,4
3697,Men,2025,Throws,6,6,0,4
3704,Men,2025,Throws,3,3,0,2
24862,Men,2025,Throws,5,5,0,3
24568,Men,2025,Throws,1,1,0,1
24586,Men,2025,Throws,5,5,0,3
26153,Men,2025,Throws,2,2,0,2
26491,Men,2025,Throws,2,2,0,2
7965,Men,2025,Throws,1,1,0,1
25176,Men,2025,Throws,2,2,0,1
26117,Men,2025,Throws,2,2,0,1
26118,Men,2025,Throws,2,2,0,1
26119,Men,2025,Throws,2,2,0,1
2560,Men,2025,Throws,2,2,0,1
26089,Men,2025,Throws,2,2,0,1
3609,Men,2025,Throws,2,2,0,1
3613,Men,2025,Throws,2,2,0,1
2604,Men,2025,Throws,2,2,0,1
18975,Men,2025,Throws,2,2,0,1
529,Men,2025,Throws,2,2,0,1
2559,Men,2025,Throws,2,2,0,1
3692,Men,2025,Throws,5,5,0,3
24617,Men,2025,Throws,3,3,0,2
3735,Men,2025,Throws,5,5,0,3
3725,Men,2025,Throws,3,3,0,3
4148,Men,2025,Throws,2,2,0,2
5228,Men,2025,Throws,5,5,0,3
26189,Men,2025,Throws,2,2,0,1
5247,Men,2025,Throws,5,5,0,3
5229,Men,2025,Throws,7,7,0,3
25034,Men,2025,Throws,5,5,0,3
5249,Men,2025,Throws,6,6,0,3
26190,Men,2025,Throws,4,4,0,2
5219,Men,2025,Throws,4,4,0,2
5242,Men,2025,Throws,5,5,0,2
790,Men,2025,Throws,2,2,0,2
25035,Men,2025,Throws,2,2,0,1
24406,Men,2025,Throws,4,4,0,2
24397,Men,2025,Throws,2,2,0,1
25069,Men,2025,Throws,4,4,0,2
24405,Men,2025,Throws,4,4,0,2
5722,Men,2025,Throws,1,1,0,1
25555,Men,2025,Throws,2,2,0,1
24425,Men,2025,Throws,2,2,0,1
4850,Men,2025,Throws,2,2,0,1
24701,Men,2025,Throws,2,2,0,1
25649,Men,2025,Throws,2,2,0,1
3555,Men,2025,Throws,2,2,0,1
4446,Men,2025,Throws,2,2,0,1
4508,Men,2025,Throws,1,1,0,1
4505,Men,2025,Throws,2,2,0,1
4363,Men,2025,Throws,2,2,0,1
4002,Men,2025,Throws,1,1,0,1
26690,Men,2025,Throws,2,2,0,1
24661,Men,2025,Throws,1,1,0,1
24538,Men,2025,Throws,1,1,0,1
24999,Men,2025,Throws,1,1,0,1
24588,Men,2025,Throws,1,1,0,1
26696,Men,2025,Throws,1,1,0,1
24587,Men,2025,Throws,1,1,0,1
25993,Men,2025,Throws,1,1,0,1
26697,Men,2025,Throws,1,1,0,1
2289,Men,2025,Throws,1,1,0,1
26698,Men,2025,Throws,1,1,0,1
24424,Men,2025,Throws,2,2,0,1
4035,Men,2025,Throws,3,3,0,2
25556,Men,2025,Throws,1,1,0,1
24928,Men,2025,Throws,2,2,0,1
25877,Women,2025,Throws,1,1,0,1
5302,Women,2025,Throws,1,1,0,1
25681,Women,2025,Throws,1,1,0,1
2719,Women,2025,Throws,1,1,0,1
24589,Women,2025,Throws,5,5,0,3
24591,Women,2025,Throws,7,7,0,4
24592,Women,2025,Throws,6,6,0,3
3667,Women,2025,Throws,3,3,0,2
3668,Women,2025,Throws,7,7,0,4
24593,Women,2025,Throws,7,7,0,4
26132,Women,2025,Throws,1,1,0,1
26133,Women,2025,Throws,3,3,0,2
25850,Women,2025,Throws,2,2,0,1
4151,Women,2025,Throws,2,2,0,1
7945,Women,2025,Throws,1,1,0,1
4552,Women,2025,Throws,2,2,0,1
26134,Women,2025,Throws,1,1,0,1
26087,Women,2025,Throws,2,2,0,1
26122,Women,2025,Throws,1,1,0,1
5209,Women,2025,Throws,3,3,0,2
5211,Women,2025,Throws,6,6,0,3
26205,Women,2025,Throws,3,3,0,2
5197,Women,2025,Throws,8,8,0,3
26203,Women,2025,Throws,2,2,0,1
26204,Women,2025,Throws,4,4,0,3
26206,Women,2025,Throws,2,2,0,1
26197,Women,2025,Throws,4,4,0,2
26207,Women,2025,Throws,1,1,0,1
5346,Women,2025,Throws,5,5,0,2
26163,Women,2025,Throws,1,1,0,1
26229,Women,2025,Throws,4,4,0,2
3794,Women,2025,Throws,4,4,0,2
24684,Women,2025,Throws,2,2,0,1
4802,Women,2025,Throws,2,2,0,1
24729,Women,2025,Throws,2,2,0,1
5534,Women,2025,Throws,2,2,0,1
4294,Women,2025,Throws,2,2,0,1
24965,Women,2025,Throws,2,2,0,1
25234,Women,2025,Throws,2,2,0,1
3940,Women,2025,Throws,2,2,0,1
4300,Women,2025,Throws,2,2,0,1
4803,Women,2025,Throws,1,1,0,1
11345,Women,2025,Throws,2,2,0,1
26695,Women,2025,Throws,1,1,0,1
2403,Women,2025,Throws,1,1,0,1
594,Women,2025,Throws,1,1,0,1
24975,Women,2025,Throws,4,4,0,2
992,Women,2025,Throws,1,1,0,1
3657,Women,2025,Throws,1,1,0,1
3655,Women,2025,Throws,1,1,0,1
24862,Men,2026,Throws,7,7,0,4
3725,Men,2026,Throws,4,4,0,4
3692,Men,2026,Throws,8,8,0,4
26153,Men,2026,Throws,3,3,0,3
29460,Men,2026,Throws,6,6,0,4
29994,Men,2026,Throws,5,5,0,3
3706,Men,2026,Throws,8,8,0,4
30102,Men,2026,Throws,2,2,0,2
5275,Men,2026,Throws,5,5,0,3
24568,Men,2026,Throws,3,3,0,3
24928,Men,2026,Throws,1,1,0,1
24584,Men,2026,Throws,4,4,0,4
24617,Men,2026,Throws,9,9,0,4
31221,Men,2026,Throws,8,8,0,3
31188,Men,2026,Throws,5,5,0,3
31219,Men,2026,Throws,3,3,0,3
31222,Men,2026,Throws,10,10,0,4
31210,Men,2026,Throws,1,1,0,1
24454,Men,2026,Throws,5,5,0,3
27045,Men,2026,Throws,1,1,0,1
25876,Men,2026,Throws,1,1,0,1
29870,Men,2026,Throws,5,5,0,3
25652,Men,2026,Throws,1,1,0,1
24802,Men,2026,Throws,5,5,0,3
31395,Men,2026,Throws,1,1,0,1
29755,Men,2026,Throws,5,5,0,3
25650,Men,2026,Throws,1,1,0,1
31396,Men,2026,Throws,1,1,0,1
31385,Men,2026,Throws,1,1,0,1
11494,Men,2026,Throws,2,2,0,2
25035,Men,2026,Throws,3,3,0,1
31290,Men,2026,Throws,5,5,0,2
26491,Men,2026,Throws,5,5,0,3
29615,Men,2026,Throws,3,3,0,1
5242,Men,2026,Throws,6,6,0,3
26499,Men,2026,Throws,2,2,0,2
25176,Men,2026,Throws,3,3,0,2
19375,Men,2026,Throws,1,1,0,1
2540,Men,2026,Throws,1,1,0,1
31421,Men,2026,Throws,1,1,0,1
24424,Men,2026,Throws,3,3,0,2
31223,Men,2026,Throws,2,2,0,1
31220,Men,2026,Throws,1,1,0,1
24586,Men,2026,Throws,8,8,0,3
24585,Men,2026,Throws,8,8,0,3
29647,Men,2026,Throws,1,1,0,1
31061,Men,2026,Throws,2,2,0,1
26118,Men,2026,Throws,2,2,0,1
556,Men,2026,Throws,1,1,0,1
3609,Men,2026,Throws,2,2,0,1
4586,Men,2026,Throws,2,2,0,1
551,Men,2026,Throws,2,2,0,1
550,Men,2026,Throws,1,1,0,1
28762,Men,2026,Throws,2,2,0,1
7950,Men,2026,Throws,2,2,0,1
25855,Men,2026,Throws,2,2,0,1
31025,Men,2026,Throws,2,2,0,1
31063,Men,2026,Throws,2,2,0,2
31064,Men,2026,Throws,1,1,0,1
5828,Men,2026,Throws,2,2,0,1
4589,Men,2026,Throws,1,1,0,1
513,Men,2026,Throws,2,2,0,1
26089,Men,2026,Throws,2,2,0,1
506,Men,2026,Throws,2,2,0,1
31062,Men,2026,Throws,2,2,0,1
26119,Men,2026,Throws,2,2,0,1
18975,Men,2026,Throws,2,2,0,1
7954,Men,2026,Throws,2,2,0,1
529,Men,2026,Throws,1,1,0,1
26922,Men,2026,Throws,2,2,0,1
29599,Men,2026,Throws,1,1,0,1
30098,Men,2026,Throws,4,4,0,2
25555,Men,2026,Throws,2,2,0,1
4002,Men,2026,Throws,2,2,0,2
30448,Men,2026,Throws,1,1,0,1
24701,Men,2026,Throws,4,4,0,2
31362,Men,2026,Throws,1,1,0,1
31540,Men,2026,Throws,2,2,0,1
24406,Men,2026,Throws,2,2,0,1
5219,Men,2026,Throws,2,2,0,1
25559,Men,2026,Throws,1,1,0,1
24588,Men,2026,Throws,3,3,0,2
30451,Men,2026,Throws,1,1,0,1
5722,Men,2026,Throws,1,1,0,1
25069,Men,2026,Throws,2,2,0,1
30100,Men,2026,Throws,1,1,0,1
31541,Men,2026,Throws,1,1,0,1
24405,Men,2026,Throws,2,2,0,1
28367,Men,2026,Throws,2,2,0,1
4505,Men,2026,Throws,1,1,0,1
1650,Men,2026,Throws,1,1,0,1
4035,Men,2026,Throws,4,4,0,2
5674,Men,2026,Throws,1,1,0,1
26696,Men,2026,Throws,1,1,0,1
24571,Men,2026,Throws,1,1,0,1
31550,Men,2026,Throws,1,1,0,1
3694,Men,2026,Throws,1,1,0,1
5798,Men,2026,Throws,3,3,0,1
3763,Men,2026,Throws,1,1,0,1
24591,Women,2026,Throws,3,3,0,2
3668,Women,2026,Throws,9,9,0,4
24592,Women,2026,Throws,6,6,0,3
24593,Women,2026,Throws,9,9,0,4
30107,Women,2026,Throws,9,9,0,4
24589,Women,2026,Throws,8,8,0,4
31316,Women,2026,Throws,3,3,0,3
31224,Women,2026,Throws,7,7,0,4
31427,Women,2026,Throws,1,1,0,1
30370,Women,2026,Throws,1,1,0,1
16158,Women,2026,Throws,1,1,0,1
5346,Women,2026,Throws,5,5,0,3
30106,Women,2026,Throws,5,5,0,3
29871,Women,2026,Throws,4,4,0,4
2385,Women,2026,Throws,1,1,0,1
27874,Women,2026,Throws,1,1,0,1
4294,Women,2026,Throws,1,1,0,1
29762,Women,2026,Throws,4,4,0,3
31300,Women,2026,Throws,5,5,0,3
31405,Women,2026,Throws,1,1,0,1
31086,Women,2026,Throws,4,4,0,4
5209,Women,2026,Throws,4,4,0,3
5197,Women,2026,Throws,8,8,0,3
29697,Women,2026,Throws,8,8,0,3
5211,Women,2026,Throws,5,5,0,3
30447,Women,2026,Throws,6,6,0,2
29611,Women,2026,Throws,4,4,0,2
29461,Women,2026,Throws,6,6,0,3
29610,Women,2026,Throws,7,7,0,3
30103,Women,2026,Throws,6,6,0,3
29649,Women,2026,Throws,1,1,0,1
31341,Women,2026,Throws,2,2,0,1
26132,Women,2026,Throws,2,2,0,1
31071,Women,2026,Throws,2,2,0,1
31068,Women,2026,Throws,2,2,0,1
31073,Women,2026,Throws,2,2,0,1
31087,Women,2026,Throws,2,2,0,1
26127,Women,2026,Throws,2,2,0,1
31103,Women,2026,Throws,2,2,0,1
27618,Women,2026,Throws,2,2,0,2
4300,Women,2026,Throws,1,1,0,1
29668,Women,2026,Throws,2,2,0,1
3794,Women,2026,Throws,2,2,0,1
24965,Women,2026,Throws,2,2,0,1
25096,Women,2026,Throws,2,2,0,1
31536,Women,2026,Throws,2,2,0,1
5534,Women,2026,Throws,2,2,0,1
24975,Women,2026,Throws,2,2,0,1
31537,Women,2026,Throws,2,2,0,1
29571,Women,2026,Throws,1,1,0,1
2403,Women,2026,Throws,1,1,0,1
