,result_id,team_id,athlete_id,grade,athlete_id_2,grade_2,athlete_id_3,grade_3,athlete_id_4,grade_4,running_event_id,event_type,result_time,relay_split,relay_split_2,relay_split_3,wind,meet_id,approved,Track_Event_Type,World_Athletics_Points_Men,World_Athletics_Points_Women,Average_Score,gender,is_hidden,sport_id,start_date,end_date,nationals,VDOT_Men,VDOT_Women,Purdy_Points_Men,Purdy_Points_Women,Mercier_Points_Men,Mercier_Points_Women
572,125283,17,18288,,,,,,,,17,,16:20.80,,,,,1492,True,Distance,585,1012,1091.0,M,False,3,2026-03-06,2026-03-07,False,62.99,,701.92,,514,
29616,126909,146,29458,,,,,,,,9,,2:10.40,,,,,1519,True,Distance,526,983,1017.5,M,False,3,2026-03-28,2026-03-28,False,64.86,,628.84,,482,
29712,126911,146,4387,,,,,,,,9,,2:14.07,,,,,1519,True,Distance,454,924,916.0,M,False,3,2026-03-28,2026-03-28,False,62.79,,587.11,,431,
29713,126913,146,29674,,,,,,,,9,,2:15.03,,,,,1519,True,Distance,436,909,890.5,M,False,3,2026-03-28,2026-03-28,False,62.27,,576.57,,419,
29714,126915,146,24582,,,,,,,,9,,2:24.92,,,,,1519,True,Distance,272,759,651.5,M,False,3,2026-03-28,2026-03-28,False,57.36,,476.12,,296,
29715,126917,146,1309,,,,,,,,9,,2:33.26,,,,,1519,True,Distance,163,643,484.5,M,False,3,2026-03-28,2026-03-28,False,53.77,,401.48,,205,
29717,126921,146,24914,,,,,,,,11,,4:05.90,,,,,1519,True,Distance,786,1158,1365.0,M,False,3,2026-03-28,2026-03-28,False,68.19,,785.05,,642,
29718,126922,146,31371,,,,,,,,11,,4:28.30,,,,,1519,True,Distance,553,989,1047.5,M,False,3,2026-03-28,2026-03-28,False,61.76,,650.9,,478,
29719,126924,146,4150,,,,,,,,11,,4:39.48,,,,,1519,True,Distance,452,909,906.5,M,False,3,2026-03-28,2026-03-28,False,58.98,,592.0,,407,
29949,126926,146,29775,,,,,,,,11,,4:47.44,,,,,1519,True,Distance,386,854,813.0,M,False,3,2026-03-28,2026-03-28,False,57.14,,552.85,,359,
29950,126928,146,24909,,,,,,,,11,,5:05.31,,,,,1519,True,Distance,258,738,627.0,M,False,3,2026-03-28,2026-03-28,False,53.39,,472.39,,261,
29951,126930,146,30065,,,,,,,,11,,5:33.23,,,,,1519,True,Distance,108,572,394.0,M,False,3,2026-03-28,2026-03-28,False,48.4,,363.97,,128,
29953,126934,146,27492,,,,,,,,14,,9:44.80,,,,,1519,True,Distance,530,960,1010.0,M,False,3,2026-03-28,2026-03-28,False,60.58,,650.81,,456,
29954,126936,146,24568,,,,,,,,20,,11:30.76,,,,,1519,True,Distance,185,671,520.5,M,False,3,2026-03-28,2026-03-28,False,50.16,,432.52,,398,
30426,126908,146,1216,,,,,,,,9,,2:01.10,,,,,1519,True,Distance,734,1142,1305.0,M,False,3,2026-03-28,2026-03-28,False,70.75,,745.89,,625,
30427,126910,146,29775,,,,,,,,9,,2:10.70,,,,,1519,True,Distance,520,979,1009.5,M,False,3,2026-03-28,2026-03-28,False,64.69,,625.34,,478,
30428,126912,146,3699,,,,,,,,9,,2:14.90,,,,,1519,True,Distance,439,911,894.5,M,False,3,2026-03-28,2026-03-28,False,62.34,,577.99,,420,
30429,126914,146,27496,,,,,,,,9,,2:15.86,,,,,1519,True,Distance,421,896,869.0,M,False,3,2026-03-28,2026-03-28,False,61.83,,567.58,,408,
30432,126923,146,29458,,,,,,,,11,,4:31.25,,,,,1519,True,Distance,526,967,1009.5,M,False,3,2026-03-28,2026-03-28,False,61.0,,634.89,,459,
30433,126925,146,29608,,,,,,,,11,,4:44.12,,,,,1519,True,Distance,413,877,851.5,M,False,3,2026-03-28,2026-03-28,False,57.89,,568.91,,378,
30434,126927,146,29674,,,,,,,,11,,4:47.62,,,,,1519,True,Distance,385,853,811.5,M,False,3,2026-03-28,2026-03-28,False,57.1,,551.99,,358,
30435,126929,146,1309,,,,,,,,11,,5:11.69,,,,,1519,True,Distance,218,698,567.0,M,False,3,2026-03-28,2026-03-28,False,52.17,,445.91,,228,
30436,126933,146,31371,,,,,,,,14,,9:38.98,,,,,1519,True,Distance,555,979,1044.5,M,False,3,2026-03-28,2026-03-28,False,61.27,,665.11,,473,
30439,126916,146,1421,,,,,,,,9,,2:29.57,,,,,1519,True,Distance,208,693,554.5,M,False,3,2026-03-28,2026-03-28,False,55.3,,433.48,,244,
30476,126935,146,3713,,,,,,,,20,,11:24.58,,,,,1519,True,Distance,200,688,544.0,M,False,3,2026-03-28,2026-03-28,False,50.68,,443.39,,411,
30934,126990,61,28005,,,,,,,,9,,2:09.50,,,,,1520,True,Distance,545,998,1044.0,M,False,3,2026-03-28,2026-03-28,False,65.39,,639.43,,495,
30935,126991,61,31373,,,,,,,,9,,2:16.74,,,,,1520,True,Distance,405,882,846.0,M,False,3,2026-03-28,2026-03-28,False,61.37,,558.16,,396,
31010,126993,61,8147,,,,,,,,11,,4:16.40,,,,,1520,True,Distance,672,1077,1210.5,M,False,3,2026-03-28,2026-03-28,False,65.02,,719.25,,562,
31011,126995,61,2284,,,,,,,,11,,4:43.80,,,,,1520,True,Distance,416,879,855.5,M,False,3,2026-03-28,2026-03-28,False,57.97,,570.48,,380,
31012,126996,61,31374,,,,,,,,11,,5:00.51,,,,,1520,True,Distance,290,768,674.0,M,False,3,2026-03-28,2026-03-28,False,54.35,,493.06,,286,
31013,126998,61,2259,,,,,,,,17,,15:38.40,,,,,1520,True,Distance,698,1090,1243.0,M,False,3,2026-03-28,2026-03-28,False,66.31,,767.54,,593,
31014,127000,61,1658,,,,,,,,17,,16:12.13,,,,,1520,True,Distance,608,1027,1121.5,M,False,3,2026-03-28,2026-03-28,False,63.65,,714.87,,529,
31139,127108,166,28323,,,,,,,,9,,2:17.08,,,,,1521,True,Distance,399,877,837.5,M,False,3,2026-03-28,2026-03-28,False,61.19,,554.56,,392,
32445,128161,233,31201,Fr,,,,,,,9,,2:05.51,,,,,1533,True,Distance,631,1066,1164.0,M,False,3,2026-03-28,2026-03-28,False,67.83,,688.22,,555,
32446,128163,233,31200,So,,,,,,,11,,4:18.55,,,,,1533,True,Distance,650,1061,1180.5,M,False,3,2026-03-28,2026-03-28,False,64.41,,706.44,,546,
32489,125404,10,22592,,,,,,,,9,,2:01.83,,,,,1495,True,Distance,716,1130,1281.0,M,False,3,2026-03-14,2026-03-14,False,70.25,,736.06,,613,
32490,125406,10,5619,,,,,,,,9,,2:10.45,,,,,1495,True,Distance,525,983,1016.5,M,False,3,2026-03-14,2026-03-14,False,64.83,,628.25,,482,
32492,125410,10,28361,,,,,,,,11,,4:11.92,,,,,1495,True,Distance,719,1111,1274.5,M,False,3,2026-03-14,2026-03-14,False,66.33,,746.65,,595,
32493,125412,10,5619,,,,,,,,11,,4:23.05,,,,,1495,True,Distance,604,1027,1117.5,M,False,3,2026-03-14,2026-03-14,False,63.16,,680.29,,514,
32494,125414,10,29742,,,,,,,,14,,9:38.01,,,,,1495,True,Distance,559,982,1050.0,M,False,3,2026-03-14,2026-03-14,False,61.39,,667.52,,476,
32495,125416,10,28365,,,,,,,,14,,10:58.84,,,,,1495,True,Distance,267,743,638.5,M,False,3,2026-03-14,2026-03-14,False,52.93,,490.89,,264,
32499,125424,10,22592,,,,,,,,17,,16:14.51,,,,,1495,True,Distance,601,1023,1112.5,M,False,3,2026-03-14,2026-03-14,False,63.47,,711.29,,525,
32553,125405,10,31096,,,,,,,,9,,2:09.58,,,,,1495,True,Distance,543,997,1041.5,M,False,3,2026-03-14,2026-03-14,False,65.34,,638.48,,494,
32554,125407,10,22588,,,,,,,,9,,2:27.22,,,,,1495,True,Distance,239,726,602.0,M,False,3,2026-03-14,2026-03-14,False,56.32,,454.69,,270,
32556,125411,10,2302,,,,,,,,11,,4:13.56,,,,,1495,True,Distance,702,1099,1251.5,M,False,3,2026-03-14,2026-03-14,False,65.85,,736.51,,583,
32557,125413,10,29742,,,,,,,,11,,4:43.18,,,,,1495,True,Distance,421,883,862.5,M,False,3,2026-03-14,2026-03-14,False,58.11,,573.52,,384,
32558,125415,10,28782,,,,,,,,14,,10:11.61,,,,,1495,True,Distance,425,878,864.0,M,False,3,2026-03-14,2026-03-14,False,57.59,,588.43,,381,
32562,125423,10,22588,,,,,,,,17,,16:04.98,,,,,1495,True,Distance,626,1040,1146.0,M,False,3,2026-03-14,2026-03-14,False,64.19,,725.73,,542,
32563,125425,10,28364,,,,,,,,17,,16:47.69,,,,,1495,True,Distance,519,964,1001.0,M,False,3,2026-03-14,2026-03-14,False,61.05,,663.16,,467,
33708,125460,19,2306,,,,,,,,9,,2:00.77,,,,,1495,True,Distance,742,1148,1316.0,M,False,3,2026-03-14,2026-03-14,False,70.98,,750.38,,630,
33709,125463,19,5161,,,,,,,,9,,2:05.28,,,,,1495,True,Distance,636,1070,1171.0,M,False,3,2026-03-14,2026-03-14,False,67.98,,691.13,,558,
33711,125468,19,26031,,,,,,,,11,,4:10.74,,,,,1495,True,Distance,732,1121,1292.5,M,False,3,2026-03-14,2026-03-14,False,66.69,,754.03,,604,
33712,125470,19,5154,,,,,,,,11,,4:14.18,,,,,1495,True,Distance,695,1094,1242.0,M,False,3,2026-03-14,2026-03-14,False,65.66,,732.71,,578,
33713,125472,19,31248,,,,,,,,11,,4:19.96,,,,,1495,True,Distance,635,1050,1160.0,M,False,3,2026-03-14,2026-03-14,False,64.01,,698.15,,536,
33714,125474,19,2316,,,,,,,,11,,4:50.84,,,,,1495,True,Distance,360,831,775.5,M,False,3,2026-03-14,2026-03-14,False,56.39,,536.78,,339,
33715,125475,19,31250,,,,,,,,11,,4:51.56,,,,,1495,True,Distance,354,827,767.5,M,False,3,2026-03-14,2026-03-14,False,56.23,,533.42,,335,
33717,125478,19,26036,,,,,,,,20,,12:43.93,,,,,1495,True,Distance,48,492,294.0,M,False,3,2026-03-14,2026-03-14,False,44.72,,317.13,,266,
33718,125480,19,20497,,,,,,,,14,,9:32.68,,,,,1495,True,Distance,582,999,1081.5,M,False,3,2026-03-14,2026-03-14,False,62.03,,680.92,,492,
33727,125461,19,28784,,,,,,,,9,,2:01.42,,,,,1495,True,Distance,726,1137,1294.5,M,False,3,2026-03-14,2026-03-14,False,70.53,,741.57,,620,
33728,125462,19,31248,,,,,,,,9,,2:05.01,,,,,1495,True,Distance,642,1074,1179.0,M,False,3,2026-03-14,2026-03-14,False,68.15,,694.56,,562,
34174,125464,19,20497,,,,,,,,9,,2:07.78,,,,,1495,True,Distance,581,1027,1094.5,M,False,3,2026-03-14,2026-03-14,False,66.42,,660.09,,520,
34176,125467,19,5155,,,,,,,,11,,4:10.06,,,,,1495,True,Distance,740,1126,1303.0,M,False,3,2026-03-14,2026-03-14,False,66.9,,758.32,,609,
34177,125469,19,28784,,,,,,,,11,,4:12.30,,,,,1495,True,Distance,715,1109,1269.5,M,False,3,2026-03-14,2026-03-14,False,66.22,,744.29,,592,
34178,125471,19,28785,,,,,,,,11,,4:17.56,,,,,1495,True,Distance,660,1068,1194.0,M,False,3,2026-03-14,2026-03-14,False,64.69,,712.31,,553,
34179,125473,19,5161,,,,,,,,11,,4:23.97,,,,,1495,True,Distance,595,1020,1105.0,M,False,3,2026-03-14,2026-03-14,False,62.91,,675.06,,508,
34181,125479,19,2303,,,,,,,,14,,9:24.90,,,,,1495,True,Distance,616,1024,1128.0,M,False,3,2026-03-14,2026-03-14,False,63.0,,700.94,,517,
34182,125481,19,20498,,,,,,,,14,,9:37.60,,,,,1495,True,Distance,561,983,1052.5,M,False,3,2026-03-14,2026-03-14,False,61.44,,668.55,,478,
34184,125485,19,20498,,,,,,,,17,,16:49.86,,,,,1495,True,Distance,513,960,993.0,M,False,3,2026-03-14,2026-03-14,False,60.89,,660.12,,463,
34306,127178,139,1589,,,,,,,,11,,5:25.42,,,,,1521,True,Distance,144,616,452.0,M,False,3,2026-03-28,2026-03-28,False,49.71,,392.42,,163,
37027,125533,138,27920,,,,,,,,12,,5:22.56,,,,,1497,True,Distance,0,0,0.0,M,False,3,2026-03-15,2026-03-15,False,,,,,,
37030,125585,17,26704,So,,,,,,,9,,2:03.73,,,,,1498,True,Distance,672,1096,1220.0,M,False,3,2026-03-14,2026-03-14,False,68.98,,711.0,,582,
37031,125587,17,4205,Sr,,,,,,,11,,4:15.49,,,,,1498,True,Distance,681,1084,1223.0,M,False,3,2026-03-14,2026-03-14,False,65.28,,724.74,,569,
37032,125588,17,31273,Fr,,,,,,,11,,4:16.22,,,,,1498,True,Distance,674,1079,1213.5,M,False,3,2026-03-14,2026-03-14,False,65.07,,720.33,,563,
37033,125591,17,26705,Jr,,,,,,,11,,4:38.65,,,,,1498,True,Distance,459,915,916.5,M,False,3,2026-03-14,2026-03-14,False,59.18,,596.21,,412,
37343,125584,4,2946,Jr,,,,,,,9,,2:01.24,,,,,1498,True,Distance,730,1140,1300.0,M,False,3,2026-03-14,2026-03-14,False,70.65,,744.0,,623,
37344,125586,4,2959,Sr,,,,,,,11,,4:07.18,,,,,1498,True,Distance,772,1148,1346.0,M,False,3,2026-03-14,2026-03-14,False,67.78,,776.73,,632,
37345,125589,17,3267,Sr,,,,,,,11,,4:30.24,,,,,1498,True,Distance,535,975,1022.5,M,False,3,2026-03-14,2026-03-14,False,61.26,,640.33,,466,
37346,125590,20,31274,,,,,,,,11,,4:31.40,,,,,1498,True,Distance,524,966,1007.0,M,False,3,2026-03-14,2026-03-14,False,60.96,,634.08,,458,
37347,125592,17,3296,Sr,,,,,,,11,,5:05.34,,,,,1498,True,Distance,257,737,625.5,M,False,3,2026-03-14,2026-03-14,False,53.39,,472.27,,260,
38300,125521,160,27908,,,,,,,,9,,2:05.91,,,,,1497,True,Distance,622,1059,1151.5,M,False,3,2026-03-15,2026-03-15,False,67.58,,683.19,,549,
38301,125523,165,29795,,,,,,,,9,,2:09.09,,,,,1497,True,Distance,554,1005,1056.5,M,False,3,2026-03-15,2026-03-15,False,65.63,,644.3,,501,
38302,125525,152,31004,,,,,,,,12,,4:36.66,,,,,1497,True,Distance,0,0,0.0,M,False,3,2026-03-15,2026-03-15,False,,,,,,
38303,125529,165,29795,,,,,,,,12,,5:00.43,,,,,1497,True,Distance,0,0,0.0,M,False,3,2026-03-15,2026-03-15,False,,,,,,
38304,125531,138,27040,,,,,,,,12,,5:09.73,,,,,1497,True,Distance,0,0,0.0,M,False,3,2026-03-15,2026-03-15,False,,,,,,
38305,125535,138,31260,,,,,,,,12,,5:26.52,,,,,1497,True,Distance,0,0,0.0,M,False,3,2026-03-15,2026-03-15,False,,,,,,
38306,125537,160,2748,,,,,,,,12,,5:32.69,,,,,1497,True,Distance,0,0,0.0,M,False,3,2026-03-15,2026-03-15,False,,,,,,
38307,125539,160,1319,,,,,,,,12,,5:33.08,,,,,1497,True,Distance,0,0,0.0,M,False,3,2026-03-15,2026-03-15,False,,,,,,
38309,125522,152,31004,,,,,,,,9,,2:07.56,,,,,1497,True,Distance,586,1031,1101.5,M,False,3,2026-03-15,2026-03-15,False,66.56,,662.77,,524,
38310,125524,160,11422,,,,,,,,9,,2:23.50,,,,,1497,True,Distance,293,780,683.0,M,False,3,2026-03-15,2026-03-15,False,58.02,,489.69,,313,
38311,125526,165,30005,,,,,,,,12,,4:44.85,,,,,1497,True,Distance,0,0,0.0,M,False,3,2026-03-15,2026-03-15,False,,,,,,
38312,125528,165,29796,,,,,,,,12,,4:57.81,,,,,1497,True,Distance,0,0,0.0,M,False,3,2026-03-15,2026-03-15,False,,,,,,
38313,125530,160,2460,,,,,,,,12,,5:04.24,,,,,1497,True,Distance,0,0,0.0,M,False,3,2026-03-15,2026-03-15,False,,,,,,
38326,125527,152,3144,,,,,,,,12,,4:53.11,,,,,1497,True,Distance,0,0,0.0,M,False,3,2026-03-15,2026-03-15,False,,,,,,
38398,128160,233,31425,Fr,,,,,,,9,,1:54.74,,,,,1533,True,Distance,895,1258,1524.0,M,False,3,2026-03-28,2026-03-28,False,75.41,,836.87,,736,
38399,128162,233,31204,So,,,,,,,11,,4:00.60,,,,,1533,True,Distance,847,1201,1447.5,M,False,3,2026-03-28,2026-03-28,False,69.9,,820.44,,685,
38400,128164,233,31311,Fr,,,,,,,11,,4:34.06,,,,,1533,True,Distance,500,947,973.5,M,False,3,2026-03-28,2026-03-28,False,60.3,,619.95,,441,
38507,125532,138,770,,,,,,,,12,,5:10.14,,,,,1497,True,Distance,0,0,0.0,M,False,3,2026-03-15,2026-03-15,False,,,,,,
38508,125536,152,27915,,,,,,,,12,,5:27.92,,,,,1497,True,Distance,0,0,0.0,M,False,3,2026-03-15,2026-03-15,False,,,,,,
38509,125538,160,11408,,,,,,,,12,,5:33.06,,,,,1497,True,Distance,0,0,0.0,M,False,3,2026-03-15,2026-03-15,False,,,,,,
38510,125540,160,11421,,,,,,,,12,,5:34.07,,,,,1497,True,Distance,0,0,0.0,M,False,3,2026-03-15,2026-03-15,False,,,,,,
38511,125543,165,30081,,,,,,,,17,,16:07.13,,,,,1497,True,Distance,621,1036,1139.0,M,False,3,2026-03-15,2026-03-15,False,64.03,,722.44,,538,
38512,125545,165,2174,,,,,,,,17,,16:37.06,,,,,1497,True,Distance,545,982,1036.0,M,False,3,2026-03-15,2026-03-15,False,61.8,,678.23,,485,
38513,125547,138,730,,,,,,,,17,,16:57.90,,,,,1497,True,Distance,494,946,967.0,M,False,3,2026-03-15,2026-03-15,False,60.33,,648.98,,450,
38514,125549,152,30961,,,,,,,,17,,17:48.51,,,,,1497,True,Distance,383,859,812.5,M,False,3,2026-03-15,2026-03-15,False,57.02,,582.69,,370,
38515,125550,160,31262,,,,,,,,17,,18:29.42,,,,,1497,True,Distance,303,792,699.0,M,False,3,2026-03-15,2026-03-15,False,54.58,,533.53,,311,
38516,125552,160,9106,,,,,,,,17,,20:50.02,,,,,1497,True,Distance,100,583,391.5,M,False,3,2026-03-15,2026-03-15,False,47.48,,389.11,,136,
38618,125542,138,4704,,,,,,,,17,,15:47.34,,,,,1497,True,Distance,674,1073,1210.5,M,False,3,2026-03-15,2026-03-15,False,65.58,,753.21,,576,
38619,125544,138,703,,,,,,,,17,,16:35.70,,,,,1497,True,Distance,548,985,1040.5,M,False,3,2026-03-15,2026-03-15,False,61.9,,680.18,,488,
38620,125546,160,1213,,,,,,,,17,,16:44.10,,,,,1497,True,Distance,527,970,1012.0,M,False,3,2026-03-15,2026-03-15,False,61.3,,668.21,,473,
38621,125548,138,30004,,,,,,,,17,,17:16.26,,,,,1497,True,Distance,452,914,909.0,M,False,3,2026-03-15,2026-03-15,False,59.09,,624.19,,420,
38844,125551,152,27915,,,,,,,,17,,18:44.54,,,,,1497,True,Distance,276,768,660.0,M,False,3,2026-03-15,2026-03-15,False,53.73,,516.27,,290,
39806,125593,4,2946,Jr,,,,,,,17,,15:16.91,,,,,1498,True,Distance,760,1130,1325.0,M,False,3,2026-03-14,2026-03-14,False,68.11,,803.12,,636,
39807,125595,17,4191,Sr,,,,,,,17,,15:42.44,,,,,1498,True,Distance,687,1082,1228.0,M,False,3,2026-03-14,2026-03-14,False,65.98,,761.03,,585,
39808,125597,4,18780,,,,,,,,17,,16:19.96,,,,,1498,True,Distance,587,1013,1093.5,M,False,3,2026-03-14,2026-03-14,False,63.06,,703.16,,515,
39809,125600,4,25191,Fr,,,,,,,17,,17:39.34,,,,,1498,True,Distance,402,875,839.5,M,False,3,2026-03-14,2026-03-14,False,57.6,,594.24,,384,
39810,125602,4,7720,So,,,,,,,18,,34:55.04,,,,,1498,True,Distance,583,990,1078.0,M,False,3,2026-03-14,2026-03-14,False,60.9,,677.84,,500,
39838,127085,169,29751,,,,,,,,9,,1:59.23,,,,,1521,True,Distance,779,1176,1367.0,M,False,3,2026-03-28,2026-03-28,False,72.06,,771.63,,656,
39839,127087,166,27000,,,,,,,,9,,2:00.87,,,,,1521,True,Distance,739,1147,1312.5,M,False,3,2026-03-28,2026-03-28,False,70.91,,749.01,,629,
39840,127089,166,27016,,,,,,,,9,,2:03.64,,,,,1521,True,Distance,674,1098,1223.0,M,False,3,2026-03-28,2026-03-28,False,69.04,,712.17,,584,
39841,127091,159,4711,,,,,,,,9,,2:04.84,,,,,1521,True,Distance,646,1077,1184.5,M,False,3,2026-03-28,2026-03-28,False,68.26,,696.72,,565,
39842,127093,142,26180,,,,,,,,9,,2:07.56,,,,,1521,True,Distance,586,1031,1101.5,M,False,3,2026-03-28,2026-03-28,False,66.56,,662.77,,524,
39843,127097,130,2464,,,,,,,,9,,2:08.47,,,,,1521,True,Distance,567,1015,1074.5,M,False,3,2026-03-28,2026-03-28,False,66.0,,651.73,,510,
39844,127099,159,16133,,,,,,,,9,,2:09.83,,,,,1521,True,Distance,538,993,1034.5,M,False,3,2026-03-28,2026-03-28,False,65.19,,635.53,,490,
39845,127101,159,24911,,,,,,,,9,,2:10.48,,,,,1521,True,Distance,525,982,1016.0,M,False,3,2026-03-28,2026-03-28,False,64.82,,627.9,,481,
39846,127103,79,26922,,,,,,,,9,,2:11.13,,,,,1521,True,Distance,512,971,997.5,M,False,3,2026-03-28,2026-03-28,False,64.44,,620.35,,472,
39847,127105,132,30348,,,,,,,,9,,2:11.91,,,,,1521,True,Distance,496,959,975.5,M,False,3,2026-03-28,2026-03-28,False,63.99,,611.39,,461,
39848,127110,166,4728,,,,,,,,9,,2:20.64,,,,,1521,True,Distance,338,822,749.0,M,False,3,2026-03-28,2026-03-28,False,59.39,,517.86,,347,
39849,127112,166,28327,,,,,,,,9,,2:23.57,,,,,1521,True,Distance,292,779,681.5,M,False,3,2026-03-28,2026-03-28,False,57.99,,489.01,,312,
39850,127114,169,29752,,,,,,,,9,,2:25.66,,,,,1521,True,Distance,261,748,635.0,M,False,3,2026-03-28,2026-03-28,False,57.02,,469.15,,288,
39851,127116,160,31258,,,,,,,,9,,2:26.13,,,,,1521,True,Distance,254,742,625.0,M,False,3,2026-03-28,2026-03-28,False,56.81,,464.76,,282,
39852,127119,160,31386,,,,,,,,9,,2:38.71,,,,,1521,True,Distance,107,573,393.5,M,False,3,2026-03-28,2026-03-28,False,51.64,,356.95,,151,
39853,127121,164,18961,,,,,,,,11,,4:04.13,,,,,1521,True,Distance,806,1172,1392.0,M,False,3,2026-03-28,2026-03-28,False,68.75,,796.7,,656,
39854,127123,137,18978,,,,,,,,11,,4:07.64,,,,,1521,True,Distance,767,1145,1339.5,M,False,3,2026-03-28,2026-03-28,False,67.64,,773.76,,628,
39855,127125,159,705,,,,,,,,11,,4:10.42,,,,,1521,True,Distance,736,1123,1297.5,M,False,3,2026-03-28,2026-03-28,False,66.79,,756.05,,607,
39856,127127,139,7693,,,,,,,,11,,4:13.12,,,,,1521,True,Distance,707,1102,1258.0,M,False,3,2026-03-28,2026-03-28,False,65.98,,739.22,,586,
39857,127129,137,27840,,,,,,,,11,,4:14.21,,,,,1521,True,Distance,695,1094,1242.0,M,False,3,2026-03-28,2026-03-28,False,65.66,,732.52,,578,
39858,127131,139,1584,,,,,,,,11,,4:17.98,,,,,1521,True,Distance,655,1065,1187.5,M,False,3,2026-03-28,2026-03-28,False,64.57,,709.81,,550,
39859,127133,164,723,,,,,,,,11,,4:18.48,,,,,1521,True,Distance,650,1061,1180.5,M,False,3,2026-03-28,2026-03-28,False,64.43,,706.85,,547,
39860,127135,79,7950,,,,,,,,11,,4:22.87,,,,,1521,True,Distance,606,1029,1120.5,M,False,3,2026-03-28,2026-03-28,False,63.21,,681.32,,516,
39861,127137,132,18969,,,,,,,,11,,4:25.37,,,,,1521,True,Distance,581,1010,1086.0,M,False,3,2026-03-28,2026-03-28,False,62.53,,667.16,,498,
39862,127139,164,18964,,,,,,,,11,,4:26.11,,,,,1521,True,Distance,574,1005,1076.5,M,False,3,2026-03-28,2026-03-28,False,62.34,,663.02,,493,
39863,127141,159,20431,,,,,,,,11,,4:29.71,,,,,1521,True,Distance,540,978,1029.0,M,False,3,2026-03-28,2026-03-28,False,61.4,,643.21,,469,
39864,127145,159,2176,,,,,,,,11,,4:33.03,,,,,1521,True,Distance,509,954,986.0,M,False,3,2026-03-28,2026-03-28,False,60.55,,625.39,,447,
39865,127147,164,26999,,,,,,,,11,,4:35.62,,,,,1521,True,Distance,486,936,954.0,M,False,3,2026-03-28,2026-03-28,False,59.91,,611.79,,431,
39866,127149,169,7641,,,,,,,,11,,4:36.63,,,,,1521,True,Distance,477,929,941.5,M,False,3,2026-03-28,2026-03-28,False,59.66,,606.56,,424,
39867,127151,160,2460,,,,,,,,11,,4:38.49,,,,,1521,True,Distance,461,916,919.0,M,False,3,2026-03-28,2026-03-28,False,59.21,,597.02,,413,
39868,127153,164,691,,,,,,,,11,,4:39.03,,,,,1521,True,Distance,456,912,912.0,M,False,3,2026-03-28,2026-03-28,False,59.09,,594.28,,409,
39869,127155,132,25628,,,,,,,,11,,4:39.58,,,,,1521,True,Distance,451,908,905.0,M,False,3,2026-03-28,2026-03-28,False,58.95,,591.49,,406,
39870,127159,164,18989,,,,,,,,11,,4:43.92,,,,,1521,True,Distance,415,878,854.0,M,False,3,2026-03-28,2026-03-28,False,57.94,,569.89,,380,
39871,127161,130,3142,,,,,,,,11,,4:45.24,,,,,1521,True,Distance,404,869,838.5,M,False,3,2026-03-28,2026-03-28,False,57.64,,563.45,,372,
39872,127164,139,7697,,,,,,,,11,,4:50.31,,,,,1521,True,Distance,364,835,781.5,M,False,3,2026-03-28,2026-03-28,False,56.51,,539.26,,342,
39873,127166,166,28327,,,,,,,,11,,4:50.82,,,,,1521,True,Distance,360,831,775.5,M,False,3,2026-03-28,2026-03-28,False,56.39,,536.87,,339,
39874,127168,132,2754,,,,,,,,11,,4:51.25,,,,,1521,True,Distance,357,829,771.5,M,False,3,2026-03-28,2026-03-28,False,56.3,,534.87,,337,
39875,127170,159,27911,,,,,,,,11,,4:53.71,,,,,1521,True,Distance,338,812,744.0,M,False,3,2026-03-28,2026-03-28,False,55.77,,523.5,,323,
39876,127172,132,27029,,,,,,,,11,,5:04.85,,,,,1521,True,Distance,261,740,631.0,M,False,3,2026-03-28,2026-03-28,False,53.48,,474.35,,263,
39877,127174,169,29752,,,,,,,,11,,5:07.55,,,,,1521,True,Distance,243,723,604.5,M,False,3,2026-03-28,2026-03-28,False,52.96,,462.97,,249,
39878,127176,164,2730,,,,,,,,11,,5:11.14,,,,,1521,True,Distance,221,701,571.5,M,False,3,2026-03-28,2026-03-28,False,52.27,,448.15,,231,
39879,127107,159,16147,,,,,,,,9,,2:16.50,,,,,1521,True,Distance,409,886,852.0,M,False,3,2026-03-28,2026-03-28,False,61.49,,560.72,,399,
39880,127157,159,16147,,,,,,,,11,,4:42.97,,,,,1521,True,Distance,423,885,865.5,M,False,3,2026-03-28,2026-03-28,False,58.16,,574.56,,385,
39892,125594,4,27949,Fr,,,,,,,17,,15:17.38,,,,,1498,True,Distance,758,1130,1323.0,M,False,3,2026-03-14,2026-03-14,False,68.07,,802.32,,635,
39893,125596,17,18288,Sr,,,,,,,17,,16:19.87,,,,,1498,True,Distance,588,1013,1094.5,M,False,3,2026-03-14,2026-03-14,False,63.06,,703.29,,515,
39894,125598,4,20492,,,,,,,,17,,16:22.87,,,,,1498,True,Distance,580,1008,1084.0,M,False,3,2026-03-14,2026-03-14,False,62.84,,698.86,,510,
39895,125599,17,31275,Sr,,,,,,,17,,17:07.64,,,,,1498,True,Distance,472,929,936.5,M,False,3,2026-03-14,2026-03-14,False,59.67,,635.72,,434,
39896,125601,4,26543,So,,,,,,,18,,33:41.96,,,,,1498,True,Distance,666,1051,1191.5,M,False,3,2026-03-14,2026-03-14,False,63.49,,728.61,,560,
39936,127084,164,28312,,,,,,,,9,,1:55.66,,,,,1521,True,Distance,871,1241,1491.5,M,False,3,2026-03-28,2026-03-28,False,74.7,,823.09,,719,
39937,127086,164,18979,,,,,,,,9,,2:00.33,,,,,1521,True,Distance,752,1156,1330.0,M,False,3,2026-03-28,2026-03-28,False,71.28,,756.39,,638,
39938,127090,159,2176,,,,,,,,9,,2:04.08,,,,,1521,True,Distance,664,1090,1209.0,M,False,3,2026-03-28,2026-03-28,False,68.75,,706.47,,577,
39939,127092,160,27908,,,,,,,,9,,2:07.34,,,,,1521,True,Distance,591,1034,1108.0,M,False,3,2026-03-28,2026-03-28,False,66.69,,665.46,,527,
39940,127094,159,20431,,,,,,,,9,,2:07.71,,,,,1521,True,Distance,583,1028,1097.0,M,False,3,2026-03-28,2026-03-28,False,66.46,,660.94,,521,
39941,127096,79,31388,,,,,,,,9,,2:08.32,,,,,1521,True,Distance,570,1018,1079.0,M,False,3,2026-03-28,2026-03-28,False,66.09,,653.54,,512,
39942,127098,159,26513,,,,,,,,9,,2:09.16,,,,,1521,True,Distance,552,1004,1054.0,M,False,3,2026-03-28,2026-03-28,False,65.59,,643.47,,500,
39943,127100,79,7950,,,,,,,,9,,2:09.92,,,,,1521,True,Distance,536,991,1031.5,M,False,3,2026-03-28,2026-03-28,False,65.14,,634.47,,489,
39944,127102,79,26921,,,,,,,,9,,2:10.74,,,,,1521,True,Distance,520,978,1009.0,M,False,3,2026-03-28,2026-03-28,False,64.66,,624.87,,477,
39945,127104,166,4726,,,,,,,,9,,2:11.14,,,,,1521,True,Distance,511,971,996.5,M,False,3,2026-03-28,2026-03-28,False,64.43,,620.23,,472,
39946,127106,132,18968,,,,,,,,9,,2:12.89,,,,,1521,True,Distance,477,943,948.5,M,False,3,2026-03-28,2026-03-28,False,63.44,,600.28,,447,
39947,127109,132,692,,,,,,,,9,,2:18.46,,,,,1521,True,Distance,375,855,802.5,M,False,3,2026-03-28,2026-03-28,False,60.48,,540.11,,374,
39948,127111,159,25630,,,,,,,,9,,2:21.71,,,,,1521,True,Distance,321,806,724.0,M,False,3,2026-03-28,2026-03-28,False,58.87,,507.18,,334,
39949,127113,169,26820,,,,,,,,9,,2:23.79,,,,,1521,True,Distance,288,775,675.5,M,False,3,2026-03-28,2026-03-28,False,57.88,,486.9,,309,
39950,127115,132,28321,,,,,,,,9,,2:25.93,,,,,1521,True,Distance,257,744,629.0,M,False,3,2026-03-28,2026-03-28,False,56.9,,466.62,,285,
39951,127117,132,27029,,,,,,,,9,,2:27.79,,,,,1521,True,Distance,231,718,590.0,M,False,3,2026-03-28,2026-03-28,False,56.07,,449.48,,264,
39952,127118,139,31389,,,,,,,,9,,2:29.85,,,,,1521,True,Distance,204,689,548.5,M,False,3,2026-03-28,2026-03-28,False,55.18,,430.99,,241,
39953,127120,139,1589,,,,,,,,9,,2:47.68,,,,,1521,True,Distance,40,466,273.0,M,False,3,2026-03-28,2026-03-28,False,48.48,,289.95,,69,
39954,127122,166,27000,,,,,,,,11,,4:04.51,,,,,1521,True,Distance,802,1169,1386.5,M,False,3,2026-03-28,2026-03-28,False,68.63,,794.18,,653,
39955,127095,166,31041,,,,,,,,9,,2:08.06,,,,,1521,True,Distance,575,1022,1086.0,M,False,3,2026-03-28,2026-03-28,False,66.25,,656.69,,516,
39956,127088,169,1294,,,,,,,,9,,2:01.11,,,,,1521,True,Distance,733,1142,1304.0,M,False,3,2026-03-28,2026-03-28,False,70.74,,745.76,,625,
39970,127124,164,18979,,,,,,,,11,,4:07.75,,,,,1521,True,Distance,765,1144,1337.0,M,False,3,2026-03-28,2026-03-28,False,67.61,,773.05,,627,
39971,127126,159,674,,,,,,,,11,,4:10.56,,,,,1521,True,Distance,734,1122,1295.0,M,False,3,2026-03-28,2026-03-28,False,66.74,,755.17,,606,
39972,127128,164,26993,,,,,,,,11,,4:14.00,,,,,1521,True,Distance,697,1095,1244.5,M,False,3,2026-03-28,2026-03-28,False,65.72,,733.81,,580,
39973,127130,132,26996,,,,,,,,11,,4:17.03,,,,,1521,True,Distance,665,1072,1201.0,M,False,3,2026-03-28,2026-03-28,False,64.84,,715.47,,557,
39974,127132,159,26995,,,,,,,,11,,4:18.14,,,,,1521,True,Distance,654,1064,1186.0,M,False,3,2026-03-28,2026-03-28,False,64.52,,708.86,,549,
39975,127134,79,3859,,,,,,,,11,,4:19.82,,,,,1521,True,Distance,637,1051,1162.5,M,False,3,2026-03-28,2026-03-28,False,64.05,,698.97,,537,
39976,127136,159,5708,,,,,,,,11,,4:23.21,,,,,1521,True,Distance,603,1026,1116.0,M,False,3,2026-03-28,2026-03-28,False,63.12,,679.38,,513,
39977,127138,139,26835,,,,,,,,11,,4:25.41,,,,,1521,True,Distance,581,1010,1086.0,M,False,3,2026-03-28,2026-03-28,False,62.52,,666.94,,498,
39978,127140,166,27014,,,,,,,,11,,4:27.94,,,,,1521,True,Distance,557,991,1052.5,M,False,3,2026-03-28,2026-03-28,False,61.86,,652.88,,481,
39979,127142,159,24911,,,,,,,,11,,4:29.98,,,,,1521,True,Distance,537,976,1025.0,M,False,3,2026-03-28,2026-03-28,False,61.33,,641.74,,467,
39980,127143,132,31390,,,,,,,,11,,4:30.81,,,,,1521,True,Distance,530,970,1015.0,M,False,3,2026-03-28,2026-03-28,False,61.11,,637.26,,462,
39981,127146,79,506,,,,,,,,11,,4:34.19,,,,,1521,True,Distance,499,946,972.0,M,False,3,2026-03-28,2026-03-28,False,60.26,,619.27,,440,
39982,127148,139,1557,,,,,,,,11,,4:35.82,,,,,1521,True,Distance,484,935,951.5,M,False,3,2026-03-28,2026-03-28,False,59.86,,610.75,,429,
39983,127150,166,4726,,,,,,,,11,,4:37.35,,,,,1521,True,Distance,471,924,933.0,M,False,3,2026-03-28,2026-03-28,False,59.49,,602.85,,420,
39984,127152,79,26922,,,,,,,,11,,4:38.51,,,,,1521,True,Distance,461,916,919.0,M,False,3,2026-03-28,2026-03-28,False,59.21,,596.92,,413,
39985,127154,79,7953,,,,,,,,11,,4:39.27,,,,,1521,True,Distance,454,910,909.0,M,False,3,2026-03-28,2026-03-28,False,59.03,,593.06,,408,
39986,127156,159,16118,,,,,,,,11,,4:40.41,,,,,1521,True,Distance,444,902,895.0,M,False,3,2026-03-28,2026-03-28,False,58.76,,587.31,,401,
39987,127158,159,22384,,,,,,,,11,,4:43.25,,,,,1521,True,Distance,420,883,861.5,M,False,3,2026-03-28,2026-03-28,False,58.09,,573.18,,384,
39988,127160,79,26925,,,,,,,,11,,4:45.14,,,,,1521,True,Distance,405,870,840.0,M,False,3,2026-03-28,2026-03-28,False,57.66,,563.93,,372,
39989,127162,132,28321,,,,,,,,11,,4:47.02,,,,,1521,True,Distance,390,857,818.5,M,False,3,2026-03-28,2026-03-28,False,57.23,,554.86,,361,
39990,127163,138,27920,,,,,,,,11,,4:48.50,,,,,1521,True,Distance,378,847,801.5,M,False,3,2026-03-28,2026-03-28,False,56.9,,547.8,,353,
39991,127165,159,27009,,,,,,,,11,,4:50.37,,,,,1521,True,Distance,364,834,781.0,M,False,3,2026-03-28,2026-03-28,False,56.49,,538.98,,342,
39992,127167,164,786,,,,,,,,11,,4:51.13,,,,,1521,True,Distance,358,829,772.5,M,False,3,2026-03-28,2026-03-28,False,56.33,,535.43,,338,
39993,127169,159,25471,,,,,,,,11,,4:52.89,,,,,1521,True,Distance,344,818,753.0,M,False,3,2026-03-28,2026-03-28,False,55.95,,527.27,,328,
39994,127171,79,26924,,,,,,,,11,,4:56.45,,,,,1521,True,Distance,318,794,715.0,M,False,3,2026-03-28,2026-03-28,False,55.19,,511.07,,308,
39995,127173,169,26821,,,,,,,,11,,5:06.22,,,,,1521,True,Distance,252,732,618.0,M,False,3,2026-03-28,2026-03-28,False,53.22,,468.55,,256,
39996,127175,169,29750,,,,,,,,11,,5:09.97,,,,,1521,True,Distance,228,708,582.0,M,False,3,2026-03-28,2026-03-28,False,52.49,,452.94,,237,
39997,127177,139,27032,,,,,,,,11,,5:19.34,,,,,1521,True,Distance,175,652,501.0,M,False,3,2026-03-28,2026-03-28,False,50.77,,415.54,,191,
39998,127179,139,26840,,,,,,,,11,,5:26.31,,,,,1521,True,Distance,140,611,445.5,M,False,3,2026-03-28,2026-03-28,False,49.56,,389.11,,159,
39999,127181,137,27847,,,,,,,,11,,5:38.96,,,,,1521,True,Distance,86,541,356.5,M,False,3,2026-03-28,2026-03-28,False,47.49,,343.93,,104,
40000,127183,159,3175,,,,,,,,11,,5:45.15,,,,,1521,True,Distance,64,508,318.0,M,False,3,2026-03-28,2026-03-28,False,46.54,,323.02,,78,
40001,127185,79,25852,,,,,,,,17,,15:07.87,,,,,1521,True,Distance,786,1148,1360.0,M,False,3,2026-03-28,2026-03-28,False,68.9,,818.59,,654,
40002,127187,138,4704,,,,,,,,17,,15:32.28,,,,,1521,True,Distance,716,1101,1266.5,M,False,3,2026-03-28,2026-03-28,False,66.81,,777.5,,605,
40003,127189,164,25627,,,,,,,,17,,15:58.63,,,,,1521,True,Distance,643,1052,1169.0,M,False,3,2026-03-28,2026-03-28,False,64.69,,735.5,,554,
40004,127191,164,675,,,,,,,,17,,16:01.75,,,,,1521,True,Distance,635,1046,1158.0,M,False,3,2026-03-28,2026-03-28,False,64.44,,730.68,,548,
40005,127194,164,18966,,,,,,,,17,,16:29.40,,,,,1521,True,Distance,564,996,1062.0,M,False,3,2026-03-28,2026-03-28,False,62.36,,689.29,,499,
40006,127196,79,31040,,,,,,,,17,,16:31.08,,,,,1521,True,Distance,559,993,1055.5,M,False,3,2026-03-28,2026-03-28,False,62.24,,686.85,,496,
40007,127198,79,27377,,,,,,,,17,,16:35.22,,,,,1521,True,Distance,549,986,1042.0,M,False,3,2026-03-28,2026-03-28,False,61.93,,680.87,,488,
40008,127200,79,506,,,,,,,,17,,16:42.08,,,,,1521,True,Distance,532,973,1018.5,M,False,3,2026-03-28,2026-03-28,False,61.44,,671.07,,477,
40009,127202,159,2173,,,,,,,,17,,16:51.04,,,,,1521,True,Distance,511,958,990.0,M,False,3,2026-03-28,2026-03-28,False,60.81,,658.48,,461,
40010,127204,132,692,,,,,,,,17,,16:56.71,,,,,1521,True,Distance,497,948,971.0,M,False,3,2026-03-28,2026-03-28,False,60.42,,650.62,,452,
40011,127206,169,26818,,,,,,,,17,,16:58.85,,,,,1521,True,Distance,492,944,964.0,M,False,3,2026-03-28,2026-03-28,False,60.27,,647.67,,448,
40012,127208,164,731,,,,,,,,17,,17:00.50,,,,,1521,True,Distance,488,941,958.5,M,False,3,2026-03-28,2026-03-28,False,60.16,,645.41,,446,
40013,127210,169,2442,,,,,,,,17,,17:08.04,,,,,1521,True,Distance,471,928,935.0,M,False,3,2026-03-28,2026-03-28,False,59.64,,635.18,,433,
40014,127212,159,27009,,,,,,,,17,,17:11.83,,,,,1521,True,Distance,462,921,922.5,M,False,3,2026-03-28,2026-03-28,False,59.39,,630.09,,427,
40015,127214,132,699,,,,,,,,17,,17:14.11,,,,,1521,True,Distance,457,917,915.5,M,False,3,2026-03-28,2026-03-28,False,59.24,,627.04,,423,
40016,127216,169,4732,,,,,,,,17,,17:20.94,,,,,1521,True,Distance,442,906,895.0,M,False,3,2026-03-28,2026-03-28,False,58.79,,618.0,,413,
40017,127218,159,761,,,,,,,,17,,17:26.24,,,,,1521,True,Distance,430,897,878.5,M,False,3,2026-03-28,2026-03-28,False,58.44,,611.07,,404,
40018,127220,130,16129,,,,,,,,17,,18:46.36,,,,,1521,True,Distance,273,765,655.5,M,False,3,2026-03-28,2026-03-28,False,53.63,,514.22,,287,
40019,127222,139,1589,,,,,,,,17,,19:26.24,,,,,1521,True,Distance,208,704,560.0,M,False,3,2026-03-28,2026-03-28,False,51.49,,470.98,,235,
40020,127180,139,31045,,,,,,,,11,,5:28.85,,,,,1521,True,Distance,128,597,426.5,M,False,3,2026-03-28,2026-03-28,False,49.13,,379.76,,148,
40021,127182,139,26839,,,,,,,,11,,5:39.80,,,,,1521,True,Distance,83,537,351.5,M,False,3,2026-03-28,2026-03-28,False,47.36,,341.04,,100,
40022,127184,139,26843,,,,,,,,11,,6:29.91,,,,,1521,True,Distance,0,301,150.5,M,False,3,2026-03-28,2026-03-28,False,40.6,,191.61,,0,
40023,127186,164,26993,,,,,,,,17,,15:12.97,,,,,1521,True,Distance,771,1138,1340.0,M,False,3,2026-03-28,2026-03-28,False,68.45,,809.82,,644,
40024,127188,164,18964,,,,,,,,17,,15:56.30,,,,,1521,True,Distance,649,1056,1177.0,M,False,3,2026-03-28,2026-03-28,False,64.87,,739.13,,559,
40025,127190,159,5708,,,,,,,,17,,15:59.95,,,,,1521,True,Distance,640,1050,1165.0,M,False,3,2026-03-28,2026-03-28,False,64.58,,733.46,,552,
40026,127192,159,16117,,,,,,,,17,,16:20.53,,,,,1521,True,Distance,586,1012,1092.0,M,False,3,2026-03-28,2026-03-28,False,63.01,,702.32,,514,
40027,127193,136,31392,,,,,,,,17,,16:23.19,,,,,1521,True,Distance,579,1007,1082.5,M,False,3,2026-03-28,2026-03-28,False,62.82,,698.39,,509,
40028,127195,142,18982,,,,,,,,17,,16:30.90,,,,,1521,True,Distance,560,993,1056.5,M,False,3,2026-03-28,2026-03-28,False,62.25,,687.11,,496,
40029,127197,159,27907,,,,,,,,17,,16:33.94,,,,,1521,True,Distance,552,988,1046.0,M,False,3,2026-03-28,2026-03-28,False,62.03,,682.71,,491,
40030,127199,138,730,,,,,,,,17,,16:39.80,,,,,1521,True,Distance,538,978,1027.0,M,False,3,2026-03-28,2026-03-28,False,61.61,,674.31,,480,
40031,127201,138,30004,,,,,,,,17,,16:47.29,,,,,1521,True,Distance,520,964,1002.0,M,False,3,2026-03-28,2026-03-28,False,61.07,,663.72,,468,
40032,127203,164,691,,,,,,,,17,,16:53.84,,,,,1521,True,Distance,504,953,980.5,M,False,3,2026-03-28,2026-03-28,False,60.62,,654.58,,457,
40033,127205,130,3142,,,,,,,,17,,16:57.52,,,,,1521,True,Distance,495,946,968.0,M,False,3,2026-03-28,2026-03-28,False,60.36,,649.5,,451,
40034,127207,130,2453,,,,,,,,17,,16:59.52,,,,,1521,True,Distance,491,943,962.5,M,False,3,2026-03-28,2026-03-28,False,60.22,,646.76,,447,
40035,127209,164,26999,,,,,,,,17,,17:05.20,,,,,1521,True,Distance,477,933,943.5,M,False,3,2026-03-28,2026-03-28,False,59.84,,639.01,,438,
40036,127211,159,25630,,,,,,,,17,,17:10.17,,,,,1521,True,Distance,466,924,928.0,M,False,3,2026-03-28,2026-03-28,False,59.5,,632.31,,430,
40037,127213,169,26817,,,,,,,,17,,17:11.84,,,,,1521,True,Distance,462,921,922.5,M,False,3,2026-03-28,2026-03-28,False,59.39,,630.07,,427,
40038,127215,132,18968,,,,,,,,17,,17:19.31,,,,,1521,True,Distance,445,909,899.5,M,False,3,2026-03-28,2026-03-28,False,58.89,,620.15,,415,
40039,127217,139,7697,,,,,,,,17,,17:22.00,,,,,1521,True,Distance,440,904,892.0,M,False,3,2026-03-28,2026-03-28,False,58.72,,616.61,,411,
40040,127219,160,1213,,,,,,,,17,,17:53.28,,,,,1521,True,Distance,373,851,798.5,M,False,3,2026-03-28,2026-03-28,False,56.73,,576.77,,363,
40041,127221,79,31043,,,,,,,,17,,19:02.43,,,,,1521,True,Distance,245,740,615.0,M,False,3,2026-03-28,2026-03-28,False,52.75,,496.43,,266,
40042,127223,159,25471,,,,,,,,17,,19:53.70,,,,,1521,True,Distance,168,663,499.5,M,False,3,2026-03-28,2026-03-28,False,50.11,,442.88,,201,
40045,127144,139,31042,,,,,,,,11,,4:32.14,,,,,1521,True,Distance,517,961,997.5,M,False,3,2026-03-28,2026-03-28,False,60.78,,630.13,,453,
40064,125626,166,4726,,,,,,,,9,,2:15.14,,,,,1500,True,Distance,434,907,887.5,M,False,3,2026-03-13,2026-03-14,False,62.21,,575.37,,417,
40086,127224,138,27030,,,,,,,,17,,20:13.51,,,,,1521,True,Distance,142,634,459.0,M,False,3,2026-03-28,2026-03-28,False,49.16,,423.4,,178,
40087,127225,136,31393,,,,,,,,17,,22:59.09,,,,,1521,True,Distance,10,419,219.5,M,False,3,2026-03-28,2026-03-28,False,42.31,,282.46,,8,
40144,125625,166,27016,,,,,,,,9,,2:03.62,,,,,1500,True,Distance,674,1098,1223.0,M,False,3,2026-03-13,2026-03-14,False,69.05,,712.43,,584,
40145,125627,166,27000,,,,,,,,9,,2:00.10,,,,,1500,True,Distance,758,1160,1338.0,M,False,3,2026-03-13,2026-03-14,False,71.44,,759.56,,642,
41309,125628,166,27000,,,,,,,,20,,10:30.91,,,,,1500,True,Distance,363,838,782.0,M,False,3,2026-03-13,2026-03-14,False,55.6,,546.8,,529,
42205,125629,166,4726,,,,,,,,14,,10:41.24,,,,,1500,True,Distance,321,792,717.0,M,False,3,2026-03-13,2026-03-14,False,54.58,,525.56,,306,
44347,125692,167,467,,,,,,,,9,,1:58.84,,,,,1501,True,Distance,789,1183,1380.5,M,False,3,2026-03-21,2026-03-21,False,72.34,,777.1,,663,
44379,125691,167,666,,,,,,,,9,,1:57.19,,,,,1501,True,Distance,831,1213,1437.5,M,False,3,2026-03-21,2026-03-21,False,73.54,,800.65,,692,
44380,125693,86,27393,,,,,,,,9,,1:59.60,,,,,1501,True,Distance,770,1169,1354.5,M,False,3,2026-03-21,2026-03-21,False,71.8,,766.48,,650,
44381,125695,164,723,,,,,,,,9,,2:00.98,,,,,1501,True,Distance,736,1145,1308.5,M,False,3,2026-03-21,2026-03-21,False,70.83,,747.52,,627,
44382,125697,142,26180,,,,,,,,9,,2:02.62,,,,,1501,True,Distance,697,1116,1255.0,M,False,3,2026-03-21,2026-03-21,False,69.72,,725.55,,600,
44383,125699,167,27235,,,,,,,,9,,2:04.59,,,,,1501,True,Distance,652,1081,1192.5,M,False,3,2026-03-21,2026-03-21,False,68.42,,699.92,,569,
44384,125700,167,8108,,,,,,,,9,,2:04.96,,,,,1501,True,Distance,643,1075,1180.5,M,False,3,2026-03-21,2026-03-21,False,68.18,,695.19,,563,
44385,125702,88,27330,,,,,,,,9,,2:08.26,,,,,1501,True,Distance,571,1019,1080.5,M,False,3,2026-03-21,2026-03-21,False,66.13,,654.27,,513,
44386,125704,86,25118,,,,,,,,9,,2:11.94,,,,,1501,True,Distance,495,958,974.0,M,False,3,2026-03-21,2026-03-21,False,63.98,,611.04,,461,
44387,125706,86,23446,,,,,,,,9,,2:13.92,,,,,1501,True,Distance,457,926,920.0,M,False,3,2026-03-21,2026-03-21,False,62.87,,588.77,,433,
44388,125708,164,18989,,,,,,,,9,,2:18.46,,,,,1501,True,Distance,375,855,802.5,M,False,3,2026-03-21,2026-03-21,False,60.48,,540.11,,374,
44389,125710,164,786,,,,,,,,9,,2:19.82,,,,,1501,True,Distance,352,835,769.5,M,False,3,2026-03-21,2026-03-21,False,59.8,,526.14,,357,
44390,125712,166,4728,,,,,,,,9,,2:22.59,,,,,1501,True,Distance,307,793,703.5,M,False,3,2026-03-21,2026-03-21,False,58.45,,498.53,,323,
44391,125690,164,28312,,,,,,,,9,,1:55.87,,,,,1501,True,Distance,865,1237,1483.5,M,False,3,2026-03-21,2026-03-21,False,74.54,,819.97,,715,
45568,127440,124,19411,,,,,,,,9,,1:58.62,,,,,1522,True,Distance,795,1187,1388.5,M,False,3,2026-03-28,2026-03-28,False,72.5,,780.21,,667,
45569,127442,124,24421,,,,,,,,9,,2:02.49,,,,,1522,True,Distance,700,1118,1259.0,M,False,3,2026-03-28,2026-03-28,False,69.8,,727.27,,602,
45570,127444,124,30050,,,,,,,,9,,2:08.04,,,,,1522,True,Distance,576,1023,1087.5,M,False,3,2026-03-28,2026-03-28,False,66.26,,656.93,,517,
45571,127446,124,2867,,,,,,,,9,,2:09.91,,,,,1522,True,Distance,537,992,1033.0,M,False,3,2026-03-28,2026-03-28,False,65.15,,634.58,,489,
45572,127448,124,2855,,,,,,,,11,,4:03.24,,,,,1522,True,Distance,816,1180,1406.0,M,False,3,2026-03-28,2026-03-28,False,69.04,,802.62,,664,
45573,127450,124,26967,,,,,,,,11,,4:11.94,,,,,1522,True,Distance,719,1111,1274.5,M,False,3,2026-03-28,2026-03-28,False,66.33,,746.53,,595,
45574,127452,124,27308,,,,,,,,11,,4:23.71,,,,,1522,True,Distance,598,1022,1109.0,M,False,3,2026-03-28,2026-03-28,False,62.98,,676.54,,510,
45575,127454,124,29735,,,,,,,,11,,4:25.60,,,,,1522,True,Distance,579,1008,1083.0,M,False,3,2026-03-28,2026-03-28,False,62.47,,665.87,,497,
45576,127457,124,27306,,,,,,,,11,,4:50.22,,,,,1522,True,Distance,365,835,782.5,M,False,3,2026-03-28,2026-03-28,False,56.52,,539.68,,343,
45577,127459,124,26966,,,,,,,,17,,15:39.24,,,,,1522,True,Distance,696,1088,1240.0,M,False,3,2026-03-28,2026-03-28,False,66.24,,766.18,,591,
45580,127466,124,3832,,,,,,,,20,,10:26.56,,,,,1522,True,Distance,379,851,804.5,M,False,3,2026-03-28,2026-03-28,False,56.03,,555.96,,540,
45581,127468,124,19424,,,,,,,,20,,10:59.15,,,,,1522,True,Distance,272,757,650.5,M,False,3,2026-03-28,2026-03-28,False,52.91,,490.29,,465,
45582,127470,124,2867,,,,,,,,20,,12:21.60,,,,,1522,True,Distance,80,544,352.0,M,False,3,2026-03-28,2026-03-28,False,46.26,,349.93,,303,
45611,127535,116,29619,,,,,,,,9,,2:01.55,,,,,1522,True,Distance,723,1134,1290.0,M,False,3,2026-03-28,2026-03-28,False,70.44,,739.81,,618,
45612,127537,116,4910,,,,,,,,9,,2:04.56,,,,,1522,True,Distance,653,1082,1194.0,M,False,3,2026-03-28,2026-03-28,False,68.44,,700.3,,569,
45613,127539,116,7981,,,,,,,,9,,2:19.87,,,,,1522,True,Distance,351,834,768.0,M,False,3,2026-03-28,2026-03-28,False,59.77,,525.64,,357,
45614,127541,116,26507,,,,,,,,11,,4:09.04,,,,,1522,True,Distance,751,1134,1318.0,M,False,3,2026-03-28,2026-03-28,False,67.21,,764.79,,617,
45615,127543,116,7982,,,,,,,,11,,4:28.03,,,,,1522,True,Distance,556,991,1051.5,M,False,3,2026-03-28,2026-03-28,False,61.83,,652.39,,480,
45622,127558,102,29880,,,,,,,,9,,2:15.80,,,,,1522,True,Distance,422,897,870.5,M,False,3,2026-03-28,2026-03-28,False,61.86,,568.22,,408,
45623,127560,102,27319,,,,,,,,11,,5:28.69,,,,,1522,True,Distance,128,598,427.0,M,False,3,2026-03-28,2026-03-28,False,49.15,,380.35,,148,
45631,127455,124,26968,,,,,,,,11,,4:31.84,,,,,1522,True,Distance,520,963,1001.5,M,False,3,2026-03-28,2026-03-28,False,60.85,,631.73,,455,
45640,125701,166,27016,,,,,,,,9,,2:05.25,,,,,1501,True,Distance,637,1070,1172.0,M,False,3,2026-03-21,2026-03-21,False,68.0,,691.51,,559,
45641,125703,166,29862,,,,,,,,9,,2:11.50,,,,,1501,True,Distance,504,965,986.5,M,False,3,2026-03-21,2026-03-21,False,64.23,,616.09,,467,
45642,125705,166,4726,,,,,,,,9,,2:12.55,,,,,1501,True,Distance,483,948,957.0,M,False,3,2026-03-21,2026-03-21,False,63.63,,604.11,,452,
45643,125707,86,1558,,,,,,,,9,,2:15.11,,,,,1501,True,Distance,435,907,888.5,M,False,3,2026-03-21,2026-03-21,False,62.23,,575.7,,418,
45644,125709,63,2598,,,,,,,,9,,2:18.63,,,,,1501,True,Distance,372,853,798.5,M,False,3,2026-03-21,2026-03-21,False,60.39,,538.35,,372,
45645,125711,166,28323,,,,,,,,9,,2:22.47,,,,,1501,True,Distance,309,795,706.5,M,False,3,2026-03-21,2026-03-21,False,58.51,,499.7,,325,
45646,125713,167,19387,,,,,,,,9,,2:25.74,,,,,1501,True,Distance,260,747,633.5,M,False,3,2026-03-21,2026-03-21,False,56.99,,468.4,,287,
45647,125715,63,27400,,,,,,,,9,,2:30.25,,,,,1501,True,Distance,199,684,541.0,M,False,3,2026-03-21,2026-03-21,False,55.01,,427.46,,237,
45648,125717,86,1612,,,,,,,,9,,2:38.65,,,,,1501,True,Distance,107,573,393.5,M,False,3,2026-03-21,2026-03-21,False,51.67,,357.42,,151,
45649,125719,166,27000,,,,,,,,11,,4:04.24,,,,,1501,True,Distance,805,1172,1391.0,M,False,3,2026-03-21,2026-03-21,False,68.71,,795.97,,655,
45650,125721,167,8108,,,,,,,,11,,4:11.38,,,,,1501,True,Distance,725,1116,1283.0,M,False,3,2026-03-21,2026-03-21,False,66.5,,750.02,,599,
45651,125723,86,27374,,,,,,,,11,,4:15.27,,,,,1501,True,Distance,684,1086,1227.0,M,False,3,2026-03-21,2026-03-21,False,65.35,,726.07,,570,
45652,125725,167,19386,,,,,,,,11,,4:17.44,,,,,1501,True,Distance,661,1069,1195.5,M,False,3,2026-03-21,2026-03-21,False,64.72,,713.02,,554,
45653,125727,142,18982,,,,,,,,11,,4:21.94,,,,,1501,True,Distance,615,1035,1132.5,M,False,3,2026-03-21,2026-03-21,False,63.46,,686.66,,522,
45654,125729,167,2540,,,,,,,,11,,4:22.68,,,,,1501,True,Distance,608,1030,1123.0,M,False,3,2026-03-21,2026-03-21,False,63.26,,682.41,,517,
45655,125731,90,27386,,,,,,,,11,,4:25.38,,,,,1501,True,Distance,581,1010,1086.0,M,False,3,2026-03-21,2026-03-21,False,62.53,,667.11,,498,
45656,125733,88,27330,,,,,,,,11,,4:25.47,,,,,1501,True,Distance,580,1009,1084.5,M,False,3,2026-03-21,2026-03-21,False,62.51,,666.6,,498,
45657,125735,167,717,,,,,,,,11,,4:26.62,,,,,1501,True,Distance,569,1001,1069.5,M,False,3,2026-03-21,2026-03-21,False,62.2,,660.18,,490,
45658,125737,166,27003,,,,,,,,11,,4:28.61,,,,,1501,True,Distance,550,986,1043.0,M,False,3,2026-03-21,2026-03-21,False,61.68,,649.2,,476,
45659,125739,86,18745,,,,,,,,11,,4:29.46,,,,,1501,True,Distance,542,980,1032.0,M,False,3,2026-03-21,2026-03-21,False,61.46,,644.56,,471,
45660,125741,164,18989,,,,,,,,11,,4:34.88,,,,,1501,True,Distance,492,941,962.5,M,False,3,2026-03-21,2026-03-21,False,60.09,,615.65,,435,
45661,125743,167,742,,,,,,,,11,,4:39.84,,,,,1501,True,Distance,449,906,902.0,M,False,3,2026-03-21,2026-03-21,False,58.89,,590.18,,404,
45662,125694,167,466,,,,,,,,9,,2:00.97,,,,,1501,True,Distance,737,1145,1309.5,M,False,3,2026-03-21,2026-03-21,False,70.84,,747.65,,627,
45663,125696,167,5230,,,,,,,,9,,2:02.47,,,,,1501,True,Distance,701,1118,1260.0,M,False,3,2026-03-21,2026-03-21,False,69.82,,727.53,,603,
45664,125698,164,27239,,,,,,,,9,,2:04.50,,,,,1501,True,Distance,654,1083,1195.5,M,False,3,2026-03-21,2026-03-21,False,68.48,,701.07,,570,
45665,125714,164,801,,,,,,,,9,,2:26.14,,,,,1501,True,Distance,254,741,624.5,M,False,3,2026-03-21,2026-03-21,False,56.81,,464.67,,282,
45666,125718,167,666,,,,,,,,11,,3:59.40,,,,,1501,True,Distance,861,1210,1466.0,M,False,3,2026-03-21,2026-03-21,False,70.3,,828.67,,695,
45667,125720,164,18979,,,,,,,,11,,4:09.97,,,,,1501,True,Distance,741,1127,1304.5,M,False,3,2026-03-21,2026-03-21,False,66.92,,758.89,,610,
45668,125722,167,5230,,,,,,,,11,,4:13.21,,,,,1501,True,Distance,706,1102,1257.0,M,False,3,2026-03-21,2026-03-21,False,65.95,,738.66,,586,
45669,125724,86,27393,,,,,,,,11,,4:17.23,,,,,1501,True,Distance,663,1071,1198.5,M,False,3,2026-03-21,2026-03-21,False,64.78,,714.28,,556,
45670,125726,167,704,,,,,,,,11,,4:20.58,,,,,1501,True,Distance,629,1046,1152.0,M,False,3,2026-03-21,2026-03-21,False,63.84,,694.53,,532,
45671,125728,167,18977,,,,,,,,11,,4:22.27,,,,,1501,True,Distance,612,1033,1128.5,M,False,3,2026-03-21,2026-03-21,False,63.37,,684.76,,520,
45672,125730,86,23446,,,,,,,,11,,4:24.74,,,,,1501,True,Distance,587,1015,1094.5,M,False,3,2026-03-21,2026-03-21,False,62.7,,670.71,,503,
45673,125732,167,27004,,,,,,,,11,,4:25.45,,,,,1501,True,Distance,581,1009,1085.5,M,False,3,2026-03-21,2026-03-21,False,62.51,,666.71,,498,
45674,125734,166,27014,,,,,,,,11,,4:26.46,,,,,1501,True,Distance,571,1002,1072.0,M,False,3,2026-03-21,2026-03-21,False,62.24,,661.07,,491,
45675,125736,167,743,,,,,,,,11,,4:27.85,,,,,1501,True,Distance,557,992,1053.0,M,False,3,2026-03-21,2026-03-21,False,61.88,,653.38,,481,
45676,125738,167,26994,,,,,,,,11,,4:28.99,,,,,1501,True,Distance,547,984,1039.0,M,False,3,2026-03-21,2026-03-21,False,61.58,,647.13,,474,
45677,125742,164,4432,,,,,,,,11,,4:35.76,,,,,1501,True,Distance,485,935,952.5,M,False,3,2026-03-21,2026-03-21,False,59.88,,611.07,,430,
45678,125744,166,4726,,,,,,,,11,,4:41.54,,,,,1501,True,Distance,435,895,882.5,M,False,3,2026-03-21,2026-03-21,False,58.49,,581.65,,394,
45679,125745,167,31288,,,,,,,,11,,4:42.43,,,,,1501,True,Distance,427,888,871.0,M,False,3,2026-03-21,2026-03-21,False,58.28,,577.23,,389,
45680,125747,164,691,,,,,,,,11,,4:44.69,,,,,1501,True,Distance,409,873,845.5,M,False,3,2026-03-21,2026-03-21,False,57.76,,566.12,,375,
45681,125749,63,27399,,,,,,,,11,,4:45.44,,,,,1501,True,Distance,402,868,836.0,M,False,3,2026-03-21,2026-03-21,False,57.59,,562.48,,371,
45682,125751,164,728,,,,,,,,11,,4:47.21,,,,,1501,True,Distance,388,856,816.0,M,False,3,2026-03-21,2026-03-21,False,57.19,,553.95,,360,
45683,125753,86,1536,,,,,,,,11,,4:50.01,,,,,1501,True,Distance,366,837,784.5,M,False,3,2026-03-21,2026-03-21,False,56.57,,540.67,,344,
45684,125755,63,2598,,,,,,,,11,,4:51.47,,,,,1501,True,Distance,355,827,768.5,M,False,3,2026-03-21,2026-03-21,False,56.25,,533.84,,336,
45685,125759,166,28323,,,,,,,,11,,4:58.57,,,,,1501,True,Distance,303,781,693.5,M,False,3,2026-03-21,2026-03-21,False,54.75,,501.61,,296,
45686,125761,86,30285,,,,,,,,11,,5:02.75,,,,,1501,True,Distance,275,754,652.0,M,False,3,2026-03-21,2026-03-21,False,53.9,,483.34,,274,
45687,125763,164,2730,,,,,,,,11,,5:09.57,,,,,1501,True,Distance,231,711,586.5,M,False,3,2026-03-21,2026-03-21,False,52.57,,454.59,,239,
45688,125765,167,19375,,,,,,,,14,,8:34.41,,,,,1501,True,Distance,863,1193,1459.5,M,False,3,2026-03-21,2026-03-21,False,70.03,,845.53,,690,
45689,125767,86,1558,,,,,,,,14,,9:35.26,,,,,1501,True,Distance,571,990,1066.0,M,False,3,2026-03-21,2026-03-21,False,61.72,,674.41,,485,
45690,125769,167,27236,,,,,,,,14,,10:03.95,,,,,1501,True,Distance,454,902,905.0,M,False,3,2026-03-21,2026-03-21,False,58.41,,605.68,,402,
45691,125771,164,731,,,,,,,,14,,10:11.63,,,,,1501,True,Distance,425,878,864.0,M,False,3,2026-03-21,2026-03-21,False,57.58,,588.38,,381,
45692,125773,63,27399,,,,,,,,14,,10:28.20,,,,,1501,True,Distance,365,830,780.0,M,False,3,2026-03-21,2026-03-21,False,55.87,,552.49,,338,
45693,125775,167,28319,,,,,,,,14,,10:33.24,,,,,1501,True,Distance,348,815,755.5,M,False,3,2026-03-21,2026-03-21,False,55.37,,541.95,,325,
45694,125777,167,760,,,,,,,,14,,10:40.50,,,,,1501,True,Distance,324,794,721.0,M,False,3,2026-03-21,2026-03-21,False,54.66,,527.05,,307,
45695,125779,164,26993,,,,,,,,17,,15:07.50,,,,,1501,True,Distance,787,1149,1361.5,M,False,3,2026-03-21,2026-03-21,False,68.93,,819.23,,655,
45696,125781,167,673,,,,,,,,17,,15:15.38,,,,,1501,True,Distance,764,1133,1330.5,M,False,3,2026-03-21,2026-03-21,False,68.24,,805.71,,639,
45697,125783,164,18963,,,,,,,,17,,15:50.97,,,,,1501,True,Distance,664,1066,1197.0,M,False,3,2026-03-21,2026-03-21,False,65.29,,747.47,,569,
45698,125785,86,1558,,,,,,,,17,,15:57.96,,,,,1501,True,Distance,645,1053,1171.5,M,False,3,2026-03-21,2026-03-21,False,64.74,,736.54,,556,
45699,125787,164,18964,,,,,,,,17,,16:05.96,,,,,1501,True,Distance,624,1039,1143.5,M,False,3,2026-03-21,2026-03-21,False,64.12,,724.23,,541,
45700,125789,90,27386,,,,,,,,17,,16:14.46,,,,,1501,True,Distance,602,1023,1113.5,M,False,3,2026-03-21,2026-03-21,False,63.47,,711.37,,525,
45701,125791,88,504,,,,,,,,17,,16:19.04,,,,,1501,True,Distance,590,1015,1097.5,M,False,3,2026-03-21,2026-03-21,False,63.12,,704.53,,517,
45702,125740,167,25030,,,,,,,,11,,4:30.46,,,,,1501,True,Distance,533,973,1019.5,M,False,3,2026-03-21,2026-03-21,False,61.2,,639.14,,464,
45703,125716,164,19007,,,,,,,,9,,2:38.65,,,,,1501,True,Distance,107,573,393.5,M,False,3,2026-03-21,2026-03-21,False,51.67,,357.42,,151,
45704,125757,164,19007,,,,,,,,11,,4:55.10,,,,,1501,True,Distance,328,803,729.5,M,False,3,2026-03-21,2026-03-21,False,55.47,,517.17,,315,
45705,125793,167,710,,,,,,,,17,,16:34.67,,,,,1501,True,Distance,550,987,1043.5,M,False,3,2026-03-21,2026-03-21,False,61.97,,681.66,,489,
45811,125795,88,11485,,,,,,,,17,,16:53.56,,,,,1501,True,Distance,505,953,981.5,M,False,3,2026-03-21,2026-03-21,False,60.63,,654.97,,457,
45812,125797,164,691,,,,,,,,17,,17:10.82,,,,,1501,True,Distance,465,923,926.5,M,False,3,2026-03-21,2026-03-21,False,59.46,,631.44,,429,
45813,125799,167,26998,,,,,,,,17,,17:27.79,,,,,1501,True,Distance,427,894,874.0,M,False,3,2026-03-21,2026-03-21,False,58.34,,609.06,,402,
45814,125801,88,11490,,,,,,,,17,,17:34.07,,,,,1501,True,Distance,413,883,854.5,M,False,3,2026-03-21,2026-03-21,False,57.93,,600.96,,392,
45815,125803,167,711,,,,,,,,17,,17:37.44,,,,,1501,True,Distance,406,878,845.0,M,False,3,2026-03-21,2026-03-21,False,57.72,,596.65,,387,
45816,125805,167,740,,,,,,,,17,,17:41.33,,,,,1501,True,Distance,398,871,833.5,M,False,3,2026-03-21,2026-03-21,False,57.47,,591.71,,381,
45817,125809,167,666,,,,,,,,17,,17:55.81,,,,,1501,True,Distance,368,847,791.5,M,False,3,2026-03-21,2026-03-21,False,56.57,,573.65,,359,
45818,125811,167,734,,,,,,,,17,,18:06.54,,,,,1501,True,Distance,347,829,761.5,M,False,3,2026-03-21,2026-03-21,False,55.93,,560.57,,343,
45819,125813,167,19002,,,,,,,,17,,18:32.67,,,,,1501,True,Distance,297,787,690.5,M,False,3,2026-03-21,2026-03-21,False,54.4,,529.78,,306,
45838,125746,86,1558,,,,,,,,11,,4:43.02,,,,,1501,True,Distance,422,884,864.0,M,False,3,2026-03-21,2026-03-21,False,58.15,,574.31,,385,
45839,125748,167,27010,,,,,,,,11,,4:45.15,,,,,1501,True,Distance,405,870,840.0,M,False,3,2026-03-21,2026-03-21,False,57.66,,563.89,,372,
45840,125750,167,19385,,,,,,,,11,,4:46.10,,,,,1501,True,Distance,397,863,828.5,M,False,3,2026-03-21,2026-03-21,False,57.44,,559.29,,367,
45841,125752,167,19387,,,,,,,,11,,4:47.76,,,,,1501,True,Distance,384,852,810.0,M,False,3,2026-03-21,2026-03-21,False,57.07,,551.32,,357,
45842,125754,63,27400,,,,,,,,11,,4:51.04,,,,,1501,True,Distance,358,830,773.0,M,False,3,2026-03-21,2026-03-21,False,56.35,,535.84,,338,
45843,125756,164,27023,,,,,,,,11,,4:53.45,,,,,1501,True,Distance,340,814,747.0,M,False,3,2026-03-21,2026-03-21,False,55.83,,524.7,,324,
45844,125758,167,3015,,,,,,,,11,,4:57.59,,,,,1501,True,Distance,310,787,703.5,M,False,3,2026-03-21,2026-03-21,False,54.95,,505.97,,302,
45845,125762,164,4433,,,,,,,,11,,5:08.56,,,,,1501,True,Distance,237,717,595.5,M,False,3,2026-03-21,2026-03-21,False,52.76,,458.76,,244,
45846,125764,86,28748,,,,,,,,11,,5:10.29,,,,,1501,True,Distance,226,707,579.5,M,False,3,2026-03-21,2026-03-21,False,52.43,,451.63,,235,
45847,125766,166,27000,,,,,,,,14,,9:31.94,,,,,1501,True,Distance,585,1001,1085.5,M,False,3,2026-03-21,2026-03-21,False,62.12,,682.8,,495,
45848,125768,90,2566,,,,,,,,14,,9:41.41,,,,,1501,True,Distance,544,971,1029.5,M,False,3,2026-03-21,2026-03-21,False,60.98,,659.1,,466,
45849,125770,164,26999,,,,,,,,14,,10:11.20,,,,,1501,True,Distance,426,880,866.0,M,False,3,2026-03-21,2026-03-21,False,57.63,,589.34,,382,
45850,125772,86,23446,,,,,,,,14,,10:23.79,,,,,1501,True,Distance,380,842,801.0,M,False,3,2026-03-21,2026-03-21,False,56.32,,561.86,,349,
45851,125776,167,27017,,,,,,,,14,,10:37.20,,,,,1501,True,Distance,335,804,737.0,M,False,3,2026-03-21,2026-03-21,False,54.98,,533.78,,315,
45852,125778,86,2586,,,,,,,,14,,10:45.78,,,,,1501,True,Distance,307,779,696.5,M,False,3,2026-03-21,2026-03-21,False,54.15,,516.43,,295,
45853,125780,164,18979,,,,,,,,17,,15:15.35,,,,,1501,True,Distance,764,1133,1330.5,M,False,3,2026-03-21,2026-03-21,False,68.25,,805.76,,639,
45854,125782,164,18961,,,,,,,,17,,15:24.34,,,,,1501,True,Distance,738,1116,1296.0,M,False,3,2026-03-21,2026-03-21,False,67.48,,790.63,,621,
45855,125784,167,685,,,,,,,,17,,15:53.38,,,,,1501,True,Distance,657,1062,1188.0,M,False,3,2026-03-21,2026-03-21,False,65.1,,743.69,,564,
45856,125786,167,26994,,,,,,,,17,,15:58.25,,,,,1501,True,Distance,644,1053,1170.5,M,False,3,2026-03-21,2026-03-21,False,64.72,,736.09,,555,
45857,125788,167,717,,,,,,,,17,,16:13.48,,,,,1501,True,Distance,604,1025,1116.5,M,False,3,2026-03-21,2026-03-21,False,63.54,,712.84,,527,
45858,125790,167,27002,,,,,,,,17,,16:17.28,,,,,1501,True,Distance,594,1018,1103.0,M,False,3,2026-03-21,2026-03-21,False,63.26,,707.15,,520,
45859,125792,86,23446,,,,,,,,17,,16:20.60,,,,,1501,True,Distance,586,1012,1092.0,M,False,3,2026-03-21,2026-03-21,False,63.01,,702.21,,514,
45860,125794,167,695,,,,,,,,17,,16:38.50,,,,,1501,True,Distance,541,980,1031.0,M,False,3,2026-03-21,2026-03-21,False,61.7,,676.17,,483,
45861,125796,164,18966,,,,,,,,17,,16:58.28,,,,,1501,True,Distance,494,945,966.5,M,False,3,2026-03-21,2026-03-21,False,60.31,,648.46,,449,
45862,125798,164,26999,,,,,,,,17,,17:13.69,,,,,1501,True,Distance,458,918,917.0,M,False,3,2026-03-21,2026-03-21,False,59.27,,627.6,,424,
45863,125800,164,731,,,,,,,,17,,17:28.23,,,,,1501,True,Distance,426,893,872.5,M,False,3,2026-03-21,2026-03-21,False,58.31,,608.49,,401,
45864,125802,167,19387,,,,,,,,17,,17:36.19,,,,,1501,True,Distance,409,880,849.0,M,False,3,2026-03-21,2026-03-21,False,57.8,,598.25,,389,
45865,125804,167,31288,,,,,,,,17,,17:39.29,,,,,1501,True,Distance,402,875,839.5,M,False,3,2026-03-21,2026-03-21,False,57.6,,594.3,,384,
45866,125806,86,28748,,,,,,,,17,,17:45.46,,,,,1501,True,Distance,389,864,821.0,M,False,3,2026-03-21,2026-03-21,False,57.21,,586.51,,375,
45867,125808,167,27017,,,,,,,,17,,17:52.27,,,,,1501,True,Distance,375,853,801.5,M,False,3,2026-03-21,2026-03-21,False,56.79,,578.02,,364,
45868,125810,90,25172,,,,,,,,17,,18:04.22,,,,,1501,True,Distance,351,833,767.5,M,False,3,2026-03-21,2026-03-21,False,56.06,,563.38,,347,
45869,125812,167,19384,,,,,,,,17,,18:08.85,,,,,1501,True,Distance,342,826,755.0,M,False,3,2026-03-21,2026-03-21,False,55.79,,557.79,,340,
45870,125814,167,778,,,,,,,,17,,19:47.69,,,,,1501,True,Distance,176,672,512.0,M,False,3,2026-03-21,2026-03-21,False,50.41,,448.92,,209,
45897,125807,164,19007,,,,,,,,17,,17:47.33,,,,,1501,True,Distance,385,861,815.5,M,False,3,2026-03-21,2026-03-21,False,57.1,,584.17,,372,
45898,125774,164,19007,,,,,,,,14,,10:31.98,,,,,1501,True,Distance,352,819,761.5,M,False,3,2026-03-21,2026-03-21,False,55.49,,544.57,,328,
45899,125760,164,19001,,,,,,,,11,,4:58.84,,,,,1501,True,Distance,301,779,690.5,M,False,3,2026-03-21,2026-03-21,False,54.69,,500.41,,295,
46230,127583,120,344,,,,,,,,9,,2:07.53,,,,,1522,True,Distance,587,1031,1102.5,M,False,3,2026-03-28,2026-03-28,False,66.57,,663.14,,524,
46231,127585,120,26895,,,,,,,,9,,2:18.30,,,,,1522,True,Distance,377,858,806.0,M,False,3,2026-03-28,2026-03-28,False,60.56,,541.77,,376,
46232,127587,120,29681,,,,,,,,11,,4:53.33,,,,,1522,True,Distance,341,815,748.5,M,False,3,2026-03-28,2026-03-28,False,55.85,,525.25,,325,
46233,127589,120,345,,,,,,,,11,,5:06.31,,,,,1522,True,Distance,251,731,616.5,M,False,3,2026-03-28,2026-03-28,False,53.2,,468.17,,255,
46234,127591,120,29681,,,,,,,,17,,18:19.52,,,,,1522,True,Distance,322,808,726.0,M,False,3,2026-03-28,2026-03-28,False,55.16,,545.1,,325,
46264,126041,85,11289,So,,,,,,,11,,4:34.58,,,,,1502,True,Distance,495,943,966.5,M,False,3,2026-03-20,2026-03-20,False,60.17,,617.22,,437,
46267,126062,96,364,,,,,,,,17,,16:51.01,,,,,1503,True,Distance,511,958,990.0,M,False,3,2026-03-20,2026-03-21,False,60.81,,658.52,,461,
46268,126064,96,24707,,,,,,,,17,,18:06.85,,,,,1503,True,Distance,346,829,760.5,M,False,3,2026-03-20,2026-03-21,False,55.91,,560.2,,343,
46269,126066,96,26934,,,,,,,,17,,18:40.75,,,,,1503,True,Distance,283,774,670.0,M,False,3,2026-03-20,2026-03-21,False,53.94,,520.55,,295,
46276,127557,102,29312,,,,,,,,9,,2:11.78,,,,,1522,True,Distance,499,961,979.5,M,False,3,2026-03-28,2026-03-28,False,64.07,,612.87,,463,
46277,127559,102,340,,,,,,,,11,,5:09.04,,,,,1522,True,Distance,234,714,591.0,M,False,3,2026-03-28,2026-03-28,False,52.67,,456.78,,242,
46295,127441,124,26970,,,,,,,,9,,2:02.38,,,,,1522,True,Distance,703,1120,1263.0,M,False,3,2026-03-28,2026-03-28,False,69.88,,728.72,,604,
46296,127443,124,26967,,,,,,,,9,,2:07.04,,,,,1522,True,Distance,597,1040,1117.0,M,False,3,2026-03-28,2026-03-28,False,66.88,,669.15,,531,
46297,127445,124,30049,,,,,,,,9,,2:09.03,,,,,1522,True,Distance,555,1006,1058.0,M,False,3,2026-03-28,2026-03-28,False,65.67,,645.02,,502,
46298,127447,124,5500,,,,,,,,11,,3:58.35,,,,,1522,True,Distance,874,1219,1483.5,M,False,3,2026-03-28,2026-03-28,False,70.65,,835.94,,704,
46299,127449,124,27299,,,,,,,,11,,4:06.88,,,,,1522,True,Distance,775,1151,1350.5,M,False,3,2026-03-28,2026-03-28,False,67.88,,778.67,,634,
46300,127451,124,24421,,,,,,,,11,,4:12.52,,,,,1522,True,Distance,713,1107,1266.5,M,False,3,2026-03-28,2026-03-28,False,66.16,,742.93,,591,
46301,127453,124,30049,,,,,,,,11,,4:24.37,,,,,1522,True,Distance,591,1017,1099.5,M,False,3,2026-03-28,2026-03-28,False,62.8,,672.79,,505,
46302,127456,124,19417,,,,,,,,11,,4:39.33,,,,,1522,True,Distance,453,910,908.0,M,False,3,2026-03-28,2026-03-28,False,59.01,,592.76,,407,
46303,127458,124,2855,,,,,,,,17,,15:17.52,,,,,1522,True,Distance,758,1129,1322.5,M,False,3,2026-03-28,2026-03-28,False,68.06,,802.08,,635,
46304,127460,124,27308,,,,,,,,17,,15:59.19,,,,,1522,True,Distance,642,1051,1167.5,M,False,3,2026-03-28,2026-03-28,False,64.64,,734.64,,553,
46305,127461,124,31410,,,,,,,,17,,18:54.00,,,,,1522,True,Distance,260,753,636.5,M,False,3,2026-03-28,2026-03-28,False,53.21,,505.7,,277,
46308,127467,124,3837,,,,,,,,20,,10:29.17,,,,,1522,True,Distance,369,843,790.5,M,False,3,2026-03-28,2026-03-28,False,55.77,,550.45,,534,
46309,127469,124,26966,,,,,,,,20,,11:06.08,,,,,1522,True,Distance,251,738,620.0,M,False,3,2026-03-28,2026-03-28,False,52.28,,477.16,,449,
46310,127471,124,27313,,,,,,,,20,,12:32.63,,,,,1522,True,Distance,63,518,322.0,M,False,3,2026-03-28,2026-03-28,False,45.49,,333.48,,284,
46443,126044,96,27744,,,,,,,,9,,2:00.75,,,,,1503,True,Distance,742,1149,1316.5,M,False,3,2026-03-20,2026-03-21,False,70.99,,750.65,,631,
46444,126046,96,26020,,,,,,,,9,,2:06.40,,,,,1503,True,Distance,611,1050,1136.0,M,False,3,2026-03-20,2026-03-21,False,67.27,,677.07,,541,
46449,126054,96,26020,,,,,,,,11,,4:27.39,,,,,1503,True,Distance,562,995,1059.5,M,False,3,2026-03-20,2026-03-21,False,62.0,,655.92,,485,
46450,126056,96,26021,,,,,,,,11,,4:37.90,,,,,1503,True,Distance,466,920,926.0,M,False,3,2026-03-20,2026-03-21,False,59.36,,600.03,,416,
48988,126043,96,26021,,,,,,,,9,,2:00.72,,,,,1503,True,Distance,743,1149,1317.5,M,False,3,2026-03-20,2026-03-21,False,71.01,,751.06,,631,
48989,126045,96,1552,,,,,,,,9,,2:01.22,,,,,1503,True,Distance,731,1140,1301.0,M,False,3,2026-03-20,2026-03-21,False,70.67,,744.27,,623,
48992,126053,96,27744,,,,,,,,11,,4:12.25,,,,,1503,True,Distance,716,1109,1270.5,M,False,3,2026-03-20,2026-03-21,False,66.24,,744.6,,593,
48993,126055,96,368,,,,,,,,11,,4:35.03,,,,,1503,True,Distance,491,940,961.0,M,False,3,2026-03-20,2026-03-21,False,60.06,,614.87,,434,
48996,126061,96,367,,,,,,,,20,,10:33.53,,,,,1503,True,Distance,354,831,769.5,M,False,3,2026-03-20,2026-03-21,False,55.34,,541.35,,523,
48997,126063,96,27745,,,,,,,,17,,17:52.07,,,,,1503,True,Distance,376,853,802.5,M,False,3,2026-03-20,2026-03-21,False,56.8,,578.27,,365,
48998,126065,96,8001,,,,,,,,17,,18:15.69,,,,,1503,True,Distance,329,814,736.0,M,False,3,2026-03-20,2026-03-21,False,55.38,,549.62,,330,
49006,126083,19,26031,Sr,,,,,,,11,,4:01.36,,,,,1504,True,Distance,838,1195,1435.5,M,False,3,2026-03-20,2026-03-21,False,69.65,,815.27,,679,
49007,126085,19,5155,Sr,,,,,,,17,,15:02.15,,,,,1504,True,Distance,803,1159,1382.5,M,False,3,2026-03-20,2026-03-21,False,69.4,,828.54,,666,
49008,126087,19,2316,Jr,,,,,,,17,,18:48.61,,,,,1504,True,Distance,269,762,650.0,M,False,3,2026-03-20,2026-03-21,False,53.5,,511.7,,284,
49013,126097,10,28362,Fr,,,,,,,9,,2:00.85,,,,,1504,True,Distance,740,1147,1313.5,M,False,3,2026-03-20,2026-03-21,False,70.92,,749.29,,629,
49015,126101,10,28362,Fr,,,,,,,11,,4:21.37,,,,,1504,True,Distance,621,1040,1141.0,M,False,3,2026-03-20,2026-03-21,False,63.62,,689.95,,526,
49017,126106,10,5619,Jr,,,,,,,17,,15:37.86,,,,,1504,True,Distance,700,1091,1245.5,M,False,3,2026-03-20,2026-03-21,False,66.35,,768.41,,594,
49059,126105,10,2302,Sr,,,,,,,17,,14:58.99,,,,,1504,True,Distance,813,1165,1395.5,M,False,3,2026-03-20,2026-03-21,False,69.69,,834.09,,673,
49060,126107,10,2311,Sr,,,,,,,17,,19:24.16,,,,,1504,True,Distance,211,707,564.5,M,False,3,2026-03-20,2026-03-21,False,51.6,,473.16,,238,
49067,127536,116,29616,,,,,,,,9,,2:02.24,,,,,1522,True,Distance,706,1122,1267.0,M,False,3,2026-03-28,2026-03-28,False,69.97,,730.58,,606,
49068,127538,116,29618,,,,,,,,9,,2:05.00,,,,,1522,True,Distance,643,1074,1180.0,M,False,3,2026-03-28,2026-03-28,False,68.16,,694.68,,563,
49069,127540,116,4910,,,,,,,,11,,4:01.99,,,,,1522,True,Distance,831,1189,1425.5,M,False,3,2026-03-28,2026-03-28,False,69.44,,811.01,,674,
49070,127542,116,29618,,,,,,,,11,,4:16.35,,,,,1522,True,Distance,672,1078,1211.0,M,False,3,2026-03-28,2026-03-28,False,65.03,,719.55,,562,
49071,127544,116,7975,,,,,,,,17,,14:57.01,,,,,1522,True,Distance,819,1169,1403.5,M,False,3,2026-03-28,2026-03-28,False,69.87,,837.58,,677,
49078,127584,120,18787,,,,,,,,9,,2:10.75,,,,,1522,True,Distance,519,978,1008.0,M,False,3,2026-03-28,2026-03-28,False,64.66,,624.76,,477,
49079,127586,120,18787,,,,,,,,11,,4:33.51,,,,,1522,True,Distance,505,951,980.5,M,False,3,2026-03-28,2026-03-28,False,60.43,,622.85,,444,
49236,126082,19,26031,Sr,,,,,,,9,,1:59.87,,,,,1504,True,Distance,764,1164,1346.0,M,False,3,2026-03-20,2026-03-21,False,71.61,,762.73,,646,
49238,126086,19,2303,Sr,,,,,,,17,,15:48.16,,,,,1504,True,Distance,671,1071,1206.5,M,False,3,2026-03-20,2026-03-21,False,65.52,,751.91,,574,
49243,126096,10,22588,So,,,,,,,9,,1:57.70,,,,,1504,True,Distance,818,1204,1420.0,M,False,3,2026-03-20,2026-03-21,False,73.17,,793.3,,683,
49244,126098,10,5616,Sr,,,,,,,9,,2:02.97,,,,,1504,True,Distance,689,1110,1244.0,M,False,3,2026-03-20,2026-03-21,False,69.48,,720.93,,595,
49245,126100,10,22588,So,,,,,,,11,,4:00.71,,,,,1504,True,Distance,846,1200,1446.0,M,False,3,2026-03-20,2026-03-21,False,69.86,,819.69,,684,
49246,126102,10,28782,Fr,,,,,,,11,,4:29.95,,,,,1504,True,Distance,538,977,1026.5,M,False,3,2026-03-20,2026-03-21,False,61.33,,641.9,,467,
49247,126103,10,31306,So,,,,,,,11,,5:17.42,,,,,1504,True,Distance,185,663,516.5,M,False,3,2026-03-20,2026-03-21,False,51.11,,423.02,,200,
49283,127588,120,26895,,,,,,,,11,,5:03.33,,,,,1522,True,Distance,271,750,646.0,M,False,3,2026-03-28,2026-03-28,False,53.79,,480.84,,271,
49284,127590,120,27088,,,,,,,,17,,17:01.99,,,,,1522,True,Distance,485,938,954.0,M,False,3,2026-03-28,2026-03-28,False,60.05,,643.38,,443,
50769,126191,233,31173,,,,,,,,9,,2:08.71,,,,,1505,True,Distance,562,1011,1067.5,M,False,3,2026-03-20,2026-03-21,False,65.86,,648.85,,507,
50773,127600,233,31204,So,,,,,,,20,,10:35.80,,,,,1523,True,Distance,346,824,758.0,M,False,3,2026-03-15,2026-03-15,False,55.11,,536.66,,518,
50774,127601,233,31423,So,,,,,,,20,,10:58.58,,,,,1523,True,Distance,273,759,652.5,M,False,3,2026-03-15,2026-03-15,False,52.96,,491.39,,466,
50894,126151,233,31200,So,,,,,,,9,,2:02.35,,,,,1505,True,Distance,704,1120,1264.0,M,False,3,2026-03-20,2026-03-21,False,69.9,,729.12,,605,
50895,126153,233,31201,Fr,,,,,,,11,,4:27.77,,,,,1505,True,Distance,558,992,1054.0,M,False,3,2026-03-20,2026-03-21,False,61.9,,653.82,,482,
50896,126154,233,31311,Fr,,,,,,,11,,4:31.65,,,,,1505,True,Distance,522,964,1004.0,M,False,3,2026-03-20,2026-03-21,False,60.9,,632.74,,456,
51037,126150,233,31204,So,,,,,,,9,,1:56.67,,,,,1505,True,Distance,844,1222,1455.0,M,False,3,2026-03-20,2026-03-21,False,73.93,,808.21,,701,
52045,126262,146,24914,,,,,,,,9,,1:55.95,,,,,1506,True,Distance,863,1236,1481.0,M,False,3,2026-03-20,2026-03-21,False,74.48,,818.79,,714,
52046,126264,146,29456,Fr,,,,,,,9,,2:07.34,,,,,1506,True,Distance,591,1034,1108.0,M,False,3,2026-03-20,2026-03-21,False,66.69,,665.46,,527,
52047,126266,146,29674,,,,,,,,9,,2:13.12,,,,,1506,True,Distance,472,939,941.5,M,False,3,2026-03-20,2026-03-21,False,63.32,,597.69,,444,
52048,126268,146,24568,Fr,,,,,,,9,,2:13.36,,,,,1506,True,Distance,468,935,935.5,M,False,3,2026-03-20,2026-03-21,False,63.18,,595.0,,441,
52049,126271,146,1309,,,,,,,,9,,2:30.01,,,,,1506,True,Distance,202,687,545.5,M,False,3,2026-03-20,2026-03-21,False,55.11,,429.58,,239,
52052,126277,146,22385,Fr,,,,,,,11,,4:09.38,,,,,1506,True,Distance,747,1131,1312.5,M,False,3,2026-03-20,2026-03-21,False,67.1,,762.63,,615,
52053,126279,146,29458,,,,,,,,11,,4:29.15,,,,,1506,True,Distance,545,982,1036.0,M,False,3,2026-03-20,2026-03-21,False,61.54,,646.25,,473,
52054,126281,146,1309,,,,,,,,11,,5:13.47,,,,,1506,True,Distance,207,687,550.5,M,False,3,2026-03-20,2026-03-21,False,51.84,,438.71,,220,
52066,128227,124,26972,,,,,,,,9,Unseeded,2:10.01,,,,,1535,True,Distance,534,990,1029.0,M,False,3,2026-04-03,2026-04-03,False,65.09,,633.41,,488,
52067,128229,124,31459,,,,,,,,9,Unseeded,2:16.94,,,,,1535,True,Distance,401,879,840.5,M,False,3,2026-04-03,2026-04-03,False,61.26,,556.04,,394,
52068,128231,124,5500,,,,,,,,9,Seeded,1:51.90,,,,,1535,True,Distance,972,1311,1627.5,M,False,3,2026-04-03,2026-04-03,False,77.69,,880.83,,789,
52069,128233,124,11304,,,,,,,,9,Seeded,2:04.83,,,,,1535,True,Distance,646,1077,1184.5,M,False,3,2026-04-03,2026-04-03,False,68.27,,696.85,,565,
52074,128243,124,26972,,,,,,,,11,Unseeded,4:29.39,,,,,1535,True,Distance,543,981,1033.5,M,False,3,2026-04-03,2026-04-03,False,61.48,,644.95,,471,
52075,128245,124,27306,,,,,,,,11,Unseeded,4:44.39,,,,,1535,True,Distance,411,875,848.5,M,False,3,2026-04-03,2026-04-03,False,57.83,,567.59,,377,
52076,128247,124,2003,,,,,,,,11,Seeded,3:58.30,,,,,1535,True,Distance,874,1219,1483.5,M,False,3,2026-04-03,2026-04-03,False,70.67,,836.29,,705,
52077,128249,124,26967,,,,,,,,11,Seeded,4:22.56,,,,,1535,True,Distance,609,1031,1124.5,M,False,3,2026-04-03,2026-04-03,False,63.29,,683.1,,518,
52083,126269,146,30057,,,,,,,,9,,2:17.04,,,,,1506,True,Distance,400,877,838.5,M,False,3,2026-03-20,2026-03-21,False,61.21,,554.98,,392,
52180,126359,147,27176,,,,,,,,9,,2:05.07,,,,,1506,True,Distance,641,1073,1177.5,M,False,3,2026-03-20,2026-03-21,False,68.11,,693.79,,561,
52181,126361,147,27475,,,,,,,,9,,2:19.10,,,,,1506,True,Distance,364,846,787.0,M,False,3,2026-03-20,2026-03-21,False,60.16,,533.5,,366,
52182,126363,147,27176,,,,,,,,11,,4:20.05,,,,,1506,True,Distance,634,1050,1159.0,M,False,3,2026-03-20,2026-03-21,False,63.98,,697.62,,535,
52183,126365,147,27475,,,,,,,,11,,4:54.19,,,,,1506,True,Distance,335,809,739.5,M,False,3,2026-03-20,2026-03-21,False,55.67,,521.31,,320,
52184,126367,165,29794,,,,,,,,9,,2:07.98,,,,,1506,True,Distance,577,1024,1089.0,M,False,3,2026-03-20,2026-03-21,False,66.3,,657.66,,517,
52185,126369,165,30005,Fr,,,,,,,11,,4:26.73,,,,,1506,True,Distance,568,1000,1068.0,M,False,3,2026-03-20,2026-03-21,False,62.17,,659.57,,489,
52188,126443,131,27487,,,,,,,,9,,2:08.03,,,,,1510,True,Distance,576,1023,1087.5,M,False,3,2026-03-20,2026-03-21,False,66.27,,657.05,,517,
52189,126445,131,27516,,,,,,,,9,,2:54.04,,,,,1510,True,Distance,12,396,210.0,M,False,3,2026-03-20,2026-03-21,False,46.46,,246.64,,16,
52190,126447,131,27487,,,,,,,,11,,4:26.76,,,,,1510,True,Distance,568,1000,1068.0,M,False,3,2026-03-20,2026-03-21,False,62.17,,659.41,,489,
52191,126449,131,1231,,,,,,,,11,,4:34.15,,,,,1510,True,Distance,499,946,972.0,M,False,3,2026-03-20,2026-03-21,False,60.27,,619.48,,440,
52192,126446,131,27500,,,,,,,,11,,4:17.45,,,,,1510,True,Distance,661,1069,1195.5,M,False,3,2026-03-20,2026-03-21,False,64.72,,712.97,,554,
52193,126448,131,24859,,,,,,,,11,,4:27.07,,,,,1510,True,Distance,565,998,1064.0,M,False,3,2026-03-20,2026-03-21,False,62.08,,657.69,,487,
52194,126450,131,27516,,,,,,,,11,,6:09.39,,,,,1510,True,Distance,9,389,203.5,M,False,3,2026-03-20,2026-03-21,False,43.13,,247.9,,0,
52554,126263,146,29608,Fr,,,,,,,9,,2:06.71,,,,,1506,True,Distance,605,1045,1127.5,M,False,3,2026-03-20,2026-03-21,False,67.08,,673.22,,536,
52555,126265,146,4387,,,,,,,,9,,2:11.86,,,,,1506,True,Distance,497,960,977.0,M,False,3,2026-03-20,2026-03-21,False,64.02,,611.96,,462,
52556,126267,146,29458,,,,,,,,9,,2:13.22,,,,,1506,True,Distance,470,938,939.0,M,False,3,2026-03-20,2026-03-21,False,63.26,,596.57,,443,
52559,126280,146,11400,,,,,,,,11,,4:52.15,,,,,1506,True,Distance,350,823,761.5,M,False,3,2026-03-20,2026-03-21,False,56.1,,530.69,,332,
52597,126360,147,19486,,,,,,,,9,,2:11.59,,,,,1506,True,Distance,502,964,984.0,M,False,3,2026-03-20,2026-03-21,False,64.18,,615.05,,466,
52598,126362,147,27177,,,,,,,,11,,4:13.63,,,,,1506,True,Distance,701,1098,1250.0,M,False,3,2026-03-20,2026-03-21,False,65.83,,736.08,,582,
52599,126364,147,27988,,,,,,,,11,,4:42.45,,,,,1506,True,Distance,427,888,871.0,M,False,3,2026-03-20,2026-03-21,False,58.28,,577.13,,388,
52600,126366,165,29795,Fr,,,,,,,9,,2:06.74,,,,,1506,True,Distance,604,1045,1126.5,M,False,3,2026-03-20,2026-03-21,False,67.06,,672.85,,536,
52601,126368,165,30081,So,,,,,,,11,,4:15.93,,,,,1506,True,Distance,677,1081,1217.5,M,False,3,2026-03-20,2026-03-21,False,65.15,,722.08,,565,
52602,126370,165,29796,Fr,,,,,,,11,,4:30.74,,,,,1506,True,Distance,530,971,1015.5,M,False,3,2026-03-20,2026-03-21,False,61.13,,637.63,,462,
52603,126371,165,31319,,,,,,,,17,,17:20.43,,,,,1506,True,Distance,443,907,896.5,M,False,3,2026-03-20,2026-03-21,False,58.82,,618.68,,413,
52607,126270,146,1421,Jr,,,,,,,9,,2:24.48,,,,,1506,True,Distance,278,765,660.5,M,False,3,2026-03-20,2026-03-21,False,57.56,,480.29,,301,
52608,126278,146,26627,Fr,,,,,,,11,,4:13.36,,,,,1506,True,Distance,704,1100,1254.0,M,False,3,2026-03-20,2026-03-21,False,65.91,,737.74,,584,
52624,126378,4,102,,,,,,,,9,,2:03.65,,,,,1509,True,Distance,673,1098,1222.0,M,False,3,2026-03-21,2026-03-21,False,69.03,,712.04,,584,
52625,126380,4,2946,Jr,,,,,,,11,,4:00.66,,,,,1509,True,Distance,846,1200,1446.0,M,False,3,2026-03-21,2026-03-21,False,69.88,,820.03,,685,
52626,126382,4,2959,Sr,,,,,,,11,,4:16.36,,,,,1509,True,Distance,672,1077,1210.5,M,False,3,2026-03-21,2026-03-21,False,65.03,,719.49,,562,
52627,126384,4,2965,,,,,,,,11,,4:20.40,,,,,1509,True,Distance,631,1047,1154.5,M,False,3,2026-03-21,2026-03-21,False,63.89,,695.58,,533,
52628,126386,4,102,,,,,,,,11,,4:22.25,,,,,1509,True,Distance,612,1033,1128.5,M,False,3,2026-03-21,2026-03-21,False,63.38,,684.88,,520,
52630,126390,4,27329,Jr,,,,,,,14,,9:38.41,,,,,1509,True,Distance,557,980,1047.0,M,False,3,2026-03-21,2026-03-21,False,61.34,,666.53,,475,
52631,126392,15,22524,Jr,,,,,,,19,,6:49.92,,,,,1509,True,Distance,0,0,0.0,M,False,3,2026-03-21,2026-03-21,False,,,,,,
52635,126399,169,29753,Sr,,,,,,,11,,4:21.85,,,,,1510,True,Distance,616,1036,1134.0,M,False,3,2026-03-20,2026-03-21,False,63.49,,687.18,,523,
52643,126421,162,1704,,,,,,,,9,,2:06.48,,,,,1510,True,Distance,610,1049,1134.5,M,False,3,2026-03-20,2026-03-21,False,67.22,,676.08,,540,
52644,126423,162,27501,,,,,,,,9,,2:14.15,,,,,1510,True,Distance,453,923,914.5,M,False,3,2026-03-20,2026-03-21,False,62.75,,586.23,,430,
52646,126427,162,27485,,,,,,,,11,,4:08.14,,,,,1510,True,Distance,761,1141,1331.5,M,False,3,2026-03-20,2026-03-21,False,67.48,,770.54,,624,
52647,126429,162,3790,Jr,,,,,,,11,,4:37.38,,,,,1510,True,Distance,470,924,932.0,M,False,3,2026-03-20,2026-03-21,False,59.48,,602.7,,420,
52650,126435,162,1179,,,,,,,,17,,17:41.59,,,,,1510,True,Distance,397,871,832.5,M,False,3,2026-03-20,2026-03-21,False,57.46,,591.39,,380,
52713,126381,4,20492,,,,,,,,11,,4:13.04,,,,,1509,True,Distance,707,1103,1258.5,M,False,3,2026-03-21,2026-03-21,False,66.0,,739.71,,587,
52714,126383,4,27949,Fr,,,,,,,11,,4:16.74,,,,,1509,True,Distance,668,1075,1205.5,M,False,3,2026-03-21,2026-03-21,False,64.92,,717.21,,559,
52715,126385,4,2970,Jr,,,,,,,11,,4:21.34,,,,,1509,True,Distance,621,1040,1141.0,M,False,3,2026-03-21,2026-03-21,False,63.63,,690.12,,526,
52716,126387,4,25191,Fr,,,,,,,11,,4:30.29,,,,,1509,True,Distance,534,974,1021.0,M,False,3,2026-03-21,2026-03-21,False,61.25,,640.06,,465,
52717,126389,4,27949,Fr,,,,,,,14,,9:06.21,,,,,1509,True,Distance,703,1085,1245.5,M,False,3,2026-03-21,2026-03-21,False,65.44,,751.34,,577,
52720,126396,169,29751,,,,,,,,9,,1:58.12,,,,,1510,True,Distance,807,1196,1405.0,M,False,3,2026-03-20,2026-03-21,False,72.86,,787.3,,675,
52722,126400,169,7641,So,,,,,,,11,,4:40.02,,,,,1510,True,Distance,448,905,900.5,M,False,3,2026-03-20,2026-03-21,False,58.85,,589.27,,403,
52723,126402,169,4449,Sr,,,,,,,17,,15:56.79,,,,,1510,True,Distance,648,1055,1175.5,M,False,3,2026-03-20,2026-03-21,False,64.83,,738.36,,558,
52731,126422,162,27491,,,,,,,,9,,2:09.79,,,,,1510,True,Distance,539,994,1036.0,M,False,3,2026-03-20,2026-03-21,False,65.22,,636.0,,491,
52732,126424,162,30985,,,,,,,,9,,2:26.49,,,,,1510,True,Distance,249,737,617.5,M,False,3,2026-03-20,2026-03-21,False,56.65,,461.42,,278,
52734,126428,162,3169,,,,,,,,11,,4:23.89,,,,,1510,True,Distance,596,1021,1106.5,M,False,3,2026-03-20,2026-03-21,False,62.93,,675.51,,508,
52735,126430,162,1266,,,,,,,,11,,4:39.21,,,,,1510,True,Distance,454,911,909.5,M,False,3,2026-03-20,2026-03-21,False,59.04,,593.36,,408,
52737,126434,162,3790,Jr,,,,,,,17,,17:28.01,,,,,1510,True,Distance,426,894,873.0,M,False,3,2026-03-20,2026-03-21,False,58.32,,608.77,,401,
52738,126436,162,1266,,,,,,,,17,,18:05.78,,,,,1510,True,Distance,348,831,763.5,M,False,3,2026-03-20,2026-03-21,False,55.97,,561.49,,344,
52741,126442,131,1231,,,,,,,,9,,2:07.49,,,,,1510,True,Distance,588,1032,1104.0,M,False,3,2026-03-20,2026-03-21,False,66.6,,663.63,,525,
52742,126444,131,30123,,,,,,,,9,,2:23.92,,,,,1510,True,Distance,286,774,673.0,M,False,3,2026-03-20,2026-03-21,False,57.82,,485.65,,308,
52821,128257,124,23476,,,,,,,,20,,11:35.84,,,,,1535,True,Distance,172,658,501.0,M,False,3,2026-04-03,2026-04-03,False,49.75,,423.72,,388,
52822,128259,124,27294,,,,,,,,17,,14:54.77,,,,,1535,True,Distance,825,1173,1411.5,M,False,3,2026-04-03,2026-04-03,False,70.07,,841.56,,682,
52823,128261,124,26967,,,,,,,,17,,16:00.17,,,,,1535,True,Distance,639,1049,1163.5,M,False,3,2026-04-03,2026-04-03,False,64.57,,733.12,,551,
52824,128263,124,27308,,,,,,,,17,,16:39.90,,,,,1535,True,Distance,538,977,1026.5,M,False,3,2026-04-03,2026-04-03,False,61.6,,674.17,,480,
52837,128226,124,30049,,,,,,,,9,Unseeded,2:09.57,,,,,1535,True,Distance,544,997,1042.5,M,False,3,2026-04-03,2026-04-03,False,65.35,,638.6,,494,
52838,128228,124,28295,,,,,,,,9,Unseeded,2:13.71,,,,,1535,True,Distance,461,930,926.0,M,False,3,2026-04-03,2026-04-03,False,62.99,,591.1,,436,
52839,128230,124,5577,,,,,,,,9,Unseeded,2:19.22,,,,,1535,True,Distance,362,844,784.0,M,False,3,2026-04-03,2026-04-03,False,60.09,,532.27,,365,
52840,128232,124,2003,,,,,,,,9,Seeded,1:58.59,,,,,1535,True,Distance,795,1187,1388.5,M,False,3,2026-04-03,2026-04-03,False,72.52,,780.63,,667,
52846,128244,124,31459,,,,,,,,11,Unseeded,4:32.46,,,,,1535,True,Distance,514,959,993.5,M,False,3,2026-04-03,2026-04-03,False,60.7,,628.42,,451,
52847,128246,124,19417,,,,,,,,11,Unseeded,4:44.62,,,,,1535,True,Distance,409,873,845.5,M,False,3,2026-04-03,2026-04-03,False,57.78,,566.47,,375,
52848,128248,124,26970,,,,,,,,11,Seeded,4:10.47,,,,,1535,True,Distance,735,1123,1296.5,M,False,3,2026-04-03,2026-04-03,False,66.77,,755.73,,606,
52849,128250,124,11307,,,,,,,,11,Seeded,4:25.02,,,,,1535,True,Distance,585,1013,1091.5,M,False,3,2026-04-03,2026-04-03,False,62.63,,669.13,,501,
52852,128256,124,3832,,,,,,,,20,,10:10.58,,,,,1535,True,Distance,437,899,886.5,M,False,3,2026-04-03,2026-04-03,False,57.7,,590.72,,580,
52854,128262,124,1999,,,,,,,,17,,16:29.08,,,,,1535,True,Distance,564,997,1062.5,M,False,3,2026-04-03,2026-04-03,False,62.38,,689.76,,499,
52872,128298,112,29778,,,,,,,,9,Unseeded,2:05.55,,,,,1535,True,Distance,630,1065,1162.5,M,False,3,2026-04-03,2026-04-03,False,67.81,,687.72,,554,
52879,128260,124,2871,,,,,,,,17,,15:39.33,,,,,1535,True,Distance,696,1088,1240.0,M,False,3,2026-04-03,2026-04-03,False,66.23,,766.04,,591,
52897,128299,112,25014,,,,,,,,9,Unseeded,2:14.92,,,,,1535,True,Distance,438,910,893.0,M,False,3,2026-04-03,2026-04-03,False,62.33,,577.77,,420,
52898,128301,112,26847,,,,,,,,9,Unseeded,2:24.10,,,,,1535,True,Distance,284,771,669.5,M,False,3,2026-04-03,2026-04-03,False,57.74,,483.92,,306,
52899,128303,112,420,,,,,,,,9,Seeded,2:00.25,,,,,1535,True,Distance,754,1158,1333.0,M,False,3,2026-04-03,2026-04-03,False,71.34,,757.49,,639,
52901,128307,112,27298,,,,,,,,11,Unseeded,4:14.57,,,,,1535,True,Distance,691,1091,1236.5,M,False,3,2026-04-03,2026-04-03,False,65.55,,730.33,,575,
52902,128309,112,3336,,,,,,,,11,Unseeded,4:30.41,,,,,1535,True,Distance,533,973,1019.5,M,False,3,2026-04-03,2026-04-03,False,61.22,,639.41,,464,
52903,128311,112,437,,,,,,,,11,Unseeded,4:41.62,,,,,1535,True,Distance,434,894,881.0,M,False,3,2026-04-03,2026-04-03,False,58.47,,581.25,,393,
52904,128313,112,11322,,,,,,,,11,Unseeded,5:49.65,,,,,1535,True,Distance,50,485,292.5,M,False,3,2026-04-03,2026-04-03,False,45.87,,308.29,,60,
52910,128325,112,3336,,,,,,,,20,,11:57.03,,,,,1535,True,Distance,125,604,427.0,M,False,3,2026-04-03,2026-04-03,False,48.08,,388.38,,347,
52912,128329,112,417,,,,,,,,17,,15:56.26,,,,,1535,True,Distance,650,1056,1178.0,M,False,3,2026-04-03,2026-04-03,False,64.87,,739.19,,559,
52913,128331,112,29779,,,,,,,,17,,16:01.57,,,,,1535,True,Distance,635,1047,1158.5,M,False,3,2026-04-03,2026-04-03,False,64.46,,730.96,,549,
52914,128333,112,26978,,,,,,,,17,,16:09.88,,,,,1535,True,Distance,613,1031,1128.5,M,False,3,2026-04-03,2026-04-03,False,63.82,,718.27,,533,
52926,127660,88,539,Jr,,,,,,,9,,1:54.08,,,,,1525,True,Distance,913,1270,1548.0,M,False,3,2026-03-26,2026-03-28,False,75.93,,846.89,,748,
52927,128335,112,26845,,,,,,,,17,,18:00.37,,,,,1535,True,Distance,359,840,779.0,M,False,3,2026-04-03,2026-04-03,False,56.3,,568.06,,352,
52928,128337,112,26985,,,,,,,,17,,19:38.79,,,,,1535,True,Distance,189,685,531.5,M,False,3,2026-04-03,2026-04-03,False,50.86,,457.97,,219,
52934,128300,112,26845,,,,,,,,9,Unseeded,2:17.43,,,,,1535,True,Distance,393,871,828.5,M,False,3,2026-04-03,2026-04-03,False,61.01,,550.87,,387,
52935,128302,112,31468,,,,,,,,9,Unseeded,2:25.27,,,,,1535,True,Distance,266,754,643.0,M,False,3,2026-04-03,2026-04-03,False,57.2,,472.81,,292,
52938,128308,112,27297,,,,,,,,11,Unseeded,4:24.55,,,,,1535,True,Distance,589,1016,1097.0,M,False,3,2026-04-03,2026-04-03,False,62.75,,671.78,,504,
52939,128310,112,26979,,,,,,,,11,Unseeded,4:32.19,,,,,1535,True,Distance,517,961,997.5,M,False,3,2026-04-03,2026-04-03,False,60.76,,629.86,,453,
52940,128312,112,26846,,,,,,,,11,Unseeded,4:57.57,,,,,1535,True,Distance,310,787,703.5,M,False,3,2026-04-03,2026-04-03,False,54.96,,506.05,,302,
52941,128314,112,3333,,,,,,,,11,Seeded,4:15.46,,,,,1535,True,Distance,682,1084,1224.0,M,False,3,2026-04-03,2026-04-03,False,65.29,,724.92,,569,
52946,128324,112,31468,,,,,,,,20,,11:46.48,,,,,1535,True,Distance,148,630,463.0,M,False,3,2026-04-03,2026-04-03,False,48.9,,405.71,,367,
52947,128326,112,26847,,,,,,,,20,,12:11.76,,,,,1535,True,Distance,97,567,380.5,M,False,3,2026-04-03,2026-04-03,False,46.98,,365.02,,321,
52948,128328,112,416,,,,,,,,17,,15:24.29,,,,,1535,True,Distance,738,1116,1296.0,M,False,3,2026-04-03,2026-04-03,False,67.48,,790.71,,621,
52949,128330,112,28292,,,,,,,,17,,15:57.85,,,,,1535,True,Distance,645,1054,1172.0,M,False,3,2026-04-03,2026-04-03,False,64.75,,736.71,,556,
52950,128332,112,421,,,,,,,,17,,16:07.01,,,,,1535,True,Distance,621,1037,1139.5,M,False,3,2026-04-03,2026-04-03,False,64.04,,722.63,,539,
52951,128334,112,435,,,,,,,,17,,17:24.62,,,,,1535,True,Distance,434,899,883.5,M,False,3,2026-04-03,2026-04-03,False,58.54,,613.18,,407,
52954,128336,112,429,,,,,,,,17,,18:09.55,,,,,1535,True,Distance,341,824,753.0,M,False,3,2026-04-03,2026-04-03,False,55.75,,556.95,,339,
52972,127661,88,24595,So,,,,,,,11,,3:55.57,,,,,1525,True,Distance,907,1241,1527.5,M,False,3,2026-03-26,2026-03-28,False,71.61,,855.51,,728,
52985,126492,1,27953,Fr,,,,,,,9,,2:04.25,,,,,1512,True,Distance,660,1087,1203.5,M,False,3,2026-03-20,2026-03-21,False,68.64,,704.28,,574,
52986,126494,1,1,Sr,,,,,,,11,,5:16.50,,,,,1512,True,Distance,190,669,524.5,M,False,3,2026-03-20,2026-03-21,False,51.28,,426.64,,205,
52987,126496,1,150,Sr,,,,,,,17,,16:39.61,,,,,1512,True,Distance,538,978,1027.0,M,False,3,2026-03-20,2026-03-21,False,61.62,,674.59,,481,
52989,127662,1,2,Sr,,,,,,,18,,29:43.20,,,,,1526,True,Distance,978,1263,1609.5,M,False,3,2026-03-26,2026-03-27,False,73.61,,923.48,,792,
53071,126493,1,27953,Fr,,,,,,,11,,4:19.40,,,,,1512,True,Distance,641,1054,1168.0,M,False,3,2026-03-20,2026-03-21,False,64.17,,701.43,,540,
53072,126495,1,7,Sr,,,,,,,17,,16:06.45,,,,,1512,True,Distance,622,1038,1141.0,M,False,3,2026-03-20,2026-03-21,False,64.08,,723.48,,540,
53073,126497,1,1,Sr,,,,,,,17,,20:45.89,,,,,1512,True,Distance,104,589,398.5,M,False,3,2026-03-20,2026-03-21,False,47.67,,392.89,,141,
53106,123998,229,31036,,,,,,,,9,,2:04.17,,,,,1485,True,Distance,661,1089,1205.5,M,False,3,2026-03-07,2026-03-07,False,68.69,,705.31,,576,
53107,124000,90,2566,,,,,,,,9,,2:06.11,,,,,1485,True,Distance,618,1055,1145.5,M,False,3,2026-03-07,2026-03-07,False,67.45,,680.69,,546,
53108,124001,142,31037,,,,,,,,9,,2:11.56,,,,,1485,True,Distance,503,964,985.0,M,False,3,2026-03-07,2026-03-07,False,64.19,,615.4,,466,
53109,124003,90,25172,,,,,,,,9,,2:12.35,,,,,1485,True,Distance,487,952,963.0,M,False,3,2026-03-07,2026-03-07,False,63.75,,606.38,,455,
53110,124005,88,529,Sr,,,,,,,9,,2:15.52,,,,,1485,True,Distance,427,901,877.5,M,False,3,2026-03-07,2026-03-07,False,62.01,,571.25,,412,
53111,124007,76,28542,,,,,,,,9,,2:18.74,,,,,1485,True,Distance,370,851,795.5,M,False,3,2026-03-07,2026-03-07,False,60.34,,537.21,,371,
53112,124009,223,31031,,,,,,,,9,,2:21.59,,,,,1485,True,Distance,323,808,727.0,M,False,3,2026-03-07,2026-03-07,False,58.93,,508.37,,335,
53113,124011,79,506,,,,,,,,9,,2:24.76,,,,,1485,True,Distance,274,761,654.5,M,False,3,2026-03-07,2026-03-07,False,57.43,,477.63,,298,
53114,124013,79,7950,,,,,,,,9,,2:25.37,,,,,1485,True,Distance,265,753,641.5,M,False,3,2026-03-07,2026-03-07,False,57.15,,471.87,,291,
53115,124015,76,26112,,,,,,,,9,,2:32.15,,,,,1485,True,Distance,176,658,505.0,M,False,3,2026-03-07,2026-03-07,False,54.22,,410.94,,217,
53116,124018,76,26097,,,,,,,,9,,2:32.81,,,,,1485,True,Distance,168,649,492.5,M,False,3,2026-03-07,2026-03-07,False,53.95,,405.3,,210,
53117,124020,79,26089,,,,,,,,9,,2:42.77,,,,,1485,True,Distance,73,523,334.5,M,False,3,2026-03-07,2026-03-07,False,50.17,,325.71,,113,
53118,124022,79,25855,,,,,,,,9,,2:45.87,,,,,1485,True,Distance,51,486,294.0,M,False,3,2026-03-07,2026-03-07,False,49.09,,302.89,,85,
53119,124024,79,31025,,,,,,,,9,,3:17.26,,,,,1485,True,Distance,0,191,95.5,M,False,3,2026-03-07,2026-03-07,False,40.27,,112.2,,0,
53120,124026,79,18975,,,,,,,,9,,3:38.79,,,,,1485,True,Distance,0,66,33.0,M,False,3,2026-03-07,2026-03-07,False,35.79,,13.05,,0,
53121,124028,79,3609,,,,,,,,9,,3:46.61,,,,,1485,True,Distance,0,37,18.5,M,False,3,2026-03-07,2026-03-07,False,34.39,,-18.3,,0,
53122,124031,88,2553,Sr,,,,,,,12,,4:29.97,,,,,1485,True,Distance,0,0,0.0,M,False,3,2026-03-07,2026-03-07,False,,,,,,
53123,124033,88,521,Sr,,,,,,,12,,4:32.87,,,,,1485,True,Distance,0,0,0.0,M,False,3,2026-03-07,2026-03-07,False,,,,,,
53124,124035,79,512,,,,,,,,12,,4:34.33,,,,,1485,True,Distance,0,0,0.0,M,False,3,2026-03-07,2026-03-07,False,,,,,,
53125,124037,79,3859,,,,,,,,12,,4:39.57,,,,,1485,True,Distance,0,0,0.0,M,False,3,2026-03-07,2026-03-07,False,,,,,,
53126,124039,76,28519,,,,,,,,12,,4:41.37,,,,,1485,True,Distance,0,0,0.0,M,False,3,2026-03-07,2026-03-07,False,,,,,,
53127,124040,79,31040,,,,,,,,12,,4:42.79,,,,,1485,True,Distance,0,0,0.0,M,False,3,2026-03-07,2026-03-07,False,,,,,,
53128,124042,142,18982,,,,,,,,12,,4:46.72,,,,,1485,True,Distance,0,0,0.0,M,False,3,2026-03-07,2026-03-07,False,,,,,,
53129,124044,139,19010,,,,,,,,12,,4:49.54,,,,,1485,True,Distance,0,0,0.0,M,False,3,2026-03-07,2026-03-07,False,,,,,,
53130,124046,79,7950,,,,,,,,12,,4:52.97,,,,,1485,True,Distance,0,0,0.0,M,False,3,2026-03-07,2026-03-07,False,,,,,,
53131,124048,139,26835,,,,,,,,12,,4:55.20,,,,,1485,True,Distance,0,0,0.0,M,False,3,2026-03-07,2026-03-07,False,,,,,,
53132,124050,166,3596,,,,,,,,12,,4:57.20,,,,,1485,True,Distance,0,0,0.0,M,False,3,2026-03-07,2026-03-07,False,,,,,,
53133,124051,166,31041,,,,,,,,12,,4:57.42,,,,,1485,True,Distance,0,0,0.0,M,False,3,2026-03-07,2026-03-07,False,,,,,,
53134,124053,88,27382,Fr,,,,,,,12,,4:59.69,,,,,1485,True,Distance,0,0,0.0,M,False,3,2026-03-07,2026-03-07,False,,,,,,
53135,124056,139,7697,,,,,,,,12,,5:03.04,,,,,1485,True,Distance,0,0,0.0,M,False,3,2026-03-07,2026-03-07,False,,,,,,
53136,124058,79,26922,,,,,,,,12,,5:04.23,,,,,1485,True,Distance,0,0,0.0,M,False,3,2026-03-07,2026-03-07,False,,,,,,
53137,124060,88,27391,Fr,,,,,,,12,,5:09.05,,,,,1485,True,Distance,0,0,0.0,M,False,3,2026-03-07,2026-03-07,False,,,,,,
53138,124062,90,11507,,,,,,,,12,,5:09.93,,,,,1485,True,Distance,0,0,0.0,M,False,3,2026-03-07,2026-03-07,False,,,,,,
53139,124063,79,31043,,,,,,,,12,,5:10.15,,,,,1485,True,Distance,0,0,0.0,M,False,3,2026-03-07,2026-03-07,False,,,,,,
53140,124066,79,27395,,,,,,,,12,,5:15.26,,,,,1485,True,Distance,0,0,0.0,M,False,3,2026-03-07,2026-03-07,False,,,,,,
53141,124068,79,25855,,,,,,,,12,,5:32.27,,,,,1485,True,Distance,0,0,0.0,M,False,3,2026-03-07,2026-03-07,False,,,,,,
53142,124070,76,26097,,,,,,,,12,,5:35.89,,,,,1485,True,Distance,0,0,0.0,M,False,3,2026-03-07,2026-03-07,False,,,,,,
53143,124072,166,28323,,,,,,,,12,,5:42.36,,,,,1485,True,Distance,0,0,0.0,M,False,3,2026-03-07,2026-03-07,False,,,,,,
53144,124074,139,27032,,,,,,,,12,,5:45.42,,,,,1485,True,Distance,0,0,0.0,M,False,3,2026-03-07,2026-03-07,False,,,,,,
53145,124075,139,31045,,,,,,,,12,,5:47.62,,,,,1485,True,Distance,0,0,0.0,M,False,3,2026-03-07,2026-03-07,False,,,,,,
53146,124077,79,31025,,,,,,,,12,,6:02.84,,,,,1485,True,Distance,0,0,0.0,M,False,3,2026-03-07,2026-03-07,False,,,,,,
53147,124079,229,27408,,,,,,,,12,,6:07.51,,,,,1485,True,Distance,0,0,0.0,M,False,3,2026-03-07,2026-03-07,False,,,,,,
53148,124081,223,31038,,,,,,,,12,,6:14.67,,,,,1485,True,Distance,0,0,0.0,M,False,3,2026-03-07,2026-03-07,False,,,,,,
53151,124029,167,666,,,,,,,,12,,4:19.49,,,,,1485,True,Distance,0,0,0.0,M,False,3,2026-03-07,2026-03-07,False,,,,,,
53211,124088,90,27386,,,,,,,,17,,16:45.61,,,,,1485,True,Distance,524,967,1007.5,M,False,3,2026-03-07,2026-03-07,False,61.19,,666.08,,471,
53212,124090,79,27377,,,,,,,,17,,16:58.40,,,,,1485,True,Distance,493,945,965.5,M,False,3,2026-03-07,2026-03-07,False,60.3,,648.29,,449,
53213,124092,88,27330,Fr,,,,,,,17,,17:29.97,,,,,1485,True,Distance,422,890,867.0,M,False,3,2026-03-07,2026-03-07,False,58.2,,606.24,,398,
53214,124094,88,27396,Fr,,,,,,,17,,18:12.49,,,,,1485,True,Distance,335,820,745.0,M,False,3,2026-03-07,2026-03-07,False,55.57,,553.43,,335,
53230,124086,167,666,,,,,,,,17,,15:07.03,,,,,1485,True,Distance,789,1149,1363.5,M,False,3,2026-03-07,2026-03-07,False,68.97,,820.04,,656,
53293,126534,88,521,Sr,,,,,,,13,,4:34.70,,,,,1514,True,Distance,690,1085,1232.5,M,False,3,2026-03-28,2026-03-28,False,65.62,,738.03,,578,
53466,127671,167,710,,,,,,,,9,,2:02.57,,,,,1527,True,Distance,699,1117,1257.5,M,False,3,2026-03-27,2026-03-28,False,69.75,,726.21,,601,
53467,127673,167,19386,,,,,,,,9,,2:03.08,,,,,1527,True,Distance,687,1108,1241.0,M,False,3,2026-03-27,2026-03-28,False,69.41,,719.49,,593,
53468,127675,167,31431,,,,,,,,9,,2:05.27,,,,,1527,True,Distance,636,1070,1171.0,M,False,3,2026-03-27,2026-03-28,False,67.99,,691.26,,558,
53469,127677,167,27004,,,,,,,,9,,2:06.55,,,,,1527,True,Distance,608,1048,1132.0,M,False,3,2026-03-27,2026-03-28,False,67.18,,675.21,,539,
53470,127679,167,742,,,,,,,,9,,2:10.77,,,,,1527,True,Distance,519,977,1007.5,M,False,3,2026-03-27,2026-03-28,False,64.65,,624.52,,477,
53471,127681,167,704,,,,,,,,9,,2:13.17,,,,,1527,True,Distance,471,938,940.0,M,False,3,2026-03-27,2026-03-28,False,63.29,,597.13,,444,
53472,127683,167,19013,,,,,,,,9,,2:22.96,,,,,1527,True,Distance,301,788,695.0,M,False,3,2026-03-27,2026-03-28,False,58.27,,494.92,,319,
53473,127685,167,466,,,,,,,,11,Invite,4:09.68,,,,,1527,True,Distance,744,1129,1308.5,M,False,3,2026-03-27,2026-03-28,False,67.01,,760.72,,612,
53541,126541,90,2566,,,,,,,,9,,2:08.90,,,,,1515,True,Distance,558,1008,1062.0,M,False,3,2026-03-28,2026-03-28,False,65.75,,646.57,,504,
53542,126542,63,31342,,,,,,,,9,,2:19.59,,,,,1515,True,Distance,355,838,774.0,M,False,3,2026-03-28,2026-03-28,False,59.91,,528.49,,360,
53543,126543,100,31343,,,,,,,,9,,2:28.18,,,,,1515,True,Distance,226,713,582.5,M,False,3,2026-03-28,2026-03-28,False,55.9,,445.94,,259,
53544,126545,100,25677,,,,,,,,9,,2:31.76,,,,,1515,True,Distance,180,663,511.5,M,False,3,2026-03-28,2026-03-28,False,54.38,,414.3,,221,
53545,126547,63,27885,,,,,,,,9,,3:00.78,,,,,1515,True,Distance,0,329,164.5,M,False,3,2026-03-28,2026-03-28,False,44.48,,204.06,,0,
53546,126549,90,11507,,,,,,,,12,,5:10.11,,,,,1515,True,Distance,0,0,0.0,M,False,3,2026-03-28,2026-03-28,False,,,,,,
53547,126551,63,27400,,,,,,,,12,,5:34.31,,,,,1515,True,Distance,0,0,0.0,M,False,3,2026-03-28,2026-03-28,False,,,,,,
53548,126553,100,31343,,,,,,,,12,,5:37.55,,,,,1515,True,Distance,0,0,0.0,M,False,3,2026-03-28,2026-03-28,False,,,,,,
53549,127687,167,685,,,,,,,,11,,4:08.93,,,,,1527,True,Distance,752,1135,1319.5,M,False,3,2026-03-27,2026-03-28,False,67.24,,765.49,,618,
53550,127689,167,8108,,,,,,,,11,,4:13.54,,,,,1527,True,Distance,702,1099,1251.5,M,False,3,2026-03-27,2026-03-28,False,65.85,,736.63,,583,
53551,127691,167,2539,,,,,,,,11,,4:17.04,,,,,1527,True,Distance,665,1072,1201.0,M,False,3,2026-03-27,2026-03-28,False,64.84,,715.41,,557,
53552,127693,167,28308,,,,,,,,11,,4:19.87,,,,,1527,True,Distance,636,1051,1161.5,M,False,3,2026-03-27,2026-03-28,False,64.04,,698.67,,537,
53553,127695,167,28319,,,,,,,,11,,4:21.25,,,,,1527,True,Distance,622,1041,1142.5,M,False,3,2026-03-27,2026-03-28,False,63.65,,690.64,,527,
53554,127697,167,25030,,,,,,,,11,,4:28.38,,,,,1527,True,Distance,552,988,1046.0,M,False,3,2026-03-27,2026-03-28,False,61.74,,650.47,,478,
53555,127699,167,742,,,,,,,,11,,4:30.34,,,,,1527,True,Distance,534,974,1021.0,M,False,3,2026-03-27,2026-03-28,False,61.23,,639.79,,465,
53556,127701,167,19387,,,,,,,,11,,4:32.74,,,,,1527,True,Distance,512,957,990.5,M,False,3,2026-03-27,2026-03-28,False,60.63,,626.93,,449,
53557,127703,167,19385,,,,,,,,11,,4:38.23,,,,,1527,True,Distance,463,918,922.0,M,False,3,2026-03-27,2026-03-28,False,59.28,,598.35,,414,
53558,127705,167,760,,,,,,,,11,,4:52.17,,,,,1527,True,Distance,350,822,761.0,M,False,3,2026-03-27,2026-03-28,False,56.1,,530.59,,332,
53559,127707,167,717,,,,,,,,17,,15:59.73,,,,,1527,True,Distance,640,1050,1165.0,M,False,3,2026-03-27,2026-03-28,False,64.6,,733.8,,552,
53560,127709,167,27004,,,,,,,,17,,16:30.08,,,,,1527,True,Distance,562,995,1059.5,M,False,3,2026-03-27,2026-03-28,False,62.31,,688.3,,497,
53561,127711,167,2540,,,,,,,,17,,16:50.96,,,,,1527,True,Distance,511,958,990.0,M,False,3,2026-03-27,2026-03-28,False,60.82,,658.59,,461,
53562,127713,167,27236,,,,,,,,17,,16:56.93,,,,,1527,True,Distance,497,947,970.5,M,False,3,2026-03-27,2026-03-28,False,60.4,,650.31,,451,
53563,127715,167,711,,,,,,,,17,,17:04.73,,,,,1527,True,Distance,479,934,946.0,M,False,3,2026-03-27,2026-03-28,False,59.87,,639.65,,439,
53564,127717,167,27017,,,,,,,,17,,17:35.36,,,,,1527,True,Distance,410,881,850.5,M,False,3,2026-03-27,2026-03-28,False,57.85,,599.31,,390,
53565,127719,167,2608,,,,,,,,17,,18:07.33,,,,,1527,True,Distance,345,828,759.0,M,False,3,2026-03-27,2026-03-28,False,55.88,,559.62,,342,
53832,123997,88,2553,Sr,,,,,,,9,,2:03.58,,,,,1485,True,Distance,675,1099,1224.5,M,False,3,2026-03-07,2026-03-07,False,69.08,,712.95,,585,
53868,123995,88,3615,Sr,,,,,,,9,,2:01.98,,,,,1485,True,Distance,713,1127,1276.5,M,False,3,2026-03-07,2026-03-07,False,70.15,,734.05,,611,
53869,123999,166,27016,,,,,,,,9,,2:06.05,,,,,1485,True,Distance,619,1056,1147.0,M,False,3,2026-03-07,2026-03-07,False,67.49,,681.44,,546,
53870,123996,88,27383,Fr,,,,,,,9,,2:03.42,,,,,1485,True,Distance,679,1102,1230.0,M,False,3,2026-03-07,2026-03-07,False,69.19,,715.04,,587,
53920,124002,79,7953,,,,,,,,9,,2:12.20,,,,,1485,True,Distance,490,954,967.0,M,False,3,2026-03-07,2026-03-07,False,63.83,,608.08,,457,
53921,124004,166,3596,,,,,,,,9,,2:15.40,,,,,1485,True,Distance,429,903,880.5,M,False,3,2026-03-07,2026-03-07,False,62.07,,572.55,,414,
53922,124006,139,1589,,,,,,,,9,,2:17.76,,,,,1485,True,Distance,387,866,820.0,M,False,3,2026-03-07,2026-03-07,False,60.84,,547.4,,383,
53923,124008,142,29205,,,,,,,,9,,2:19.49,,,,,1485,True,Distance,357,840,777.0,M,False,3,2026-03-07,2026-03-07,False,59.96,,529.51,,361,
53924,124010,76,557,,,,,,,,9,,2:23.28,,,,,1485,True,Distance,296,783,687.5,M,False,3,2026-03-07,2026-03-07,False,58.12,,491.82,,315,
53925,124012,166,4728,,,,,,,,9,,2:24.96,,,,,1485,True,Distance,271,758,650.0,M,False,3,2026-03-07,2026-03-07,False,57.34,,475.74,,296,
53926,124014,79,31032,,,,,,,,9,,2:28.53,,,,,1485,True,Distance,221,708,575.0,M,False,3,2026-03-07,2026-03-07,False,55.75,,442.78,,256,
53927,124016,79,26922,,,,,,,,9,,2:32.23,,,,,1485,True,Distance,175,657,503.5,M,False,3,2026-03-07,2026-03-07,False,54.19,,410.26,,216,
53928,124017,223,31038,,,,,,,,9,,2:32.46,,,,,1485,True,Distance,172,654,499.0,M,False,3,2026-03-07,2026-03-07,False,54.09,,408.29,,213,
53929,124019,79,7954,,,,,,,,9,,2:35.36,,,,,1485,True,Distance,140,616,448.0,M,False,3,2026-03-07,2026-03-07,False,52.93,,383.95,,184,
53930,124021,88,551,Sr,,,,,,,9,,2:44.46,,,,,1485,True,Distance,60,503,311.5,M,False,3,2026-03-07,2026-03-07,False,49.57,,313.16,,98,
53931,124023,139,26839,,,,,,,,9,,2:51.98,,,,,1485,True,Distance,19,418,228.0,M,False,3,2026-03-07,2026-03-07,False,47.1,,260.32,,33,
53932,124025,79,28762,,,,,,,,9,,3:23.05,,,,,1485,True,Distance,0,151,75.5,M,False,3,2026-03-07,2026-03-07,False,38.96,,83.47,,0,
53933,124027,79,4586,,,,,,,,9,,3:38.84,,,,,1485,True,Distance,0,66,33.0,M,False,3,2026-03-07,2026-03-07,False,35.78,,12.84,,0,
53934,124030,79,25852,,,,,,,,12,,4:22.13,,,,,1485,True,Distance,0,0,0.0,M,False,3,2026-03-07,2026-03-07,False,,,,,,
53935,124032,229,31036,,,,,,,,12,,4:32.54,,,,,1485,True,Distance,0,0,0.0,M,False,3,2026-03-07,2026-03-07,False,,,,,,
53936,124034,79,26920,,,,,,,,12,,4:32.97,,,,,1485,True,Distance,0,0,0.0,M,False,3,2026-03-07,2026-03-07,False,,,,,,
53937,124036,139,1584,,,,,,,,12,,4:39.18,,,,,1485,True,Distance,0,0,0.0,M,False,3,2026-03-07,2026-03-07,False,,,,,,
53938,124038,88,507,Jr,,,,,,,12,,4:40.03,,,,,1485,True,Distance,0,0,0.0,M,False,3,2026-03-07,2026-03-07,False,,,,,,
53939,124041,76,28516,,,,,,,,12,,4:45.65,,,,,1485,True,Distance,0,0,0.0,M,False,3,2026-03-07,2026-03-07,False,,,,,,
53940,124043,79,25854,,,,,,,,12,,4:47.05,,,,,1485,True,Distance,0,0,0.0,M,False,3,2026-03-07,2026-03-07,False,,,,,,
53941,124045,90,531,,,,,,,,12,,4:49.63,,,,,1485,True,Distance,0,0,0.0,M,False,3,2026-03-07,2026-03-07,False,,,,,,
53942,124047,88,11493,So,,,,,,,12,,4:54.77,,,,,1485,True,Distance,0,0,0.0,M,False,3,2026-03-07,2026-03-07,False,,,,,,
53943,124049,142,31037,,,,,,,,12,,4:56.06,,,,,1485,True,Distance,0,0,0.0,M,False,3,2026-03-07,2026-03-07,False,,,,,,
53949,124052,166,27000,,,,,,,,12,,4:57.43,,,,,1485,True,Distance,0,0,0.0,M,False,3,2026-03-07,2026-03-07,False,,,,,,
53950,124054,142,29205,,,,,,,,12,,5:00.71,,,,,1485,True,Distance,0,0,0.0,M,False,3,2026-03-07,2026-03-07,False,,,,,,
53951,124055,139,31042,,,,,,,,12,,5:00.95,,,,,1485,True,Distance,0,0,0.0,M,False,3,2026-03-07,2026-03-07,False,,,,,,
53952,124057,79,506,,,,,,,,12,,5:03.22,,,,,1485,True,Distance,0,0,0.0,M,False,3,2026-03-07,2026-03-07,False,,,,,,
53953,124059,88,513,Sr,,,,,,,12,,5:08.63,,,,,1485,True,Distance,0,0,0.0,M,False,3,2026-03-07,2026-03-07,False,,,,,,
53954,124061,79,18975,,,,,,,,12,,5:09.67,,,,,1485,True,Distance,0,0,0.0,M,False,3,2026-03-07,2026-03-07,False,,,,,,
53955,124064,79,26925,,,,,,,,12,,5:10.58,,,,,1485,True,Distance,0,0,0.0,M,False,3,2026-03-07,2026-03-07,False,,,,,,
53956,124065,142,31044,,,,,,,,12,,5:12.40,,,,,1485,True,Distance,0,0,0.0,M,False,3,2026-03-07,2026-03-07,False,,,,,,
53957,124067,79,28749,,,,,,,,12,,5:24.67,,,,,1485,True,Distance,0,0,0.0,M,False,3,2026-03-07,2026-03-07,False,,,,,,
53958,124069,76,26112,,,,,,,,12,,5:34.84,,,,,1485,True,Distance,0,0,0.0,M,False,3,2026-03-07,2026-03-07,False,,,,,,
53959,124071,79,26089,,,,,,,,12,,5:38.01,,,,,1485,True,Distance,0,0,0.0,M,False,3,2026-03-07,2026-03-07,False,,,,,,
53960,124073,88,551,Sr,,,,,,,12,,5:44.52,,,,,1485,True,Distance,0,0,0.0,M,False,3,2026-03-07,2026-03-07,False,,,,,,
53961,124076,79,4585,,,,,,,,12,,5:51.15,,,,,1485,True,Distance,0,0,0.0,M,False,3,2026-03-07,2026-03-07,False,,,,,,
53962,124078,139,26839,,,,,,,,12,,6:06.93,,,,,1485,True,Distance,0,0,0.0,M,False,3,2026-03-07,2026-03-07,False,,,,,,
53963,124080,139,26843,,,,,,,,12,,6:13.20,,,,,1485,True,Distance,0,0,0.0,M,False,3,2026-03-07,2026-03-07,False,,,,,,
53964,124082,79,7954,,,,,,,,12,,6:17.91,,,,,1485,True,Distance,0,0,0.0,M,False,3,2026-03-07,2026-03-07,False,,,,,,
53965,124084,79,4586,,,,,,,,12,,7:39.64,,,,,1485,True,Distance,0,0,0.0,M,False,3,2026-03-07,2026-03-07,False,,,,,,
53966,124083,79,28762,,,,,,,,12,,6:21.59,,,,,1485,True,Distance,0,0,0.0,M,False,3,2026-03-07,2026-03-07,False,,,,,,
53967,124085,79,3609,,,,,,,,12,,8:09.52,,,,,1485,True,Distance,0,0,0.0,M,False,3,2026-03-07,2026-03-07,False,,,,,,
53968,124087,79,26919,,,,,,,,17,,16:33.82,,,,,1485,True,Distance,553,988,1047.0,M,False,3,2026-03-07,2026-03-07,False,62.04,,682.89,,491,
53969,124089,88,11490,So,,,,,,,17,,16:47.84,,,,,1485,True,Distance,518,963,999.5,M,False,3,2026-03-07,2026-03-07,False,61.03,,662.95,,467,
53970,124091,90,531,,,,,,,,17,,17:25.19,,,,,1485,True,Distance,432,898,881.0,M,False,3,2026-03-07,2026-03-07,False,58.51,,612.44,,406,
53971,124093,79,7950,,,,,,,,17,,17:47.80,,,,,1485,True,Distance,384,860,814.0,M,False,3,2026-03-07,2026-03-07,False,57.07,,583.58,,371,
53972,124095,79,506,,,,,,,,17,,18:33.55,,,,,1485,True,Distance,296,786,689.0,M,False,3,2026-03-07,2026-03-07,False,54.35,,528.77,,305,
53973,124097,139,7697,,,,,,,,17,,18:45.24,,,,,1485,True,Distance,275,767,658.5,M,False,3,2026-03-07,2026-03-07,False,53.69,,515.48,,289,
53974,124099,90,11507,,,,,,,,17,,18:54.56,,,,,1485,True,Distance,259,753,635.5,M,False,3,2026-03-07,2026-03-07,False,53.18,,505.08,,276,
53975,124101,90,5215,,,,,,,,17,,19:17.11,,,,,1485,True,Distance,222,718,581.0,M,False,3,2026-03-07,2026-03-07,False,51.97,,480.61,,247,
53976,124103,79,18975,,,,,,,,17,,20:51.42,,,,,1485,True,Distance,98,581,388.5,M,False,3,2026-03-07,2026-03-07,False,47.42,,387.84,,135,
53977,124105,79,31025,,,,,,,,17,,21:19.62,,,,,1485,True,Distance,71,543,342.5,M,False,3,2026-03-07,2026-03-07,False,46.2,,362.75,,105,
53978,124107,88,551,Sr,,,,,,,17,,21:38.84,,,,,1485,True,Distance,55,518,314.0,M,False,3,2026-03-07,2026-03-07,False,45.4,,346.28,,85,
53979,124109,79,28762,,,,,,,,17,,24:44.31,,,,,1485,True,Distance,0,306,153.0,M,False,3,2026-03-07,2026-03-07,False,38.79,,209.24,,0,
53980,124096,88,27384,Fr,,,,,,,17,,18:39.49,,,,,1485,True,Distance,285,776,673.0,M,False,3,2026-03-07,2026-03-07,False,54.01,,521.98,,297,
53981,124098,79,26924,,,,,,,,17,,18:47.32,,,,,1485,True,Distance,271,764,653.0,M,False,3,2026-03-07,2026-03-07,False,53.58,,513.15,,286,
53982,124100,142,737,,,,,,,,17,,18:54.79,,,,,1485,True,Distance,258,752,634.0,M,False,3,2026-03-07,2026-03-07,False,53.16,,504.83,,276,
53983,124102,79,26922,,,,,,,,17,,19:37.79,,,,,1485,True,Distance,190,687,533.5,M,False,3,2026-03-07,2026-03-07,False,50.91,,459.0,,221,
53984,124104,79,25855,,,,,,,,17,,20:55.12,,,,,1485,True,Distance,94,576,382.0,M,False,3,2026-03-07,2026-03-07,False,47.26,,384.48,,131,
53985,124106,79,26089,,,,,,,,17,,21:19.71,,,,,1485,True,Distance,71,543,342.5,M,False,3,2026-03-07,2026-03-07,False,46.19,,362.67,,104,
53986,124108,79,7954,,,,,,,,17,,24:03.74,,,,,1485,True,Distance,0,347,173.5,M,False,3,2026-03-07,2026-03-07,False,40.08,,236.2,,0,
53987,124110,79,4586,,,,,,,,17,,25:09.16,,,,,1485,True,Distance,0,282,141.0,M,False,3,2026-03-07,2026-03-07,False,38.03,,193.43,,0,
54241,126544,63,27400,,,,,,,,9,,2:28.57,,,,,1515,True,Distance,221,707,574.5,M,False,3,2026-03-28,2026-03-28,False,55.73,,442.42,,255,
54242,126546,90,23458,,,,,,,,9,,2:48.37,,,,,1515,True,Distance,36,458,265.0,M,False,3,2026-03-28,2026-03-28,False,48.26,,285.1,,63,
54243,126548,90,28741,,,,,,,,12,,4:48.56,,,,,1515,True,Distance,0,0,0.0,M,False,3,2026-03-28,2026-03-28,False,,,,,,
54244,126550,90,531,,,,,,,,12,,5:18.48,,,,,1515,True,Distance,0,0,0.0,M,False,3,2026-03-28,2026-03-28,False,,,,,,
54245,126552,63,31342,,,,,,,,12,,5:34.87,,,,,1515,True,Distance,0,0,0.0,M,False,3,2026-03-28,2026-03-28,False,,,,,,
54246,126554,63,27399,,,,,,,,12,,5:59.28,,,,,1515,True,Distance,0,0,0.0,M,False,3,2026-03-28,2026-03-28,False,,,,,,
54247,126556,90,23423,,,,,,,,15,,10:23.84,,,,,1515,True,Distance,0,0,0.0,M,False,3,2026-03-28,2026-03-28,False,,,,,,
54248,126558,90,531,,,,,,,,15,,10:29.59,,,,,1515,True,Distance,0,0,0.0,M,False,3,2026-03-28,2026-03-28,False,,,,,,
54249,126560,63,27399,,,,,,,,15,,12:19.70,,,,,1515,True,Distance,0,0,0.0,M,False,3,2026-03-28,2026-03-28,False,,,,,,
54254,127721,167,26994,,,,,,,,18,,33:05.17,,,,,1527,True,Distance,710,1082,1251.0,M,False,3,2026-03-27,2026-03-28,False,64.88,,755.58,,592,
54255,127723,167,695,,,,,,,,18,,36:55.40,,,,,1527,True,Distance,457,893,903.5,M,False,3,2026-03-27,2026-03-28,False,57.04,,601.53,,409,
54256,127725,167,711,,,,,,,,18,,36:59.28,,,,,1527,True,Distance,453,890,898.0,M,False,3,2026-03-27,2026-03-28,False,56.93,,599.21,,407,
54260,127733,167,466,,,,,,,,20,,9:23.04,,,,,1527,True,Distance,638,1050,1163.0,M,False,3,2026-03-27,2026-03-28,False,63.23,,705.8,,712,
54261,127735,167,19375,,,,,,,,20,,10:05.94,,,,,1527,True,Distance,455,913,911.5,M,False,3,2026-03-27,2026-03-28,False,58.2,,601.16,,592,
54262,127737,167,27002,,,,,,,,20,,10:31.46,,,,,1527,True,Distance,361,837,779.5,M,False,3,2026-03-27,2026-03-28,False,55.54,,545.66,,528,
54263,127739,167,27010,,,,,,,,20,,11:07.31,,,,,1527,True,Distance,248,734,615.0,M,False,3,2026-03-27,2026-03-28,False,52.17,,474.85,,447,
54264,127741,167,2608,,,,,,,,20,,11:28.34,,,,,1527,True,Distance,191,678,530.0,M,False,3,2026-03-27,2026-03-28,False,50.36,,436.75,,403,
54265,127743,167,778,,,,,,,,20,,11:37.27,,,,,1527,True,Distance,169,654,496.0,M,False,3,2026-03-27,2026-03-28,False,49.63,,421.27,,385,
54266,127745,167,742,,,,,,,,20,,12:02.99,,,,,1527,True,Distance,113,589,407.5,M,False,3,2026-03-27,2026-03-28,False,47.63,,378.81,,336,
54281,127670,167,8108,,,,,,,,9,,1:58.42,,,,,1527,True,Distance,800,1190,1395.0,M,False,3,2026-03-27,2026-03-28,False,72.64,,783.04,,670,
54282,127672,167,26998,,,,,,,,9,,2:02.78,,,,,1527,True,Distance,694,1113,1250.5,M,False,3,2026-03-27,2026-03-28,False,69.61,,723.43,,598,
54283,127674,167,28308,,,,,,,,9,,2:03.24,,,,,1527,True,Distance,683,1105,1235.5,M,False,3,2026-03-27,2026-03-28,False,69.3,,717.39,,590,
54284,127676,167,28319,,,,,,,,9,,2:06.07,,,,,1527,True,Distance,619,1056,1147.0,M,False,3,2026-03-27,2026-03-28,False,67.48,,681.19,,546,
54285,127678,167,19384,,,,,,,,9,,2:06.88,,,,,1527,True,Distance,601,1042,1122.0,M,False,3,2026-03-27,2026-03-28,False,66.97,,671.12,,534,
54307,127680,167,743,,,,,,,,9,,2:11.12,,,,,1527,True,Distance,512,972,998.0,M,False,3,2026-03-27,2026-03-28,False,64.45,,620.47,,472,
54308,127682,167,4304,,,,,,,,9,,2:19.60,,,,,1527,True,Distance,355,838,774.0,M,False,3,2026-03-27,2026-03-28,False,59.9,,528.38,,360,
54309,127684,167,673,,,,,,,,11,Invite,4:00.88,,,,,1527,True,Distance,844,1198,1443.0,M,False,3,2026-03-27,2026-03-28,False,69.81,,818.53,,683,
54310,127686,167,710,,,,,,,,11,,4:07.83,,,,,1527,True,Distance,764,1143,1335.5,M,False,3,2026-03-27,2026-03-28,False,67.58,,772.54,,627,
54311,127688,167,5230,,,,,,,,11,,4:10.28,,,,,1527,True,Distance,737,1124,1299.0,M,False,3,2026-03-27,2026-03-28,False,66.83,,756.93,,608,
54312,127690,167,27002,,,,,,,,11,,4:16.55,,,,,1527,True,Distance,670,1076,1208.0,M,False,3,2026-03-27,2026-03-28,False,64.98,,718.35,,561,
54313,127692,167,19386,,,,,,,,11,,4:17.49,,,,,1527,True,Distance,660,1069,1194.5,M,False,3,2026-03-27,2026-03-28,False,64.71,,712.73,,554,
54314,127694,167,18977,,,,,,,,11,,4:20.63,,,,,1527,True,Distance,628,1045,1150.5,M,False,3,2026-03-27,2026-03-28,False,63.82,,694.24,,531,
54315,127696,167,743,,,,,,,,11,,4:25.55,,,,,1527,True,Distance,580,1009,1084.5,M,False,3,2026-03-27,2026-03-28,False,62.49,,666.15,,497,
54316,127698,167,27004,,,,,,,,11,,4:29.41,,,,,1527,True,Distance,543,981,1033.5,M,False,3,2026-03-27,2026-03-28,False,61.47,,644.84,,471,
54317,127700,167,702,,,,,,,,11,,4:31.79,,,,,1527,True,Distance,521,963,1002.5,M,False,3,2026-03-27,2026-03-28,False,60.87,,631.99,,455,
54318,127702,167,27236,,,,,,,,11,,4:36.01,,,,,1527,True,Distance,482,933,948.5,M,False,3,2026-03-27,2026-03-28,False,59.82,,609.77,,428,
54319,127704,167,704,,,,,,,,11,,4:39.64,,,,,1527,True,Distance,451,908,905.0,M,False,3,2026-03-27,2026-03-28,False,58.94,,591.19,,406,
54320,127706,167,19013,,,,,,,,11,,5:14.16,,,,,1527,True,Distance,203,683,544.5,M,False,3,2026-03-27,2026-03-28,False,51.71,,435.94,,216,
54321,127708,167,695,,,,,,,,17,,16:26.05,,,,,1527,True,Distance,572,1002,1073.0,M,False,3,2026-03-27,2026-03-28,False,62.6,,694.18,,504,
54322,127710,167,5230,,,,,,,,17,,16:40.51,,,,,1527,True,Distance,536,976,1024.0,M,False,3,2026-03-27,2026-03-28,False,61.55,,673.3,,479,
54323,127712,167,25030,,,,,,,,17,,16:54.85,,,,,1527,True,Distance,502,951,977.5,M,False,3,2026-03-27,2026-03-28,False,60.55,,653.19,,455,
54324,127714,167,704,,,,,,,,17,,17:04.67,,,,,1527,True,Distance,479,934,946.0,M,False,3,2026-03-27,2026-03-28,False,59.87,,639.73,,439,
54325,127716,167,19387,,,,,,,,17,,17:16.44,,,,,1527,True,Distance,452,913,908.5,M,False,3,2026-03-27,2026-03-28,False,59.08,,623.95,,420,
54326,127718,167,740,,,,,,,,17,,17:45.56,,,,,1527,True,Distance,389,864,821.0,M,False,3,2026-03-27,2026-03-28,False,57.21,,586.39,,374,
54327,127720,167,19375,,,,,,,,18,,31:16.67,,,,,1527,True,Distance,849,1178,1438.0,M,False,3,2026-03-27,2026-03-28,False,69.31,,841.28,,694,
54328,127722,167,717,,,,,,,,18,,36:29.18,,,,,1527,True,Distance,483,914,940.0,M,False,3,2026-03-27,2026-03-28,False,57.84,,617.44,,428,
54329,127724,167,734,,,,,,,,18,,36:56.42,,,,,1527,True,Distance,456,892,902.0,M,False,3,2026-03-27,2026-03-28,False,57.01,,600.92,,409,
54330,127726,167,740,,,,,,,,18,,37:02.01,,,,,1527,True,Distance,451,888,895.0,M,False,3,2026-03-27,2026-03-28,False,56.84,,597.58,,405,
54334,127734,167,673,,,,,,,,20,,9:37.63,,,,,1527,True,Distance,572,1003,1073.5,M,False,3,2026-03-27,2026-03-28,False,61.43,,668.47,,669,
54335,127736,167,685,,,,,,,,20,,10:13.39,,,,,1527,True,Distance,427,891,872.5,M,False,3,2026-03-27,2026-03-28,False,57.4,,584.48,,573,
54336,127738,167,18977,,,,,,,,20,,10:33.72,,,,,1527,True,Distance,354,830,769.0,M,False,3,2026-03-27,2026-03-28,False,55.32,,540.96,,523,
54337,127740,167,19387,,,,,,,,20,,11:12.17,,,,,1527,True,Distance,234,721,594.5,M,False,3,2026-03-27,2026-03-28,False,51.74,,465.84,,436,
54338,127742,167,27017,,,,,,,,20,,11:36.32,,,,,1527,True,Distance,171,657,499.5,M,False,3,2026-03-27,2026-03-28,False,49.71,,422.9,,387,
54339,127744,167,760,,,,,,,,20,,11:46.47,,,,,1527,True,Distance,148,630,463.0,M,False,3,2026-03-27,2026-03-28,False,48.9,,405.73,,367,
54439,124451,15,5137,,,,,,,,9,,2:01.53,,,,,1487,True,Distance,723,1135,1290.5,M,False,3,2026-03-06,2026-03-07,False,70.45,,740.08,,618,
54440,124453,15,5139,,,,,,,,9,,2:09.78,,,,,1487,True,Distance,539,994,1036.0,M,False,3,2026-03-06,2026-03-07,False,65.22,,636.12,,491,
54441,124455,15,3298,,,,,,,,9,,2:28.35,,,,,1487,True,Distance,224,710,579.0,M,False,3,2026-03-06,2026-03-07,False,55.83,,444.41,,258,
54442,124457,15,28690,,,,,,,,11,,4:00.30,,,,,1487,True,Distance,851,1203,1452.5,M,False,3,2026-03-06,2026-03-07,False,70.0,,822.49,,688,
54443,124459,15,3298,,,,,,,,11,,4:59.82,,,,,1487,True,Distance,294,772,680.0,M,False,3,2026-03-06,2026-03-07,False,54.49,,496.09,,290,
54444,124461,15,5137,,,,,,,,17,,15:24.81,,,,,1487,True,Distance,737,1115,1294.5,M,False,3,2026-03-06,2026-03-07,False,67.44,,789.85,,620,
54445,124463,15,26006,,,,,,,,17,,16:52.70,,,,,1487,True,Distance,507,955,984.5,M,False,3,2026-03-06,2026-03-07,False,60.69,,656.17,,459,
54446,126555,90,23458,,,,,,,,12,,6:43.47,,,,,1515,True,Distance,0,0,0.0,M,False,3,2026-03-28,2026-03-28,False,,,,,,
54447,126557,90,27386,,,,,,,,15,,10:29.25,,,,,1515,True,Distance,0,0,0.0,M,False,3,2026-03-28,2026-03-28,False,,,,,,
54448,126559,90,11507,,,,,,,,15,,11:18.65,,,,,1515,True,Distance,0,0,0.0,M,False,3,2026-03-28,2026-03-28,False,,,,,,
54496,124452,15,28690,,,,,,,,9,,2:07.78,,,,,1487,True,Distance,581,1027,1094.5,M,False,3,2026-03-06,2026-03-07,False,66.42,,660.09,,520,
54497,124454,15,26006,,,,,,,,9,,2:10.76,,,,,1487,True,Distance,519,978,1008.0,M,False,3,2026-03-06,2026-03-07,False,64.65,,624.64,,477,
54498,124456,15,28694,,,,,,,,9,,2:41.44,,,,,1487,True,Distance,83,539,352.5,M,False,3,2026-03-06,2026-03-07,False,50.64,,335.77,,125,
54499,124458,15,5139,,,,,,,,11,,4:29.50,,,,,1487,True,Distance,542,980,1032.0,M,False,3,2026-03-06,2026-03-07,False,61.45,,644.35,,470,
54500,124460,15,28694,,,,,,,,11,,5:27.89,,,,,1487,True,Distance,132,602,433.0,M,False,3,2026-03-06,2026-03-07,False,49.29,,383.28,,152,
54501,124462,15,22524,,,,,,,,17,,16:34.69,,,,,1487,True,Distance,550,987,1043.5,M,False,3,2026-03-06,2026-03-07,False,61.97,,681.63,,489,
54502,126573,122,28345,,,,,,,,20,,10:19.21,,,,,1516,True,Distance,405,873,841.5,M,False,3,2026-03-28,2026-03-28,False,56.79,,571.73,,558,
54503,126575,122,1715,,,,,,,,11,,4:02.94,,,,,1516,True,Distance,820,1182,1411.0,M,False,3,2026-03-28,2026-03-28,False,69.13,,804.63,,666,
54504,126577,122,27083,,,,,,,,11,,4:16.60,,,,,1516,True,Distance,670,1076,1208.0,M,False,3,2026-03-28,2026-03-28,False,64.96,,718.05,,560,
54521,124474,10,28361,,,,,,,,9,,1:58.66,,,,,1488,True,Distance,794,1186,1387.0,M,False,3,2026-03-06,2026-03-07,False,72.47,,779.64,,666,
54522,124477,10,5619,,,,,,,,9,,2:09.14,,,,,1488,True,Distance,553,1004,1055.0,M,False,3,2026-03-06,2026-03-07,False,65.6,,643.71,,500,
54524,124482,10,22588,,,,,,,,11,,4:08.12,,,,,1488,True,Distance,761,1141,1331.5,M,False,3,2026-03-06,2026-03-07,False,67.49,,770.67,,625,
54525,124484,10,28362,,,,,,,,11,,4:14.68,,,,,1488,True,Distance,690,1090,1235.0,M,False,3,2026-03-06,2026-03-07,False,65.52,,729.66,,575,
54526,124487,10,29742,,,,,,,,11,,4:38.47,,,,,1488,True,Distance,461,916,919.0,M,False,3,2026-03-06,2026-03-07,False,59.22,,597.12,,413,
54530,124495,10,2302,,,,,,,,17,,15:33.15,,,,,1488,True,Distance,713,1100,1263.0,M,False,3,2026-03-06,2026-03-07,False,66.74,,776.08,,603,
54531,124497,10,29741,,,,,,,,17,,16:17.63,,,,,1488,True,Distance,593,1017,1101.5,M,False,3,2026-03-06,2026-03-07,False,63.23,,706.63,,519,
54532,124499,10,28365,,,,,,,,17,,19:21.78,,,,,1488,True,Distance,215,711,570.5,M,False,3,2026-03-06,2026-03-07,False,51.73,,475.67,,241,
54596,124475,10,5616,,,,,,,,9,,2:06.98,,,,,1488,True,Distance,599,1041,1119.5,M,False,3,2026-03-06,2026-03-07,False,66.91,,669.89,,532,
54597,124476,10,31096,,,,,,,,9,,2:07.26,,,,,1488,True,Distance,593,1036,1111.0,M,False,3,2026-03-06,2026-03-07,False,66.74,,666.44,,528,
54601,124483,10,28360,,,,,,,,11,,4:08.58,,,,,1488,True,Distance,756,1137,1324.5,M,False,3,2026-03-06,2026-03-07,False,67.35,,767.73,,621,
54602,124485,10,5619,,,,,,,,11,,4:20.46,,,,,1488,True,Distance,630,1047,1153.5,M,False,3,2026-03-06,2026-03-07,False,63.87,,695.23,,533,
54651,124486,10,31098,,,,,,,,11,,4:28.32,,,,,1488,True,Distance,553,988,1047.0,M,False,3,2026-03-06,2026-03-07,False,61.76,,650.79,,478,
54662,124552,159,676,,,,,,,,9,,2:04.71,,,,,1489,True,Distance,649,1079,1188.5,M,False,3,2026-03-07,2026-03-07,False,68.34,,698.38,,567,
54663,124554,159,705,,,,,,,,9,,2:05.70,,,,,1489,True,Distance,627,1062,1158.0,M,False,3,2026-03-07,2026-03-07,False,67.71,,685.83,,552,
54664,124556,159,26513,,,,,,,,9,,2:08.53,,,,,1489,True,Distance,565,1014,1072.0,M,False,3,2026-03-07,2026-03-07,False,65.97,,651.01,,509,
54665,124558,159,24911,,,,,,,,9,,2:14.25,,,,,1489,True,Distance,451,921,911.5,M,False,3,2026-03-07,2026-03-07,False,62.69,,585.12,,429,
54666,124561,159,27911,,,,,,,,9,,2:33.95,,,,,1489,True,Distance,155,634,472.0,M,False,3,2026-03-07,2026-03-07,False,53.49,,395.67,,198,
54667,124563,159,27907,,,,,,,,11,,4:12.65,,,,,1489,True,Distance,712,1106,1265.0,M,False,3,2026-03-07,2026-03-07,False,66.12,,742.12,,590,
54668,124565,159,2176,,,,,,,,11,,4:27.07,,,,,1489,True,Distance,565,998,1064.0,M,False,3,2026-03-07,2026-03-07,False,62.08,,657.69,,487,
54669,124567,159,24911,,,,,,,,11,,4:30.19,,,,,1489,True,Distance,535,975,1022.5,M,False,3,2026-03-07,2026-03-07,False,61.27,,640.6,,466,
54670,124569,159,706,,,,,,,,17,,16:05.67,,,,,1489,True,Distance,624,1039,1143.5,M,False,3,2026-03-07,2026-03-07,False,64.14,,724.67,,541,
54671,124571,159,714,,,,,,,,17,,16:59.74,,,,,1489,True,Distance,490,942,961.0,M,False,3,2026-03-07,2026-03-07,False,60.21,,646.45,,447,
54672,124573,159,674,,,,,,,,17,,17:22.55,,,,,1489,True,Distance,438,903,889.5,M,False,3,2026-03-07,2026-03-07,False,58.68,,615.89,,410,
54673,124575,159,16118,,,,,,,,17,,17:36.55,,,,,1489,True,Distance,408,879,847.5,M,False,3,2026-03-07,2026-03-07,False,57.78,,597.79,,388,
54674,124577,159,5565,,,,,,,,17,,18:19.74,,,,,1489,True,Distance,321,808,725.0,M,False,3,2026-03-07,2026-03-07,False,55.14,,544.84,,324,
54676,124581,159,676,,,,,,,,20,,10:21.25,,,,,1489,True,Distance,398,867,831.5,M,False,3,2026-03-07,2026-03-07,False,56.58,,567.31,,553,
54677,124583,159,27009,,,,,,,,20,,11:27.41,,,,,1489,True,Distance,193,680,533.0,M,False,3,2026-03-07,2026-03-07,False,50.44,,438.39,,405,
54678,124585,159,16120,,,,,,,,20,,11:39.22,,,,,1489,True,Distance,164,649,488.5,M,False,3,2026-03-07,2026-03-07,False,49.47,,417.94,,381,
54679,124587,159,27911,,,,,,,,20,,12:38.51,,,,,1489,True,Distance,55,504,307.0,M,False,3,2026-03-07,2026-03-07,False,45.09,,324.91,,274,
54689,124496,10,28360,,,,,,,,17,,16:04.38,,,,,1488,True,Distance,628,1042,1149.0,M,False,3,2026-03-06,2026-03-07,False,64.24,,726.64,,544,
54690,124498,10,28782,,,,,,,,17,,18:11.90,,,,,1488,True,Distance,336,821,746.5,M,False,3,2026-03-06,2026-03-07,False,55.61,,554.14,,335,
54691,124500,10,2311,,,,,,,,17,,19:59.49,,,,,1488,True,Distance,160,655,487.5,M,False,3,2026-03-06,2026-03-07,False,49.83,,437.12,,194,
54694,126576,96,27744,,,,,,,,11,,4:07.78,,,,,1516,True,Distance,765,1144,1337.0,M,False,3,2026-03-28,2026-03-28,False,67.6,,772.86,,627,
54762,124553,159,4711,,,,,,,,9,,2:05.55,,,,,1489,True,Distance,630,1065,1162.5,M,False,3,2026-03-07,2026-03-07,False,67.81,,687.72,,554,
54763,124555,159,2176,,,,,,,,9,,2:07.40,,,,,1489,True,Distance,590,1033,1106.5,M,False,3,2026-03-07,2026-03-07,False,66.65,,664.73,,526,
54764,124557,159,20431,,,,,,,,9,,2:10.20,,,,,1489,True,Distance,531,987,1024.5,M,False,3,2026-03-07,2026-03-07,False,64.98,,631.18,,485,
54765,124559,159,16133,,,,,,,,9,,2:17.74,,,,,1489,True,Distance,387,866,820.0,M,False,3,2026-03-07,2026-03-07,False,60.85,,547.61,,383,
54766,124560,159,31107,,,,,,,,9,,2:20.37,,,,,1489,True,Distance,342,826,755.0,M,False,3,2026-03-07,2026-03-07,False,59.52,,520.57,,350,
54767,124562,159,25491,,,,,,,,9,,2:50.60,,,,,1489,True,Distance,25,433,241.5,M,False,3,2026-03-07,2026-03-07,False,47.53,,269.66,,45,
54768,124564,159,714,,,,,,,,11,,4:21.55,,,,,1489,True,Distance,619,1038,1138.0,M,False,3,2026-03-07,2026-03-07,False,63.57,,688.91,,525,
54769,124566,159,20431,,,,,,,,11,,4:28.45,,,,,1489,True,Distance,552,988,1046.0,M,False,3,2026-03-07,2026-03-07,False,61.72,,650.08,,477,
54770,124568,159,18319,,,,,,,,11,,4:43.08,,,,,1489,True,Distance,422,884,864.0,M,False,3,2026-03-07,2026-03-07,False,58.13,,574.02,,385,
54771,124570,159,16117,,,,,,,,17,,16:32.31,,,,,1489,True,Distance,556,991,1051.5,M,False,3,2026-03-07,2026-03-07,False,62.15,,685.07,,493,
54772,124572,159,27009,,,,,,,,17,,17:21.37,,,,,1489,True,Distance,441,905,893.5,M,False,3,2026-03-07,2026-03-07,False,58.76,,617.44,,412,
54773,124574,159,18319,,,,,,,,17,,17:35.94,,,,,1489,True,Distance,409,880,849.0,M,False,3,2026-03-07,2026-03-07,False,57.82,,598.57,,389,
54775,124580,159,674,,,,,,,,20,,10:21.11,,,,,1489,True,Distance,398,867,831.5,M,False,3,2026-03-07,2026-03-07,False,56.59,,567.62,,553,
54776,124582,159,705,,,,,,,,20,,10:39.40,,,,,1489,True,Distance,334,813,740.5,M,False,3,2026-03-07,2026-03-07,False,54.76,,529.29,,509,
54777,124584,159,25630,,,,,,,,20,,11:29.89,,,,,1489,True,Distance,187,673,523.5,M,False,3,2026-03-07,2026-03-07,False,50.24,,434.04,,400,
54778,124586,159,761,,,,,,,,20,,12:02.93,,,,,1489,True,Distance,114,589,408.5,M,False,3,2026-03-07,2026-03-07,False,47.63,,378.91,,337,
54782,126578,96,26020,,,,,,,,11,,4:25.56,,,,,1516,True,Distance,579,1009,1083.5,M,False,3,2026-03-28,2026-03-28,False,62.48,,666.1,,497,
54783,126583,122,27094,,,,,,,,11,,4:50.96,,,,,1516,True,Distance,359,831,774.5,M,False,3,2026-03-28,2026-03-28,False,56.36,,536.22,,339,
54787,126603,122,24711,,,,,,,,9,,2:07.19,,,,,1516,True,Distance,594,1037,1112.5,M,False,3,2026-03-28,2026-03-28,False,66.78,,667.3,,529,
54792,126624,122,18915,,,,,,,,17,,15:53.63,,,,,1516,True,Distance,657,1061,1187.5,M,False,3,2026-03-28,2026-03-28,False,65.08,,743.3,,564,
54793,126628,96,8001,,,,,,,,17,,17:55.29,,,,,1516,True,Distance,369,848,793.0,M,False,3,2026-03-28,2026-03-28,False,56.61,,574.29,,360,
54801,126645,162,24676,,,,,,,,9,,2:09.49,,,,,1517,True,Distance,545,998,1044.0,M,False,3,2026-03-27,2026-03-28,False,65.4,,639.55,,495,
54804,124576,159,16147,,,,,,,,17,,18:06.13,,,,,1489,True,Distance,347,830,762.0,M,False,3,2026-03-07,2026-03-07,False,55.95,,561.07,,344,
54849,126579,96,367,,,,,,,,11,,4:33.36,,,,,1516,True,Distance,506,952,982.0,M,False,3,2026-03-28,2026-03-28,False,60.47,,623.65,,445,
54850,126582,122,2803,,,,,,,,11,,4:42.55,,,,,1516,True,Distance,426,888,870.0,M,False,3,2026-03-28,2026-03-28,False,58.26,,576.64,,388,
54853,126600,122,27079,,,,,,,,9,,1:59.76,,,,,1516,True,Distance,766,1166,1349.0,M,False,3,2026-03-28,2026-03-28,False,71.68,,764.26,,647,
54854,126604,96,26020,,,,,,,,9,,2:07.34,,,,,1516,True,Distance,591,1034,1108.0,M,False,3,2026-03-28,2026-03-28,False,66.69,,665.46,,527,
54859,126623,122,27078,,,,,,,,17,,15:37.38,,,,,1516,True,Distance,701,1092,1247.0,M,False,3,2026-03-28,2026-03-28,False,66.39,,769.19,,595,
54860,126629,96,26934,,,,,,,,17,,18:51.30,,,,,1516,True,Distance,264,758,643.0,M,False,3,2026-03-28,2026-03-28,False,53.36,,508.7,,281,
54912,126580,96,368,,,,,,,,11,,4:35.40,,,,,1516,True,Distance,488,938,957.0,M,False,3,2026-03-28,2026-03-28,False,59.97,,612.94,,432,
54916,126601,96,1552,,,,,,,,9,,2:00.24,,,,,1516,True,Distance,754,1158,1333.0,M,False,3,2026-03-28,2026-03-28,False,71.35,,757.63,,639,
54921,126622,122,1715,,,,,,,,17,,15:28.24,,,,,1516,True,Distance,727,1109,1281.5,M,False,3,2026-03-28,2026-03-28,False,67.15,,784.15,,613,
54922,126626,96,27745,,,,,,,,17,,17:39.29,,,,,1516,True,Distance,402,875,839.5,M,False,3,2026-03-28,2026-03-28,False,57.6,,594.3,,384,
55020,124655,158,21482,,,,,,,,9,,2:18.14,,,,,1489,True,Distance,380,860,810.0,M,False,3,2026-03-07,2026-03-07,False,60.64,,543.43,,378,
55021,124657,158,30055,,,,,,,,9,,2:21.26,,,,,1489,True,Distance,328,813,734.5,M,False,3,2026-03-07,2026-03-07,False,59.09,,511.65,,339,
55022,124659,158,2474,,,,,,,,9,,2:22.57,,,,,1489,True,Distance,307,793,703.5,M,False,3,2026-03-07,2026-03-07,False,58.46,,498.72,,324,
55023,124661,158,27914,,,,,,,,9,,2:24.76,,,,,1489,True,Distance,274,761,654.5,M,False,3,2026-03-07,2026-03-07,False,57.43,,477.63,,298,
55024,124663,158,16132,,,,,,,,9,,2:33.09,,,,,1489,True,Distance,165,646,488.0,M,False,3,2026-03-07,2026-03-07,False,53.84,,402.92,,207,
55025,124665,158,2456,,,,,,,,11,,4:25.16,,,,,1489,True,Distance,583,1012,1089.0,M,False,3,2026-03-07,2026-03-07,False,62.59,,668.34,,500,
55026,124667,158,30007,,,,,,,,11,,4:35.22,,,,,1489,True,Distance,489,939,958.5,M,False,3,2026-03-07,2026-03-07,False,60.01,,613.88,,433,
55112,124651,158,30007,,,,,,,,9,,2:11.35,,,,,1489,True,Distance,507,968,991.0,M,False,3,2026-03-07,2026-03-07,False,64.31,,617.81,,469,
55113,124653,158,2456,,,,,,,,9,,2:13.99,,,,,1489,True,Distance,456,925,918.5,M,False,3,2026-03-07,2026-03-07,False,62.84,,588.0,,433,
55121,124650,158,2899,,,,,,,,9,,2:05.56,,,,,1489,True,Distance,630,1065,1162.5,M,False,3,2026-03-07,2026-03-07,False,67.8,,687.59,,554,
55122,124652,158,3677,,,,,,,,9,,2:12.62,,,,,1489,True,Distance,482,947,955.5,M,False,3,2026-03-07,2026-03-07,False,63.59,,603.32,,451,
55123,124654,158,24594,,,,,,,,9,,2:16.62,,,,,1489,True,Distance,407,884,849.0,M,False,3,2026-03-07,2026-03-07,False,61.43,,559.44,,398,
55124,124656,158,16123,,,,,,,,9,,2:19.76,,,,,1489,True,Distance,353,835,770.5,M,False,3,2026-03-07,2026-03-07,False,59.83,,526.75,,358,
55125,124658,158,30988,,,,,,,,9,,2:21.49,,,,,1489,True,Distance,324,809,728.5,M,False,3,2026-03-07,2026-03-07,False,58.98,,509.37,,337,
55126,124660,158,29211,,,,,,,,9,,2:24.18,,,,,1489,True,Distance,283,770,668.0,M,False,3,2026-03-07,2026-03-07,False,57.7,,483.16,,305,
55127,124662,158,2469,,,,,,,,9,,2:27.45,,,,,1489,True,Distance,236,723,597.5,M,False,3,2026-03-07,2026-03-07,False,56.22,,452.58,,267,
55128,124664,158,2896,,,,,,,,11,,4:03.87,,,,,1489,True,Distance,809,1175,1396.5,M,False,3,2026-03-07,2026-03-07,False,68.83,,798.42,,658,
55129,124666,158,2463,,,,,,,,11,,4:29.13,,,,,1489,True,Distance,545,983,1036.5,M,False,3,2026-03-07,2026-03-07,False,61.55,,646.36,,473,
55130,124668,158,16114,,,,,,,,11,,4:38.31,,,,,1489,True,Distance,462,917,920.5,M,False,3,2026-03-07,2026-03-07,False,59.26,,597.94,,414,
55131,124670,158,24594,,,,,,,,11,,4:48.11,,,,,1489,True,Distance,381,850,806.0,M,False,3,2026-03-07,2026-03-07,False,56.99,,549.65,,355,
55132,124672,158,27914,,,,,,,,11,,4:52.13,,,,,1489,True,Distance,350,823,761.5,M,False,3,2026-03-07,2026-03-07,False,56.11,,530.78,,332,
55133,124674,158,2469,,,,,,,,11,,4:53.67,,,,,1489,True,Distance,339,813,745.5,M,False,3,2026-03-07,2026-03-07,False,55.78,,523.69,,323,
55134,124676,158,30055,,,,,,,,11,,4:55.15,,,,,1489,True,Distance,328,803,729.5,M,False,3,2026-03-07,2026-03-07,False,55.46,,516.94,,315,
55135,124678,158,16141,,,,,,,,11,,5:09.48,,,,,1489,True,Distance,231,712,587.0,M,False,3,2026-03-07,2026-03-07,False,52.59,,454.96,,239,
55136,124679,158,31110,,,,,,,,11,,5:51.30,,,,,1489,True,Distance,46,477,284.5,M,False,3,2026-03-07,2026-03-07,False,45.62,,302.98,,54,
55137,124681,158,27203,,,,,,,,17,,16:53.23,,,,,1489,True,Distance,505,954,982.0,M,False,3,2026-03-07,2026-03-07,False,60.66,,655.43,,458,
55138,124683,158,2470,,,,,,,,17,,18:45.12,,,,,1489,True,Distance,275,767,658.5,M,False,3,2026-03-07,2026-03-07,False,53.7,,515.62,,289,
55139,124685,158,16141,,,,,,,,17,,19:26.65,,,,,1489,True,Distance,207,703,558.5,M,False,3,2026-03-07,2026-03-07,False,51.47,,470.55,,235,
55140,124687,158,16123,,,,,,,,20,,11:46.33,,,,,1489,True,Distance,148,631,463.5,M,False,3,2026-03-07,2026-03-07,False,48.91,,405.96,,368,
55147,124669,158,2897,,,,,,,,11,,4:43.32,,,,,1489,True,Distance,420,882,861.0,M,False,3,2026-03-07,2026-03-07,False,58.08,,572.84,,383,
55148,124671,158,4339,,,,,,,,11,,4:49.47,,,,,1489,True,Distance,370,840,790.0,M,False,3,2026-03-07,2026-03-07,False,56.69,,543.21,,347,
55199,124673,158,21482,,,,,,,,11,,4:52.41,,,,,1489,True,Distance,348,821,758.5,M,False,3,2026-03-07,2026-03-07,False,56.05,,529.48,,330,
55200,124675,158,29211,,,,,,,,11,,4:54.13,,,,,1489,True,Distance,335,809,739.5,M,False,3,2026-03-07,2026-03-07,False,55.68,,521.58,,321,
55201,124677,158,16132,,,,,,,,11,,5:00.21,,,,,1489,True,Distance,292,770,677.0,M,False,3,2026-03-07,2026-03-07,False,54.41,,494.38,,287,
55202,124680,158,2438,,,,,,,,17,,15:24.34,,,,,1489,True,Distance,738,1116,1296.0,M,False,3,2026-03-07,2026-03-07,False,67.48,,790.63,,621,
55203,124682,158,2900,,,,,,,,17,,18:39.55,,,,,1489,True,Distance,285,776,673.0,M,False,3,2026-03-07,2026-03-07,False,54.01,,521.92,,297,
55204,124684,158,27209,,,,,,,,17,,18:56.70,,,,,1489,True,Distance,255,749,629.5,M,False,3,2026-03-07,2026-03-07,False,53.06,,502.72,,273,
55205,124686,158,2474,,,,,,,,20,,11:29.90,,,,,1489,True,Distance,187,673,523.5,M,False,3,2026-03-07,2026-03-07,False,50.24,,434.02,,400,
55215,126581,96,26932,,,,,,,,11,,4:36.75,,,,,1516,True,Distance,476,928,940.0,M,False,3,2026-03-28,2026-03-28,False,59.64,,605.94,,424,
55219,126602,96,27744,,,,,,,,9,,2:00.42,,,,,1516,True,Distance,750,1155,1327.5,M,False,3,2026-03-28,2026-03-28,False,71.22,,755.16,,636,
55220,126605,96,367,,,,,,,,9,,2:10.17,,,,,1516,True,Distance,531,987,1024.5,M,False,3,2026-03-28,2026-03-28,False,65.0,,631.53,,486,
55225,126625,96,368,,,,,,,,17,,17:19.44,,,,,1516,True,Distance,445,908,899.0,M,False,3,2026-03-28,2026-03-28,False,58.88,,619.98,,415,
55226,126627,96,31356,,,,,,,,17,,17:39.76,,,,,1516,True,Distance,401,874,838.0,M,False,3,2026-03-28,2026-03-28,False,57.57,,593.7,,383,
55272,126647,162,30985,,,,,,,,9,,2:11.66,,,,,1517,True,Distance,501,963,982.5,M,False,3,2026-03-27,2026-03-28,False,64.14,,614.25,,465,
55273,126649,162,27501,,,,,,,,9,,2:14.23,,,,,1517,True,Distance,451,921,911.5,M,False,3,2026-03-27,2026-03-28,False,62.7,,585.34,,429,
55275,126657,162,3790,,,,,,,,11,,4:33.72,,,,,1517,True,Distance,503,950,978.0,M,False,3,2026-03-27,2026-03-28,False,60.38,,621.74,,443,
55276,126659,162,27499,,,,,,,,11,,4:41.27,,,,,1517,True,Distance,437,896,885.0,M,False,3,2026-03-27,2026-03-28,False,58.56,,583.0,,396,
55277,126661,162,30985,,,,,,,,11,,4:47.68,,,,,1517,True,Distance,385,853,811.5,M,False,3,2026-03-27,2026-03-28,False,57.09,,551.7,,357,
55279,126669,162,31358,,,,,,,,20,,11:48.55,,,,,1517,True,Distance,143,625,455.5,M,False,3,2026-03-27,2026-03-28,False,48.73,,402.27,,363,
55280,126671,162,1266,,,,,,,,17,,17:40.86,,,,,1517,True,Distance,399,872,835.0,M,False,3,2026-03-27,2026-03-28,False,57.5,,592.31,,382,
55281,126673,162,19496,,,,,,,,17,,18:38.13,,,,,1517,True,Distance,287,778,676.0,M,False,3,2026-03-27,2026-03-28,False,54.09,,523.53,,299,
55293,126646,162,1704,,,,,,,,9,,2:10.12,,,,,1517,True,Distance,532,988,1026.0,M,False,3,2026-03-27,2026-03-28,False,65.02,,632.12,,486,
55294,126648,162,27491,,,,,,,,9,,2:13.67,,,,,1517,True,Distance,462,930,927.0,M,False,3,2026-03-27,2026-03-28,False,63.01,,591.55,,437,
55295,126650,162,27499,,,,,,,,9,,2:17.88,,,,,1517,True,Distance,385,864,817.0,M,False,3,2026-03-27,2026-03-28,False,60.77,,546.15,,382,
55298,126656,162,27485,,,,,,,,11,,4:19.26,,,,,1517,True,Distance,642,1056,1170.0,M,False,3,2026-03-27,2026-03-28,False,64.21,,702.25,,541,
55299,126658,162,1704,,,,,,,,11,,4:37.98,,,,,1517,True,Distance,465,919,924.5,M,False,3,2026-03-27,2026-03-28,False,59.34,,599.62,,416,
55300,126662,162,1266,,,,,,,,11,,4:47.94,,,,,1517,True,Distance,382,851,807.5,M,False,3,2026-03-27,2026-03-28,False,57.03,,550.46,,356,
55303,126651,162,1288,,,,,,,,9,,2:24.07,,,,,1517,True,Distance,284,771,669.5,M,False,3,2026-03-27,2026-03-28,False,57.75,,484.21,,306,
55304,126668,162,1288,,,,,,,,20,,11:18.92,,,,,1517,True,Distance,215,703,566.5,M,False,3,2026-03-27,2026-03-28,False,51.16,,453.53,,422,
55305,126660,162,1288,,,,,,,,11,,4:41.37,,,,,1517,True,Distance,436,896,884.0,M,False,3,2026-03-27,2026-03-28,False,58.53,,582.5,,395,
55814,126667,162,3169,,,,,,,,20,,10:05.04,,,,,1517,True,Distance,459,916,917.0,M,False,3,2026-03-27,2026-03-28,False,58.3,,603.2,,594,
55815,126670,162,1179,,,,,,,,17,,16:55.26,,,,,1517,True,Distance,501,950,976.0,M,False,3,2026-03-27,2026-03-28,False,60.52,,652.62,,454,
55816,126672,162,3787,,,,,,,,17,,18:37.57,,,,,1517,True,Distance,288,779,677.5,M,False,3,2026-03-27,2026-03-28,False,54.12,,524.17,,299,
57374,126779,117,8038,,,,,,,,17,,15:06.90,,,,,1518,True,Distance,789,1150,1364.0,M,False,3,2026-03-28,2026-03-28,False,68.98,,820.27,,657,
57375,126781,117,8058,,,,,,,,17,,16:46.50,,,,,1518,True,Distance,522,966,1005.0,M,False,3,2026-03-28,2026-03-28,False,61.13,,664.83,,469,
57376,126783,117,8060,,,,,,,,17,,17:03.24,,,,,1518,True,Distance,482,936,950.0,M,False,3,2026-03-28,2026-03-28,False,59.97,,641.68,,441,
57377,126785,117,27574,,,,,,,,17,,18:58.22,,,,,1518,True,Distance,252,747,625.5,M,False,3,2026-03-28,2026-03-28,False,52.98,,501.05,,271,
57426,126992,61,2289,,,,,,,,9,,2:20.80,,,,,1520,True,Distance,335,820,745.0,M,False,3,2026-03-28,2026-03-28,False,59.31,,516.25,,345,
57427,126994,61,28411,,,,,,,,11,,4:29.99,,,,,1520,True,Distance,537,976,1025.0,M,False,3,2026-03-28,2026-03-28,False,61.32,,641.69,,467,
57428,126997,61,382,,,,,,,,17,,15:35.23,,,,,1520,True,Distance,707,1096,1255.0,M,False,3,2026-03-28,2026-03-28,False,66.57,,772.68,,599,
57429,126999,61,1657,,,,,,,,17,,15:43.93,,,,,1520,True,Distance,683,1079,1222.5,M,False,3,2026-03-28,2026-03-28,False,65.86,,758.65,,582,
57430,127001,61,1656,,,,,,,,17,,16:31.93,,,,,1520,True,Distance,557,992,1053.0,M,False,3,2026-03-28,2026-03-28,False,62.17,,685.62,,494,
57431,127002,61,31375,,,,,,,,17,,18:23.82,,,,,1520,True,Distance,313,801,713.5,M,False,3,2026-03-28,2026-03-28,False,54.91,,540.05,,318,
57920,125264,75,31171,,,,,,,,9,,1:54.35,,,,,1491,True,Distance,905,1265,1537.5,M,False,3,2026-03-07,2026-03-07,False,75.71,,842.78,,743,
57921,125266,75,1525,,,,,,,,9,,2:01.36,,,,,1491,True,Distance,727,1138,1296.0,M,False,3,2026-03-07,2026-03-07,False,70.57,,742.37,,621,
57923,126829,43,31366,,,,,,,,9,,2:09.37,,,,,1518,True,Distance,548,1000,1048.0,M,False,3,2026-03-28,2026-03-28,False,65.47,,640.97,,497,
57924,126833,43,27584,,,,,,,,9,,2:27.06,,,,,1518,True,Distance,241,728,605.0,M,False,3,2026-03-28,2026-03-28,False,56.39,,456.16,,272,
57925,126837,43,20468,,,,,,,,11,,4:56.16,,,,,1518,True,Distance,320,796,718.0,M,False,3,2026-03-28,2026-03-28,False,55.25,,512.38,,309,
57926,126845,43,30415,,,,,,,,17,,17:06.38,,,,,1518,True,Distance,475,931,940.5,M,False,3,2026-03-28,2026-03-28,False,59.76,,637.42,,436,
57936,125265,75,6193,,,,,,,,9,,2:01.20,,,,,1491,True,Distance,731,1141,1301.5,M,False,3,2026-03-07,2026-03-07,False,70.68,,744.54,,623,
57937,125267,75,2561,,,,,,,,9,,2:04.20,,,,,1491,True,Distance,661,1088,1205.0,M,False,3,2026-03-07,2026-03-07,False,68.67,,704.92,,575,
57940,126847,43,20477,,,,,,,,17,,18:58.86,,,,,1518,True,Distance,251,746,624.0,M,False,3,2026-03-28,2026-03-28,False,52.94,,500.34,,271,
57994,125268,75,6193,,,,,,,,11,,4:03.65,,,,,1491,True,Distance,812,1176,1400.0,M,False,3,2026-03-07,2026-03-07,False,68.9,,799.89,,660,
57995,125270,75,4573,,,,,,,,11,,4:33.92,,,,,1491,True,Distance,501,948,975.0,M,False,3,2026-03-07,2026-03-07,False,60.33,,620.69,,442,
57996,125272,75,18742,,,,,,,,17,,15:30.12,,,,,1491,True,Distance,722,1105,1274.5,M,False,3,2026-03-07,2026-03-07,False,66.99,,781.05,,609,
57997,125274,75,27372,,,,,,,,17,,15:56.68,,,,,1491,True,Distance,648,1056,1176.0,M,False,3,2026-03-07,2026-03-07,False,64.84,,738.53,,558,
57998,125276,75,2582,,,,,,,,17,,16:19.26,,,,,1491,True,Distance,589,1014,1096.0,M,False,3,2026-03-07,2026-03-07,False,63.11,,704.2,,516,
57999,125278,75,27385,,,,,,,,17,,17:07.26,,,,,1491,True,Distance,473,929,937.5,M,False,3,2026-03-07,2026-03-07,False,59.7,,636.23,,434,
58116,125269,75,1562,,,,,,,,11,,4:26.04,,,,,1491,True,Distance,575,1005,1077.5,M,False,3,2026-03-07,2026-03-07,False,62.36,,663.41,,494,
58117,125271,75,7724,,,,,,,,11,,5:17.77,,,,,1491,True,Distance,183,661,513.5,M,False,3,2026-03-07,2026-03-07,False,51.05,,421.65,,199,
58118,125275,75,7726,,,,,,,,17,,16:19.18,,,,,1491,True,Distance,589,1015,1096.5,M,False,3,2026-03-07,2026-03-07,False,63.11,,704.32,,517,
58119,125277,75,7724,,,,,,,,17,,16:47.26,,,,,1491,True,Distance,520,964,1002.0,M,False,3,2026-03-07,2026-03-07,False,61.08,,663.76,,468,
58120,125279,75,7725,,,,,,,,17,,17:20.85,,,,,1491,True,Distance,442,906,895.0,M,False,3,2026-03-07,2026-03-07,False,58.79,,618.12,,413,
58124,126726,117,27555,,,,,,,,9,,2:00.79,,,,,1518,True,Distance,741,1148,1315.0,M,False,3,2026-03-28,2026-03-28,False,70.96,,750.1,,630,
58125,126728,117,27569,,,,,,,,9,,2:07.88,,,,,1518,True,Distance,579,1025,1091.5,M,False,3,2026-03-28,2026-03-28,False,66.36,,658.87,,519,
58126,126730,117,24692,,,,,,,,9,,2:12.93,,,,,1518,True,Distance,476,942,947.0,M,False,3,2026-03-28,2026-03-28,False,63.42,,599.83,,447,
58127,126732,117,45,,,,,,,,9,,2:14.09,,,,,1518,True,Distance,454,924,916.0,M,False,3,2026-03-28,2026-03-28,False,62.78,,586.89,,431,
58128,126734,117,27572,,,,,,,,9,,2:14.77,,,,,1518,True,Distance,441,913,897.5,M,False,3,2026-03-28,2026-03-28,False,62.41,,579.41,,422,
58129,126736,117,2037,,,,,,,,9,,2:17.78,,,,,1518,True,Distance,386,866,819.0,M,False,3,2026-03-28,2026-03-28,False,60.83,,547.19,,383,
58134,126748,117,8038,,,,,,,,11,,3:58.36,,,,,1518,True,Distance,874,1219,1483.5,M,False,3,2026-03-28,2026-03-28,False,70.65,,835.87,,704,
58135,126750,117,27555,,,,,,,,11,,4:08.81,,,,,1518,True,Distance,754,1136,1322.0,M,False,3,2026-03-28,2026-03-28,False,67.28,,766.26,,619,
58136,126752,117,8068,,,,,,,,11,,4:32.48,,,,,1518,True,Distance,514,958,993.0,M,False,3,2026-03-28,2026-03-28,False,60.69,,628.31,,451,
58137,126754,117,38,,,,,,,,11,,4:40.29,,,,,1518,True,Distance,445,903,896.5,M,False,3,2026-03-28,2026-03-28,False,58.79,,587.91,,402,
58138,126756,117,161,,,,,,,,11,,4:44.35,,,,,1518,True,Distance,411,875,848.5,M,False,3,2026-03-28,2026-03-28,False,57.84,,567.78,,377,
58139,126760,117,27574,,,,,,,,11,,5:03.30,,,,,1518,True,Distance,271,750,646.0,M,False,3,2026-03-28,2026-03-28,False,53.79,,480.97,,271,
58140,126763,117,60,,,,,,,,11,,5:52.25,,,,,1518,True,Distance,43,472,279.0,M,False,3,2026-03-28,2026-03-28,False,45.49,,299.95,,50,
58144,126771,117,161,,,,,,,,20,,10:56.93,,,,,1518,True,Distance,278,763,659.5,M,False,3,2026-03-28,2026-03-28,False,53.11,,494.56,,469,
58145,126773,117,2037,,,,,,,,20,,12:05.47,,,,,1518,True,Distance,109,583,400.5,M,False,3,2026-03-28,2026-03-28,False,47.44,,374.88,,332,
58161,125273,75,1534,,,,,,,,17,,15:55.94,,,,,1491,True,Distance,650,1057,1178.5,M,False,3,2026-03-07,2026-03-07,False,64.9,,739.69,,559,
58163,126738,117,195,,,,,,,,9,,2:36.15,,,,,1518,True,Distance,132,605,434.5,M,False,3,2026-03-28,2026-03-28,False,52.62,,377.48,,176,
58164,126758,117,195,,,,,,,,11,,4:47.40,,,,,1518,True,Distance,387,854,814.0,M,False,3,2026-03-28,2026-03-28,False,57.15,,553.04,,359,
58167,125284,17,28420,,,,,,,,17,,17:53.47,,,,,1492,True,Distance,373,851,798.5,M,False,3,2026-03-06,2026-03-07,False,56.72,,576.54,,362,
58171,126725,117,135,,,,,,,,9,,1:58.68,,,,,1518,True,Distance,793,1186,1386.0,M,False,3,2026-03-28,2026-03-28,False,72.45,,779.36,,666,
58172,126727,117,27548,,,,,,,,9,,2:07.12,,,,,1518,True,Distance,596,1038,1115.0,M,False,3,2026-03-28,2026-03-28,False,66.83,,668.16,,530,
58173,126729,117,23472,,,,,,,,9,,2:10.26,,,,,1518,True,Distance,529,986,1022.0,M,False,3,2026-03-28,2026-03-28,False,64.94,,630.47,,484,
58174,126731,117,28296,,,,,,,,9,,2:13.40,,,,,1518,True,Distance,467,935,934.5,M,False,3,2026-03-28,2026-03-28,False,63.16,,594.56,,441,
58175,126733,117,161,,,,,,,,9,,2:14.15,,,,,1518,True,Distance,453,923,914.5,M,False,3,2026-03-28,2026-03-28,False,62.75,,586.23,,430,
58176,126735,117,15,,,,,,,,9,,2:16.75,,,,,1518,True,Distance,405,882,846.0,M,False,3,2026-03-28,2026-03-28,False,61.36,,558.06,,396,
58177,126737,117,24700,,,,,,,,9,,2:23.75,,,,,1518,True,Distance,289,776,677.0,M,False,3,2026-03-28,2026-03-28,False,57.9,,487.28,,310,
58178,126739,117,2030,,,,,,,,9,,2:49.01,,,,,1518,True,Distance,33,451,258.5,M,False,3,2026-03-28,2026-03-28,False,48.05,,280.63,,58,
58182,126747,117,135,,,,,,,,11,,3:57.39,,,,,1518,True,Distance,885,1226,1498.0,M,False,3,2026-03-28,2026-03-28,False,70.98,,842.65,,712,
58183,126749,117,23472,,,,,,,,11,,4:03.48,,,,,1518,True,Distance,814,1178,1403.0,M,False,3,2026-03-28,2026-03-28,False,68.96,,801.02,,662,
58184,126751,117,27548,,,,,,,,11,,4:13.85,,,,,1518,True,Distance,699,1097,1247.5,M,False,3,2026-03-28,2026-03-28,False,65.76,,734.73,,581,
58185,126753,117,31,,,,,,,,11,,4:33.17,,,,,1518,True,Distance,508,953,984.5,M,False,3,2026-03-28,2026-03-28,False,60.52,,624.65,,446,
58186,126755,117,27572,,,,,,,,11,,4:41.20,,,,,1518,True,Distance,438,897,886.5,M,False,3,2026-03-28,2026-03-28,False,58.57,,583.35,,396,
58187,126757,117,28296,,,,,,,,11,,4:44.43,,,,,1518,True,Distance,411,875,848.5,M,False,3,2026-03-28,2026-03-28,False,57.82,,567.39,,377,
58188,126759,117,24700,,,,,,,,11,,4:57.37,,,,,1518,True,Distance,312,788,706.0,M,False,3,2026-03-28,2026-03-28,False,55.0,,506.95,,303,
58189,126761,117,45,,,,,,,,11,,5:11.82,,,,,1518,True,Distance,217,697,565.5,M,False,3,2026-03-28,2026-03-28,False,52.14,,445.38,,228,
58190,126762,117,31361,,,,,,,,11,,5:31.81,,,,,1518,True,Distance,114,580,404.0,M,False,3,2026-03-28,2026-03-28,False,48.64,,369.04,,135,
58194,126770,117,30434,,,,,,,,20,,10:39.25,,,,,1518,True,Distance,335,814,742.0,M,False,3,2026-03-28,2026-03-28,False,54.78,,529.6,,510,
58195,126772,117,15,,,,,,,,20,,11:34.70,,,,,1518,True,Distance,175,661,505.5,M,False,3,2026-03-28,2026-03-28,False,49.84,,425.69,,390,
58196,126774,117,3993,,,,,,,,20,,13:15.19,,,,,1518,True,Distance,16,424,228.0,M,False,3,2026-03-28,2026-03-28,False,42.71,,274.3,,216,
58199,126780,117,153,,,,,,,,17,,16:41.05,,,,,1518,True,Distance,535,975,1022.5,M,False,3,2026-03-28,2026-03-28,False,61.52,,672.54,,478,
58200,126782,117,8064,,,,,,,,17,,16:57.88,,,,,1518,True,Distance,494,946,967.0,M,False,3,2026-03-28,2026-03-28,False,60.34,,649.01,,450,
58201,126784,117,142,,,,,,,,17,,17:16.06,,,,,1518,True,Distance,453,914,910.0,M,False,3,2026-03-28,2026-03-28,False,59.11,,624.45,,420,
58218,126830,43,27573,,,,,,,,9,,2:11.18,,,,,1518,True,Distance,511,971,996.5,M,False,3,2026-03-28,2026-03-28,False,64.41,,619.77,,471,
58220,126838,43,27584,,,,,,,,11,,5:05.24,,,,,1518,True,Distance,258,738,627.0,M,False,3,2026-03-28,2026-03-28,False,53.41,,472.69,,261,
58222,126846,43,26,,,,,,,,17,,18:46.84,,,,,1518,True,Distance,272,765,654.5,M,False,3,2026-03-28,2026-03-28,False,53.6,,513.68,,287,
58224,126828,43,20472,,,,,,,,9,,2:02.91,,,,,1518,True,Distance,691,1111,1246.5,M,False,3,2026-03-28,2026-03-28,False,69.52,,721.72,,596,
58225,126832,43,4865,,,,,,,,9,,2:16.18,,,,,1518,True,Distance,415,891,860.5,M,False,3,2026-03-28,2026-03-28,False,61.66,,564.14,,403,
58256,126840,43,49,,,,,,,,11,,5:27.24,,,,,1518,True,Distance,135,606,438.0,M,False,3,2026-03-28,2026-03-28,False,49.4,,385.67,,155,
58820,129033,117,8038,,,,,,,,11,,3:52.03,,,,,1536,True,Distance,951,1270,1586.0,M,False,3,2026-04-11,2026-04-12,True,72.86,,881.09,,759,
58821,129035,117,135,,,,,,,,11,,3:54.43,,,,,1536,True,Distance,921,1251,1546.5,M,False,3,2026-04-11,2026-04-12,True,72.01,,863.66,,738,
58822,129037,122,1715,,,,,,,,11,,3:56.92,,,,,1536,True,Distance,891,1230,1506.0,M,False,3,2026-04-11,2026-04-12,True,71.14,,845.95,,716,
58823,129039,124,5500,,,,,,,,11,,3:57.43,,,,,1536,True,Distance,885,1226,1498.0,M,False,3,2026-04-11,2026-04-12,True,70.97,,842.37,,712,
58824,129041,167,666,,,,,,,,11,,3:58.80,,,,,1536,True,Distance,868,1215,1475.5,M,False,3,2026-04-11,2026-04-12,True,70.5,,832.82,,700,
58825,129043,164,18979,,,,,,,,11,,4:00.20,,,,,1536,True,Distance,852,1204,1454.0,M,False,3,2026-04-11,2026-04-12,True,70.03,,823.18,,689,
58826,129045,49,2258,,,,,,,,11,,4:00.61,,,,,1536,True,Distance,847,1201,1447.5,M,False,3,2026-04-11,2026-04-12,True,69.9,,820.37,,685,
58827,129047,124,2003,,,,,,,,11,,4:00.94,,,,,1536,True,Distance,843,1198,1442.0,M,False,3,2026-04-11,2026-04-12,True,69.79,,818.12,,682,
58828,129049,159,705,,,,,,,,11,,4:02.04,,,,,1536,True,Distance,830,1189,1424.5,M,False,3,2026-04-11,2026-04-12,True,69.43,,810.67,,673,
58829,129051,85,3442,,,,,,,,11,,4:02.35,,,,,1536,True,Distance,827,1187,1420.5,M,False,3,2026-04-11,2026-04-12,True,69.32,,808.58,,671,
58830,129053,167,467,,,,,,,,11,,4:02.83,,,,,1536,True,Distance,821,1183,1412.5,M,False,3,2026-04-11,2026-04-12,True,69.17,,805.36,,667,
58831,129055,124,19411,,,,,,,,11,,4:03.99,,,,,1536,True,Distance,808,1174,1395.0,M,False,3,2026-04-11,2026-04-12,True,68.79,,797.63,,657,
58832,129057,159,676,,,,,,,,11,,4:04.47,,,,,1536,True,Distance,802,1170,1387.0,M,False,3,2026-04-11,2026-04-12,True,68.64,,794.45,,654,
58833,129059,167,685,,,,,,,,11,,4:04.92,,,,,1536,True,Distance,797,1166,1380.0,M,False,3,2026-04-11,2026-04-12,True,68.5,,791.48,,650,
58834,129061,124,27299,,,,,,,,11,,4:05.49,,,,,1536,True,Distance,791,1162,1372.0,M,False,3,2026-04-11,2026-04-12,True,68.31,,787.73,,645,
58835,129063,164,26993,,,,,,,,11,,4:06.05,,,,,1536,True,Distance,784,1157,1362.5,M,False,3,2026-04-11,2026-04-12,True,68.14,,784.07,,641,
58836,129065,146,22385,,,,,,,,11,,4:06.74,,,,,1536,True,Distance,777,1152,1353.0,M,False,3,2026-04-11,2026-04-12,True,67.92,,779.58,,635,
58837,129067,167,710,,,,,,,,11,,4:07.30,,,,,1536,True,Distance,770,1147,1343.5,M,False,3,2026-04-11,2026-04-12,True,67.75,,775.95,,631,
58838,129069,96,27744,,,,,,,,11,,4:07.76,,,,,1536,True,Distance,765,1144,1337.0,M,False,3,2026-04-11,2026-04-12,True,67.6,,772.99,,627,
58839,129071,196,27114,,,,,,,,11,,4:08.14,,,,,1536,True,Distance,761,1141,1331.5,M,False,3,2026-04-11,2026-04-12,True,67.48,,770.54,,624,
58840,129073,159,674,,,,,,,,11,,4:08.66,,,,,1536,True,Distance,755,1137,1323.5,M,False,3,2026-04-11,2026-04-12,True,67.32,,767.21,,620,
58841,129075,167,8108,,,,,,,,11,,4:08.80,,,,,1536,True,Distance,754,1136,1322.0,M,False,3,2026-04-11,2026-04-12,True,67.28,,766.32,,619,
58842,129077,56,26902,,,,,,,,11,,4:08.90,,,,,1536,True,Distance,753,1135,1320.5,M,False,3,2026-04-11,2026-04-12,True,67.25,,765.68,,618,
58843,129079,61,19529,,,,,,,,11,,4:09.50,,,,,1536,True,Distance,746,1130,1311.0,M,False,3,2026-04-11,2026-04-12,True,67.07,,761.87,,614,
58844,129085,107,2002,,,,,,,,11,,4:10.67,,,,,1536,True,Distance,733,1121,1293.5,M,False,3,2026-04-11,2026-04-12,True,66.71,,754.47,,605,
58845,129083,169,1294,,,,,,,,11,,4:10.39,,,,,1536,True,Distance,736,1123,1297.5,M,False,3,2026-04-11,2026-04-12,True,66.8,,756.24,,607,
58848,129087,159,706,,,,,,,,11,,4:11.31,,,,,1536,True,Distance,726,1116,1284.0,M,False,3,2026-04-11,2026-04-12,True,66.52,,750.46,,600,
58849,129089,60,27325,,,,,,,,11,,4:12.65,,,,,1536,True,Distance,712,1106,1265.0,M,False,3,2026-04-11,2026-04-12,True,66.12,,742.12,,590,
58850,129091,164,689,,,,,,,,11,,4:12.93,,,,,1536,True,Distance,709,1104,1261.0,M,False,3,2026-04-11,2026-04-12,True,66.03,,740.39,,588,
58924,129034,60,3393,,,,,,,,11,,3:52.74,,,,,1536,True,Distance,942,1264,1574.0,M,False,3,2026-04-11,2026-04-12,True,72.61,,875.9,,753,
58925,129036,61,382,,,,,,,,11,,3:56.52,,,,,1536,True,Distance,896,1234,1513.0,M,False,3,2026-04-11,2026-04-12,True,71.28,,848.77,,720,
58926,129038,85,28257,,,,,,,,11,,3:57.23,,,,,1536,True,Distance,887,1228,1501.0,M,False,3,2026-04-11,2026-04-12,True,71.04,,843.77,,714,
58927,129040,158,2896,,,,,,,,11,,3:58.79,,,,,1536,True,Distance,869,1215,1476.5,M,False,3,2026-04-11,2026-04-12,True,70.51,,832.89,,700,
58928,129042,167,19375,,,,,,,,11,,3:59.25,,,,,1536,True,Distance,863,1211,1468.5,M,False,3,2026-04-11,2026-04-12,True,70.35,,829.71,,697,
58929,129044,146,26627,,,,,,,,11,,4:00.41,,,,,1536,True,Distance,849,1202,1450.0,M,False,3,2026-04-11,2026-04-12,True,69.96,,821.74,,687,
58930,129046,124,2855,,,,,,,,11,,4:00.93,,,,,1536,True,Distance,843,1198,1442.0,M,False,3,2026-04-11,2026-04-12,True,69.79,,818.19,,683,
58931,129048,233,31204,,,,,,,,11,,4:01.16,,,,,1536,True,Distance,841,1196,1439.0,M,False,3,2026-04-11,2026-04-12,True,69.72,,816.63,,681,
58932,129050,116,4910,,,,,,,,11,,4:02.33,,,,,1536,True,Distance,827,1187,1420.5,M,False,3,2026-04-11,2026-04-12,True,69.33,,808.72,,671,
58933,129052,167,673,,,,,,,,11,,4:02.82,,,,,1536,True,Distance,821,1183,1412.5,M,False,3,2026-04-11,2026-04-12,True,69.17,,805.43,,667,
58934,129054,11,22517,,,,,,,,11,,4:03.10,,,,,1536,True,Distance,818,1181,1408.5,M,False,3,2026-04-11,2026-04-12,True,69.08,,803.55,,665,
58935,129056,124,27294,,,,,,,,11,,4:04.41,,,,,1536,True,Distance,803,1170,1388.0,M,False,3,2026-04-11,2026-04-12,True,68.66,,794.84,,654,
58936,129058,174,27690,,,,,,,,11,,4:04.62,,,,,1536,True,Distance,801,1169,1385.5,M,False,3,2026-04-11,2026-04-12,True,68.59,,793.46,,652,
58937,129060,166,27000,,,,,,,,11,,4:05.24,,,,,1536,True,Distance,794,1164,1376.0,M,False,3,2026-04-11,2026-04-12,True,68.39,,789.37,,647,
58938,129062,49,2260,,,,,,,,11,,4:05.74,,,,,1536,True,Distance,788,1160,1368.0,M,False,3,2026-04-11,2026-04-12,True,68.24,,786.09,,643,
58939,129064,61,19539,,,,,,,,11,,4:06.36,,,,,1536,True,Distance,781,1155,1358.5,M,False,3,2026-04-11,2026-04-12,True,68.04,,782.05,,638,
58940,129066,162,27485,,,,,,,,11,,4:06.85,,,,,1536,True,Distance,775,1151,1350.5,M,False,3,2026-04-11,2026-04-12,True,67.89,,778.86,,635,
58941,129068,117,23472,,,,,,,,11,,4:07.65,,,,,1536,True,Distance,766,1145,1338.5,M,False,3,2026-04-11,2026-04-12,True,67.64,,773.69,,628,
58942,129070,61,8147,,,,,,,,11,,4:07.89,,,,,1536,True,Distance,764,1143,1335.5,M,False,3,2026-04-11,2026-04-12,True,67.56,,772.15,,626,
58943,129072,116,26507,,,,,,,,11,,4:08.16,,,,,1536,True,Distance,761,1141,1331.5,M,False,3,2026-04-11,2026-04-12,True,67.48,,770.42,,624,
58944,129074,174,2111,,,,,,,,11,,4:08.71,,,,,1536,True,Distance,755,1136,1323.0,M,False,3,2026-04-11,2026-04-12,True,67.31,,766.9,,620,
58945,129076,117,27555,,,,,,,,11,,4:08.82,,,,,1536,True,Distance,753,1136,1321.0,M,False,3,2026-04-11,2026-04-12,True,67.27,,766.19,,619,
58946,129078,124,26970,,,,,,,,11,,4:08.97,,,,,1536,True,Distance,752,1134,1319.0,M,False,3,2026-04-11,2026-04-12,True,67.23,,765.24,,618,
58947,129080,88,539,,,,,,,,11,,4:09.64,,,,,1536,True,Distance,744,1129,1308.5,M,False,3,2026-04-11,2026-04-12,True,67.02,,760.98,,613,
58948,129082,88,2553,,,,,,,,11,,4:10.29,,,,,1536,True,Distance,737,1124,1299.0,M,False,3,2026-04-11,2026-04-12,True,66.83,,756.87,,608,
58949,129084,159,27907,,,,,,,,11,,4:10.46,,,,,1536,True,Distance,735,1123,1296.5,M,False,3,2026-04-11,2026-04-12,True,66.77,,755.8,,606,
58950,129086,146,29458,,,,,,,,11,,4:11.02,,,,,1536,True,Distance,729,1118,1288.0,M,False,3,2026-04-11,2026-04-12,True,66.6,,752.28,,602,
58953,129088,117,166,,,,,,,,11,,4:11.40,,,,,1536,True,Distance,725,1116,1283.0,M,False,3,2026-04-11,2026-04-12,True,66.49,,749.9,,599,
58954,129090,108,27557,,,,,,,,11,,4:12.87,,,,,1536,True,Distance,709,1104,1261.0,M,False,3,2026-04-11,2026-04-12,True,66.05,,740.76,,588,
58955,129092,88,530,,,,,,,,11,,4:13.08,,,,,1536,True,Distance,707,1103,1258.5,M,False,3,2026-04-11,2026-04-12,True,65.99,,739.46,,586,
58956,129093,56,8065,,,,,,,,11,,4:13.45,,,,,1536,True,Distance,703,1100,1253.0,M,False,3,2026-04-11,2026-04-12,True,65.88,,737.19,,584,
58957,129095,124,24421,,,,,,,,11,,4:13.88,,,,,1536,True,Distance,698,1096,1246.0,M,False,3,2026-04-11,2026-04-12,True,65.75,,734.55,,580,
58958,129097,124,26967,,,,,,,,11,,4:14.20,,,,,1536,True,Distance,695,1094,1242.0,M,False,3,2026-04-11,2026-04-12,True,65.66,,732.59,,578,
58959,129099,117,27548,,,,,,,,11,,4:14.72,,,,,1536,True,Distance,690,1090,1235.0,M,False,3,2026-04-11,2026-04-12,True,65.51,,729.41,,574,
58960,129101,164,18963,,,,,,,,11,,4:14.87,,,,,1536,True,Distance,688,1089,1232.5,M,False,3,2026-04-11,2026-04-12,True,65.46,,728.5,,573,
58961,129103,1,7,,,,,,,,11,,4:15.08,,,,,1536,True,Distance,686,1087,1229.5,M,False,3,2026-04-11,2026-04-12,True,65.4,,727.22,,572,
58962,129105,159,20431,,,,,,,,11,,4:15.46,,,,,1536,True,Distance,682,1084,1224.0,M,False,3,2026-04-11,2026-04-12,True,65.29,,724.92,,569,
58963,129107,167,28319,,,,,,,,11,,4:15.64,,,,,1536,True,Distance,680,1083,1221.5,M,False,3,2026-04-11,2026-04-12,True,65.24,,723.83,,567,
58964,129109,167,27004,,,,,,,,11,,4:16.30,,,,,1536,True,Distance,673,1078,1212.0,M,False,3,2026-04-11,2026-04-12,True,65.05,,719.85,,563,
58965,129111,203,1835,,,,,,,,11,,4:17.06,,,,,1536,True,Distance,665,1072,1201.0,M,False,3,2026-04-11,2026-04-12,True,64.83,,715.29,,557,
58966,129113,112,3333,,,,,,,,11,,4:17.53,,,,,1536,True,Distance,660,1069,1194.5,M,False,3,2026-04-11,2026-04-12,True,64.7,,712.49,,554,
58967,129115,124,19424,,,,,,,,11,,4:18.09,,,,,1536,True,Distance,654,1064,1186.0,M,False,3,2026-04-11,2026-04-12,True,64.54,,709.16,,550,
58968,129117,61,2261,,,,,,,,11,,4:18.26,,,,,1536,True,Distance,653,1063,1184.5,M,False,3,2026-04-11,2026-04-12,True,64.49,,708.15,,548,
58969,129119,164,18964,,,,,,,,11,,4:18.65,,,,,1536,True,Distance,649,1060,1179.0,M,False,3,2026-04-11,2026-04-12,True,64.38,,705.85,,545,
58970,129121,117,8057,,,,,,,,11,,4:19.25,,,,,1536,True,Distance,642,1056,1170.0,M,False,3,2026-04-11,2026-04-12,True,64.21,,702.31,,541,
58971,129123,167,19386,,,,,,,,11,,4:19.42,,,,,1536,True,Distance,641,1054,1168.0,M,False,3,2026-04-11,2026-04-12,True,64.16,,701.31,,540,
58972,129125,112,26978,,,,,,,,11,,4:20.16,,,,,1536,True,Distance,633,1049,1157.5,M,False,3,2026-04-11,2026-04-12,True,63.95,,696.98,,535,
58973,129127,174,31511,,,,,,,,11,,4:20.37,,,,,1536,True,Distance,631,1047,1154.5,M,False,3,2026-04-11,2026-04-12,True,63.9,,695.75,,533,
58974,129129,96,26020,,,,,,,,11,,4:20.50,,,,,1536,True,Distance,630,1046,1153.0,M,False,3,2026-04-11,2026-04-12,True,63.86,,695.0,,532,
58975,129131,164,18966,,,,,,,,11,,4:20.83,,,,,1536,True,Distance,626,1044,1148.0,M,False,3,2026-04-11,2026-04-12,True,63.77,,693.08,,530,
58976,129133,167,26994,,,,,,,,11,,4:21.08,,,,,1536,True,Distance,624,1042,1145.0,M,False,3,2026-04-11,2026-04-12,True,63.7,,691.63,,528,
58977,129135,124,30049,,,,,,,,11,,4:21.18,,,,,1536,True,Distance,623,1041,1143.5,M,False,3,2026-04-11,2026-04-12,True,63.67,,691.05,,527,
58978,129137,124,11307,,,,,,,,11,,4:21.55,,,,,1536,True,Distance,619,1038,1138.0,M,False,3,2026-04-11,2026-04-12,True,63.57,,688.91,,525,
58979,129139,233,31200,,,,,,,,11,,4:21.57,,,,,1536,True,Distance,619,1038,1138.0,M,False,3,2026-04-11,2026-04-12,True,63.56,,688.79,,525,
58980,129141,146,27496,,,,,,,,11,,4:21.70,,,,,1536,True,Distance,618,1037,1136.5,M,False,3,2026-04-11,2026-04-12,True,63.53,,688.04,,524,
58981,129143,124,29735,,,,,,,,11,,4:21.73,,,,,1536,True,Distance,617,1037,1135.5,M,False,3,2026-04-11,2026-04-12,True,63.52,,687.87,,524,
58982,129145,56,28367,,,,,,,,11,,4:22.20,,,,,1536,True,Distance,613,1034,1130.0,M,False,3,2026-04-11,2026-04-12,True,63.39,,685.16,,520,
58983,129147,56,8095,,,,,,,,11,,4:22.55,,,,,1536,True,Distance,609,1031,1124.5,M,False,3,2026-04-11,2026-04-12,True,63.29,,683.15,,518,
58984,129149,108,27566,,,,,,,,11,,4:23.14,,,,,1536,True,Distance,603,1027,1116.5,M,False,3,2026-04-11,2026-04-12,True,63.13,,679.78,,514,
58985,129151,117,8068,,,,,,,,11,,4:23.34,,,,,1536,True,Distance,601,1025,1113.5,M,False,3,2026-04-11,2026-04-12,True,63.08,,678.64,,512,
58986,129153,11,28695,,,,,,,,11,,4:23.69,,,,,1536,True,Distance,598,1022,1109.0,M,False,3,2026-04-11,2026-04-12,True,62.99,,676.65,,510,
58987,129155,76,28519,,,,,,,,11,,4:23.78,,,,,1536,True,Distance,597,1022,1108.0,M,False,3,2026-04-11,2026-04-12,True,62.96,,676.14,,509,
58988,129157,188,18878,,,,,,,,11,,4:24.27,,,,,1536,True,Distance,592,1018,1101.0,M,False,3,2026-04-11,2026-04-12,True,62.83,,673.36,,506,
58989,129159,59,1631,,,,,,,,11,,4:24.85,,,,,1536,True,Distance,586,1014,1093.0,M,False,3,2026-04-11,2026-04-12,True,62.67,,670.09,,502,
58990,129161,104,19410,,,,,,,,11,,4:25.28,,,,,1536,True,Distance,582,1011,1087.5,M,False,3,2026-04-11,2026-04-12,True,62.56,,667.67,,499,
58991,129163,167,743,,,,,,,,11,,4:25.38,,,,,1536,True,Distance,581,1010,1086.0,M,False,3,2026-04-11,2026-04-12,True,62.53,,667.11,,498,
58992,129165,43,30415,,,,,,,,11,,4:25.77,,,,,1536,True,Distance,577,1007,1080.5,M,False,3,2026-04-11,2026-04-12,True,62.43,,664.92,,496,
58993,129167,61,1656,,,,,,,,11,,4:26.22,,,,,1536,True,Distance,573,1004,1075.0,M,False,3,2026-04-11,2026-04-12,True,62.31,,662.41,,492,
58994,129169,167,25030,,,,,,,,11,,4:26.43,,,,,1536,True,Distance,571,1002,1072.0,M,False,3,2026-04-11,2026-04-12,True,62.25,,661.24,,491,
58995,129171,167,29850,,,,,,,,11,,4:26.56,,,,,1536,True,Distance,570,1001,1070.5,M,False,3,2026-04-11,2026-04-12,True,62.22,,660.52,,490,
58996,129173,166,27003,,,,,,,,11,,4:27.16,,,,,1536,True,Distance,564,997,1062.5,M,False,3,2026-04-11,2026-04-12,True,62.06,,657.19,,486,
58997,129175,116,2059,,,,,,,,11,,4:27.49,,,,,1536,True,Distance,561,995,1058.5,M,False,3,2026-04-11,2026-04-12,True,61.97,,655.36,,484,
58998,129177,61,28005,,,,,,,,11,,4:27.68,,,,,1536,True,Distance,559,993,1055.5,M,False,3,2026-04-11,2026-04-12,True,61.92,,654.31,,483,
58999,129179,166,27014,,,,,,,,11,,4:27.84,,,,,1536,True,Distance,558,992,1054.0,M,False,3,2026-04-11,2026-04-12,True,61.88,,653.43,,482,
59000,129181,117,8046,,,,,,,,11,,4:27.93,,,,,1536,True,Distance,557,991,1052.5,M,False,3,2026-04-11,2026-04-12,True,61.86,,652.94,,481,
59001,129183,112,31468,,,,,,,,11,,4:28.24,,,,,1536,True,Distance,554,989,1048.5,M,False,3,2026-04-11,2026-04-12,True,61.78,,651.23,,479,
59002,129185,178,1833,,,,,,,,11,,4:28.46,,,,,1536,True,Distance,552,987,1045.5,M,False,3,2026-04-11,2026-04-12,True,61.72,,650.03,,477,
59003,129187,117,161,,,,,,,,11,,4:28.94,,,,,1536,True,Distance,547,984,1039.0,M,False,3,2026-04-11,2026-04-12,True,61.6,,647.4,,474,
59004,129189,146,3713,,,,,,,,11,,4:29.45,,,,,1536,True,Distance,542,980,1032.0,M,False,3,2026-04-11,2026-04-12,True,61.46,,644.62,,471,
59005,129191,56,8059,,,,,,,,11,,4:29.95,,,,,1536,True,Distance,538,977,1026.5,M,False,3,2026-04-11,2026-04-12,True,61.33,,641.9,,467,
59006,129193,204,18577,,,,,,,,11,,4:30.27,,,,,1536,True,Distance,535,974,1022.0,M,False,3,2026-04-11,2026-04-12,True,61.25,,640.17,,465,
59007,129195,120,18787,,,,,,,,11,,4:30.50,,,,,1536,True,Distance,532,973,1018.5,M,False,3,2026-04-11,2026-04-12,True,61.19,,638.93,,464,
59008,129197,178,1870,,,,,,,,11,,4:30.68,,,,,1536,True,Distance,531,971,1016.5,M,False,3,2026-04-11,2026-04-12,True,61.15,,637.96,,463,
59009,129199,178,1853,,,,,,,,11,,4:30.85,,,,,1536,True,Distance,529,970,1014.0,M,False,3,2026-04-11,2026-04-12,True,61.1,,637.04,,462,
59010,129201,1,471,,,,,,,,11,,4:31.89,,,,,1536,True,Distance,520,963,1001.5,M,False,3,2026-04-11,2026-04-12,True,60.84,,631.46,,455,
59011,129203,196,5583,,,,,,,,11,,4:32.16,,,,,1536,True,Distance,517,961,997.5,M,False,3,2026-04-11,2026-04-12,True,60.77,,630.02,,453,
59012,129205,88,27396,,,,,,,,11,,4:32.61,,,,,1536,True,Distance,513,957,991.5,M,False,3,2026-04-11,2026-04-12,True,60.66,,627.62,,450,
59013,129207,146,24568,,,,,,,,11,,4:32.75,,,,,1536,True,Distance,512,956,990.0,M,False,3,2026-04-11,2026-04-12,True,60.62,,626.88,,449,
59014,129209,96,27745,,,,,,,,11,,4:33.05,,,,,1536,True,Distance,509,954,986.0,M,False,3,2026-04-11,2026-04-12,True,60.55,,625.29,,447,
59015,129211,56,26908,,,,,,,,11,,4:33.69,,,,,1536,True,Distance,503,950,978.0,M,False,3,2026-04-11,2026-04-12,True,60.39,,621.9,,443,
59016,129213,124,1995,,,,,,,,11,,4:34.03,,,,,1536,True,Distance,500,947,973.5,M,False,3,2026-04-11,2026-04-12,True,60.3,,620.11,,441,
59017,129215,122,24711,,,,,,,,11,,4:34.17,,,,,1536,True,Distance,499,946,972.0,M,False,3,2026-04-11,2026-04-12,True,60.27,,619.38,,440,
59018,129217,117,188,,,,,,,,11,,4:34.24,,,,,1536,True,Distance,498,946,971.0,M,False,3,2026-04-11,2026-04-12,True,60.25,,619.01,,440,
59019,129219,117,45,,,,,,,,11,,4:34.61,,,,,1536,True,Distance,495,943,966.5,M,False,3,2026-04-11,2026-04-12,True,60.16,,617.07,,437,
59020,129221,174,28065,,,,,,,,11,,4:34.97,,,,,1536,True,Distance,492,941,962.5,M,False,3,2026-04-11,2026-04-12,True,60.07,,615.18,,435,
59021,129223,56,27565,,,,,,,,11,,4:35.44,,,,,1536,True,Distance,487,937,955.5,M,False,3,2026-04-11,2026-04-12,True,59.96,,612.73,,432,
59022,129225,146,3699,,,,,,,,11,,4:35.68,,,,,1536,True,Distance,485,936,953.0,M,False,3,2026-04-11,2026-04-12,True,59.9,,611.48,,430,
59023,129227,167,711,,,,,,,,11,,4:35.79,,,,,1536,True,Distance,484,935,951.5,M,False,3,2026-04-11,2026-04-12,True,59.87,,610.91,,430,
59024,129229,122,27083,,,,,,,,11,,4:35.92,,,,,1536,True,Distance,483,934,950.0,M,False,3,2026-04-11,2026-04-12,True,59.84,,610.24,,429,
59025,129231,124,19417,,,,,,,,11,,4:36.37,,,,,1536,True,Distance,479,931,944.5,M,False,3,2026-04-11,2026-04-12,True,59.73,,607.9,,426,
59026,129233,61,2284,,,,,,,,11,,4:36.99,,,,,1536,True,Distance,474,926,937.0,M,False,3,2026-04-11,2026-04-12,True,59.58,,604.7,,422,
59027,129235,203,24555,,,,,,,,11,,4:38.92,,,,,1536,True,Distance,457,913,913.5,M,False,3,2026-04-11,2026-04-12,True,59.11,,594.83,,410,
59028,129237,43,26,,,,,,,,11,,4:39.06,,,,,1536,True,Distance,456,912,912.0,M,False,3,2026-04-11,2026-04-12,True,59.08,,594.12,,409,
59029,129239,108,31514,,,,,,,,11,,4:39.75,,,,,1536,True,Distance,450,907,903.5,M,False,3,2026-04-11,2026-04-12,True,58.91,,590.63,,405,
59030,129241,167,734,,,,,,,,11,,4:39.87,,,,,1536,True,Distance,449,906,902.0,M,False,3,2026-04-11,2026-04-12,True,58.89,,590.03,,404,
59031,129243,11,2987,,,,,,,,11,,4:41.17,,,,,1536,True,Distance,438,897,886.5,M,False,3,2026-04-11,2026-04-12,True,58.58,,583.5,,396,
59032,129245,76,28542,,,,,,,,11,,4:41.75,,,,,1536,True,Distance,433,893,879.5,M,False,3,2026-04-11,2026-04-12,True,58.44,,580.61,,393,
59033,129247,56,24987,,,,,,,,11,,4:42.96,,,,,1536,True,Distance,423,885,865.5,M,False,3,2026-04-11,2026-04-12,True,58.16,,574.61,,385,
59034,129249,159,27911,,,,,,,,11,,4:43.29,,,,,1536,True,Distance,420,882,861.0,M,False,3,2026-04-11,2026-04-12,True,58.08,,572.98,,383,
59035,129251,203,1858,,,,,,,,11,,4:43.79,,,,,1536,True,Distance,416,879,855.5,M,False,3,2026-04-11,2026-04-12,True,57.97,,570.53,,380,
59036,129253,202,23592,,,,,,,,11,,4:45.24,,,,,1536,True,Distance,404,869,838.5,M,False,3,2026-04-11,2026-04-12,True,57.64,,563.45,,372,
59037,129255,124,28295,,,,,,,,11,,4:46.13,,,,,1536,True,Distance,397,863,828.5,M,False,3,2026-04-11,2026-04-12,True,57.44,,559.14,,366,
59038,129257,85,27752,,,,,,,,11,,4:46.41,,,,,1536,True,Distance,395,861,825.5,M,False,3,2026-04-11,2026-04-12,True,57.37,,557.79,,365,
59039,129259,167,778,,,,,,,,11,,4:47.29,,,,,1536,True,Distance,388,855,815.5,M,False,3,2026-04-11,2026-04-12,True,57.17,,553.56,,360,
59040,129261,166,28327,,,,,,,,11,,4:47.86,,,,,1536,True,Distance,383,851,808.5,M,False,3,2026-04-11,2026-04-12,True,57.05,,550.84,,356,
59041,129263,117,25,,,,,,,,11,,4:48.50,,,,,1536,True,Distance,378,847,801.5,M,False,3,2026-04-11,2026-04-12,True,56.9,,547.8,,353,
59042,129265,167,760,,,,,,,,11,,4:49.02,,,,,1536,True,Distance,374,844,796.0,M,False,3,2026-04-11,2026-04-12,True,56.79,,545.33,,350,
59043,129267,43,20468,,,,,,,,11,,4:49.73,,,,,1536,True,Distance,368,839,787.5,M,False,3,2026-04-11,2026-04-12,True,56.63,,541.98,,346,
59044,129269,112,2036,,,,,,,,11,,4:51.10,,,,,1536,True,Distance,358,830,773.0,M,False,3,2026-04-11,2026-04-12,True,56.33,,535.57,,338,
59045,129271,37,27757,,,,,,,,11,,4:51.82,,,,,1536,True,Distance,352,825,764.5,M,False,3,2026-04-11,2026-04-12,True,56.18,,532.22,,334,
59046,129273,43,20477,,,,,,,,11,,4:52.83,,,,,1536,True,Distance,345,818,754.0,M,False,3,2026-04-11,2026-04-12,True,55.96,,527.55,,328,
59047,129277,117,31,,,,,,,,11,,4:55.17,,,,,1536,True,Distance,328,803,729.5,M,False,3,2026-04-11,2026-04-12,True,55.46,,516.85,,315,
59048,129279,167,27017,,,,,,,,11,,4:56.27,,,,,1536,True,Distance,320,795,717.5,M,False,3,2026-04-11,2026-04-12,True,55.23,,511.88,,309,
59049,129283,169,29752,,,,,,,,11,,4:58.08,,,,,1536,True,Distance,307,784,699.0,M,False,3,2026-04-11,2026-04-12,True,54.85,,503.78,,299,
59050,129285,117,5665,,,,,,,,11,,4:59.05,,,,,1536,True,Distance,300,777,688.5,M,False,3,2026-04-11,2026-04-12,True,54.65,,499.48,,294,
59051,129289,169,26821,,,,,,,,11,,4:59.62,,,,,1536,True,Distance,296,774,683.0,M,False,3,2026-04-11,2026-04-12,True,54.53,,496.97,,291,
59052,129291,37,3410,,,,,,,,11,,5:00.64,,,,,1536,True,Distance,289,767,672.5,M,False,3,2026-04-11,2026-04-12,True,54.33,,492.5,,285,
59053,129293,178,3082,,,,,,,,11,,5:01.13,,,,,1536,True,Distance,285,764,667.0,M,False,3,2026-04-11,2026-04-12,True,54.23,,490.36,,283,
59054,129297,1,27961,,,,,,,,11,,5:02.33,,,,,1536,True,Distance,277,756,655.0,M,False,3,2026-04-11,2026-04-12,True,53.99,,485.15,,276,
59055,129299,159,16115,,,,,,,,11,,5:02.73,,,,,1536,True,Distance,275,754,652.0,M,False,3,2026-04-11,2026-04-12,True,53.91,,483.42,,274,
59056,129287,199,18892,,,,,,,,11,,4:59.34,,,,,1536,True,Distance,298,776,686.0,M,False,3,2026-04-11,2026-04-12,True,54.59,,498.2,,292,
59057,129281,111,984,,,,,,,,11,,4:57.96,,,,,1536,True,Distance,307,784,699.0,M,False,3,2026-04-11,2026-04-12,True,54.88,,504.32,,300,
59058,129275,171,2354,,,,,,,,11,,4:53.46,,,,,1536,True,Distance,340,814,747.0,M,False,3,2026-04-11,2026-04-12,True,55.82,,524.65,,324,
59059,129301,117,8060,,,,,,,,11,,5:03.56,,,,,1536,True,Distance,269,749,643.5,M,False,3,2026-04-11,2026-04-12,True,53.74,,479.85,,270,
59060,129303,203,31515,,,,,,,,11,,5:04.40,,,,,1536,True,Distance,264,743,635.5,M,False,3,2026-04-11,2026-04-12,True,53.57,,476.26,,265,
59061,129305,112,26985,,,,,,,,11,,5:05.03,,,,,1536,True,Distance,259,739,628.5,M,False,3,2026-04-11,2026-04-12,True,53.45,,473.58,,262,
59062,129094,49,2268,,,,,,,,11,,4:13.78,,,,,1536,True,Distance,700,1097,1248.5,M,False,3,2026-04-11,2026-04-12,True,65.78,,735.16,,581,
59063,129096,88,27383,,,,,,,,11,,4:14.16,,,,,1536,True,Distance,695,1094,1242.0,M,False,3,2026-04-11,2026-04-12,True,65.67,,732.83,,578,
59064,129098,167,27002,,,,,,,,11,,4:14.41,,,,,1536,True,Distance,693,1092,1239.0,M,False,3,2026-04-11,2026-04-12,True,65.6,,731.3,,577,
59065,129100,59,27216,,,,,,,,11,,4:14.73,,,,,1536,True,Distance,689,1090,1234.0,M,False,3,2026-04-11,2026-04-12,True,65.5,,729.35,,574,
59066,129104,122,27078,,,,,,,,11,,4:15.11,,,,,1536,True,Distance,685,1087,1228.5,M,False,3,2026-04-11,2026-04-12,True,65.39,,727.04,,571,
59067,129106,167,28308,,,,,,,,11,,4:15.54,,,,,1536,True,Distance,681,1084,1223.0,M,False,3,2026-04-11,2026-04-12,True,65.27,,724.44,,568,
59068,129108,167,2540,,,,,,,,11,,4:15.66,,,,,1536,True,Distance,680,1083,1221.5,M,False,3,2026-04-11,2026-04-12,True,65.23,,723.71,,567,
59069,129110,116,29618,,,,,,,,11,,4:16.49,,,,,1536,True,Distance,671,1076,1209.0,M,False,3,2026-04-11,2026-04-12,True,64.99,,718.71,,561,
59070,129112,88,507,,,,,,,,11,,4:17.24,,,,,1536,True,Distance,663,1071,1198.5,M,False,3,2026-04-11,2026-04-12,True,64.78,,714.22,,556,
59071,129114,174,2116,,,,,,,,11,,4:18.05,,,,,1536,True,Distance,655,1065,1187.5,M,False,3,2026-04-11,2026-04-12,True,64.55,,709.4,,550,
59072,129116,233,31201,,,,,,,,11,,4:18.16,,,,,1536,True,Distance,654,1064,1186.0,M,False,3,2026-04-11,2026-04-12,True,64.52,,708.74,,549,
59073,129118,171,11389,,,,,,,,11,,4:18.31,,,,,1536,True,Distance,652,1063,1183.5,M,False,3,2026-04-11,2026-04-12,True,64.47,,707.86,,548,
59074,129120,162,3169,,,,,,,,11,,4:19.06,,,,,1536,True,Distance,644,1057,1172.5,M,False,3,2026-04-11,2026-04-12,True,64.26,,703.43,,543,
59075,129122,56,26907,,,,,,,,11,,4:19.41,,,,,1536,True,Distance,641,1054,1168.0,M,False,3,2026-04-11,2026-04-12,True,64.16,,701.37,,540,
59076,129124,60,18919,,,,,,,,11,,4:20.11,,,,,1536,True,Distance,634,1049,1158.5,M,False,3,2026-04-11,2026-04-12,True,63.97,,697.27,,535,
59077,129126,59,24998,,,,,,,,11,,4:20.21,,,,,1536,True,Distance,633,1048,1157.0,M,False,3,2026-04-11,2026-04-12,True,63.94,,696.69,,534,
59078,129128,116,26505,,,,,,,,11,,4:20.50,,,,,1536,True,Distance,630,1046,1153.0,M,False,3,2026-04-11,2026-04-12,True,63.86,,695.0,,532,
59079,129130,117,8058,,,,,,,,11,,4:20.61,,,,,1536,True,Distance,629,1045,1151.5,M,False,3,2026-04-11,2026-04-12,True,63.83,,694.36,,531,
59080,129132,167,26998,,,,,,,,11,,4:21.04,,,,,1536,True,Distance,624,1042,1145.0,M,False,3,2026-04-11,2026-04-12,True,63.71,,691.86,,528,
59081,129134,59,11370,,,,,,,,11,,4:21.13,,,,,1536,True,Distance,623,1042,1144.0,M,False,3,2026-04-11,2026-04-12,True,63.69,,691.34,,528,
59082,129136,49,18201,,,,,,,,11,,4:21.22,,,,,1536,True,Distance,622,1041,1142.5,M,False,3,2026-04-11,2026-04-12,True,63.66,,690.82,,527,
59083,129138,17,4182,,,,,,,,11,,4:21.56,,,,,1536,True,Distance,619,1038,1138.0,M,False,3,2026-04-11,2026-04-12,True,63.57,,688.85,,525,
59084,129140,164,675,,,,,,,,11,,4:21.67,,,,,1536,True,Distance,618,1037,1136.5,M,False,3,2026-04-11,2026-04-12,True,63.54,,688.22,,524,
59085,129142,61,28826,,,,,,,,11,,4:21.72,,,,,1536,True,Distance,617,1037,1135.5,M,False,3,2026-04-11,2026-04-12,True,63.52,,687.93,,524,
59086,129144,202,2907,,,,,,,,11,,4:21.98,,,,,1536,True,Distance,615,1035,1132.5,M,False,3,2026-04-11,2026-04-12,True,63.45,,686.43,,522,
59087,129146,167,717,,,,,,,,11,,4:22.40,,,,,1536,True,Distance,611,1032,1127.0,M,False,3,2026-04-11,2026-04-12,True,63.34,,684.01,,519,
59088,129148,171,11395,,,,,,,,11,,4:22.99,,,,,1536,True,Distance,605,1028,1119.0,M,False,3,2026-04-11,2026-04-12,True,63.17,,680.64,,515,
59089,129150,60,3407,,,,,,,,11,,4:23.30,,,,,1536,True,Distance,602,1025,1114.5,M,False,3,2026-04-11,2026-04-12,True,63.09,,678.87,,513,
59090,129152,101,8014,,,,,,,,11,,4:23.54,,,,,1536,True,Distance,599,1024,1111.0,M,False,3,2026-04-11,2026-04-12,True,63.03,,677.5,,511,
59091,129154,107,4848,,,,,,,,11,,4:23.75,,,,,1536,True,Distance,597,1022,1108.0,M,False,3,2026-04-11,2026-04-12,True,62.97,,676.31,,509,
59092,129156,162,3790,,,,,,,,11,,4:23.97,,,,,1536,True,Distance,595,1020,1105.0,M,False,3,2026-04-11,2026-04-12,True,62.91,,675.06,,508,
59093,129158,164,27018,,,,,,,,11,,4:24.49,,,,,1536,True,Distance,590,1017,1098.5,M,False,3,2026-04-11,2026-04-12,True,62.77,,672.12,,504,
59094,129160,167,742,,,,,,,,11,,4:25.01,,,,,1536,True,Distance,585,1013,1091.5,M,False,3,2026-04-11,2026-04-12,True,62.63,,669.19,,501,
59095,129162,166,4726,,,,,,,,11,,4:25.36,,,,,1536,True,Distance,581,1010,1086.0,M,False,3,2026-04-11,2026-04-12,True,62.54,,667.22,,498,
59096,129164,120,27088,,,,,,,,11,,4:25.50,,,,,1536,True,Distance,580,1009,1084.5,M,False,3,2026-04-11,2026-04-12,True,62.5,,666.43,,497,
59097,129168,167,695,,,,,,,,11,,4:26.37,,,,,1536,True,Distance,572,1003,1073.5,M,False,3,2026-04-11,2026-04-12,True,62.27,,661.57,,491,
59098,129170,116,7982,,,,,,,,11,,4:26.55,,,,,1536,True,Distance,570,1001,1070.5,M,False,3,2026-04-11,2026-04-12,True,62.22,,660.57,,490,
59099,129172,124,31512,,,,,,,,11,,4:26.64,,,,,1536,True,Distance,569,1001,1069.5,M,False,3,2026-04-11,2026-04-12,True,62.2,,660.07,,490,
59100,129174,108,16,,,,,,,,11,,4:27.25,,,,,1536,True,Distance,563,996,1061.0,M,False,3,2026-04-11,2026-04-12,True,62.04,,656.69,,485,
59101,129176,233,31311,,,,,,,,11,,4:27.56,,,,,1536,True,Distance,560,994,1057.0,M,False,3,2026-04-11,2026-04-12,True,61.95,,654.98,,483,
59102,129178,178,1824,,,,,,,,11,,4:27.74,,,,,1536,True,Distance,558,993,1054.5,M,False,3,2026-04-11,2026-04-12,True,61.91,,653.98,,482,
59103,129180,159,18991,,,,,,,,11,,4:27.92,,,,,1536,True,Distance,557,991,1052.5,M,False,3,2026-04-11,2026-04-12,True,61.86,,652.99,,481,
59104,129184,108,23475,,,,,,,,11,,4:28.37,,,,,1536,True,Distance,552,988,1046.0,M,False,3,2026-04-11,2026-04-12,True,61.74,,650.52,,478,
59105,129186,124,23476,,,,,,,,11,,4:28.78,,,,,1536,True,Distance,549,985,1041.5,M,False,3,2026-04-11,2026-04-12,True,61.64,,648.27,,475,
59106,129188,162,27499,,,,,,,,11,,4:28.96,,,,,1536,True,Distance,547,984,1039.0,M,False,3,2026-04-11,2026-04-12,True,61.59,,647.29,,474,
59107,129190,59,1632,,,,,,,,11,,4:29.83,,,,,1536,True,Distance,539,978,1028.0,M,False,3,2026-04-11,2026-04-12,True,61.37,,642.55,,468,
59108,129192,146,1216,,,,,,,,11,,4:30.21,,,,,1536,True,Distance,535,975,1022.5,M,False,3,2026-04-11,2026-04-12,True,61.27,,640.49,,466,
59109,129194,159,16118,,,,,,,,11,,4:30.46,,,,,1536,True,Distance,533,973,1019.5,M,False,3,2026-04-11,2026-04-12,True,61.2,,639.14,,464,
59110,129196,1,30139,,,,,,,,11,,4:30.58,,,,,1536,True,Distance,532,972,1018.0,M,False,3,2026-04-11,2026-04-12,True,61.17,,638.5,,463,
59111,129198,164,691,,,,,,,,11,,4:30.83,,,,,1536,True,Distance,529,970,1014.0,M,False,3,2026-04-11,2026-04-12,True,61.11,,637.15,,462,
59112,129200,174,28071,,,,,,,,11,,4:31.46,,,,,1536,True,Distance,524,966,1007.0,M,False,3,2026-04-11,2026-04-12,True,60.95,,633.76,,458,
59113,129202,17,26705,,,,,,,,11,,4:32.14,,,,,1536,True,Distance,517,961,997.5,M,False,3,2026-04-11,2026-04-12,True,60.78,,630.13,,453,
59114,129204,167,704,,,,,,,,11,,4:32.44,,,,,1536,True,Distance,515,959,994.5,M,False,3,2026-04-11,2026-04-12,True,60.7,,628.53,,451,
59115,129206,124,31513,,,,,,,,11,,4:32.63,,,,,1536,True,Distance,513,957,991.5,M,False,3,2026-04-11,2026-04-12,True,60.65,,627.52,,450,
59116,129208,159,18319,,,,,,,,11,,4:33.04,,,,,1536,True,Distance,509,954,986.0,M,False,3,2026-04-11,2026-04-12,True,60.55,,625.34,,447,
59117,129210,56,24986,,,,,,,,11,,4:33.60,,,,,1536,True,Distance,504,950,979.0,M,False,3,2026-04-11,2026-04-12,True,60.41,,622.38,,444,
59118,129212,1,19,,,,,,,,11,,4:33.81,,,,,1536,True,Distance,502,949,976.5,M,False,3,2026-04-11,2026-04-12,True,60.36,,621.27,,442,
59119,129214,60,4901,,,,,,,,11,,4:34.16,,,,,1536,True,Distance,499,946,972.0,M,False,3,2026-04-11,2026-04-12,True,60.27,,619.43,,440,
59120,129216,88,11485,,,,,,,,11,,4:34.19,,,,,1536,True,Distance,499,946,972.0,M,False,3,2026-04-11,2026-04-12,True,60.26,,619.27,,440,
59121,129218,56,27560,,,,,,,,11,,4:34.60,,,,,1536,True,Distance,495,943,966.5,M,False,3,2026-04-11,2026-04-12,True,60.16,,617.12,,437,
59122,129220,178,27454,,,,,,,,11,,4:34.89,,,,,1536,True,Distance,492,941,962.5,M,False,3,2026-04-11,2026-04-12,True,60.09,,615.6,,435,
59123,129222,174,27701,,,,,,,,11,,4:34.99,,,,,1536,True,Distance,491,941,961.5,M,False,3,2026-04-11,2026-04-12,True,60.07,,615.08,,435,
59124,129224,159,24911,,,,,,,,11,,4:35.61,,,,,1536,True,Distance,486,936,954.0,M,False,3,2026-04-11,2026-04-12,True,59.91,,611.85,,431,
59125,129226,162,1266,,,,,,,,11,,4:35.76,,,,,1536,True,Distance,485,935,952.5,M,False,3,2026-04-11,2026-04-12,True,59.88,,611.07,,430,
59126,129228,167,18977,,,,,,,,11,,4:35.81,,,,,1536,True,Distance,484,935,951.5,M,False,3,2026-04-11,2026-04-12,True,59.86,,610.81,,430,
59127,129230,162,27502,,,,,,,,11,,4:35.93,,,,,1536,True,Distance,483,934,950.0,M,False,3,2026-04-11,2026-04-12,True,59.84,,610.18,,429,
59128,129232,159,27009,,,,,,,,11,,4:36.85,,,,,1536,True,Distance,475,927,938.5,M,False,3,2026-04-11,2026-04-12,True,59.61,,605.43,,423,
59129,129234,117,27572,,,,,,,,11,,4:37.77,,,,,1536,True,Distance,467,921,927.5,M,False,3,2026-04-11,2026-04-12,True,59.39,,600.7,,417,
59130,129236,120,7691,,,,,,,,11,,4:38.95,,,,,1536,True,Distance,457,913,913.5,M,False,3,2026-04-11,2026-04-12,True,59.1,,594.68,,410,
59131,129238,60,7965,,,,,,,,11,,4:39.08,,,,,1536,True,Distance,456,912,912.0,M,False,3,2026-04-11,2026-04-12,True,59.07,,594.02,,409,
59132,129240,112,437,,,,,,,,11,,4:39.82,,,,,1536,True,Distance,449,907,902.5,M,False,3,2026-04-11,2026-04-12,True,58.9,,590.28,,404,
59133,129242,85,23417,,,,,,,,11,,4:40.16,,,,,1536,True,Distance,446,904,898.0,M,False,3,2026-04-11,2026-04-12,True,58.82,,588.56,,402,
59134,129244,117,38,,,,,,,,11,,4:41.45,,,,,1536,True,Distance,435,895,882.5,M,False,3,2026-04-11,2026-04-12,True,58.51,,582.1,,394,
59135,129246,159,16147,,,,,,,,11,,4:41.79,,,,,1536,True,Distance,433,893,879.5,M,False,3,2026-04-11,2026-04-12,True,58.43,,580.41,,392,
59136,129248,37,28824,,,,,,,,11,,4:43.09,,,,,1536,True,Distance,422,884,864.0,M,False,3,2026-04-11,2026-04-12,True,58.13,,573.97,,385,
59137,129250,108,30439,,,,,,,,11,,4:43.49,,,,,1536,True,Distance,418,881,858.5,M,False,3,2026-04-11,2026-04-12,True,58.04,,572.0,,382,
59138,129252,124,27306,,,,,,,,11,,4:45.01,,,,,1536,True,Distance,406,871,841.5,M,False,3,2026-04-11,2026-04-12,True,57.69,,564.57,,373,
59139,129254,178,27461,,,,,,,,11,,4:45.90,,,,,1536,True,Distance,399,865,831.5,M,False,3,2026-04-11,2026-04-12,True,57.49,,560.25,,368,
59140,129256,124,24808,,,,,,,,11,,4:46.28,,,,,1536,True,Distance,396,862,827.0,M,False,3,2026-04-11,2026-04-12,True,57.4,,558.42,,366,
59141,129258,117,28296,,,,,,,,11,,4:47.05,,,,,1536,True,Distance,390,857,818.5,M,False,3,2026-04-11,2026-04-12,True,57.23,,554.71,,361,
59142,129260,169,2442,,,,,,,,11,,4:47.49,,,,,1536,True,Distance,386,854,813.0,M,False,3,2026-04-11,2026-04-12,True,57.13,,552.61,,358,
59143,129262,203,18875,,,,,,,,11,,4:47.98,,,,,1536,True,Distance,382,851,807.5,M,False,3,2026-04-11,2026-04-12,True,57.02,,550.27,,356,
59144,129264,146,11400,,,,,,,,11,,4:48.57,,,,,1536,True,Distance,378,847,801.5,M,False,3,2026-04-11,2026-04-12,True,56.89,,547.46,,352,
59145,129266,166,28323,,,,,,,,11,,4:49.58,,,,,1536,True,Distance,370,840,790.0,M,False,3,2026-04-11,2026-04-12,True,56.67,,542.69,,346,
59146,129268,178,23578,,,,,,,,11,,4:49.75,,,,,1536,True,Distance,368,839,787.5,M,False,3,2026-04-11,2026-04-12,True,56.63,,541.89,,345,
59147,129270,203,1900,,,,,,,,11,,4:51.50,,,,,1536,True,Distance,355,827,768.5,M,False,3,2026-04-11,2026-04-12,True,56.25,,533.7,,335,
59148,129272,111,333,,,,,,,,11,,4:52.20,,,,,1536,True,Distance,350,822,761.0,M,False,3,2026-04-11,2026-04-12,True,56.09,,530.46,,331,
59149,129274,111,27089,,,,,,,,11,,4:53.28,,,,,1536,True,Distance,341,815,748.5,M,False,3,2026-04-11,2026-04-12,True,55.86,,525.48,,325,
59150,129276,37,3402,,,,,,,,11,,4:55.14,,,,,1536,True,Distance,328,803,729.5,M,False,3,2026-04-11,2026-04-12,True,55.47,,516.99,,315,
59151,129278,63,27400,,,,,,,,11,,4:55.80,,,,,1536,True,Distance,323,799,722.5,M,False,3,2026-04-11,2026-04-12,True,55.33,,514.0,,311,
59152,129280,43,27584,,,,,,,,11,,4:57.72,,,,,1536,True,Distance,309,786,702.0,M,False,3,2026-04-11,2026-04-12,True,54.93,,505.39,,301,
59153,129282,159,30109,,,,,,,,11,,4:57.98,,,,,1536,True,Distance,307,784,699.0,M,False,3,2026-04-11,2026-04-12,True,54.87,,504.23,,299,
59154,129284,124,29736,,,,,,,,11,,4:58.23,,,,,1536,True,Distance,306,783,697.5,M,False,3,2026-04-11,2026-04-12,True,54.82,,503.12,,298,
59155,129286,56,8099,,,,,,,,11,,4:59.28,,,,,1536,True,Distance,298,776,686.0,M,False,3,2026-04-11,2026-04-12,True,54.6,,498.47,,292,
59156,129288,37,18807,,,,,,,,11,,4:59.53,,,,,1536,True,Distance,296,774,683.0,M,False,3,2026-04-11,2026-04-12,True,54.55,,497.37,,291,
59157,129290,117,15,,,,,,,,11,,5:00.60,,,,,1536,True,Distance,289,767,672.5,M,False,3,2026-04-11,2026-04-12,True,54.33,,492.67,,285,
59158,129292,124,27313,,,,,,,,11,,5:00.78,,,,,1536,True,Distance,288,766,671.0,M,False,3,2026-04-11,2026-04-12,True,54.3,,491.88,,284,
59159,129294,146,1309,,,,,,,,11,,5:01.48,,,,,1536,True,Distance,283,762,664.0,M,False,3,2026-04-11,2026-04-12,True,54.16,,488.83,,281,
59160,129296,37,25546,,,,,,,,11,,5:02.31,,,,,1536,True,Distance,277,756,655.0,M,False,3,2026-04-11,2026-04-12,True,53.99,,485.24,,276,
59161,129298,203,24554,,,,,,,,11,,5:02.43,,,,,1536,True,Distance,277,756,655.0,M,False,3,2026-04-11,2026-04-12,True,53.97,,484.72,,276,
59162,129300,59,1652,,,,,,,,11,,5:03.55,,,,,1536,True,Distance,269,749,643.5,M,False,3,2026-04-11,2026-04-12,True,53.74,,479.9,,270,
59163,129102,161,2344,,,,,,,,11,,4:15.02,,,,,1536,True,Distance,686,1088,1230.0,M,False,3,2026-04-11,2026-04-12,True,65.42,,727.59,,572,
59164,129182,124,26968,,,,,,,,11,,4:27.97,,,,,1536,True,Distance,556,991,1051.5,M,False,3,2026-04-11,2026-04-12,True,61.85,,652.72,,481,
59165,129302,111,334,,,,,,,,11,,5:03.66,,,,,1536,True,Distance,268,748,642.0,M,False,3,2026-04-11,2026-04-12,True,53.72,,479.43,,269,
59166,129304,112,11322,,,,,,,,11,,5:04.71,,,,,1536,True,Distance,262,741,632.5,M,False,3,2026-04-11,2026-04-12,True,53.51,,474.94,,264,
59167,129306,102,340,,,,,,,,11,,5:06.72,,,,,1536,True,Distance,249,729,613.5,M,False,3,2026-04-11,2026-04-12,True,53.12,,466.45,,253,
59168,129307,166,4728,,,,,,,,11,,5:06.86,,,,,1536,True,Distance,248,728,612.0,M,False,3,2026-04-11,2026-04-12,True,53.09,,465.86,,253,
59169,129309,120,335,,,,,,,,11,,5:08.77,,,,,1536,True,Distance,236,716,594.0,M,False,3,2026-04-11,2026-04-12,True,52.72,,457.89,,243,
59170,129311,111,18791,,,,,,,,11,,5:12.55,,,,,1536,True,Distance,213,693,559.5,M,False,3,2026-04-11,2026-04-12,True,52.01,,442.42,,224,
59171,129313,104,28303,,,,,,,,11,,5:13.51,,,,,1536,True,Distance,207,687,550.5,M,False,3,2026-04-11,2026-04-12,True,51.83,,438.55,,219,
59172,129315,117,2037,,,,,,,,11,,5:18.40,,,,,1536,True,Distance,180,657,508.5,M,False,3,2026-04-11,2026-04-12,True,50.94,,419.19,,196,
59173,129319,59,4081,,,,,,,,11,,5:20.46,,,,,1536,True,Distance,169,645,491.5,M,False,3,2026-04-11,2026-04-12,True,50.57,,411.22,,186,
59174,129321,104,30172,,,,,,,,11,,5:23.83,,,,,1536,True,Distance,152,626,465.0,M,False,3,2026-04-11,2026-04-12,True,49.98,,398.39,,170,
59175,129323,196,27143,,,,,,,,11,,5:33.82,,,,,1536,True,Distance,106,569,390.5,M,False,3,2026-04-11,2026-04-12,True,48.31,,361.87,,126,
59176,129325,196,27139,,,,,,,,11,,5:37.58,,,,,1536,True,Distance,91,548,365.0,M,False,3,2026-04-11,2026-04-12,True,47.71,,348.69,,110,
59177,129327,122,23485,,,,,,,,11,,5:44.37,,,,,1536,True,Distance,67,512,323.0,M,False,3,2026-04-11,2026-04-12,True,46.65,,325.61,,82,
59178,129329,117,3993,,,,,,,,11,,6:04.44,,,,,1536,True,Distance,17,412,223.0,M,False,3,2026-04-11,2026-04-12,True,43.79,,262.43,,4,
59179,129331,111,25077,,,,,,,,11,,6:08.87,,,,,1536,True,Distance,10,392,206.0,M,False,3,2026-04-11,2026-04-12,True,43.2,,249.41,,0,
59180,129333,196,18569,,,,,,,,11,,6:20.94,,,,,1536,True,Distance,0,338,169.0,M,False,3,2026-04-11,2026-04-12,True,41.67,,215.47,,0,
59181,129335,124,28307,,,,,,,,11,,7:28.11,,,,,1536,True,Distance,0,113,56.5,M,False,3,2026-04-11,2026-04-12,True,34.72,,60.01,,0,
59274,129308,1,1,,,,,,,,11,,5:07.06,,,,,1536,True,Distance,246,727,609.5,M,False,3,2026-04-11,2026-04-12,True,53.05,,465.02,,252,
59275,129310,117,195,,,,,,,,11,,5:08.77,,,,,1536,True,Distance,236,716,594.0,M,False,3,2026-04-11,2026-04-12,True,52.72,,457.89,,243,
59276,129312,167,19013,,,,,,,,11,,5:12.73,,,,,1536,True,Distance,212,692,558.0,M,False,3,2026-04-11,2026-04-12,True,51.97,,441.69,,223,
59277,129314,146,30065,,,,,,,,11,,5:16.90,,,,,1536,True,Distance,188,666,521.0,M,False,3,2026-04-11,2026-04-12,True,51.21,,425.07,,203,
59278,129316,167,29694,,,,,,,,11,,5:19.91,,,,,1536,True,Distance,172,649,496.5,M,False,3,2026-04-11,2026-04-12,True,50.67,,413.34,,189,
59279,129318,56,4854,,,,,,,,11,,5:20.23,,,,,1536,True,Distance,170,647,493.5,M,False,3,2026-04-11,2026-04-12,True,50.61,,412.1,,187,
59280,129320,76,26097,,,,,,,,11,,5:21.26,,,,,1536,True,Distance,165,641,485.5,M,False,3,2026-04-11,2026-04-12,True,50.43,,408.15,,182,
59281,129322,117,31361,,,,,,,,11,,5:25.78,,,,,1536,True,Distance,142,614,449.0,M,False,3,2026-04-11,2026-04-12,True,49.65,,391.08,,161,
59282,129324,202,5589,,,,,,,,11,,5:36.12,,,,,1536,True,Distance,97,556,375.0,M,False,3,2026-04-11,2026-04-12,True,47.94,,353.77,,116,
59283,129326,56,31516,,,,,,,,11,,5:42.47,,,,,1536,True,Distance,73,522,334.0,M,False,3,2026-04-11,2026-04-12,True,46.94,,331.98,,89,
59284,129328,159,3175,,,,,,,,11,,5:50.87,,,,,1536,True,Distance,47,479,286.5,M,False,3,2026-04-11,2026-04-12,True,45.69,,304.36,,56,
59285,129330,196,29293,,,,,,,,11,,6:05.94,,,,,1536,True,Distance,14,405,216.5,M,False,3,2026-04-11,2026-04-12,True,43.59,,257.99,,0,
59286,129332,202,5559,,,,,,,,11,,6:11.79,,,,,1536,True,Distance,7,379,196.5,M,False,3,2026-04-11,2026-04-12,True,42.82,,241.0,,0,
59287,129334,162,1695,,,,,,,,11,,6:22.01,,,,,1536,True,Distance,0,334,167.0,M,False,3,2026-04-11,2026-04-12,True,41.54,,212.57,,0,
59816,130384,146,24914,,,,,,,,9,,1:53.11,,,,,1536,True,Distance,939,1289,1583.5,M,False,3,2026-04-11,2026-04-12,True,76.7,,861.83,,766,
59817,130386,88,539,,,,,,,,9,,1:55.48,,,,,1536,True,Distance,875,1244,1497.0,M,False,3,2026-04-11,2026-04-12,True,74.84,,825.77,,722,
59819,130029,60,3393,,,,,,,,17,,14:46.30,,,,,1536,True,Distance,851,1190,1446.0,M,False,3,2026-04-11,2026-04-12,True,70.84,,856.77,,701,
59820,130030,124,27294,,,,,,,,17,,14:52.98,,,,,1536,True,Distance,831,1177,1419.5,M,False,3,2026-04-11,2026-04-12,True,70.23,,844.75,,686,
59821,130031,174,27690,,,,,,,,17,,14:54.68,,,,,1536,True,Distance,826,1173,1412.5,M,False,3,2026-04-11,2026-04-12,True,70.08,,841.72,,682,
59822,130032,164,26993,,,,,,,,17,,14:54.87,,,,,1536,True,Distance,825,1173,1411.5,M,False,3,2026-04-11,2026-04-12,True,70.06,,841.38,,682,
59823,130033,117,8038,,,,,,,,17,,14:55.81,,,,,1536,True,Distance,822,1171,1407.5,M,False,3,2026-04-11,2026-04-12,True,69.97,,839.71,,680,
59824,130034,56,2193,,,,,,,,17,,14:56.15,,,,,1536,True,Distance,821,1170,1406.0,M,False,3,2026-04-11,2026-04-12,True,69.94,,839.11,,679,
59825,130035,49,2258,,,,,,,,17,,15:00.32,,,,,1536,True,Distance,809,1162,1390.0,M,False,3,2026-04-11,2026-04-12,True,69.57,,831.74,,670,
59826,130036,116,7975,,,,,,,,17,,15:01.10,,,,,1536,True,Distance,806,1161,1386.5,M,False,3,2026-04-11,2026-04-12,True,69.5,,830.38,,669,
59827,130037,1,29780,,,,,,,,17,,15:09.92,,,,,1536,True,Distance,780,1144,1352.0,M,False,3,2026-04-11,2026-04-12,True,68.72,,815.05,,650,
59828,130038,164,18979,,,,,,,,17,,15:11.14,,,,,1536,True,Distance,776,1141,1346.5,M,False,3,2026-04-11,2026-04-12,True,68.61,,812.96,,648,
59829,130039,146,26627,,,,,,,,17,,15:12.47,,,,,1536,True,Distance,773,1139,1342.5,M,False,3,2026-04-11,2026-04-12,True,68.5,,810.68,,645,
59830,130040,122,1715,,,,,,,,17,,15:13.83,,,,,1536,True,Distance,769,1136,1337.0,M,False,3,2026-04-11,2026-04-12,True,68.38,,808.35,,642,
59831,130041,167,673,,,,,,,,17,,15:14.19,,,,,1536,True,Distance,768,1136,1336.0,M,False,3,2026-04-11,2026-04-12,True,68.35,,807.74,,641,
59832,130042,61,27989,,,,,,,,17,,15:15.13,,,,,1536,True,Distance,765,1134,1332.0,M,False,3,2026-04-11,2026-04-12,True,68.27,,806.14,,639,
59833,130043,85,3440,,,,,,,,17,,15:15.83,,,,,1536,True,Distance,763,1133,1329.5,M,False,3,2026-04-11,2026-04-12,True,68.2,,804.95,,638,
59834,130044,124,2013,,,,,,,,17,,15:22.13,,,,,1536,True,Distance,745,1120,1305.0,M,False,3,2026-04-11,2026-04-12,True,67.66,,794.32,,625,
59835,130045,124,2855,,,,,,,,17,,15:24.30,,,,,1536,True,Distance,738,1116,1296.0,M,False,3,2026-04-11,2026-04-12,True,67.48,,790.7,,621,
59836,130046,159,674,,,,,,,,17,,15:27.06,,,,,1536,True,Distance,730,1111,1285.5,M,False,3,2026-04-11,2026-04-12,True,67.25,,786.11,,615,
59837,130047,85,28257,,,,,,,,17,,15:27.30,,,,,1536,True,Distance,730,1111,1285.5,M,False,3,2026-04-11,2026-04-12,True,67.23,,785.71,,615,
59838,130048,122,27078,,,,,,,,17,,15:27.37,,,,,1536,True,Distance,730,1111,1285.5,M,False,3,2026-04-11,2026-04-12,True,67.22,,785.59,,615,
59839,130049,112,11300,,,,,,,,17,,15:29.43,,,,,1536,True,Distance,724,1107,1277.5,M,False,3,2026-04-11,2026-04-12,True,67.05,,782.19,,611,
59840,130050,117,23472,,,,,,,,17,,15:29.62,,,,,1536,True,Distance,723,1106,1276.0,M,False,3,2026-04-11,2026-04-12,True,67.03,,781.88,,610,
59841,130051,112,417,,,,,,,,17,,15:31.63,,,,,1536,True,Distance,717,1102,1268.0,M,False,3,2026-04-11,2026-04-12,True,66.87,,778.57,,606,
59842,130052,167,685,,,,,,,,17,,15:32.01,,,,,1536,True,Distance,716,1102,1267.0,M,False,3,2026-04-11,2026-04-12,True,66.83,,777.95,,605,
59843,130053,49,2268,,,,,,,,17,,15:33.22,,,,,1536,True,Distance,713,1099,1262.5,M,False,3,2026-04-11,2026-04-12,True,66.73,,775.97,,603,
59844,130054,122,18915,,,,,,,,17,,15:36.11,,,,,1536,True,Distance,705,1094,1252.0,M,False,3,2026-04-11,2026-04-12,True,66.49,,771.25,,597,
59845,130055,124,26967,,,,,,,,17,,15:37.17,,,,,1536,True,Distance,702,1092,1248.0,M,False,3,2026-04-11,2026-04-12,True,66.41,,769.53,,595,
59846,130056,56,29685,,,,,,,,17,,15:38.89,,,,,1536,True,Distance,697,1089,1241.5,M,False,3,2026-04-11,2026-04-12,True,66.27,,766.75,,592,
59847,130057,167,710,,,,,,,,17,,15:41.42,,,,,1536,True,Distance,690,1084,1232.0,M,False,3,2026-04-11,2026-04-12,True,66.06,,762.67,,587,
59848,130058,60,27325,,,,,,,,17,,15:42.56,,,,,1536,True,Distance,687,1082,1228.0,M,False,3,2026-04-11,2026-04-12,True,65.97,,760.84,,585,
59849,130059,61,8147,,,,,,,,17,,15:43.39,,,,,1536,True,Distance,685,1080,1225.0,M,False,3,2026-04-11,2026-04-12,True,65.9,,759.51,,583,
59850,130060,178,1811,,,,,,,,17,,15:43.42,,,,,1536,True,Distance,685,1080,1225.0,M,False,3,2026-04-11,2026-04-12,True,65.9,,759.46,,583,
59851,130061,61,2259,,,,,,,,17,,15:43.46,,,,,1536,True,Distance,684,1080,1224.0,M,False,3,2026-04-11,2026-04-12,True,65.89,,759.4,,583,
59852,130062,56,8065,,,,,,,,17,,15:44.77,,,,,1536,True,Distance,681,1078,1220.0,M,False,3,2026-04-11,2026-04-12,True,65.79,,757.3,,581,
59853,130063,174,28052,,,,,,,,17,,15:45.20,,,,,1536,True,Distance,680,1077,1218.5,M,False,3,2026-04-11,2026-04-12,True,65.75,,756.62,,580,
59854,130064,164,18964,,,,,,,,17,,15:45.33,,,,,1536,True,Distance,679,1077,1217.5,M,False,3,2026-04-11,2026-04-12,True,65.74,,756.41,,579,
59855,130065,49,2260,,,,,,,,17,,15:46.22,,,,,1536,True,Distance,677,1075,1214.5,M,False,3,2026-04-11,2026-04-12,True,65.67,,754.99,,578,
59856,130066,88,507,,,,,,,,17,,15:48.98,,,,,1536,True,Distance,669,1070,1204.0,M,False,3,2026-04-11,2026-04-12,True,65.45,,750.62,,572,
59857,130067,61,382,,,,,,,,17,,15:52.46,,,,,1536,True,Distance,660,1063,1191.5,M,False,3,2026-04-11,2026-04-12,True,65.17,,745.13,,566,
59858,130068,11,28696,,,,,,,,17,,15:54.02,,,,,1536,True,Distance,656,1061,1186.5,M,False,3,2026-04-11,2026-04-12,True,65.05,,742.69,,563,
59859,130069,88,2553,,,,,,,,17,,15:58.32,,,,,1536,True,Distance,644,1053,1170.5,M,False,3,2026-04-11,2026-04-12,True,64.71,,735.99,,555,
59860,130070,108,27557,,,,,,,,17,,15:58.88,,,,,1536,True,Distance,643,1052,1169.0,M,False,3,2026-04-11,2026-04-12,True,64.67,,735.12,,554,
59861,130071,164,675,,,,,,,,17,,15:59.42,,,,,1536,True,Distance,641,1051,1166.5,M,False,3,2026-04-11,2026-04-12,True,64.62,,734.28,,553,
59862,130072,167,26994,,,,,,,,17,,16:00.30,,,,,1536,True,Distance,639,1049,1163.5,M,False,3,2026-04-11,2026-04-12,True,64.56,,732.92,,551,
59863,130074,61,2261,,,,,,,,17,,16:02.62,,,,,1536,True,Distance,633,1045,1155.5,M,False,3,2026-04-11,2026-04-12,True,64.38,,729.35,,547,
59864,130075,159,706,,,,,,,,17,,16:03.24,,,,,1536,True,Distance,631,1044,1153.0,M,False,3,2026-04-11,2026-04-12,True,64.33,,728.39,,546,
59865,130076,1,19,,,,,,,,17,,16:05.45,,,,,1536,True,Distance,625,1040,1145.0,M,False,3,2026-04-11,2026-04-12,True,64.16,,725.01,,542,
59866,130077,167,695,,,,,,,,17,,16:05.49,,,,,1536,True,Distance,625,1039,1144.5,M,False,3,2026-04-11,2026-04-12,True,64.15,,724.95,,542,
59867,130078,167,27002,,,,,,,,17,,16:06.78,,,,,1536,True,Distance,622,1037,1140.5,M,False,3,2026-04-11,2026-04-12,True,64.05,,722.98,,539,
59868,130079,61,2275,,,,,,,,17,,16:07.09,,,,,1536,True,Distance,621,1037,1139.5,M,False,3,2026-04-11,2026-04-12,True,64.03,,722.51,,539,
59869,130080,167,717,,,,,,,,17,,16:08.01,,,,,1536,True,Distance,618,1035,1135.5,M,False,3,2026-04-11,2026-04-12,True,63.96,,721.11,,537,
59870,130081,174,2116,,,,,,,,17,,16:10.42,,,,,1536,True,Distance,612,1030,1127.0,M,False,3,2026-04-11,2026-04-12,True,63.78,,717.45,,532,
59871,130082,174,18870,,,,,,,,17,,16:11.18,,,,,1536,True,Distance,610,1029,1124.5,M,False,3,2026-04-11,2026-04-12,True,63.72,,716.3,,531,
59872,130083,159,16117,,,,,,,,17,,16:12.63,,,,,1536,True,Distance,606,1026,1119.0,M,False,3,2026-04-11,2026-04-12,True,63.61,,714.12,,528,
59873,130084,1,150,,,,,,,,17,,16:13.33,,,,,1536,True,Distance,604,1025,1116.5,M,False,3,2026-04-11,2026-04-12,True,63.55,,713.06,,527,
59874,130086,167,681,,,,,,,,17,,16:14.34,,,,,1536,True,Distance,602,1023,1113.5,M,False,3,2026-04-11,2026-04-12,True,63.48,,711.55,,525,
59875,130088,1,19414,,,,,,,,17,,16:15.36,,,,,1536,True,Distance,599,1021,1109.5,M,False,3,2026-04-11,2026-04-12,True,63.4,,710.02,,524,
59876,130090,61,1656,,,,,,,,17,,16:15.85,,,,,1536,True,Distance,598,1021,1108.5,M,False,3,2026-04-11,2026-04-12,True,63.36,,709.28,,523,
59877,130092,59,4082,,,,,,,,17,,16:17.39,,,,,1536,True,Distance,594,1018,1103.0,M,False,3,2026-04-11,2026-04-12,True,63.25,,706.98,,520,
59878,130094,1,27,,,,,,,,17,,16:22.74,,,,,1536,True,Distance,580,1008,1084.0,M,False,3,2026-04-11,2026-04-12,True,62.85,,699.05,,510,
59879,130098,56,28367,,,,,,,,17,,16:29.76,,,,,1536,True,Distance,563,995,1060.5,M,False,3,2026-04-11,2026-04-12,True,62.33,,688.77,,498,
59880,130100,196,31530,,,,,,,,17,,16:32.75,,,,,1536,True,Distance,555,990,1050.0,M,False,3,2026-04-11,2026-04-12,True,62.11,,684.43,,493,
59881,130102,108,27566,,,,,,,,17,,16:36.25,,,,,1536,True,Distance,547,984,1039.0,M,False,3,2026-04-11,2026-04-12,True,61.86,,679.39,,487,
59882,130073,103,986,,,,,,,,17,,16:02.11,,,,,1536,True,Distance,634,1046,1157.0,M,False,3,2026-04-11,2026-04-12,True,64.42,,730.13,,548,
59883,130096,169,26817,,,,,,,,17,,16:25.72,,,,,1536,True,Distance,573,1003,1074.5,M,False,3,2026-04-11,2026-04-12,True,62.63,,694.67,,505,
59922,130104,117,153,,,,,,,,17,,16:38.34,,,,,1536,True,Distance,541,980,1031.0,M,False,3,2026-04-11,2026-04-12,True,61.71,,676.4,,483,
59923,130106,174,31511,,,,,,,,17,,16:38.91,,,,,1536,True,Distance,540,979,1029.5,M,False,3,2026-04-11,2026-04-12,True,61.67,,675.58,,482,
59924,130108,164,18966,,,,,,,,17,,16:40.45,,,,,1536,True,Distance,536,976,1024.0,M,False,3,2026-04-11,2026-04-12,True,61.56,,673.39,,479,
59925,130110,112,26981,,,,,,,,17,,16:44.22,,,,,1536,True,Distance,527,970,1012.0,M,False,3,2026-04-11,2026-04-12,True,61.29,,668.04,,473,
59926,130112,124,23476,,,,,,,,17,,16:44.67,,,,,1536,True,Distance,526,969,1010.5,M,False,3,2026-04-11,2026-04-12,True,61.26,,667.41,,472,
59927,130114,60,3407,,,,,,,,17,,16:48.06,,,,,1536,True,Distance,518,963,999.5,M,False,3,2026-04-11,2026-04-12,True,61.02,,662.64,,466,
59928,130116,159,16118,,,,,,,,17,,16:49.01,,,,,1536,True,Distance,515,961,995.5,M,False,3,2026-04-11,2026-04-12,True,60.95,,661.31,,465,
59929,130118,162,1179,,,,,,,,17,,16:50.40,,,,,1536,True,Distance,512,959,991.5,M,False,3,2026-04-11,2026-04-12,True,60.86,,659.37,,462,
59930,130120,108,16,,,,,,,,17,,16:53.73,,,,,1536,True,Distance,504,953,980.5,M,False,3,2026-04-11,2026-04-12,True,60.62,,654.74,,457,
59931,130122,124,31512,,,,,,,,17,,16:54.35,,,,,1536,True,Distance,503,952,979.0,M,False,3,2026-04-11,2026-04-12,True,60.58,,653.88,,456,
59932,130124,169,7641,,,,,,,,17,,16:55.48,,,,,1536,True,Distance,500,950,975.0,M,False,3,2026-04-11,2026-04-12,True,60.5,,652.31,,454,
59933,130126,159,27009,,,,,,,,17,,16:57.47,,,,,1536,True,Distance,495,946,968.0,M,False,3,2026-04-11,2026-04-12,True,60.36,,649.57,,451,
59934,130128,112,435,,,,,,,,17,,16:58.22,,,,,1536,True,Distance,494,945,966.5,M,False,3,2026-04-11,2026-04-12,True,60.31,,648.54,,449,
59935,130130,167,711,,,,,,,,17,,17:05.86,,,,,1536,True,Distance,476,932,942.0,M,False,3,2026-04-11,2026-04-12,True,59.79,,638.12,,437,
59936,130132,162,27499,,,,,,,,17,,17:09.42,,,,,1536,True,Distance,468,926,931.0,M,False,3,2026-04-11,2026-04-12,True,59.55,,633.32,,431,
59937,130134,204,18577,,,,,,,,17,,17:10.65,,,,,1536,True,Distance,465,923,926.5,M,False,3,2026-04-11,2026-04-12,True,59.47,,631.67,,429,
59938,130136,43,30415,,,,,,,,17,,17:14.19,,,,,1536,True,Distance,457,917,915.5,M,False,3,2026-04-11,2026-04-12,True,59.23,,626.94,,423,
59939,130138,167,704,,,,,,,,17,,17:15.85,,,,,1536,True,Distance,453,914,910.0,M,False,3,2026-04-11,2026-04-12,True,59.12,,624.73,,421,
59940,130140,159,18319,,,,,,,,17,,17:17.87,,,,,1536,True,Distance,449,911,904.5,M,False,3,2026-04-11,2026-04-12,True,58.99,,622.05,,417,
59941,130142,164,691,,,,,,,,17,,17:23.88,,,,,1536,True,Distance,435,901,885.5,M,False,3,2026-04-11,2026-04-12,True,58.59,,614.15,,408,
59942,130144,117,8058,,,,,,,,17,,17:27.16,,,,,1536,True,Distance,428,895,875.5,M,False,3,2026-04-11,2026-04-12,True,58.38,,609.88,,403,
59943,130146,96,27745,,,,,,,,17,,17:27.60,,,,,1536,True,Distance,427,894,874.0,M,False,3,2026-04-11,2026-04-12,True,58.35,,609.3,,402,
59944,130148,124,19417,,,,,,,,17,,17:28.88,,,,,1536,True,Distance,424,892,870.0,M,False,3,2026-04-11,2026-04-12,True,58.27,,607.65,,400,
59945,130150,60,7965,,,,,,,,17,,17:32.33,,,,,1536,True,Distance,417,886,860.0,M,False,3,2026-04-11,2026-04-12,True,58.05,,603.19,,395,
59946,130152,1,471,,,,,,,,17,,17:37.54,,,,,1536,True,Distance,406,878,845.0,M,False,3,2026-04-11,2026-04-12,True,57.71,,596.52,,387,
59947,130154,117,25,,,,,,,,17,,17:45.82,,,,,1536,True,Distance,388,864,820.0,M,False,3,2026-04-11,2026-04-12,True,57.19,,586.06,,374,
59948,130156,167,19002,,,,,,,,17,,17:48.36,,,,,1536,True,Distance,383,859,812.5,M,False,3,2026-04-11,2026-04-12,True,57.03,,582.88,,370,
59949,130158,167,27017,,,,,,,,17,,17:49.92,,,,,1536,True,Distance,380,857,808.5,M,False,3,2026-04-11,2026-04-12,True,56.94,,580.94,,368,
59950,130160,56,8059,,,,,,,,17,,17:53.13,,,,,1536,True,Distance,373,851,798.5,M,False,3,2026-04-11,2026-04-12,True,56.74,,576.96,,363,
59951,130162,159,16147,,,,,,,,17,,17:58.32,,,,,1536,True,Distance,363,843,784.5,M,False,3,2026-04-11,2026-04-12,True,56.42,,570.57,,355,
59952,130164,1,35,,,,,,,,17,,18:11.56,,,,,1536,True,Distance,337,821,747.5,M,False,3,2026-04-11,2026-04-12,True,55.63,,554.54,,336,
59953,130166,167,760,,,,,,,,17,,18:15.92,,,,,1536,True,Distance,328,814,735.0,M,False,3,2026-04-11,2026-04-12,True,55.37,,549.35,,330,
59954,130170,196,27119,,,,,,,,17,,18:24.36,,,,,1536,True,Distance,312,800,712.0,M,False,3,2026-04-11,2026-04-12,True,54.88,,539.42,,318,
59955,130172,161,27471,,,,,,,,17,,18:29.34,,,,,1536,True,Distance,303,792,699.0,M,False,3,2026-04-11,2026-04-12,True,54.59,,533.63,,311,
59956,130174,112,26982,,,,,,,,17,,18:39.40,,,,,1536,True,Distance,285,776,673.0,M,False,3,2026-04-11,2026-04-12,True,54.02,,522.09,,297,
59957,130176,111,334,,,,,,,,17,,18:41.94,,,,,1536,True,Distance,281,772,667.0,M,False,3,2026-04-11,2026-04-12,True,53.87,,519.21,,293,
59958,130178,178,1869,,,,,,,,17,,18:48.07,,,,,1536,True,Distance,270,763,651.5,M,False,3,2026-04-11,2026-04-12,True,53.53,,512.31,,285,
59959,130182,1,1,,,,,,,,17,,19:08.45,,,,,1536,True,Distance,236,731,601.5,M,False,3,2026-04-11,2026-04-12,True,52.43,,489.9,,258,
59960,130184,117,5665,,,,,,,,17,,19:17.53,,,,,1536,True,Distance,221,717,579.5,M,False,3,2026-04-11,2026-04-12,True,51.95,,480.17,,246,
59961,130186,146,1216,,,,,,,,17,,19:32.93,,,,,1536,True,Distance,198,694,545.0,M,False,3,2026-04-11,2026-04-12,True,51.15,,464.01,,227,
59962,130188,103,18738,,,,,,,,17,,19:39.48,,,,,1536,True,Distance,188,684,530.0,M,False,3,2026-04-11,2026-04-12,True,50.82,,457.27,,219,
59963,130190,171,11393,,,,,,,,17,,19:46.96,,,,,1536,True,Distance,177,673,513.5,M,False,3,2026-04-11,2026-04-12,True,50.45,,449.66,,209,
59964,130192,120,335,,,,,,,,17,,20:07.84,,,,,1536,True,Distance,149,643,470.5,M,False,3,2026-04-11,2026-04-12,True,49.43,,428.91,,184,
59965,130194,167,29694,,,,,,,,17,,20:08.78,,,,,1536,True,Distance,148,641,468.5,M,False,3,2026-04-11,2026-04-12,True,49.38,,427.99,,183,
59966,130196,111,18791,,,,,,,,17,,20:15.53,,,,,1536,True,Distance,139,632,455.0,M,False,3,2026-04-11,2026-04-12,True,49.06,,421.45,,175,
59967,130198,117,3993,,,,,,,,17,,20:42.70,,,,,1536,True,Distance,108,593,404.5,M,False,3,2026-04-11,2026-04-12,True,47.81,,395.82,,144,
60017,130085,124,11307,,,,,,,,17,,16:14.04,,,,,1536,True,Distance,603,1024,1115.0,M,False,3,2026-04-11,2026-04-12,True,63.5,,712.0,,526,
60018,130087,178,27448,,,,,,,,17,,16:15.22,,,,,1536,True,Distance,600,1022,1111.0,M,False,3,2026-04-11,2026-04-12,True,63.41,,710.23,,524,
60019,130089,111,29313,,,,,,,,17,,16:15.81,,,,,1536,True,Distance,598,1021,1108.5,M,False,3,2026-04-11,2026-04-12,True,63.37,,709.34,,523,
60020,130091,167,19386,,,,,,,,17,,16:16.17,,,,,1536,True,Distance,597,1020,1107.0,M,False,3,2026-04-11,2026-04-12,True,63.34,,708.8,,522,
60021,130093,61,28826,,,,,,,,17,,16:21.55,,,,,1536,True,Distance,583,1010,1088.0,M,False,3,2026-04-11,2026-04-12,True,62.94,,700.81,,512,
60022,130095,60,18919,,,,,,,,17,,16:24.15,,,,,1536,True,Distance,577,1006,1080.0,M,False,3,2026-04-11,2026-04-12,True,62.74,,696.97,,508,
60023,130097,11,28695,,,,,,,,17,,16:27.64,,,,,1536,True,Distance,568,999,1067.5,M,False,3,2026-04-11,2026-04-12,True,62.49,,691.86,,502,
60024,130099,59,11370,,,,,,,,17,,16:32.08,,,,,1536,True,Distance,557,991,1052.5,M,False,3,2026-04-11,2026-04-12,True,62.16,,685.4,,494,
60025,130101,167,742,,,,,,,,17,,16:35.96,,,,,1536,True,Distance,547,984,1039.0,M,False,3,2026-04-11,2026-04-12,True,61.88,,679.81,,487,
60026,130103,59,24998,,,,,,,,17,,16:37.33,,,,,1536,True,Distance,544,982,1035.0,M,False,3,2026-04-11,2026-04-12,True,61.78,,677.84,,485,
60027,130168,171,2354,,,,,,,,17,,18:22.51,,,,,1536,True,Distance,316,803,717.5,M,False,3,2026-04-11,2026-04-12,True,54.98,,541.58,,320,
60028,130105,167,27004,,,,,,,,17,,16:38.61,,,,,1536,True,Distance,541,980,1031.0,M,False,3,2026-04-11,2026-04-12,True,61.69,,676.01,,482,
60029,130107,167,25030,,,,,,,,17,,16:39.39,,,,,1536,True,Distance,539,978,1028.0,M,False,3,2026-04-11,2026-04-12,True,61.63,,674.9,,481,
60030,130109,43,26,,,,,,,,17,,16:42.06,,,,,1536,True,Distance,532,974,1019.0,M,False,3,2026-04-11,2026-04-12,True,61.44,,671.1,,477,
60031,130111,88,529,,,,,,,,17,,16:44.58,,,,,1536,True,Distance,526,969,1010.5,M,False,3,2026-04-11,2026-04-12,True,61.26,,667.54,,472,
60032,130113,159,18991,,,,,,,,17,,16:46.68,,,,,1536,True,Distance,521,965,1003.5,M,False,3,2026-04-11,2026-04-12,True,61.12,,664.58,,469,
60033,130115,178,1818,,,,,,,,17,,16:48.33,,,,,1536,True,Distance,517,962,998.0,M,False,3,2026-04-11,2026-04-12,True,61.0,,662.26,,466,
60034,130117,96,26932,,,,,,,,17,,16:49.40,,,,,1536,True,Distance,515,961,995.5,M,False,3,2026-04-11,2026-04-12,True,60.93,,660.76,,464,
60035,130119,56,27565,,,,,,,,17,,16:50.67,,,,,1536,True,Distance,512,958,991.0,M,False,3,2026-04-11,2026-04-12,True,60.84,,658.99,,462,
60036,130121,169,26818,,,,,,,,17,,16:53.97,,,,,1536,True,Distance,504,952,980.0,M,False,3,2026-04-11,2026-04-12,True,60.61,,654.4,,456,
60037,130123,196,27114,,,,,,,,17,,16:55.05,,,,,1536,True,Distance,501,951,976.5,M,False,3,2026-04-11,2026-04-12,True,60.53,,652.91,,455,
60038,130125,174,27698,,,,,,,,17,,16:56.43,,,,,1536,True,Distance,498,948,972.0,M,False,3,2026-04-11,2026-04-12,True,60.44,,651.0,,452,
60039,130127,159,27911,,,,,,,,17,,16:57.67,,,,,1536,True,Distance,495,946,968.0,M,False,3,2026-04-11,2026-04-12,True,60.35,,649.3,,450,
60040,130129,124,1995,,,,,,,,17,,17:04.64,,,,,1536,True,Distance,479,934,946.0,M,False,3,2026-04-11,2026-04-12,True,59.87,,639.77,,439,
60041,130131,178,1853,,,,,,,,17,,17:07.59,,,,,1536,True,Distance,472,929,936.5,M,False,3,2026-04-11,2026-04-12,True,59.67,,635.78,,434,
60042,130133,162,1266,,,,,,,,17,,17:09.55,,,,,1536,True,Distance,467,925,929.5,M,False,3,2026-04-11,2026-04-12,True,59.54,,633.14,,431,
60043,130135,60,4901,,,,,,,,17,,17:14.11,,,,,1536,True,Distance,457,917,915.5,M,False,3,2026-04-11,2026-04-12,True,59.24,,627.04,,423,
60044,130137,162,27502,,,,,,,,17,,17:15.82,,,,,1536,True,Distance,453,915,910.5,M,False,3,2026-04-11,2026-04-12,True,59.12,,624.77,,421,
60045,130139,117,142,,,,,,,,17,,17:16.17,,,,,1536,True,Distance,453,914,910.0,M,False,3,2026-04-11,2026-04-12,True,59.1,,624.3,,420,
60046,130141,188,18878,,,,,,,,17,,17:20.24,,,,,1536,True,Distance,443,907,896.5,M,False,3,2026-04-11,2026-04-12,True,58.83,,618.93,,414,
60047,130143,108,29839,,,,,,,,17,,17:25.09,,,,,1536,True,Distance,433,899,882.5,M,False,3,2026-04-11,2026-04-12,True,58.51,,612.57,,406,
60048,130145,96,28747,,,,,,,,17,,17:27.48,,,,,1536,True,Distance,427,895,874.5,M,False,3,2026-04-11,2026-04-12,True,58.36,,609.46,,402,
60049,130147,17,26705,,,,,,,,17,,17:28.43,,,,,1536,True,Distance,425,893,871.5,M,False,3,2026-04-11,2026-04-12,True,58.3,,608.23,,401,
60050,130149,178,1870,,,,,,,,17,,17:32.19,,,,,1536,True,Distance,417,887,860.5,M,False,3,2026-04-11,2026-04-12,True,58.06,,603.37,,395,
60051,130151,111,27089,,,,,,,,17,,17:32.54,,,,,1536,True,Distance,417,886,860.0,M,False,3,2026-04-11,2026-04-12,True,58.03,,602.92,,394,
60052,130153,96,8001,,,,,,,,17,,17:42.14,,,,,1536,True,Distance,396,870,831.0,M,False,3,2026-04-11,2026-04-12,True,57.42,,590.69,,380,
60053,130155,167,734,,,,,,,,17,,17:47.81,,,,,1536,True,Distance,384,860,814.0,M,False,3,2026-04-11,2026-04-12,True,57.07,,583.57,,371,
60054,130157,167,18977,,,,,,,,17,,17:49.58,,,,,1536,True,Distance,381,857,809.5,M,False,3,2026-04-11,2026-04-12,True,56.96,,581.36,,368,
60055,130161,96,371,,,,,,,,17,,17:56.38,,,,,1536,True,Distance,367,846,790.0,M,False,3,2026-04-11,2026-04-12,True,56.54,,572.95,,358,
60056,130163,108,31514,,,,,,,,17,,18:00.18,,,,,1536,True,Distance,359,840,779.0,M,False,3,2026-04-11,2026-04-12,True,56.31,,568.29,,353,
60057,130165,117,15,,,,,,,,17,,18:13.39,,,,,1536,True,Distance,333,818,742.0,M,False,3,2026-04-11,2026-04-12,True,55.52,,552.36,,333,
60058,130167,117,45,,,,,,,,17,,18:20.41,,,,,1536,True,Distance,320,807,723.5,M,False,3,2026-04-11,2026-04-12,True,55.1,,544.05,,323,
60059,130169,178,27461,,,,,,,,17,,18:24.22,,,,,1536,True,Distance,313,801,713.5,M,False,3,2026-04-11,2026-04-12,True,54.88,,539.58,,318,
60060,130171,124,31548,,,,,,,,17,,18:27.39,,,,,1536,True,Distance,307,796,705.0,M,False,3,2026-04-11,2026-04-12,True,54.7,,535.89,,313,
60061,130173,1,27961,,,,,,,,17,,18:37.96,,,,,1536,True,Distance,288,779,677.5,M,False,3,2026-04-11,2026-04-12,True,54.1,,523.73,,299,
60062,130175,96,26934,,,,,,,,17,,18:40.66,,,,,1536,True,Distance,283,774,670.0,M,False,3,2026-04-11,2026-04-12,True,53.95,,520.66,,295,
60063,130177,196,3224,,,,,,,,17,,18:46.47,,,,,1536,True,Distance,273,765,655.5,M,False,3,2026-04-11,2026-04-12,True,53.62,,514.1,,287,
60064,130179,178,23594,,,,,,,,17,,18:53.43,,,,,1536,True,Distance,261,754,638.0,M,False,3,2026-04-11,2026-04-12,True,53.24,,506.33,,278,
60065,130181,166,28327,,,,,,,,17,,19:07.23,,,,,1536,True,Distance,238,733,604.5,M,False,3,2026-04-11,2026-04-12,True,52.49,,491.22,,260,
60066,130185,59,1652,,,,,,,,17,,19:23.57,,,,,1536,True,Distance,212,708,566.0,M,False,3,2026-04-11,2026-04-12,True,51.63,,473.78,,239,
60067,130187,117,31,,,,,,,,17,,19:33.14,,,,,1536,True,Distance,197,694,544.0,M,False,3,2026-04-11,2026-04-12,True,51.14,,463.79,,226,
60068,130189,117,8060,,,,,,,,17,,19:40.63,,,,,1536,True,Distance,186,682,527.0,M,False,3,2026-04-11,2026-04-12,True,50.76,,456.09,,217,
60069,130191,59,2788,,,,,,,,17,,19:52.62,,,,,1536,True,Distance,169,665,501.5,M,False,3,2026-04-11,2026-04-12,True,50.17,,443.96,,203,
60070,130193,117,2037,,,,,,,,17,,20:08.04,,,,,1536,True,Distance,149,642,470.0,M,False,3,2026-04-11,2026-04-12,True,49.42,,428.71,,184,
60071,130195,204,2142,,,,,,,,17,,20:09.61,,,,,1536,True,Distance,147,640,467.0,M,False,3,2026-04-11,2026-04-12,True,49.34,,427.18,,182,
60072,130197,169,29750,,,,,,,,17,,20:17.17,,,,,1536,True,Distance,137,629,451.5,M,False,3,2026-04-11,2026-04-12,True,48.99,,419.87,,173,
60073,130199,59,1650,,,,,,,,17,,20:48.39,,,,,1536,True,Distance,101,585,393.5,M,False,3,2026-04-11,2026-04-12,True,47.55,,390.6,,138,
60132,130183,204,25800,,,,,,,,17,,19:10.86,,,,,1536,True,Distance,232,727,595.5,M,False,3,2026-04-11,2026-04-12,True,52.3,,487.3,,255,
60164,130383,124,5500,,,,,,,,9,,1:53.01,,,,,1536,True,Distance,942,1290,1587.0,M,False,3,2026-04-11,2026-04-12,True,76.78,,863.39,,768,
60165,130385,146,1216,,,,,,,,9,,1:55.29,,,,,1536,True,Distance,880,1248,1504.0,M,False,3,2026-04-11,2026-04-12,True,74.98,,828.6,,726,
60166,130387,158,2896,,,,,,,,9,,1:55.60,,,,,1536,True,Distance,872,1242,1493.0,M,False,3,2026-04-11,2026-04-12,True,74.74,,823.98,,720,
60167,130388,56,128,,,,,,,,9,,1:55.68,,,,,1536,True,Distance,870,1241,1490.5,M,False,3,2026-04-11,2026-04-12,True,74.68,,822.79,,719,
60168,130389,164,28312,,,,,,,,9,,1:55.98,,,,,1536,True,Distance,862,1235,1479.5,M,False,3,2026-04-11,2026-04-12,True,74.45,,818.35,,713,
60169,130390,85,3442,,,,,,,,9,,1:56.22,,,,,1536,True,Distance,856,1231,1471.5,M,False,3,2026-04-11,2026-04-12,True,74.27,,814.81,,709,
60170,130391,124,2003,,,,,,,,9,,1:56.42,,,,,1536,True,Distance,851,1227,1464.5,M,False,3,2026-04-11,2026-04-12,True,74.12,,811.87,,705,
60171,130392,167,467,,,,,,,,9,,1:57.09,,,,,1536,True,Distance,833,1215,1440.5,M,False,3,2026-04-11,2026-04-12,True,73.62,,802.1,,693,
60172,130393,178,18865,,,,,,,,9,,1:57.10,,,,,1536,True,Distance,833,1214,1440.0,M,False,3,2026-04-11,2026-04-12,True,73.61,,801.96,,693,
60173,130394,11,22517,,,,,,,,9,,1:57.86,,,,,1536,True,Distance,814,1201,1414.5,M,False,3,2026-04-11,2026-04-12,True,73.05,,791.01,,680,
60174,130395,117,135,,,,,,,,9,,1:57.92,,,,,1536,True,Distance,812,1200,1412.0,M,False,3,2026-04-11,2026-04-12,True,73.01,,790.15,,679,
60175,130396,122,27079,,,,,,,,9,,1:58.19,,,,,1536,True,Distance,805,1195,1402.5,M,False,3,2026-04-11,2026-04-12,True,72.81,,786.3,,674,
60176,130397,124,27299,,,,,,,,9,,1:58.79,,,,,1536,True,Distance,790,1184,1382.0,M,False,3,2026-04-11,2026-04-12,True,72.38,,777.81,,664,
60177,130398,88,530,,,,,,,,9,,1:58.80,,,,,1536,True,Distance,790,1184,1382.0,M,False,3,2026-04-11,2026-04-12,True,72.37,,777.67,,664,
60178,130399,56,129,,,,,,,,9,,1:59.16,,,,,1536,True,Distance,781,1177,1369.5,M,False,3,2026-04-11,2026-04-12,True,72.11,,772.61,,658,
60179,130400,122,28345,,,,,,,,9,,1:59.31,,,,,1536,True,Distance,777,1174,1364.0,M,False,3,2026-04-11,2026-04-12,True,72.0,,770.52,,655,
60180,130401,164,22379,,,,,,,,9,,1:59.32,,,,,1536,True,Distance,777,1174,1364.0,M,False,3,2026-04-11,2026-04-12,True,72.0,,770.38,,655,
60181,130402,167,5230,,,,,,,,9,,1:59.34,,,,,1536,True,Distance,777,1174,1364.0,M,False,3,2026-04-11,2026-04-12,True,71.98,,770.1,,654,
60182,130403,124,19411,,,,,,,,9,,1:59.67,,,,,1536,True,Distance,768,1168,1352.0,M,False,3,2026-04-11,2026-04-12,True,71.75,,765.5,,649,
60183,130404,124,29636,,,,,,,,9,,1:59.70,,,,,1536,True,Distance,768,1167,1351.5,M,False,3,2026-04-11,2026-04-12,True,71.73,,765.09,,648,
60184,130405,116,4910,,,,,,,,9,,2:00.61,,,,,1536,True,Distance,745,1151,1320.5,M,False,3,2026-04-11,2026-04-12,True,71.09,,752.56,,633,
60185,130406,169,29751,,,,,,,,9,,2:00.73,,,,,1536,True,Distance,743,1149,1317.5,M,False,3,2026-04-11,2026-04-12,True,71.0,,750.92,,631,
60186,130407,85,28744,,,,,,,,9,,2:00.84,,,,,1536,True,Distance,740,1147,1313.5,M,False,3,2026-04-11,2026-04-12,True,70.93,,749.42,,629,
60187,130408,164,27239,,,,,,,,9,,2:00.96,,,,,1536,True,Distance,737,1145,1309.5,M,False,3,2026-04-11,2026-04-12,True,70.85,,747.79,,627,
60188,130409,146,22385,,,,,,,,9,,2:01.02,,,,,1536,True,Distance,736,1144,1308.0,M,False,3,2026-04-11,2026-04-12,True,70.8,,746.98,,626,
60189,130410,117,27555,,,,,,,,9,,2:01.02,,,,,1536,True,Distance,736,1144,1308.0,M,False,3,2026-04-11,2026-04-12,True,70.8,,746.98,,626,
60190,130411,188,3547,,,,,,,,9,,2:01.05,,,,,1536,True,Distance,735,1143,1306.5,M,False,3,2026-04-11,2026-04-12,True,70.78,,746.57,,626,
60191,130412,146,29458,,,,,,,,9,,2:01.14,,,,,1536,True,Distance,733,1142,1304.0,M,False,3,2026-04-11,2026-04-12,True,70.72,,745.35,,624,
60192,130413,96,27744,,,,,,,,9,,2:01.20,,,,,1536,True,Distance,731,1141,1301.5,M,False,3,2026-04-11,2026-04-12,True,70.68,,744.54,,623,
60193,130414,202,31528,,,,,,,,9,,2:01.32,,,,,1536,True,Distance,728,1139,1297.5,M,False,3,2026-04-11,2026-04-12,True,70.6,,742.91,,621,
60194,130415,56,26902,,,,,,,,9,,2:01.33,,,,,1536,True,Distance,728,1138,1297.0,M,False,3,2026-04-11,2026-04-12,True,70.59,,742.78,,621,
60195,130416,233,31204,,,,,,,,9,,2:01.34,,,,,1536,True,Distance,728,1138,1297.0,M,False,3,2026-04-11,2026-04-12,True,70.58,,742.64,,621,
60196,130417,96,1552,,,,,,,,9,,2:01.64,,,,,1536,True,Distance,721,1133,1287.5,M,False,3,2026-04-11,2026-04-12,True,70.38,,738.6,,616,
60197,130418,61,24979,,,,,,,,9,,2:01.83,,,,,1536,True,Distance,716,1130,1281.0,M,False,3,2026-04-11,2026-04-12,True,70.25,,736.06,,613,
60198,130419,116,26507,,,,,,,,9,,2:01.85,,,,,1536,True,Distance,716,1129,1280.5,M,False,3,2026-04-11,2026-04-12,True,70.24,,735.79,,613,
60199,130420,166,27016,,,,,,,,9,,2:02.03,,,,,1536,True,Distance,711,1126,1274.0,M,False,3,2026-04-11,2026-04-12,True,70.11,,733.38,,610,
60200,130421,124,24421,,,,,,,,9,,2:02.09,,,,,1536,True,Distance,710,1125,1272.5,M,False,3,2026-04-11,2026-04-12,True,70.07,,732.58,,609,
60201,130422,56,157,,,,,,,,9,,2:02.33,,,,,1536,True,Distance,704,1121,1264.5,M,False,3,2026-04-11,2026-04-12,True,69.91,,729.39,,605,
60202,130423,174,2111,,,,,,,,9,,2:02.38,,,,,1536,True,Distance,703,1120,1263.0,M,False,3,2026-04-11,2026-04-12,True,69.88,,728.72,,604,
60203,130424,61,19539,,,,,,,,9,,2:02.62,,,,,1536,True,Distance,697,1116,1255.0,M,False,3,2026-04-11,2026-04-12,True,69.72,,725.55,,600,
60204,130425,167,28308,,,,,,,,9,,2:02.95,,,,,1536,True,Distance,690,1110,1245.0,M,False,3,2026-04-11,2026-04-12,True,69.5,,721.19,,595,
60205,130426,43,20472,,,,,,,,9,,2:03.02,,,,,1536,True,Distance,688,1109,1242.5,M,False,3,2026-04-11,2026-04-12,True,69.45,,720.28,,594,
60206,130427,146,29607,,,,,,,,9,,2:03.08,,,,,1536,True,Distance,687,1108,1241.0,M,False,3,2026-04-11,2026-04-12,True,69.41,,719.49,,593,
60207,130428,11,29234,,,,,,,,9,,2:03.21,,,,,1536,True,Distance,684,1105,1236.5,M,False,3,2026-04-11,2026-04-12,True,69.32,,717.78,,591,
60208,130429,167,8108,,,,,,,,9,,2:03.25,,,,,1536,True,Distance,683,1105,1235.5,M,False,3,2026-04-11,2026-04-12,True,69.3,,717.26,,590,
60209,130430,122,27083,,,,,,,,9,,2:03.39,,,,,1536,True,Distance,679,1102,1230.0,M,False,3,2026-04-11,2026-04-12,True,69.21,,715.43,,588,
60210,130431,146,29456,,,,,,,,9,,2:03.48,,,,,1536,True,Distance,677,1101,1227.5,M,False,3,2026-04-11,2026-04-12,True,69.15,,714.26,,586,
60211,130432,59,21472,,,,,,,,9,,2:03.66,,,,,1536,True,Distance,673,1097,1221.5,M,False,3,2026-04-11,2026-04-12,True,69.03,,711.91,,584,
60212,130434,164,18979,,,,,,,,9,,2:04.25,,,,,1536,True,Distance,660,1087,1203.5,M,False,3,2026-04-11,2026-04-12,True,68.64,,704.28,,574,
60213,130435,59,11372,,,,,,,,9,,2:04.37,,,,,1536,True,Distance,657,1085,1199.5,M,False,3,2026-04-11,2026-04-12,True,68.56,,702.74,,572,
60214,130436,159,4711,,,,,,,,9,,2:04.57,,,,,1536,True,Distance,652,1082,1193.0,M,False,3,2026-04-11,2026-04-12,True,68.44,,700.17,,569,
60215,130437,108,29835,,,,,,,,9,,2:04.58,,,,,1536,True,Distance,652,1082,1193.0,M,False,3,2026-04-11,2026-04-12,True,68.43,,700.04,,569,
60216,130438,108,29311,,,,,,,,9,,2:04.62,,,,,1536,True,Distance,651,1081,1191.5,M,False,3,2026-04-11,2026-04-12,True,68.4,,699.53,,568,
60217,130439,56,8095,,,,,,,,9,,2:04.86,,,,,1536,True,Distance,646,1077,1184.5,M,False,3,2026-04-11,2026-04-12,True,68.25,,696.47,,565,
60218,130440,178,1833,,,,,,,,9,,2:04.93,,,,,1536,True,Distance,644,1076,1182.0,M,False,3,2026-04-11,2026-04-12,True,68.2,,695.57,,564,
60219,130441,159,2176,,,,,,,,9,,2:05.24,,,,,1536,True,Distance,637,1070,1172.0,M,False,3,2026-04-11,2026-04-12,True,68.01,,691.64,,559,
60220,130442,203,5598,,,,,,,,9,,2:05.35,,,,,1536,True,Distance,635,1068,1169.0,M,False,3,2026-04-11,2026-04-12,True,67.94,,690.24,,557,
60221,130443,146,27496,,,,,,,,9,,2:05.62,,,,,1536,True,Distance,629,1064,1161.0,M,False,3,2026-04-11,2026-04-12,True,67.76,,686.83,,553,
60222,130444,146,29608,,,,,,,,9,,2:05.85,,,,,1536,True,Distance,624,1060,1154.0,M,False,3,2026-04-11,2026-04-12,True,67.62,,683.94,,549,
60223,130445,159,20431,,,,,,,,9,,2:05.93,,,,,1536,True,Distance,622,1058,1151.0,M,False,3,2026-04-11,2026-04-12,True,67.57,,682.94,,548,
60224,130446,120,344,,,,,,,,9,,2:05.94,,,,,1536,True,Distance,622,1058,1151.0,M,False,3,2026-04-11,2026-04-12,True,67.56,,682.81,,548,
60225,130447,124,30050,,,,,,,,9,,2:06.00,,,,,1536,True,Distance,620,1057,1148.5,M,False,3,2026-04-11,2026-04-12,True,67.52,,682.06,,547,
60226,130448,56,26907,,,,,,,,9,,2:06.04,,,,,1536,True,Distance,619,1057,1147.5,M,False,3,2026-04-11,2026-04-12,True,67.5,,681.56,,547,
60227,130449,166,4726,,,,,,,,9,,2:06.51,,,,,1536,True,Distance,609,1049,1133.5,M,False,3,2026-04-11,2026-04-12,True,67.2,,675.7,,539,
60228,130450,164,18963,,,,,,,,9,,2:06.56,,,,,1536,True,Distance,608,1048,1132.0,M,False,3,2026-04-11,2026-04-12,True,67.17,,675.08,,539,
60229,130452,1,18736,,,,,,,,9,,2:06.95,,,,,1536,True,Distance,599,1041,1119.5,M,False,3,2026-04-11,2026-04-12,True,66.93,,670.26,,533,
60230,130454,167,26998,,,,,,,,9,,2:07.11,,,,,1536,True,Distance,596,1038,1115.0,M,False,3,2026-04-11,2026-04-12,True,66.83,,668.29,,530,
60231,130456,171,11389,,,,,,,,9,,2:07.26,,,,,1536,True,Distance,593,1036,1111.0,M,False,3,2026-04-11,2026-04-12,True,66.74,,666.44,,528,
60232,130458,203,24555,,,,,,,,9,,2:07.43,,,,,1536,True,Distance,589,1033,1105.5,M,False,3,2026-04-11,2026-04-12,True,66.64,,664.36,,526,
60233,130460,96,26020,,,,,,,,9,,2:07.67,,,,,1536,True,Distance,584,1029,1098.5,M,False,3,2026-04-11,2026-04-12,True,66.49,,661.43,,522,
60234,130462,59,1639,,,,,,,,9,,2:07.97,,,,,1536,True,Distance,577,1024,1089.0,M,False,3,2026-04-11,2026-04-12,True,66.31,,657.78,,518,
60235,130464,107,4848,,,,,,,,9,,2:08.15,,,,,1536,True,Distance,573,1021,1083.5,M,False,3,2026-04-11,2026-04-12,True,66.2,,655.6,,515,
60236,130466,233,31201,,,,,,,,9,,2:08.28,,,,,1536,True,Distance,571,1019,1080.5,M,False,3,2026-04-11,2026-04-12,True,66.12,,654.03,,513,
60237,130468,167,743,,,,,,,,9,,2:08.37,,,,,1536,True,Distance,569,1017,1077.5,M,False,3,2026-04-11,2026-04-12,True,66.06,,652.94,,512,
60240,130470,76,28519,,,,,,,,9,,2:08.44,,,,,1536,True,Distance,567,1016,1075.0,M,False,3,2026-04-11,2026-04-12,True,66.02,,652.1,,511,
60241,130472,117,161,,,,,,,,9,,2:08.82,,,,,1536,True,Distance,559,1010,1064.0,M,False,3,2026-04-11,2026-04-12,True,65.79,,647.53,,505,
60242,130474,202,23592,,,,,,,,9,,2:08.93,,,,,1536,True,Distance,557,1008,1061.0,M,False,3,2026-04-11,2026-04-12,True,65.73,,646.21,,503,
60243,130476,124,2867,,,,,,,,9,,2:09.19,,,,,1536,True,Distance,551,1003,1052.5,M,False,3,2026-04-11,2026-04-12,True,65.57,,643.11,,500,
60244,130478,124,30049,,,,,,,,9,,2:09.36,,,,,1536,True,Distance,548,1001,1048.5,M,False,3,2026-04-11,2026-04-12,True,65.47,,641.09,,497,
60245,130480,202,2907,,,,,,,,9,,2:09.40,,,,,1536,True,Distance,547,1000,1047.0,M,False,3,2026-04-11,2026-04-12,True,65.45,,640.61,,497,
60246,130482,108,27576,,,,,,,,9,,2:09.52,,,,,1536,True,Distance,545,998,1044.0,M,False,3,2026-04-11,2026-04-12,True,65.38,,639.19,,495,
60247,130484,171,11395,,,,,,,,9,,2:09.65,,,,,1536,True,Distance,542,996,1040.0,M,False,3,2026-04-11,2026-04-12,True,65.3,,637.65,,493,
60248,130486,117,27548,,,,,,,,9,,2:10.06,,,,,1536,True,Distance,533,989,1027.5,M,False,3,2026-04-11,2026-04-12,True,65.06,,632.82,,487,
60249,130488,167,19384,,,,,,,,9,,2:10.37,,,,,1536,True,Distance,527,984,1019.0,M,False,3,2026-04-11,2026-04-12,True,64.88,,629.19,,483,
60250,130490,103,31520,,,,,,,,9,,2:10.72,,,,,1536,True,Distance,520,978,1009.0,M,False,3,2026-04-11,2026-04-12,True,64.68,,625.1,,478,
60251,130492,124,31513,,,,,,,,9,,2:11.21,,,,,1536,True,Distance,510,970,995.0,M,False,3,2026-04-11,2026-04-12,True,64.39,,619.43,,471,
60252,130494,146,3709,,,,,,,,9,,2:11.33,,,,,1536,True,Distance,508,968,992.0,M,False,3,2026-04-11,2026-04-12,True,64.32,,618.04,,469,
60253,130496,117,28296,,,,,,,,9,,2:11.38,,,,,1536,True,Distance,507,967,990.5,M,False,3,2026-04-11,2026-04-12,True,64.3,,617.47,,468,
60254,130498,146,3699,,,,,,,,9,,2:11.93,,,,,1536,True,Distance,496,958,975.0,M,False,3,2026-04-11,2026-04-12,True,63.98,,611.16,,461,
60255,130500,120,27088,,,,,,,,9,,2:12.47,,,,,1536,True,Distance,485,950,960.0,M,False,3,2026-04-11,2026-04-12,True,63.68,,605.02,,453,
60256,130502,146,31522,,,,,,,,9,,2:12.93,,,,,1536,True,Distance,476,942,947.0,M,False,3,2026-04-11,2026-04-12,True,63.42,,599.83,,447,
60257,130504,167,704,,,,,,,,9,,2:13.46,,,,,1536,True,Distance,466,934,933.0,M,False,3,2026-04-11,2026-04-12,True,63.13,,593.89,,440,
60258,130506,120,26894,,,,,,,,9,,2:13.77,,,,,1536,True,Distance,460,929,924.5,M,False,3,2026-04-11,2026-04-12,True,62.96,,590.44,,435,
60259,130508,204,26618,,,,,,,,9,,2:13.90,,,,,1536,True,Distance,457,927,920.5,M,False,3,2026-04-11,2026-04-12,True,62.89,,588.99,,434,
60260,130512,56,24987,,,,,,,,9,,2:14.39,,,,,1536,True,Distance,448,919,907.5,M,False,3,2026-04-11,2026-04-12,True,62.62,,583.58,,427,
60261,130514,202,28379,,,,,,,,9,,2:14.60,,,,,1536,True,Distance,444,916,902.0,M,False,3,2026-04-11,2026-04-12,True,62.5,,581.27,,424,
60262,130516,188,31521,,,,,,,,9,,2:14.61,,,,,1536,True,Distance,444,915,901.5,M,False,3,2026-04-11,2026-04-12,True,62.5,,581.16,,424,
60263,130518,174,28065,,,,,,,,9,,2:14.71,,,,,1536,True,Distance,442,914,899.0,M,False,3,2026-04-11,2026-04-12,True,62.44,,580.07,,423,
60264,130520,43,4865,,,,,,,,9,,2:15.04,,,,,1536,True,Distance,436,909,890.5,M,False,3,2026-04-11,2026-04-12,True,62.27,,576.46,,418,
60265,130522,169,26821,,,,,,,,9,,2:15.45,,,,,1536,True,Distance,428,902,879.0,M,False,3,2026-04-11,2026-04-12,True,62.05,,572.01,,413,
60266,130524,117,8060,,,,,,,,9,,2:15.54,,,,,1536,True,Distance,427,901,877.5,M,False,3,2026-04-11,2026-04-12,True,62.0,,571.03,,412,
60267,130526,112,25014,,,,,,,,9,,2:15.68,,,,,1536,True,Distance,424,898,873.0,M,False,3,2026-04-11,2026-04-12,True,61.92,,569.52,,410,
60268,130528,124,24808,,,,,,,,9,,2:15.87,,,,,1536,True,Distance,421,896,869.0,M,False,3,2026-04-11,2026-04-12,True,61.82,,567.47,,408,
60269,130530,174,27701,,,,,,,,9,,2:16.04,,,,,1536,True,Distance,418,893,864.5,M,False,3,2026-04-11,2026-04-12,True,61.73,,565.64,,405,
60270,130532,61,2284,,,,,,,,9,,2:16.15,,,,,1536,True,Distance,416,891,861.5,M,False,3,2026-04-11,2026-04-12,True,61.68,,564.46,,404,
60271,130534,188,18901,,,,,,,,9,,2:16.29,,,,,1536,True,Distance,413,889,857.5,M,False,3,2026-04-11,2026-04-12,True,61.6,,562.96,,402,
60272,130536,56,27560,,,,,,,,9,,2:16.64,,,,,1536,True,Distance,407,883,848.5,M,False,3,2026-04-11,2026-04-12,True,61.42,,559.23,,397,
60273,130538,76,28542,,,,,,,,9,,2:16.92,,,,,1536,True,Distance,402,879,841.5,M,False,3,2026-04-11,2026-04-12,True,61.27,,556.25,,394,
60274,130540,159,25643,,,,,,,,9,,2:17.26,,,,,1536,True,Distance,396,874,833.0,M,False,3,2026-04-11,2026-04-12,True,61.09,,552.66,,389,
60275,130542,120,7691,,,,,,,,9,,2:18.05,,,,,1536,True,Distance,382,862,813.0,M,False,3,2026-04-11,2026-04-12,True,60.69,,544.37,,379,
60276,130544,202,31529,,,,,,,,9,,2:18.64,,,,,1536,True,Distance,372,853,798.5,M,False,3,2026-04-11,2026-04-12,True,60.39,,538.24,,372,
60277,130546,117,45,,,,,,,,9,,2:18.83,,,,,1536,True,Distance,368,850,793.0,M,False,3,2026-04-11,2026-04-12,True,60.29,,536.28,,369,
60278,130548,169,29752,,,,,,,,9,,2:19.60,,,,,1536,True,Distance,355,838,774.0,M,False,3,2026-04-11,2026-04-12,True,59.9,,528.38,,360,
60279,130552,124,19417,,,,,,,,9,,2:19.91,,,,,1536,True,Distance,350,833,766.5,M,False,3,2026-04-11,2026-04-12,True,59.75,,525.23,,356,
60280,130554,174,31549,,,,,,,,9,,2:20.43,,,,,1536,True,Distance,341,825,753.5,M,False,3,2026-04-11,2026-04-12,True,59.49,,519.97,,350,
60281,130556,111,333,,,,,,,,9,,2:21.32,,,,,1536,True,Distance,327,812,733.0,M,False,3,2026-04-11,2026-04-12,True,59.06,,511.06,,339,
60282,130560,166,28327,,,,,,,,9,,2:23.66,,,,,1536,True,Distance,290,777,678.5,M,False,3,2026-04-11,2026-04-12,True,57.94,,488.15,,311,
60283,130562,167,4304,,,,,,,,9,,2:23.87,,,,,1536,True,Distance,287,774,674.0,M,False,3,2026-04-11,2026-04-12,True,57.85,,486.13,,308,
60284,130564,63,27399,,,,,,,,9,,2:25.16,,,,,1536,True,Distance,268,756,646.0,M,False,3,2026-04-11,2026-04-12,True,57.25,,473.85,,293,
60285,130566,146,24582,,,,,,,,9,,2:25.35,,,,,1536,True,Distance,265,753,641.5,M,False,3,2026-04-11,2026-04-12,True,57.16,,472.06,,291,
60286,130568,43,27584,,,,,,,,9,,2:26.60,,,,,1536,True,Distance,247,735,614.5,M,False,3,2026-04-11,2026-04-12,True,56.6,,460.4,,277,
60287,130570,49,28827,,,,,,,,9,,2:27.20,,,,,1536,True,Distance,239,726,602.0,M,False,3,2026-04-11,2026-04-12,True,56.33,,454.87,,270,
60288,130572,56,4854,,,,,,,,9,,2:28.04,,,,,1536,True,Distance,228,715,585.5,M,False,3,2026-04-11,2026-04-12,True,55.96,,447.21,,261,
60289,130574,56,8099,,,,,,,,9,,2:29.00,,,,,1536,True,Distance,215,701,565.5,M,False,3,2026-04-11,2026-04-12,True,55.55,,438.56,,250,
60290,130576,203,24554,,,,,,,,9,,2:29.83,,,,,1536,True,Distance,204,690,549.0,M,False,3,2026-04-11,2026-04-12,True,55.19,,431.17,,241,
60291,130578,88,5828,,,,,,,,9,,2:29.88,,,,,1536,True,Distance,204,689,548.5,M,False,3,2026-04-11,2026-04-12,True,55.17,,430.73,,241,
60292,130580,111,25076,,,,,,,,9,,2:31.18,,,,,1536,True,Distance,187,671,522.5,M,False,3,2026-04-11,2026-04-12,True,54.62,,419.33,,227,
60293,130582,159,16115,,,,,,,,9,,2:31.32,,,,,1536,True,Distance,186,669,520.5,M,False,3,2026-04-11,2026-04-12,True,54.56,,418.11,,225,
60294,130584,120,335,,,,,,,,9,,2:33.60,,,,,1536,True,Distance,159,639,478.5,M,False,3,2026-04-11,2026-04-12,True,53.63,,398.61,,202,
60295,130586,111,18791,,,,,,,,9,,2:35.03,,,,,1536,True,Distance,143,620,453.0,M,False,3,2026-04-11,2026-04-12,True,53.06,,386.68,,187,
60296,130588,202,5589,,,,,,,,9,,2:35.57,,,,,1536,True,Distance,138,613,444.5,M,False,3,2026-04-11,2026-04-12,True,52.85,,382.23,,182,
60297,130590,117,31361,,,,,,,,9,,2:37.41,,,,,1536,True,Distance,119,589,413.5,M,False,3,2026-04-11,2026-04-12,True,52.14,,367.29,,164,
60298,130592,117,2037,,,,,,,,9,,2:39.43,,,,,1536,True,Distance,100,564,382.0,M,False,3,2026-04-11,2026-04-12,True,51.38,,351.29,,144,
60299,130594,1,1,,,,,,,,9,,2:44.10,,,,,1536,True,Distance,63,507,316.5,M,False,3,2026-04-11,2026-04-12,True,49.7,,315.81,,101,
60300,130596,124,28307,,,,,,,,9,,3:31.03,,,,,1536,True,Distance,0,104,52.0,M,False,3,2026-04-11,2026-04-12,True,37.29,,46.46,,0,
60330,130656,107,27295,,,,,,,,20,,9:47.54,,,,,1536,True,Distance,530,971,1015.5,M,False,3,2026-04-11,2026-04-12,True,60.26,,644.17,,641,
60331,130658,159,676,,,,,,,,20,,9:54.23,,,,,1536,True,Distance,502,950,977.0,M,False,3,2026-04-11,2026-04-12,True,59.5,,628.22,,623,
60332,130660,124,1996,,,,,,,,20,,9:56.51,,,,,1536,True,Distance,493,943,964.5,M,False,3,2026-04-11,2026-04-12,True,59.24,,622.87,,617,
60333,130451,43,31366,,,,,,,,9,,2:06.90,,,,,1536,True,Distance,600,1042,1121.0,M,False,3,2026-04-11,2026-04-12,True,66.96,,670.88,,534,
60334,130453,107,30181,,,,,,,,9,,2:07.02,,,,,1536,True,Distance,598,1040,1118.0,M,False,3,2026-04-11,2026-04-12,True,66.89,,669.4,,532,
60335,130455,164,27018,,,,,,,,9,,2:07.18,,,,,1536,True,Distance,594,1037,1112.5,M,False,3,2026-04-11,2026-04-12,True,66.79,,667.43,,529,
60336,130457,178,29268,,,,,,,,9,,2:07.38,,,,,1536,True,Distance,590,1034,1107.0,M,False,3,2026-04-11,2026-04-12,True,66.67,,664.97,,526,
60337,130459,166,27003,,,,,,,,9,,2:07.53,,,,,1536,True,Distance,587,1031,1102.5,M,False,3,2026-04-11,2026-04-12,True,66.57,,663.14,,524,
60338,130461,112,420,,,,,,,,9,,2:07.86,,,,,1536,True,Distance,580,1026,1093.0,M,False,3,2026-04-11,2026-04-12,True,66.37,,659.12,,519,
60339,130463,167,28319,,,,,,,,9,,2:08.01,,,,,1536,True,Distance,576,1023,1087.5,M,False,3,2026-04-11,2026-04-12,True,66.28,,657.29,,517,
60340,130465,146,31479,,,,,,,,9,,2:08.19,,,,,1536,True,Distance,573,1020,1083.0,M,False,3,2026-04-11,2026-04-12,True,66.17,,655.11,,514,
60341,130467,124,29735,,,,,,,,9,,2:08.35,,,,,1536,True,Distance,569,1017,1077.5,M,False,3,2026-04-11,2026-04-12,True,66.08,,653.18,,512,
60342,130469,122,24711,,,,,,,,9,,2:08.40,,,,,1536,True,Distance,568,1017,1076.5,M,False,3,2026-04-11,2026-04-12,True,66.05,,652.58,,511,
60343,130558,146,1421,,,,,,,,9,,2:21.87,,,,,1536,True,Distance,318,804,720.0,M,False,3,2026-04-11,2026-04-12,True,58.79,,505.6,,332,
60344,130550,203,4418,,,,,,,,9,,2:19.71,,,,,1536,True,Distance,353,836,771.0,M,False,3,2026-04-11,2026-04-12,True,59.85,,527.26,,358,
60345,130471,146,4387,,,,,,,,9,,2:08.81,,,,,1536,True,Distance,559,1010,1064.0,M,False,3,2026-04-11,2026-04-12,True,65.8,,647.65,,505,
60346,130473,171,27498,,,,,,,,9,,2:08.90,,,,,1536,True,Distance,558,1008,1062.0,M,False,3,2026-04-11,2026-04-12,True,65.75,,646.57,,504,
60347,130475,203,24549,,,,,,,,9,,2:09.07,,,,,1536,True,Distance,554,1005,1056.5,M,False,3,2026-04-11,2026-04-12,True,65.64,,644.54,,501,
60348,130477,167,2539,,,,,,,,9,,2:09.30,,,,,1536,True,Distance,549,1002,1050.0,M,False,3,2026-04-11,2026-04-12,True,65.51,,641.8,,498,
60349,130479,11,28699,,,,,,,,9,,2:09.39,,,,,1536,True,Distance,547,1000,1047.0,M,False,3,2026-04-11,2026-04-12,True,65.45,,640.73,,497,
60350,130481,159,26513,,,,,,,,9,,2:09.47,,,,,1536,True,Distance,546,999,1045.5,M,False,3,2026-04-11,2026-04-12,True,65.41,,639.78,,496,
60351,130483,61,28005,,,,,,,,9,,2:09.59,,,,,1536,True,Distance,543,997,1041.5,M,False,3,2026-04-11,2026-04-12,True,65.34,,638.36,,494,
60352,130485,146,29674,,,,,,,,9,,2:10.01,,,,,1536,True,Distance,534,990,1029.0,M,False,3,2026-04-11,2026-04-12,True,65.09,,633.41,,488,
60353,130487,120,18787,,,,,,,,9,,2:10.09,,,,,1536,True,Distance,533,989,1027.5,M,False,3,2026-04-11,2026-04-12,True,65.04,,632.47,,487,
60354,130489,117,27569,,,,,,,,9,,2:10.45,,,,,1536,True,Distance,525,983,1016.5,M,False,3,2026-04-11,2026-04-12,True,64.83,,628.25,,482,
60355,130491,166,27014,,,,,,,,9,,2:10.87,,,,,1536,True,Distance,517,976,1005.0,M,False,3,2026-04-11,2026-04-12,True,64.59,,623.36,,476,
60356,130493,233,31311,,,,,,,,9,,2:11.23,,,,,1536,True,Distance,510,970,995.0,M,False,3,2026-04-11,2026-04-12,True,64.38,,619.19,,471,
60357,130495,103,31499,,,,,,,,9,,2:11.35,,,,,1536,True,Distance,507,968,991.0,M,False,3,2026-04-11,2026-04-12,True,64.31,,617.81,,469,
60358,130497,117,27572,,,,,,,,9,,2:11.51,,,,,1536,True,Distance,504,965,986.5,M,False,3,2026-04-11,2026-04-12,True,64.22,,615.97,,467,
60359,130499,112,437,,,,,,,,9,,2:12.38,,,,,1536,True,Distance,487,951,962.5,M,False,3,2026-04-11,2026-04-12,True,63.73,,606.04,,455,
60360,130501,167,742,,,,,,,,9,,2:12.90,,,,,1536,True,Distance,477,943,948.5,M,False,3,2026-04-11,2026-04-12,True,63.44,,600.16,,447,
60361,130503,159,24911,,,,,,,,9,,2:13.37,,,,,1536,True,Distance,468,935,935.5,M,False,3,2026-04-11,2026-04-12,True,63.18,,594.89,,441,
60362,130505,117,188,,,,,,,,9,,2:13.75,,,,,1536,True,Distance,460,929,924.5,M,False,3,2026-04-11,2026-04-12,True,62.97,,590.66,,436,
60363,130507,88,27396,,,,,,,,9,,2:13.84,,,,,1536,True,Distance,459,928,923.0,M,False,3,2026-04-11,2026-04-12,True,62.92,,589.66,,435,
60364,130509,124,5577,,,,,,,,9,,2:13.99,,,,,1536,True,Distance,456,925,918.5,M,False,3,2026-04-11,2026-04-12,True,62.84,,588.0,,433,
60365,130511,167,26994,,,,,,,,9,,2:14.21,,,,,1536,True,Distance,452,922,913.0,M,False,3,2026-04-11,2026-04-12,True,62.72,,585.56,,430,
60366,130513,108,29838,,,,,,,,9,,2:14.52,,,,,1536,True,Distance,446,917,904.5,M,False,3,2026-04-11,2026-04-12,True,62.55,,582.15,,425,
60367,130515,111,334,,,,,,,,9,,2:14.60,,,,,1536,True,Distance,444,916,902.0,M,False,3,2026-04-11,2026-04-12,True,62.5,,581.27,,424,
60368,130517,120,24835,,,,,,,,9,,2:14.69,,,,,1536,True,Distance,442,914,899.0,M,False,3,2026-04-11,2026-04-12,True,62.46,,580.29,,423,
60369,130519,188,18878,,,,,,,,9,,2:14.75,,,,,1536,True,Distance,441,913,897.5,M,False,3,2026-04-11,2026-04-12,True,62.42,,579.63,,422,
60370,130521,146,11400,,,,,,,,9,,2:15.33,,,,,1536,True,Distance,431,904,883.0,M,False,3,2026-04-11,2026-04-12,True,62.11,,573.31,,415,
60371,130523,167,3015,,,,,,,,9,,2:15.48,,,,,1536,True,Distance,428,902,879.0,M,False,3,2026-04-11,2026-04-12,True,62.03,,571.68,,413,
60372,130525,56,26908,,,,,,,,9,,2:15.55,,,,,1536,True,Distance,427,901,877.5,M,False,3,2026-04-11,2026-04-12,True,61.99,,570.92,,412,
60373,130527,117,38,,,,,,,,9,,2:15.82,,,,,1536,True,Distance,422,896,870.0,M,False,3,2026-04-11,2026-04-12,True,61.85,,568.01,,408,
60374,130529,11,2987,,,,,,,,9,,2:16.02,,,,,1536,True,Distance,418,893,864.5,M,False,3,2026-04-11,2026-04-12,True,61.74,,565.86,,406,
60375,130531,124,29633,,,,,,,,9,,2:16.13,,,,,1536,True,Distance,416,891,861.5,M,False,3,2026-04-11,2026-04-12,True,61.69,,564.68,,404,
60376,130533,167,25030,,,,,,,,9,,2:16.24,,,,,1536,True,Distance,414,890,859.0,M,False,3,2026-04-11,2026-04-12,True,61.63,,563.5,,403,
60377,130535,204,964,,,,,,,,9,,2:16.63,,,,,1536,True,Distance,407,884,849.0,M,False,3,2026-04-11,2026-04-12,True,61.42,,559.33,,398,
60378,130537,88,529,,,,,,,,9,,2:16.82,,,,,1536,True,Distance,403,881,843.5,M,False,3,2026-04-11,2026-04-12,True,61.32,,557.31,,395,
60379,130539,162,27499,,,,,,,,9,,2:17.22,,,,,1536,True,Distance,396,874,833.0,M,False,3,2026-04-11,2026-04-12,True,61.12,,553.08,,390,
60380,130541,167,18977,,,,,,,,9,,2:17.85,,,,,1536,True,Distance,385,865,817.5,M,False,3,2026-04-11,2026-04-12,True,60.79,,546.46,,382,
60381,130543,162,1266,,,,,,,,9,,2:18.56,,,,,1536,True,Distance,373,854,800.0,M,False,3,2026-04-11,2026-04-12,True,60.43,,539.07,,373,
60382,130545,166,4728,,,,,,,,9,,2:18.66,,,,,1536,True,Distance,371,852,797.0,M,False,3,2026-04-11,2026-04-12,True,60.38,,538.04,,372,
60383,130547,117,31,,,,,,,,9,,2:19.05,,,,,1536,True,Distance,365,846,788.0,M,False,3,2026-04-11,2026-04-12,True,60.18,,534.02,,367,
60384,130549,169,26820,,,,,,,,9,,2:19.67,,,,,1536,True,Distance,354,837,772.5,M,False,3,2026-04-11,2026-04-12,True,59.87,,527.67,,359,
60385,130551,166,28323,,,,,,,,9,,2:19.81,,,,,1536,True,Distance,352,835,769.5,M,False,3,2026-04-11,2026-04-12,True,59.8,,526.25,,357,
60386,130553,117,3996,,,,,,,,9,,2:19.97,,,,,1536,True,Distance,349,832,765.0,M,False,3,2026-04-11,2026-04-12,True,59.72,,524.62,,355,
60387,130555,124,28295,,,,,,,,9,,2:20.44,,,,,1536,True,Distance,341,825,753.5,M,False,3,2026-04-11,2026-04-12,True,59.49,,519.87,,349,
60388,130557,171,11413,,,,,,,,9,,2:21.43,,,,,1536,True,Distance,325,810,730.0,M,False,3,2026-04-11,2026-04-12,True,59.01,,509.96,,337,
60389,130559,43,26,,,,,,,,9,,2:22.32,,,,,1536,True,Distance,311,797,709.5,M,False,3,2026-04-11,2026-04-12,True,58.58,,501.17,,327,
60390,130561,102,340,,,,,,,,9,,2:23.81,,,,,1536,True,Distance,288,775,675.5,M,False,3,2026-04-11,2026-04-12,True,57.87,,486.7,,309,
60391,130563,146,1309,,,,,,,,9,,2:24.84,,,,,1536,True,Distance,273,760,653.0,M,False,3,2026-04-11,2026-04-12,True,57.4,,476.87,,297,
60392,130565,43,20468,,,,,,,,9,,2:25.22,,,,,1536,True,Distance,267,755,644.5,M,False,3,2026-04-11,2026-04-12,True,57.22,,473.28,,293,
60393,130567,178,3082,,,,,,,,9,,2:26.10,,,,,1536,True,Distance,255,742,626.0,M,False,3,2026-04-11,2026-04-12,True,56.82,,465.04,,283,
60394,130569,117,15,,,,,,,,9,,2:27.02,,,,,1536,True,Distance,242,729,606.5,M,False,3,2026-04-11,2026-04-12,True,56.41,,456.53,,272,
60395,130571,164,801,,,,,,,,9,,2:27.48,,,,,1536,True,Distance,235,722,596.0,M,False,3,2026-04-11,2026-04-12,True,56.21,,452.31,,267,
60396,130573,112,26985,,,,,,,,9,,2:28.30,,,,,1536,True,Distance,224,711,579.5,M,False,3,2026-04-11,2026-04-12,True,55.85,,444.86,,258,
60397,130575,63,27400,,,,,,,,9,,2:29.22,,,,,1536,True,Distance,212,698,561.0,M,False,3,2026-04-11,2026-04-12,True,55.45,,436.59,,248,
60398,130579,117,5665,,,,,,,,9,,2:30.48,,,,,1536,True,Distance,196,681,536.5,M,False,3,2026-04-11,2026-04-12,True,54.92,,425.44,,234,
60399,130581,76,26097,,,,,,,,9,,2:31.32,,,,,1536,True,Distance,186,669,520.5,M,False,3,2026-04-11,2026-04-12,True,54.56,,418.11,,225,
60400,130583,167,29694,,,,,,,,9,,2:33.46,,,,,1536,True,Distance,161,641,481.5,M,False,3,2026-04-11,2026-04-12,True,53.69,,399.79,,203,
60401,130585,37,27758,,,,,,,,9,,2:34.97,,,,,1536,True,Distance,144,621,454.5,M,False,3,2026-04-11,2026-04-12,True,53.08,,387.17,,188,
60402,130587,122,23485,,,,,,,,9,,2:35.26,,,,,1536,True,Distance,141,617,449.5,M,False,3,2026-04-11,2026-04-12,True,52.97,,384.78,,185,
60403,130589,146,30065,,,,,,,,9,,2:35.90,,,,,1536,True,Distance,134,609,438.5,M,False,3,2026-04-11,2026-04-12,True,52.72,,379.52,,178,
60404,130591,56,31516,,,,,,,,9,,2:39.24,,,,,1536,True,Distance,102,566,385.0,M,False,3,2026-04-11,2026-04-12,True,51.45,,352.78,,146,
60405,130593,146,31550,,,,,,,,9,,2:41.71,,,,,1536,True,Distance,81,536,349.0,M,False,3,2026-04-11,2026-04-12,True,50.54,,333.71,,123,
60406,130595,117,3993,,,,,,,,9,,3:02.29,,,,,1536,True,Distance,0,315,157.5,M,False,3,2026-04-11,2026-04-12,True,44.06,,194.95,,0,
60435,130657,167,673,,,,,,,,20,,9:51.37,,,,,1536,True,Distance,514,959,993.5,M,False,3,2026-04-11,2026-04-12,True,59.82,,635.0,,631,
60436,130659,85,28257,,,,,,,,20,,9:54.30,,,,,1536,True,Distance,502,950,977.0,M,False,3,2026-04-11,2026-04-12,True,59.49,,628.06,,623,
60437,130661,146,26627,,,,,,,,20,,9:59.45,,,,,1536,True,Distance,481,934,948.0,M,False,3,2026-04-11,2026-04-12,True,58.91,,616.03,,609,
60438,130662,56,130,,,,,,,,20,,10:02.00,,,,,1536,True,Distance,471,926,934.0,M,False,3,2026-04-11,2026-04-12,True,58.63,,610.15,,602,
60439,130664,124,2855,,,,,,,,20,,10:06.41,,,,,1536,True,Distance,454,912,910.0,M,False,3,2026-04-11,2026-04-12,True,58.15,,600.1,,591,
60440,130666,11,28696,,,,,,,,20,,10:09.53,,,,,1536,True,Distance,441,902,892.0,M,False,3,2026-04-11,2026-04-12,True,57.81,,593.07,,583,
60441,130668,167,685,,,,,,,,20,,10:12.63,,,,,1536,True,Distance,430,893,876.5,M,False,3,2026-04-11,2026-04-12,True,57.48,,586.16,,575,
60442,130670,162,3169,,,,,,,,20,,10:13.95,,,,,1536,True,Distance,425,889,869.5,M,False,3,2026-04-11,2026-04-12,True,57.34,,583.24,,571,
60443,130672,107,27296,,,,,,,,20,,10:17.75,,,,,1536,True,Distance,411,878,850.0,M,False,3,2026-04-11,2026-04-12,True,56.94,,574.9,,562,
60444,130674,178,1815,,,,,,,,20,,10:20.74,,,,,1536,True,Distance,400,869,834.5,M,False,3,2026-04-11,2026-04-12,True,56.63,,568.41,,554,
60445,130676,61,19529,,,,,,,,20,,10:24.44,,,,,1536,True,Distance,386,857,814.5,M,False,3,2026-04-11,2026-04-12,True,56.25,,560.47,,545,
60446,130678,233,31204,,,,,,,,20,,10:28.70,,,,,1536,True,Distance,371,845,793.5,M,False,3,2026-04-11,2026-04-12,True,55.82,,551.44,,535,
60447,130680,96,367,,,,,,,,20,,10:30.95,,,,,1536,True,Distance,363,838,782.0,M,False,3,2026-04-11,2026-04-12,True,55.59,,546.72,,529,
60450,130682,117,161,,,,,,,,20,,10:38.57,,,,,1536,True,Distance,337,816,745.0,M,False,3,2026-04-11,2026-04-12,True,54.84,,530.98,,511,
60451,130684,117,166,,,,,,,,20,,10:43.73,,,,,1536,True,Distance,320,801,720.5,M,False,3,2026-04-11,2026-04-12,True,54.34,,520.54,,499,
60452,130686,124,1999,,,,,,,,20,,10:52.43,,,,,1536,True,Distance,292,776,680.0,M,False,3,2026-04-11,2026-04-12,True,53.52,,503.3,,479,
60453,130688,59,1632,,,,,,,,20,,10:57.63,,,,,1536,True,Distance,276,761,656.5,M,False,3,2026-04-11,2026-04-12,True,53.04,,493.21,,468,
60454,130690,124,19424,,,,,,,,20,,11:02.22,,,,,1536,True,Distance,262,749,636.5,M,False,3,2026-04-11,2026-04-12,True,52.63,,484.44,,458,
60455,130694,61,2259,,,,,,,,20,,11:06.43,,,,,1536,True,Distance,250,737,618.5,M,False,3,2026-04-11,2026-04-12,True,52.25,,476.5,,449,
60456,130696,146,24568,,,,,,,,20,,11:09.84,,,,,1536,True,Distance,240,727,603.5,M,False,3,2026-04-11,2026-04-12,True,51.95,,470.14,,441,
60457,130698,88,11485,,,,,,,,20,,11:10.97,,,,,1536,True,Distance,237,724,599.0,M,False,3,2026-04-11,2026-04-12,True,51.85,,468.05,,439,
60458,130700,124,11307,,,,,,,,20,,11:18.17,,,,,1536,True,Distance,217,705,569.5,M,False,3,2026-04-11,2026-04-12,True,51.22,,454.88,,424,
60459,130704,162,3790,,,,,,,,20,,11:28.04,,,,,1536,True,Distance,192,678,531.0,M,False,3,2026-04-11,2026-04-12,True,50.39,,437.28,,404,
60460,130706,112,3336,,,,,,,,20,,11:33.39,,,,,1536,True,Distance,178,664,510.0,M,False,3,2026-04-11,2026-04-12,True,49.95,,427.95,,393,
60461,130708,167,778,,,,,,,,20,,11:36.75,,,,,1536,True,Distance,170,655,497.5,M,False,3,2026-04-11,2026-04-12,True,49.67,,422.16,,386,
60462,130710,162,4397,,,,,,,,20,,11:46.09,,,,,1536,True,Distance,149,631,464.5,M,False,3,2026-04-11,2026-04-12,True,48.93,,406.36,,368,
60463,130712,167,3011,,,,,,,,20,,11:48.49,,,,,1536,True,Distance,143,625,455.5,M,False,3,2026-04-11,2026-04-12,True,48.74,,402.37,,363,
60464,130714,167,760,,,,,,,,20,,11:58.60,,,,,1536,True,Distance,122,600,422.0,M,False,3,2026-04-11,2026-04-12,True,47.96,,385.84,,344,
60465,130716,117,15,,,,,,,,20,,12:04.86,,,,,1536,True,Distance,110,584,402.0,M,False,3,2026-04-11,2026-04-12,True,47.49,,375.84,,333,
60466,130718,101,8022,,,,,,,,20,,12:20.99,,,,,1536,True,Distance,81,545,353.5,M,False,3,2026-04-11,2026-04-12,True,46.31,,350.85,,304,
60467,130720,159,674,,,,,,,,20,,12:25.91,,,,,1536,True,Distance,73,534,340.0,M,False,3,2026-04-11,2026-04-12,True,45.96,,343.44,,296,
60468,130722,63,25680,,,,,,,,20,,12:37.18,,,,,1536,True,Distance,57,507,310.5,M,False,3,2026-04-11,2026-04-12,True,45.18,,326.84,,277,
60469,130724,117,8060,,,,,,,,20,,12:42.02,,,,,1536,True,Distance,50,496,298.0,M,False,3,2026-04-11,2026-04-12,True,44.85,,319.86,,269,
60470,130726,59,4081,,,,,,,,20,,12:54.86,,,,,1536,True,Distance,35,468,269.0,M,False,3,2026-04-11,2026-04-12,True,44.0,,301.76,,248,
60471,130728,59,1652,,,,,,,,20,,13:19.45,,,,,1536,True,Distance,13,415,220.5,M,False,3,2026-04-11,2026-04-12,True,42.45,,268.73,,210,
60472,130730,167,29694,,,,,,,,20,,13:37.25,,,,,1536,True,Distance,4,379,193.5,M,False,3,2026-04-11,2026-04-12,True,41.39,,246.05,,184,
60473,130732,117,3993,,,,,,,,20,,13:41.30,,,,,1536,True,Distance,2,371,187.5,M,False,3,2026-04-11,2026-04-12,True,41.15,,241.03,,178,
60474,130734,204,3605,,,,,,,,20,,13:43.08,,,,,1536,True,Distance,2,367,185.5,M,False,3,2026-04-11,2026-04-12,True,41.05,,238.84,,176,
60475,130738,59,2788,,,,,,,,20,,14:03.49,,,,,1536,True,Distance,0,329,164.5,M,False,3,2026-04-11,2026-04-12,True,39.91,,214.38,,147,
60524,130663,59,27216,,,,,,,,20,,10:03.66,,,,,1536,True,Distance,464,921,924.5,M,False,3,2026-04-11,2026-04-12,True,58.45,,606.35,,598,
60525,130665,124,3837,,,,,,,,20,,10:06.42,,,,,1536,True,Distance,454,912,910.0,M,False,3,2026-04-11,2026-04-12,True,58.14,,600.07,,591,
60526,130667,164,689,,,,,,,,20,,10:09.71,,,,,1536,True,Distance,441,902,892.0,M,False,3,2026-04-11,2026-04-12,True,57.79,,592.67,,582,
60527,130669,159,705,,,,,,,,20,,10:12.80,,,,,1536,True,Distance,429,893,875.5,M,False,3,2026-04-11,2026-04-12,True,57.46,,585.79,,574,
60528,130671,117,8057,,,,,,,,20,,10:14.75,,,,,1536,True,Distance,422,887,865.5,M,False,3,2026-04-11,2026-04-12,True,57.25,,581.48,,569,
60529,130673,166,27000,,,,,,,,20,,10:18.16,,,,,1536,True,Distance,409,876,847.0,M,False,3,2026-04-11,2026-04-12,True,56.9,,574.01,,561,
60530,130675,199,18872,,,,,,,,20,,10:24.38,,,,,1536,True,Distance,386,858,815.0,M,False,3,2026-04-11,2026-04-12,True,56.26,,560.6,,545,
60531,130677,61,27214,,,,,,,,20,,10:27.90,,,,,1536,True,Distance,374,847,797.5,M,False,3,2026-04-11,2026-04-12,True,55.9,,553.13,,537,
60532,130679,167,27002,,,,,,,,20,,10:30.68,,,,,1536,True,Distance,364,839,783.5,M,False,3,2026-04-11,2026-04-12,True,55.62,,547.28,,530,
60533,130681,124,26966,,,,,,,,20,,10:32.16,,,,,1536,True,Distance,359,835,776.5,M,False,3,2026-04-11,2026-04-12,True,55.47,,544.2,,526,
60534,130702,162,1288,,,,,,,,20,,11:19.93,,,,,1536,True,Distance,213,700,563.0,M,False,3,2026-04-11,2026-04-12,True,51.07,,451.71,,420,
60535,130692,124,11304,,,,,,,,20,,11:03.61,,,,,1536,True,Distance,258,745,630.5,M,False,3,2026-04-11,2026-04-12,True,52.5,,481.81,,455,
60536,130736,204,24438,,,,,,,,20,,13:51.32,,,,,1536,True,Distance,0,352,176.0,M,False,3,2026-04-11,2026-04-12,True,40.58,,228.82,,164,
60537,130683,101,8014,,,,,,,,20,,10:41.27,,,,,1536,True,Distance,328,808,732.0,M,False,3,2026-04-11,2026-04-12,True,54.58,,525.49,,505,
60538,130685,169,29753,,,,,,,,20,,10:49.33,,,,,1536,True,Distance,302,785,694.5,M,False,3,2026-04-11,2026-04-12,True,53.81,,509.39,,486,
60539,130687,146,3713,,,,,,,,20,,10:56.04,,,,,1536,True,Distance,281,766,664.0,M,False,3,2026-04-11,2026-04-12,True,53.19,,496.28,,471,
60540,130689,233,31311,,,,,,,,20,,10:59.71,,,,,1536,True,Distance,270,756,648.0,M,False,3,2026-04-11,2026-04-12,True,52.85,,489.22,,463,
60541,130691,59,1631,,,,,,,,20,,11:03.17,,,,,1536,True,Distance,260,746,633.0,M,False,3,2026-04-11,2026-04-12,True,52.54,,482.64,,456,
60542,130693,85,28744,,,,,,,,20,,11:04.23,,,,,1536,True,Distance,257,743,628.5,M,False,3,2026-04-11,2026-04-12,True,52.45,,480.64,,453,
60543,130695,117,23472,,,,,,,,20,,11:08.45,,,,,1536,True,Distance,244,731,609.5,M,False,3,2026-04-11,2026-04-12,True,52.07,,472.73,,444,
60544,130697,56,24986,,,,,,,,20,,11:10.06,,,,,1536,True,Distance,240,727,603.5,M,False,3,2026-04-11,2026-04-12,True,51.93,,469.74,,441,
60545,130699,178,27454,,,,,,,,20,,11:12.02,,,,,1536,True,Distance,234,721,594.5,M,False,3,2026-04-11,2026-04-12,True,51.76,,466.11,,437,
60546,130701,146,1216,,,,,,,,20,,11:19.64,,,,,1536,True,Distance,213,701,563.5,M,False,3,2026-04-11,2026-04-12,True,51.1,,452.23,,421,
60547,130703,167,2608,,,,,,,,20,,11:20.40,,,,,1536,True,Distance,211,699,560.5,M,False,3,2026-04-11,2026-04-12,True,51.03,,450.86,,419,
60548,130705,167,18977,,,,,,,,20,,11:32.09,,,,,1536,True,Distance,182,668,516.0,M,False,3,2026-04-11,2026-04-12,True,50.05,,430.2,,395,
60549,130707,159,16118,,,,,,,,20,,11:34.43,,,,,1536,True,Distance,176,661,506.5,M,False,3,2026-04-11,2026-04-12,True,49.86,,426.15,,391,
60550,130709,117,31,,,,,,,,20,,11:39.47,,,,,1536,True,Distance,164,648,488.0,M,False,3,2026-04-11,2026-04-12,True,49.45,,417.52,,381,
60551,130711,171,27498,,,,,,,,20,,11:48.35,,,,,1536,True,Distance,144,626,457.0,M,False,3,2026-04-11,2026-04-12,True,48.75,,402.6,,364,
60552,130713,117,8058,,,,,,,,20,,11:55.12,,,,,1536,True,Distance,129,608,433.0,M,False,3,2026-04-11,2026-04-12,True,48.22,,391.48,,351,
60553,130715,159,30109,,,,,,,,20,,12:02.18,,,,,1536,True,Distance,115,591,410.5,M,False,3,2026-04-11,2026-04-12,True,47.69,,380.1,,338,
60554,130717,107,2032,,,,,,,,20,,12:17.88,,,,,1536,True,Distance,86,553,362.5,M,False,3,2026-04-11,2026-04-12,True,46.53,,355.58,,310,
60555,130719,124,27313,,,,,,,,20,,12:22.55,,,,,1536,True,Distance,79,541,349.5,M,False,3,2026-04-11,2026-04-12,True,46.2,,348.49,,302,
60556,130723,178,27461,,,,,,,,20,,12:37.78,,,,,1536,True,Distance,56,506,309.0,M,False,3,2026-04-11,2026-04-12,True,45.14,,325.97,,276,
60557,130725,117,2037,,,,,,,,20,,12:42.29,,,,,1536,True,Distance,50,496,298.0,M,False,3,2026-04-11,2026-04-12,True,44.83,,319.47,,268,
60558,130727,107,19437,,,,,,,,20,,13:03.86,,,,,1536,True,Distance,26,448,250.0,M,False,3,2026-04-11,2026-04-12,True,43.42,,289.43,,234,
60559,130729,204,26618,,,,,,,,20,,13:25.31,,,,,1536,True,Distance,10,403,211.5,M,False,3,2026-04-11,2026-04-12,True,42.09,,261.15,,201,
60560,130733,204,3602,,,,,,,,20,,13:42.29,,,,,1536,True,Distance,2,369,186.5,M,False,3,2026-04-11,2026-04-12,True,41.1,,239.81,,177,
60561,130735,159,2168,,,,,,,,20,,13:45.04,,,,,1536,True,Distance,1,364,183.0,M,False,3,2026-04-11,2026-04-12,True,40.94,,236.44,,173,
60621,130737,188,950,,,,,,,,20,,13:57.91,,,,,1536,True,Distance,0,339,169.5,M,False,3,2026-04-11,2026-04-12,True,40.21,,220.95,,155,
60622,130731,111,984,,,,,,,,20,,13:39.05,,,,,1536,True,Distance,3,375,190.5,M,False,3,2026-04-11,2026-04-12,True,41.28,,243.82,,181,
60623,130721,171,2354,,,,,,,,20,,12:28.69,,,,,1536,True,Distance,69,527,332.5,M,False,3,2026-04-11,2026-04-12,True,45.76,,339.3,,291,
60652,130952,79,28318,,,,,,,,9,,2:07.45,,,,,1538,True,Distance,588,1033,1104.5,M,False,3,2026-04-10,2026-04-11,False,66.62,,664.12,,525,
60653,130953,79,7954,,,,,,,,9,,2:12.89,,,,,1538,True,Distance,477,943,948.5,M,False,3,2026-04-10,2026-04-11,False,63.44,,600.28,,447,
60654,130954,79,26921,,,,,,,,9,,2:14.46,,,,,1538,True,Distance,447,918,906.0,M,False,3,2026-04-10,2026-04-11,False,62.58,,582.81,,426,
60655,130955,79,31388,,,,,,,,9,,2:18.50,,,,,1538,True,Distance,374,855,801.5,M,False,3,2026-04-10,2026-04-11,False,60.46,,539.69,,374,
60656,130956,79,26922,,,,,,,,9,,2:21.49,,,,,1538,True,Distance,324,809,728.5,M,False,3,2026-04-10,2026-04-11,False,58.98,,509.37,,337,
60657,130957,79,31388,,,,,,,,11,,4:15.38,,,,,1538,True,Distance,683,1085,1225.5,M,False,3,2026-04-10,2026-04-11,False,65.31,,725.4,,569,
60658,130958,79,7950,,,,,,,,11,,4:18.74,,,,,1538,True,Distance,648,1059,1177.5,M,False,3,2026-04-10,2026-04-11,False,64.35,,705.31,,545,
60659,130959,79,26921,,,,,,,,11,,4:28.13,,,,,1538,True,Distance,555,990,1050.0,M,False,3,2026-04-10,2026-04-11,False,61.81,,651.84,,480,
60660,130960,79,28318,,,,,,,,11,,4:28.85,,,,,1538,True,Distance,548,985,1040.5,M,False,3,2026-04-10,2026-04-11,False,61.62,,647.89,,475,
60661,130961,79,27377,,,,,,,,11,,4:30.90,,,,,1538,True,Distance,529,970,1014.0,M,False,3,2026-04-10,2026-04-11,False,61.09,,636.77,,461,
60662,130962,79,26922,,,,,,,,11,,4:33.91,,,,,1538,True,Distance,501,948,975.0,M,False,3,2026-04-10,2026-04-11,False,60.33,,620.74,,442,
60663,130963,79,26925,,,,,,,,11,,4:39.70,,,,,1538,True,Distance,450,907,903.5,M,False,3,2026-04-10,2026-04-11,False,58.93,,590.88,,405,
60664,130964,79,31043,,,,,,,,11,,4:54.94,,,,,1538,True,Distance,329,804,731.0,M,False,3,2026-04-10,2026-04-11,False,55.51,,517.89,,316,
60665,130965,79,31554,,,,,,,,11,,5:03.88,,,,,1538,True,Distance,267,747,640.5,M,False,3,2026-04-10,2026-04-11,False,53.68,,478.48,,268,
60666,130966,79,26919,,,,,,,,17,,15:42.04,,,,,1538,True,Distance,688,1083,1229.5,M,False,3,2026-04-10,2026-04-11,False,66.01,,761.67,,586,
60670,130967,79,7950,,,,,,,,17,,16:24.75,,,,,1538,True,Distance,575,1004,1077.0,M,False,3,2026-04-10,2026-04-11,False,62.7,,696.09,,507,
60671,130968,79,27377,,,,,,,,17,,16:25.81,,,,,1538,True,Distance,573,1003,1074.5,M,False,3,2026-04-10,2026-04-11,False,62.62,,694.53,,505,
60672,130969,79,31040,,,,,,,,17,,16:27.04,,,,,1538,True,Distance,569,1000,1069.0,M,False,3,2026-04-10,2026-04-11,False,62.53,,692.73,,503,
60673,130970,79,26925,,,,,,,,17,,17:59.57,,,,,1538,True,Distance,360,841,780.5,M,False,3,2026-04-10,2026-04-11,False,56.35,,569.04,,353,
60674,130971,79,31043,,,,,,,,17,,18:28.92,,,,,1538,True,Distance,304,793,700.5,M,False,3,2026-04-10,2026-04-11,False,54.61,,534.11,,311,
60675,130972,79,28749,,,,,,,,17,,18:36.69,,,,,1538,True,Distance,290,781,680.5,M,False,3,2026-04-10,2026-04-11,False,54.17,,525.18,,301,
60679,130976,79,7953,,,,,,,,20,,11:39.99,,,,,1538,True,Distance,163,647,486.5,M,False,3,2026-04-10,2026-04-11,False,49.41,,416.63,,380,
60780,131091,146,29608,,,,,,,,9,,2:02.62,,,,,1539,True,Distance,697,1116,1255.0,M,False,3,2026-04-03,2026-04-04,False,69.72,,725.55,,600,
60781,131093,146,29458,,,,,,,,9,,2:05.80,,,,,1539,True,Distance,625,1061,1155.5,M,False,3,2026-04-03,2026-04-04,False,67.65,,684.57,,550,
60782,131095,146,29674,,,,,,,,9,,2:07.96,,,,,1539,True,Distance,578,1024,1090.0,M,False,3,2026-04-03,2026-04-04,False,66.31,,657.9,,518,
60783,131097,146,4387,,,,,,,,9,,2:09.14,,,,,1539,True,Distance,553,1004,1055.0,M,False,3,2026-04-03,2026-04-04,False,65.6,,643.71,,500,
60784,131099,146,30057,,,,,,,,9,,2:12.72,,,,,1539,True,Distance,480,946,953.0,M,False,3,2026-04-03,2026-04-04,False,63.54,,602.19,,450,
60787,131111,146,27496,,,,,,,,11,,4:21.31,,,,,1539,True,Distance,621,1040,1141.0,M,False,3,2026-04-03,2026-04-04,False,63.64,,690.3,,526,
60788,131113,146,24909,,,,,,,,11,,4:48.41,,,,,1539,True,Distance,379,848,803.0,M,False,3,2026-04-03,2026-04-04,False,56.92,,548.22,,353,
60789,131115,146,30065,,,,,,,,11,,5:21.56,,,,,1539,True,Distance,163,639,482.5,M,False,3,2026-04-03,2026-04-04,False,50.38,,407.0,,181,
60834,131219,158,2456,,,,,,,,9,,2:09.20,,,,,1539,True,Distance,551,1003,1052.5,M,False,3,2026-04-03,2026-04-04,False,65.57,,642.99,,500,
60835,131221,158,16123,,,,,,,,9,,2:15.32,,,,,1539,True,Distance,431,904,883.0,M,False,3,2026-04-03,2026-04-04,False,62.12,,573.42,,415,
60836,131223,158,30988,,,,,,,,9,,2:21.20,,,,,1539,True,Distance,329,814,736.0,M,False,3,2026-04-03,2026-04-04,False,59.12,,512.25,,340,
60837,131225,158,21482,,,,,,,,9,,2:23.71,,,,,1539,True,Distance,290,777,678.5,M,False,3,2026-04-03,2026-04-04,False,57.92,,487.66,,310,
60838,131227,158,27206,,,,,,,,9,,2:29.34,,,,,1539,True,Distance,211,696,559.0,M,False,3,2026-04-03,2026-04-04,False,55.4,,435.52,,247,
60841,131233,158,31560,,,,,,,,11,,4:34.11,,,,,1539,True,Distance,499,947,972.5,M,False,3,2026-04-03,2026-04-04,False,60.28,,619.69,,440,
60842,131235,158,24594,,,,,,,,11,,4:45.68,,,,,1539,True,Distance,401,866,834.0,M,False,3,2026-04-03,2026-04-04,False,57.54,,561.32,,369,
60843,131237,158,27209,,,,,,,,11,,4:53.76,,,,,1539,True,Distance,338,812,744.0,M,False,3,2026-04-03,2026-04-04,False,55.76,,523.28,,323,
60844,131239,158,2900,,,,,,,,11,,4:57.53,,,,,1539,True,Distance,311,787,704.5,M,False,3,2026-04-03,2026-04-04,False,54.96,,506.23,,302,
60845,131241,158,16141,,,,,,,,11,,5:06.30,,,,,1539,True,Distance,251,731,616.5,M,False,3,2026-04-03,2026-04-04,False,53.2,,468.21,,256,
60848,131247,158,2438,,,,,,,,17,,14:57.53,,,,,1539,True,Distance,817,1168,1401.0,M,False,3,2026-04-03,2026-04-04,False,69.82,,836.66,,676,
60849,131249,158,2463,,,,,,,,17,,17:33.07,,,,,1539,True,Distance,415,885,857.5,M,False,3,2026-04-03,2026-04-04,False,58.0,,602.24,,393,
60850,131251,158,2897,,,,,,,,17,,17:55.17,,,,,1539,True,Distance,369,848,793.0,M,False,3,2026-04-03,2026-04-04,False,56.61,,574.44,,360,
60851,131253,158,2470,,,,,,,,17,,17:59.32,,,,,1539,True,Distance,361,841,781.5,M,False,3,2026-04-03,2026-04-04,False,56.36,,569.34,,354,
60852,131255,158,16141,,,,,,,,17,,19:37.59,,,,,1539,True,Distance,191,687,534.5,M,False,3,2026-04-03,2026-04-04,False,50.92,,459.2,,221,
60854,131259,158,16124,,,,,,,,18,,37:14.23,,,,,1539,True,Distance,439,878,878.0,M,False,3,2026-04-03,2026-04-04,False,56.48,,590.34,,396,
60867,131090,146,29775,,,,,,,,9,,2:01.57,,,,,1539,True,Distance,722,1134,1289.0,M,False,3,2026-04-03,2026-04-04,False,70.43,,739.55,,617,
60868,131092,146,29607,,,,,,,,9,,2:04.44,,,,,1539,True,Distance,655,1084,1197.0,M,False,3,2026-04-03,2026-04-04,False,68.52,,701.84,,571,
60869,131094,146,29456,,,,,,,,9,,2:07.94,,,,,1539,True,Distance,578,1024,1090.0,M,False,3,2026-04-03,2026-04-04,False,66.32,,658.14,,518,
60870,131096,146,27979,,,,,,,,9,,2:08.11,,,,,1539,True,Distance,574,1022,1085.0,M,False,3,2026-04-03,2026-04-04,False,66.22,,656.08,,516,
60871,131098,146,3699,,,,,,,,9,,2:12.48,,,,,1539,True,Distance,485,950,960.0,M,False,3,2026-04-03,2026-04-04,False,63.67,,604.9,,453,
60872,131100,146,1309,,,,,,,,9,,2:25.61,,,,,1539,True,Distance,262,749,636.5,M,False,3,2026-04-03,2026-04-04,False,57.05,,469.62,,288,
60876,131110,146,29458,,,,,,,,11,,4:18.56,,,,,1539,True,Distance,649,1061,1179.5,M,False,3,2026-04-03,2026-04-04,False,64.4,,706.38,,546,
60877,131112,146,24568,,,,,,,,11,,4:42.68,,,,,1539,True,Distance,425,887,868.5,M,False,3,2026-04-03,2026-04-04,False,58.23,,575.99,,387,
60878,131114,146,1309,,,,,,,,11,,5:03.35,,,,,1539,True,Distance,271,750,646.0,M,False,3,2026-04-03,2026-04-04,False,53.78,,480.76,,271,
60923,131218,158,2899,,,,,,,,9,,2:05.04,,,,,1539,True,Distance,642,1074,1179.0,M,False,3,2026-04-03,2026-04-04,False,68.13,,694.17,,562,
60924,131220,158,2467,,,,,,,,9,,2:14.11,,,,,1539,True,Distance,453,923,914.5,M,False,3,2026-04-03,2026-04-04,False,62.77,,586.67,,431,
60925,131222,158,24594,,,,,,,,9,,2:17.55,,,,,1539,True,Distance,391,869,825.5,M,False,3,2026-04-03,2026-04-04,False,60.94,,549.6,,386,
60926,131224,158,16132,,,,,,,,9,,2:22.50,,,,,1539,True,Distance,308,794,705.0,M,False,3,2026-04-03,2026-04-04,False,58.49,,499.41,,325,
60927,131226,158,2469,,,,,,,,9,,2:27.44,,,,,1539,True,Distance,236,723,597.5,M,False,3,2026-04-03,2026-04-04,False,56.23,,452.68,,268,
60928,131228,158,27205,,,,,,,,9,,2:32.61,,,,,1539,True,Distance,170,652,496.0,M,False,3,2026-04-03,2026-04-04,False,54.03,,407.01,,212,
60930,131232,158,2456,,,,,,,,11,,4:24.75,,,,,1539,True,Distance,587,1015,1094.5,M,False,3,2026-04-03,2026-04-04,False,62.7,,670.65,,503,
60931,131234,158,2467,,,,,,,,11,,4:45.40,,,,,1539,True,Distance,403,868,837.0,M,False,3,2026-04-03,2026-04-04,False,57.6,,562.67,,371,
60932,131236,158,16132,,,,,,,,11,,4:52.64,,,,,1539,True,Distance,346,819,755.5,M,False,3,2026-04-03,2026-04-04,False,56.0,,528.42,,329,
60933,131238,158,21482,,,,,,,,11,,4:56.18,,,,,1539,True,Distance,320,796,718.0,M,False,3,2026-04-03,2026-04-04,False,55.25,,512.29,,309,
60934,131240,158,2469,,,,,,,,11,,4:59.07,,,,,1539,True,Distance,300,777,688.5,M,False,3,2026-04-03,2026-04-04,False,54.65,,499.4,,294,
60935,131242,158,27205,,,,,,,,11,,5:19.36,,,,,1539,True,Distance,175,652,501.0,M,False,3,2026-04-03,2026-04-04,False,50.77,,415.46,,191,
60937,131246,158,16123,,,,,,,,20,,11:23.58,,,,,1539,True,Distance,203,690,548.0,M,False,3,2026-04-03,2026-04-04,False,50.76,,445.17,,413,
60938,131248,158,2437,,,,,,,,17,,15:45.87,,,,,1539,True,Distance,678,1076,1216.0,M,False,3,2026-04-03,2026-04-04,False,65.7,,755.55,,578,
60939,131250,158,27209,,,,,,,,17,,17:51.08,,,,,1539,True,Distance,378,855,805.5,M,False,3,2026-04-03,2026-04-04,False,56.87,,579.5,,366,
60940,131252,158,2900,,,,,,,,17,,17:56.52,,,,,1539,True,Distance,367,846,790.0,M,False,3,2026-04-03,2026-04-04,False,56.53,,572.78,,358,
60941,131254,158,27204,,,,,,,,17,,19:12.94,,,,,1539,True,Distance,228,724,590.0,M,False,3,2026-04-03,2026-04-04,False,52.19,,485.07,,252,
62094,130433,59,24997,,,,,,,,9,,2:03.78,,,,,1536,True,Distance,670,1095,1217.5,M,False,3,2026-04-11,2026-04-12,True,68.95,,710.35,,582,
62117,129081,112,27298,,,,,,,,11,,4:10.03,,,,,1536,True,Distance,740,1126,1303.0,M,False,3,2026-04-11,2026-04-12,True,66.9,,758.51,,610,
62118,132827,1,27953,,,,,,,,9,,2:02.51,,,,,1554,True,Distance,700,1118,1259.0,M,False,3,2026-04-16,2026-04-18,False,69.79,,727.0,,602,
62119,132828,1,20469,,,,,,,,9,,2:20.26,,,,,1554,True,Distance,344,828,758.0,M,False,3,2026-04-16,2026-04-18,False,59.58,,521.68,,352,
62121,132830,1,7,Sr,,,,,,,11,,4:15.66,,,,,1554,True,Distance,680,1083,1221.5,M,False,3,2026-04-16,2026-04-18,False,65.23,,723.71,,567,
62122,132831,1,27953,,,,,,,,11,,4:16.96,,,,,1554,True,Distance,666,1073,1202.5,M,False,3,2026-04-16,2026-04-18,False,64.86,,715.89,,558,
62123,132832,1,150,Sr,,,,,,,11,,4:19.80,,,,,1554,True,Distance,637,1051,1162.5,M,False,3,2026-04-16,2026-04-18,False,64.05,,699.08,,537,
62124,132814,117,8038,So,,,,,,,11,,3:53.35,,,,,1552,True,Distance,934,1259,1563.5,M,False,3,2026-04-16,2026-04-18,False,72.39,,871.46,,748,
62125,132815,117,31746,Jr,,,,,,,11,,3:53.67,,,,,1552,True,Distance,931,1257,1559.5,M,False,3,2026-04-16,2026-04-18,False,72.27,,869.14,,745,
62140,132842,19,26031,Sr,,,,,,,11,Open,3:59.59,,,,,1557,True,Distance,859,1209,1463.5,M,False,3,2026-04-17,2026-04-18,False,70.24,,827.36,,694,
62141,132843,19,5154,Jr,,,,,,,11,Open,4:05.07,,,,,1557,True,Distance,796,1165,1378.5,M,False,3,2026-04-17,2026-04-18,False,68.45,,790.49,,649,
62158,132860,96,1552,,,,,,,,9,,1:59.85,,,,,1558,True,Distance,764,1165,1346.5,M,False,3,2026-04-17,2026-04-17,False,71.62,,763.01,,646,
62159,132861,96,26020,,,,,,,,9,,2:05.02,,,,,1558,True,Distance,642,1074,1179.0,M,False,3,2026-04-17,2026-04-17,False,68.15,,694.43,,562,
62160,132862,96,27744,,,,,,,,11,,4:13.02,,,,,1558,True,Distance,708,1103,1259.5,M,False,3,2026-04-17,2026-04-17,False,66.01,,739.83,,587,
62161,132863,96,1552,,,,,,,,11,,4:18.10,,,,,1558,True,Distance,654,1064,1186.0,M,False,3,2026-04-17,2026-04-17,False,64.53,,709.1,,549,
62162,132864,96,26020,,,,,,,,11,,4:20.90,,,,,1558,True,Distance,626,1043,1147.5,M,False,3,2026-04-17,2026-04-17,False,63.75,,692.67,,529,
62163,132865,96,368,,,,,,,,17,,16:36.06,,,,,1558,True,Distance,547,984,1039.0,M,False,3,2026-04-17,2026-04-17,False,61.87,,679.66,,487,
62164,132866,96,24707,,,,,,,,17,,17:41.61,,,,,1558,True,Distance,397,871,832.5,M,False,3,2026-04-17,2026-04-17,False,57.46,,591.36,,380,
62165,132867,96,27744,,,,,,,,20,,10:14.97,,,,,1558,True,Distance,421,886,864.0,M,False,3,2026-04-17,2026-04-17,False,57.23,,580.99,,569,
62166,132868,96,367,,,,,,,,20,,10:35.95,,,,,1558,True,Distance,346,823,757.5,M,False,3,2026-04-17,2026-04-17,False,55.1,,536.35,,517,
62173,132875,121,8016,,,,,,,,9,,2:03.92,,,,,1558,True,Distance,667,1093,1213.5,M,False,3,2026-04-17,2026-04-17,False,68.86,,708.54,,579,
62174,132876,121,31752,,,,,,,,9,,2:20.95,,,,,1558,True,Distance,333,818,742.0,M,False,3,2026-04-17,2026-04-17,False,59.24,,514.75,,343,
62175,132877,121,3960,,,,,,,,9,,2:43.58,,,,,1558,True,Distance,67,513,323.5,M,False,3,2026-04-17,2026-04-17,False,49.88,,319.66,,105,
62176,132878,121,2799,,,,,,,,9,,2:41.79,,,,,1558,True,Distance,80,535,347.5,M,False,3,2026-04-17,2026-04-17,False,50.52,,333.11,,122,
62177,132879,121,2798,,,,,,,,9,,2:19.08,,,,,1558,True,Distance,364,846,787.0,M,False,3,2026-04-17,2026-04-17,False,60.17,,533.71,,366,
62178,132880,121,31753,,,,,,,,9,,3:28.30,,,,,1558,True,Distance,0,119,59.5,M,False,3,2026-04-17,2026-04-17,False,37.85,,58.8,,0,
62179,132881,121,31754,,,,,,,,11,,5:01.13,,,,,1558,True,Distance,285,764,667.0,M,False,3,2026-04-17,2026-04-17,False,54.23,,490.36,,283,
62180,132882,121,3960,,,,,,,,11,,5:35.63,,,,,1558,True,Distance,99,559,378.5,M,False,3,2026-04-17,2026-04-17,False,48.02,,355.49,,118,
62181,132883,121,2804,,,,,,,,11,,5:02.70,,,,,1558,True,Distance,275,754,652.0,M,False,3,2026-04-17,2026-04-17,False,53.91,,483.55,,274,
62182,132884,121,2806,,,,,,,,17,,17:46.63,,,,,1558,True,Distance,387,862,818.0,M,False,3,2026-04-17,2026-04-17,False,57.14,,585.04,,373,
62183,132885,121,31754,,,,,,,,17,,18:26.18,,,,,1558,True,Distance,309,798,708.0,M,False,3,2026-04-17,2026-04-17,False,54.77,,537.3,,315,
62184,132886,121,3960,,,,,,,,20,,13:47.33,,,,,1558,True,Distance,1,359,180.5,M,False,3,2026-04-17,2026-04-17,False,40.81,,233.65,,170,
62185,132887,121,2804,,,,,,,,20,,12:01.62,,,,,1558,True,Distance,116,592,412.0,M,False,3,2026-04-17,2026-04-17,False,47.73,,381.0,,339,
62186,132888,121,2802,,,,,,,,20,,12:49.49,,,,,1558,True,Distance,41,480,281.0,M,False,3,2026-04-17,2026-04-17,False,44.35,,309.25,,256,
62187,132891,88,24595,So,,,,,,,9,,1:53.09,,,,,1559,True,Distance,939,1289,1583.5,M,False,3,2026-04-10,2026-04-11,False,76.72,,862.14,,767,
62188,132892,88,24595,So,,,,,,,11,,3:52.25,,,,,1559,True,Distance,948,1269,1582.5,M,False,3,2026-04-10,2026-04-11,False,72.78,,879.48,,757,
62191,132911,15,5137,,,,,,,,17,,15:16.83,,,,,1562,True,Distance,760,1131,1325.5,M,False,3,2026-04-16,2026-04-18,False,68.12,,803.25,,636,
62193,132913,166,27000,,,,,,,,11,,4:12.98,,,,,1564,True,Distance,708,1103,1259.5,M,False,3,2026-04-18,2026-04-18,False,66.02,,740.08,,587,
62194,132914,166,27014,,,,,,,,11,,4:31.83,,,,,1564,True,Distance,520,963,1001.5,M,False,3,2026-04-18,2026-04-18,False,60.86,,631.78,,455,
62195,132915,217,28314,,,,,,,,11,,4:32.79,,,,,1564,True,Distance,511,956,989.0,M,False,3,2026-04-18,2026-04-18,False,60.61,,626.67,,449,
62196,132916,166,28323,,,,,,,,11,,4:55.61,,,,,1564,True,Distance,324,800,724.0,M,False,3,2026-04-18,2026-04-18,False,55.37,,514.86,,312,
62197,132917,217,31012,,,,,,,,11,,6:27.47,,,,,1564,True,Distance,0,311,155.5,M,False,3,2026-04-18,2026-04-18,False,40.88,,197.99,,0,
62204,132925,166,27016,,,,,,,,9,,2:00.29,,,,,1564,True,Distance,753,1157,1331.5,M,False,3,2026-04-18,2026-04-18,False,71.31,,756.94,,638,
62205,132926,166,27014,,,,,,,,9,,2:15.66,,,,,1564,True,Distance,425,899,874.5,M,False,3,2026-04-18,2026-04-18,False,61.93,,569.74,,410,
62206,132927,166,28323,,,,,,,,9,,2:25.99,,,,,1564,True,Distance,256,744,628.0,M,False,3,2026-04-18,2026-04-18,False,56.87,,466.06,,284,
62207,132928,166,27000,,,,,,,,20,,10:53.41,,,,,1564,True,Distance,289,773,675.5,M,False,3,2026-04-18,2026-04-18,False,53.43,,501.38,,477,
62254,133009,61,27214,Fr,,,,,,,9,,1:59.26,,,,,1571,True,Distance,779,1175,1366.5,M,False,3,2026-04-03,,False,72.04,,771.21,,656,
62255,133010,61,8146,So,,,,,,,17,,14:46.24,,,,,1572,True,Distance,851,1190,1446.0,M,False,3,2026-04-10,,False,70.85,,856.88,,701,
62256,133011,61,1657,Jr,,,,,,,17,,15:32.08,,,,,1572,True,Distance,716,1102,1267.0,M,False,3,2026-04-10,,False,66.83,,777.83,,605,
62257,133012,61,1658,Jr,,,,,,,17,,16:04.09,,,,,1572,True,Distance,629,1042,1150.0,M,False,3,2026-04-10,,False,64.26,,727.09,,544,
62258,133013,61,25550,Jr,,,,,,,17,,16:08.35,,,,,1572,True,Distance,617,1034,1134.0,M,False,3,2026-04-10,,False,63.93,,720.59,,536,
62316,133057,1,27183,,,,,,,,11,,4:10.84,,,,,1574,True,Distance,731,1120,1291.0,M,False,3,2026-04-24,2026-04-25,False,66.66,,753.41,,603,
62317,133058,1,7,Sr,,,,,,,11,,4:17.52,,,,,1574,True,Distance,660,1069,1194.5,M,False,3,2026-04-24,2026-04-25,False,64.7,,712.55,,554,
62319,133060,1,29780,,,,,,,,17,,15:34.20,,,,,1574,True,Distance,710,1098,1259.0,M,False,3,2026-04-24,2026-04-25,False,66.65,,774.36,,601,
62320,133061,1,31774,Jr,,,,,,,17,,16:26.40,,,,,1574,True,Distance,571,1001,1071.5,M,False,3,2026-04-24,2026-04-25,False,62.58,,693.67,,504,
62321,133062,1,35,Sr,,,,,,,17,,17:53.99,,,,,1574,True,Distance,372,850,797.0,M,False,3,2026-04-24,2026-04-25,False,56.69,,575.89,,362,
62322,133063,124,5500,,,,,,,,9,Invitational,1:50.26,,,,,1574,True,Distance,1018,1343,1689.5,M,False,3,2026-04-24,2026-04-25,False,79.06,,907.25,,822,
62323,133064,124,19426,,,,,,,,9,,2:00.55,,,,,1574,True,Distance,747,1152,1323.0,M,False,3,2026-04-24,2026-04-25,False,71.13,,753.38,,634,
62328,133069,124,27294,,,,,,,,17,,14:51.99,,,,,1574,True,Distance,834,1179,1423.5,M,False,3,2026-04-24,2026-04-25,False,70.32,,846.52,,688,
62329,133070,124,2013,,,,,,,,17,,15:47.60,,,,,1574,True,Distance,673,1073,1209.5,M,False,3,2026-04-24,2026-04-25,False,65.56,,752.8,,575,
62354,133075,17,25229,,,,,,,,9,,1:51.05,,,,,1562,True,Distance,996,1328,1660.0,M,False,3,2026-04-16,2026-04-18,False,78.4,,894.43,,806,
62357,133077,230,31227,Fr,,,,,,,13,,4:27.59,,,,,1575,True,Distance,762,1136,1330.0,M,False,3,2026-05-01,2026-05-01,False,67.6,,779.29,,628,
62358,133078,230,28487,So,,,,,,,13,,4:36.96,,,,,1575,True,Distance,668,1069,1202.5,M,False,3,2026-05-01,2026-05-01,False,65.01,,725.36,,563,
62359,133079,230,28489,Sr,,,,,,,13,,4:44.07,,,,,1575,True,Distance,601,1020,1111.0,M,False,3,2026-05-01,2026-05-01,False,63.17,,686.8,,516,
62360,133080,230,30978,Jr,,,,,,,13,,4:48.69,,,,,1575,True,Distance,559,988,1053.0,M,False,3,2026-05-01,2026-05-01,False,62.03,,662.77,,486,
62361,133081,230,29279,Sr,,,,,,,13,,4:55.21,,,,,1575,True,Distance,503,944,975.0,M,False,3,2026-05-01,2026-05-01,False,60.49,,630.13,,446,
62362,133082,230,28491,Jr,,,,,,,13,,4:58.86,,,,,1575,True,Distance,473,920,933.0,M,False,3,2026-05-01,2026-05-01,False,59.66,,612.48,,425,
62363,133083,230,28494,Jr,,,,,,,13,,5:07.22,,,,,1575,True,Distance,407,866,840.0,M,False,3,2026-05-01,2026-05-01,False,57.84,,573.64,,378,
62364,133084,230,29809,Jr,,,,,,,13,,5:38.20,,,,,1575,True,Distance,206,681,546.5,M,False,3,2026-05-01,2026-05-01,False,51.92,,446.44,,222,
62365,133085,230,29810,Sr,,,,,,,13,,5:52.61,,,,,1575,True,Distance,136,602,437.0,M,False,3,2026-05-01,2026-05-01,False,49.55,,394.89,,160,
62405,130159,112,429,,,,,,,,17,,17:50.08,,,,,1536,True,Distance,380,857,808.5,M,False,3,2026-04-11,2026-04-12,True,56.93,,580.74,,368,
62406,130577,112,429,,,,,,,,9,,2:29.86,,,,,1536,True,Distance,204,689,548.5,M,False,3,2026-04-11,2026-04-12,True,55.18,,430.91,,241,
62480,129166,162,1288,,,,,,,,11,,4:26.03,,,,,1536,True,Distance,575,1005,1077.5,M,False,3,2026-04-11,2026-04-12,True,62.36,,663.47,,494,
62481,130510,162,1288,,,,,,,,9,,2:14.11,,,,,1536,True,Distance,453,923,914.5,M,False,3,2026-04-11,2026-04-12,True,62.77,,586.67,,431,
62500,129295,204,25800,,,,,,,,11,,5:01.77,,,,,1536,True,Distance,281,760,661.0,M,False,3,2026-04-11,2026-04-12,True,54.1,,487.58,,279,
62506,125541,160,27507,,,,,,,,12,,5:36.94,,,,,1497,True,Distance,0,0,0.0,M,False,3,2026-03-15,2026-03-15,False,,,,,,
62520,129317,196,27479,,,,,,,,11,,5:20.12,,,,,1536,True,Distance,171,647,494.5,M,False,3,2026-04-11,2026-04-12,True,50.63,,412.53,,188,
62585,131101,146,1421,,,,,,,,9,,2:38.66,,,,,1539,True,Distance,107,573,393.5,M,False,3,2026-04-03,2026-04-04,False,51.66,,357.34,,151,
62627,131109,146,26627,,,,,,,,11,,4:08.48,,,,,1539,True,Distance,757,1138,1326.0,M,False,3,2026-04-03,2026-04-04,False,67.38,,768.37,,622,
62669,130180,111,984,,,,,,,,17,,18:59.32,,,,,1536,True,Distance,251,745,623.5,M,False,3,2026-04-11,2026-04-12,True,52.92,,499.84,,270,
