,result_id,team_id,athlete_id,grade,athlete_id_2,grade_2,athlete_id_3,grade_3,athlete_id_4,grade_4,running_event_id,event_type,result_time,relay_split,relay_split_2,relay_split_3,wind,meet_id,approved,Track_Event_Type,World_Athletics_Points_Men,World_Athletics_Points_Women,Average_Score,gender,is_hidden,sport_id,start_date,end_date,nationals,VDOT_Men,VDOT_Women,Purdy_Points_Men,Purdy_Points_Women,Mercier_Points_Men,Mercier_Points_Women
2,25973,203,4971,,,,,,,,17,,19:50.92,,,,,339,True,Distance,172,667,505.5,F,False,3,2024-04-14,2024-04-14,False,,50.25,,445.66,,519
3,25974,203,1732,,,,,,,,17,,19:51.16,,,,,339,True,Distance,172,667,505.5,F,False,3,2024-04-14,2024-04-14,False,,50.24,,445.42,,519
4,25975,174,4957,,,,,,,,17,,21:36.68,,,,,339,True,Distance,57,521,317.5,F,False,3,2024-04-14,2024-04-14,False,,45.48,,348.11,,412
5,25976,203,5065,,,,,,,,17,,21:59.37,,,,,339,True,Distance,40,492,286.0,F,False,3,2024-04-14,2024-04-14,False,,44.57,,329.21,,391
133,15258,167,6285,,,,,,,,17,,19:33.06,,,,,193,True,Distance,197,694,544.0,F,False,3,2024-03-22,2024-03-23,False,,51.15,,463.88,,539
134,17053,167,6285,,,,,,,,9,,2:39.34,,,,,227,True,Distance,101,565,383.5,F,False,3,2024-04-06,2024-04-07,True,,51.41,,352.0,,464
135,17251,167,6285,,,,,,,,17,,19:32.83,,,,,227,True,Distance,198,694,545.0,F,False,3,2024-04-06,2024-04-07,True,,51.16,,464.11,,540
136,17515,167,6285,,581.0,,5279.0,,577.0,,26,,10:06.82,,,,,227,True,Relays,0,0,0.0,F,False,3,2024-04-06,2024-04-07,True,,,,,,
137,19559,167,6285,,,,,,,,11,,5:06.80,,,,,253,True,Distance,248,728,612.0,F,False,3,2024-04-19,2024-04-20,False,,53.1,,466.11,,566
138,20870,167,6285,,,,,,,,17,,19:30.29,,,,,271,True,Distance,202,698,551.0,F,False,3,2024-04-26,2024-04-27,False,,51.29,,466.75,,543
152,26031,204,809,,,,,,,,9,,2:24.64,,,,,339,True,Distance,276,763,657.5,F,False,3,2024-04-14,2024-04-14,False,,57.49,,478.77,,605
153,26032,188,807,,,,,,,,9,,2:25.15,,,,,339,True,Distance,268,756,646.0,F,False,3,2024-04-14,2024-04-14,False,,57.25,,473.94,,600
154,26033,203,1732,,,,,,,,9,,2:43.27,,,,,339,True,Distance,69,517,327.5,F,False,3,2024-04-14,2024-04-14,False,,49.99,,321.97,,431
155,26034,204,839,,,,,,,,9,,2:51.18,,,,,339,True,Distance,23,427,236.5,F,False,3,2024-04-14,2024-04-14,False,,47.35,,265.72,,368
265,26059,188,807,,,,,,,,12,,5:33.95,,,,,339,True,Distance,0,0,0.0,F,False,3,2024-04-14,2024-04-14,False,,,,,,
266,26060,188,2081,,,,,,,,12,,5:41.54,,,,,339,True,Distance,0,0,0.0,F,False,3,2024-04-14,2024-04-14,False,,,,,,
267,26062,204,4974,,,,,,,,12,,6:01.46,,,,,339,True,Distance,0,0,0.0,F,False,3,2024-04-14,2024-04-14,False,,,,,,
268,26063,188,5079,,,,,,,,12,,6:10.59,,,,,339,True,Distance,0,0,0.0,F,False,3,2024-04-14,2024-04-14,False,,,,,,
270,26064,205,3531,,,,,,,,12,,6:49.62,,,,,339,True,Distance,0,0,0.0,F,False,3,2024-04-14,2024-04-14,False,,,,,,
271,26065,204,849,,,,,,,,12,,6:55.65,,,,,339,True,Distance,0,0,0.0,F,False,3,2024-04-14,2024-04-14,False,,,,,,
273,26061,188,829,,,,,,,,12,,5:54.65,,,,,339,True,Distance,0,0,0.0,F,False,3,2024-04-14,2024-04-14,False,,,,,,
410,17056,88,4151,Fr,,,,,,,9,,2:40.90,,,,0.0,227,True,Distance,88,546,361.0,F,False,3,2024-04-06,2024-04-07,True,,50.84,,339.9,,451
420,26115,188,3532,,2081.0,,4981.0,,3530.0,,24,,4:39.41,,,,,339,True,Relays,150,628,464.0,F,False,3,2024-04-14,2024-04-14,False,,63.9,,701.68,,463
550,17091,90,497,,,,,,,,9,,2:57.61,,,,0.0,227,True,Distance,3,360,183.0,F,False,3,2024-04-06,2024-04-07,True,,45.39,,223.68,,321
606,17178,90,497,,,,,,,,11,,5:54.61,,,,0.0,227,True,Distance,37,460,267.0,F,False,3,2024-04-06,2024-04-07,True,,45.15,,292.48,,374
1470,20204,139,1483,,,,,,,,9,,2:34.67,,,,,259,True,Distance,147,625,459.5,F,False,3,2024-04-20,2024-04-20,False,,53.2,,389.66,,506
1471,15601,139,4681,,,,,,,,9,,3:14.95,,,,,202,True,Distance,0,208,104.0,F,False,3,2024-03-23,2024-03-23,False,,40.81,,124.14,,211
1546,15609,139,6458,,,,,,,,11,,5:41.15,,,,,202,True,Distance,78,529,342.5,F,False,3,2024-03-23,2024-03-23,False,,47.15,,336.44,,422
1547,16139,139,6458,,,,,,,,14,,12:26.77,,,,,214,True,Distance,70,521,330.5,F,False,3,2024-03-30,2024-03-30,False,,45.9,,342.16,,429
1548,20217,139,5391,,,,,,,,11,,5:39.67,,,,,259,True,Distance,83,537,351.5,F,False,3,2024-04-20,2024-04-20,False,,47.38,,341.49,,428
3342,17244,88,7289,Jr,,,,,,,17,,19:02.05,,,,0.0,227,True,Distance,246,741,616.5,F,False,3,2024-04-06,2024-04-07,True,,52.77,,496.85,,576
4682,14704,60,3371,,3379.0,,3460.0,,3359.0,,26,,11:52.14,,,,,185,True,Relays,0,0,0.0,F,False,3,2024-03-16,2024-03-16,False,,,,,,
4755,20571,86,1456,,,,,,,,17,,20:41.01,,,,,209,True,Distance,109,596,407.0,F,False,3,2024-03-23,2024-03-23,False,,47.89,,397.39,,466
4757,20424,139,1484,,,,,,,,11,,5:44.35,,,,,202,True,Distance,67,512,323.0,F,False,3,2024-03-23,2024-03-23,False,,46.66,,325.68,,410
11941,14554,15,3250,,,,,,,,9,,2:29.52,,,,,178,True,Distance,208,694,555.0,F,False,3,2024-03-08,2024-03-09,False,,55.32,,433.92,,555
11958,14572,19,2297,,,,,,,,11,,5:00.89,,,,,179,True,Distance,287,766,670.0,F,False,3,2024-03-09,2024-03-09,False,,54.28,,491.4,,594
11959,14573,19,5143,,,,,,,,11,,5:18.27,,,,,179,True,Distance,181,658,510.0,F,False,3,2024-03-09,2024-03-09,False,,50.96,,419.7,,514
11960,14575,19,2298,,,,,,,,17,,19:53.27,,,,,179,True,Distance,169,664,501.0,F,False,3,2024-03-09,2024-03-09,False,,50.13,,443.31,,517
11961,14576,19,5144,,,,,,,,17,,20:25.11,,,,,179,True,Distance,128,618,437.0,F,False,3,2024-03-09,2024-03-09,False,,48.61,,412.28,,483
12000,14616,17,4630,,,,,,,,11,,4:53.56,,,,,180,True,Distance,339,813,745.5,F,False,3,2024-03-09,2024-03-09,False,,55.8,,524.19,,630
12001,14617,4,2934,,,,,,,,9,,2:29.82,,,,,180,True,Distance,204,690,549.0,F,False,3,2024-03-09,2024-03-09,False,,55.19,,431.26,,552
12002,14618,4,5172,,,,,,,,9,,2:49.07,,,,,180,True,Distance,33,450,258.0,F,False,3,2024-03-09,2024-03-09,False,,48.03,,280.21,,384
12003,14619,4,3233,,,,,,,,11,,5:02.90,,,,,180,True,Distance,273,753,649.5,F,False,3,2024-03-09,2024-03-09,False,,53.87,,482.69,,584
12004,14620,4,4631,,,,,,,,11,,5:03.78,,,,,180,True,Distance,268,747,641.5,F,False,3,2024-03-09,2024-03-09,False,,53.7,,478.91,,580
12005,14621,4,2922,,,,,,,,11,,5:25.63,,,,,180,True,Distance,143,615,450.5,F,False,3,2024-03-09,2024-03-09,False,,49.67,,391.64,,483
12037,14663,94,5180,,,,,,,,11,,5:10.82,,,,,182,True,Distance,223,703,574.5,F,False,3,2024-03-15,2024-03-15,False,,52.33,,449.45,,547
12046,14673,162,1116,,,,,,,,9,,3:10.96,,,,,183,True,Distance,0,239,119.5,F,False,3,2024-03-16,2024-03-16,False,,41.79,,145.45,,234
12047,14674,162,1116,,,,,,,,17,,24:18.31,,,,,183,True,Distance,0,332,166.0,F,False,3,2024-03-16,2024-03-16,False,,39.61,,226.35,,278
12058,14689,11,3501,,,,,,,,17,,18:15.14,,,,,184,True,Distance,330,815,737.5,F,False,3,2024-03-16,2024-03-16,False,,55.41,,550.28,,635
12072,14703,60,3360,,,,,,,,11,,5:12.91,,,,,185,True,Distance,211,690,556.0,F,False,3,2024-03-16,2024-03-16,False,,51.94,,440.96,,538
12076,14672,162,1122,,,,,,,,9,,2:52.20,,,,,183,True,Distance,18,416,226.0,F,False,3,2024-03-16,2024-03-16,False,,47.03,,258.84,,360
12082,14705,60,3359,,,,,,,,14,,10:56.27,,,,,185,True,Distance,275,750,650.0,F,False,3,2024-03-16,2024-03-16,False,,53.17,,495.83,,593
12083,14706,60,4764,,,,,,,,14,,11:36.90,,,,,185,True,Distance,166,642,487.0,F,False,3,2024-03-16,2024-03-16,False,,49.66,,421.9,,514
12084,14707,60,3360,,,,,,,,14,,11:41.69,,,,,185,True,Distance,155,630,470.0,F,False,3,2024-03-16,2024-03-16,False,,49.28,,413.75,,506
12085,14708,60,3375,,,,,,,,14,,12:13.02,,,,,185,True,Distance,93,553,369.5,F,False,3,2024-03-16,2024-03-16,False,,46.88,,363.06,,452
12086,14709,60,3369,,,,,,,,14,,12:45.34,,,,,185,True,Distance,45,479,284.5,F,False,3,2024-03-16,2024-03-16,False,,44.63,,315.12,,401
12087,14710,60,3379,,,,,,,,14,,12:55.09,,,,,185,True,Distance,34,458,263.0,F,False,3,2024-03-16,2024-03-16,False,,43.98,,301.44,,386
12088,14711,60,3371,,,,,,,,14,,12:57.41,,,,,185,True,Distance,31,453,257.5,F,False,3,2024-03-16,2024-03-16,False,,43.83,,298.24,,383
12101,14728,167,2499,,,,,,,,17,,17:44.21,,,,,186,True,Distance,392,866,825.0,F,False,3,2024-03-16,2024-03-16,False,,57.29,,588.08,,676
12102,14729,86,5193,,,,,,,,17,,21:58.25,,,,,186,True,Distance,41,493,287.5,F,False,3,2024-03-16,2024-03-16,False,,44.61,,330.13,,392
12113,14740,167,577,,,,,,,,11,,5:04.21,,,,,186,True,Distance,265,744,637.0,F,False,3,2024-03-16,2024-03-16,False,,53.61,,477.07,,578
12114,14741,86,1446,,,,,,,,11,,5:13.16,,,,,186,True,Distance,209,689,553.5,F,False,3,2024-03-16,2024-03-16,False,,51.89,,439.96,,537
12115,14742,86,5201,,,,,,,,11,,5:16.12,,,,,186,True,Distance,192,671,527.5,F,False,3,2024-03-16,2024-03-16,False,,51.35,,428.14,,524
12116,14743,167,617,,,,,,,,11,,5:17.44,,,,,186,True,Distance,185,663,516.5,F,False,3,2024-03-16,2024-03-16,False,,51.11,,422.95,,518
12117,14744,167,2512,,,,,,,,11,,5:28.50,,,,,186,True,Distance,129,599,428.5,F,False,3,2024-03-16,2024-03-16,False,,49.19,,381.04,,472
12118,14745,167,621,,,,,,,,11,,5:32.33,,,,,186,True,Distance,112,577,400.5,F,False,3,2024-03-16,2024-03-16,False,,48.55,,367.18,,456
12119,14746,167,616,,,,,,,,11,,5:49.92,,,,,186,True,Distance,50,484,292.0,F,False,3,2024-03-16,2024-03-16,False,,45.83,,307.42,,390
12120,14747,167,5202,,,,,,,,11,,5:58.49,,,,,186,True,Distance,28,441,248.5,F,False,3,2024-03-16,2024-03-16,False,,44.6,,280.42,,360
12121,14748,167,582,,,,,,,,11,,6:01.34,,,,,186,True,Distance,22,427,235.5,F,False,3,2024-03-16,2024-03-16,False,,44.21,,271.73,,351
12122,14749,90,497,,,,,,,,11,,6:01.98,,,,,186,True,Distance,21,424,233.0,F,False,3,2024-03-16,2024-03-16,False,,44.12,,269.8,,348
12123,14750,167,5203,,,,,,,,11,,6:06.49,,,,,186,True,Distance,13,403,214.5,F,False,3,2024-03-16,2024-03-16,False,,43.51,,256.37,,334
12124,14751,167,5204,,,,,,,,11,,6:07.79,,,,,186,True,Distance,12,397,210.5,F,False,3,2024-03-16,2024-03-16,False,,43.34,,252.56,,329
12125,14752,167,5205,,,,,,,,11,,6:18.24,,,,,186,True,Distance,1,350,176.0,F,False,3,2024-03-16,2024-03-16,False,,42.0,,222.88,,296
12126,14753,167,663,,,,,,,,11,,6:21.67,,,,,186,True,Distance,0,335,167.5,F,False,3,2024-03-16,2024-03-16,False,,41.58,,213.49,,286
12127,14754,167,3000,,,,,,,,11,,6:32.93,,,,,186,True,Distance,0,289,144.5,F,False,3,2024-03-16,2024-03-16,False,,40.25,,183.82,,253
12128,14755,167,655,,,,,,,,11,,6:33.07,,,,,186,True,Distance,0,289,144.5,F,False,3,2024-03-16,2024-03-16,False,,40.23,,183.47,,253
12129,14756,167,632,,,,,,,,11,,7:06.82,,,,,186,True,Distance,0,171,85.5,F,False,3,2024-03-16,2024-03-16,False,,36.67,,103.99,,165
12130,14757,167,2534,,,,,,,,11,,7:17.37,,,,,186,True,Distance,0,141,70.5,F,False,3,2024-03-16,2024-03-16,False,,35.68,,81.66,,140
12131,14759,167,5200,,4257.0,,5195.0,,4258.0,,21,,55.46,,,,,186,True,Relays,243,704,595.0,F,False,3,2024-03-16,2024-03-16,False,,75.77,,635.32,,463
12132,14760,167,616,,2997.0,,663.0,,581.0,,30,,15:35.62,5:01.19,1:12.52,3:23.04,,186,True,Relays,0,0,0.0,F,False,3,2024-03-16,2024-03-16,False,,,,,,
12137,14765,167,2512,,,,,,,,9,,2:33.50,,,,,186,True,Distance,160,640,480.0,F,False,3,2024-03-16,2024-03-16,False,,53.67,,399.45,,517
12138,14766,86,5201,,,,,,,,9,,2:36.08,,,,,186,True,Distance,132,606,435.0,F,False,3,2024-03-16,2024-03-16,False,,52.65,,378.05,,493
12139,14767,167,616,,,,,,,,9,,2:56.42,,,,,186,True,Distance,6,372,192.0,F,False,3,2024-03-16,2024-03-16,False,,45.74,,231.23,,330
12140,14768,167,3000,,,,,,,,9,,2:58.93,,,,,186,True,Distance,1,347,174.5,F,False,3,2024-03-16,2024-03-16,False,,45.01,,215.43,,312
12141,14769,90,497,,,,,,,,9,,3:02.99,,,,,186,True,Distance,0,308,154.0,F,False,3,2024-03-16,2024-03-16,False,,43.87,,190.78,,285
12142,14770,167,652,,,,,,,,9,,3:05.88,,,,,186,True,Distance,0,282,141.0,F,False,3,2024-03-16,2024-03-16,False,,43.09,,173.89,,266
12143,14771,167,632,,,,,,,,9,,3:10.51,,,,,186,True,Distance,0,243,121.5,F,False,3,2024-03-16,2024-03-16,False,,41.9,,147.9,,237
12144,14772,167,2534,,,,,,,,9,,3:30.65,,,,,186,True,Distance,0,106,53.0,F,False,3,2024-03-16,2024-03-16,False,,37.37,,48.15,,126
12183,14801,86,1478,,1446.0,,5201.0,,5193.0,,29,,2:40.37,,,,,186,True,Relays,0,0,0.0,F,False,3,2024-03-16,2024-03-16,False,,,,,,
12360,14990,69,2524,,,,,,,,9,,2:30.92,,,,,187,True,Distance,191,675,528.5,F,False,3,2024-03-16,2024-03-16,False,,54.73,,421.59,,541
12361,14991,69,2524,,,,,,,,11,,5:10.97,,,,,187,True,Distance,222,702,573.0,F,False,3,2024-03-16,2024-03-16,False,,52.3,,448.84,,547
12362,14992,69,2527,,,,,,,,11,,6:31.09,,,,,187,True,Distance,0,297,148.5,F,False,3,2024-03-16,2024-03-16,False,,40.46,,188.56,,258
12363,14993,69,5264,,,,,,,,17,,20:57.40,,,,,187,True,Distance,92,573,378.5,F,False,3,2024-03-16,2024-03-16,False,,47.16,,382.42,,450
12364,14994,69,2527,,,,,,,,17,,22:47.78,,,,,187,True,Distance,14,433,230.5,F,False,3,2024-03-16,2024-03-16,False,,42.72,,291.0,,349
12381,15011,159,648,,,,,,,,9,,2:30.95,,,,,188,True,Distance,190,674,527.0,F,False,3,2024-03-16,2024-03-16,False,,54.72,,421.33,,541
12382,15012,159,4285,,,,,,,,9,,2:33.22,,,,,188,True,Distance,163,644,485.0,F,False,3,2024-03-16,2024-03-16,False,,53.78,,401.82,,519
12383,15013,159,590,,,,,,,,9,,2:43.04,,,,,188,True,Distance,71,520,331.0,F,False,3,2024-03-16,2024-03-16,False,,50.07,,323.69,,433
12384,15014,159,590,,,,,,,,11,,5:38.69,,,,,188,True,Distance,87,542,358.0,F,False,3,2024-03-16,2024-03-16,False,,47.53,,344.85,,432
12385,15015,159,5265,,,,,,,,11,,6:15.59,,,,,188,True,Distance,3,362,184.0,F,False,3,2024-03-16,2024-03-16,False,,42.33,,230.25,,305
12386,15016,159,5266,,,,,,,,11,,6:56.76,,,,,188,True,Distance,0,203,101.5,F,False,3,2024-03-16,2024-03-16,False,,37.67,,126.33,,190
12387,15017,159,648,,4267.0,,4679.0,,4285.0,,24,,4:39.79,,,,,188,True,Relays,148,626,461.0,F,False,3,2024-03-16,2024-03-16,False,,63.81,,699.62,,461
12405,15035,146,992,,,,,,,,9,,2:38.89,,,,,188,True,Distance,105,570,390.0,F,False,3,2024-03-16,2024-03-16,False,,51.58,,355.53,,468
12406,15036,146,4288,,,,,,,,9,,2:58.85,,,,,188,True,Distance,1,348,175.0,F,False,3,2024-03-16,2024-03-16,False,,45.03,,215.92,,313
12407,15037,146,992,,,,,,,,11,,5:13.27,,,,,188,True,Distance,209,688,553.0,F,False,3,2024-03-16,2024-03-16,False,,51.87,,439.51,,536
12408,15038,146,4288,,,,,,,,11,,6:20.07,,,,,188,True,Distance,0,342,171.0,F,False,3,2024-03-16,2024-03-16,False,,41.77,,217.85,,291
12412,15042,146,3649,,3650.0,,3658.0,,3657.0,,21,,52.59,,,,,188,True,Relays,353,802,754.0,F,False,3,2024-03-16,2024-03-16,False,,80.85,,726.7,,550
12413,15043,146,1054,,3651.0,,3648.0,,3650.0,,24,,4:23.80,,,,,188,True,Relays,248,730,613.0,F,False,3,2024-03-16,2024-03-16,False,,68.21,,791.46,,539
12526,15159,75,3740,,,,,,,,17,,18:22.63,,,,,189,True,Distance,316,803,717.5,F,False,3,2024-03-16,2024-03-16,False,,54.98,,541.44,,625
12530,15166,116,291,,,,,,,,9,,2:30.54,,,,,190,True,Distance,195,680,535.0,F,False,3,2024-03-22,2024-03-23,False,,54.89,,424.91,,545
12531,15167,116,294,,,,,,,,9,,2:35.60,,,,,190,True,Distance,137,612,443.0,F,False,3,2024-03-22,2024-03-23,False,,52.84,,381.98,,497
12532,15168,116,291,,,,,,,,11,,5:04.70,,,,,190,True,Distance,262,741,632.5,F,False,3,2024-03-22,2024-03-23,False,,53.51,,474.99,,576
12533,15169,116,285,,,,,,,,11,,5:15.40,,,,,190,True,Distance,196,675,533.5,F,False,3,2024-03-22,2024-03-23,False,,51.48,,431.0,,527
12534,15170,116,445,,,,,,,,11,,5:19.12,,,,,190,True,Distance,176,653,502.5,F,False,3,2024-03-22,2024-03-23,False,,50.81,,416.39,,511
12535,15171,116,294,,,,,,,,11,,5:21.16,,,,,190,True,Distance,165,641,485.5,F,False,3,2024-03-22,2024-03-23,False,,50.45,,408.53,,502
12536,15172,116,4139,,,,,,,,11,,5:54.94,,,,,190,True,Distance,36,458,265.0,F,False,3,2024-03-22,2024-03-23,False,,45.1,,291.45,,372
12595,15231,167,577,,,,,,,,9,,2:28.40,,,,,193,True,Distance,223,710,578.0,F,False,3,2024-03-22,2024-03-23,False,,55.81,,443.95,,566
12596,15232,167,2512,,,,,,,,9,,2:34.92,,,,,193,True,Distance,145,621,455.5,F,False,3,2024-03-22,2024-03-23,False,,53.1,,387.59,,504
12597,15233,167,621,,,,,,,,9,,2:48.54,,,,,193,True,Distance,35,456,263.0,F,False,3,2024-03-22,2024-03-23,False,,48.2,,283.9,,388
12598,15234,167,582,,,,,,,,9,,2:51.78,,,,,193,True,Distance,20,420,230.0,F,False,3,2024-03-22,2024-03-23,False,,47.16,,261.66,,364
12599,15235,167,5277,,,,,,,,9,,2:52.90,,,,,193,True,Distance,16,408,220.0,F,False,3,2024-03-22,2024-03-23,False,,46.81,,254.17,,355
12600,15236,167,638,,,,,,,,9,,2:54.28,,,,,193,True,Distance,11,394,208.0,F,False,3,2024-03-22,2024-03-23,False,,46.39,,245.06,,345
12603,15237,167,5202,,,,,,,,9,,2:58.14,,,,,193,True,Distance,2,355,179.5,F,False,3,2024-03-22,2024-03-23,False,,45.24,,220.35,,318
12604,15238,167,647,,,,,,,,9,,3:00.68,,,,,193,True,Distance,0,330,165.0,F,False,3,2024-03-22,2024-03-23,False,,44.51,,204.67,,300
12605,15240,167,663,,,,,,,,9,,3:01.21,,,,,193,True,Distance,0,325,162.5,F,False,3,2024-03-22,2024-03-23,False,,44.36,,201.45,,297
12606,15241,167,655,,,,,,,,9,,3:01.69,,,,,193,True,Distance,0,320,160.0,F,False,3,2024-03-22,2024-03-23,False,,44.23,,198.55,,293
12607,15242,167,632,,,,,,,,9,,3:05.40,,,,,193,True,Distance,0,287,143.5,F,False,3,2024-03-22,2024-03-23,False,,43.22,,176.66,,269
12608,15243,167,577,,,,,,,,11,,5:02.67,,,,,193,True,Distance,275,754,652.0,F,False,3,2024-03-22,2024-03-23,False,,53.92,,483.68,,585
12609,15244,167,5279,,,,,,,,11,,5:05.46,,,,,193,True,Distance,257,737,625.5,F,False,3,2024-03-22,2024-03-23,False,,53.36,,471.76,,572
12610,15245,167,581,,,,,,,,11,,5:10.78,,,,,193,True,Distance,223,703,574.5,F,False,3,2024-03-22,2024-03-23,False,,52.34,,449.62,,548
12611,15246,167,2512,,,,,,,,11,,5:21.87,,,,,193,True,Distance,161,637,479.5,F,False,3,2024-03-22,2024-03-23,False,,50.32,,405.81,,499
12612,15247,167,621,,,,,,,,11,,5:27.13,,,,,193,True,Distance,136,607,439.5,F,False,3,2024-03-22,2024-03-23,False,,49.42,,386.08,,477
12613,15248,167,5277,,,,,,,,11,,5:36.94,,,,,193,True,Distance,93,552,369.0,F,False,3,2024-03-22,2024-03-23,False,,47.81,,350.91,,438
12614,15249,167,5202,,,,,,,,11,,5:44.40,,,,,193,True,Distance,66,512,322.0,F,False,3,2024-03-22,2024-03-23,False,,46.65,,325.51,,410
12615,15250,167,616,,,,,,,,11,,5:45.02,,,,,193,True,Distance,64,509,318.5,F,False,3,2024-03-22,2024-03-23,False,,46.56,,323.45,,408
12616,15251,167,2500,,,,,,,,11,,5:45.93,,,,,193,True,Distance,62,504,314.0,F,False,3,2024-03-22,2024-03-23,False,,46.42,,320.44,,404
12617,15252,167,663,,,,,,,,11,,6:00.46,,,,,193,True,Distance,24,431,239.5,F,False,3,2024-03-22,2024-03-23,False,,44.33,,274.4,,354
12618,15253,167,2511,,,,,,,,11,,6:01.72,,,,,193,True,Distance,22,425,234.5,F,False,3,2024-03-22,2024-03-23,False,,44.16,,270.58,,349
12619,15255,167,655,,,,,,,,11,,6:08.67,,,,,193,True,Distance,10,393,206.5,F,False,3,2024-03-22,2024-03-23,False,,43.22,,249.99,,326
12620,15256,167,638,,,,,,,,11,,6:16.55,,,,,193,True,Distance,2,357,180.5,F,False,3,2024-03-22,2024-03-23,False,,42.21,,227.56,,302
12621,15257,167,632,,,,,,,,11,,6:27.68,,,,,193,True,Distance,0,310,155.0,F,False,3,2024-03-22,2024-03-23,False,,40.86,,197.44,,268
12622,15239,167,5204,,,,,,,,9,,3:00.88,,,,,193,True,Distance,0,328,164.0,F,False,3,2024-03-22,2024-03-23,False,,44.46,,203.45,,299
12623,15259,167,582,,,,,,,,17,,21:36.54,,,,,193,True,Distance,57,521,317.5,F,False,3,2024-03-22,2024-03-23,False,,45.49,,348.22,,412
12629,15265,167,582,,,,,,,,20,,13:34.47,,,,,193,True,Distance,5,384,197.0,F,False,3,2024-03-22,2024-03-23,False,,41.55,,249.53,,506
12630,15266,167,4257,,5194.0,,5280.0,,4260.0,,21,,55.72,,,,,193,True,Relays,234,695,581.5,F,False,3,2024-03-22,2024-03-23,False,,75.34,,627.51,,455
12631,15267,167,582,,5208.0,,5195.0,,4259.0,,21,,57.33,,,,,193,True,Relays,182,643,503.5,F,False,3,2024-03-22,2024-03-23,False,,72.77,,580.71,,410
12646,15284,168,2395,,,,,,,,11,,5:54.05,,,,,193,True,Distance,38,463,269.5,F,False,3,2024-03-22,2024-03-23,False,,45.23,,294.25,,375
12706,15254,167,5204,,,,,,,,11,,6:04.79,,,,,193,True,Distance,16,411,221.5,F,False,3,2024-03-22,2024-03-23,False,,43.74,,261.39,,339
12759,15396,167,2499,,,,,,,,17,,17:25.53,,,,,194,True,Distance,432,898,881.0,F,False,3,2024-03-22,2024-03-22,False,,58.49,,612.0,,702
12762,15400,56,253,,,,,,,,9,,3:03.26,,,,,195,True,Distance,0,306,153.0,F,False,3,2024-03-22,2024-03-23,False,,43.8,,189.18,,283
12763,15401,56,253,,,,,,,,11,,6:03.80,,,,,195,True,Distance,18,415,225.5,F,False,3,2024-03-22,2024-03-23,False,,43.87,,264.34,,342
12772,15410,1,67,,,,,,,,11,,5:07.00,,,,,195,True,Distance,247,727,610.5,F,False,3,2024-03-22,2024-03-23,False,,53.06,,465.27,,565
12773,15411,1,65,,,,,,,,17,,18:44.07,,,,,195,True,Distance,277,769,661.5,F,False,3,2024-03-22,2024-03-23,False,,53.76,,516.8,,598
12774,15412,1,70,,,,,,,,17,,19:18.79,,,,,195,True,Distance,219,715,576.5,F,False,3,2024-03-22,2024-03-23,False,,51.88,,478.83,,556
12779,15417,1,68,,,,,,,,20,,12:50.42,,,,,195,True,Distance,40,477,278.5,F,False,3,2024-03-22,2024-03-23,False,,44.29,,307.95,,567
12780,15418,1,71,,,,,,,,20,,14:15.32,,,,,195,True,Distance,0,307,153.5,F,False,3,2024-03-22,2024-03-23,False,,39.27,,200.73,,456
12786,15424,117,3977,,,,,,,,9,,2:42.97,,,,,195,True,Distance,71,520,331.0,F,False,3,2024-03-22,2024-03-23,False,,50.1,,324.21,,433
12787,15425,117,271,,,,,,,,9,,3:32.61,,,,,195,True,Distance,0,96,48.0,F,False,3,2024-03-22,2024-03-23,False,,36.98,,39.46,,116
12788,15426,117,237,,,,,,,,11,,5:28.65,,,,,195,True,Distance,129,598,428.0,F,False,3,2024-03-22,2024-03-23,False,,49.16,,380.49,,471
12789,15427,117,4778,,,,,,,,11,,6:00.33,,,,,195,True,Distance,24,432,240.0,F,False,3,2024-03-22,2024-03-23,False,,44.35,,274.8,,354
12790,15428,117,5290,,,,,,,,11,,6:21.75,,,,,195,True,Distance,0,335,167.5,F,False,3,2024-03-22,2024-03-23,False,,41.57,,213.27,,286
12791,15429,117,271,,,,,,,,11,,7:00.85,,,,,195,True,Distance,0,190,95.0,F,False,3,2024-03-22,2024-03-23,False,,37.26,,117.12,,179
12792,15430,117,231,,,,,,,,18,,38:35.03,,,,,195,True,Distance,365,817,773.5,F,False,3,2024-03-22,2024-03-23,False,,54.18,,544.37,,648
12793,15431,117,69,,,,,,,,18,,42:19.77,,,,,195,True,Distance,195,657,523.5,F,False,3,2024-03-22,2024-03-23,False,,48.62,,431.89,,527
12795,15433,117,3976,,4090.0,,3966.0,,3972.0,,21,,55.80,,,,,195,True,Relays,231,693,577.5,F,False,3,2024-03-22,2024-03-23,False,,75.21,,625.12,,453
12800,15438,108,2233,,,,,,,,11,,5:56.14,,,,,195,True,Distance,33,452,259.0,F,False,3,2024-03-22,2024-03-23,False,,44.93,,287.7,,368
12801,15439,108,74,,,,,,,,17,,19:26.96,,,,,195,True,Distance,207,703,558.5,F,False,3,2024-03-22,2024-03-23,False,,51.46,,470.22,,546
12802,15440,108,74,,,,,,,,20,,13:13.83,,,,,195,True,Distance,17,427,230.5,F,False,3,2024-03-22,2024-03-23,False,,42.79,,276.1,,534
12803,15441,108,3980,,,,,,,,20,,13:49.86,,,,,195,True,Distance,0,354,177.0,F,False,3,2024-03-22,2024-03-23,False,,40.66,,230.58,,487
12883,15523,96,4655,,,,,,,,11,,5:30.28,,,,,196,True,Distance,121,589,415.5,F,False,3,2024-03-22,2024-03-23,False,,48.89,,374.56,,464
12893,15533,60,3360,,,,,,,,17,,19:20.98,,,,,198,True,Distance,216,712,572.0,F,False,3,2024-03-22,2024-03-23,False,,51.77,,476.51,,553
12905,15545,169,4675,,,,,,,,9,,4:07.77,,,,,200,True,Distance,0,0,0.0,F,False,3,2024-03-22,2024-03-23,False,,31.06,,-93.21,,0
12931,15574,138,2380,,,,,,,,17,,18:24.88,,,,,202,True,Distance,311,800,711.0,F,False,3,2024-03-23,2024-03-23,False,,54.85,,538.81,,622
12932,15575,164,567,,,,,,,,17,,18:47.96,,,,,202,True,Distance,270,763,651.5,F,False,3,2024-03-23,2024-03-23,False,,53.54,,512.43,,593
12933,15576,164,568,,,,,,,,17,,18:50.22,,,,,202,True,Distance,266,759,645.5,F,False,3,2024-03-23,2024-03-23,False,,53.41,,509.9,,590
12934,15577,132,572,,,,,,,,17,,18:53.37,,,,,202,True,Distance,261,754,638.0,F,False,3,2024-03-23,2024-03-23,False,,53.24,,506.4,,586
12935,15578,164,573,,,,,,,,17,,18:53.58,,,,,202,True,Distance,260,754,637.0,F,False,3,2024-03-23,2024-03-23,False,,53.23,,506.17,,586
12936,15579,132,2699,,,,,,,,17,,19:16.66,,,,,202,True,Distance,223,719,582.5,F,False,3,2024-03-23,2024-03-23,False,,51.99,,481.09,,558
12937,15580,130,2698,,,,,,,,17,,19:35.52,,,,,202,True,Distance,194,690,539.0,F,False,3,2024-03-23,2024-03-23,False,,51.02,,461.33,,537
12938,15581,164,578,,,,,,,,17,,20:10.67,,,,,202,True,Distance,146,639,465.5,F,False,3,2024-03-23,2024-03-23,False,,49.29,,426.15,,498
12939,15582,63,489,,,,,,,,17,,20:29.96,,,,,202,True,Distance,122,611,427.5,F,False,3,2024-03-23,2024-03-23,False,,48.39,,407.7,,478
12940,15583,130,2383,,,,,,,,17,,20:33.64,,,,,202,True,Distance,118,606,421.0,F,False,3,2024-03-23,2024-03-23,False,,48.22,,404.24,,474
12941,15584,164,3098,,,,,,,,17,,20:38.79,,,,,202,True,Distance,112,599,411.5,F,False,3,2024-03-23,2024-03-23,False,,47.99,,399.44,,469
12942,15585,130,2394,,,,,,,,17,,20:54.16,,,,,202,True,Distance,95,578,384.0,F,False,3,2024-03-23,2024-03-23,False,,47.3,,385.35,,453
12943,15586,139,2703,,,,,,,,17,,21:35.10,,,,,202,True,Distance,58,523,319.5,F,False,3,2024-03-23,2024-03-23,False,,45.55,,349.45,,414
12944,15587,139,2702,,,,,,,,17,,21:35.13,,,,,202,True,Distance,58,523,319.5,F,False,3,2024-03-23,2024-03-23,False,,45.55,,349.42,,414
12945,15588,139,5298,,,,,,,,17,,21:41.78,,,,,202,True,Distance,53,514,310.0,F,False,3,2024-03-23,2024-03-23,False,,45.28,,343.8,,407
12946,15589,138,599,,,,,,,,17,,21:53.85,,,,,202,True,Distance,44,499,293.5,F,False,3,2024-03-23,2024-03-23,False,,44.79,,333.75,,396
12947,15591,130,4230,,,,,,,,17,,23:18.17,,,,,202,True,Distance,4,397,202.5,F,False,3,2024-03-23,2024-03-23,False,,41.63,,268.36,,324
12949,15594,138,3100,,,,,,,,9,,2:28.86,,,,,202,True,Distance,217,703,568.5,F,False,3,2024-03-23,2024-03-23,False,,55.61,,439.82,,562
12950,15595,132,572,,,,,,,,9,,2:34.96,,,,,202,True,Distance,144,621,454.5,F,False,3,2024-03-23,2024-03-23,False,,53.09,,387.25,,503
12951,15596,166,3587,,,,,,,,9,,2:35.32,,,,,202,True,Distance,140,616,448.0,F,False,3,2024-03-23,2024-03-23,False,,52.95,,384.28,,500
12952,15597,166,3586,,,,,,,,9,,2:36.35,,,,,202,True,Distance,130,603,431.5,F,False,3,2024-03-23,2024-03-23,False,,52.54,,375.85,,491
12953,15599,138,3109,,,,,,,,9,,2:49.12,,,,,202,True,Distance,32,449,256.5,F,False,3,2024-03-23,2024-03-23,False,,48.01,,279.86,,384
12954,15600,138,4233,,,,,,,,9,,2:56.74,,,,,202,True,Distance,5,369,189.5,F,False,3,2024-03-23,2024-03-23,False,,45.65,,229.19,,327
12955,15602,138,607,,,,,,,,11,,4:54.91,,,,,202,True,Distance,329,804,731.0,F,False,3,2024-03-23,2024-03-23,False,,55.51,,518.03,,623
12956,15603,132,572,,,,,,,,11,,5:19.10,,,,,202,True,Distance,176,653,502.5,F,False,3,2024-03-23,2024-03-23,False,,50.81,,416.47,,511
12957,15604,164,620,,,,,,,,11,,5:22.71,,,,,202,True,Distance,157,632,473.0,F,False,3,2024-03-23,2024-03-23,False,,50.18,,402.62,,495
12958,15605,164,4114,,,,,,,,11,,5:23.61,,,,,202,True,Distance,153,627,466.5,F,False,3,2024-03-23,2024-03-23,False,,50.02,,399.21,,492
12959,15606,130,2698,,,,,,,,11,,5:25.11,,,,,202,True,Distance,145,618,454.0,F,False,3,2024-03-23,2024-03-23,False,,49.76,,393.58,,485
12960,15607,166,3586,,,,,,,,11,,5:25.29,,,,,202,True,Distance,144,617,452.5,F,False,3,2024-03-23,2024-03-23,False,,49.73,,392.91,,485
12961,15608,164,4116,,,,,,,,11,,5:35.38,,,,,202,True,Distance,100,560,380.0,F,False,3,2024-03-23,2024-03-23,False,,48.06,,356.37,,444
12962,15610,164,578,,,,,,,,11,,5:42.30,,,,,202,True,Distance,74,523,335.5,F,False,3,2024-03-23,2024-03-23,False,,46.97,,332.55,,418
12964,15612,132,2705,,,,,,,,11,,5:47.02,,,,,202,True,Distance,58,498,307.0,F,False,3,2024-03-23,2024-03-23,False,,46.25,,316.85,,401
12965,15613,164,3002,,,,,,,,11,,5:49.12,,,,,202,True,Distance,52,488,296.0,F,False,3,2024-03-23,2024-03-23,False,,45.94,,310.0,,393
12966,15614,138,645,,,,,,,,11,,6:01.52,,,,,202,True,Distance,22,426,235.0,F,False,3,2024-03-23,2024-03-23,False,,44.18,,271.19,,350
12967,15615,139,2702,,,,,,,,11,,6:04.87,,,,,202,True,Distance,16,410,221.0,F,False,3,2024-03-23,2024-03-23,False,,43.73,,261.15,,339
12968,15616,138,4233,,,,,,,,11,,6:05.90,,,,,202,True,Distance,14,406,217.0,F,False,3,2024-03-23,2024-03-23,False,,43.59,,258.1,,335
12969,15618,130,4673,,,,,,,,11,,6:26.87,,,,,202,True,Distance,0,314,157.0,F,False,3,2024-03-23,2024-03-23,False,,40.95,,199.58,,271
12970,15620,138,2424,,,,,,,,11,,6:52.63,,,,,202,True,Distance,0,217,108.5,F,False,3,2024-03-23,2024-03-23,False,,38.1,,135.82,,200
13008,15619,139,1498,,,,,,,,11,,6:37.48,,,,,202,True,Distance,0,272,136.0,F,False,3,2024-03-23,2024-03-23,False,,39.73,,172.31,,240
13009,15598,139,5391,,,,,,,,9,,2:47.93,,,,,202,True,Distance,39,463,270.5,F,False,3,2024-03-23,2024-03-23,False,,48.4,,288.19,,393
13012,15590,139,1497,,,,,,,,17,,22:10.21,,,,,202,True,Distance,33,478,272.0,F,False,3,2024-03-23,2024-03-23,False,,44.14,,320.41,,382
13013,15617,138,5691,,,,,,,,11,,6:24.20,,,,,202,True,Distance,0,325,162.5,F,False,3,2024-03-23,2024-03-23,False,,41.27,,206.67,,279
13168,15820,158,2403,,,,,,,,9,,2:46.79,,,,,206,True,Distance,45,476,283.0,F,False,3,2024-03-23,2024-03-23,False,,48.78,,296.28,,402
13169,15821,158,5343,,,,,,,,9,,3:02.04,,,,,206,True,Distance,0,317,158.5,F,False,3,2024-03-23,2024-03-23,False,,44.13,,196.45,,291
13170,15822,158,5344,,,,,,,,9,,3:18.33,,,,,206,True,Distance,0,183,91.5,F,False,3,2024-03-23,2024-03-23,False,,40.02,,106.77,,191
13171,15823,158,2403,,,,,,,,11,,5:42.16,,,,,206,True,Distance,74,524,336.0,F,False,3,2024-03-23,2024-03-23,False,,46.99,,333.02,,418
13175,15859,64,5347,,,,,,,,17,,20:00.39,,,,,209,True,Distance,159,653,485.5,F,False,3,2024-03-23,2024-03-23,False,,49.79,,436.23,,509
13176,15861,77,1466,,,,,,,,17,,20:39.52,,,,,209,True,Distance,111,598,410.0,F,False,3,2024-03-23,2024-03-23,False,,47.95,,398.77,,468
13177,15862,86,5348,,,,,,,,17,,20:36.37,,,,,209,True,Distance,115,602,416.0,F,False,3,2024-03-23,2024-03-23,False,,48.1,,401.69,,471
13178,15863,86,5193,,,,,,,,17,,21:53.85,,,,,209,True,Distance,44,499,293.5,F,False,3,2024-03-23,2024-03-23,False,,44.79,,333.75,,396
13179,15864,64,5349,,,,,,,,17,,19:43.78,,,,,209,True,Distance,182,678,521.0,F,False,3,2024-03-23,2024-03-23,False,,50.6,,452.88,,527
13180,15865,86,1486,,,,,,,,17,,21:50.22,,,,,209,True,Distance,46,503,297.5,F,False,3,2024-03-23,2024-03-23,False,,44.93,,336.75,,400
13186,15871,86,5351,,,,,,,,9,,2:54.66,,,,,209,True,Distance,10,390,205.0,F,False,3,2024-03-23,2024-03-23,False,,46.27,,242.58,,342
13190,15855,84,2663,,,,,,,,11,,5:15.40,,,,,201,True,Distance,196,675,533.5,F,False,3,2024-03-22,2024-03-23,False,,51.48,,431.0,,527
13191,15856,84,2661,,,,,,,,11,,5:29.79,,,,,201,True,Distance,123,592,419.0,F,False,3,2024-03-22,2024-03-23,False,,48.97,,376.34,,466
13197,15830,169,5345,,,,,,,,9,,3:42.44,,,,,200,True,Distance,0,52,26.0,F,False,3,2024-03-22,2024-03-23,False,,35.12,,-1.86,,71
13198,15831,169,4236,,,,,,,,11,,5:16.47,,,,,200,True,Distance,190,669,524.5,F,False,3,2024-03-22,2024-03-23,False,,51.29,,426.76,,522
13199,15832,169,5345,,,,,,,,11,,7:38.44,,,,,200,True,Distance,0,89,44.5,F,False,3,2024-03-22,2024-03-23,False,,33.83,,40.14,,94
13228,15882,94,5352,,5178.0,,5355.0,,5354.0,,24,,4:48.92,,,,,209,True,Relays,102,570,387.0,F,False,3,2024-03-23,2024-03-23,False,,61.53,,651.74,,420
13229,15883,86,1446,,,,,,,,11,,5:12.65,,,,,209,True,Distance,212,692,558.0,F,False,3,2024-03-23,2024-03-23,False,,51.99,,442.01,,539
13230,15884,64,5347,,,,,,,,11,,5:14.72,,,,,209,True,Distance,200,680,540.0,F,False,3,2024-03-23,2024-03-23,False,,51.61,,433.7,,530
13231,15885,77,1466,,,,,,,,11,,5:38.29,,,,,209,True,Distance,88,545,360.5,F,False,3,2024-03-23,2024-03-23,False,,47.59,,346.23,,433
13232,15886,86,5356,,,,,,,,11,,5:57.50,,,,,209,True,Distance,30,446,253.0,F,False,3,2024-03-23,2024-03-23,False,,44.74,,283.48,,364
13233,15887,86,1486,,,,,,,,11,,5:57.16,,,,,209,True,Distance,31,447,254.5,F,False,3,2024-03-23,2024-03-23,False,,44.79,,284.53,,365
13234,15888,86,4549,,,,,,,,11,,6:08.60,,,,,209,True,Distance,10,393,206.5,F,False,3,2024-03-23,2024-03-23,False,,43.23,,250.2,,327
13235,15889,86,5201,,,,,,,,11,,5:11.56,,,,,209,True,Distance,219,699,568.5,F,False,3,2024-03-23,2024-03-23,False,,52.19,,446.43,,544
13236,15890,64,5349,,,,,,,,11,,5:13.18,,,,,209,True,Distance,209,689,553.5,F,False,3,2024-03-23,2024-03-23,False,,51.89,,439.88,,537
13237,15891,86,5357,,,,,,,,11,,6:40.40,,,,,209,True,Distance,0,261,130.5,F,False,3,2024-03-23,2024-03-23,False,,39.4,,165.07,,232
13238,15892,86,4551,,,,,,,,11,,6:34.07,,,,,209,True,Distance,0,285,142.5,F,False,3,2024-03-23,2024-03-23,False,,40.11,,180.92,,250
13239,15893,86,4560,,,,,,,,11,,6:19.89,,,,,209,True,Distance,1,343,172.5,F,False,3,2024-03-23,2024-03-23,False,,41.8,,218.34,,291
13245,15957,171,1072,,,,,,,,11,,5:53.36,,,,,210,True,Distance,40,466,273.0,F,False,3,2024-03-24,2024-03-24,False,,45.33,,296.42,,378
13258,15953,171,1010,,,,,,,,11,,5:24.41,,,,,210,True,Distance,149,622,460.0,F,False,3,2024-03-24,2024-03-24,False,,49.88,,396.2,,488
13277,15967,171,1010,,,,,,,,9,,2:38.30,,,,,210,True,Distance,111,578,400.0,F,False,3,2024-03-24,2024-03-24,False,,51.8,,360.19,,473
13292,15951,188,807,,,,,,,,11,,5:04.00,,,,,210,True,Distance,266,746,639.0,F,False,3,2024-03-24,2024-03-24,False,,53.65,,477.97,,579
13293,15955,171,1044,,,,,,,,11,,5:42.93,,,,,210,True,Distance,71,520,331.0,F,False,3,2024-03-24,2024-03-24,False,,46.87,,330.43,,416
13294,15958,188,5368,,,,,,,,11,,5:54.00,,,,,210,True,Distance,39,463,270.5,F,False,3,2024-03-24,2024-03-24,False,,45.24,,294.4,,376
13295,15959,188,1791,,,,,,,,11,,6:00.97,,,,,210,True,Distance,23,429,237.5,F,False,3,2024-03-24,2024-03-24,False,,44.26,,272.85,,352
13296,15960,172,5369,,,,,,,,11,,6:12.06,,,,,210,True,Distance,6,377,194.5,F,False,3,2024-03-24,2024-03-24,False,,42.78,,240.23,,316
13302,15966,188,2081,,,,,,,,9,,2:35.20,,,,,210,True,Distance,142,618,451.0,F,False,3,2024-03-24,2024-03-24,False,,52.99,,385.27,,501
13303,15968,188,3534,,,,,,,,9,,2:41.86,,,,,210,True,Distance,80,534,347.0,F,False,3,2024-03-24,2024-03-24,False,,50.49,,332.58,,442
13304,15969,188,5371,,,,,,,,9,,2:48.89,,,,,210,True,Distance,33,452,259.0,F,False,3,2024-03-24,2024-03-24,False,,48.09,,281.46,,386
13307,15973,188,3532,,4981.0,,2081.0,,3848.0,,24,,4:26.45,,,,,210,True,Relays,230,712,586.0,F,False,3,2024-03-24,2024-03-24,False,,67.44,,775.48,,526
13308,15974,188,5370,,3848.0,,3532.0,,2081.0,,29,,4:53.76,,,,,210,True,Relays,0,0,0.0,F,False,3,2024-03-24,2024-03-24,False,,,,,,
13319,15956,188,1768,,,,,,,,11,,5:47.63,,,,,210,True,Distance,56,495,303.5,F,False,3,2024-03-24,2024-03-24,False,,46.16,,314.85,,398
13320,15975,188,5368,,3530.0,,1804.0,,1768.0,,29,,5:38.40,,,,,210,True,Relays,0,0,0.0,F,False,3,2024-03-24,2024-03-24,False,,,,,,
13321,15954,188,829,,,,,,,,11,,5:31.47,,,,,210,True,Distance,116,582,407.0,F,False,3,2024-03-24,2024-03-24,False,,48.69,,370.26,,460
13322,15952,188,811,,,,,,,,11,,5:15.03,,,,,210,True,Distance,199,678,538.0,F,False,3,2024-03-24,2024-03-24,False,,51.55,,432.47,,529
13399,16074,147,1676,,,,,,,,17,,20:11.64,,,,,212,True,Distance,144,637,462.5,F,False,3,2024-03-29,2024-03-30,False,,49.25,,425.21,,497
13401,16076,60,3359,,,,,,,,18,,39:19.22,,,,,213,True,Distance,327,784,719.0,F,False,3,2024-03-29,2024-03-29,False,,53.0,,520.56,,622
13402,16077,60,3360,,,,,,,,17,,19:40.65,,,,,213,True,Distance,186,682,527.0,F,False,3,2024-03-29,2024-03-29,False,,50.76,,456.07,,531
13403,16078,60,4764,,,,,,,,17,,19:57.72,,,,,213,True,Distance,163,657,491.5,F,False,3,2024-03-29,2024-03-29,False,,49.92,,438.87,,512
13404,16079,60,3369,,,,,,,,17,,22:43.25,,,,,213,True,Distance,16,438,235.0,F,False,3,2024-03-29,2024-03-29,False,,42.89,,294.46,,353
13405,16080,60,3379,,,,,,,,17,,23:14.81,,,,,213,True,Distance,5,401,205.5,F,False,3,2024-03-29,2024-03-29,False,,41.75,,270.82,,327
13408,16083,164,574,,,,,,,,17,,19:30.28,,,,,214,True,Distance,202,698,551.0,F,False,3,2024-03-30,2024-03-30,False,,51.29,,466.76,,543
13409,16084,164,578,,,,,,,,17,,20:47.43,,,,,214,True,Distance,103,587,396.5,F,False,3,2024-03-30,2024-03-30,False,,47.6,,391.48,,460
13410,16085,137,588,,,,,,,,17,,21:23.20,,,,,214,True,Distance,68,539,337.5,F,False,3,2024-03-30,2024-03-30,False,,46.05,,359.65,,425
13414,16086,160,1022,,,,,,,,17,,21:26.55,,,,,214,True,Distance,65,534,332.0,F,False,3,2024-03-30,2024-03-30,False,,45.91,,356.76,,422
13425,16087,164,3002,,,,,,,,17,,21:33.30,,,,,214,True,Distance,59,525,321.5,F,False,3,2024-03-30,2024-03-30,False,,45.62,,350.98,,415
13426,16088,164,5386,,,,,,,,17,,22:06.04,,,,,214,True,Distance,36,483,277.5,F,False,3,2024-03-30,2024-03-30,False,,44.3,,323.78,,385
13427,16089,164,613,,618.0,,4115.0,,4223.0,,26,,10:26.48,,,,,214,True,Relays,0,0,0.0,F,False,3,2024-03-30,2024-03-30,False,,,,,,
13428,16090,164,568,,575.0,,573.0,,5387.0,,26,,12:14.56,,,,,214,True,Relays,0,0,0.0,F,False,3,2024-03-30,2024-03-30,False,,,,,,
13429,16091,137,5388,,2384.0,,662.0,,588.0,,21,,1:24.12,,,,,214,True,Relays,0,74,37.0,F,False,3,2024-03-30,2024-03-30,False,,46.01,,64.87,,0
13430,16092,164,575,,,,,,,,11,,5:11.53,,,,,214,True,Distance,219,699,568.5,F,False,3,2024-03-30,2024-03-30,False,,52.2,,446.56,,544
13431,16093,164,4114,,,,,,,,11,,5:13.51,,,,,214,True,Distance,207,687,550.5,F,False,3,2024-03-30,2024-03-30,False,,51.83,,438.55,,535
13432,16094,137,2381,,,,,,,,11,,5:14.01,,,,,214,True,Distance,204,684,546.0,F,False,3,2024-03-30,2024-03-30,False,,51.74,,436.54,,533
13433,16095,166,3586,,,,,,,,11,,5:16.97,,,,,214,True,Distance,188,666,521.0,F,False,3,2024-03-30,2024-03-30,False,,51.19,,424.79,,520
13434,16096,164,5389,,,,,,,,11,,5:18.33,,,,,214,True,Distance,180,658,509.0,F,False,3,2024-03-30,2024-03-30,False,,50.95,,419.47,,514
13435,16097,164,606,,,,,,,,11,,5:19.67,,,,,214,True,Distance,173,650,498.0,F,False,3,2024-03-30,2024-03-30,False,,50.71,,414.26,,508
13436,16098,130,2387,,,,,,,,11,,5:19.82,,,,,214,True,Distance,172,649,496.5,F,False,3,2024-03-30,2024-03-30,False,,50.68,,413.68,,508
13437,16099,164,595,,,,,,,,11,,5:25.37,,,,,214,True,Distance,144,617,452.5,F,False,3,2024-03-30,2024-03-30,False,,49.72,,392.61,,484
13438,16100,164,4116,,,,,,,,11,,5:29.62,,,,,214,True,Distance,124,593,420.5,F,False,3,2024-03-30,2024-03-30,False,,49.0,,376.95,,467
13439,16101,132,5390,,,,,,,,11,,5:31.59,,,,,214,True,Distance,115,581,405.5,F,False,3,2024-03-30,2024-03-30,False,,48.67,,369.83,,459
13440,16102,164,618,,,,,,,,11,,5:34.05,,,,,214,True,Distance,105,568,389.0,F,False,3,2024-03-30,2024-03-30,False,,48.27,,361.06,,449
13441,16103,164,3002,,,,,,,,11,,5:37.87,,,,,214,True,Distance,90,547,363.5,F,False,3,2024-03-30,2024-03-30,False,,47.66,,347.69,,435
13442,16104,159,590,,,,,,,,11,,5:39.07,,,,,214,True,Distance,85,540,355.0,F,False,3,2024-03-30,2024-03-30,False,,47.47,,343.55,,430
13443,16105,132,603,,,,,,,,11,,5:39.68,,,,,214,True,Distance,83,537,351.5,F,False,3,2024-03-30,2024-03-30,False,,47.38,,341.45,,428
13444,16106,132,2705,,,,,,,,11,,5:42.43,,,,,214,True,Distance,73,523,334.5,F,False,3,2024-03-30,2024-03-30,False,,46.95,,332.11,,417
13445,16107,164,4283,,,,,,,,11,,5:44.73,,,,,214,True,Distance,65,510,320.0,F,False,3,2024-03-30,2024-03-30,False,,46.6,,324.42,,409
13446,16108,139,5391,,,,,,,,11,,5:46.05,,,,,214,True,Distance,61,504,313.0,F,False,3,2024-03-30,2024-03-30,False,,46.4,,320.04,,404
13447,16110,137,628,,,,,,,,11,,5:50.90,,,,,214,True,Distance,47,479,286.5,F,False,3,2024-03-30,2024-03-30,False,,45.68,,304.26,,387
13448,16111,137,633,,,,,,,,11,,6:00.00,,,,,214,True,Distance,25,434,242.0,F,False,3,2024-03-30,2024-03-30,False,,44.39,,275.8,,355
13449,16112,164,641,,,,,,,,11,,6:02.96,,,,,214,True,Distance,19,419,228.5,F,False,3,2024-03-30,2024-03-30,False,,43.99,,266.85,,345
13450,16113,159,5392,,,,,,,,11,,6:11.09,,,,,214,True,Distance,7,382,198.0,F,False,3,2024-03-30,2024-03-30,False,,42.91,,243.0,,319
13456,16119,164,4114,,,,,,,,9,,2:31.36,,,,,214,True,Distance,185,669,519.5,F,False,3,2024-03-30,2024-03-30,False,,54.55,,417.76,,537
13457,16121,130,2387,,,,,,,,9,,2:34.64,,,,,214,True,Distance,148,625,460.5,F,False,3,2024-03-30,2024-03-30,False,,53.21,,389.91,,506
13458,16122,137,2384,,,,,,,,9,,2:38.84,,,,,214,True,Distance,106,571,391.5,F,False,3,2024-03-30,2024-03-30,False,,51.6,,355.92,,468
13459,16123,166,3586,,,,,,,,9,,2:38.86,,,,,214,True,Distance,105,571,390.5,F,False,3,2024-03-30,2024-03-30,False,,51.59,,355.77,,468
13460,16124,159,590,,,,,,,,9,,2:42.10,,,,,214,True,Distance,78,531,343.5,F,False,3,2024-03-30,2024-03-30,False,,50.4,,330.76,,440
13461,16125,164,595,,,,,,,,9,,2:42.46,,,,,214,True,Distance,75,527,338.5,F,False,3,2024-03-30,2024-03-30,False,,50.28,,328.04,,437
13462,16126,164,618,,,,,,,,9,,2:43.46,,,,,214,True,Distance,67,515,324.5,F,False,3,2024-03-30,2024-03-30,False,,49.92,,320.56,,429
13463,16127,164,3116,,,,,,,,9,,2:48.23,,,,,214,True,Distance,37,459,266.5,F,False,3,2024-03-30,2024-03-30,False,,48.3,,286.08,,391
13464,16128,137,623,,,,,,,,9,,2:50.38,,,,,214,True,Distance,26,436,244.0,F,False,3,2024-03-30,2024-03-30,False,,47.6,,271.17,,374
13465,16129,164,606,,,,,,,,9,,2:51.33,,,,,214,True,Distance,22,425,234.5,F,False,3,2024-03-30,2024-03-30,False,,47.3,,264.7,,367
13466,16130,132,603,,,,,,,,9,,2:55.21,,,,,214,True,Distance,9,384,201.0,F,False,3,2024-03-30,2024-03-30,False,,46.1,,239.01,,338
13467,16131,159,5392,,,,,,,,9,,3:06.98,,,,,214,True,Distance,0,273,136.5,F,False,3,2024-03-30,2024-03-30,False,,42.8,,167.6,,259
13470,16135,164,568,,,,,,,,14,,10:57.59,,,,,214,True,Distance,271,746,644.0,F,False,3,2024-03-30,2024-03-30,False,,53.05,,493.29,,590
13471,16136,164,573,,,,,,,,14,,11:13.37,,,,,214,True,Distance,226,704,578.0,F,False,3,2024-03-30,2024-03-30,False,,51.64,,463.63,,559
13472,16137,164,5389,,,,,,,,14,,11:14.19,,,,,214,True,Distance,224,701,574.5,F,False,3,2024-03-30,2024-03-30,False,,51.57,,462.13,,557
13473,16138,164,3098,,,,,,,,14,,12:04.77,,,,,214,True,Distance,108,573,394.5,F,False,3,2024-03-30,2024-03-30,False,,47.49,,375.99,,465
13474,16140,164,613,,,,,,,,14,,12:46.20,,,,,214,True,Distance,44,477,282.5,F,False,3,2024-03-30,2024-03-30,False,,44.57,,313.9,,399
13482,16151,164,620,,4117.0,,2749.0,,749.0,,24,,4:38.24,,,,,214,True,Relays,156,635,473.5,F,False,3,2024-03-30,2024-03-30,False,,64.21,,708.06,,468
13483,16152,164,3002,,4115.0,,2727.0,,721.0,,24,,4:38.55,,,,,214,True,Relays,155,633,471.5,F,False,3,2024-03-30,2024-03-30,False,,64.13,,706.37,,467
13484,16153,137,633,,2480.0,,4700.0,,662.0,,24,,5:06.77,,,,,214,True,Relays,37,468,271.0,F,False,3,2024-03-30,2024-03-30,False,,57.52,,566.37,,348
13485,16155,164,613,,5386.0,,747.0,,5397.0,,24,,5:13.59,,,,,214,True,Relays,21,432,237.0,F,False,3,2024-03-30,2024-03-30,False,,56.11,,536.31,,322
13486,16156,164,5398,,5399.0,,624.0,,731.0,,24,,5:13.69,,,,,214,True,Relays,20,431,235.5,F,False,3,2024-03-30,2024-03-30,False,,56.09,,535.88,,322
13487,16158,164,3116,,728.0,,573.0,,689.0,,24,,5:29.83,,,,,214,True,Relays,0,352,176.0,F,False,3,2024-03-30,2024-03-30,False,,53.02,,469.75,,265
13488,16159,130,4249,,2414.0,,4689.0,,2453.0,,24,,5:34.49,,,,,214,True,Relays,0,330,165.0,F,False,3,2024-03-30,2024-03-30,False,,52.19,,451.85,,250
13489,16160,137,5388,,4702.0,,623.0,,804.0,,24,,6:05.48,,,,,214,True,Relays,0,204,102.0,F,False,3,2024-03-30,2024-03-30,False,,47.26,,344.39,,159
13513,16120,139,1483,,,,,,,,9,,2:33.74,,,,,214,True,Distance,158,637,476.5,F,False,3,2024-03-30,2024-03-30,False,,53.57,,397.43,,515
13515,16132,139,4681,,,,,,,,9,,3:20.09,,,,,214,True,Distance,0,171,85.5,F,False,3,2024-03-30,2024-03-30,False,,39.62,,97.95,,182
13516,16109,139,1497,,,,,,,,11,,5:46.98,,,,,214,True,Distance,58,499,307.5,F,False,3,2024-03-30,2024-03-30,False,,46.26,,316.98,,401
13517,16141,139,1497,,,,,,,,14,,13:03.56,,,,,214,True,Distance,25,440,245.0,F,False,3,2024-03-30,2024-03-30,False,,43.44,,289.84,,374
13519,16154,139,6458,,1533.0,,4348.0,,2702.0,,24,,5:11.86,,,,,214,True,Relays,24,441,244.5,F,False,3,2024-03-30,2024-03-30,False,,56.46,,543.81,,329
13521,16150,164,574,,4114.0,,727.0,,5396.0,,24,,4:37.86,,,,,214,True,Relays,159,638,478.0,F,False,3,2024-03-30,2024-03-30,False,,64.31,,710.15,,470
13648,16316,56,246,,,,,,,,9,,2:22.34,,,,,216,True,Distance,311,797,709.5,F,False,3,2024-03-30,2024-03-30,False,,58.57,,500.98,,630
13649,16317,56,4106,,,,,,,,9,,2:27.42,,,,,216,True,Distance,236,723,597.5,F,False,3,2024-03-30,2024-03-30,False,,56.24,,452.86,,576
13650,16318,56,246,,,,,,,,11,,5:11.14,,,,,216,True,Distance,221,701,571.5,F,False,3,2024-03-30,2024-03-30,False,,52.27,,448.15,,546
13654,16322,56,240,,,,,,,,20,,13:21.46,,,,,216,True,Distance,12,411,217.5,F,False,3,2024-03-30,2024-03-30,False,,42.33,,266.11,,524
13655,16323,56,3368,,,,,,,,20,,14:39.20,,,,,216,True,Distance,0,266,133.0,F,False,3,2024-03-30,2024-03-30,False,,38.04,,174.3,,428
13691,16363,85,5426,,,,,,,,9,,2:37.40,,,,,217,True,Distance,119,589,413.5,F,False,3,2024-03-30,2024-03-30,False,,52.14,,367.37,,481
13692,16364,211,5427,,,,,,,,9,,2:38.39,,,,,217,True,Distance,110,577,398.5,F,False,3,2024-03-30,2024-03-30,False,,51.77,,359.48,,472
13693,16365,85,5428,,,,,,,,9,,2:48.08,,,,,217,True,Distance,38,461,268.5,F,False,3,2024-03-30,2024-03-30,False,,48.35,,287.13,,392
13694,16366,85,2674,,,,,,,,9,,2:48.62,,,,,217,True,Distance,35,455,262.5,F,False,3,2024-03-30,2024-03-30,False,,48.17,,283.35,,388
13695,16367,211,5429,,,,,,,,9,,2:54.50,,,,,217,True,Distance,11,392,207.0,F,False,3,2024-03-30,2024-03-30,False,,46.32,,243.63,,344
13696,16368,211,5430,,,,,,,,9,,3:04.72,,,,,217,True,Distance,0,293,146.5,F,False,3,2024-03-30,2024-03-30,False,,43.4,,180.61,,273
13697,16369,84,2661,,,,,,,,11,,5:03.25,,,,,217,True,Distance,271,751,646.5,F,False,3,2024-03-30,2024-03-30,False,,53.8,,481.19,,582
13698,16370,85,5431,,,,,,,,11,,5:13.84,,,,,217,True,Distance,205,685,547.5,F,False,3,2024-03-30,2024-03-30,False,,51.77,,437.22,,534
13699,16371,84,2663,,,,,,,,11,,5:27.09,,,,,217,True,Distance,136,607,439.5,F,False,3,2024-03-30,2024-03-30,False,,49.42,,386.23,,477
13700,16372,84,2664,,,,,,,,11,,5:32.56,,,,,217,True,Distance,111,576,399.0,F,False,3,2024-03-30,2024-03-30,False,,48.51,,366.36,,455
13701,16373,84,2660,,,,,,,,11,,5:33.15,,,,,217,True,Distance,109,573,395.5,F,False,3,2024-03-30,2024-03-30,False,,48.42,,364.25,,453
13702,16374,211,5432,,,,,,,,11,,5:43.61,,,,,217,True,Distance,69,516,327.0,F,False,3,2024-03-30,2024-03-30,False,,46.77,,328.15,,413
13703,16375,85,5433,,,,,,,,11,,5:47.13,,,,,217,True,Distance,58,498,307.0,F,False,3,2024-03-30,2024-03-30,False,,46.24,,316.49,,400
13704,16376,211,5434,,,,,,,,11,,5:59.27,,,,,217,True,Distance,26,437,244.5,F,False,3,2024-03-30,2024-03-30,False,,44.49,,278.03,,358
13705,16377,211,5430,,,,,,,,11,,6:20.56,,,,,217,True,Distance,0,340,170.0,F,False,3,2024-03-30,2024-03-30,False,,41.71,,216.51,,289
13706,16378,86,2523,,,,,,,,11,,6:22.19,,,,,217,True,Distance,0,333,166.5,F,False,3,2024-03-30,2024-03-30,False,,41.52,,212.08,,284
13707,16379,85,5431,,,,,,,,17,,19:16.40,,,,,217,True,Distance,223,719,582.5,F,False,3,2024-03-30,2024-03-30,False,,52.01,,481.37,,559
13708,16380,211,5435,,,,,,,,17,,19:56.57,,,,,217,True,Distance,164,659,493.5,F,False,3,2024-03-30,2024-03-30,False,,49.97,,440.02,,513
13709,16381,84,2664,,,,,,,,17,,21:45.43,,,,,217,True,Distance,50,510,305.0,F,False,3,2024-03-30,2024-03-30,False,,45.13,,340.74,,404
13710,16382,211,5436,,,,,,,,17,,22:20.74,,,,,217,True,Distance,27,465,259.5,F,False,3,2024-03-30,2024-03-30,False,,43.73,,312.0,,372
13711,16383,211,5434,,,,,,,,17,,22:28.54,,,,,217,True,Distance,23,456,251.0,F,False,3,2024-03-30,2024-03-30,False,,43.44,,305.86,,366
13712,16384,211,5437,,,,,,,,17,,23:17.22,,,,,217,True,Distance,5,399,204.5,F,False,3,2024-03-30,2024-03-30,False,,41.66,,269.06,,325
13713,16385,211,5438,,5432.0,,5427.0,,5430.0,,21,,1:01.22,,,,,217,True,Relays,84,526,347.0,F,False,3,2024-03-30,2024-03-30,False,,67.21,,477.79,,312
13714,16386,211,5438,,5432.0,,5429.0,,5427.0,,24,,4:39.99,,,,,217,True,Relays,147,624,459.0,F,False,3,2024-03-30,2024-03-30,False,,63.75,,698.54,,460
13715,16387,85,2674,,5439.0,,5433.0,,5426.0,,24,,4:47.37,,,,,217,True,Relays,109,579,398.5,F,False,3,2024-03-30,2024-03-30,False,,61.91,,659.66,,427
13716,16389,211,5437,,5434.0,,5429.0,,5435.0,,30,,14:51.43,,,,,217,True,Relays,0,0,0.0,F,False,3,2024-03-30,2024-03-30,False,,,,,,
13717,16390,85,2670,,5441.0,,2672.0,,5426.0,,30,,15:19.55,,,,,217,True,Relays,0,0,0.0,F,False,3,2024-03-30,2024-03-30,False,,,,,,
13733,16388,85,5423,,5441.0,,5442.0,,2670.0,,24,,4:57.43,,,,,217,True,Relays,67,520,327.0,F,False,3,2024-03-30,2024-03-30,False,,59.55,,609.76,,385
13807,16500,146,992,,,,,,,,11,,5:15.18,,,,,218,True,Distance,198,677,536.5,F,False,3,2024-03-30,2024-03-30,False,,51.52,,431.87,,528
13809,16502,146,3649,,3650.0,,3657.0,,5480.0,,21,,53.56,,,,,218,True,Relays,313,768,697.0,F,False,3,2024-03-30,2024-03-30,False,,79.06,,694.72,,520
13820,16498,146,1020,,,,,,,,9,,2:25.90,,,,,218,True,Distance,257,745,629.5,F,False,3,2024-03-30,2024-03-30,False,,56.91,,466.9,,592
13891,16579,199,1776,,,,,,,,9,,2:51.25,,,,,220,True,Distance,22,426,235.0,F,False,3,2024-03-30,2024-03-30,False,,47.33,,265.24,,368
13892,16580,199,1756,,,,,,,,9,,2:54.74,,,,,220,True,Distance,10,389,204.5,F,False,3,2024-03-30,2024-03-30,False,,46.25,,242.06,,342
13893,16581,199,1742,,,,,,,,11,,5:35.17,,,,,220,True,Distance,100,562,381.0,F,False,3,2024-03-30,2024-03-30,False,,48.09,,357.11,,445
13894,16582,199,1728,,,,,,,,17,,18:44.26,,,,,220,True,Distance,276,769,660.5,F,False,3,2024-03-30,2024-03-30,False,,53.75,,516.59,,597
13895,16583,199,3533,,4964.0,,5487.0,,1776.0,,21,,55.33,,,,,220,True,Relays,247,708,601.0,F,False,3,2024-03-30,2024-03-30,False,,75.99,,639.26,,466
13916,16606,116,285,,,,,,,,9,,2:29.37,,,,,221,True,Distance,210,696,558.0,F,False,3,2024-03-30,2024-03-30,False,,55.39,,435.26,,557
13917,16607,116,445,,,,,,,,9,,2:34.66,,,,,221,True,Distance,147,625,459.5,F,False,3,2024-03-30,2024-03-30,False,,53.21,,389.74,,506
13918,16608,116,285,,,,,,,,11,,5:09.74,,,,,221,True,Distance,230,710,585.0,F,False,3,2024-03-30,2024-03-30,False,,52.54,,453.89,,552
13919,16609,116,445,,,,,,,,11,,5:15.37,,,,,221,True,Distance,197,676,535.0,F,False,3,2024-03-30,2024-03-30,False,,51.49,,431.11,,527
13920,16610,116,283,,,,,,,,11,,5:20.99,,,,,221,True,Distance,166,642,487.0,F,False,3,2024-03-30,2024-03-30,False,,50.48,,409.18,,503
13921,16611,116,4139,,,,,,,,11,,5:40.74,,,,,221,True,Distance,79,531,344.5,F,False,3,2024-03-30,2024-03-30,False,,47.21,,337.84,,424
13922,16612,116,442,,,,,,,,17,,19:14.97,,,,,221,True,Distance,225,721,585.5,F,False,3,2024-03-30,2024-03-30,False,,52.08,,482.9,,560
13954,16643,203,4492,,,,,,,,9,,2:30.71,,,,,222,True,Distance,193,678,532.0,F,False,3,2024-03-30,2024-03-30,False,,54.82,,423.43,,543
13955,16644,203,4227,,,,,,,,9,,2:31.50,,,,,222,True,Distance,184,667,517.5,F,False,3,2024-03-30,2024-03-30,False,,54.49,,416.55,,536
13956,16645,203,4225,,,,,,,,9,,2:33.50,,,,,222,True,Distance,160,640,480.0,F,False,3,2024-03-30,2024-03-30,False,,53.67,,399.45,,517
13957,16646,203,4242,,4243.0,,4489.0,,4290.0,,21,,51.28,,,,,222,True,Relays,409,849,833.5,F,False,3,2024-03-30,2024-03-30,False,,83.4,,771.8,,594
13975,16665,124,1928,,,,,,,,9,,2:22.91,,,,,223,True,Distance,302,788,696.0,F,False,3,2024-03-30,2024-03-30,False,,58.3,,495.41,,623
13976,16666,124,3862,,,,,,,,9,,2:23.82,,,,,223,True,Distance,288,775,675.5,F,False,3,2024-03-30,2024-03-30,False,,57.87,,486.61,,614
13977,16667,124,1966,,,,,,,,9,,2:48.33,,,,,223,True,Distance,36,458,265.0,F,False,3,2024-03-30,2024-03-30,False,,48.27,,285.38,,390
13978,16668,124,1951,,,,,,,,9,,3:00.02,,,,,223,True,Distance,0,336,168.0,F,False,3,2024-03-30,2024-03-30,False,,44.7,,208.7,,305
13979,16669,124,1962,,,,,,,,9,,3:10.89,,,,,223,True,Distance,0,240,120.0,F,False,3,2024-03-30,2024-03-30,False,,41.8,,145.83,,235
13980,16670,124,5493,,,,,,,,9,,3:13.82,,,,,223,True,Distance,0,217,108.5,F,False,3,2024-03-30,2024-03-30,False,,41.08,,130.09,,217
13981,16671,124,1985,,,,,,,,9,,3:21.80,,,,,223,True,Distance,0,159,79.5,F,False,3,2024-03-30,2024-03-30,False,,39.24,,89.53,,172
13982,16672,124,3824,,,,,,,,9,,3:22.30,,,,,223,True,Distance,0,156,78.0,F,False,3,2024-03-30,2024-03-30,False,,39.13,,87.1,,169
13983,16673,124,1967,,,,,,,,11,,4:56.62,,,,,223,True,Distance,317,793,713.5,F,False,3,2024-03-30,2024-03-30,False,,55.15,,510.31,,615
13984,16674,124,1930,,,,,,,,11,,5:03.23,,,,,223,True,Distance,271,751,646.5,F,False,3,2024-03-30,2024-03-30,False,,53.81,,481.27,,583
13985,16675,124,1946,,,,,,,,11,,5:39.39,,,,,223,True,Distance,84,539,353.5,F,False,3,2024-03-30,2024-03-30,False,,47.42,,342.45,,429
13986,16676,124,2842,,,,,,,,11,,5:40.98,,,,,223,True,Distance,78,530,343.0,F,False,3,2024-03-30,2024-03-30,False,,47.17,,337.02,,423
13987,16677,124,3824,,,,,,,,11,,5:45.07,,,,,223,True,Distance,64,509,318.5,F,False,3,2024-03-30,2024-03-30,False,,46.55,,323.29,,408
13988,16678,124,5492,,,,,,,,11,,6:00.41,,,,,223,True,Distance,24,432,240.0,F,False,3,2024-03-30,2024-03-30,False,,44.34,,274.55,,354
13989,16679,124,1947,,,,,,,,11,,6:01.49,,,,,223,True,Distance,22,426,235.0,F,False,3,2024-03-30,2024-03-30,False,,44.19,,271.28,,350
13990,16680,124,1962,,,,,,,,11,,6:23.97,,,,,223,True,Distance,0,326,163.0,F,False,3,2024-03-30,2024-03-30,False,,41.3,,207.29,,279
13991,16681,124,1947,,,,,,,,17,,20:42.31,,,,,223,True,Distance,108,594,405.0,F,False,3,2024-03-30,2024-03-30,False,,47.83,,396.18,,465
13992,16682,124,1946,,,,,,,,17,,22:52.70,,,,,223,True,Distance,12,427,225.5,F,False,3,2024-03-30,2024-03-30,False,,42.54,,287.27,,345
13995,16685,124,1931,,,,,,,,20,,12:59.86,,,,,223,True,Distance,30,457,258.5,F,False,3,2024-03-30,2024-03-30,False,,43.68,,294.87,,554
13996,16686,124,1933,,,,,,,,20,,13:24.78,,,,,223,True,Distance,10,404,212.0,F,False,3,2024-03-30,2024-03-30,False,,42.13,,261.83,,519
13997,16687,124,1937,,,,,,,,20,,14:13.84,,,,,223,True,Distance,0,310,155.0,F,False,3,2024-03-30,2024-03-30,False,,39.35,,202.42,,457
13998,16688,124,1951,,,,,,,,20,,14:26.89,,,,,223,True,Distance,0,287,143.5,F,False,3,2024-03-30,2024-03-30,False,,38.66,,187.74,,442
13999,16689,124,1962,,,,,,,,20,,16:02.62,,,,,223,True,Distance,0,145,72.5,F,False,3,2024-03-30,2024-03-30,False,,34.22,,92.28,,342
14000,16690,124,1985,,,,,,,,20,,17:03.37,,,,,223,True,Distance,0,80,40.0,F,False,3,2024-03-30,2024-03-30,False,,31.84,,40.96,,289
14001,16691,124,3825,,3813.0,,3817.0,,3818.0,,21,,53.95,,,,,223,True,Relays,298,755,675.5,F,False,3,2024-03-30,2024-03-30,False,,78.37,,682.18,,508
14002,16692,124,5494,,1928.0,,5491.0,,3817.0,,24,,4:27.23,,,,,223,True,Relays,225,707,578.5,F,False,3,2024-03-30,2024-03-30,False,,67.21,,770.83,,522
14003,16693,124,1966,,3862.0,,3818.0,,5495.0,,24,,4:33.37,,,,,223,True,Relays,185,666,518.0,F,False,3,2024-03-30,2024-03-30,False,,65.5,,735.2,,492
14004,16694,124,1931,,1967.0,,1947.0,,1962.0,,24,,5:27.68,,,,,223,True,Relays,2,362,183.0,F,False,3,2024-03-30,2024-03-30,False,,53.41,,478.19,,273
14012,16702,120,293,,,,,,,,9,,2:47.81,,,,,223,True,Distance,39,464,271.0,F,False,3,2024-03-30,2024-03-30,False,,48.44,,289.04,,394
14013,16703,120,307,,,,,,,,9,,3:27.12,,,,,223,True,Distance,0,126,63.0,F,False,3,2024-03-30,2024-03-30,False,,38.09,,64.24,,144
14014,16704,120,4774,,,,,,,,17,,24:04.24,,,,,223,True,Distance,0,347,173.5,F,False,3,2024-03-30,2024-03-30,False,,40.06,,235.86,,289
14016,16706,120,4774,,,,,,,,20,,14:24.80,,,,,223,True,Distance,0,290,145.0,F,False,3,2024-03-30,2024-03-30,False,,38.77,,190.06,,444
14084,16783,108,74,,,,,,,,9,,2:40.16,,,,,225,True,Distance,94,555,371.5,F,False,3,2024-04-06,2024-04-06,False,,51.11,,345.61,,457
14085,16784,108,2233,,,,,,,,9,,3:01.42,,,,,225,True,Distance,0,323,161.5,F,False,3,2024-04-06,2024-04-06,False,,44.3,,200.18,,295
14086,16785,108,3322,,,,,,,,9,,3:22.18,,,,,225,True,Distance,0,157,78.5,F,False,3,2024-04-06,2024-04-06,False,,39.15,,87.68,,170
14087,16786,108,74,,,,,,,,11,,5:20.76,,,,,225,True,Distance,167,644,489.0,F,False,3,2024-04-06,2024-04-06,False,,50.52,,410.06,,504
14088,16787,108,2233,,,,,,,,11,,5:47.87,,,,,225,True,Distance,56,494,303.0,F,False,3,2024-04-06,2024-04-06,False,,46.13,,314.07,,397
14089,16788,108,3322,,,,,,,,11,,6:32.16,,,,,225,True,Distance,0,292,146.0,F,False,3,2024-04-06,2024-04-06,False,,40.33,,185.8,,255
14100,16800,60,3360,,,,,,,,11,,5:04.84,,,,,226,True,Distance,261,740,631.0,F,False,3,2024-04-06,2024-04-06,False,,53.49,,474.39,,575
14101,16801,60,3359,,,,,,,,11,,5:05.69,,,,,226,True,Distance,255,735,622.5,F,False,3,2024-04-06,2024-04-06,False,,53.32,,470.79,,571
14102,16802,60,3379,,,,,,,,11,,5:57.02,,,,,226,True,Distance,31,448,255.0,F,False,3,2024-04-06,2024-04-06,False,,44.81,,284.96,,365
14103,16803,60,3369,,,,,,,,17,,21:35.17,,,,,226,True,Distance,58,523,319.5,F,False,3,2024-04-06,2024-04-06,False,,45.55,,349.39,,413
14104,16804,60,3360,,,,,,,,17,,21:36.03,,,,,226,True,Distance,57,522,318.0,F,False,3,2024-04-06,2024-04-06,False,,45.51,,348.66,,413
14320,17021,124,1928,,,,,,,,9,,2:20.09,,,,,227,True,Distance,347,830,762.0,F,False,3,2024-04-06,2024-04-07,True,,59.66,,523.4,,655
14321,17022,167,2512,,,,,,,,9,,2:25.00,,,,,227,True,Distance,270,758,649.0,F,False,3,2024-04-06,2024-04-07,True,,57.32,,475.36,,601
14322,17023,56,246,,,,,,,,9,,2:26.00,,,,,227,True,Distance,256,743,627.5,F,False,3,2024-04-06,2024-04-07,True,,56.87,,465.97,,591
14323,17024,124,1930,,,,,,,,9,,2:27.12,,,,,227,True,Distance,240,728,604.0,F,False,3,2024-04-06,2024-04-07,True,,56.37,,455.61,,579
14324,17025,56,3366,,,,,,,,9,,2:27.27,,,,,227,True,Distance,238,725,600.5,F,False,3,2024-04-06,2024-04-07,True,,56.3,,454.23,,578
14327,17026,188,807,,,,,,,,9,,2:27.50,,,,,227,True,Distance,235,722,596.0,F,False,3,2024-04-06,2024-04-07,True,,56.2,,452.13,,575
14328,17027,116,291,,,,,,,,9,,2:28.22,,,,,227,True,Distance,225,712,581.0,F,False,3,2024-04-06,2024-04-07,True,,55.88,,445.58,,568
14329,17028,164,620,,,,,,,,9,,2:28.45,,,,,227,True,Distance,222,709,576.5,F,False,3,2024-04-06,2024-04-07,True,,55.78,,443.5,,566
14330,17029,159,648,,,,,,,,9,,2:28.69,,,,,227,True,Distance,219,706,572.0,F,False,3,2024-04-06,2024-04-07,True,,55.68,,441.34,,563
14331,17030,169,4236,,,,,,,,9,,2:29.20,,,,,227,True,Distance,212,698,561.0,F,False,3,2024-04-06,2024-04-07,True,,55.46,,436.77,,558
14332,17031,158,2388,,,,,,,,9,,2:29.51,,,,,227,True,Distance,208,694,555.0,F,False,3,2024-04-06,2024-04-07,True,,55.33,,434.01,,555
14333,17032,124,1929,,,,,,,,9,,2:29.77,,,,,227,True,Distance,205,691,550.5,F,False,3,2024-04-06,2024-04-07,True,,55.22,,431.7,,553
14334,17033,56,4106,,,,,,,,9,,2:29.95,,,,,227,True,Distance,203,688,547.0,F,False,3,2024-04-06,2024-04-07,True,,55.14,,430.11,,551
14335,17034,17,3247,,,,,,,,9,,2:30.93,,,,,227,True,Distance,191,675,528.5,F,False,3,2024-04-06,2024-04-07,True,,54.73,,421.5,,541
14336,17035,167,5279,,,,,,,,9,,2:31.34,,,,,227,True,Distance,186,669,520.5,F,False,3,2024-04-06,2024-04-07,True,,54.55,,417.94,,537
14337,17037,116,285,,,,,,,,9,,2:31.58,,,,,227,True,Distance,183,666,516.0,F,False,3,2024-04-06,2024-04-07,True,,54.46,,415.86,,535
14338,17038,11,2924,,,,,,,,9,,2:31.60,,,,,227,True,Distance,182,666,515.0,F,False,3,2024-04-06,2024-04-07,True,,54.45,,415.68,,535
14339,17039,167,577,,,,,,,,9,,2:32.02,,,,,227,True,Distance,177,660,507.0,F,False,3,2024-04-06,2024-04-07,True,,54.27,,412.06,,531
14340,17040,169,4289,,,,,,,,9,,2:32.97,,,,,227,True,Distance,166,647,489.5,F,False,3,2024-04-06,2024-04-07,True,,53.88,,403.94,,522
14341,17041,117,239,,,,,,,,9,,2:33.21,,,,,227,True,Distance,164,644,486.0,F,False,3,2024-04-06,2024-04-07,True,,53.79,,401.91,,520
14342,17042,203,4227,,,,,,,,9,,2:33.43,,,,,227,True,Distance,161,641,481.5,F,False,3,2024-04-06,2024-04-07,True,,53.7,,400.05,,517
14343,17043,188,2081,,,,,,,,9,,2:33.67,,,,,227,True,Distance,158,638,477.0,F,False,3,2024-04-06,2024-04-07,True,,53.6,,398.02,,515
14344,17044,166,3586,,,,,,,,9,,2:34.28,,,,,227,True,Distance,152,630,467.0,F,False,3,2024-04-06,2024-04-07,True,,53.36,,392.91,,510
14345,17045,95,5518,,,,,,,,9,,2:35.35,,,,,227,True,Distance,140,616,448.0,F,False,3,2024-04-06,2024-04-07,True,,52.93,,384.03,,500
14346,17046,146,1032,,,,,,,,9,,2:35.49,,,,,227,True,Distance,139,614,446.0,F,False,3,2024-04-06,2024-04-07,True,,52.88,,382.88,,498
14347,17047,116,294,,,,,,,,9,,2:36.18,,,,,227,True,Distance,131,605,433.5,F,False,3,2024-04-06,2024-04-07,True,,52.61,,377.24,,492
14348,17048,158,2403,,,,,,,,9,,2:36.21,,,,,227,True,Distance,131,605,433.5,F,False,3,2024-04-06,2024-04-07,True,,52.6,,376.99,,492
14349,17049,159,4285,,,,,,,,9,,2:36.38,,,,,227,True,Distance,129,602,430.0,F,False,3,2024-04-06,2024-04-07,True,,52.53,,375.61,,490
14350,17050,159,590,,,,,,,,9,,2:36.86,,,,,227,True,Distance,125,596,423.0,F,False,3,2024-04-06,2024-04-07,True,,52.35,,371.72,,486
14351,17051,124,3317,,,,,,,,9,,2:37.02,,,,,227,True,Distance,123,594,420.0,F,False,3,2024-04-06,2024-04-07,True,,52.29,,370.43,,485
14352,17052,167,2997,,,,,,,,9,,2:38.86,,,,,227,True,Distance,105,571,390.5,F,False,3,2024-04-06,2024-04-07,True,,51.59,,355.77,,468
14353,17097,167,5204,,,,,,,,9,,3:00.66,,,,,227,True,Distance,0,330,165.0,F,False,3,2024-04-06,2024-04-07,True,,44.52,,204.79,,300
14354,17054,203,1732,,,,,,,,9,,2:39.78,,,,,227,True,Distance,97,559,376.5,F,False,3,2024-04-06,2024-04-07,True,,51.25,,348.56,,460
14355,17055,96,4655,,,,,,,,9,,2:40.17,,,,,227,True,Distance,94,555,371.5,F,False,3,2024-04-06,2024-04-07,True,,51.1,,345.53,,457
14356,17057,164,618,,,,,,,,9,,2:41.30,,,,,227,True,Distance,84,541,354.5,F,False,3,2024-04-06,2024-04-07,True,,50.69,,336.84,,447
14357,17058,11,2931,,,,,,,,9,,2:42.12,,,,,227,True,Distance,78,531,343.5,F,False,3,2024-04-06,2024-04-07,True,,50.4,,330.61,,440
14358,17059,124,1966,,,,,,,,9,,2:42.16,,,,,227,True,Distance,77,530,342.0,F,False,3,2024-04-06,2024-04-07,True,,50.38,,330.3,,440
14359,17060,178,1743,,,,,,,,9,,2:43.06,,,,,227,True,Distance,70,519,329.5,F,False,3,2024-04-06,2024-04-07,True,,50.06,,323.54,,432
14360,17061,167,5519,,,,,,,,9,,2:43.30,,,,,227,True,Distance,69,517,327.5,F,False,3,2024-04-06,2024-04-07,True,,49.98,,321.75,,430
14361,17062,124,1955,,,,,,,,9,,2:43.96,,,,,227,True,Distance,64,509,318.5,F,False,3,2024-04-06,2024-04-07,True,,49.75,,316.85,,425
14362,17063,159,4667,,,,,,,,9,,2:43.98,,,,,227,True,Distance,64,508,318.0,F,False,3,2024-04-06,2024-04-07,True,,49.74,,316.7,,425
14363,17064,61,4022,,,,,,,,9,,2:44.55,,,,,227,True,Distance,60,502,311.0,F,False,3,2024-04-06,2024-04-07,True,,49.54,,312.5,,420
14364,17065,203,4226,,,,,,,,9,,2:44.66,,,,,227,True,Distance,59,500,309.0,F,False,3,2024-04-06,2024-04-07,True,,49.51,,311.69,,419
14365,17066,124,2842,,,,,,,,9,,2:44.84,,,,,227,True,Distance,58,498,307.0,F,False,3,2024-04-06,2024-04-07,True,,49.44,,310.38,,418
14366,17067,178,1746,,,,,,,,9,,2:45.07,,,,,227,True,Distance,56,496,304.0,F,False,3,2024-04-06,2024-04-07,True,,49.36,,308.7,,416
14367,17068,124,1946,,,,,,,,9,,2:45.21,,,,,227,True,Distance,55,494,302.0,F,False,3,2024-04-06,2024-04-07,True,,49.32,,307.68,,415
14368,17069,124,1932,,,,,,,,9,,2:45.22,,,,,227,True,Distance,55,494,302.0,F,False,3,2024-04-06,2024-04-07,True,,49.31,,307.6,,415
14369,17070,124,5520,,,,,,,,9,,2:45.35,,,,,227,True,Distance,54,492,300.0,F,False,3,2024-04-06,2024-04-07,True,,49.27,,306.66,,414
14370,17071,167,663,,,,,,,,9,,2:45.73,,,,,227,True,Distance,52,488,296.0,F,False,3,2024-04-06,2024-04-07,True,,49.14,,303.9,,411
14371,17072,132,603,,,,,,,,9,,2:46.45,,,,,227,True,Distance,47,480,287.0,F,False,3,2024-04-06,2024-04-07,True,,48.89,,298.71,,405
14372,17074,111,4766,,,,,,,,9,,2:47.11,,,,,227,True,Distance,43,472,279.0,F,False,3,2024-04-06,2024-04-07,True,,48.67,,294.0,,400
14373,17075,167,617,,,,,,,,9,,2:47.98,,,,,227,True,Distance,38,462,269.0,F,False,3,2024-04-06,2024-04-07,True,,48.38,,287.84,,393
14374,17076,1,86,,,,,,,,9,,2:49.89,,,,,227,True,Distance,28,441,248.5,F,False,3,2024-04-06,2024-04-07,True,,47.76,,274.53,,378
14375,17077,167,621,,,,,,,,9,,2:50.51,,,,,227,True,Distance,26,434,243.0,F,False,3,2024-04-06,2024-04-07,True,,47.56,,270.28,,373
14376,17078,167,638,,,,,,,,9,,2:51.19,,,,,227,True,Distance,23,427,236.5,F,False,3,2024-04-06,2024-04-07,True,,47.35,,265.65,,368
14377,17079,167,5203,,,,,,,,9,,2:51.47,,,,,227,True,Distance,21,424,233.0,F,False,3,2024-04-06,2024-04-07,True,,47.26,,263.75,,366
14378,17080,167,3000,,,,,,,,9,,2:51.66,,,,,227,True,Distance,21,422,232.0,F,False,3,2024-04-06,2024-04-07,True,,47.2,,262.47,,364
14379,17081,178,1730,,,,,,,,9,,2:52.69,,,,,227,True,Distance,17,411,222.5,F,False,3,2024-04-06,2024-04-07,True,,46.88,,255.56,,357
14380,17082,158,4251,,,,,,,,9,,2:53.32,,,,,227,True,Distance,14,404,216.0,F,False,3,2024-04-06,2024-04-07,True,,46.68,,251.38,,352
14381,17083,124,1952,,,,,,,,9,,2:53.59,,,,,227,True,Distance,13,401,213.5,F,False,3,2024-04-06,2024-04-07,True,,46.6,,249.6,,350
14382,17084,167,647,,,,,,,,9,,2:53.66,,,,,227,True,Distance,13,400,213.0,F,False,3,2024-04-06,2024-04-07,True,,46.58,,249.14,,350
14383,17085,167,5202,,,,,,,,9,,2:53.67,,,,,227,True,Distance,13,400,213.0,F,False,3,2024-04-06,2024-04-07,True,,46.57,,249.07,,350
14384,17086,159,3105,,,,,,,,9,,2:54.31,,,,,227,True,Distance,11,394,208.0,F,False,3,2024-04-06,2024-04-07,True,,46.38,,244.87,,345
14385,17087,146,4288,,,,,,,,9,,2:56.02,,,,,227,True,Distance,7,376,195.0,F,False,3,2024-04-06,2024-04-07,True,,45.86,,233.79,,333
14386,17088,164,5521,,,,,,,,9,,2:56.16,,,,,227,True,Distance,6,375,193.5,F,False,3,2024-04-06,2024-04-07,True,,45.82,,232.89,,332
14387,17089,199,1776,,,,,,,,9,,2:56.21,,,,,227,True,Distance,6,374,193.0,F,False,3,2024-04-06,2024-04-07,True,,45.8,,232.57,,331
14388,17090,124,3820,,,,,,,,9,,2:56.87,,,,,227,True,Distance,5,367,188.5,F,False,3,2024-04-06,2024-04-07,True,,45.61,,228.36,,327
14389,17092,124,1947,,,,,,,,9,,2:58.34,,,,,227,True,Distance,2,353,178.5,F,False,3,2024-04-06,2024-04-07,True,,45.18,,219.1,,316
14390,17093,56,3382,,,,,,,,9,,2:58.57,,,,,227,True,Distance,2,350,177.0,F,False,3,2024-04-06,2024-04-07,True,,45.11,,217.66,,315
14391,17094,56,3797,,,,,,,,9,,2:59.50,,,,,227,True,Distance,1,341,171.5,F,False,3,2024-04-06,2024-04-07,True,,44.85,,211.9,,308
14392,17095,167,632,,,,,,,,9,,2:59.85,,,,,227,True,Distance,0,338,169.0,F,False,3,2024-04-06,2024-04-07,True,,44.75,,209.74,,306
14393,17096,167,655,,,,,,,,9,,3:00.22,,,,,227,True,Distance,0,334,167.0,F,False,3,2024-04-06,2024-04-07,True,,44.64,,207.47,,303
14394,17098,104,1983,,,,,,,,9,,3:01.52,,,,,227,True,Distance,0,322,161.0,F,False,3,2024-04-06,2024-04-07,True,,44.28,,199.58,,295
14395,17100,164,4115,,,,,,,,9,,3:03.73,,,,,227,True,Distance,0,302,151.0,F,False,3,2024-04-06,2024-04-07,True,,43.67,,186.4,,280
14396,17101,159,2712,,,,,,,,9,,3:04.46,,,,,227,True,Distance,0,295,147.5,F,False,3,2024-04-06,2024-04-07,True,,43.47,,182.12,,275
14397,17102,167,652,,,,,,,,9,,3:06.29,,,,,227,True,Distance,0,279,139.5,F,False,3,2024-04-06,2024-04-07,True,,42.98,,171.54,,263
14398,17103,169,2420,,,,,,,,9,,3:06.55,,,,,227,True,Distance,0,276,138.0,F,False,3,2024-04-06,2024-04-07,True,,42.92,,170.05,,262
14399,17104,203,5523,,,,,,,,9,,3:08.72,,,,,227,True,Distance,0,258,129.0,F,False,3,2024-04-06,2024-04-07,True,,42.35,,157.8,,248
14400,17105,120,5524,,,,,,,,9,,3:12.45,,,,,227,True,Distance,0,227,113.5,F,False,3,2024-04-06,2024-04-07,True,,41.42,,137.39,,225
14401,17106,167,582,,,,,,,,9,,3:14.16,,,,,227,True,Distance,0,214,107.0,F,False,3,2024-04-06,2024-04-07,True,,41.0,,128.29,,215
14402,17107,164,4223,,,,,,,,9,,3:16.50,,,,,227,True,Distance,0,196,98.0,F,False,3,2024-04-06,2024-04-07,True,,40.45,,116.1,,202
14403,17108,120,307,,,,,,,,9,,3:28.51,,,,,227,True,Distance,0,118,59.0,F,False,3,2024-04-06,2024-04-07,True,,37.8,,57.84,,137
14404,17109,169,5345,,,,,,,,9,,3:31.18,,,,,227,True,Distance,0,103,51.5,F,False,3,2024-04-06,2024-04-07,True,,37.26,,45.79,,123
14405,17110,158,4252,,,,,,,,9,,3:37.84,,,,,227,True,Distance,0,71,35.5,F,False,3,2024-04-06,2024-04-07,True,,35.97,,17.01,,91
14406,17111,167,2534,,,,,,,,9,,3:38.94,,,,,227,True,Distance,0,66,33.0,F,False,3,2024-04-06,2024-04-07,True,,35.76,,12.43,,86
14407,17112,169,4675,,,,,,,,9,,3:48.64,,,,,227,True,Distance,0,31,15.5,F,False,3,2024-04-06,2024-04-07,True,,34.04,,-26.09,,44
14408,17113,124,1967,,,,,,,,11,,4:54.19,,,,,227,True,Distance,335,809,739.5,F,False,3,2024-04-06,2024-04-07,True,,55.67,,521.31,,627
14409,17114,124,1929,,,,,,,,11,,5:00.91,,,,,227,True,Distance,287,765,669.5,F,False,3,2024-04-06,2024-04-07,True,,54.27,,491.32,,594
14410,17115,167,577,,,,,,,,11,,5:01.76,,,,,227,True,Distance,281,760,661.0,F,False,3,2024-04-06,2024-04-07,True,,54.1,,487.62,,590
14411,17116,159,2160,,,,,,,,11,,5:03.16,,,,,227,True,Distance,272,751,647.5,F,False,3,2024-04-06,2024-04-07,True,,53.82,,481.57,,583
14412,17117,1,67,,,,,,,,11,,5:04.60,,,,,227,True,Distance,262,742,633.0,F,False,3,2024-04-06,2024-04-07,True,,53.53,,475.41,,576
14413,17118,61,2241,,,,,,,,11,,5:05.90,,,,,227,True,Distance,254,734,621.0,F,False,3,2024-04-06,2024-04-07,True,,53.28,,469.9,,570
14414,17119,124,1930,,,,,,,,11,,5:05.96,,,,,227,True,Distance,253,733,619.5,F,False,3,2024-04-06,2024-04-07,True,,53.27,,469.65,,570
14415,17120,117,234,,,,,,,,11,,5:09.60,,,,,227,True,Distance,231,711,586.5,F,False,3,2024-04-06,2024-04-07,True,,52.56,,454.46,,553
14416,17121,169,4236,,,,,,,,11,,5:10.21,,,,,227,True,Distance,227,707,580.5,F,False,3,2024-04-06,2024-04-07,True,,52.45,,451.95,,550
14417,17122,116,291,,,,,,,,11,,5:10.73,,,,,227,True,Distance,224,704,576.0,F,False,3,2024-04-06,2024-04-07,True,,52.35,,449.82,,548
14418,17123,164,4114,,,,,,,,11,,5:12.99,,,,,227,True,Distance,210,690,555.0,F,False,3,2024-04-06,2024-04-07,True,,51.93,,440.64,,538
14419,17124,164,575,,,,,,,,11,,5:13.05,,,,,227,True,Distance,210,690,555.0,F,False,3,2024-04-06,2024-04-07,True,,51.91,,440.4,,537
14420,17125,116,285,,,,,,,,11,,5:14.22,,,,,227,True,Distance,203,683,544.5,F,False,3,2024-04-06,2024-04-07,True,,51.7,,435.7,,532
14421,17126,116,283,,,,,,,,11,,5:14.77,,,,,227,True,Distance,200,679,539.5,F,False,3,2024-04-06,2024-04-07,True,,51.6,,433.5,,530
14422,17127,1,68,,,,,,,,11,,5:15.34,,,,,227,True,Distance,197,676,535.0,F,False,3,2024-04-06,2024-04-07,True,,51.49,,431.23,,527
14423,17128,132,2699,,,,,,,,11,,5:15.82,,,,,227,True,Distance,194,673,530.5,F,False,3,2024-04-06,2024-04-07,True,,51.4,,429.33,,525
14424,17129,56,246,,,,,,,,11,,5:17.74,,,,,227,True,Distance,183,661,513.5,F,False,3,2024-04-06,2024-04-07,True,,51.06,,421.77,,517
14425,17130,178,1748,,,,,,,,11,,5:18.77,,,,,227,True,Distance,178,655,505.5,F,False,3,2024-04-06,2024-04-07,True,,50.87,,417.75,,512
14426,17131,167,5279,,,,,,,,11,,5:19.37,,,,,227,True,Distance,175,652,501.0,F,False,3,2024-04-06,2024-04-07,True,,50.76,,415.42,,510
14427,17132,164,578,,,,,,,,11,,5:19.51,,,,,227,True,Distance,174,651,499.5,F,False,3,2024-04-06,2024-04-07,True,,50.74,,414.88,,509
14428,17036,117,243,,,,,,,,9,,2:31.38,,,,,227,True,Distance,185,669,519.5,F,False,3,2024-04-06,2024-04-07,True,,54.54,,417.59,,537
14429,17073,196,819,,,,,,,,9,,2:46.80,,,,,227,True,Distance,45,476,283.0,F,False,3,2024-04-06,2024-04-07,True,,48.78,,296.21,,402
14430,17099,146,3654,,,,,,,,9,,3:03.71,,,,,227,True,Distance,0,302,151.0,F,False,3,2024-04-06,2024-04-07,True,,43.67,,186.52,,280
14431,17133,162,3099,,,,,,,,11,,5:20.07,,,,,227,True,Distance,171,648,495.0,F,False,3,2024-04-06,2024-04-07,True,,50.64,,412.72,,507
14432,17134,166,3586,,,,,,,,11,,5:21.11,,,,,227,True,Distance,165,641,485.5,F,False,3,2024-04-06,2024-04-07,True,,50.46,,408.72,,502
14433,17135,178,1743,,,,,,,,11,,5:21.57,,,,,227,True,Distance,163,639,482.5,F,False,3,2024-04-06,2024-04-07,True,,50.37,,406.96,,500
14434,17136,117,79,,,,,,,,11,,5:23.80,,,,,227,True,Distance,152,626,465.0,F,False,3,2024-04-06,2024-04-07,True,,49.99,,398.5,,491
14435,17137,167,2512,,,,,,,,11,,5:24.30,,,,,227,True,Distance,149,623,460.5,F,False,3,2024-04-06,2024-04-07,True,,49.9,,396.62,,489
14436,17138,164,3002,,,,,,,,11,,5:27.34,,,,,227,True,Distance,135,605,437.5,F,False,3,2024-04-06,2024-04-07,True,,49.38,,385.3,,476
14437,17139,167,617,,,,,,,,11,,5:27.55,,,,,227,True,Distance,134,604,436.0,F,False,3,2024-04-06,2024-04-07,True,,49.34,,384.53,,475
14438,17140,132,5390,,,,,,,,11,,5:28.62,,,,,227,True,Distance,129,598,428.0,F,False,3,2024-04-06,2024-04-07,True,,49.16,,380.6,,471
14439,17141,166,3587,,,,,,,,11,,5:28.66,,,,,227,True,Distance,129,598,428.0,F,False,3,2024-04-06,2024-04-07,True,,49.16,,380.45,,471
14440,17142,164,4116,,,,,,,,11,,5:29.33,,,,,227,True,Distance,125,594,422.0,F,False,3,2024-04-06,2024-04-07,True,,49.05,,378.01,,468
14441,17143,95,5518,,,,,,,,11,,5:29.64,,,,,227,True,Distance,124,592,420.0,F,False,3,2024-04-06,2024-04-07,True,,48.99,,376.88,,467
14442,17144,116,294,,,,,,,,11,,5:30.55,,,,,227,True,Distance,120,587,413.5,F,False,3,2024-04-06,2024-04-07,True,,48.84,,373.58,,463
14443,17145,164,606,,,,,,,,11,,5:31.16,,,,,227,True,Distance,117,584,409.0,F,False,3,2024-04-06,2024-04-07,True,,48.74,,371.38,,461
14444,17146,146,1032,,,,,,,,11,,5:32.04,,,,,227,True,Distance,113,579,402.5,F,False,3,2024-04-06,2024-04-07,True,,48.6,,368.22,,457
14445,17147,203,1732,,,,,,,,11,,5:33.27,,,,,227,True,Distance,108,572,394.0,F,False,3,2024-04-06,2024-04-07,True,,48.4,,363.83,,453
14446,17148,178,1730,,,,,,,,11,,5:33.47,,,,,227,True,Distance,107,571,392.5,F,False,3,2024-04-06,2024-04-07,True,,48.36,,363.12,,452
14447,17149,203,1769,,,,,,,,11,,5:34.53,,,,,227,True,Distance,103,565,385.5,F,False,3,2024-04-06,2024-04-07,True,,48.19,,359.36,,448
14448,17150,132,2705,,,,,,,,11,,5:34.57,,,,,227,True,Distance,103,565,385.5,F,False,3,2024-04-06,2024-04-07,True,,48.19,,359.22,,447
14449,17151,11,2931,,,,,,,,11,,5:34.75,,,,,227,True,Distance,102,564,384.0,F,False,3,2024-04-06,2024-04-07,True,,48.16,,358.58,,447
14450,17152,167,621,,,,,,,,11,,5:34.99,,,,,227,True,Distance,101,563,382.5,F,False,3,2024-04-06,2024-04-07,True,,48.12,,357.74,,446
14451,17153,132,603,,,,,,,,11,,5:35.42,,,,,227,True,Distance,99,560,379.0,F,False,3,2024-04-06,2024-04-07,True,,48.05,,356.23,,444
14452,17154,159,2700,,,,,,,,11,,5:35.70,,,,,227,True,Distance,98,559,377.5,F,False,3,2024-04-06,2024-04-07,True,,48.0,,355.24,,443
14453,17155,11,2933,,,,,,,,11,,5:36.96,,,,,227,True,Distance,93,552,369.0,F,False,3,2024-04-06,2024-04-07,True,,47.8,,350.84,,438
14454,17156,1,75,,,,,,,,11,,5:37.09,,,,,227,True,Distance,93,551,368.5,F,False,3,2024-04-06,2024-04-07,True,,47.78,,350.39,,438
14455,17157,158,2401,,,,,,,,11,,5:39.57,,,,,227,True,Distance,83,538,352.0,F,False,3,2024-04-06,2024-04-07,True,,47.39,,341.83,,428
14456,17158,159,4667,,,,,,,,11,,5:40.31,,,,,227,True,Distance,81,534,348.0,F,False,3,2024-04-06,2024-04-07,True,,47.28,,339.3,,425
14457,17159,158,4234,,,,,,,,11,,5:40.85,,,,,227,True,Distance,79,531,344.5,F,False,3,2024-04-06,2024-04-07,True,,47.19,,337.46,,423
14458,17160,1,86,,,,,,,,11,,5:41.18,,,,,227,True,Distance,78,529,342.5,F,False,3,2024-04-06,2024-04-07,True,,47.14,,336.34,,422
14459,17161,167,5202,,,,,,,,11,,5:41.42,,,,,227,True,Distance,77,528,341.0,F,False,3,2024-04-06,2024-04-07,True,,47.11,,335.53,,421
14460,17162,96,360,,,,,,,,11,,5:41.77,,,,,227,True,Distance,75,526,338.0,F,False,3,2024-04-06,2024-04-07,True,,47.05,,334.34,,420
14461,17163,167,2997,,,,,,,,11,,5:42.97,,,,,227,True,Distance,71,520,331.0,F,False,3,2024-04-06,2024-04-07,True,,46.87,,330.3,,415
14462,17164,203,4226,,,,,,,,11,,5:43.47,,,,,227,True,Distance,70,517,328.5,F,False,3,2024-04-06,2024-04-07,True,,46.79,,328.62,,414
14463,17165,167,663,,,,,,,,11,,5:44.33,,,,,227,True,Distance,67,512,323.0,F,False,3,2024-04-06,2024-04-07,True,,46.66,,325.75,,410
14464,17166,124,2842,,,,,,,,11,,5:45.24,,,,,227,True,Distance,64,508,318.0,F,False,3,2024-04-06,2024-04-07,True,,46.52,,322.72,,407
14465,17167,167,5519,,,,,,,,11,,5:45.63,,,,,227,True,Distance,62,506,315.0,F,False,3,2024-04-06,2024-04-07,True,,46.46,,321.43,,406
14466,17168,111,4766,,,,,,,,11,,5:46.31,,,,,227,True,Distance,60,502,311.0,F,False,3,2024-04-06,2024-04-07,True,,46.36,,319.19,,403
14467,17169,167,2500,,,,,,,,11,,5:46.64,,,,,227,True,Distance,59,500,309.0,F,False,3,2024-04-06,2024-04-07,True,,46.31,,318.1,,402
14468,17170,124,1937,,,,,,,,11,,5:47.17,,,,,227,True,Distance,58,498,307.0,F,False,3,2024-04-06,2024-04-07,True,,46.23,,316.36,,400
14469,17171,203,1783,,,,,,,,11,,5:47.49,,,,,227,True,Distance,57,496,305.0,F,False,3,2024-04-06,2024-04-07,True,,46.18,,315.31,,399
14470,17172,167,3000,,,,,,,,11,,5:48.55,,,,,227,True,Distance,53,491,298.5,F,False,3,2024-04-06,2024-04-07,True,,46.03,,311.85,,395
14471,17173,164,3116,,,,,,,,11,,5:48.84,,,,,227,True,Distance,53,489,297.5,F,False,3,2024-04-06,2024-04-07,True,,45.98,,310.91,,394
14472,17174,124,1955,,,,,,,,11,,5:49.72,,,,,227,True,Distance,50,485,292.5,F,False,3,2024-04-06,2024-04-07,True,,45.86,,308.06,,391
14473,17175,158,2400,,,,,,,,11,,5:52.58,,,,,227,True,Distance,42,470,277.0,F,False,3,2024-04-06,2024-04-07,True,,45.44,,298.9,,381
14474,17176,167,5525,,,,,,,,11,,5:53.65,,,,,227,True,Distance,39,465,271.5,F,False,3,2024-04-06,2024-04-07,True,,45.29,,295.51,,377
14475,17177,164,5521,,,,,,,,11,,5:54.06,,,,,227,True,Distance,38,463,269.5,F,False,3,2024-04-06,2024-04-07,True,,45.23,,294.21,,375
14476,17179,203,1765,,,,,,,,11,,5:54.84,,,,,227,True,Distance,36,459,265.5,F,False,3,2024-04-06,2024-04-07,True,,45.12,,291.76,,373
14477,17180,203,5526,,,,,,,,11,,5:55.90,,,,,227,True,Distance,34,454,261.0,F,False,3,2024-04-06,2024-04-07,True,,44.96,,288.44,,369
14478,17181,167,5203,,,,,,,,11,,5:57.01,,,,,227,True,Distance,31,448,255.0,F,False,3,2024-04-06,2024-04-07,True,,44.81,,284.99,,365
14479,17182,111,302,,,,,,,,11,,5:59.37,,,,,227,True,Distance,26,437,244.5,F,False,3,2024-04-06,2024-04-07,True,,44.48,,277.73,,357
14480,17184,124,2838,,,,,,,,11,,5:59.96,,,,,227,True,Distance,25,434,242.0,F,False,3,2024-04-06,2024-04-07,True,,44.4,,275.92,,355
14481,17185,158,4665,,,,,,,,11,,6:01.77,,,,,227,True,Distance,21,425,233.5,F,False,3,2024-04-06,2024-04-07,True,,44.15,,270.43,,349
14482,17186,203,1781,,,,,,,,11,,6:03.08,,,,,227,True,Distance,19,419,228.5,F,False,3,2024-04-06,2024-04-07,True,,43.97,,266.49,,345
14483,17187,86,4549,,,,,,,,11,,6:04.06,,,,,227,True,Distance,17,414,224.0,F,False,3,2024-04-06,2024-04-07,True,,43.84,,263.56,,342
14484,17188,167,655,,,,,,,,11,,6:04.07,,,,,227,True,Distance,17,414,224.0,F,False,3,2024-04-06,2024-04-07,True,,43.84,,263.53,,341
14485,17189,158,2408,,,,,,,,11,,6:05.57,,,,,227,True,Distance,15,407,218.5,F,False,3,2024-04-06,2024-04-07,True,,43.64,,259.08,,337
14486,17190,158,4251,,,,,,,,11,,6:10.85,,,,,227,True,Distance,8,383,199.5,F,False,3,2024-04-06,2024-04-07,True,,42.94,,243.69,,319
14487,17191,158,2402,,,,,,,,11,,6:11.73,,,,,227,True,Distance,7,379,196.5,F,False,3,2024-04-06,2024-04-07,True,,42.83,,241.17,,317
14488,17192,203,1796,,,,,,,,11,,6:11.79,,,,,227,True,Distance,7,379,196.5,F,False,3,2024-04-06,2024-04-07,True,,42.82,,241.0,,317
14489,17193,159,2712,,,,,,,,11,,6:11.90,,,,,227,True,Distance,6,378,195.0,F,False,3,2024-04-06,2024-04-07,True,,42.8,,240.68,,316
14490,17194,167,638,,,,,,,,11,,6:12.19,,,,,227,True,Distance,6,377,194.5,F,False,3,2024-04-06,2024-04-07,True,,42.77,,239.86,,315
14491,17195,120,306,,,,,,,,11,,6:12.27,,,,,227,True,Distance,6,376,194.0,F,False,3,2024-04-06,2024-04-07,True,,42.76,,239.63,,315
14492,17196,104,1983,,,,,,,,11,,6:13.36,,,,,227,True,Distance,5,372,191.0,F,False,3,2024-04-06,2024-04-07,True,,42.62,,236.53,,312
14493,17197,146,4288,,,,,,,,11,,6:17.72,,,,,227,True,Distance,2,352,178.0,F,False,3,2024-04-06,2024-04-07,True,,42.07,,224.31,,298
14494,17198,158,2393,,,,,,,,11,,6:20.44,,,,,227,True,Distance,0,341,170.5,F,False,3,2024-04-06,2024-04-07,True,,41.73,,216.84,,290
14495,17199,167,632,,,,,,,,11,,6:21.71,,,,,227,True,Distance,0,335,167.5,F,False,3,2024-04-06,2024-04-07,True,,41.57,,213.38,,286
14496,17200,167,582,,,,,,,,11,,6:21.72,,,,,227,True,Distance,0,335,167.5,F,False,3,2024-04-06,2024-04-07,True,,41.57,,213.35,,286
14497,17201,169,2420,,,,,,,,11,,6:25.46,,,,,227,True,Distance,0,319,159.5,F,False,3,2024-04-06,2024-04-07,True,,41.12,,203.31,,275
14498,17202,124,1971,,,,,,,,11,,6:27.38,,,,,227,True,Distance,0,312,156.0,F,False,3,2024-04-06,2024-04-07,True,,40.89,,198.23,,269
14499,17203,158,2416,,,,,,,,11,,6:30.26,,,,,227,True,Distance,0,300,150.0,F,False,3,2024-04-06,2024-04-07,True,,40.55,,190.7,,261
14500,17204,203,5523,,,,,,,,11,,6:35.74,,,,,227,True,Distance,0,278,139.0,F,False,3,2024-04-06,2024-04-07,True,,39.93,,176.68,,245
14501,17205,167,652,,,,,,,,11,,6:37.20,,,,,227,True,Distance,0,273,136.5,F,False,3,2024-04-06,2024-04-07,True,,39.76,,173.02,,241
14502,17206,169,5345,,,,,,,,11,,7:10.21,,,,,227,True,Distance,0,161,80.5,F,False,3,2024-04-06,2024-04-07,True,,36.35,,96.69,,157
14503,17208,158,4252,,,,,,,,11,,7:24.74,,,,,227,True,Distance,0,121,60.5,F,False,3,2024-04-06,2024-04-07,True,,35.01,,66.69,,123
14504,17209,167,2534,,,,,,,,11,,7:28.15,,,,,227,True,Distance,0,113,56.5,F,False,3,2024-04-06,2024-04-07,True,,34.71,,59.93,,116
14505,17210,104,1987,,,,,,,,11,,7:33.97,,,,,227,True,Distance,0,99,49.5,F,False,3,2024-04-06,2024-04-07,True,,34.21,,48.62,,103
14506,17211,117,234,,,,,,,,20,,12:02.44,,,,,227,True,Distance,114,590,409.0,F,False,3,2024-04-06,2024-04-07,True,,47.67,,379.69,,642
14507,17212,164,568,,,,,,,,20,,12:06.04,,,,,227,True,Distance,108,581,398.5,F,False,3,2024-04-06,2024-04-07,True,,47.4,,373.98,,636
14508,17213,167,577,,,,,,,,20,,12:07.33,,,,,227,True,Distance,105,578,394.0,F,False,3,2024-04-06,2024-04-07,True,,47.3,,371.94,,634
14509,17214,1,68,,,,,,,,20,,12:16.16,,,,,227,True,Distance,89,557,367.5,F,False,3,2024-04-06,2024-04-07,True,,46.65,,358.22,,620
14510,17215,146,992,,,,,,,,20,,12:24.93,,,,,227,True,Distance,75,536,343.0,F,False,3,2024-04-06,2024-04-07,True,,46.03,,344.91,,606
14511,17216,124,1931,,,,,,,,20,,12:25.90,,,,,227,True,Distance,73,534,340.0,F,False,3,2024-04-06,2024-04-07,True,,45.96,,343.46,,604
14512,17217,178,1748,,,,,,,,20,,12:37.07,,,,,227,True,Distance,57,508,311.0,F,False,3,2024-04-06,2024-04-07,True,,45.19,,327.0,,587
14513,17218,164,3098,,,,,,,,20,,12:39.60,,,,,227,True,Distance,53,502,304.0,F,False,3,2024-04-06,2024-04-07,True,,45.01,,323.34,,583
14514,17219,158,4234,,,,,,,,20,,12:43.91,,,,,227,True,Distance,48,492,294.0,F,False,3,2024-04-06,2024-04-07,True,,44.72,,317.15,,577
14515,17220,111,976,,,,,,,,20,,12:53.42,,,,,227,True,Distance,36,471,271.5,F,False,3,2024-04-06,2024-04-07,True,,44.09,,303.76,,563
14516,17221,11,2924,,,,,,,,20,,12:53.45,,,,,227,True,Distance,36,471,271.5,F,False,3,2024-04-06,2024-04-07,True,,44.09,,303.72,,563
14517,17222,56,240,,,,,,,,20,,12:54.49,,,,,227,True,Distance,35,468,269.0,F,False,3,2024-04-06,2024-04-07,True,,44.02,,302.27,,561
14518,17223,111,295,,,,,,,,20,,13:16.46,,,,,227,True,Distance,15,421,225.5,F,False,3,2024-04-06,2024-04-07,True,,42.63,,272.63,,530
14519,17224,167,2500,,,,,,,,20,,13:25.80,,,,,227,True,Distance,9,402,210.0,F,False,3,2024-04-06,2024-04-07,True,,42.06,,260.52,,518
14520,17226,11,2933,,,,,,,,20,,13:45.85,,,,,227,True,Distance,1,362,182.0,F,False,3,2024-04-06,2024-04-07,True,,40.89,,235.45,,492
14521,17227,86,4560,,,,,,,,20,,14:19.52,,,,,227,True,Distance,0,300,150.0,F,False,3,2024-04-06,2024-04-07,True,,39.05,,195.98,,451
14522,17228,167,582,,,,,,,,20,,14:35.05,,,,,227,True,Distance,0,273,136.5,F,False,3,2024-04-06,2024-04-07,True,,38.24,,178.79,,433
14523,17229,158,2402,,,,,,,,20,,14:39.92,,,,,227,True,Distance,0,265,132.5,F,False,3,2024-04-06,2024-04-07,True,,38.0,,173.53,,427
14524,17230,124,1985,,,,,,,,20,,16:32.34,,,,,227,True,Distance,0,111,55.5,F,False,3,2024-04-06,2024-04-07,True,,33.02,,66.39,,315
14525,17231,167,5197,,,,,,,,20,,17:36.37,,,,,227,True,Distance,0,53,26.5,F,False,3,2024-04-06,2024-04-07,True,,30.66,,15.55,,262
14526,17232,167,2499,,,,,,,,17,,17:20.06,,,,,227,True,Distance,444,907,897.5,F,False,3,2024-04-06,2024-04-07,True,,58.84,,619.16,,710
14527,17233,32,5527,,,,,,,,17,,17:39.29,,,,,227,True,Distance,402,875,839.5,F,False,3,2024-04-06,2024-04-07,True,,57.6,,594.3,,683
14528,17234,188,807,,,,,,,,17,,18:00.97,,,,,227,True,Distance,358,839,777.5,F,False,3,2024-04-06,2024-04-07,True,,56.26,,567.33,,653
14529,17235,75,3740,,,,,,,,17,,18:17.23,,,,,227,True,Distance,326,812,732.0,F,False,3,2024-04-06,2024-04-07,True,,55.29,,547.8,,632
14530,17236,116,282,,,,,,,,17,,18:33.52,,,,,227,True,Distance,296,786,689.0,F,False,3,2024-04-06,2024-04-07,True,,54.35,,528.81,,611
14531,17237,124,1967,,,,,,,,17,,18:33.75,,,,,227,True,Distance,295,785,687.5,F,False,3,2024-04-06,2024-04-07,True,,54.34,,528.54,,611
14532,17238,1,65,,,,,,,,17,,18:39.78,,,,,227,True,Distance,284,776,672.0,F,False,3,2024-04-06,2024-04-07,True,,54.0,,521.66,,603
14533,17239,164,567,,,,,,,,17,,18:42.56,,,,,227,True,Distance,279,771,664.5,F,False,3,2024-04-06,2024-04-07,True,,53.84,,518.5,,600
14534,17225,196,819,,,,,,,,20,,13:38.04,,,,,227,True,Distance,4,377,192.5,F,False,3,2024-04-06,2024-04-07,True,,41.34,,245.07,,502
14535,17240,199,1728,,,,,,,,17,,18:43.98,,,,,227,True,Distance,277,769,661.5,F,False,3,2024-04-06,2024-04-07,True,,53.76,,516.9,,598
14536,17241,146,4292,,,,,,,,17,,18:53.45,,,,,227,True,Distance,261,754,638.0,F,False,3,2024-04-06,2024-04-07,True,,53.24,,506.31,,586
14537,17242,159,583,,,,,,,,17,,18:54.66,,,,,227,True,Distance,258,752,634.0,F,False,3,2024-04-06,2024-04-07,True,,53.17,,504.97,,585
14538,17243,56,233,,,,,,,,17,,18:59.55,,,,,227,True,Distance,250,745,622.5,F,False,3,2024-04-06,2024-04-07,True,,52.91,,499.59,,579
14539,17245,124,1931,,,,,,,,17,,19:03.09,,,,,227,True,Distance,244,739,613.5,F,False,3,2024-04-06,2024-04-07,True,,52.71,,495.71,,575
14540,17246,164,573,,,,,,,,17,,19:04.33,,,,,227,True,Distance,242,737,610.5,F,False,3,2024-04-06,2024-04-07,True,,52.65,,494.36,,573
14541,17247,178,1743,,,,,,,,17,,19:13.72,,,,,227,True,Distance,227,723,588.5,F,False,3,2024-04-06,2024-04-07,True,,52.15,,484.23,,562
14542,17248,167,581,,,,,,,,17,,19:14.59,,,,,227,True,Distance,226,722,587.0,F,False,3,2024-04-06,2024-04-07,True,,52.1,,483.3,,561
14543,17249,1,70,,,,,,,,17,,19:16.91,,,,,227,True,Distance,222,718,581.0,F,False,3,2024-04-06,2024-04-07,True,,51.98,,480.83,,558
14544,17250,122,1706,,,,,,,,17,,19:20.26,,,,,227,True,Distance,217,713,573.5,F,False,3,2024-04-06,2024-04-07,True,,51.8,,477.27,,554
14545,17252,116,445,,,,,,,,17,,19:33.70,,,,,227,True,Distance,196,693,542.5,F,False,3,2024-04-06,2024-04-07,True,,51.11,,463.21,,539
14546,17253,56,240,,,,,,,,17,,19:35.44,,,,,227,True,Distance,194,690,539.0,F,False,3,2024-04-06,2024-04-07,True,,51.02,,461.42,,537
14547,17254,96,357,,,,,,,,17,,19:36.37,,,,,227,True,Distance,193,689,537.5,F,False,3,2024-04-06,2024-04-07,True,,50.98,,460.46,,536
14548,17255,117,69,,,,,,,,17,,19:49.18,,,,,227,True,Distance,174,670,509.0,F,False,3,2024-04-06,2024-04-07,True,,50.34,,447.41,,521
14549,17256,167,570,,,,,,,,17,,19:50.04,,,,,227,True,Distance,173,669,507.5,F,False,3,2024-04-06,2024-04-07,True,,50.29,,446.55,,520
14550,17257,116,283,,,,,,,,17,,19:51.14,,,,,227,True,Distance,172,667,505.5,F,False,3,2024-04-06,2024-04-07,True,,50.24,,445.44,,519
14551,17258,165,386,,,,,,,,17,,19:54.05,,,,,227,True,Distance,168,663,499.5,F,False,3,2024-04-06,2024-04-07,True,,50.1,,442.53,,516
14552,17259,137,2381,,,,,,,,17,,19:54.71,,,,,227,True,Distance,167,662,498.0,F,False,3,2024-04-06,2024-04-07,True,,50.06,,441.87,,515
14553,17260,96,358,,,,,,,,17,,20:01.44,,,,,227,True,Distance,158,652,484.0,F,False,3,2024-04-06,2024-04-07,True,,49.74,,435.19,,508
14554,17261,63,489,,,,,,,,17,,20:07.30,,,,,227,True,Distance,150,643,471.5,F,False,3,2024-04-06,2024-04-07,True,,49.45,,429.44,,502
14555,17262,164,4117,,,,,,,,17,,20:07.81,,,,,227,True,Distance,149,643,470.5,F,False,3,2024-04-06,2024-04-07,True,,49.43,,428.94,,501
14556,17263,117,237,,,,,,,,17,,20:08.04,,,,,227,True,Distance,149,642,470.0,F,False,3,2024-04-06,2024-04-07,True,,49.42,,428.71,,501
14557,17264,139,1458,,,,,,,,17,,20:12.68,,,,,227,True,Distance,143,636,461.0,F,False,3,2024-04-06,2024-04-07,True,,49.2,,424.2,,496
14558,17265,178,1764,,,,,,,,17,,20:16.71,,,,,227,True,Distance,138,630,453.0,F,False,3,2024-04-06,2024-04-07,True,,49.01,,420.31,,492
14559,17266,164,578,,,,,,,,17,,20:17.47,,,,,227,True,Distance,137,629,451.5,F,False,3,2024-04-06,2024-04-07,True,,48.97,,419.58,,491
14560,17267,116,298,,,,,,,,17,,20:17.94,,,,,227,True,Distance,136,628,450.0,F,False,3,2024-04-06,2024-04-07,True,,48.95,,419.13,,490
14561,17268,203,2094,,,,,,,,17,,20:38.02,,,,,227,True,Distance,113,600,413.0,F,False,3,2024-04-06,2024-04-07,True,,48.02,,400.16,,469
14562,17269,96,4655,,,,,,,,17,,20:38.27,,,,,227,True,Distance,113,599,412.5,F,False,3,2024-04-06,2024-04-07,True,,48.01,,399.93,,469
14563,17270,158,2406,,,,,,,,17,,20:41.30,,,,,227,True,Distance,109,595,406.5,F,False,3,2024-04-06,2024-04-07,True,,47.87,,397.12,,466
14564,17271,117,238,,,,,,,,17,,20:46.34,,,,,227,True,Distance,104,588,398.0,F,False,3,2024-04-06,2024-04-07,True,,47.65,,392.48,,461
14565,17272,167,617,,,,,,,,17,,20:48.67,,,,,227,True,Distance,101,585,393.5,F,False,3,2024-04-06,2024-04-07,True,,47.54,,390.34,,459
14566,17273,167,616,,,,,,,,17,,20:50.92,,,,,227,True,Distance,99,582,390.0,F,False,3,2024-04-06,2024-04-07,True,,47.44,,388.29,,456
14567,17274,178,1746,,,,,,,,17,,20:55.43,,,,,227,True,Distance,94,576,382.0,F,False,3,2024-04-06,2024-04-07,True,,47.24,,384.2,,452
14568,17275,124,1947,,,,,,,,17,,20:56.16,,,,,227,True,Distance,93,575,380.5,F,False,3,2024-04-06,2024-04-07,True,,47.21,,383.54,,451
14569,17276,124,1952,,,,,,,,17,,21:00.68,,,,,227,True,Distance,89,569,373.5,F,False,3,2024-04-06,2024-04-07,True,,47.01,,379.48,,447
14570,17278,159,591,,,,,,,,17,,21:04.78,,,,,227,True,Distance,85,563,366.5,F,False,3,2024-04-06,2024-04-07,True,,46.83,,375.81,,443
14571,17279,203,3035,,,,,,,,17,,21:06.81,,,,,227,True,Distance,83,560,363.0,F,False,3,2024-04-06,2024-04-07,True,,46.75,,374.01,,441
14572,17280,158,2400,,,,,,,,17,,21:11.38,,,,,227,True,Distance,78,554,355.0,F,False,3,2024-04-06,2024-04-07,True,,46.55,,369.97,,436
14573,17281,117,5528,,,,,,,,17,,21:13.44,,,,,227,True,Distance,77,552,353.0,F,False,3,2024-04-06,2024-04-07,True,,46.46,,368.15,,434
14574,17282,96,4656,,,,,,,,17,,21:14.55,,,,,227,True,Distance,76,550,351.0,F,False,3,2024-04-06,2024-04-07,True,,46.41,,367.18,,433
14575,17283,56,3370,,,,,,,,17,,21:19.02,,,,,227,True,Distance,71,544,343.0,F,False,3,2024-04-06,2024-04-07,True,,46.22,,363.27,,429
14576,17284,124,1954,,,,,,,,17,,21:21.40,,,,,227,True,Distance,69,541,339.5,F,False,3,2024-04-06,2024-04-07,True,,46.12,,361.21,,427
14577,17285,79,490,,,,,,,,17,,21:22.85,,,,,227,True,Distance,68,539,337.5,F,False,3,2024-04-06,2024-04-07,True,,46.06,,359.95,,425
14578,17286,203,1751,,,,,,,,17,,21:24.74,,,,,227,True,Distance,66,537,334.5,F,False,3,2024-04-06,2024-04-07,True,,45.98,,358.32,,423
14579,17288,124,1946,,,,,,,,17,,21:39.90,,,,,227,True,Distance,54,517,312.5,F,False,3,2024-04-06,2024-04-07,True,,45.35,,345.38,,409
14580,17289,167,582,,,,,,,,17,,21:45.49,,,,,227,True,Distance,50,510,305.0,F,False,3,2024-04-06,2024-04-07,True,,45.12,,340.69,,404
14581,17290,167,5202,,,,,,,,17,,21:45.97,,,,,227,True,Distance,49,509,303.5,F,False,3,2024-04-06,2024-04-07,True,,45.11,,340.29,,403
14582,17291,117,79,,,,,,,,17,,22:02.70,,,,,227,True,Distance,38,488,282.0,F,False,3,2024-04-06,2024-04-07,True,,44.44,,326.49,,388
14583,17292,117,1956,,,,,,,,17,,22:25.27,,,,,227,True,Distance,24,460,254.0,F,False,3,2024-04-06,2024-04-07,True,,43.56,,308.43,,368
14584,17293,203,1798,,,,,,,,17,,23:25.67,,,,,227,True,Distance,3,389,197.5,F,False,3,2024-04-06,2024-04-07,True,,41.37,,262.93,,318
14585,17294,203,5512,,,,,,,,17,,25:22.19,,,,,227,True,Distance,0,269,134.5,F,False,3,2024-04-06,2024-04-07,True,,37.65,,185.35,,233
14628,17337,203,4253,,4242.0,,5530.0,,4243.0,,21,,50.08,,,,,227,True,Relays,465,894,912.0,F,False,3,2024-04-06,2024-04-07,True,,85.86,,815.19,,635
14629,17338,56,3795,,3798.0,,3796.0,,3793.0,,21,,50.38,,,,,227,True,Relays,451,882,892.0,F,False,3,2024-04-06,2024-04-07,True,,85.23,,804.15,,625
14630,17339,188,3526,,3532.0,,4981.0,,3848.0,,21,,52.60,,,,,227,True,Relays,352,802,753.0,F,False,3,2024-04-06,2024-04-07,True,,80.84,,726.36,,550
14631,17340,167,4257,,4260.0,,5280.0,,4259.0,,21,,53.12,,,,,227,True,Relays,331,784,723.0,F,False,3,2024-04-06,2024-04-07,True,,79.87,,709.08,,533
14632,17343,158,4265,,4270.0,,5514.0,,3659.0,,21,,54.43,,,,,227,True,Relays,280,739,649.5,F,False,3,2024-04-06,2024-04-07,True,,77.52,,667.01,,493
14633,17344,146,5529,,4261.0,,4248.0,,5480.0,,21,,55.17,,,,,227,True,Relays,253,714,610.0,F,False,3,2024-04-06,2024-04-07,True,,76.26,,644.12,,471
14634,17345,117,3966,,3972.0,,3976.0,,5511.0,,21,,55.38,,,,,227,True,Relays,246,707,599.5,F,False,3,2024-04-06,2024-04-07,True,,75.9,,637.74,,465
14635,17287,75,1452,,,,,,,,17,,21:27.91,,,,,227,True,Distance,64,532,330.0,F,False,3,2024-04-06,2024-04-07,True,,45.85,,355.59,,420
14636,17342,124,3826,,3825.0,,1945.0,,4829.0,,21,,53.87,,,,,227,True,Relays,301,758,680.0,F,False,3,2024-04-06,2024-04-07,True,,78.51,,684.74,,510
14637,17277,196,819,,,,,,,,17,,21:03.58,,,,,227,True,Distance,86,565,368.5,F,False,3,2024-04-06,2024-04-07,True,,46.89,,376.88,,444
14638,17346,159,648,,4268.0,,4246.0,,4267.0,,21,,56.12,,,,,227,True,Relays,220,682,561.0,F,False,3,2024-04-06,2024-04-07,True,,74.69,,615.63,,444
14639,17347,56,4453,,4102.0,,3566.0,,4103.0,,21,,56.81,,,,,227,True,Relays,198,660,528.0,F,False,3,2024-04-06,2024-04-07,True,,73.58,,595.53,,425
14640,17348,167,5510,,5194.0,,5208.0,,5199.0,,21,,57.40,,,,,227,True,Relays,180,641,500.5,F,False,3,2024-04-06,2024-04-07,True,,72.67,,578.73,,408
14641,17349,146,3661,,3718.0,,3655.0,,5269.0,,21,,57.72,,,,,227,True,Relays,171,631,486.5,F,False,3,2024-04-06,2024-04-07,True,,72.18,,569.76,,400
14642,17350,167,5200,,4258.0,,5195.0,,582.0,,21,,58.89,,,,,227,True,Relays,138,595,435.5,F,False,3,2024-04-06,2024-04-07,True,,70.44,,537.8,,369
14643,17351,188,3525,,3530.0,,3529.0,,2081.0,,21,,59.56,,,,,227,True,Relays,121,575,408.5,F,False,3,2024-04-06,2024-04-07,True,,69.48,,520.06,,352
14644,17353,158,4263,,3653.0,,2416.0,,3652.0,,21,,59.94,,,,,227,True,Relays,112,563,393.5,F,False,3,2024-04-06,2024-04-07,True,,68.95,,510.18,,343
14645,17354,1,3975,,75.0,,4599.0,,86.0,,21,,1:01.10,,,,,227,True,Relays,87,530,352.0,F,False,3,2024-04-06,2024-04-07,True,,67.37,,480.77,,314
14646,17355,203,1732,,1769.0,,1781.0,,5065.0,,21,,1:04.31,,,,,227,True,Relays,33,441,253.5,F,False,3,2024-04-06,2024-04-07,True,,63.34,,404.91,,242
14647,17356,167,663,,2534.0,,632.0,,652.0,,21,,1:04.91,,,,,227,True,Relays,25,426,238.0,F,False,3,2024-04-06,2024-04-07,True,,62.64,,391.56,,229
14648,17357,203,4275,,4300.0,,4297.0,,4293.0,,21,,1:05.84,,,,,227,True,Relays,16,402,217.0,F,False,3,2024-04-06,2024-04-07,True,,61.58,,371.35,,209
14649,17358,104,2832,,1983.0,,1987.0,,3765.0,,21,,1:11.53,,,,,227,True,Relays,0,272,136.0,F,False,3,2024-04-06,2024-04-07,True,,55.77,,259.16,,102
14650,17359,203,4242,,4243.0,,4245.0,,4492.0,,24,,4:06.01,,,,,227,True,Relays,390,855,817.5,F,False,3,2024-04-06,2024-04-07,True,,73.86,,907.67,,638
14651,17360,188,3532,,2081.0,,4981.0,,3848.0,,24,,4:17.22,,,,,227,True,Relays,297,775,684.5,F,False,3,2024-04-06,2024-04-07,True,,70.2,,832.57,,574
14652,17361,56,3366,,3563.0,,4105.0,,4106.0,,24,,4:18.68,,,,,227,True,Relays,286,765,668.5,F,False,3,2024-04-06,2024-04-07,True,,69.74,,823.27,,567
14653,17363,159,648,,4268.0,,4255.0,,4285.0,,24,,4:23.53,,,,,227,True,Relays,250,731,615.5,F,False,3,2024-04-06,2024-04-07,True,,68.29,,793.11,,541
14654,17364,116,285,,291.0,,294.0,,283.0,,24,,4:25.32,,,,,227,True,Relays,238,719,597.5,F,False,3,2024-04-06,2024-04-07,True,,67.76,,782.25,,532
14655,17365,146,3656,,4292.0,,3649.0,,5269.0,,24,,4:28.32,,,,,227,True,Relays,217,699,566.5,F,False,3,2024-04-06,2024-04-07,True,,66.9,,764.39,,516
14656,17366,124,1930,,3317.0,,1932.0,,3818.0,,24,,4:29.50,,,,,227,True,Relays,210,692,556.0,F,False,3,2024-04-06,2024-04-07,True,,66.57,,757.47,,511
14657,17367,167,4257,,4258.0,,5195.0,,4259.0,,24,,4:30.61,,,,,227,True,Relays,202,684,544.0,F,False,3,2024-04-06,2024-04-07,True,,66.26,,751.02,,505
14658,17368,166,5531,,3581.0,,3586.0,,3587.0,,24,,4:31.65,,,,,227,True,Relays,196,677,534.5,F,False,3,2024-04-06,2024-04-07,True,,65.97,,745.02,,500
14659,17369,169,4299,,4236.0,,4289.0,,4241.0,,24,,4:33.35,,,,,227,True,Relays,185,666,518.0,F,False,3,2024-04-06,2024-04-07,True,,65.51,,735.32,,492
14660,17370,116,3932,,4783.0,,3933.0,,3938.0,,24,,4:36.54,,,,,227,True,Relays,166,646,489.0,F,False,3,2024-04-06,2024-04-07,True,,64.66,,717.43,,476
14661,17372,1,71,,75.0,,3975.0,,4599.0,,24,,4:37.56,,,,,227,True,Relays,160,640,480.0,F,False,3,2024-04-06,2024-04-07,True,,64.39,,711.8,,472
14662,17373,61,5532,,4022.0,,2241.0,,4016.0,,24,,4:38.28,,,,,227,True,Relays,156,635,473.5,F,False,3,2024-04-06,2024-04-07,True,,64.2,,707.84,,468
14663,17375,164,3002,,3098.0,,620.0,,4115.0,,24,,4:43.31,,,,,227,True,Relays,129,604,431.0,F,False,3,2024-04-06,2024-04-07,True,,62.91,,680.8,,445
14664,17376,167,663,,5279.0,,581.0,,616.0,,24,,4:44.60,,,,,227,True,Relays,123,596,421.0,F,False,3,2024-04-06,2024-04-07,True,,62.59,,674.01,,439
14665,17377,124,5533,,1966.0,,3820.0,,1953.0,,24,,4:45.74,,,,,227,True,Relays,117,589,411.5,F,False,3,2024-04-06,2024-04-07,True,,62.31,,668.07,,434
14666,17378,188,3525,,3530.0,,807.0,,3526.0,,24,,4:45.87,,,,,227,True,Relays,116,588,410.0,F,False,3,2024-04-06,2024-04-07,True,,62.27,,667.4,,434
14667,17379,111,976,,295.0,,302.0,,305.0,,24,,4:49.18,,,,,227,True,Relays,101,568,385.0,F,False,3,2024-04-06,2024-04-07,True,,61.47,,650.42,,419
14668,17380,11,4054,,2933.0,,2924.0,,2931.0,,24,,4:50.43,,,,,227,True,Relays,95,561,375.5,F,False,3,2024-04-06,2024-04-07,True,,61.17,,644.11,,414
14669,17382,167,2996,,2500.0,,570.0,,580.0,,24,,5:00.12,,,,,227,True,Relays,57,505,309.5,F,False,3,2024-04-06,2024-04-07,True,,58.95,,596.99,,374
14670,17383,164,3116,,4223.0,,578.0,,573.0,,24,,5:04.43,,,,,227,True,Relays,44,481,284.5,F,False,3,2024-04-06,2024-04-07,True,,58.01,,576.99,,357
14671,17385,146,3718,,3666.0,,3657.0,,3655.0,,24,,5:06.04,,,,,227,True,Relays,39,472,275.0,F,False,3,2024-04-06,2024-04-07,True,,57.67,,569.66,,351
14672,17386,158,2393,,2401.0,,2400.0,,2388.0,,24,,5:11.71,,,,,227,True,Relays,25,442,246.0,F,False,3,2024-04-06,2024-04-07,True,,56.49,,544.47,,329
14673,17387,124,1928,,1930.0,,1929.0,,1967.0,,26,,9:45.35,,,,,227,True,Relays,0,0,0.0,F,False,3,2024-04-06,2024-04-07,True,,,,,,
14734,17381,196,861,,819.0,,4985.0,,4986.0,,24,,4:55.15,,,,,227,True,Relays,76,533,342.5,F,False,3,2024-04-06,2024-04-07,True,,60.07,,620.77,,394
14735,17362,146,1054,,3648.0,,1020.0,,3650.0,,24,,4:20.29,,,,,227,True,Relays,274,753,650.5,F,False,3,2024-04-06,2024-04-07,True,,69.25,,813.13,,558
14736,17352,196,861,,4986.0,,819.0,,819.0,,21,,59.69,,,,,227,True,Relays,118,571,403.5,F,False,3,2024-04-06,2024-04-07,True,,69.3,,516.67,,349
14737,17374,146,3654,,5516.0,,4248.0,,4261.0,,24,,4:40.05,,,,,227,True,Relays,146,624,458.0,F,False,3,2024-04-06,2024-04-07,True,,63.74,,698.22,,460
14796,17513,56,3798,,3796.0,,246.0,,4755.0,,24,,4:06.87,,,,,227,True,Relays,383,848,807.0,F,False,3,2024-04-06,2024-04-07,True,,73.56,,901.66,,633
14797,17514,116,282,,291.0,,285.0,,294.0,,26,,10:06.48,,,,,227,True,Relays,0,0,0.0,F,False,3,2024-04-06,2024-04-07,True,,,,,,
14798,17516,56,3366,,3563.0,,4106.0,,246.0,,26,,10:08.85,,,,,227,True,Relays,0,0,0.0,F,False,3,2024-04-06,2024-04-07,True,,,,,,
14799,17517,1,68,,65.0,,70.0,,67.0,,26,,10:08.87,,,,,227,True,Relays,0,0,0.0,F,False,3,2024-04-06,2024-04-07,True,,,,,,
14800,17518,203,1732,,4492.0,,4227.0,,4225.0,,26,,10:12.43,,,,,227,True,Relays,0,0,0.0,F,False,3,2024-04-06,2024-04-07,True,,,,,,
14801,17520,164,4114,,568.0,,575.0,,620.0,,26,,10:17.61,,,,,227,True,Relays,0,0,0.0,F,False,3,2024-04-06,2024-04-07,True,,,,,,
14802,17521,159,4682,,2700.0,,4285.0,,583.0,,26,,10:31.26,,,,,227,True,Relays,0,0,0.0,F,False,3,2024-04-06,2024-04-07,True,,,,,,
14803,17524,124,1954,,5520.0,,1960.0,,4818.0,,26,,11:07.72,,,,,227,True,Relays,0,0,0.0,F,False,3,2024-04-06,2024-04-07,True,,,,,,
14804,17525,124,3317,,1947.0,,1932.0,,1931.0,,26,,11:08.74,,,,,227,True,Relays,0,0,0.0,F,False,3,2024-04-06,2024-04-07,True,,,,,,
14805,17526,167,5519,,616.0,,663.0,,582.0,,26,,11:18.26,,,,,227,True,Relays,0,0,0.0,F,False,3,2024-04-06,2024-04-07,True,,,,,,
14806,17527,203,1781,,1783.0,,3035.0,,1765.0,,26,,11:34.87,,,,,227,True,Relays,0,0,0.0,F,False,3,2024-04-06,2024-04-07,True,,,,,,
14807,17528,158,2403,,4665.0,,4234.0,,2416.0,,26,,11:39.57,,,,,227,True,Relays,0,0,0.0,F,False,3,2024-04-06,2024-04-07,True,,,,,,
14808,17529,167,655,,638.0,,647.0,,652.0,,26,,11:47.74,,,,,227,True,Relays,0,0,0.0,F,False,3,2024-04-06,2024-04-07,True,,,,,,
14809,17530,124,1955,,3820.0,,1937.0,,1971.0,,26,,11:53.34,,,,,227,True,Relays,0,0,0.0,F,False,3,2024-04-06,2024-04-07,True,,,,,,
14810,17531,167,5525,,5203.0,,632.0,,621.0,,26,,12:13.49,,,,,227,True,Relays,0,0,0.0,F,False,3,2024-04-06,2024-04-07,True,,,,,,
14811,17532,124,1985,,1975.0,,2842.0,,1952.0,,26,,12:25.24,,,,,227,True,Relays,0,0,0.0,F,False,3,2024-04-06,2024-04-07,True,,,,,,
14812,17533,120,4740,,5524.0,,307.0,,306.0,,26,,12:36.72,,,,,227,True,Relays,0,0,0.0,F,False,3,2024-04-06,2024-04-07,True,,,,,,
14827,17519,117,237,,243.0,,239.0,,234.0,,26,,10:17.24,,,,,227,True,Relays,0,0,0.0,F,False,3,2024-04-06,2024-04-07,True,,,,,,
14830,17523,96,1454,,357.0,,360.0,,4655.0,,26,,11:06.99,,,,,227,True,Relays,0,0,0.0,F,False,3,2024-04-06,2024-04-07,True,,,,,,
14833,17522,146,1032,,992.0,,4288.0,,1020.0,,26,,10:55.37,,,,,227,True,Relays,0,0,0.0,F,False,3,2024-04-06,2024-04-07,True,,,,,,
16020,18813,44,2206,,,,,,,,9,,2:37.26,,,,,228,True,Distance,121,591,416.5,F,False,3,2024-04-06,2024-04-06,False,,52.19,,368.5,,482
16021,18814,44,2207,,,,,,,,11,,6:06.16,,,,,228,True,Distance,14,404,216.0,F,False,3,2024-04-06,2024-04-06,False,,43.56,,257.34,,335
16022,18815,44,2208,,,,,,,,11,,6:50.00,,,,,228,True,Distance,0,226,113.0,F,False,3,2024-04-06,2024-04-06,False,,38.37,,141.96,,207
16023,18816,44,2203,,,,,,,,17,,19:29.82,,,,,228,True,Distance,202,699,551.5,F,False,3,2024-04-06,2024-04-06,False,,51.31,,467.24,,543
16026,18819,44,4128,,4127.0,,4126.0,,4779.0,,21,,51.96,,,,,228,True,Relays,379,825,791.5,F,False,3,2024-04-06,2024-04-06,False,,82.06,,748.1,,571
16059,18853,49,2257,,,,,,,,11,,6:03.81,,,,,230,True,Distance,18,415,225.5,F,False,3,2024-04-06,2024-04-06,False,,43.87,,264.31,,342
16061,18855,61,1617,,,,,,,,11,,5:03.75,,,,,230,True,Distance,268,747,641.5,F,False,3,2024-04-06,2024-04-06,False,,53.7,,479.04,,580
16062,18856,61,2244,,,,,,,,11,,5:26.62,,,,,230,True,Distance,138,610,443.0,F,False,3,2024-04-06,2024-04-06,False,,49.5,,387.96,,479
16066,18860,61,4023,,5609.0,,4019.0,,4761.0,,21,,53.79,,,,,230,True,Relays,304,760,684.0,F,False,3,2024-04-06,2024-04-06,False,,78.65,,687.3,,513
16099,18894,86,5356,,,,,,,,9,,2:44.59,,,,,232,True,Distance,59,501,309.5,F,False,3,2024-04-12,2024-04-13,False,,49.53,,312.21,,420
16100,18895,86,1486,,,,,,,,9,,2:51.86,,,,,232,True,Distance,20,419,229.5,F,False,3,2024-04-12,2024-04-13,False,,47.13,,261.12,,363
16101,18896,86,5356,,,,,,,,11,,5:59.76,,,,,232,True,Distance,25,435,242.5,F,False,3,2024-04-12,2024-04-13,False,,44.42,,276.53,,356
16102,18897,86,2523,,,,,,,,11,,6:21.28,,,,,232,True,Distance,0,337,168.5,F,False,3,2024-04-12,2024-04-13,False,,41.63,,214.55,,287
16103,18898,86,1486,,,,,,,,17,,21:34.98,,,,,232,True,Distance,58,523,319.5,F,False,3,2024-04-12,2024-04-13,False,,45.55,,349.55,,414
16104,18899,86,5201,,,,,,,,20,,13:14.84,,,,,232,True,Distance,16,425,228.5,F,False,3,2024-04-12,2024-04-13,False,,42.73,,274.76,,533
16105,18902,86,1486,,,,,,,,20,,14:32.31,,,,,232,True,Distance,0,278,139.0,F,False,3,2024-04-12,2024-04-13,False,,38.38,,181.78,,436
16106,18900,86,1478,,,,,,,,20,,14:09.08,,,,,232,True,Distance,0,318,159.0,F,False,3,2024-04-12,2024-04-13,False,,39.6,,207.88,,463
16107,18903,86,4560,,,,,,,,20,,14:35.38,,,,,232,True,Distance,0,272,136.0,F,False,3,2024-04-12,2024-04-13,False,,38.23,,178.43,,432
16108,18904,86,4549,,,,,,,,20,,14:51.62,,,,,232,True,Distance,0,246,123.0,F,False,3,2024-04-12,2024-04-13,False,,37.42,,161.12,,414
16109,18905,86,4550,,,,,,,,20,,15:14.68,,,,,232,True,Distance,0,210,105.0,F,False,3,2024-04-12,2024-04-13,False,,36.33,,137.59,,390
16110,18906,86,2523,,,,,,,,20,,15:21.04,,,,,232,True,Distance,0,201,100.5,F,False,3,2024-04-12,2024-04-13,False,,36.03,,131.31,,383
16111,18907,86,4551,,,,,,,,20,,16:26.80,,,,,232,True,Distance,0,117,58.5,F,False,3,2024-04-12,2024-04-13,False,,33.24,,71.09,,320
16138,18940,127,4801,,,,,,,,11,,6:39.37,,,,,233,True,Distance,0,264,132.0,F,False,3,2024-04-12,2024-04-13,False,,39.52,,167.61,,235
16139,18941,127,85,,,,,,,,20,,14:17.30,,,,,233,True,Distance,0,304,152.0,F,False,3,2024-04-12,2024-04-13,False,,39.16,,198.48,,453
16170,18972,96,4655,,,,,,,,11,,5:22.16,,,,,235,True,Distance,160,635,477.5,F,False,3,2024-04-12,2024-04-13,False,,50.27,,404.71,,498
16171,18973,96,357,,,,,,,,17,,19:48.04,,,,,235,True,Distance,176,671,511.5,F,False,3,2024-04-12,2024-04-13,False,,50.39,,448.56,,523
16172,18974,96,358,,,,,,,,17,,20:34.43,,,,,235,True,Distance,117,605,419.5,F,False,3,2024-04-12,2024-04-13,False,,48.18,,403.5,,473
16197,19002,146,5626,,,,,,,,9,,2:44.73,,,,,237,True,Distance,58,500,308.0,F,False,3,2024-04-12,2024-04-13,False,,49.48,,311.18,,419
16280,19084,60,3359,,,,,,,,17,,18:28.12,,,,,239,True,Distance,305,794,702.0,F,False,3,2024-04-12,2024-04-12,False,,54.66,,535.04,,618
16281,19085,60,3360,,,,,,,,17,,19:17.01,,,,,239,True,Distance,222,718,581.0,F,False,3,2024-04-12,2024-04-12,False,,51.97,,480.72,,558
16282,19086,60,5629,,,,,,,,17,,19:25.30,,,,,239,True,Distance,209,705,561.5,F,False,3,2024-04-12,2024-04-12,False,,51.54,,471.96,,548
16283,19087,60,3375,,,,,,,,17,,20:59.19,,,,,239,True,Distance,90,571,375.5,F,False,3,2024-04-12,2024-04-12,False,,47.08,,380.81,,448
16284,19088,60,3369,,,,,,,,17,,21:43.87,,,,,239,True,Distance,51,512,307.0,F,False,3,2024-04-12,2024-04-12,False,,45.19,,342.05,,405
16285,19089,60,3371,,,,,,,,17,,22:13.19,,,,,239,True,Distance,31,475,268.5,F,False,3,2024-04-12,2024-04-12,False,,44.03,,318.02,,379
16286,19090,60,4799,,,,,,,,17,,22:20.02,,,,,239,True,Distance,27,466,260.0,F,False,3,2024-04-12,2024-04-12,False,,43.76,,312.57,,373
16287,19091,60,3379,,,,,,,,17,,22:20.78,,,,,239,True,Distance,27,465,259.5,F,False,3,2024-04-12,2024-04-12,False,,43.73,,311.97,,372
16288,19092,60,4763,,,,,,,,17,,22:22.90,,,,,239,True,Distance,26,463,257.5,F,False,3,2024-04-12,2024-04-12,False,,43.65,,310.29,,370
16289,19093,60,3460,,,,,,,,17,,22:26.07,,,,,239,True,Distance,24,459,253.5,F,False,3,2024-04-12,2024-04-12,False,,43.53,,307.8,,368
16290,19094,60,3360,,,,,,,,20,,12:12.88,,,,,239,True,Distance,95,565,377.5,F,False,3,2024-04-12,2024-04-12,False,,46.89,,363.28,,625
16296,19100,61,4025,,,,,,,,17,,18:24.07,,,,,240,True,Distance,313,801,713.5,F,False,3,2024-04-12,2024-04-12,False,,54.89,,539.76,,623
16297,19101,61,2241,,,,,,,,17,,18:50.66,,,,,240,True,Distance,265,759,644.5,F,False,3,2024-04-12,2024-04-12,False,,53.39,,509.41,,590
16301,19105,61,2245,,4815.0,,2242.0,,1619.0,,26,,10:23.62,,,,,241,True,Relays,0,0,0.0,F,False,3,2024-04-13,2024-04-13,False,,,,,,
16302,19106,61,4611,,4021.0,,4029.0,,4020.0,,21,,52.88,,,,,241,True,Relays,341,792,737.0,F,False,3,2024-04-13,2024-04-13,False,,80.31,,717.01,,541
16303,19107,61,2245,,,,,,,,20,,13:30.86,,,,,241,True,Distance,7,392,203.0,F,False,3,2024-04-13,2024-04-13,False,,41.76,,254.08,,511
16304,19108,61,2242,,,,,,,,20,,13:52.85,,,,,241,True,Distance,0,349,174.5,F,False,3,2024-04-13,2024-04-13,False,,40.5,,226.98,,483
16305,19109,61,2256,,,,,,,,20,,14:11.05,,,,,241,True,Distance,0,315,157.5,F,False,3,2024-04-13,2024-04-13,False,,39.5,,205.61,,461
16306,19110,61,1621,,,,,,,,20,,16:20.53,,,,,241,True,Distance,0,124,62.0,F,False,3,2024-04-13,2024-04-13,False,,33.49,,76.49,,326
16307,19111,61,2243,,,,,,,,11,,5:38.44,,,,,241,True,Distance,88,544,360.0,F,False,3,2024-04-13,2024-04-13,False,,47.57,,345.72,,432
16308,19112,61,1621,,,,,,,,11,,6:51.94,,,,,241,True,Distance,0,219,109.5,F,False,3,2024-04-13,2024-04-13,False,,38.17,,137.42,,202
16323,19125,61,1619,,,,,,,,9,,2:42.03,,,,,241,True,Distance,78,532,344.0,F,False,3,2024-04-13,2024-04-13,False,,50.43,,331.29,,441
16324,19126,61,2243,,,,,,,,9,,2:50.26,,,,,241,True,Distance,27,437,245.5,F,False,3,2024-04-13,2024-04-13,False,,47.64,,271.99,,375
16331,19133,61,4791,,,,,,,,17,,22:36.23,,,,,241,True,Distance,19,446,242.0,F,False,3,2024-04-13,2024-04-13,False,,43.15,,299.87,,359
16332,19134,61,4815,,2252.0,,2242.0,,2249.0,,24,,4:34.67,,,,,241,True,Relays,177,658,506.0,F,False,3,2024-04-13,2024-04-13,False,,65.15,,727.86,,485
16413,19215,59,2062,,,,,,,,11,,5:46.43,,,,,242,True,Distance,60,502,311.0,F,False,3,2024-04-13,2024-04-13,False,,46.34,,318.79,,403
16414,19216,59,1673,,,,,,,,11,,6:26.56,,,,,242,True,Distance,0,315,157.5,F,False,3,2024-04-13,2024-04-13,False,,40.99,,200.39,,272
16415,19217,59,5636,,,,,,,,17,,17:42.55,,,,,242,True,Distance,395,869,829.5,F,False,3,2024-04-13,2024-04-13,False,,57.4,,590.17,,678
16416,19218,59,2061,,,,,,,,17,,19:21.64,,,,,242,True,Distance,215,711,570.5,F,False,3,2024-04-13,2024-04-13,False,,51.73,,475.81,,553
16417,19219,59,2773,,,,,,,,17,,21:22.95,,,,,242,True,Distance,68,539,337.5,F,False,3,2024-04-13,2024-04-13,False,,46.06,,359.86,,425
16421,19223,59,3888,,3893.0,,3891.0,,3894.0,,24,,4:27.16,,,,,242,True,Relays,225,707,578.5,F,False,3,2024-04-13,2024-04-13,False,,67.23,,771.25,,522
16472,19274,147,3097,,,,,,,,17,,18:33.47,,,,,243,True,Distance,296,786,689.0,F,False,3,2024-04-13,2024-04-13,False,,54.35,,528.86,,611
16482,19284,112,404,,,,,,,,11,,4:56.18,,,,,244,True,Distance,320,796,718.0,F,False,3,2024-04-13,2024-04-13,False,,55.25,,512.29,,617
16483,19285,112,406,,,,,,,,11,,5:33.93,,,,,244,True,Distance,106,568,390.0,F,False,3,2024-04-13,2024-04-13,False,,48.29,,361.48,,450
16484,19286,112,5642,,,,,,,,11,,5:50.38,,,,,244,True,Distance,48,481,288.5,F,False,3,2024-04-13,2024-04-13,False,,45.76,,305.93,,388
16485,19287,112,3755,,,,,,,,11,,6:41.65,,,,,244,True,Distance,0,256,128.0,F,False,3,2024-04-13,2024-04-13,False,,39.27,,161.99,,229
16488,19290,112,3755,,,,,,,,20,,15:27.79,,,,,244,True,Distance,0,191,95.5,F,False,3,2024-04-13,2024-04-13,False,,35.73,,124.73,,376
16489,19291,112,3754,,3756.0,,3753.0,,3752.0,,21,,51.89,,,,,244,True,Relays,382,827,795.5,F,False,3,2024-04-13,2024-04-13,False,,82.19,,750.51,,573
16528,19330,116,291,,,,,,,,9,,2:27.95,,,,,245,True,Distance,229,716,587.0,F,False,3,2024-04-13,2024-04-13,False,,56.0,,448.03,,571
16529,19331,116,294,,,,,,,,9,,2:28.56,,,,,245,True,Distance,221,707,574.5,F,False,3,2024-04-13,2024-04-13,False,,55.74,,442.51,,565
16530,19332,116,285,,,,,,,,9,,2:32.19,,,,,245,True,Distance,175,658,504.0,F,False,3,2024-04-13,2024-04-13,False,,54.2,,410.6,,529
16531,19333,116,291,,,,,,,,11,,5:03.82,,,,,245,True,Distance,267,747,640.5,F,False,3,2024-04-13,2024-04-13,False,,53.69,,478.74,,580
16532,19334,116,285,,,,,,,,11,,5:11.22,,,,,245,True,Distance,221,701,571.5,F,False,3,2024-04-13,2024-04-13,False,,52.26,,447.82,,546
16533,19335,116,4529,,,,,,,,11,,5:21.42,,,,,245,True,Distance,164,640,484.0,F,False,3,2024-04-13,2024-04-13,False,,50.4,,407.53,,501
16534,19336,116,2056,,,,,,,,17,,20:52.63,,,,,245,True,Distance,97,580,387.0,F,False,3,2024-04-13,2024-04-13,False,,47.37,,386.74,,455
16538,19340,116,285,,294.0,,3932.0,,291.0,,24,,4:48.99,,,,,245,True,Relays,102,569,386.5,F,False,3,2024-04-13,2024-04-13,False,,61.52,,651.39,,420
16571,19373,104,1983,,,,,,,,9,,3:01.15,,,,,246,True,Distance,0,326,163.0,F,False,3,2024-04-13,2024-04-13,False,,44.38,,201.81,,297
16572,19374,104,5647,,,,,,,,9,,3:06.89,,,,,246,True,Distance,0,273,136.5,F,False,3,2024-04-13,2024-04-13,False,,42.83,,168.11,,260
16573,19375,104,2832,,,,,,,,11,,5:57.56,,,,,246,True,Distance,30,445,252.5,F,False,3,2024-04-13,2024-04-13,False,,44.73,,283.29,,363
16574,19376,104,5647,,,,,,,,11,,6:06.72,,,,,246,True,Distance,13,402,214.0,F,False,3,2024-04-13,2024-04-13,False,,43.48,,255.69,,333
16575,19377,104,1983,,,,,,,,11,,6:10.77,,,,,246,True,Distance,8,383,199.5,F,False,3,2024-04-13,2024-04-13,False,,42.95,,243.92,,320
16576,19378,104,1987,,,,,,,,11,,7:28.83,,,,,246,True,Distance,0,111,55.5,F,False,3,2024-04-13,2024-04-13,False,,34.65,,58.59,,115
16596,19398,121,2791,,,,,,,,20,,14:00.52,,,,,247,True,Distance,0,334,167.0,F,False,3,2024-04-18,2024-04-19,False,,40.07,,217.86,,473
16641,19445,169,4236,,,,,,,,9,,2:31.78,,,,,251,True,Distance,180,663,511.5,F,False,3,2024-04-19,2024-04-20,False,,54.37,,414.13,,533
16642,19446,169,5345,,,,,,,,9,,3:34.27,,,,,251,True,Distance,0,87,43.5,F,False,3,2024-04-19,2024-04-20,False,,36.65,,32.21,,108
16643,19447,169,4236,,,,,,,,11,,5:15.69,,,,,251,True,Distance,195,674,532.0,F,False,3,2024-04-19,2024-04-20,False,,51.43,,429.84,,526
16644,19448,169,5345,,,,,,,,11,,6:55.16,,,,,251,True,Distance,0,208,104.0,F,False,3,2024-04-19,2024-04-20,False,,37.83,,129.98,,194
16676,19480,116,291,,,,,,,,9,,2:24.26,,,,,252,True,Distance,281,769,665.5,F,False,3,2024-04-19,2024-04-19,False,,57.66,,482.39,,609
16677,19481,116,294,,,,,,,,9,,2:26.37,,,,,252,True,Distance,251,738,620.0,F,False,3,2024-04-19,2024-04-19,False,,56.7,,462.53,,587
16678,19482,116,283,,,,,,,,11,,5:22.43,,,,,252,True,Distance,159,634,476.0,F,False,3,2024-04-19,2024-04-19,False,,50.22,,403.68,,497
16679,19483,116,4139,,,,,,,,11,,5:48.54,,,,,252,True,Distance,54,491,299.5,F,False,3,2024-04-19,2024-04-19,False,,46.03,,311.89,,395
16680,19484,116,282,,,,,,,,17,,18:39.13,,,,,252,True,Distance,285,777,673.5,F,False,3,2024-04-19,2024-04-19,False,,54.03,,522.39,,604
16681,19485,116,445,,,,,,,,17,,19:05.69,,,,,252,True,Distance,240,735,607.5,F,False,3,2024-04-19,2024-04-19,False,,52.57,,492.89,,571
16682,19486,116,285,,,,,,,,17,,19:10.90,,,,,252,True,Distance,232,727,595.5,F,False,3,2024-04-19,2024-04-19,False,,52.3,,487.26,,565
16683,19487,116,283,,,,,,,,17,,19:32.89,,,,,252,True,Distance,198,694,545.0,F,False,3,2024-04-19,2024-04-19,False,,51.15,,464.05,,540
16684,19488,116,2056,,,,,,,,17,,19:52.23,,,,,252,True,Distance,170,665,502.5,F,False,3,2024-04-19,2024-04-19,False,,50.19,,444.35,,518
16686,19490,116,5650,,,,,,,,21,,55.91,,,,,252,True,Relays,227,689,571.5,F,False,3,2024-04-19,2024-04-19,False,,75.03,,621.85,,450
16687,19491,116,5650,,,,,,,,24,,4:26.68,,,,,252,True,Relays,228,710,583.0,F,False,3,2024-04-19,2024-04-19,False,,67.37,,774.11,,525
16736,19540,164,620,,,,,,,,9,,2:24.69,,,,,253,True,Distance,275,762,656.0,F,False,3,2024-04-19,2024-04-20,False,,57.47,,478.3,,604
16737,19541,164,3116,,,,,,,,9,,2:51.77,,,,,253,True,Distance,20,420,230.0,F,False,3,2024-04-19,2024-04-20,False,,47.16,,261.73,,364
16738,19542,164,575,,,,,,,,11,,5:01.25,,,,,253,True,Distance,285,763,666.5,F,False,3,2024-04-19,2024-04-20,False,,54.2,,489.84,,592
16739,19543,164,578,,,,,,,,11,,5:19.04,,,,,253,True,Distance,176,654,503.0,F,False,3,2024-04-19,2024-04-20,False,,50.82,,416.7,,511
16740,19544,164,4117,,,,,,,,11,,5:20.34,,,,,253,True,Distance,169,646,492.0,F,False,3,2024-04-19,2024-04-20,False,,50.59,,411.68,,506
16741,19545,164,3116,,,,,,,,11,,5:50.37,,,,,253,True,Distance,48,481,288.5,F,False,3,2024-04-19,2024-04-20,False,,45.76,,305.97,,388
16742,19546,164,573,,,,,,,,17,,20:04.18,,,,,253,True,Distance,154,648,478.0,F,False,3,2024-04-19,2024-04-20,False,,49.6,,432.49,,505
16743,19547,164,3002,,,,,,,,20,,13:43.40,,,,,253,True,Distance,2,367,185.5,F,False,3,2024-04-19,2024-04-20,False,,41.03,,238.45,,495
16744,19548,164,3116,,573.0,,578.0,,620.0,,24,,4:41.87,1:11.36,1:17.84,1:08.53,,253,True,Relays,137,613,443.5,F,False,3,2024-04-19,2024-04-20,False,,63.27,,688.44,,452
16747,19551,167,2512,,,,,,,,9,,2:27.92,,,,,253,True,Distance,229,716,587.0,F,False,3,2024-04-19,2024-04-20,False,,56.02,,448.3,,571
16748,19552,167,2997,,,,,,,,9,,2:35.62,,,,,253,True,Distance,137,612,443.0,F,False,3,2024-04-19,2024-04-20,False,,52.83,,381.81,,497
16749,19553,167,5519,,,,,,,,9,,2:36.89,,,,,253,True,Distance,124,596,422.0,F,False,3,2024-04-19,2024-04-20,False,,52.34,,371.48,,486
16750,19554,167,582,,,,,,,,9,,2:38.96,,,,,253,True,Distance,105,570,390.0,F,False,3,2024-04-19,2024-04-20,False,,51.55,,354.98,,467
16751,19555,167,638,,,,,,,,9,,2:39.53,,,,,253,True,Distance,99,562,380.0,F,False,3,2024-04-19,2024-04-20,False,,51.34,,350.51,,462
16752,19556,167,663,,,,,,,,9,,2:41.01,,,,,253,True,Distance,87,544,359.0,F,False,3,2024-04-19,2024-04-20,False,,50.8,,339.06,,450
16753,19557,167,3000,,,,,,,,9,,2:43.39,,,,,253,True,Distance,68,515,325.5,F,False,3,2024-04-19,2024-04-20,False,,49.95,,321.08,,430
16754,19558,167,577,,,,,,,,11,,4:53.43,,,,,253,True,Distance,340,814,747.0,F,False,3,2024-04-19,2024-04-20,False,,55.83,,524.79,,631
16755,19560,167,617,,,,,,,,11,,5:15.31,,,,,253,True,Distance,197,676,535.0,F,False,3,2024-04-19,2024-04-20,False,,51.5,,431.35,,527
16756,19561,167,663,,,,,,,,11,,5:34.16,,,,,253,True,Distance,105,567,388.5,F,False,3,2024-04-19,2024-04-20,False,,48.25,,360.67,,449
16757,19562,167,3000,,,,,,,,11,,5:43.50,,,,,253,True,Distance,69,517,327.5,F,False,3,2024-04-19,2024-04-20,False,,46.79,,328.52,,413
16758,19563,167,655,,,,,,,,11,,5:48.80,,,,,253,True,Distance,53,489,297.5,F,False,3,2024-04-19,2024-04-20,False,,45.99,,311.04,,394
16759,19564,167,5203,,,,,,,,11,,5:53.81,,,,,253,True,Distance,39,464,271.0,F,False,3,2024-04-19,2024-04-20,False,,45.26,,295.0,,376
16760,19566,167,638,,,,,,,,11,,5:56.95,,,,,253,True,Distance,31,448,255.0,F,False,3,2024-04-19,2024-04-20,False,,44.82,,285.18,,365
16761,19567,167,652,,,,,,,,11,,6:12.28,,,,,253,True,Distance,6,376,194.0,F,False,3,2024-04-19,2024-04-20,False,,42.76,,239.6,,315
16762,19569,167,2996,,,,,,,,17,,19:50.54,,,,,253,True,Distance,172,668,506.0,F,False,3,2024-04-19,2024-04-20,False,,50.27,,446.05,,520
16763,19570,167,5277,,,,,,,,17,,20:36.82,,,,,253,True,Distance,114,602,415.0,F,False,3,2024-04-19,2024-04-20,False,,48.08,,401.27,,471
16764,19571,167,617,,,,,,,,17,,21:03.96,,,,,253,True,Distance,86,564,368.0,F,False,3,2024-04-19,2024-04-20,False,,46.87,,376.54,,443
16765,19572,167,5202,,,,,,,,17,,22:26.57,,,,,253,True,Distance,24,458,253.0,F,False,3,2024-04-19,2024-04-20,False,,43.51,,307.4,,367
16768,19575,167,582,,,,,,,,20,,13:12.47,,,,,253,True,Distance,18,430,233.0,F,False,3,2024-04-19,2024-04-20,False,,42.88,,277.89,,536
16769,19576,167,5519,,5203.0,,2997.0,,2997.0,,21,,59.67,,,,,253,True,Relays,119,571,404.5,F,False,3,2024-04-19,2024-04-20,False,,69.33,,517.19,,349
16770,19577,167,5208,,663.0,,652.0,,2534.0,,21,,1:06.90,,,,,253,True,Relays,8,376,196.0,F,False,3,2024-04-19,2024-04-20,False,,60.41,,349.01,,188
16771,19578,167,663,,652.0,,577.0,,638.0,,24,,4:56.06,1:15.56,1:21.87,1:06.15,,253,True,Relays,72,528,336.0,F,False,3,2024-04-19,2024-04-20,False,,59.86,,616.36,,390
16772,19579,167,617,,3000.0,,5202.0,,655.0,,24,,5:01.84,1:11.44,1:20.69,1:16.06,,253,True,Relays,52,495,299.5,F,False,3,2024-04-19,2024-04-20,False,,58.57,,588.94,,367
16841,19568,167,6285,,,,,,,,17,,19:34.34,,,,,253,True,Distance,196,692,542.0,F,False,3,2024-04-19,2024-04-20,False,,51.08,,462.55,,538
16890,19697,203,4227,,,,,,,,9,,2:27.64,,,,,254,True,Distance,233,720,593.0,F,False,3,2024-04-20,2024-04-20,False,,56.14,,450.85,,574
16891,19698,203,4492,,,,,,,,9,,2:35.44,,,,,254,True,Distance,139,615,446.5,F,False,3,2024-04-20,2024-04-20,False,,52.9,,383.29,,499
16892,19699,203,5658,,,,,,,,9,,2:50.97,,,,,254,True,Distance,24,429,238.5,F,False,3,2024-04-20,2024-04-20,False,,47.42,,267.14,,370
16893,19700,203,4226,,,,,,,,11,,5:33.53,,,,,254,True,Distance,107,571,392.5,F,False,3,2024-04-20,2024-04-20,False,,48.35,,362.9,,452
16894,19701,203,4300,,5659.0,,4297.0,,4275.0,,21,,59.23,,,,,254,True,Relays,130,585,422.5,F,False,3,2024-04-20,2024-04-20,False,,69.95,,528.75,,360
16906,19713,203,1769,,,,,,,,9,,2:40.98,,,,,254,True,Distance,87,545,359.5,F,False,3,2024-04-20,2024-04-20,False,,50.81,,339.29,,450
16907,19714,203,1765,,,,,,,,9,,2:53.09,,,,,254,True,Distance,15,406,218.0,F,False,3,2024-04-20,2024-04-20,False,,46.75,,252.9,,354
16908,19715,203,1781,,,,,,,,9,,2:57.20,,,,,254,True,Distance,4,364,186.0,F,False,3,2024-04-20,2024-04-20,False,,45.51,,226.27,,324
16909,19716,203,5526,,,,,,,,11,,5:48.65,,,,,254,True,Distance,53,490,298.0,F,False,3,2024-04-20,2024-04-20,False,,46.01,,311.53,,395
16910,19717,203,1765,,,,,,,,11,,5:49.74,,,,,254,True,Distance,50,485,292.5,F,False,3,2024-04-20,2024-04-20,False,,45.85,,308.0,,391
16911,19718,203,1781,,,,,,,,11,,5:56.71,,,,,254,True,Distance,32,450,257.0,F,False,3,2024-04-20,2024-04-20,False,,44.85,,285.92,,366
16912,19719,203,1796,,,,,,,,11,,6:06.93,,,,,254,True,Distance,13,401,213.5,F,False,3,2024-04-20,2024-04-20,False,,43.45,,255.07,,332
16913,19720,203,1732,,,,,,,,17,,20:08.67,,,,,254,True,Distance,148,641,468.5,F,False,3,2024-04-20,2024-04-20,False,,49.39,,428.1,,500
16914,19721,203,1763,,,,,,,,17,,20:35.81,,,,,254,True,Distance,115,603,416.5,F,False,3,2024-04-20,2024-04-20,False,,48.12,,402.22,,472
16915,19722,203,2094,,,,,,,,17,,20:51.20,,,,,254,True,Distance,99,582,390.0,F,False,3,2024-04-20,2024-04-20,False,,47.43,,388.04,,456
16916,19723,203,3035,,,,,,,,17,,21:27.99,,,,,254,True,Distance,64,532,330.0,F,False,3,2024-04-20,2024-04-20,False,,45.85,,355.52,,420
16917,19724,203,1751,,,,,,,,17,,21:33.15,,,,,254,True,Distance,59,526,322.0,F,False,3,2024-04-20,2024-04-20,False,,45.63,,351.1,,415
16918,19725,203,1732,,,,,,,,20,,12:36.05,,,,,254,True,Distance,58,510,313.0,F,False,3,2024-04-20,2024-04-20,False,,45.25,,328.48,,589
16919,19726,203,2094,,1769.0,,,,,,24,,5:09.04,,,,,254,True,Relays,31,456,259.0,F,False,3,2024-04-20,2024-04-20,False,,57.04,,556.22,,339
16958,19855,101,974,,,,,,,,11,,6:00.56,,,,,256,True,Distance,24,431,239.5,F,False,3,2024-04-20,2024-04-20,False,,44.31,,274.1,,353
16981,19793,112,5642,,,,,,,,9,,2:46.00,,,,,255,True,Distance,50,485,292.5,F,False,3,2024-04-20,2024-04-20,False,,49.05,,301.95,,408
16982,19794,112,404,,,,,,,,17,,18:32.05,,,,,255,True,Distance,298,788,692.0,F,False,3,2024-04-20,2024-04-20,False,,54.43,,530.5,,613
16983,19795,112,406,,,,,,,,17,,19:38.27,,,,,255,True,Distance,190,686,533.0,F,False,3,2024-04-20,2024-04-20,False,,50.88,,458.51,,534
16985,19798,112,3755,,,,,,,,20,,15:21.23,,,,,255,True,Distance,0,201,100.5,F,False,3,2024-04-20,2024-04-20,False,,36.02,,131.12,,383
17035,19848,117,63,,,,,,,,11,,5:20.08,,,,,256,True,Distance,171,648,495.0,F,False,3,2024-04-20,2024-04-20,False,,50.64,,412.68,,507
17036,19849,117,237,,,,,,,,11,,5:24.40,,,,,256,True,Distance,149,622,460.0,F,False,3,2024-04-20,2024-04-20,False,,49.88,,396.24,,488
17037,19850,117,236,,,,,,,,11,,5:48.06,,,,,256,True,Distance,55,493,301.5,F,False,3,2024-04-20,2024-04-20,False,,46.1,,313.45,,397
17038,19851,56,253,,,,,,,,11,,5:51.76,,,,,256,True,Distance,44,474,281.0,F,False,3,2024-04-20,2024-04-20,False,,45.56,,301.51,,384
17039,19852,117,4091,,,,,,,,11,,5:55.35,,,,,256,True,Distance,35,456,263.0,F,False,3,2024-04-20,2024-04-20,False,,45.04,,290.16,,371
17040,19853,117,4778,,,,,,,,11,,5:57.45,,,,,256,True,Distance,30,446,253.0,F,False,3,2024-04-20,2024-04-20,False,,44.75,,283.63,,364
17041,19854,117,1970,,,,,,,,11,,5:58.24,,,,,256,True,Distance,29,442,250.0,F,False,3,2024-04-20,2024-04-20,False,,44.64,,281.19,,361
17042,19856,117,271,,,,,,,,11,,7:20.08,,,,,256,True,Distance,0,133,66.5,F,False,3,2024-04-20,2024-04-20,False,,35.43,,76.09,,134
17044,19858,117,243,,,,,,,,9,,2:25.91,,,,,256,True,Distance,257,745,629.5,F,False,3,2024-04-20,2024-04-20,False,,56.91,,466.81,,592
17049,19859,56,246,,,,,,,,9,,2:27.76,,,,,256,True,Distance,231,719,590.5,F,False,3,2024-04-20,2024-04-20,False,,56.09,,449.76,,573
17050,19860,56,4106,,,,,,,,9,,2:36.25,,,,,256,True,Distance,131,604,433.0,F,False,3,2024-04-20,2024-04-20,False,,52.58,,376.66,,491
17051,19861,117,3977,,,,,,,,9,,2:48.47,,,,,256,True,Distance,36,457,264.5,F,False,3,2024-04-20,2024-04-20,False,,48.22,,284.39,,389
17052,19862,117,4091,,,,,,,,9,,2:57.94,,,,,256,True,Distance,3,357,181.5,F,False,3,2024-04-20,2024-04-20,False,,45.3,,221.61,,319
17053,19863,56,253,,,,,,,,9,,3:01.13,,,,,256,True,Distance,0,326,163.0,F,False,3,2024-04-20,2024-04-20,False,,44.39,,201.93,,297
17054,19864,117,4778,,,,,,,,9,,3:05.22,,,,,256,True,Distance,0,288,144.0,F,False,3,2024-04-20,2024-04-20,False,,43.27,,177.7,,270
17055,19865,117,262,,,,,,,,9,,3:31.23,,,,,256,True,Distance,0,103,51.5,F,False,3,2024-04-20,2024-04-20,False,,37.25,,45.56,,123
17063,19873,117,231,,,,,,,,17,,18:31.24,,,,,256,True,Distance,300,789,694.5,F,False,3,2024-04-20,2024-04-20,False,,54.48,,531.43,,614
17064,19874,117,63,,,,,,,,17,,19:30.05,,,,,256,True,Distance,202,698,551.0,F,False,3,2024-04-20,2024-04-20,False,,51.3,,467.0,,543
17065,19875,117,271,,,,,,,,17,,27:17.87,,,,,256,True,Distance,0,172,86.0,F,False,3,2024-04-20,2024-04-20,False,,34.51,,119.26,,160
17200,20018,59,3895,,,,,,,,11,,5:21.75,,,,,257,True,Distance,162,638,481.0,F,False,3,2024-04-20,2024-04-20,False,,50.34,,406.27,,500
17201,20019,59,2773,,,,,,,,11,,5:28.03,,,,,257,True,Distance,131,602,432.0,F,False,3,2024-04-20,2024-04-20,False,,49.26,,382.76,,474
17202,20020,59,2062,,,,,,,,11,,5:40.86,,,,,257,True,Distance,79,531,344.5,F,False,3,2024-04-20,2024-04-20,False,,47.19,,337.43,,423
17204,20022,59,3888,,3894.0,,3893.0,,3891.0,,24,,4:31.86,,,,,257,True,Relays,194,676,532.0,F,False,3,2024-04-20,2024-04-20,False,,65.92,,743.82,,499
17271,20089,146,992,,,,,,,,9,,2:36.24,,,,,258,True,Distance,131,604,433.0,F,False,3,2024-04-20,2024-04-20,False,,52.59,,376.75,,492
17272,20090,146,5626,,,,,,,,9,,2:42.48,,,,,258,True,Distance,75,526,338.0,F,False,3,2024-04-20,2024-04-20,False,,50.27,,327.89,,437
17273,20092,146,5516,,4248.0,,3654.0,,5626.0,,24,,4:28.35,,,,,258,True,Relays,217,699,566.5,F,False,3,2024-04-20,2024-04-20,False,,66.9,,764.21,,516
17360,20091,146,3654,,,,,,,,9,,3:05.16,,,,,258,True,Distance,0,289,144.5,F,False,3,2024-04-20,2024-04-20,False,,43.28,,178.05,,271
17380,20201,138,3100,,,,,,,,9,,2:30.55,,,,,259,True,Distance,195,680,535.0,F,False,3,2024-04-20,2024-04-20,False,,54.89,,424.83,,545
17381,20202,159,4285,,,,,,,,9,,2:30.99,,,,,259,True,Distance,190,674,527.0,F,False,3,2024-04-20,2024-04-20,False,,54.7,,420.98,,541
17382,20203,137,2384,,,,,,,,9,,2:31.96,,,,,259,True,Distance,178,661,508.5,F,False,3,2024-04-20,2024-04-20,False,,54.3,,412.58,,531
17383,20205,130,2387,,,,,,,,9,,2:36.14,,,,,259,True,Distance,132,605,434.5,F,False,3,2024-04-20,2024-04-20,False,,52.63,,377.56,,492
17384,20206,138,3109,,,,,,,,9,,2:47.98,,,,,259,True,Distance,38,462,269.0,F,False,3,2024-04-20,2024-04-20,False,,48.38,,287.84,,393
17385,20207,138,599,,,,,,,,9,,2:53.00,,,,,259,True,Distance,16,407,219.5,F,False,3,2024-04-20,2024-04-20,False,,46.78,,253.5,,354
17386,20208,159,650,,,,,,,,9,,2:54.03,,,,,259,True,Distance,12,396,210.0,F,False,3,2024-04-20,2024-04-20,False,,46.46,,246.7,,347
17387,20209,157,5679,,,,,,,,9,,2:56.43,,,,,259,True,Distance,6,372,192.0,F,False,3,2024-04-20,2024-04-20,False,,45.74,,231.17,,330
17388,20210,159,5392,,,,,,,,9,,3:07.57,,,,,259,True,Distance,0,268,134.0,F,False,3,2024-04-20,2024-04-20,False,,42.65,,164.26,,255
17389,20211,159,619,,,,,,,,9,,3:08.86,,,,,259,True,Distance,0,257,128.5,F,False,3,2024-04-20,2024-04-20,False,,42.32,,157.02,,247
17390,20212,159,5682,,,,,,,,9,,3:18.40,,,,,259,True,Distance,0,183,91.5,F,False,3,2024-04-20,2024-04-20,False,,40.01,,106.41,,191
17391,20213,159,583,,,,,,,,11,,5:06.73,,,,,259,True,Distance,249,729,613.5,F,False,3,2024-04-20,2024-04-20,False,,53.12,,466.4,,566
17392,20214,159,576,,,,,,,,11,,5:26.90,,,,,259,True,Distance,137,608,441.0,F,False,3,2024-04-20,2024-04-20,False,,49.45,,386.93,,478
17393,20215,138,645,,,,,,,,11,,5:32.21,,,,,259,True,Distance,113,578,402.0,F,False,3,2024-04-20,2024-04-20,False,,48.57,,367.61,,457
17394,20216,159,4667,,,,,,,,11,,5:35.18,,,,,259,True,Distance,100,562,381.0,F,False,3,2024-04-20,2024-04-20,False,,48.09,,357.07,,445
17395,20236,69,5264,,,,,,,,17,,20:23.70,,,,,259,True,Distance,129,620,439.0,F,False,3,2024-04-20,2024-04-20,False,,48.68,,413.62,,484
17396,20219,159,646,,,,,,,,11,,5:50.95,,,,,259,True,Distance,47,478,286.0,F,False,3,2024-04-20,2024-04-20,False,,45.68,,304.1,,386
17397,20220,138,599,,,,,,,,11,,5:51.75,,,,,259,True,Distance,44,474,281.0,F,False,3,2024-04-20,2024-04-20,False,,45.56,,301.54,,384
17398,20221,138,2396,,,,,,,,11,,5:56.03,,,,,259,True,Distance,34,453,260.5,F,False,3,2024-04-20,2024-04-20,False,,44.95,,288.04,,369
17399,20222,138,4233,,,,,,,,11,,5:58.42,,,,,259,True,Distance,28,441,248.5,F,False,3,2024-04-20,2024-04-20,False,,44.61,,280.64,,360
17400,20223,159,5392,,,,,,,,11,,6:00.19,,,,,259,True,Distance,25,433,241.5,F,False,3,2024-04-20,2024-04-20,False,,44.37,,275.22,,354
17401,20224,159,643,,,,,,,,11,,6:05.16,,,,,259,True,Distance,15,409,219.5,F,False,3,2024-04-20,2024-04-20,False,,43.69,,260.29,,338
17402,20225,159,2712,,,,,,,,11,,6:07.40,,,,,259,True,Distance,12,399,211.5,F,False,3,2024-04-20,2024-04-20,False,,43.39,,253.7,,331
17403,20226,159,5265,,,,,,,,11,,6:19.12,,,,,259,True,Distance,1,346,174.0,F,False,3,2024-04-20,2024-04-20,False,,41.89,,220.45,,294
17404,20227,159,5683,,,,,,,,11,,6:27.37,,,,,259,True,Distance,0,312,156.0,F,False,3,2024-04-20,2024-04-20,False,,40.89,,198.26,,269
17405,20228,130,4673,,,,,,,,11,,6:31.65,,,,,259,True,Distance,0,294,147.0,F,False,3,2024-04-20,2024-04-20,False,,40.39,,187.11,,257
17406,20229,69,2527,,,,,,,,11,,6:39.48,,,,,259,True,Distance,0,264,132.0,F,False,3,2024-04-20,2024-04-20,False,,39.51,,167.34,,235
17407,20230,159,5266,,,,,,,,11,,6:57.97,,,,,259,True,Distance,0,199,99.5,F,False,3,2024-04-20,2024-04-20,False,,37.55,,123.59,,186
17408,20231,138,2424,,,,,,,,11,,7:07.04,,,,,259,True,Distance,0,170,85.0,F,False,3,2024-04-20,2024-04-20,False,,36.65,,103.51,,164
17409,20232,138,644,,,,,,,,11,,7:07.13,,,,,259,True,Distance,0,170,85.0,F,False,3,2024-04-20,2024-04-20,False,,36.64,,103.31,,164
17410,20264,130,2698,,2394.0,,2385.0,,4230.0,,24,,5:51.89,,,,,259,True,Relays,0,256,128.0,F,False,3,2024-04-20,2024-04-20,False,,49.31,,389.18,,197
17411,20234,138,2380,,,,,,,,17,,18:06.80,,,,,259,True,Distance,346,829,760.5,F,False,3,2024-04-20,2024-04-20,False,,55.91,,560.26,,646
17412,20235,130,5684,,,,,,,,17,,20:21.96,,,,,259,True,Distance,132,622,443.0,F,False,3,2024-04-20,2024-04-20,False,,48.76,,415.28,,486
17413,20237,159,591,,,,,,,,17,,20:52.89,,,,,259,True,Distance,97,579,386.5,F,False,3,2024-04-20,2024-04-20,False,,47.35,,386.5,,454
17414,20238,138,601,,,,,,,,17,,21:06.18,,,,,259,True,Distance,83,561,363.5,F,False,3,2024-04-20,2024-04-20,False,,46.77,,374.57,,441
17415,20239,159,619,,,,,,,,17,,21:07.58,,,,,259,True,Distance,82,559,361.5,F,False,3,2024-04-20,2024-04-20,False,,46.71,,373.33,,440
17416,20240,130,2394,,,,,,,,17,,21:13.28,,,,,259,True,Distance,77,552,353.0,F,False,3,2024-04-20,2024-04-20,False,,46.47,,368.29,,434
17417,20242,138,599,,,,,,,,17,,21:45.61,,,,,259,True,Distance,50,509,304.5,F,False,3,2024-04-20,2024-04-20,False,,45.12,,340.59,,404
17418,20243,130,2385,,,,,,,,17,,22:00.29,,,,,259,True,Distance,39,491,284.5,F,False,3,2024-04-20,2024-04-20,False,,44.53,,328.46,,390
17419,20244,137,588,,,,,,,,17,,22:00.38,,,,,259,True,Distance,39,491,284.5,F,False,3,2024-04-20,2024-04-20,False,,44.53,,328.39,,390
17420,20245,137,4664,,,,,,,,17,,22:11.51,,,,,259,True,Distance,32,477,270.5,F,False,3,2024-04-20,2024-04-20,False,,44.09,,319.37,,380
17421,20247,159,643,,,,,,,,17,,22:31.17,,,,,259,True,Distance,21,453,247.5,F,False,3,2024-04-20,2024-04-20,False,,43.34,,303.8,,363
17422,20248,69,2527,,,,,,,,17,,22:33.50,,,,,259,True,Distance,20,450,245.0,F,False,3,2024-04-20,2024-04-20,False,,43.25,,301.99,,361
17423,20249,159,4669,,,,,,,,17,,22:54.25,,,,,259,True,Distance,12,425,224.5,F,False,3,2024-04-20,2024-04-20,False,,42.48,,286.1,,344
17424,20250,138,5685,,,,,,,,17,,23:04.26,,,,,259,True,Distance,8,413,214.5,F,False,3,2024-04-20,2024-04-20,False,,42.12,,278.6,,336
17425,20251,130,4230,,,,,,,,17,,23:33.09,,,,,259,True,Distance,2,381,192.5,F,False,3,2024-04-20,2024-04-20,False,,41.11,,257.61,,313
17429,20255,159,4256,,4268.0,,5686.0,,4254.0,,21,,52.63,,,,,259,True,Relays,351,801,751.5,F,False,3,2024-04-20,2024-04-20,False,,80.78,,725.35,,549
17430,20256,130,4249,,2394.0,,2722.0,,4230.0,,21,,1:09.80,,,,,259,True,Relays,0,309,154.5,F,False,3,2024-04-20,2024-04-20,False,,57.42,,291.34,,133
17431,20257,159,4285,,4267.0,,4268.0,,648.0,,24,,4:23.66,,,,,259,True,Relays,249,730,614.0,F,False,3,2024-04-20,2024-04-20,False,,68.25,,792.31,,540
17432,20258,159,5392,,643.0,,591.0,,619.0,,24,,4:40.58,,,,,259,True,Relays,144,621,454.5,F,False,3,2024-04-20,2024-04-20,False,,63.6,,695.36,,458
17433,20259,159,583,,2712.0,,2700.0,,5687.0,,24,,4:59.62,,,,,259,True,Relays,59,508,313.0,F,False,3,2024-04-20,2024-04-20,False,,59.06,,599.34,,376
17434,20260,130,2722,,2387.0,,4249.0,,4231.0,,24,,5:14.54,,,,,259,True,Relays,19,427,232.5,F,False,3,2024-04-20,2024-04-20,False,,55.92,,532.23,,319
17435,20261,137,623,,5688.0,,5388.0,,2384.0,,24,,5:17.71,,,,,259,True,Relays,13,411,218.5,F,False,3,2024-04-20,2024-04-20,False,,55.3,,518.78,,307
17436,20262,159,5689,,5681.0,,646.0,,4669.0,,24,,5:25.18,,,,,259,True,Relays,3,374,190.0,F,False,3,2024-04-20,2024-04-20,False,,53.87,,488.13,,281
17437,20263,159,4256,,4255.0,,4254.0,,590.0,,24,,5:41.24,,,,,259,True,Relays,0,300,150.0,F,False,3,2024-04-20,2024-04-20,False,,51.04,,426.78,,229
17438,20265,138,2396,,644.0,,3109.0,,2380.0,,24,,6:15.75,,,,,259,True,Relays,0,169,84.5,F,False,3,2024-04-20,2024-04-20,False,,45.82,,312.68,,132
17439,20266,159,4285,,576.0,,648.0,,590.0,,26,,10:39.44,,,,,259,True,Relays,0,0,0.0,F,False,3,2024-04-20,2024-04-20,False,,,,,,
17440,20267,130,4249,,4231.0,,2698.0,,5684.0,,26,,11:11.14,,,,,259,True,Relays,0,0,0.0,F,False,3,2024-04-20,2024-04-20,False,,,,,,
17441,20268,138,4233,,644.0,,2396.0,,5691.0,,26,,11:57.75,,,,,259,True,Relays,0,0,0.0,F,False,3,2024-04-20,2024-04-20,False,,,,,,
17442,20269,137,623,,4660.0,,5388.0,,588.0,,26,,12:01.99,,,,,259,True,Relays,0,0,0.0,F,False,3,2024-04-20,2024-04-20,False,,,,,,
17443,20272,130,4249,,2722.0,,4231.0,,4230.0,,31,,2:58.55,,,,,259,True,Relays,0,0,0.0,F,False,3,2024-04-20,2024-04-20,False,,,,,,
17444,20273,138,609,,2424.0,,607.0,,599.0,,31,,2:59.17,,,,,259,True,Relays,0,0,0.0,F,False,3,2024-04-20,2024-04-20,False,,,,,,
17458,20241,139,1483,,,,,,,,17,,21:24.98,,,,,259,True,Distance,66,536,334.0,F,False,3,2024-04-20,2024-04-20,False,,45.97,,358.11,,423
17459,20246,139,1497,,,,,,,,17,,22:15.22,,,,,259,True,Distance,30,472,266.0,F,False,3,2024-04-20,2024-04-20,False,,43.95,,316.4,,377
17460,20271,137,623,,5388.0,,4660.0,,2384.0,,31,,256.06,,,,,259,True,Relays,0,0,0.0,F,False,3,2024-04-20,2024-04-20,False,,,,,,
17626,20465,202,3504,,,,,,,,9,,2:30.41,,,,,260,True,Distance,197,682,538.0,F,False,3,2024-04-20,2024-04-20,False,,54.94,,426.06,,546
17657,20497,174,2084,,,,,,,,9,,2:32.42,,,,,261,True,Distance,173,654,500.0,F,False,3,2024-04-21,2024-04-21,False,,54.11,,408.63,,527
17658,20498,174,4646,,,,,,,,9,,2:41.01,,,,,261,True,Distance,87,544,359.0,F,False,3,2024-04-21,2024-04-21,False,,50.8,,339.06,,450
17659,20499,174,1767,,,,,,,,11,,5:21.59,,,,,261,True,Distance,163,639,482.5,F,False,3,2024-04-21,2024-04-21,False,,50.37,,406.88,,500
17668,20500,174,4957,,,,,,,,17,,20:48.62,,,,,261,True,Distance,101,585,393.5,F,False,3,2024-04-21,2024-04-21,False,,47.54,,390.39,,459
17669,20501,174,2083,,,,,,,,17,,20:52.41,,,,,261,True,Distance,97,580,387.0,F,False,3,2024-04-21,2024-04-21,False,,47.38,,386.94,,455
17670,20502,174,1759,,,,,,,,20,,13:30.99,,,,,261,True,Distance,6,391,201.5,F,False,3,2024-04-21,2024-04-21,False,,41.76,,253.91,,511
17671,20503,174,4957,,,,,,,,20,,13:36.32,,,,,261,True,Distance,4,381,194.5,F,False,3,2024-04-21,2024-04-21,False,,41.44,,247.21,,504
17672,20504,174,2082,,,,,,,,20,,13:44.61,,,,,261,True,Distance,1,364,183.0,F,False,3,2024-04-21,2024-04-21,False,,40.96,,236.96,,493
17685,20517,188,2081,,,,,,,,9,,2:35.02,,,,,261,True,Distance,144,620,454.0,F,False,3,2024-04-21,2024-04-21,False,,53.06,,386.76,,503
17686,20518,188,807,,,,,,,,11,,4:54.98,,,,,261,True,Distance,329,804,731.0,F,False,3,2024-04-21,2024-04-21,False,,55.5,,517.71,,623
17687,20520,188,5081,,,,,,,,11,,5:33.15,,,,,261,True,Distance,109,573,395.5,F,False,3,2024-04-21,2024-04-21,False,,48.42,,364.25,,453
17688,20521,188,5079,,,,,,,,11,,5:34.43,,,,,261,True,Distance,103,566,386.0,F,False,3,2024-04-21,2024-04-21,False,,48.21,,359.71,,448
17689,20522,188,1773,,,,,,,,11,,5:51.36,,,,,261,True,Distance,45,476,283.0,F,False,3,2024-04-21,2024-04-21,False,,45.62,,302.79,,385
17690,20523,188,5729,,,,,,,,11,,6:06.99,,,,,261,True,Distance,13,401,213.5,F,False,3,2024-04-21,2024-04-21,False,,43.45,,254.9,,332
17691,20526,188,817,,,,,,,,17,,22:11.62,,,,,261,True,Distance,32,477,270.5,F,False,3,2024-04-21,2024-04-21,False,,44.09,,319.28,,380
17693,20528,188,1752,,,,,,,,20,,13:42.80,,,,,261,True,Distance,2,368,186.0,F,False,3,2024-04-21,2024-04-21,False,,41.07,,239.18,,496
17694,20529,188,1773,,,,,,,,20,,14:18.02,,,,,261,True,Distance,0,302,151.0,F,False,3,2024-04-21,2024-04-21,False,,39.13,,197.67,,452
17695,20530,188,3525,,,,,,,,20,,16:28.06,,,,,261,True,Distance,0,116,58.0,F,False,3,2024-04-21,2024-04-21,False,,33.19,,70.02,,319
17696,20531,188,3526,,3848.0,,3532.0,,4981.0,,21,,52.44,,,,,261,True,Relays,359,808,763.0,F,False,3,2024-04-21,2024-04-21,False,,81.14,,731.75,,555
17697,20532,188,3529,,3530.0,,2081.0,,3525.0,,21,,1:00.54,,,,,261,True,Relays,99,546,372.0,F,False,3,2024-04-21,2024-04-21,False,,68.12,,494.83,,328
17698,20533,188,807,,3534.0,,2081.0,,5729.0,,30,,15:42.64,,,,,261,True,Relays,0,0,0.0,F,False,3,2024-04-21,2024-04-21,False,,,,,,
17700,20535,191,2079,,,,,,,,11,,5:20.47,,,,,261,True,Distance,169,645,491.5,F,False,3,2024-04-21,2024-04-21,False,,50.57,,411.18,,505
17701,20536,191,2097,,,,,,,,11,,5:53.25,,,,,261,True,Distance,40,467,273.5,F,False,3,2024-04-21,2024-04-21,False,,45.34,,296.77,,378
17702,20537,191,4979,,,,,,,,11,,5:56.97,,,,,261,True,Distance,31,448,255.0,F,False,3,2024-04-21,2024-04-21,False,,44.81,,285.12,,365
17703,20538,191,3201,,,,,,,,11,,6:05.13,,,,,261,True,Distance,16,409,220.5,F,False,3,2024-04-21,2024-04-21,False,,43.69,,260.38,,338
17706,20541,191,4965,,4979.0,,3201.0,,4967.0,,21,,1:00.11,,,,,261,True,Relays,108,558,387.0,F,False,3,2024-04-21,2024-04-21,False,,68.71,,505.8,,338
17710,20545,196,4977,,,,,,,,11,,5:54.68,,,,,261,True,Distance,37,460,267.0,F,False,3,2024-04-21,2024-04-21,False,,45.14,,292.26,,373
17714,20551,204,2074,,,,,,,,11,,5:27.16,,,,,261,True,Distance,135,606,438.0,F,False,3,2024-04-21,2024-04-21,False,,49.41,,385.97,,477
17716,20553,204,3597,,,,,,,,20,,14:11.03,,,,,261,True,Distance,0,315,157.5,F,False,3,2024-04-21,2024-04-21,False,,39.5,,205.63,,461
17717,20554,205,3531,,,,,,,,11,,6:06.16,,,,,261,True,Distance,14,404,216.0,F,False,3,2024-04-21,2024-04-21,False,,43.56,,257.34,,335
17767,20547,196,819,,,,,,,,20,,13:04.75,,,,,261,True,Distance,25,446,248.0,F,False,3,2024-04-21,2024-04-21,False,,43.36,,288.22,,547
17768,20519,188,829,,,,,,,,11,,5:26.91,,,,,261,True,Distance,137,608,441.0,F,False,3,2024-04-21,2024-04-21,False,,49.45,,386.89,,478
17769,20524,188,823,,,,,,,,17,,19:54.91,,,,,261,True,Distance,166,661,496.5,F,False,3,2024-04-21,2024-04-21,False,,50.05,,441.67,,515
17770,20525,188,811,,,,,,,,17,,22:11.51,,,,,261,True,Distance,32,477,270.5,F,False,3,2024-04-21,2024-04-21,False,,44.09,,319.37,,380
17906,20750,60,3360,,,,,,,,9,,2:29.20,,,,,264,True,Distance,212,698,561.0,F,False,3,2024-04-21,2024-04-21,False,,55.46,,436.77,,558
17907,20751,60,3379,,,,,,,,11,,5:54.62,,,,,264,True,Distance,37,460,267.0,F,False,3,2024-04-21,2024-04-21,False,,45.15,,292.45,,373
17908,20752,60,3371,,,,,,,,17,,22:04.57,,,,,264,True,Distance,37,485,279.5,F,False,3,2024-04-21,2024-04-21,False,,44.36,,324.97,,387
17909,20753,60,4799,,,,,,,,17,,23:53.78,,,,,264,True,Distance,0,358,179.0,F,False,3,2024-04-21,2024-04-21,False,,40.41,,243.06,,297
17934,20781,59,3895,,,,,,,,11,,5:18.48,,,,,268,True,Distance,179,657,507.5,F,False,3,2024-04-25,2024-04-27,False,,50.92,,418.88,,514
17936,20783,59,3891,,3893.0,,3889.0,,3888.0,,21,,51.64,,,,,268,True,Relays,393,836,811.0,F,False,3,2024-04-25,2024-04-27,False,,82.68,,759.18,,581
17937,20784,59,3888,,3894.0,,3893.0,,3891.0,,24,,4:30.04,,,,,268,True,Relays,206,688,550.0,F,False,3,2024-04-25,2024-04-27,False,,66.42,,754.33,,508
17976,20821,60,3359,,,,,,,,17,,18:19.03,,,,,269,True,Distance,322,809,726.5,F,False,3,2024-04-25,2024-04-26,False,,55.19,,545.67,,629
17977,20822,60,4764,,,,,,,,17,,19:02.93,,,,,269,True,Distance,245,740,615.0,F,False,3,2024-04-25,2024-04-26,False,,52.72,,495.89,,575
17978,20823,60,3360,,,,,,,,17,,19:40.36,,,,,269,True,Distance,187,683,528.5,F,False,3,2024-04-25,2024-04-26,False,,50.78,,456.37,,531
17979,20824,61,4025,,,,,,,,17,,17:15.67,,,,,269,True,Distance,454,915,911.5,F,False,3,2024-04-25,2024-04-26,False,,59.13,,624.97,,717
17984,20829,61,1617,,,,,,,,11,,5:01.75,,,,,270,True,Distance,281,760,661.0,F,False,3,2024-04-25,2024-04-25,False,,54.1,,487.66,,590
18020,20867,167,5510,,2534.0,,632.0,,4260.0,,21,,57.04,,,,,271,True,Relays,191,653,517.5,F,False,3,2024-04-26,2024-04-27,False,,73.22,,588.94,,418
18021,20868,167,5748,,5749.0,,5202.0,,652.0,,24,,5:13.69,,,,,271,True,Relays,20,431,235.5,F,False,3,2024-04-26,2024-04-27,False,,56.09,,535.88,,322
18022,20871,167,5277,,,,,,,,17,,20:17.90,,,,,271,True,Distance,137,628,451.0,F,False,3,2024-04-26,2024-04-27,False,,48.95,,419.17,,490
18023,20872,167,616,,,,,,,,17,,21:50.86,,,,,271,True,Distance,46,503,297.5,F,False,3,2024-04-26,2024-04-27,False,,44.91,,336.22,,399
18024,20873,167,5202,,,,,,,,17,,21:53.64,,,,,271,True,Distance,44,499,293.5,F,False,3,2024-04-26,2024-04-27,False,,44.8,,333.92,,396
18025,20874,167,621,,,,,,,,17,,22:12.12,,,,,271,True,Distance,32,476,270.0,F,False,3,2024-04-26,2024-04-27,False,,44.07,,318.88,,380
18028,20877,167,5519,,,,,,,,9,,2:38.14,,,,,271,True,Distance,112,580,402.0,F,False,3,2024-04-26,2024-04-27,False,,51.86,,361.46,,475
18029,20878,167,5279,,,,,,,,9,,2:38.20,,,,,271,True,Distance,112,579,401.5,F,False,3,2024-04-26,2024-04-27,False,,51.84,,360.99,,474
18030,20879,167,638,,,,,,,,9,,2:44.58,,,,,271,True,Distance,60,501,310.5,F,False,3,2024-04-26,2024-04-27,False,,49.53,,312.28,,420
18031,20880,167,3000,,,,,,,,9,,2:49.06,,,,,271,True,Distance,33,450,258.0,F,False,3,2024-04-26,2024-04-27,False,,48.03,,280.28,,384
18032,20881,167,647,,,,,,,,9,,2:49.82,,,,,271,True,Distance,29,442,250.0,F,False,3,2024-04-26,2024-04-27,False,,47.78,,275.02,,378
18033,20882,167,616,,,,,,,,9,,2:50.20,,,,,271,True,Distance,27,438,246.0,F,False,3,2024-04-26,2024-04-27,False,,47.66,,272.4,,376
18034,20883,167,5277,,,,,,,,9,,2:52.56,,,,,271,True,Distance,17,412,223.0,F,False,3,2024-04-26,2024-04-27,False,,46.92,,256.43,,358
18035,20884,167,5203,,,,,,,,9,,2:59.46,,,,,271,True,Distance,1,342,172.0,F,False,3,2024-04-26,2024-04-27,False,,44.86,,212.14,,308
18036,20885,167,632,,,,,,,,9,,3:00.43,,,,,271,True,Distance,0,332,166.0,F,False,3,2024-04-26,2024-04-27,False,,44.58,,206.19,,302
18037,20886,167,2534,,,,,,,,9,,3:23.73,,,,,271,True,Distance,0,147,73.5,F,False,3,2024-04-26,2024-04-27,False,,38.82,,80.2,,162
18038,20888,167,581,,,,,,,,11,,5:29.60,,,,,271,True,Distance,124,593,420.5,F,False,3,2024-04-26,2024-04-27,False,,49.0,,377.03,,467
18039,20889,167,617,,,,,,,,11,,5:32.49,,,,,271,True,Distance,112,576,400.0,F,False,3,2024-04-26,2024-04-27,False,,48.52,,366.61,,456
18040,20890,167,5519,,,,,,,,11,,5:44.06,,,,,271,True,Distance,68,514,325.0,F,False,3,2024-04-26,2024-04-27,False,,46.7,,326.65,,411
18041,20891,167,621,,,,,,,,11,,6:02.46,,,,,271,True,Distance,20,422,231.0,F,False,3,2024-04-26,2024-04-27,False,,44.05,,268.35,,347
18042,20892,167,5203,,,,,,,,11,,6:03.24,,,,,271,True,Distance,19,418,228.0,F,False,3,2024-04-26,2024-04-27,False,,43.95,,266.01,,344
18043,20893,167,655,,,,,,,,11,,6:05.84,,,,,271,True,Distance,14,406,217.0,F,False,3,2024-04-26,2024-04-27,False,,43.6,,258.28,,336
18044,20895,167,632,,,,,,,,11,,6:21.35,,,,,271,True,Distance,0,337,168.5,F,False,3,2024-04-26,2024-04-27,False,,41.62,,214.36,,287
18045,20896,167,652,,,,,,,,11,,6:39.98,,,,,271,True,Distance,0,262,131.0,F,False,3,2024-04-26,2024-04-27,False,,39.45,,166.1,,234
18048,20899,167,577,,,,,,,,20,,11:55.92,,,,,271,True,Distance,128,606,431.0,F,False,3,2024-04-26,2024-04-27,False,,48.16,,390.18,,653
18049,20900,167,3000,,,,,,,,20,,14:39.20,,,,,271,True,Distance,0,266,133.0,F,False,3,2024-04-26,2024-04-27,False,,38.04,,174.3,,428
18050,20901,167,647,,,,,,,,20,,15:17.81,,,,,271,True,Distance,0,206,103.0,F,False,3,2024-04-26,2024-04-27,False,,36.18,,134.48,,386
18051,20902,167,638,,,,,,,,20,,15:29.90,,,,,271,True,Distance,0,188,94.0,F,False,3,2024-04-26,2024-04-27,False,,35.63,,122.7,,374
18072,20887,167,6285,,,,,,,,11,,5:20.71,,,,,271,True,Distance,168,644,490.0,F,False,3,2024-04-26,2024-04-27,False,,50.53,,410.25,,504
18073,20894,167,5204,,,,,,,,11,,6:11.13,,,,,271,True,Distance,7,382,198.0,F,False,3,2024-04-26,2024-04-27,False,,42.9,,242.89,,319
18135,21005,203,4492,,,,,,,,9,,2:28.50,,,,,272,True,Distance,222,708,576.0,F,False,3,2024-04-26,2024-04-27,False,,55.76,,443.05,,565
18136,21006,203,5063,,,,,,,,9,,2:39.39,,,,,272,True,Distance,101,564,383.0,F,False,3,2024-04-26,2024-04-27,False,,51.39,,351.6,,464
18137,21007,203,5658,,,,,,,,9,,2:46.77,,,,,272,True,Distance,45,476,283.0,F,False,3,2024-04-26,2024-04-27,False,,48.79,,296.42,,402
18138,21008,203,4227,,,,,,,,11,,5:12.48,,,,,272,True,Distance,213,693,559.5,F,False,3,2024-04-26,2024-04-27,False,,52.02,,442.7,,540
18139,21009,203,4226,,,,,,,,11,,5:36.78,,,,,272,True,Distance,94,553,370.5,F,False,3,2024-04-26,2024-04-27,False,,47.83,,351.47,,439
18141,21011,203,4275,,4297.0,,4300.0,,4293.0,,21,,57.06,,,,,272,True,Relays,190,652,516.0,F,False,3,2024-04-26,2024-04-27,False,,73.19,,588.37,,418
18215,21081,49,83,,,,,,,,9,,2:45.16,,,,,273,True,Distance,56,495,303.5,F,False,3,2024-04-26,2024-04-27,False,,49.33,,308.04,,415
18216,21082,49,77,,,,,,,,9,,2:48.50,,,,,273,True,Distance,36,456,264.0,F,False,3,2024-04-26,2024-04-27,False,,48.21,,284.18,,389
18217,21083,49,2257,,,,,,,,11,,5:35.81,,,,,273,True,Distance,98,558,377.0,F,False,3,2024-04-26,2024-04-27,False,,47.99,,354.86,,443
18218,21084,49,77,,,,,,,,11,,5:37.33,,,,,273,True,Distance,92,550,367.0,F,False,3,2024-04-26,2024-04-27,False,,47.75,,349.56,,437
18219,21085,49,83,,,,,,,,11,,5:45.70,,,,,273,True,Distance,62,505,314.5,F,False,3,2024-04-26,2024-04-27,False,,46.45,,321.2,,405
18248,21114,19,2297,,,,,,,,11,,4:59.05,,,,,274,True,Distance,300,777,688.5,F,False,3,2024-04-26,2024-04-27,False,,54.65,,499.48,,603
18249,21116,19,5760,,,,,,,,17,,17:22.96,,,,,274,True,Distance,437,902,888.0,F,False,3,2024-04-26,2024-04-27,False,,58.65,,615.35,,706
18271,21137,116,294,,,,,,,,9,,2:35.24,,,,,275,True,Distance,141,617,449.5,F,False,3,2024-04-27,2024-04-27,False,,52.98,,384.94,,501
18272,21138,116,285,,,,,,,,11,,5:08.69,,,,,275,True,Distance,236,716,594.0,F,False,3,2024-04-27,2024-04-27,False,,52.74,,458.22,,557
18275,21141,141,1018,,,,,,,,11,,5:07.33,,,,,276,True,Distance,245,725,607.5,F,False,3,2024-04-27,2024-04-27,False,,53.0,,463.89,,563
18276,21142,141,5764,,,,,,,,11,,6:14.12,,,,,276,True,Distance,4,368,188.0,F,False,3,2024-04-27,2024-04-27,False,,42.52,,234.38,,309
18277,21144,96,4655,,,,,,,,9,,2:39.70,,,,,277,True,Distance,98,560,378.0,F,False,3,2024-04-27,2024-04-27,False,,51.28,,349.18,,461
18278,21145,96,360,,,,,,,,9,,2:41.29,,,,,277,True,Distance,84,541,354.5,F,False,3,2024-04-27,2024-04-27,False,,50.7,,336.92,,447
18279,21146,96,4655,,,,,,,,11,,5:19.91,,,,,277,True,Distance,172,649,496.5,F,False,3,2024-04-27,2024-04-27,False,,50.67,,413.34,,507
18280,21147,96,360,,,,,,,,11,,5:34.39,,,,,277,True,Distance,104,566,387.0,F,False,3,2024-04-27,2024-04-27,False,,48.22,,359.86,,448
18281,21148,96,357,,,,,,,,17,,20:20.24,,,,,277,True,Distance,134,625,446.5,F,False,3,2024-04-27,2024-04-27,False,,48.84,,416.92,,488
18282,21149,96,358,,,,,,,,17,,20:35.93,,,,,277,True,Distance,115,603,416.5,F,False,3,2024-04-27,2024-04-27,False,,48.12,,402.1,,472
18283,21150,96,4656,,,,,,,,17,,22:22.45,,,,,277,True,Distance,26,463,257.5,F,False,3,2024-04-27,2024-04-27,False,,43.67,,310.65,,371
18304,21171,158,2403,,,,,,,,9,,2:34.37,,,,,278,True,Distance,151,629,465.5,F,False,3,2024-04-27,2024-04-27,False,,53.32,,392.16,,509
18305,21172,158,2402,,,,,,,,9,,3:09.17,,,,,278,True,Distance,0,254,127.0,F,False,3,2024-04-27,2024-04-27,False,,42.24,,155.29,,245
18306,21173,158,4665,,,,,,,,11,,5:38.35,,,,,278,True,Distance,88,544,360.0,F,False,3,2024-04-27,2024-04-27,False,,47.58,,346.03,,433
18307,21174,158,2408,,,,,,,,11,,5:47.01,,,,,278,True,Distance,58,499,307.5,F,False,3,2024-04-27,2024-04-27,False,,46.26,,316.89,,401
18308,21175,158,2400,,,,,,,,11,,5:48.26,,,,,278,True,Distance,54,492,300.0,F,False,3,2024-04-27,2024-04-27,False,,46.07,,312.8,,396
18310,21177,158,2402,,,,,,,,20,,14:07.90,,,,,278,True,Distance,0,321,160.5,F,False,3,2024-04-27,2024-04-27,False,,39.67,,209.24,,464
18311,21178,158,3660,,4270.0,,4265.0,,3659.0,,21,,53.40,,,,,278,True,Relays,319,774,706.0,F,False,3,2024-04-27,2024-04-27,False,,79.35,,699.91,,525
18312,21179,158,3664,,3653.0,,3652.0,,2403.0,,21,,57.88,,,,,278,True,Relays,166,626,479.0,F,False,3,2024-04-27,2024-04-27,False,,71.93,,565.32,,396
18320,21187,159,4285,,,,,,,,9,,2:34.01,,,,,278,True,Distance,155,633,471.5,F,False,3,2024-04-27,2024-04-27,False,,53.46,,395.17,,512
18321,21188,159,648,,,,,,,,9,,2:37.10,,,,,278,True,Distance,122,593,418.5,F,False,3,2024-04-27,2024-04-27,False,,52.25,,369.78,,484
18322,21189,159,646,,,,,,,,9,,3:06.49,,,,,278,True,Distance,0,277,138.5,F,False,3,2024-04-27,2024-04-27,False,,42.93,,170.39,,262
18323,21190,159,646,,,,,,,,11,,6:01.29,,,,,278,True,Distance,22,427,235.5,F,False,3,2024-04-27,2024-04-27,False,,44.21,,271.88,,351
18324,21191,159,5766,,,,,,,,17,,23:56.32,,,,,278,True,Distance,0,355,177.5,F,False,3,2024-04-27,2024-04-27,False,,40.33,,241.3,,295
18325,21192,159,619,,,,,,,,18,,43:29.57,,,,,278,True,Distance,153,611,458.5,F,False,3,2024-04-27,2024-04-27,False,,47.1,,400.9,,494
18326,21193,159,591,,,,,,,,18,,44:00.06,,,,,278,True,Distance,136,592,432.0,F,False,3,2024-04-27,2024-04-27,False,,46.47,,387.87,,480
18327,21194,159,4669,,,,,,,,20,,15:07.20,,,,,278,True,Distance,0,222,111.0,F,False,3,2024-04-27,2024-04-27,False,,36.67,,145.09,,398
18328,21195,159,643,,,,,,,,20,,15:35.30,,,,,278,True,Distance,0,181,90.5,F,False,3,2024-04-27,2024-04-27,False,,35.39,,117.53,,369
18329,21196,159,5766,,,,,,,,20,,15:56.50,,,,,278,True,Distance,0,153,76.5,F,False,3,2024-04-27,2024-04-27,False,,34.48,,97.81,,348
18330,21197,159,5682,,,,,,,,20,,16:23.40,,,,,278,True,Distance,0,121,60.5,F,False,3,2024-04-27,2024-04-27,False,,33.37,,74.01,,323
18331,21198,159,5682,,648.0,,5767.0,,4285.0,,24,,4:37.00,1:02.95,1:11.27,1:15.94,,278,True,Relays,164,643,485.5,F,False,3,2024-04-27,2024-04-27,False,,64.53,,714.88,,474
18375,21206,146,3654,,,,,,,,9,,3:09.23,,,,,278,True,Distance,0,253,126.5,F,False,3,2024-04-27,2024-04-27,False,,42.22,,154.96,,245
18451,21319,61,4025,,,,,,,,11,,4:30.11,,,,,280,True,Distance,536,975,1023.5,F,False,3,2024-05-03,2024-05-03,False,,61.29,,641.04,,760
18452,21320,61,2241,,,,,,,,11,,4:54.06,,,,,280,True,Distance,336,810,741.0,F,False,3,2024-05-03,2024-05-03,False,,55.69,,521.9,,628
18521,21389,59,3895,,,,,,,,11,,5:36.86,,,,,285,True,Distance,94,552,370.0,F,False,3,2024-05-03,2024-05-03,False,,47.82,,351.19,,439
18522,21390,59,5636,,,,,,,,17,,18:11.05,,,,,285,True,Distance,338,822,749.0,F,False,3,2024-05-03,2024-05-03,False,,55.66,,555.15,,640
18523,21391,59,2773,,,,,,,,17,,20:53.04,,,,,285,True,Distance,97,579,386.5,F,False,3,2024-05-03,2024-05-03,False,,47.35,,386.37,,454
18525,21393,59,3895,,,,,,,,20,,12:56.39,,,,,285,True,Distance,33,464,265.0,F,False,3,2024-05-03,2024-05-03,False,,43.9,,299.64,,559
18526,21394,59,3894,,3893.0,,3889.0,,3888.0,,21,,51.97,,,,,285,True,Relays,379,824,791.0,F,False,3,2024-05-03,2024-05-03,False,,82.04,,747.76,,571
18527,21395,59,3888,,3891.0,,3893.0,,2773.0,,24,,4:19.43,,,,,285,True,Relays,280,759,659.5,F,False,3,2024-05-03,2024-05-03,False,,69.51,,818.53,,563
18589,21458,4,2934,,,,,,,,9,,2:28.89,,,,,288,True,Distance,216,703,567.5,F,False,3,2024-05-09,2024-05-11,False,,55.59,,439.55,,561
18590,21459,4,2937,,,,,,,,17,,19:50.24,,,,,288,True,Distance,173,668,507.0,F,False,3,2024-05-09,2024-05-11,False,,50.28,,446.35,,520
18591,21460,4,2934,,,,,,,,11,,5:19.10,,,,,288,True,Distance,176,653,502.5,F,False,3,2024-05-09,2024-05-11,False,,50.81,,416.47,,511
18592,21461,4,4631,,,,,,,,11,,5:12.33,,,,,288,True,Distance,214,694,561.0,F,False,3,2024-05-09,2024-05-11,False,,52.05,,443.31,,541
18613,21483,49,2257,,,,,,,,9,,2:45.62,,,,,290,True,Distance,53,489,297.5,F,False,3,2024-05-10,2024-05-11,False,,49.18,,304.7,,411
18614,21484,49,2257,,,,,,,,11,,5:41.95,,,,,290,True,Distance,75,525,337.5,F,False,3,2024-05-10,2024-05-11,False,,47.02,,333.73,,419
18615,21485,49,2257,,,,,,,,20,,13:25.33,,,,,290,True,Distance,9,403,210.5,F,False,3,2024-05-10,2024-05-11,False,,42.09,,261.13,,518
18616,21486,49,2246,,,,,,,,20,,14:30.72,,,,,290,True,Distance,0,280,140.0,F,False,3,2024-05-10,2024-05-11,False,,38.47,,183.52,,438
18636,21506,19,5760,,,,,,,,17,,17:07.24,,,,,291,True,Distance,473,929,937.5,F,False,3,2024-05-11,2024-05-11,False,,59.7,,636.26,,729
18637,21508,19,2297,,,,,,,,11,,4:49.00,,,,,291,True,Distance,374,844,796.0,F,False,3,2024-05-11,2024-05-11,False,,56.79,,545.43,,654
18667,21538,61,2241,,,,,,,,17,,18:43.41,,,,,292,True,Distance,278,770,663.0,F,False,3,2024-05-12,2024-05-12,False,,53.79,,517.54,,599
18668,21539,61,2774,,,,,,,,17,,20:27.50,,,,,292,True,Distance,125,615,432.5,F,False,3,2024-05-12,2024-05-12,False,,48.5,,410.02,,480
18671,21542,61,4804,,,,,,,,9,,2:54.41,,,,,292,True,Distance,11,393,207.5,F,False,3,2024-05-12,2024-05-12,False,,46.35,,244.21,,344
18675,21546,61,1621,,,,,,,,11,,6:34.80,,,,,292,True,Distance,0,282,141.0,F,False,3,2024-05-12,2024-05-12,False,,40.03,,179.06,,248
27339,20218,69,5264,,,,,,,,11,,5:48.73,,,,,259,True,Distance,53,490,298.0,F,False,3,2024-04-20,2024-04-20,False,,46.0,,311.27,,394
33611,14574,19,23523,,,,,,,,17,,17:51.83,,,,,179,True,Distance,376,854,803.0,F,False,3,2024-03-09,2024-03-09,False,,56.82,,578.57,,666
33612,21115,19,23523,,,,,,,,17,,17:21.66,,,,,274,True,Distance,440,905,892.5,F,False,3,2024-04-26,2024-04-27,False,,58.74,,617.06,,708
33613,21507,19,23523,,,,,,,,11,,4:38.10,,,,,291,True,Distance,464,919,923.5,F,False,3,2024-05-11,2024-05-11,False,,59.31,,599.01,,713
38013,17183,167,5204,,,,,,,,11,,5:59.63,,,,,227,True,Distance,26,435,243.5,F,False,3,2024-04-06,2024-04-07,True,,44.44,,276.93,,356
38014,19565,167,5204,,,,,,,,11,,5:55.53,,,,,253,True,Distance,35,455,262.5,F,False,3,2024-04-19,2024-04-20,False,,45.02,,289.6,,370
38015,17384,167,582,,617.0,,5204.0,,652.0,,24,,5:05.48,,,,,227,True,Relays,41,475,278.5,F,False,3,2024-04-06,2024-04-07,True,,57.79,,572.2,,353
43421,20233,138,5691,,,,,,,,11,,7:07.17,,,,,259,True,Distance,0,170,85.0,F,False,3,2024-04-20,2024-04-20,False,,36.64,,103.23,,164
62855,17341,17,4174,,4177.0,,3247.0,,4162.0,,21,,53.48,,,,,227,True,Relays,316,771,701.5,F,False,3,2024-04-06,2024-04-07,True,,79.21,,697.31,,522
62917,19797,112,407,,,,,,,,20,,14:21.95,,,,,255,True,Distance,0,295,147.5,F,False,3,2024-04-20,2024-04-20,False,,38.92,,193.25,,448
63197,20832,61,4019,Fr,4017.0,So,4018.0,,4016.0,Fr,21,,50.64,,,,,270,True,Relays,439,873,875.5,F,False,3,2024-04-25,2024-04-25,False,,84.7,,794.69,,616
63216,20732,96,4655,,,,,,,,11,,5:21.22,,,,,262,True,Distance,165,641,485.5,F,False,3,2024-04-21,2024-04-21,False,,50.44,,408.3,,502
63234,15160,86,1448,,,,,,,,17,,19:03.62,,,,,189,True,Distance,244,739,613.5,F,False,3,2024-03-16,2024-03-16,False,,52.69,,495.14,,574
63243,18901,86,1456,,,,,,,,20,,14:16.56,,,,,232,True,Distance,0,305,152.5,F,False,3,2024-04-12,2024-04-13,False,,39.2,,199.32,,454
63285,21143,96,1454,,,,,,,,9,,2:39.18,,,,,277,True,Distance,103,567,386.5,F,False,3,2024-04-27,2024-04-27,False,,51.47,,353.25,,465
63332,20869,167,5212,,5211.0,,5209.0,,5197.0,,24,,6:06.67,,,,,271,True,Relays,0,200,100.0,F,False,3,2024-04-26,2024-04-27,False,,47.09,,340.62,,155
63335,20546,196,825,,,,,,,,20,,12:17.71,,,,,261,True,Distance,87,553,363.5,F,False,3,2024-04-21,2024-04-21,False,,46.54,,355.84,,617
63354,16157,164,3098,,709.0,,675.0,,618.0,,24,,5:16.91,,,,,214,True,Relays,14,415,221.5,F,False,3,2024-03-30,2024-03-30,False,,55.45,,522.15,,310
63369,17371,124,3826,,3825.0,,3816.0,,4829.0,,24,,4:37.49,,,,,227,True,Relays,161,640,481.0,F,False,3,2024-04-06,2024-04-07,True,,64.4,,712.18,,472
63383,20270,159,5681,,4268.0,,4246.0,,648.0,,31,,2:38.22,,,,,259,True,Relays,0,0,0.0,F,False,3,2024-04-20,2024-04-20,False,,,,,,
63406,17207,196,859,,,,,,,,11,,7:11.27,,,,,227,True,Distance,0,158,79.0,F,False,3,2024-04-06,2024-04-07,True,,36.25,,94.43,,154
63449,16499,146,1020,,,,,,,,11,,4:58.72,,,,,218,True,Distance,302,780,692.0,F,False,3,2024-03-30,2024-03-30,False,,54.72,,500.94,,604
