,result_id,team_id,athlete_id,grade,athlete_id_2,grade_2,athlete_id_3,grade_3,athlete_id_4,grade_4,running_event_id,event_type,result_time,relay_split,relay_split_2,relay_split_3,wind,meet_id,approved,Track_Event_Type,World_Athletics_Points_Men,World_Athletics_Points_Women,Average_Score,gender,is_hidden,sport_id,start_date,end_date,nationals,VDOT_Men,VDOT_Women,Purdy_Points_Men,Purdy_Points_Women,Mercier_Points_Men,Mercier_Points_Women
31231,99686,60,3386,,,,,,,,17,,15:13.31,,,,,1162,True,Distance,770,1137,1338.5,M,False,3,2025-03-21,2025-03-22,False,68.42,,809.24,,643,
31232,99687,60,19364,,,,,,,,17,,16:07.08,,,,,1162,True,Distance,621,1037,1139.5,M,False,3,2025-03-21,2025-03-22,False,64.03,,722.52,,539,
31233,99688,60,18919,,,,,,,,17,,17:33.68,,,,,1162,True,Distance,414,884,856.0,M,False,3,2025-03-21,2025-03-22,False,57.96,,601.46,,393,
31322,99698,32,19575,,,,,,,,13,,4:44.10,,,,,1163,True,Distance,601,1019,1110.5,M,False,3,2025-03-21,2025-03-22,False,63.17,,686.64,,515,
31323,99700,32,19575,,,,,,,,17,,15:57.45,,,,,1163,True,Distance,646,1054,1173.0,M,False,3,2025-03-21,2025-03-22,False,64.78,,737.34,,556,
31324,99702,32,19581,,,,,,,,17,,17:29.42,,,,,1163,True,Distance,423,891,868.5,M,False,3,2025-03-21,2025-03-22,False,58.23,,606.95,,399,
31393,99699,32,18769,,,,,,,,17,,15:45.47,,,,,1163,True,Distance,679,1076,1217.0,M,False,3,2025-03-21,2025-03-22,False,65.73,,756.19,,579,
31394,99701,32,25346,,,,,,,,17,,16:28.72,,,,,1163,True,Distance,565,997,1063.5,M,False,3,2025-03-21,2025-03-22,False,62.41,,690.28,,500,
31397,101459,116,7975,,,,,,,,18,,34:29.76,,,,,1218,True,Distance,611,1011,1116.5,M,False,3,2025-03-28,2025-03-29,False,61.77,,695.0,,520,
31398,101460,116,7977,,,,,,,,18,,34:32.45,,,,,1218,True,Distance,608,1008,1112.0,M,False,3,2025-03-28,2025-03-29,False,61.68,,693.15,,518,
31409,101458,116,3325,,,,,,,,18,,33:50.55,,,,,1218,True,Distance,656,1044,1178.0,M,False,3,2025-03-28,2025-03-29,False,63.18,,722.45,,553,
31789,96875,79,5825,,,,,,,,11,Open,4:13.50,,,,,1092,True,Distance,702,1099,1251.5,M,False,3,2025-03-07,2025-03-08,False,65.86,,736.88,,583,
31793,96879,79,508,,,,,,,,17,,15:48.76,,,,,1092,True,Distance,670,1070,1205.0,M,False,3,2025-03-07,2025-03-08,False,65.47,,750.96,,573,
31794,96880,79,523,,,,,,,,17,,16:38.59,,,,,1092,True,Distance,541,980,1031.0,M,False,3,2025-03-07,2025-03-08,False,61.69,,676.04,,483,
31795,96881,79,509,,,,,,,,17,,17:12.04,,,,,1092,True,Distance,462,921,922.5,M,False,3,2025-03-07,2025-03-08,False,59.38,,629.81,,427,
31796,96882,79,25849,,,,,,,,17,,26:14.83,,,,,1092,True,Distance,0,222,111.0,M,False,3,2025-03-07,2025-03-08,False,36.16,,154.07,,0,
31797,96883,79,20429,,,,,,,,18,,34:05.13,,,,,1092,True,Distance,639,1031,1154.5,M,False,3,2025-03-07,2025-03-08,False,62.65,,712.12,,541,
31798,96884,79,2575,,,,,,,,18,,36:46.52,,,,,1092,True,Distance,466,900,916.0,M,False,3,2025-03-07,2025-03-08,False,57.31,,606.88,,416,
31805,96891,79,25852,,,,,,,,11,Invitational,4:11.26,,,,,1092,True,Distance,727,1117,1285.5,M,False,3,2025-03-07,2025-03-08,False,66.53,,750.77,,600,
31806,96892,79,5825,,,,,,,,11,Invitational,4:17.89,,,,,1092,True,Distance,656,1066,1189.0,M,False,3,2025-03-07,2025-03-08,False,64.59,,710.35,,551,
31807,96893,79,25853,,,,,,,,11,Invitational,4:27.55,,,,,1092,True,Distance,560,994,1057.0,M,False,3,2025-03-07,2025-03-08,False,61.96,,655.03,,483,
31808,96894,79,7950,,,,,,,,11,Invitational,4:32.83,,,,,1092,True,Distance,511,956,989.0,M,False,3,2025-03-07,2025-03-08,False,60.6,,626.45,,449,
31809,96895,79,25854,,,,,,,,11,Invitational,4:34.09,,,,,1092,True,Distance,500,947,973.5,M,False,3,2025-03-07,2025-03-08,False,60.29,,619.8,,440,
31810,96896,79,25855,,,,,,,,11,Invitational,4:51.54,,,,,1092,True,Distance,355,827,768.5,M,False,3,2025-03-07,2025-03-08,False,56.24,,533.52,,335,
31811,96897,79,4585,,,,,,,,11,Invitational,5:41.61,,,,,1092,True,Distance,76,527,339.5,M,False,3,2025-03-07,2025-03-08,False,47.08,,334.88,,93,
31821,96907,79,25856,,,,,,,,9,,2:02.29,,,,,1092,True,Distance,705,1121,1265.5,M,False,3,2025-03-07,2025-03-08,False,69.94,,729.92,,606,
31822,96908,79,25853,,,,,,,,9,,2:08.01,,,,,1092,True,Distance,576,1023,1087.5,M,False,3,2025-03-07,2025-03-08,False,66.28,,657.29,,517,
31823,96909,79,7954,,,,,,,,9,,2:08.43,,,,,1092,True,Distance,567,1016,1075.0,M,False,3,2025-03-07,2025-03-08,False,66.03,,652.22,,511,
31824,96910,79,25854,,,,,,,,9,,2:18.70,,,,,1092,True,Distance,371,852,797.0,M,False,3,2025-03-07,2025-03-08,False,60.36,,537.62,,371,
31825,96911,79,7950,,,,,,,,9,,2:23.98,,,,,1092,True,Distance,286,773,672.5,M,False,3,2025-03-07,2025-03-08,False,57.79,,485.07,,307,
31826,96912,79,25849,,,,,,,,9,,3:09.84,,,,,1092,True,Distance,0,248,124.0,M,False,3,2025-03-07,2025-03-08,False,42.07,,151.59,,0,
31835,96876,79,4581,,,,,,,,11,Open,4:43.30,,,,,1092,True,Distance,420,882,861.0,M,False,3,2025-03-07,2025-03-08,False,58.08,,572.93,,383,
31836,96877,79,7953,,,,,,,,11,Open,4:45.22,,,,,1092,True,Distance,404,869,838.5,M,False,3,2025-03-07,2025-03-08,False,57.64,,563.55,,372,
32098,96920,142,18982,,,,,,,,17,,16:37.41,,,,,1093,True,Distance,544,982,1035.0,M,False,3,2025-03-08,2025-03-08,False,61.78,,677.73,,485,
32099,96921,139,7694,,,,,,,,17,,16:41.13,,,,,1093,True,Distance,535,975,1022.5,M,False,3,2025-03-08,2025-03-08,False,61.51,,672.42,,478,
32100,96923,139,2731,,,,,,,,17,,17:17.32,,,,,1093,True,Distance,450,912,906.0,M,False,3,2025-03-08,2025-03-08,False,59.02,,622.78,,418,
32101,96924,139,1557,,,,,,,,17,,17:22.89,,,,,1093,True,Distance,438,902,889.0,M,False,3,2025-03-08,2025-03-08,False,58.66,,615.45,,409,
32102,96925,139,7697,,,,,,,,17,,17:50.63,,,,,1093,True,Distance,378,856,806.0,M,False,3,2025-03-08,2025-03-08,False,56.89,,580.06,,367,
32103,96926,139,20452,,,,,,,,17,,17:50.73,,,,,1093,True,Distance,378,855,805.5,M,False,3,2025-03-08,2025-03-08,False,56.89,,579.93,,367,
32104,96927,157,25861,,,,,,,,17,,18:39.08,,,,,1093,True,Distance,286,777,674.5,M,False,3,2025-03-08,2025-03-08,False,54.04,,522.45,,297,
32105,96928,139,1584,,,,,,,,17,,18:41.55,,,,,1093,True,Distance,281,773,667.5,M,False,3,2025-03-08,2025-03-08,False,53.9,,519.65,,294,
32106,96929,139,7696,,,,,,,,17,,19:00.81,,,,,1093,True,Distance,248,743,619.5,M,False,3,2025-03-08,2025-03-08,False,52.84,,498.2,,268,
32107,96930,139,1589,,,,,,,,17,,19:44.16,,,,,1093,True,Distance,181,677,519.5,M,False,3,2025-03-08,2025-03-08,False,50.59,,452.49,,213,
32108,96931,142,756,,,,,,,,17,,20:23.50,,,,,1093,True,Distance,130,620,440.0,M,False,3,2025-03-08,2025-03-08,False,48.69,,413.81,,166,
32109,96932,139,1615,,,,,,,,17,,24:56.21,,,,,1093,True,Distance,0,294,147.0,M,False,3,2025-03-08,2025-03-08,False,38.42,,201.6,,0,
32116,96939,139,24317,,,,,,,,30,,13:05.97,,,,,1093,True,Relays,0,0,0.0,M,False,3,2025-03-08,2025-03-08,False,,,,,,
32144,96968,139,7693,,,,,,,,12,,4:45.04,,,,,1093,True,Distance,0,0,0.0,M,False,3,2025-03-08,2025-03-08,False,,,,,,
32145,96969,88,529,,,,,,,,12,,4:58.24,,,,,1093,True,Distance,0,0,0.0,M,False,3,2025-03-08,2025-03-08,False,,,,,,
32146,96970,166,19390,,,,,,,,12,,5:11.02,,,,,1093,True,Distance,0,0,0.0,M,False,3,2025-03-08,2025-03-08,False,,,,,,
32147,96971,139,11497,,,,,,,,12,,5:22.78,,,,,1093,True,Distance,0,0,0.0,M,False,3,2025-03-08,2025-03-08,False,,,,,,
32148,96973,69,7962,,,,,,,,12,,5:38.18,,,,,1093,True,Distance,0,0,0.0,M,False,3,2025-03-08,2025-03-08,False,,,,,,
32149,96974,142,756,,,,,,,,12,,5:56.40,,,,,1093,True,Distance,0,0,0.0,M,False,3,2025-03-08,2025-03-08,False,,,,,,
32150,96975,69,2565,,,,,,,,12,,6:03.13,,,,,1093,True,Distance,0,0,0.0,M,False,3,2025-03-08,2025-03-08,False,,,,,,
32151,96976,157,25869,,,,,,,,12,,6:09.67,,,,,1093,True,Distance,0,0,0.0,M,False,3,2025-03-08,2025-03-08,False,,,,,,
32152,96977,139,25864,,,,,,,,12,,6:19.13,,,,,1093,True,Distance,0,0,0.0,M,False,3,2025-03-08,2025-03-08,False,,,,,,
32153,96978,139,11520,,,,,,,,12,,6:40.72,,,,,1093,True,Distance,0,0,0.0,M,False,3,2025-03-08,2025-03-08,False,,,,,,
32174,96999,166,4728,,,,,,,,9,,2:15.67,,,,,1093,True,Distance,424,899,873.5,M,False,3,2025-03-08,2025-03-08,False,61.93,,569.63,,410,
32175,97001,139,1589,,,,,,,,9,,2:25.27,,,,,1093,True,Distance,266,754,643.0,M,False,3,2025-03-08,2025-03-08,False,57.2,,472.81,,292,
32176,97003,69,2565,,,,,,,,9,,2:27.56,,,,,1093,True,Distance,234,721,594.5,M,False,3,2025-03-08,2025-03-08,False,56.17,,451.58,,266,
32177,97005,69,7962,,,,,,,,9,,2:39.07,,,,,1093,True,Distance,104,568,388.0,M,False,3,2025-03-08,2025-03-08,False,51.51,,354.11,,147,
32178,97006,139,1608,,,,,,,,9,,2:48.11,,,,,1093,True,Distance,38,461,268.5,M,False,3,2025-03-08,2025-03-08,False,48.34,,286.92,,66,
32179,97007,139,2751,,,,,,,,9,,2:54.26,,,,,1093,True,Distance,11,394,208.0,M,False,3,2025-03-08,2025-03-08,False,46.39,,245.19,,15,
32180,97008,157,25869,,,,,,,,9,,2:57.21,,,,,1093,True,Distance,4,364,186.0,M,False,3,2025-03-08,2025-03-08,False,45.51,,226.21,,0,
32199,96972,142,759,,,,,,,,12,,5:35.25,,,,,1093,True,Distance,0,0,0.0,M,False,3,2025-03-08,2025-03-08,False,,,,,,
32200,96922,139,1583,,,,,,,,17,,16:45.33,,,,,1093,True,Distance,524,968,1008.0,M,False,3,2025-03-08,2025-03-08,False,61.21,,666.48,,471,
32201,97000,139,25492,,,,,,,,9,,2:17.85,,,,,1093,True,Distance,385,865,817.5,M,False,3,2025-03-08,2025-03-08,False,60.79,,546.46,,382,
32202,97004,139,6824,,,,,,,,9,,2:34.62,,,,,1093,True,Distance,148,625,460.5,M,False,3,2025-03-08,2025-03-08,False,53.22,,390.08,,191,
32203,97045,32,19575,,,,,,,,11,,4:15.33,,,,,1094,True,Distance,683,1085,1225.5,M,False,3,2025-03-07,2025-03-08,False,65.33,,725.71,,570,
32204,97046,32,19575,,,,,,,,14,,9:09.54,,,,,1094,True,Distance,687,1074,1224.0,M,False,3,2025-03-07,2025-03-08,False,64.99,,742.11,,566,
32411,97060,4,25881,,,,,,,,9,,1:52.44,,,,,1095,True,Distance,957,1301,1607.5,M,False,3,2025-03-08,2025-03-08,False,77.24,,872.3,,779,
32412,97061,4,2959,,,,,,,,9,,1:54.25,,,,,1095,True,Distance,908,1267,1541.5,M,False,3,2025-03-08,2025-03-08,False,75.79,,844.3,,745,
32413,97062,4,5788,,,,,,,,9,,1:55.55,,,,,1095,True,Distance,874,1243,1495.5,M,False,3,2025-03-08,2025-03-08,False,74.78,,824.72,,721,
32414,97063,4,22530,,,,,,,,9,,1:55.81,,,,,1095,True,Distance,867,1238,1486.0,M,False,3,2025-03-08,2025-03-08,False,74.58,,820.86,,716,
32415,97064,4,5173,,,,,,,,9,,1:55.99,,,,,1095,True,Distance,862,1235,1479.5,M,False,3,2025-03-08,2025-03-08,False,74.45,,818.2,,713,
32416,97065,4,25191,,,,,,,,9,,1:59.31,,,,,1095,True,Distance,777,1174,1364.0,M,False,3,2025-03-08,2025-03-08,False,72.0,,770.52,,655,
32417,97066,4,20492,,,,,,,,9,,2:02.46,,,,,1095,True,Distance,701,1118,1260.0,M,False,3,2025-03-08,2025-03-08,False,69.82,,727.66,,603,
32418,97067,4,25190,,,,,,,,9,,2:11.45,,,,,1095,True,Distance,505,966,988.0,M,False,3,2025-03-08,2025-03-08,False,64.26,,616.66,,467,
32419,97068,4,18781,,,,,,,,11,,4:03.72,,,,,1095,True,Distance,811,1176,1399.0,M,False,3,2025-03-08,2025-03-08,False,68.88,,799.42,,660,
32420,97069,4,22531,,,,,,,,11,,4:09.12,,,,,1095,True,Distance,750,1133,1316.5,M,False,3,2025-03-08,2025-03-08,False,67.18,,764.28,,617,
32421,97070,4,90,,,,,,,,11,,4:10.13,,,,,1095,True,Distance,739,1125,1301.5,M,False,3,2025-03-08,2025-03-08,False,66.87,,757.88,,609,
32422,97071,4,18780,,,,,,,,11,,4:11.35,,,,,1095,True,Distance,726,1116,1284.0,M,False,3,2025-03-08,2025-03-08,False,66.51,,750.21,,600,
32423,97072,4,2952,,,,,,,,11,,4:15.86,,,,,1095,True,Distance,677,1081,1217.5,M,False,3,2025-03-08,2025-03-08,False,65.18,,722.5,,566,
32424,97073,4,2965,,,,,,,,11,,4:16.25,,,,,1095,True,Distance,673,1078,1212.0,M,False,3,2025-03-08,2025-03-08,False,65.06,,720.15,,563,
32425,97074,4,20490,,,,,,,,11,,4:23.19,,,,,1095,True,Distance,603,1026,1116.0,M,False,3,2025-03-08,2025-03-08,False,63.12,,679.5,,513,
32426,97075,4,20493,,,,,,,,11,,4:29.01,,,,,1095,True,Distance,546,983,1037.5,M,False,3,2025-03-08,2025-03-08,False,61.58,,647.02,,474,
32427,97076,4,91,,,,,,,,17,,14:32.01,,,,,1095,True,Distance,896,1218,1505.0,M,False,3,2025-03-08,2025-03-08,False,72.19,,883.11,,732,
32428,97077,4,2946,,,,,,,,17,,14:35.70,,,,,1095,True,Distance,884,1211,1489.5,M,False,3,2025-03-08,2025-03-08,False,71.84,,876.23,,724,
32429,97078,4,22529,,,,,,,,17,,15:01.47,,,,,1095,True,Distance,805,1160,1385.0,M,False,3,2025-03-08,2025-03-08,False,69.47,,829.73,,668,
32430,97079,4,95,,,,,,,,17,,15:07.58,,,,,1095,True,Distance,787,1148,1361.0,M,False,3,2025-03-08,2025-03-08,False,68.92,,819.09,,655,
32431,97080,4,7717,,,,,,,,17,,15:18.38,,,,,1095,True,Distance,755,1128,1319.0,M,False,3,2025-03-08,2025-03-08,False,67.99,,800.63,,633,
32432,97081,4,2959,,,,,,,,17,,15:19.42,,,,,1095,True,Distance,752,1126,1315.0,M,False,3,2025-03-08,2025-03-08,False,67.9,,798.88,,631,
32433,97082,4,7719,,,,,,,,17,,15:25.91,,,,,1095,True,Distance,734,1113,1290.5,M,False,3,2025-03-08,2025-03-08,False,67.34,,788.02,,618,
32434,97083,4,2945,,,,,,,,17,,15:27.15,,,,,1095,True,Distance,730,1111,1285.5,M,False,3,2025-03-08,2025-03-08,False,67.24,,785.96,,615,
32435,97084,4,20489,,,,,,,,17,,15:41.47,,,,,1095,True,Distance,690,1084,1232.0,M,False,3,2025-03-08,2025-03-08,False,66.06,,762.59,,587,
32436,97085,4,4634,,,,,,,,17,,15:54.28,,,,,1095,True,Distance,655,1060,1185.0,M,False,3,2025-03-08,2025-03-08,False,65.03,,742.28,,562,
32437,97086,4,106,,,,,,,,17,,16:20.23,,,,,1095,True,Distance,587,1013,1093.5,M,False,3,2025-03-08,2025-03-08,False,63.04,,702.76,,515,
32438,97087,4,2970,,,,,,,,17,,16:28.37,,,,,1095,True,Distance,566,998,1065.0,M,False,3,2025-03-08,2025-03-08,False,62.43,,690.79,,500,
32439,97088,4,2952,,,,,,,,17,,16:30.53,,,,,1095,True,Distance,561,994,1058.0,M,False,3,2025-03-08,2025-03-08,False,62.28,,687.65,,497,
32440,97089,4,99,,,,,,,,17,,16:34.61,,,,,1095,True,Distance,551,987,1044.5,M,False,3,2025-03-08,2025-03-08,False,61.98,,681.75,,489,
32441,97090,4,4637,,,,,,,,17,,17:23.63,,,,,1095,True,Distance,436,901,886.5,M,False,3,2025-03-08,2025-03-08,False,58.61,,614.48,,408,
32449,97091,4,22528,,,,,,,,20,,10:24.75,,,,,1095,True,Distance,385,857,813.5,M,False,3,2025-03-08,2025-03-08,False,56.22,,559.81,,544,
32450,97092,4,7720,,,,,,,,20,,10:32.95,,,,,1095,True,Distance,356,832,772.0,M,False,3,2025-03-08,2025-03-08,False,55.39,,542.55,,525,
32818,118217,162,19498,,1266.0,,29555.0,,1704.0,,24,,4:04.19,,,,,1141,True,Relays,407,868,841.0,M,False,3,2025-03-21,2025-03-22,False,74.49,,920.51,,347,
34103,97813,11,4056,,,,,,,,9,,1:56.44,,,,,1101,True,Distance,850,1227,1463.5,M,False,3,2025-03-08,2025-03-08,False,74.11,,811.58,,705,
34104,97814,11,22517,,,,,,,,9,,1:57.51,,,,,1101,True,Distance,823,1207,1426.5,M,False,3,2025-03-08,2025-03-08,False,73.31,,796.03,,686,
34105,97815,11,2950,,,,,,,,9,,2:03.05,,,,,1101,True,Distance,687,1108,1241.0,M,False,3,2025-03-08,2025-03-08,False,69.43,,719.88,,593,
34106,97816,11,2967,,,,,,,,9,,2:04.30,,,,,1101,True,Distance,658,1086,1201.0,M,False,3,2025-03-08,2025-03-08,False,68.61,,703.64,,573,
34107,97817,11,2953,,,,,,,,9,,2:05.50,,,,,1101,True,Distance,631,1066,1164.0,M,False,3,2025-03-08,2025-03-08,False,67.84,,688.35,,555,
34218,97741,158,2896,,,,,,,,9,,1:56.91,,,,,1098,True,Distance,838,1218,1447.0,M,False,3,2025-03-08,2025-03-08,False,73.75,,804.71,,697,
34258,97742,158,2899,,,,,,,,9,,2:11.27,,,,,1098,True,Distance,509,969,993.5,M,False,3,2025-03-08,2025-03-08,False,64.36,,618.73,,470,
34259,97743,158,2467,,,,,,,,9,,2:12.92,,,,,1098,True,Distance,476,942,947.0,M,False,3,2025-03-08,2025-03-08,False,63.43,,599.94,,447,
34260,97744,158,2456,,,,,,,,9,,2:16.33,,,,,1098,True,Distance,412,888,856.0,M,False,3,2025-03-08,2025-03-08,False,61.58,,562.53,,401,
34261,97745,158,24594,,,,,,,,9,,2:16.88,,,,,1098,True,Distance,402,880,842.0,M,False,3,2025-03-08,2025-03-08,False,61.29,,556.68,,394,
34262,97746,158,21482,,,,,,,,9,,2:20.79,,,,,1098,True,Distance,336,820,746.0,M,False,3,2025-03-08,2025-03-08,False,59.32,,516.35,,345,
34263,97747,158,2469,,,,,,,,9,,2:30.05,,,,,1098,True,Distance,201,687,544.5,M,False,3,2025-03-08,2025-03-08,False,55.1,,429.23,,239,
34264,97748,158,2900,,,,,,,,9,,2:32.82,,,,,1098,True,Distance,168,649,492.5,M,False,3,2025-03-08,2025-03-08,False,53.95,,405.22,,210,
34265,97749,158,2437,,,,,,,,11,,4:23.86,,,,,1098,True,Distance,596,1021,1106.5,M,False,3,2025-03-08,2025-03-08,False,62.94,,675.68,,509,
34266,97750,158,2456,,,,,,,,11,,4:41.01,,,,,1098,True,Distance,439,898,888.0,M,False,3,2025-03-08,2025-03-08,False,58.62,,584.3,,397,
34267,97751,158,18042,,,,,,,,11,,4:41.12,,,,,1098,True,Distance,438,897,886.5,M,False,3,2025-03-08,2025-03-08,False,58.59,,583.75,,396,
34268,97752,158,3133,,,,,,,,11,,4:44.42,,,,,1098,True,Distance,411,875,848.5,M,False,3,2025-03-08,2025-03-08,False,57.82,,567.44,,377,
34269,97753,158,2899,,,,,,,,11,,4:47.56,,,,,1098,True,Distance,385,853,811.5,M,False,3,2025-03-08,2025-03-08,False,57.11,,552.27,,358,
34358,97754,158,2467,,,,,,,,11,,4:49.70,,,,,1098,True,Distance,369,839,788.5,M,False,3,2025-03-08,2025-03-08,False,56.64,,542.12,,346,
34359,97755,158,2900,,,,,,,,11,,4:54.14,,,,,1098,True,Distance,335,809,739.5,M,False,3,2025-03-08,2025-03-08,False,55.68,,521.54,,321,
34360,97756,158,24594,,,,,,,,11,,4:55.13,,,,,1098,True,Distance,328,803,729.5,M,False,3,2025-03-08,2025-03-08,False,55.47,,517.03,,315,
34361,97757,158,2470,,,,,,,,11,,4:58.42,,,,,1098,True,Distance,304,781,694.5,M,False,3,2025-03-08,2025-03-08,False,54.78,,502.27,,297,
34362,97758,158,4332,,,,,,,,11,,5:05.95,,,,,1098,True,Distance,254,733,620.5,M,False,3,2025-03-08,2025-03-08,False,53.27,,469.69,,257,
34363,97759,158,2469,,,,,,,,11,,5:08.73,,,,,1098,True,Distance,236,716,594.0,M,False,3,2025-03-08,2025-03-08,False,52.73,,458.06,,243,
34364,97760,158,16141,,,,,,,,11,,5:12.48,,,,,1098,True,Distance,213,693,559.5,M,False,3,2025-03-08,2025-03-08,False,52.02,,442.7,,224,
34365,97761,158,2437,,,,,,,,17,,16:03.31,,,,,1098,True,Distance,631,1043,1152.5,M,False,3,2025-03-08,2025-03-08,False,64.32,,728.29,,546,
34366,97762,158,16124,,,,,,,,17,,16:52.23,,,,,1098,True,Distance,508,956,986.0,M,False,3,2025-03-08,2025-03-08,False,60.73,,656.82,,459,
34367,97763,158,2897,,,,,,,,17,,18:24.91,,,,,1098,True,Distance,311,800,711.0,M,False,3,2025-03-08,2025-03-08,False,54.84,,538.78,,317,
34373,97764,158,18042,,,,,,,,17,,18:25.88,,,,,1098,True,Distance,310,798,709.0,M,False,3,2025-03-08,2025-03-08,False,54.79,,537.64,,316,
34374,97765,158,2470,,,,,,,,17,,18:32.61,,,,,1098,True,Distance,297,787,690.5,M,False,3,2025-03-08,2025-03-08,False,54.4,,529.85,,306,
34375,97766,158,2474,,,,,,,,17,,19:37.21,,,,,1098,True,Distance,191,688,535.0,M,False,3,2025-03-08,2025-03-08,False,50.93,,459.59,,221,
34377,97768,158,2463,,,,,,,,20,,11:42.40,,,,,1098,True,Distance,157,641,477.5,M,False,3,2025-03-08,2025-03-08,False,49.22,,412.55,,375,
34378,97769,158,18042,,,,,,,,20,,11:46.86,,,,,1098,True,Distance,147,629,461.5,M,False,3,2025-03-08,2025-03-08,False,48.87,,405.08,,367,
34379,97770,158,2473,,,,,,,,20,,11:50.11,,,,,1098,True,Distance,140,621,450.5,M,False,3,2025-03-08,2025-03-08,False,48.61,,399.69,,360,
34380,97771,158,2474,,,,,,,,20,,11:59.62,,,,,1098,True,Distance,120,597,418.5,M,False,3,2025-03-08,2025-03-08,False,47.88,,384.2,,343,
34381,97772,158,21413,,,,,,,,21,,45.91,,,,,1098,True,Relays,687,1056,1215.0,M,False,3,2025-03-08,2025-03-08,False,95.63,,983.61,,505,
34383,97774,75,25995,,,,,,,,9,,2:02.22,,,,,1099,True,Distance,707,1123,1268.5,M,False,3,2025-03-08,2025-03-08,False,69.99,,730.85,,607,
34384,97775,75,4573,,,,,,,,9,,2:03.68,,,,,1099,True,Distance,673,1097,1221.5,M,False,3,2025-03-08,2025-03-08,False,69.01,,711.65,,583,
34385,97776,75,7722,,,,,,,,11,,4:03.85,,,,,1099,True,Distance,809,1175,1396.5,M,False,3,2025-03-08,2025-03-08,False,68.84,,798.56,,659,
34386,97777,75,25996,,,,,,,,11,,4:06.37,,,,,1099,True,Distance,781,1155,1358.5,M,False,3,2025-03-08,2025-03-08,False,68.04,,781.98,,638,
34387,97778,75,2069,,,,,,,,11,,4:11.20,,,,,1099,True,Distance,727,1117,1285.5,M,False,3,2025-03-08,2025-03-08,False,66.55,,751.15,,601,
34388,97779,75,1530,,,,,,,,11,,4:11.63,,,,,1099,True,Distance,723,1114,1280.0,M,False,3,2025-03-08,2025-03-08,False,66.42,,748.46,,597,
34389,97780,75,5571,,,,,,,,11,,4:11.65,,,,,1099,True,Distance,722,1114,1279.0,M,False,3,2025-03-08,2025-03-08,False,66.42,,748.34,,597,
34390,97781,75,2071,,,,,,,,11,,4:16.44,,,,,1099,True,Distance,671,1077,1209.5,M,False,3,2025-03-08,2025-03-08,False,65.01,,719.01,,562,
34391,97782,75,2070,,,,,,,,11,,4:16.78,,,,,1099,True,Distance,668,1074,1205.0,M,False,3,2025-03-08,2025-03-08,False,64.91,,716.97,,559,
34392,97783,75,23414,,,,,,,,11,,4:21.59,,,,,1099,True,Distance,619,1038,1138.0,M,False,3,2025-03-08,2025-03-08,False,63.56,,688.68,,525,
34393,97784,75,3741,,,,,,,,11,,4:27.93,,,,,1099,True,Distance,557,991,1052.5,M,False,3,2025-03-08,2025-03-08,False,61.86,,652.94,,481,
34394,97785,75,25996,,,,,,,,17,,15:11.91,,,,,1099,True,Distance,774,1140,1344.0,M,False,3,2025-03-08,2025-03-08,False,68.54,,811.64,,646,
34395,97786,75,2069,,,,,,,,17,,15:45.06,,,,,1099,True,Distance,680,1077,1218.5,M,False,3,2025-03-08,2025-03-08,False,65.77,,756.84,,580,
34401,97793,84,25120,,,,,,,,9,,2:19.57,,,,,1100,True,Distance,356,838,775.0,M,False,3,2025-03-08,2025-03-08,False,59.92,,528.69,,360,
34402,97794,84,23416,,,,,,,,11,,4:22.81,,,,,1100,True,Distance,606,1029,1120.5,M,False,3,2025-03-08,2025-03-08,False,63.22,,681.67,,516,
34403,97795,84,23420,,,,,,,,11,,4:32.38,,,,,1100,True,Distance,515,959,994.5,M,False,3,2025-03-08,2025-03-08,False,60.72,,628.85,,452,
34404,97796,84,2645,,,,,,,,11,,4:40.03,,,,,1100,True,Distance,447,905,899.5,M,False,3,2025-03-08,2025-03-08,False,58.85,,589.22,,403,
34405,97797,84,2627,,,,,,,,17,,16:46.50,,,,,1100,True,Distance,522,966,1005.0,M,False,3,2025-03-08,2025-03-08,False,61.13,,664.83,,469,
34406,97798,84,23441,,,,,,,,17,,16:52.20,,,,,1100,True,Distance,508,956,986.0,M,False,3,2025-03-08,2025-03-08,False,60.73,,656.86,,459,
34407,97799,84,3483,,,,,,,,17,,17:06.20,,,,,1100,True,Distance,475,931,940.5,M,False,3,2025-03-08,2025-03-08,False,59.77,,637.66,,436,
34408,97800,84,23420,,,,,,,,17,,17:18.93,,,,,1100,True,Distance,446,909,900.5,M,False,3,2025-03-08,2025-03-08,False,58.92,,620.65,,416,
34409,97801,84,23447,,,,,,,,17,,18:03.64,,,,,1100,True,Distance,352,834,769.0,M,False,3,2025-03-08,2025-03-08,False,56.1,,564.08,,347,
34413,97818,11,22519,,,,,,,,9,,2:08.65,,,,,1101,True,Distance,563,1012,1069.0,M,False,3,2025-03-08,2025-03-08,False,65.9,,649.57,,508,
34414,97819,11,3265,,,,,,,,11,,4:37.66,,,,,1101,True,Distance,468,922,929.0,M,False,3,2025-03-08,2025-03-08,False,59.41,,601.26,,418,
34415,97820,11,2949,,,,,,,,11,,4:43.93,,,,,1101,True,Distance,415,878,854.0,M,False,3,2025-03-08,2025-03-08,False,57.94,,569.84,,380,
34442,97821,11,2953,,,,,,,,14,,9:02.75,,,,,1101,True,Distance,720,1096,1268.0,M,False,3,2025-03-08,2025-03-08,False,65.91,,761.06,,589,
34443,97822,11,22519,,,,,,,,14,,9:18.46,,,,,1101,True,Distance,645,1044,1167.0,M,False,3,2025-03-08,2025-03-08,False,63.82,,717.92,,537,
34444,97823,11,2950,,,,,,,,14,,9:22.06,,,,,1101,True,Distance,629,1033,1145.5,M,False,3,2025-03-08,2025-03-08,False,63.36,,708.38,,525,
34445,97824,11,22518,,,,,,,,14,,9:37.20,,,,,1101,True,Distance,562,984,1054.0,M,False,3,2025-03-08,2025-03-08,False,61.48,,669.54,,479,
34469,97848,15,6344,,,,,,,,9,,2:02.13,,,,,1101,True,Distance,709,1124,1271.0,M,False,3,2025-03-08,2025-03-08,False,70.05,,732.05,,608,
34470,97849,15,18273,,,,,,,,9,,2:04.11,,,,,1101,True,Distance,663,1090,1208.0,M,False,3,2025-03-08,2025-03-08,False,68.73,,706.09,,576,
34471,97850,15,23496,,,,,,,,9,,2:05.26,,,,,1101,True,Distance,637,1070,1172.0,M,False,3,2025-03-08,2025-03-08,False,67.99,,691.38,,559,
34472,97787,75,1534,,,,,,,,17,,15:58.47,,,,,1099,True,Distance,644,1052,1170.0,M,False,3,2025-03-08,2025-03-08,False,64.7,,735.75,,555,
34473,97851,15,5137,,,,,,,,9,,2:05.78,,,,,1101,True,Distance,625,1061,1155.5,M,False,3,2025-03-08,2025-03-08,False,67.66,,684.82,,551,
34474,97852,15,26005,,,,,,,,9,,2:06.24,,,,,1101,True,Distance,615,1053,1141.5,M,False,3,2025-03-08,2025-03-08,False,67.37,,679.06,,544,
34475,97853,15,4065,,,,,,,,9,,2:07.44,,,,,1101,True,Distance,589,1033,1105.5,M,False,3,2025-03-08,2025-03-08,False,66.63,,664.24,,525,
34476,97854,15,5140,,,,,,,,9,,2:07.67,,,,,1101,True,Distance,584,1029,1098.5,M,False,3,2025-03-08,2025-03-08,False,66.49,,661.43,,522,
34477,97855,15,3277,,,,,,,,9,,2:12.03,,,,,1101,True,Distance,494,957,972.5,M,False,3,2025-03-08,2025-03-08,False,63.93,,610.02,,459,
34478,97856,15,3285,,,,,,,,9,,2:13.40,,,,,1101,True,Distance,467,935,934.5,M,False,3,2025-03-08,2025-03-08,False,63.16,,594.56,,441,
34479,97857,15,26006,,,,,,,,9,,2:13.83,,,,,1101,True,Distance,459,928,923.0,M,False,3,2025-03-08,2025-03-08,False,62.92,,589.77,,435,
34480,97858,15,22524,,,,,,,,9,,2:20.02,,,,,1101,True,Distance,348,832,764.0,M,False,3,2025-03-08,2025-03-08,False,59.7,,524.11,,355,
34481,97859,15,26007,,,,,,,,9,,2:20.62,,,,,1101,True,Distance,338,822,749.0,M,False,3,2025-03-08,2025-03-08,False,59.4,,518.06,,347,
34482,97860,15,6344,,,,,,,,11,,4:00.86,,,,,1101,True,Distance,844,1199,1443.5,M,False,3,2025-03-08,2025-03-08,False,69.81,,818.67,,683,
34483,97861,15,23496,,,,,,,,11,,4:16.75,,,,,1101,True,Distance,668,1075,1205.5,M,False,3,2025-03-08,2025-03-08,False,64.92,,717.15,,559,
34484,97862,15,18273,,,,,,,,11,,4:17.79,,,,,1101,True,Distance,657,1067,1190.5,M,False,3,2025-03-08,2025-03-08,False,64.62,,710.94,,552,
34485,97863,15,26006,,,,,,,,11,,4:29.31,,,,,1101,True,Distance,544,981,1034.5,M,False,3,2025-03-08,2025-03-08,False,61.5,,645.38,,472,
34486,97864,15,3285,,,,,,,,11,,4:32.50,,,,,1101,True,Distance,514,958,993.0,M,False,3,2025-03-08,2025-03-08,False,60.69,,628.21,,451,
34487,97865,15,22524,,,,,,,,11,,4:34.01,,,,,1101,True,Distance,500,947,973.5,M,False,3,2025-03-08,2025-03-08,False,60.31,,620.22,,441,
34488,97866,15,26007,,,,,,,,11,,4:35.33,,,,,1101,True,Distance,488,938,957.0,M,False,3,2025-03-08,2025-03-08,False,59.98,,613.3,,433,
34489,97867,15,5137,,,,,,,,14,,9:03.22,,,,,1101,True,Distance,717,1095,1264.5,M,False,3,2025-03-08,2025-03-08,False,65.85,,759.73,,587,
34490,97868,15,26005,,,,,,,,14,,9:06.57,,,,,1101,True,Distance,701,1084,1243.0,M,False,3,2025-03-08,2025-03-08,False,65.39,,750.34,,576,
34491,97869,15,3277,,,,,,,,14,,9:48.67,,,,,1101,True,Distance,514,948,988.0,M,False,3,2025-03-08,2025-03-08,False,60.13,,641.45,,445,
34492,97870,15,4065,,,,,,,,14,,10:21.56,,,,,1101,True,Distance,388,849,812.5,M,False,3,2025-03-08,2025-03-08,False,56.54,,566.65,,355,
34493,97871,15,26008,,,,,,,,24,,3:45.05,,,,,1101,True,Relays,599,1015,1106.5,M,False,3,2025-03-08,2025-03-08,False,81.81,,1068.16,,485,
34494,97872,84,5297,,,,,,,,17,,15:14.05,,,,,1102,True,Distance,768,1136,1336.0,M,False,3,2025-03-07,2025-03-07,False,68.36,,807.98,,642,
34502,97880,95,7997,,,,,,,,9,,1:58.40,,,,,1102,True,Distance,800,1191,1395.5,M,False,3,2025-03-07,2025-03-07,False,72.66,,783.32,,671,
34503,97881,95,25274,,,,,,,,9,,2:09.74,,,,,1102,True,Distance,540,994,1037.0,M,False,3,2025-03-07,2025-03-07,False,65.25,,636.59,,492,
34504,97882,95,25274,,,,,,,,11,,4:29.29,,,,,1102,True,Distance,544,981,1034.5,M,False,3,2025-03-07,2025-03-07,False,61.5,,645.49,,472,
34505,97883,95,7995,,,,,,,,17,,16:04.97,,,,,1102,True,Distance,626,1040,1146.0,M,False,3,2025-03-07,2025-03-07,False,64.19,,725.74,,542,
35614,101513,159,16119,,,,,,,,20,,11:26.96,,,,,1219,True,Distance,194,681,534.5,M,False,3,2025-03-28,2025-03-29,False,50.48,,439.18,,406,
35615,101514,159,24869,,25643.0,,25491.0,,5550.0,,21,,48.83,,,,,1219,True,Relays,527,941,997.5,M,False,3,2025-03-28,2025-03-29,False,88.58,,862.66,,376,
35616,101515,159,24869,,4358.0,,25643.0,,5711.0,,24,,3:38.88,,,,,1219,True,Relays,669,1064,1201.0,M,False,3,2025-03-28,2025-03-29,False,84.49,,1121.25,,535,
35617,101516,159,2172,,2176.0,,25491.0,,677.0,,24,,4:13.70,,,,,1219,True,Relays,325,799,724.5,M,False,3,2025-03-28,2025-03-29,False,71.31,,855.44,,286,
35752,97998,96,2492,,,,,,,,9,,1:56.38,,,,,1104,True,Distance,852,1228,1466.0,M,False,3,2025-03-14,2025-03-14,False,74.15,,812.46,,706,
35753,97999,96,26020,,,,,,,,9,,2:08.63,,,,,1104,True,Distance,563,1013,1069.5,M,False,3,2025-03-14,2025-03-14,False,65.91,,649.81,,508,
35754,98000,96,26021,,,,,,,,9,,2:12.26,,,,,1104,True,Distance,489,953,965.5,M,False,3,2025-03-14,2025-03-14,False,63.8,,607.4,,456,
35755,98001,96,2492,,,,,,,,11,,4:02.21,,,,,1104,True,Distance,828,1188,1422.0,M,False,3,2025-03-14,2025-03-14,False,69.37,,809.53,,672,
35756,98002,96,1552,,,,,,,,11,,4:10.67,,,,,1104,True,Distance,733,1121,1293.5,M,False,3,2025-03-14,2025-03-14,False,66.71,,754.47,,605,
35757,98003,96,364,,,,,,,,11,,4:16.85,,,,,1104,True,Distance,667,1074,1204.0,M,False,3,2025-03-14,2025-03-14,False,64.89,,716.55,,559,
35758,98004,96,367,,,,,,,,11,,4:19.63,,,,,1104,True,Distance,638,1053,1164.5,M,False,3,2025-03-14,2025-03-14,False,64.1,,700.08,,538,
35759,98005,96,369,,,,,,,,11,,4:34.36,,,,,1104,True,Distance,497,945,969.5,M,False,3,2025-03-14,2025-03-14,False,60.22,,618.38,,439,
35760,98006,96,3437,,,,,,,,17,,16:19.40,,,,,1104,True,Distance,589,1014,1096.0,M,False,3,2025-03-14,2025-03-14,False,63.1,,703.99,,516,
35761,98007,96,368,,,,,,,,17,,17:54.74,,,,,1104,True,Distance,370,849,794.5,M,False,3,2025-03-14,2025-03-14,False,56.64,,574.97,,361,
35993,101019,146,24914,,,,,,,,9,,1:58.20,,,,,1212,True,Distance,805,1194,1402.0,M,False,3,2025-03-29,2025-03-29,False,72.8,,786.16,,674,
35994,101020,146,3687,,,,,,,,9,,2:00.85,,,,,1212,True,Distance,740,1147,1313.5,M,False,3,2025-03-29,2025-03-29,False,70.92,,749.29,,629,
35995,101021,146,24568,,,,,,,,9,,2:11.64,,,,,1212,True,Distance,501,963,982.5,M,False,3,2025-03-29,2025-03-29,False,64.15,,614.48,,465,
35996,101022,146,24582,,,,,,,,9,,2:13.30,,,,,1212,True,Distance,469,936,937.0,M,False,3,2025-03-29,2025-03-29,False,63.22,,595.67,,442,
35997,101023,146,3699,,,,,,,,9,,2:13.74,,,,,1212,True,Distance,460,929,924.5,M,False,3,2025-03-29,2025-03-29,False,62.97,,590.77,,436,
35998,101024,146,24888,,,,,,,,9,,2:15.19,,,,,1212,True,Distance,433,906,886.0,M,False,3,2025-03-29,2025-03-29,False,62.19,,574.83,,416,
35999,101025,146,3729,,,,,,,,9,,2:16.91,,,,,1212,True,Distance,402,879,841.5,M,False,3,2025-03-29,2025-03-29,False,61.28,,556.36,,394,
36000,101027,146,24583,,,,,,,,9,,2:28.32,,,,,1212,True,Distance,224,711,579.5,M,False,3,2025-03-29,2025-03-29,False,55.84,,444.68,,258,
36001,101028,146,3686,,,,,,,,9,,2:38.83,,,,,1212,True,Distance,106,571,391.5,M,False,3,2025-03-29,2025-03-29,False,51.6,,356.0,,150,
36002,101029,146,11400,,,,,,,,11,,4:32.01,,,,,1212,True,Distance,519,962,1000.0,M,False,3,2025-03-29,2025-03-29,False,60.81,,630.82,,454,
36003,101030,146,24568,,,,,,,,11,,4:49.42,,,,,1212,True,Distance,371,841,791.5,M,False,3,2025-03-29,2025-03-29,False,56.7,,543.44,,347,
36004,101032,146,1309,,,,,,,,11,,5:04.51,,,,,1212,True,Distance,263,743,634.5,M,False,3,2025-03-29,2025-03-29,False,53.55,,475.79,,265,
36005,101033,146,24909,,,,,,,,11,,5:16.23,,,,,1212,True,Distance,192,670,527.0,M,False,3,2025-03-29,2025-03-29,False,51.33,,427.71,,206,
36011,101026,146,1421,,,,,,,,9,,2:23.11,,,,,1212,True,Distance,299,785,691.5,M,False,3,2025-03-29,2025-03-29,False,58.2,,493.46,,317,
36041,98051,19,2309,,,,,,,,9,,1:54.06,,,,,1108,True,Distance,913,1271,1548.5,M,False,3,2025-03-08,2025-03-08,False,75.94,,847.2,,748,
36385,101040,146,3713,,,,,,,,20,,11:51.81,,,,,1212,True,Distance,136,617,444.5,M,False,3,2025-03-29,2025-03-29,False,48.48,,396.89,,357,
36386,101041,146,26490,,,,,,,,20,,12:14.02,,,,,1212,True,Distance,93,562,374.0,M,False,3,2025-03-29,2025-03-29,False,46.81,,361.52,,317,
36387,101043,146,4149,,4393.0,,3701.0,,3719.0,,21,,44.12,,,,,1212,True,Relays,795,1130,1360.0,M,False,3,2025-03-29,2025-03-29,False,100.49,,1065.67,,592,
36388,101045,146,24669,,24914.0,,3728.0,,3708.0,,24,,3:27.71,,,,,1212,True,Relays,805,1158,1384.0,M,False,3,2025-03-29,2025-03-29,False,89.79,,1225.41,,632,
36389,101046,146,3687,,24582.0,,3699.0,,24888.0,,24,,3:44.33,,,,,1212,True,Relays,607,1020,1117.0,M,False,3,2025-03-29,2025-03-29,False,82.12,,1074.2,,490,
36410,101044,146,3708,,24880.0,,3698.0,,3689.0,,21,,44.41,,,,,1212,True,Relays,777,1118,1336.0,M,False,3,2025-03-29,2025-03-29,False,99.67,,1051.93,,577,
36434,101084,101,214,,,,,,,,11,,4:53.86,,,,,1213,True,Distance,337,811,742.5,M,False,3,2025-03-29,2025-03-29,False,55.74,,522.82,,322,
37081,98187,19,26057,,26058.0,,26059.0,,26060.0,,21,,45.71,,,,,1119,True,Relays,698,1064,1230.0,M,False,3,2025-03-15,2025-03-15,False,96.15,,992.46,,514,
37084,98190,19,23926,,,,,,,,11,,3:59.70,,,,,1119,True,Distance,858,1208,1462.0,M,False,3,2025-03-15,2025-03-15,False,70.2,,826.61,,693,
37085,98191,19,23927,,,,,,,,11,,4:10.84,,,,,1119,True,Distance,731,1120,1291.0,M,False,3,2025-03-15,2025-03-15,False,66.66,,753.41,,603,
37086,98192,19,5155,,,,,,,,11,,4:10.90,,,,,1119,True,Distance,731,1119,1290.5,M,False,3,2025-03-15,2025-03-15,False,66.64,,753.03,,603,
37087,98193,19,25502,,,,,,,,11,,4:13.34,,,,,1119,True,Distance,704,1101,1254.5,M,False,3,2025-03-15,2025-03-15,False,65.91,,737.86,,585,
37088,98194,19,23941,,,,,,,,11,,4:21.75,,,,,1119,True,Distance,617,1037,1135.5,M,False,3,2025-03-15,2025-03-15,False,63.51,,687.75,,523,
37089,98195,19,20497,,,,,,,,11,,4:25.22,,,,,1119,True,Distance,583,1011,1088.5,M,False,3,2025-03-15,2025-03-15,False,62.57,,668.01,,499,
37090,98196,19,25503,,,,,,,,11,,4:35.23,,,,,1119,True,Distance,489,939,958.5,M,False,3,2025-03-15,2025-03-15,False,60.01,,613.83,,433,
37091,98197,19,25504,,,,,,,,11,,4:41.45,,,,,1119,True,Distance,435,895,882.5,M,False,3,2025-03-15,2025-03-15,False,58.51,,582.1,,394,
37106,98212,19,25502,,,,,,,,9,,1:59.32,,,,,1119,True,Distance,777,1174,1364.0,M,False,3,2025-03-15,2025-03-15,False,72.0,,770.38,,655,
37107,98213,19,2306,,,,,,,,9,,2:01.39,,,,,1119,True,Distance,727,1137,1295.5,M,False,3,2025-03-15,2025-03-15,False,70.55,,741.97,,620,
37110,98216,19,5147,,,,,,,,17,,16:14.73,,,,,1119,True,Distance,601,1023,1112.5,M,False,3,2025-03-15,2025-03-15,False,63.45,,710.96,,525,
37111,98217,19,26067,,,,,,,,17,,16:14.84,,,,,1119,True,Distance,601,1022,1112.0,M,False,3,2025-03-15,2025-03-15,False,63.44,,710.8,,524,
37112,98218,19,2303,,,,,,,,17,,16:36.01,,,,,1119,True,Distance,547,984,1039.0,M,False,3,2025-03-15,2025-03-15,False,61.88,,679.74,,487,
37113,98219,19,26068,,,,,,,,17,,17:12.68,,,,,1119,True,Distance,460,920,920.0,M,False,3,2025-03-15,2025-03-15,False,59.33,,628.95,,426,
37114,98220,19,5171,,,,,,,,17,,17:23.07,,,,,1119,True,Distance,437,902,888.0,M,False,3,2025-03-15,2025-03-15,False,58.65,,615.21,,409,
37115,98221,19,2316,,,,,,,,17,,18:15.54,,,,,1119,True,Distance,329,815,736.5,M,False,3,2025-03-15,2025-03-15,False,55.39,,549.8,,330,
37203,101130,124,2855,,,,,,,,9,,1:56.72,,,,,1213,True,Distance,843,1221,1453.5,M,False,3,2025-03-29,2025-03-29,False,73.9,,807.48,,700,
37204,101131,124,5500,,,,,,,,9,,1:57.01,,,,,1213,True,Distance,836,1216,1444.0,M,False,3,2025-03-29,2025-03-29,False,73.68,,803.26,,695,
37205,101132,124,2013,,,,,,,,9,,2:02.94,,,,,1213,True,Distance,690,1110,1245.0,M,False,3,2025-03-29,2025-03-29,False,69.5,,721.33,,595,
37206,101133,124,11307,,,,,,,,9,,2:03.34,,,,,1213,True,Distance,681,1103,1232.5,M,False,3,2025-03-29,2025-03-29,False,69.24,,716.08,,589,
37207,101134,124,3832,,,,,,,,9,,2:03.69,,,,,1213,True,Distance,672,1097,1220.5,M,False,3,2025-03-29,2025-03-29,False,69.01,,711.52,,583,
37208,101135,124,24809,,,,,,,,9,,2:03.95,,,,,1213,True,Distance,666,1092,1212.0,M,False,3,2025-03-29,2025-03-29,False,68.84,,708.15,,579,
37209,101136,124,19403,,,,,,,,9,,2:05.59,,,,,1213,True,Distance,629,1064,1161.0,M,False,3,2025-03-29,2025-03-29,False,67.78,,687.21,,553,
37210,101137,124,24736,,,,,,,,9,,2:12.04,,,,,1213,True,Distance,494,957,972.5,M,False,3,2025-03-29,2025-03-29,False,63.92,,609.9,,459,
37211,101138,124,2867,,,,,,,,9,,2:19.85,,,,,1213,True,Distance,351,834,768.0,M,False,3,2025-03-29,2025-03-29,False,59.78,,525.84,,357,
37212,101139,124,24809,,,,,,,,11,,4:09.41,,,,,1213,True,Distance,747,1131,1312.5,M,False,3,2025-03-29,2025-03-29,False,67.09,,762.44,,615,
37213,101140,124,11308,,,,,,,,11,,4:21.15,,,,,1213,True,Distance,623,1041,1143.5,M,False,3,2025-03-29,2025-03-29,False,63.68,,691.22,,528,
37214,101141,124,19417,,,,,,,,11,,4:40.81,,,,,1213,True,Distance,441,900,891.0,M,False,3,2025-03-29,2025-03-29,False,58.66,,585.3,,398,
37215,101142,124,2022,,,,,,,,11,,4:46.18,,,,,1213,True,Distance,396,863,827.5,M,False,3,2025-03-29,2025-03-29,False,57.42,,558.9,,366,
37216,101143,124,24808,,,,,,,,11,,4:54.30,,,,,1213,True,Distance,334,808,738.0,M,False,3,2025-03-29,2025-03-29,False,55.64,,520.81,,320,
37217,101144,124,2874,,,,,,,,11,,5:09.19,,,,,1213,True,Distance,233,713,589.5,M,False,3,2025-03-29,2025-03-29,False,52.64,,456.16,,241,
37218,101146,124,2005,,,,,,,,17,,16:12.21,,,,,1213,True,Distance,607,1027,1120.5,M,False,3,2025-03-29,2025-03-29,False,63.64,,714.75,,529,
37219,101147,124,11308,,,,,,,,17,,16:32.17,,,,,1213,True,Distance,557,991,1052.5,M,False,3,2025-03-29,2025-03-29,False,62.16,,685.27,,494,
37220,101148,124,19417,,,,,,,,17,,17:28.99,,,,,1213,True,Distance,424,892,870.0,M,False,3,2025-03-29,2025-03-29,False,58.26,,607.5,,400,
37227,101155,124,2007,,,,,,,,20,,9:47.71,,,,,1213,True,Distance,529,970,1014.0,M,False,3,2025-03-29,2025-03-29,False,60.24,,643.76,,641,
37228,101156,124,3845,,19411.0,,24421.0,,5500.0,,24,,3:33.73,,,,,1213,True,Relays,730,1107,1283.5,M,False,3,2025-03-29,2025-03-29,False,86.85,,1167.92,,578,
37229,101157,124,1996,,19104.0,,2867.0,,24736.0,,24,,3:52.80,,,,,1213,True,Relays,517,954,994.0,M,False,3,2025-03-29,2025-03-29,False,78.68,,1005.45,,426,
37244,101163,88,24595,,,,,,,,9,,1:58.37,,,,,1214,True,Distance,801,1191,1396.5,M,False,3,2025-03-29,2025-03-29,False,72.68,,783.74,,671,
37245,101164,88,24595,,,,,,,,13,,4:25.85,,,,,1214,True,Distance,780,1149,1354.5,M,False,3,2025-03-29,2025-03-29,False,68.1,,789.73,,641,
37246,101165,88,3615,,,,,,,,13,,4:36.00,,,,,1214,True,Distance,678,1076,1216.0,M,False,3,2025-03-29,2025-03-29,False,65.27,,730.71,,569,
37248,101167,167,468,,,,,,,,9,,1:58.87,,,,,1215,True,Distance,788,1182,1379.0,M,False,3,2025-03-28,2025-03-29,False,72.32,,776.68,,663,
37249,101168,167,25028,,,,,,,,9,,2:05.64,,,,,1215,True,Distance,628,1063,1159.5,M,False,3,2025-03-28,2025-03-29,False,67.75,,686.58,,553,
37250,101145,124,2045,,,,,,,,17,,16:07.49,,,,,1213,True,Distance,620,1036,1138.0,M,False,3,2025-03-29,2025-03-29,False,64.0,,721.9,,538,
37867,98325,11,2967,,,,,,,,9,,2:05.17,,,,,1128,True,Distance,639,1071,1174.5,M,False,3,2025-03-15,2025-03-15,False,68.05,,692.52,,560,
37868,98326,11,2950,,,,,,,,9,,2:06.69,,,,,1128,True,Distance,605,1045,1127.5,M,False,3,2025-03-15,2025-03-15,False,67.09,,673.47,,537,
37869,98327,11,22515,,,,,,,,11,,4:01.72,,,,,1128,True,Distance,834,1192,1430.0,M,False,3,2025-03-15,2025-03-15,False,69.53,,812.83,,676,
37870,98328,11,22517,,,,,,,,11,,4:03.16,,,,,1128,True,Distance,817,1180,1407.0,M,False,3,2025-03-15,2025-03-15,False,69.06,,803.15,,664,
37871,98329,11,2950,,,,,,,,11,,4:13.65,,,,,1128,True,Distance,701,1098,1250.0,M,False,3,2025-03-15,2025-03-15,False,65.82,,735.96,,582,
37872,98330,11,3265,,,,,,,,11,,4:23.37,,,,,1128,True,Distance,601,1025,1113.5,M,False,3,2025-03-15,2025-03-15,False,63.07,,678.47,,512,
37873,98331,11,2967,,,,,,,,11,,4:25.85,,,,,1128,True,Distance,577,1007,1080.5,M,False,3,2025-03-15,2025-03-15,False,62.41,,664.48,,495,
37874,98332,11,26077,,,,,,,,11,,5:03.10,,,,,1128,True,Distance,272,751,647.5,M,False,3,2025-03-15,2025-03-15,False,53.83,,481.83,,272,
37875,98333,11,2953,,,,,,,,17,,15:38.28,,,,,1128,True,Distance,699,1090,1244.0,M,False,3,2025-03-15,2025-03-15,False,66.32,,767.73,,593,
37876,98334,11,22518,,,,,,,,17,,17:01.18,,,,,1128,True,Distance,487,940,957.0,M,False,3,2025-03-15,2025-03-15,False,60.11,,644.48,,444,
37877,98335,11,3265,,,,,,,,20,,10:27.35,,,,,1128,True,Distance,376,849,800.5,M,False,3,2025-03-15,2025-03-15,False,55.95,,554.29,,538,
37878,98336,11,3265,,26077.0,,2950.0,,22515.0,,30,,11:38.25,,,,,1128,True,Relays,0,0,0.0,M,False,3,2025-03-15,2025-03-15,False,,,,,,
37886,98344,60,3393,,,,,,,,9,,2:02.82,,,,,1129,True,Distance,693,1112,1249.0,M,False,3,2025-03-15,2025-03-15,False,69.58,,722.91,,597,
37887,98345,60,3386,,,,,,,,9,,2:05.76,,,,,1129,True,Distance,626,1061,1156.5,M,False,3,2025-03-15,2025-03-15,False,67.68,,685.07,,551,
37888,98346,60,18919,,,,,,,,9,,2:15.91,,,,,1129,True,Distance,420,895,867.5,M,False,3,2025-03-15,2025-03-15,False,61.8,,567.04,,407,
37889,98347,60,7965,,,,,,,,9,,2:17.39,,,,,1129,True,Distance,393,872,829.0,M,False,3,2025-03-15,2025-03-15,False,61.03,,551.29,,388,
37890,98348,60,3386,,,,,,,,11,,4:09.66,,,,,1129,True,Distance,744,1129,1308.5,M,False,3,2025-03-15,2025-03-15,False,67.02,,760.85,,613,
37891,98349,60,18919,,,,,,,,11,,4:40.01,,,,,1129,True,Distance,448,905,900.5,M,False,3,2025-03-15,2025-03-15,False,58.85,,589.32,,403,
37892,98350,60,7965,,,,,,,,11,,4:45.95,,,,,1129,True,Distance,398,864,830.0,M,False,3,2025-03-15,2025-03-15,False,57.48,,560.01,,368,
37893,98351,60,4901,,,,,,,,11,,4:51.88,,,,,1129,True,Distance,352,824,764.0,M,False,3,2025-03-15,2025-03-15,False,56.16,,531.94,,333,
37894,98352,60,4902,,,,,,,,11,,4:54.56,,,,,1129,True,Distance,332,807,735.5,M,False,3,2025-03-15,2025-03-15,False,55.59,,519.62,,318,
37895,98353,60,3477,,,,,,,,11,,5:20.53,,,,,1129,True,Distance,168,645,490.5,M,False,3,2025-03-15,2025-03-15,False,50.56,,410.95,,186,
37896,98354,60,4902,,,,,,,,14,,11:03.99,,,,,1129,True,Distance,252,729,616.5,M,False,3,2025-03-15,2025-03-15,False,52.47,,481.09,,252,
38019,98359,15,6344,,,,,,,,9,,1:59.60,,,,,1130,True,Distance,770,1169,1354.5,M,False,3,2025-03-14,2025-03-15,False,71.8,,766.48,,650,
38020,98360,15,18273,,,,,,,,9,,2:00.94,,,,,1130,True,Distance,737,1145,1309.5,M,False,3,2025-03-14,2025-03-15,False,70.86,,748.06,,628,
38021,98361,15,22523,,,,,,,,9,,2:02.26,,,,,1130,True,Distance,706,1122,1267.0,M,False,3,2025-03-14,2025-03-15,False,69.96,,730.32,,606,
38022,98362,15,5139,,,,,,,,9,,2:13.51,,,,,1130,True,Distance,465,933,931.5,M,False,3,2025-03-14,2025-03-15,False,63.1,,593.33,,439,
38023,98363,15,18273,,,,,,,,11,,4:15.27,,,,,1130,True,Distance,684,1086,1227.0,M,False,3,2025-03-14,2025-03-15,False,65.35,,726.07,,570,
38024,98364,15,6344,,,,,,,,14,,8:39.42,,,,,1130,True,Distance,837,1176,1425.0,M,False,3,2025-03-14,2025-03-15,False,69.27,,829.93,,672,
38025,98365,15,5137,,,,,,,,14,,8:54.25,,,,,1130,True,Distance,761,1125,1323.5,M,False,3,2025-03-14,2025-03-15,False,67.1,,785.45,,618,
38026,98367,15,3277,,,,,,,,18,,36:05.59,,,,,1130,True,Distance,507,932,973.0,M,False,3,2025-03-14,2025-03-15,False,58.58,,632.08,,446,
38027,98368,15,26006,,,,,,,,18,,36:10.65,,,,,1130,True,Distance,502,928,966.0,M,False,3,2025-03-14,2025-03-15,False,58.42,,628.92,,442,
38028,98370,15,26008,,,,,,,,24,,3:40.44,,,,,1130,True,Relays,651,1052,1177.0,M,False,3,2025-03-14,2025-03-15,False,83.79,,1107.55,,522,
38091,98369,15,22524,,,,,,,,18,,36:21.20,,,,,1130,True,Distance,491,920,951.0,M,False,3,2025-03-14,2025-03-15,False,58.09,,622.36,,434,
38976,101175,164,723,,,,,,,,11,Open,4:16.58,,,,,1215,True,Distance,670,1076,1208.0,M,False,3,2025-03-28,2025-03-29,False,64.97,,718.17,,560,
38977,101176,164,18966,,,,,,,,11,Open,4:21.20,,,,,1215,True,Distance,623,1041,1143.5,M,False,3,2025-03-28,2025-03-29,False,63.67,,690.93,,527,
38978,101177,164,18964,,,,,,,,17,Invite,15:05.19,,,,,1215,True,Distance,794,1153,1370.5,M,False,3,2025-03-28,2025-03-29,False,69.13,,823.23,,660,
38979,101178,164,683,,,,,,,,17,Invite,15:16.26,,,,,1215,True,Distance,761,1132,1327.0,M,False,3,2025-03-28,2025-03-29,False,68.17,,804.22,,637,
38980,101179,164,18961,,,,,,,,17,Invite,15:24.06,,,,,1215,True,Distance,739,1117,1297.5,M,False,3,2025-03-28,2025-03-29,False,67.5,,791.1,,621,
38981,101180,164,675,,,,,,,,17,Open,16:22.80,,,,,1215,True,Distance,580,1008,1084.0,M,False,3,2025-03-28,2025-03-29,False,62.84,,698.96,,510,
38982,101181,142,18982,,,,,,,,9,,2:05.32,,,,,1215,True,Distance,635,1069,1169.5,M,False,3,2025-03-28,2025-03-29,False,67.95,,690.62,,558,
38983,101182,142,19377,,,,,,,,11,Open,4:29.17,,,,,1215,True,Distance,545,982,1036.0,M,False,3,2025-03-28,2025-03-29,False,61.54,,646.14,,473,
38984,101183,142,716,,,,,,,,17,Open,16:23.65,,,,,1215,True,Distance,578,1006,1081.0,M,False,3,2025-03-28,2025-03-29,False,62.78,,697.71,,509,
38985,101184,147,19486,,,,,,,,11,,4:27.28,,,,,1216,True,Distance,563,996,1061.0,M,False,3,2025-03-28,2025-03-29,False,62.03,,656.52,,485,
38986,101185,147,26493,,,,,,,,17,,18:24.62,,,,,1216,True,Distance,312,800,712.0,M,False,3,2025-03-28,2025-03-29,False,54.86,,539.11,,317,
38995,101194,156,2350,,,,,,,,11,,4:42.13,,,,,1216,True,Distance,430,890,875.0,M,False,3,2025-03-28,2025-03-29,False,58.35,,578.72,,390,
38996,101195,156,22401,,,,,,,,11,,4:56.41,,,,,1216,True,Distance,319,795,716.5,M,False,3,2025-03-28,2025-03-29,False,55.2,,511.25,,308,
39000,101199,164,689,,,,,,,,20,,10:32.73,,,,,1217,True,Distance,357,833,773.5,M,False,3,2025-03-28,2025-03-29,False,55.42,,543.01,,525,
39001,101200,164,709,,,,,,,,20,,10:46.72,,,,,1217,True,Distance,310,792,706.0,M,False,3,2025-03-28,2025-03-29,False,54.06,,514.56,,492,
39002,101201,164,731,,,,,,,,20,,10:56.84,,,,,1217,True,Distance,279,764,661.0,M,False,3,2025-03-28,2025-03-29,False,53.12,,494.73,,470,
39003,101202,164,4433,,,,,,,,20,,12:49.86,,,,,1217,True,Distance,40,479,279.5,M,False,3,2025-03-28,2025-03-29,False,44.33,,308.74,,256,
39004,101203,164,2749,,,,,,,,20,,13:41.93,,,,,1217,True,Distance,2,370,187.0,M,False,3,2025-03-28,2025-03-29,False,41.12,,240.26,,177,
39021,98396,88,5503,,,,,,,,26,,11:11.00,,,,,1133,True,Relays,0,0,0.0,M,False,3,2025-03-22,2025-03-22,False,,,,,,
39023,98398,63,25152,,,,,,,,26,,14:06.60,,,,,1133,True,Relays,0,0,0.0,M,False,3,2025-03-22,2025-03-22,False,,,,,,
39024,98399,90,19769,,,,,,,,26,,10:20.62,,,,,1133,True,Relays,0,0,0.0,M,False,3,2025-03-22,2025-03-22,False,,,,,,
39089,98465,88,530,,,,,,,,9,,1:59.43,,,,,1133,True,Distance,774,1172,1360.0,M,False,3,2025-03-22,2025-03-22,False,71.92,,768.84,,653,
39090,98466,88,25165,,,,,,,,9,,2:01.21,,,,,1133,True,Distance,731,1140,1301.0,M,False,3,2025-03-22,2025-03-22,False,70.67,,744.4,,623,
39091,98467,90,26103,,,,,,,,9,,2:04.43,,,,,1133,True,Distance,656,1084,1198.0,M,False,3,2025-03-22,2025-03-22,False,68.53,,701.97,,571,
39092,98469,100,25167,,,,,,,,9,,2:06.03,,,,,1133,True,Distance,620,1057,1148.5,M,False,3,2025-03-22,2025-03-22,False,67.5,,681.69,,547,
39093,98470,88,3615,,,,,,,,9,,2:06.24,,,,,1133,True,Distance,615,1053,1141.5,M,False,3,2025-03-22,2025-03-22,False,67.37,,679.06,,544,
39094,98471,88,2560,,,,,,,,9,,2:07.64,,,,,1133,True,Distance,584,1029,1098.5,M,False,3,2025-03-22,2025-03-22,False,66.51,,661.79,,522,
39095,98472,88,24596,,,,,,,,9,,2:08.34,,,,,1133,True,Distance,569,1018,1078.0,M,False,3,2025-03-22,2025-03-22,False,66.08,,653.3,,512,
39096,98473,63,5568,,,,,,,,9,,2:10.10,,,,,1133,True,Distance,533,988,1027.0,M,False,3,2025-03-22,2025-03-22,False,65.04,,632.35,,487,
39097,98474,79,4581,,,,,,,,9,,2:10.33,,,,,1133,True,Distance,528,985,1020.5,M,False,3,2025-03-22,2025-03-22,False,64.9,,629.65,,483,
39098,98475,100,26105,,,,,,,,9,,2:10.84,,,,,1133,True,Distance,518,976,1006.0,M,False,3,2025-03-22,2025-03-22,False,64.61,,623.71,,476,
39099,98476,79,7954,,,,,,,,9,,2:12.89,,,,,1133,True,Distance,477,943,948.5,M,False,3,2025-03-22,2025-03-22,False,63.44,,600.28,,447,
39100,98477,88,513,,,,,,,,9,,2:13.90,,,,,1133,True,Distance,457,927,920.5,M,False,3,2025-03-22,2025-03-22,False,62.89,,588.99,,434,
39101,98478,223,26093,,,,,,,,9,,2:15.92,,,,,1133,True,Distance,420,895,867.5,M,False,3,2025-03-22,2025-03-22,False,61.8,,566.93,,407,
39102,98479,63,2598,,,,,,,,9,,2:17.24,,,,,1133,True,Distance,396,874,833.0,M,False,3,2025-03-22,2025-03-22,False,61.1,,552.87,,390,
39103,98480,90,26106,,,,,,,,9,,2:17.51,,,,,1133,True,Distance,391,870,826.0,M,False,3,2025-03-22,2025-03-22,False,60.97,,550.02,,386,
39104,98481,76,26095,,,,,,,,9,,2:17.80,,,,,1133,True,Distance,386,865,818.5,M,False,3,2025-03-22,2025-03-22,False,60.82,,546.98,,383,
39105,98482,88,2596,,,,,,,,9,,2:18.10,,,,,1133,True,Distance,381,861,811.5,M,False,3,2025-03-22,2025-03-22,False,60.66,,543.85,,379,
39106,98483,88,5828,,,,,,,,9,,2:19.24,,,,,1133,True,Distance,361,843,782.5,M,False,3,2025-03-22,2025-03-22,False,60.08,,532.07,,364,
39107,98484,223,26107,,,,,,,,9,,2:22.35,,,,,1133,True,Distance,311,797,709.5,M,False,3,2025-03-22,2025-03-22,False,58.56,,500.88,,326,
39108,98485,88,11503,,,,,,,,9,,2:23.69,,,,,1133,True,Distance,290,777,678.5,M,False,3,2025-03-22,2025-03-22,False,57.93,,487.86,,310,
39109,98486,100,26108,,,,,,,,9,,2:29.59,,,,,1133,True,Distance,207,693,553.5,M,False,3,2025-03-22,2025-03-22,False,55.29,,433.3,,244,
39110,98487,79,26089,,,,,,,,9,,2:35.04,,,,,1133,True,Distance,143,620,453.0,M,False,3,2025-03-22,2025-03-22,False,53.06,,386.59,,187,
39111,98488,88,517,,,,,,,,9,,2:43.36,,,,,1133,True,Distance,68,516,326.0,M,False,3,2025-03-22,2025-03-22,False,49.96,,321.3,,107,
39112,98489,88,550,,,,,,,,9,,2:44.75,,,,,1133,True,Distance,58,499,307.5,M,False,3,2025-03-22,2025-03-22,False,49.47,,311.03,,95,
39113,98490,79,3613,,,,,,,,9,,2:44.87,,,,,1133,True,Distance,58,498,307.0,M,False,3,2025-03-22,2025-03-22,False,49.43,,310.16,,94,
39114,98491,79,2559,,,,,,,,9,,2:45.10,,,,,1133,True,Distance,56,495,303.5,M,False,3,2025-03-22,2025-03-22,False,49.35,,308.48,,92,
39115,98492,79,18975,,,,,,,,9,,2:56.68,,,,,1133,True,Distance,5,369,189.5,M,False,3,2025-03-22,2025-03-22,False,45.67,,229.57,,0,
39116,98493,90,23458,,,,,,,,9,,3:00.85,,,,,1133,True,Distance,0,328,164.0,M,False,3,2025-03-22,2025-03-22,False,44.46,,203.63,,0,
39117,98494,79,25849,,,,,,,,9,,3:26.63,,,,,1133,True,Distance,0,129,64.5,M,False,3,2025-03-22,2025-03-22,False,38.2,,66.51,,0,
39118,98495,88,2583,,,,,,,,9,,3:27.63,,,,,1133,True,Distance,0,123,61.5,M,False,3,2025-03-22,2025-03-22,False,37.99,,61.88,,0,
39119,98496,88,556,,,,,,,,9,,3:27.65,,,,,1133,True,Distance,0,123,61.5,M,False,3,2025-03-22,2025-03-22,False,37.98,,61.79,,0,
39120,98497,79,3609,,,,,,,,9,,4:02.97,,,,,1133,True,Distance,0,3,1.5,M,False,3,2025-03-22,2025-03-22,False,31.76,,-77.36,,0,
39121,98498,88,11483,,,,,,,,12,,4:24.16,,,,,1133,True,Distance,0,0,0.0,M,False,3,2025-03-22,2025-03-22,False,,,,,,
39122,98499,79,25852,,,,,,,,12,,4:24.84,,,,,1133,True,Distance,0,0,0.0,M,False,3,2025-03-22,2025-03-22,False,,,,,,
39123,98500,99,23415,,,,,,,,12,,4:37.91,,,,,1133,True,Distance,0,0,0.0,M,False,3,2025-03-22,2025-03-22,False,,,,,,
39124,98501,88,26109,,,,,,,,12,,4:40.43,,,,,1133,True,Distance,0,0,0.0,M,False,3,2025-03-22,2025-03-22,False,,,,,,
39125,98502,88,3092,,,,,,,,12,,4:42.77,,,,,1133,True,Distance,0,0,0.0,M,False,3,2025-03-22,2025-03-22,False,,,,,,
39126,98503,63,5568,,,,,,,,12,,4:44.00,,,,,1133,True,Distance,0,0,0.0,M,False,3,2025-03-22,2025-03-22,False,,,,,,
39127,98504,79,512,,,,,,,,12,,4:44.51,,,,,1133,True,Distance,0,0,0.0,M,False,3,2025-03-22,2025-03-22,False,,,,,,
39128,98505,88,11491,,,,,,,,12,,4:45.30,,,,,1133,True,Distance,0,0,0.0,M,False,3,2025-03-22,2025-03-22,False,,,,,,
39129,98506,100,25167,,,,,,,,12,,4:46.55,,,,,1133,True,Distance,0,0,0.0,M,False,3,2025-03-22,2025-03-22,False,,,,,,
39130,98507,79,3859,,,,,,,,12,,4:46.97,,,,,1133,True,Distance,0,0,0.0,M,False,3,2025-03-22,2025-03-22,False,,,,,,
39131,98508,88,11493,,,,,,,,12,,4:50.31,,,,,1133,True,Distance,0,0,0.0,M,False,3,2025-03-22,2025-03-22,False,,,,,,
39132,98509,100,26105,,,,,,,,12,,4:50.36,,,,,1133,True,Distance,0,0,0.0,M,False,3,2025-03-22,2025-03-22,False,,,,,,
39133,98510,79,25854,,,,,,,,12,,4:52.41,,,,,1133,True,Distance,0,0,0.0,M,False,3,2025-03-22,2025-03-22,False,,,,,,
39134,98511,88,513,,,,,,,,12,,4:53.11,,,,,1133,True,Distance,0,0,0.0,M,False,3,2025-03-22,2025-03-22,False,,,,,,
39135,98512,76,26110,,,,,,,,12,,4:53.42,,,,,1133,True,Distance,0,0,0.0,M,False,3,2025-03-22,2025-03-22,False,,,,,,
39136,98513,79,20429,,,,,,,,12,,4:53.52,,,,,1133,True,Distance,0,0,0.0,M,False,3,2025-03-22,2025-03-22,False,,,,,,
39137,98514,79,7950,,,,,,,,12,,4:54.21,,,,,1133,True,Distance,0,0,0.0,M,False,3,2025-03-22,2025-03-22,False,,,,,,
39138,98515,88,2553,,,,,,,,12,,4:54.39,,,,,1133,True,Distance,0,0,0.0,M,False,3,2025-03-22,2025-03-22,False,,,,,,
39139,98516,88,11490,,,,,,,,12,,5:01.15,,,,,1133,True,Distance,0,0,0.0,M,False,3,2025-03-22,2025-03-22,False,,,,,,
39140,98517,88,21,,,,,,,,12,,5:01.55,,,,,1133,True,Distance,0,0,0.0,M,False,3,2025-03-22,2025-03-22,False,,,,,,
39141,98518,88,18974,,,,,,,,12,,5:01.61,,,,,1133,True,Distance,0,0,0.0,M,False,3,2025-03-22,2025-03-22,False,,,,,,
39142,98519,79,509,,,,,,,,12,,5:02.39,,,,,1133,True,Distance,0,0,0.0,M,False,3,2025-03-22,2025-03-22,False,,,,,,
39143,98520,90,531,,,,,,,,12,,5:02.73,,,,,1133,True,Distance,0,0,0.0,M,False,3,2025-03-22,2025-03-22,False,,,,,,
39144,98521,79,2575,,,,,,,,12,,5:03.93,,,,,1133,True,Distance,0,0,0.0,M,False,3,2025-03-22,2025-03-22,False,,,,,,
39145,98522,79,4581,,,,,,,,12,,5:06.10,,,,,1133,True,Distance,0,0,0.0,M,False,3,2025-03-22,2025-03-22,False,,,,,,
39146,98524,79,7953,,,,,,,,12,,5:10.46,,,,,1133,True,Distance,0,0,0.0,M,False,3,2025-03-22,2025-03-22,False,,,,,,
39147,98525,90,552,,,,,,,,12,,5:11.33,,,,,1133,True,Distance,0,0,0.0,M,False,3,2025-03-22,2025-03-22,False,,,,,,
39148,98526,90,26106,,,,,,,,12,,5:11.57,,,,,1133,True,Distance,0,0,0.0,M,False,3,2025-03-22,2025-03-22,False,,,,,,
39149,98527,63,2598,,,,,,,,12,,5:13.25,,,,,1133,True,Distance,0,0,0.0,M,False,3,2025-03-22,2025-03-22,False,,,,,,
39150,98528,90,11507,,,,,,,,12,,5:14.80,,,,,1133,True,Distance,0,0,0.0,M,False,3,2025-03-22,2025-03-22,False,,,,,,
39151,98529,88,5828,,,,,,,,12,,5:14.84,,,,,1133,True,Distance,0,0,0.0,M,False,3,2025-03-22,2025-03-22,False,,,,,,
39152,98530,88,2554,,,,,,,,12,,5:17.52,,,,,1133,True,Distance,0,0,0.0,M,False,3,2025-03-22,2025-03-22,False,,,,,,
39153,98531,79,5050,,,,,,,,12,,5:19.47,,,,,1133,True,Distance,0,0,0.0,M,False,3,2025-03-22,2025-03-22,False,,,,,,
39154,98532,79,3613,,,,,,,,12,,5:22.42,,,,,1133,True,Distance,0,0,0.0,M,False,3,2025-03-22,2025-03-22,False,,,,,,
39155,98533,90,2593,,,,,,,,12,,5:31.20,,,,,1133,True,Distance,0,0,0.0,M,False,3,2025-03-22,2025-03-22,False,,,,,,
39156,98534,100,26108,,,,,,,,12,,5:35.39,,,,,1133,True,Distance,0,0,0.0,M,False,3,2025-03-22,2025-03-22,False,,,,,,
39157,98535,76,26097,,,,,,,,12,,5:36.71,,,,,1133,True,Distance,0,0,0.0,M,False,3,2025-03-22,2025-03-22,False,,,,,,
39158,98536,79,2559,,,,,,,,12,,5:37.48,,,,,1133,True,Distance,0,0,0.0,M,False,3,2025-03-22,2025-03-22,False,,,,,,
39159,98537,79,18975,,,,,,,,12,,5:37.52,,,,,1133,True,Distance,0,0,0.0,M,False,3,2025-03-22,2025-03-22,False,,,,,,
39160,98538,79,26094,,,,,,,,12,,5:37.54,,,,,1133,True,Distance,0,0,0.0,M,False,3,2025-03-22,2025-03-22,False,,,,,,
39161,98539,79,26089,,,,,,,,12,,5:37.56,,,,,1133,True,Distance,0,0,0.0,M,False,3,2025-03-22,2025-03-22,False,,,,,,
39162,98540,88,2583,,,,,,,,12,,5:44.01,,,,,1133,True,Distance,0,0,0.0,M,False,3,2025-03-22,2025-03-22,False,,,,,,
39163,98541,88,556,,,,,,,,12,,5:44.68,,,,,1133,True,Distance,0,0,0.0,M,False,3,2025-03-22,2025-03-22,False,,,,,,
39164,98542,88,517,,,,,,,,12,,5:46.27,,,,,1133,True,Distance,0,0,0.0,M,False,3,2025-03-22,2025-03-22,False,,,,,,
39165,98543,88,550,,,,,,,,12,,5:47.56,,,,,1133,True,Distance,0,0,0.0,M,False,3,2025-03-22,2025-03-22,False,,,,,,
39166,98544,76,26112,,,,,,,,12,,5:55.21,,,,,1133,True,Distance,0,0,0.0,M,False,3,2025-03-22,2025-03-22,False,,,,,,
39167,98545,79,4585,,,,,,,,12,,5:55.97,,,,,1133,True,Distance,0,0,0.0,M,False,3,2025-03-22,2025-03-22,False,,,,,,
39168,98546,138,770,,,,,,,,12,,6:03.92,,,,,1133,True,Distance,0,0,0.0,M,False,3,2025-03-22,2025-03-22,False,,,,,,
39169,98547,90,23458,,,,,,,,12,,6:36.94,,,,,1133,True,Distance,0,0,0.0,M,False,3,2025-03-22,2025-03-22,False,,,,,,
39170,98548,79,25849,,,,,,,,12,,6:36.98,,,,,1133,True,Distance,0,0,0.0,M,False,3,2025-03-22,2025-03-22,False,,,,,,
39171,98549,79,3609,,,,,,,,12,,7:47.61,,,,,1133,True,Distance,0,0,0.0,M,False,3,2025-03-22,2025-03-22,False,,,,,,
39196,98575,88,507,,,,,,,,15,,9:58.19,,,,,1133,True,Distance,0,0,0.0,M,False,3,2025-03-22,2025-03-22,False,,,,,,
39197,98576,99,23415,,,,,,,,15,,9:58.30,,,,,1133,True,Distance,0,0,0.0,M,False,3,2025-03-22,2025-03-22,False,,,,,,
39198,98578,79,523,,,,,,,,15,,10:13.53,,,,,1133,True,Distance,0,0,0.0,M,False,3,2025-03-22,2025-03-22,False,,,,,,
39199,98579,138,16126,,,,,,,,15,,10:25.06,,,,,1133,True,Distance,0,0,0.0,M,False,3,2025-03-22,2025-03-22,False,,,,,,
39200,98580,90,2566,,,,,,,,15,,10:37.25,,,,,1133,True,Distance,0,0,0.0,M,False,3,2025-03-22,2025-03-22,False,,,,,,
39201,98581,79,7950,,,,,,,,15,,10:39.89,,,,,1133,True,Distance,0,0,0.0,M,False,3,2025-03-22,2025-03-22,False,,,,,,
39202,98582,138,4704,,,,,,,,15,,10:47.26,,,,,1133,True,Distance,0,0,0.0,M,False,3,2025-03-22,2025-03-22,False,,,,,,
39203,98583,90,531,,,,,,,,15,,10:49.76,,,,,1133,True,Distance,0,0,0.0,M,False,3,2025-03-22,2025-03-22,False,,,,,,
39204,98584,88,521,,,,,,,,15,,10:53.77,,,,,1133,True,Distance,0,0,0.0,M,False,3,2025-03-22,2025-03-22,False,,,,,,
39205,98585,88,2560,,,,,,,,15,,10:56.39,,,,,1133,True,Distance,0,0,0.0,M,False,3,2025-03-22,2025-03-22,False,,,,,,
39206,98586,138,730,,,,,,,,15,,10:58.23,,,,,1133,True,Distance,0,0,0.0,M,False,3,2025-03-22,2025-03-22,False,,,,,,
39207,98587,79,20429,,,,,,,,15,,11:08.53,,,,,1133,True,Distance,0,0,0.0,M,False,3,2025-03-22,2025-03-22,False,,,,,,
39208,98588,79,515,,,,,,,,15,,11:16.26,,,,,1133,True,Distance,0,0,0.0,M,False,3,2025-03-22,2025-03-22,False,,,,,,
39209,98589,90,552,,,,,,,,15,,11:18.49,,,,,1133,True,Distance,0,0,0.0,M,False,3,2025-03-22,2025-03-22,False,,,,,,
39210,98590,88,11490,,,,,,,,15,,11:23.32,,,,,1133,True,Distance,0,0,0.0,M,False,3,2025-03-22,2025-03-22,False,,,,,,
39211,98591,90,11507,,,,,,,,15,,11:37.28,,,,,1133,True,Distance,0,0,0.0,M,False,3,2025-03-22,2025-03-22,False,,,,,,
39212,98592,138,16134,,,,,,,,15,,11:51.34,,,,,1133,True,Distance,0,0,0.0,M,False,3,2025-03-22,2025-03-22,False,,,,,,
39213,98593,79,26089,,,,,,,,15,,12:12.51,,,,,1133,True,Distance,0,0,0.0,M,False,3,2025-03-22,2025-03-22,False,,,,,,
39214,98594,79,18975,,,,,,,,15,,12:12.57,,,,,1133,True,Distance,0,0,0.0,M,False,3,2025-03-22,2025-03-22,False,,,,,,
39215,98595,88,517,,,,,,,,15,,12:26.90,,,,,1133,True,Distance,0,0,0.0,M,False,3,2025-03-22,2025-03-22,False,,,,,,
39216,98596,79,3613,,,,,,,,15,,12:28.43,,,,,1133,True,Distance,0,0,0.0,M,False,3,2025-03-22,2025-03-22,False,,,,,,
39217,98597,79,2559,,,,,,,,15,,12:37.35,,,,,1133,True,Distance,0,0,0.0,M,False,3,2025-03-22,2025-03-22,False,,,,,,
39218,98598,88,550,,,,,,,,15,,12:50.17,,,,,1133,True,Distance,0,0,0.0,M,False,3,2025-03-22,2025-03-22,False,,,,,,
39219,98599,76,26112,,,,,,,,15,,13:38.77,,,,,1133,True,Distance,0,0,0.0,M,False,3,2025-03-22,2025-03-22,False,,,,,,
39220,98600,88,556,,,,,,,,15,,15:21.66,,,,,1133,True,Distance,0,0,0.0,M,False,3,2025-03-22,2025-03-22,False,,,,,,
39221,98601,88,2583,,,,,,,,15,,15:27.84,,,,,1133,True,Distance,0,0,0.0,M,False,3,2025-03-22,2025-03-22,False,,,,,,
39222,98602,79,3609,,,,,,,,15,,20:15.10,,,,,1133,True,Distance,0,0,0.0,M,False,3,2025-03-22,2025-03-22,False,,,,,,
39229,98523,79,7952,,,,,,,,12,,5:07.20,,,,,1133,True,Distance,0,0,0.0,M,False,3,2025-03-22,2025-03-22,False,,,,,,
39230,98577,138,2471,,,,,,,,15,,10:12.42,,,,,1133,True,Distance,0,0,0.0,M,False,3,2025-03-22,2025-03-22,False,,,,,,
39238,98617,223,26114,,,,,,,,21,,48.02,,,,,1133,True,Relays,569,972,1055.0,M,False,3,2025-03-22,2025-03-22,False,90.44,,894.74,,410,
39240,98620,223,26114,,,,,,,,24,,3:46.35,,,,,1133,True,Relays,585,1004,1087.0,M,False,3,2025-03-22,2025-03-22,False,81.27,,1057.34,,475,
39241,98621,63,25152,,,,,,,,24,,3:46.41,,,,,1133,True,Relays,584,1004,1086.0,M,False,3,2025-03-22,2025-03-22,False,81.25,,1056.84,,474,
39243,98623,90,19769,,,,,,,,24,,3:55.93,,,,,1133,True,Relays,485,930,950.0,M,False,3,2025-03-22,2025-03-22,False,77.48,,981.29,,404,
39244,98624,100,26115,,,,,,,,24,,4:05.13,,,,,1133,True,Relays,398,861,828.5,M,False,3,2025-03-22,2025-03-22,False,74.16,,913.85,,340,
39245,98625,76,26116,,,,,,,,24,,4:12.58,,,,,1133,True,Relays,334,807,737.5,M,False,3,2025-03-22,2025-03-22,False,71.67,,862.84,,293,
39444,98799,132,18965,,,,,,,,12,,4:32.36,,,,,1133,True,Distance,0,0,0.0,M,False,3,2025-03-22,2025-03-22,False,,,,,,
39445,98800,132,678,,,,,,,,12,,4:41.77,,,,,1133,True,Distance,0,0,0.0,M,False,3,2025-03-22,2025-03-22,False,,,,,,
39446,98801,132,25639,,,,,,,,12,,4:42.38,,,,,1133,True,Distance,0,0,0.0,M,False,3,2025-03-22,2025-03-22,False,,,,,,
39447,98802,132,18969,,,,,,,,12,,4:53.96,,,,,1133,True,Distance,0,0,0.0,M,False,3,2025-03-22,2025-03-22,False,,,,,,
39448,98803,132,699,,,,,,,,12,,4:57.98,,,,,1133,True,Distance,0,0,0.0,M,False,3,2025-03-22,2025-03-22,False,,,,,,
39449,98804,132,3153,,,,,,,,12,,5:10.89,,,,,1133,True,Distance,0,0,0.0,M,False,3,2025-03-22,2025-03-22,False,,,,,,
39450,98805,132,26137,,,,,,,,12,,5:37.13,,,,,1133,True,Distance,0,0,0.0,M,False,3,2025-03-22,2025-03-22,False,,,,,,
39452,98807,132,25639,,,,,,,,9,,2:07.01,,,,,1133,True,Distance,598,1040,1118.0,M,False,3,2025-03-22,2025-03-22,False,66.89,,669.52,,532,
39453,98808,132,18969,,,,,,,,9,,2:10.60,,,,,1133,True,Distance,522,980,1012.0,M,False,3,2025-03-22,2025-03-22,False,64.75,,626.5,,479,
39454,98809,132,18965,,,,,,,,15,,9:54.89,,,,,1133,True,Distance,0,0,0.0,M,False,3,2025-03-22,2025-03-22,False,,,,,,
39455,98810,132,699,,,,,,,,15,,10:38.06,,,,,1133,True,Distance,0,0,0.0,M,False,3,2025-03-22,2025-03-22,False,,,,,,
39456,98811,132,18994,,,,,,,,15,,11:10.84,,,,,1133,True,Distance,0,0,0.0,M,False,3,2025-03-22,2025-03-22,False,,,,,,
39647,98618,88,517,,2583.0,,550.0,,556.0,,21,,54.43,,,,,1133,True,Relays,280,739,649.5,M,False,3,2025-03-22,2025-03-22,False,77.52,,667.01,,168,
39716,98813,88,24595,Fr,,,,,,,11,,4:01.98,,,,,1134,True,Distance,831,1190,1426.0,M,False,3,2025-03-20,2025-03-22,False,69.45,,811.08,,674,
40037,98619,88,25672,,25165.0,,3092.0,,530.0,,24,,3:35.38,,,,,1133,True,Relays,710,1093,1256.5,M,False,3,2025-03-22,2025-03-22,False,86.08,,1152.73,,564,
40038,98468,79,25853,,,,,,,,9,,2:05.08,,,,,1133,True,Distance,641,1073,1177.5,M,False,3,2025-03-22,2025-03-22,False,68.11,,693.67,,561,
40063,98814,88,24595,Fr,,,,,,,9,,1:58.26,,,,,1134,True,Distance,804,1193,1400.5,M,False,3,2025-03-20,2025-03-22,False,72.76,,785.31,,673,
40098,101294,167,467,,,,,,,,9,,1:57.89,,,,,1217,True,Distance,813,1200,1413.0,M,False,3,2025-03-28,2025-03-29,False,73.03,,790.58,,679,
40099,101295,167,673,,,,,,,,9,,1:59.86,,,,,1217,True,Distance,764,1165,1346.5,M,False,3,2025-03-28,2025-03-29,False,71.61,,762.87,,646,
40100,101296,167,19381,,,,,,,,9,,1:59.95,,,,,1217,True,Distance,762,1163,1343.5,M,False,3,2025-03-28,2025-03-29,False,71.55,,761.63,,644,
40101,101297,167,5248,,,,,,,,9,,2:00.00,,,,,1217,True,Distance,760,1162,1341.0,M,False,3,2025-03-28,2025-03-29,False,71.51,,760.94,,643,
40102,101298,167,26177,,,,,,,,9,,2:01.90,,,,,1217,True,Distance,714,1128,1278.0,M,False,3,2025-03-28,2025-03-29,False,70.2,,735.12,,612,
40103,101299,167,5289,,,,,,,,9,,2:02.48,,,,,1217,True,Distance,701,1118,1260.0,M,False,3,2025-03-28,2025-03-29,False,69.81,,727.4,,602,
40104,101301,167,19386,,,,,,,,9,,2:03.03,,,,,1217,True,Distance,688,1108,1242.0,M,False,3,2025-03-28,2025-03-29,False,69.44,,720.14,,594,
40105,101302,167,8108,,,,,,,,9,,2:03.33,,,,,1217,True,Distance,681,1103,1232.5,M,False,3,2025-03-28,2025-03-29,False,69.24,,716.21,,589,
40106,101303,167,704,,,,,,,,9,,2:03.79,,,,,1217,True,Distance,670,1095,1217.5,M,False,3,2025-03-28,2025-03-29,False,68.94,,710.23,,582,
40107,101304,167,19384,,,,,,,,9,,2:05.50,,,,,1217,True,Distance,631,1066,1164.0,M,False,3,2025-03-28,2025-03-29,False,67.84,,688.35,,555,
40108,101305,167,3011,,,,,,,,9,,2:07.12,,,,,1217,True,Distance,596,1038,1115.0,M,False,3,2025-03-28,2025-03-29,False,66.83,,668.16,,530,
40109,101306,167,685,,,,,,,,9,,2:07.95,,,,,1217,True,Distance,578,1024,1090.0,M,False,3,2025-03-28,2025-03-29,False,66.32,,658.02,,518,
40110,101307,167,710,,,,,,,,9,,2:08.07,,,,,1217,True,Distance,575,1022,1086.0,M,False,3,2025-03-28,2025-03-29,False,66.25,,656.57,,516,
40111,101308,167,18977,,,,,,,,9,,2:08.47,,,,,1217,True,Distance,567,1015,1074.5,M,False,3,2025-03-28,2025-03-29,False,66.0,,651.73,,510,
40112,101309,167,5230,,,,,,,,9,,2:08.59,,,,,1217,True,Distance,564,1013,1070.5,M,False,3,2025-03-28,2025-03-29,False,65.93,,650.29,,508,
40113,101310,167,19387,,,,,,,,9,,2:08.93,,,,,1217,True,Distance,557,1008,1061.0,M,False,3,2025-03-28,2025-03-29,False,65.73,,646.21,,503,
40114,101311,167,743,,,,,,,,9,,2:11.06,,,,,1217,True,Distance,513,973,999.5,M,False,3,2025-03-28,2025-03-29,False,64.48,,621.16,,473,
40115,101312,167,740,,,,,,,,9,,2:11.91,,,,,1217,True,Distance,496,959,975.5,M,False,3,2025-03-28,2025-03-29,False,63.99,,611.39,,461,
40116,101313,167,19006,,,,,,,,9,,2:15.00,,,,,1217,True,Distance,437,909,891.5,M,False,3,2025-03-28,2025-03-29,False,62.29,,576.9,,419,
40117,101314,167,19013,,,,,,,,9,,2:15.87,,,,,1217,True,Distance,421,896,869.0,M,False,3,2025-03-28,2025-03-29,False,61.82,,567.47,,408,
40118,101315,167,794,,,,,,,,9,,2:16.80,,,,,1217,True,Distance,404,881,844.5,M,False,3,2025-03-28,2025-03-29,False,61.33,,557.53,,395,
40119,101316,167,466,,,,,,,,11,,4:01.49,,,,,1217,True,Distance,837,1193,1433.5,M,False,3,2025-03-28,2025-03-29,False,69.61,,814.39,,678,
40120,101317,167,673,,,,,,,,11,,4:04.75,,,,,1217,True,Distance,799,1168,1383.0,M,False,3,2025-03-28,2025-03-29,False,68.55,,792.6,,651,
40121,101318,167,667,,,,,,,,11,,4:07.69,,,,,1217,True,Distance,766,1144,1338.0,M,False,3,2025-03-28,2025-03-29,False,67.62,,773.44,,628,
40122,101319,167,8108,,,,,,,,11,,4:13.05,,,,,1217,True,Distance,707,1103,1258.5,M,False,3,2025-03-28,2025-03-29,False,66.0,,739.65,,587,
40123,101320,167,704,,,,,,,,11,,4:13.05,,,,,1217,True,Distance,707,1103,1258.5,M,False,3,2025-03-28,2025-03-29,False,66.0,,739.65,,587,
40124,101322,167,710,,,,,,,,11,,4:13.67,,,,,1217,True,Distance,701,1098,1250.0,M,False,3,2025-03-28,2025-03-29,False,65.81,,735.83,,582,
40125,101323,167,685,,,,,,,,11,,4:15.58,,,,,1217,True,Distance,680,1083,1221.5,M,False,3,2025-03-28,2025-03-29,False,65.26,,724.19,,568,
40126,101324,167,19384,,,,,,,,11,,4:17.43,,,,,1217,True,Distance,661,1069,1195.5,M,False,3,2025-03-28,2025-03-29,False,64.72,,713.08,,554,
40127,101325,167,2540,,,,,,,,11,,4:17.86,,,,,1217,True,Distance,657,1066,1190.0,M,False,3,2025-03-28,2025-03-29,False,64.6,,710.53,,551,
40128,101326,167,26177,,,,,,,,11,,4:19.67,,,,,1217,True,Distance,638,1052,1164.0,M,False,3,2025-03-28,2025-03-29,False,64.09,,699.84,,538,
40129,101327,167,26182,,,,,,,,11,,4:21.31,,,,,1217,True,Distance,621,1040,1141.0,M,False,3,2025-03-28,2025-03-29,False,63.64,,690.3,,526,
40130,101300,167,19376,,,,,,,,9,,2:02.86,,,,,1217,True,Distance,692,1111,1247.5,M,False,3,2025-03-28,2025-03-29,False,69.56,,722.38,,596,
40131,101321,167,19376,,,,,,,,11,,4:13.57,,,,,1217,True,Distance,702,1099,1251.5,M,False,3,2025-03-28,2025-03-29,False,65.84,,736.45,,583,
40621,99432,86,19768,,,,,,,,24,,5:11.55,,,,,1143,True,Relays,25,443,246.5,M,False,3,2025-03-22,2025-03-22,False,56.52,,545.17,,0,
40671,101328,167,681,,,,,,,,11,,4:21.60,,,,,1217,True,Distance,619,1038,1138.0,M,False,3,2025-03-28,2025-03-29,False,63.56,,688.62,,524,
40672,101329,167,3011,,,,,,,,11,,4:24.73,,,,,1217,True,Distance,588,1015,1095.5,M,False,3,2025-03-28,2025-03-29,False,62.7,,670.76,,503,
40673,101330,167,18977,,,,,,,,11,,4:24.91,,,,,1217,True,Distance,586,1013,1092.5,M,False,3,2025-03-28,2025-03-29,False,62.66,,669.75,,501,
40674,101331,167,742,,,,,,,,11,,4:27.82,,,,,1217,True,Distance,558,992,1054.0,M,False,3,2025-03-28,2025-03-29,False,61.89,,653.54,,482,
40675,101332,167,743,,,,,,,,11,,4:27.89,,,,,1217,True,Distance,557,992,1053.0,M,False,3,2025-03-28,2025-03-29,False,61.87,,653.16,,481,
40676,101333,167,25030,,,,,,,,11,,4:29.19,,,,,1217,True,Distance,545,982,1036.0,M,False,3,2025-03-28,2025-03-29,False,61.53,,646.04,,472,
40677,101334,167,696,,,,,,,,11,,4:30.97,,,,,1217,True,Distance,528,969,1012.5,M,False,3,2025-03-28,2025-03-29,False,61.07,,636.39,,461,
40678,101335,167,5230,,,,,,,,11,,4:31.88,,,,,1217,True,Distance,520,963,1001.5,M,False,3,2025-03-28,2025-03-29,False,60.84,,631.51,,455,
40679,101336,167,711,,,,,,,,11,,4:34.10,,,,,1217,True,Distance,499,947,972.5,M,False,3,2025-03-28,2025-03-29,False,60.29,,619.74,,440,
40680,101337,167,695,,,,,,,,11,,4:35.05,,,,,1217,True,Distance,491,940,961.0,M,False,3,2025-03-28,2025-03-29,False,60.05,,614.77,,434,
40681,101338,167,18986,,,,,,,,11,,4:36.51,,,,,1217,True,Distance,478,930,943.0,M,False,3,2025-03-28,2025-03-29,False,59.69,,607.18,,425,
40682,101339,167,740,,,,,,,,11,,4:38.46,,,,,1217,True,Distance,461,916,919.0,M,False,3,2025-03-28,2025-03-29,False,59.22,,597.17,,413,
40683,101340,167,19385,,,,,,,,11,,4:38.53,,,,,1217,True,Distance,460,916,918.0,M,False,3,2025-03-28,2025-03-29,False,59.21,,596.82,,412,
40684,101341,167,760,,,,,,,,11,,4:41.91,,,,,1217,True,Distance,432,892,878.0,M,False,3,2025-03-28,2025-03-29,False,58.41,,579.81,,392,
40685,101342,167,19006,,,,,,,,11,,4:45.02,,,,,1217,True,Distance,406,871,841.5,M,False,3,2025-03-28,2025-03-29,False,57.69,,564.52,,373,
40686,101343,167,19013,,,,,,,,11,,4:47.30,,,,,1217,True,Distance,388,855,815.5,M,False,3,2025-03-28,2025-03-29,False,57.17,,553.52,,360,
40687,101344,167,18971,,,,,,,,17,,15:51.79,,,,,1217,True,Distance,662,1065,1194.5,M,False,3,2025-03-28,2025-03-29,False,65.23,,746.18,,567,
40688,101345,167,695,,,,,,,,17,,16:51.30,,,,,1217,True,Distance,510,957,988.5,M,False,3,2025-03-28,2025-03-29,False,60.79,,658.11,,461,
40689,101346,167,704,,,,,,,,17,,17:03.70,,,,,1217,True,Distance,481,935,948.5,M,False,3,2025-03-28,2025-03-29,False,59.94,,641.05,,440,
40690,101347,167,18977,,,,,,,,17,,17:09.73,,,,,1217,True,Distance,467,925,929.5,M,False,3,2025-03-28,2025-03-29,False,59.53,,632.9,,430,
40691,101348,167,711,,,,,,,,17,,17:22.20,,,,,1217,True,Distance,439,904,891.0,M,False,3,2025-03-28,2025-03-29,False,58.7,,616.35,,411,
40692,101349,167,760,,,,,,,,17,,17:58.71,,,,,1217,True,Distance,362,842,783.0,M,False,3,2025-03-28,2025-03-29,False,56.4,,570.09,,355,
40693,101350,167,19002,,,,,,,,17,,18:01.41,,,,,1217,True,Distance,357,838,776.0,M,False,3,2025-03-28,2025-03-29,False,56.23,,566.79,,351,
40694,101351,167,2608,,,,,,,,17,,18:40.42,,,,,1217,True,Distance,283,775,670.5,M,False,3,2025-03-28,2025-03-29,False,53.96,,520.93,,295,
40695,101352,167,19375,,,,,,,,18,,30:55.89,,,,,1217,True,Distance,877,1196,1475.0,M,False,3,2025-03-28,2025-03-29,False,70.22,,858.84,,715,
40696,101353,167,2584,,,,,,,,18,,31:41.41,,,,,1217,True,Distance,816,1156,1394.0,M,False,3,2025-03-28,2025-03-29,False,68.25,,820.88,,670,
40697,101354,167,669,,,,,,,,18,,32:32.76,,,,,1217,True,Distance,751,1110,1306.0,M,False,3,2025-03-28,2025-03-29,False,66.14,,780.18,,622,
40698,101355,167,712,,,,,,,,18,,34:15.86,,,,,1217,True,Distance,627,1022,1138.0,M,False,3,2025-03-28,2025-03-29,False,62.27,,704.61,,532,
40699,101356,167,702,,,,,,,,18,,35:54.85,,,,,1217,True,Distance,518,941,988.5,M,False,3,2025-03-28,2025-03-29,False,58.92,,638.86,,454,
40758,98860,173,19621,,,,,,,,9,,2:02.04,,,,,1135,True,Distance,711,1126,1274.0,M,False,3,2025-03-22,2025-03-22,False,70.11,,733.25,,610,
40759,98861,188,25911,,,,,,,,9,,2:03.02,,,,,1135,True,Distance,688,1109,1242.5,M,False,3,2025-03-22,2025-03-22,False,69.45,,720.28,,594,
40760,98862,205,25269,,,,,,,,9,,2:03.41,,,,,1135,True,Distance,679,1102,1230.0,M,False,3,2025-03-22,2025-03-22,False,69.19,,715.17,,588,
40761,98864,188,18879,,,,,,,,9,,2:06.94,,,,,1135,True,Distance,600,1041,1120.5,M,False,3,2025-03-22,2025-03-22,False,66.94,,670.38,,533,
40762,98865,188,23571,,,,,,,,9,,2:09.02,,,,,1135,True,Distance,555,1006,1058.0,M,False,3,2025-03-22,2025-03-22,False,65.67,,645.14,,502,
40763,98867,205,19641,,,,,,,,9,,2:14.35,,,,,1135,True,Distance,449,920,909.0,M,False,3,2025-03-22,2025-03-22,False,62.64,,584.02,,428,
40764,98868,188,926,,,,,,,,9,,2:16.55,,,,,1135,True,Distance,408,885,850.5,M,False,3,2025-03-22,2025-03-22,False,61.46,,560.19,,399,
40765,98869,188,18878,,,,,,,,9,,2:18.18,,,,,1135,True,Distance,380,860,810.0,M,False,3,2025-03-22,2025-03-22,False,60.62,,543.02,,378,
40766,98870,188,18901,,,,,,,,9,,2:21.15,,,,,1135,True,Distance,330,815,737.5,M,False,3,2025-03-22,2025-03-22,False,59.14,,512.75,,341,
40767,98871,191,18897,,,,,,,,9,,2:23.15,,,,,1135,True,Distance,298,785,690.5,M,False,3,2025-03-22,2025-03-22,False,58.18,,493.08,,317,
40768,98873,188,24654,,,,,,,,9,,2:34.75,,,,,1135,True,Distance,146,624,458.0,M,False,3,2025-03-22,2025-03-22,False,53.17,,389.0,,190,
40769,98874,205,26143,,,,,,,,9,,2:40.03,,,,,1135,True,Distance,95,556,373.0,M,False,3,2025-03-22,2025-03-22,False,51.16,,346.62,,138,
40770,98875,191,5736,,,,,,,,9,,2:54.17,,,,,1135,True,Distance,12,395,209.5,M,False,3,2025-03-22,2025-03-22,False,46.42,,245.78,,15,
40771,98876,188,25000,,,,,,,,13,,4:27.69,,,,,1135,True,Distance,761,1136,1329.0,M,False,3,2025-03-22,2025-03-22,False,67.57,,778.7,,628,
40772,98877,188,3547,,,,,,,,13,,4:32.45,,,,,1135,True,Distance,713,1101,1263.5,M,False,3,2025-03-22,2025-03-22,False,66.23,,750.85,,594,
40773,98878,188,5013,,,,,,,,13,,4:34.71,,,,,1135,True,Distance,690,1085,1232.5,M,False,3,2025-03-22,2025-03-22,False,65.62,,737.97,,578,
40774,98879,188,3539,,,,,,,,13,,4:39.97,,,,,1135,True,Distance,639,1048,1163.0,M,False,3,2025-03-22,2025-03-22,False,64.22,,708.79,,542,
40775,98880,188,3543,,,,,,,,13,,4:40.67,,,,,1135,True,Distance,633,1043,1154.5,M,False,3,2025-03-22,2025-03-22,False,64.04,,704.99,,538,
40776,98881,188,882,,,,,,,,13,,4:41.96,,,,,1135,True,Distance,621,1034,1138.0,M,False,3,2025-03-22,2025-03-22,False,63.71,,698.04,,529,
40777,98883,188,885,,,,,,,,13,,4:44.13,,,,,1135,True,Distance,601,1019,1110.5,M,False,3,2025-03-22,2025-03-22,False,63.16,,686.48,,515,
40778,98884,174,1856,,,,,,,,13,,4:47.05,,,,,1135,True,Distance,574,999,1073.5,M,False,3,2025-03-22,2025-03-22,False,62.43,,671.21,,497,
40779,98885,173,19622,,,,,,,,13,,4:48.18,,,,,1135,True,Distance,564,992,1060.0,M,False,3,2025-03-22,2025-03-22,False,62.16,,665.38,,489,
40780,98888,188,23571,,,,,,,,13,,4:55.84,,,,,1135,True,Distance,498,940,968.0,M,False,3,2025-03-22,2025-03-22,False,60.35,,627.05,,443,
40781,98889,188,18878,,,,,,,,13,,5:03.82,,,,,1135,True,Distance,433,888,877.0,M,False,3,2025-03-22,2025-03-22,False,58.56,,589.18,,397,
40782,98891,188,5735,,,,,,,,13,,5:11.05,,,,,1135,True,Distance,379,842,800.0,M,False,3,2025-03-22,2025-03-22,False,57.04,,556.54,,357,
40783,98892,188,18901,,,,,,,,13,,5:17.55,,,,,1135,True,Distance,333,802,734.0,M,False,3,2025-03-22,2025-03-22,False,55.73,,528.47,,322,
40784,98893,174,1847,,,,,,,,13,,5:18.20,,,,,1135,True,Distance,328,798,727.0,M,False,3,2025-03-22,2025-03-22,False,55.6,,525.72,,319,
40785,98894,206,26144,,,,,,,,13,,5:20.05,,,,,1135,True,Distance,316,787,709.5,M,False,3,2025-03-22,2025-03-22,False,55.24,,517.97,,310,
40786,98895,206,5130,,,,,,,,13,,5:27.19,,,,,1135,True,Distance,270,744,642.0,M,False,3,2025-03-22,2025-03-22,False,53.89,,488.88,,274,
40787,98896,209,3067,,,,,,,,13,,5:28.38,,,,,1135,True,Distance,263,737,631.5,M,False,3,2025-03-22,2025-03-22,False,53.67,,484.16,,268,
40788,98897,188,944,,,,,,,,13,,5:28.84,,,,,1135,True,Distance,260,734,627.0,M,False,3,2025-03-22,2025-03-22,False,53.58,,482.34,,266,
40789,98898,188,24654,,,,,,,,13,,5:31.71,,,,,1135,True,Distance,243,718,602.0,M,False,3,2025-03-22,2025-03-22,False,53.06,,471.12,,253,
40790,98899,188,938,,,,,,,,13,,5:54.29,,,,,1135,True,Distance,129,593,425.5,M,False,3,2025-03-22,2025-03-22,False,49.29,,389.15,,153,
40791,98900,188,26145,,,,,,,,13,,5:55.92,,,,,1135,True,Distance,122,584,414.0,M,False,3,2025-03-22,2025-03-22,False,49.04,,383.64,,146,
40792,98901,173,26146,,,,,,,,13,,6:16.13,,,,,1135,True,Distance,53,484,295.0,M,False,3,2025-03-22,2025-03-22,False,46.1,,319.23,,67,
40793,98902,191,5736,,,,,,,,13,,6:19.69,,,,,1135,True,Distance,43,467,276.5,M,False,3,2025-03-22,2025-03-22,False,45.62,,308.6,,54,
40794,98905,188,3545,,,,,,,,16,,10:43.36,,,,,1135,True,Distance,0,0,0.0,M,False,3,2025-03-22,2025-03-22,False,,,,,,
40795,98906,188,1865,,,,,,,,16,,11:16.87,,,,,1135,True,Distance,0,0,0.0,M,False,3,2025-03-22,2025-03-22,False,,,,,,
40796,98907,188,18567,,,,,,,,16,,11:17.49,,,,,1135,True,Distance,0,0,0.0,M,False,3,2025-03-22,2025-03-22,False,,,,,,
40797,98908,188,916,,,,,,,,16,,11:19.27,,,,,1135,True,Distance,0,0,0.0,M,False,3,2025-03-22,2025-03-22,False,,,,,,
40798,98909,188,885,,,,,,,,16,,11:35.17,,,,,1135,True,Distance,0,0,0.0,M,False,3,2025-03-22,2025-03-22,False,,,,,,
40799,98910,188,936,,,,,,,,16,,12:23.10,,,,,1135,True,Distance,0,0,0.0,M,False,3,2025-03-22,2025-03-22,False,,,,,,
40800,98911,188,26147,,,,,,,,21,,46.85,,,,,1135,True,Relays,633,1018,1142.0,M,False,3,2025-03-22,2025-03-22,False,93.25,,943.03,,461,
40801,98912,205,26148,,,,,,,,21,,48.31,,,,,1135,True,Relays,554,961,1034.5,M,False,3,2025-03-22,2025-03-22,False,89.77,,883.13,,398,
40802,98913,206,25702,,,,,,,,21,,49.15,,,,,1135,True,Relays,511,929,975.5,M,False,3,2025-03-22,2025-03-22,False,87.87,,850.28,,363,
40803,98914,188,26147,,,,,,,,26,,9:20.65,,,,,1135,True,Relays,0,0,0.0,M,False,3,2025-03-22,2025-03-22,False,,,,,,
40804,98915,206,25702,,,,,,,,26,,9:36.60,,,,,1135,True,Relays,0,0,0.0,M,False,3,2025-03-22,2025-03-22,False,,,,,,
40808,98866,206,25819,,,,,,,,9,,2:09.62,,,,,1135,True,Distance,543,996,1041.0,M,False,3,2025-03-22,2025-03-22,False,65.32,,638.01,,493,
40809,98872,205,25793,,,,,,,,9,,2:25.39,,,,,1135,True,Distance,265,752,641.0,M,False,3,2025-03-22,2025-03-22,False,57.15,,471.68,,291,
40810,98882,204,930,,,,,,,,13,,4:42.42,,,,,1135,True,Distance,616,1031,1131.5,M,False,3,2025-03-22,2025-03-22,False,63.59,,695.58,,526,
40812,98887,188,918,,,,,,,,13,,4:55.63,,,,,1135,True,Distance,500,942,971.0,M,False,3,2025-03-22,2025-03-22,False,60.39,,628.08,,444,
40813,98890,188,909,,,,,,,,13,,5:05.01,,,,,1135,True,Distance,424,880,864.0,M,False,3,2025-03-22,2025-03-22,False,58.31,,583.7,,390,
40814,98903,188,878,,,,,,,,16,,10:24.53,,,,,1135,True,Distance,0,0,0.0,M,False,3,2025-03-22,2025-03-22,False,,,,,,
40815,98886,188,886,,,,,,,,13,,4:53.53,,,,,1135,True,Distance,517,955,994.5,M,False,3,2025-03-22,2025-03-22,False,60.88,,638.4,,457,
40841,98950,191,25848,,,,,,,,26,,12:18.20,,,,,1135,True,Relays,0,0,0.0,M,False,3,2025-03-22,2025-03-22,False,,,,,,
40847,98956,19,2309,,,,,,,,9,,1:54.56,,,,,1136,True,Distance,900,1261,1530.5,M,False,3,2025-03-21,2025-03-22,False,75.55,,839.59,,739,
40848,98957,19,2306,,,,,,,,9,,2:00.99,,,,,1136,True,Distance,736,1144,1308.0,M,False,3,2025-03-21,2025-03-22,False,70.82,,747.38,,627,
40849,98958,19,2309,,,,,,,,11,,3:58.56,,,,,1136,True,Distance,871,1217,1479.5,M,False,3,2025-03-21,2025-03-22,False,70.58,,834.48,,702,
40850,98959,19,2306,,,,,,,,11,,4:14.51,,,,,1136,True,Distance,692,1092,1238.0,M,False,3,2025-03-21,2025-03-22,False,65.57,,730.69,,576,
40851,98960,19,23927,,,,,,,,17,,14:55.52,,,,,1136,True,Distance,823,1172,1409.0,M,False,3,2025-03-21,2025-03-22,False,70.0,,840.23,,681,
40921,99003,146,1421,,,,,,,,9,,2:27.16,,,,,1137,True,Distance,240,727,603.5,M,False,3,2025-03-22,2025-03-22,False,56.35,,455.24,,271,
40984,98997,146,1216,,,,,,,,9,,2:00.74,,,,,1137,True,Distance,742,1149,1316.5,M,False,3,2025-03-22,2025-03-22,False,71.0,,750.78,,631,
40985,98998,146,3687,,,,,,,,9,,2:04.95,,,,,1137,True,Distance,644,1075,1181.5,M,False,3,2025-03-22,2025-03-22,False,68.19,,695.32,,563,
40986,98999,146,24568,,,,,,,,9,,2:16.43,,,,,1137,True,Distance,410,887,853.5,M,False,3,2025-03-22,2025-03-22,False,61.53,,561.47,,400,
40987,99000,146,5271,,,,,,,,9,,2:20.34,,,,,1137,True,Distance,343,827,756.5,M,False,3,2025-03-22,2025-03-22,False,59.54,,520.88,,351,
40988,99001,146,11400,,,,,,,,9,,2:20.55,,,,,1137,True,Distance,340,824,752.0,M,False,3,2025-03-22,2025-03-22,False,59.43,,518.76,,348,
40989,99002,146,3725,,,,,,,,9,,2:21.61,,,,,1137,True,Distance,322,808,726.0,M,False,3,2025-03-22,2025-03-22,False,58.92,,508.17,,335,
40990,99004,146,24917,,,,,,,,9,,2:28.13,,,,,1137,True,Distance,227,713,583.5,M,False,3,2025-03-22,2025-03-22,False,55.92,,446.4,,260,
40991,99005,146,1216,,,,,,,,11,,4:09.30,,,,,1137,True,Distance,748,1132,1314.0,M,False,3,2025-03-22,2025-03-22,False,67.13,,763.14,,615,
40992,99006,146,22385,,,,,,,,11,,4:18.82,,,,,1137,True,Distance,647,1059,1176.5,M,False,3,2025-03-22,2025-03-22,False,64.33,,704.84,,544,
40993,99007,146,24568,,,,,,,,11,,4:38.82,,,,,1137,True,Distance,458,914,915.0,M,False,3,2025-03-22,2025-03-22,False,59.14,,595.34,,411,
40994,99008,146,3699,,,,,,,,11,,4:53.78,,,,,1137,True,Distance,338,812,744.0,M,False,3,2025-03-22,2025-03-22,False,55.75,,523.18,,323,
40995,99010,146,1309,,,,,,,,11,,5:19.10,,,,,1137,True,Distance,176,653,502.5,M,False,3,2025-03-22,2025-03-22,False,50.81,,416.47,,192,
40997,99012,146,11400,,,,,,,,14,,10:16.61,,,,,1137,True,Distance,406,864,838.0,M,False,3,2025-03-22,2025-03-22,False,57.06,,577.39,,368,
40998,99013,146,1309,,,,,,,,14,,11:05.24,,,,,1137,True,Distance,248,726,611.0,M,False,3,2025-03-22,2025-03-22,False,52.36,,478.73,,249,
40999,99014,146,1201,,,,,,,,17,,16:09.64,,,,,1137,True,Distance,614,1032,1130.0,M,False,3,2025-03-22,2025-03-22,False,63.84,,718.63,,534,
41000,99015,146,22385,,,,,,,,17,,16:48.95,,,,,1137,True,Distance,516,961,996.5,M,False,3,2025-03-22,2025-03-22,False,60.96,,661.39,,465,
41001,99016,146,1201,,,,,,,,18,,32:57.90,,,,,1137,True,Distance,719,1088,1263.0,M,False,3,2025-03-22,2025-03-22,False,65.16,,761.03,,599,
41002,99017,146,24921,,,,,,,,18,,34:35.38,,,,,1137,True,Distance,605,1006,1108.0,M,False,3,2025-03-22,2025-03-22,False,61.58,,691.15,,516,
41005,99020,146,21404,,,,,,,,21,,42.29,,,,,1137,True,Relays,914,1208,1518.0,M,False,3,2025-03-22,2025-03-22,False,105.98,,1156.75,,689,
41006,99021,146,21404,,,,,,,,24,,3:48.02,,,,,1137,True,Relays,567,991,1062.5,M,False,3,2025-03-22,2025-03-22,False,80.58,,1043.62,,462,
41393,99080,4,5788,,,,,,,,9,,1:54.21,,,,,1138,True,Distance,909,1268,1543.0,M,False,3,2025-03-22,2025-03-22,False,75.82,,844.91,,746,
41394,99081,4,5173,,,,,,,,9,,1:56.15,,,,,1138,True,Distance,858,1232,1474.0,M,False,3,2025-03-22,2025-03-22,False,74.33,,815.84,,710,
41395,99082,4,93,,,,,,,,9,,2:01.07,,,,,1138,True,Distance,734,1143,1305.5,M,False,3,2025-03-22,2025-03-22,False,70.77,,746.3,,625,
41396,99083,4,22530,,,,,,,,9,,2:01.17,,,,,1138,True,Distance,732,1141,1302.5,M,False,3,2025-03-22,2025-03-22,False,70.7,,744.94,,624,
41397,99084,4,25191,,,,,,,,9,,2:01.48,,,,,1138,True,Distance,724,1136,1292.0,M,False,3,2025-03-22,2025-03-22,False,70.49,,740.76,,619,
41398,99085,4,25881,,,,,,,,9,,2:01.48,,,,,1138,True,Distance,724,1136,1292.0,M,False,3,2025-03-22,2025-03-22,False,70.49,,740.76,,619,
41399,99086,4,25190,,,,,,,,9,,2:06.99,,,,,1138,True,Distance,598,1040,1118.0,M,False,3,2025-03-22,2025-03-22,False,66.91,,669.77,,532,
41400,99087,4,2945,,,,,,,,11,,4:09.53,,,,,1138,True,Distance,746,1130,1311.0,M,False,3,2025-03-22,2025-03-22,False,67.06,,761.67,,614,
41401,99088,4,2965,,,,,,,,11,,4:12.56,,,,,1138,True,Distance,713,1107,1266.5,M,False,3,2025-03-22,2025-03-22,False,66.14,,742.68,,590,
41402,99089,4,102,,,,,,,,11,,4:12.93,,,,,1138,True,Distance,709,1104,1261.0,M,False,3,2025-03-22,2025-03-22,False,66.03,,740.39,,588,
41403,99090,4,106,,,,,,,,11,,4:34.14,,,,,1138,True,Distance,499,947,972.5,M,False,3,2025-03-22,2025-03-22,False,60.28,,619.53,,440,
41404,99091,4,4637,,,,,,,,11,,4:38.05,,,,,1138,True,Distance,464,919,923.5,M,False,3,2025-03-22,2025-03-22,False,59.32,,599.27,,415,
41405,99092,4,22527,,,,,,,,11,,3:51.88,,,,,1138,True,Distance,953,1272,1589.0,M,False,3,2025-03-22,2025-03-22,False,72.91,,882.2,,761,
41406,99093,4,2959,,,,,,,,11,,3:59.38,,,,,1138,True,Distance,862,1210,1467.0,M,False,3,2025-03-22,2025-03-22,False,70.31,,828.81,,695,
41407,99094,4,2946,,,,,,,,11,,3:59.50,,,,,1138,True,Distance,860,1209,1464.5,M,False,3,2025-03-22,2025-03-22,False,70.27,,827.98,,694,
41408,99095,4,95,,,,,,,,11,,3:59.88,,,,,1138,True,Distance,856,1206,1459.0,M,False,3,2025-03-22,2025-03-22,False,70.14,,825.37,,691,
41409,99096,4,91,,,,,,,,11,,4:01.14,,,,,1138,True,Distance,841,1196,1439.0,M,False,3,2025-03-22,2025-03-22,False,69.72,,816.76,,681,
41410,99097,4,22529,,,,,,,,11,,4:07.45,,,,,1138,True,Distance,769,1146,1342.0,M,False,3,2025-03-22,2025-03-22,False,67.7,,774.98,,630,
41411,99098,4,6370,,,,,,,,11,,4:09.31,,,,,1138,True,Distance,748,1132,1314.0,M,False,3,2025-03-22,2025-03-22,False,67.12,,763.07,,615,
41412,99099,4,7717,,,,,,,,14,,8:53.85,,,,,1138,True,Distance,763,1126,1326.0,M,False,3,2025-03-22,2025-03-22,False,67.16,,786.62,,620,
41413,99100,4,102,,,,,,,,14,,9:20.50,,,,,1138,True,Distance,636,1038,1155.0,M,False,3,2025-03-22,2025-03-22,False,63.56,,712.5,,530,
41414,99101,4,22531,,,,,,,,19,,6:23.00,,,,,1138,True,Distance,0,0,0.0,M,False,3,2025-03-22,2025-03-22,False,,,,,,
41415,99102,4,20489,,,,,,,,19,,6:34.03,,,,,1138,True,Distance,0,0,0.0,M,False,3,2025-03-22,2025-03-22,False,,,,,,
41418,99103,4,7720,,,,,,,,19,,6:46.81,,,,,1138,True,Distance,0,0,0.0,M,False,3,2025-03-22,2025-03-22,False,,,,,,
41419,99104,4,26155,,,,,,,,24,,3:41.89,,,,,1138,True,Relays,634,1040,1154.0,M,False,3,2025-03-22,2025-03-22,False,83.16,,1094.98,,510,
41431,99116,156,26159,,,,,,,,9,,2:24.84,,,,,1139,True,Distance,273,760,653.0,M,False,3,2025-03-22,2025-03-22,False,57.4,,476.87,,297,
41432,99117,156,26159,,,,,,,,11,,4:52.70,,,,,1139,True,Distance,346,819,755.5,M,False,3,2025-03-22,2025-03-22,False,55.99,,528.15,,329,
41436,99121,84,5297,,,,,,,,17,,15:26.92,,,,,1140,True,Distance,731,1111,1286.5,M,False,3,2025-03-21,2025-03-22,False,67.26,,786.34,,616,
41454,99140,162,24677,,,,,,,,9,,2:01.97,,,,,1141,True,Distance,713,1127,1276.5,M,False,3,2025-03-21,2025-03-22,False,70.15,,734.18,,611,
41455,99141,162,1704,,,,,,,,9,,2:20.60,,,,,1141,True,Distance,339,823,750.5,M,False,3,2025-03-21,2025-03-22,False,59.41,,518.26,,348,
41456,99142,162,11357,,,,,,,,9,,2:28.20,,,,,1141,True,Distance,226,712,582.0,M,False,3,2025-03-21,2025-03-22,False,55.89,,445.76,,259,
41457,99143,162,3169,,,,,,,,11,,4:26.58,,,,,1141,True,Distance,570,1001,1070.5,M,False,3,2025-03-21,2025-03-22,False,62.21,,660.41,,490,
41458,99144,162,3790,,,,,,,,11,,4:40.03,,,,,1141,True,Distance,447,905,899.5,M,False,3,2025-03-21,2025-03-22,False,58.85,,589.22,,403,
41459,99145,162,4397,,,,,,,,11,,4:51.43,,,,,1141,True,Distance,355,827,768.5,M,False,3,2025-03-21,2025-03-22,False,56.26,,534.03,,336,
41460,99146,162,1284,,,,,,,,11,,5:15.21,,,,,1141,True,Distance,197,677,535.5,M,False,3,2025-03-21,2025-03-22,False,51.52,,431.75,,211,
41461,99147,162,24678,,,,,,,,17,,16:50.98,,,,,1141,True,Distance,511,958,990.0,M,False,3,2025-03-21,2025-03-22,False,60.81,,658.56,,461,
41462,99148,162,1266,,,,,,,,17,,16:53.51,,,,,1141,True,Distance,505,953,981.5,M,False,3,2025-03-21,2025-03-22,False,60.64,,655.04,,457,
41463,99149,162,1179,,,,,,,,17,,17:08.49,,,,,1141,True,Distance,470,927,933.5,M,False,3,2025-03-21,2025-03-22,False,59.61,,634.57,,432,
41471,99162,169,1198,,,,,,,,17,,15:34.90,,,,,1141,True,Distance,708,1096,1256.0,M,False,3,2025-03-21,2025-03-22,False,66.59,,773.22,,600,
41475,99166,101,145,,,,,,,,9,,2:01.72,,,,,1142,True,Distance,719,1131,1284.5,M,False,3,2025-03-21,2025-03-22,False,70.32,,737.53,,615,
41476,99167,101,8004,,,,,,,,9,,2:08.32,,,,,1142,True,Distance,570,1018,1079.0,M,False,3,2025-03-21,2025-03-22,False,66.09,,653.54,,512,
41477,99168,101,225,,,,,,,,9,,2:18.54,,,,,1142,True,Distance,373,854,800.0,M,False,3,2025-03-21,2025-03-22,False,60.44,,539.28,,373,
41478,99169,101,145,,,,,,,,11,,4:09.84,,,,,1142,True,Distance,742,1128,1306.0,M,False,3,2025-03-21,2025-03-22,False,66.96,,759.71,,611,
41479,99170,101,8004,,,,,,,,11,,4:19.69,,,,,1142,True,Distance,638,1052,1164.0,M,False,3,2025-03-21,2025-03-22,False,64.09,,699.73,,538,
41480,99171,101,214,,,,,,,,11,,5:09.58,,,,,1142,True,Distance,231,711,586.5,M,False,3,2025-03-21,2025-03-22,False,52.57,,454.55,,239,
41481,99172,101,221,,,,,,,,11,,6:02.31,,,,,1142,True,Distance,20,423,231.5,M,False,3,2025-03-21,2025-03-22,False,44.08,,268.8,,12,
41483,99174,225,24686,,,,,,,,9,,2:06.55,,,,,1142,True,Distance,608,1048,1132.0,M,False,3,2025-03-21,2025-03-22,False,67.18,,675.21,,539,
41484,99175,225,23479,,,,,,,,11,,4:58.43,,,,,1142,True,Distance,304,781,694.5,M,False,3,2025-03-21,2025-03-22,False,54.78,,502.23,,297,
41495,99186,1,35,,,,,,,,9,,2:33.14,,,,,1142,True,Distance,164,645,486.5,M,False,3,2025-03-21,2025-03-22,False,53.82,,402.5,,206,
41496,99187,1,4603,,,,,,,,11,,4:24.76,,,,,1142,True,Distance,587,1015,1094.5,M,False,3,2025-03-21,2025-03-22,False,62.7,,670.59,,502,
41497,99188,1,26165,,,,,,,,11,,4:44.74,,,,,1142,True,Distance,408,873,844.5,M,False,3,2025-03-21,2025-03-22,False,57.75,,565.88,,375,
41498,99189,1,35,,,,,,,,11,,5:14.42,,,,,1142,True,Distance,202,681,542.5,M,False,3,2025-03-21,2025-03-22,False,51.66,,434.9,,215,
41499,99190,1,1,,,,,,,,11,,5:27.22,,,,,1142,True,Distance,135,606,438.0,M,False,3,2025-03-21,2025-03-22,False,49.4,,385.75,,155,
41500,99191,1,2,,,,,,,,17,,14:48.59,,,,,1142,True,Distance,844,1185,1436.5,M,False,3,2025-03-21,2025-03-22,False,70.63,,852.63,,696,
41501,99193,1,150,,,,,,,,17,,16:36.80,,,,,1142,True,Distance,545,983,1036.5,M,False,3,2025-03-21,2025-03-22,False,61.82,,678.6,,486,
41502,99194,1,35,,,,,,,,17,,18:36.05,,,,,1142,True,Distance,291,782,682.0,M,False,3,2025-03-21,2025-03-22,False,54.21,,525.91,,301,
41503,99195,1,1,,,,,,,,17,,19:59.78,,,,,1142,True,Distance,160,654,487.0,M,False,3,2025-03-21,2025-03-22,False,49.82,,436.83,,194,
41515,99192,1,19,,,,,,,,17,,16:11.67,,,,,1142,True,Distance,609,1028,1123.0,M,False,3,2025-03-21,2025-03-22,False,63.68,,715.56,,530,
41517,99161,169,1294,,,,,,,,9,,2:05.87,,,,,1141,True,Distance,623,1059,1152.5,M,False,3,2025-03-21,2025-03-22,False,67.61,,683.69,,549,
41519,99150,162,1288,,,,,,,,17,,17:44.73,,,,,1141,True,Distance,391,865,823.5,M,False,3,2025-03-21,2025-03-22,False,57.26,,587.43,,376,
41520,99152,162,3790,,3169.0,,1288.0,,24676.0,,24,,4:02.70,,,,,1141,True,Relays,420,879,859.5,M,False,3,2025-03-21,2025-03-22,False,75.01,,931.17,,357,
41555,99244,167,466,,,,,,,,9,,1:57.47,,,,,1143,True,Distance,824,1208,1428.0,M,False,3,2025-03-22,2025-03-22,False,73.34,,796.61,,687,
41556,99245,167,468,,,,,,,,9,,1:59.18,,,,,1143,True,Distance,781,1177,1369.5,M,False,3,2025-03-22,2025-03-22,False,72.1,,772.33,,657,
41557,99246,167,26177,,,,,,,,9,,2:00.33,,,,,1143,True,Distance,752,1156,1330.0,M,False,3,2025-03-22,2025-03-22,False,71.28,,756.39,,638,
41558,99248,167,5289,,,,,,,,9,,2:04.59,,,,,1143,True,Distance,652,1081,1192.5,M,False,3,2025-03-22,2025-03-22,False,68.42,,699.92,,569,
41559,99249,167,673,,,,,,,,9,,2:05.72,,,,,1143,True,Distance,626,1062,1157.0,M,False,3,2025-03-22,2025-03-22,False,67.7,,685.58,,551,
41560,99250,167,2540,,,,,,,,9,,2:06.92,,,,,1143,True,Distance,600,1042,1121.0,M,False,3,2025-03-22,2025-03-22,False,66.95,,670.63,,533,
41561,99251,164,18979,,,,,,,,9,,2:07.36,,,,,1143,True,Distance,590,1034,1107.0,M,False,3,2025-03-22,2025-03-22,False,66.68,,665.22,,527,
41562,99252,167,2584,,,,,,,,9,,2:07.73,,,,,1143,True,Distance,582,1028,1096.0,M,False,3,2025-03-22,2025-03-22,False,66.45,,660.7,,521,
41563,99253,86,3012,,,,,,,,9,,2:08.20,,,,,1143,True,Distance,572,1020,1082.0,M,False,3,2025-03-22,2025-03-22,False,66.17,,654.99,,514,
41564,99254,167,3011,,,,,,,,9,,2:09.38,,,,,1143,True,Distance,548,1000,1048.0,M,False,3,2025-03-22,2025-03-22,False,65.46,,640.85,,497,
41565,99255,167,19381,,,,,,,,9,,2:11.58,,,,,1143,True,Distance,503,964,985.0,M,False,3,2025-03-22,2025-03-22,False,64.18,,615.17,,466,
41566,99256,164,689,,,,,,,,9,,2:11.95,,,,,1143,True,Distance,495,958,974.0,M,False,3,2025-03-22,2025-03-22,False,63.97,,610.93,,460,
41567,99257,167,740,,,,,,,,9,,2:12.49,,,,,1143,True,Distance,485,949,959.5,M,False,3,2025-03-22,2025-03-22,False,63.67,,604.79,,453,
41568,99258,167,25030,,,,,,,,9,,2:14.49,,,,,1143,True,Distance,446,917,904.5,M,False,3,2025-03-22,2025-03-22,False,62.56,,582.48,,426,
41569,99259,167,4303,,,,,,,,9,,2:15.28,,,,,1143,True,Distance,432,905,884.5,M,False,3,2025-03-22,2025-03-22,False,62.14,,573.85,,415,
41570,99260,167,19006,,,,,,,,9,,2:18.42,,,,,1143,True,Distance,375,856,803.0,M,False,3,2025-03-22,2025-03-22,False,60.5,,540.52,,375,
41571,99261,167,25051,,,,,,,,9,,2:18.84,,,,,1143,True,Distance,368,849,792.5,M,False,3,2025-03-22,2025-03-22,False,60.29,,536.18,,369,
41572,99262,167,19013,,,,,,,,9,,2:21.38,,,,,1143,True,Distance,326,811,731.5,M,False,3,2025-03-22,2025-03-22,False,59.03,,510.46,,338,
41573,99263,164,18989,,,,,,,,9,,2:21.43,,,,,1143,True,Distance,325,810,730.0,M,False,3,2025-03-22,2025-03-22,False,59.01,,509.96,,337,
41574,99264,167,734,,,,,,,,9,,2:30.25,,,,,1143,True,Distance,199,684,541.0,M,False,3,2025-03-22,2025-03-22,False,55.01,,427.46,,237,
41575,99265,86,11516,,,,,,,,9,,2:34.24,,,,,1143,True,Distance,152,630,467.0,M,False,3,2025-03-22,2025-03-22,False,53.37,,393.24,,195,
41576,99267,86,1612,,,,,,,,9,,2:55.74,,,,,1143,True,Distance,7,379,196.5,M,False,3,2025-03-22,2025-03-22,False,45.95,,235.59,,3,
41577,99268,167,666,,,,,,,,11,,4:04.76,,,,,1143,True,Distance,799,1167,1382.5,M,False,3,2025-03-22,2025-03-22,False,68.55,,792.53,,651,
41578,99269,167,669,,,,,,,,11,,4:06.70,,,,,1143,True,Distance,777,1152,1353.0,M,False,3,2025-03-22,2025-03-22,False,67.93,,779.84,,636,
41579,99270,167,2584,,,,,,,,11,,4:10.55,,,,,1143,True,Distance,734,1122,1295.0,M,False,3,2025-03-22,2025-03-22,False,66.75,,755.23,,606,
41580,99271,164,18979,,,,,,,,11,,4:14.20,,,,,1143,True,Distance,695,1094,1242.0,M,False,3,2025-03-22,2025-03-22,False,65.66,,732.59,,578,
41581,99272,167,19381,,,,,,,,11,,4:18.52,,,,,1143,True,Distance,650,1061,1180.5,M,False,3,2025-03-22,2025-03-22,False,64.41,,706.61,,546,
41582,99273,167,26179,,,,,,,,11,,4:20.19,,,,,1143,True,Distance,633,1049,1157.5,M,False,3,2025-03-22,2025-03-22,False,63.95,,696.8,,534,
41583,99274,167,19375,,,,,,,,11,,4:24.06,,,,,1143,True,Distance,594,1020,1104.0,M,False,3,2025-03-22,2025-03-22,False,62.89,,674.55,,507,
41584,99275,167,681,,,,,,,,11,,4:24.72,,,,,1143,True,Distance,588,1015,1095.5,M,False,3,2025-03-22,2025-03-22,False,62.71,,670.82,,503,
41585,99276,142,19377,,,,,,,,11,,4:24.86,,,,,1143,True,Distance,586,1014,1093.0,M,False,3,2025-03-22,2025-03-22,False,62.67,,670.03,,502,
41586,99277,167,19384,,,,,,,,11,,4:25.35,,,,,1143,True,Distance,581,1010,1086.0,M,False,3,2025-03-22,2025-03-22,False,62.54,,667.28,,498,
41587,99278,167,18977,,,,,,,,11,,4:27.62,,,,,1143,True,Distance,560,994,1057.0,M,False,3,2025-03-22,2025-03-22,False,61.94,,654.65,,483,
41588,99279,142,5314,,,,,,,,11,,4:29.51,,,,,1143,True,Distance,542,980,1032.0,M,False,3,2025-03-22,2025-03-22,False,61.45,,644.29,,470,
41589,99280,86,1558,,,,,,,,11,,4:29.76,,,,,1143,True,Distance,539,978,1028.0,M,False,3,2025-03-22,2025-03-22,False,61.38,,642.93,,469,
41590,99281,142,26180,,,,,,,,11,,4:32.41,,,,,1143,True,Distance,515,959,994.5,M,False,3,2025-03-22,2025-03-22,False,60.71,,628.69,,451,
41591,99282,167,743,,,,,,,,11,,4:32.75,,,,,1143,True,Distance,512,956,990.0,M,False,3,2025-03-22,2025-03-22,False,60.62,,626.88,,449,
41592,99283,142,18982,,,,,,,,11,,4:32.84,,,,,1143,True,Distance,511,956,989.0,M,False,3,2025-03-22,2025-03-22,False,60.6,,626.4,,449,
41593,99284,167,3011,,,,,,,,11,,4:33.06,,,,,1143,True,Distance,509,954,986.0,M,False,3,2025-03-22,2025-03-22,False,60.55,,625.23,,447,
41594,99285,86,18745,,,,,,,,11,,4:34.35,,,,,1143,True,Distance,497,945,969.5,M,False,3,2025-03-22,2025-03-22,False,60.22,,618.43,,439,
41595,99286,167,742,,,,,,,,11,,4:35.14,,,,,1143,True,Distance,490,939,959.5,M,False,3,2025-03-22,2025-03-22,False,60.03,,614.3,,434,
41596,99287,86,23446,,,,,,,,11,,4:36.35,,,,,1143,True,Distance,479,931,944.5,M,False,3,2025-03-22,2025-03-22,False,59.73,,608.01,,426,
41597,99288,167,25030,,,,,,,,11,,4:36.87,,,,,1143,True,Distance,475,927,938.5,M,False,3,2025-03-22,2025-03-22,False,59.61,,605.32,,423,
41598,99289,167,4303,,,,,,,,11,,4:41.28,,,,,1143,True,Distance,437,896,885.0,M,False,3,2025-03-22,2025-03-22,False,58.55,,582.95,,396,
41599,99290,167,711,,,,,,,,11,,4:43.90,,,,,1143,True,Distance,415,878,854.0,M,False,3,2025-03-22,2025-03-22,False,57.94,,569.99,,380,
41600,99291,164,4432,,,,,,,,11,,4:44.44,,,,,1143,True,Distance,411,875,848.5,M,False,3,2025-03-22,2025-03-22,False,57.82,,567.34,,376,
41601,99292,142,26181,,,,,,,,11,,4:46.04,,,,,1143,True,Distance,398,864,830.0,M,False,3,2025-03-22,2025-03-22,False,57.46,,559.57,,367,
41602,99293,167,26182,,,,,,,,11,,4:49.85,,,,,1143,True,Distance,368,838,787.0,M,False,3,2025-03-22,2025-03-22,False,56.61,,541.42,,345,
41603,99294,167,19006,,,,,,,,11,,4:49.96,,,,,1143,True,Distance,367,837,785.5,M,False,3,2025-03-22,2025-03-22,False,56.58,,540.9,,344,
41604,99295,167,695,,,,,,,,11,,4:51.59,,,,,1143,True,Distance,354,826,767.0,M,False,3,2025-03-22,2025-03-22,False,56.23,,533.28,,335,
41605,99296,167,760,,,,,,,,11,,4:55.02,,,,,1143,True,Distance,329,804,731.0,M,False,3,2025-03-22,2025-03-22,False,55.49,,517.53,,316,
41606,99297,167,734,,,,,,,,11,,4:58.19,,,,,1143,True,Distance,306,783,697.5,M,False,3,2025-03-22,2025-03-22,False,54.83,,503.29,,298,
41607,99298,167,19013,,,,,,,,11,,5:01.18,,,,,1143,True,Distance,285,764,667.0,M,False,3,2025-03-22,2025-03-22,False,54.22,,490.14,,282,
41608,99300,86,26183,,,,,,,,11,,5:35.07,,,,,1143,True,Distance,101,562,382.0,M,False,3,2025-03-22,2025-03-22,False,48.11,,357.46,,120,
41609,99301,86,1612,,,,,,,,11,,5:35.23,,,,,1143,True,Distance,100,561,380.5,M,False,3,2025-03-22,2025-03-22,False,48.08,,356.89,,120,
41610,99302,167,18971,,,,,,,,14,,9:26.97,,,,,1143,True,Distance,607,1017,1115.5,M,False,3,2025-03-22,2025-03-22,False,62.74,,695.56,,510,
41611,99303,167,8108,,,,,,,,14,,9:40.68,,,,,1143,True,Distance,548,973,1034.5,M,False,3,2025-03-22,2025-03-22,False,61.07,,660.9,,468,
41612,99304,86,1558,,,,,,,,14,,9:48.55,,,,,1143,True,Distance,515,949,989.5,M,False,3,2025-03-22,2025-03-22,False,60.15,,641.74,,445,
41613,99305,167,19387,,,,,,,,14,,10:29.35,,,,,1143,True,Distance,361,826,774.0,M,False,3,2025-03-22,2025-03-22,False,55.75,,550.07,,335,
41614,99306,86,2586,,,,,,,,14,,11:23.25,,,,,1143,True,Distance,200,677,538.5,M,False,3,2025-03-22,2025-03-22,False,50.79,,445.76,,210,
41615,99307,86,1612,,,,,,,,14,,12:47.85,,,,,1143,True,Distance,42,474,279.0,M,False,3,2025-03-22,2025-03-22,False,44.46,,311.56,,48,
41616,99308,167,19375,,,,,,,,17,,15:11.85,,,,,1143,True,Distance,774,1140,1344.0,M,False,3,2025-03-22,2025-03-22,False,68.55,,811.74,,646,
41617,99309,167,673,,,,,,,,17,,15:27.16,,,,,1143,True,Distance,730,1111,1285.5,M,False,3,2025-03-22,2025-03-22,False,67.24,,785.94,,615,
41618,99311,167,685,,,,,,,,17,,16:38.77,,,,,1143,True,Distance,540,979,1029.5,M,False,3,2025-03-22,2025-03-22,False,61.68,,675.78,,482,
41619,99312,167,710,,,,,,,,17,,16:45.07,,,,,1143,True,Distance,525,968,1009.0,M,False,3,2025-03-22,2025-03-22,False,61.23,,666.84,,471,
41620,99313,167,712,,,,,,,,17,,16:52.12,,,,,1143,True,Distance,508,956,986.0,M,False,3,2025-03-22,2025-03-22,False,60.74,,656.97,,460,
41621,99310,167,667,,,,,,,,17,,16:00.79,,,,,1143,True,Distance,637,1048,1161.0,M,False,3,2025-03-22,2025-03-22,False,64.52,,732.16,,550,
41623,99314,167,695,,,,,,,,17,,16:53.64,,,,,1143,True,Distance,504,953,980.5,M,False,3,2025-03-22,2025-03-22,False,60.63,,654.86,,457,
41624,99315,167,704,,,,,,,,17,,17:06.88,,,,,1143,True,Distance,474,930,939.0,M,False,3,2025-03-22,2025-03-22,False,59.72,,636.74,,435,
41625,99316,164,18961,,,,,,,,17,,17:13.11,,,,,1143,True,Distance,459,919,918.5,M,False,3,2025-03-22,2025-03-22,False,59.3,,628.38,,425,
41626,99317,167,702,,,,,,,,17,,17:14.34,,,,,1143,True,Distance,457,917,915.5,M,False,3,2025-03-22,2025-03-22,False,59.22,,626.74,,423,
41627,99318,86,23446,,,,,,,,17,,17:15.36,,,,,1143,True,Distance,454,915,911.5,M,False,3,2025-03-22,2025-03-22,False,59.15,,625.38,,421,
41628,99319,167,696,,,,,,,,17,,17:24.84,,,,,1143,True,Distance,433,899,882.5,M,False,3,2025-03-22,2025-03-22,False,58.53,,612.9,,406,
41629,99320,167,26184,,,,,,,,17,,17:34.00,,,,,1143,True,Distance,413,884,855.0,M,False,3,2025-03-22,2025-03-22,False,57.94,,601.05,,392,
41630,99321,167,5220,,,,,,,,17,,17:46.97,,,,,1143,True,Distance,386,862,817.0,M,False,3,2025-03-22,2025-03-22,False,57.12,,584.62,,372,
41631,99323,167,19002,,,,,,,,17,,18:05.68,,,,,1143,True,Distance,348,831,763.5,M,False,3,2025-03-22,2025-03-22,False,55.98,,561.61,,344,
41632,99325,167,19385,,,,,,,,17,,19:18.14,,,,,1143,True,Distance,220,716,578.0,M,False,3,2025-03-22,2025-03-22,False,51.92,,479.52,,245,
41633,99326,164,738,,,,,,,,17,,19:33.81,,,,,1143,True,Distance,196,693,542.5,M,False,3,2025-03-22,2025-03-22,False,51.11,,463.1,,226,
41634,99327,167,19396,,,,,,,,17,,19:36.46,,,,,1143,True,Distance,192,689,536.5,M,False,3,2025-03-22,2025-03-22,False,50.97,,460.37,,222,
41635,99328,86,26183,,,,,,,,17,,19:44.64,,,,,1143,True,Distance,181,676,519.0,M,False,3,2025-03-22,2025-03-22,False,50.56,,452.01,,212,
41636,99329,167,708,,,,,,,,17,,19:51.25,,,,,1143,True,Distance,171,667,504.5,M,False,3,2025-03-22,2025-03-22,False,50.23,,445.33,,204,
41649,99346,167,21406,,,,,,,,21,,43.49,,,,,1143,True,Relays,835,1156,1413.0,M,False,3,2025-03-22,2025-03-22,False,102.32,,1096.16,,624,
41650,99347,86,19768,,,,,,,,21,,53.52,,,,,1143,True,Relays,315,770,700.0,M,False,3,2025-03-22,2025-03-22,False,79.14,,696.01,,199,
41651,99348,167,21406,,,,,,,,24,,3:40.08,,,,,1143,True,Relays,655,1055,1182.5,M,False,3,2025-03-22,2025-03-22,False,83.95,,1110.69,,525,
41652,99349,167,21406,,,,,,,,30,,10:28.71,,,,,1143,True,Relays,0,0,0.0,M,False,3,2025-03-22,2025-03-22,False,,,,,,
41654,99351,86,19768,,,,,,,,30,,13:58.83,,,,,1143,True,Relays,0,0,0.0,M,False,3,2025-03-22,2025-03-22,False,,,,,,
41724,99322,164,19007,,,,,,,,17,,17:56.16,,,,,1143,True,Distance,367,846,790.0,M,False,3,2025-03-22,2025-03-22,False,56.55,,573.22,,358,
41773,101372,167,466,,,,,,,,20,,9:29.95,,,,,1217,True,Distance,606,1028,1120.0,M,False,3,2025-03-28,2025-03-29,False,62.37,,687.88,,692,
41774,101373,167,667,,,,,,,,20,,9:51.54,,,,,1217,True,Distance,513,958,992.0,M,False,3,2025-03-28,2025-03-29,False,59.8,,634.59,,630,
41775,101374,167,18971,,,,,,,,20,,10:09.76,,,,,1217,True,Distance,441,902,892.0,M,False,3,2025-03-28,2025-03-29,False,57.78,,592.56,,582,
41776,101375,167,2608,,,,,,,,20,,11:33.87,,,,,1217,True,Distance,177,663,508.5,M,False,3,2025-03-28,2025-03-29,False,49.91,,427.12,,392,
41777,101376,167,19387,,,,,,,,20,,11:38.19,,,,,1217,True,Distance,167,652,493.0,M,False,3,2025-03-28,2025-03-29,False,49.56,,419.7,,383,
41778,101377,167,778,,,,,,,,20,,12:23.12,,,,,1217,True,Distance,78,540,348.0,M,False,3,2025-03-28,2025-03-29,False,46.16,,347.63,,301,
41779,101378,167,25023,,5234.0,,5218.0,,5246.0,,21,,42.85,,,,,1217,True,Relays,877,1184,1469.0,M,False,3,2025-03-28,2025-03-29,False,104.24,,1128.05,,658,
41780,101379,167,25024,,5289.0,,467.0,,19065.0,,24,,3:28.92,,,,,1217,True,Relays,790,1147,1363.5,M,False,3,2025-03-28,2025-03-29,False,89.18,,1213.59,,621,
41781,101380,167,5218,,4304.0,,19381.0,,5248.0,,24,,3:33.40,,,,,1217,True,Relays,734,1110,1289.0,M,False,3,2025-03-28,2025-03-29,False,87.01,,1170.99,,581,
41782,101381,167,26500,,696.0,,25030.0,,742.0,,24,,3:45.78,,,,,1217,True,Relays,591,1009,1095.5,M,False,3,2025-03-28,2025-03-29,False,81.51,,1062.06,,479,
41783,101382,167,19009,,760.0,,19006.0,,19387.0,,24,,3:59.64,,,,,1217,True,Relays,449,902,900.0,M,False,3,2025-03-28,2025-03-29,False,76.11,,953.47,,377,
42597,101436,116,24640,,,,,,,,9,,1:57.77,,,,,1218,True,Distance,816,1202,1417.0,M,False,3,2025-03-28,2025-03-29,False,73.12,,792.3,,682,
42598,101437,116,24637,,,,,,,,9,,2:00.11,,,,,1218,True,Distance,758,1160,1338.0,M,False,3,2025-03-28,2025-03-29,False,71.44,,759.42,,641,
42599,101438,116,455,,,,,,,,9,,2:03.03,,,,,1218,True,Distance,688,1108,1242.0,M,False,3,2025-03-28,2025-03-29,False,69.44,,720.14,,594,
42600,101439,116,24643,,,,,,,,9,,2:06.20,,,,,1218,True,Distance,616,1054,1143.0,M,False,3,2025-03-28,2025-03-29,False,67.4,,679.56,,544,
42624,99642,166,3596,,,,,,,,9,,2:08.81,,,,,1158,True,Distance,559,1010,1064.0,M,False,3,2025-03-22,2025-03-22,False,65.8,,647.65,,505,
42625,99643,166,24463,,,,,,,,9,,2:14.39,,,,,1158,True,Distance,448,919,907.5,M,False,3,2025-03-22,2025-03-22,False,62.62,,583.58,,427,
42626,99644,166,4726,,,,,,,,9,,2:15.42,,,,,1158,True,Distance,429,903,880.5,M,False,3,2025-03-22,2025-03-22,False,62.06,,572.33,,413,
42627,99645,166,20441,,,,,,,,9,,2:21.08,,,,,1158,True,Distance,331,816,739.0,M,False,3,2025-03-22,2025-03-22,False,59.18,,513.45,,342,
42628,99646,166,20448,,,,,,,,9,,2:36.11,,,,,1158,True,Distance,132,606,435.0,M,False,3,2025-03-22,2025-03-22,False,52.64,,377.81,,176,
42629,99647,166,3596,,,,,,,,11,,4:34.46,,,,,1158,True,Distance,496,944,968.0,M,False,3,2025-03-22,2025-03-22,False,60.2,,617.85,,438,
42630,99648,166,24464,,,,,,,,11,,4:39.23,,,,,1158,True,Distance,454,911,909.5,M,False,3,2025-03-22,2025-03-22,False,59.04,,593.26,,408,
42631,99649,166,4726,,,,,,,,11,,4:49.46,,,,,1158,True,Distance,371,841,791.5,M,False,3,2025-03-22,2025-03-22,False,56.69,,543.25,,347,
42632,99650,166,26230,,,,,,,,11,,4:59.19,,,,,1158,True,Distance,299,776,687.0,M,False,3,2025-03-22,2025-03-22,False,54.62,,498.87,,293,
42637,99655,166,24460,,4727.0,,24971.0,,24468.0,,21,,44.16,,,,,1158,True,Relays,793,1128,1357.0,M,False,3,2025-03-22,2025-03-22,False,100.38,,1063.76,,590,
42638,99656,166,24468,,3596.0,,4727.0,,24467.0,,24,,3:35.76,,,,,1158,True,Relays,705,1090,1250.0,M,False,3,2025-03-22,2025-03-22,False,85.9,,1149.26,,561,
42640,99658,96,2492,,,,,,,,9,,1:54.58,,,,,1159,True,Distance,899,1261,1529.5,M,False,3,2025-03-22,2025-03-22,False,75.53,,839.29,,739,
42641,99659,96,1552,,,,,,,,9,,1:56.23,,,,,1159,True,Distance,856,1230,1471.0,M,False,3,2025-03-22,2025-03-22,False,74.26,,814.66,,709,
42642,99660,96,2492,,,,,,,,11,,4:02.00,,,,,1159,True,Distance,831,1189,1425.5,M,False,3,2025-03-22,2025-03-22,False,69.44,,810.94,,674,
42643,99661,96,364,,,,,,,,11,,4:06.52,,,,,1159,True,Distance,779,1154,1356.0,M,False,3,2025-03-22,2025-03-22,False,67.99,,781.01,,637,
42644,99662,96,367,,,,,,,,11,,4:18.99,,,,,1159,True,Distance,645,1058,1174.0,M,False,3,2025-03-22,2025-03-22,False,64.28,,703.84,,543,
42645,99663,96,3437,,,,,,,,17,,16:25.26,,,,,1159,True,Distance,574,1004,1076.0,M,False,3,2025-03-22,2025-03-22,False,62.66,,695.34,,506,
42697,99664,96,26231,,,,,,,,17,,17:44.62,,,,,1159,True,Distance,391,866,824.0,M,False,3,2025-03-22,2025-03-22,False,57.27,,587.57,,376,
42698,99665,75,25995,,,,,,,,9,,2:00.45,,,,,1160,True,Distance,749,1154,1326.0,M,False,3,2025-03-21,2025-03-22,False,71.2,,754.75,,636,
42699,99666,75,4573,,,,,,,,9,,2:00.69,,,,,1160,True,Distance,744,1150,1319.0,M,False,3,2025-03-21,2025-03-22,False,71.03,,751.47,,632,
42700,99667,75,26232,,,,,,,,9,,2:02.10,,,,,1160,True,Distance,710,1125,1272.5,M,False,3,2025-03-21,2025-03-22,False,70.07,,732.45,,609,
42701,99668,75,26232,,,,,,,,11,,4:19.01,,,,,1160,True,Distance,645,1057,1173.5,M,False,3,2025-03-21,2025-03-22,False,64.28,,703.72,,543,
42702,99669,75,3434,,,,,,,,17,,15:15.83,,,,,1160,True,Distance,763,1133,1329.5,M,False,3,2025-03-21,2025-03-22,False,68.2,,804.95,,638,
42703,99670,75,18742,,,,,,,,17,,15:17.53,,,,,1160,True,Distance,758,1129,1322.5,M,False,3,2025-03-21,2025-03-22,False,68.06,,802.07,,635,
42704,99671,75,2071,,,,,,,,17,,15:27.84,,,,,1160,True,Distance,728,1110,1283.0,M,False,3,2025-03-21,2025-03-22,False,67.18,,784.82,,614,
42705,99673,75,1530,,,,,,,,17,,15:50.15,,,,,1160,True,Distance,666,1068,1200.0,M,False,3,2025-03-21,2025-03-22,False,65.36,,748.77,,570,
42706,99674,75,5571,,,,,,,,9,,1:58.12,,,,,1160,True,Distance,807,1196,1405.0,M,False,3,2025-03-21,2025-03-22,False,72.86,,787.3,,675,
42730,101440,116,2059,,,,,,,,9,,2:09.65,,,,,1218,True,Distance,542,996,1040.0,M,False,3,2025-03-28,2025-03-29,False,65.3,,637.65,,493,
42731,101441,116,24642,,,,,,,,9,,2:12.05,,,,,1218,True,Distance,493,956,971.0,M,False,3,2025-03-28,2025-03-29,False,63.92,,609.79,,459,
42732,101442,116,26505,,,,,,,,11,,4:04.41,,,,,1218,True,Distance,803,1170,1388.0,M,False,3,2025-03-28,2025-03-29,False,68.66,,794.84,,654,
42733,101443,116,4910,,,,,,,,11,,4:05.52,,,,,1218,True,Distance,790,1161,1370.5,M,False,3,2025-03-28,2025-03-29,False,68.31,,787.54,,645,
42734,101444,116,4144,,,,,,,,11,,4:12.67,,,,,1218,True,Distance,711,1106,1264.0,M,False,3,2025-03-28,2025-03-29,False,66.11,,742.0,,590,
42735,101445,116,26506,,,,,,,,11,,4:16.71,,,,,1218,True,Distance,669,1075,1206.5,M,False,3,2025-03-28,2025-03-29,False,64.93,,717.39,,560,
42736,101446,116,26507,,,,,,,,11,,4:19.85,,,,,1218,True,Distance,636,1051,1161.5,M,False,3,2025-03-28,2025-03-29,False,64.04,,698.79,,537,
42737,101447,116,24642,,,,,,,,11,,4:20.55,,,,,1218,True,Distance,629,1046,1152.0,M,False,3,2025-03-28,2025-03-29,False,63.85,,694.71,,532,
42738,101448,116,26508,,,,,,,,11,,4:20.76,,,,,1218,True,Distance,627,1044,1149.0,M,False,3,2025-03-28,2025-03-29,False,63.79,,693.48,,530,
42739,101449,116,18783,,,,,,,,11,,4:25.41,,,,,1218,True,Distance,581,1010,1086.0,M,False,3,2025-03-28,2025-03-29,False,62.52,,666.94,,498,
42740,101450,116,7978,,,,,,,,11,,4:26.35,,,,,1218,True,Distance,572,1003,1073.5,M,False,3,2025-03-28,2025-03-29,False,62.27,,661.69,,492,
42741,101451,116,7982,,,,,,,,11,,4:27.31,,,,,1218,True,Distance,563,996,1061.0,M,False,3,2025-03-28,2025-03-29,False,62.02,,656.36,,485,
42742,101452,116,7980,,,,,,,,11,,4:43.40,,,,,1218,True,Distance,419,882,860.0,M,False,3,2025-03-28,2025-03-29,False,58.06,,572.44,,383,
42743,101453,116,26509,,,,,,,,11,,4:55.35,,,,,1218,True,Distance,326,801,726.5,M,False,3,2025-03-28,2025-03-29,False,55.42,,516.03,,314,
42744,101454,116,454,,,,,,,,17,,15:56.52,,,,,1218,True,Distance,649,1056,1177.0,M,False,3,2025-03-28,2025-03-29,False,64.85,,738.78,,558,
42745,101456,116,7976,,,,,,,,18,,32:55.80,,,,,1218,True,Distance,722,1090,1267.0,M,False,3,2025-03-28,2025-03-29,False,65.24,,762.61,,601,
42746,101457,116,310,,,,,,,,18,,33:36.20,,,,,1218,True,Distance,673,1056,1201.0,M,False,3,2025-03-28,2025-03-29,False,63.71,,732.77,,565,
42747,101462,116,26506,,26507.0,,26509.0,,26505.0,,24,,3:43.96,,,,,1218,True,Relays,611,1023,1122.5,M,False,3,2025-03-28,2025-03-29,False,82.27,,1077.32,,493,
42781,101497,159,24863,,,,,,,,9,,1:59.73,,,,,1219,True,Distance,767,1167,1350.5,M,False,3,2025-03-28,2025-03-29,False,71.7,,764.67,,648,
42782,101498,159,2172,,,,,,,,9,,2:01.18,,,,,1219,True,Distance,732,1141,1302.5,M,False,3,2025-03-28,2025-03-29,False,70.69,,744.81,,624,
42783,101499,159,2176,,,,,,,,9,,2:02.79,,,,,1219,True,Distance,693,1113,1249.5,M,False,3,2025-03-28,2025-03-29,False,69.6,,723.3,,597,
42784,101500,159,16119,,,,,,,,9,,2:05.59,,,,,1219,True,Distance,629,1064,1161.0,M,False,3,2025-03-28,2025-03-29,False,67.78,,687.21,,553,
42785,101501,159,676,,,,,,,,9,,2:06.02,,,,,1219,True,Distance,620,1057,1148.5,M,False,3,2025-03-28,2025-03-29,False,67.51,,681.81,,547,
42786,101502,159,16146,,,,,,,,9,,2:07.62,,,,,1219,True,Distance,585,1030,1100.0,M,False,3,2025-03-28,2025-03-29,False,66.52,,662.04,,523,
42787,101503,159,26513,,,,,,,,9,,2:07.88,,,,,1219,True,Distance,579,1025,1091.5,M,False,3,2025-03-28,2025-03-29,False,66.36,,658.87,,519,
42788,101505,159,24911,,,,,,,,9,,2:49.14,,,,,1219,True,Distance,32,449,256.5,M,False,3,2025-03-28,2025-03-29,False,48.0,,279.72,,57,
42789,101506,159,677,,,,,,,,17,,16:21.39,,,,,1219,True,Distance,584,1011,1089.5,M,False,3,2025-03-28,2025-03-29,False,62.95,,701.04,,513,
42790,101507,159,694,,,,,,,,17,,17:06.36,,,,,1219,True,Distance,475,931,940.5,M,False,3,2025-03-28,2025-03-29,False,59.76,,637.44,,436,
42791,101508,159,674,,,,,,,,17,,17:30.86,,,,,1219,True,Distance,420,889,864.5,M,False,3,2025-03-28,2025-03-29,False,58.14,,605.09,,397,
42792,101509,159,16118,,,,,,,,17,,17:32.00,,,,,1219,True,Distance,418,887,861.5,M,False,3,2025-03-28,2025-03-29,False,58.07,,603.62,,395,
42794,101511,159,676,,,,,,,,20,,10:42.02,,,,,1219,True,Distance,326,806,729.0,M,False,3,2025-03-28,2025-03-29,False,54.51,,523.98,,503,
42795,101512,159,674,,,,,,,,20,,11:09.96,,,,,1219,True,Distance,240,727,603.5,M,False,3,2025-03-28,2025-03-29,False,51.94,,469.92,,441,
42796,101463,116,3325,,7976.0,,7979.0,,18783.0,,24,,3:55.88,,,,,1218,True,Relays,486,930,951.0,M,False,3,2025-03-28,2025-03-29,False,77.5,,981.67,,404,
42798,99672,75,1534,,,,,,,,17,,15:36.89,,,,,1160,True,Distance,703,1093,1249.5,M,False,3,2025-03-21,2025-03-22,False,66.43,,769.99,,596,
42799,101504,159,16147,,,,,,,,9,,2:18.66,,,,,1219,True,Distance,371,852,797.0,M,False,3,2025-03-28,2025-03-29,False,60.38,,538.04,,372,
42800,101455,116,7979,,,,,,,,17,,16:50.26,,,,,1218,True,Distance,513,959,992.5,M,False,3,2025-03-28,2025-03-29,False,60.87,,659.56,,463,
44790,99011,146,26627,,,,,,,,14,,9:03.82,,,,,1137,True,Distance,714,1093,1260.5,M,False,3,2025-03-22,2025-03-22,False,65.77,,758.04,,585,
45199,101527,157,26522,,,,,,,,9,,2:57.27,,,,,1219,True,Distance,4,363,185.5,M,False,3,2025-03-28,2025-03-29,False,45.49,,225.83,,0,
45200,101528,157,20435,,,,,,,,20,,12:39.84,,,,,1219,True,Distance,53,501,303.5,M,False,3,2025-03-28,2025-03-29,False,45.0,,322.99,,272,
45201,101529,157,26522,,,,,,,,20,,14:09.02,,,,,1219,True,Distance,0,319,159.5,M,False,3,2025-03-28,2025-03-29,False,39.61,,207.95,,140,
45202,101530,157,25878,,25866.0,,20435.0,,26521.0,,21,,49.89,,,,,1219,True,Relays,474,901,924.5,M,False,3,2025-03-28,2025-03-29,False,86.27,,822.25,,333,
45258,101586,56,123,,,,,,,,9,,1:58.12,,,,,1220,True,Distance,807,1196,1405.0,M,False,3,2025-03-28,2025-03-29,False,72.86,,787.3,,675,
45259,101587,56,127,,,,,,,,9,,1:59.89,,,,,1220,True,Distance,763,1164,1345.0,M,False,3,2025-03-28,2025-03-29,False,71.59,,762.46,,645,
45260,101588,56,152,,,,,,,,9,,2:02.44,,,,,1220,True,Distance,702,1119,1261.5,M,False,3,2025-03-28,2025-03-29,False,69.84,,727.93,,603,
45261,101589,56,163,,,,,,,,9,,2:05.04,,,,,1220,True,Distance,642,1074,1179.0,M,False,3,2025-03-28,2025-03-29,False,68.13,,694.17,,562,
45262,101590,56,3804,,,,,,,,9,,2:05.67,,,,,1220,True,Distance,628,1063,1159.5,M,False,3,2025-03-28,2025-03-29,False,67.73,,686.21,,552,
45263,101591,56,8075,,,,,,,,9,,2:08.38,,,,,1220,True,Distance,569,1017,1077.5,M,False,3,2025-03-28,2025-03-29,False,66.06,,652.82,,512,
45264,101592,56,8095,,,,,,,,9,,2:08.96,,,,,1220,True,Distance,556,1007,1059.5,M,False,3,2025-03-28,2025-03-29,False,65.71,,645.86,,503,
45265,101593,56,8059,,,,,,,,9,,2:09.48,,,,,1220,True,Distance,545,999,1044.5,M,False,3,2025-03-28,2025-03-29,False,65.4,,639.67,,496,
45266,101594,56,8056,,,,,,,,9,,2:11.61,,,,,1220,True,Distance,502,964,984.0,M,False,3,2025-03-28,2025-03-29,False,64.16,,614.82,,465,
45267,101595,56,196,,,,,,,,9,,2:28.59,,,,,1220,True,Distance,220,707,573.5,M,False,3,2025-03-28,2025-03-29,False,55.72,,442.24,,255,
45268,101596,56,130,,,,,,,,11,,3:59.69,,,,,1220,True,Distance,858,1208,1462.0,M,False,3,2025-03-28,2025-03-29,False,70.2,,826.68,,693,
45269,101597,56,123,,,,,,,,11,,4:01.53,,,,,1220,True,Distance,836,1193,1432.5,M,False,3,2025-03-28,2025-03-29,False,69.59,,814.12,,678,
45270,101598,56,2193,,,,,,,,11,,4:07.23,,,,,1220,True,Distance,771,1148,1345.0,M,False,3,2025-03-28,2025-03-29,False,67.77,,776.4,,632,
45271,101599,56,8041,,,,,,,,11,,4:11.54,,,,,1220,True,Distance,724,1114,1281.0,M,False,3,2025-03-28,2025-03-29,False,66.45,,749.02,,598,
45272,101600,56,203,,,,,,,,11,,4:16.84,,,,,1220,True,Distance,667,1074,1204.0,M,False,3,2025-03-28,2025-03-29,False,64.89,,716.61,,559,
45273,101601,56,3804,,,,,,,,11,,4:19.65,,,,,1220,True,Distance,638,1053,1164.5,M,False,3,2025-03-28,2025-03-29,False,64.1,,699.96,,538,
45274,101602,56,8059,,,,,,,,11,,4:20.46,,,,,1220,True,Distance,630,1047,1153.5,M,False,3,2025-03-28,2025-03-29,False,63.87,,695.23,,533,
45275,101603,56,8056,,,,,,,,11,,4:31.26,,,,,1220,True,Distance,525,967,1008.5,M,False,3,2025-03-28,2025-03-29,False,61.0,,634.84,,459,
45276,101604,56,8065,,,,,,,,11,,4:35.29,,,,,1220,True,Distance,489,938,958.0,M,False,3,2025-03-28,2025-03-29,False,59.99,,613.51,,433,
45277,101605,56,24986,,,,,,,,11,,4:38.57,,,,,1220,True,Distance,460,915,917.5,M,False,3,2025-03-28,2025-03-29,False,59.2,,596.61,,412,
45278,101606,56,147,,,,,,,,11,,4:45.08,,,,,1220,True,Distance,405,870,840.0,M,False,3,2025-03-28,2025-03-29,False,57.67,,564.23,,373,
45279,101607,56,196,,,,,,,,11,,4:49.79,,,,,1220,True,Distance,368,838,787.0,M,False,3,2025-03-28,2025-03-29,False,56.62,,541.7,,345,
45280,101608,56,2193,,,,,,,,17,,15:12.17,,,,,1220,True,Distance,773,1140,1343.0,M,False,3,2025-03-28,2025-03-29,False,68.52,,811.19,,646,
45281,101609,56,127,,,,,,,,17,,15:14.61,,,,,1220,True,Distance,766,1135,1333.5,M,False,3,2025-03-28,2025-03-29,False,68.31,,807.02,,641,
45290,101618,56,8065,,,,,,,,20,,10:59.79,,,,,1220,True,Distance,270,755,647.5,M,False,3,2025-03-28,2025-03-29,False,52.85,,489.07,,463,
45291,101619,56,8059,,,,,,,,20,,11:01.67,,,,,1220,True,Distance,264,750,639.0,M,False,3,2025-03-28,2025-03-29,False,52.68,,485.48,,459,
45292,101620,56,3578,,4111.0,,24391.0,,24984.0,,21,,42.36,,,,,1220,True,Relays,909,1205,1511.5,M,False,3,2025-03-28,2025-03-29,False,105.76,,1153.12,,685,
45293,101621,56,3574,,3801.0,,24398.0,,4461.0,,21,,46.89,,,,,1220,True,Relays,631,1017,1139.5,M,False,3,2025-03-28,2025-03-29,False,93.15,,941.34,,460,
45294,101622,56,3804,,3801.0,,3574.0,,163.0,,24,,3:40.75,,,,,1220,True,Relays,647,1049,1171.5,M,False,3,2025-03-28,2025-03-29,False,83.66,,1104.85,,519,
45295,101623,56,24398,,152.0,,26524.0,,8095.0,,24,,3:42.03,,,,,1220,True,Relays,633,1039,1152.5,M,False,3,2025-03-28,2025-03-29,False,83.1,,1093.78,,509,
45307,100720,86,19768,,,,,,,,30,,16:14.57,,,,,1211,True,Relays,0,0,0.0,M,False,3,2025-03-29,2025-03-29,False,,,,,,
45308,100721,94,19771,,,,,,,,30,,14:42.65,,,,,1211,True,Relays,0,0,0.0,M,False,3,2025-03-29,2025-03-29,False,,,,,,
45309,100722,77,26447,,,,,,,,30,,12:08.90,,,,,1211,True,Relays,0,0,0.0,M,False,3,2025-03-29,2025-03-29,False,,,,,,
45357,100771,74,25132,,,,,,,,12,,6:33.17,,,,,1211,True,Distance,0,0,0.0,M,False,3,2025-03-29,2025-03-29,False,,,,,,
45358,100772,64,26460,,,,,,,,12,,4:34.22,,,,,1211,True,Distance,0,0,0.0,M,False,3,2025-03-29,2025-03-29,False,,,,,,
45359,100773,64,26461,,,,,,,,12,,5:32.05,,,,,1211,True,Distance,0,0,0.0,M,False,3,2025-03-29,2025-03-29,False,,,,,,
45360,100774,75,4575,,,,,,,,12,,4:59.13,,,,,1211,True,Distance,0,0,0.0,M,False,3,2025-03-29,2025-03-29,False,,,,,,
45361,100775,69,3021,,,,,,,,12,,5:38.31,,,,,1211,True,Distance,0,0,0.0,M,False,3,2025-03-29,2025-03-29,False,,,,,,
45362,100776,86,19395,,,,,,,,12,,5:06.19,,,,,1211,True,Distance,0,0,0.0,M,False,3,2025-03-29,2025-03-29,False,,,,,,
45363,100777,86,26462,,,,,,,,12,,5:16.78,,,,,1211,True,Distance,0,0,0.0,M,False,3,2025-03-29,2025-03-29,False,,,,,,
45364,100778,77,2497,,,,,,,,12,,4:58.70,,,,,1211,True,Distance,0,0,0.0,M,False,3,2025-03-29,2025-03-29,False,,,,,,
45365,100779,74,26463,,,,,,,,12,,5:32.05,,,,,1211,True,Distance,0,0,0.0,M,False,3,2025-03-29,2025-03-29,False,,,,,,
45366,100780,74,26464,,,,,,,,12,,5:11.99,,,,,1211,True,Distance,0,0,0.0,M,False,3,2025-03-29,2025-03-29,False,,,,,,
45367,100782,74,25121,,,,,,,,12,,5:39.39,,,,,1211,True,Distance,0,0,0.0,M,False,3,2025-03-29,2025-03-29,False,,,,,,
45368,100783,72,26466,,,,,,,,12,,6:14.00,,,,,1211,True,Distance,0,0,0.0,M,False,3,2025-03-29,2025-03-29,False,,,,,,
45369,100784,86,18745,,,,,,,,12,,4:45.59,,,,,1211,True,Distance,0,0,0.0,M,False,3,2025-03-29,2025-03-29,False,,,,,,
45370,100785,86,11501,,,,,,,,12,,4:43.60,,,,,1211,True,Distance,0,0,0.0,M,False,3,2025-03-29,2025-03-29,False,,,,,,
45371,100786,77,7727,,,,,,,,12,,5:03.22,,,,,1211,True,Distance,0,0,0.0,M,False,3,2025-03-29,2025-03-29,False,,,,,,
45372,100787,86,2544,,,,,,,,12,,4:42.68,,,,,1211,True,Distance,0,0,0.0,M,False,3,2025-03-29,2025-03-29,False,,,,,,
45373,100788,94,5358,,,,,,,,12,,5:17.29,,,,,1211,True,Distance,0,0,0.0,M,False,3,2025-03-29,2025-03-29,False,,,,,,
45374,100789,77,1554,,,,,,,,12,,4:55.57,,,,,1211,True,Distance,0,0,0.0,M,False,3,2025-03-29,2025-03-29,False,,,,,,
45375,100790,86,23446,,,,,,,,12,,4:43.11,,,,,1211,True,Distance,0,0,0.0,M,False,3,2025-03-29,2025-03-29,False,,,,,,
45376,100791,86,3012,,,,,,,,12,,4:49.02,,,,,1211,True,Distance,0,0,0.0,M,False,3,2025-03-29,2025-03-29,False,,,,,,
45377,100792,75,2071,,,,,,,,12,,4:29.39,,,,,1211,True,Distance,0,0,0.0,M,False,3,2025-03-29,2025-03-29,False,,,,,,
45378,100794,75,5571,,,,,,,,12,,4:28.48,,,,,1211,True,Distance,0,0,0.0,M,False,3,2025-03-29,2025-03-29,False,,,,,,
45379,100795,86,2555,,,,,,,,12,,4:39.05,,,,,1211,True,Distance,0,0,0.0,M,False,3,2025-03-29,2025-03-29,False,,,,,,
45380,100796,75,7726,,,,,,,,12,,4:41.39,,,,,1211,True,Distance,0,0,0.0,M,False,3,2025-03-29,2025-03-29,False,,,,,,
45381,100797,94,532,,,,,,,,12,,4:42.05,,,,,1211,True,Distance,0,0,0.0,M,False,3,2025-03-29,2025-03-29,False,,,,,,
45382,100798,72,26467,,,,,,,,12,,4:52.68,,,,,1211,True,Distance,0,0,0.0,M,False,3,2025-03-29,2025-03-29,False,,,,,,
45383,100799,75,1562,,,,,,,,12,,4:47.45,,,,,1211,True,Distance,0,0,0.0,M,False,3,2025-03-29,2025-03-29,False,,,,,,
45399,100793,75,1534,,,,,,,,12,,4:29.14,,,,,1211,True,Distance,0,0,0.0,M,False,3,2025-03-29,2025-03-29,False,,,,,,
45407,100822,86,19768,,,,,,,,21,,0:55.77,,,,,1211,True,Relays,232,694,579.0,M,False,3,2025-03-29,2025-03-29,False,75.26,,626.01,,125,
45408,100823,94,19771,,,,,,,,21,,0:56.17,,,,,1211,True,Relays,219,681,559.5,M,False,3,2025-03-29,2025-03-29,False,74.6,,614.16,,112,
45409,100824,64,19772,,,,,,,,21,,0:55.79,,,,,1211,True,Relays,231,693,577.5,M,False,3,2025-03-29,2025-03-29,False,75.22,,625.42,,124,
45410,100840,75,1562,,,,,,,,9,,2:07.00,,,,,1211,True,Distance,598,1040,1118.0,M,False,3,2025-03-29,2025-03-29,False,66.9,,669.64,,532,
45411,100826,77,26473,,,,,,,,9,,2:43.57,,,,,1211,True,Distance,67,513,323.5,M,False,3,2025-03-29,2025-03-29,False,49.88,,319.74,,106,
45412,100827,75,7738,,,,,,,,9,,2:20.92,,,,,1211,True,Distance,333,818,742.0,M,False,3,2025-03-29,2025-03-29,False,59.25,,515.05,,344,
45413,100828,94,26453,,,,,,,,9,,2:39.66,,,,,1211,True,Distance,98,561,378.5,M,False,3,2025-03-29,2025-03-29,False,51.29,,349.5,,142,
45414,100829,94,11508,,,,,,,,9,,2:24.02,,,,,1211,True,Distance,285,772,671.0,M,False,3,2025-03-29,2025-03-29,False,57.78,,484.69,,307,
45415,100830,94,26474,,,,,,,,9,,2:21.96,,,,,1211,True,Distance,317,802,718.0,M,False,3,2025-03-29,2025-03-29,False,58.75,,504.71,,331,
45416,100831,74,25121,,,,,,,,9,,2:29.34,,,,,1211,True,Distance,211,696,559.0,M,False,3,2025-03-29,2025-03-29,False,55.4,,435.52,,247,
45417,100832,94,5358,,,,,,,,9,,2:16.73,,,,,1211,True,Distance,405,882,846.0,M,False,3,2025-03-29,2025-03-29,False,61.37,,558.27,,396,
45418,100833,72,26467,,,,,,,,9,,2:18.82,,,,,1211,True,Distance,369,850,794.0,M,False,3,2025-03-29,2025-03-29,False,60.3,,536.38,,370,
45419,100834,69,2565,,,,,,,,9,,2:13.43,,,,,1211,True,Distance,466,934,933.0,M,False,3,2025-03-29,2025-03-29,False,63.14,,594.22,,440,
45420,100835,94,26475,,,,,,,,9,,2:21.34,,,,,1211,True,Distance,327,812,733.0,M,False,3,2025-03-29,2025-03-29,False,59.05,,510.86,,339,
45421,100836,77,1554,,,,,,,,9,,2:19.11,,,,,1211,True,Distance,364,845,786.5,M,False,3,2025-03-29,2025-03-29,False,60.15,,533.4,,366,
45422,100837,86,19397,,,,,,,,9,,2:36.77,,,,,1211,True,Distance,125,597,423.5,M,False,3,2025-03-29,2025-03-29,False,52.38,,372.45,,170,
45423,100838,94,25171,,,,,,,,9,,1:57.86,,,,,1211,True,Distance,814,1201,1414.5,M,False,3,2025-03-29,2025-03-29,False,73.05,,791.01,,680,
45424,100839,86,3012,,,,,,,,9,,2:05.19,,,,,1211,True,Distance,638,1071,1173.5,M,False,3,2025-03-29,2025-03-29,False,68.04,,692.27,,560,
45425,100842,86,23446,,,,,,,,9,,2:10.68,,,,,1211,True,Distance,521,979,1010.5,M,False,3,2025-03-29,2025-03-29,False,64.7,,625.57,,478,
45426,100843,72,26470,,,,,,,,9,,2:16.76,,,,,1211,True,Distance,405,882,846.0,M,False,3,2025-03-29,2025-03-29,False,61.35,,557.95,,396,
45427,100844,75,4573,,,,,,,,9,,2:01.06,,,,,1211,True,Distance,735,1143,1306.5,M,False,3,2025-03-29,2025-03-29,False,70.78,,746.43,,626,
45428,100845,75,2561,,,,,,,,9,,2:01.25,,,,,1211,True,Distance,730,1140,1300.0,M,False,3,2025-03-29,2025-03-29,False,70.65,,743.86,,623,
45429,100846,94,26468,,,,,,,,9,,2:16.25,,,,,1211,True,Distance,414,890,859.0,M,False,3,2025-03-29,2025-03-29,False,61.62,,563.39,,403,
45474,100892,86,1558,,,,,,,,17,,16:33.56,,,,,1211,True,Distance,553,989,1047.5,M,False,3,2025-03-29,2025-03-29,False,62.05,,683.26,,491,
45475,100893,75,7725,,,,,,,,17,,16:08.13,,,,,1211,True,Distance,618,1035,1135.5,M,False,3,2025-03-29,2025-03-29,False,63.95,,720.92,,537,
45476,100894,75,7724,,,,,,,,17,,16:45.36,,,,,1211,True,Distance,524,968,1008.0,M,False,3,2025-03-29,2025-03-29,False,61.21,,666.44,,471,
45477,100896,94,5358,,,,,,,,17,,21:07.79,,,,,1211,True,Distance,82,559,361.5,M,False,3,2025-03-29,2025-03-29,False,46.7,,373.14,,117,
45478,100897,77,2497,,,,,,,,17,,17:19.26,,,,,1211,True,Distance,446,909,900.5,M,False,3,2025-03-29,2025-03-29,False,58.9,,620.22,,415,
45479,100898,77,7741,,,,,,,,17,,20:00.06,,,,,1211,True,Distance,159,654,486.0,M,False,3,2025-03-29,2025-03-29,False,49.8,,436.55,,194,
45480,100899,94,26487,,,,,,,,17,,19:56.89,,,,,1211,True,Distance,164,658,493.0,M,False,3,2025-03-29,2025-03-29,False,49.96,,439.7,,197,
45481,100900,86,2586,,,,,,,,17,,17:28.03,,,,,1211,True,Distance,426,894,873.0,M,False,3,2025-03-29,2025-03-29,False,58.32,,608.75,,401,
45482,100901,86,11492,,,,,,,,17,,17:20.36,,,,,1211,True,Distance,443,907,896.5,M,False,3,2025-03-29,2025-03-29,False,58.82,,618.77,,413,
45483,100902,64,26460,,,,,,,,17,,16:04.93,,,,,1211,True,Distance,626,1040,1146.0,M,False,3,2025-03-29,2025-03-29,False,64.2,,725.8,,543,
45484,100903,86,19768,,,,,,,,24,,4:47.36,,,,,1211,True,Relays,109,579,398.5,M,False,3,2025-03-29,2025-03-29,False,61.91,,659.71,,103,
45485,100904,75,19773,,,,,,,,24,,4:49.16,,,,,1211,True,Relays,101,568,385.0,M,False,3,2025-03-29,2025-03-29,False,61.48,,650.53,,94,
45486,100905,94,19771,,,,,,,,24,,4:35.40,,,,,1211,True,Relays,173,653,499.5,M,False,3,2025-03-29,2025-03-29,False,64.96,,723.77,,162,
45487,100906,64,19772,,,,,,,,24,,5:02.68,,,,,1211,True,Relays,49,491,294.5,M,False,3,2025-03-29,2025-03-29,False,58.39,,585.04,,33,
45488,100907,77,26447,,,,,,,,24,,4:04.03,,,,,1211,True,Relays,408,869,842.5,M,False,3,2025-03-29,2025-03-29,False,74.54,,921.65,,348,
45502,100841,86,25118,,,,,,,,9,,2:09.76,,,,,1211,True,Distance,540,994,1037.0,M,False,3,2025-03-29,2025-03-29,False,65.24,,636.35,,491,
45504,100895,75,2563,,,,,,,,17,,16:49.46,,,,,1211,True,Distance,514,960,994.0,M,False,3,2025-03-29,2025-03-29,False,60.92,,660.68,,464,
45507,101635,117,8038,Fr,,,,,,,11,,4:06.85,,,,,1222,True,Distance,775,1151,1350.5,M,False,3,2025-03-29,2025-03-29,False,67.89,,778.86,,635,
45514,101793,4,22527,,,,,,,,9,,1:52.72,,,,,1226,True,Distance,950,1296,1598.0,M,False,3,2025-04-03,2025-04-05,False,77.02,,867.91,,774,
45515,101794,4,5787,,,,,,,,9,,1:55.83,,,,,1226,True,Distance,866,1238,1485.0,M,False,3,2025-04-03,2025-04-05,False,74.57,,820.57,,716,
45517,101795,4,26532,,,,,,,,9,,1:59.24,,,,,1226,True,Distance,779,1176,1367.0,M,False,3,2025-04-03,2025-04-05,False,72.05,,771.49,,656,
45518,101796,4,18781,,,,,,,,9,,2:00.15,,,,,1226,True,Distance,757,1159,1336.5,M,False,3,2025-04-03,2025-04-05,False,71.41,,758.87,,641,
45519,101797,4,20492,,,,,,,,9,,2:00.62,,,,,1226,True,Distance,745,1151,1320.5,M,False,3,2025-04-03,2025-04-05,False,71.08,,752.42,,633,
45520,101798,4,102,,,,,,,,9,,2:02.11,,,,,1226,True,Distance,709,1125,1271.5,M,False,3,2025-04-03,2025-04-05,False,70.06,,732.32,,608,
45521,101799,4,5173,,,,,,,,11,,3:56.26,,,,,1226,True,Distance,899,1236,1517.0,M,False,3,2025-04-03,2025-04-05,False,71.37,,850.61,,722,
45522,101800,4,2959,,,,,,,,11,,3:59.60,,,,,1226,True,Distance,859,1209,1463.5,M,False,3,2025-04-03,2025-04-05,False,70.23,,827.3,,694,
45523,101801,4,95,,,,,,,,11,,4:00.74,,,,,1226,True,Distance,846,1199,1445.5,M,False,3,2025-04-03,2025-04-05,False,69.85,,819.49,,684,
45524,101802,4,2945,,,,,,,,11,,4:08.17,,,,,1226,True,Distance,761,1141,1331.5,M,False,3,2025-04-03,2025-04-05,False,67.48,,770.35,,624,
45525,101803,4,25191,,,,,,,,11,,4:13.32,,,,,1226,True,Distance,704,1101,1254.5,M,False,3,2025-04-03,2025-04-05,False,65.92,,737.99,,585,
45526,101804,4,2965,,,,,,,,11,,4:14.25,,,,,1226,True,Distance,694,1094,1241.0,M,False,3,2025-04-03,2025-04-05,False,65.64,,732.28,,578,
45527,101805,4,18780,,,,,,,,11,,4:18.16,,,,,1226,True,Distance,654,1064,1186.0,M,False,3,2025-04-03,2025-04-05,False,64.52,,708.74,,549,
45528,101806,4,22530,,,,,,,,13,,4:27.15,,,,,1226,True,Distance,767,1140,1337.0,M,False,3,2025-04-03,2025-04-05,False,67.72,,781.92,,632,
45529,101807,4,7717,,,,,,,,13,,4:28.61,,,,,1226,True,Distance,752,1129,1316.5,M,False,3,2025-04-03,2025-04-05,False,67.31,,773.24,,621,
45530,101808,4,2952,,,,,,,,13,,4:38.93,,,,,1226,True,Distance,649,1055,1176.5,M,False,3,2025-04-03,2025-04-05,False,64.49,,714.48,,549,
45531,101809,4,99,,,,,,,,13,,4:47.73,,,,,1226,True,Distance,568,995,1065.5,M,False,3,2025-04-03,2025-04-05,False,62.27,,667.7,,492,
45532,101810,4,106,,,,,,,,13,,4:54.37,,,,,1226,True,Distance,510,950,985.0,M,False,3,2025-04-03,2025-04-05,False,60.69,,634.25,,451,
45533,101811,4,4637,,,,,,,,13,,4:57.88,,,,,1226,True,Distance,481,927,944.5,M,False,3,2025-04-03,2025-04-05,False,59.88,,617.18,,431,
45534,101812,4,106,,,,,,,,16,,10:24.72,,,,,1226,True,Distance,0,0,0.0,M,False,3,2025-04-03,2025-04-05,False,,,,,,
45535,101813,4,2971,,,,,,,,16,,10:41.24,,,,,1226,True,Distance,0,0,0.0,M,False,3,2025-04-03,2025-04-05,False,,,,,,
45536,101814,4,20490,,,,,,,,16,,10:47.45,,,,,1226,True,Distance,0,0,0.0,M,False,3,2025-04-03,2025-04-05,False,,,,,,
45537,101815,4,18780,,,,,,,,17,,15:50.29,,,,,1226,True,Distance,666,1068,1200.0,M,False,3,2025-04-03,2025-04-05,False,65.35,,748.55,,570,
45538,101816,4,90,,,,,,,,17,,16:03.82,,,,,1226,True,Distance,629,1043,1150.5,M,False,3,2025-04-03,2025-04-05,False,64.28,,727.5,,545,
45539,101817,4,7719,,,,,,,,17,,16:16.93,,,,,1226,True,Distance,595,1019,1104.5,M,False,3,2025-04-03,2025-04-05,False,63.28,,707.67,,521,
45540,101818,4,4634,,,,,,,,17,,16:19.59,,,,,1226,True,Distance,588,1014,1095.0,M,False,3,2025-04-03,2025-04-05,False,63.08,,703.71,,516,
45541,101819,4,20489,,,,,,,,20,,9:59.37,,,,,1226,True,Distance,481,934,948.0,M,False,3,2025-04-03,2025-04-05,False,58.92,,616.21,,609,
45542,101820,4,95,,2952.0,,5173.0,,22527.0,,30,,10:13.46,,,,,1226,True,Relays,0,0,0.0,M,False,3,2025-04-03,2025-04-05,False,,,,,,
45543,101821,4,2946,,2959.0,,5787.0,,91.0,,30,,10:20.17,,,,,1226,True,Relays,0,0,0.0,M,False,3,2025-04-03,2025-04-05,False,,,,,,
45544,101822,4,2965,,99.0,,26533.0,,102.0,,30,,10:49.99,,,,,1226,True,Relays,0,0,0.0,M,False,3,2025-04-03,2025-04-05,False,,,,,,
45545,101823,4,20489,,25191.0,,20492.0,,7719.0,,30,,10:53.05,,,,,1226,True,Relays,0,0,0.0,M,False,3,2025-04-03,2025-04-05,False,,,,,,
45546,101824,4,18781,,20488.0,,25190.0,,20490.0,,30,,11:00.21,,,,,1226,True,Relays,0,0,0.0,M,False,3,2025-04-03,2025-04-05,False,,,,,,
45558,101836,15,6344,,,,,,,,9,,1:57.52,,,,,1226,True,Distance,823,1207,1426.5,M,False,3,2025-04-03,2025-04-05,False,73.3,,795.89,,686,
45559,101837,15,26535,,,,,,,,9,,2:00.87,,,,,1226,True,Distance,739,1147,1312.5,M,False,3,2025-04-03,2025-04-05,False,70.91,,749.01,,629,
45560,101838,15,3268,,,,,,,,9,,2:03.53,,,,,1226,True,Distance,676,1100,1226.0,M,False,3,2025-04-03,2025-04-05,False,69.11,,713.6,,586,
45561,101839,15,23496,,,,,,,,9,,2:04.35,,,,,1226,True,Distance,657,1086,1200.0,M,False,3,2025-04-03,2025-04-05,False,68.58,,702.99,,573,
45562,101840,15,26536,,,,,,,,9,,2:05.82,,,,,1226,True,Distance,624,1060,1154.0,M,False,3,2025-04-03,2025-04-05,False,67.64,,684.32,,550,
45563,101841,15,5139,,,,,,,,9,,2:06.13,,,,,1226,True,Distance,617,1055,1144.5,M,False,3,2025-04-03,2025-04-05,False,67.44,,680.44,,545,
45564,101842,15,5137,,,,,,,,9,,2:06.31,,,,,1226,True,Distance,613,1052,1139.0,M,False,3,2025-04-03,2025-04-05,False,67.33,,678.19,,542,
45565,101843,15,5137,,,,,,,,11,,4:13.99,,,,,1226,True,Distance,697,1096,1245.0,M,False,3,2025-04-03,2025-04-05,False,65.72,,733.87,,580,
45566,101844,15,23496,,,,,,,,11,,4:14.15,,,,,1226,True,Distance,696,1094,1243.0,M,False,3,2025-04-03,2025-04-05,False,65.67,,732.89,,578,
45567,101845,15,3268,,,,,,,,11,,4:26.86,,,,,1226,True,Distance,567,999,1066.5,M,False,3,2025-04-03,2025-04-05,False,62.14,,658.85,,488,
45568,101846,15,22524,,,,,,,,11,,4:34.71,,,,,1226,True,Distance,494,943,965.5,M,False,3,2025-04-03,2025-04-05,False,60.14,,616.54,,437,
45569,101847,15,3285,,,,,,,,11,,4:36.31,,,,,1226,True,Distance,480,931,945.5,M,False,3,2025-04-03,2025-04-05,False,59.74,,608.21,,426,
45570,101848,15,26005,,,,,,,,13,,4:37.34,,,,,1226,True,Distance,665,1067,1198.5,M,False,3,2025-04-03,2025-04-05,False,64.91,,723.24,,560,
45571,101849,15,3277,,,,,,,,13,,4:46.32,,,,,1226,True,Distance,581,1004,1083.0,M,False,3,2025-04-03,2025-04-05,False,62.61,,675.0,,501,
45572,101850,15,5140,,,,,,,,13,,4:49.66,,,,,1226,True,Distance,551,981,1041.5,M,False,3,2025-04-03,2025-04-05,False,61.8,,657.82,,480,
45573,101851,15,26006,,,,,,,,13,,4:51.27,,,,,1226,True,Distance,537,971,1022.5,M,False,3,2025-04-03,2025-04-05,False,61.41,,649.68,,470,
45574,101852,15,4065,,,,,,,,13,,4:51.61,,,,,1226,True,Distance,534,968,1018.0,M,False,3,2025-04-03,2025-04-05,False,61.33,,647.97,,468,
45575,101853,15,3285,,,,,,,,13,,4:54.71,,,,,1226,True,Distance,507,948,981.0,M,False,3,2025-04-03,2025-04-05,False,60.61,,632.58,,449,
45576,101854,15,3279,,,,,,,,13,,5:02.81,,,,,1226,True,Distance,441,895,888.5,M,False,3,2025-04-03,2025-04-05,False,58.78,,593.86,,402,
45577,101855,15,3276,,,,,,,,13,,5:07.32,,,,,1226,True,Distance,406,866,839.0,M,False,3,2025-04-03,2025-04-05,False,57.81,,573.19,,377,
45578,101856,15,3282,,,,,,,,13,,5:17.55,,,,,1226,True,Distance,333,802,734.0,M,False,3,2025-04-03,2025-04-05,False,55.73,,528.47,,322,
45579,101857,15,4066,,,,,,,,13,,5:25.91,,,,,1226,True,Distance,278,752,654.0,M,False,3,2025-04-03,2025-04-05,False,54.12,,494.0,,280,
45580,101858,15,4062,,,,,,,,13,,5:34.80,,,,,1226,True,Distance,225,700,575.0,M,False,3,2025-04-03,2025-04-05,False,52.52,,459.25,,238,
45581,101859,15,22524,,,,,,,,16,,10:31.54,,,,,1226,True,Distance,0,0,0.0,M,False,3,2025-04-03,2025-04-05,False,,,,,,
45582,101860,15,4066,,,,,,,,16,,11:50.53,,,,,1226,True,Distance,0,0,0.0,M,False,3,2025-04-03,2025-04-05,False,,,,,,
45583,101861,15,6344,,,,,,,,17,,14:51.71,,,,,1226,True,Distance,835,1179,1424.5,M,False,3,2025-04-03,2025-04-05,False,70.35,,847.02,,689,
45584,101862,15,26005,,,,,,,,17,,15:57.10,,,,,1226,True,Distance,647,1055,1174.5,M,False,3,2025-04-03,2025-04-05,False,64.81,,737.88,,557,
45585,101863,15,26006,,,,,,,,17,,16:51.18,,,,,1226,True,Distance,510,957,988.5,M,False,3,2025-04-03,2025-04-05,False,60.8,,658.28,,461,
45586,101864,15,5137,,3279.0,,18273.0,,6344.0,,30,,10:46.59,,,,,1226,True,Relays,0,0,0.0,M,False,3,2025-04-03,2025-04-05,False,,,,,,
45587,101865,15,3268,,26536.0,,3276.0,,26005.0,,30,,11:26.28,,,,,1226,True,Relays,0,0,0.0,M,False,3,2025-04-03,2025-04-05,False,,,,,,
45588,101866,15,22524,,4065.0,,23496.0,,3285.0,,30,,12:07.36,,,,,1226,True,Relays,0,0,0.0,M,False,3,2025-04-03,2025-04-05,False,,,,,,
45599,101877,11,2953,,,,,,,,17,,15:55.46,,,,,1226,True,Distance,652,1058,1181.0,M,False,3,2025-04-03,2025-04-05,False,64.94,,740.43,,560,
45626,101881,88,539,So,,,,,,,9,,1:53.40,,,,,1228,True,Distance,931,1283,1572.5,M,False,3,2025-04-10,2025-04-12,False,76.47,,857.34,,761,
45627,101882,88,24595,Fr,,,,,,,11,,3:59.55,,,,,1228,True,Distance,860,1209,1464.5,M,False,3,2025-04-10,2025-04-12,False,70.25,,827.64,,694,
45628,101933,88,3615,,,,,,,,9,,1:59.36,,,,,1231,True,Distance,776,1174,1363.0,M,False,3,2025-04-18,2025-04-19,False,71.97,,769.82,,654,
45636,101940,61,2259,,,,,,,,17,,14:55.91,,,,,1232,True,Distance,822,1171,1407.5,M,False,3,2025-04-11,2025-04-12,False,69.97,,839.53,,680,
45637,101941,61,8146,,,,,,,,17,,15:00.21,,,,,1232,True,Distance,809,1163,1390.5,M,False,3,2025-04-11,2025-04-12,False,69.58,,831.94,,671,
45638,101942,61,1657,,,,,,,,17,,15:21.88,,,,,1232,True,Distance,745,1121,1305.5,M,False,3,2025-04-11,2025-04-12,False,67.69,,794.74,,626,
45639,101943,61,382,,,,,,,,17,,15:30.81,,,,,1232,True,Distance,720,1104,1272.0,M,False,3,2025-04-11,2025-04-12,False,66.93,,779.92,,608,
45640,101944,61,1656,,,,,,,,17,,15:38.01,,,,,1232,True,Distance,700,1090,1245.0,M,False,3,2025-04-11,2025-04-12,False,66.34,,768.17,,594,
45641,101945,61,8147,,,,,,,,17,,16:01.87,,,,,1232,True,Distance,635,1046,1158.0,M,False,3,2025-04-11,2025-04-12,False,64.43,,730.5,,548,
45642,101947,4,5787,,,,,,,,9,,1:54.38,,,,,1233,True,Distance,905,1265,1537.5,M,False,3,2025-04-12,2025-04-12,False,75.69,,842.32,,743,
45643,101948,4,20492,,,,,,,,9,,2:03.29,,,,,1233,True,Distance,682,1104,1234.0,M,False,3,2025-04-12,2025-04-12,False,69.27,,716.74,,589,
45644,101949,4,25190,,,,,,,,9,,2:11.78,,,,,1233,True,Distance,499,961,979.5,M,False,3,2025-04-12,2025-04-12,False,64.07,,612.87,,463,
45645,101950,4,18781,,,,,,,,11,,4:03.03,,,,,1233,True,Distance,819,1181,1409.5,M,False,3,2025-04-12,2025-04-12,False,69.1,,804.02,,665,
45646,101951,4,102,,,,,,,,11,,4:05.65,,,,,1233,True,Distance,789,1160,1369.0,M,False,3,2025-04-12,2025-04-12,False,68.26,,786.68,,644,
45647,101952,4,18780,,,,,,,,11,,4:07.30,,,,,1233,True,Distance,770,1147,1343.5,M,False,3,2025-04-12,2025-04-12,False,67.75,,775.95,,631,
45648,101953,4,2965,,,,,,,,11,,4:14.39,,,,,1233,True,Distance,693,1093,1239.5,M,False,3,2025-04-12,2025-04-12,False,65.6,,731.43,,577,
45649,101954,4,20489,,,,,,,,11,,4:19.82,,,,,1233,True,Distance,637,1051,1162.5,M,False,3,2025-04-12,2025-04-12,False,64.05,,698.97,,537,
45650,101955,4,20493,,,,,,,,11,,4:21.69,,,,,1233,True,Distance,618,1037,1136.5,M,False,3,2025-04-12,2025-04-12,False,63.53,,688.1,,524,
45651,101956,4,26543,,,,,,,,11,,4:23.56,,,,,1233,True,Distance,599,1023,1110.5,M,False,3,2025-04-12,2025-04-12,False,63.02,,677.39,,511,
45652,101957,4,2945,,,,,,,,17,,15:21.65,,,,,1233,True,Distance,746,1121,1306.5,M,False,3,2025-04-12,2025-04-12,False,67.71,,795.13,,626,
45653,101958,4,7720,,,,,,,,17,,16:58.02,,,,,1233,True,Distance,494,945,966.5,M,False,3,2025-04-12,2025-04-12,False,60.33,,648.81,,450,
45654,101959,4,106,,,,,,,,17,,16:59.41,,,,,1233,True,Distance,491,943,962.5,M,False,3,2025-04-12,2025-04-12,False,60.23,,646.91,,447,
45655,101960,4,4637,,,,,,,,17,,17:59.31,,,,,1233,True,Distance,361,841,781.5,M,False,3,2025-04-12,2025-04-12,False,56.36,,569.35,,354,
45656,101961,4,22531,,,,,,,,20,,10:00.02,,,,,1233,True,Distance,479,932,945.0,M,False,3,2025-04-12,2025-04-12,False,58.85,,614.71,,607,
45657,101962,4,7719,,,,,,,,20,,10:01.74,,,,,1233,True,Distance,472,926,935.0,M,False,3,2025-04-12,2025-04-12,False,58.66,,610.75,,603,
45658,101963,4,25190,,5787.0,,18780.0,,20492.0,,24,,3:35.54,,,,,1233,True,Relays,708,1092,1254.0,M,False,3,2025-04-12,2025-04-12,False,86.01,,1151.27,,563,
45660,101965,17,25229,,3269.0,,3264.0,,25200.0,,24,,3:30.41,,,,,1233,True,Relays,771,1135,1338.5,M,False,3,2025-04-12,2025-04-12,False,88.45,,1199.22,,608,
45662,101967,86,1558,,,,,,,,17,,15:44.14,,,,,1234,True,Distance,683,1079,1222.5,M,False,3,2025-04-11,2025-04-12,False,65.84,,758.31,,582,
45663,101968,86,23446,,,,,,,,17,,16:23.10,,,,,1234,True,Distance,579,1007,1082.5,M,False,3,2025-04-11,2025-04-12,False,62.82,,698.52,,510,
45664,101969,86,18745,,,,,,,,17,,16:54.16,,,,,1234,True,Distance,503,952,979.0,M,False,3,2025-04-11,2025-04-12,False,60.59,,654.14,,456,
45665,101970,86,19768,,,,,,,,21,,59.03,,,,,1234,True,Relays,135,591,430.5,M,False,3,2025-04-11,2025-04-12,False,70.24,,534.06,,27,
45670,101975,86,2555,,,,,,,,11,,4:21.58,,,,,1234,True,Distance,619,1038,1138.0,M,False,3,2025-04-11,2025-04-12,False,63.56,,688.74,,525,
45671,101976,86,26462,,,,,,,,11,,4:49.13,,,,,1234,True,Distance,373,843,794.5,M,False,3,2025-04-11,2025-04-12,False,56.76,,544.81,,349,
45672,101977,86,1597,,,,,,,,11,,4:55.03,,,,,1234,True,Distance,329,804,731.0,M,False,3,2025-04-11,2025-04-12,False,55.49,,517.49,,316,
45673,101978,86,1612,,,,,,,,11,,5:08.92,,,,,1234,True,Distance,235,715,592.5,M,False,3,2025-04-11,2025-04-12,False,52.69,,457.27,,242,
45678,101983,86,3012,,,,,,,,9,,2:05.87,,,,,1234,True,Distance,623,1059,1152.5,M,False,3,2025-04-11,2025-04-12,False,67.61,,683.69,,549,
45679,101984,86,2555,,,,,,,,9,,2:09.10,,,,,1234,True,Distance,553,1005,1055.5,M,False,3,2025-04-11,2025-04-12,False,65.63,,644.18,,501,
45680,101985,86,25118,,,,,,,,9,,2:10.64,,,,,1234,True,Distance,522,980,1012.0,M,False,3,2025-04-11,2025-04-12,False,64.72,,626.04,,479,
45681,101986,86,1612,,,,,,,,9,,2:26.28,,,,,1234,True,Distance,252,739,621.5,M,False,3,2025-04-11,2025-04-12,False,56.74,,463.37,,281,
45691,101997,86,26462,,,,,,,,20,,11:53.11,,,,,1234,True,Distance,133,613,439.5,M,False,3,2025-04-11,2025-04-12,False,48.38,,394.76,,355,
45692,101998,86,25118,,,,,,,,20,,12:02.91,,,,,1234,True,Distance,114,589,408.5,M,False,3,2025-04-11,2025-04-12,False,47.63,,378.94,,337,
45693,101999,86,3012,,,,,,,,20,,12:14.24,,,,,1234,True,Distance,93,561,373.5,M,False,3,2025-04-11,2025-04-12,False,46.79,,361.18,,316,
45694,102000,86,1612,,,,,,,,20,,13:10.77,,,,,1234,True,Distance,20,433,236.5,M,False,3,2025-04-11,2025-04-12,False,42.99,,280.15,,223,
45695,102001,86,26172,,,,,,,,20,,14:15.90,,,,,1234,True,Distance,0,306,153.0,M,False,3,2025-04-11,2025-04-12,False,39.24,,200.07,,131,
45696,102002,86,19768,,,,,,,,24,,4:08.44,,,,,1234,True,Relays,369,837,787.5,M,False,3,2025-04-11,2025-04-12,False,73.03,,890.81,,319,
45699,102005,88,539,So,,,,,,,9,,1:51.86,,,,,1235,True,Distance,973,1312,1629.0,M,False,3,2025-05-04,2025-05-04,False,77.72,,881.47,,790,
45702,102008,88,24595,Fr,,,,,,,11,,3:59.07,,,,,1235,True,Distance,865,1213,1471.5,M,False,3,2025-05-04,2025-05-04,False,70.41,,830.95,,698,
45703,102009,79,25852,,,,,,,,11,,3:59.22,,,,,1235,True,Distance,863,1212,1469.0,M,False,3,2025-05-04,2025-05-04,False,70.36,,829.92,,697,
45704,102010,4,2959,,,,,,,,9,,1:53.78,,,,,1236,True,Distance,921,1276,1559.0,M,False,3,2025-05-03,2025-05-03,False,76.16,,851.48,,754,
45705,102011,4,5788,,,,,,,,9,,1:54.50,,,,,1236,True,Distance,901,1262,1532.0,M,False,3,2025-05-03,2025-05-03,False,75.6,,840.5,,740,
45706,102012,4,26546,,,,,,,,9,,1:54.52,,,,,1236,True,Distance,901,1262,1532.0,M,False,3,2025-05-03,2025-05-03,False,75.58,,840.2,,740,
45707,102013,4,22530,,,,,,,,9,,2:03.75,,,,,1236,True,Distance,671,1096,1219.0,M,False,3,2025-05-03,2025-05-03,False,68.97,,710.74,,582,
45708,102014,4,22527,,,,,,,,11,,3:51.88,,,,,1236,True,Distance,953,1272,1589.0,M,False,3,2025-05-03,2025-05-03,False,72.91,,882.2,,761,
45709,102015,4,5173,,,,,,,,11,,3:54.44,,,,,1236,True,Distance,921,1251,1546.5,M,False,3,2025-05-03,2025-05-03,False,72.0,,863.59,,738,
45710,102016,4,2959,,,,,,,,11,,4:22.72,,,,,1236,True,Distance,607,1030,1122.0,M,False,3,2025-05-03,2025-05-03,False,63.25,,682.18,,517,
45711,102017,4,91,,,,,,,,17,,14:53.06,,,,,1236,True,Distance,830,1176,1418.0,M,False,3,2025-05-03,2025-05-03,False,70.22,,844.61,,686,
45712,102018,4,22529,,,,,,,,17,,14:56.05,,,,,1236,True,Distance,821,1171,1406.5,M,False,3,2025-05-03,2025-05-03,False,69.95,,839.28,,679,
45713,102019,4,95,,,,,,,,17,,14:58.74,,,,,1236,True,Distance,813,1165,1395.5,M,False,3,2025-05-03,2025-05-03,False,69.71,,834.53,,674,
45714,102020,4,2945,,,,,,,,17,,15:14.08,,,,,1236,True,Distance,768,1136,1336.0,M,False,3,2025-05-03,2025-05-03,False,68.36,,807.93,,642,
45715,102021,4,7717,,,,,,,,17,,15:26.81,,,,,1236,True,Distance,731,1112,1287.0,M,False,3,2025-05-03,2025-05-03,False,67.27,,786.52,,616,
45716,102022,4,7719,,,,,,,,17,,16:08.04,,,,,1236,True,Distance,618,1035,1135.5,M,False,3,2025-05-03,2025-05-03,False,63.96,,721.06,,537,
45717,102023,15,18273,,,,,,,,9,,2:01.60,,,,,1236,True,Distance,722,1134,1289.0,M,False,3,2025-05-03,2025-05-03,False,70.41,,739.14,,617,
45718,102024,15,6344,,,,,,,,11,,3:56.56,,,,,1236,True,Distance,895,1233,1511.5,M,False,3,2025-05-03,2025-05-03,False,71.27,,848.49,,719,
45719,102025,15,5137,,,,,,,,17,,15:17.77,,,,,1236,True,Distance,757,1129,1321.5,M,False,3,2025-05-03,2025-05-03,False,68.04,,801.66,,634,
45732,101996,86,23446,,,,,,,,20,,11:26.67,,,,,1234,True,Distance,195,682,536.0,M,False,3,2025-04-11,2025-04-12,False,50.5,,439.69,,406,
47138,102218,124,21403,,,,,,,,26,Finals,9:36.68,,,,,1237,True,Relays,0,0,0.0,M,False,3,2025-04-05,2025-04-06,True,,,,,,
47157,102237,146,26574,,,,,,,,26,Finals,7:54.66,,,,,1237,True,Relays,0,0,0.0,M,False,3,2025-04-05,2025-04-06,True,,,,,,
47158,102238,116,26575,,,,,,,,26,Finals,7:56.50,,,,,1237,True,Relays,0,0,0.0,M,False,3,2025-04-05,2025-04-06,True,,,,,,
47159,102239,164,26576,,,,,,,,26,Finals,7:57.95,,,,,1237,True,Relays,0,0,0.0,M,False,3,2025-04-05,2025-04-06,True,,,,,,
47160,102240,188,26577,,,,,,,,26,Finals,8:00.33,,,,,1237,True,Relays,0,0,0.0,M,False,3,2025-04-05,2025-04-06,True,,,,,,
47161,102241,158,26578,,,,,,,,26,Finals,8:06.99,,,,,1237,True,Relays,0,0,0.0,M,False,3,2025-04-05,2025-04-06,True,,,,,,
47162,102242,124,26579,,,,,,,,26,Finals,8:07.23,,,,,1237,True,Relays,0,0,0.0,M,False,3,2025-04-05,2025-04-06,True,,,,,,
47163,102243,167,26580,,,,,,,,26,Finals,8:10.68,,,,,1237,True,Relays,0,0,0.0,M,False,3,2025-04-05,2025-04-06,True,,,,,,
47164,102244,169,26581,,,,,,,,26,Finals,8:12.90,,,,,1237,True,Relays,0,0,0.0,M,False,3,2025-04-05,2025-04-06,True,,,,,,
47165,102245,75,26582,,,,,,,,26,Finals,8:13.76,,,,,1237,True,Relays,0,0,0.0,M,False,3,2025-04-05,2025-04-06,True,,,,,,
47166,102246,174,26583,,,,,,,,26,Finals,8:15.07,,,,,1237,True,Relays,0,0,0.0,M,False,3,2025-04-05,2025-04-06,True,,,,,,
47167,102247,159,26584,,,,,,,,26,Finals,8:15.24,,,,,1237,True,Relays,0,0,0.0,M,False,3,2025-04-05,2025-04-06,True,,,,,,
47169,102249,122,26586,,,,,,,,26,Finals,8:20.69,,,,,1237,True,Relays,0,0,0.0,M,False,3,2025-04-05,2025-04-06,True,,,,,,
47170,102250,203,26587,,,,,,,,26,Finals,8:22.99,,,,,1237,True,Relays,0,0,0.0,M,False,3,2025-04-05,2025-04-06,True,,,,,,
47171,102251,132,26588,,,,,,,,26,Finals,8:23.09,,,,,1237,True,Relays,0,0,0.0,M,False,3,2025-04-05,2025-04-06,True,,,,,,
47172,102252,167,26589,,,,,,,,26,Finals,8:23.94,,,,,1237,True,Relays,0,0,0.0,M,False,3,2025-04-05,2025-04-06,True,,,,,,
47173,102253,120,26590,,,,,,,,26,Finals,8:32.14,,,,,1237,True,Relays,0,0,0.0,M,False,3,2025-04-05,2025-04-06,True,,,,,,
47174,102254,56,26591,,,,,,,,26,Finals,8:32.75,,,,,1237,True,Relays,0,0,0.0,M,False,3,2025-04-05,2025-04-06,True,,,,,,
47175,102255,146,26592,,,,,,,,26,Finals,8:33.79,,,,,1237,True,Relays,0,0,0.0,M,False,3,2025-04-05,2025-04-06,True,,,,,,
47176,102256,162,26593,,,,,,,,26,Finals,8:42.20,,,,,1237,True,Relays,0,0,0.0,M,False,3,2025-04-05,2025-04-06,True,,,,,,
47177,102257,124,26594,,,,,,,,26,Finals,8:49.15,,,,,1237,True,Relays,0,0,0.0,M,False,3,2025-04-05,2025-04-06,True,,,,,,
47178,102258,164,26595,,,,,,,,26,Finals,8:51.31,,,,,1237,True,Relays,0,0,0.0,M,False,3,2025-04-05,2025-04-06,True,,,,,,
47179,102259,161,26596,,,,,,,,26,Finals,8:53.67,,,,,1237,True,Relays,0,0,0.0,M,False,3,2025-04-05,2025-04-06,True,,,,,,
47180,102260,75,26597,,,,,,,,26,Finals,8:57.66,,,,,1237,True,Relays,0,0,0.0,M,False,3,2025-04-05,2025-04-06,True,,,,,,
47181,102261,158,26598,,,,,,,,26,Finals,9:06.86,,,,,1237,True,Relays,0,0,0.0,M,False,3,2025-04-05,2025-04-06,True,,,,,,
47182,102248,1,7,,,,,,,,26,Finals,8:18.54,,,,,1237,True,Relays,0,0,0.0,M,False,3,2025-04-05,2025-04-06,True,,,,,,
47185,102262,203,26599,,,,,,,,26,Finals,9:08.14,,,,,1237,True,Relays,0,0,0.0,M,False,3,2025-04-05,2025-04-06,True,,,,,,
47186,102263,167,26600,,,,,,,,26,Finals,9:16.55,,,,,1237,True,Relays,0,0,0.0,M,False,3,2025-04-05,2025-04-06,True,,,,,,
47187,102264,117,26601,,,,,,,,26,Finals,9:26.52,,,,,1237,True,Relays,0,0,0.0,M,False,3,2025-04-05,2025-04-06,True,,,,,,
47188,102265,169,26602,,,,,,,,26,Finals,9:28.34,,,,,1237,True,Relays,0,0,0.0,M,False,3,2025-04-05,2025-04-06,True,,,,,,
47189,102266,202,26603,,,,,,,,26,Finals,9:44.11,,,,,1237,True,Relays,0,0,0.0,M,False,3,2025-04-05,2025-04-06,True,,,,,,
47190,102267,158,26604,,,,,,,,26,Finals,10:13.16,,,,,1237,True,Relays,0,0,0.0,M,False,3,2025-04-05,2025-04-06,True,,,,,,
47622,102707,167,19375,,,,,,,,11,Finals,3:55.40,,,,,1237,True,Distance,909,1243,1530.5,M,False,3,2025-04-05,2025-04-06,True,71.67,,856.72,,730,
47623,102708,167,466,,,,,,,,11,Finals,3:56.40,,,,,1237,True,Distance,897,1235,1514.5,M,False,3,2025-04-05,2025-04-06,True,71.32,,849.62,,721,
47624,102709,75,26626,,,,,,,,11,Finals,3:57.21,,,,,1237,True,Distance,887,1228,1501.0,M,False,3,2025-04-05,2025-04-06,True,71.04,,843.91,,714,
47625,102710,167,673,,,,,,,,11,Finals,3:58.29,,,,,1237,True,Distance,875,1219,1484.5,M,False,3,2025-04-05,2025-04-06,True,70.67,,836.36,,705,
47626,102711,117,8038,,,,,,,,11,Finals,3:59.33,,,,,1237,True,Distance,862,1211,1467.5,M,False,3,2025-04-05,2025-04-06,True,70.32,,829.16,,696,
47627,102712,96,2492,,,,,,,,11,Finals,4:00.41,,,,,1237,True,Distance,849,1202,1450.0,M,False,3,2025-04-05,2025-04-06,True,69.96,,821.74,,687,
47628,102713,116,4910,,,,,,,,11,Finals,4:01.83,,,,,1237,True,Distance,833,1191,1428.5,M,False,3,2025-04-05,2025-04-06,True,69.49,,812.09,,675,
47629,102714,146,26627,,,,,,,,11,Finals,4:02.45,,,,,1237,True,Distance,826,1186,1419.0,M,False,3,2025-04-05,2025-04-06,True,69.29,,807.91,,670,
47630,102715,88,24595,,,,,,,,11,Finals,4:02.87,,,,,1237,True,Distance,821,1182,1412.0,M,False,3,2025-04-05,2025-04-06,True,69.16,,805.09,,667,
47631,102716,75,7722,,,,,,,,11,Finals,4:03.27,,,,,1237,True,Distance,816,1179,1405.5,M,False,3,2025-04-05,2025-04-06,True,69.03,,802.42,,663,
47632,102717,164,18961,,,,,,,,11,Finals,4:03.81,,,,,1237,True,Distance,810,1175,1397.5,M,False,3,2025-04-05,2025-04-06,True,68.85,,798.82,,659,
47633,102718,79,25852,,,,,,,,11,Finals,4:03.84,,,,,1237,True,Distance,810,1175,1397.5,M,False,3,2025-04-05,2025-04-06,True,68.84,,798.62,,659,
47634,102719,122,1715,,,,,,,,11,Finals,4:04.05,,,,,1237,True,Distance,807,1173,1393.5,M,False,3,2025-04-05,2025-04-06,True,68.77,,797.23,,657,
47635,102720,56,2193,,,,,,,,11,Finals,4:04.08,,,,,1237,True,Distance,807,1173,1393.5,M,False,3,2025-04-05,2025-04-06,True,68.76,,797.03,,657,
47636,102721,96,364,,,,,,,,11,Finals,4:05.47,,,,,1237,True,Distance,791,1162,1372.0,M,False,3,2025-04-05,2025-04-06,True,68.32,,787.86,,646,
47637,102722,165,395,,,,,,,,11,Finals,4:05.89,,,,,1237,True,Distance,786,1159,1365.5,M,False,3,2025-04-05,2025-04-06,True,68.19,,785.11,,642,
47638,102723,88,11483,,,,,,,,11,Finals,4:06.32,,,,,1237,True,Distance,781,1155,1358.5,M,False,3,2025-04-05,2025-04-06,True,68.05,,782.31,,639,
47639,102724,159,22384,,,,,,,,11,Finals,4:06.76,,,,,1237,True,Distance,776,1152,1352.0,M,False,3,2025-04-05,2025-04-06,True,67.91,,779.45,,635,
47640,102725,167,669,,,,,,,,11,Finals,4:07.04,,,,,1237,True,Distance,773,1149,1347.5,M,False,3,2025-04-05,2025-04-06,True,67.83,,777.63,,633,
47641,102726,167,2584,,,,,,,,11,Finals,4:07.63,,,,,1237,True,Distance,767,1145,1339.5,M,False,3,2025-04-05,2025-04-06,True,67.64,,773.82,,628,
47642,102727,164,700,,,,,,,,11,Finals,4:07.68,,,,,1237,True,Distance,766,1144,1338.0,M,False,3,2025-04-05,2025-04-06,True,67.63,,773.5,,628,
47643,102728,159,676,,,,,,,,11,Finals,4:07.78,,,,,1237,True,Distance,765,1144,1337.0,M,False,3,2025-04-05,2025-04-06,True,67.6,,772.86,,627,
47644,102729,167,667,,,,,,,,11,Finals,4:08.42,,,,,1237,True,Distance,758,1139,1327.5,M,False,3,2025-04-05,2025-04-06,True,67.4,,768.75,,622,
47645,102730,146,1216,,,,,,,,11,Finals,4:08.64,,,,,1237,True,Distance,755,1137,1323.5,M,False,3,2025-04-05,2025-04-06,True,67.33,,767.34,,620,
47646,102731,63,23408,,,,,,,,11,Finals,4:09.21,,,,,1237,True,Distance,749,1133,1315.5,M,False,3,2025-04-05,2025-04-06,True,67.16,,763.71,,616,
47647,102733,79,25853,,,,,,,,11,Finals,4:09.90,,,,,1237,True,Distance,742,1127,1305.5,M,False,3,2025-04-05,2025-04-06,True,66.94,,759.33,,611,
47648,102734,146,22385,,,,,,,,11,Finals,4:10.20,,,,,1237,True,Distance,738,1125,1300.5,M,False,3,2025-04-05,2025-04-06,True,66.85,,757.43,,608,
47649,102735,117,23472,,,,,,,,11,Finals,4:10.53,,,,,1237,True,Distance,735,1122,1296.0,M,False,3,2025-04-05,2025-04-06,True,66.75,,755.35,,606,
47650,102736,124,11304,,,,,,,,11,Finals,4:11.28,,,,,1237,True,Distance,726,1116,1284.0,M,False,3,2025-04-05,2025-04-06,True,66.53,,750.65,,600,
47651,102737,132,18965,,,,,,,,11,Finals,4:11.36,,,,,1237,True,Distance,726,1116,1284.0,M,False,3,2025-04-05,2025-04-06,True,66.5,,750.15,,600,
47652,102738,75,5571,,,,,,,,11,Finals,4:11.60,,,,,1237,True,Distance,723,1114,1280.0,M,False,3,2025-04-05,2025-04-06,True,66.43,,748.65,,598,
47653,102739,164,709,,,,,,,,11,Finals,4:11.75,,,,,1237,True,Distance,721,1113,1277.5,M,False,3,2025-04-05,2025-04-06,True,66.39,,747.71,,597,
47654,102740,11,2950,,,,,,,,11,Finals,4:11.82,,,,,1237,True,Distance,721,1112,1277.0,M,False,3,2025-04-05,2025-04-06,True,66.36,,747.28,,596,
47655,102741,167,704,,,,,,,,11,Finals,4:12.13,,,,,1237,True,Distance,717,1110,1272.0,M,False,3,2025-04-05,2025-04-06,True,66.27,,745.35,,594,
47656,102742,116,26507,,,,,,,,11,Finals,4:12.16,,,,,1237,True,Distance,717,1110,1272.0,M,False,3,2025-04-05,2025-04-06,True,66.26,,745.16,,593,
47657,102743,124,19403,,,,,,,,11,Finals,4:12.18,,,,,1237,True,Distance,717,1109,1271.5,M,False,3,2025-04-05,2025-04-06,True,66.26,,745.04,,593,
47658,102744,132,5409,,,,,,,,11,Finals,4:12.22,,,,,1237,True,Distance,716,1109,1270.5,M,False,3,2025-04-05,2025-04-06,True,66.24,,744.79,,593,
47659,102745,162,4397,,,,,,,,11,Finals,4:12.74,,,,,1237,True,Distance,711,1105,1263.5,M,False,3,2025-04-05,2025-04-06,True,66.09,,741.56,,589,
47660,102746,167,8108,,,,,,,,11,Finals,4:12.92,,,,,1237,True,Distance,709,1104,1261.0,M,False,3,2025-04-05,2025-04-06,True,66.04,,740.45,,588,
47661,102732,75,1534,,,,,,,,11,Finals,4:09.51,,,,,1237,True,Distance,746,1130,1311.0,M,False,3,2025-04-05,2025-04-06,True,67.06,,761.8,,614,
47664,102747,88,3615,,,,,,,,11,Finals,4:13.42,,,,,1237,True,Distance,703,1100,1253.0,M,False,3,2025-04-05,2025-04-06,True,65.89,,737.37,,584,
47665,102748,116,26506,,,,,,,,11,Finals,4:13.63,,,,,1237,True,Distance,701,1098,1250.0,M,False,3,2025-04-05,2025-04-06,True,65.83,,736.08,,582,
47666,102749,167,19381,,,,,,,,11,Finals,4:13.64,,,,,1237,True,Distance,701,1098,1250.0,M,False,3,2025-04-05,2025-04-06,True,65.82,,736.02,,582,
47667,102750,178,3054,,,,,,,,11,Finals,4:13.84,,,,,1237,True,Distance,699,1097,1247.5,M,False,3,2025-04-05,2025-04-06,True,65.76,,734.79,,581,
47668,102751,203,18875,,,,,,,,11,Finals,4:13.96,,,,,1237,True,Distance,698,1096,1246.0,M,False,3,2025-04-05,2025-04-06,True,65.73,,734.05,,580,
47669,102752,96,1552,,,,,,,,11,Finals,4:13.97,,,,,1237,True,Distance,697,1096,1245.0,M,False,3,2025-04-05,2025-04-06,True,65.73,,733.99,,580,
47670,102753,88,24596,,,,,,,,11,Finals,4:14.26,,,,,1237,True,Distance,694,1093,1240.5,M,False,3,2025-04-05,2025-04-06,True,65.64,,732.22,,578,
47671,102754,132,25639,,,,,,,,11,Finals,4:14.58,,,,,1237,True,Distance,691,1091,1236.5,M,False,3,2025-04-05,2025-04-06,True,65.55,,730.27,,575,
47672,102755,146,11394,,,,,,,,11,Finals,4:15.99,,,,,1237,True,Distance,676,1080,1216.0,M,False,3,2025-04-05,2025-04-06,True,65.14,,721.72,,565,
47673,102756,132,18990,,,,,,,,11,Finals,4:16.32,,,,,1237,True,Distance,673,1078,1212.0,M,False,3,2025-04-05,2025-04-06,True,65.04,,719.73,,562,
47674,102757,164,689,,,,,,,,11,Finals,4:16.51,,,,,1237,True,Distance,671,1076,1209.0,M,False,3,2025-04-05,2025-04-06,True,64.99,,718.59,,561,
47675,102758,167,710,,,,,,,,11,Finals,4:16.67,,,,,1237,True,Distance,669,1075,1206.5,M,False,3,2025-04-05,2025-04-06,True,64.94,,717.63,,560,
47676,102759,17,4191,,,,,,,,11,Finals,4:16.92,,,,,1237,True,Distance,666,1073,1202.5,M,False,3,2025-04-05,2025-04-06,True,64.87,,716.13,,558,
47677,102760,167,685,,,,,,,,11,Finals,4:16.94,,,,,1237,True,Distance,666,1073,1202.5,M,False,3,2025-04-05,2025-04-06,True,64.86,,716.01,,558,
47678,102761,164,18979,,,,,,,,11,Finals,4:17.13,,,,,1237,True,Distance,664,1072,1200.0,M,False,3,2025-04-05,2025-04-06,True,64.81,,714.88,,556,
47679,102762,159,706,,,,,,,,11,Finals,4:17.24,,,,,1237,True,Distance,663,1071,1198.5,M,False,3,2025-04-05,2025-04-06,True,64.78,,714.22,,556,
47680,102764,88,11493,,,,,,,,11,Finals,4:17.76,,,,,1237,True,Distance,658,1067,1191.5,M,False,3,2025-04-05,2025-04-06,True,64.63,,711.12,,552,
47681,102765,56,203,,,,,,,,11,Finals,4:17.95,,,,,1237,True,Distance,656,1065,1188.5,M,False,3,2025-04-05,2025-04-06,True,64.58,,709.99,,551,
47682,102766,79,512,,,,,,,,11,Finals,4:18.12,,,,,1237,True,Distance,654,1064,1186.0,M,False,3,2025-04-05,2025-04-06,True,64.53,,708.98,,549,
47683,102767,75,23414,,,,,,,,11,Finals,4:18.17,,,,,1237,True,Distance,653,1064,1185.0,M,False,3,2025-04-05,2025-04-06,True,64.51,,708.69,,549,
47684,102768,199,1842,,,,,,,,11,Finals,4:18.49,,,,,1237,True,Distance,650,1061,1180.5,M,False,3,2025-04-05,2025-04-06,True,64.42,,706.79,,547,
47685,102769,56,8059,,,,,,,,11,Finals,4:18.62,,,,,1237,True,Distance,649,1060,1179.0,M,False,3,2025-04-05,2025-04-06,True,64.39,,706.02,,546,
47686,102770,204,1876,,,,,,,,11,Finals,4:18.73,,,,,1237,True,Distance,648,1060,1178.0,M,False,3,2025-04-05,2025-04-06,True,64.36,,705.37,,545,
47687,102771,159,20431,,,,,,,,11,Finals,4:18.96,,,,,1237,True,Distance,645,1058,1174.0,M,False,3,2025-04-05,2025-04-06,True,64.29,,704.02,,543,
47688,102772,174,2116,,,,,,,,11,Finals,4:19.18,,,,,1237,True,Distance,643,1056,1171.0,M,False,3,2025-04-05,2025-04-06,True,64.23,,702.72,,542,
47689,102773,88,2553,,,,,,,,11,Finals,4:19.23,,,,,1237,True,Distance,643,1056,1171.0,M,False,3,2025-04-05,2025-04-06,True,64.21,,702.43,,541,
47690,102774,116,26629,,,,,,,,11,Finals,4:19.34,,,,,1237,True,Distance,641,1055,1168.5,M,False,3,2025-04-05,2025-04-06,True,64.18,,701.78,,541,
47691,102775,164,747,,,,,,,,11,Finals,4:19.47,,,,,1237,True,Distance,640,1054,1167.0,M,False,3,2025-04-05,2025-04-06,True,64.15,,701.02,,540,
47692,102776,167,2539,,,,,,,,11,Finals,4:19.48,,,,,1237,True,Distance,640,1054,1167.0,M,False,3,2025-04-05,2025-04-06,True,64.14,,700.96,,540,
47693,102777,63,5568,,,,,,,,11,Finals,4:19.52,,,,,1237,True,Distance,640,1054,1167.0,M,False,3,2025-04-05,2025-04-06,True,64.13,,700.72,,539,
47694,102778,88,507,,,,,,,,11,Finals,4:19.81,,,,,1237,True,Distance,637,1051,1162.5,M,False,3,2025-04-05,2025-04-06,True,64.05,,699.03,,537,
47695,102780,100,25167,,,,,,,,11,Finals,4:20.20,,,,,1237,True,Distance,633,1048,1157.0,M,False,3,2025-04-05,2025-04-06,True,63.94,,696.75,,534,
47696,102781,88,11491,,,,,,,,11,Finals,4:20.26,,,,,1237,True,Distance,632,1048,1156.0,M,False,3,2025-04-05,2025-04-06,True,63.93,,696.4,,534,
47697,102782,96,367,,,,,,,,11,Finals,4:20.32,,,,,1237,True,Distance,631,1048,1155.0,M,False,3,2025-04-05,2025-04-06,True,63.91,,696.05,,534,
47698,102783,167,26182,,,,,,,,11,Finals,4:20.39,,,,,1237,True,Distance,631,1047,1154.5,M,False,3,2025-04-05,2025-04-06,True,63.89,,695.64,,533,
47699,102784,174,2111,,,,,,,,11,Finals,4:20.84,,,,,1237,True,Distance,626,1044,1148.0,M,False,3,2025-04-05,2025-04-06,True,63.77,,693.02,,530,
47700,102785,142,18982,,,,,,,,11,Finals,4:20.84,,,,,1237,True,Distance,626,1044,1148.0,M,False,3,2025-04-05,2025-04-06,True,63.77,,693.02,,530,
47701,102786,159,705,,,,,,,,11,Finals,4:21.11,,,,,1237,True,Distance,623,1042,1144.0,M,False,3,2025-04-05,2025-04-06,True,63.69,,691.45,,528,
47702,102787,160,2445,,,,,,,,11,Finals,4:21.29,,,,,1237,True,Distance,622,1040,1142.0,M,False,3,2025-04-05,2025-04-06,True,63.64,,690.41,,527,
47703,102788,75,7726,,,,,,,,11,Finals,4:21.46,,,,,1237,True,Distance,620,1039,1139.5,M,False,3,2025-04-05,2025-04-06,True,63.59,,689.43,,525,
47704,102789,159,694,,,,,,,,11,Finals,4:21.56,,,,,1237,True,Distance,619,1038,1138.0,M,False,3,2025-04-05,2025-04-06,True,63.57,,688.85,,525,
47705,102790,174,18870,,,,,,,,11,Finals,4:21.63,,,,,1237,True,Distance,618,1038,1137.0,M,False,3,2025-04-05,2025-04-06,True,63.55,,688.45,,524,
47706,102792,96,18744,,,,,,,,11,Finals,4:21.79,,,,,1237,True,Distance,617,1037,1135.5,M,False,3,2025-04-05,2025-04-06,True,63.5,,687.52,,523,
47707,102793,124,24809,,,,,,,,11,Finals,4:22.29,,,,,1237,True,Distance,612,1033,1128.5,M,False,3,2025-04-05,2025-04-06,True,63.37,,684.65,,520,
47708,102794,75,1562,,,,,,,,11,Finals,4:22.66,,,,,1237,True,Distance,608,1030,1123.0,M,False,3,2025-04-05,2025-04-06,True,63.26,,682.52,,517,
47709,102795,146,11379,,,,,,,,11,Finals,4:23.14,,,,,1237,True,Distance,603,1027,1116.5,M,False,3,2025-04-05,2025-04-06,True,63.13,,679.78,,514,
47710,102797,88,513,,,,,,,,11,Finals,4:23.80,,,,,1237,True,Distance,597,1022,1108.0,M,False,3,2025-04-05,2025-04-06,True,62.96,,676.02,,509,
47711,102798,159,674,,,,,,,,11,Finals,4:24.15,,,,,1237,True,Distance,593,1019,1102.5,M,False,3,2025-04-05,2025-04-06,True,62.86,,674.04,,507,
47712,102799,1,18731,,,,,,,,11,Finals,4:24.30,,,,,1237,True,Distance,592,1018,1101.0,M,False,3,2025-04-05,2025-04-06,True,62.82,,673.19,,506,
47713,102800,84,23441,,,,,,,,11,Finals,4:24.38,,,,,1237,True,Distance,591,1017,1099.5,M,False,3,2025-04-05,2025-04-06,True,62.8,,672.74,,505,
47714,102801,167,19384,,,,,,,,11,Finals,4:24.44,,,,,1237,True,Distance,590,1017,1098.5,M,False,3,2025-04-05,2025-04-06,True,62.78,,672.4,,505,
47715,102802,11,2967,,,,,,,,11,Finals,4:24.49,,,,,1237,True,Distance,590,1017,1098.5,M,False,3,2025-04-05,2025-04-06,True,62.77,,672.12,,504,
47716,102803,56,8075,,,,,,,,11,Finals,4:24.65,,,,,1237,True,Distance,588,1015,1095.5,M,False,3,2025-04-05,2025-04-06,True,62.73,,671.21,,503,
47717,102804,167,695,,,,,,,,11,Finals,4:24.72,,,,,1237,True,Distance,588,1015,1095.5,M,False,3,2025-04-05,2025-04-06,True,62.71,,670.82,,503,
47718,102805,132,18969,,,,,,,,11,Finals,4:25.06,,,,,1237,True,Distance,584,1012,1090.0,M,False,3,2025-04-05,2025-04-06,True,62.62,,668.9,,500,
47719,102806,88,521,,,,,,,,11,Finals,4:25.09,,,,,1237,True,Distance,584,1012,1090.0,M,False,3,2025-04-05,2025-04-06,True,62.61,,668.74,,500,
47720,102807,86,23446,,,,,,,,11,Finals,4:25.16,,,,,1237,True,Distance,583,1012,1089.0,M,False,3,2025-04-05,2025-04-06,True,62.59,,668.34,,500,
47721,102808,166,3596,,,,,,,,11,Finals,4:25.36,,,,,1237,True,Distance,581,1010,1086.0,M,False,3,2025-04-05,2025-04-06,True,62.54,,667.22,,498,
47722,102809,169,1198,,,,,,,,11,Finals,4:25.47,,,,,1237,True,Distance,580,1009,1084.5,M,False,3,2025-04-05,2025-04-06,True,62.51,,666.6,,498,
47723,102810,167,5230,,,,,,,,11,Finals,4:25.74,,,,,1237,True,Distance,578,1007,1081.5,M,False,3,2025-04-05,2025-04-06,True,62.44,,665.09,,496,
47724,102811,111,8011,,,,,,,,11,Finals,4:25.79,,,,,1237,True,Distance,577,1007,1080.5,M,False,3,2025-04-05,2025-04-06,True,62.42,,664.81,,495,
47725,102812,159,2176,,,,,,,,11,Finals,4:25.81,,,,,1237,True,Distance,577,1007,1080.5,M,False,3,2025-04-05,2025-04-06,True,62.42,,664.7,,495,
47726,102813,167,3011,,,,,,,,11,Finals,4:25.91,,,,,1237,True,Distance,576,1006,1079.0,M,False,3,2025-04-05,2025-04-06,True,62.39,,664.14,,495,
47727,102814,158,2456,,,,,,,,11,Finals,4:26.02,,,,,1237,True,Distance,575,1005,1077.5,M,False,3,2025-04-05,2025-04-06,True,62.36,,663.53,,494,
47728,102815,88,3092,,,,,,,,11,Finals,4:26.24,,,,,1237,True,Distance,573,1004,1075.0,M,False,3,2025-04-05,2025-04-06,True,62.3,,662.3,,492,
47729,102816,100,11514,,,,,,,,11,Finals,4:26.26,,,,,1237,True,Distance,573,1004,1075.0,M,False,3,2025-04-05,2025-04-06,True,62.3,,662.19,,492,
47730,102817,124,5500,,,,,,,,11,Finals,4:26.29,,,,,1237,True,Distance,572,1003,1073.5,M,False,3,2025-04-05,2025-04-06,True,62.29,,662.02,,492,
47731,102818,167,18977,,,,,,,,11,Finals,4:26.64,,,,,1237,True,Distance,569,1001,1069.5,M,False,3,2025-04-05,2025-04-06,True,62.2,,660.07,,490,
47732,102819,88,530,,,,,,,,11,Finals,4:27.08,,,,,1237,True,Distance,565,998,1064.0,M,False,3,2025-04-05,2025-04-06,True,62.08,,657.63,,487,
47733,102820,124,11308,,,,,,,,11,Finals,4:27.13,,,,,1237,True,Distance,564,997,1062.5,M,False,3,2025-04-05,2025-04-06,True,62.07,,657.35,,486,
47734,102821,96,26020,,,,,,,,11,Finals,4:27.33,,,,,1237,True,Distance,562,996,1060.0,M,False,3,2025-04-05,2025-04-06,True,62.02,,656.25,,485,
47735,102822,1,19,,,,,,,,11,Finals,4:27.46,,,,,1237,True,Distance,561,995,1058.5,M,False,3,2025-04-05,2025-04-06,True,61.98,,655.53,,484,
47736,102823,88,2560,,,,,,,,11,Finals,4:27.71,,,,,1237,True,Distance,559,993,1055.5,M,False,3,2025-04-05,2025-04-06,True,61.92,,654.15,,482,
47737,102824,161,24903,,,,,,,,11,Finals,4:28.12,,,,,1237,True,Distance,555,990,1050.0,M,False,3,2025-04-05,2025-04-06,True,61.81,,651.89,,480,
47738,102825,203,1855,,,,,,,,11,Finals,4:28.44,,,,,1237,True,Distance,552,988,1046.0,M,False,3,2025-04-05,2025-04-06,True,61.73,,650.14,,477,
47739,102826,159,16118,,,,,,,,11,Finals,4:29.30,,,,,1237,True,Distance,544,981,1034.5,M,False,3,2025-04-05,2025-04-06,True,61.5,,645.44,,472,
47740,102827,120,18787,,,,,,,,11,Finals,4:29.31,,,,,1237,True,Distance,544,981,1034.5,M,False,3,2025-04-05,2025-04-06,True,61.5,,645.38,,472,
47741,102828,1,19404,,,,,,,,11,Finals,4:29.41,,,,,1237,True,Distance,543,981,1033.5,M,False,3,2025-04-05,2025-04-06,True,61.47,,644.84,,471,
47742,102829,132,22400,,,,,,,,11,Finals,4:29.70,,,,,1237,True,Distance,540,978,1029.0,M,False,3,2025-04-05,2025-04-06,True,61.4,,643.26,,469,
47743,102830,166,24464,,,,,,,,11,Finals,4:30.01,,,,,1237,True,Distance,537,976,1025.0,M,False,3,2025-04-05,2025-04-06,True,61.32,,641.58,,467,
47744,102831,167,742,,,,,,,,11,Finals,4:30.02,,,,,1237,True,Distance,537,976,1025.0,M,False,3,2025-04-05,2025-04-06,True,61.32,,641.52,,467,
47745,102832,90,23429,,,,,,,,11,Finals,4:30.06,,,,,1237,True,Distance,537,976,1025.0,M,False,3,2025-04-05,2025-04-06,True,61.31,,641.31,,467,
47746,102833,178,1870,,,,,,,,11,Finals,4:30.13,,,,,1237,True,Distance,536,975,1023.5,M,False,3,2025-04-05,2025-04-06,True,61.29,,640.93,,466,
47747,102835,116,7982,,,,,,,,11,Finals,4:30.45,,,,,1237,True,Distance,533,973,1019.5,M,False,3,2025-04-05,2025-04-06,True,61.21,,639.2,,464,
47748,102836,142,26180,,,,,,,,11,Finals,4:30.67,,,,,1237,True,Distance,531,971,1016.5,M,False,3,2025-04-05,2025-04-06,True,61.15,,638.01,,463,
47749,102837,159,18991,,,,,,,,11,Finals,4:30.81,,,,,1237,True,Distance,530,970,1015.0,M,False,3,2025-04-05,2025-04-06,True,61.11,,637.26,,462,
47750,102838,117,38,,,,,,,,11,Finals,4:30.95,,,,,1237,True,Distance,528,969,1012.5,M,False,3,2025-04-05,2025-04-06,True,61.08,,636.5,,461,
47751,102839,90,25172,,,,,,,,11,Finals,4:31.28,,,,,1237,True,Distance,525,967,1008.5,M,False,3,2025-04-05,2025-04-06,True,61.0,,634.73,,459,
47752,102840,75,3451,,,,,,,,11,Finals,4:31.37,,,,,1237,True,Distance,524,966,1007.0,M,False,3,2025-04-05,2025-04-06,True,60.97,,634.24,,458,
47753,102841,167,25030,,,,,,,,11,Finals,4:31.53,,,,,1237,True,Distance,523,965,1005.5,M,False,3,2025-04-05,2025-04-06,True,60.93,,633.39,,457,
47754,102842,158,16124,,,,,,,,11,Finals,4:31.64,,,,,1237,True,Distance,522,964,1004.0,M,False,3,2025-04-05,2025-04-06,True,60.9,,632.8,,456,
47755,102843,88,11485,,,,,,,,11,Finals,4:32.10,,,,,1237,True,Distance,518,961,998.5,M,False,3,2025-04-05,2025-04-06,True,60.79,,630.34,,453,
47756,102834,79,3859,,,,,,,,11,Finals,4:30.37,,,,,1237,True,Distance,534,974,1021.0,M,False,3,2025-04-05,2025-04-06,True,61.23,,639.63,,465,
47757,102796,162,1288,,,,,,,,11,Finals,4:23.61,,,,,1237,True,Distance,599,1023,1110.5,M,False,3,2025-04-05,2025-04-06,True,63.01,,677.1,,510,
47758,102791,161,2344,,,,,,,,11,Finals,4:21.75,,,,,1237,True,Distance,617,1037,1135.5,M,False,3,2025-04-05,2025-04-06,True,63.51,,687.75,,523,
47759,102779,204,930,,,,,,,,11,Finals,4:19.91,,,,,1237,True,Distance,636,1051,1161.5,M,False,3,2025-04-05,2025-04-06,True,64.02,,698.44,,536,
47760,102844,86,18745,,,,,,,,11,Finals,4:32.15,,,,,1237,True,Distance,517,961,997.5,M,False,3,2025-04-05,2025-04-06,True,60.77,,630.07,,453,
47761,102845,162,1266,,,,,,,,11,Finals,4:32.44,,,,,1237,True,Distance,515,959,994.5,M,False,3,2025-04-05,2025-04-06,True,60.7,,628.53,,451,
47762,102846,11,22518,,,,,,,,11,Finals,4:32.67,,,,,1237,True,Distance,512,957,990.5,M,False,3,2025-04-05,2025-04-06,True,60.64,,627.3,,450,
47763,102847,203,1858,,,,,,,,11,Finals,4:32.74,,,,,1237,True,Distance,512,957,990.5,M,False,3,2025-04-05,2025-04-06,True,60.63,,626.93,,449,
47764,102848,124,11307,,,,,,,,11,Finals,4:32.80,,,,,1237,True,Distance,511,956,989.0,M,False,3,2025-04-05,2025-04-06,True,60.61,,626.61,,449,
47765,102849,203,18877,,,,,,,,11,Finals,4:33.02,,,,,1237,True,Distance,509,955,986.5,M,False,3,2025-04-05,2025-04-06,True,60.56,,625.45,,447,
47766,102850,178,1853,,,,,,,,11,Finals,4:33.14,,,,,1237,True,Distance,508,954,985.0,M,False,3,2025-04-05,2025-04-06,True,60.53,,624.81,,447,
47767,102851,169,2442,,,,,,,,11,Finals,4:33.55,,,,,1237,True,Distance,504,951,979.5,M,False,3,2025-04-05,2025-04-06,True,60.42,,622.64,,444,
47768,102852,103,18738,,,,,,,,11,Finals,4:33.84,,,,,1237,True,Distance,502,949,976.5,M,False,3,2025-04-05,2025-04-06,True,60.35,,621.11,,442,
47769,102853,169,20766,,,,,,,,11,Finals,4:33.86,,,,,1237,True,Distance,502,949,976.5,M,False,3,2025-04-05,2025-04-06,True,60.35,,621.01,,442,
47770,102854,17,18288,,,,,,,,11,Finals,4:34.10,,,,,1237,True,Distance,499,947,972.5,M,False,3,2025-04-05,2025-04-06,True,60.29,,619.74,,440,
47771,102855,1,25151,,,,,,,,11,Finals,4:34.26,,,,,1237,True,Distance,498,946,971.0,M,False,3,2025-04-05,2025-04-06,True,60.25,,618.9,,439,
47772,102856,159,2177,,,,,,,,11,Finals,4:34.33,,,,,1237,True,Distance,497,945,969.5,M,False,3,2025-04-05,2025-04-06,True,60.23,,618.54,,439,
47773,102857,146,24921,,,,,,,,11,Finals,4:34.43,,,,,1237,True,Distance,497,944,969.0,M,False,3,2025-04-05,2025-04-06,True,60.2,,618.01,,438,
47774,102858,166,4726,,,,,,,,11,Finals,4:34.54,,,,,1237,True,Distance,496,944,968.0,M,False,3,2025-04-05,2025-04-06,True,60.18,,617.43,,438,
47775,102859,101,8014,,,,,,,,11,Finals,4:34.72,,,,,1237,True,Distance,494,942,965.0,M,False,3,2025-04-05,2025-04-06,True,60.13,,616.49,,436,
47776,102860,167,711,,,,,,,,11,Finals,4:35.03,,,,,1237,True,Distance,491,940,961.0,M,False,3,2025-04-05,2025-04-06,True,60.06,,614.87,,434,
47777,102861,167,743,,,,,,,,11,Finals,4:35.27,,,,,1237,True,Distance,489,939,958.5,M,False,3,2025-04-05,2025-04-06,True,60.0,,613.62,,433,
47778,102862,146,3713,,,,,,,,11,Finals,4:35.27,,,,,1237,True,Distance,489,939,958.5,M,False,3,2025-04-05,2025-04-06,True,60.0,,613.62,,433,
47779,102863,86,3012,,,,,,,,11,Finals,4:35.46,,,,,1237,True,Distance,487,937,955.5,M,False,3,2025-04-05,2025-04-06,True,59.95,,612.63,,432,
47780,102864,159,677,,,,,,,,11,Finals,4:35.64,,,,,1237,True,Distance,486,936,954.0,M,False,3,2025-04-05,2025-04-06,True,59.91,,611.69,,431,
47781,102865,120,8019,,,,,,,,11,Finals,4:36.11,,,,,1237,True,Distance,482,933,948.5,M,False,3,2025-04-05,2025-04-06,True,59.79,,609.25,,428,
47782,102866,167,19387,,,,,,,,11,Finals,4:36.27,,,,,1237,True,Distance,480,931,945.5,M,False,3,2025-04-05,2025-04-06,True,59.75,,608.42,,427,
47783,102867,146,24568,,,,,,,,11,Finals,4:36.33,,,,,1237,True,Distance,480,931,945.5,M,False,3,2025-04-05,2025-04-06,True,59.74,,608.11,,426,
47784,102868,146,1251,,,,,,,,11,Finals,4:36.34,,,,,1237,True,Distance,479,931,944.5,M,False,3,2025-04-05,2025-04-06,True,59.73,,608.06,,426,
47785,102870,164,4432,,,,,,,,11,Finals,4:36.76,,,,,1237,True,Distance,476,928,940.0,M,False,3,2025-04-05,2025-04-06,True,59.63,,605.89,,424,
47786,102871,11,3265,,,,,,,,11,Finals,4:36.97,,,,,1237,True,Distance,474,927,937.5,M,False,3,2025-04-05,2025-04-06,True,59.58,,604.81,,422,
47787,102872,111,8005,,,,,,,,11,Finals,4:36.99,,,,,1237,True,Distance,474,926,937.0,M,False,3,2025-04-05,2025-04-06,True,59.58,,604.7,,422,
47788,102873,167,19385,,,,,,,,11,Finals,4:37.21,,,,,1237,True,Distance,472,925,934.5,M,False,3,2025-04-05,2025-04-06,True,59.52,,603.57,,421,
47789,102874,158,24594,,,,,,,,11,Finals,4:37.35,,,,,1237,True,Distance,471,924,933.0,M,False,3,2025-04-05,2025-04-06,True,59.49,,602.85,,420,
47790,102875,124,2005,,,,,,,,11,Finals,4:37.49,,,,,1237,True,Distance,469,923,930.5,M,False,3,2025-04-05,2025-04-06,True,59.46,,602.13,,419,
47791,102876,204,19631,,,,,,,,11,Finals,4:38.29,,,,,1237,True,Distance,462,917,920.5,M,False,3,2025-04-05,2025-04-06,True,59.26,,598.04,,414,
47792,102877,117,188,,,,,,,,11,Finals,4:38.42,,,,,1237,True,Distance,461,916,919.0,M,False,3,2025-04-05,2025-04-06,True,59.23,,597.38,,413,
47793,102878,79,2575,,,,,,,,11,Finals,4:38.43,,,,,1237,True,Distance,461,916,919.0,M,False,3,2025-04-05,2025-04-06,True,59.23,,597.33,,413,
47794,102879,79,4581,,,,,,,,11,Finals,4:38.56,,,,,1237,True,Distance,460,915,917.5,M,False,3,2025-04-05,2025-04-06,True,59.2,,596.67,,412,
47795,102880,204,922,,,,,,,,11,Finals,4:38.86,,,,,1237,True,Distance,457,913,913.5,M,False,3,2025-04-05,2025-04-06,True,59.13,,595.14,,410,
47796,102881,158,18042,,,,,,,,11,Finals,4:39.48,,,,,1237,True,Distance,452,909,906.5,M,False,3,2025-04-05,2025-04-06,True,58.98,,592.0,,407,
47797,102882,174,18876,,,,,,,,11,Finals,4:39.63,,,,,1237,True,Distance,451,908,905.0,M,False,3,2025-04-05,2025-04-06,True,58.94,,591.24,,406,
47798,102883,117,161,,,,,,,,11,Finals,4:39.97,,,,,1237,True,Distance,448,905,900.5,M,False,3,2025-04-05,2025-04-06,True,58.86,,589.52,,404,
47799,102884,11,2987,,,,,,,,11,Finals,4:40.47,,,,,1237,True,Distance,444,902,895.0,M,False,3,2025-04-05,2025-04-06,True,58.74,,587.01,,400,
47800,102885,159,16146,,,,,,,,11,Finals,4:40.56,,,,,1237,True,Distance,443,901,893.5,M,False,3,2025-04-05,2025-04-06,True,58.72,,586.55,,400,
47801,102886,146,11405,,,,,,,,11,Finals,4:40.70,,,,,1237,True,Distance,442,900,892.0,M,False,3,2025-04-05,2025-04-06,True,58.69,,585.85,,399,
47802,102887,167,5220,,,,,,,,11,Finals,4:40.77,,,,,1237,True,Distance,441,900,891.0,M,False,3,2025-04-05,2025-04-06,True,58.67,,585.5,,399,
47803,102888,167,760,,,,,,,,11,Finals,4:40.84,,,,,1237,True,Distance,441,899,890.5,M,False,3,2025-04-05,2025-04-06,True,58.66,,585.15,,398,
47804,102889,158,2463,,,,,,,,11,Finals,4:40.96,,,,,1237,True,Distance,440,899,889.5,M,False,3,2025-04-05,2025-04-06,True,58.63,,584.55,,397,
47805,102890,162,21234,,,,,,,,11,Finals,4:41.14,,,,,1237,True,Distance,438,897,886.5,M,False,3,2025-04-05,2025-04-06,True,58.59,,583.65,,396,
47806,102891,171,11395,,,,,,,,11,Finals,4:41.30,,,,,1237,True,Distance,437,896,885.0,M,False,3,2025-04-05,2025-04-06,True,58.55,,582.85,,395,
47807,102892,167,2608,,,,,,,,11,Finals,4:41.35,,,,,1237,True,Distance,436,896,884.0,M,False,3,2025-04-05,2025-04-06,True,58.54,,582.6,,395,
47808,102893,17,3296,,,,,,,,11,Finals,4:41.45,,,,,1237,True,Distance,435,895,882.5,M,False,3,2025-04-05,2025-04-06,True,58.51,,582.1,,394,
47809,102895,158,2900,,,,,,,,11,Finals,4:42.22,,,,,1237,True,Distance,429,890,874.0,M,False,3,2025-04-05,2025-04-06,True,58.33,,578.27,,390,
47810,102896,203,3073,,,,,,,,11,Finals,4:42.52,,,,,1237,True,Distance,426,888,870.0,M,False,3,2025-04-05,2025-04-06,True,58.26,,576.78,,388,
47811,102897,199,1895,,,,,,,,11,Finals,4:42.61,,,,,1237,True,Distance,426,887,869.5,M,False,3,2025-04-05,2025-04-06,True,58.24,,576.34,,387,
47812,102898,124,19424,,,,,,,,11,Finals,4:43.31,,,,,1237,True,Distance,420,882,861.0,M,False,3,2025-04-05,2025-04-06,True,58.08,,572.88,,383,
47813,102899,188,938,,,,,,,,11,Finals,4:43.60,,,,,1237,True,Distance,417,880,857.0,M,False,3,2025-04-05,2025-04-06,True,58.01,,571.46,,381,
47814,102900,63,2598,,,,,,,,11,Finals,4:43.89,,,,,1237,True,Distance,415,878,854.0,M,False,3,2025-04-05,2025-04-06,True,57.95,,570.04,,380,
47815,102901,132,693,,,,,,,,11,Finals,4:44.35,,,,,1237,True,Distance,411,875,848.5,M,False,3,2025-04-05,2025-04-06,True,57.84,,567.78,,377,
47816,102902,160,11406,,,,,,,,11,Finals,4:44.60,,,,,1237,True,Distance,409,874,846.0,M,False,3,2025-04-05,2025-04-06,True,57.78,,566.56,,376,
47817,102904,100,26108,,,,,,,,11,Finals,4:44.98,,,,,1237,True,Distance,406,871,841.5,M,False,3,2025-04-05,2025-04-06,True,57.7,,564.71,,373,
47818,102905,167,794,,,,,,,,11,Finals,4:45.14,,,,,1237,True,Distance,405,870,840.0,M,False,3,2025-04-05,2025-04-06,True,57.66,,563.93,,372,
47819,102906,124,26631,,,,,,,,11,Finals,4:45.44,,,,,1237,True,Distance,402,868,836.0,M,False,3,2025-04-05,2025-04-06,True,57.59,,562.48,,371,
47820,102907,158,16135,,,,,,,,11,Finals,4:45.55,,,,,1237,True,Distance,402,867,835.5,M,False,3,2025-04-05,2025-04-06,True,57.57,,561.94,,370,
47821,102908,158,2467,,,,,,,,11,Finals,4:45.60,,,,,1237,True,Distance,401,867,834.5,M,False,3,2025-04-05,2025-04-06,True,57.56,,561.7,,370,
47822,102909,158,2474,,,,,,,,11,Finals,4:45.95,,,,,1237,True,Distance,398,864,830.0,M,False,3,2025-04-05,2025-04-06,True,57.48,,560.01,,368,
47823,102910,146,24569,,,,,,,,11,Finals,4:46.05,,,,,1237,True,Distance,398,864,830.0,M,False,3,2025-04-05,2025-04-06,True,57.45,,559.53,,367,
47824,102911,159,26513,,,,,,,,11,Finals,4:46.18,,,,,1237,True,Distance,396,863,827.5,M,False,3,2025-04-05,2025-04-06,True,57.42,,558.9,,366,
47825,102912,84,25126,,,,,,,,11,Finals,4:46.27,,,,,1237,True,Distance,396,862,827.0,M,False,3,2025-04-05,2025-04-06,True,57.4,,558.46,,366,
47826,102913,146,3699,,,,,,,,11,Finals,4:46.67,,,,,1237,True,Distance,393,859,822.5,M,False,3,2025-04-05,2025-04-06,True,57.31,,556.54,,363,
47827,102914,167,19006,,,,,,,,11,Finals,4:47.41,,,,,1237,True,Distance,387,854,814.0,M,False,3,2025-04-05,2025-04-06,True,57.15,,552.99,,359,
47828,102915,167,19013,,,,,,,,11,Finals,4:47.48,,,,,1237,True,Distance,386,854,813.0,M,False,3,2025-04-05,2025-04-06,True,57.13,,552.66,,359,
47829,102916,124,24808,,,,,,,,11,Finals,4:47.70,,,,,1237,True,Distance,384,852,810.0,M,False,3,2025-04-05,2025-04-06,True,57.08,,551.6,,357,
47830,102917,56,147,,,,,,,,11,Finals,4:47.84,,,,,1237,True,Distance,383,851,808.5,M,False,3,2025-04-05,2025-04-06,True,57.05,,550.94,,356,
47831,102918,167,778,,,,,,,,11,Finals,4:48.33,,,,,1237,True,Distance,379,848,803.0,M,False,3,2025-04-05,2025-04-06,True,56.94,,548.6,,354,
47832,102919,158,2470,,,,,,,,11,Finals,4:48.98,,,,,1237,True,Distance,374,844,796.0,M,False,3,2025-04-05,2025-04-06,True,56.8,,545.52,,350,
47833,102920,146,24905,,,,,,,,11,Finals,4:49.04,,,,,1237,True,Distance,374,843,795.5,M,False,3,2025-04-05,2025-04-06,True,56.78,,545.24,,350,
47834,102921,158,16132,,,,,,,,11,Finals,4:49.37,,,,,1237,True,Distance,371,841,791.5,M,False,3,2025-04-05,2025-04-06,True,56.71,,543.68,,348,
47835,102922,17,25194,,,,,,,,11,Finals,4:49.53,,,,,1237,True,Distance,370,840,790.0,M,False,3,2025-04-05,2025-04-06,True,56.68,,542.92,,347,
47836,102923,166,19390,,,,,,,,11,Finals,4:49.77,,,,,1237,True,Distance,368,838,787.0,M,False,3,2025-04-05,2025-04-06,True,56.62,,541.79,,345,
47837,102924,159,18319,,,,,,,,11,Finals,4:49.97,,,,,1237,True,Distance,367,837,785.5,M,False,3,2025-04-05,2025-04-06,True,56.58,,540.85,,344,
47838,102925,166,20441,,,,,,,,11,Finals,4:50.31,,,,,1237,True,Distance,364,835,781.5,M,False,3,2025-04-05,2025-04-06,True,56.51,,539.26,,342,
47839,102926,158,16123,,,,,,,,11,Finals,4:51.07,,,,,1237,True,Distance,358,830,773.0,M,False,3,2025-04-05,2025-04-06,True,56.34,,535.7,,338,
47840,102927,159,16147,,,,,,,,11,Finals,4:51.30,,,,,1237,True,Distance,356,828,770.0,M,False,3,2025-04-05,2025-04-06,True,56.29,,534.63,,337,
47841,102928,146,1299,,,,,,,,11,Finals,4:51.78,,,,,1237,True,Distance,353,825,765.5,M,False,3,2025-04-05,2025-04-06,True,56.18,,532.4,,334,
47842,102929,146,5271,,,,,,,,11,Finals,4:51.92,,,,,1237,True,Distance,352,824,764.0,M,False,3,2025-04-05,2025-04-06,True,56.15,,531.75,,333,
47843,102930,164,18992,,,,,,,,11,Finals,4:52.46,,,,,1237,True,Distance,348,821,758.5,M,False,3,2025-04-05,2025-04-06,True,56.04,,529.25,,330,
47844,102931,86,1609,,,,,,,,11,Finals,4:52.63,,,,,1237,True,Distance,346,819,755.5,M,False,3,2025-04-05,2025-04-06,True,56.0,,528.47,,329,
47845,102932,56,196,,,,,,,,11,Finals,4:53.30,,,,,1237,True,Distance,341,815,748.5,M,False,3,2025-04-05,2025-04-06,True,55.86,,525.38,,325,
47846,102933,167,19394,,,,,,,,11,Finals,4:53.60,,,,,1237,True,Distance,339,813,745.5,M,False,3,2025-04-05,2025-04-06,True,55.79,,524.01,,324,
47847,102934,167,734,,,,,,,,11,Finals,4:53.86,,,,,1237,True,Distance,337,811,742.5,M,False,3,2025-04-05,2025-04-06,True,55.74,,522.82,,322,
47848,102935,202,23592,,,,,,,,11,Finals,4:54.25,,,,,1237,True,Distance,334,809,738.5,M,False,3,2025-04-05,2025-04-06,True,55.65,,521.04,,320,
47849,102936,17,4194,,,,,,,,11,Finals,4:54.76,,,,,1237,True,Distance,331,805,733.5,M,False,3,2025-04-05,2025-04-06,True,55.55,,518.71,,317,
47850,102937,122,24711,,,,,,,,11,Finals,4:57.17,,,,,1237,True,Distance,313,790,708.0,M,False,3,2025-04-05,2025-04-06,True,55.04,,507.84,,304,
47851,102938,117,3339,,,,,,,,11,Finals,4:58.48,,,,,1237,True,Distance,304,781,694.5,M,False,3,2025-04-05,2025-04-06,True,54.77,,502.01,,297,
47852,102939,56,24399,,,,,,,,11,Finals,4:58.49,,,,,1237,True,Distance,304,781,694.5,M,False,3,2025-04-05,2025-04-06,True,54.77,,501.96,,297,
47853,102940,162,3790,,,,,,,,11,Finals,4:58.57,,,,,1237,True,Distance,303,781,693.5,M,False,3,2025-04-05,2025-04-06,True,54.75,,501.61,,296,
47854,102903,79,7953,,,,,,,,11,Finals,4:44.72,,,,,1237,True,Distance,408,873,844.5,M,False,3,2025-04-05,2025-04-06,True,57.76,,565.98,,375,
47855,102869,169,7642,,,,,,,,11,Finals,4:36.65,,,,,1237,True,Distance,477,929,941.5,M,False,3,2025-04-05,2025-04-06,True,59.66,,606.46,,424,
47856,102943,164,4433,,,,,,,,11,Finals,4:59.13,,,,,1237,True,Distance,299,777,687.5,M,False,3,2025-04-05,2025-04-06,True,54.63,,499.13,,293,
47857,102945,56,8099,,,,,,,,11,Finals,4:59.55,,,,,1237,True,Distance,296,774,683.0,M,False,3,2025-04-05,2025-04-06,True,54.55,,497.28,,291,
47858,102946,158,21482,,,,,,,,11,Finals,4:59.61,,,,,1237,True,Distance,296,774,683.0,M,False,3,2025-04-05,2025-04-06,True,54.54,,497.01,,291,
47859,102947,88,550,,,,,,,,11,Finals,5:00.53,,,,,1237,True,Distance,290,768,674.0,M,False,3,2025-04-05,2025-04-06,True,54.35,,492.98,,286,
47860,102948,158,2469,,,,,,,,11,Finals,5:00.55,,,,,1237,True,Distance,289,768,673.0,M,False,3,2025-04-05,2025-04-06,True,54.34,,492.89,,286,
47861,102949,139,11497,,,,,,,,11,Finals,5:01.16,,,,,1237,True,Distance,285,764,667.0,M,False,3,2025-04-05,2025-04-06,True,54.22,,490.23,,282,
47862,102950,146,1309,,,,,,,,11,Finals,5:01.17,,,,,1237,True,Distance,285,764,667.0,M,False,3,2025-04-05,2025-04-06,True,54.22,,490.18,,282,
47863,102951,178,3082,,,,,,,,11,Finals,5:02.38,,,,,1237,True,Distance,277,756,655.0,M,False,3,2025-04-05,2025-04-06,True,53.98,,484.93,,276,
47864,102952,164,18989,,,,,,,,11,Finals,5:02.42,,,,,1237,True,Distance,277,756,655.0,M,False,3,2025-04-05,2025-04-06,True,53.97,,484.76,,276,
47865,102953,205,18115,,,,,,,,11,Finals,5:03.38,,,,,1237,True,Distance,270,750,645.0,M,False,3,2025-04-05,2025-04-06,True,53.78,,480.63,,271,
47866,102954,1,35,,,,,,,,11,Finals,5:03.46,,,,,1237,True,Distance,270,749,644.5,M,False,3,2025-04-05,2025-04-06,True,53.76,,480.28,,270,
47867,102955,164,19001,,,,,,,,11,Finals,5:04.16,,,,,1237,True,Distance,265,745,637.5,M,False,3,2025-04-05,2025-04-06,True,53.62,,477.29,,267,
47868,102956,124,2034,,,,,,,,11,Finals,5:04.88,,,,,1237,True,Distance,260,740,630.0,M,False,3,2025-04-05,2025-04-06,True,53.48,,474.22,,263,
47869,102957,130,2455,,,,,,,,11,Finals,5:05.13,,,,,1237,True,Distance,259,739,628.5,M,False,3,2025-04-05,2025-04-06,True,53.43,,473.16,,262,
47870,102958,160,1434,,,,,,,,11,Finals,5:05.15,,,,,1237,True,Distance,259,739,628.5,M,False,3,2025-04-05,2025-04-06,True,53.43,,473.07,,261,
47871,102959,130,3155,,,,,,,,11,Finals,5:07.86,,,,,1237,True,Distance,241,722,602.0,M,False,3,2025-04-05,2025-04-06,True,52.9,,461.68,,248,
47872,102960,202,5589,,,,,,,,11,Finals,5:08.40,,,,,1237,True,Distance,238,718,597.0,M,False,3,2025-04-05,2025-04-06,True,52.79,,459.43,,245,
47873,102961,56,4854,,,,,,,,11,Finals,5:09.10,,,,,1237,True,Distance,234,714,591.0,M,False,3,2025-04-05,2025-04-06,True,52.66,,456.53,,241,
47874,102962,111,18791,,,,,,,,11,Finals,5:09.40,,,,,1237,True,Distance,232,712,588.0,M,False,3,2025-04-05,2025-04-06,True,52.6,,455.29,,240,
47875,102963,1,1,,,,,,,,11,Finals,5:09.54,,,,,1237,True,Distance,231,711,586.5,M,False,3,2025-04-05,2025-04-06,True,52.58,,454.71,,239,
47876,102964,199,1887,,,,,,,,11,Finals,5:11.95,,,,,1237,True,Distance,216,696,564.0,M,False,3,2025-04-05,2025-04-06,True,52.12,,444.85,,227,
47877,102965,124,2874,,,,,,,,11,Finals,5:12.76,,,,,1237,True,Distance,212,691,557.5,M,False,3,2025-04-05,2025-04-06,True,51.97,,441.57,,223,
47878,102966,79,4585,,,,,,,,11,Finals,5:12.88,,,,,1237,True,Distance,211,691,556.5,M,False,3,2025-04-05,2025-04-06,True,51.95,,441.08,,222,
47879,102967,86,1612,,,,,,,,11,Finals,5:13.58,,,,,1237,True,Distance,207,686,550.0,M,False,3,2025-04-05,2025-04-06,True,51.82,,438.27,,219,
47880,102968,203,3064,,,,,,,,11,Finals,5:15.72,,,,,1237,True,Distance,195,673,531.5,M,False,3,2025-04-05,2025-04-06,True,51.42,,429.73,,209,
47881,102969,169,1379,,,,,,,,11,Finals,5:17.23,,,,,1237,True,Distance,186,664,518.0,M,False,3,2025-04-05,2025-04-06,True,51.15,,423.77,,201,
47882,102970,169,7644,,,,,,,,11,Finals,5:18.57,,,,,1237,True,Distance,179,656,507.0,M,False,3,2025-04-05,2025-04-06,True,50.91,,418.53,,195,
47883,102971,203,24554,,,,,,,,11,Finals,5:18.96,,,,,1237,True,Distance,177,654,504.0,M,False,3,2025-04-05,2025-04-06,True,50.84,,417.01,,193,
47884,102973,158,16141,,,,,,,,11,Finals,5:21.91,,,,,1237,True,Distance,161,637,479.5,M,False,3,2025-04-05,2025-04-06,True,50.31,,405.66,,179,
47885,102974,146,3686,,,,,,,,11,Finals,5:22.13,,,,,1237,True,Distance,160,636,478.0,M,False,3,2025-04-05,2025-04-06,True,50.28,,404.82,,178,
47886,102975,164,786,,,,,,,,11,Finals,5:22.79,,,,,1237,True,Distance,157,632,473.0,M,False,3,2025-04-05,2025-04-06,True,50.16,,402.32,,175,
47887,102976,111,25076,,,,,,,,11,Finals,5:24.03,,,,,1237,True,Distance,151,624,463.0,M,False,3,2025-04-05,2025-04-06,True,49.95,,397.63,,169,
47888,102977,161,2367,,,,,,,,11,Finals,5:25.15,,,,,1237,True,Distance,145,618,454.0,M,False,3,2025-04-05,2025-04-06,True,49.75,,393.43,,164,
47889,102978,132,25640,,,,,,,,11,Finals,5:25.66,,,,,1237,True,Distance,143,615,450.5,M,False,3,2025-04-05,2025-04-06,True,49.67,,391.53,,162,
47890,102979,166,20448,,,,,,,,11,Finals,5:27.52,,,,,1237,True,Distance,134,604,436.0,M,False,3,2025-04-05,2025-04-06,True,49.35,,384.64,,154,
47891,102980,124,19434,,,,,,,,11,Finals,5:33.43,,,,,1237,True,Distance,108,571,393.5,M,False,3,2025-04-05,2025-04-06,True,48.37,,363.26,,127,
47892,102981,130,2468,,,,,,,,11,Finals,5:33.58,,,,,1237,True,Distance,107,570,392.0,M,False,3,2025-04-05,2025-04-06,True,48.35,,362.72,,127,
47893,102982,169,11359,,,,,,,,11,Finals,5:35.63,,,,,1237,True,Distance,99,559,378.5,M,False,3,2025-04-05,2025-04-06,True,48.02,,355.49,,118,
47894,102983,159,3175,,,,,,,,11,Finals,5:41.68,,,,,1237,True,Distance,76,526,339.0,M,False,3,2025-04-05,2025-04-06,True,47.07,,334.65,,93,
47895,102984,122,23485,,,,,,,,11,Finals,5:44.85,,,,,1237,True,Distance,65,510,320.0,M,False,3,2025-04-05,2025-04-06,True,46.58,,324.02,,80,
47896,102985,205,19645,,,,,,,,11,Finals,5:46.00,,,,,1237,True,Distance,61,504,313.0,M,False,3,2025-04-05,2025-04-06,True,46.41,,320.21,,75,
47897,102986,117,54,,,,,,,,11,Finals,5:47.41,,,,,1237,True,Distance,57,496,305.0,M,False,3,2025-04-05,2025-04-06,True,46.2,,315.57,,69,
47898,102987,104,2051,,,,,,,,11,Finals,5:55.35,,,,,1237,True,Distance,35,456,263.0,M,False,3,2025-04-05,2025-04-06,True,45.04,,290.16,,38,
47899,102988,90,23458,,,,,,,,11,Finals,5:56.55,,,,,1237,True,Distance,32,450,257.0,M,False,3,2025-04-05,2025-04-06,True,44.87,,286.42,,34,
47900,102989,142,756,,,,,,,,11,Finals,5:59.10,,,,,1237,True,Distance,27,438,246.0,M,False,3,2025-04-05,2025-04-06,True,44.52,,278.55,,24,
47901,102990,139,1608,,,,,,,,11,Finals,6:02.42,,,,,1237,True,Distance,20,422,231.0,M,False,3,2025-04-05,2025-04-06,True,44.06,,268.47,,12,
47902,102991,79,25849,,,,,,,,11,Finals,6:13.41,,,,,1237,True,Distance,5,371,190.5,M,False,3,2025-04-05,2025-04-06,True,42.61,,236.39,,0,
47903,102993,111,25077,,,,,,,,11,Finals,6:17.40,,,,,1237,True,Distance,2,354,179.0,M,False,3,2025-04-05,2025-04-06,True,42.11,,225.2,,0,
47904,102994,139,2751,,,,,,,,11,Finals,6:18.19,,,,,1237,True,Distance,1,350,176.0,M,False,3,2025-04-05,2025-04-06,True,42.01,,223.01,,0,
47905,102995,139,11520,,,,,,,,11,Finals,6:19.01,,,,,1237,True,Distance,1,347,174.5,M,False,3,2025-04-05,2025-04-06,True,41.91,,220.75,,0,
47906,102996,100,23461,,,,,,,,11,Finals,6:38.87,,,,,1237,True,Distance,0,266,133.0,M,False,3,2025-04-05,2025-04-06,True,39.57,,168.85,,0,
47947,102992,117,3997,,,,,,,,11,Finals,6:15.50,,,,,1237,True,Distance,3,362,184.0,M,False,3,2025-04-05,2025-04-06,True,42.34,,230.5,,0,
47949,102941,146,1421,,,,,,,,11,Finals,4:59.07,,,,,1237,True,Distance,300,777,688.5,M,False,3,2025-04-05,2025-04-06,True,54.65,,499.4,,294,
47950,102942,188,950,,,,,,,,11,Finals,4:59.08,,,,,1237,True,Distance,300,777,688.5,M,False,3,2025-04-05,2025-04-06,True,54.64,,499.35,,294,
47951,102944,111,984,,,,,,,,11,Finals,4:59.29,,,,,1237,True,Distance,298,776,686.0,M,False,3,2025-04-05,2025-04-06,True,54.6,,498.42,,292,
48117,103209,146,26659,,,,,,,,21,Finals,42.04,,,,,1237,True,Relays,931,1219,1540.5,M,False,3,2025-04-05,2025-04-06,True,106.77,,1169.8,,702,
48118,103210,167,26660,,,,,,,,21,Finals,42.46,,,,,1237,True,Relays,903,1201,1503.5,M,False,3,2025-04-05,2025-04-06,True,105.45,,1147.95,,679,
48119,103211,56,26661,,,,,,,,21,Finals,42.87,,,,,1237,True,Relays,875,1183,1466.5,M,False,3,2025-04-05,2025-04-06,True,104.18,,1127.04,,657,
48120,103212,124,26662,,,,,,,,21,Finals,43.09,,,,,1237,True,Relays,861,1173,1447.5,M,False,3,2025-04-05,2025-04-06,True,103.51,,1115.98,,645,
48121,103213,146,26663,,,,,,,,21,Finals,43.10,,,,,1237,True,Relays,860,1173,1446.5,M,False,3,2025-04-05,2025-04-06,True,103.48,,1115.48,,645,
48122,103214,202,26664,,,,,,,,21,Finals,43.62,,,,,1237,True,Relays,827,1151,1402.5,M,False,3,2025-04-05,2025-04-06,True,101.94,,1089.8,,617,
48123,103215,167,26665,,,,,,,,21,Finals,43.92,,,,,1237,True,Relays,808,1138,1377.0,M,False,3,2025-04-05,2025-04-06,True,101.07,,1075.25,,602,
48124,103216,166,26666,,,,,,,,21,Finals,44.06,,,,,1237,True,Relays,799,1132,1365.0,M,False,3,2025-04-05,2025-04-06,True,100.66,,1068.54,,595,
48125,103217,146,26667,,,,,,,,21,Finals,44.17,,,,,1237,True,Relays,792,1128,1356.0,M,False,3,2025-04-05,2025-04-06,True,100.35,,1063.29,,589,
48126,103218,159,26668,,,,,,,,21,Finals,44.30,,,,,1237,True,Relays,784,1122,1345.0,M,False,3,2025-04-05,2025-04-06,True,99.98,,1057.12,,583,
48127,103219,188,26669,,,,,,,,21,Finals,44.51,,,,,1237,True,Relays,771,1114,1328.0,M,False,3,2025-04-05,2025-04-06,True,99.39,,1047.23,,572,
48128,103220,169,26670,,,,,,,,21,Finals,44.55,,,,,1237,True,Relays,768,1112,1324.0,M,False,3,2025-04-05,2025-04-06,True,99.28,,1045.36,,570,
48129,103221,117,26671,,,,,,,,21,Finals,44.71,,,,,1237,True,Relays,758,1105,1310.5,M,False,3,2025-04-05,2025-04-06,True,98.84,,1037.9,,562,
48130,103222,202,26672,,,,,,,,21,Finals,45.56,,,,,1237,True,Relays,707,1070,1242.0,M,False,3,2025-04-05,2025-04-06,True,96.54,,999.15,,521,
48131,103223,204,26673,,,,,,,,21,Finals,45.70,,,,,1237,True,Relays,699,1064,1231.0,M,False,3,2025-04-05,2025-04-06,True,96.17,,992.9,,514,
48132,103224,146,26674,,,,,,,,21,Finals,45.86,,,,,1237,True,Relays,690,1058,1219.0,M,False,3,2025-04-05,2025-04-06,True,95.76,,985.82,,507,
48133,103225,202,26675,,,,,,,,21,Finals,45.88,,,,,1237,True,Relays,688,1057,1216.5,M,False,3,2025-04-05,2025-04-06,True,95.7,,984.93,,506,
48134,103226,205,26676,,,,,,,,21,Finals,46.02,,,,,1237,True,Relays,680,1051,1205.5,M,False,3,2025-04-05,2025-04-06,True,95.34,,978.78,,499,
48135,103227,116,26677,,,,,,,,21,Finals,46.03,,,,,1237,True,Relays,680,1051,1205.5,M,False,3,2025-04-05,2025-04-06,True,95.32,,978.34,,499,
48136,103228,56,26678,,,,,,,,21,Finals,46.31,,,,,1237,True,Relays,664,1040,1184.0,M,False,3,2025-04-05,2025-04-06,True,94.6,,966.14,,486,
48137,103229,146,26679,,,,,,,,21,Finals,46.88,,,,,1237,True,Relays,631,1017,1139.5,M,False,3,2025-04-05,2025-04-06,True,93.17,,941.76,,460,
48138,103230,56,26680,,,,,,,,21,Finals,46.93,,,,,1237,True,Relays,629,1015,1136.5,M,False,3,2025-04-05,2025-04-06,True,93.05,,939.65,,458,
48139,103231,203,26681,,,,,,,,21,Finals,47.64,,,,,1237,True,Relays,590,987,1083.5,M,False,3,2025-04-05,2025-04-06,True,91.33,,910.16,,427,
48144,103232,204,26682,,,,,,,,21,Finals,47.71,,,,,1237,True,Relays,586,984,1078.0,M,False,3,2025-04-05,2025-04-06,True,91.17,,907.3,,424,
48145,103233,158,26683,,,,,,,,21,Finals,48.79,,,,,1237,True,Relays,529,942,1000.0,M,False,3,2025-04-05,2025-04-06,True,88.67,,864.22,,378,
48146,103234,146,26684,,,,,,,,21,Finals,49.75,,,,,1237,True,Relays,481,906,934.0,M,False,3,2025-04-05,2025-04-06,True,86.57,,827.49,,339,
48147,103235,86,26685,,,,,,,,21,Finals,50.69,,,,,1237,True,Relays,436,871,871.5,M,False,3,2025-04-05,2025-04-06,True,84.59,,792.88,,302,
48148,103236,203,26686,,,,,,,,21,Finals,52.16,,,,,1237,True,Relays,371,818,780.0,M,False,3,2025-04-05,2025-04-06,True,81.67,,741.25,,247,
48149,103237,117,26687,,,,,,,,21,Finals,52.48,,,,,1237,True,Relays,357,806,760.0,M,False,3,2025-04-05,2025-04-06,True,81.06,,730.4,,236,
48150,103238,203,26688,,,,,,,,21,Finals,52.61,,,,,1237,True,Relays,352,802,753.0,M,False,3,2025-04-05,2025-04-06,True,80.82,,726.02,,231,
48151,103239,203,7637,,,,,,,,21,Finals,53.67,,,,,1237,True,Relays,309,765,691.5,M,False,3,2025-04-05,2025-04-06,True,78.87,,691.16,,194,
48372,103463,167,19375,,,,,,,,17,Finals,15:03.24,,,,,1237,True,Distance,800,1157,1378.5,M,False,3,2025-04-05,2025-04-06,True,69.31,,826.63,,664,
48373,103464,164,18964,,,,,,,,17,Finals,15:11.26,,,,,1237,True,Distance,776,1141,1346.5,M,False,3,2025-04-05,2025-04-06,True,68.6,,812.75,,647,
48374,103465,167,673,,,,,,,,17,Finals,15:11.44,,,,,1237,True,Distance,776,1141,1346.5,M,False,3,2025-04-05,2025-04-06,True,68.59,,812.44,,647,
48375,103466,124,2007,,,,,,,,17,Finals,15:13.95,,,,,1237,True,Distance,768,1136,1336.0,M,False,3,2025-04-05,2025-04-06,True,68.37,,808.15,,642,
48376,103467,75,26626,,,,,,,,17,Finals,15:15.24,,,,,1237,True,Distance,764,1134,1331.0,M,False,3,2025-04-05,2025-04-06,True,68.26,,805.95,,639,
48377,103468,167,2584,,,,,,,,17,Finals,15:19.47,,,,,1237,True,Distance,752,1126,1315.0,M,False,3,2025-04-05,2025-04-06,True,67.89,,798.79,,631,
48378,103469,116,7975,,,,,,,,17,Finals,15:21.80,,,,,1237,True,Distance,745,1121,1305.5,M,False,3,2025-04-05,2025-04-06,True,67.69,,794.88,,626,
48379,103470,75,26699,,,,,,,,17,Finals,15:24.78,,,,,1237,True,Distance,737,1115,1294.5,M,False,3,2025-04-05,2025-04-06,True,67.44,,789.9,,620,
48380,103471,122,1712,,,,,,,,17,Finals,15:27.50,,,,,1237,True,Distance,729,1110,1284.0,M,False,3,2025-04-05,2025-04-06,True,67.21,,785.38,,614,
48381,103472,167,669,,,,,,,,17,Finals,15:29.81,,,,,1237,True,Distance,723,1106,1276.0,M,False,3,2025-04-05,2025-04-06,True,67.02,,781.56,,610,
48382,103473,164,18961,,,,,,,,17,Finals,15:31.59,,,,,1237,True,Distance,718,1103,1269.5,M,False,3,2025-04-05,2025-04-06,True,66.87,,778.64,,606,
48383,103474,146,26627,,,,,,,,17,Finals,15:41.94,,,,,1237,True,Distance,689,1083,1230.5,M,False,3,2025-04-05,2025-04-06,True,66.02,,761.83,,586,
48384,103475,79,2542,,,,,,,,17,Finals,15:42.60,,,,,1237,True,Distance,687,1082,1228.0,M,False,3,2025-04-05,2025-04-06,True,65.96,,760.78,,585,
48385,103476,116,7976,,,,,,,,17,Finals,15:43.97,,,,,1237,True,Distance,683,1079,1222.5,M,False,3,2025-04-05,2025-04-06,True,65.85,,758.58,,582,
48386,103477,75,3434,,,,,,,,17,Finals,15:45.33,,,,,1237,True,Distance,679,1077,1217.5,M,False,3,2025-04-05,2025-04-06,True,65.74,,756.41,,579,
48387,103478,178,1815,,,,,,,,17,Finals,15:46.27,,,,,1237,True,Distance,677,1075,1214.5,M,False,3,2025-04-05,2025-04-06,True,65.67,,754.91,,578,
48388,103479,116,310,,,,,,,,17,Finals,15:56.13,,,,,1237,True,Distance,650,1057,1178.5,M,False,3,2025-04-05,2025-04-06,True,64.88,,739.39,,559,
48389,103480,204,868,,,,,,,,17,Finals,15:58.48,,,,,1237,True,Distance,644,1052,1170.0,M,False,3,2025-04-05,2025-04-06,True,64.7,,735.74,,555,
48390,103481,116,4910,,,,,,,,17,Finals,15:59.23,,,,,1237,True,Distance,642,1051,1167.5,M,False,3,2025-04-05,2025-04-06,True,64.64,,734.58,,553,
48391,103482,85,3440,,,,,,,,17,Finals,16:01.53,,,,,1237,True,Distance,635,1047,1158.5,M,False,3,2025-04-05,2025-04-06,True,64.46,,731.02,,549,
48392,103483,75,2071,,,,,,,,17,Finals,16:02.25,,,,,1237,True,Distance,634,1045,1156.5,M,False,3,2025-04-05,2025-04-06,True,64.4,,729.91,,548,
48393,103484,88,11483,,,,,,,,17,Finals,16:02.61,,,,,1237,True,Distance,633,1045,1155.5,M,False,3,2025-04-05,2025-04-06,True,64.38,,729.36,,547,
48394,103485,1,8,,,,,,,,17,Finals,16:02.65,,,,,1237,True,Distance,632,1045,1154.5,M,False,3,2025-04-05,2025-04-06,True,64.37,,729.3,,547,
48395,103486,164,683,,,,,,,,17,Finals,16:03.76,,,,,1237,True,Distance,630,1043,1151.5,M,False,3,2025-04-05,2025-04-06,True,64.29,,727.59,,545,
48396,103487,96,364,,,,,,,,17,Finals,16:04.55,,,,,1237,True,Distance,627,1041,1147.5,M,False,3,2025-04-05,2025-04-06,True,64.23,,726.38,,543,
48397,103488,169,1198,,,,,,,,17,Finals,16:05.49,,,,,1237,True,Distance,625,1039,1144.5,M,False,3,2025-04-05,2025-04-06,True,64.15,,724.95,,542,
48398,103489,88,507,,,,,,,,17,Finals,16:08.81,,,,,1237,True,Distance,616,1033,1132.5,M,False,3,2025-04-05,2025-04-06,True,63.9,,719.89,,535,
48399,103490,101,8004,,,,,,,,17,Finals,16:11.28,,,,,1237,True,Distance,610,1029,1124.5,M,False,3,2025-04-05,2025-04-06,True,63.71,,716.15,,531,
48400,103491,167,704,,,,,,,,17,Finals,16:11.69,,,,,1237,True,Distance,609,1028,1123.0,M,False,3,2025-04-05,2025-04-06,True,63.68,,715.53,,530,
48401,103492,167,685,,,,,,,,17,Finals,16:12.51,,,,,1237,True,Distance,607,1027,1120.5,M,False,3,2025-04-05,2025-04-06,True,63.62,,714.3,,529,
48402,103493,88,504,,,,,,,,17,Finals,16:14.52,,,,,1237,True,Distance,601,1023,1112.5,M,False,3,2025-04-05,2025-04-06,True,63.46,,711.28,,525,
48403,103494,164,675,,,,,,,,17,Finals,16:14.61,,,,,1237,True,Distance,601,1023,1112.5,M,False,3,2025-04-05,2025-04-06,True,63.46,,711.14,,525,
48404,103496,1,7,,,,,,,,17,Finals,16:16.15,,,,,1237,True,Distance,597,1020,1107.0,M,False,3,2025-04-05,2025-04-06,True,63.34,,708.83,,522,
48405,103497,75,7725,,,,,,,,17,Finals,16:16.19,,,,,1237,True,Distance,597,1020,1107.0,M,False,3,2025-04-05,2025-04-06,True,63.34,,708.77,,522,
48406,103498,116,454,,,,,,,,17,Finals,16:18.38,,,,,1237,True,Distance,591,1016,1099.0,M,False,3,2025-04-05,2025-04-06,True,63.17,,705.51,,518,
48407,103499,167,710,,,,,,,,17,Finals,16:18.66,,,,,1237,True,Distance,591,1015,1098.5,M,False,3,2025-04-05,2025-04-06,True,63.15,,705.09,,518,
48408,103500,90,23423,,,,,,,,17,Finals,16:19.51,,,,,1237,True,Distance,589,1014,1096.0,M,False,3,2025-04-05,2025-04-06,True,63.09,,703.83,,516,
48409,103501,178,3054,,,,,,,,17,Finals,16:20.99,,,,,1237,True,Distance,585,1011,1090.5,M,False,3,2025-04-05,2025-04-06,True,62.98,,701.63,,513,
48410,103502,146,2688,,,,,,,,17,Finals,16:21.02,,,,,1237,True,Distance,585,1011,1090.5,M,False,3,2025-04-05,2025-04-06,True,62.98,,701.59,,513,
48411,103503,79,508,,,,,,,,17,Finals,16:21.16,,,,,1237,True,Distance,584,1011,1089.5,M,False,3,2025-04-05,2025-04-06,True,62.97,,701.38,,513,
48412,103504,86,1558,,,,,,,,17,Finals,16:21.56,,,,,1237,True,Distance,583,1010,1088.0,M,False,3,2025-04-05,2025-04-06,True,62.94,,700.79,,512,
48413,103505,11,2950,,,,,,,,17,Finals,16:22.27,,,,,1237,True,Distance,582,1009,1086.5,M,False,3,2025-04-05,2025-04-06,True,62.88,,699.74,,511,
48414,103506,124,11308,,,,,,,,17,Finals,16:23.45,,,,,1237,True,Distance,579,1007,1082.5,M,False,3,2025-04-05,2025-04-06,True,62.8,,698.0,,509,
48415,103507,124,11310,,,,,,,,17,Finals,16:23.97,,,,,1237,True,Distance,577,1006,1080.0,M,False,3,2025-04-05,2025-04-06,True,62.76,,697.24,,508,
48416,103508,124,2005,,,,,,,,17,Finals,16:24.80,,,,,1237,True,Distance,575,1004,1077.0,M,False,3,2025-04-05,2025-04-06,True,62.7,,696.02,,507,
48417,103509,75,1530,,,,,,,,17,Finals,16:26.88,,,,,1237,True,Distance,570,1001,1070.5,M,False,3,2025-04-05,2025-04-06,True,62.54,,692.97,,503,
48418,103510,1,19,,,,,,,,17,Finals,16:28.46,,,,,1237,True,Distance,566,998,1065.0,M,False,3,2025-04-05,2025-04-06,True,62.43,,690.66,,500,
48419,103511,17,4191,,,,,,,,17,Finals,16:28.54,,,,,1237,True,Distance,566,998,1065.0,M,False,3,2025-04-05,2025-04-06,True,62.42,,690.54,,500,
48420,103512,56,8059,,,,,,,,17,Finals,16:30.32,,,,,1237,True,Distance,561,994,1058.0,M,False,3,2025-04-05,2025-04-06,True,62.29,,687.95,,497,
48421,103513,146,22385,,,,,,,,17,Finals,16:30.46,,,,,1237,True,Distance,561,994,1058.0,M,False,3,2025-04-05,2025-04-06,True,62.28,,687.75,,497,
48422,103514,158,16114,,,,,,,,17,Finals,16:30.70,,,,,1237,True,Distance,560,994,1057.0,M,False,3,2025-04-05,2025-04-06,True,62.26,,687.4,,496,
48423,103515,174,18250,,,,,,,,17,Finals,16:30.91,,,,,1237,True,Distance,560,993,1056.5,M,False,3,2025-04-05,2025-04-06,True,62.25,,687.1,,496,
48424,103516,159,677,,,,,,,,17,Finals,16:32.10,,,,,1237,True,Distance,557,991,1052.5,M,False,3,2025-04-05,2025-04-06,True,62.16,,685.37,,494,
48425,103517,96,18744,,,,,,,,17,Finals,16:33.29,,,,,1237,True,Distance,554,989,1048.5,M,False,3,2025-04-05,2025-04-06,True,62.07,,683.65,,492,
48426,103519,116,26506,,,,,,,,17,Finals,16:34.99,,,,,1237,True,Distance,550,986,1043.0,M,False,3,2025-04-05,2025-04-06,True,61.95,,681.2,,489,
48427,103520,88,2560,,,,,,,,17,Finals,16:35.73,,,,,1237,True,Distance,548,985,1040.5,M,False,3,2025-04-05,2025-04-06,True,61.9,,680.14,,487,
48428,103521,159,706,,,,,,,,17,Finals,16:36.56,,,,,1237,True,Distance,546,983,1037.5,M,False,3,2025-04-05,2025-04-06,True,61.84,,678.95,,486,
48429,103522,146,24921,,,,,,,,17,Finals,16:36.74,,,,,1237,True,Distance,545,983,1036.5,M,False,3,2025-04-05,2025-04-06,True,61.82,,678.69,,486,
48430,103518,161,2344,,,,,,,,17,Finals,16:33.95,,,,,1237,True,Distance,552,988,1046.0,M,False,3,2025-04-05,2025-04-06,True,62.03,,682.7,,491,
48432,103523,132,699,,,,,,,,17,Finals,16:36.85,,,,,1237,True,Distance,545,983,1036.5,M,False,3,2025-04-05,2025-04-06,True,61.82,,678.53,,486,
48433,103524,75,2582,,,,,,,,17,Finals,16:36.87,,,,,1237,True,Distance,545,983,1036.5,M,False,3,2025-04-05,2025-04-06,True,61.82,,678.5,,485,
48434,103525,75,7724,,,,,,,,17,Finals,16:37.69,,,,,1237,True,Distance,543,981,1033.5,M,False,3,2025-04-05,2025-04-06,True,61.76,,677.33,,484,
48435,103527,167,696,,,,,,,,17,Finals,16:38.84,,,,,1237,True,Distance,540,979,1029.5,M,False,3,2025-04-05,2025-04-06,True,61.67,,675.68,,482,
48436,103528,75,23414,,,,,,,,17,Finals,16:39.47,,,,,1237,True,Distance,539,978,1028.0,M,False,3,2025-04-05,2025-04-06,True,61.63,,674.79,,481,
48437,103529,159,694,,,,,,,,17,Finals,16:39.90,,,,,1237,True,Distance,538,977,1026.5,M,False,3,2025-04-05,2025-04-06,True,61.6,,674.17,,480,
48438,103530,188,3543,,,,,,,,17,Finals,16:44.57,,,,,1237,True,Distance,526,969,1010.5,M,False,3,2025-04-05,2025-04-06,True,61.27,,667.55,,472,
48439,103531,1,18731,,,,,,,,17,Finals,16:44.83,,,,,1237,True,Distance,526,969,1010.5,M,False,3,2025-04-05,2025-04-06,True,61.25,,667.18,,472,
48440,103532,1,18730,,,,,,,,17,Finals,16:44.94,,,,,1237,True,Distance,525,968,1009.0,M,False,3,2025-04-05,2025-04-06,True,61.24,,667.03,,472,
48441,103533,167,695,,,,,,,,17,Finals,16:45.27,,,,,1237,True,Distance,524,968,1008.0,M,False,3,2025-04-05,2025-04-06,True,61.22,,666.56,,471,
48442,103534,159,674,,,,,,,,17,Finals,16:47.07,,,,,1237,True,Distance,520,965,1002.5,M,False,3,2025-04-05,2025-04-06,True,61.09,,664.03,,468,
48443,103535,90,2566,,,,,,,,17,Finals,16:49.03,,,,,1237,True,Distance,515,961,995.5,M,False,3,2025-04-05,2025-04-06,True,60.95,,661.28,,465,
48444,103536,88,2553,,,,,,,,17,Finals,16:50.21,,,,,1237,True,Distance,513,959,992.5,M,False,3,2025-04-05,2025-04-06,True,60.87,,659.63,,463,
48445,103537,96,3437,,,,,,,,17,Finals,16:51.58,,,,,1237,True,Distance,509,957,987.5,M,False,3,2025-04-05,2025-04-06,True,60.77,,657.72,,460,
48446,103538,11,22518,,,,,,,,17,Finals,16:51.85,,,,,1237,True,Distance,509,956,987.0,M,False,3,2025-04-05,2025-04-06,True,60.75,,657.35,,460,
48447,103539,167,18977,,,,,,,,17,Finals,16:52.56,,,,,1237,True,Distance,507,955,984.5,M,False,3,2025-04-05,2025-04-06,True,60.7,,656.36,,459,
48448,103540,169,2442,,,,,,,,17,Finals,16:53.04,,,,,1237,True,Distance,506,954,983.0,M,False,3,2025-04-05,2025-04-06,True,60.67,,655.69,,458,
48449,103541,167,711,,,,,,,,17,Finals,16:57.20,,,,,1237,True,Distance,496,947,969.5,M,False,3,2025-04-05,2025-04-06,True,60.38,,649.94,,451,
48450,103542,178,1853,,,,,,,,17,Finals,16:57.88,,,,,1237,True,Distance,494,946,967.0,M,False,3,2025-04-05,2025-04-06,True,60.34,,649.01,,450,
48451,103543,159,705,,,,,,,,17,Finals,16:57.97,,,,,1237,True,Distance,494,945,966.5,M,False,3,2025-04-05,2025-04-06,True,60.33,,648.88,,450,
48452,103544,84,23441,,,,,,,,17,Finals,16:59.64,,,,,1237,True,Distance,490,943,961.5,M,False,3,2025-04-05,2025-04-06,True,60.22,,646.59,,447,
48453,103545,84,23424,,,,,,,,17,Finals,17:00.24,,,,,1237,True,Distance,489,942,960.0,M,False,3,2025-04-05,2025-04-06,True,60.17,,645.77,,446,
48454,103546,103,18738,,,,,,,,17,Finals,17:00.34,,,,,1237,True,Distance,489,941,959.5,M,False,3,2025-04-05,2025-04-06,True,60.17,,645.63,,446,
48455,103547,159,18991,,,,,,,,17,Finals,17:03.13,,,,,1237,True,Distance,482,936,950.0,M,False,3,2025-04-05,2025-04-06,True,59.98,,641.83,,441,
48456,103548,164,18963,,,,,,,,17,Finals,17:03.76,,,,,1237,True,Distance,481,935,948.5,M,False,3,2025-04-05,2025-04-06,True,59.93,,640.97,,440,
48457,103549,79,509,,,,,,,,17,Finals,17:05.27,,,,,1237,True,Distance,477,933,943.5,M,False,3,2025-04-05,2025-04-06,True,59.83,,638.92,,438,
48458,103550,75,4575,,,,,,,,17,Finals,17:05.63,,,,,1237,True,Distance,476,932,942.0,M,False,3,2025-04-05,2025-04-06,True,59.81,,638.43,,437,
48459,103551,160,1213,,,,,,,,17,Finals,17:07.19,,,,,1237,True,Distance,473,929,937.5,M,False,3,2025-04-05,2025-04-06,True,59.7,,636.32,,435,
48460,103552,159,16118,,,,,,,,17,Finals,17:07.54,,,,,1237,True,Distance,472,929,936.5,M,False,3,2025-04-05,2025-04-06,True,59.68,,635.85,,434,
48461,103553,75,7726,,,,,,,,17,Finals,17:09.57,,,,,1237,True,Distance,467,925,929.5,M,False,3,2025-04-05,2025-04-06,True,59.54,,633.12,,431,
48462,103554,204,1876,,,,,,,,17,Finals,17:09.84,,,,,1237,True,Distance,467,925,929.5,M,False,3,2025-04-05,2025-04-06,True,59.52,,632.75,,430,
48463,103555,1,150,,,,,,,,17,Finals,17:11.02,,,,,1237,True,Distance,464,923,925.5,M,False,3,2025-04-05,2025-04-06,True,59.44,,631.17,,428,
48464,103556,159,2177,,,,,,,,17,Finals,17:14.49,,,,,1237,True,Distance,456,917,914.5,M,False,3,2025-04-05,2025-04-06,True,59.21,,626.54,,423,
48465,103557,17,18288,,,,,,,,17,Finals,17:15.24,,,,,1237,True,Distance,455,916,913.0,M,False,3,2025-04-05,2025-04-06,True,59.16,,625.54,,422,
48466,103558,79,7949,,,,,,,,17,Finals,17:15.68,,,,,1237,True,Distance,454,915,911.5,M,False,3,2025-04-05,2025-04-06,True,59.13,,624.95,,421,
48467,103559,90,23429,,,,,,,,17,Finals,17:21.69,,,,,1237,True,Distance,440,904,892.0,M,False,3,2025-04-05,2025-04-06,True,58.74,,617.02,,411,
48468,103560,204,18562,,,,,,,,17,Finals,17:22.31,,,,,1237,True,Distance,439,903,890.5,M,False,3,2025-04-05,2025-04-06,True,58.7,,616.21,,410,
48469,103561,75,2563,,,,,,,,17,Finals,17:23.02,,,,,1237,True,Distance,437,902,888.0,M,False,3,2025-04-05,2025-04-06,True,58.65,,615.28,,409,
48470,103562,162,1266,,,,,,,,17,Finals,17:23.04,,,,,1237,True,Distance,437,902,888.0,M,False,3,2025-04-05,2025-04-06,True,58.65,,615.25,,409,
48471,103563,11,3265,,,,,,,,17,Finals,17:25.11,,,,,1237,True,Distance,433,899,882.5,M,False,3,2025-04-05,2025-04-06,True,58.51,,612.54,,406,
48472,103564,88,11490,,,,,,,,17,Finals,17:28.13,,,,,1237,True,Distance,426,893,872.5,M,False,3,2025-04-05,2025-04-06,True,58.32,,608.62,,401,
48473,103565,169,4732,,,,,,,,17,Finals,17:29.90,,,,,1237,True,Distance,422,890,867.0,M,False,3,2025-04-05,2025-04-06,True,58.2,,606.33,,398,
48474,103566,104,2020,,,,,,,,17,Finals,17:30.27,,,,,1237,True,Distance,421,890,866.0,M,False,3,2025-04-05,2025-04-06,True,58.18,,605.85,,398,
48475,103568,75,5932,,,,,,,,17,Finals,17:36.92,,,,,1237,True,Distance,407,879,846.5,M,False,3,2025-04-05,2025-04-06,True,57.75,,597.31,,388,
48476,103569,117,161,,,,,,,,17,Finals,17:37.47,,,,,1237,True,Distance,406,878,845.0,M,False,3,2025-04-05,2025-04-06,True,57.72,,596.61,,387,
48477,103570,146,1251,,,,,,,,17,Finals,17:38.04,,,,,1237,True,Distance,405,877,843.5,M,False,3,2025-04-05,2025-04-06,True,57.68,,595.89,,386,
48478,103571,160,1319,,,,,,,,17,Finals,17:39.04,,,,,1237,True,Distance,403,875,840.5,M,False,3,2025-04-05,2025-04-06,True,57.62,,594.62,,384,
48479,103572,167,742,,,,,,,,17,Finals,17:39.41,,,,,1237,True,Distance,402,874,839.0,M,False,3,2025-04-05,2025-04-06,True,57.6,,594.15,,384,
48480,103573,158,16124,,,,,,,,17,Finals,17:39.53,,,,,1237,True,Distance,402,874,839.0,M,False,3,2025-04-05,2025-04-06,True,57.59,,593.99,,384,
48481,103574,158,2897,,,,,,,,17,Finals,17:39.75,,,,,1237,True,Distance,401,874,838.0,M,False,3,2025-04-05,2025-04-06,True,57.57,,593.72,,383,
48482,103575,167,19002,,,,,,,,17,Finals,17:39.84,,,,,1237,True,Distance,401,874,838.0,M,False,3,2025-04-05,2025-04-06,True,57.57,,593.6,,383,
48483,103576,88,3092,,,,,,,,17,Finals,17:39.90,,,,,1237,True,Distance,401,874,838.0,M,False,3,2025-04-05,2025-04-06,True,57.56,,593.52,,383,
48484,103577,164,19007,,,,,,,,17,Finals,17:42.38,,,,,1237,True,Distance,396,869,830.5,M,False,3,2025-04-05,2025-04-06,True,57.41,,590.39,,379,
48485,103578,204,19631,,,,,,,,17,Finals,17:42.60,,,,,1237,True,Distance,395,869,829.5,M,False,3,2025-04-05,2025-04-06,True,57.39,,590.11,,379,
48486,103579,167,19385,,,,,,,,17,Finals,17:45.50,,,,,1237,True,Distance,389,864,821.0,M,False,3,2025-04-05,2025-04-06,True,57.21,,586.46,,374,
48487,103580,178,1870,,,,,,,,17,Finals,17:46.07,,,,,1237,True,Distance,388,863,819.5,M,False,3,2025-04-05,2025-04-06,True,57.18,,585.75,,374,
48488,103581,79,515,,,,,,,,17,Finals,17:49.20,,,,,1237,True,Distance,381,858,810.0,M,False,3,2025-04-05,2025-04-06,True,56.98,,581.83,,369,
48489,103582,159,16115,,,,,,,,17,Finals,17:49.96,,,,,1237,True,Distance,380,857,808.5,M,False,3,2025-04-05,2025-04-06,True,56.94,,580.89,,368,
48490,103583,96,368,,,,,,,,17,Finals,17:50.08,,,,,1237,True,Distance,380,857,808.5,M,False,3,2025-04-05,2025-04-06,True,56.93,,580.74,,368,
48491,103584,132,18994,,,,,,,,17,Finals,17:55.07,,,,,1237,True,Distance,369,848,793.0,M,False,3,2025-04-05,2025-04-06,True,56.62,,574.56,,360,
48492,103585,75,7735,,,,,,,,17,Finals,17:55.40,,,,,1237,True,Distance,369,848,793.0,M,False,3,2025-04-05,2025-04-06,True,56.6,,574.15,,360,
48493,103586,162,1179,,,,,,,,17,Finals,17:55.56,,,,,1237,True,Distance,368,847,791.5,M,False,3,2025-04-05,2025-04-06,True,56.59,,573.96,,359,
48494,103587,158,18042,,,,,,,,17,Finals,17:57.36,,,,,1237,True,Distance,365,844,787.0,M,False,3,2025-04-05,2025-04-06,True,56.48,,571.74,,357,
48495,103588,158,2470,,,,,,,,17,Finals,17:58.50,,,,,1237,True,Distance,363,843,784.5,M,False,3,2025-04-05,2025-04-06,True,56.41,,570.35,,355,
48496,103589,146,24905,,,,,,,,17,Finals,18:02.98,,,,,1237,True,Distance,354,835,771.5,M,False,3,2025-04-05,2025-04-06,True,56.14,,564.88,,348,
48497,103590,75,23418,,,,,,,,17,Finals,18:08.95,,,,,1237,True,Distance,342,825,754.5,M,False,3,2025-04-05,2025-04-06,True,55.78,,557.67,,340,
48498,103591,90,11507,,,,,,,,17,Finals,18:13.80,,,,,1237,True,Distance,332,818,741.0,M,False,3,2025-04-05,2025-04-06,True,55.49,,551.87,,333,
48499,103592,164,728,,,,,,,,17,Finals,18:14.70,,,,,1237,True,Distance,331,816,739.0,M,False,3,2025-04-05,2025-04-06,True,55.44,,550.8,,331,
48500,103593,146,11386,,,,,,,,17,Finals,18:14.80,,,,,1237,True,Distance,331,816,739.0,M,False,3,2025-04-05,2025-04-06,True,55.43,,550.68,,331,
48501,103594,96,371,,,,,,,,17,Finals,18:35.02,,,,,1237,True,Distance,293,783,684.5,M,False,3,2025-04-05,2025-04-06,True,54.26,,527.09,,303,
48502,103595,159,18319,,,,,,,,17,Finals,18:39.86,,,,,1237,True,Distance,284,776,672.0,M,False,3,2025-04-05,2025-04-06,True,53.99,,521.56,,296,
48503,103596,158,2900,,,,,,,,17,Finals,18:42.73,,,,,1237,True,Distance,279,771,664.5,M,False,3,2025-04-05,2025-04-06,True,53.83,,518.31,,292,
48504,103597,162,3790,,,,,,,,17,Finals,18:43.63,,,,,1237,True,Distance,278,770,663.0,M,False,3,2025-04-05,2025-04-06,True,53.78,,517.3,,291,
48505,103598,167,2608,,,,,,,,17,Finals,18:53.91,,,,,1237,True,Distance,260,754,637.0,M,False,3,2025-04-05,2025-04-06,True,53.21,,505.8,,277,
48506,103599,167,708,,,,,,,,17,Finals,19:04.35,,,,,1237,True,Distance,242,737,610.5,M,False,3,2025-04-05,2025-04-06,True,52.65,,494.34,,263,
48507,103600,160,11422,,,,,,,,17,Finals,19:22.03,,,,,1237,True,Distance,214,710,569.0,M,False,3,2025-04-05,2025-04-06,True,51.71,,475.4,,240,
48508,103601,1,1,,,,,,,,17,Finals,19:29.60,,,,,1237,True,Distance,203,699,552.5,M,False,3,2025-04-05,2025-04-06,True,51.32,,467.47,,231,
48509,103602,178,1869,,,,,,,,17,Finals,19:34.16,,,,,1237,True,Distance,196,692,542.0,M,False,3,2025-04-05,2025-04-06,True,51.09,,462.74,,225,
48510,103606,178,3082,,,,,,,,17,Finals,20:01.01,,,,,1237,True,Distance,158,652,484.0,M,False,3,2025-04-05,2025-04-06,True,49.76,,435.62,,192,
48511,103607,202,5589,,,,,,,,17,Finals,20:39.59,,,,,1237,True,Distance,111,598,410.0,M,False,3,2025-04-05,2025-04-06,True,47.95,,398.7,,148,
48512,103608,96,375,,,,,,,,17,Finals,20:40.60,,,,,1237,True,Distance,110,596,408.0,M,False,3,2025-04-05,2025-04-06,True,47.9,,397.77,,147,
48513,103609,161,2367,,,,,,,,17,Finals,20:55.64,,,,,1237,True,Distance,94,576,382.0,M,False,3,2025-04-05,2025-04-06,True,47.23,,384.01,,130,
48514,103610,146,1341,,,,,,,,17,Finals,21:24.66,,,,,1237,True,Distance,67,537,335.5,M,False,3,2025-04-05,2025-04-06,True,45.98,,358.38,,99,
48515,103612,117,54,,,,,,,,17,Finals,22:15.92,,,,,1237,True,Distance,30,471,265.5,M,False,3,2025-04-05,2025-04-06,True,43.92,,315.84,,48,
48516,103613,202,26700,,,,,,,,17,Finals,22:46.15,,,,,1237,True,Distance,15,435,232.5,M,False,3,2025-04-05,2025-04-06,True,42.78,,292.24,,20,
48517,103615,90,23458,,,,,,,,17,Finals,24:03.39,,,,,1237,True,Distance,0,348,174.0,M,False,3,2025-04-05,2025-04-06,True,40.09,,236.44,,0,
48518,103616,79,25849,,,,,,,,17,Finals,24:25.33,,,,,1237,True,Distance,0,325,162.5,M,False,3,2025-04-05,2025-04-06,True,39.38,,221.67,,0,
48519,103617,158,2481,,,,,,,,17,Finals,24:55.52,,,,,1237,True,Distance,0,295,147.5,M,False,3,2025-04-05,2025-04-06,True,38.45,,202.04,,0,
48522,103614,117,3997,,,,,,,,17,Finals,23:35.49,,,,,1237,True,Distance,1,378,190.0,M,False,3,2025-04-05,2025-04-06,True,41.03,,255.9,,0,
48523,103526,103,986,,,,,,,,17,Finals,16:38.75,,,,,1237,True,Distance,540,979,1029.5,M,False,3,2025-04-05,2025-04-06,True,61.68,,675.81,,482,
48524,103611,162,1323,,,,,,,,17,Finals,21:28.88,,,,,1237,True,Distance,63,531,328.5,M,False,3,2025-04-05,2025-04-06,True,45.81,,354.75,,95,
48525,103605,158,16141,,,,,,,,17,Finals,19:48.76,,,,,1237,True,Distance,175,670,510.0,M,False,3,2025-04-05,2025-04-06,True,50.36,,447.84,,207,
48526,103604,188,950,,,,,,,,17,Finals,19:47.70,,,,,1237,True,Distance,176,672,512.0,M,False,3,2025-04-05,2025-04-06,True,50.41,,448.91,,209,
48695,103793,88,539,,,,,,,,9,Finals,1:53.50,,,,,1237,True,Distance,928,1281,1568.5,M,False,3,2025-04-05,2025-04-06,True,76.39,,855.79,,759,
48696,103794,146,1216,,,,,,,,9,Finals,1:53.77,,,,,1237,True,Distance,921,1276,1559.0,M,False,3,2025-04-05,2025-04-06,True,76.17,,851.64,,754,
48697,103795,158,2896,,,,,,,,9,Finals,1:53.88,,,,,1237,True,Distance,918,1274,1555.0,M,False,3,2025-04-05,2025-04-06,True,76.08,,849.95,,752,
48698,103796,96,2492,,,,,,,,9,Finals,1:55.65,,,,,1237,True,Distance,871,1241,1491.5,M,False,3,2025-04-05,2025-04-06,True,74.71,,823.24,,719,
48699,103797,146,24914,,,,,,,,9,Finals,1:55.98,,,,,1237,True,Distance,862,1235,1479.5,M,False,3,2025-04-05,2025-04-06,True,74.45,,818.35,,713,
48700,103798,178,18865,,,,,,,,9,Finals,1:57.16,,,,,1237,True,Distance,832,1213,1438.5,M,False,3,2025-04-05,2025-04-06,True,73.57,,801.09,,692,
48701,103799,167,466,,,,,,,,9,Finals,1:57.34,,,,,1237,True,Distance,827,1210,1432.0,M,False,3,2025-04-05,2025-04-06,True,73.43,,798.48,,689,
48702,103800,124,5500,,,,,,,,9,Finals,1:58.04,,,,,1237,True,Distance,809,1197,1407.5,M,False,3,2025-04-05,2025-04-06,True,72.92,,788.44,,677,
48703,103801,164,22379,,,,,,,,9,Finals,1:58.24,,,,,1237,True,Distance,804,1194,1401.0,M,False,3,2025-04-05,2025-04-06,True,72.77,,785.59,,673,
48704,103802,88,24595,,,,,,,,9,Finals,1:58.31,,,,,1237,True,Distance,802,1192,1398.0,M,False,3,2025-04-05,2025-04-06,True,72.72,,784.6,,672,
48705,103803,167,468,,,,,,,,9,Finals,1:58.57,,,,,1237,True,Distance,796,1188,1390.0,M,False,3,2025-04-05,2025-04-06,True,72.53,,780.91,,668,
48706,103804,116,24640,,,,,,,,9,Finals,1:58.80,,,,,1237,True,Distance,790,1184,1382.0,M,False,3,2025-04-05,2025-04-06,True,72.37,,777.67,,664,
48707,103805,122,1715,,,,,,,,9,Finals,1:58.90,,,,,1237,True,Distance,788,1182,1379.0,M,False,3,2025-04-05,2025-04-06,True,72.3,,776.26,,662,
48708,103806,188,25000,,,,,,,,9,Finals,1:58.92,,,,,1237,True,Distance,787,1181,1377.5,M,False,3,2025-04-05,2025-04-06,True,72.28,,775.98,,662,
48709,103807,164,700,,,,,,,,9,Finals,1:58.95,,,,,1237,True,Distance,786,1181,1376.5,M,False,3,2025-04-05,2025-04-06,True,72.26,,775.56,,661,
48710,103808,11,4056,,,,,,,,9,Finals,1:59.02,,,,,1237,True,Distance,785,1180,1375.0,M,False,3,2025-04-05,2025-04-06,True,72.21,,774.57,,660,
48711,103809,167,467,,,,,,,,9,Finals,1:59.79,,,,,1237,True,Distance,766,1166,1349.0,M,False,3,2025-04-05,2025-04-06,True,71.66,,763.84,,647,
48712,103810,165,395,,,,,,,,9,Finals,2:00.09,,,,,1237,True,Distance,758,1160,1338.0,M,False,3,2025-04-05,2025-04-06,True,71.45,,759.7,,642,
48713,103811,116,24637,,,,,,,,9,Finals,2:00.13,,,,,1237,True,Distance,757,1160,1337.0,M,False,3,2025-04-05,2025-04-06,True,71.42,,759.14,,641,
48714,103812,96,1552,,,,,,,,9,Finals,2:00.51,,,,,1237,True,Distance,748,1153,1324.5,M,False,3,2025-04-05,2025-04-06,True,71.16,,753.93,,635,
48715,103813,100,11514,,,,,,,,9,Finals,2:00.61,,,,,1237,True,Distance,745,1151,1320.5,M,False,3,2025-04-05,2025-04-06,True,71.09,,752.56,,633,
48718,103814,63,554,,,,,,,,9,Finals,2:01.25,,,,,1237,True,Distance,730,1140,1300.0,M,False,3,2025-04-05,2025-04-06,True,70.65,,743.86,,623,
48719,103815,146,3687,,,,,,,,9,Finals,2:01.32,,,,,1237,True,Distance,728,1139,1297.5,M,False,3,2025-04-05,2025-04-06,True,70.6,,742.91,,621,
48720,103816,188,3547,,,,,,,,9,Finals,2:01.57,,,,,1237,True,Distance,722,1134,1289.0,M,False,3,2025-04-05,2025-04-06,True,70.43,,739.55,,617,
48721,103817,167,5248,,,,,,,,9,Finals,2:01.62,,,,,1237,True,Distance,721,1133,1287.5,M,False,3,2025-04-05,2025-04-06,True,70.39,,738.87,,616,
48722,103818,75,5571,,,,,,,,9,Finals,2:01.96,,,,,1237,True,Distance,713,1127,1276.5,M,False,3,2025-04-05,2025-04-06,True,70.16,,734.32,,611,
48723,103819,159,22384,,,,,,,,9,Finals,2:02.26,,,,,1237,True,Distance,706,1122,1267.0,M,False,3,2025-04-05,2025-04-06,True,69.96,,730.32,,606,
48724,103820,164,689,,,,,,,,9,Finals,2:02.77,,,,,1237,True,Distance,694,1113,1250.5,M,False,3,2025-04-05,2025-04-06,True,69.62,,723.57,,598,
48725,103821,116,26507,,,,,,,,9,Finals,2:03.06,,,,,1237,True,Distance,687,1108,1241.0,M,False,3,2025-04-05,2025-04-06,True,69.42,,719.75,,593,
48726,103823,88,25165,,,,,,,,9,Finals,2:03.26,,,,,1237,True,Distance,682,1104,1234.0,M,False,3,2025-04-05,2025-04-06,True,69.29,,717.13,,590,
48727,103824,167,5289,,,,,,,,9,Finals,2:03.31,,,,,1237,True,Distance,681,1104,1233.0,M,False,3,2025-04-05,2025-04-06,True,69.26,,716.48,,589,
48728,103825,158,4334,,,,,,,,9,Finals,2:03.43,,,,,1237,True,Distance,678,1101,1228.5,M,False,3,2025-04-05,2025-04-06,True,69.18,,714.91,,587,
48729,103826,167,8108,,,,,,,,9,Finals,2:03.47,,,,,1237,True,Distance,678,1101,1228.5,M,False,3,2025-04-05,2025-04-06,True,69.15,,714.39,,587,
48730,103827,167,26182,,,,,,,,9,Finals,2:03.56,,,,,1237,True,Distance,675,1099,1224.5,M,False,3,2025-04-05,2025-04-06,True,69.09,,713.21,,585,
48731,103828,100,25167,,,,,,,,9,Finals,2:03.88,,,,,1237,True,Distance,668,1094,1215.0,M,False,3,2025-04-05,2025-04-06,True,68.88,,709.06,,580,
48732,103829,75,4573,,,,,,,,9,Finals,2:04.19,,,,,1237,True,Distance,661,1088,1205.0,M,False,3,2025-04-05,2025-04-06,True,68.68,,705.05,,575,
48733,103830,11,2950,,,,,,,,9,Finals,2:04.28,,,,,1237,True,Distance,659,1087,1202.5,M,False,3,2025-04-05,2025-04-06,True,68.62,,703.89,,574,
48734,103831,159,676,,,,,,,,9,Finals,2:04.34,,,,,1237,True,Distance,658,1086,1201.0,M,False,3,2025-04-05,2025-04-06,True,68.58,,703.12,,573,
48735,103833,90,25172,,,,,,,,9,Finals,2:04.83,,,,,1237,True,Distance,646,1077,1184.5,M,False,3,2025-04-05,2025-04-06,True,68.27,,696.85,,565,
48736,103834,116,455,,,,,,,,9,Finals,2:04.85,,,,,1237,True,Distance,646,1077,1184.5,M,False,3,2025-04-05,2025-04-06,True,68.25,,696.59,,565,
48737,103835,167,19386,,,,,,,,9,Finals,2:04.88,,,,,1237,True,Distance,645,1076,1183.0,M,False,3,2025-04-05,2025-04-06,True,68.24,,696.21,,564,
48738,103836,164,723,,,,,,,,9,Finals,2:04.89,,,,,1237,True,Distance,645,1076,1183.0,M,False,3,2025-04-05,2025-04-06,True,68.23,,696.08,,564,
48739,103837,132,25639,,,,,,,,9,Finals,2:04.89,,,,,1237,True,Distance,645,1076,1183.0,M,False,3,2025-04-05,2025-04-06,True,68.23,,696.08,,564,
48740,103838,159,20431,,,,,,,,9,Finals,2:04.92,,,,,1237,True,Distance,644,1076,1182.0,M,False,3,2025-04-05,2025-04-06,True,68.21,,695.7,,564,
48741,103839,11,2967,,,,,,,,9,Finals,2:05.09,,,,,1237,True,Distance,641,1073,1177.5,M,False,3,2025-04-05,2025-04-06,True,68.1,,693.54,,561,
48742,103840,86,3012,,,,,,,,9,Finals,2:05.12,,,,,1237,True,Distance,640,1072,1176.0,M,False,3,2025-04-05,2025-04-06,True,68.08,,693.16,,561,
48743,103841,75,2561,,,,,,,,9,Finals,2:05.19,,,,,1237,True,Distance,638,1071,1173.5,M,False,3,2025-04-05,2025-04-06,True,68.04,,692.27,,560,
48744,103842,167,669,,,,,,,,9,Finals,2:05.20,,,,,1237,True,Distance,638,1071,1173.5,M,False,3,2025-04-05,2025-04-06,True,68.03,,692.14,,559,
48745,103843,88,530,,,,,,,,9,Finals,2:05.31,,,,,1237,True,Distance,636,1069,1170.5,M,False,3,2025-04-05,2025-04-06,True,67.96,,690.75,,558,
48746,103844,204,19627,,,,,,,,9,Finals,2:05.32,,,,,1237,True,Distance,635,1069,1169.5,M,False,3,2025-04-05,2025-04-06,True,67.95,,690.62,,558,
48747,103845,166,3596,,,,,,,,9,Finals,2:05.44,,,,,1237,True,Distance,633,1067,1166.5,M,False,3,2025-04-05,2025-04-06,True,67.88,,689.11,,556,
48748,103846,164,18979,,,,,,,,9,Finals,2:05.57,,,,,1237,True,Distance,630,1065,1162.5,M,False,3,2025-04-05,2025-04-06,True,67.8,,687.46,,554,
48749,103847,174,1856,,,,,,,,9,Finals,2:05.72,,,,,1237,True,Distance,626,1062,1157.0,M,False,3,2025-04-05,2025-04-06,True,67.7,,685.58,,551,
48750,103848,63,5568,,,,,,,,9,Finals,2:05.73,,,,,1237,True,Distance,626,1062,1157.0,M,False,3,2025-04-05,2025-04-06,True,67.69,,685.45,,551,
48751,103849,174,2111,,,,,,,,9,Finals,2:05.76,,,,,1237,True,Distance,626,1061,1156.5,M,False,3,2025-04-05,2025-04-06,True,67.68,,685.07,,551,
48752,103850,188,18879,,,,,,,,9,Finals,2:05.80,,,,,1237,True,Distance,625,1061,1155.5,M,False,3,2025-04-05,2025-04-06,True,67.65,,684.57,,550,
48753,103851,167,4303,,,,,,,,9,Finals,2:05.84,,,,,1237,True,Distance,624,1060,1154.0,M,False,3,2025-04-05,2025-04-06,True,67.62,,684.07,,550,
48754,103852,116,26629,,,,,,,,9,Finals,2:05.92,,,,,1237,True,Distance,622,1059,1151.5,M,False,3,2025-04-05,2025-04-06,True,67.57,,683.07,,548,
48755,103854,117,8060,,,,,,,,9,Finals,2:06.12,,,,,1237,True,Distance,618,1055,1145.5,M,False,3,2025-04-05,2025-04-06,True,67.45,,680.56,,545,
48756,103855,161,26638,,,,,,,,9,Finals,2:06.17,,,,,1237,True,Distance,616,1054,1143.0,M,False,3,2025-04-05,2025-04-06,True,67.42,,679.94,,545,
48757,103856,167,26177,,,,,,,,9,Finals,2:06.21,,,,,1237,True,Distance,616,1054,1143.0,M,False,3,2025-04-05,2025-04-06,True,67.39,,679.44,,544,
48758,103857,164,19003,,,,,,,,9,Finals,2:06.23,,,,,1237,True,Distance,615,1053,1141.5,M,False,3,2025-04-05,2025-04-06,True,67.38,,679.19,,544,
48759,103858,159,2172,,,,,,,,9,Finals,2:06.24,,,,,1237,True,Distance,615,1053,1141.5,M,False,3,2025-04-05,2025-04-06,True,67.37,,679.06,,544,
48760,103859,146,11394,,,,,,,,9,Finals,2:06.24,,,,,1237,True,Distance,615,1053,1141.5,M,False,3,2025-04-05,2025-04-06,True,67.37,,679.06,,544,
48761,103860,120,24835,,,,,,,,9,Finals,2:06.27,,,,,1237,True,Distance,614,1053,1140.5,M,False,3,2025-04-05,2025-04-06,True,67.35,,678.69,,543,
48762,103861,116,7976,,,,,,,,9,Finals,2:06.33,,,,,1237,True,Distance,613,1052,1139.0,M,False,3,2025-04-05,2025-04-06,True,67.32,,677.94,,542,
48763,103862,167,19384,,,,,,,,9,Finals,2:06.36,,,,,1237,True,Distance,612,1051,1137.5,M,False,3,2025-04-05,2025-04-06,True,67.3,,677.57,,542,
48764,103863,161,24903,,,,,,,,9,Finals,2:06.44,,,,,1237,True,Distance,610,1050,1135.0,M,False,3,2025-04-05,2025-04-06,True,67.25,,676.57,,540,
48765,103864,111,8011,,,,,,,,9,Finals,2:06.62,,,,,1237,True,Distance,607,1047,1130.5,M,False,3,2025-04-05,2025-04-06,True,67.14,,674.34,,538,
48766,103865,1,24661,,,,,,,,9,Finals,2:06.73,,,,,1237,True,Distance,604,1045,1126.5,M,False,3,2025-04-05,2025-04-06,True,67.07,,672.98,,536,
48767,103866,56,203,,,,,,,,9,Finals,2:06.82,,,,,1237,True,Distance,602,1043,1123.5,M,False,3,2025-04-05,2025-04-06,True,67.01,,671.86,,535,
48768,103867,162,26702,,,,,,,,9,Finals,2:06.89,,,,,1237,True,Distance,601,1042,1122.0,M,False,3,2025-04-05,2025-04-06,True,66.97,,671.0,,534,
48769,103868,174,2116,,,,,,,,9,Finals,2:06.92,,,,,1237,True,Distance,600,1042,1121.0,M,False,3,2025-04-05,2025-04-06,True,66.95,,670.63,,533,
48770,103869,204,18564,,,,,,,,9,Finals,2:07.22,,,,,1237,True,Distance,593,1036,1111.0,M,False,3,2025-04-05,2025-04-06,True,66.76,,666.94,,529,
48771,103870,167,2540,,,,,,,,9,Finals,2:07.23,,,,,1237,True,Distance,593,1036,1111.0,M,False,3,2025-04-05,2025-04-06,True,66.76,,666.81,,529,
48772,103871,132,18965,,,,,,,,9,Finals,2:07.35,,,,,1237,True,Distance,591,1034,1108.0,M,False,3,2025-04-05,2025-04-06,True,66.68,,665.34,,527,
48773,103872,167,3011,,,,,,,,9,Finals,2:07.41,,,,,1237,True,Distance,589,1033,1105.5,M,False,3,2025-04-05,2025-04-06,True,66.65,,664.61,,526,
48774,103873,167,25028,,,,,,,,9,Finals,2:07.47,,,,,1237,True,Distance,588,1032,1104.0,M,False,3,2025-04-05,2025-04-06,True,66.61,,663.87,,525,
48775,103874,167,19381,,,,,,,,9,Finals,2:07.51,,,,,1237,True,Distance,587,1032,1103.0,M,False,3,2025-04-05,2025-04-06,True,66.59,,663.38,,524,
48776,103875,96,367,,,,,,,,9,Finals,2:07.83,,,,,1237,True,Distance,580,1026,1093.0,M,False,3,2025-04-05,2025-04-06,True,66.39,,659.48,,520,
48777,103876,167,2584,,,,,,,,9,Finals,2:07.83,,,,,1237,True,Distance,580,1026,1093.0,M,False,3,2025-04-05,2025-04-06,True,66.39,,659.48,,520,
48778,103877,116,24643,,,,,,,,9,Finals,2:07.83,,,,,1237,True,Distance,580,1026,1093.0,M,False,3,2025-04-05,2025-04-06,True,66.39,,659.48,,520,
48779,103878,167,704,,,,,,,,9,Finals,2:08.40,,,,,1237,True,Distance,568,1017,1076.5,M,False,3,2025-04-05,2025-04-06,True,66.05,,652.58,,511,
48780,103879,158,2899,,,,,,,,9,Finals,2:08.45,,,,,1237,True,Distance,567,1016,1075.0,M,False,3,2025-04-05,2025-04-06,True,66.02,,651.97,,511,
48781,103880,96,369,,,,,,,,9,Finals,2:08.48,,,,,1237,True,Distance,566,1015,1073.5,M,False,3,2025-04-05,2025-04-06,True,66.0,,651.61,,510,
48782,103881,146,1276,,,,,,,,9,Finals,2:08.55,,,,,1237,True,Distance,565,1014,1072.0,M,False,3,2025-04-05,2025-04-06,True,65.96,,650.77,,509,
48783,103882,146,11400,,,,,,,,9,Finals,2:08.65,,,,,1237,True,Distance,563,1012,1069.0,M,False,3,2025-04-05,2025-04-06,True,65.9,,649.57,,508,
48784,103883,122,18915,,,,,,,,9,Finals,2:08.76,,,,,1237,True,Distance,561,1011,1066.5,M,False,3,2025-04-05,2025-04-06,True,65.83,,648.25,,506,
48785,103884,117,8038,,,,,,,,9,Finals,2:08.80,,,,,1237,True,Distance,560,1010,1065.0,M,False,3,2025-04-05,2025-04-06,True,65.81,,647.77,,505,
48786,103885,203,26703,,,,,,,,9,Finals,2:08.95,,,,,1237,True,Distance,557,1007,1060.5,M,False,3,2025-04-05,2025-04-06,True,65.72,,645.97,,503,
48787,103886,142,18982,,,,,,,,9,Finals,2:09.11,,,,,1237,True,Distance,553,1005,1055.5,M,False,3,2025-04-05,2025-04-06,True,65.62,,644.06,,501,
48788,103887,166,4726,,,,,,,,9,Finals,2:09.20,,,,,1237,True,Distance,551,1003,1052.5,M,False,3,2025-04-05,2025-04-06,True,65.57,,642.99,,500,
48789,103888,116,310,,,,,,,,9,Finals,2:09.43,,,,,1237,True,Distance,546,999,1045.5,M,False,3,2025-04-05,2025-04-06,True,65.43,,640.26,,496,
48790,103890,159,2176,,,,,,,,9,Finals,2:09.54,,,,,1237,True,Distance,544,998,1043.0,M,False,3,2025-04-05,2025-04-06,True,65.37,,638.95,,495,
48791,103891,171,11413,,,,,,,,9,Finals,2:09.69,,,,,1237,True,Distance,541,995,1038.5,M,False,3,2025-04-05,2025-04-06,True,65.28,,637.18,,492,
48792,103892,75,1562,,,,,,,,9,Finals,2:09.70,,,,,1237,True,Distance,541,995,1038.5,M,False,3,2025-04-05,2025-04-06,True,65.27,,637.06,,492,
48793,103893,167,5230,,,,,,,,9,Finals,2:10.06,,,,,1237,True,Distance,533,989,1027.5,M,False,3,2025-04-05,2025-04-06,True,65.06,,632.82,,487,
48794,103894,203,24549,,,,,,,,9,Finals,2:10.21,,,,,1237,True,Distance,530,987,1023.5,M,False,3,2025-04-05,2025-04-06,True,64.97,,631.06,,485,
48795,103895,162,11357,,,,,,,,9,Finals,2:10.29,,,,,1237,True,Distance,529,985,1021.5,M,False,3,2025-04-05,2025-04-06,True,64.93,,630.12,,484,
48796,103896,1,18736,,,,,,,,9,Finals,2:10.31,,,,,1237,True,Distance,528,985,1020.5,M,False,3,2025-04-05,2025-04-06,True,64.91,,629.89,,484,
48797,103897,120,8019,,,,,,,,9,Finals,2:10.41,,,,,1237,True,Distance,526,983,1017.5,M,False,3,2025-04-05,2025-04-06,True,64.86,,628.72,,482,
48798,103898,159,16146,,,,,,,,9,Finals,2:10.46,,,,,1237,True,Distance,525,982,1016.0,M,False,3,2025-04-05,2025-04-06,True,64.83,,628.13,,481,
48799,103899,146,24568,,,,,,,,9,Finals,2:10.76,,,,,1237,True,Distance,519,978,1008.0,M,False,3,2025-04-05,2025-04-06,True,64.65,,624.64,,477,
48800,103900,75,25995,,,,,,,,9,Finals,2:10.78,,,,,1237,True,Distance,519,977,1007.5,M,False,3,2025-04-05,2025-04-06,True,64.64,,624.41,,477,
48801,103901,86,18745,,,,,,,,9,Finals,2:10.80,,,,,1237,True,Distance,518,977,1006.5,M,False,3,2025-04-05,2025-04-06,True,64.63,,624.17,,477,
48802,103902,96,26020,,,,,,,,9,Finals,2:10.91,,,,,1237,True,Distance,516,975,1003.5,M,False,3,2025-04-05,2025-04-06,True,64.57,,622.9,,475,
48803,103903,167,18977,,,,,,,,9,Finals,2:11.03,,,,,1237,True,Distance,514,973,1000.5,M,False,3,2025-04-05,2025-04-06,True,64.5,,621.51,,473,
48804,103904,79,4581,,,,,,,,9,Finals,2:11.08,,,,,1237,True,Distance,513,972,999.0,M,False,3,2025-04-05,2025-04-06,True,64.47,,620.93,,473,
48805,103906,86,23446,,,,,,,,9,Finals,2:11.34,,,,,1237,True,Distance,507,968,991.0,M,False,3,2025-04-05,2025-04-06,True,64.32,,617.93,,469,
48806,103907,120,344,,,,,,,,9,Finals,2:11.66,,,,,1237,True,Distance,501,963,982.5,M,False,3,2025-04-05,2025-04-06,True,64.14,,614.25,,465,
48807,103908,167,25030,,,,,,,,9,Finals,2:11.66,,,,,1237,True,Distance,501,963,982.5,M,False,3,2025-04-05,2025-04-06,True,64.14,,614.25,,465,
48808,103909,188,938,,,,,,,,9,Finals,2:11.71,,,,,1237,True,Distance,500,962,981.0,M,False,3,2025-04-05,2025-04-06,True,64.11,,613.68,,464,
48809,103910,117,38,,,,,,,,9,Finals,2:11.71,,,,,1237,True,Distance,500,962,981.0,M,False,3,2025-04-05,2025-04-06,True,64.11,,613.68,,464,
48810,103832,167,19376,,,,,,,,9,Finals,2:04.74,,,,,1237,True,Distance,648,1079,1187.5,M,False,3,2025-04-05,2025-04-06,True,68.33,,698.0,,567,
48811,103905,162,1288,,,,,,,,9,Finals,2:11.12,,,,,1237,True,Distance,512,972,998.0,M,False,3,2025-04-05,2025-04-06,True,64.45,,620.47,,472,
48812,103822,124,11304,,,,,,,,9,Finals,2:03.24,,,,,1237,True,Distance,683,1105,1235.5,M,False,3,2025-04-05,2025-04-06,True,69.3,,717.39,,590,
48813,103889,204,930,,,,,,,,9,Finals,2:09.52,,,,,1237,True,Distance,545,998,1044.0,M,False,3,2025-04-05,2025-04-06,True,65.38,,639.19,,495,
48814,103911,158,2456,,,,,,,,9,Finals,2:11.72,,,,,1237,True,Distance,500,962,981.0,M,False,3,2025-04-05,2025-04-06,True,64.1,,613.56,,464,
48815,103912,86,25118,,,,,,,,9,Finals,2:11.75,,,,,1237,True,Distance,499,961,979.5,M,False,3,2025-04-05,2025-04-06,True,64.09,,613.22,,463,
48816,103913,204,26618,,,,,,,,9,Finals,2:11.78,,,,,1237,True,Distance,499,961,979.5,M,False,3,2025-04-05,2025-04-06,True,64.07,,612.87,,463,
48817,103914,159,705,,,,,,,,9,Finals,2:11.94,,,,,1237,True,Distance,495,958,974.0,M,False,3,2025-04-05,2025-04-06,True,63.98,,611.04,,461,
48818,103915,88,513,,,,,,,,9,Finals,2:12.06,,,,,1237,True,Distance,493,956,971.0,M,False,3,2025-04-05,2025-04-06,True,63.91,,609.68,,459,
48819,103916,146,24569,,,,,,,,9,Finals,2:12.12,,,,,1237,True,Distance,492,955,969.5,M,False,3,2025-04-05,2025-04-06,True,63.88,,608.99,,458,
48820,103917,124,19424,,,,,,,,9,Finals,2:12.14,,,,,1237,True,Distance,492,955,969.5,M,False,3,2025-04-05,2025-04-06,True,63.86,,608.76,,458,
48821,103918,1,19404,,,,,,,,9,Finals,2:12.27,,,,,1237,True,Distance,489,953,965.5,M,False,3,2025-04-05,2025-04-06,True,63.79,,607.29,,456,
48822,103919,124,2867,,,,,,,,9,Finals,2:12.36,,,,,1237,True,Distance,487,951,962.5,M,False,3,2025-04-05,2025-04-06,True,63.74,,606.26,,455,
48823,103920,204,25092,,,,,,,,9,Finals,2:12.47,,,,,1237,True,Distance,485,950,960.0,M,False,3,2025-04-05,2025-04-06,True,63.68,,605.02,,453,
48824,103921,56,8095,,,,,,,,9,Finals,2:12.55,,,,,1237,True,Distance,483,948,957.0,M,False,3,2025-04-05,2025-04-06,True,63.63,,604.11,,452,
48825,103922,167,743,,,,,,,,9,Finals,2:12.56,,,,,1237,True,Distance,483,948,957.0,M,False,3,2025-04-05,2025-04-06,True,63.63,,604.0,,452,
48826,103923,160,4722,,,,,,,,9,Finals,2:12.73,,,,,1237,True,Distance,480,945,952.5,M,False,3,2025-04-05,2025-04-06,True,63.53,,602.08,,450,
48827,103924,88,529,,,,,,,,9,Finals,2:12.76,,,,,1237,True,Distance,479,945,951.5,M,False,3,2025-04-05,2025-04-06,True,63.52,,601.74,,449,
48828,103925,167,25051,,,,,,,,9,Finals,2:12.88,,,,,1237,True,Distance,477,943,948.5,M,False,3,2025-04-05,2025-04-06,True,63.45,,600.39,,448,
48829,103926,146,5567,,,,,,,,9,Finals,2:12.90,,,,,1237,True,Distance,477,943,948.5,M,False,3,2025-04-05,2025-04-06,True,63.44,,600.16,,447,
48830,103928,159,26513,,,,,,,,9,Finals,2:13.07,,,,,1237,True,Distance,473,940,943.0,M,False,3,2025-04-05,2025-04-06,True,63.34,,598.25,,445,
48831,103929,146,3699,,,,,,,,9,Finals,2:13.39,,,,,1237,True,Distance,467,935,934.5,M,False,3,2025-04-05,2025-04-06,True,63.17,,594.67,,441,
48832,103930,167,25029,,,,,,,,9,Finals,2:13.53,,,,,1237,True,Distance,464,933,930.5,M,False,3,2025-04-05,2025-04-06,True,63.09,,593.11,,439,
48833,103931,167,19013,,,,,,,,9,Finals,2:13.62,,,,,1237,True,Distance,463,931,928.5,M,False,3,2025-04-05,2025-04-06,True,63.04,,592.1,,438,
48834,103933,146,24610,,,,,,,,9,Finals,2:13.87,,,,,1237,True,Distance,458,927,921.5,M,False,3,2025-04-05,2025-04-06,True,62.9,,589.33,,434,
48835,103934,1,25151,,,,,,,,9,Finals,2:14.09,,,,,1237,True,Distance,454,924,916.0,M,False,3,2025-04-05,2025-04-06,True,62.78,,586.89,,431,
48836,103935,117,161,,,,,,,,9,Finals,2:14.48,,,,,1237,True,Distance,446,917,904.5,M,False,3,2025-04-05,2025-04-06,True,62.57,,582.59,,426,
48837,103936,63,2598,,,,,,,,9,Finals,2:14.75,,,,,1237,True,Distance,441,913,897.5,M,False,3,2025-04-05,2025-04-06,True,62.42,,579.63,,422,
48838,103937,158,2467,,,,,,,,9,Finals,2:14.80,,,,,1237,True,Distance,440,912,896.0,M,False,3,2025-04-05,2025-04-06,True,62.4,,579.08,,422,
48839,103938,116,7982,,,,,,,,9,Finals,2:14.98,,,,,1237,True,Distance,437,910,892.0,M,False,3,2025-04-05,2025-04-06,True,62.3,,577.12,,419,
48840,103939,124,24736,,,,,,,,9,Finals,2:14.98,,,,,1237,True,Distance,437,910,892.0,M,False,3,2025-04-05,2025-04-06,True,62.3,,577.12,,419,
48841,103940,162,4397,,,,,,,,9,Finals,2:15.03,,,,,1237,True,Distance,436,909,890.5,M,False,3,2025-04-05,2025-04-06,True,62.27,,576.57,,419,
48842,103941,171,2365,,,,,,,,9,Finals,2:15.13,,,,,1237,True,Distance,434,907,887.5,M,False,3,2025-04-05,2025-04-06,True,62.22,,575.48,,417,
48843,103942,158,24594,,,,,,,,9,Finals,2:15.28,,,,,1237,True,Distance,432,905,884.5,M,False,3,2025-04-05,2025-04-06,True,62.14,,573.85,,415,
48844,103943,88,2596,,,,,,,,9,Finals,2:15.47,,,,,1237,True,Distance,428,902,879.0,M,False,3,2025-04-05,2025-04-06,True,62.04,,571.79,,413,
48845,103944,146,11405,,,,,,,,9,Finals,2:15.55,,,,,1237,True,Distance,427,901,877.5,M,False,3,2025-04-05,2025-04-06,True,61.99,,570.92,,412,
48846,103945,146,24888,,,,,,,,9,Finals,2:15.63,,,,,1237,True,Distance,425,899,874.5,M,False,3,2025-04-05,2025-04-06,True,61.95,,570.06,,411,
48847,103946,101,8004,,,,,,,,9,Finals,2:15.64,,,,,1237,True,Distance,425,899,874.5,M,False,3,2025-04-05,2025-04-06,True,61.95,,569.95,,411,
48848,103947,117,188,,,,,,,,9,Finals,2:15.65,,,,,1237,True,Distance,425,899,874.5,M,False,3,2025-04-05,2025-04-06,True,61.94,,569.84,,410,
48849,103948,63,25689,,,,,,,,9,Finals,2:15.71,,,,,1237,True,Distance,424,898,873.0,M,False,3,2025-04-05,2025-04-06,True,61.91,,569.2,,410,
48850,103949,166,20441,,,,,,,,9,Finals,2:15.96,,,,,1237,True,Distance,419,894,866.0,M,False,3,2025-04-05,2025-04-06,True,61.78,,566.5,,406,
48851,103950,166,4728,,,,,,,,9,Finals,2:16.02,,,,,1237,True,Distance,418,893,864.5,M,False,3,2025-04-05,2025-04-06,True,61.74,,565.86,,406,
48852,103951,88,5828,,,,,,,,9,Finals,2:16.36,,,,,1237,True,Distance,412,888,856.0,M,False,3,2025-04-05,2025-04-06,True,61.56,,562.21,,401,
48853,103952,167,19006,,,,,,,,9,Finals,2:16.63,,,,,1237,True,Distance,407,884,849.0,M,False,3,2025-04-05,2025-04-06,True,61.42,,559.33,,398,
48854,103953,146,5271,,,,,,,,9,Finals,2:16.79,,,,,1237,True,Distance,404,881,844.5,M,False,3,2025-04-05,2025-04-06,True,61.34,,557.63,,396,
48855,103954,17,26704,,,,,,,,9,Finals,2:17.25,,,,,1237,True,Distance,396,874,833.0,M,False,3,2025-04-05,2025-04-06,True,61.1,,552.76,,390,
48856,103955,171,11395,,,,,,,,9,Finals,2:17.31,,,,,1237,True,Distance,395,873,831.5,M,False,3,2025-04-05,2025-04-06,True,61.07,,552.13,,389,
48857,103956,159,16147,,,,,,,,9,Finals,2:17.41,,,,,1237,True,Distance,393,871,828.5,M,False,3,2025-04-05,2025-04-06,True,61.02,,551.08,,388,
48858,103957,167,794,,,,,,,,9,Finals,2:17.89,,,,,1237,True,Distance,385,864,817.0,M,False,3,2025-04-05,2025-04-06,True,60.77,,546.04,,381,
48859,103958,17,3296,,,,,,,,9,Finals,2:17.94,,,,,1237,True,Distance,384,863,815.5,M,False,3,2025-04-05,2025-04-06,True,60.74,,545.52,,381,
48860,103959,124,11310,,,,,,,,9,Finals,2:18.04,,,,,1237,True,Distance,382,862,813.0,M,False,3,2025-04-05,2025-04-06,True,60.69,,544.47,,379,
48861,103960,100,26108,,,,,,,,9,Finals,2:18.14,,,,,1237,True,Distance,380,860,810.0,M,False,3,2025-04-05,2025-04-06,True,60.64,,543.43,,378,
48862,103961,56,24399,,,,,,,,9,Finals,2:18.28,,,,,1237,True,Distance,378,858,807.0,M,False,3,2025-04-05,2025-04-06,True,60.57,,541.98,,376,
48863,103962,11,2987,,,,,,,,9,Finals,2:18.51,,,,,1237,True,Distance,374,855,801.5,M,False,3,2025-04-05,2025-04-06,True,60.45,,539.59,,374,
48864,103963,169,7641,,,,,,,,9,Finals,2:18.68,,,,,1237,True,Distance,371,852,797.0,M,False,3,2025-04-05,2025-04-06,True,60.37,,537.83,,371,
48865,103964,124,24808,,,,,,,,9,Finals,2:19.30,,,,,1237,True,Distance,360,842,781.0,M,False,3,2025-04-05,2025-04-06,True,60.05,,531.45,,364,
48866,103965,166,19390,,,,,,,,9,Finals,2:19.33,,,,,1237,True,Distance,360,842,781.0,M,False,3,2025-04-05,2025-04-06,True,60.04,,531.14,,363,
48867,103966,122,24711,,,,,,,,9,Finals,2:19.86,,,,,1237,True,Distance,351,834,768.0,M,False,3,2025-04-05,2025-04-06,True,59.78,,525.74,,357,
48868,103967,162,21234,,,,,,,,9,Finals,2:19.87,,,,,1237,True,Distance,351,834,768.0,M,False,3,2025-04-05,2025-04-06,True,59.77,,525.64,,357,
48869,103968,11,3265,,,,,,,,9,Finals,2:19.97,,,,,1237,True,Distance,349,832,765.0,M,False,3,2025-04-05,2025-04-06,True,59.72,,524.62,,355,
48870,103969,56,3415,,,,,,,,9,Finals,2:19.99,,,,,1237,True,Distance,349,832,765.0,M,False,3,2025-04-05,2025-04-06,True,59.71,,524.42,,355,
48871,103970,139,1589,,,,,,,,9,Finals,2:20.02,,,,,1237,True,Distance,348,832,764.0,M,False,3,2025-04-05,2025-04-06,True,59.7,,524.11,,355,
48872,103971,124,21237,,,,,,,,9,Finals,2:20.12,,,,,1237,True,Distance,347,830,762.0,M,False,3,2025-04-05,2025-04-06,True,59.65,,523.1,,353,
48873,103972,158,16132,,,,,,,,9,Finals,2:20.64,,,,,1237,True,Distance,338,822,749.0,M,False,3,2025-04-05,2025-04-06,True,59.39,,517.86,,347,
48874,103973,158,16123,,,,,,,,9,Finals,2:20.64,,,,,1237,True,Distance,338,822,749.0,M,False,3,2025-04-05,2025-04-06,True,59.39,,517.86,,347,
48875,103975,84,25120,,,,,,,,9,Finals,2:20.94,,,,,1237,True,Distance,333,818,742.0,M,False,3,2025-04-05,2025-04-06,True,59.24,,514.85,,343,
48876,103976,167,708,,,,,,,,9,Finals,2:21.14,,,,,1237,True,Distance,330,815,737.5,M,False,3,2025-04-05,2025-04-06,True,59.15,,512.85,,341,
48877,103977,88,11503,,,,,,,,9,Finals,2:21.30,,,,,1237,True,Distance,327,812,733.0,M,False,3,2025-04-05,2025-04-06,True,59.07,,511.25,,339,
48878,103978,86,1609,,,,,,,,9,Finals,2:21.53,,,,,1237,True,Distance,324,809,728.5,M,False,3,2025-04-05,2025-04-06,True,58.96,,508.97,,336,
48879,103979,164,786,,,,,,,,9,Finals,2:21.63,,,,,1237,True,Distance,322,807,725.5,M,False,3,2025-04-05,2025-04-06,True,58.91,,507.98,,335,
48880,103980,146,3725,,,,,,,,9,Finals,2:21.74,,,,,1237,True,Distance,320,806,723.0,M,False,3,2025-04-05,2025-04-06,True,58.86,,506.89,,334,
48881,103981,158,2469,,,,,,,,9,Finals,2:21.83,,,,,1237,True,Distance,319,804,721.0,M,False,3,2025-04-05,2025-04-06,True,58.81,,506.0,,333,
48882,103982,146,1251,,,,,,,,9,Finals,2:22.20,,,,,1237,True,Distance,313,799,712.5,M,False,3,2025-04-05,2025-04-06,True,58.63,,502.35,,328,
48883,103983,17,4194,,,,,,,,9,Finals,2:22.26,,,,,1237,True,Distance,312,798,711.0,M,False,3,2025-04-05,2025-04-06,True,58.61,,501.76,,327,
48884,103984,205,18115,,,,,,,,9,Finals,2:22.73,,,,,1237,True,Distance,305,791,700.5,M,False,3,2025-04-05,2025-04-06,True,58.38,,497.16,,322,
48885,103985,146,3709,,,,,,,,9,Finals,2:23.22,,,,,1237,True,Distance,297,784,689.0,M,False,3,2025-04-05,2025-04-06,True,58.15,,492.4,,316,
48886,103986,167,19394,,,,,,,,9,Finals,2:23.42,,,,,1237,True,Distance,294,781,684.5,M,False,3,2025-04-05,2025-04-06,True,58.06,,490.46,,314,
48887,103987,169,1379,,,,,,,,9,Finals,2:23.42,,,,,1237,True,Distance,294,781,684.5,M,False,3,2025-04-05,2025-04-06,True,58.06,,490.46,,314,
48888,103988,90,552,,,,,,,,9,Finals,2:23.70,,,,,1237,True,Distance,290,777,678.5,M,False,3,2025-04-05,2025-04-06,True,57.93,,487.76,,310,
48889,103989,17,26705,,,,,,,,9,Finals,2:24.15,,,,,1237,True,Distance,283,770,668.0,M,False,3,2025-04-05,2025-04-06,True,57.72,,483.44,,305,
48890,103990,158,21482,,,,,,,,9,Finals,2:25.22,,,,,1237,True,Distance,267,755,644.5,M,False,3,2025-04-05,2025-04-06,True,57.22,,473.28,,293,
48891,103991,90,25180,,,,,,,,9,Finals,2:25.37,,,,,1237,True,Distance,265,753,641.5,M,False,3,2025-04-05,2025-04-06,True,57.15,,471.87,,291,
48892,103992,146,1299,,,,,,,,9,Finals,2:25.43,,,,,1237,True,Distance,264,752,640.0,M,False,3,2025-04-05,2025-04-06,True,57.13,,471.31,,290,
48893,103993,56,4854,,,,,,,,9,Finals,2:26.60,,,,,1237,True,Distance,247,735,614.5,M,False,3,2025-04-05,2025-04-06,True,56.6,,460.4,,277,
48894,103994,178,1869,,,,,,,,9,Finals,2:26.71,,,,,1237,True,Distance,246,733,612.5,M,False,3,2025-04-05,2025-04-06,True,56.55,,459.38,,276,
48895,103995,164,19001,,,,,,,,9,Finals,2:26.75,,,,,1237,True,Distance,245,733,611.5,M,False,3,2025-04-05,2025-04-06,True,56.53,,459.01,,275,
48896,103996,56,8099,,,,,,,,9,Finals,2:26.78,,,,,1237,True,Distance,245,732,611.0,M,False,3,2025-04-05,2025-04-06,True,56.52,,458.74,,275,
48897,103997,86,1612,,,,,,,,9,Finals,2:27.63,,,,,1237,True,Distance,233,720,593.0,M,False,3,2025-04-05,2025-04-06,True,56.14,,450.94,,265,
48898,103999,167,19009,,,,,,,,9,Finals,2:28.71,,,,,1237,True,Distance,219,705,571.5,M,False,3,2025-04-05,2025-04-06,True,55.67,,441.16,,254,
48899,104000,88,550,,,,,,,,9,Finals,2:30.03,,,,,1237,True,Distance,202,687,545.5,M,False,3,2025-04-05,2025-04-06,True,55.11,,429.4,,239,
48900,104001,203,24554,,,,,,,,9,Finals,2:30.34,,,,,1237,True,Distance,198,683,539.5,M,False,3,2025-04-05,2025-04-06,True,54.97,,426.67,,236,
48901,104002,158,2470,,,,,,,,9,Finals,2:31.38,,,,,1237,True,Distance,185,669,519.5,M,False,3,2025-04-05,2025-04-06,True,54.54,,417.59,,225,
48902,104003,167,4304,,,,,,,,9,Finals,2:32.03,,,,,1237,True,Distance,177,660,507.0,M,False,3,2025-04-05,2025-04-06,True,54.27,,411.97,,218,
48903,104004,111,18791,,,,,,,,9,Finals,2:32.18,,,,,1237,True,Distance,175,658,504.0,M,False,3,2025-04-05,2025-04-06,True,54.21,,410.69,,216,
48904,104005,146,3686,,,,,,,,9,Finals,2:37.67,,,,,1237,True,Distance,117,586,410.0,M,False,3,2025-04-05,2025-04-06,True,52.04,,365.21,,161,
48905,104006,203,24552,,,,,,,,9,Finals,2:37.95,,,,,1237,True,Distance,114,582,405.0,M,False,3,2025-04-05,2025-04-06,True,51.93,,362.97,,158,
48906,104007,122,23485,,,,,,,,9,Finals,2:42.79,,,,,1237,True,Distance,72,523,333.5,M,False,3,2025-04-05,2025-04-06,True,50.16,,325.56,,113,
48907,103998,17,25233,,,,,,,,9,Finals,2:28.05,,,,,1237,True,Distance,228,714,585.0,M,False,3,2025-04-05,2025-04-06,True,55.96,,447.12,,261,
48908,103927,161,2344,,,,,,,,9,Finals,2:12.97,,,,,1237,True,Distance,475,942,946.0,M,False,3,2025-04-05,2025-04-06,True,63.4,,599.38,,446,
48909,103974,146,1421,,,,,,,,9,Finals,2:20.77,,,,,1237,True,Distance,336,820,746.0,M,False,3,2025-04-05,2025-04-06,True,59.33,,516.55,,345,
48910,104008,169,11359,,,,,,,,9,Finals,2:43.04,,,,,1237,True,Distance,71,520,331.0,M,False,3,2025-04-05,2025-04-06,True,50.07,,323.69,,110,
48911,104009,159,26706,,,,,,,,9,Finals,2:43.89,,,,,1237,True,Distance,64,510,319.0,M,False,3,2025-04-05,2025-04-06,True,49.77,,317.37,,103,
48912,104010,1,1,,,,,,,,9,Finals,2:47.28,,,,,1237,True,Distance,42,470,277.0,M,False,3,2025-04-05,2025-04-06,True,48.62,,292.79,,73,
48913,104011,90,23458,,,,,,,,9,Finals,2:48.35,,,,,1237,True,Distance,36,458,265.0,M,False,3,2025-04-05,2025-04-06,True,48.26,,285.24,,63,
48914,104012,139,1608,,,,,,,,9,Finals,2:48.35,,,,,1237,True,Distance,36,458,265.0,M,False,3,2025-04-05,2025-04-06,True,48.26,,285.24,,63,
48915,104013,86,26544,,,,,,,,9,Finals,2:50.53,,,,,1237,True,Distance,26,434,243.0,M,False,3,2025-04-05,2025-04-06,True,47.56,,270.14,,45,
48916,104014,104,2051,,,,,,,,9,Finals,2:51.79,,,,,1237,True,Distance,20,420,230.0,M,False,3,2025-04-05,2025-04-06,True,47.16,,261.59,,35,
48917,104016,111,25077,,,,,,,,9,Finals,2:57.94,,,,,1237,True,Distance,3,357,181.5,M,False,3,2025-04-05,2025-04-06,True,45.3,,221.61,,0,
48945,104046,167,466,,,,,,,,20,Finals,9:28.87,,,,,1237,True,Distance,611,1031,1126.5,M,False,3,2025-04-05,2025-04-06,True,62.5,,690.66,,695,
48946,104047,167,667,,,,,,,,20,Finals,9:35.08,,,,,1237,True,Distance,584,1011,1089.5,M,False,3,2025-04-05,2025-04-06,True,61.74,,674.86,,677,
48947,104048,75,18742,,,,,,,,20,Finals,9:37.24,,,,,1237,True,Distance,574,1004,1076.0,M,False,3,2025-04-05,2025-04-06,True,61.48,,669.44,,670,
48948,104049,164,2723,,,,,,,,20,Finals,9:46.93,,,,,1237,True,Distance,532,973,1018.5,M,False,3,2025-04-05,2025-04-06,True,60.33,,645.64,,643,
48949,104050,204,23574,,,,,,,,20,Finals,9:52.50,,,,,1237,True,Distance,509,955,986.5,M,False,3,2025-04-05,2025-04-06,True,59.69,,632.31,,628,
48950,104051,124,2007,,,,,,,,20,Finals,9:55.36,,,,,1237,True,Distance,498,946,971.0,M,False,3,2025-04-05,2025-04-06,True,59.37,,625.57,,620,
48951,104052,167,673,,,,,,,,20,Finals,10:08.26,,,,,1237,True,Distance,446,906,899.0,M,False,3,2025-04-05,2025-04-06,True,57.95,,595.92,,586,
48952,104053,124,1996,,,,,,,,20,Finals,10:15.08,,,,,1237,True,Distance,420,886,863.0,M,False,3,2025-04-05,2025-04-06,True,57.22,,580.75,,568,
48953,104054,164,689,,,,,,,,20,Finals,10:18.27,,,,,1237,True,Distance,409,876,847.0,M,False,3,2025-04-05,2025-04-06,True,56.89,,573.77,,560,
48954,104055,117,23472,,,,,,,,20,Finals,10:19.95,,,,,1237,True,Distance,402,871,837.5,M,False,3,2025-04-05,2025-04-06,True,56.71,,570.12,,556,
48955,104056,159,676,,,,,,,,20,Finals,10:27.96,,,,,1237,True,Distance,374,847,797.5,M,False,3,2025-04-05,2025-04-06,True,55.89,,553.0,,537,
48956,104057,120,327,,,,,,,,20,Finals,10:31.42,,,,,1237,True,Distance,362,837,780.5,M,False,3,2025-04-05,2025-04-06,True,55.55,,545.74,,528,
48957,104058,164,709,,,,,,,,20,Finals,10:35.16,,,,,1237,True,Distance,349,826,762.0,M,False,3,2025-04-05,2025-04-06,True,55.18,,537.98,,519,
48958,104059,167,18971,,,,,,,,20,Finals,10:36.11,,,,,1237,True,Distance,345,823,756.5,M,False,3,2025-04-05,2025-04-06,True,55.08,,536.02,,517,
48959,104060,117,8057,,,,,,,,20,Finals,10:44.56,,,,,1237,True,Distance,317,799,716.5,M,False,3,2025-04-05,2025-04-06,True,54.27,,518.87,,497,
48960,104061,167,5220,,,,,,,,20,Finals,10:47.70,,,,,1237,True,Distance,307,790,702.0,M,False,3,2025-04-05,2025-04-06,True,53.97,,512.61,,490,
48961,104062,142,26180,,,,,,,,20,Finals,10:50.15,,,,,1237,True,Distance,299,783,690.5,M,False,3,2025-04-05,2025-04-06,True,53.74,,507.77,,485,
48962,104063,202,23581,,,,,,,,20,Finals,10:50.64,,,,,1237,True,Distance,298,781,688.5,M,False,3,2025-04-05,2025-04-06,True,53.69,,506.81,,483,
48963,104064,56,8059,,,,,,,,20,Finals,10:53.19,,,,,1237,True,Distance,290,774,677.0,M,False,3,2025-04-05,2025-04-06,True,53.45,,501.81,,478,
48964,104065,11,3265,,,,,,,,20,Finals,10:59.34,,,,,1237,True,Distance,271,757,649.5,M,False,3,2025-04-05,2025-04-06,True,52.89,,489.93,,464,
48965,104066,56,8075,,,,,,,,20,Finals,11:01.32,,,,,1237,True,Distance,265,751,640.5,M,False,3,2025-04-05,2025-04-06,True,52.71,,486.15,,460,
48966,104067,159,674,,,,,,,,20,Finals,11:04.08,,,,,1237,True,Distance,257,743,628.5,M,False,3,2025-04-05,2025-04-06,True,52.46,,480.92,,454,
48967,104068,146,1216,,,,,,,,20,Finals,11:06.89,,,,,1237,True,Distance,249,736,617.0,M,False,3,2025-04-05,2025-04-06,True,52.21,,475.64,,448,
48968,104069,167,4303,,,,,,,,20,Finals,11:08.33,,,,,1237,True,Distance,245,732,611.0,M,False,3,2025-04-05,2025-04-06,True,52.08,,472.95,,445,
48969,104070,124,2045,,,,,,,,20,Finals,11:08.41,,,,,1237,True,Distance,244,731,609.5,M,False,3,2025-04-05,2025-04-06,True,52.07,,472.8,,444,
48970,104071,164,731,,,,,,,,20,Finals,11:09.29,,,,,1237,True,Distance,242,729,606.5,M,False,3,2025-04-05,2025-04-06,True,52.0,,471.16,,443,
48971,104073,146,3713,,,,,,,,20,Finals,11:17.97,,,,,1237,True,Distance,218,705,570.5,M,False,3,2025-04-05,2025-04-06,True,51.24,,455.25,,424,
48972,104074,158,16135,,,,,,,,20,Finals,11:27.12,,,,,1237,True,Distance,194,681,534.5,M,False,3,2025-04-05,2025-04-06,True,50.47,,438.9,,405,
48973,104075,75,3457,,,,,,,,20,Finals,11:30.20,,,,,1237,True,Distance,186,673,522.5,M,False,3,2025-04-05,2025-04-06,True,50.21,,433.5,,399,
48974,104076,86,1558,,,,,,,,20,Finals,11:32.88,,,,,1237,True,Distance,180,666,513.0,M,False,3,2025-04-05,2025-04-06,True,49.99,,428.83,,394,
48975,104077,85,23417,,,,,,,,20,Finals,11:35.96,,,,,1237,True,Distance,172,657,500.5,M,False,3,2025-04-05,2025-04-06,True,49.74,,423.52,,388,
48976,104078,117,161,,,,,,,,20,Finals,11:36.47,,,,,1237,True,Distance,171,656,499.0,M,False,3,2025-04-05,2025-04-06,True,49.7,,422.64,,387,
48977,104079,167,2608,,,,,,,,20,Finals,11:40.45,,,,,1237,True,Distance,162,646,485.0,M,False,3,2025-04-05,2025-04-06,True,49.38,,415.85,,379,
48978,104080,63,527,,,,,,,,20,Finals,11:43.46,,,,,1237,True,Distance,155,638,474.0,M,False,3,2025-04-05,2025-04-06,True,49.14,,410.77,,373,
48979,104081,167,760,,,,,,,,20,Finals,11:44.35,,,,,1237,True,Distance,153,636,471.0,M,False,3,2025-04-05,2025-04-06,True,49.06,,409.27,,371,
48980,104082,164,19007,,,,,,,,20,Finals,11:54.73,,,,,1237,True,Distance,130,609,434.5,M,False,3,2025-04-05,2025-04-06,True,48.25,,392.11,,352,
48981,104083,158,2474,,,,,,,,20,Finals,12:04.02,,,,,1237,True,Distance,111,586,404.0,M,False,3,2025-04-05,2025-04-06,True,47.55,,377.17,,335,
48982,104084,167,778,,,,,,,,20,Finals,12:08.29,,,,,1237,True,Distance,103,576,391.0,M,False,3,2025-04-05,2025-04-06,True,47.23,,370.44,,327,
48983,104085,146,26490,,,,,,,,20,Finals,12:09.20,,,,,1237,True,Distance,102,574,389.0,M,False,3,2025-04-05,2025-04-06,True,47.16,,369.01,,325,
48984,104087,164,4433,,,,,,,,20,Finals,12:27.78,,,,,1237,True,Distance,70,529,334.5,M,False,3,2025-04-05,2025-04-06,True,45.83,,340.65,,293,
48985,104088,158,2897,,,,,,,,20,Finals,12:32.02,,,,,1237,True,Distance,64,519,323.5,M,False,3,2025-04-05,2025-04-06,True,45.53,,334.38,,285,
48986,104089,203,4420,,,,,,,,20,Finals,12:33.28,,,,,1237,True,Distance,62,516,320.0,M,False,3,2025-04-05,2025-04-06,True,45.45,,332.53,,283,
48987,104090,86,1597,,,,,,,,20,Finals,12:41.50,,,,,1237,True,Distance,51,497,299.5,M,False,3,2025-04-05,2025-04-06,True,44.88,,320.6,,270,
48988,104091,124,24417,,,,,,,,20,Finals,12:47.25,,,,,1237,True,Distance,44,485,286.5,M,False,3,2025-04-05,2025-04-06,True,44.5,,312.41,,260,
48989,104092,63,528,,,,,,,,20,Finals,12:49.94,,,,,1237,True,Distance,40,479,279.5,M,False,3,2025-04-05,2025-04-06,True,44.32,,308.62,,256,
48990,104093,88,2583,,,,,,,,20,Finals,13:00.38,,,,,1237,True,Distance,29,456,257.0,M,False,3,2025-04-05,2025-04-06,True,43.64,,294.16,,239,
48991,104094,56,3801,,,,,,,,20,Finals,13:04.99,,,,,1237,True,Distance,25,446,248.0,M,False,3,2025-04-05,2025-04-06,True,43.35,,287.9,,232,
48992,104095,120,8019,,,,,,,,20,Finals,13:12.16,,,,,1237,True,Distance,19,430,234.0,M,False,3,2025-04-05,2025-04-06,True,42.9,,278.31,,221,
48993,104096,117,188,,,,,,,,20,Finals,13:12.51,,,,,1237,True,Distance,18,430,233.0,M,False,3,2025-04-05,2025-04-06,True,42.88,,277.84,,220,
48994,104098,88,556,,,,,,,,20,Finals,14:00.77,,,,,1237,True,Distance,0,334,167.0,M,False,3,2025-04-05,2025-04-06,True,40.06,,217.57,,151,
48995,104099,164,721,,,,,,,,20,Finals,14:01.12,,,,,1237,True,Distance,0,333,166.5,M,False,3,2025-04-05,2025-04-06,True,40.04,,217.16,,151,
48996,104100,167,2626,,,,,,,,20,Finals,15:27.35,,,,,1237,True,Distance,0,192,96.0,M,False,3,2025-04-05,2025-04-06,True,35.75,,125.16,,45,
49001,104072,169,7642,,,,,,,,20,Finals,11:12.65,,,,,1237,True,Distance,233,720,593.0,M,False,3,2025-04-05,2025-04-06,True,51.7,,464.95,,435,
49004,104097,202,2918,,,,,,,,20,Finals,13:17.35,,,,,1237,True,Distance,15,419,224.5,M,False,3,2025-04-05,2025-04-06,True,42.58,,271.47,,213,
49005,104086,171,1260,,,,,,,,20,Finals,12:09.21,,,,,1237,True,Distance,102,574,389.0,M,False,3,2025-04-05,2025-04-06,True,47.16,,368.99,,325,
49019,104119,56,21405,,,,,,,,24,Finals,4:30.12,,,,,1237,True,Relays,206,687,549.5,M,False,3,2025-04-05,2025-04-06,True,66.4,,753.86,,191,
49030,104144,88,25165,,,,,,,,24,Finals,3:29.07,,,,,1237,True,Relays,788,1146,1361.0,M,False,3,2025-04-05,2025-04-06,True,89.11,,1212.13,,620,
49035,104135,56,26728,,,,,,,,24,Finals,3:22.29,,,,,1237,True,Relays,875,1204,1477.0,M,False,3,2025-04-05,2025-04-06,True,92.6,,1280.09,,683,
49036,104136,166,26729,,,,,,,,24,Finals,3:22.86,,,,,1237,True,Relays,868,1199,1467.5,M,False,3,2025-04-05,2025-04-06,True,92.3,,1274.2,,678,
49037,104137,167,26730,,,,,,,,24,Finals,3:23.27,,,,,1237,True,Relays,862,1196,1460.0,M,False,3,2025-04-05,2025-04-06,True,92.08,,1269.99,,674,
49038,104138,146,26731,,,,,,,,24,Finals,3:23.30,,,,,1237,True,Relays,862,1195,1459.5,M,False,3,2025-04-05,2025-04-06,True,92.07,,1269.68,,673,
49039,104139,202,26664,,,,,,,,24,Finals,3:26.36,,,,,1237,True,Relays,822,1169,1406.5,M,False,3,2025-04-05,2025-04-06,True,90.47,,1238.76,,645,
49040,104140,124,26732,,,,,,,,24,Finals,3:26.60,,,,,1237,True,Relays,819,1167,1402.5,M,False,3,2025-04-05,2025-04-06,True,90.35,,1236.37,,642,
49041,104141,117,26733,,,,,,,,24,Finals,3:27.17,,,,,1237,True,Relays,812,1162,1393.0,M,False,3,2025-04-05,2025-04-06,True,90.06,,1230.73,,637,
49042,104142,188,26577,,,,,,,,24,Finals,3:27.97,,,,,1237,True,Relays,801,1155,1378.5,M,False,3,2025-04-05,2025-04-06,True,89.66,,1222.86,,630,
49043,104143,169,26734,,,,,,,,24,Finals,3:28.92,,,,,1237,True,Relays,790,1147,1363.5,M,False,3,2025-04-05,2025-04-06,True,89.18,,1213.59,,621,
49044,104145,146,26736,,,,,,,,24,Finals,3:29.15,,,,,1237,True,Relays,787,1145,1359.5,M,False,3,2025-04-05,2025-04-06,True,89.07,,1211.36,,619,
49045,104147,17,26738,,,,,,,,24,Finals,3:29.76,,,,,1237,True,Relays,779,1140,1349.0,M,False,3,2025-04-05,2025-04-06,True,88.77,,1205.46,,613,
49046,104148,203,26739,,,,,,,,24,Finals,3:30.21,,,,,1237,True,Relays,773,1136,1341.0,M,False,3,2025-04-05,2025-04-06,True,88.54,,1201.13,,609,
49047,104149,167,26740,,,,,,,,24,Finals,3:30.49,,,,,1237,True,Relays,770,1134,1337.0,M,False,3,2025-04-05,2025-04-06,True,88.41,,1198.45,,607,
49048,104150,162,26741,,,,,,,,24,Finals,3:30.99,,,,,1237,True,Relays,764,1130,1329.0,M,False,3,2025-04-05,2025-04-06,True,88.16,,1193.68,,602,
49049,104151,75,26742,,,,,,,,24,Finals,3:31.14,,,,,1237,True,Relays,762,1129,1326.5,M,False,3,2025-04-05,2025-04-06,True,88.09,,1192.25,,601,
49050,104152,146,26659,,,,,,,,24,Finals,3:31.66,,,,,1237,True,Relays,755,1124,1317.0,M,False,3,2025-04-05,2025-04-06,True,87.84,,1187.32,,596,
49051,104153,146,26743,,,,,,,,24,Finals,3:32.09,,,,,1237,True,Relays,750,1121,1310.5,M,False,3,2025-04-05,2025-04-06,True,87.63,,1183.26,,593,
49052,104154,63,26744,,,,,,,,24,Finals,3:32.18,,,,,1237,True,Relays,749,1120,1309.0,M,False,3,2025-04-05,2025-04-06,True,87.59,,1182.41,,592,
49053,104155,56,26745,,,,,,,,24,Finals,3:32.99,,,,,1237,True,Relays,739,1113,1295.5,M,False,3,2025-04-05,2025-04-06,True,87.2,,1174.81,,585,
49054,104156,159,26746,,,,,,,,24,Finals,3:33.97,,,,,1237,True,Relays,727,1105,1279.5,M,False,3,2025-04-05,2025-04-06,True,86.74,,1165.7,,576,
49055,104157,167,26747,,,,,,,,24,Finals,3:35.86,,,,,1237,True,Relays,704,1089,1248.5,M,False,3,2025-04-05,2025-04-06,True,85.86,,1148.35,,560,
49056,104158,174,26748,,,,,,,,24,Finals,3:36.12,,,,,1237,True,Relays,701,1087,1244.5,M,False,3,2025-04-05,2025-04-06,True,85.74,,1145.99,,558,
49057,104159,158,26749,,,,,,,,24,Finals,3:38.05,,,,,1237,True,Relays,678,1071,1213.5,M,False,3,2025-04-05,2025-04-06,True,84.86,,1128.63,,541,
49058,104160,122,26586,,,,,,,,24,Finals,3:38.18,,,,,1237,True,Relays,677,1070,1212.0,M,False,3,2025-04-05,2025-04-06,True,84.8,,1127.47,,540,
49059,104161,169,26670,,,,,,,,24,Finals,3:39.11,,,,,1237,True,Relays,666,1063,1197.5,M,False,3,2025-04-05,2025-04-06,True,84.38,,1119.22,,533,
49060,104162,124,26750,,,,,,,,24,Finals,3:39.89,,,,,1237,True,Relays,657,1056,1185.0,M,False,3,2025-04-05,2025-04-06,True,84.04,,1112.36,,526,
49061,104163,159,26751,,,,,,,,24,Finals,3:40.42,,,,,1237,True,Relays,651,1052,1177.0,M,False,3,2025-04-05,2025-04-06,True,83.8,,1107.72,,522,
49062,104164,167,21406,,,,,,,,24,Finals,3:41.21,,,,,1237,True,Relays,642,1046,1165.0,M,False,3,2025-04-05,2025-04-06,True,83.46,,1100.85,,515,
49063,104165,11,26752,,,,,,,,24,Finals,3:41.91,,,,,1237,True,Relays,634,1040,1154.0,M,False,3,2025-04-05,2025-04-06,True,83.15,,1094.81,,510,
49064,104166,79,26753,,,,,,,,24,Finals,3:46.43,,,,,1237,True,Relays,584,1004,1086.0,M,False,3,2025-04-05,2025-04-06,True,81.24,,1056.68,,474,
49065,104167,75,26754,,,,,,,,24,Finals,3:46.62,,,,,1237,True,Relays,582,1002,1083.0,M,False,3,2025-04-05,2025-04-06,True,81.16,,1055.11,,473,
49066,104168,159,26755,,,,,,,,24,Finals,3:48.79,,,,,1237,True,Relays,558,985,1050.5,M,False,3,2025-04-05,2025-04-06,True,80.27,,1037.36,,456,
49067,104169,158,26756,,,,,,,,24,Finals,3:50.27,,,,,1237,True,Relays,543,974,1030.0,M,False,3,2025-04-05,2025-04-06,True,79.68,,1025.45,,445,
49068,104170,120,26757,,,,,,,,24,Finals,3:50.62,,,,,1237,True,Relays,539,971,1024.5,M,False,3,2025-04-05,2025-04-06,True,79.54,,1022.66,,442,
49069,104171,88,26758,,,,,,,,24,Finals,3:52.76,,,,,1237,True,Relays,517,954,994.0,M,False,3,2025-04-05,2025-04-06,True,78.7,,1005.76,,426,
49070,104172,188,26759,,,,,,,,24,Finals,3:53.59,,,,,1237,True,Relays,509,948,983.0,M,False,3,2025-04-05,2025-04-06,True,78.38,,999.29,,420,
49071,104173,124,26594,,,,,,,,24,Finals,3:54.88,,,,,1237,True,Relays,496,938,965.0,M,False,3,2025-04-05,2025-04-06,True,77.88,,989.32,,411,
49072,104174,162,26593,,,,,,,,24,Finals,3:59.29,,,,,1237,True,Relays,452,904,904.0,M,False,3,2025-04-05,2025-04-06,True,76.24,,956.06,,380,
49073,104175,117,26760,,,,,,,,24,Finals,3:59.57,,,,,1237,True,Relays,450,902,901.0,M,False,3,2025-04-05,2025-04-06,True,76.13,,953.99,,378,
49074,104176,146,26761,,,,,,,,24,Finals,4:00.43,,,,,1237,True,Relays,442,896,890.0,M,False,3,2025-04-05,2025-04-06,True,75.82,,947.66,,372,
49075,104177,90,26762,,,,,,,,24,Finals,4:02.04,,,,,1237,True,Relays,426,884,868.0,M,False,3,2025-04-05,2025-04-06,True,75.24,,935.93,,361,
49076,104179,139,26764,,,,,,,,24,Finals,4:04.43,,,,,1237,True,Relays,405,866,838.0,M,False,3,2025-04-05,2025-04-06,True,74.4,,918.81,,345,
49077,104180,56,26765,,,,,,,,24,Finals,4:07.20,,,,,1237,True,Relays,380,846,803.0,M,False,3,2025-04-05,2025-04-06,True,73.45,,899.37,,327,
49078,104181,164,26766,,,,,,,,24,Finals,4:09.34,,,,,1237,True,Relays,361,830,776.0,M,False,3,2025-04-05,2025-04-06,True,72.73,,884.65,,313,
49099,104146,1,18736,,,,,,,,24,Finals,3:29.72,,,,,1237,True,Relays,779,1140,1349.0,M,False,3,2025-04-05,2025-04-06,True,88.79,,1205.85,,614,
49100,104178,1,19,,,,,,,,24,Finals,4:03.23,,,,,1237,True,Relays,415,875,852.5,M,False,3,2025-04-05,2025-04-06,True,74.82,,927.36,,353,
49189,104248,220,26769,,,,,,,,26,,12:11.97,,,,,1238,True,Relays,0,0,0.0,M,False,3,2025-04-13,2025-04-13,False,,,,,,
49193,104253,172,1814,,,,,,,,17,,15:53.46,,,,,1238,True,Distance,657,1062,1188.0,M,False,3,2025-04-13,2025-04-13,False,65.09,,743.56,,564,
49194,104254,186,5010,,,,,,,,17,,16:20.19,,,,,1238,True,Distance,587,1013,1093.5,M,False,3,2025-04-13,2025-04-13,False,63.04,,702.82,,515,
49195,104255,187,26772,,,,,,,,17,,16:25.49,,,,,1238,True,Distance,573,1003,1074.5,M,False,3,2025-04-13,2025-04-13,False,62.65,,695.0,,505,
49196,104256,180,26773,,,,,,,,17,,17:37.10,,,,,1238,True,Distance,407,878,846.0,M,False,3,2025-04-13,2025-04-13,False,57.74,,597.08,,387,
49197,104257,206,5130,,,,,,,,17,,18:27.19,,,,,1238,True,Distance,307,796,705.0,M,False,3,2025-04-13,2025-04-13,False,54.71,,536.12,,314,
49198,104258,204,18565,,,,,,,,17,,18:40.08,,,,,1238,True,Distance,284,775,671.5,M,False,3,2025-04-13,2025-04-13,False,53.98,,521.31,,296,
49199,104259,204,2142,,,,,,,,17,,19:20.88,,,,,1238,True,Distance,216,712,572.0,M,False,3,2025-04-13,2025-04-13,False,51.77,,476.62,,242,
49200,104260,220,26774,,,,,,,,17,,20:30.51,,,,,1238,True,Distance,121,610,426.0,M,False,3,2025-04-13,2025-04-13,False,48.36,,407.18,,158,
49244,104304,204,868,,,,,,,,13,,4:31.05,,,,,1238,True,Distance,727,1111,1282.5,M,False,3,2025-04-13,2025-04-13,False,66.62,,758.94,,604,
49245,104305,174,18876,,,,,,,,13,,4:32.17,,,,,1238,True,Distance,715,1103,1266.5,M,False,3,2025-04-13,2025-04-13,False,66.31,,752.46,,596,
49246,104308,173,19622,,,,,,,,13,,4:38.14,,,,,1238,True,Distance,657,1061,1187.5,M,False,3,2025-04-13,2025-04-13,False,64.7,,718.82,,555,
49247,104309,174,2111,,,,,,,,13,,4:38.96,,,,,1238,True,Distance,649,1055,1176.5,M,False,3,2025-04-13,2025-04-13,False,64.48,,714.31,,549,
49248,104310,174,1856,,,,,,,,13,,4:39.45,,,,,1238,True,Distance,644,1052,1170.0,M,False,3,2025-04-13,2025-04-13,False,64.36,,711.63,,546,
49249,104311,174,7634,,,,,,,,13,,4:39.51,,,,,1238,True,Distance,644,1051,1169.5,M,False,3,2025-04-13,2025-04-13,False,64.34,,711.3,,545,
49250,104312,204,18562,,,,,,,,13,,4:39.55,,,,,1238,True,Distance,643,1051,1168.5,M,False,3,2025-04-13,2025-04-13,False,64.33,,711.08,,545,
49251,104313,204,1876,,,,,,,,13,,4:41.15,,,,,1238,True,Distance,628,1040,1148.0,M,False,3,2025-04-13,2025-04-13,False,63.92,,702.4,,535,
49252,104314,204,874,,,,,,,,13,,4:42.34,,,,,1238,True,Distance,617,1032,1133.0,M,False,3,2025-04-13,2025-04-13,False,63.61,,696.0,,527,
49253,104315,176,2114,,,,,,,,13,,4:45.65,,,,,1238,True,Distance,587,1009,1091.5,M,False,3,2025-04-13,2025-04-13,False,62.78,,678.5,,505,
49254,104316,204,2120,,,,,,,,13,,4:46.23,,,,,1238,True,Distance,581,1005,1083.5,M,False,3,2025-04-13,2025-04-13,False,62.64,,675.47,,502,
49255,104317,204,18559,,,,,,,,13,,4:50.77,,,,,1238,True,Distance,541,974,1028.0,M,False,3,2025-04-13,2025-04-13,False,61.53,,652.2,,473,
49256,104319,188,18879,,,,,,,,13,,4:51.02,,,,,1238,True,Distance,539,972,1025.0,M,False,3,2025-04-13,2025-04-13,False,61.47,,650.94,,472,
49257,104306,204,897,,,,,,,,13,,4:35.50,,,,,1238,True,Distance,682,1080,1222.0,M,False,3,2025-04-13,2025-04-13,False,65.4,,733.52,,573,
49258,104307,204,872,,,,,,,,13,,4:36.89,,,,,1238,True,Distance,669,1070,1204.0,M,False,3,2025-04-13,2025-04-13,False,65.03,,725.74,,563,
49259,104318,204,930,,,,,,,,13,,4:50.93,,,,,1238,True,Distance,540,973,1026.5,M,False,3,2025-04-13,2025-04-13,False,61.5,,651.39,,472,
49261,104320,173,26781,,,,,,,,13,,4:53.45,,,,,1238,True,Distance,518,956,996.0,M,False,3,2025-04-13,2025-04-13,False,60.9,,638.8,,457,
49262,104321,180,5109,,,,,,,,13,,4:54.79,,,,,1238,True,Distance,507,947,980.5,M,False,3,2025-04-13,2025-04-13,False,60.59,,632.19,,449,
49263,104322,173,26782,,,,,,,,13,,4:55.75,,,,,1238,True,Distance,499,941,969.5,M,False,3,2025-04-13,2025-04-13,False,60.37,,627.49,,443,
49264,104323,199,1895,,,,,,,,13,,4:59.27,,,,,1238,True,Distance,470,918,929.0,M,False,3,2025-04-13,2025-04-13,False,59.57,,610.53,,423,
49265,104324,180,26783,,,,,,,,13,,5:00.15,,,,,1238,True,Distance,462,912,918.0,M,False,3,2025-04-13,2025-04-13,False,59.37,,606.35,,417,
49266,104325,188,18878,,,,,,,,13,,5:03.28,,,,,1238,True,Distance,438,892,884.0,M,False,3,2025-04-13,2025-04-13,False,58.68,,591.68,,400,
49267,104326,173,26784,,,,,,,,13,,5:04.55,,,,,1238,True,Distance,428,883,869.5,M,False,3,2025-04-13,2025-04-13,False,58.41,,585.81,,392,
49268,104327,188,18567,,,,,,,,13,,5:10.03,,,,,1238,True,Distance,386,849,810.5,M,False,3,2025-04-13,2025-04-13,False,57.25,,561.05,,362,
49269,104328,188,18901,,,,,,,,13,,5:13.02,,,,,1238,True,Distance,364,830,779.0,M,False,3,2025-04-13,2025-04-13,False,56.63,,547.91,,346,
49270,104329,204,18577,,,,,,,,13,,5:15.08,,,,,1238,True,Distance,350,817,758.5,M,False,3,2025-04-13,2025-04-13,False,56.22,,539.0,,335,
49271,104330,204,18581,,,,,,,,13,,5:16.15,,,,,1238,True,Distance,342,810,747.0,M,False,3,2025-04-13,2025-04-13,False,56.0,,534.41,,330,
49272,104331,204,26785,,,,,,,,13,,5:17.43,,,,,1238,True,Distance,334,803,735.5,M,False,3,2025-04-13,2025-04-13,False,55.75,,528.97,,323,
49273,104332,190,19629,,,,,,,,13,,5:18.06,,,,,1238,True,Distance,329,799,728.5,M,False,3,2025-04-13,2025-04-13,False,55.63,,526.31,,320,
49274,104334,220,18583,,,,,,,,13,,5:20.10,,,,,1238,True,Distance,316,786,709.0,M,False,3,2025-04-13,2025-04-13,False,55.23,,517.76,,309,
49275,104335,188,944,,,,,,,,13,,5:20.76,,,,,1238,True,Distance,311,782,702.0,M,False,3,2025-04-13,2025-04-13,False,55.1,,515.02,,306,
49276,104336,206,4476,,,,,,,,13,,5:24.63,,,,,1238,True,Distance,286,759,665.5,M,False,3,2025-04-13,2025-04-13,False,54.36,,499.17,,287,
49277,104337,220,26786,,,,,,,,13,,5:27.90,,,,,1238,True,Distance,266,740,636.0,M,False,3,2025-04-13,2025-04-13,False,53.76,,486.06,,271,
49278,104338,180,1831,,,,,,,,13,,5:29.46,,,,,1238,True,Distance,256,731,621.5,M,False,3,2025-04-13,2025-04-13,False,53.47,,479.9,,263,
49279,104339,188,24654,,,,,,,,13,,5:32.79,,,,,1238,True,Distance,237,711,592.5,M,False,3,2025-04-13,2025-04-13,False,52.87,,466.94,,247,
49280,104340,173,17557,,,,,,,,13,,5:36.17,,,,,1238,True,Distance,218,692,564.0,M,False,3,2025-04-13,2025-04-13,False,52.28,,454.05,,232,
49281,104342,199,1887,,,,,,,,13,,5:38.13,,,,,1238,True,Distance,207,681,547.5,M,False,3,2025-04-13,2025-04-13,False,51.94,,446.7,,223,
49282,104343,220,18570,,,,,,,,13,,5:47.63,,,,,1238,True,Distance,159,628,473.0,M,False,3,2025-04-13,2025-04-13,False,50.35,,412.22,,181,
49283,104344,204,964,,,,,,,,13,,5:50.48,,,,,1238,True,Distance,146,613,452.5,M,False,3,2025-04-13,2025-04-13,False,49.89,,402.24,,169,
49310,104373,204,903,,,,,,,,16,,10:30.49,,,,,1238,True,Distance,0,0,0.0,M,False,3,2025-04-13,2025-04-13,False,,,,,,
49311,104374,188,909,,,,,,,,16,,10:39.94,,,,,1238,True,Distance,0,0,0.0,M,False,3,2025-04-13,2025-04-13,False,,,,,,
49312,104375,205,26790,,,,,,,,16,,10:41.18,,,,,1238,True,Distance,0,0,0.0,M,False,3,2025-04-13,2025-04-13,False,,,,,,
49313,104376,204,26785,,,,,,,,16,,11:09.24,,,,,1238,True,Distance,0,0,0.0,M,False,3,2025-04-13,2025-04-13,False,,,,,,
49314,104377,204,18563,,,,,,,,16,,11:20.83,,,,,1238,True,Distance,0,0,0.0,M,False,3,2025-04-13,2025-04-13,False,,,,,,
49337,104400,173,19621,,,,,,,,9,,1:59.66,,,,,1238,True,Distance,769,1168,1353.0,M,False,3,2025-04-13,2025-04-13,False,71.75,,765.64,,649,
49338,104401,188,25911,,,,,,,,9,,1:59.92,,,,,1238,True,Distance,762,1163,1343.5,M,False,3,2025-04-13,2025-04-13,False,71.57,,762.04,,645,
49339,104402,172,1810,,,,,,,,9,,2:01.30,,,,,1238,True,Distance,729,1139,1298.5,M,False,3,2025-04-13,2025-04-13,False,70.61,,743.18,,622,
49340,104403,188,5013,,,,,,,,9,,2:02.10,,,,,1238,True,Distance,710,1125,1272.5,M,False,3,2025-04-13,2025-04-13,False,70.07,,732.45,,609,
49341,104404,204,868,,,,,,,,9,,2:06.15,,,,,1238,True,Distance,617,1055,1144.5,M,False,3,2025-04-13,2025-04-13,False,67.43,,680.19,,545,
49342,104405,180,23568,,,,,,,,9,,2:06.33,,,,,1238,True,Distance,613,1052,1139.0,M,False,3,2025-04-13,2025-04-13,False,67.32,,677.94,,542,
49343,104409,220,23583,,,,,,,,9,,2:09.86,,,,,1238,True,Distance,538,992,1034.0,M,False,3,2025-04-13,2025-04-13,False,65.18,,635.17,,490,
49344,104410,188,885,,,,,,,,9,,2:12.22,,,,,1238,True,Distance,490,954,967.0,M,False,3,2025-04-13,2025-04-13,False,63.82,,607.85,,457,
49345,104411,205,19641,,,,,,,,9,,2:12.72,,,,,1238,True,Distance,480,946,953.0,M,False,3,2025-04-13,2025-04-13,False,63.54,,602.19,,450,
49346,104412,204,25092,,,,,,,,9,,2:13.48,,,,,1238,True,Distance,465,933,931.5,M,False,3,2025-04-13,2025-04-13,False,63.12,,593.66,,439,
49347,104413,188,926,,,,,,,,9,,2:15.87,,,,,1238,True,Distance,421,896,869.0,M,False,3,2025-04-13,2025-04-13,False,61.82,,567.47,,408,
49348,104414,176,18572,,,,,,,,9,,2:17.04,,,,,1238,True,Distance,400,877,838.5,M,False,3,2025-04-13,2025-04-13,False,61.21,,554.98,,392,
49349,104415,190,19646,,,,,,,,9,,2:17.83,,,,,1238,True,Distance,386,865,818.5,M,False,3,2025-04-13,2025-04-13,False,60.8,,546.67,,382,
49350,104417,220,19636,,,,,,,,9,,2:23.17,,,,,1238,True,Distance,298,785,690.5,M,False,3,2025-04-13,2025-04-13,False,58.17,,492.88,,317,
49351,104418,205,4488,,,,,,,,9,,2:24.06,,,,,1238,True,Distance,284,772,670.0,M,False,3,2025-04-13,2025-04-13,False,57.76,,484.3,,306,
49352,104419,190,19643,,,,,,,,9,,2:25.05,,,,,1238,True,Distance,270,757,648.5,M,False,3,2025-04-13,2025-04-13,False,57.3,,474.89,,295,
49353,104420,220,18590,,,,,,,,9,,2:27.08,,,,,1238,True,Distance,241,728,605.0,M,False,3,2025-04-13,2025-04-13,False,56.39,,455.97,,272,
49354,104421,204,18577,,,,,,,,9,,2:23.51,,,,,1238,True,Distance,293,780,683.0,M,False,3,2025-04-13,2025-04-13,False,58.01,,489.59,,313,
49355,104422,204,18565,,,,,,,,9,,2:33.11,,,,,1238,True,Distance,165,645,487.5,M,False,3,2025-04-13,2025-04-13,False,53.83,,402.75,,207,
49356,104423,220,18570,,,,,,,,9,,2:36.31,,,,,1238,True,Distance,130,603,431.5,M,False,3,2025-04-13,2025-04-13,False,52.56,,376.18,,174,
49358,104425,205,26794,,,,,,,,21,,45.22,,,,,1238,True,Relays,728,1084,1270.0,M,False,3,2025-04-13,2025-04-13,False,97.45,,1014.47,,537,
49359,104426,188,26669,,,,,,,,21,,48.44,,,,,1238,True,Relays,547,956,1025.0,M,False,3,2025-04-13,2025-04-13,False,89.47,,877.97,,392,
49360,104407,206,25819,,,,,,,,9,,2:08.58,,,,,1238,True,Distance,564,1014,1071.0,M,False,3,2025-04-13,2025-04-13,False,65.94,,650.41,,509,
49361,104333,206,25790,,,,,,,,13,,5:18.33,,,,,1238,True,Distance,327,797,725.5,M,False,3,2025-04-13,2025-04-13,False,55.57,,525.17,,318,
49362,104416,205,25793,,,,,,,,9,,2:21.24,,,,,1238,True,Distance,328,813,734.5,M,False,3,2025-04-13,2025-04-13,False,59.1,,511.85,,340,
49363,104372,204,872,,,,,,,,16,,10:24.12,,,,,1238,True,Distance,0,0,0.0,M,False,3,2025-04-13,2025-04-13,False,,,,,,
49364,104408,204,930,,,,,,,,9,,2:08.63,,,,,1238,True,Distance,563,1013,1069.5,M,False,3,2025-04-13,2025-04-13,False,65.91,,649.81,,508,
49365,104341,190,25801,,,,,,,,13,,5:36.78,,,,,1238,True,Distance,214,689,558.5,M,False,3,2025-04-13,2025-04-13,False,52.17,,451.76,,229,
49367,104427,188,26795,,,,,,,,21,,53.40,,,,,1238,True,Relays,319,774,706.0,M,False,3,2025-04-13,2025-04-13,False,79.35,,699.91,,203,
49369,104429,205,26796,,,,,,,,24,,3:44.80,,,,,1238,True,Relays,602,1017,1110.5,M,False,3,2025-04-13,2025-04-13,False,81.92,,1070.25,,487,
49370,104430,172,26797,,,,,,,,24,,3:53.97,,,,,1238,True,Relays,505,945,977.5,M,False,3,2025-04-13,2025-04-13,False,78.23,,996.34,,418,
49371,104431,180,26798,,,,,,,,24,,4:07.03,,,,,1238,True,Relays,381,847,804.5,M,False,3,2025-04-13,2025-04-13,False,73.51,,900.55,,328,
49372,104432,188,26799,,,,,,,,24,,4:09.56,,,,,1238,True,Relays,359,829,773.5,M,False,3,2025-04-13,2025-04-13,False,72.66,,883.15,,312,
52598,101042,146,24580,,29817.0,,24581.0,,24574.0,,21,,42.20,,,,,1212,True,Relays,920,1212,1526.0,M,False,3,2025-03-29,2025-03-29,False,106.26,,1161.43,,694,
53140,123872,17,25229,,,,,,,,9,,1:51.24,,,,,1233,True,Distance,991,1324,1653.0,M,False,3,2025-04-12,2025-04-12,False,78.24,,891.37,,802,
53141,123875,17,3296,,,,,,,,11,,4:40.05,,,,,1233,True,Distance,447,905,899.5,M,False,3,2025-04-12,2025-04-12,False,58.84,,589.12,,403,
53142,123877,17,28420,,,,,,,,11,,4:58.30,,,,,1233,True,Distance,305,782,696.0,M,False,3,2025-04-12,2025-04-12,False,54.81,,502.81,,298,
53235,123873,17,3269,,,,,,,,9,,1:58.51,,,,,1233,True,Distance,797,1189,1391.5,M,False,3,2025-04-12,2025-04-12,False,72.58,,781.76,,669,
53236,123874,17,31008,,,,,,,,9,,2:03.88,,,,,1233,True,Distance,668,1094,1215.0,M,False,3,2025-04-12,2025-04-12,False,68.88,,709.06,,580,
53237,123876,17,4194,,,,,,,,11,,4:56.10,,,,,1233,True,Distance,321,797,719.5,M,False,3,2025-04-12,2025-04-12,False,55.26,,512.65,,310,
53238,123878,17,4640,,,,,,,,17,,18:07.78,,,,,1233,True,Distance,344,827,757.5,M,False,3,2025-04-12,2025-04-12,False,55.85,,559.08,,341,
53594,98366,15,26005,,,,,,,,14,,9:05.34,,,,,1130,True,Distance,707,1088,1251.0,M,False,3,2025-03-14,2025-03-15,False,65.56,,753.78,,580,
53860,116127,61,1658,So,,,,,,,9,,2:02.83,,,,,1359,True,Distance,692,1112,1248.0,M,False,3,2025-05-09,,False,69.58,,722.77,,597,
53861,116129,61,24980,Fr,,,,,,,9,,2:14.07,,,,,1359,True,Distance,454,924,916.0,M,False,3,2025-05-09,,False,62.79,,587.11,,431,
53862,116131,61,382,So,,,,,,,11,,3:57.06,,,,,1359,True,Distance,889,1229,1503.5,M,False,3,2025-05-09,,False,71.09,,844.96,,715,
53863,116133,61,2259,Jr,,,,,,,11,,4:04.63,,,,,1359,True,Distance,801,1168,1385.0,M,False,3,2025-05-09,,False,68.59,,793.39,,652,
53864,116135,61,1663,Jr,,,,,,,11,,4:46.56,,,,,1359,True,Distance,393,860,823.0,M,False,3,2025-05-09,,False,57.34,,557.07,,364,
53865,116137,61,8146,Fr,,,,,,,17,,15:33.99,,,,,1359,True,Distance,711,1098,1260.0,M,False,3,2025-05-09,,False,66.67,,774.71,,602,
53866,116139,61,2261,Jr,,,,,,,17,,15:58.70,,,,,1359,True,Distance,643,1052,1169.0,M,False,3,2025-05-09,,False,64.68,,735.4,,554,
53867,116141,61,4628,So,,,,,,,17,,16:39.91,,,,,1359,True,Distance,538,977,1026.5,M,False,3,2025-05-09,,False,61.6,,674.16,,480,
53868,116143,61,1663,Jr,,,,,,,17,,18:01.35,,,,,1359,True,Distance,357,838,776.0,M,False,3,2025-05-09,,False,56.24,,566.86,,351,
53916,116142,61,2275,Jr,,,,,,,17,,17:02.97,,,,,1359,True,Distance,483,937,951.5,M,False,3,2025-05-09,,False,59.99,,642.04,,442,
53917,116144,61,4037,Jr,,,,,,,17,,18:05.43,,,,,1359,True,Distance,349,831,764.5,M,False,3,2025-05-09,,False,55.99,,561.91,,345,
53928,116145,61,4944,,4036.0,,24980.0,,5745.0,,24,,3:30.93,,,,,1359,True,Relays,764,1130,1329.0,M,False,3,2025-05-09,,False,88.19,,1194.25,,603,
53932,116146,61,24855,,1658.0,,4050.0,,1657.0,,24,,3:37.05,,,,,1359,True,Relays,690,1079,1229.5,M,False,3,2025-05-09,,False,85.31,,1137.58,,550,
54002,116128,61,19559,Sr,,,,,,,9,,2:12.11,,,,,1359,True,Distance,492,956,970.0,M,False,3,2025-05-09,,False,63.88,,609.11,,458,
54003,116130,61,4626,So,,,,,,,9,,2:31.23,,,,,1359,True,Distance,187,671,522.5,M,False,3,2025-05-09,,False,54.6,,418.89,,226,
54004,116134,61,8147,Fr,,,,,,,11,,4:10.62,,,,,1359,True,Distance,734,1122,1295.0,M,False,3,2025-05-09,,False,66.73,,754.79,,605,
54005,116136,61,2261,Jr,,,,,,,11,,4:55.75,,,,,1359,True,Distance,323,799,722.5,M,False,3,2025-05-09,,False,55.34,,514.23,,312,
54006,116138,61,1657,So,,,,,,,17,,15:55.71,,,,,1359,True,Distance,651,1057,1179.5,M,False,3,2025-05-09,,False,64.92,,740.04,,560,
54007,116140,61,1656,So,,,,,,,17,,16:07.75,,,,,1359,True,Distance,619,1035,1136.5,M,False,3,2025-05-09,,False,63.98,,721.5,,537,
54012,116132,61,21471,Fr,,,,,,,11,,3:59.98,,,,,1359,True,Distance,854,1206,1457.0,M,False,3,2025-05-09,,False,70.11,,824.68,,690,
54248,116198,61,29349,Jr,,,,,,,9,,1:54.92,,,,,1365,True,Distance,890,1255,1517.5,M,False,3,2025-04-24,,False,75.27,,834.15,,733,
54249,116200,61,8146,Fr,,,,,,,17,,15:25.43,,,,,1365,True,Distance,735,1114,1292.0,M,False,3,2025-04-24,,False,67.39,,788.81,,619,
54250,116201,61,29350,Jr,,,,,,,17,,17:32.24,,,,,1365,True,Distance,417,887,860.5,M,False,3,2025-04-24,,False,58.05,,603.31,,395,
54260,116221,61,29349,Jr,,,,,,,9,,2:00.67,,,,,1366,True,Distance,744,1150,1319.0,M,False,3,2025-04-05,,False,71.05,,751.74,,632,
54261,116223,61,1657,So,,,,,,,9,,2:06.99,,,,,1366,True,Distance,598,1040,1118.0,M,False,3,2025-04-05,,False,66.91,,669.77,,532,
54262,116225,61,2259,Jr,,,,,,,9,,2:09.05,,,,,1366,True,Distance,554,1006,1057.0,M,False,3,2025-04-05,,False,65.66,,644.78,,502,
54263,116227,61,10980,Jr,,,,,,,9,,2:27.57,,,,,1366,True,Distance,234,721,594.5,M,False,3,2025-04-05,,False,56.17,,451.49,,266,
54264,116229,61,382,So,,,,,,,11,,4:05.42,,,,,1366,True,Distance,792,1162,1373.0,M,False,3,2025-04-05,,False,68.34,,788.19,,646,
54265,116233,61,25550,Jr,,,,,,,11,,4:12.38,,,,,1366,True,Distance,715,1108,1269.0,M,False,3,2025-04-05,,False,66.2,,743.79,,592,
54266,116235,61,8147,Fr,,,,,,,11,,4:15.71,,,,,1366,True,Distance,679,1082,1220.0,M,False,3,2025-04-05,,False,65.22,,723.41,,567,
54267,116237,61,4628,So,,,,,,,11,,4:23.13,,,,,1366,True,Distance,603,1027,1116.5,M,False,3,2025-04-05,,False,63.14,,679.84,,514,
54268,116239,61,2269,,,,,,,,11,,4:35.96,,,,,1366,True,Distance,483,934,950.0,M,False,3,2025-04-05,,False,59.83,,610.03,,429,
54269,116241,61,2275,Jr,,,,,,,11,,4:39.52,,,,,1366,True,Distance,452,909,906.5,M,False,3,2025-04-05,,False,58.97,,591.79,,406,
54281,116231,61,21471,Fr,,,,,,,11,,4:07.39,,,,,1366,True,Distance,769,1147,1342.5,M,False,3,2025-04-05,,False,67.72,,775.37,,630,
54494,116199,61,4628,So,,,,,,,11,,4:13.42,,,,,1365,True,Distance,703,1100,1253.0,M,False,3,2025-04-24,,False,65.89,,737.37,,584,
54505,116224,61,1658,So,,,,,,,9,,2:07.46,,,,,1366,True,Distance,588,1032,1104.0,M,False,3,2025-04-05,,False,66.62,,663.99,,525,
54506,116226,61,1663,Jr,,,,,,,9,,2:23.83,,,,,1366,True,Distance,288,775,675.5,M,False,3,2025-04-05,,False,57.86,,486.51,,309,
54507,116228,61,21474,Fr,,,,,,,9,,2:31.76,,,,,1366,True,Distance,180,663,511.5,M,False,3,2025-04-05,,False,54.38,,414.3,,221,
54508,116230,61,2259,Jr,,,,,,,11,,4:07.35,,,,,1366,True,Distance,770,1147,1343.5,M,False,3,2025-04-05,,False,67.73,,775.63,,631,
54509,116232,61,8146,Fr,,,,,,,11,,4:08.73,,,,,1366,True,Distance,754,1136,1322.0,M,False,3,2025-04-05,,False,67.3,,766.77,,620,
54510,116234,61,1657,So,,,,,,,11,,4:13.08,,,,,1366,True,Distance,707,1103,1258.5,M,False,3,2025-04-05,,False,65.99,,739.46,,586,
54511,116236,61,1658,So,,,,,,,11,,4:19.45,,,,,1366,True,Distance,640,1054,1167.0,M,False,3,2025-04-05,,False,64.15,,701.14,,540,
54512,116238,61,1656,So,,,,,,,11,,4:26.81,,,,,1366,True,Distance,567,1000,1067.0,M,False,3,2025-04-05,,False,62.15,,659.13,,488,
54513,116240,61,2261,Jr,,,,,,,11,,4:38.36,,,,,1366,True,Distance,462,917,920.5,M,False,3,2025-04-05,,False,59.25,,597.68,,413,
54514,116242,61,10980,Jr,,,,,,,11,,5:09.40,,,,,1366,True,Distance,232,712,588.0,M,False,3,2025-04-05,,False,52.6,,455.29,,240,
54566,116222,61,21471,Fr,,,,,,,9,,2:04.59,,,,,1366,True,Distance,652,1081,1192.5,M,False,3,2025-04-05,,False,68.42,,699.92,,569,
54615,116257,61,21471,Fr,,,,,,,9,,1:58.03,,,,,1367,True,Distance,809,1198,1408.0,M,False,3,2025-05-02,,False,72.93,,788.58,,677,
54620,116247,61,2261,Jr,,,,,,,20,,10:41.17,,,,,1366,True,Distance,328,808,732.0,M,False,3,2025-04-05,,False,54.59,,525.7,,505,
54621,116248,61,1663,Jr,,,,,,,20,,12:25.96,,,,,1366,True,Distance,73,533,339.5,M,False,3,2025-04-05,,False,45.96,,343.37,,296,
54622,116249,61,2275,Jr,,,,,,,20,,13:37.84,,,,,1366,True,Distance,4,378,193.0,M,False,3,2025-04-05,,False,41.35,,245.32,,183,
54623,116250,61,25305,,29349.0,,24855.0,,4944.0,,24,,3:39.80,,,,,1366,True,Relays,658,1057,1186.5,M,False,3,2025-04-05,,False,84.08,,1113.15,,527,
54630,116258,61,382,So,,,,,,,9,,1:58.30,,,,,1367,True,Distance,803,1193,1399.5,M,False,3,2025-05-02,,False,72.73,,784.74,,672,
62688,132613,4,26532,,,,,,,,9,,1:58.26,,,,,1548,True,Distance,804,1193,1400.5,M,False,3,2025-05-08,2025-05-08,False,72.76,,785.31,,673,
62689,132614,4,22527,,,,,,,,11,,3:44.91,,,,,1548,True,Distance,1041,1330,1706.0,M,False,3,2025-05-08,2025-05-08,False,75.51,,935.0,,825,
62690,132615,4,5173,,,,,,,,11,,3:52.37,,,,,1548,True,Distance,947,1268,1581.0,M,False,3,2025-05-08,2025-05-08,False,72.74,,878.6,,756,
62691,132616,4,2959,,,,,,,,11,,3:56.04,,,,,1548,True,Distance,902,1237,1520.5,M,False,3,2025-05-08,2025-05-08,False,71.45,,852.17,,724,
62692,132617,4,2946,,,,,,,,11,,3:57.69,,,,,1548,True,Distance,882,1224,1494.0,M,False,3,2025-05-08,2025-05-08,False,70.88,,840.55,,710,
62693,132618,4,95,,,,,,,,11,,3:59.45,,,,,1548,True,Distance,861,1210,1466.0,M,False,3,2025-05-08,2025-05-08,False,70.28,,828.33,,695,
62694,132619,4,18781,,,,,,,,11,,4:00.13,,,,,1548,True,Distance,853,1204,1455.0,M,False,3,2025-05-08,2025-05-08,False,70.06,,823.66,,689,
62695,132620,4,2945,,,,,,,,11,,4:04.26,,,,,1548,True,Distance,805,1171,1390.5,M,False,3,2025-05-08,2025-05-08,False,68.71,,795.84,,655,
62696,132621,4,2965,,,,,,,,11,,4:06.05,,,,,1548,True,Distance,784,1157,1362.5,M,False,3,2025-05-08,2025-05-08,False,68.14,,784.07,,641,
62697,132622,4,102,,,,,,,,11,,4:06.61,,,,,1548,True,Distance,778,1153,1354.5,M,False,3,2025-05-08,2025-05-08,False,67.96,,780.42,,636,
62698,132623,4,5787,,,,,,,,11,,4:06.83,,,,,1548,True,Distance,776,1151,1351.5,M,False,3,2025-05-08,2025-05-08,False,67.89,,778.99,,635,
62699,132624,4,18780,,,,,,,,11,,4:07.71,,,,,1548,True,Distance,766,1144,1338.0,M,False,3,2025-05-08,2025-05-08,False,67.62,,773.31,,628,
62700,132625,4,25191,,,,,,,,11,,4:09.27,,,,,1548,True,Distance,748,1132,1314.0,M,False,3,2025-05-08,2025-05-08,False,67.14,,763.33,,616,
62701,132626,4,99,,,,,,,,11,,4:17.81,,,,,1548,True,Distance,657,1066,1190.0,M,False,3,2025-05-08,2025-05-08,False,64.62,,710.82,,552,
62702,132627,4,26543,,,,,,,,11,,4:20.10,,,,,1548,True,Distance,634,1049,1158.5,M,False,3,2025-05-08,2025-05-08,False,63.97,,697.33,,535,
62703,132628,4,20493,,,,,,,,11,,4:24.35,,,,,1548,True,Distance,591,1018,1100.0,M,False,3,2025-05-08,2025-05-08,False,62.81,,672.91,,505,
62704,132629,4,106,,,,,,,,11,,4:27.80,,,,,1548,True,Distance,558,992,1054.0,M,False,3,2025-05-08,2025-05-08,False,61.89,,653.65,,482,
62705,132630,4,27329,,,,,,,,11,,4:34.38,,,,,1548,True,Distance,497,945,969.5,M,False,3,2025-05-08,2025-05-08,False,60.22,,618.27,,439,
62706,132631,4,25190,,,,,,,,11,,4:45.89,,,,,1548,True,Distance,399,865,831.5,M,False,3,2025-05-08,2025-05-08,False,57.49,,560.3,,368,
62707,132632,4,22531,,,,,,,,20,,9:39.09,,,,,1548,True,Distance,566,998,1065.0,M,False,3,2025-05-08,2025-05-08,False,61.26,,664.84,,665,
62708,132633,4,7717,,,,,,,,20,,10:08.25,,,,,1548,True,Distance,446,906,899.0,M,False,3,2025-05-08,2025-05-08,False,57.95,,595.94,,586,
62709,132634,4,90,,,,,,,,17,,15:30.25,,,,,1548,True,Distance,721,1105,1273.5,M,False,3,2025-05-08,2025-05-08,False,66.98,,780.84,,609,
62710,132635,17,25230,,,,,,,,9,,2:01.77,,,,,1548,True,Distance,718,1131,1283.5,M,False,3,2025-05-08,2025-05-08,False,70.29,,736.86,,614,
62711,132636,17,3269,,,,,,,,9,,1:55.02,,,,,1548,True,Distance,888,1253,1514.5,M,False,3,2025-05-08,2025-05-08,False,75.19,,832.65,,731,
62712,132637,17,31008,,,,,,,,9,,2:02.54,,,,,1548,True,Distance,699,1117,1257.5,M,False,3,2025-05-08,2025-05-08,False,69.77,,726.6,,601,
62713,132638,17,3263,,,,,,,,17,,15:16.39,,,,,1548,True,Distance,761,1131,1326.5,M,False,3,2025-05-08,2025-05-08,False,68.16,,804.0,,637,
62714,132639,17,3267,,,,,,,,9,,2:01.28,,,,,1548,True,Distance,729,1139,1298.5,M,False,3,2025-05-08,2025-05-08,False,70.63,,743.46,,622,
62715,132640,17,3296,,,,,,,,9,,2:11.91,,,,,1548,True,Distance,496,959,975.5,M,False,3,2025-05-08,2025-05-08,False,63.99,,611.39,,461,
62719,132709,146,22385,,,,,,,,13,,4:26.42,,,,,1549,True,Distance,774,1145,1346.5,M,False,3,2025-05-03,2025-05-03,False,67.94,,786.29,,637,
62720,132711,146,3699,,,,,,,,13,,5:09.15,,,,,1549,True,Distance,393,854,820.0,M,False,3,2025-05-03,2025-05-03,False,57.43,,564.97,,367,
62721,132713,146,24909,,,,,,,,13,,5:25.27,,,,,1549,True,Distance,282,755,659.5,M,False,3,2025-05-03,2025-05-03,False,54.24,,496.58,,284,
62722,132715,146,3686,,,,,,,,13,,5:47.20,,,,,1549,True,Distance,161,631,476.5,M,False,3,2025-05-03,2025-05-03,False,50.42,,413.74,,183,
62745,132763,146,21404,,,,,,,,24,,3:33.54,,,,,1549,True,Relays,732,1108,1286.0,M,False,3,2025-05-03,2025-05-03,False,86.94,,1169.69,,580,
62746,132765,146,21404,,,,,,,,30,,11:04.73,,,,,1549,True,Relays,0,0,0.0,M,False,3,2025-05-03,2025-05-03,False,,,,,,
62747,132719,146,1421,,,,,,,,20,,12:16.16,,,,,1549,True,Distance,89,557,367.5,M,False,3,2025-05-03,2025-05-03,False,46.65,,358.22,,313,
62804,132702,146,3687,,,,,,,,9,,1:58.87,,,,,1549,True,Distance,788,1182,1379.0,M,False,3,2025-05-03,2025-05-03,False,72.32,,776.68,,663,
62805,132703,146,3728,,,,,,,,9,,2:11.11,,,,,1549,True,Distance,512,972,998.0,M,False,3,2025-05-03,2025-05-03,False,64.45,,620.58,,472,
62806,132705,146,30065,,,,,,,,9,,2:38.84,,,,,1549,True,Distance,106,571,391.5,M,False,3,2025-05-03,2025-05-03,False,51.6,,355.92,,150,
62808,132710,146,11379,,,,,,,,13,,4:30.27,,,,,1549,True,Distance,735,1117,1293.5,M,False,3,2025-05-03,2025-05-03,False,66.84,,763.48,,609,
62809,132712,146,11417,,,,,,,,13,,5:21.34,,,,,1549,True,Distance,307,779,696.5,M,False,3,2025-05-03,2025-05-03,False,54.99,,512.62,,303,
62810,132714,146,1309,,,,,,,,13,,5:27.21,,,,,1549,True,Distance,270,744,642.0,M,False,3,2025-05-03,2025-05-03,False,53.88,,488.8,,274,
62812,132718,146,24568,,,,,,,,20,,10:44.69,,,,,1549,True,Distance,317,798,716.0,M,False,3,2025-05-03,2025-05-03,False,54.25,,518.61,,497,
62813,132720,146,11417,,,,,,,,20,,13:12.30,,,,,1549,True,Distance,18,430,233.0,M,False,3,2025-05-03,2025-05-03,False,42.89,,278.12,,221,
62814,132722,146,1201,,,,,,,,18,,34:05.55,,,,,1549,True,Distance,639,1031,1154.5,M,False,3,2025-05-03,2025-05-03,False,62.63,,711.83,,540,
62822,132704,146,1421,,,,,,,,9,,2:30.12,,,,,1549,True,Distance,201,686,544.0,M,False,3,2025-05-03,2025-05-03,False,55.07,,428.61,,238,
62823,132708,146,26627,,,,,,,,13,,4:22.77,,,,,1549,True,Distance,813,1172,1399.0,M,False,3,2025-05-03,2025-05-03,False,69.01,,808.54,,664,
62839,132762,146,21404,,,,,,,,21,,41.15,,,,,1549,True,Relays,992,1258,1621.0,M,False,3,2025-05-03,2025-05-03,False,109.69,,1217.58,,753,
62840,132764,146,21404,,,,,,,,26,,11:40.89,,,,,1549,True,Relays,0,0,0.0,M,False,3,2025-05-03,2025-05-03,False,,,,,,
62850,102763,17,3267,,,,,,,,11,Finals,4:17.60,,,,,1237,True,Distance,659,1068,1193.0,M,False,3,2025-04-05,2025-04-06,True,64.68,,712.07,,553,
62851,103932,17,3267,,,,,,,,9,Finals,2:13.80,,,,,1237,True,Distance,459,928,923.0,M,False,3,2025-04-05,2025-04-06,True,62.94,,590.1,,435,
62859,102972,17,25233,,,,,,,,11,Finals,5:20.98,,,,,1237,True,Distance,166,642,487.0,M,False,3,2025-04-05,2025-04-06,True,50.48,,409.22,,184,
62908,102894,84,3448,,,,,,,,11,Finals,4:42.06,,,,,1237,True,Distance,430,891,875.5,M,False,3,2025-04-05,2025-04-06,True,58.37,,579.07,,391,
62909,103567,84,3448,,,,,,,,17,Finals,17:33.03,,,,,1237,True,Distance,415,885,857.5,M,False,3,2025-04-05,2025-04-06,True,58.0,,602.29,,394,
62920,104015,117,3997,,,,,,,,9,Finals,2:55.49,,,,,1237,True,Distance,8,381,198.5,M,False,3,2025-04-05,2025-04-06,True,46.02,,237.2,,5,
63163,97802,84,2654,,,,,,,,17,,19:23.89,,,,,1100,True,Distance,211,708,565.0,M,False,3,2025-03-08,2025-03-08,False,51.62,,473.44,,238,
63172,100781,69,4340,,,,,,,,12,,5:49.39,,,,,1211,True,Distance,0,0,0.0,M,False,3,2025-03-29,2025-03-29,False,,,,,,
63187,103495,75,1534,,,,,,,,17,Finals,16:15.22,,,,,1237,True,Distance,600,1022,1111.0,M,False,3,2025-04-05,2025-04-06,True,63.41,,710.23,,524,
63193,101946,61,21471,,,,,,,,17,,16:09.06,,,,,1232,True,Distance,616,1033,1132.5,M,False,3,2025-04-11,2025-04-12,False,63.88,,719.51,,535,
63248,103853,120,18787,,,,,,,,9,Finals,2:06.02,,,,,1237,True,Distance,620,1057,1148.5,M,False,3,2025-04-05,2025-04-06,True,67.51,,681.81,,547,
63252,104406,220,18571,,,,,,,,9,,2:07.98,,,,,1238,True,Distance,577,1024,1089.0,M,False,3,2025-04-13,2025-04-13,False,66.3,,657.66,,517,
63276,99324,167,2608,,,,,,,,17,,18:26.25,,,,,1143,True,Distance,309,797,707.5,M,False,3,2025-03-22,2025-03-22,False,54.77,,537.21,,315,
63278,99247,167,19376,,,,,,,,9,,2:03.09,,,,,1143,True,Distance,686,1107,1239.5,M,False,3,2025-03-22,2025-03-22,False,69.4,,719.36,,593,
63289,98863,206,25817,,,,,,,,9,,2:04.93,,,,,1135,True,Distance,644,1076,1182.0,M,False,3,2025-03-22,2025-03-22,False,68.2,,695.57,,564,
63346,99266,164,19007,,,,,,,,9,,2:43.47,,,,,1143,True,Distance,67,515,324.5,M,False,3,2025-03-22,2025-03-22,False,49.92,,320.48,,106,
63347,99299,164,19007,,,,,,,,11,,5:08.86,,,,,1143,True,Distance,235,715,592.5,M,False,3,2025-03-22,2025-03-22,False,52.71,,457.52,,242,
63396,101031,146,1421,,,,,,,,11,,4:54.15,,,,,1212,True,Distance,335,809,739.5,M,False,3,2025-03-29,2025-03-29,False,55.68,,521.49,,321,
63400,99009,146,1421,,,,,,,,11,,4:55.62,,,,,1137,True,Distance,324,800,724.0,M,False,3,2025-03-22,2025-03-22,False,55.36,,514.81,,312,
63468,98904,188,909,,,,,,,,16,,10:41.33,,,,,1135,True,Distance,0,0,0.0,M,False,3,2025-03-22,2025-03-22,False,,,,,,
63485,103603,111,984,,,,,,,,17,Finals,19:39.10,,,,,1237,True,Distance,189,685,531.5,M,False,3,2025-04-05,2025-04-06,True,50.84,,457.66,,219,
63489,97002,142,759,,,,,,,,9,,2:26.05,,,,,1093,True,Distance,255,743,626.5,M,False,3,2025-03-08,2025-03-08,False,56.85,,465.51,,283,
