,result_id,team_id,athlete_id,grade,athlete_id_2,grade_2,athlete_id_3,grade_3,athlete_id_4,grade_4,running_event_id,event_type,result_time,relay_split,relay_split_2,relay_split_3,wind,meet_id,approved,Track_Event_Type,World_Athletics_Points_Men,World_Athletics_Points_Women,Average_Score,gender,is_hidden,sport_id,start_date,end_date,nationals,VDOT_Men,VDOT_Women,Purdy_Points_Men,Purdy_Points_Women,Mercier_Points_Men,Mercier_Points_Women
60,9695,88,4151,Fr,,,,,,,2,,8.81,,,,0.0,133,True,Sprints,242,668,576.0,F,False,2,2024-02-08,2024-02-08,False,,,,,,
62,9560,44,4779,,,,,,,,2,Prelims,8.37,,,,,131,True,Sprints,369,786,762.0,F,False,2,2024-02-03,2024-02-03,False,,,,,,
83,8201,88,2514,Fr,,,,,,,7,,1:31.19,,,,0.0,96,True,Sprints,123,602,424.0,F,False,2,2024-01-20,2024-01-20,False,,,,,,
1472,9958,139,1497,,1483.0,,1458.0,,4228.0,,30,,14:25.38,,,,,143,True,Relays,0,0,0.0,F,False,2,2024-02-10,2024-02-10,False,,,,,,
1619,10160,139,4681,,,,,,,,4,,36.38,,,,,143,True,Sprints,0,242,121.0,F,False,2,2024-02-10,2024-02-10,False,,53.3,,19.96,,134
1794,12656,108,3973,,3637.0,,3638.0,,4217.0,,22,,1:55.49,,,,,169,True,Relays,253,769,637.5,F,False,2,2024-02-24,2024-02-24,False,,,,,,
1795,12657,116,3933,,3932.0,,3934.0,,4828.0,,22,,1:58.40,,,,,169,True,Relays,204,723,565.5,F,False,2,2024-02-24,2024-02-24,False,,,,,,
1796,12658,61,4020,,4019.0,,4615.0,,4028.0,,22,,1:59.45,,,,,169,True,Relays,187,707,540.5,F,False,2,2024-02-24,2024-02-24,False,,,,,,
1797,12659,58,4817,,3921.0,,4743.0,,4810.0,,22,,2:00.45,,,,,169,True,Relays,172,692,518.0,F,False,2,2024-02-24,2024-02-24,False,,,,,,
1798,12660,117,3976,,3966.0,,4090.0,,3972.0,,22,,2:02.68,,,,,169,True,Relays,141,658,470.0,F,False,2,2024-02-24,2024-02-24,False,,,,,,
1799,12661,124,1945,,4829.0,,3820.0,,3818.0,,22,,2:03.07,,,,,169,True,Relays,136,653,462.5,F,False,2,2024-02-24,2024-02-24,False,,,,,,
1800,12662,56,4102,,4453.0,,4103.0,,4745.0,,22,,2:05.57,,,,,169,True,Relays,105,616,413.0,F,False,2,2024-02-24,2024-02-24,False,,,,,,
1801,12663,61,2252,,4831.0,,4610.0,,4026.0,,22,,2:07.58,,,,,169,True,Relays,84,588,378.0,F,False,2,2024-02-24,2024-02-24,False,,,,,,
1802,12664,1,4600,,4753.0,,3975.0,,71.0,,22,,2:11.36,,,,,169,True,Relays,49,536,317.0,F,False,2,2024-02-24,2024-02-24,False,,,,,,
1803,12665,108,2232,,3322.0,,4809.0,,3980.0,,22,,2:22.79,,,,,169,True,Relays,0,395,197.5,F,False,2,2024-02-24,2024-02-24,False,,,,,,
4701,12404,60,3379,,4776.0,,4799.0,,3375.0,,24,,5:34.37,,,,,169,True,Relays,1,346,174.0,F,False,2,2024-02-24,2024-02-24,False,,52.21,,452.3,,251
5231,7618,202,3503,,,,,,,,2,,8.84,,,,,72,True,Sprints,234,660,564.0,F,False,2,2023-12-01,2023-12-01,False,,,,,,
5267,7654,1,3521,,,,,,,,2,,9.04,,,,,73,True,Sprints,186,610,491.0,F,False,2,2023-12-01,2023-12-01,False,,,,,,
5268,7655,1,76,,,,,,,,6,,1:04.41,,,,,73,True,Sprints,256,729,620.5,F,False,2,2023-12-01,2023-12-01,False,,63.22,,402.67,,546
5281,7668,188,3526,,,,,,,,2,,8.50,,,,,74,True,Sprints,329,750,704.0,F,False,2,2023-12-02,2023-12-02,False,,,,,,
5282,7669,188,3527,,,,,,,,2,,8.67,,,,,74,True,Sprints,279,704,631.0,F,False,2,2023-12-02,2023-12-02,False,,,,,,
5283,7670,188,3528,,,,,,,,2,,9.10,,,,,74,True,Sprints,173,595,470.5,F,False,2,2023-12-02,2023-12-02,False,,,,,,
5284,7671,188,3529,,,,,,,,2,,9.76,,,,,74,True,Sprints,59,445,281.5,F,False,2,2023-12-02,2023-12-02,False,,,,,,
5285,7672,188,3530,,,,,,,,2,,9.94,,,,,74,True,Sprints,38,408,242.0,F,False,2,2023-12-02,2023-12-02,False,,,,,,
5287,7675,188,3532,,,,,,,,6,,1:03.08,,,,,74,True,Sprints,300,771,685.5,F,False,2,2023-12-02,2023-12-02,False,,64.83,,433.06,,577
5288,7676,199,3533,,,,,,,,6,,1:03.34,,,,,74,True,Sprints,291,763,672.5,F,False,2,2023-12-02,2023-12-02,False,,64.51,,427.02,,571
5289,7677,188,3534,,,,,,,,6,,1:05.80,,,,,74,True,Sprints,214,687,557.5,F,False,2,2023-12-02,2023-12-02,False,,61.62,,372.21,,515
5290,7678,199,1776,,,,,,,,6,,1:07.35,,,,,74,True,Sprints,171,642,492.0,F,False,2,2023-12-02,2023-12-02,False,,59.93,,339.73,,482
5291,7679,188,3535,,,,,,,,6,,1:11.29,,,,,74,True,Sprints,84,534,351.0,F,False,2,2023-12-02,2023-12-02,False,,55.99,,263.53,,404
5292,7680,188,3536,,,,,,,,6,,1:12.83,,,,,74,True,Sprints,59,494,306.0,F,False,2,2023-12-02,2023-12-02,False,,54.58,,235.99,,376
5295,7683,188,3526,,,,,,,,4,,28.46,,,,,74,True,Sprints,285,710,640.0,F,False,2,2023-12-02,2023-12-02,False,,71.95,,368.36,,503
5296,7684,188,3527,,,,,,,,4,,29.31,,,,,74,True,Sprints,224,648,548.0,F,False,2,2023-12-02,2023-12-02,False,,69.39,,321.95,,454
5297,7685,188,3528,,,,,,,,4,,30.96,,,,,74,True,Sprints,127,536,395.0,F,False,2,2023-12-02,2023-12-02,False,,64.88,,239.13,,366
5298,7686,188,3530,,,,,,,,4,,34.81,,,,,74,True,Sprints,7,315,164.5,F,False,2,2023-12-02,2023-12-02,False,,56.23,,76.42,,194
5300,7688,199,3533,,3537.0,,3538.0,,1795.0,,22,,2:02.02,,,,,74,True,Relays,150,668,484.0,F,False,2,2023-12-02,2023-12-02,False,,,,,,
5301,7689,199,1776,,1795.0,,1756.0,,3538.0,,24,,4:43.84,,,,,74,True,Relays,154,620,464.0,F,False,2,2023-12-02,2023-12-02,False,,62.78,,678.0,,443
5358,7752,56,3562,,,,,,,,2,,8.36,,,,,75,True,Sprints,372,789,766.5,F,False,2,2023-12-02,2023-12-02,False,,,,,,
5362,7756,56,3564,,,,,,,,4,,30.06,,,,,75,True,Sprints,177,596,475.0,F,False,2,2023-12-02,2023-12-02,False,,67.27,,283.18,,413
5363,7757,56,3565,,,,,,,,4,,30.62,,,,,75,True,Sprints,145,558,424.0,F,False,2,2023-12-02,2023-12-02,False,,65.76,,255.47,,383
5395,7789,174,3579,,,,,,,,2,,8.02,,,,,76,True,Sprints,489,887,932.5,F,False,2,2023-12-02,2023-12-02,False,,,,,,
5402,7796,166,3581,,,,,,,,2,Finals,8.47,,,,,77,True,Sprints,338,758,717.0,F,False,2,2023-12-02,2023-12-02,False,,,,,,
5403,7797,166,3581,,,,,,,,2,Prelims,8.39,,,,,77,True,Sprints,362,780,752.0,F,False,2,2023-12-02,2023-12-02,False,,,,,,
5404,7798,166,3582,,,,,,,,2,Prelims,9.08,,,,,77,True,Sprints,177,600,477.0,F,False,2,2023-12-02,2023-12-02,False,,,,,,
5405,7799,166,3583,,,,,,,,4,,29.27,,,,,77,True,Sprints,227,651,552.5,F,False,2,2023-12-02,2023-12-02,False,,69.51,,324.07,,456
5406,7800,166,3584,,,,,,,,4,,31.55,,,,,77,True,Sprints,99,498,348.0,F,False,2,2023-12-02,2023-12-02,False,,63.4,,211.62,,337
5411,7805,166,3581,,3587.0,,3589.0,,3583.0,,24,,4:34.45,,,,,77,True,Relays,210,680,550.0,F,False,2,2023-12-02,2023-12-02,False,,65.21,,729.1,,486
5412,7806,166,3589,,3586.0,,3587.0,,3585.0,,30,,13:41.09,,,,,77,True,Relays,0,0,0.0,F,False,2,2023-12-02,2023-12-02,False,,,,,,
5424,7818,204,3597,,,,,,,,2,Prelims,8.94,,,,,78,True,Sprints,210,635,527.5,F,False,2,2023-12-02,2023-12-02,False,,,,,,
5425,7819,204,3598,,,,,,,,4,,30.79,,,,,78,True,Sprints,136,547,409.5,F,False,2,2023-12-02,2023-12-02,False,,65.32,,247.25,,374
5426,7820,204,3599,,,,,,,,4,,31.24,,,,,78,True,Sprints,113,518,372.0,F,False,2,2023-12-02,2023-12-02,False,,64.17,,225.95,,352
5427,7821,204,3600,,,,,,,,6,,1:05.74,,,,,78,True,Sprints,216,689,560.5,F,False,2,2023-12-02,2023-12-02,False,,61.69,,373.5,,516
5451,7843,79,3608,,,,,,,,4,,30.17,,,,,79,True,Sprints,170,588,464.0,F,False,2,2023-12-03,2023-12-03,False,,66.97,,277.65,,407
5459,7929,146,3654,,,,,,,,2,,10.23,,,,,84,True,Sprints,14,352,190.0,F,False,2,2023-12-09,2023-12-09,False,,,,,,
5470,7863,127,3617,,,,,,,,4,,30.88,,,,,80,True,Sprints,131,541,401.5,F,False,2,2023-12-08,2023-12-08,False,,65.08,,242.94,,370
5471,7864,127,3618,,,,,,,,4,,30.90,,,,,80,True,Sprints,130,539,399.5,F,False,2,2023-12-08,2023-12-08,False,,65.03,,241.99,,369
5472,7865,127,3618,,,,,,,,6,,1:09.15,,,,,80,True,Sprints,128,591,423.5,F,False,2,2023-12-08,2023-12-08,False,,58.07,,303.84,,445
5473,7866,127,3617,,,,,,,,6,,1:09.80,,,,,80,True,Sprints,114,573,400.5,F,False,2,2023-12-08,2023-12-08,False,,57.42,,291.34,,432
5474,7867,127,85,,,,,,,,6,,1:11.06,,,,,80,True,Sprints,89,540,359.0,F,False,2,2023-12-08,2023-12-08,False,,56.21,,267.75,,408
5507,7900,108,3637,,,,,,,,6,,1:00.71,,,,,81,True,Sprints,387,847,810.5,F,False,2,2023-12-08,2023-12-08,False,,67.89,,490.53,,635
5508,7901,108,3638,,,,,,,,6,,1:06.75,,,,,81,True,Sprints,187,659,516.5,F,False,2,2023-12-08,2023-12-08,False,,60.57,,352.13,,494
5518,7911,147,3645,,,,,,,,5,,49.42,,,,,83,True,Sprints,132,576,420.0,F,False,2,2023-12-09,2023-12-09,False,,,,,,
5521,7914,146,3648,,3649.0,,3650.0,,3651.0,,29,,5:17.61,,,,,84,True,Relays,0,0,0.0,F,False,2,2023-12-09,2023-12-09,False,,,,,,
5522,7915,158,2397,,2388.0,,3652.0,,3653.0,,29,,5:19.90,,,,,84,True,Relays,0,0,0.0,F,False,2,2023-12-09,2023-12-09,False,,,,,,
5523,7916,146,3654,,3655.0,,3656.0,,3657.0,,29,,5:24.33,,,,,84,True,Relays,0,0,0.0,F,False,2,2023-12-09,2023-12-09,False,,,,,,
5530,7923,146,3658,,,,,,,,2,,8.06,,,,,84,True,Sprints,474,875,911.5,F,False,2,2023-12-09,2023-12-09,False,,,,,,
5531,7924,158,3659,,,,,,,,2,,8.84,,,,,84,True,Sprints,234,660,564.0,F,False,2,2023-12-09,2023-12-09,False,,,,,,
5532,7925,146,3649,,,,,,,,2,,8.94,,,,,84,True,Sprints,210,635,527.5,F,False,2,2023-12-09,2023-12-09,False,,,,,,
5533,7926,146,3655,,,,,,,,2,,9.13,,,,,84,True,Sprints,166,588,460.0,F,False,2,2023-12-09,2023-12-09,False,,,,,,
5534,7927,158,3660,,,,,,,,2,,9.18,,,,,84,True,Sprints,156,576,444.0,F,False,2,2023-12-09,2023-12-09,False,,,,,,
5535,7928,146,3661,,,,,,,,2,,9.53,,,,,84,True,Sprints,92,495,339.5,F,False,2,2023-12-09,2023-12-09,False,,,,,,
5538,7931,146,3650,,,,,,,,6,,1:00.93,,,,,84,True,Sprints,379,840,799.0,F,False,2,2023-12-09,2023-12-09,False,,67.6,,485.01,,630
5539,7932,146,3648,,,,,,,,6,,1:15.31,,,,,84,True,Sprints,27,433,243.5,F,False,2,2023-12-09,2023-12-09,False,,52.45,,194.0,,333
5542,7935,146,3649,,,,,,,,4,,30.59,,,,,84,True,Sprints,146,560,426.0,F,False,2,2023-12-09,2023-12-09,False,,65.84,,256.93,,385
5543,7936,146,3661,,,,,,,,4,,32.29,,,,,84,True,Sprints,68,453,294.5,F,False,2,2023-12-09,2023-12-09,False,,61.62,,178.54,,302
5544,7938,146,3655,,,,,,,,4,,30.71,,,,,84,True,Sprints,140,552,416.0,F,False,2,2023-12-09,2023-12-09,False,,65.53,,251.11,,379
5545,7939,146,3648,,,,,,,,4,,30.07,,,,,84,True,Sprints,176,595,473.5,F,False,2,2023-12-09,2023-12-09,False,,67.24,,282.67,,412
5546,7940,158,3660,,,,,,,,4,,30.58,,,,,84,True,Sprints,147,561,427.5,F,False,2,2023-12-09,2023-12-09,False,,65.87,,257.41,,385
5547,7941,146,3656,,,,,,,,4,,29.00,,,,,84,True,Sprints,246,670,581.0,F,False,2,2023-12-09,2023-12-09,False,,70.31,,338.56,,471
5548,7942,146,3650,,,,,,,,4,,27.60,,,,,84,True,Sprints,354,776,742.0,F,False,2,2023-12-09,2023-12-09,False,,74.73,,418.23,,556
5549,7943,146,3658,,,,,,,,4,,27.19,,,,,84,True,Sprints,390,808,794.0,F,False,2,2023-12-09,2023-12-09,False,,76.13,,443.11,,582
5556,7950,158,3653,,3652.0,,3660.0,,2416.0,,24,,4:53.77,,,,,84,True,Relays,104,560,384.0,F,False,2,2023-12-09,2023-12-09,False,,60.39,,627.52,,400
5653,8069,146,3654,,,,,,,,2,,9.72,,,,,88,True,Sprints,64,453,290.5,F,False,2,2024-01-13,2024-01-13,False,,,,,,
5668,8064,146,3658,,,,,,,,2,,7.99,,,,,88,True,Sprints,500,896,948.0,F,False,2,2024-01-13,2024-01-13,False,,,,,,
5669,8065,146,3650,,,,,,,,2,,8.24,,,,,88,True,Sprints,411,823,822.5,F,False,2,2024-01-13,2024-01-13,False,,,,,,
5670,8066,146,3649,,,,,,,,2,,8.82,,,,,88,True,Sprints,239,665,571.5,F,False,2,2024-01-13,2024-01-13,False,,,,,,
5671,8067,146,3655,,,,,,,,2,,8.93,,,,,88,True,Sprints,212,637,530.5,F,False,2,2024-01-13,2024-01-13,False,,,,,,
5672,8068,146,3661,,,,,,,,2,,9.42,,,,,88,True,Sprints,110,520,370.0,F,False,2,2024-01-13,2024-01-13,False,,,,,,
5673,8070,146,3658,,,,,,,,4,,26.58,,,,,88,True,Sprints,446,857,874.5,F,False,2,2024-01-13,2024-01-13,False,,78.3,,481.55,,623
5674,8071,146,3650,,,,,,,,4,,27.23,,,,,88,True,Sprints,386,805,788.5,F,False,2,2024-01-13,2024-01-13,False,,75.99,,440.65,,579
5675,8072,146,3648,,,,,,,,4,,29.84,,,,,88,True,Sprints,190,611,495.5,F,False,2,2024-01-13,2024-01-13,False,,67.88,,294.35,,424
5676,8073,146,3649,,,,,,,,4,,30.08,,,,,88,True,Sprints,176,594,473.0,F,False,2,2024-01-13,2024-01-13,False,,67.21,,282.17,,411
5677,8074,146,3655,,,,,,,,4,,30.35,,,,,88,True,Sprints,160,576,448.0,F,False,2,2024-01-13,2024-01-13,False,,66.48,,268.7,,397
5678,8075,146,3661,,,,,,,,4,,32.31,,,,,88,True,Sprints,68,452,294.0,F,False,2,2024-01-13,2024-01-13,False,,61.58,,177.66,,301
5679,8077,146,3650,,,,,,,,6,,1:01.07,,,,,88,True,Sprints,373,835,790.5,F,False,2,2024-01-13,2024-01-13,False,,67.41,,481.51,,626
5680,8078,146,3656,,,,,,,,6,,1:03.89,,,,,88,True,Sprints,273,745,645.5,F,False,2,2024-01-13,2024-01-13,False,,63.84,,414.4,,558
5681,8079,146,3716,,,,,,,,6,,1:16.35,,,,,88,True,Sprints,17,409,221.5,F,False,2,2024-01-13,2024-01-13,False,,51.61,,177.21,,316
5792,8188,133,3744,,,,,,,,2,,8.55,,,,,94,True,Sprints,314,736,682.0,F,False,2,2024-01-20,2024-01-20,False,,,,,,
5793,8189,133,3745,,,,,,,,2,,8.79,,,,,94,True,Sprints,247,673,583.5,F,False,2,2024-01-20,2024-01-20,False,,,,,,
5807,8216,112,3753,,,,,,,,2,,8.29,,,,,97,True,Sprints,395,809,799.5,F,False,2,2024-01-20,2024-01-20,False,,,,,,
5808,8217,112,3754,,,,,,,,2,,8.53,,,,,97,True,Sprints,320,742,691.0,F,False,2,2024-01-20,2024-01-20,False,,,,,,
5809,8218,112,2835,,,,,,,,2,,8.80,,,,,97,True,Sprints,245,670,580.0,F,False,2,2024-01-20,2024-01-20,False,,,,,,
5810,8219,112,3755,,,,,,,,2,,10.54,,,,,97,True,Sprints,1,296,149.0,F,False,2,2024-01-20,2024-01-20,False,,,,,,
5813,8222,112,3753,,,,,,,,4,,27.49,,,,,97,True,Sprints,364,784,756.0,F,False,2,2024-01-20,2024-01-20,False,,75.1,,424.83,,563
5814,8223,112,3754,,,,,,,,4,,28.25,,,,,97,True,Sprints,301,726,664.0,F,False,2,2024-01-20,2024-01-20,False,,72.61,,380.26,,515
5853,8259,104,3765,,,,,,,,2,,9.24,,,,,98,True,Sprints,144,561,424.5,F,False,2,2024-01-20,2024-01-20,False,,,,,,
5854,8260,104,3765,,,,,,,,4,,34.74,,,,,98,True,Sprints,7,318,166.0,F,False,2,2024-01-20,2024-01-20,False,,56.37,,79.06,,196
5857,8263,127,3767,,3768.0,,3769.0,,3770.0,,24,,4:59.74,,,,,98,True,Relays,79,526,342.0,F,False,2,2024-01-20,2024-01-20,False,,59.04,,598.78,,375
5949,8357,56,3793,,,,,,,,2,Finals,8.15,,,,,101,True,Sprints,442,849,866.5,F,False,2,2024-01-20,2024-01-20,False,,,,,,
5950,8358,56,3795,,,,,,,,2,Finals,8.20,,,,,101,True,Sprints,425,834,842.0,F,False,2,2024-01-20,2024-01-20,False,,,,,,
5951,8359,56,3793,,,,,,,,2,Prelims,8.14,,,,,101,True,Sprints,446,852,872.0,F,False,2,2024-01-20,2024-01-20,False,,,,,,
5952,8360,56,3795,,,,,,,,2,Prelims,8.16,,,,,101,True,Sprints,439,846,862.0,F,False,2,2024-01-20,2024-01-20,False,,,,,,
5953,8361,56,3796,,,,,,,,2,Prelims,8.29,,,,,101,True,Sprints,395,809,799.5,F,False,2,2024-01-20,2024-01-20,False,,,,,,
5954,8362,56,3797,,,,,,,,2,Prelims,9.47,,,,,101,True,Sprints,102,508,356.0,F,False,2,2024-01-20,2024-01-20,False,,,,,,
5955,8363,56,3796,,,,,,,,4,,27.62,,,,,101,True,Sprints,353,774,740.0,F,False,2,2024-01-20,2024-01-20,False,,74.67,,417.03,,554
5956,8364,56,3795,,,,,,,,4,,27.66,,,,,101,True,Sprints,349,771,734.5,F,False,2,2024-01-20,2024-01-20,False,,74.53,,414.65,,552
5957,8365,56,3798,,,,,,,,4,,27.93,,,,,101,True,Sprints,327,750,702.0,F,False,2,2024-01-20,2024-01-20,False,,73.64,,398.73,,535
5958,8366,56,3796,,,,,,,,6,,1:02.70,,,,,101,True,Sprints,313,783,704.5,F,False,2,2024-01-20,2024-01-20,False,,65.3,,441.99,,586
5959,8367,56,3798,,,,,,,,6,,1:03.43,,,,,101,True,Sprints,288,760,668.0,F,False,2,2024-01-20,2024-01-20,False,,64.4,,424.94,,568
5960,8368,56,3563,,,,,,,,6,,1:06.09,,,,,101,True,Sprints,206,679,545.5,F,False,2,2024-01-20,2024-01-20,False,,61.3,,366.02,,508
5968,8376,56,3796,,3366.0,,246.0,,3563.0,,24,,4:32.16,,,,,101,True,Relays,224,695,571.5,F,False,2,2024-01-20,2024-01-20,False,,65.83,,742.1,,497
5990,8400,124,3811,,,,,,,,2,,8.17,,,,,102,True,Sprints,435,843,856.5,F,False,2,2024-01-20,2024-01-20,False,,,,,,
5991,8401,124,1945,,,,,,,,2,,8.21,,,,,102,True,Sprints,421,831,836.5,F,False,2,2024-01-20,2024-01-20,False,,,,,,
5992,8402,124,3812,,,,,,,,2,,8.75,,,,,102,True,Sprints,258,683,599.5,F,False,2,2024-01-20,2024-01-20,False,,,,,,
5993,8403,124,3813,,,,,,,,2,,8.79,,,,,102,True,Sprints,247,673,583.5,F,False,2,2024-01-20,2024-01-20,False,,,,,,
5994,8404,124,3814,,,,,,,,2,,9.62,,,,,102,True,Sprints,78,475,315.5,F,False,2,2024-01-20,2024-01-20,False,,,,,,
5995,8405,124,3815,,,,,,,,4,,27.90,,,,,102,True,Sprints,329,752,705.0,F,False,2,2024-01-20,2024-01-20,False,,73.74,,400.48,,537
5996,8406,124,3811,,,,,,,,4,,28.89,,,,,102,True,Sprints,254,678,593.0,F,False,2,2024-01-20,2024-01-20,False,,70.64,,344.54,,478
5997,8407,124,3816,,,,,,,,4,,29.40,,,,,102,True,Sprints,218,642,539.0,F,False,2,2024-01-20,2024-01-20,False,,69.13,,317.19,,449
5998,8408,124,3817,,,,,,,,4,,30.62,,,,,102,True,Sprints,145,558,424.0,F,False,2,2024-01-20,2024-01-20,False,,65.76,,255.47,,383
5999,8409,124,3812,,,,,,,,4,,30.94,,,,,102,True,Sprints,128,537,396.5,F,False,2,2024-01-20,2024-01-20,False,,64.93,,240.08,,367
6000,8410,124,3814,,,,,,,,4,,32.93,,,,,102,True,Sprints,47,415,254.5,F,False,2,2024-01-20,2024-01-20,False,,60.17,,151.12,,273
6001,8411,124,3813,,,,,,,,4,,33.52,,,,,102,True,Sprints,30,382,221.0,F,False,2,2024-01-20,2024-01-20,False,,58.88,,126.78,,247
6002,8412,124,1945,,,,,,,,6,,1:00.80,,,,,102,True,Sprints,384,844,806.0,F,False,2,2024-01-20,2024-01-20,False,,67.77,,488.27,,633
6003,8413,124,3818,,,,,,,,6,,1:05.51,,,,,102,True,Sprints,223,696,571.0,F,False,2,2024-01-20,2024-01-20,False,,61.95,,378.46,,521
6004,8414,124,3816,,,,,,,,6,,1:08.54,,,,,102,True,Sprints,142,608,446.0,F,False,2,2024-01-20,2024-01-20,False,,58.68,,315.8,,457
6005,8415,124,3817,,,,,,,,6,,1:09.23,,,,,102,True,Sprints,126,589,420.5,F,False,2,2024-01-20,2024-01-20,False,,57.99,,302.29,,443
6006,8416,124,3813,,,,,,,,6,,1:09.36,,,,,102,True,Sprints,123,585,415.5,F,False,2,2024-01-20,2024-01-20,False,,57.86,,299.78,,441
6007,8417,124,3819,,,,,,,,6,,1:11.09,,,,,102,True,Sprints,88,539,357.5,F,False,2,2024-01-20,2024-01-20,False,,56.18,,267.2,,408
6008,8418,124,3820,,,,,,,,6,,1:17.20,,,,,102,True,Sprints,11,390,206.0,F,False,2,2024-01-20,2024-01-20,False,,50.93,,163.82,,302
6027,8437,124,1937,,3821.0,,1953.0,,1945.0,,24,,4:41.25,,,,,102,True,Relays,168,637,486.5,F,False,2,2024-01-20,2024-01-20,False,,63.43,,691.76,,455
6028,8438,124,3317,,1939.0,,3825.0,,3826.0,,24,,4:45.94,,,,,102,True,Relays,142,607,445.5,F,False,2,2024-01-20,2024-01-20,False,,62.26,,667.03,,433
6029,8439,124,1975,,2842.0,,1952.0,,3824.0,,24,,5:38.36,,,,,102,True,Relays,0,328,164.0,F,False,2,2024-01-20,2024-01-20,False,,51.53,,437.35,,238
6078,8490,188,3536,,,,,,,,6,,1:13.01,,,,,104,True,Sprints,56,489,300.5,F,False,2,2024-01-21,2024-01-21,False,,54.42,,232.85,,373
6079,8491,188,3535,,,,,,,,6,,1:13.06,,,,,104,True,Sprints,55,488,299.0,F,False,2,2024-01-21,2024-01-21,False,,54.38,,231.98,,372
6080,8492,188,1791,,,,,,,,8,,2:03.52,,,,,104,True,Sprints,21,474,258.0,F,False,2,2024-01-21,2024-01-21,False,,,,,,
6081,8493,188,3532,,,,,,,,5,,44.06,,,,,104,True,Sprints,349,804,751.0,F,False,2,2024-01-21,2024-01-21,False,,,,,,
6082,8494,188,3848,,,,,,,,5,,47.99,,,,,104,True,Sprints,180,633,496.5,F,False,2,2024-01-21,2024-01-21,False,,,,,,
6083,8495,188,3849,,,,,,,,5,,50.30,,,,,104,True,Sprints,106,542,377.0,F,False,2,2024-01-21,2024-01-21,False,,,,,,
6085,8498,188,3850,,,,,,,,4,,28.34,,,,,104,True,Sprints,294,719,653.5,F,False,2,2024-01-21,2024-01-21,False,,72.33,,375.14,,510
6086,8499,188,3532,,,,,,,,4,,28.38,,,,,104,True,Sprints,291,716,649.0,F,False,2,2024-01-21,2024-01-21,False,,72.2,,372.87,,508
6087,8500,188,3848,,,,,,,,4,,28.97,,,,,104,True,Sprints,248,672,584.0,F,False,2,2024-01-21,2024-01-21,False,,70.39,,340.19,,473
6088,8501,188,3526,,,,,,,,4,,29.80,,,,,104,True,Sprints,193,613,499.5,F,False,2,2024-01-21,2024-01-21,False,,67.99,,296.4,,427
6092,8506,188,3534,,3535.0,,3536.0,,3532.0,,25,,4:35.85,,,,,104,True,Relays,0,0,0.0,F,False,2,2024-01-21,2024-01-21,False,,,,,,
6096,8510,188,3526,,,,,,,,2,,8.86,,,,,104,True,Sprints,229,655,556.5,F,False,2,2024-01-21,2024-01-21,False,,,,,,
6097,8511,188,3849,,,,,,,,2,,8.95,,,,,104,True,Sprints,207,632,523.0,F,False,2,2024-01-21,2024-01-21,False,,,,,,
6098,8512,188,3530,,,,,,,,2,,10.22,,,,,104,True,Sprints,15,353,191.5,F,False,2,2024-01-21,2024-01-21,False,,,,,,
6121,8547,79,3857,,,,,,,,4,,29.59,,,,,105,True,Sprints,206,628,520.0,F,False,2,2024-01-21,2024-01-21,False,,68.58,,307.24,,438
6164,8577,124,3811,,,,,,,,2,,8.28,,,,,109,True,Sprints,398,811,803.5,F,False,2,2024-01-26,2024-01-27,False,,,,,,
6165,8578,112,3753,,,,,,,,2,,8.32,,,,,109,True,Sprints,385,800,785.0,F,False,2,2024-01-26,2024-01-27,False,,,,,,
6166,8579,112,3754,,,,,,,,2,,8.64,,,,,109,True,Sprints,288,712,644.0,F,False,2,2024-01-26,2024-01-27,False,,,,,,
6167,8580,112,2835,,,,,,,,2,,8.75,,,,,109,True,Sprints,258,683,599.5,F,False,2,2024-01-26,2024-01-27,False,,,,,,
6168,8581,112,3753,,,,,,,,4,,27.56,,,,,109,True,Sprints,358,779,747.5,F,False,2,2024-01-26,2024-01-27,False,,74.87,,420.62,,558
6169,8582,112,3754,,,,,,,,4,,27.80,,,,,109,True,Sprints,338,760,718.0,F,False,2,2024-01-26,2024-01-27,False,,74.07,,406.35,,543
6170,8583,124,3811,,,,,,,,4,,28.23,,,,,109,True,Sprints,303,727,666.5,F,False,2,2024-01-26,2024-01-27,False,,72.68,,381.4,,517
6177,8590,124,1939,,,,,,,,6,,1:05.53,,,,,109,True,Sprints,222,695,569.5,F,False,2,2024-01-26,2024-01-27,False,,61.93,,378.03,,521
6178,8591,112,3864,,,,,,,,6,,1:14.04,,,,,109,True,Sprints,42,464,274.0,F,False,2,2024-01-26,2024-01-27,False,,53.52,,215.15,,355
6179,8592,124,3813,,,,,,,,6,,1:14.84,,,,,109,True,Sprints,32,444,254.0,F,False,2,2024-01-26,2024-01-27,False,,52.84,,201.75,,341
6180,8593,112,3755,,,,,,,,6,,1:21.36,,,,,109,True,Sprints,0,302,151.0,F,False,2,2024-01-26,2024-01-27,False,,47.86,,102.32,,240
6198,8611,118,3865,,3867.0,,3868.0,,3869.0,,30,,15:12.77,,,,,109,True,Relays,0,0,0.0,F,False,2,2024-01-26,2024-01-27,False,,,,,,
6202,8615,124,1937,,1966.0,,1954.0,,3862.0,,24,,4:42.66,,,,,109,True,Relays,160,628,474.0,F,False,2,2024-01-26,2024-01-27,False,,63.07,,684.24,,448
6203,8616,124,1928,,2850.0,,1939.0,,1952.0,,24,,4:45.06,,,,,109,True,Relays,147,613,453.5,F,False,2,2024-01-26,2024-01-27,False,,62.47,,671.61,,437
6204,8617,112,3753,,2835.0,,3755.0,,3754.0,,24,,4:48.00,,,,,109,True,Relays,132,595,429.5,F,False,2,2024-01-26,2024-01-27,False,,61.75,,656.43,,424
6205,8618,124,3317,,3820.0,,1930.0,,1953.0,,24,,4:58.88,,,,,109,True,Relays,82,531,347.5,F,False,2,2024-01-26,2024-01-27,False,,59.23,,602.85,,379
6285,8701,59,3888,,,,,,,,2,,8.38,,,,,111,True,Sprints,366,783,757.5,F,False,2,2024-01-26,2024-01-27,False,,,,,,
6286,8702,59,3889,,,,,,,,2,,8.51,,,,,111,True,Sprints,326,747,699.5,F,False,2,2024-01-26,2024-01-27,False,,,,,,
6287,8703,59,3890,,,,,,,,2,,8.88,,,,,111,True,Sprints,224,650,549.0,F,False,2,2024-01-26,2024-01-27,False,,,,,,
6288,8704,59,3891,,,,,,,,2,,8.89,,,,,111,True,Sprints,222,647,545.5,F,False,2,2024-01-26,2024-01-27,False,,,,,,
6289,8705,59,3892,,,,,,,,2,,9.01,,,,,111,True,Sprints,193,617,501.5,F,False,2,2024-01-26,2024-01-27,False,,,,,,
6290,8706,59,3888,,,,,,,,4,,28.50,,,,,111,True,Sprints,282,707,635.5,F,False,2,2024-01-26,2024-01-27,False,,71.83,,366.11,,500
6291,8707,59,3889,,,,,,,,4,,28.70,,,,,111,True,Sprints,267,692,613.0,F,False,2,2024-01-26,2024-01-27,False,,71.21,,354.98,,489
6292,8708,59,3891,,,,,,,,4,,29.83,,,,,111,True,Sprints,191,611,496.5,F,False,2,2024-01-26,2024-01-27,False,,67.91,,294.86,,425
6293,8709,59,3893,,,,,,,,4,,29.90,,,,,111,True,Sprints,186,607,489.5,F,False,2,2024-01-26,2024-01-27,False,,67.71,,291.29,,421
6294,8710,59,3890,,,,,,,,4,,30.12,,,,,111,True,Sprints,173,591,468.5,F,False,2,2024-01-26,2024-01-27,False,,67.1,,280.16,,409
6295,8711,59,3893,,,,,,,,6,,1:09.36,,,,,111,True,Sprints,123,585,415.5,F,False,2,2024-01-26,2024-01-27,False,,57.86,,299.78,,441
6296,8712,59,3894,,,,,,,,6,,1:10.27,,,,,111,True,Sprints,104,561,384.5,F,False,2,2024-01-26,2024-01-27,False,,56.96,,282.44,,423
6349,8766,58,3921,,,,,,,,4,,28.52,,,,,112,True,Sprints,281,706,634.0,F,False,2,2024-01-27,2024-01-27,False,,71.77,,364.99,,499
6371,8788,116,3933,,,,,,,,2,,8.69,,,,,113,True,Sprints,274,699,623.5,F,False,2,2024-01-27,2024-01-27,False,,,,,,
6372,8789,116,3934,,,,,,,,2,,8.96,,,,,113,True,Sprints,205,629,519.5,F,False,2,2024-01-27,2024-01-27,False,,,,,,
6373,8790,116,3935,,,,,,,,2,,8.99,,,,,113,True,Sprints,198,622,509.0,F,False,2,2024-01-27,2024-01-27,False,,,,,,
6378,8795,116,3937,,,,,,,,6,,1:04.30,,,,,113,True,Sprints,260,733,626.5,F,False,2,2024-01-27,2024-01-27,False,,63.35,,405.13,,548
6379,8796,116,3938,,,,,,,,6,,1:06.58,,,,,113,True,Sprints,192,664,524.0,F,False,2,2024-01-27,2024-01-27,False,,60.76,,355.68,,498
6380,8797,116,3932,,,,,,,,6,,1:10.90,,,,,113,True,Sprints,92,544,364.0,F,False,2,2024-01-27,2024-01-27,False,,56.36,,270.7,,411
6381,8798,116,3933,,,,,,,,4,,28.89,,,,,113,True,Sprints,254,678,593.0,F,False,2,2024-01-27,2024-01-27,False,,70.64,,344.54,,478
6382,8799,116,3938,,,,,,,,4,,29.35,,,,,113,True,Sprints,222,645,544.5,F,False,2,2024-01-27,2024-01-27,False,,69.27,,319.83,,451
6383,8800,116,3934,,,,,,,,4,,30.27,,,,,113,True,Sprints,164,581,454.5,F,False,2,2024-01-27,2024-01-27,False,,66.7,,272.67,,401
6408,8826,121,3954,,,,,,,,2,,8.80,,,,,114,True,Sprints,245,670,580.0,F,False,2,2024-01-27,2024-01-27,False,,,,,,
6409,8827,121,3954,,,,,,,,4,,30.22,,,,,114,True,Sprints,167,585,459.5,F,False,2,2024-01-27,2024-01-27,False,,66.83,,275.16,,404
6411,8829,121,3955,Sr,2791.0,,3954.0,,3956.0,,22,,2:07.86,,,,,114,True,Relays,81,584,373.0,F,False,2,2024-01-27,2024-01-27,False,,,,,,
6435,8854,1,68,,64.0,,70.0,,67.0,,26,,10:56.41,,,,,115,True,Relays,0,0,0.0,F,False,2,2024-01-27,2024-01-27,False,,,,,,
6436,8855,117,1956,,238.0,,3968.0,,3969.0,,26,,11:21.93,,,,,115,True,Relays,0,0,0.0,F,False,2,2024-01-27,2024-01-27,False,,,,,,
6437,8856,108,3970,,2232.0,,3322.0,,3971.0,,26,,11:30.09,,,,,115,True,Relays,0,0,0.0,F,False,2,2024-01-27,2024-01-27,False,,,,,,
6438,8857,117,3972,,,,,,,,2,,8.39,,,,,115,True,Sprints,362,780,752.0,F,False,2,2024-01-27,2024-01-27,False,,,,,,
6439,8858,108,3973,,,,,,,,2,,8.52,,,,,115,True,Sprints,323,745,695.5,F,False,2,2024-01-27,2024-01-27,False,,,,,,
6440,8859,117,3974,,,,,,,,2,,9.02,,,,,115,True,Sprints,191,615,498.5,F,False,2,2024-01-27,2024-01-27,False,,,,,,
6461,8880,108,3637,,,,,,,,6,,1:02.37,,,,,115,True,Sprints,325,793,721.5,F,False,2,2024-01-27,2024-01-27,False,,65.72,,449.82,,594
6462,8881,117,3979,,,,,,,,6,,1:10.35,,,,,115,True,Sprints,102,559,381.5,F,False,2,2024-01-27,2024-01-27,False,,56.88,,280.94,,422
6473,8892,117,3972,,,,,,,,4,,27.59,,,,,115,True,Sprints,355,776,743.0,F,False,2,2024-01-27,2024-01-27,False,,74.77,,418.83,,556
6474,8893,108,3638,,,,,,,,4,,29.90,,,,,115,True,Sprints,186,607,489.5,F,False,2,2024-01-27,2024-01-27,False,,67.71,,291.29,,421
6475,8894,117,3974,,,,,,,,4,,31.38,,,,,115,True,Sprints,107,509,361.5,F,False,2,2024-01-27,2024-01-27,False,,63.82,,219.44,,345
6476,8895,117,3966,,,,,,,,4,,32.52,,,,,115,True,Sprints,60,439,279.5,F,False,2,2024-01-27,2024-01-27,False,,61.09,,168.56,,291
6477,8896,117,3976,,,,,,,,4,,33.55,,,,,115,True,Sprints,30,381,220.5,F,False,2,2024-01-27,2024-01-27,False,,58.81,,125.56,,246
6478,8897,117,3981,,,,,,,,4,,35.37,,,,,115,True,Sprints,1,288,145.0,F,False,2,2024-01-27,2024-01-27,False,,55.15,,55.71,,172
6485,8904,117,3977,,243.0,,3972.0,,234.0,,24,,4:33.00,,,,,115,True,Relays,219,690,564.0,F,False,2,2024-01-27,2024-01-27,False,,65.61,,737.31,,493
6486,8905,108,3971,,3638.0,,3742.0,,3637.0,,24,,4:38.53,,,,,115,True,Relays,184,654,511.0,F,False,2,2024-01-27,2024-01-27,False,,64.13,,706.48,,467
6487,8906,1,65,,64.0,,71.0,,3975.0,,24,,4:39.45,,,,,115,True,Relays,179,648,503.0,F,False,2,2024-01-27,2024-01-27,False,,63.89,,701.47,,463
6488,8907,117,237,,238.0,,3968.0,,236.0,,24,,4:59.58,,,,,115,True,Relays,79,527,342.5,F,False,2,2024-01-27,2024-01-27,False,,59.07,,599.53,,376
6661,9084,61,4016,,,,,,,,2,,8.33,,,,,123,True,Sprints,382,797,780.5,F,False,2,2024-02-03,2024-02-03,False,,,,,,
6662,9085,61,4017,,,,,,,,2,,8.40,,,,,123,True,Sprints,359,778,748.0,F,False,2,2024-02-03,2024-02-03,False,,,,,,
6663,9086,61,4018,,,,,,,,2,,8.45,,,,,123,True,Sprints,344,764,726.0,F,False,2,2024-02-03,2024-02-03,False,,,,,,
6664,9087,61,4019,,,,,,,,2,,8.68,,,,,123,True,Sprints,277,702,628.0,F,False,2,2024-02-03,2024-02-03,False,,,,,,
6665,9088,61,4020,,,,,,,,2,,8.76,,,,,123,True,Sprints,255,681,595.5,F,False,2,2024-02-03,2024-02-03,False,,,,,,
6666,9089,61,4021,,,,,,,,2,,9.04,,,,,123,True,Sprints,186,610,491.0,F,False,2,2024-02-03,2024-02-03,False,,,,,,
6667,9090,61,4016,,,,,,,,4,,26.99,,,,,123,True,Sprints,408,824,820.0,F,False,2,2024-02-03,2024-02-03,False,,76.83,,455.52,,595
6668,9091,61,4017,,,,,,,,4,,28.10,,,,,123,True,Sprints,313,737,681.5,F,False,2,2024-02-03,2024-02-03,False,,73.09,,388.86,,524
6669,9092,61,4020,,,,,,,,4,,29.23,,,,,123,True,Sprints,230,654,557.0,F,False,2,2024-02-03,2024-02-03,False,,69.62,,326.2,,458
6670,9093,61,2249,,,,,,,,4,,29.93,,,,,123,True,Sprints,185,604,487.0,F,False,2,2024-02-03,2024-02-03,False,,67.63,,289.76,,419
6671,9094,61,4022,,,,,,,,4,,31.53,,,,,123,True,Sprints,100,499,349.5,F,False,2,2024-02-03,2024-02-03,False,,63.44,,212.54,,338
6672,9095,61,4021,,,,,,,,4,,32.08,,,,,123,True,Sprints,77,465,309.5,F,False,2,2024-02-03,2024-02-03,False,,62.12,,187.77,,312
6673,9096,61,4016,,,,,,,,6,,1:01.99,,,,,123,True,Sprints,339,805,741.5,F,False,2,2024-02-03,2024-02-03,False,,66.21,,458.95,,603
6674,9097,61,4023,,,,,,,,6,,1:02.32,,,,,123,True,Sprints,327,795,724.5,F,False,2,2024-02-03,2024-02-03,False,,65.78,,451.02,,595
6675,9098,61,2245,,,,,,,,6,,1:06.59,,,,,123,True,Sprints,192,664,524.0,F,False,2,2024-02-03,2024-02-03,False,,60.75,,355.47,,498
6676,9099,61,4024,,,,,,,,6,,1:07.11,,,,,123,True,Sprints,178,649,502.5,F,False,2,2024-02-03,2024-02-03,False,,60.18,,344.66,,487
6691,9114,61,4024,,4026.0,,4021.0,,4029.0,,24,,4:30.38,,,,,123,True,Relays,236,707,589.5,F,False,2,2024-02-03,2024-02-03,False,,66.33,,752.35,,506
6692,9115,61,2245,,2249.0,,4027.0,,2238.0,,24,,4:31.73,,,,,123,True,Relays,227,698,576.0,F,False,2,2024-02-03,2024-02-03,False,,65.95,,744.56,,500
6777,9200,11,4054,,,,,,,,6,,1:11.67,,,,,125,True,Sprints,78,524,340.0,F,False,2,2024-02-03,2024-02-03,False,,55.64,,256.63,,397
6778,9201,11,2931,,,,,,,,6,,1:12.41,,,,,125,True,Sprints,65,505,317.5,F,False,2,2024-02-03,2024-02-03,False,,54.96,,243.39,,383
6779,9202,11,4051,,,,,,,,2,,8.83,,,,,125,True,Sprints,237,662,568.0,F,False,2,2024-02-03,2024-02-03,False,,,,,,
6780,9203,18,4055,,,,,,,,2,,11.15,,,,,125,True,Sprints,0,200,100.0,F,False,2,2024-02-03,2024-02-03,False,,,,,,
6782,9205,11,4051,,,,,,,,4,,29.55,,,,,125,True,Sprints,209,631,524.5,F,False,2,2024-02-03,2024-02-03,False,,68.7,,309.33,,440
6822,9249,59,3888,,,,,,,,2,,8.36,,,,,127,True,Sprints,372,789,766.5,F,False,2,2024-02-03,2024-02-03,False,,,,,,
6823,9250,59,3889,,,,,,,,2,,8.48,,,,,127,True,Sprints,335,755,712.5,F,False,2,2024-02-03,2024-02-03,False,,,,,,
6824,9251,59,3892,,,,,,,,2,,8.82,,,,,127,True,Sprints,239,665,571.5,F,False,2,2024-02-03,2024-02-03,False,,,,,,
6825,9252,59,3891,,,,,,,,2,,8.82,,,,,127,True,Sprints,239,665,571.5,F,False,2,2024-02-03,2024-02-03,False,,,,,,
6826,9253,59,3890,,,,,,,,2,,8.85,,,,,127,True,Sprints,232,657,560.5,F,False,2,2024-02-03,2024-02-03,False,,,,,,
6827,9254,59,3888,,,,,,,,4,,28.27,,,,,127,True,Sprints,300,724,662.0,F,False,2,2024-02-03,2024-02-03,False,,72.55,,379.12,,514
6828,9255,59,3889,,,,,,,,4,,28.30,,,,,127,True,Sprints,298,722,659.0,F,False,2,2024-02-03,2024-02-03,False,,72.46,,377.41,,512
6829,9256,59,3893,,,,,,,,4,,29.32,,,,,127,True,Sprints,224,647,547.5,F,False,2,2024-02-03,2024-02-03,False,,69.36,,321.42,,453
6830,9257,59,3891,,,,,,,,4,,29.56,,,,,127,True,Sprints,208,630,523.0,F,False,2,2024-02-03,2024-02-03,False,,68.67,,308.81,,440
6831,9258,59,3892,,,,,,,,4,,30.03,,,,,127,True,Sprints,179,598,478.0,F,False,2,2024-02-03,2024-02-03,False,,67.35,,284.69,,414
6832,9259,59,3894,,,,,,,,4,,30.55,,,,,127,True,Sprints,149,563,430.5,F,False,2,2024-02-03,2024-02-03,False,,65.95,,258.88,,387
6833,9260,59,3893,,,,,,,,6,,1:07.40,,,,,127,True,Sprints,170,641,490.5,F,False,2,2024-02-03,2024-02-03,False,,59.87,,338.71,,481
6834,9261,59,3894,,,,,,,,6,,1:08.70,,,,,127,True,Sprints,138,604,440.0,F,False,2,2024-02-03,2024-02-03,False,,58.52,,312.64,,454
6835,9262,59,4074,,,,,,,,6,,1:14.11,,,,,127,True,Sprints,41,462,272.0,F,False,2,2024-02-03,2024-02-03,False,,53.46,,213.97,,353
6836,9263,59,4074,,,,,,,,8,,2:07.78,,,,,127,True,Sprints,4,416,212.0,F,False,2,2024-02-03,2024-02-03,False,,,,,,
6909,9335,117,4090,,,,,,,,2,,8.72,,,,,128,True,Sprints,266,691,611.5,F,False,2,2024-02-03,2024-02-03,False,,,,,,
6910,9336,117,3976,,,,,,,,2,,9.55,,,,,128,True,Sprints,89,490,334.0,F,False,2,2024-02-03,2024-02-03,False,,,,,,
6918,9344,117,3972,,,,,,,,6,,1:04.02,,,,,128,True,Sprints,269,741,639.5,F,False,2,2024-02-03,2024-02-03,False,,63.69,,411.45,,555
6919,9345,117,239,,,,,,,,8,,1:53.75,,,,,128,True,Sprints,115,623,426.5,F,False,2,2024-02-03,2024-02-03,False,,,,,,
6930,9356,117,3981,,,,,,,,4,,30.28,,,,,128,True,Sprints,164,581,454.5,F,False,2,2024-02-03,2024-02-03,False,,66.67,,272.17,,401
6931,9357,117,4089,,,,,,,,4,,32.67,,,,,128,True,Sprints,55,430,270.0,F,False,2,2024-02-03,2024-02-03,False,,60.75,,162.13,,284
6932,9358,117,4094,,,,,,,,4,,34.64,,,,,128,True,Sprints,9,323,170.5,F,False,2,2024-02-03,2024-02-03,False,,56.57,,82.85,,200
7005,9432,56,3798,,,,,,,,2,Prelims,8.34,,,,,129,True,Sprints,378,794,775.0,F,False,2,2024-02-03,2024-02-03,False,,,,,,
7006,9433,56,4102,,,,,,,,2,Prelims,8.90,,,,,129,True,Sprints,219,645,541.5,F,False,2,2024-02-03,2024-02-03,False,,,,,,
7007,9434,56,3797,,,,,,,,2,Prelims,9.16,,,,,129,True,Sprints,160,580,450.0,F,False,2,2024-02-03,2024-02-03,False,,,,,,
7008,9435,56,4103,,,,,,,,2,Prelims,9.28,,,,,129,True,Sprints,136,552,412.0,F,False,2,2024-02-03,2024-02-03,False,,,,,,
7018,9445,56,3796,,,,,,,,6,,1:01.76,,,,,129,True,Sprints,347,813,753.5,F,False,2,2024-02-03,2024-02-03,False,,66.5,,464.53,,609
7019,9446,56,4105,,,,,,,,6,,1:06.18,,,,,129,True,Sprints,203,676,541.0,F,False,2,2024-02-03,2024-02-03,False,,61.2,,364.11,,506
7022,9449,56,3795,,,,,,,,2,Prelims,8.12,,,,,129,True,Sprints,453,857,881.5,F,False,2,2024-02-03,2024-02-03,False,,,,,,
7023,9450,56,3795,,,,,,,,2,Finals,8.06,,,,,129,True,Sprints,474,875,911.5,F,False,2,2024-02-03,2024-02-03,False,,,,,,
7024,9451,56,3796,,,,,,,,2,Prelims,8.29,,,,,129,True,Sprints,395,809,799.5,F,False,2,2024-02-03,2024-02-03,False,,,,,,
7025,9452,56,3796,,,,,,,,2,Finals,8.43,,,,,129,True,Sprints,350,769,734.5,F,False,2,2024-02-03,2024-02-03,False,,,,,,
7028,9455,56,3796,,,,,,,,4,,27.33,,,,,129,True,Sprints,377,797,775.5,F,False,2,2024-02-03,2024-02-03,False,,75.65,,434.53,,573
7029,9456,56,3798,,,,,,,,4,,27.47,,,,,129,True,Sprints,365,786,758.0,F,False,2,2024-02-03,2024-02-03,False,,75.17,,426.04,,564
7030,9457,56,3792,,,,,,,,4,,28.99,,,,,129,True,Sprints,246,671,581.5,F,False,2,2024-02-03,2024-02-03,False,,70.34,,339.1,,472
7033,9460,56,3792,,3797.0,,4102.0,,4103.0,,22,,2:01.19,,,,,129,True,Relays,162,681,502.5,F,False,2,2024-02-03,2024-02-03,False,,,,,,
7034,9461,56,3796,,3563.0,,4105.0,,3798.0,,24,,4:27.44,,,,,129,True,Relays,257,726,620.0,F,False,2,2024-02-03,2024-02-03,False,,67.15,,769.59,,521
7131,9562,44,4127,,,,,,,,2,Prelims,8.60,,,,,131,True,Sprints,299,723,660.5,F,False,2,2024-02-03,2024-02-03,False,,,,,,
7132,9563,44,4127,,,,,,,,2,Finals,8.57,,,,,131,True,Sprints,308,731,673.5,F,False,2,2024-02-03,2024-02-03,False,,,,,,
7133,9564,44,4128,,,,,,,,2,Prelims,8.72,,,,,131,True,Sprints,266,691,611.5,F,False,2,2024-02-03,2024-02-03,False,,,,,,
7135,9568,44,4128,,,,,,,,6,,1:07.75,,,,,131,True,Sprints,161,630,476.0,F,False,2,2024-02-03,2024-02-03,False,,59.5,,331.59,,473
7136,9569,44,4126,,,,,,,,6,,1:09.06,,,,,131,True,Sprints,130,594,427.0,F,False,2,2024-02-03,2024-02-03,False,,58.16,,305.59,,447
7137,9570,44,4127,,,,,,,,6,,1:10.44,,,,,131,True,Sprints,101,556,379.0,F,False,2,2024-02-03,2024-02-03,False,,56.8,,279.25,,420
7168,9561,44,4779,,,,,,,,2,Finals,8.25,,,,,131,True,Sprints,408,820,818.0,F,False,2,2024-02-03,2024-02-03,False,,,,,,
7178,9610,146,3650,,,,,,,,6,,59.44,,,,,122,True,Sprints,438,890,883.0,F,False,2,2024-02-02,2024-02-03,False,,69.65,,523.21,,669
7179,9611,116,3938,,,,,,,,6,,1:06.31,,,,,122,True,Sprints,200,672,536.0,F,False,2,2024-02-02,2024-02-03,False,,61.05,,361.36,,504
7180,9612,146,3651,,,,,,,,6,,1:09.18,,,,,122,True,Sprints,127,590,422.0,F,False,2,2024-02-02,2024-02-03,False,,58.04,,303.26,,444
7181,9613,146,3648,,,,,,,,6,,1:07.27,,,,,122,True,Sprints,174,644,496.0,F,False,2,2024-02-02,2024-02-03,False,,60.01,,341.37,,483
7182,9614,146,3650,,,,,,,,2,,8.49,,,,,122,True,Sprints,332,753,708.5,F,False,2,2024-02-02,2024-02-03,False,,,,,,
7183,9615,116,3933,,,,,,,,2,,8.60,,,,,122,True,Sprints,299,723,660.5,F,False,2,2024-02-02,2024-02-03,False,,,,,,
7184,9616,146,3655,,,,,,,,2,,9.03,,,,,122,True,Sprints,189,612,495.0,F,False,2,2024-02-02,2024-02-03,False,,,,,,
7191,9624,146,3650,,,,,,,,4,,27.17,,,,,122,True,Sprints,392,810,797.0,F,False,2,2024-02-02,2024-02-03,False,,76.2,,444.34,,583
7192,9625,116,3933,,,,,,,,4,,28.14,,,,,122,True,Sprints,310,734,677.0,F,False,2,2024-02-02,2024-02-03,False,,72.96,,386.56,,522
7193,9626,146,3648,,,,,,,,4,,29.44,,,,,122,True,Sprints,216,639,535.5,F,False,2,2024-02-02,2024-02-03,False,,69.01,,315.09,,446
7194,9627,146,3655,,,,,,,,4,,30.31,,,,,122,True,Sprints,162,579,451.5,F,False,2,2024-02-02,2024-02-03,False,,66.59,,270.68,,399
7200,9707,111,976,,,,,,,,4,,29.36,,,,,136,True,Sprints,221,644,543.0,F,False,2,2024-02-09,2024-02-09,False,,69.25,,319.3,,451
7201,9708,111,976,,,,,,,,6,,1:04.57,,,,,136,True,Sprints,251,724,613.0,F,False,2,2024-02-09,2024-02-09,False,,63.03,,399.09,,542
7202,9709,111,295,,,,,,,,6,,1:12.95,,,,,136,True,Sprints,57,491,302.5,F,False,2,2024-02-09,2024-02-09,False,,54.48,,233.89,,374
7227,9734,17,4159,,,,,,,,3,,13.57,,,,,138,True,Sprints,288,703,639.5,F,False,2,2024-02-10,2024-02-10,False,,75.54,,398.19,,493
7230,9632,146,3656,,3650.0,,3648.0,,3651.0,,24,,4:23.28,,,,,122,True,Relays,287,755,664.5,F,False,2,2024-02-02,2024-02-03,False,,68.36,,794.63,,542
7236,9633,116,294,,3938.0,,285.0,,291.0,,24,,4:34.71,,,,,122,True,Relays,208,678,547.0,F,False,2,2024-02-02,2024-02-03,False,,65.14,,727.64,,485
7291,9735,20,4160,,,,,,,,3,,15.14,,,,,138,True,Sprints,84,465,316.5,F,False,2,2024-02-10,2024-02-10,False,,65.93,,219.61,,286
7292,9736,17,4161,,,,,,,,3,,16.09,,,,,138,True,Sprints,19,345,191.5,F,False,2,2024-02-10,2024-02-10,False,,61.15,,128.48,,181
7293,9737,17,4162,,,,,,,,4,,27.09,,,,,138,True,Sprints,399,816,807.0,F,False,2,2024-02-10,2024-02-10,False,,76.48,,449.29,,588
7294,9738,17,4163,,,,,,,,4,,30.65,,,,,138,True,Sprints,143,556,421.0,F,False,2,2024-02-10,2024-02-10,False,,65.68,,254.01,,382
7295,9739,20,4160,,,,,,,,4,,31.22,,,,,138,True,Sprints,114,519,373.5,F,False,2,2024-02-10,2024-02-10,False,,64.22,,226.88,,353
7296,9740,17,4163,,,,,,,,6,,1:10.10,,,,,138,True,Sprints,107,565,389.5,F,False,2,2024-02-10,2024-02-10,False,,57.13,,285.65,,426
7297,9741,20,4160,,,,,,,,6,,1:10.61,,,,,138,True,Sprints,97,552,373.0,F,False,2,2024-02-10,2024-02-10,False,,56.63,,276.08,,417
7316,9760,17,4174,,4159.0,,4175.0,,4162.0,,21,,53.33,,,,,138,True,Relays,322,776,710.0,F,False,2,2024-02-10,2024-02-10,False,,79.48,,702.19,,527
7317,9761,17,4176,,4177.0,,4178.0,,4161.0,,21,,54.95,,,,,138,True,Relays,261,721,621.5,F,False,2,2024-02-10,2024-02-10,False,,76.63,,650.86,,478
7379,9823,59,3888,,,,,,,,2,Prelims,8.20,,,,,139,True,Sprints,425,834,842.0,F,False,2,2024-02-10,2024-02-10,False,,,,,,
7380,9824,59,3888,,,,,,,,2,Finals,8.23,,,,,139,True,Sprints,415,826,828.0,F,False,2,2024-02-10,2024-02-10,False,,,,,,
7381,9825,59,3891,,,,,,,,2,Prelims,8.68,,,,,139,True,Sprints,277,702,628.0,F,False,2,2024-02-10,2024-02-10,False,,,,,,
7382,9826,59,4215,,,,,,,,2,Prelims,9.76,,,,,139,True,Sprints,59,445,281.5,F,False,2,2024-02-10,2024-02-10,False,,,,,,
7383,9827,59,3888,,,,,,,,4,,27.88,,,,,139,True,Sprints,331,754,708.0,F,False,2,2024-02-10,2024-02-10,False,,73.81,,401.65,,538
7384,9828,59,3889,,,,,,,,4,,28.29,,,,,139,True,Sprints,298,723,659.5,F,False,2,2024-02-10,2024-02-10,False,,72.49,,377.98,,513
7385,9829,59,3893,,,,,,,,4,,29.22,,,,,139,True,Sprints,230,654,557.0,F,False,2,2024-02-10,2024-02-10,False,,69.65,,326.74,,459
7386,9830,59,3893,,,,,,,,6,,1:06.58,,,,,139,True,Sprints,192,664,524.0,F,False,2,2024-02-10,2024-02-10,False,,60.76,,355.68,,498
7387,9831,59,3894,,,,,,,,6,,1:05.59,,,,,139,True,Sprints,220,694,567.0,F,False,2,2024-02-10,2024-02-10,False,,61.86,,376.73,,519
7388,9832,59,3891,,,,,,,,6,,1:08.87,,,,,139,True,Sprints,134,599,433.5,F,False,2,2024-02-10,2024-02-10,False,,58.35,,309.3,,451
7395,9839,59,2773,,1673.0,,4075.0,,2061.0,,24,,4:51.94,,,,,139,True,Relays,112,571,397.5,F,False,2,2024-02-10,2024-02-10,False,,60.82,,636.57,,408
7442,9886,108,4216,,,,,,,,2,Prelims,8.34,,,,,140,True,Sprints,378,794,775.0,F,False,2,2024-02-10,2024-02-10,False,,,,,,
7443,9887,108,4216,,,,,,,,2,Finals,8.40,,,,,140,True,Sprints,359,778,748.0,F,False,2,2024-02-10,2024-02-10,False,,,,,,
7444,9888,108,4217,,,,,,,,2,Prelims,8.86,,,,,140,True,Sprints,229,655,556.5,F,False,2,2024-02-10,2024-02-10,False,,,,,,
7445,9889,108,3637,,,,,,,,4,,27.90,,,,,140,True,Sprints,329,752,705.0,F,False,2,2024-02-10,2024-02-10,False,,73.74,,400.48,,537
7446,9890,108,4217,,,,,,,,4,,30.93,,,,,140,True,Sprints,129,538,398.0,F,False,2,2024-02-10,2024-02-10,False,,64.95,,240.56,,367
7447,9891,108,3638,,,,,,,,6,,1:04.71,,,,,140,True,Sprints,247,720,607.0,F,False,2,2024-02-10,2024-02-10,False,,62.87,,395.98,,539
7448,9892,108,78,,,,,,,,8,,1:49.62,,,,,140,True,Sprints,178,692,524.0,F,False,2,2024-02-10,2024-02-10,False,,,,,,
7456,9900,108,3638,,3637.0,,4216.0,,78.0,,24,,4:24.49,,,,,140,True,Relays,278,746,651.0,F,False,2,2024-02-10,2024-02-10,False,,68.0,,787.27,,536
7457,9901,108,2229,,78.0,,3742.0,,4219.0,,30,,13:33.63,,,,,140,True,Relays,0,0,0.0,F,False,2,2024-02-10,2024-02-10,False,,,,,,
7458,9902,108,2230,,4218.0,,3980.0,,3322.0,,30,,15:28.88,,,,,140,True,Relays,0,0,0.0,F,False,2,2024-02-10,2024-02-10,False,,,,,,
7486,9930,188,3532,,,,,,,,8,,1:42.78,,,,,141,True,Sprints,310,814,717.0,F,False,2,2024-02-10,2024-02-10,False,,,,,,
7506,9953,159,583,,648.0,,590.0,,2700.0,,30,,13:51.57,,,,,143,True,Relays,0,0,0.0,F,False,2,2024-02-10,2024-02-10,False,,,,,,
7507,9954,164,575,,573.0,,4223.0,,568.0,,30,,13:54.02,,,,,143,True,Relays,0,0,0.0,F,False,2,2024-02-10,2024-02-10,False,,,,,,
7508,9955,178,1730,,3180.0,,3032.0,,1725.0,,30,,14:07.13,,,,,143,True,Relays,0,0,0.0,F,False,2,2024-02-10,2024-02-10,False,,,,,,
7509,9956,203,4224,,4225.0,,4226.0,,4227.0,,30,,14:20.07,,,,,143,True,Relays,0,0,0.0,F,False,2,2024-02-10,2024-02-10,False,,,,,,
7510,9957,164,578,,613.0,,620.0,,3002.0,,30,,14:24.26,,,,,143,True,Relays,0,0,0.0,F,False,2,2024-02-10,2024-02-10,False,,,,,,
7511,9959,164,3098,,567.0,,4115.0,,618.0,,30,,14:31.30,,,,,143,True,Relays,0,0,0.0,F,False,2,2024-02-10,2024-02-10,False,,,,,,
7512,9960,171,1034,,1072.0,,1044.0,,1066.0,,30,,14:35.97,,,,,143,True,Relays,0,0,0.0,F,False,2,2024-02-10,2024-02-10,False,,,,,,
7513,9963,130,4230,,2722.0,,4231.0,,2394.0,,30,,15:14.67,,,,,143,True,Relays,0,0,0.0,F,False,2,2024-02-10,2024-02-10,False,,,,,,
7514,9964,138,644,,607.0,,4232.0,,4233.0,,30,,15:29.71,,,,,143,True,Relays,0,0,0.0,F,False,2,2024-02-10,2024-02-10,False,,,,,,
7515,9965,165,3117,,3108.0,,390.0,,388.0,,30,,15:33.41,,,,,143,True,Relays,0,0,0.0,F,False,2,2024-02-10,2024-02-10,False,,,,,,
7516,9966,158,2389,,2403.0,,4234.0,,2422.0,,30,,15:38.00,,,,,143,True,Relays,0,0,0.0,F,False,2,2024-02-10,2024-02-10,False,,,,,,
7517,9967,159,2163,,2712.0,,650.0,,4235.0,,30,,15:38.94,,,,,143,True,Relays,0,0,0.0,F,False,2,2024-02-10,2024-02-10,False,,,,,,
7518,9968,169,2420,,4236.0,,1153.0,,4237.0,,30,,15:51.58,,,,,143,True,Relays,0,0,0.0,F,False,2,2024-02-10,2024-02-10,False,,,,,,
7519,9969,69,4238,,2536.0,,2524.0,,4239.0,,30,,16:10.90,,,,,143,True,Relays,0,0,0.0,F,False,2,2024-02-10,2024-02-10,False,,,,,,
7523,9973,203,4242,,4243.0,,4244.0,,4245.0,,24,,4:15.60,,,,,143,True,Relays,348,808,752.0,F,False,2,2024-02-10,2024-02-10,False,,70.7,,843.01,,583
7524,9974,146,3651,,1054.0,,3648.0,,992.0,,24,,4:27.48,,,,,143,True,Relays,257,726,620.0,F,False,2,2024-02-10,2024-02-10,False,,67.14,,769.35,,521
7525,9977,159,4246,,4235.0,,648.0,,4247.0,,24,,4:45.24,,,,,143,True,Relays,146,612,452.0,F,False,2,2024-02-10,2024-02-10,False,,62.43,,670.67,,437
7526,9978,164,3098,,3002.0,,4115.0,,620.0,,24,,4:46.72,,,,,143,True,Relays,138,603,439.5,F,False,2,2024-02-10,2024-02-10,False,,62.07,,663.0,,430
7527,9979,178,1725,,1730.0,,3180.0,,3179.0,,24,,4:51.03,,,,,143,True,Relays,117,577,405.5,F,False,2,2024-02-10,2024-02-10,False,,61.03,,641.11,,411
7528,9981,130,4231,,2394.0,,4249.0,,2387.0,,24,,5:02.44,,,,,143,True,Relays,68,510,323.0,F,False,2,2024-02-10,2024-02-10,False,,58.44,,586.15,,365
7529,9982,178,3033,,1764.0,,1746.0,,4250.0,,24,,5:06.98,,,,,143,True,Relays,53,485,295.5,F,False,2,2024-02-10,2024-02-10,False,,57.47,,565.42,,347
7530,9983,165,390,,388.0,,3117.0,,3108.0,,24,,5:10.79,,,,,143,True,Relays,41,464,273.0,F,False,2,2024-02-10,2024-02-10,False,,56.68,,548.49,,333
7531,9984,164,613,,567.0,,3116.0,,578.0,,24,,5:11.35,,,,,143,True,Relays,40,461,270.5,F,False,2,2024-02-10,2024-02-10,False,,56.57,,546.04,,330
7532,9985,130,2708,,2722.0,,2414.0,,4230.0,,24,,5:35.28,,,,,143,True,Relays,1,342,172.0,F,False,2,2024-02-10,2024-02-10,False,,52.06,,448.86,,248
7533,9986,158,2416,,4251.0,,4252.0,,2428.0,,24,,6:03.46,,,,,143,True,Relays,0,225,112.5,F,False,2,2024-02-10,2024-02-10,False,,47.56,,350.83,,164
7534,9987,203,4242,,4243.0,,4253.0,,4245.0,,22,,1:49.78,,,,,143,True,Relays,365,862,796.0,F,False,2,2024-02-10,2024-02-10,False,,,,,,
7535,9988,146,4248,,3649.0,,3648.0,,3658.0,,22,,1:52.78,,,,,143,True,Relays,303,813,709.5,F,False,2,2024-02-10,2024-02-10,False,,,,,,
7536,9989,159,4254,,4255.0,,4256.0,,2700.0,,22,,1:54.03,,,,,143,True,Relays,280,792,676.0,F,False,2,2024-02-10,2024-02-10,False,,,,,,
7537,9990,167,4257,,4258.0,,4259.0,,4260.0,,22,,1:55.44,,,,,143,True,Relays,254,769,638.5,F,False,2,2024-02-10,2024-02-10,False,,,,,,
7538,9991,146,4261,,3655.0,,3657.0,,4262.0,,22,,1:58.82,,,,,143,True,Relays,197,717,555.5,F,False,2,2024-02-10,2024-02-10,False,,,,,,
7539,9992,158,3660,,4263.0,,3664.0,,4264.0,,22,,2:05.88,,,,,143,True,Relays,102,612,408.0,F,False,2,2024-02-10,2024-02-10,False,,,,,,
7540,9993,146,3658,,,,,,,,2,,7.90,,,,,143,True,Sprints,533,923,994.5,F,False,2,2024-02-10,2024-02-10,False,,,,,,
7541,9994,203,4242,,,,,,,,2,,8.06,,,,,143,True,Sprints,474,875,911.5,F,False,2,2024-02-10,2024-02-10,False,,,,,,
7542,9995,159,4254,,,,,,,,2,,8.07,,,,,143,True,Sprints,470,872,906.0,F,False,2,2024-02-10,2024-02-10,False,,,,,,
7543,9996,167,4259,,,,,,,,2,,8.14,,,,,143,True,Sprints,446,852,872.0,F,False,2,2024-02-10,2024-02-10,False,,,,,,
7544,9997,203,4243,,,,,,,,2,,8.20,,,,,143,True,Sprints,425,834,842.0,F,False,2,2024-02-10,2024-02-10,False,,,,,,
7545,9998,158,4265,,,,,,,,2,,8.27,,,,,143,True,Sprints,401,814,808.0,F,False,2,2024-02-10,2024-02-10,False,,,,,,
7546,9999,162,4266,,,,,,,,2,,8.42,,,,,143,True,Sprints,353,772,739.0,F,False,2,2024-02-10,2024-02-10,False,,,,,,
7547,10000,159,4267,,,,,,,,2,,8.45,,,,,143,True,Sprints,344,764,726.0,F,False,2,2024-02-10,2024-02-10,False,,,,,,
7548,10001,159,4268,,,,,,,,2,,8.61,,,,,143,True,Sprints,296,720,656.0,F,False,2,2024-02-10,2024-02-10,False,,,,,,
7549,10002,203,4253,,,,,,,,2,,8.66,,,,,143,True,Sprints,282,707,635.5,F,False,2,2024-02-10,2024-02-10,False,,,,,,
7550,10003,69,4269,,,,,,,,2,,8.72,,,,,143,True,Sprints,266,691,611.5,F,False,2,2024-02-10,2024-02-10,False,,,,,,
7551,10004,167,4257,,,,,,,,2,,8.73,,,,,143,True,Sprints,263,688,607.0,F,False,2,2024-02-10,2024-02-10,False,,,,,,
7552,10005,158,4270,,,,,,,,2,,8.77,,,,,143,True,Sprints,252,678,591.0,F,False,2,2024-02-10,2024-02-10,False,,,,,,
7553,10006,178,4271,,,,,,,,2,,8.79,,,,,143,True,Sprints,247,673,583.5,F,False,2,2024-02-10,2024-02-10,False,,,,,,
7554,10007,167,4258,,,,,,,,2,,8.87,,,,,143,True,Sprints,227,652,553.0,F,False,2,2024-02-10,2024-02-10,False,,,,,,
7555,10008,159,4256,,,,,,,,2,,8.89,,,,,143,True,Sprints,222,647,545.5,F,False,2,2024-02-10,2024-02-10,False,,,,,,
7556,10009,146,3649,,,,,,,,2,,8.92,,,,,143,True,Sprints,214,640,534.0,F,False,2,2024-02-10,2024-02-10,False,,,,,,
7557,10010,146,4261,,,,,,,,2,,8.93,,,,,143,True,Sprints,212,637,530.5,F,False,2,2024-02-10,2024-02-10,False,,,,,,
7558,10012,138,2429,,,,,,,,2,,9.01,,,,,143,True,Sprints,193,617,501.5,F,False,2,2024-02-10,2024-02-10,False,,,,,,
7559,10013,146,3655,,,,,,,,2,,9.01,,,,,143,True,Sprints,193,617,501.5,F,False,2,2024-02-10,2024-02-10,False,,,,,,
7560,10014,69,4273,,,,,,,,2,,9.09,,,,,143,True,Sprints,175,597,473.5,F,False,2,2024-02-10,2024-02-10,False,,,,,,
7561,10015,158,3660,,,,,,,,2,,9.15,,,,,143,True,Sprints,162,583,453.5,F,False,2,2024-02-10,2024-02-10,False,,,,,,
7562,10016,146,3661,,,,,,,,2,,9.23,,,,,143,True,Sprints,146,564,428.0,F,False,2,2024-02-10,2024-02-10,False,,,,,,
7563,10017,165,4274,,,,,,,,2,,9.50,,,,,143,True,Sprints,97,501,347.5,F,False,2,2024-02-10,2024-02-10,False,,,,,,
7564,10019,203,4275,,,,,,,,2,,10.06,,,,,143,True,Sprints,27,384,219.0,F,False,2,2024-02-10,2024-02-10,False,,,,,,
7565,10020,161,4276,,,,,,,,2,,10.79,,,,,143,True,Sprints,0,254,127.0,F,False,2,2024-02-10,2024-02-10,False,,,,,,
7589,10011,158,3659,,,,,,,,2,,9.00,,,,,143,True,Sprints,195,620,505.0,F,False,2,2024-02-10,2024-02-10,False,,,,,,
7591,9952,146,1046,,996.0,,990.0,,994.0,,30,,13:40.09,,,,,143,True,Relays,0,0,0.0,F,False,2,2024-02-10,2024-02-10,False,,,,,,
7592,10018,146,3654,,,,,,,,2,,9.98,,,,,143,True,Sprints,34,400,234.0,F,False,2,2024-02-10,2024-02-10,False,,,,,,
7593,9980,146,1020,,4248.0,,3654.0,,3716.0,,24,,5:01.30,,,,,143,True,Relays,73,517,331.5,F,False,2,2024-02-10,2024-02-10,False,,58.69,,591.46,,369
7594,9962,146,1112,,1050.0,,1042.0,,1004.0,,30,,15:12.67,,,,,143,True,Relays,0,0,0.0,F,False,2,2024-02-10,2024-02-10,False,,,,,,
7603,10145,171,1072,,,,,,,,4,,29.87,,,,,143,True,Sprints,188,609,492.5,F,False,2,2024-02-10,2024-02-10,False,,67.79,,292.82,,423
7620,10074,146,3650,,,,,,,,6,,59.32,,,,,143,True,Sprints,443,894,890.0,F,False,2,2024-02-10,2024-02-10,False,,69.82,,526.37,,672
7621,10075,159,648,,,,,,,,6,,1:03.76,,,,,143,True,Sprints,277,749,651.5,F,False,2,2024-02-10,2024-02-10,False,,64.0,,417.36,,561
7622,10076,203,4245,,,,,,,,6,,1:04.06,,,,,143,True,Sprints,268,740,638.0,F,False,2,2024-02-10,2024-02-10,False,,63.64,,410.54,,554
7623,10077,169,4236,,,,,,,,6,,1:04.66,,,,,143,True,Sprints,248,722,609.0,F,False,2,2024-02-10,2024-02-10,False,,62.93,,397.09,,540
7624,10078,146,1054,,,,,,,,6,,1:05.16,,,,,143,True,Sprints,233,707,586.5,F,False,2,2024-02-10,2024-02-10,False,,62.35,,386.07,,529
7625,10079,203,4225,,,,,,,,6,,1:06.31,,,,,143,True,Sprints,200,672,536.0,F,False,2,2024-02-10,2024-02-10,False,,61.05,,361.36,,504
7626,10080,161,2322,,,,,,,,6,,1:07.02,,,,,143,True,Sprints,180,651,505.5,F,False,2,2024-02-10,2024-02-10,False,,60.28,,346.52,,488
7627,10081,146,3648,,,,,,,,6,,1:07.14,,,,,143,True,Sprints,177,648,501.0,F,False,2,2024-02-10,2024-02-10,False,,60.15,,344.05,,486
7628,10082,159,4285,,,,,,,,6,,1:07.71,,,,,143,True,Sprints,162,632,478.0,F,False,2,2024-02-10,2024-02-10,False,,59.55,,332.4,,474
7629,10083,138,593,,,,,,,,6,,1:07.98,,,,,143,True,Sprints,155,624,467.0,F,False,2,2024-02-10,2024-02-10,False,,59.26,,326.96,,469
7630,10084,158,2403,,,,,,,,6,,1:09.96,,,,,143,True,Sprints,110,569,394.5,F,False,2,2024-02-10,2024-02-10,False,,57.26,,288.3,,429
7631,10085,146,3716,,,,,,,,6,,1:11.52,,,,,143,True,Sprints,80,528,344.0,F,False,2,2024-02-10,2024-02-10,False,,55.78,,259.34,,400
7632,10086,138,2411,,,,,,,,6,,1:14.85,,,,,143,True,Sprints,32,444,254.0,F,False,2,2024-02-10,2024-02-10,False,,52.84,,201.58,,341
7633,10087,164,4115,,,,,,,,6,,1:15.34,,,,,143,True,Sprints,27,433,243.5,F,False,2,2024-02-10,2024-02-10,False,,52.43,,193.51,,333
7668,10130,146,3658,,,,,,,,4,,25.88,,,,,143,True,Sprints,515,916,973.0,F,False,2,2024-02-10,2024-02-10,False,,80.94,,527.9,,672
7669,10131,203,4242,,,,,,,,4,,26.04,,,,,143,True,Sprints,498,902,949.0,F,False,2,2024-02-10,2024-02-10,False,,80.33,,517.09,,660
7670,10132,146,3650,,,,,,,,4,,26.90,,,,,143,True,Sprints,416,831,831.5,F,False,2,2024-02-10,2024-02-10,False,,77.15,,461.17,,601
7671,10133,169,4289,,,,,,,,4,,27.35,,,,,143,True,Sprints,376,795,773.5,F,False,2,2024-02-10,2024-02-10,False,,75.58,,433.31,,571
7672,10134,158,4265,,,,,,,,4,,27.43,,,,,143,True,Sprints,369,789,763.5,F,False,2,2024-02-10,2024-02-10,False,,75.31,,428.45,,566
7673,10135,159,4268,,,,,,,,4,,27.99,,,,,143,True,Sprints,322,746,695.0,F,False,2,2024-02-10,2024-02-10,False,,73.45,,395.23,,531
7674,10136,158,4270,,,,,,,,4,,28.57,,,,,143,True,Sprints,277,702,628.0,F,False,2,2024-02-10,2024-02-10,False,,71.61,,362.2,,496
7675,10137,162,4266,,,,,,,,4,,28.85,,,,,143,True,Sprints,256,681,596.5,F,False,2,2024-02-10,2024-02-10,False,,70.76,,346.73,,480
7676,10138,167,4257,,,,,,,,4,,29.06,,,,,143,True,Sprints,242,666,575.0,F,False,2,2024-02-10,2024-02-10,False,,70.13,,335.32,,468
7677,10139,161,2322,,,,,,,,4,,29.17,,,,,143,True,Sprints,234,658,563.0,F,False,2,2024-02-10,2024-02-10,False,,69.8,,329.41,,461
7678,10140,146,4248,,,,,,,,4,,29.31,,,,,143,True,Sprints,224,648,548.0,F,False,2,2024-02-10,2024-02-10,False,,69.39,,321.95,,454
7679,10141,146,4261,,,,,,,,4,,29.36,,,,,143,True,Sprints,221,644,543.0,F,False,2,2024-02-10,2024-02-10,False,,69.25,,319.3,,451
7680,10142,203,4290,,,,,,,,4,,29.44,,,,,143,True,Sprints,216,639,535.5,F,False,2,2024-02-10,2024-02-10,False,,69.01,,315.09,,446
7681,10143,167,4260,,,,,,,,4,,29.63,,,,,143,True,Sprints,203,625,515.5,F,False,2,2024-02-10,2024-02-10,False,,68.47,,305.17,,436
7682,10144,203,4253,,,,,,,,4,,29.78,,,,,143,True,Sprints,194,615,501.5,F,False,2,2024-02-10,2024-02-10,False,,68.05,,297.42,,428
7683,10146,146,3655,,,,,,,,4,,29.99,,,,,143,True,Sprints,181,600,481.0,F,False,2,2024-02-10,2024-02-10,False,,67.46,,286.71,,416
7684,10147,69,4269,,,,,,,,4,,30.00,,,,,143,True,Sprints,180,600,480.0,F,False,2,2024-02-10,2024-02-10,False,,67.43,,286.21,,416
7685,10148,159,4247,,,,,,,,4,,30.23,,,,,143,True,Sprints,167,584,459.0,F,False,2,2024-02-10,2024-02-10,False,,66.8,,274.66,,404
7686,10149,138,2429,,,,,,,,4,,30.24,,,,,143,True,Sprints,166,583,457.5,F,False,2,2024-02-10,2024-02-10,False,,66.78,,274.16,,403
7687,10150,167,4258,,,,,,,,4,,30.44,,,,,143,True,Sprints,155,570,440.0,F,False,2,2024-02-10,2024-02-10,False,,66.24,,264.26,,393
7688,10152,146,3651,,,,,,,,4,,30.73,,,,,143,True,Sprints,139,551,414.5,F,False,2,2024-02-10,2024-02-10,False,,65.47,,250.14,,378
7689,10088,139,4681,,,,,,,,6,,1:22.79,,,,,143,True,Sprints,0,274,137.0,F,False,2,2024-02-10,2024-02-10,False,,46.89,,82.6,,219
7695,10151,146,4240,,,,,,,,4,,30.59,,,,,143,True,Sprints,146,560,426.0,F,False,2,2024-02-10,2024-02-10,False,,65.84,,256.93,,385
7699,10153,203,4244,,,,,,,,4,,31.01,,,,,143,True,Sprints,124,532,390.0,F,False,2,2024-02-10,2024-02-10,False,,64.75,,236.76,,363
7700,10154,146,3661,,,,,,,,4,,31.41,,,,,143,True,Sprints,105,507,358.5,F,False,2,2024-02-10,2024-02-10,False,,63.74,,218.06,,344
7701,10155,130,2414,,,,,,,,4,,32.57,,,,,143,True,Sprints,58,436,276.0,F,False,2,2024-02-10,2024-02-10,False,,60.98,,166.41,,289
7702,10156,165,4274,,,,,,,,4,,32.92,,,,,143,True,Sprints,47,416,255.0,F,False,2,2024-02-10,2024-02-10,False,,60.19,,151.54,,273
7704,10158,161,4276,,,,,,,,4,,36.11,,,,,143,True,Sprints,0,254,127.0,F,False,2,2024-02-10,2024-02-10,False,,53.79,,29.32,,144
7705,10159,158,4263,,,,,,,,4,,36.15,,,,,143,True,Sprints,0,252,126.0,F,False,2,2024-02-10,2024-02-10,False,,53.71,,27.92,,142
7706,10244,162,1122,,1100.0,,4306.0,,3786.0,,24,,4:29.66,,,,,143,True,Relays,241,712,597.0,F,False,2,2024-02-10,2024-02-10,False,,66.53,,756.54,,510
7707,10161,178,3040,,,,,,,,4,,36.45,,,,,143,True,Sprints,0,239,119.5,F,False,2,2024-02-10,2024-02-10,False,,53.18,,17.55,,131
7781,10240,146,3649,,3651.0,,3726.0,,3729.0,,24,,4:03.48,,,,,143,True,Relays,455,896,903.0,F,False,2,2024-02-10,2024-02-10,False,,74.74,,925.57,,654
7782,10241,167,4258,,4303.0,,4257.0,,4304.0,,24,,4:10.54,,,,,143,True,Relays,391,844,813.0,F,False,2,2024-02-10,2024-02-10,False,,72.33,,876.51,,612
7783,10243,158,3653,,2454.0,,2416.0,,3170.0,,24,,4:27.38,,,,,143,True,Relays,257,727,620.5,F,False,2,2024-02-10,2024-02-10,False,,67.17,,769.94,,521
7800,10245,162,1029,,1014.0,,1428.0,,4307.0,,24,,4:39.36,,,,,143,True,Relays,179,649,503.5,F,False,2,2024-02-10,2024-02-10,False,,63.92,,701.95,,463
7802,10157,146,3654,,,,,,,,4,,33.17,,,,,143,True,Sprints,40,402,241.0,F,False,2,2024-02-10,2024-02-10,False,,59.64,,141.12,,262
8325,10799,56,3793,,,,,,,,2,,8.02,,,,,144,True,Sprints,489,887,932.5,F,False,2,2024-02-10,2024-02-10,False,,,,,,
8326,10800,56,3796,,,,,,,,2,,8.29,,,,,144,True,Sprints,395,809,799.5,F,False,2,2024-02-10,2024-02-10,False,,,,,,
8327,10801,56,4102,,,,,,,,2,,9.01,,,,,144,True,Sprints,193,617,501.5,F,False,2,2024-02-10,2024-02-10,False,,,,,,
8328,10802,56,4453,,,,,,,,2,,9.86,,,,,144,True,Sprints,47,424,259.0,F,False,2,2024-02-10,2024-02-10,False,,,,,,
8329,10803,56,3793,,,,,,,,4,,26.94,,,,,144,True,Sprints,412,828,826.0,F,False,2,2024-02-10,2024-02-10,False,,77.01,,458.66,,598
8330,10804,56,3796,,,,,,,,4,,27.22,,,,,144,True,Sprints,387,806,790.0,F,False,2,2024-02-10,2024-02-10,False,,76.03,,441.26,,580
8331,10805,56,3798,,,,,,,,4,,27.61,,,,,144,True,Sprints,353,775,740.5,F,False,2,2024-02-10,2024-02-10,False,,74.7,,417.63,,555
8332,10806,56,3792,,,,,,,,4,,29.57,,,,,144,True,Sprints,207,630,522.0,F,False,2,2024-02-10,2024-02-10,False,,68.64,,308.29,,439
8333,10807,56,4102,,,,,,,,4,,31.53,,,,,144,True,Sprints,100,499,349.5,F,False,2,2024-02-10,2024-02-10,False,,63.44,,212.54,,338
8334,10808,56,3796,,,,,,,,6,,1:01.32,,,,,144,True,Sprints,364,827,777.5,F,False,2,2024-02-10,2024-02-10,False,,67.08,,475.31,,620
8335,10809,56,3798,,,,,,,,6,,1:01.58,,,,,144,True,Sprints,354,819,763.5,F,False,2,2024-02-10,2024-02-10,False,,66.74,,468.92,,613
8336,10810,56,4105,,,,,,,,6,,1:05.38,,,,,144,True,Sprints,226,700,576.0,F,False,2,2024-02-10,2024-02-10,False,,62.1,,381.28,,524
8348,10822,56,3796,,3563.0,,4105.0,,246.0,,24,,4:20.59,,,,,144,True,Relays,308,773,694.5,F,False,2,2024-02-10,2024-02-10,False,,69.16,,811.26,,556
8461,10935,206,4469,,,,,,,,2,,8.95,,,,,147,True,Sprints,207,632,523.0,F,False,2,2024-02-10,2024-02-10,False,,,,,,
8462,10936,206,4470,,,,,,,,4,,32.55,,,,,147,True,Sprints,59,437,277.5,F,False,2,2024-02-10,2024-02-10,False,,61.02,,167.27,,290
8484,10958,204,3598,,,,,,,,4,,29.44,,,,,148,True,Sprints,216,639,535.5,F,False,2,2024-02-11,2024-02-11,False,,69.01,,315.09,,446
8485,10959,205,3531,,,,,,,,4,,32.36,,,,,148,True,Sprints,66,449,290.5,F,False,2,2024-02-11,2024-02-11,False,,61.46,,175.49,,299
8513,10987,203,4242,,,,,,,,2,,8.07,,,,,149,True,Sprints,470,872,906.0,F,False,2,2024-02-16,2024-02-16,False,,,,,,
8514,10988,203,4489,,,,,,,,2,,8.30,,,,,149,True,Sprints,391,806,794.0,F,False,2,2024-02-16,2024-02-16,False,,,,,,
8515,10989,203,4243,,,,,,,,2,,8.33,,,,,149,True,Sprints,382,797,780.5,F,False,2,2024-02-16,2024-02-16,False,,,,,,
8516,10990,203,4253,,,,,,,,2,,8.52,,,,,149,True,Sprints,323,745,695.5,F,False,2,2024-02-16,2024-02-16,False,,,,,,
8517,10991,203,4490,,,,,,,,2,,8.73,,,,,149,True,Sprints,263,688,607.0,F,False,2,2024-02-16,2024-02-16,False,,,,,,
8518,10992,203,4491,,,,,,,,2,,9.53,,,,,149,True,Sprints,92,495,339.5,F,False,2,2024-02-16,2024-02-16,False,,,,,,
8519,10993,203,4242,,,,,,,,4,,27.13,,,,,149,True,Sprints,395,813,801.5,F,False,2,2024-02-16,2024-02-16,False,,76.34,,446.82,,586
8520,10994,203,4489,,,,,,,,4,,27.58,,,,,149,True,Sprints,356,777,744.5,F,False,2,2024-02-16,2024-02-16,False,,74.8,,419.42,,557
8521,10995,203,4243,,,,,,,,4,,27.67,,,,,149,True,Sprints,348,770,733.0,F,False,2,2024-02-16,2024-02-16,False,,74.5,,414.05,,551
8522,10996,203,4253,,,,,,,,4,,29.24,,,,,149,True,Sprints,229,653,555.5,F,False,2,2024-02-16,2024-02-16,False,,69.6,,325.67,,458
8523,10997,203,4491,,,,,,,,4,,32.42,,,,,149,True,Sprints,64,445,286.5,F,False,2,2024-02-16,2024-02-16,False,,61.32,,172.88,,296
8524,10998,203,4245,,,,,,,,6,,1:03.94,,,,,149,True,Sprints,271,744,643.0,F,False,2,2024-02-16,2024-02-16,False,,63.78,,413.26,,557
8525,10999,203,4225,,,,,,,,6,,1:05.43,,,,,149,True,Sprints,225,698,574.0,F,False,2,2024-02-16,2024-02-16,False,,62.04,,380.19,,523
8526,11000,203,4492,,,,,,,,6,,1:05.62,,,,,149,True,Sprints,219,693,565.5,F,False,2,2024-02-16,2024-02-16,False,,61.83,,376.08,,519
8527,11001,203,4493,,,,,,,,6,,1:06.42,,,,,149,True,Sprints,196,669,530.5,F,False,2,2024-02-16,2024-02-16,False,,60.93,,359.04,,501
8582,11056,112,3753,,,,,,,,2,Prelims,8.21,,,,,150,True,Sprints,421,831,836.5,F,False,2,2024-02-16,2024-02-16,False,,,,,,
8583,11057,112,3753,,,,,,,,2,Finals,8.21,,,,,150,True,Sprints,421,831,836.5,F,False,2,2024-02-16,2024-02-16,False,,,,,,
8584,11058,112,3754,,,,,,,,2,Prelims,8.33,,,,,150,True,Sprints,382,797,780.5,F,False,2,2024-02-16,2024-02-16,False,,,,,,
8585,11059,112,3753,,,,,,,,4,,27.07,,,,,150,True,Sprints,401,818,810.0,F,False,2,2024-02-16,2024-02-16,False,,76.55,,450.54,,590
8586,11060,112,3754,,,,,,,,4,,27.63,,,,,150,True,Sprints,352,773,738.5,F,False,2,2024-02-16,2024-02-16,False,,74.63,,416.44,,554
8591,11065,127,3617,,,,,,,,4,,31.13,,,,,150,True,Sprints,119,525,381.5,F,False,2,2024-02-16,2024-02-16,False,,64.44,,231.1,,357
8592,11066,127,3617,,,,,,,,6,,1:09.13,,,,,150,True,Sprints,128,592,424.0,F,False,2,2024-02-16,2024-02-16,False,,58.09,,304.23,,445
8593,11067,127,85,,,,,,,,6,,1:12.25,,,,,150,True,Sprints,68,509,322.5,F,False,2,2024-02-16,2024-02-16,False,,55.11,,246.23,,386
8660,11136,59,3888,,,,,,,,2,,8.21,,,,,153,True,Sprints,421,831,836.5,F,False,2,2024-02-16,2024-02-16,False,,,,,,
8661,11137,59,3889,,,,,,,,2,,8.46,,,,,153,True,Sprints,341,761,721.5,F,False,2,2024-02-16,2024-02-16,False,,,,,,
8662,11138,59,3892,,,,,,,,2,,8.77,,,,,153,True,Sprints,252,678,591.0,F,False,2,2024-02-16,2024-02-16,False,,,,,,
8663,11139,59,3888,,,,,,,,4,,27.65,,,,,153,True,Sprints,350,772,736.0,F,False,2,2024-02-16,2024-02-16,False,,74.57,,415.24,,552
8664,11140,59,3889,,,,,,,,4,,28.03,,,,,153,True,Sprints,319,742,690.0,F,False,2,2024-02-16,2024-02-16,False,,73.32,,392.91,,529
8665,11141,59,3893,,,,,,,,4,,29.04,,,,,153,True,Sprints,243,667,576.5,F,False,2,2024-02-16,2024-02-16,False,,70.19,,336.4,,469
8666,11142,59,3893,,,,,,,,6,,1:05.97,,,,,153,True,Sprints,209,682,550.0,F,False,2,2024-02-16,2024-02-16,False,,61.43,,368.57,,511
8667,11143,59,3894,,,,,,,,6,,1:07.65,,,,,153,True,Sprints,164,633,480.5,F,False,2,2024-02-16,2024-02-16,False,,59.61,,333.62,,475
8668,11144,59,3891,,,,,,,,6,,1:07.75,,,,,153,True,Sprints,161,630,476.0,F,False,2,2024-02-16,2024-02-16,False,,59.5,,331.59,,473
8675,11151,59,3888,,3891.0,,3894.0,,3893.0,,24,,4:28.84,,,,,153,True,Relays,247,717,605.5,F,False,2,2024-02-16,2024-02-16,False,,66.76,,761.33,,514
8676,11152,59,2061,,3895.0,,2773.0,,1673.0,,24,,4:59.96,,,,,153,True,Relays,78,524,340.0,F,False,2,2024-02-16,2024-02-16,False,,58.99,,597.74,,374
8731,11207,116,4526,,,,,,,,2,,8.33,,,,,157,True,Sprints,382,797,780.5,F,False,2,2024-02-17,2024-02-17,False,,,,,,
8732,11208,116,3933,,,,,,,,2,,8.57,,,,,157,True,Sprints,308,731,673.5,F,False,2,2024-02-17,2024-02-17,False,,,,,,
8733,11209,116,3935,,,,,,,,2,,8.74,,,,,157,True,Sprints,260,686,603.0,F,False,2,2024-02-17,2024-02-17,False,,,,,,
8734,11210,116,3934,,,,,,,,2,,8.71,,,,,157,True,Sprints,268,694,615.0,F,False,2,2024-02-17,2024-02-17,False,,,,,,
8735,11211,116,3940,,,,,,,,2,,9.88,,,,,157,True,Sprints,45,420,255.0,F,False,2,2024-02-17,2024-02-17,False,,,,,,
8736,11212,116,4526,,,,,,,,4,,27.54,,,,,157,True,Sprints,359,780,749.0,F,False,2,2024-02-17,2024-02-17,False,,74.93,,421.82,,559
8737,11213,116,3933,,,,,,,,4,,28.16,,,,,157,True,Sprints,308,733,674.5,F,False,2,2024-02-17,2024-02-17,False,,72.9,,385.41,,521
8738,11214,116,3937,,,,,,,,4,,28.57,,,,,157,True,Sprints,277,702,628.0,F,False,2,2024-02-17,2024-02-17,False,,71.61,,362.2,,496
8739,11215,116,3934,,,,,,,,4,,29.94,,,,,157,True,Sprints,184,604,486.0,F,False,2,2024-02-17,2024-02-17,False,,67.6,,289.25,,419
8740,11216,116,3935,,,,,,,,4,,30.16,,,,,157,True,Sprints,171,589,465.5,F,False,2,2024-02-17,2024-02-17,False,,66.99,,278.15,,407
8741,11217,116,4527,,,,,,,,4,,31.99,,,,,157,True,Sprints,80,471,315.5,F,False,2,2024-02-17,2024-02-17,False,,62.33,,191.77,,316
8742,11218,116,3937,,,,,,,,6,,1:04.48,,,,,157,True,Sprints,254,727,617.5,F,False,2,2024-02-17,2024-02-17,False,,63.14,,401.1,,544
8743,11219,116,4528,,,,,,,,6,,1:07.61,,,,,157,True,Sprints,165,634,482.0,F,False,2,2024-02-17,2024-02-17,False,,59.65,,334.43,,476
8744,11220,116,4529,,,,,,,,6,,1:08.85,,,,,157,True,Sprints,135,600,435.0,F,False,2,2024-02-17,2024-02-17,False,,58.37,,309.7,,451
8745,11221,116,3932,,,,,,,,6,,1:09.70,,,,,157,True,Sprints,116,576,404.0,F,False,2,2024-02-17,2024-02-17,False,,57.52,,293.25,,434
8746,11222,116,3938,,,,,,,,7,,1:28.31,,,,,157,True,Sprints,176,662,507.0,F,False,2,2024-02-17,2024-02-17,False,,,,,,
8759,11235,116,4528,,3932.0,,3938.0,,3937.0,,24,,4:28.84,,,,,157,True,Relays,247,717,605.5,F,False,2,2024-02-17,2024-02-17,False,,66.76,,761.33,,514
8760,11236,116,3933,,285.0,,291.0,,294.0,,24,,4:36.60,,,,,157,True,Relays,196,666,529.0,F,False,2,2024-02-17,2024-02-17,False,,64.64,,717.1,,476
8761,11237,116,3935,,3933.0,,3934.0,,4526.0,,22,,1:57.86,,,,,157,True,Relays,213,731,578.5,F,False,2,2024-02-17,2024-02-17,False,,,,,,
8767,11243,121,3954,,,,,,,,2,,8.93,,,,,157,True,Sprints,212,637,530.5,F,False,2,2024-02-17,2024-02-17,False,,,,,,
8768,11244,121,3956,,,,,,,,2,,9.32,,,,,157,True,Sprints,128,543,399.5,F,False,2,2024-02-17,2024-02-17,False,,,,,,
8769,11245,121,3954,,,,,,,,4,,29.83,,,,,157,True,Sprints,191,611,496.5,F,False,2,2024-02-17,2024-02-17,False,,67.91,,294.86,,425
8993,11529,202,3504,,,,,,,,8,,1:48.51,,,,,160,True,Sprints,197,711,552.5,F,False,2,2024-02-17,2024-02-17,False,,,,,,
9023,11561,56,4102,,,,,,,,2,Prelims,8.91,,,,,161,True,Sprints,217,642,538.0,F,False,2,2024-02-17,2024-02-17,False,,,,,,
9024,11562,56,3797,,,,,,,,2,Prelims,9.06,,,,,161,True,Sprints,182,605,484.5,F,False,2,2024-02-17,2024-02-17,False,,,,,,
9025,11563,56,4103,,,,,,,,2,Prelims,9.25,,,,,161,True,Sprints,142,559,421.5,F,False,2,2024-02-17,2024-02-17,False,,,,,,
9026,11564,56,3795,,,,,,,,4,,27.47,,,,,161,True,Sprints,365,786,758.0,F,False,2,2024-02-17,2024-02-17,False,,75.17,,426.04,,564
9027,11565,56,3564,,,,,,,,4,,29.13,,,,,161,True,Sprints,237,661,567.5,F,False,2,2024-02-17,2024-02-17,False,,69.92,,331.55,,464
9028,11566,56,4102,,,,,,,,4,,31.06,,,,,161,True,Sprints,122,529,386.5,F,False,2,2024-02-17,2024-02-17,False,,64.62,,234.4,,361
9029,11567,56,4105,,,,,,,,6,,1:03.68,,,,,161,True,Sprints,280,752,656.0,F,False,2,2024-02-17,2024-02-17,False,,64.09,,419.19,,563
9041,11579,1,4599,,,,,,,,4,,30.50,,,,,161,True,Sprints,151,566,434.0,F,False,2,2024-02-17,2024-02-17,False,,66.08,,261.32,,389
9042,11580,1,4600,,,,,,,,4,,30.66,,,,,161,True,Sprints,143,555,420.5,F,False,2,2024-02-17,2024-02-17,False,,65.66,,253.53,,381
9057,11595,1,68,,4601.0,,70.0,,65.0,,24,,4:39.72,,,,,161,True,Relays,177,646,500.0,F,False,2,2024-02-17,2024-02-17,False,,63.82,,700.0,,462
9058,11596,1,3975,,4600.0,,86.0,,4599.0,,24,,4:42.61,,,,,161,True,Relays,161,628,475.0,F,False,2,2024-02-17,2024-02-17,False,,63.09,,684.5,,448
9121,11661,61,4609,,,,,,,,2,,8.64,,,,,162,True,Sprints,288,712,644.0,F,False,2,2024-02-17,2024-02-17,False,,,,,,
9122,11662,61,4610,,,,,,,,2,,8.81,,,,,162,True,Sprints,242,668,576.0,F,False,2,2024-02-17,2024-02-17,False,,,,,,
9123,11663,61,4611,,,,,,,,2,,8.88,,,,,162,True,Sprints,224,650,549.0,F,False,2,2024-02-17,2024-02-17,False,,,,,,
9124,11664,61,4018,,,,,,,,4,,27.71,,,,,162,True,Sprints,345,767,728.5,F,False,2,2024-02-17,2024-02-17,False,,74.37,,411.68,,549
9125,11665,61,4023,,,,,,,,4,,27.77,,,,,162,True,Sprints,340,762,721.0,F,False,2,2024-02-17,2024-02-17,False,,74.17,,408.12,,545
9126,11666,61,4609,,,,,,,,4,,28.17,,,,,162,True,Sprints,308,732,674.0,F,False,2,2024-02-17,2024-02-17,False,,72.87,,384.84,,520
9127,11667,61,2249,,,,,,,,4,,29.42,,,,,162,True,Sprints,217,640,537.0,F,False,2,2024-02-17,2024-02-17,False,,69.07,,316.14,,447
9128,11668,61,2252,,,,,,,,4,,30.30,,,,,162,True,Sprints,163,579,452.5,F,False,2,2024-02-17,2024-02-17,False,,66.62,,271.18,,400
9129,11669,61,4024,,,,,,,,4,,30.61,,,,,162,True,Sprints,145,559,424.5,F,False,2,2024-02-17,2024-02-17,False,,65.79,,255.95,,384
9130,11670,61,4016,,,,,,,,6,,59.90,,,,,162,True,Sprints,419,874,856.0,F,False,2,2024-02-17,2024-02-17,False,,69.01,,511.21,,656
9131,11671,61,4023,,,,,,,,6,,1:00.91,,,,,162,True,Sprints,379,841,799.5,F,False,2,2024-02-17,2024-02-17,False,,67.62,,485.51,,630
9132,11672,61,4024,,,,,,,,6,,1:08.46,,,,,162,True,Sprints,144,610,449.0,F,False,2,2024-02-17,2024-02-17,False,,58.77,,317.38,,459
9157,11697,61,4024,,4022.0,,4026.0,,2244.0,,24,,4:32.19,,,,,162,True,Relays,224,695,571.5,F,False,2,2024-02-17,2024-02-17,False,,65.83,,741.93,,497
9158,11698,61,2252,,2256.0,,2242.0,,2249.0,,24,,4:42.31,,,,,162,True,Relays,162,630,477.0,F,False,2,2024-02-17,2024-02-17,False,,63.16,,686.1,,450
9271,11811,56,3798,,,,,,,,6,,1:00.82,,,,,164,True,Sprints,383,844,805.0,F,False,2,2024-02-17,2024-02-17,False,,67.75,,487.76,,632
9286,11826,174,4645,,,,,,,,2,,8.88,,,,,166,True,Sprints,224,650,549.0,F,False,2,2024-02-18,2024-02-18,False,,,,,,
9289,11829,188,3532,,,,,,,,6,,1:01.66,,,,,166,True,Sprints,351,816,759.0,F,False,2,2024-02-18,2024-02-18,False,,66.63,,466.96,,611
9290,11830,174,4646,,,,,,,,6,,1:10.68,,,,,166,True,Sprints,96,550,371.0,F,False,2,2024-02-18,2024-02-18,False,,56.57,,274.78,,415
9293,11833,188,3848,,,,,,,,4,,28.72,,,,,166,True,Sprints,266,691,611.5,F,False,2,2024-02-18,2024-02-18,False,,71.15,,353.87,,487
9294,11834,174,4645,,,,,,,,4,,29.40,,,,,166,True,Sprints,218,642,539.0,F,False,2,2024-02-18,2024-02-18,False,,69.13,,317.19,,449
9295,11835,174,4646,,,,,,,,4,,30.44,,,,,166,True,Sprints,155,570,440.0,F,False,2,2024-02-18,2024-02-18,False,,66.24,,264.26,,393
9365,11908,158,4270,,,,,,,,3,,12.63,,,,,168,True,Sprints,468,869,902.5,F,False,2,2024-02-24,2024-02-24,False,,82.65,,526.35,,641
9366,11909,159,4268,,,,,,,,3,,12.75,,,,,168,True,Sprints,442,846,865.0,F,False,2,2024-02-24,2024-02-24,False,,81.67,,508.94,,621
9367,11910,152,4661,,,,,,,,3,,12.80,,,,,168,True,Sprints,432,837,850.5,F,False,2,2024-02-24,2024-02-24,False,,81.27,,501.78,,613
9368,11911,166,3581,,,,,,,,3,,12.83,,,,,168,True,Sprints,426,832,842.0,F,False,2,2024-02-24,2024-02-24,False,,81.03,,497.51,,608
9369,11912,158,3659,,,,,,,,3,,13.25,,,,,168,True,Sprints,344,757,722.5,F,False,2,2024-02-24,2024-02-24,False,,77.83,,439.78,,541
9370,11913,158,3660,,,,,,,,3,,13.64,,,,,168,True,Sprints,276,691,621.5,F,False,2,2024-02-24,2024-02-24,False,,75.06,,389.35,,483
9371,11914,138,2429,,,,,,,,3,,13.74,,,,,168,True,Sprints,260,675,597.5,F,False,2,2024-02-24,2024-02-24,False,,74.37,,376.88,,468
9372,11915,138,2424,,,,,,,,3,,14.41,,,,,168,True,Sprints,163,569,447.5,F,False,2,2024-02-24,2024-02-24,False,,70.09,,297.81,,377
9373,11916,166,3582,,,,,,,,3,,14.56,,,,,168,True,Sprints,145,547,418.5,F,False,2,2024-02-24,2024-02-24,False,,69.2,,281.1,,357
9374,11917,158,4662,,,,,,,,3,,15.10,,,,,168,True,Sprints,87,470,322.0,F,False,2,2024-02-24,2024-02-24,False,,66.14,,223.7,,291
9375,11918,138,4663,,,,,,,,3,,15.18,,,,,168,True,Sprints,80,460,310.0,F,False,2,2024-02-24,2024-02-24,False,,65.71,,215.55,,282
9376,11919,158,4263,,,,,,,,3,,15.61,,,,,168,True,Sprints,46,403,247.5,F,False,2,2024-02-24,2024-02-24,False,,63.48,,173.14,,233
9432,11975,159,648,,,,,,,,6,,1:03.09,,,,,168,True,Sprints,300,770,685.0,F,False,2,2024-02-24,2024-02-24,False,,64.82,,432.83,,576
9433,11976,159,4285,,,,,,,,6,,1:05.65,,,,,168,True,Sprints,218,692,564.0,F,False,2,2024-02-24,2024-02-24,False,,61.79,,375.44,,518
9434,11977,158,2397,,,,,,,,6,,1:06.61,,,,,168,True,Sprints,191,663,522.5,F,False,2,2024-02-24,2024-02-24,False,,60.72,,355.05,,497
9435,11978,158,3653,,,,,,,,6,,1:07.50,,,,,168,True,Sprints,168,638,487.0,F,False,2,2024-02-24,2024-02-24,False,,59.77,,336.67,,478
9436,11979,158,2403,,,,,,,,6,,1:07.72,,,,,168,True,Sprints,162,631,477.5,F,False,2,2024-02-24,2024-02-24,False,,59.53,,332.2,,474
9437,11980,138,593,,,,,,,,6,,1:08.02,,,,,168,True,Sprints,155,623,466.5,F,False,2,2024-02-24,2024-02-24,False,,59.22,,326.15,,468
9438,11981,139,4302,,,,,,,,6,,1:10.50,,,,,168,True,Sprints,99,554,376.0,F,False,2,2024-02-24,2024-02-24,False,,56.74,,278.13,,419
9439,11982,138,4676,,,,,,,,6,,1:10.51,,,,,168,True,Sprints,99,554,376.0,F,False,2,2024-02-24,2024-02-24,False,,56.73,,277.94,,419
9440,11983,137,2384,,,,,,,,6,,1:11.54,,,,,168,True,Sprints,80,527,343.5,F,False,2,2024-02-24,2024-02-24,False,,55.76,,258.98,,399
9441,11984,159,4246,,,,,,,,6,,1:11.77,,,,,168,True,Sprints,76,521,336.5,F,False,2,2024-02-24,2024-02-24,False,,55.55,,254.82,,395
9442,11985,160,4677,,,,,,,,6,,1:14.03,,,,,168,True,Sprints,42,464,274.0,F,False,2,2024-02-24,2024-02-24,False,,53.53,,215.32,,355
9443,11986,139,4678,,,,,,,,6,,1:14.10,,,,,168,True,Sprints,41,462,272.0,F,False,2,2024-02-24,2024-02-24,False,,53.47,,214.14,,354
9444,11987,159,4679,,,,,,,,6,,1:17.79,,,,,168,True,Sprints,7,377,195.5,F,False,2,2024-02-24,2024-02-24,False,,50.47,,154.69,,293
9445,11988,139,4680,,,,,,,,6,,1:18.78,,,,,168,True,Sprints,3,355,180.5,F,False,2,2024-02-24,2024-02-24,False,,49.72,,139.69,,278
9446,11989,139,4681,,,,,,,,6,,1:20.04,,,,,168,True,Sprints,0,329,164.5,F,False,2,2024-02-24,2024-02-24,False,,48.8,,121.14,,259
9447,11990,136,4674,,,,,,,,6,,1:20.65,,,,,168,True,Sprints,0,316,158.0,F,False,2,2024-02-24,2024-02-24,False,,48.36,,112.36,,250
9448,11991,130,4673,,,,,,,,6,,1:25.21,,,,,168,True,Sprints,0,231,115.5,F,False,2,2024-02-24,2024-02-24,False,,45.32,,50.75,,187
9449,11992,169,4675,,,,,,,,6,,1:32.42,,,,,168,True,Sprints,0,123,61.5,F,False,2,2024-02-24,2024-02-24,False,,41.19,,-34.27,,100
9484,12030,158,4270,,,,,,,,4,,27.58,,,,,168,True,Sprints,356,777,744.5,F,False,2,2024-02-24,2024-02-24,False,,74.8,,419.42,,557
9485,12031,166,3581,,,,,,,,4,,27.75,,,,,168,True,Sprints,342,764,724.0,F,False,2,2024-02-24,2024-02-24,False,,74.23,,409.31,,546
9486,12032,159,648,,,,,,,,4,,28.21,,,,,168,True,Sprints,305,729,669.5,F,False,2,2024-02-24,2024-02-24,False,,72.74,,382.54,,518
9487,12033,158,3660,,,,,,,,4,,29.96,,,,,168,True,Sprints,183,602,484.0,F,False,2,2024-02-24,2024-02-24,False,,67.54,,288.24,,418
9488,12034,166,3582,,,,,,,,4,,30.96,,,,,168,True,Sprints,127,536,395.0,F,False,2,2024-02-24,2024-02-24,False,,64.88,,239.13,,366
9489,12035,138,2429,,,,,,,,4,,29.79,,,,,168,True,Sprints,193,614,500.0,F,False,2,2024-02-24,2024-02-24,False,,68.02,,296.91,,427
9490,12036,158,3659,,,,,,,,4,,30.03,,,,,168,True,Sprints,179,598,478.0,F,False,2,2024-02-24,2024-02-24,False,,67.35,,284.69,,414
9491,12037,169,4241,,,,,,,,4,,32.33,,,,,168,True,Sprints,67,450,292.0,F,False,2,2024-02-24,2024-02-24,False,,61.53,,176.79,,300
9492,12038,169,4299,,,,,,,,4,,33.22,,,,,168,True,Sprints,38,399,237.5,F,False,2,2024-02-24,2024-02-24,False,,59.53,,139.05,,260
9493,12039,158,3664,,,,,,,,4,,29.97,,,,,168,True,Sprints,182,602,483.0,F,False,2,2024-02-24,2024-02-24,False,,67.52,,287.73,,417
9494,12040,159,2163,,,,,,,,4,,32.60,,,,,168,True,Sprints,57,434,274.0,F,False,2,2024-02-24,2024-02-24,False,,60.91,,165.12,,288
9495,12041,158,4263,,,,,,,,4,,33.60,,,,,168,True,Sprints,28,378,217.0,F,False,2,2024-02-24,2024-02-24,False,,58.71,,123.54,,244
9496,12042,158,4662,,,,,,,,4,,34.47,,,,,168,True,Sprints,11,332,177.0,F,False,2,2024-02-24,2024-02-24,False,,56.91,,89.33,,207
9497,12043,130,2414,,,,,,,,4,,29.78,,,,,168,True,Sprints,194,615,501.5,F,False,2,2024-02-24,2024-02-24,False,,68.05,,297.42,,428
9498,12044,138,2424,,,,,,,,4,,30.78,,,,,168,True,Sprints,136,547,409.5,F,False,2,2024-02-24,2024-02-24,False,,65.34,,247.74,,375
9499,12045,139,4678,,,,,,,,4,,31.57,,,,,168,True,Sprints,98,497,346.5,F,False,2,2024-02-24,2024-02-24,False,,63.35,,210.71,,336
9500,12046,139,4688,,,,,,,,4,,33.16,,,,,168,True,Sprints,40,402,241.0,F,False,2,2024-02-24,2024-02-24,False,,59.66,,141.53,,263
9781,12335,56,3793,,,,,,,,2,,7.91,,,,,169,True,Sprints,530,920,990.0,F,False,2,2024-02-24,2024-02-24,False,,,,,,
9782,12336,56,3795,,,,,,,,2,,7.93,,,,,169,True,Sprints,522,914,979.0,F,False,2,2024-02-24,2024-02-24,False,,,,,,
9783,12337,59,3888,,,,,,,,2,,8.18,,,,,169,True,Sprints,432,840,852.0,F,False,2,2024-02-24,2024-02-24,False,,,,,,
9784,12338,124,1945,,,,,,,,2,,8.21,,,,,169,True,Sprints,421,831,836.5,F,False,2,2024-02-24,2024-02-24,False,,,,,,
9785,12339,124,3811,,,,,,,,2,,8.24,,,,,169,True,Sprints,411,823,822.5,F,False,2,2024-02-24,2024-02-24,False,,,,,,
9786,12340,61,4016,,,,,,,,2,,8.25,,,,,169,True,Sprints,408,820,818.0,F,False,2,2024-02-24,2024-02-24,False,,,,,,
9787,12341,61,4018,,,,,,,,2,,8.30,,,,,169,True,Sprints,391,806,794.0,F,False,2,2024-02-24,2024-02-24,False,,,,,,
9788,12342,59,3889,,,,,,,,2,,8.38,,,,,169,True,Sprints,366,783,757.5,F,False,2,2024-02-24,2024-02-24,False,,,,,,
9789,12343,108,3973,,,,,,,,2,,8.40,,,,,169,True,Sprints,359,778,748.0,F,False,2,2024-02-24,2024-02-24,False,,,,,,
9790,12344,61,4017,,,,,,,,2,,8.42,,,,,169,True,Sprints,353,772,739.0,F,False,2,2024-02-24,2024-02-24,False,,,,,,
9791,12345,61,4741,,,,,,,,2,,8.43,,,,,169,True,Sprints,350,769,734.5,F,False,2,2024-02-24,2024-02-24,False,,,,,,
9792,12346,61,4019,,,,,,,,2,,8.49,,,,,169,True,Sprints,332,753,708.5,F,False,2,2024-02-24,2024-02-24,False,,,,,,
9793,12347,107,4742,,,,,,,,2,,8.50,,,,,169,True,Sprints,329,750,704.0,F,False,2,2024-02-24,2024-02-24,False,,,,,,
9794,12348,116,3933,,,,,,,,2,,8.53,,,,,169,True,Sprints,320,742,691.0,F,False,2,2024-02-24,2024-02-24,False,,,,,,
9795,12349,58,4743,,,,,,,,2,,8.55,,,,,169,True,Sprints,314,736,682.0,F,False,2,2024-02-24,2024-02-24,False,,,,,,
9796,12350,36,4744,,,,,,,,2,,8.62,,,,,169,True,Sprints,293,718,652.0,F,False,2,2024-02-24,2024-02-24,False,,,,,,
9797,12351,59,3891,,,,,,,,2,,8.67,,,,,169,True,Sprints,279,704,631.0,F,False,2,2024-02-24,2024-02-24,False,,,,,,
9798,12352,61,4020,,,,,,,,2,,8.67,,,,,169,True,Sprints,279,704,631.0,F,False,2,2024-02-24,2024-02-24,False,,,,,,
9799,12353,117,4090,,,,,,,,2,,8.76,,,,,169,True,Sprints,255,681,595.5,F,False,2,2024-02-24,2024-02-24,False,,,,,,
9800,12354,61,4610,,,,,,,,2,,8.80,,,,,169,True,Sprints,245,670,580.0,F,False,2,2024-02-24,2024-02-24,False,,,,,,
9801,12355,116,3934,,,,,,,,2,,8.81,,,,,169,True,Sprints,242,668,576.0,F,False,2,2024-02-24,2024-02-24,False,,,,,,
9802,12356,56,4745,,,,,,,,2,,8.87,,,,,169,True,Sprints,227,652,553.0,F,False,2,2024-02-24,2024-02-24,False,,,,,,
9803,12357,61,4021,,,,,,,,2,,8.88,,,,,169,True,Sprints,224,650,549.0,F,False,2,2024-02-24,2024-02-24,False,,,,,,
9804,12358,61,4746,,,,,,,,2,,8.89,,,,,169,True,Sprints,222,647,545.5,F,False,2,2024-02-24,2024-02-24,False,,,,,,
9805,12359,56,4102,,,,,,,,2,,8.92,,,,,169,True,Sprints,214,640,534.0,F,False,2,2024-02-24,2024-02-24,False,,,,,,
9806,12360,56,3797,,,,,,,,2,,8.92,,,,,169,True,Sprints,214,640,534.0,F,False,2,2024-02-24,2024-02-24,False,,,,,,
9807,12361,59,3892,,,,,,,,2,,8.93,,,,,169,True,Sprints,212,637,530.5,F,False,2,2024-02-24,2024-02-24,False,,,,,,
9808,12362,61,4609,,,,,,,,2,,8.94,,,,,169,True,Sprints,210,635,527.5,F,False,2,2024-02-24,2024-02-24,False,,,,,,
9809,12363,108,4217,,,,,,,,2,,8.99,,,,,169,True,Sprints,198,622,509.0,F,False,2,2024-02-24,2024-02-24,False,,,,,,
9810,12364,61,4615,,,,,,,,2,,9.01,,,,,169,True,Sprints,193,617,501.5,F,False,2,2024-02-24,2024-02-24,False,,,,,,
9811,12365,61,4611,,,,,,,,2,,9.04,,,,,169,True,Sprints,186,610,491.0,F,False,2,2024-02-24,2024-02-24,False,,,,,,
9812,12366,56,4103,,,,,,,,2,,9.05,,,,,169,True,Sprints,184,607,487.5,F,False,2,2024-02-24,2024-02-24,False,,,,,,
9813,12367,61,4747,,,,,,,,2,,9.09,,,,,169,True,Sprints,175,597,473.5,F,False,2,2024-02-24,2024-02-24,False,,,,,,
9814,12368,59,3894,,,,,,,,2,,9.10,,,,,169,True,Sprints,173,595,470.5,F,False,2,2024-02-24,2024-02-24,False,,,,,,
9815,12369,59,4748,,,,,,,,2,,9.13,,,,,169,True,Sprints,166,588,460.0,F,False,2,2024-02-24,2024-02-24,False,,,,,,
9816,12370,1,3975,,,,,,,,2,,9.24,,,,,169,True,Sprints,144,561,424.5,F,False,2,2024-02-24,2024-02-24,False,,,,,,
9817,12371,36,4749,,,,,,,,2,,9.31,,,,,169,True,Sprints,130,545,402.5,F,False,2,2024-02-24,2024-02-24,False,,,,,,
9818,12372,60,3465,,,,,,,,2,,9.33,,,,,169,True,Sprints,126,540,396.0,F,False,2,2024-02-24,2024-02-24,False,,,,,,
9819,12373,61,4750,,,,,,,,2,,9.37,,,,,169,True,Sprints,119,531,384.5,F,False,2,2024-02-24,2024-02-24,False,,,,,,
9820,12374,59,4074,,,,,,,,2,,9.38,,,,,169,True,Sprints,117,529,381.5,F,False,2,2024-02-24,2024-02-24,False,,,,,,
9821,12375,56,4453,,,,,,,,2,,9.48,,,,,169,True,Sprints,100,506,353.0,F,False,2,2024-02-24,2024-02-24,False,,,,,,
9822,12376,116,3940,,,,,,,,2,,9.52,,,,,169,True,Sprints,93,497,341.5,F,False,2,2024-02-24,2024-02-24,False,,,,,,
9823,12377,36,4751,,,,,,,,2,,9.61,,,,,169,True,Sprints,80,477,318.5,F,False,2,2024-02-24,2024-02-24,False,,,,,,
9824,12378,36,4752,,,,,,,,2,,9.80,,,,,169,True,Sprints,54,437,272.5,F,False,2,2024-02-24,2024-02-24,False,,,,,,
9825,12379,49,2257,,,,,,,,2,,9.80,,,,,169,True,Sprints,54,437,272.5,F,False,2,2024-02-24,2024-02-24,False,,,,,,
9826,12380,59,4215,,,,,,,,2,,9.84,,,,,169,True,Sprints,49,428,263.0,F,False,2,2024-02-24,2024-02-24,False,,,,,,
9827,12381,1,4753,,,,,,,,2,,10.43,,,,,169,True,Sprints,4,315,161.5,F,False,2,2024-02-24,2024-02-24,False,,,,,,
9831,12382,49,2246,,,,,,,,2,,11.45,,,,,169,True,Sprints,0,160,80.0,F,False,2,2024-02-24,2024-02-24,False,,,,,,
9832,12383,61,4016,,4754.0,,4023.0,,4029.0,,24,,4:05.89,,,,,169,True,Relays,433,878,872.0,F,False,2,2024-02-24,2024-02-24,False,,73.9,,908.51,,639
9833,12384,124,3317,,3818.0,,1945.0,,1930.0,,24,,4:19.21,,,,,169,True,Relays,319,783,710.5,F,False,2,2024-02-24,2024-02-24,False,,69.58,,819.92,,564
9834,12385,56,4105,,4106.0,,4755.0,,235.0,,24,,4:23.09,,,,,169,True,Relays,289,756,667.0,F,False,2,2024-02-24,2024-02-24,False,,68.42,,795.8,,543
9835,12386,56,3796,,246.0,,3366.0,,3563.0,,24,,4:25.81,,,,,169,True,Relays,269,737,637.5,F,False,2,2024-02-24,2024-02-24,False,,67.62,,779.31,,529
9836,12387,61,4022,,4026.0,,2245.0,,2242.0,,24,,4:36.02,,,,,169,True,Relays,200,670,535.0,F,False,2,2024-02-24,2024-02-24,False,,64.79,,720.32,,479
9837,12389,127,3617,,85.0,,4757.0,,4758.0,,24,,4:53.97,,,,,169,True,Relays,103,559,382.5,F,False,2,2024-02-24,2024-02-24,False,,60.34,,626.54,,399
9838,12390,117,234,,3977.0,,3972.0,,243.0,,24,,4:59.23,,,,,169,True,Relays,81,529,345.5,F,False,2,2024-02-24,2024-02-24,False,,59.15,,601.19,,377
9839,12391,44,2206,,2208.0,,2204.0,,4759.0,,24,,5:09.45,,,,,169,True,Relays,45,472,281.0,F,False,2,2024-02-24,2024-02-24,False,,56.96,,554.4,,338
9840,12392,61,4760,,4761.0,,4031.0,,4762.0,,24,,5:11.12,,,,,169,True,Relays,40,463,271.5,F,False,2,2024-02-24,2024-02-24,False,,56.61,,547.05,,331
9841,12393,56,3382,,3364.0,,3368.0,,233.0,,24,,5:11.30,,,,,169,True,Relays,40,462,271.0,F,False,2,2024-02-24,2024-02-24,False,,56.58,,546.26,,331
9842,12394,60,4763,,4764.0,,4765.0,,3360.0,,24,,5:12.74,,,,,169,True,Relays,36,454,263.0,F,False,2,2024-02-24,2024-02-24,False,,56.28,,539.99,,325
9843,12395,111,295,,302.0,,304.0,,4766.0,,24,,5:15.45,,,,,169,True,Relays,29,440,249.0,F,False,2,2024-02-24,2024-02-24,False,,55.74,,528.34,,315
9844,12396,107,1935,,4767.0,,4768.0,,1936.0,,24,,5:17.63,,,,,169,True,Relays,24,428,238.0,F,False,2,2024-02-24,2024-02-24,False,,55.31,,519.12,,307
9845,12397,56,4769,,2188.0,,3370.0,,4770.0,,24,,5:17.65,,,,,169,True,Relays,24,428,238.0,F,False,2,2024-02-24,2024-02-24,False,,55.31,,519.04,,307
9846,12398,59,4748,,4520.0,,1667.0,,4771.0,,24,,5:18.88,,,,,169,True,Relays,21,422,232.0,F,False,2,2024-02-24,2024-02-24,False,,55.07,,513.89,,303
9847,12399,116,294,,4140.0,,442.0,,291.0,,24,,5:29.60,,,,,169,True,Relays,5,369,189.5,F,False,2,2024-02-24,2024-02-24,False,,53.06,,470.65,,266
9848,12400,104,4772,,1987.0,,1983.0,,2832.0,,24,,5:29.67,,,,,169,True,Relays,5,369,189.5,F,False,2,2024-02-24,2024-02-24,False,,53.05,,470.38,,266
9849,12401,116,4773,,282.0,,284.0,,448.0,,24,,5:30.39,,,,,169,True,Relays,4,365,186.5,F,False,2,2024-02-24,2024-02-24,False,,52.92,,467.58,,264
9850,12402,120,307,,4740.0,,306.0,,4774.0,,24,,5:33.02,,,,,169,True,Relays,2,353,178.5,F,False,2,2024-02-24,2024-02-24,False,,52.45,,457.44,,255
9851,12403,59,2061,,4775.0,,2062.0,,1673.0,,24,,5:33.78,,,,,169,True,Relays,1,349,175.5,F,False,2,2024-02-24,2024-02-24,False,,52.32,,454.54,,252
9852,12405,117,4778,,4092.0,,69.0,,1970.0,,24,,5:42.30,,,,,169,True,Relays,0,311,155.5,F,False,2,2024-02-24,2024-02-24,False,,50.86,,422.93,,226
9853,12406,44,2207,,2203.0,,4129.0,,4779.0,,24,,5:47.26,,,,,169,True,Relays,0,289,144.5,F,False,2,2024-02-24,2024-02-24,False,,50.05,,405.24,,210
9854,12408,58,2992,,3921.0,,263.0,,4782.0,,24,,5:49.76,,,,,169,True,Relays,0,279,139.5,F,False,2,2024-02-24,2024-02-24,False,,49.65,,396.52,,203
9855,12409,116,3932,,4527.0,,4783.0,,4784.0,,24,,5:52.80,,,,,169,True,Relays,0,266,133.0,F,False,2,2024-02-24,2024-02-24,False,,49.17,,386.07,,194
9856,12410,36,4785,,4786.0,,4749.0,,4787.0,,24,,6:00.86,,,,,169,True,Relays,0,234,117.0,F,False,2,2024-02-24,2024-02-24,False,,47.94,,359.24,,171
9857,12411,36,4751,,4788.0,,4752.0,,4789.0,,24,,6:25.43,,,,,169,True,Relays,0,150,75.0,F,False,2,2024-02-24,2024-02-24,False,,44.54,,284.35,,108
10073,12629,56,3366,,246.0,,235.0,,4106.0,,26,,9:55.74,,,,,169,True,Relays,0,0,0.0,F,False,2,2024-02-24,2024-02-24,False,,,,,,
10074,12630,124,3317,,1926.0,,1930.0,,3822.0,,26,,10:00.92,,,,,169,True,Relays,0,0,0.0,F,False,2,2024-02-24,2024-02-24,False,,,,,,
10075,12631,61,4754,,2245.0,,1619.0,,2242.0,,26,,10:00.98,,,,,169,True,Relays,0,0,0.0,F,False,2,2024-02-24,2024-02-24,False,,,,,,
10076,12632,117,243,,234.0,,237.0,,239.0,,26,,10:09.07,,,,,169,True,Relays,0,0,0.0,F,False,2,2024-02-24,2024-02-24,False,,,,,,
10077,12633,1,67,,68.0,,70.0,,65.0,,26,,10:14.73,,,,,169,True,Relays,0,0,0.0,F,False,2,2024-02-24,2024-02-24,False,,,,,,
10078,12634,124,1931,,2850.0,,1925.0,,2824.0,,26,,10:29.34,,,,,169,True,Relays,0,0,0.0,F,False,2,2024-02-24,2024-02-24,False,,,,,,
10079,12635,61,4811,,4612.0,,4804.0,,2254.0,,26,,10:55.16,,,,,169,True,Relays,0,0,0.0,F,False,2,2024-02-24,2024-02-24,False,,,,,,
10080,12636,61,4791,,4795.0,,2244.0,,4030.0,,26,,11:00.19,,,,,169,True,Relays,0,0,0.0,F,False,2,2024-02-24,2024-02-24,False,,,,,,
10081,12637,124,4812,,1966.0,,1948.0,,1953.0,,26,,11:00.23,,,,,169,True,Relays,0,0,0.0,F,False,2,2024-02-24,2024-02-24,False,,,,,,
10082,12638,107,1942,,1949.0,,1936.0,,1935.0,,26,,11:03.11,,,,,169,True,Relays,0,0,0.0,F,False,2,2024-02-24,2024-02-24,False,,,,,,
10083,12639,124,1933,,1952.0,,1939.0,,3824.0,,26,,11:04.94,,,,,169,True,Relays,0,0,0.0,F,False,2,2024-02-24,2024-02-24,False,,,,,,
10084,12640,117,4813,,3968.0,,236.0,,1956.0,,26,,11:12.32,,,,,169,True,Relays,0,0,0.0,F,False,2,2024-02-24,2024-02-24,False,,,,,,
10085,12641,61,4026,,4814.0,,4027.0,,4815.0,,26,,11:20.23,,,,,169,True,Relays,0,0,0.0,F,False,2,2024-02-24,2024-02-24,False,,,,,,
10086,12642,56,4454,,3382.0,,3797.0,,3364.0,,26,,11:22.03,,,,,169,True,Relays,0,0,0.0,F,False,2,2024-02-24,2024-02-24,False,,,,,,
10087,12643,58,4816,,4817.0,,263.0,,4782.0,,26,,11:22.32,,,,,169,True,Relays,0,0,0.0,F,False,2,2024-02-24,2024-02-24,False,,,,,,
10088,12644,60,3371,,4763.0,,4764.0,,3360.0,,26,,11:22.58,,,,,169,True,Relays,0,0,0.0,F,False,2,2024-02-24,2024-02-24,False,,,,,,
10089,12645,44,4759,,2204.0,,2208.0,,2206.0,,26,,11:35.85,,,,,169,True,Relays,0,0,0.0,F,False,2,2024-02-24,2024-02-24,False,,,,,,
10090,12646,124,1957,,4818.0,,1975.0,,4819.0,,26,,11:41.41,,,,,169,True,Relays,0,0,0.0,F,False,2,2024-02-24,2024-02-24,False,,,,,,
10091,12647,111,295,,302.0,,4766.0,,304.0,,26,,11:42.81,,,,,169,True,Relays,0,0,0.0,F,False,2,2024-02-24,2024-02-24,False,,,,,,
10092,12648,36,4751,,4752.0,,4786.0,,4788.0,,26,,11:45.63,,,,,169,True,Relays,0,0,0.0,F,False,2,2024-02-24,2024-02-24,False,,,,,,
10093,12649,36,4785,,4820.0,,4821.0,,4822.0,,26,,11:53.05,,,,,169,True,Relays,0,0,0.0,F,False,2,2024-02-24,2024-02-24,False,,,,,,
10094,12650,60,4776,,3460.0,,3379.0,,4765.0,,26,,11:59.86,,,,,169,True,Relays,0,0,0.0,F,False,2,2024-02-24,2024-02-24,False,,,,,,
10095,12651,59,4520,,4215.0,,2062.0,,1673.0,,26,,12:00.26,,,,,169,True,Relays,0,0,0.0,F,False,2,2024-02-24,2024-02-24,False,,,,,,
10096,12652,117,4092,,4823.0,,4778.0,,4824.0,,26,,12:02.27,,,,,169,True,Relays,0,0,0.0,F,False,2,2024-02-24,2024-02-24,False,,,,,,
10097,12653,120,4774,,306.0,,307.0,,293.0,,26,,12:06.93,,,,,169,True,Relays,0,0,0.0,F,False,2,2024-02-24,2024-02-24,False,,,,,,
10098,12667,59,4826,,4834.0,,3891.0,,2061.0,,29,,4:24.42,,,,,169,True,Relays,0,0,0.0,F,False,2,2024-02-24,2024-02-24,False,,,,,,
10099,12668,56,3795,,4105.0,,3796.0,,4835.0,,29,,4:33.33,,,,,169,True,Relays,0,0,0.0,F,False,2,2024-02-24,2024-02-24,False,,,,,,
10100,12669,56,3564,,4102.0,,3563.0,,235.0,,29,,4:40.57,,,,,169,True,Relays,0,0,0.0,F,False,2,2024-02-24,2024-02-24,False,,,,,,
10101,12670,117,3972,,1970.0,,237.0,,3977.0,,29,,4:40.73,,,,,169,True,Relays,0,0,0.0,F,False,2,2024-02-24,2024-02-24,False,,,,,,
10102,12671,116,3933,,3934.0,,3938.0,,4783.0,,29,,4:44.43,,,,,169,True,Relays,0,0,0.0,F,False,2,2024-02-24,2024-02-24,False,,,,,,
10103,12672,107,4742,,4836.0,,1949.0,,1942.0,,29,,4:56.02,,,,,169,True,Relays,0,0,0.0,F,False,2,2024-02-24,2024-02-24,False,,,,,,
10104,12673,108,4809,,3638.0,,3637.0,,3980.0,,29,,4:57.87,,,,,169,True,Relays,0,0,0.0,F,False,2,2024-02-24,2024-02-24,False,,,,,,
10105,12674,124,4829,,3818.0,,1939.0,,3820.0,,29,,5:04.39,,,,,169,True,Relays,0,0,0.0,F,False,2,2024-02-24,2024-02-24,False,,,,,,
10106,12675,36,4837,,4751.0,,4822.0,,4752.0,,29,,5:12.28,,,,,169,True,Relays,0,0,0.0,F,False,2,2024-02-24,2024-02-24,False,,,,,,
10107,12676,59,4748,,3893.0,,3894.0,,1667.0,,29,,5:15.37,,,,,169,True,Relays,0,0,0.0,F,False,2,2024-02-24,2024-02-24,False,,,,,,
10108,12677,127,4830,,3617.0,,4806.0,,4801.0,,29,,5:38.76,,,,,169,True,Relays,0,0,0.0,F,False,2,2024-02-24,2024-02-24,False,,,,,,
10123,12655,59,4826,,4827.0,,3893.0,,3891.0,,22,,1:51.93,,,,,169,True,Relays,320,826,733.0,F,False,2,2024-02-24,2024-02-24,False,,,,,,
10684,13263,174,4956,,4957.0,,2083.0,,2072.0,,26,,11:02.85,,,,,170,True,Relays,0,0,0.0,F,False,2,2024-02-25,2024-02-25,False,,,,,,
10693,13275,203,4242,,,,,,,,2,,8.01,,,,,170,True,Sprints,492,890,937.0,F,False,2,2024-02-25,2024-02-25,False,,,,,,
10694,13276,203,4243,,,,,,,,2,,8.22,,,,,170,True,Sprints,418,828,832.0,F,False,2,2024-02-25,2024-02-25,False,,,,,,
10695,13277,174,4962,,,,,,,,2,,8.25,,,,,170,True,Sprints,408,820,818.0,F,False,2,2024-02-25,2024-02-25,False,,,,,,
10696,13278,203,4489,,,,,,,,2,,8.45,,,,,170,True,Sprints,344,764,726.0,F,False,2,2024-02-25,2024-02-25,False,,,,,,
10697,13279,188,3526,,,,,,,,2,,8.59,,,,,170,True,Sprints,302,726,665.0,F,False,2,2024-02-25,2024-02-25,False,,,,,,
10698,13280,203,4290,,,,,,,,2,,8.62,,,,,170,True,Sprints,293,718,652.0,F,False,2,2024-02-25,2024-02-25,False,,,,,,
10699,13281,206,4963,,,,,,,,2,,8.66,,,,,170,True,Sprints,282,707,635.5,F,False,2,2024-02-25,2024-02-25,False,,,,,,
10700,13282,203,4245,,,,,,,,2,,8.72,,,,,170,True,Sprints,266,691,611.5,F,False,2,2024-02-25,2024-02-25,False,,,,,,
10701,13283,174,4645,,,,,,,,2,,8.79,,,,,170,True,Sprints,247,673,583.5,F,False,2,2024-02-25,2024-02-25,False,,,,,,
10702,13284,188,3527,,,,,,,,2,,8.91,,,,,170,True,Sprints,217,642,538.0,F,False,2,2024-02-25,2024-02-25,False,,,,,,
10703,13285,206,4469,,,,,,,,2,,8.95,,,,,170,True,Sprints,207,632,523.0,F,False,2,2024-02-25,2024-02-25,False,,,,,,
10704,13286,199,4964,,,,,,,,2,,9.05,,,,,170,True,Sprints,184,607,487.5,F,False,2,2024-02-25,2024-02-25,False,,,,,,
10705,13287,199,3537,,,,,,,,2,,9.13,,,,,170,True,Sprints,166,588,460.0,F,False,2,2024-02-25,2024-02-25,False,,,,,,
10706,13288,204,3597,,,,,,,,2,,9.14,,,,,170,True,Sprints,164,585,456.5,F,False,2,2024-02-25,2024-02-25,False,,,,,,
10707,13289,203,4491,,,,,,,,2,,9.44,,,,,170,True,Sprints,107,515,364.5,F,False,2,2024-02-25,2024-02-25,False,,,,,,
10708,13290,188,3529,,,,,,,,2,,9.47,,,,,170,True,Sprints,102,508,356.0,F,False,2,2024-02-25,2024-02-25,False,,,,,,
10709,13291,191,4965,,,,,,,,2,,9.62,,,,,170,True,Sprints,78,475,315.5,F,False,2,2024-02-25,2024-02-25,False,,,,,,
10710,13292,188,3530,,,,,,,,2,,9.95,,,,,170,True,Sprints,37,406,240.0,F,False,2,2024-02-25,2024-02-25,False,,,,,,
10739,13264,196,819,,859.0,,833.0,,4958.0,,26,,11:49.53,,,,,170,True,Relays,0,0,0.0,F,False,2,2024-02-25,2024-02-25,False,,,,,,
10760,13342,188,3532,,,,,,,,6,,1:01.99,,,,,170,True,Sprints,339,805,741.5,F,False,2,2024-02-25,2024-02-25,False,,66.21,,458.95,,603
10761,13343,199,3533,,,,,,,,6,,1:03.35,,,,,170,True,Sprints,291,762,672.0,F,False,2,2024-02-25,2024-02-25,False,,64.5,,426.79,,570
10762,13344,203,4492,,,,,,,,6,,1:05.93,,,,,170,True,Sprints,210,683,551.5,F,False,2,2024-02-25,2024-02-25,False,,61.48,,369.43,,512
10763,13345,206,4963,,,,,,,,6,,1:06.13,,,,,170,True,Sprints,205,678,544.0,F,False,2,2024-02-25,2024-02-25,False,,61.25,,365.17,,507
10764,13346,171,1034,,,,,,,,6,,1:06.83,,,,,170,True,Sprints,185,657,513.5,F,False,2,2024-02-25,2024-02-25,False,,60.49,,350.46,,492
10765,13347,188,3534,,,,,,,,6,,1:08.03,,,,,170,True,Sprints,154,623,465.5,F,False,2,2024-02-25,2024-02-25,False,,59.21,,325.95,,468
10766,13348,174,4646,,,,,,,,6,,1:08.63,,,,,170,True,Sprints,140,606,443.0,F,False,2,2024-02-25,2024-02-25,False,,58.59,,314.02,,455
10767,13349,204,3597,,,,,,,,6,,1:08.81,,,,,170,True,Sprints,136,601,436.5,F,False,2,2024-02-25,2024-02-25,False,,58.41,,310.48,,452
10768,13350,196,861,,,,,,,,6,,1:20.20,,,,,170,True,Sprints,0,325,162.5,F,False,2,2024-02-25,2024-02-25,False,,48.68,,118.82,,256
10785,13369,203,4242,,,,,,,,4,,26.71,,,,,170,True,Sprints,434,847,857.5,F,False,2,2024-02-25,2024-02-25,False,,77.83,,473.21,,614
10786,13370,199,3533,,,,,,,,4,,27.61,,,,,170,True,Sprints,353,775,740.5,F,False,2,2024-02-25,2024-02-25,False,,74.7,,417.63,,555
10787,13371,203,4243,,,,,,,,4,,27.87,,,,,170,True,Sprints,332,755,709.5,F,False,2,2024-02-25,2024-02-25,False,,73.84,,402.24,,539
10788,13372,188,3848,,,,,,,,4,,27.93,,,,,170,True,Sprints,327,750,702.0,F,False,2,2024-02-25,2024-02-25,False,,73.64,,398.73,,535
10789,13373,174,4962,,,,,,,,4,,28.54,,,,,170,True,Sprints,279,704,631.0,F,False,2,2024-02-25,2024-02-25,False,,71.7,,363.87,,498
10790,13374,203,4489,,,,,,,,4,,28.88,,,,,170,True,Sprints,254,679,593.5,F,False,2,2024-02-25,2024-02-25,False,,70.67,,345.09,,478
10791,13375,188,4981,,,,,,,,4,,29.05,,,,,170,True,Sprints,242,667,575.5,F,False,2,2024-02-25,2024-02-25,False,,70.16,,335.86,,468
10792,13376,191,4982,,,,,,,,4,,29.13,,,,,170,True,Sprints,237,661,567.5,F,False,2,2024-02-25,2024-02-25,False,,69.92,,331.55,,464
10793,13377,174,4645,,,,,,,,4,,29.39,,,,,170,True,Sprints,219,642,540.0,F,False,2,2024-02-25,2024-02-25,False,,69.16,,317.72,,449
10794,13378,188,3526,,,,,,,,4,,29.76,,,,,170,True,Sprints,195,616,503.0,F,False,2,2024-02-25,2024-02-25,False,,68.1,,298.45,,429
10795,13379,188,4983,,,,,,,,4,,30.07,,,,,170,True,Sprints,176,595,473.5,F,False,2,2024-02-25,2024-02-25,False,,67.24,,282.67,,412
10796,13380,206,4966,,,,,,,,4,,30.12,,,,,170,True,Sprints,173,591,468.5,F,False,2,2024-02-25,2024-02-25,False,,67.1,,280.16,,409
10797,13381,180,2086,,,,,,,,4,,30.39,,,,,170,True,Sprints,158,573,444.5,F,False,2,2024-02-25,2024-02-25,False,,66.37,,266.73,,395
10798,13382,188,4984,,,,,,,,4,,30.56,,,,,170,True,Sprints,148,562,429.0,F,False,2,2024-02-25,2024-02-25,False,,65.92,,258.39,,386
10799,13383,196,4985,,,,,,,,4,,30.57,,,,,170,True,Sprints,148,561,428.5,F,False,2,2024-02-25,2024-02-25,False,,65.89,,257.9,,386
10800,13384,188,3527,,,,,,,,4,,30.59,,,,,170,True,Sprints,146,560,426.0,F,False,2,2024-02-25,2024-02-25,False,,65.84,,256.93,,385
10801,13385,204,3597,,,,,,,,4,,31.59,,,,,170,True,Sprints,97,496,345.0,F,False,2,2024-02-25,2024-02-25,False,,63.3,,209.79,,335
10802,13386,196,861,,,,,,,,4,,32.89,,,,,170,True,Sprints,48,418,257.0,F,False,2,2024-02-25,2024-02-25,False,,60.25,,152.81,,274
10803,13387,196,4986,,,,,,,,4,,33.06,,,,,170,True,Sprints,43,408,247.0,F,False,2,2024-02-25,2024-02-25,False,,59.88,,145.68,,267
10804,13388,203,4491,,,,,,,,4,,33.12,,,,,170,True,Sprints,41,405,243.5,F,False,2,2024-02-25,2024-02-25,False,,59.74,,143.19,,264
10805,13389,206,4470,,,,,,,,4,,34.31,,,,,170,True,Sprints,14,340,184.0,F,False,2,2024-02-25,2024-02-25,False,,57.23,,95.49,,214
10806,13390,188,3530,,,,,,,,4,,34.37,,,,,170,True,Sprints,13,337,181.5,F,False,2,2024-02-25,2024-02-25,False,,57.11,,93.17,,211
10807,13391,204,831,,,,,,,,4,,36.57,,,,,170,True,Sprints,0,233,116.5,F,False,2,2024-02-25,2024-02-25,False,,52.97,,13.45,,127
10815,13400,188,3532,,4981.0,,2081.0,,3534.0,,24,,4:22.72,,,,,170,True,Relays,291,758,670.0,F,False,2,2024-02-25,2024-02-25,False,,68.53,,798.07,,545
10816,13401,174,1759,,1767.0,,2100.0,,2084.0,,24,,4:45.14,,,,,170,True,Relays,147,612,453.0,F,False,2,2024-02-25,2024-02-25,False,,62.45,,671.19,,437
10817,13402,191,2079,,2097.0,,3201.0,,4982.0,,24,,4:59.73,,,,,170,True,Relays,79,526,342.0,F,False,2,2024-02-25,2024-02-25,False,,59.04,,598.83,,375
10818,13404,188,3527,,3526.0,,3848.0,,4983.0,,22,,1:56.80,,,,,170,True,Relays,230,748,604.0,F,False,2,2024-02-25,2024-02-25,False,,,,,,
10819,13405,199,3533,,3537.0,,1776.0,,4964.0,,22,,1:58.87,,,,,170,True,Relays,196,716,554.0,F,False,2,2024-02-25,2024-02-25,False,,,,,,
10820,13406,174,1767,,4646.0,,4645.0,,2084.0,,22,,1:57.92,,,,,170,True,Relays,212,730,577.0,F,False,2,2024-02-25,2024-02-25,False,,,,,,
10821,13407,206,4966,,4469.0,,4978.0,,4963.0,,22,,2:03.13,,,,,170,True,Relays,135,652,461.0,F,False,2,2024-02-25,2024-02-25,False,,,,,,
10822,13408,196,4986,,861.0,,4977.0,,4985.0,,22,,2:09.60,,,,,170,True,Relays,64,560,344.0,F,False,2,2024-02-25,2024-02-25,False,,,,,,
10823,13409,204,831,,2106.0,,1726.0,,1757.0,,22,,2:21.64,,,,,170,True,Relays,1,408,205.0,F,False,2,2024-02-25,2024-02-25,False,,,,,,
10845,13403,196,861,,3030.0,,833.0,,825.0,,24,,5:09.38,,,,,170,True,Relays,45,472,281.0,F,False,2,2024-02-25,2024-02-25,False,,56.97,,554.71,,338
11274,13867,203,5056,,,,,,,,2,,8.81,,,,,177,True,Sprints,242,668,576.0,F,False,2,2024-03-03,2024-03-03,False,,,,,,
11275,13868,204,809,,,,,,,,2,,8.95,,,,,177,True,Sprints,207,632,523.0,F,False,2,2024-03-03,2024-03-03,False,,,,,,
11276,13869,203,4225,,,,,,,,2,,9.07,,,,,177,True,Sprints,180,602,481.0,F,False,2,2024-03-03,2024-03-03,False,,,,,,
11277,13870,174,4646,,,,,,,,2,,9.09,,,,,177,True,Sprints,175,597,473.5,F,False,2,2024-03-03,2024-03-03,False,,,,,,
11278,13871,196,4985,,,,,,,,2,,9.13,,,,,177,True,Sprints,166,588,460.0,F,False,2,2024-03-03,2024-03-03,False,,,,,,
11279,13872,203,4973,,,,,,,,2,,9.25,,,,,177,True,Sprints,142,559,421.5,F,False,2,2024-03-03,2024-03-03,False,,,,,,
11280,13873,206,4469,,,,,,,,2,,9.34,,,,,177,True,Sprints,125,538,394.0,F,False,2,2024-03-03,2024-03-03,False,,,,,,
11281,13874,186,5057,,,,,,,,2,,9.48,,,,,177,True,Sprints,100,506,353.0,F,False,2,2024-03-03,2024-03-03,False,,,,,,
11282,13875,174,2083,,,,,,,,2,,9.53,,,,,177,True,Sprints,92,495,339.5,F,False,2,2024-03-03,2024-03-03,False,,,,,,
11283,13876,203,5058,,,,,,,,2,,9.55,,,,,177,True,Sprints,89,490,334.0,F,False,2,2024-03-03,2024-03-03,False,,,,,,
11284,13877,188,807,,,,,,,,2,,9.66,,,,,177,True,Sprints,72,466,305.0,F,False,2,2024-03-03,2024-03-03,False,,,,,,
11285,13878,172,5059,,,,,,,,2,,9.73,,,,,177,True,Sprints,63,451,288.5,F,False,2,2024-03-03,2024-03-03,False,,,,,,
11286,13879,203,4300,,,,,,,,2,,9.82,,,,,177,True,Sprints,51,432,267.0,F,False,2,2024-03-03,2024-03-03,False,,,,,,
11287,13880,188,3530,,,,,,,,2,,9.87,,,,,177,True,Sprints,46,422,257.0,F,False,2,2024-03-03,2024-03-03,False,,,,,,
11288,13881,186,3184,,,,,,,,2,,9.97,,,,,177,True,Sprints,35,402,236.0,F,False,2,2024-03-03,2024-03-03,False,,,,,,
11289,13883,196,833,,,,,,,,2,,10.12,,,,,177,True,Sprints,22,372,208.0,F,False,2,2024-03-03,2024-03-03,False,,,,,,
11290,13884,180,1785,,,,,,,,2,,10.21,,,,,177,True,Sprints,15,355,192.5,F,False,2,2024-03-03,2024-03-03,False,,,,,,
11291,13885,191,4965,,,,,,,,2,,10.26,,,,,177,True,Sprints,12,346,185.0,F,False,2,2024-03-03,2024-03-03,False,,,,,,
11292,13888,191,5060,,,,,,,,2,,10.52,,,,,177,True,Sprints,1,299,150.5,F,False,2,2024-03-03,2024-03-03,False,,,,,,
11293,13889,203,3035,,,,,,,,2,,10.60,,,,,177,True,Sprints,0,286,143.0,F,False,2,2024-03-03,2024-03-03,False,,,,,,
11294,13890,208,3188,,,,,,,,2,,10.60,,,,,177,True,Sprints,0,286,143.0,F,False,2,2024-03-03,2024-03-03,False,,,,,,
11295,13892,174,4957,,,,,,,,2,,10.69,,,,,177,True,Sprints,0,271,135.5,F,False,2,2024-03-03,2024-03-03,False,,,,,,
11296,13893,204,831,,,,,,,,2,,13.85,,,,,177,True,Sprints,0,0,0.0,F,False,2,2024-03-03,2024-03-03,False,,,,,,
11297,13894,196,4977,,,,,,,,2,,13.93,,,,,177,True,Sprints,0,0,0.0,F,False,2,2024-03-03,2024-03-03,False,,,,,,
11311,13908,203,4242,,,,,,,,2,,7.98,,,,,177,True,Sprints,503,899,952.5,F,False,2,2024-03-03,2024-03-03,False,,,,,,
11312,13909,199,3533,,,,,,,,2,,8.10,,,,,177,True,Sprints,460,863,891.5,F,False,2,2024-03-03,2024-03-03,False,,,,,,
11313,13910,203,4243,,,,,,,,2,,8.17,,,,,177,True,Sprints,435,843,856.5,F,False,2,2024-03-03,2024-03-03,False,,,,,,
11314,13911,174,4962,,,,,,,,2,,8.36,,,,,177,True,Sprints,372,789,766.5,F,False,2,2024-03-03,2024-03-03,False,,,,,,
11315,13912,203,4290,,,,,,,,2,,8.48,,,,,177,True,Sprints,335,755,712.5,F,False,2,2024-03-03,2024-03-03,False,,,,,,
11316,13913,178,4271,,,,,,,,2,,8.72,,,,,177,True,Sprints,266,691,611.5,F,False,2,2024-03-03,2024-03-03,False,,,,,,
11317,13914,203,5063,,,,,,,,2,,8.74,,,,,177,True,Sprints,260,686,603.0,F,False,2,2024-03-03,2024-03-03,False,,,,,,
11318,13915,203,4226,,,,,,,,2,,8.79,,,,,177,True,Sprints,247,673,583.5,F,False,2,2024-03-03,2024-03-03,False,,,,,,
11353,13953,203,4242,,,,,,,,4,,26.49,,,,,177,True,Sprints,454,865,886.5,F,False,2,2024-03-03,2024-03-03,False,,78.63,,487.38,,629
11354,13954,203,4243,,,,,,,,4,,27.06,,,,,177,True,Sprints,401,818,810.0,F,False,2,2024-03-03,2024-03-03,False,,76.58,,451.16,,590
11355,13955,188,3848,,,,,,,,4,,28.05,,,,,177,True,Sprints,317,741,687.5,F,False,2,2024-03-03,2024-03-03,False,,73.25,,391.75,,527
11356,13956,174,4962,,,,,,,,4,,28.16,,,,,177,True,Sprints,308,733,674.5,F,False,2,2024-03-03,2024-03-03,False,,72.9,,385.41,,521
11357,13957,204,809,,,,,,,,4,,28.91,,,,,177,True,Sprints,252,677,590.5,F,False,2,2024-03-03,2024-03-03,False,,70.57,,343.45,,476
11358,13958,178,4271,,,,,,,,4,,29.03,,,,,177,True,Sprints,244,668,578.0,F,False,2,2024-03-03,2024-03-03,False,,70.22,,336.94,,469
11360,13886,204,857,,,,,,,,2,,10.28,,,,,177,True,Sprints,11,342,182.0,F,False,2,2024-03-03,2024-03-03,False,,,,,,
11361,13882,196,819,,,,,,,,2,,10.04,,,,,177,True,Sprints,28,388,222.0,F,False,2,2024-03-03,2024-03-03,False,,,,,,
11362,13887,188,823,,,,,,,,2,,10.42,,,,,177,True,Sprints,5,317,163.5,F,False,2,2024-03-03,2024-03-03,False,,,,,,
11364,13959,188,4983,,,,,,,,4,,29.37,,,,,177,True,Sprints,220,644,542.0,F,False,2,2024-03-03,2024-03-03,False,,69.22,,318.77,,450
11365,13960,206,4963,,,,,,,,4,,29.41,,,,,177,True,Sprints,218,641,538.5,F,False,2,2024-03-03,2024-03-03,False,,69.1,,316.67,,448
11366,13961,204,3598,,,,,,,,4,,29.48,,,,,177,True,Sprints,213,636,531.0,F,False,2,2024-03-03,2024-03-03,False,,68.9,,312.99,,444
11367,13962,196,4985,,,,,,,,4,,29.65,,,,,177,True,Sprints,202,624,514.0,F,False,2,2024-03-03,2024-03-03,False,,68.41,,304.13,,435
11368,13963,203,5056,,,,,,,,4,,29.70,,,,,177,True,Sprints,199,620,509.0,F,False,2,2024-03-03,2024-03-03,False,,68.27,,301.54,,432
11369,13964,203,5063,,,,,,,,4,,29.77,,,,,177,True,Sprints,194,616,502.0,F,False,2,2024-03-03,2024-03-03,False,,68.07,,297.94,,428
11370,13965,203,4225,,,,,,,,4,,30.36,,,,,177,True,Sprints,159,575,446.5,F,False,2,2024-03-03,2024-03-03,False,,66.45,,268.21,,397
11371,13966,174,4646,,,,,,,,4,,30.45,,,,,177,True,Sprints,154,569,438.5,F,False,2,2024-03-03,2024-03-03,False,,66.21,,263.77,,392
11372,13967,204,3597,,,,,,,,4,,30.55,,,,,177,True,Sprints,149,563,430.5,F,False,2,2024-03-03,2024-03-03,False,,65.95,,258.88,,387
11373,13968,203,5058,,,,,,,,4,,30.59,,,,,177,True,Sprints,146,560,426.0,F,False,2,2024-03-03,2024-03-03,False,,65.84,,256.93,,385
11374,13969,188,4968,,,,,,,,4,,31.25,,,,,177,True,Sprints,113,517,371.5,F,False,2,2024-03-03,2024-03-03,False,,64.14,,225.48,,351
11375,13970,188,807,,,,,,,,4,,31.74,,,,,177,True,Sprints,91,486,334.0,F,False,2,2024-03-03,2024-03-03,False,,62.93,,202.98,,328
11376,13971,178,5070,,,,,,,,4,,31.75,,,,,177,True,Sprints,90,486,333.0,F,False,2,2024-03-03,2024-03-03,False,,62.91,,202.53,,327
11377,13972,203,4973,,,,,,,,4,,31.79,,,,,177,True,Sprints,88,483,329.5,F,False,2,2024-03-03,2024-03-03,False,,62.81,,200.72,,325
11378,13973,210,5071,,,,,,,,4,,32.02,,,,,177,True,Sprints,79,469,313.5,F,False,2,2024-03-03,2024-03-03,False,,62.26,,190.43,,314
11379,13974,186,5057,,,,,,,,4,,32.21,,,,,177,True,Sprints,72,458,301.0,F,False,2,2024-03-03,2024-03-03,False,,61.81,,182.04,,305
11380,13975,196,861,,,,,,,,4,,32.29,,,,,177,True,Sprints,68,453,294.5,F,False,2,2024-03-03,2024-03-03,False,,61.62,,178.54,,302
11381,13976,204,2106,,,,,,,,4,,32.36,,,,,177,True,Sprints,66,449,290.5,F,False,2,2024-03-03,2024-03-03,False,,61.46,,175.49,,299
11382,13977,196,4986,,,,,,,,4,,32.46,,,,,177,True,Sprints,62,443,283.5,F,False,2,2024-03-03,2024-03-03,False,,61.23,,171.15,,294
11383,13978,208,5072,,,,,,,,4,,32.69,,,,,177,True,Sprints,54,429,268.5,F,False,2,2024-03-03,2024-03-03,False,,60.7,,161.28,,283
11384,13979,203,4226,,,,,,,,4,,32.95,,,,,177,True,Sprints,46,414,253.0,F,False,2,2024-03-03,2024-03-03,False,,60.12,,150.28,,272
11385,13980,180,5055,,,,,,,,4,,33.09,,,,,177,True,Sprints,42,406,245.0,F,False,2,2024-03-03,2024-03-03,False,,59.81,,144.44,,266
11386,13981,208,5073,,,,,,,,4,,33.48,,,,,177,True,Sprints,31,385,223.5,F,False,2,2024-03-03,2024-03-03,False,,58.96,,128.4,,249
11387,13982,188,3530,,,,,,,,4,,33.72,,,,,177,True,Sprints,25,372,211.0,F,False,2,2024-03-03,2024-03-03,False,,58.45,,118.72,,238
11388,13984,186,3184,,,,,,,,4,,34.32,,,,,177,True,Sprints,14,340,184.0,F,False,2,2024-03-03,2024-03-03,False,,57.21,,95.1,,213
11389,13986,180,1785,,,,,,,,4,,34.45,,,,,177,True,Sprints,11,333,177.5,F,False,2,2024-03-03,2024-03-03,False,,56.95,,90.1,,208
11390,13987,194,5069,,,,,,,,4,,34.72,,,,,177,True,Sprints,8,319,167.5,F,False,2,2024-03-03,2024-03-03,False,,56.41,,79.82,,197
11391,13988,210,5067,,,,,,,,4,,34.90,,,,,177,True,Sprints,5,310,160.0,F,False,2,2024-03-03,2024-03-03,False,,56.06,,73.05,,190
11392,13989,196,833,,,,,,,,4,,34.91,,,,,177,True,Sprints,5,310,160.0,F,False,2,2024-03-03,2024-03-03,False,,56.04,,72.68,,190
11393,13990,174,2083,,,,,,,,4,,35.31,,,,,177,True,Sprints,2,291,147.5,F,False,2,2024-03-03,2024-03-03,False,,55.27,,57.9,,174
11394,13991,203,3035,,,,,,,,4,,35.31,,,,,177,True,Sprints,2,291,147.5,F,False,2,2024-03-03,2024-03-03,False,,55.27,,57.9,,174
11395,13992,196,4977,,,,,,,,4,,35.60,,,,,177,True,Sprints,0,277,138.5,F,False,2,2024-03-03,2024-03-03,False,,54.72,,47.39,,163
11396,13994,174,4957,,,,,,,,4,,36.98,,,,,177,True,Sprints,0,216,108.0,F,False,2,2024-03-03,2024-03-03,False,,52.26,,-0.36,,112
11397,13995,208,3188,,,,,,,,4,,37.62,,,,,177,True,Sprints,0,191,95.5,F,False,2,2024-03-03,2024-03-03,False,,51.18,,-21.31,,90
11398,13997,204,831,,,,,,,,4,,38.34,,,,,177,True,Sprints,0,164,82.0,F,False,2,2024-03-03,2024-03-03,False,,50.02,,-44.04,,66
11399,13998,194,5064,,,,,,,,4,,38.46,,,,,177,True,Sprints,0,159,79.5,F,False,2,2024-03-03,2024-03-03,False,,49.83,,-47.75,,62
11438,14041,188,3532,,,,,,,,6,,1:00.80,,,,,177,True,Sprints,384,844,806.0,F,False,2,2024-03-03,2024-03-03,False,,67.77,,488.27,,633
11439,14042,203,4245,,,,,,,,6,,1:03.58,,,,,177,True,Sprints,283,755,660.5,F,False,2,2024-03-03,2024-03-03,False,,64.22,,421.49,,565
11440,14043,188,5078,,,,,,,,6,,1:03.67,,,,,177,True,Sprints,280,752,656.0,F,False,2,2024-03-03,2024-03-03,False,,64.11,,419.42,,563
11441,14044,191,4982,,,,,,,,6,,1:04.00,,,,,177,True,Sprints,269,742,640.0,F,False,2,2024-03-03,2024-03-03,False,,63.71,,411.9,,555
11442,14045,204,809,,,,,,,,6,,1:04.86,,,,,177,True,Sprints,242,716,600.0,F,False,2,2024-03-03,2024-03-03,False,,62.7,,392.66,,536
11443,14046,180,2086,,,,,,,,6,,1:05.08,,,,,177,True,Sprints,235,709,589.5,F,False,2,2024-03-03,2024-03-03,False,,62.44,,387.82,,531
11444,14047,206,4963,,,,,,,,6,,1:05.83,,,,,177,True,Sprints,213,686,556.0,F,False,2,2024-03-03,2024-03-03,False,,61.59,,371.57,,514
11445,14048,203,4225,,,,,,,,6,,1:07.56,,,,,177,True,Sprints,166,636,484.0,F,False,2,2024-03-03,2024-03-03,False,,59.7,,335.45,,477
11446,14049,174,4646,,,,,,,,6,,1:08.45,,,,,177,True,Sprints,144,611,449.5,F,False,2,2024-03-03,2024-03-03,False,,58.78,,317.58,,459
11447,14050,203,5063,,,,,,,,6,,1:09.07,,,,,177,True,Sprints,130,593,426.5,F,False,2,2024-03-03,2024-03-03,False,,58.15,,305.4,,447
11448,14051,188,807,,,,,,,,6,,1:09.47,,,,,177,True,Sprints,121,582,412.0,F,False,2,2024-03-03,2024-03-03,False,,57.75,,297.66,,439
11449,14052,180,5062,,,,,,,,6,,1:10.34,,,,,177,True,Sprints,103,559,382.5,F,False,2,2024-03-03,2024-03-03,False,,56.89,,281.13,,422
11450,14053,203,4973,,,,,,,,6,,1:10.87,,,,,177,True,Sprints,92,545,364.5,F,False,2,2024-03-03,2024-03-03,False,,56.39,,271.25,,412
11451,14054,186,5057,,,,,,,,6,,1:11.44,,,,,177,True,Sprints,82,530,347.0,F,False,2,2024-03-03,2024-03-03,False,,55.85,,260.8,,401
11452,14056,203,5058,,,,,,,,6,,1:13.63,,,,,177,True,Sprints,47,474,284.0,F,False,2,2024-03-03,2024-03-03,False,,53.88,,222.14,,362
11453,14058,196,861,,,,,,,,6,,1:15.11,,,,,177,True,Sprints,29,438,248.0,F,False,2,2024-03-03,2024-03-03,False,,52.62,,197.29,,336
11454,14059,178,5070,,,,,,,,6,,1:16.11,,,,,177,True,Sprints,19,415,226.5,F,False,2,2024-03-03,2024-03-03,False,,51.8,,181.04,,320
11455,14060,196,833,,,,,,,,6,,1:16.51,,,,,177,True,Sprints,16,405,218.5,F,False,2,2024-03-03,2024-03-03,False,,51.48,,174.67,,313
11456,14061,208,5073,,,,,,,,6,,1:18.09,,,,,177,True,Sprints,6,370,191.0,F,False,2,2024-03-03,2024-03-03,False,,50.25,,150.11,,288
11457,14062,203,4226,,,,,,,,6,,1:18.41,,,,,177,True,Sprints,4,363,185.5,F,False,2,2024-03-03,2024-03-03,False,,50.0,,145.26,,283
11458,14063,203,3035,,,,,,,,6,,1:18.59,,,,,177,True,Sprints,3,359,182.5,F,False,2,2024-03-03,2024-03-03,False,,49.87,,142.54,,281
11459,14065,194,5069,,,,,,,,6,,1:21.47,,,,,177,True,Sprints,0,300,150.0,F,False,2,2024-03-03,2024-03-03,False,,47.79,,100.77,,238
11461,14064,208,3183,,,,,,,,6,,1:19.16,,,,,177,True,Sprints,2,347,175.5,F,False,2,2024-03-03,2024-03-03,False,,49.44,,134.04,,272
11462,13996,204,857,,,,,,,,4,,38.26,,,,,177,True,Sprints,0,167,83.5,F,False,2,2024-03-03,2024-03-03,False,,50.15,,-41.56,,69
11464,13983,196,819,,,,,,,,4,,33.98,,,,,177,True,Sprints,20,358,199.0,F,False,2,2024-03-03,2024-03-03,False,,57.91,,108.38,,227
11465,13985,188,823,,,,,,,,4,,34.41,,,,,177,True,Sprints,12,335,179.5,F,False,2,2024-03-03,2024-03-03,False,,57.03,,91.63,,210
11467,14057,188,823,,,,,,,,6,,1:14.46,,,,,177,True,Sprints,36,454,263.0,F,False,2,2024-03-03,2024-03-03,False,,53.17,,208.08,,347
11468,14066,174,2083,,,,,,,,6,,1:22.63,,,,,177,True,Sprints,0,277,138.5,F,False,2,2024-03-03,2024-03-03,False,,47.0,,84.77,,222
11469,14067,204,831,,,,,,,,6,,1:23.05,,,,,177,True,Sprints,0,270,135.0,F,False,2,2024-03-03,2024-03-03,False,,46.72,,79.09,,216
11470,14068,186,3184,,,,,,,,6,,1:24.83,,,,,177,True,Sprints,0,237,118.5,F,False,2,2024-03-03,2024-03-03,False,,45.56,,55.63,,192
11471,14069,208,3188,,,,,,,,6,,1:24.92,,,,,177,True,Sprints,0,236,118.0,F,False,2,2024-03-03,2024-03-03,False,,45.5,,54.47,,191
11472,14070,174,4957,,,,,,,,6,,1:25.14,,,,,177,True,Sprints,0,232,116.0,F,False,2,2024-03-03,2024-03-03,False,,45.36,,51.64,,188
11473,14071,196,4977,,,,,,,,6,,1:25.23,,,,,177,True,Sprints,0,230,115.0,F,False,2,2024-03-03,2024-03-03,False,,45.31,,50.49,,187
11474,14072,180,1785,,,,,,,,6,,1:26.53,,,,,177,True,Sprints,0,208,104.0,F,False,2,2024-03-03,2024-03-03,False,,44.51,,34.12,,170
11475,14073,194,5064,,,,,,,,6,,1:26.91,,,,,177,True,Sprints,0,202,101.0,F,False,2,2024-03-03,2024-03-03,False,,44.28,,29.43,,165
11476,14074,210,5067,,,,,,,,6,,1:28.45,,,,,177,True,Sprints,0,178,89.0,F,False,2,2024-03-03,2024-03-03,False,,43.37,,10.83,,146
11526,14132,188,3532,,4981.0,,3848.0,,4983.0,,22,,1:52.83,,,,,177,True,Relays,302,812,708.0,F,False,2,2024-03-03,2024-03-03,False,,,,,,
11527,14133,191,4967,,3201.0,,4979.0,,4982.0,,22,,2:01.51,,,,,177,True,Relays,157,676,495.0,F,False,2,2024-03-03,2024-03-03,False,,,,,,
11528,14134,206,4471,,4963.0,,4469.0,,4470.0,,22,,2:05.19,,,,,177,True,Relays,110,622,421.0,F,False,2,2024-03-03,2024-03-03,False,,,,,,
11529,14136,188,3530,,2081.0,,4991.0,,807.0,,22,,2:07.05,,,,,177,True,Relays,89,595,386.5,F,False,2,2024-03-03,2024-03-03,False,,,,,,
11530,14137,194,5087,,5076.0,,5084.0,,5088.0,,22,,2:15.90,,,,,177,True,Relays,20,478,259.0,F,False,2,2024-03-03,2024-03-03,False,,,,,,
11531,14138,180,2086,,5055.0,,2098.0,,2093.0,,22,,2:19.46,,,,,177,True,Relays,6,434,223.0,F,False,2,2024-03-03,2024-03-03,False,,,,,,
11532,14139,203,5065,,1732.0,,1796.0,,1769.0,,22,,2:21.01,,,,,177,True,Relays,2,416,210.0,F,False,2,2024-03-03,2024-03-03,False,,,,,,
11567,14075,204,857,,,,,,,,6,,1:34.25,,,,,177,True,Sprints,0,101,50.5,F,False,2,2024-03-03,2024-03-03,False,,40.25,,-53.78,,80
11570,14135,196,861,,4985.0,,4986.0,,819.0,,22,,2:05.42,,,,,177,True,Relays,107,619,416.5,F,False,2,2024-03-03,2024-03-03,False,,,,,,
13120,15770,44,4127,,,,,,,,4,,29.05,,,,,203,True,Sprints,242,667,575.5,F,False,2,2024-03-23,2024-03-23,False,,70.16,,335.86,,468
13121,15771,44,4128,,,,,,,,4,,29.94,,,,,203,True,Sprints,184,604,486.0,F,False,2,2024-03-23,2024-03-23,False,,67.6,,289.25,,419
13122,15772,44,4126,,,,,,,,4,,30.34,,,,,203,True,Sprints,160,577,448.5,F,False,2,2024-03-23,2024-03-23,False,,66.51,,269.19,,398
13123,15773,37,3373,,,,,,,,4,,32.46,,,,,203,True,Sprints,62,443,283.5,F,False,2,2024-03-23,2024-03-23,False,,61.23,,171.15,,294
13124,15774,44,4127,,4128.0,,4126.0,,4779.0,,22,,2:00.69,,,,,203,True,Relays,169,688,513.0,F,False,2,2024-03-23,2024-03-23,False,,,,,,
13125,15775,44,5320,,2208.0,,2204.0,,2206.0,,24,,5:03.09,,,,,203,True,Relays,66,507,319.5,F,False,2,2024-03-23,2024-03-23,False,,58.3,,583.15,,362
13126,15776,44,4779,,5321.0,,5322.0,,5323.0,,24,,5:14.51,,,,,203,True,Relays,31,445,253.5,F,False,2,2024-03-23,2024-03-23,False,,55.93,,532.36,,319
13127,15777,44,5320,,2208.0,,2204.0,,2206.0,,26,,11:58.14,,,,,203,True,Relays,0,0,0.0,F,False,2,2024-03-23,2024-03-23,False,,,,,,
13134,15784,43,5325,,5326.0,,5327.0,,5328.0,,22,,2:13.83,,,,,203,True,Relays,32,504,284.0,F,False,2,2024-03-23,2024-03-23,False,,,,,,
20533,9696,88,4151,Fr,,,,,,,4,,29.44,,,,,133,True,Sprints,216,639,535.5,F,False,2,2024-02-08,2024-02-08,False,,69.01,,315.09,,446
29849,12388,61,4815,,2252.0,,1619.0,,2244.0,,24,,4:37.89,,,,,169,True,Relays,188,658,517.0,F,False,2,2024-02-24,2024-02-24,False,,64.3,,709.98,,470
30013,11559,56,3795,,,,,,,,2,Pelims,8.06,,,,,161,True,Sprints,474,875,911.5,F,False,2,2024-02-17,2024-02-17,False,,,,,,
40039,12654,56,3793,,3792.0,,3796.0,,3795.0,,22,,1:49.87,,,,,169,True,Relays,363,861,793.5,F,False,2,2024-02-24,2024-02-24,False,,,,,,
43473,9961,138,5691,,2396.0,,631.0,,645.0,,30,,15:11.82,,,,,143,True,Relays,0,0,0.0,F,False,2,2024-02-10,2024-02-10,False,,,,,,
62923,12407,116,285,,4780.0,,2056.0,,283.0,,24,,5:48.08,,,,,169,True,Relays,0,286,143.0,F,False,2,2024-02-24,2024-02-24,False,,49.92,,402.37,,208
63208,12666,61,4017,,4741.0,,4016.0,,4025.0,,29,,4:21.28,,,,,169,True,Relays,0,0,0.0,F,False,2,2024-02-24,2024-02-24,False,,,,,,
63255,9975,169,1068,,1153.0,,1126.0,,2420.0,,24,,4:31.36,,,,,143,True,Relays,230,700,580.0,F,False,2,2024-02-10,2024-02-10,False,,66.05,,746.69,,501
63266,13891,208,3183,,,,,,,,2,,10.63,,,,,177,True,Sprints,0,281,140.5,F,False,2,2024-03-03,2024-03-03,False,,,,,,
63267,13993,208,3183,,,,,,,,4,,36.43,,,,,177,True,Sprints,0,239,119.5,F,False,2,2024-03-03,2024-03-03,False,,53.21,,18.24,,132
63393,13262,203,4492,,4226.0,,4224.0,,4227.0,,26,,10:33.26,,,,,170,True,Relays,0,0,0.0,F,False,2,2024-02-25,2024-02-25,False,,,,,,
63411,14055,196,819,,,,,,,,6,,1:12.94,,,,,177,True,Sprints,57,491,302.5,F,False,2,2024-03-03,2024-03-03,False,,54.49,,234.07,,374
63454,7937,146,3654,,,,,,,,4,,34.10,,,,,84,True,Sprints,18,351,193.5,F,False,2,2023-12-09,2023-12-09,False,,57.66,,103.67,,222
63455,8076,146,3654,,,,,,,,4,,33.80,,,,,88,True,Sprints,24,367,207.5,F,False,2,2024-01-13,2024-01-13,False,,58.28,,115.52,,235
63456,10242,146,4305,,1050.0,,1112.0,,1299.0,,24,,4:18.57,,,,,143,True,Relays,324,787,717.5,F,False,2,2024-02-10,2024-02-10,False,,69.78,,823.96,,567
