,result_id,team_id,athlete_id,grade,athlete_id_2,grade_2,athlete_id_3,grade_3,athlete_id_4,grade_4,running_event_id,event_type,result_time,relay_split,relay_split_2,relay_split_3,wind,meet_id,approved,Track_Event_Type,World_Athletics_Points_Men,World_Athletics_Points_Women,Average_Score,gender,is_hidden,sport_id,start_date,end_date,nationals,VDOT_Men,VDOT_Women,Purdy_Points_Men,Purdy_Points_Women,Mercier_Points_Men,Mercier_Points_Women
295,12792,43,3408,,42.0,,53.0,,57.0,,26,,9:44.37,,,,,169,True,Relays,0,0,0.0,M,False,2,2024-02-24,2024-02-24,False,,,,,,
408,12840,44,4871,,4134.0,,2224.0,,4873.0,,24,,4:17.18,,,,,169,True,Relays,335,797,733.5,M,False,2,2024-02-24,2024-02-24,False,70.21,,832.83,,265,
409,15805,44,5332,,,,,,,,4,,31.28,,,,,203,True,Sprints,111,515,368.5,M,False,2,2024-03-23,2024-03-23,False,64.07,,224.08,,15,
1477,10410,139,2731,,1571.0,,1557.0,,7694.0,,30,,11:37.09,,,,,143,True,Relays,0,0,0.0,M,False,2,2024-02-10,2024-02-10,False,,,,,,
2628,8207,88,3750,Fr,,,,,,,2,,7.78,,,,0.0,96,True,Sprints,580,960,1060.0,M,False,2,2024-01-20,2024-01-20,False,,,,,,
2629,8208,88,3616,So,,,,,,,2,,7.54,,,,0.0,96,True,Sprints,680,1035,1197.5,M,False,2,2024-01-20,2024-01-20,False,,,,,,
2630,8209,88,3616,So,,,,,,,5,,38.85,,,,0.0,96,True,Sprints,660,1062,1191.0,M,False,2,2024-01-20,2024-01-20,False,,,,,,
2631,8210,88,5541,Fr,,,,,,,2,,7.53,,,,0.0,96,True,Sprints,685,1039,1204.5,M,False,2,2024-01-20,2024-01-20,False,,,,,,
4241,8939,1,37,,,,,,,,6,,1:00.02,,,,,115,True,Sprints,415,870,850.0,M,False,2,2024-01-27,2024-01-27,False,68.84,,508.11,,344,
5238,7625,202,3508,,,,,,,,6,,53.67,,,,,72,True,Sprints,710,1096,1258.0,M,False,2,2023-12-01,2023-12-01,False,78.87,,691.16,,552,
5239,7626,202,3508,,2918.0,,3509.0,,3510.0,,24,,3:42.22,,,,,72,True,Relays,678,1062,1209.0,M,False,2,2023-12-01,2023-12-01,False,83.02,,1092.14,,507,
5240,7627,202,3511,,,,,,,,2,,7.38,,,,,72,True,Sprints,751,1087,1294.5,M,False,2,2023-12-01,2023-12-01,False,,,,,,
5241,7628,202,3511,,,,,,,,5,,37.63,,,,,72,True,Sprints,747,1128,1311.0,M,False,2,2023-12-01,2023-12-01,False,,,,,,
5244,7631,202,3513,,,,,,,,2,,7.40,,,,,72,True,Sprints,742,1081,1282.5,M,False,2,2023-12-01,2023-12-01,False,,,,,,
5245,7632,202,3513,,,,,,,,4,,24.50,,,,,72,True,Sprints,665,1036,1183.0,M,False,2,2023-12-01,2023-12-01,False,86.67,,627.03,,486,
5250,7637,202,2918,,,,,,,,6,,55.59,,,,,72,True,Sprints,613,1025,1125.5,M,False,2,2023-12-01,2023-12-01,False,75.55,,631.41,,484,
5252,7639,202,2916,,,,,,,,6,,54.95,,,,,72,True,Sprints,644,1048,1168.0,M,False,2,2023-12-01,2023-12-01,False,76.63,,650.86,,506,
5253,7640,202,2916,,,,,,,,4,,24.86,,,,,72,True,Sprints,624,1004,1126.0,M,False,2,2023-12-01,2023-12-01,False,85.11,,600.11,,455,
5255,7642,202,3510,,,,,,,,2,,7.45,,,,,72,True,Sprints,720,1065,1252.5,M,False,2,2023-12-01,2023-12-01,False,,,,,,
5256,7643,202,3516,,,,,,,,2,,7.29,,,,,72,True,Sprints,793,1117,1351.5,M,False,2,2023-12-01,2023-12-01,False,,,,,,
5257,7644,202,3516,,,,,,,,4,,24.06,,,,,72,True,Sprints,717,1077,1255.5,M,False,2,2023-12-01,2023-12-01,False,88.66,,661.03,,526,
5258,7645,202,3509,,,,,,,,6,,54.84,,,,,72,True,Sprints,650,1052,1176.0,M,False,2,2023-12-01,2023-12-01,False,76.82,,654.25,,510,
5259,7646,202,3509,,,,,,,,4,,23.98,,,,,72,True,Sprints,726,1084,1268.0,M,False,2,2023-12-01,2023-12-01,False,89.04,,667.34,,533,
5260,7647,202,3517,,,,,,,,2,,7.69,,,,,72,True,Sprints,617,988,1111.0,M,False,2,2023-12-01,2023-12-01,False,,,,,,
5261,7648,202,3517,,,,,,,,4,,25.54,,,,,72,True,Sprints,550,945,1022.5,M,False,2,2023-12-01,2023-12-01,False,82.29,,551.33,,398,
5262,7649,202,3518,,,,,,,,2,,7.33,,,,,72,True,Sprints,774,1104,1326.0,M,False,2,2023-12-01,2023-12-01,False,,,,,,
5263,7650,202,3519,,,,,,,,6,,56.33,,,,,72,True,Sprints,577,998,1076.0,M,False,2,2023-12-01,2023-12-01,False,74.35,,609.46,,459,
5264,7651,202,3520,,,,,,,,2,,8.63,,,,,72,True,Sprints,291,715,648.5,M,False,2,2023-12-01,2023-12-01,False,,,,,,
5265,7652,202,3520,,,,,,,,4,,28.56,,,,,72,True,Sprints,278,703,629.5,M,False,2,2023-12-01,2023-12-01,False,71.64,,362.76,,177,
5266,7653,202,2917,,,,,,,,8,,1:36.77,,,,,72,True,Sprints,456,930,921.0,M,False,2,2023-12-01,2023-12-01,False,,,,,,
5271,7658,1,3522,,,,,,,,4,,24.12,,,,,73,True,Sprints,710,1071,1245.5,M,False,2,2023-12-01,2023-12-01,False,88.39,,656.32,,520,
5272,7659,1,3522,,,,,,,,6,,53.31,,,,,73,True,Sprints,730,1110,1285.0,M,False,2,2023-12-01,2023-12-01,False,79.52,,702.85,,565,
5276,7663,1,3524,,,,,,,,4,,24.35,,,,,73,True,Sprints,682,1050,1207.0,M,False,2,2023-12-01,2023-12-01,False,87.34,,638.48,,500,
5277,7664,1,3524,,,,,,,,6,,54.23,,,,,73,True,Sprints,681,1075,1218.5,M,False,2,2023-12-01,2023-12-01,False,77.87,,673.3,,532,
5307,7695,188,3540,,,,,,,,2,,7.99,,,,,74,True,Sprints,500,896,948.0,M,False,2,2023-12-02,2023-12-02,False,,,,,,
5308,7696,188,3540,,,,,,,,4,,26.78,,,,,74,True,Sprints,427,841,847.5,M,False,2,2023-12-02,2023-12-02,False,77.58,,468.76,,301,
5309,7699,188,3541,,,,,,,,2,,7.43,,,,,74,True,Sprints,729,1071,1264.5,M,False,2,2023-12-02,2023-12-02,False,,,,,,
5310,7700,188,3541,,,,,,,,5,,37.18,,,,,74,True,Sprints,780,1152,1356.0,M,False,2,2023-12-02,2023-12-02,False,,,,,,
5311,7701,188,3541,,,,,,,,4,,23.57,,,,,74,True,Sprints,777,1122,1338.0,M,False,2,2023-12-02,2023-12-02,False,90.98,,700.38,,572,
5312,7702,188,3542,,,,,,,,2,,8.60,,,,,74,True,Sprints,299,723,660.5,M,False,2,2023-12-02,2023-12-02,False,,,,,,
5313,7703,188,3542,,,,,,,,4,,28.52,,,,,74,True,Sprints,281,706,634.0,M,False,2,2023-12-02,2023-12-02,False,71.77,,364.99,,180,
5317,7709,188,3544,,,,,,,,2,,7.86,,,,,74,True,Sprints,549,935,1016.5,M,False,2,2023-12-02,2023-12-02,False,,,,,,
5318,7710,188,3544,,,,,,,,4,,26.32,,,,,74,True,Sprints,471,879,910.5,M,False,2,2023-12-02,2023-12-02,False,79.27,,498.48,,336,
5322,7714,188,3548,,,,,,,,4,,27.08,,,,,74,True,Sprints,400,817,808.5,M,False,2,2023-12-02,2023-12-02,False,76.51,,449.92,,279,
5324,7716,188,3549,,,,,,,,2,,7.52,,,,,74,True,Sprints,689,1042,1210.0,M,False,2,2023-12-02,2023-12-02,False,,,,,,
5325,7717,188,3549,,,,,,,,4,,23.87,,,,,74,True,Sprints,740,1094,1287.0,M,False,2,2023-12-02,2023-12-02,False,89.55,,676.1,,544,
5327,7704,188,966,,,,,,,,5,,42.15,,,,,74,True,Sprints,452,895,899.5,M,False,2,2023-12-02,2023-12-02,False,,,,,,
5332,7724,188,3550,,,,,,,,6,,58.68,,,,,74,True,Sprints,470,916,928.0,M,False,2,2023-12-02,2023-12-02,False,70.75,,543.44,,385,
5333,7725,188,3550,,,,,,,,4,,26.29,,,,,74,True,Sprints,474,881,914.5,M,False,2,2023-12-02,2023-12-02,False,79.38,,500.46,,338,
5336,7728,188,3551,,,,,,,,2,,8.37,,,,,74,True,Sprints,369,786,762.0,M,False,2,2023-12-02,2023-12-02,False,,,,,,
5339,7733,199,3552,,,,,,,,2,,7.61,,,,,74,True,Sprints,650,1013,1156.5,M,False,2,2023-12-02,2023-12-02,False,,,,,,
5340,7734,199,1895,,3553.0,,1839.0,,1842.0,,24,,3:43.54,,,,,74,True,Relays,663,1051,1188.5,M,False,2,2023-12-02,2023-12-02,False,82.45,,1080.88,,497,
5341,7735,205,3554,,,,,,,,4,,23.03,,,,,74,True,Sprints,846,1173,1432.5,M,False,2,2023-12-02,2023-12-02,False,93.68,,745.69,,625,
5344,7738,205,2145,,,,,,,,6,,58.53,,,,,74,True,Sprints,477,921,937.5,M,False,2,2023-12-02,2023-12-02,False,70.97,,547.5,,389,
5345,7739,205,2145,,,,,,,,4,,25.85,,,,,74,True,Sprints,518,918,977.0,M,False,2,2023-12-02,2023-12-02,False,81.06,,529.94,,373,
5350,7744,205,3558,,,,,,,,6,,1:02.98,,,,,74,True,Sprints,304,774,691.0,M,False,2,2023-12-02,2023-12-02,False,64.95,,435.4,,262,
5351,7745,205,3559,,,,,,,,2,,8.80,,,,,74,True,Sprints,245,670,580.0,M,False,2,2023-12-02,2023-12-02,False,,,,,,
5352,7746,205,3559,,,,,,,,6,,1:05.40,,,,,74,True,Sprints,226,699,575.5,M,False,2,2023-12-02,2023-12-02,False,62.07,,380.84,,200,
5355,7749,205,3560,,,,,,,,2,,8.14,,,,,74,True,Sprints,446,852,872.0,M,False,2,2023-12-02,2023-12-02,False,,,,,,
5356,7750,205,3560,,,,,,,,4,,26.30,,,,,74,True,Sprints,473,880,913.0,M,False,2,2023-12-02,2023-12-02,False,79.34,,499.8,,337,
5357,7751,205,3561,,,,,,,,4,,24.06,,,,,74,True,Sprints,717,1077,1255.5,M,False,2,2023-12-02,2023-12-02,False,88.66,,661.03,,526,
5368,7762,56,3567,,,,,,,,2,,7.66,,,,,75,True,Sprints,629,997,1127.5,M,False,2,2023-12-02,2023-12-02,False,,,,,,
5369,7763,56,3567,,,,,,,,6,,58.73,,,,,75,True,Sprints,468,914,925.0,M,False,2,2023-12-02,2023-12-02,False,70.67,,542.1,,383,
5370,7764,56,3567,,,,,,,,4,,24.83,,,,,75,True,Sprints,627,1007,1130.5,M,False,2,2023-12-02,2023-12-02,False,85.24,,602.32,,457,
5372,7766,56,3568,,,,,,,,2,,7.78,,,,,75,True,Sprints,580,960,1060.0,M,False,2,2023-12-02,2023-12-02,False,,,,,,
5373,7767,56,3568,,,,,,,,4,,25.15,,,,,75,True,Sprints,592,979,1081.5,M,False,2,2023-12-02,2023-12-02,False,83.88,,578.99,,430,
5374,7768,56,3569,,,,,,,,2,,8.54,,,,,75,True,Sprints,317,739,686.5,M,False,2,2023-12-02,2023-12-02,False,,,,,,
5375,7769,56,3569,,,,,,,,4,,27.35,,,,,75,True,Sprints,376,795,773.5,M,False,2,2023-12-02,2023-12-02,False,75.58,,433.31,,260,
5376,7770,56,3570,,,,,,,,2,,7.56,,,,,75,True,Sprints,672,1029,1186.5,M,False,2,2023-12-02,2023-12-02,False,,,,,,
5377,7771,56,3571,,,,,,,,2,,8.04,,,,,75,True,Sprints,481,881,921.5,M,False,2,2023-12-02,2023-12-02,False,,,,,,
5379,7773,56,3572,,,,,,,,2,,7.91,,,,,75,True,Sprints,530,920,990.0,M,False,2,2023-12-02,2023-12-02,False,,,,,,
5380,7774,56,3572,,,,,,,,4,,26.01,,,,,75,True,Sprints,501,905,953.5,M,False,2,2023-12-02,2023-12-02,False,80.44,,519.11,,360,
5383,7777,56,3574,,,,,,,,6,,55.11,,,,,75,True,Sprints,636,1043,1157.5,M,False,2,2023-12-02,2023-12-02,False,76.36,,645.96,,501,
5384,7778,56,3574,,,,,,,,4,,24.99,,,,,75,True,Sprints,609,993,1105.5,M,False,2,2023-12-02,2023-12-02,False,84.55,,590.58,,444,
5385,7779,56,3575,,,,,,,,2,,8.05,,,,,75,True,Sprints,478,878,917.0,M,False,2,2023-12-02,2023-12-02,False,,,,,,
5386,7780,56,3575,,,,,,,,6,,1:04.02,,,,,75,True,Sprints,269,741,639.5,M,False,2,2023-12-02,2023-12-02,False,63.69,,411.45,,235,
5387,7781,56,3575,,,,,,,,4,,26.60,,,,,75,True,Sprints,444,856,872.0,M,False,2,2023-12-02,2023-12-02,False,78.23,,480.27,,314,
5389,7783,56,3576,,,,,,,,2,,7.37,,,,,75,True,Sprints,756,1091,1301.5,M,False,2,2023-12-02,2023-12-02,False,,,,,,
5390,7784,56,3576,,,,,,,,4,,24.09,,,,,75,True,Sprints,713,1074,1250.0,M,False,2,2023-12-02,2023-12-02,False,88.53,,658.67,,523,
5391,7785,56,3577,,,,,,,,2,,7.90,,,,,75,True,Sprints,533,923,994.5,M,False,2,2023-12-02,2023-12-02,False,,,,,,
5392,7786,56,3577,,,,,,,,4,,26.73,,,,,75,True,Sprints,432,845,854.5,M,False,2,2023-12-02,2023-12-02,False,77.76,,471.94,,305,
5393,7787,56,3578,,,,,,,,2,,7.04,,,,,75,True,Sprints,913,1202,1514.0,M,False,2,2023-12-02,2023-12-02,False,,,,,,
5394,7788,56,3578,,,,,,,,4,,22.14,,,,,75,True,Sprints,966,1260,1596.0,M,False,2,2023-12-02,2023-12-02,False,98.46,,825.19,,718,
5400,7794,174,3580,,,,,,,,2,,8.30,,,,,76,True,Sprints,391,806,794.0,M,False,2,2023-12-02,2023-12-02,False,,,,,,
5401,7795,174,3580,,,,,,,,5,,42.60,,,,,76,True,Sprints,427,873,863.5,M,False,2,2023-12-02,2023-12-02,False,,,,,,
5413,7807,166,3590,,,,,,,,4,,24.98,,,,,77,True,Sprints,610,994,1107.0,M,False,2,2023-12-02,2023-12-02,False,84.6,,591.31,,444,
5414,7808,166,3591,,,,,,,,4,,25.29,,,,,77,True,Sprints,577,966,1060.0,M,False,2,2023-12-02,2023-12-02,False,83.3,,568.96,,418,
5415,7809,166,3591,,,,,,,,6,,56.68,,,,,77,True,Sprints,560,986,1053.0,M,False,2,2023-12-02,2023-12-02,False,73.79,,599.28,,448,
5419,7813,166,3594,,,,,,,,4,,24.94,,,,,77,True,Sprints,615,997,1113.5,M,False,2,2023-12-02,2023-12-02,False,84.77,,594.23,,448,
5420,7814,166,3594,,,,,,,,6,,55.45,,,,,77,True,Sprints,620,1030,1135.0,M,False,2,2023-12-02,2023-12-02,False,75.79,,635.62,,489,
5423,7817,166,3595,,,,,,,,24,,3:55.12,,,,,77,True,Relays,537,960,1017.0,M,False,2,2023-12-02,2023-12-02,False,77.79,,987.48,,409,
5431,7720,188,880,,966.0,,918.0,,938.0,,24,,4:05.35,,,,,74,True,Relays,437,882,878.0,M,False,2,2023-12-02,2023-12-02,False,74.08,,912.3,,339,
5434,7826,204,3601,,,,,,,,2,Prelims,7.58,,,,,78,True,Sprints,663,1023,1174.5,M,False,2,2023-12-02,2023-12-02,False,,,,,,
5435,7827,204,3602,,,,,,,,4,,23.82,,,,,78,True,Sprints,746,1099,1295.5,M,False,2,2023-12-02,2023-12-02,False,89.79,,680.1,,548,
5436,7828,204,3602,,,,,,,,6,,54.07,,,,,78,True,Sprints,689,1081,1229.5,M,False,2,2023-12-02,2023-12-02,False,78.15,,678.36,,538,
5437,7829,204,3603,,,,,,,,2,Finals,7.28,,,,,78,True,Sprints,797,1121,1357.5,M,False,2,2023-12-02,2023-12-02,False,,,,,,
5438,7830,204,3603,,,,,,,,2,Prelims,7.24,,,,,78,True,Sprints,816,1134,1383.0,M,False,2,2023-12-02,2023-12-02,False,,,,,,
5439,7831,204,3603,,,,,,,,4,,24.01,,,,,78,True,Sprints,723,1081,1263.5,M,False,2,2023-12-02,2023-12-02,False,88.9,,664.97,,531,
5441,7833,204,3604,,,,,,,,2,Finals,7.22,,,,,78,True,Sprints,826,1141,1396.5,M,False,2,2023-12-02,2023-12-02,False,,,,,,
5442,7834,204,3604,,,,,,,,2,Prelims,7.21,,,,,78,True,Sprints,830,1144,1402.0,M,False,2,2023-12-02,2023-12-02,False,,,,,,
5444,7836,204,3605,,,,,,,,2,Prelims,8.17,,,,,78,True,Sprints,435,843,856.5,M,False,2,2023-12-02,2023-12-02,False,,,,,,
5445,7837,204,3605,,,,,,,,4,,27.36,,,,,78,True,Sprints,375,795,772.5,M,False,2,2023-12-02,2023-12-02,False,75.55,,432.7,,259,
5447,7839,204,3606,,,,,,,,2,Prelims,7.49,,,,,78,True,Sprints,702,1052,1228.0,M,False,2,2023-12-02,2023-12-02,False,,,,,,
5450,7842,204,3607,,,,,,,,6,,54.18,,,,,78,True,Sprints,684,1077,1222.5,M,False,2,2023-12-02,2023-12-02,False,77.96,,674.88,,534,
5454,7846,79,523,,,,,,,,8,,1:28.99,,,,,79,True,Sprints,687,1091,1232.5,M,False,2,2023-12-03,2023-12-03,False,,,,,,
5455,7847,79,3610,,,,,,,,2,,7.34,,,,,79,True,Sprints,769,1101,1319.5,M,False,2,2023-12-03,2023-12-03,False,,,,,,
5456,7848,79,535,,,,,,,,8,,1:31.12,,,,,79,True,Sprints,619,1046,1142.0,M,False,2,2023-12-03,2023-12-03,False,,,,,,
5460,7852,79,3613,,,,,,,,6,,1:08.61,,,,,79,True,Sprints,140,606,443.0,M,False,2,2023-12-03,2023-12-03,False,58.61,,314.41,,125,
5461,7853,79,3614,,,,,,,,2,,7.27,,,,,79,True,Sprints,802,1124,1364.0,M,False,2,2023-12-03,2023-12-03,False,,,,,,
5462,7854,79,2549,,,,,,,,8,,1:29.78,,,,,79,True,Sprints,662,1074,1199.0,M,False,2,2023-12-03,2023-12-03,False,,,,,,
5465,7858,88,3616,,,,,,,,2,,7.63,,,,,79,True,Sprints,642,1007,1145.5,M,False,2,2023-12-03,2023-12-03,False,,,,,,
5466,7859,88,3616,,,,,,,,6,,58.18,,,,,79,True,Sprints,492,933,958.5,M,False,2,2023-12-03,2023-12-03,False,71.48,,557.04,,400,
5477,7870,107,3620,,,,,,,,6,,50.69,,,,,80,True,Sprints,877,1211,1482.5,M,False,2,2023-12-08,2023-12-08,False,84.59,,792.88,,667,
5478,7871,107,3621,,,,,,,,2,,7.32,,,,,80,True,Sprints,779,1107,1332.5,M,False,2,2023-12-08,2023-12-08,False,,,,,,
5479,7872,107,3621,,,,,,,,4,,22.87,,,,,80,True,Sprints,867,1189,1461.5,M,False,2,2023-12-08,2023-12-08,False,94.5,,759.53,,641,
5480,7873,107,3622,,,,,,,,2,,7.44,,,,,80,True,Sprints,724,1068,1258.0,M,False,2,2023-12-08,2023-12-08,False,,,,,,
5481,7874,107,3622,,,,,,,,4,,23.00,,,,,80,True,Sprints,850,1176,1438.0,M,False,2,2023-12-08,2023-12-08,False,93.83,,748.27,,628,
5483,7876,107,3624,,,,,,,,6,,50.76,,,,,80,True,Sprints,872,1208,1476.0,M,False,2,2023-12-08,2023-12-08,False,84.45,,790.35,,665,
5486,7879,127,3627,,,,,,,,6,,1:00.77,,,,,80,True,Sprints,385,845,807.5,M,False,2,2023-12-08,2023-12-08,False,67.81,,489.02,,323,
5487,7880,127,3628,,,,,,,,2,,7.49,,,,,80,True,Sprints,702,1052,1228.0,M,False,2,2023-12-08,2023-12-08,False,,,,,,
5488,7881,127,3628,,,,,,,,4,,23.48,,,,,80,True,Sprints,788,1131,1353.5,M,False,2,2023-12-08,2023-12-08,False,91.42,,707.79,,581,
5489,7882,127,3628,,,,,,,,6,,52.23,,,,,80,True,Sprints,789,1151,1364.5,M,False,2,2023-12-08,2023-12-08,False,81.54,,738.87,,606,
5491,7884,127,3630,,,,,,,,2,,7.33,,,,,80,True,Sprints,774,1104,1326.0,M,False,2,2023-12-08,2023-12-08,False,,,,,,
5492,7885,127,3630,,,,,,,,4,,23.03,,,,,80,True,Sprints,846,1173,1432.5,M,False,2,2023-12-08,2023-12-08,False,93.68,,745.69,,625,
5493,7886,127,3631,,,,,,,,6,,54.18,,,,,80,True,Sprints,684,1077,1222.5,M,False,2,2023-12-08,2023-12-08,False,77.96,,674.88,,534,
5496,7889,127,3632,,,,,,,,4,,25.17,,,,,80,True,Sprints,590,977,1078.5,M,False,2,2023-12-08,2023-12-08,False,83.8,,577.55,,428,
5497,7890,127,3632,,,,,,,,6,,57.37,,,,,80,True,Sprints,528,961,1008.5,M,False,2,2023-12-08,2023-12-08,False,72.71,,579.58,,426,
5503,7896,127,3635,,,,,,,,4,,24.66,,,,,80,True,Sprints,646,1022,1157.0,M,False,2,2023-12-08,2023-12-08,False,85.97,,614.97,,472,
5504,7897,127,3635,,,,,,,,6,,54.78,,,,,80,True,Sprints,653,1055,1180.5,M,False,2,2023-12-08,2023-12-08,False,76.92,,656.11,,512,
5505,7898,127,3628,,3627.0,,3636.0,,3635.0,,24,,3:45.38,,,,,80,True,Relays,642,1036,1160.0,M,False,2,2023-12-08,2023-12-08,False,81.67,,1065.4,,482,
5506,7899,127,3636,,,,,,,,6,,55.28,,,,,80,True,Sprints,628,1036,1146.0,M,False,2,2023-12-08,2023-12-08,False,76.07,,640.77,,495,
5509,7902,108,3639,,,,,,,,2,,7.44,,,,,81,True,Sprints,724,1068,1258.0,M,False,2,2023-12-08,2023-12-08,False,,,,,,
5510,7903,108,3640,,,,,,,,6,,54.56,,,,,81,True,Sprints,664,1063,1195.5,M,False,2,2023-12-08,2023-12-08,False,77.3,,662.94,,520,
5511,7904,108,3641,,,,,,,,2,,7.92,,,,,81,True,Sprints,526,917,984.5,M,False,2,2023-12-08,2023-12-08,False,,,,,,
5512,7905,108,3642,,,,,,,,2,,7.15,,,,,81,True,Sprints,859,1164,1441.0,M,False,2,2023-12-08,2023-12-08,False,,,,,,
5519,7912,147,3646,,,,,,,,2,,7.70,,,,,83,True,Sprints,613,985,1105.5,M,False,2,2023-12-09,2023-12-09,False,,,,,,
5520,7913,147,3647,,,,,,,,5,,42.62,,,,,83,True,Sprints,425,872,861.0,M,False,2,2023-12-09,2023-12-09,False,,,,,,
5569,7963,158,3673,,3674.0,,3675.0,,3676.0,,29,,4:02.06,,,,,84,True,Relays,0,0,0.0,M,False,2,2023-12-09,2023-12-09,False,,,,,,
5570,7964,158,3677,,,,,,,,6,,56.09,,,,,84,True,Sprints,588,1007,1091.5,M,False,2,2023-12-09,2023-12-09,False,74.73,,616.52,,467,
5579,7973,158,3678,,,,,,,,4,,29.97,,,,,84,True,Sprints,182,602,483.0,M,False,2,2023-12-09,2023-12-09,False,67.52,,287.73,,89,
5582,7976,158,3679,,,,,,,,6,,54.96,,,,,84,True,Sprints,644,1048,1168.0,M,False,2,2023-12-09,2023-12-09,False,76.61,,650.55,,506,
5583,7977,158,3679,,,,,,,,4,,24.42,,,,,84,True,Sprints,674,1044,1196.0,M,False,2,2023-12-09,2023-12-09,False,87.03,,633.12,,493,
5584,7978,158,3680,,,,,,,,2,,7.64,,,,,84,True,Sprints,638,1004,1140.0,M,False,2,2023-12-09,2023-12-09,False,,,,,,
5585,7979,158,3680,,,,,,,,4,,24.87,,,,,84,True,Sprints,623,1003,1124.5,M,False,2,2023-12-09,2023-12-09,False,85.06,,599.37,,454,
5588,7982,158,3681,,,,,,,,4,,27.61,,,,,84,True,Sprints,353,775,740.5,M,False,2,2023-12-09,2023-12-09,False,74.7,,417.63,,241,
5590,7984,158,3682,,,,,,,,2,,7.54,,,,,84,True,Sprints,680,1035,1197.5,M,False,2,2023-12-09,2023-12-09,False,,,,,,
5591,7985,158,3682,,,,,,,,4,,24.74,,,,,84,True,Sprints,637,1015,1144.5,M,False,2,2023-12-09,2023-12-09,False,85.62,,609.0,,465,
5597,7991,158,3676,,,,,,,,6,,56.44,,,,,84,True,Sprints,572,994,1069.0,M,False,2,2023-12-09,2023-12-09,False,74.17,,606.25,,456,
5598,7992,158,3683,,,,,,,,6,,58.71,,,,,84,True,Sprints,469,915,926.5,M,False,2,2023-12-09,2023-12-09,False,70.7,,542.64,,384,
5599,7993,158,2900,,3141.0,,3684.0,,3677.0,,24,,4:12:15.00,,,,,84,True,Relays,0,0,0.0,M,False,2,2023-12-09,2023-12-09,False,,,-787.5,,0,
5600,7994,146,3685,,,,,,,,2,,7.98,,,,,84,True,Sprints,503,899,952.5,M,False,2,2023-12-09,2023-12-09,False,,,,,,
5601,7995,146,3685,,,,,,,,4,,25.98,,,,,84,True,Sprints,505,907,958.5,M,False,2,2023-12-09,2023-12-09,False,80.56,,521.13,,362,
5603,7997,146,3687,,,,,,,,6,,56.09,,,,,84,True,Sprints,588,1007,1091.5,M,False,2,2023-12-09,2023-12-09,False,74.73,,616.52,,467,
5606,8000,146,3689,,,,,,,,2,,7.39,,,,,84,True,Sprints,747,1084,1289.0,M,False,2,2023-12-09,2023-12-09,False,,,,,,
5607,8001,146,3690,,,,,,,,4,,23.91,,,,,84,True,Sprints,735,1090,1280.0,M,False,2,2023-12-09,2023-12-09,False,89.36,,672.91,,540,
5608,8002,146,1409,,,,,,,,6,,57.13,,,,,84,True,Sprints,539,970,1024.0,M,False,2,2023-12-09,2023-12-09,False,73.08,,586.38,,433,
5609,8003,146,3691,,,,,,,,6,,55.03,,,,,84,True,Sprints,640,1046,1163.0,M,False,2,2023-12-09,2023-12-09,False,76.49,,648.4,,504,
5610,8004,146,3691,,,,,,,,4,,23.94,,,,,84,True,Sprints,731,1088,1275.0,M,False,2,2023-12-09,2023-12-09,False,89.22,,670.52,,537,
5612,8006,146,3693,,,,,,,,2,,7.71,,,,,84,True,Sprints,609,982,1100.0,M,False,2,2023-12-09,2023-12-09,False,,,,,,
5617,8011,146,3695,,,,,,,,2,,7.27,,,,,84,True,Sprints,802,1124,1364.0,M,False,2,2023-12-09,2023-12-09,False,,,,,,
5618,8012,146,3695,,,,,,,,4,,23.99,,,,,84,True,Sprints,725,1083,1266.5,M,False,2,2023-12-09,2023-12-09,False,88.99,,666.55,,532,
5619,8013,146,3696,,,,,,,,6,,54.41,,,,,84,True,Sprints,672,1068,1206.0,M,False,2,2023-12-09,2023-12-09,False,77.56,,667.63,,525,
5621,8015,146,3698,,,,,,,,2,,7.12,,,,,84,True,Sprints,874,1175,1461.5,M,False,2,2023-12-09,2023-12-09,False,,,,,,
5622,8016,146,3698,,,,,,,,4,,23.41,,,,,84,True,Sprints,797,1137,1365.5,M,False,2,2023-12-09,2023-12-09,False,91.77,,713.59,,587,
5623,8017,146,3699,,,,,,,,6,,59.87,,,,,84,True,Sprints,421,875,858.5,M,False,2,2023-12-09,2023-12-09,False,69.05,,511.99,,349,
5625,8019,146,3700,,,,,,,,2,,7.73,,,,,84,True,Sprints,601,975,1088.5,M,False,2,2023-12-09,2023-12-09,False,,,,,,
5627,8021,146,3700,,,,,,,,6,,55.51,,,,,84,True,Sprints,617,1028,1131.0,M,False,2,2023-12-09,2023-12-09,False,75.69,,633.81,,487,
5628,8022,146,3701,,,,,,,,2,,7.36,,,,,84,True,Sprints,760,1094,1307.0,M,False,2,2023-12-09,2023-12-09,False,,,,,,
5629,8023,146,3701,,,,,,,,6,,57.37,,,,,84,True,Sprints,528,961,1008.5,M,False,2,2023-12-09,2023-12-09,False,72.71,,579.58,,426,
5630,8024,146,3702,,,,,,,,6,,57.48,,,,,84,True,Sprints,523,957,1001.5,M,False,2,2023-12-09,2023-12-09,False,72.54,,576.48,,422,
5634,8028,146,3705,,,,,,,,6,,56.35,,,,,84,True,Sprints,576,998,1075.0,M,False,2,2023-12-09,2023-12-09,False,74.31,,608.88,,459,
5635,8029,146,3705,,,,,,,,4,,25.19,,,,,84,True,Sprints,587,975,1074.5,M,False,2,2023-12-09,2023-12-09,False,83.72,,576.11,,427,
5637,8031,146,3707,,,,,,,,6,,59.55,,,,,84,True,Sprints,434,886,877.0,M,False,2,2023-12-09,2023-12-09,False,69.5,,520.33,,358,
5638,8032,146,3707,,,,,,,,4,,27.15,,,,,84,True,Sprints,393,811,798.5,M,False,2,2023-12-09,2023-12-09,False,76.27,,445.58,,274,
5639,8033,146,3708,,,,,,,,2,,7.59,,,,,84,True,Sprints,659,1019,1168.5,M,False,2,2023-12-09,2023-12-09,False,,,,,,
5640,8034,146,3708,,,,,,,,4,,24.79,,,,,84,True,Sprints,632,1010,1137.0,M,False,2,2023-12-09,2023-12-09,False,85.41,,605.28,,461,
5641,8035,146,3709,,,,,,,,2,,8.39,,,,,84,True,Sprints,362,780,752.0,M,False,2,2023-12-09,2023-12-09,False,,,,,,
5643,8037,146,3701,,3690.0,,3691.0,,3688.0,,29,,3:49.94,,,,,84,True,Relays,0,0,0.0,M,False,2,2023-12-09,2023-12-09,False,,,,,,
5644,8038,146,3705,,3696.0,,1409.0,,3691.0,,24,,3:51.01,,,,,84,True,Relays,580,991,1075.5,M,False,2,2023-12-09,2023-12-09,False,79.38,,1019.56,,439,
5645,8039,146,3710,,,,,,,,2,,7.57,,,,,84,True,Sprints,667,1026,1180.0,M,False,2,2023-12-09,2023-12-09,False,,,,,,
5648,8042,146,3712,,,,,,,,2,,7.65,,,,,84,True,Sprints,633,1000,1133.0,M,False,2,2023-12-09,2023-12-09,False,,,,,,
5657,8051,107,3620,,,,,,,,8,,1:23.23,,,,,86,True,Sprints,889,1219,1498.5,M,False,2,2024-01-13,2024-01-13,False,,,,,,
5658,8054,107,3715,,,,,,,,2,,7.49,,,,,86,True,Sprints,702,1052,1228.0,M,False,2,2024-01-13,2024-01-13,False,,,,,,
5660,8056,107,3622,,,,,,,,2,,7.35,,,,,86,True,Sprints,765,1097,1313.5,M,False,2,2024-01-13,2024-01-13,False,,,,,,
5661,8057,107,3622,,,,,,,,4,,23.14,,,,,86,True,Sprints,832,1163,1413.5,M,False,2,2024-01-13,2024-01-13,False,93.12,,736.29,,614,
5663,8059,107,3624,,,,,,,,6,,51.34,,,,,86,True,Sprints,839,1185,1431.5,M,False,2,2024-01-13,2024-01-13,False,83.28,,769.69,,641,
5666,8062,88,3616,,,,,,,,2,,7.60,,,,,87,True,Sprints,654,1016,1162.0,M,False,2,2024-01-13,2024-01-13,False,,,,,,
5667,8063,88,3616,,,,,,,,6,,55.58,,,,,87,True,Sprints,613,1025,1125.5,M,False,2,2024-01-13,2024-01-13,False,75.57,,631.71,,485,
5695,8094,146,3687,,,,,,,,6,,56.24,,,,,88,True,Sprints,581,1002,1082.0,M,False,2,2024-01-13,2024-01-13,False,74.49,,612.1,,462,
5697,8096,146,3688,,,,,,,,7,,1:10.66,,,,,88,True,Sprints,705,1092,1251.0,M,False,2,2024-01-13,2024-01-13,False,,,,,,
5700,8099,146,3689,,,,,,,,2,,7.23,,,,,88,True,Sprints,821,1137,1389.5,M,False,2,2024-01-13,2024-01-13,False,,,,,,
5701,8100,146,3689,,,,,,,,4,,24.20,,,,,88,True,Sprints,700,1064,1232.0,M,False,2,2024-01-13,2024-01-13,False,88.02,,650.08,,513,
5702,8101,146,3690,,,,,,,,2,,7.45,,,,,88,True,Sprints,720,1065,1252.5,M,False,2,2024-01-13,2024-01-13,False,,,,,,
5703,8102,146,3690,,,,,,,,4,,23.75,,,,,88,True,Sprints,755,1105,1307.5,M,False,2,2024-01-13,2024-01-13,False,90.12,,685.74,,555,
5704,8103,146,3691,,,,,,,,4,,23.86,,,,,88,True,Sprints,741,1095,1288.5,M,False,2,2024-01-13,2024-01-13,False,89.6,,676.9,,545,
5705,8104,146,3691,,,,,,,,6,,53.88,,,,,88,True,Sprints,699,1088,1243.0,M,False,2,2024-01-13,2024-01-13,False,78.49,,684.42,,544,
5706,8105,146,3719,,,,,,,,2,,7.26,,,,,88,True,Sprints,807,1127,1370.5,M,False,2,2024-01-13,2024-01-13,False,,,,,,
5708,8107,146,3720,,,,,,,,4,,26.33,,,,,88,True,Sprints,470,878,909.0,M,False,2,2024-01-13,2024-01-13,False,79.23,,497.82,,335,
5709,8108,146,3721,,,,,,,,2,,7.89,,,,,88,True,Sprints,537,926,1000.0,M,False,2,2024-01-13,2024-01-13,False,,,,,,
5710,8109,146,3721,,,,,,,,4,,27.59,,,,,88,True,Sprints,355,776,743.0,M,False,2,2024-01-13,2024-01-13,False,74.77,,418.83,,243,
5713,8112,146,3723,,,,,,,,2,,7.35,,,,,88,True,Sprints,765,1097,1313.5,M,False,2,2024-01-13,2024-01-13,False,,,,,,
5716,8115,146,3695,,,,,,,,2,,7.35,,,,,88,True,Sprints,765,1097,1313.5,M,False,2,2024-01-13,2024-01-13,False,,,,,,
5717,8116,146,3695,,,,,,,,4,,24.14,,,,,88,True,Sprints,707,1069,1241.5,M,False,2,2024-01-13,2024-01-13,False,88.3,,654.76,,519,
5718,8117,146,3696,,,,,,,,4,,24.40,,,,,88,True,Sprints,677,1046,1200.0,M,False,2,2024-01-13,2024-01-13,False,87.12,,634.65,,495,
5719,8118,146,3696,,,,,,,,6,,54.53,,,,,88,True,Sprints,666,1064,1198.0,M,False,2,2024-01-13,2024-01-13,False,77.35,,663.88,,521,
5720,8119,146,3698,,,,,,,,2,,7.09,,,,,88,True,Sprints,889,1185,1481.5,M,False,2,2024-01-13,2024-01-13,False,,,,,,
5721,8120,146,3724,,,,,,,,2,,8.09,,,,,88,True,Sprints,463,866,896.0,M,False,2,2024-01-13,2024-01-13,False,,,,,,
5722,8121,146,3724,,,,,,,,4,,27.14,,,,,88,True,Sprints,394,812,800.0,M,False,2,2024-01-13,2024-01-13,False,76.3,,446.2,,275,
5724,8123,146,3701,,,,,,,,2,,7.40,,,,,88,True,Sprints,742,1081,1282.5,M,False,2,2024-01-13,2024-01-13,False,,,,,,
5725,8124,146,3701,,,,,,,,4,,23.87,,,,,88,True,Sprints,740,1094,1287.0,M,False,2,2024-01-13,2024-01-13,False,89.55,,676.1,,544,
5726,8125,146,3725,,,,,,,,2,,7.90,,,,,88,True,Sprints,533,923,994.5,M,False,2,2024-01-13,2024-01-13,False,,,,,,
5728,8127,146,3726,,,,,,,,6,,55.58,,,,,88,True,Sprints,613,1025,1125.5,M,False,2,2024-01-13,2024-01-13,False,75.57,,631.71,,485,
5729,8128,146,3727,,,,,,,,4,,28.56,,,,,88,True,Sprints,278,703,629.5,M,False,2,2024-01-13,2024-01-13,False,71.64,,362.76,,177,
5730,8129,146,3727,,,,,,,,6,,1:07.97,,,,,88,True,Sprints,156,624,468.0,M,False,2,2024-01-13,2024-01-13,False,59.27,,327.16,,139,
5731,8130,146,3728,,,,,,,,2,,7.65,,,,,88,True,Sprints,633,1000,1133.0,M,False,2,2024-01-13,2024-01-13,False,,,,,,
5732,8131,146,3728,,,,,,,,4,,25.11,,,,,88,True,Sprints,596,982,1087.0,M,False,2,2024-01-13,2024-01-13,False,84.05,,581.87,,433,
5736,8135,146,3705,,,,,,,,4,,27.39,,,,,88,True,Sprints,372,792,768.0,M,False,2,2024-01-13,2024-01-13,False,75.44,,430.88,,257,
5737,8136,146,3705,,,,,,,,6,,56.62,,,,,88,True,Sprints,563,988,1057.0,M,False,2,2024-01-13,2024-01-13,False,73.88,,601.02,,450,
5740,8139,146,3730,,,,,,,,2,,7.70,,,,,88,True,Sprints,613,985,1105.5,M,False,2,2024-01-13,2024-01-13,False,,,,,,
5741,8140,146,3730,,,,,,,,4,,25.05,,,,,88,True,Sprints,603,987,1096.5,M,False,2,2024-01-13,2024-01-13,False,84.3,,586.21,,438,
5742,8141,146,3708,,,,,,,,2,,7.55,,,,,88,True,Sprints,676,1032,1192.0,M,False,2,2024-01-13,2024-01-13,False,,,,,,
5743,8142,146,3708,,,,,,,,4,,24.77,,,,,88,True,Sprints,634,1012,1140.0,M,False,2,2024-01-13,2024-01-13,False,85.49,,606.77,,462,
5744,8143,146,3709,,,,,,,,2,,8.33,,,,,88,True,Sprints,382,797,780.5,M,False,2,2024-01-13,2024-01-13,False,,,,,,
5748,8144,146,3709,,,,,,,,4,,28.55,,,,,88,True,Sprints,278,703,629.5,M,False,2,2024-01-13,2024-01-13,False,71.67,,363.32,,178,
5750,8146,146,3723,,3729.0,,3691.0,,3696.0,,24,,3:35.89,,,,,88,True,Relays,753,1114,1310.0,M,False,2,2024-01-13,2024-01-13,False,85.84,,1148.08,,560,
5751,8147,146,3709,,3720.0,,3731.0,,1409.0,,24,,4:14.42,,,,,88,True,Relays,358,816,766.0,M,False,2,2024-01-13,2024-01-13,False,71.08,,850.71,,281,
5752,8148,146,3710,,,,,,,,2,,7.51,,,,,88,True,Sprints,693,1045,1215.5,M,False,2,2024-01-13,2024-01-13,False,,,,,,
5759,8155,146,3733,,,,,,,,2,,7.46,,,,,88,True,Sprints,715,1061,1245.5,M,False,2,2024-01-13,2024-01-13,False,,,,,,
5761,8157,146,3734,,,,,,,,2,,7.48,,,,,88,True,Sprints,706,1055,1233.5,M,False,2,2024-01-13,2024-01-13,False,,,,,,
5766,8162,198,3737,,,,,,,,2,,7.47,,,,,88,True,Sprints,711,1058,1240.0,M,False,2,2024-01-13,2024-01-13,False,,,,,,
5768,8164,198,3738,,,,,,,,2,,7.83,,,,,88,True,Sprints,561,944,1033.0,M,False,2,2024-01-13,2024-01-13,False,,,,,,
5769,8165,198,3738,,,,,,,,4,,25.06,,,,,88,True,Sprints,602,987,1095.5,M,False,2,2024-01-13,2024-01-13,False,84.26,,585.49,,438,
5783,8179,96,2492,,1552.0,,363.0,,365.0,,24,,3:39.87,,,,,91,True,Relays,705,1081,1245.5,M,False,2,2024-01-19,2024-01-19,False,84.04,,1112.53,,526,
5791,8187,108,3642,,,,,,,,2,,7.28,,,,,93,True,Sprints,797,1121,1357.5,M,False,2,2024-01-19,2024-01-20,False,,,,,,
5798,8194,133,3747,,,,,,,,2,,7.72,,,,,94,True,Sprints,605,978,1094.0,M,False,2,2024-01-20,2024-01-20,False,,,,,,
5799,8195,133,3748,,,,,,,,2,,7.65,,,,,94,True,Sprints,633,1000,1133.0,M,False,2,2024-01-20,2024-01-20,False,,,,,,
5819,8228,107,3620,,,,,,,,6,,50.85,,,,,97,True,Sprints,867,1205,1469.5,M,False,2,2024-01-20,2024-01-20,False,84.26,,787.12,,661,
5820,8229,107,3622,,,,,,,,2,,7.36,,,,,97,True,Sprints,760,1094,1307.0,M,False,2,2024-01-20,2024-01-20,False,,,,,,
5821,8230,107,3622,,,,,,,,4,,23.65,,,,,97,True,Sprints,767,1115,1324.5,M,False,2,2024-01-20,2024-01-20,False,90.6,,693.85,,564,
5825,8234,107,3624,,,,,,,,6,,51.08,,,,,97,True,Sprints,854,1196,1452.0,M,False,2,2024-01-20,2024-01-20,False,83.8,,778.89,,652,
5827,8236,112,3757,,,,,,,,2,,7.55,,,,,97,True,Sprints,676,1032,1192.0,M,False,2,2024-01-20,2024-01-20,False,,,,,,
5832,8241,112,2043,,,,,,,,6,,59.41,,,,,97,True,Sprints,440,891,885.5,M,False,2,2024-01-20,2024-01-20,False,69.69,,524.0,,363,
5835,8244,112,3760,,,,,,,,4,,24.03,,,,,97,True,Sprints,720,1079,1259.5,M,False,2,2024-01-20,2024-01-20,False,88.8,,663.39,,529,
5836,8245,112,3761,,,,,,,,24,,3:44.66,,,,,97,True,Relays,650,1042,1171.0,M,False,2,2024-01-20,2024-01-20,False,81.98,,1071.43,,488,
5837,8246,112,3762,,,,,,,,6,,52.78,,,,,97,True,Sprints,758,1130,1323.0,M,False,2,2024-01-20,2024-01-20,False,80.5,,720.34,,585,
5843,8204,88,539,Fr,,,,,,,7,,1:05.71,,,,0.0,96,True,Sprints,916,1231,1531.5,M,False,2,2024-01-20,2024-01-20,False,,,,,,
5846,8252,112,3763,,,,,,,,4,,24.04,,,,,97,True,Sprints,719,1078,1258.0,M,False,2,2024-01-20,2024-01-20,False,88.76,,662.6,,528,
5848,8254,112,3764,,,,,,,,2,,7.29,,,,,97,True,Sprints,793,1117,1351.5,M,False,2,2024-01-20,2024-01-20,False,,,,,,
5849,8255,112,3764,,,,,,,,4,,23.68,,,,,97,True,Sprints,763,1112,1319.0,M,False,2,2024-01-20,2024-01-20,False,90.45,,691.41,,562,
5860,8267,104,2040,,,,,,,,4,,33.04,,,,,98,True,Sprints,43,409,247.5,M,False,2,2024-01-20,2024-01-20,False,59.92,,146.52,,0,
5861,8268,104,2040,,,,,,,,8,,2:08.98,,,,,98,True,Sprints,1,400,201.0,M,False,2,2024-01-20,2024-01-20,False,,,,,,
5863,8270,104,3772,,,,,,,,6,,55.89,,,,,98,True,Sprints,598,1014,1105.0,M,False,2,2024-01-20,2024-01-20,False,75.06,,622.44,,474,
5864,8271,104,3773,,,,,,,,2,,7.65,,,,,98,True,Sprints,633,1000,1133.0,M,False,2,2024-01-20,2024-01-20,False,,,,,,
5865,8272,104,3773,,,,,,,,4,,29.93,,,,,98,True,Sprints,185,604,487.0,M,False,2,2024-01-20,2024-01-20,False,67.63,,289.76,,92,
5866,8273,104,2006,,,,,,,,8,,1:32.45,,,,,98,True,Sprints,579,1018,1088.0,M,False,2,2024-01-20,2024-01-20,False,,,,,,
5872,8279,104,2029,,,,,,,,8,,1:39.28,,,,,98,True,Sprints,392,881,832.5,M,False,2,2024-01-20,2024-01-20,False,,,,,,
5875,8282,104,3774,,,,,,,,2,,8.77,,,,,98,True,Sprints,252,678,591.0,M,False,2,2024-01-20,2024-01-20,False,,,,,,
5877,8284,104,3775,,,,,,,,2,,9.51,,,,,98,True,Sprints,95,499,344.5,M,False,2,2024-01-20,2024-01-20,False,,,,,,
5878,8285,104,3775,,,,,,,,4,,30.83,,,,,98,True,Sprints,134,544,406.0,M,False,2,2024-01-20,2024-01-20,False,65.21,,245.34,,40,
5879,8286,104,2023,,,,,,,,8,,1:34.06,,,,,98,True,Sprints,531,985,1023.5,M,False,2,2024-01-20,2024-01-20,False,,,,,,
5881,8288,127,3627,,,,,,,,6,,57.29,,,,,98,True,Sprints,532,964,1014.0,M,False,2,2024-01-20,2024-01-20,False,72.83,,581.84,,428,
5882,8289,127,3628,,,,,,,,4,,23.78,,,,,98,True,Sprints,751,1102,1302.0,M,False,2,2024-01-20,2024-01-20,False,89.98,,683.32,,552,
5885,8292,127,3630,,,,,,,,2,,7.52,,,,,98,True,Sprints,689,1042,1210.0,M,False,2,2024-01-20,2024-01-20,False,,,,,,
5890,8297,127,11,,3777.0,,3627.0,,3628.0,,24,,3:39.56,,,,,98,True,Relays,709,1083,1250.5,M,False,2,2024-01-20,2024-01-20,False,84.18,,1115.26,,529,
5897,8304,49,3778,,,,,,,,4,,23.64,,,,,99,True,Sprints,768,1116,1326.0,M,False,2,2024-01-20,2024-01-20,False,90.65,,694.66,,565,
5898,8305,49,3778,,,,,,,,6,,55.29,,,,,99,True,Sprints,627,1036,1145.0,M,False,2,2024-01-20,2024-01-20,False,76.05,,640.47,,495,
5902,8309,49,3779,,,,,,,,1,Prelims,6.78,,,,,99,True,Sprints,812,1119,1371.5,M,False,2,2024-01-20,2024-01-20,False,,,,,,
5903,8310,49,3779,,,,,,,,1,Finals,6.71,,,,,99,True,Sprints,848,1144,1420.0,M,False,2,2024-01-20,2024-01-20,False,,,,,,
5904,8311,49,3779,,,,,,,,4,,23.68,,,,,99,True,Sprints,763,1112,1319.0,M,False,2,2024-01-20,2024-01-20,False,90.45,,691.41,,562,
5907,8314,49,3781,,,,,,,,4,,25.98,,,,,99,True,Sprints,505,907,958.5,M,False,2,2024-01-20,2024-01-20,False,80.56,,521.13,,362,
5908,8315,49,3781,,,,,,,,6,,56.66,,,,,99,True,Sprints,561,986,1054.0,M,False,2,2024-01-20,2024-01-20,False,73.82,,599.86,,449,
5910,8317,49,3783,,,,,,,,4,,24.55,,,,,99,True,Sprints,659,1032,1175.0,M,False,2,2024-01-20,2024-01-20,False,86.45,,623.25,,482,
5914,8321,49,3784,,3781.0,,3783.0,,18.0,,24,,3:46.27,,,,,99,True,Relays,632,1029,1146.5,M,False,2,2024-01-20,2024-01-20,False,81.3,,1058.0,,475,
5915,8322,49,3785,,,,,,,,1,Prelims,7.07,,,,,99,True,Sprints,672,1019,1181.5,M,False,2,2024-01-20,2024-01-20,False,,,,,,
5916,8323,49,3785,,,,,,,,4,,24.97,,,,,99,True,Sprints,612,995,1109.5,M,False,2,2024-01-20,2024-01-20,False,84.64,,592.04,,445,
5919,8326,49,3784,,,,,,,,1,Prelims,6.86,,,,,99,True,Sprints,772,1091,1317.5,M,False,2,2024-01-20,2024-01-20,False,,,,,,
5920,8327,49,3784,,,,,,,,1,Finals,6.81,,,,,99,True,Sprints,797,1109,1351.5,M,False,2,2024-01-20,2024-01-20,False,,,,,,
5921,8328,49,3784,,,,,,,,4,,24.06,,,,,99,True,Sprints,717,1077,1255.5,M,False,2,2024-01-20,2024-01-20,False,88.66,,661.03,,526,
5923,8331,162,3136,,,,,,,,6,,59.94,,,,,100,True,Sprints,418,873,854.5,M,False,2,2024-01-20,2024-01-20,False,68.95,,510.18,,347,
5930,8338,162,3788,,,,,,,,4,,24.97,,,,,100,True,Sprints,612,995,1109.5,M,False,2,2024-01-20,2024-01-20,False,84.64,,592.04,,445,
5931,8339,162,3788,,,,,,,,6,,55.07,,,,,100,True,Sprints,638,1044,1160.0,M,False,2,2024-01-20,2024-01-20,False,76.42,,647.18,,502,
5935,8344,162,3158,,,,,,,,6,,59.49,,,,,100,True,Sprints,436,888,880.0,M,False,2,2024-01-20,2024-01-20,False,69.58,,521.9,,360,
5937,8346,162,3788,,1209.0,,2687.0,,1288.0,,24,,3:52.93,,,,,100,True,Relays,560,976,1048.0,M,False,2,2024-01-20,2024-01-20,False,78.63,,1004.43,,425,
5938,8348,162,3791,,,,,,,,6,,1:06.52,,,,,100,True,Sprints,194,666,527.0,M,False,2,2024-01-20,2024-01-20,False,60.82,,356.94,,173,
5946,8347,162,2687,,1288.0,,1209.0,,1179.0,,24,,3:53.92,,,,,100,True,Relays,550,969,1034.5,M,False,2,2024-01-20,2024-01-20,False,78.25,,996.73,,418,
5969,8377,56,3799,,,,,,,,6,,56.46,,,,,101,True,Sprints,571,994,1068.0,M,False,2,2024-01-20,2024-01-20,False,74.14,,605.67,,455,
5971,8379,56,3415,,,,,,,,4,,26.62,,,,,101,True,Sprints,442,854,869.0,M,False,2,2024-01-20,2024-01-20,False,78.16,,478.98,,313,
5972,8380,56,3415,,,,,,,,6,,56.76,,,,,101,True,Sprints,557,983,1048.5,M,False,2,2024-01-20,2024-01-20,False,73.66,,596.97,,445,
5973,8382,56,196,,3417.0,,3799.0,,3415.0,,24,,4:05.52,,,,,101,True,Relays,436,881,876.5,M,False,2,2024-01-20,2024-01-20,False,74.03,,911.11,,338,
5975,8385,56,3572,,,,,,,,2,Prelims,7.95,,,,,101,True,Sprints,515,908,969.0,M,False,2,2024-01-20,2024-01-20,False,,,,,,
5976,8386,56,3807,,,,,,,,2,Prelims,8.24,,,,,101,True,Sprints,411,823,822.5,M,False,2,2024-01-20,2024-01-20,False,,,,,,
5977,8387,56,3807,,,,,,,,4,,28.24,,,,,101,True,Sprints,302,727,665.5,M,False,2,2024-01-20,2024-01-20,False,72.65,,380.83,,198,
5979,8389,56,3808,,,,,,,,2,Prelims,7.53,,,,,101,True,Sprints,685,1039,1204.5,M,False,2,2024-01-20,2024-01-20,False,,,,,,
5980,8390,56,3808,,,,,,,,4,,24.89,,,,,101,True,Sprints,620,1002,1121.0,M,False,2,2024-01-20,2024-01-20,False,84.98,,597.9,,452,
5983,8393,56,3809,,,,,,,,2,Prelims,7.44,,,,,101,True,Sprints,724,1068,1258.0,M,False,2,2024-01-20,2024-01-20,False,,,,,,
5984,8394,56,3809,,,,,,,,4,,23.70,,,,,101,True,Sprints,761,1110,1316.0,M,False,2,2024-01-20,2024-01-20,False,90.36,,689.78,,560,
5985,8395,56,3809,,,,,,,,6,,52.82,,,,,101,True,Sprints,756,1128,1320.0,M,False,2,2024-01-20,2024-01-20,False,80.42,,719.01,,584,
5987,8397,56,3578,,,,,,,,2,Finals,7.06,,,,,101,True,Sprints,903,1195,1500.5,M,False,2,2024-01-20,2024-01-20,False,,,,,,
5988,8398,56,3578,,,,,,,,2,Prelims,7.10,,,,,101,True,Sprints,884,1182,1475.0,M,False,2,2024-01-20,2024-01-20,False,,,,,,
5989,8399,56,3578,,,,,,,,4,,22.38,,,,,101,True,Sprints,933,1237,1551.5,M,False,2,2024-01-20,2024-01-20,False,97.12,,803.13,,692,
6040,8450,124,2860,,,,,,,,6,,52.84,,,,,102,True,Sprints,755,1127,1318.5,M,False,2,2024-01-20,2024-01-20,False,80.39,,718.34,,583,
6042,8452,124,3830,,,,,,,,2,,7.63,,,,,102,True,Sprints,642,1007,1145.5,M,False,2,2024-01-20,2024-01-20,False,,,,,,
6043,8453,124,3830,,,,,,,,4,,25.10,,,,,102,True,Sprints,597,983,1088.5,M,False,2,2024-01-20,2024-01-20,False,84.09,,582.59,,434,
6046,8381,56,3801,,3802.0,,163.0,,3804.0,,24,,3:48.06,,,,,101,True,Relays,612,1015,1119.5,M,False,2,2024-01-20,2024-01-20,False,80.57,,1043.29,,462,
6047,8458,124,3833,,,,,,,,2,,7.89,,,,,102,True,Sprints,537,926,1000.0,M,False,2,2024-01-20,2024-01-20,False,,,,,,
6048,8459,124,3833,,,,,,,,4,,25.25,,,,,102,True,Sprints,581,970,1066.0,M,False,2,2024-01-20,2024-01-20,False,83.47,,571.81,,422,
6052,8383,56,3804,,3802.0,,3805.0,,163.0,,30,,11:36.25,,,,,101,True,Relays,0,0,0.0,M,False,2,2024-01-20,2024-01-20,False,,,,,,
6053,8465,124,3836,,,,,,,,2,,7.44,,,,,102,True,Sprints,724,1068,1258.0,M,False,2,2024-01-20,2024-01-20,False,,,,,,
6054,8466,124,3836,,,,,,,,4,,24.28,,,,,102,True,Sprints,691,1056,1219.0,M,False,2,2024-01-20,2024-01-20,False,87.66,,643.88,,506,
6055,8467,124,3828,,3832.0,,3837.0,,2860.0,,24,,3:43.54,,,,,102,True,Relays,663,1051,1188.5,M,False,2,2024-01-20,2024-01-20,False,82.45,,1080.88,,497,
6056,8468,124,3827,,2011.0,,3838.0,,2867.0,,24,,3:49.12,,,,,102,True,Relays,601,1006,1104.0,M,False,2,2024-01-20,2024-01-20,False,80.14,,1034.69,,454,
6057,8469,124,3834,,2004.0,,3839.0,,2863.0,,24,,4:03.63,,,,,102,True,Relays,454,895,901.5,M,False,2,2024-01-20,2024-01-20,False,74.68,,924.5,,350,
6061,8473,124,3841,,,,,,,,4,,23.47,,,,,102,True,Sprints,790,1131,1355.5,M,False,2,2024-01-20,2024-01-20,False,91.47,,708.62,,582,
6062,8474,124,3841,,,,,,,,6,,51.90,,,,,102,True,Sprints,807,1164,1389.0,M,False,2,2024-01-20,2024-01-20,False,82.17,,750.17,,619,
6065,8477,124,3843,,,,,,,,2,,7.28,,,,,102,True,Sprints,797,1121,1357.5,M,False,2,2024-01-20,2024-01-20,False,,,,,,
6066,8478,124,3843,,,,,,,,4,,23.08,,,,,102,True,Sprints,840,1169,1424.5,M,False,2,2024-01-20,2024-01-20,False,93.42,,741.41,,620,
6073,8485,124,3838,,,,,,,,6,,57.78,,,,,102,True,Sprints,510,947,983.5,M,False,2,2024-01-20,2024-01-20,False,72.09,,568.09,,413,
6074,8486,124,3846,,,,,,,,6,,49.93,,,,,102,True,Sprints,922,1241,1542.5,M,False,2,2024-01-20,2024-01-20,False,86.18,,820.76,,699,
6099,8515,188,3851,,,,,,,,5,,37.61,,,,,104,True,Sprints,748,1129,1312.5,M,False,2,2024-01-21,2024-01-21,False,,,,,,
6100,8516,188,1863,,,,,,,,6,,52.52,,,,,104,True,Sprints,772,1140,1342.0,M,False,2,2024-01-21,2024-01-21,False,80.99,,729.05,,595,
6101,8517,203,3852,,,,,,,,8,,1:30.68,,,,,104,True,Sprints,633,1055,1160.5,M,False,2,2024-01-21,2024-01-21,False,,,,,,
6102,8519,188,3540,,,,,,,,2,,8.11,,,,,104,True,Sprints,456,860,886.0,M,False,2,2024-01-21,2024-01-21,False,,,,,,
6103,8522,188,3541,,,,,,,,4,,23.70,,,,,104,True,Sprints,761,1110,1316.0,M,False,2,2024-01-21,2024-01-21,False,90.36,,689.78,,560,
6104,8523,188,3541,,,,,,,,2,,7.44,,,,,104,True,Sprints,724,1068,1258.0,M,False,2,2024-01-21,2024-01-21,False,,,,,,
6107,8528,188,3854,,,,,,,,4,,23.77,,,,,104,True,Sprints,752,1103,1303.5,M,False,2,2024-01-21,2024-01-21,False,90.02,,684.12,,553,
6108,8529,188,3854,,,,,,,,2,,7.53,,,,,104,True,Sprints,685,1039,1204.5,M,False,2,2024-01-21,2024-01-21,False,,,,,,
6109,8530,188,3549,,,,,,,,4,,23.69,,,,,104,True,Sprints,762,1111,1317.5,M,False,2,2024-01-21,2024-01-21,False,90.41,,690.6,,561,
6110,8531,188,3549,,,,,,,,2,,7.36,,,,,104,True,Sprints,760,1094,1307.0,M,False,2,2024-01-21,2024-01-21,False,,,,,,
6116,8539,188,3550,,,,,,,,4,,26.43,,,,,104,True,Sprints,460,870,895.0,M,False,2,2024-01-21,2024-01-21,False,78.86,,491.28,,327,
6117,8540,188,3550,,,,,,,,2,,8.10,,,,,104,True,Sprints,460,863,891.5,M,False,2,2024-01-21,2024-01-21,False,,,,,,
6128,8554,79,3614,,,,,,,,2,,7.37,,,,,105,True,Sprints,756,1091,1301.5,M,False,2,2024-01-21,2024-01-21,False,,,,,,
6135,8561,79,3614,,,,,,,,4,,23.80,,,,,105,True,Sprints,748,1101,1298.5,M,False,2,2024-01-21,2024-01-21,False,89.88,,681.71,,550,
6139,8567,107,3715,,,,,,,,2,,7.45,,,,,107,True,Sprints,720,1065,1252.5,M,False,2,2024-01-26,2024-01-21,False,,,,,,
6142,8521,188,928,,,,,,,,2,,7.57,,,,,104,True,Sprints,667,1026,1180.0,M,False,2,2024-01-21,2024-01-21,False,,,,,,
6144,8544,188,938,,928.0,,885.0,,3550.0,,25,,3:52.50,,,,,104,True,Relays,0,0,0.0,M,False,2,2024-01-21,2024-01-21,False,,,,,,
6149,8513,188,966,,,,,,,,8,,1:39.54,,,,,104,True,Sprints,385,876,823.0,M,False,2,2024-01-21,2024-01-21,False,,,,,,
6150,8514,188,966,,,,,,,,5,,48.89,,,,,104,True,Sprints,149,597,447.5,M,False,2,2024-01-21,2024-01-21,False,,,,,,
6151,8543,188,3549,,966.0,,3854.0,,3541.0,,23,,1:38.22,,,,,104,True,Relays,0,0,0.0,M,False,2,2024-01-21,2024-01-21,False,,,,,,
6156,8569,107,3622,,,,,,,,2,,7.38,,,,,107,True,Sprints,751,1087,1294.5,M,False,2,2024-01-26,2024-01-21,False,,,,,,
6157,8570,107,3622,,,,,,,,4,,23.10,,,,,107,True,Sprints,837,1167,1420.5,M,False,2,2024-01-26,2024-01-21,False,93.32,,739.7,,618,
6159,8572,107,3624,,,,,,,,6,,51.12,,,,,107,True,Sprints,851,1194,1448.0,M,False,2,2024-01-26,2024-01-21,False,83.72,,777.47,,650,
6162,8575,199,3861,,,,,,,,6,,51.86,,,,,108,True,Sprints,809,1165,1391.5,M,False,2,2024-01-26,2024-01-27,False,82.25,,751.55,,621,
6208,8621,124,3871,,,,,,,,4,,23.25,,,,,109,True,Sprints,818,1152,1394.0,M,False,2,2024-01-26,2024-01-27,False,92.56,,726.98,,603,
6215,8628,104,3772,,,,,,,,4,,25.05,,,,,109,True,Sprints,603,987,1096.5,M,False,2,2024-01-26,2024-01-27,False,84.3,,586.21,,438,
6216,8629,104,3772,,,,,,,,6,,55.32,,,,,109,True,Sprints,626,1035,1143.5,M,False,2,2024-01-26,2024-01-27,False,76.0,,639.56,,494,
6226,8639,124,2883,,,,,,,,4,,27.04,,,,,109,True,Sprints,403,820,813.0,M,False,2,2024-01-26,2024-01-27,False,76.65,,452.4,,282,
6227,8640,124,2883,,,,,,,,6,,59.05,,,,,109,True,Sprints,455,903,906.5,M,False,2,2024-01-26,2024-01-27,False,70.21,,533.53,,373,
6229,8642,124,3871,,,,,,,,2,,7.31,,,,,109,True,Sprints,783,1111,1338.5,M,False,2,2024-01-26,2024-01-27,False,,,,,,
6241,8659,124,3875,,,,,,,,6,,1:00.61,,,,,109,True,Sprints,391,851,816.5,M,False,2,2024-01-26,2024-01-27,False,68.03,,493.05,,327,
6243,8661,124,3876,,3832.0,,2003.0,,1992.0,,24,,3:42.57,,,,,109,True,Relays,674,1059,1203.5,M,False,2,2024-01-26,2024-01-27,False,82.87,,1089.14,,504,
6244,8662,124,2852,,1990.0,,2004.0,,1998.0,,24,,3:47.46,,,,,109,True,Relays,619,1020,1129.0,M,False,2,2024-01-26,2024-01-27,False,80.81,,1048.2,,466,
6245,8663,124,3877,,3827.0,,2011.0,,2861.0,,24,,4:01.38,,,,,109,True,Relays,475,912,931.0,M,False,2,2024-01-26,2024-01-27,False,75.48,,940.72,,366,
6249,8667,124,3877,,,,,,,,6,,1:00.40,,,,,109,True,Sprints,399,858,828.0,M,False,2,2024-01-26,2024-01-27,False,68.32,,498.38,,333,
6250,8668,124,3878,,,,,,,,4,,24.57,,,,,109,True,Sprints,657,1030,1172.0,M,False,2,2024-01-26,2024-01-27,False,86.37,,621.74,,480,
6259,8674,112,3757,,,,,,,,2,,7.47,,,,,109,True,Sprints,711,1058,1240.0,M,False,2,2024-01-26,2024-01-27,False,,,,,,
6263,8678,112,3879,,,,,,,,2,,7.31,,,,,109,True,Sprints,783,1111,1338.5,M,False,2,2024-01-26,2024-01-27,False,,,,,,
6264,8679,112,3879,,,,,,,,4,,24.22,,,,,109,True,Sprints,698,1062,1229.0,M,False,2,2024-01-26,2024-01-27,False,87.93,,648.52,,511,
6265,8680,112,414,,435.0,,3333.0,,417.0,,24,,3:49.79,,,,,109,True,Relays,593,1001,1093.5,M,False,2,2024-01-26,2024-01-27,False,79.87,,1029.3,,448,
6266,8681,112,2873,,426.0,,3880.0,,2886.0,,24,,4:03.78,,,,,109,True,Relays,452,894,899.0,M,False,2,2024-01-26,2024-01-27,False,74.63,,923.43,,349,
6267,8682,112,3333,,3336.0,,3762.0,,417.0,,30,,11:01.00,,,,,109,True,Relays,0,0,0.0,M,False,2,2024-01-26,2024-01-27,False,,,,,,
6268,8683,118,3881,,3882.0,,3883.0,,3884.0,,30,,12:03.75,,,,,109,True,Relays,0,0,0.0,M,False,2,2024-01-26,2024-01-27,False,,,,,,
6283,8698,118,3882,,,,,,,,4,,26.58,,,,,109,True,Sprints,446,857,874.5,M,False,2,2024-01-26,2024-01-27,False,78.3,,481.55,,316,
6308,8724,59,3896,,,,,,,,2,,7.38,,,,,111,True,Sprints,751,1087,1294.5,M,False,2,2024-01-26,2024-01-27,False,,,,,,
6309,8725,59,3896,,,,,,,,6,,55.75,,,,,111,True,Sprints,605,1019,1114.5,M,False,2,2024-01-26,2024-01-27,False,75.29,,626.61,,479,
6311,8727,59,3898,,,,,,,,2,,7.26,,,,,111,True,Sprints,807,1127,1370.5,M,False,2,2024-01-26,2024-01-27,False,,,,,,
6312,8728,59,3898,,,,,,,,4,,23.93,,,,,111,True,Sprints,733,1089,1277.5,M,False,2,2024-01-26,2024-01-27,False,89.27,,671.31,,538,
6313,8729,59,3899,,,,,,,,2,,7.52,,,,,111,True,Sprints,689,1042,1210.0,M,False,2,2024-01-26,2024-01-27,False,,,,,,
6314,8730,59,3899,,,,,,,,4,,24.31,,,,,111,True,Sprints,687,1054,1214.0,M,False,2,2024-01-26,2024-01-27,False,87.52,,641.56,,503,
6318,8734,59,3902,,,,,,,,6,,55.69,,,,,111,True,Sprints,608,1021,1118.5,M,False,2,2024-01-26,2024-01-27,False,75.39,,628.41,,481,
6320,8736,59,3904,,,,,,,,4,,25.96,,,,,111,True,Sprints,507,909,961.5,M,False,2,2024-01-26,2024-01-27,False,80.63,,522.48,,364,
6321,8737,59,3905,,,,,,,,4,,25.48,,,,,111,True,Sprints,556,950,1031.0,M,False,2,2024-01-26,2024-01-27,False,82.53,,555.53,,403,
6324,8740,59,3907,,,,,,,,4,,24.81,,,,,111,True,Sprints,629,1009,1133.5,M,False,2,2024-01-26,2024-01-27,False,85.32,,603.8,,459,
6325,8741,59,3907,,,,,,,,6,,54.40,,,,,111,True,Sprints,672,1069,1206.5,M,False,2,2024-01-26,2024-01-27,False,77.57,,667.95,,526,
6326,8742,59,3908,,,,,,,,2,,7.70,,,,,111,True,Sprints,613,985,1105.5,M,False,2,2024-01-26,2024-01-27,False,,,,,,
6327,8743,59,3909,,,,,,,,6,,56.25,,,,,111,True,Sprints,581,1001,1081.5,M,False,2,2024-01-26,2024-01-27,False,74.48,,611.81,,462,
6328,8744,59,3910,,,,,,,,4,,24.77,,,,,111,True,Sprints,634,1012,1140.0,M,False,2,2024-01-26,2024-01-27,False,85.49,,606.77,,462,
6331,8748,59,1624,,,,,,,,4,,25.09,,,,,111,True,Sprints,598,984,1090.0,M,False,2,2024-01-26,2024-01-27,False,84.13,,583.32,,435,
6332,8749,59,1624,,,,,,,,6,,54.76,,,,,111,True,Sprints,654,1055,1181.5,M,False,2,2024-01-26,2024-01-27,False,76.95,,656.72,,513,
6333,8750,59,3912,,,,,,,,6,,53.89,,,,,111,True,Sprints,699,1088,1243.0,M,False,2,2024-01-26,2024-01-27,False,78.47,,684.1,,544,
6335,8752,59,3913,,,,,,,,2,,7.28,,,,,111,True,Sprints,797,1121,1357.5,M,False,2,2024-01-26,2024-01-27,False,,,,,,
6338,8755,59,3916,,,,,,,,4,,24.87,,,,,111,True,Sprints,623,1003,1124.5,M,False,2,2024-01-26,2024-01-27,False,85.06,,599.37,,454,
6339,8756,59,3916,,,,,,,,6,,55.76,,,,,111,True,Sprints,604,1019,1113.5,M,False,2,2024-01-26,2024-01-27,False,75.27,,626.31,,479,
6341,8758,59,1639,,1650.0,,2787.0,,1636.0,,24,,3:58.51,,,,,111,True,Relays,503,934,970.0,M,False,2,2024-01-26,2024-01-27,False,76.52,,961.85,,385,
6344,8761,59,3919,,,,,,,,6,,57.61,,,,,111,True,Sprints,518,953,994.5,M,False,2,2024-01-26,2024-01-27,False,72.34,,572.84,,418,
6352,8769,58,3923,,,,,,,,4,,24.74,,,,,112,True,Sprints,637,1015,1144.5,M,False,2,2024-01-27,2024-01-27,False,85.62,,609.0,,465,
6353,8770,58,3923,,,,,,,,6,,53.61,,,,,112,True,Sprints,714,1098,1263.0,M,False,2,2024-01-27,2024-01-27,False,78.97,,693.1,,554,
6355,8772,58,3924,,,,,,,,2,,7.53,,,,,112,True,Sprints,685,1039,1204.5,M,False,2,2024-01-27,2024-01-27,False,,,,,,
6356,8773,58,3925,,,,,,,,2,,7.48,,,,,112,True,Sprints,706,1055,1233.5,M,False,2,2024-01-27,2024-01-27,False,,,,,,
6357,8774,58,3925,,,,,,,,4,,24.67,,,,,112,True,Sprints,645,1021,1155.5,M,False,2,2024-01-27,2024-01-27,False,85.93,,614.22,,471,
6359,8776,58,3926,,,,,,,,2,,7.80,,,,,112,True,Sprints,572,954,1049.0,M,False,2,2024-01-27,2024-01-27,False,,,,,,
6361,8778,58,3928,,,,,,,,2,,7.48,,,,,112,True,Sprints,706,1055,1233.5,M,False,2,2024-01-27,2024-01-27,False,,,,,,
6362,8779,58,3928,,,,,,,,4,,24.48,,,,,112,True,Sprints,667,1038,1186.0,M,False,2,2024-01-27,2024-01-27,False,86.76,,628.55,,488,
6367,8784,58,3931,,,,,,,,2,,7.66,,,,,112,True,Sprints,629,997,1127.5,M,False,2,2024-01-27,2024-01-27,False,,,,,,
6368,8785,58,2219,,,,,,,,6,,58.14,,,,,112,True,Sprints,494,934,961.0,M,False,2,2024-01-27,2024-01-27,False,71.54,,558.14,,401,
6387,8804,116,3941,,,,,,,,2,,8.76,,,,,113,True,Sprints,255,681,595.5,M,False,2,2024-01-27,2024-01-27,False,,,,,,
6389,8806,116,3942,,,,,,,,7,,1:14.28,,,,,113,True,Sprints,568,995,1065.5,M,False,2,2024-01-27,2024-01-27,False,,,,,,
6390,8807,116,3943,,,,,,,,2,,7.76,,,,,113,True,Sprints,588,966,1071.0,M,False,2,2024-01-27,2024-01-27,False,,,,,,
6392,8809,116,3944,,,,,,,,2,,7.15,,,,,113,True,Sprints,859,1164,1441.0,M,False,2,2024-01-27,2024-01-27,False,,,,,,
6393,8810,116,3944,,,,,,,,4,,23.86,,,,,113,True,Sprints,741,1095,1288.5,M,False,2,2024-01-27,2024-01-27,False,89.6,,676.9,,545,
6394,8811,116,3945,,,,,,,,2,,7.82,,,,,113,True,Sprints,565,947,1038.5,M,False,2,2024-01-27,2024-01-27,False,,,,,,
6396,8814,116,458,,,,,,,,6,,58.87,,,,,113,True,Sprints,462,909,916.5,M,False,2,2024-01-27,2024-01-27,False,70.47,,538.34,,379,
6397,8815,116,3946,,,,,,,,2,,7.54,,,,,113,True,Sprints,680,1035,1197.5,M,False,2,2024-01-27,2024-01-27,False,,,,,,
6398,8816,116,3946,,,,,,,,4,,24.40,,,,,113,True,Sprints,677,1046,1200.0,M,False,2,2024-01-27,2024-01-27,False,87.12,,634.65,,495,
6399,8817,116,3947,,,,,,,,2,,7.76,,,,,113,True,Sprints,588,966,1071.0,M,False,2,2024-01-27,2024-01-27,False,,,,,,
6400,8818,116,3948,,,,,,,,2,,7.27,,,,,113,True,Sprints,802,1124,1364.0,M,False,2,2024-01-27,2024-01-27,False,,,,,,
6401,8819,116,3949,,,,,,,,2,,7.81,,,,,113,True,Sprints,568,950,1043.0,M,False,2,2024-01-27,2024-01-27,False,,,,,,
6402,8820,116,3949,,,,,,,,6,,58.39,,,,,113,True,Sprints,483,926,946.0,M,False,2,2024-01-27,2024-01-27,False,71.17,,551.3,,393,
6404,8822,116,3951,,,,,,,,2,,7.31,,,,,113,True,Sprints,783,1111,1338.5,M,False,2,2024-01-27,2024-01-27,False,,,,,,
6405,8823,116,3952,,,,,,,,2,,7.73,,,,,113,True,Sprints,601,975,1088.5,M,False,2,2024-01-27,2024-01-27,False,,,,,,
6412,8830,121,2807,,,,,,,,6,,57.55,,,,,114,True,Sprints,520,955,997.5,M,False,2,2024-01-27,2024-01-27,False,72.44,,574.52,,420,
6420,8839,121,2807,,3959.0,,3962.0,,3963.0,,22,,1:57.82,,,,,114,True,Relays,213,732,579.0,M,False,2,2024-01-27,2024-01-27,False,,,,,,
6421,8840,121,2800,,2805.0,,3964.0,,2797.0,,30,,13:10.80,,,,,114,True,Relays,0,0,0.0,M,False,2,2024-01-27,2024-01-27,False,,,,,,
6422,8841,121,3963,So,,,,,,,2,,8.23,,,,,114,True,Sprints,415,826,828.0,M,False,2,2024-01-27,2024-01-27,False,,,,,,
6492,8911,108,3983,,,,,,,,2,,7.03,,,,,115,True,Sprints,918,1206,1521.0,M,False,2,2024-01-27,2024-01-27,False,,,,,,
6496,8915,108,3642,,,,,,,,2,,7.18,,,,,115,True,Sprints,845,1154,1422.0,M,False,2,2024-01-27,2024-01-27,False,,,,,,
6499,8918,108,3743,,3984.0,,124.0,,141.0,,24,,3:53.83,,,,,115,True,Relays,551,969,1035.5,M,False,2,2024-01-27,2024-01-27,False,78.28,,997.43,,419,
6501,8920,108,3986,,,,,,,,2,,8.07,,,,,115,True,Sprints,470,872,906.0,M,False,2,2024-01-27,2024-01-27,False,,,,,,
6505,8924,1,20,,,,,,,,6,,57.89,,,,,115,True,Sprints,505,943,976.5,M,False,2,2024-01-27,2024-01-27,False,71.92,,565.04,,409,
6506,8925,1,20,,,,,,,,4,,26.77,,,,,115,True,Sprints,428,842,849.0,M,False,2,2024-01-27,2024-01-27,False,77.61,,469.39,,302,
6507,8926,1,3987,,,,,,,,2,,7.64,,,,,115,True,Sprints,638,1004,1140.0,M,False,2,2024-01-27,2024-01-27,False,,,,,,
6508,8927,1,3987,,,,,,,,4,,25.97,,,,,115,True,Sprints,506,908,960.0,M,False,2,2024-01-27,2024-01-27,False,80.6,,521.8,,363,
6513,8932,1,50,,,,,,,,6,,1:06.85,,,,,115,True,Sprints,185,656,513.0,M,False,2,2024-01-27,2024-01-27,False,60.46,,350.05,,165,
6514,8933,1,50,,,,,,,,4,,29.79,,,,,115,True,Sprints,193,614,500.0,M,False,2,2024-01-27,2024-01-27,False,68.02,,296.91,,100,
6516,8935,1,44,,,,,,,,4,,26.97,,,,,115,True,Sprints,410,826,823.0,M,False,2,2024-01-27,2024-01-27,False,76.9,,456.78,,287,
6520,8941,1,471,,20.0,,150.0,,37.0,,24,,3:57.88,,,,,115,True,Relays,509,938,978.0,M,False,2,2024-01-27,2024-01-27,False,76.75,,966.56,,390,
6521,8943,117,3991,,,,,,,,6,,1:07.90,,,,,115,True,Sprints,157,626,470.0,M,False,2,2024-01-27,2024-01-27,False,59.35,,328.57,,141,
6527,8949,117,182,,,,,,,,8,,1:31.63,,,,,115,True,Sprints,604,1035,1121.5,M,False,2,2024-01-27,2024-01-27,False,,,,,,
6528,8950,117,3993,,,,,,,,2,,7.65,,,,,115,True,Sprints,633,1000,1133.0,M,False,2,2024-01-27,2024-01-27,False,,,,,,
6530,8952,117,3993,,,,,,,,4,,25.14,,,,,115,True,Sprints,593,980,1083.0,M,False,2,2024-01-27,2024-01-27,False,83.93,,579.71,,431,
6533,8955,117,31,,,,,,,,6,,1:01.65,,,,,115,True,Sprints,351,816,759.0,M,False,2,2024-01-27,2024-01-27,False,66.65,,467.21,,298,
6535,8957,117,3994,,,,,,,,2,,8.16,,,,,115,True,Sprints,439,846,862.0,M,False,2,2024-01-27,2024-01-27,False,,,,,,
6537,8959,117,47,,,,,,,,2,,8.34,,,,,115,True,Sprints,378,794,775.0,M,False,2,2024-01-27,2024-01-27,False,,,,,,
6540,8962,117,3996,,,,,,,,2,,7.32,,,,,115,True,Sprints,779,1107,1332.5,M,False,2,2024-01-27,2024-01-27,False,,,,,,
6541,8963,117,3996,,,,,,,,6,,54.11,,,,,115,True,Sprints,687,1080,1227.0,M,False,2,2024-01-27,2024-01-27,False,78.08,,677.09,,536,
6542,8964,117,3996,,,,,,,,4,,24.25,,,,,115,True,Sprints,694,1059,1223.5,M,False,2,2024-01-27,2024-01-27,False,87.79,,646.2,,509,
6550,8972,117,3997,,,,,,,,2,,8.75,,,,,115,True,Sprints,258,683,599.5,M,False,2,2024-01-27,2024-01-27,False,,,,,,
6555,8977,117,3998,,,,,,,,2,,8.64,,,,,115,True,Sprints,288,712,644.0,M,False,2,2024-01-27,2024-01-27,False,,,,,,
6556,8978,117,3998,,,,,,,,4,,30.62,,,,,115,True,Sprints,145,558,424.0,M,False,2,2024-01-27,2024-01-27,False,65.76,,255.47,,51,
6557,8979,117,3999,,,,,,,,2,,7.60,,,,,115,True,Sprints,654,1016,1162.0,M,False,2,2024-01-27,2024-01-27,False,,,,,,
6562,8984,117,4000,,,,,,,,2,,7.39,,,,,115,True,Sprints,747,1084,1289.0,M,False,2,2024-01-27,2024-01-27,False,,,,,,
6569,8940,1,37,,,,,,,,4,,30.55,,,,,115,True,Sprints,149,563,430.5,M,False,2,2024-01-27,2024-01-27,False,65.95,,258.88,,55,
6570,8991,117,4001,,,,,,,,2,,7.33,,,,,115,True,Sprints,774,1104,1326.0,M,False,2,2024-01-27,2024-01-27,False,,,,,,
6571,8992,117,4002,,,,,,,,2,,7.67,,,,,115,True,Sprints,625,994,1122.0,M,False,2,2024-01-27,2024-01-27,False,,,,,,
6572,8993,117,4002,,,,,,,,4,,24.86,,,,,115,True,Sprints,624,1004,1126.0,M,False,2,2024-01-27,2024-01-27,False,85.11,,600.11,,455,
6581,9002,117,4003,,,,,,,,2,,7.32,,,,,115,True,Sprints,779,1107,1332.5,M,False,2,2024-01-27,2024-01-27,False,,,,,,
6584,9005,117,3353,,,,,,,,6,,57.54,,,,,115,True,Sprints,521,955,998.5,M,False,2,2024-01-27,2024-01-27,False,72.45,,574.8,,420,
6585,9006,117,30,,,,,,,,8,,1:27.51,,,,,115,True,Sprints,737,1124,1299.0,M,False,2,2024-01-27,2024-01-27,False,,,,,,
6586,9007,117,188,,197.0,,164.0,,146.0,,26,,9:30.80,,,,,115,True,Relays,0,0,0.0,M,False,2,2024-01-27,2024-01-27,False,,,,,,
6587,9008,117,161,,25.0,,30.0,,3991.0,,26,,9:41.23,,,,,115,True,Relays,0,0,0.0,M,False,2,2024-01-27,2024-01-27,False,,,,,,
6588,9009,117,30,,182.0,,156.0,,3996.0,,24,,3:45.85,,,,,115,True,Relays,637,1032,1153.0,M,False,2,2024-01-27,2024-01-27,False,81.48,,1061.48,,479,
6589,9010,117,4003,,3999.0,,4002.0,,3993.0,,24,,4:02.10,,,,,115,True,Relays,468,906,921.0,M,False,2,2024-01-27,2024-01-27,False,75.22,,935.5,,361,
6590,9011,117,183,,3353.0,,2037.0,,184.0,,24,,4:02.52,,,,,115,True,Relays,464,903,915.5,M,False,2,2024-01-27,2024-01-27,False,75.07,,932.46,,358,
6597,9018,117,161,,,,,,,,6,,59.51,,,,,115,True,Sprints,435,887,878.5,M,False,2,2024-01-27,2024-01-27,False,69.55,,521.37,,360,
6607,9030,117,4007,,,,,,,,4,,27.78,,,,,115,True,Sprints,339,762,720.0,M,False,2,2024-01-27,2024-01-27,False,74.13,,407.53,,229,
6614,9037,120,338,,327.0,,315.0,,344.0,,24,,4:11.49,,,,,117,True,Relays,382,837,800.5,M,False,2,2024-02-02,2024-02-02,False,72.02,,870.12,,299,
6615,9038,120,337,,4010.0,,345.0,,324.0,,24,,4:14.52,,,,,117,True,Relays,357,816,765.0,M,False,2,2024-02-02,2024-02-02,False,71.04,,850.05,,281,
6616,9039,120,4011,,4012.0,,315.0,,327.0,,30,,12:25.73,,,,,117,True,Relays,0,0,0.0,M,False,2,2024-02-02,2024-02-02,False,,,,,,
6629,9052,120,344,,,,,,,,2,,8.28,,,,,117,True,Sprints,398,811,803.5,M,False,2,2024-02-02,2024-02-02,False,,,,,,
6630,9053,120,344,,,,,,,,6,,59.15,,,,,117,True,Sprints,450,900,900.0,M,False,2,2024-02-02,2024-02-02,False,70.07,,530.87,,370,
6635,9058,120,4010,,,,,,,,6,,1:05.05,,,,,117,True,Sprints,236,710,591.0,M,False,2,2024-02-02,2024-02-02,False,62.48,,388.48,,209,
6638,9061,107,4013,,,,,,,,2,,7.64,,,,,118,True,Sprints,638,1004,1140.0,M,False,2,2024-02-02,2024-02-02,False,,,,,,
6639,9062,107,4013,,,,,,,,4,,25.17,,,,,118,True,Sprints,590,977,1078.5,M,False,2,2024-02-02,2024-02-02,False,83.8,,577.55,,428,
6645,9068,49,3778,,,,,,,,4,,23.56,,,,,119,True,Sprints,778,1123,1339.5,M,False,2,2024-02-02,2024-02-02,False,91.03,,701.2,,573,
6646,9069,49,3781,,,,,,,,6,,55.31,,,,,119,True,Sprints,626,1035,1143.5,M,False,2,2024-02-02,2024-02-02,False,76.02,,639.86,,494,
6647,9070,49,3784,,,,,,,,2,,7.45,,,,,119,True,Sprints,720,1065,1252.5,M,False,2,2024-02-02,2024-02-02,False,,,,,,
6648,9071,49,3784,,,,,,,,4,,23.79,,,,,119,True,Sprints,750,1102,1301.0,M,False,2,2024-02-02,2024-02-02,False,89.93,,682.51,,551,
6708,9131,61,4034,,,,,,,,2,,7.62,,,,,123,True,Sprints,646,1010,1151.0,M,False,2,2024-02-03,2024-02-03,False,,,,,,
6712,9135,61,4036,,,,,,,,6,,57.33,,,,,123,True,Sprints,530,963,1011.5,M,False,2,2024-02-03,2024-02-03,False,72.77,,580.71,,427,
6718,9141,61,2273,,,,,,,,6,,55.52,,,,,123,True,Sprints,616,1028,1130.0,M,False,2,2024-02-03,2024-02-03,False,75.67,,633.51,,487,
6721,9144,61,2269,,,,,,,,6,,1:03.89,,,,,123,True,Sprints,273,745,645.5,M,False,2,2024-02-03,2024-02-03,False,63.84,,414.4,,238,
6724,9147,61,4038,,,,,,,,6,,1:00.21,,,,,123,True,Sprints,407,864,839.0,M,False,2,2024-02-03,2024-02-03,False,68.58,,503.23,,339,
6729,9152,61,2288,,,,,,,,6,,1:08.33,,,,,123,True,Sprints,147,614,454.0,M,False,2,2024-02-03,2024-02-03,False,58.9,,319.96,,131,
6731,9154,61,4041,,,,,,,,4,,25.11,,,,,123,True,Sprints,596,982,1087.0,M,False,2,2024-02-03,2024-02-03,False,84.05,,581.87,,433,
6742,9165,61,4045,,,,,,,,4,,26.31,,,,,123,True,Sprints,472,880,912.0,M,False,2,2024-02-03,2024-02-03,False,79.3,,499.14,,337,
6753,9176,61,4047,,,,,,,,4,,24.79,,,,,123,True,Sprints,632,1010,1137.0,M,False,2,2024-02-03,2024-02-03,False,85.41,,605.28,,461,
6754,9177,61,4047,,,,,,,,6,,54.40,,,,,123,True,Sprints,672,1069,1206.5,M,False,2,2024-02-03,2024-02-03,False,77.57,,667.95,,526,
6756,9179,61,2289,,,,,,,,2,,7.49,,,,,123,True,Sprints,702,1052,1228.0,M,False,2,2024-02-03,2024-02-03,False,,,,,,
6760,9183,61,4048,,,,,,,,2,,7.64,,,,,123,True,Sprints,638,1004,1140.0,M,False,2,2024-02-03,2024-02-03,False,,,,,,
6761,9184,61,4048,,,,,,,,4,,25.71,,,,,123,True,Sprints,532,930,997.0,M,False,2,2024-02-03,2024-02-03,False,81.61,,539.54,,384,
6762,9185,61,4049,,,,,,,,6,,1:02.76,,,,,123,True,Sprints,311,781,701.5,M,False,2,2024-02-03,2024-02-03,False,65.23,,440.57,,268,
6763,9186,61,2269,,4047.0,,2273.0,,4046.0,,24,,3:52.90,,,,,123,True,Relays,560,977,1048.5,M,False,2,2024-02-03,2024-02-03,False,78.64,,1004.67,,425,
6764,9187,61,2276,,4044.0,,1661.0,,1660.0,,24,,4:06.51,,,,,123,True,Relays,427,874,864.0,M,False,2,2024-02-03,2024-02-03,False,73.69,,904.17,,331,
6765,9188,61,4050,,,,,,,,4,,26.64,,,,,123,True,Sprints,440,852,866.0,M,False,2,2024-02-03,2024-02-03,False,78.08,,477.69,,311,
6767,9190,56,3578,Jr,,,,,,,2,,6.93,,,,,124,True,Sprints,969,1241,1589.5,M,False,2,2024-02-03,2024-02-03,False,,,,,,
6789,9212,11,4056,,,,,,,,6,,52.36,,,,,125,True,Sprints,781,1146,1354.0,M,False,2,2024-02-03,2024-02-03,False,81.29,,734.45,,601,
6792,9215,11,4058,,,,,,,,2,,7.58,,,,,125,True,Sprints,663,1023,1174.5,M,False,2,2024-02-03,2024-02-03,False,,,,,,
6793,9216,11,4058,,,,,,,,4,,23.94,,,,,125,True,Sprints,731,1088,1275.0,M,False,2,2024-02-03,2024-02-03,False,89.22,,670.52,,537,
6802,9227,15,4064,,,,,,,,2,,7.79,,,,,125,True,Sprints,576,957,1054.5,M,False,2,2024-02-03,2024-02-03,False,,,,,,
6803,9228,15,4064,,,,,,,,4,,24.26,,,,,125,True,Sprints,693,1058,1222.0,M,False,2,2024-02-03,2024-02-03,False,87.75,,645.42,,508,
6811,9236,15,3279,,3286.0,,4059.0,,3268.0,,24,,3:46.37,,,,,125,True,Relays,631,1028,1145.0,M,False,2,2024-02-03,2024-02-03,False,81.26,,1057.17,,475,
6812,9237,15,4067,,4065.0,,4062.0,,4060.0,,24,,3:52.89,,,,,125,True,Relays,560,977,1048.5,M,False,2,2024-02-03,2024-02-03,False,78.65,,1004.74,,425,
6818,9244,88,4073,,,,,,,,4,,24.25,,,,,126,True,Sprints,694,1059,1223.5,M,False,2,2024-02-03,2024-02-04,False,87.79,,646.2,,509,
6845,9272,59,4077,,,,,,,,6,,1:01.39,,,,,127,True,Sprints,361,825,773.5,M,False,2,2024-02-03,2024-02-03,False,66.99,,473.59,,305,
6847,9274,59,4078,,,,,,,,4,,26.19,,,,,127,True,Sprints,484,890,929.0,M,False,2,2024-02-03,2024-02-03,False,79.75,,507.07,,346,
6848,9275,59,4078,,,,,,,,6,,58.82,,,,,127,True,Sprints,464,911,919.5,M,False,2,2024-02-03,2024-02-03,False,70.54,,539.68,,380,
6854,9281,59,3896,,,,,,,,2,,7.37,,,,,127,True,Sprints,756,1091,1301.5,M,False,2,2024-02-03,2024-02-03,False,,,,,,
6855,9282,59,3896,,,,,,,,4,,24.02,,,,,127,True,Sprints,722,1080,1262.0,M,False,2,2024-02-03,2024-02-03,False,88.85,,664.18,,530,
6857,9284,59,3899,,,,,,,,2,,7.40,,,,,127,True,Sprints,742,1081,1282.5,M,False,2,2024-02-03,2024-02-03,False,,,,,,
6858,9285,59,3899,,,,,,,,4,,23.85,,,,,127,True,Sprints,742,1096,1290.0,M,False,2,2024-02-03,2024-02-03,False,89.64,,677.7,,545,
6862,9289,59,1622,,,,,,,,2,,7.33,,,,,127,True,Sprints,774,1104,1326.0,M,False,2,2024-02-03,2024-02-03,False,,,,,,
6864,9291,59,3904,,,,,,,,4,,26.09,,,,,127,True,Sprints,493,898,942.0,M,False,2,2024-02-03,2024-02-03,False,80.13,,513.74,,354,
6866,9293,59,3907,,,,,,,,2,,7.66,,,,,127,True,Sprints,629,997,1127.5,M,False,2,2024-02-03,2024-02-03,False,,,,,,
6867,9294,59,3907,,,,,,,,4,,24.15,,,,,127,True,Sprints,706,1068,1240.0,M,False,2,2024-02-03,2024-02-03,False,88.25,,653.97,,518,
6870,9297,59,3909,,,,,,,,2,,7.84,,,,,127,True,Sprints,557,941,1027.5,M,False,2,2024-02-03,2024-02-03,False,,,,,,
6872,9299,59,1624,,,,,,,,6,,54.78,,,,,127,True,Sprints,653,1055,1180.5,M,False,2,2024-02-03,2024-02-03,False,76.92,,656.11,,512,
6873,9300,59,4083,,,,,,,,2,,7.36,,,,,127,True,Sprints,760,1094,1307.0,M,False,2,2024-02-03,2024-02-03,False,,,,,,
6876,9303,59,3912,,,,,,,,4,,24.02,,,,,127,True,Sprints,722,1080,1262.0,M,False,2,2024-02-03,2024-02-03,False,88.85,,664.18,,530,
6882,9309,59,3916,,,,,,,,4,,24.78,,,,,127,True,Sprints,633,1011,1138.5,M,False,2,2024-02-03,2024-02-03,False,85.45,,606.03,,462,
6883,9310,59,3912,,3909.0,,1624.0,,3916.0,,24,,3:45.63,,,,,127,True,Relays,639,1034,1156.0,M,False,2,2024-02-03,2024-02-03,False,81.57,,1063.31,,480,
6885,9311,59,3907,,3896.0,,3904.0,,3919.0,,24,,3:45.76,,,,,127,True,Relays,638,1033,1154.5,M,False,2,2024-02-03,2024-02-03,False,81.52,,1062.23,,479,
6886,9312,59,1639,,1625.0,,1632.0,,1631.0,,24,,3:57.98,,,,,127,True,Relays,508,938,977.0,M,False,2,2024-02-03,2024-02-03,False,76.72,,965.81,,389,
6887,9313,59,1645,,3918.0,,1650.0,,2787.0,,24,,4:07.09,,,,,127,True,Relays,422,869,856.5,M,False,2,2024-02-03,2024-02-03,False,73.49,,900.14,,328,
6892,9318,59,4085,,,,,,,,6,,1:06.71,,,,,127,True,Sprints,188,661,518.5,M,False,2,2024-02-03,2024-02-03,False,60.62,,352.96,,169,
6896,9322,59,4086,,,,,,,,2,,7.46,,,,,127,True,Sprints,715,1061,1245.5,M,False,2,2024-02-03,2024-02-03,False,,,,,,
6897,9323,59,4086,,,,,,,,6,,52.92,,,,,127,True,Sprints,751,1124,1313.0,M,False,2,2024-02-03,2024-02-03,False,80.24,,715.68,,580,
6947,9374,117,3993,,,,,,,,2,,7.79,,,,,128,True,Sprints,576,957,1054.5,M,False,2,2024-02-03,2024-02-03,False,,,,,,
6948,9375,117,3993,,,,,,,,4,,24.72,,,,,128,True,Sprints,640,1017,1148.5,M,False,2,2024-02-03,2024-02-03,False,85.71,,610.49,,467,
6949,9376,117,173,,,,,,,,6,,56.90,,,,,128,True,Sprints,550,978,1039.0,M,False,2,2024-02-03,2024-02-03,False,73.44,,592.95,,441,
6951,9378,117,4096,,,,,,,,2,,10.28,,,,,128,True,Sprints,11,342,182.0,M,False,2,2024-02-03,2024-02-03,False,,,,,,
6953,9380,117,4097,,,,,,,,2,,7.78,,,,,128,True,Sprints,580,960,1060.0,M,False,2,2024-02-03,2024-02-03,False,,,,,,
6956,9383,117,3996,,,,,,,,2,,7.38,,,,,128,True,Sprints,751,1087,1294.5,M,False,2,2024-02-03,2024-02-03,False,,,,,,
6957,9384,117,3996,,,,,,,,6,,53.18,,,,,128,True,Sprints,737,1115,1294.5,M,False,2,2024-02-03,2024-02-03,False,79.76,,707.11,,570,
6958,9385,117,3996,,,,,,,,4,,23.87,,,,,128,True,Sprints,740,1094,1287.0,M,False,2,2024-02-03,2024-02-03,False,89.55,,676.1,,544,
6959,9386,117,6,,,,,,,,2,,8.42,,,,,128,True,Sprints,353,772,739.0,M,False,2,2024-02-03,2024-02-03,False,,,,,,
6963,9390,117,3997,,,,,,,,6,,1:07.34,,,,,128,True,Sprints,172,642,493.0,M,False,2,2024-02-03,2024-02-03,False,59.94,,339.94,,154,
6964,9391,117,3997,,,,,,,,4,,29.64,,,,,128,True,Sprints,203,625,515.5,M,False,2,2024-02-03,2024-02-03,False,68.44,,304.65,,109,
6969,9396,117,192,,,,,,,,2,,8.09,,,,,128,True,Sprints,463,866,896.0,M,False,2,2024-02-03,2024-02-03,False,,,,,,
6971,9398,117,4000,,,,,,,,2,,7.39,,,,,128,True,Sprints,747,1084,1289.0,M,False,2,2024-02-03,2024-02-03,False,,,,,,
6972,9399,117,4000,,,,,,,,4,,23.94,,,,,128,True,Sprints,731,1088,1275.0,M,False,2,2024-02-03,2024-02-03,False,89.22,,670.52,,537,
6978,9405,117,4002,,,,,,,,2,,7.69,,,,,128,True,Sprints,617,988,1111.0,M,False,2,2024-02-03,2024-02-03,False,,,,,,
6979,9406,117,4002,,,,,,,,4,,24.65,,,,,128,True,Sprints,648,1023,1159.5,M,False,2,2024-02-03,2024-02-03,False,86.01,,615.72,,473,
6985,9412,117,30,,,,,,,,6,,53.47,,,,,128,True,Sprints,721,1104,1273.0,M,False,2,2024-02-03,2024-02-03,False,79.23,,697.64,,559,
6987,9414,117,3996,,4002.0,,182.0,,30.0,,24,,3:42.24,,,,,128,True,Relays,678,1061,1208.5,M,False,2,2024-02-03,2024-02-03,False,83.01,,1091.97,,507,
6988,9415,117,2030,,3339.0,,4095.0,,3993.0,,24,,3:54.73,,,,,128,True,Relays,541,963,1022.5,M,False,2,2024-02-03,2024-02-03,False,77.94,,990.47,,412,
6992,9419,117,4101,,,,,,,,2,,7.62,,,,,128,True,Sprints,646,1010,1151.0,M,False,2,2024-02-03,2024-02-03,False,,,,,,
6993,9420,117,4101,,,,,,,,4,,24.94,,,,,128,True,Sprints,615,997,1113.5,M,False,2,2024-02-03,2024-02-03,False,84.77,,594.23,,448,
7035,9462,56,3567,,,,,,,,2,Prelims,7.46,,,,,129,True,Sprints,715,1061,1245.5,M,False,2,2024-02-03,2024-02-03,False,,,,,,
7041,9468,56,4108,,,,,,,,2,Prelims,7.90,,,,,129,True,Sprints,533,923,994.5,M,False,2,2024-02-03,2024-02-03,False,,,,,,
7042,9469,56,4108,,,,,,,,4,,26.29,,,,,129,True,Sprints,474,881,914.5,M,False,2,2024-02-03,2024-02-03,False,79.38,,500.46,,338,
7049,9477,56,3415,,,,,,,,4,,26.10,,,,,129,True,Sprints,492,897,940.5,M,False,2,2024-02-03,2024-02-03,False,80.1,,513.07,,353,
7050,9478,56,4110,,,,,,,,2,Prelims,7.80,,,,,129,True,Sprints,572,954,1049.0,M,False,2,2024-02-03,2024-02-03,False,,,,,,
7052,9480,56,4110,,,,,,,,4,,25.82,,,,,129,True,Sprints,521,921,981.5,M,False,2,2024-02-03,2024-02-03,False,81.18,,531.99,,375,
7053,9481,56,3801,,4111.0,,3567.0,,4112.0,,22,,1:37.17,,,,,129,True,Relays,683,1088,1227.0,M,False,2,2024-02-03,2024-02-03,False,,,,,,
7054,9482,56,4112,,3809.0,,152.0,,3801.0,,24,,3:38.93,,,,,129,True,Relays,716,1088,1260.0,M,False,2,2024-02-03,2024-02-03,False,84.46,,1120.81,,534,
7055,9483,56,130,,123.0,,129.0,,203.0,,24,,3:40.39,,,,,129,True,Relays,699,1077,1237.5,M,False,2,2024-02-03,2024-02-03,False,83.82,,1107.98,,522,
7056,9484,56,186,,126.0,,3574.0,,3804.0,,24,,3:46.65,,,,,129,True,Relays,628,1026,1141.0,M,False,2,2024-02-03,2024-02-03,False,81.15,,1054.86,,472,
7062,9490,56,4111,,,,,,,,2,Prelims,7.34,,,,,129,True,Sprints,769,1101,1319.5,M,False,2,2024-02-03,2024-02-03,False,,,,,,
7063,9491,56,3574,,,,,,,,2,Prelims,7.78,,,,,129,True,Sprints,580,960,1060.0,M,False,2,2024-02-03,2024-02-03,False,,,,,,
7064,9492,56,3574,,,,,,,,6,,56.93,,,,,129,True,Sprints,549,977,1037.5,M,False,2,2024-02-03,2024-02-03,False,73.39,,592.09,,440,
7065,9493,56,4113,,,,,,,,2,Prelims,7.65,,,,,129,True,Sprints,633,1000,1133.0,M,False,2,2024-02-03,2024-02-03,False,,,,,,
7066,9494,56,4113,,,,,,,,4,,26.03,,,,,129,True,Sprints,499,903,950.5,M,False,2,2024-02-03,2024-02-03,False,80.36,,517.76,,358,
7067,9495,56,3809,,,,,,,,2,Prelims,7.44,,,,,129,True,Sprints,724,1068,1258.0,M,False,2,2024-02-03,2024-02-03,False,,,,,,
7068,9496,56,3809,,,,,,,,4,,23.75,,,,,129,True,Sprints,755,1105,1307.5,M,False,2,2024-02-03,2024-02-03,False,90.12,,685.74,,555,
7069,9497,56,3801,,,,,,,,6,,54.17,,,,,129,True,Sprints,684,1077,1222.5,M,False,2,2024-02-03,2024-02-03,False,77.98,,675.19,,534,
7071,9499,56,3577,,,,,,,,2,Prelims,7.93,,,,,129,True,Sprints,522,914,979.0,M,False,2,2024-02-03,2024-02-03,False,,,,,,
7072,9500,56,4112,,,,,,,,4,,24.25,,,,,129,True,Sprints,694,1059,1223.5,M,False,2,2024-02-03,2024-02-03,False,87.79,,646.2,,509,
7092,9520,139,4118,,,,,,,,2,,7.52,,,,,130,True,Sprints,689,1042,1210.0,M,False,2,2024-02-03,2024-02-03,False,,,,,,
7093,9521,139,4118,,,,,,,,4,,24.61,,,,,130,True,Sprints,652,1027,1165.5,M,False,2,2024-02-03,2024-02-03,False,86.19,,618.72,,476,
7095,9523,164,801,,,,,,,,4,,27.86,,,,,130,True,Sprints,333,756,711.0,M,False,2,2024-02-03,2024-02-03,False,73.87,,402.83,,224,
7101,9530,164,4120,,,,,,,,2,,8.01,,,,,130,True,Sprints,492,890,937.0,M,False,2,2024-02-03,2024-02-03,False,,,,,,
7115,9544,164,4122,,,,,,,,2,,7.43,,,,,130,True,Sprints,729,1071,1264.5,M,False,2,2024-02-03,2024-02-03,False,,,,,,
7116,9545,164,727,,,,,,,,6,,58.50,,,,,130,True,Sprints,478,922,939.0,M,False,2,2024-02-03,2024-02-03,False,71.01,,548.31,,390,
7120,9549,164,4124,,,,,,,,2,,7.17,,,,,130,True,Sprints,849,1158,1428.0,M,False,2,2024-02-03,2024-02-03,False,,,,,,
7146,9579,44,2222,,,,,,,,6,,55.86,,,,,131,True,Sprints,599,1015,1106.5,M,False,2,2024-02-03,2024-02-03,False,75.11,,623.33,,475,
7147,9580,44,2222,,,,,,,,8,,1:32.15,,,,,131,True,Sprints,588,1024,1100.0,M,False,2,2024-02-03,2024-02-03,False,,,,,,
7150,9583,44,4130,,,,,,,,2,Prelims,7.70,,,,,131,True,Sprints,613,985,1105.5,M,False,2,2024-02-03,2024-02-03,False,,,,,,
7151,9584,44,4130,,,,,,,,6,,1:03.38,,,,,131,True,Sprints,290,761,670.5,M,False,2,2024-02-03,2024-02-03,False,64.46,,426.1,,251,
7153,9590,44,3421,,,,,,,,8,,1:46.49,,,,,131,True,Sprints,234,747,607.5,M,False,2,2024-02-03,2024-02-03,False,,,,,,
7155,9593,44,4133,,4134.0,,2222.0,,2224.0,,24,,3:47.49,,,,,131,True,Relays,618,1019,1127.5,M,False,2,2024-02-03,2024-02-03,False,80.8,,1047.95,,466,
7157,9595,44,4135,,,,,,,,2,Prelims,7.34,,,,,131,True,Sprints,769,1101,1319.5,M,False,2,2024-02-03,2024-02-03,False,,,,,,
7158,9596,44,4135,,,,,,,,2,Finals,7.29,,,,,131,True,Sprints,793,1117,1351.5,M,False,2,2024-02-03,2024-02-03,False,,,,,,
7162,9600,44,2224,,,,,,,,6,,58.10,,,,,131,True,Sprints,496,936,964.0,M,False,2,2024-02-03,2024-02-03,False,71.6,,559.24,,402,
7163,9601,44,2212,,,,,,,,8,,1:27.61,,,,,131,True,Sprints,733,1121,1293.5,M,False,2,2024-02-03,2024-02-03,False,,,,,,
7165,9603,44,4137,,,,,,,,2,Prelims,7.96,,,,,131,True,Sprints,511,905,963.5,M,False,2,2024-02-03,2024-02-03,False,,,,,,
7166,9604,44,4137,,,,,,,,6,,1:01.08,,,,,131,True,Sprints,373,835,790.5,M,False,2,2024-02-03,2024-02-03,False,67.4,,481.27,,314,
7172,9586,44,4870,,,,,,,,2,Prelims,7.59,,,,,131,True,Sprints,659,1019,1168.5,M,False,2,2024-02-03,2024-02-03,False,,,,,,
7173,9587,44,4870,,,,,,,,4,,24.99,,,,,131,True,Sprints,609,993,1105.5,M,False,2,2024-02-03,2024-02-03,False,84.55,,590.58,,444,
7224,9731,145,4156,,,,,,,,2,,7.56,,,,,137,True,Sprints,672,1029,1186.5,M,False,2,2024-02-10,2024-02-10,False,,,,,,
7225,9732,145,4157,,,,,,,,4,,23.23,,,,,137,True,Sprints,820,1154,1397.0,M,False,2,2024-02-10,2024-02-10,False,92.66,,728.67,,605,
7239,9637,116,3942,,,,,,,,4,,24.62,,,,,122,True,Sprints,651,1026,1164.0,M,False,2,2024-02-02,2024-02-03,False,86.15,,617.97,,476,
7245,9643,116,4141,,,,,,,,6,,53.68,,,,,122,True,Sprints,710,1096,1258.0,M,False,2,2024-02-02,2024-02-03,False,78.85,,690.84,,552,
7249,9647,116,3944,,,,,,,,2,,7.20,,,,,122,True,Sprints,835,1147,1408.5,M,False,2,2024-02-02,2024-02-03,False,,,,,,
7250,9648,116,3944,,,,,,,,4,,23.30,,,,,122,True,Sprints,811,1148,1385.0,M,False,2,2024-02-02,2024-02-03,False,92.31,,722.78,,598,
7253,9652,116,458,,,,,,,,6,,58.05,,,,,122,True,Sprints,498,938,967.0,M,False,2,2024-02-02,2024-02-03,False,71.68,,560.62,,404,
7255,9654,116,3946,,,,,,,,6,,52.32,,,,,122,True,Sprints,784,1147,1357.5,M,False,2,2024-02-02,2024-02-03,False,81.37,,735.81,,603,
7256,9655,116,3946,,,,,,,,2,,7.39,,,,,122,True,Sprints,747,1084,1289.0,M,False,2,2024-02-02,2024-02-03,False,,,,,,
7261,9663,146,3689,,,,,,,,2,,7.31,,,,,122,True,Sprints,783,1111,1338.5,M,False,2,2024-02-02,2024-02-03,False,,,,,,
7262,9664,146,3689,,,,,,,,4,,24.29,,,,,122,True,Sprints,689,1056,1217.0,M,False,2,2024-02-02,2024-02-03,False,87.61,,643.1,,505,
7263,9665,146,3690,,,,,,,,2,,7.45,,,,,122,True,Sprints,720,1065,1252.5,M,False,2,2024-02-02,2024-02-03,False,,,,,,
7264,9666,146,3690,,,,,,,,4,,23.40,,,,,122,True,Sprints,798,1138,1367.0,M,False,2,2024-02-02,2024-02-03,False,91.82,,714.42,,588,
7265,9667,146,4146,,,,,,,,6,,56.19,,,,,122,True,Sprints,584,1003,1085.5,M,False,2,2024-02-02,2024-02-03,False,74.57,,613.57,,464,
7266,9668,146,3691,,,,,,,,6,,53.09,,,,,122,True,Sprints,741,1118,1300.0,M,False,2,2024-02-02,2024-02-03,False,79.92,,710.07,,574,
7267,9669,146,3719,,,,,,,,2,,7.29,,,,,122,True,Sprints,793,1117,1351.5,M,False,2,2024-02-02,2024-02-03,False,,,,,,
7268,9670,146,3719,,,,,,,,4,,22.93,,,,,122,True,Sprints,859,1183,1450.5,M,False,2,2024-02-02,2024-02-03,False,94.19,,754.32,,635,
7269,9671,146,3721,,,,,,,,4,,23.57,,,,,122,True,Sprints,777,1122,1338.0,M,False,2,2024-02-02,2024-02-03,False,90.98,,700.38,,572,
7270,9672,146,3723,,,,,,,,6,,50.40,,,,,122,True,Sprints,894,1222,1505.0,M,False,2,2024-02-02,2024-02-03,False,85.19,,803.42,,679,
7272,9674,146,3695,,,,,,,,2,,7.40,,,,,122,True,Sprints,742,1081,1282.5,M,False,2,2024-02-02,2024-02-03,False,,,,,,
7276,9680,146,3726,,,,,,,,6,,55.85,,,,,122,True,Sprints,600,1016,1108.0,M,False,2,2024-02-02,2024-02-03,False,75.13,,623.63,,475,
7279,9683,146,4147,,,,,,,,6,,52.93,,,,,122,True,Sprints,750,1124,1312.0,M,False,2,2024-02-02,2024-02-03,False,80.22,,715.35,,580,
7280,9684,146,3705,,,,,,,,6,,56.08,,,,,122,True,Sprints,589,1007,1092.5,M,False,2,2024-02-02,2024-02-03,False,74.75,,616.81,,468,
7281,9685,146,4148,,,,,,,,2,,8.17,,,,,122,True,Sprints,435,843,856.5,M,False,2,2024-02-02,2024-02-03,False,,,,,,
7284,9688,146,4149,,,,,,,,4,,25.30,,,,,122,True,Sprints,575,966,1058.0,M,False,2,2024-02-02,2024-02-03,False,83.26,,568.25,,417,
7285,9689,146,3691,,4150.0,,3723.0,,3696.0,,24,,3:28.38,,,,,122,True,Relays,847,1177,1435.5,M,False,2,2024-02-02,2024-02-03,False,89.45,,1218.84,,626,
7286,9690,146,3734,,,,,,,,2,,7.51,,,,,122,True,Sprints,693,1045,1215.5,M,False,2,2024-02-02,2024-02-03,False,,,,,,
7287,9691,146,3734,,,,,,,,4,,23.74,,,,,122,True,Sprints,756,1106,1309.0,M,False,2,2024-02-02,2024-02-03,False,90.17,,686.55,,556,
7328,9772,17,4186,,,,,,,,4,,30.46,,,,,138,True,Sprints,154,569,438.5,M,False,2,2024-02-10,2024-02-10,False,66.19,,263.28,,61,
7329,9773,17,4187,,,,,,,,3,,11.76,,,,,138,True,Sprints,673,1038,1192.0,M,False,2,2024-02-10,2024-02-10,False,90.43,,663.23,,501,
7330,9774,17,4187,,,,,,,,4,,24.27,,,,,138,True,Sprints,692,1057,1220.5,M,False,2,2024-02-10,2024-02-10,False,87.7,,644.65,,507,
7333,9777,17,4189,,,,,,,,6,,58.63,,,,,138,True,Sprints,473,917,931.5,M,False,2,2024-02-10,2024-02-10,False,70.82,,544.79,,386,
7336,9780,17,4192,,,,,,,,3,,11.86,,,,,138,True,Sprints,648,1017,1156.5,M,False,2,2024-02-10,2024-02-10,False,89.47,,646.48,,479,
7337,9781,17,4193,,,,,,,,3,,11.95,,,,,138,True,Sprints,625,999,1124.5,M,False,2,2024-02-10,2024-02-10,False,88.62,,631.64,,460,
7338,9782,17,4193,,,,,,,,4,,24.75,,,,,138,True,Sprints,636,1014,1143.0,M,False,2,2024-02-10,2024-02-10,False,85.58,,608.25,,464,
7343,9787,17,4196,,,,,,,,4,,26.74,,,,,138,True,Sprints,431,844,853.0,M,False,2,2024-02-10,2024-02-10,False,77.72,,471.3,,304,
7344,9788,17,4197,,,,,,,,3,,13.34,,,,,138,True,Sprints,328,742,699.0,M,False,2,2024-02-10,2024-02-10,False,77.17,,427.88,,197,
7347,9791,17,4200,,,,,,,,3,,12.67,,,,,138,True,Sprints,459,861,889.5,M,False,2,2024-02-10,2024-02-10,False,82.32,,520.51,,317,
7348,9792,17,4200,,,,,,,,4,,26.24,,,,,138,True,Sprints,479,885,921.5,M,False,2,2024-02-10,2024-02-10,False,79.57,,503.76,,342,
7353,9797,17,4202,,,,,,,,3,,12.79,,,,,138,True,Sprints,434,839,853.5,M,False,2,2024-02-10,2024-02-10,False,81.35,,503.21,,294,
7354,9798,17,4203,,,,,,,,6,,57.31,,,,,138,True,Sprints,531,963,1012.5,M,False,2,2024-02-10,2024-02-10,False,72.8,,581.27,,427,
7361,9805,17,4187,,4206.0,,4204.0,,4193.0,,21,,45.80,,,,,138,True,Relays,693,1060,1223.0,M,False,2,2024-02-10,2024-02-10,False,95.91,,988.47,,510,
7362,9806,17,4207,,,,,,,,3,,12.51,,,,,138,True,Sprints,494,891,939.5,M,False,2,2024-02-10,2024-02-10,False,83.64,,544.1,,347,
7363,9807,17,4207,,,,,,,,4,,24.87,,,,,138,True,Sprints,623,1003,1124.5,M,False,2,2024-02-10,2024-02-10,False,85.06,,599.37,,454,
7369,9813,20,4210,,,,,,,,3,,12.18,,,,,138,True,Sprints,569,954,1046.0,M,False,2,2024-02-10,2024-02-10,False,86.51,,594.71,,412,
7376,9820,20,4213,,,,,,,,3,,14.56,,,,,138,True,Sprints,145,547,418.5,M,False,2,2024-02-10,2024-02-10,False,69.2,,281.1,,8,
7377,9821,20,4213,,,,,,,,4,,31.53,,,,,138,True,Sprints,100,499,349.5,M,False,2,2024-02-10,2024-02-10,False,63.44,,212.54,,1,
7396,9840,59,4077,,,,,,,,4,,26.65,,,,,139,True,Sprints,439,852,865.0,M,False,2,2024-02-10,2024-02-10,False,78.05,,477.05,,311,
7403,9847,59,3896,,,,,,,,2,Prelims,7.30,,,,,139,True,Sprints,788,1114,1345.0,M,False,2,2024-02-10,2024-02-10,False,,,,,,
7404,9848,59,3899,,,,,,,,2,Prelims,7.52,,,,,139,True,Sprints,689,1042,1210.0,M,False,2,2024-02-10,2024-02-10,False,,,,,,
7405,9849,59,3899,,,,,,,,4,,24.16,,,,,139,True,Sprints,705,1067,1238.5,M,False,2,2024-02-10,2024-02-10,False,88.2,,653.19,,517,
7412,9856,59,3902,,,,,,,,2,Prelims,7.66,,,,,139,True,Sprints,629,997,1127.5,M,False,2,2024-02-10,2024-02-10,False,,,,,,
7413,9857,59,3902,,,,,,,,6,,54.68,,,,,139,True,Sprints,658,1058,1187.0,M,False,2,2024-02-10,2024-02-10,False,77.09,,659.21,,516,
7417,9861,59,3907,,,,,,,,2,Prelims,7.69,,,,,139,True,Sprints,617,988,1111.0,M,False,2,2024-02-10,2024-02-10,False,,,,,,
7418,9862,59,3907,,,,,,,,6,,53.52,,,,,139,True,Sprints,718,1102,1269.0,M,False,2,2024-02-10,2024-02-10,False,79.14,,696.01,,558,
7421,9865,59,3909,,,,,,,,6,,56.06,,,,,139,True,Sprints,590,1008,1094.0,M,False,2,2024-02-10,2024-02-10,False,74.78,,617.4,,468,
7422,9866,59,1624,,,,,,,,2,Prelims,7.84,,,,,139,True,Sprints,557,941,1027.5,M,False,2,2024-02-10,2024-02-10,False,,,,,,
7423,9867,59,1624,,,,,,,,4,,24.42,,,,,139,True,Sprints,674,1044,1196.0,M,False,2,2024-02-10,2024-02-10,False,87.03,,633.12,,493,
7424,9868,59,4083,,,,,,,,2,Prelims,7.34,,,,,139,True,Sprints,769,1101,1319.5,M,False,2,2024-02-10,2024-02-10,False,,,,,,
7425,9869,59,4083,,,,,,,,4,,24.44,,,,,139,True,Sprints,672,1042,1193.0,M,False,2,2024-02-10,2024-02-10,False,86.94,,631.6,,492,
7427,9871,59,3912,,,,,,,,4,,23.60,,,,,139,True,Sprints,773,1119,1332.5,M,False,2,2024-02-10,2024-02-10,False,90.84,,697.93,,569,
7431,9875,59,3916,,,,,,,,6,,56.32,,,,,139,True,Sprints,577,999,1076.5,M,False,2,2024-02-10,2024-02-10,False,74.36,,609.75,,460,
7432,9876,59,3912,,3896.0,,3899.0,,3907.0,,22,,1:34.38,,,,,139,True,Relays,767,1142,1338.0,M,False,2,2024-02-10,2024-02-10,False,,,,,,
7433,9877,59,3916,,1624.0,,4083.0,,3902.0,,22,,1:36.22,,,,,139,True,Relays,711,1107,1264.5,M,False,2,2024-02-10,2024-02-10,False,,,,,,
7434,9878,59,1632,,1631.0,,1625.0,,1639.0,,24,,3:59.10,,,,,139,True,Relays,497,929,961.5,M,False,2,2024-02-10,2024-02-10,False,76.31,,957.47,,381,
7440,9884,59,4086,,,,,,,,2,Prelims,7.35,,,,,139,True,Sprints,765,1097,1313.5,M,False,2,2024-02-10,2024-02-10,False,,,,,,
7441,9885,59,4086,,,,,,,,4,,23.65,,,,,139,True,Sprints,767,1115,1324.5,M,False,2,2024-02-10,2024-02-10,False,90.6,,693.85,,564,
7464,9908,108,3640,,,,,,,,4,,23.82,,,,,140,True,Sprints,746,1099,1295.5,M,False,2,2024-02-10,2024-02-10,False,89.79,,680.1,,548,
7465,9909,108,3640,,,,,,,,6,,54.02,,,,,140,True,Sprints,692,1083,1233.5,M,False,2,2024-02-10,2024-02-10,False,78.24,,679.95,,539,
7466,9910,108,3983,,,,,,,,2,Prelims,7.10,,,,,140,True,Sprints,884,1182,1475.0,M,False,2,2024-02-10,2024-02-10,False,,,,,,
7467,9911,108,3983,,,,,,,,2,Finals,6.98,,,,,140,True,Sprints,944,1223,1555.5,M,False,2,2024-02-10,2024-02-10,False,,,,,,
7472,9916,108,3642,,,,,,,,2,Prelims,7.10,,,,,140,True,Sprints,884,1182,1475.0,M,False,2,2024-02-10,2024-02-10,False,,,,,,
7473,9917,108,3642,,,,,,,,2,Finals,7.06,,,,,140,True,Sprints,903,1195,1500.5,M,False,2,2024-02-10,2024-02-10,False,,,,,,
7474,9918,108,3642,,,,,,,,4,,23.14,,,,,140,True,Sprints,832,1163,1413.5,M,False,2,2024-02-10,2024-02-10,False,93.12,,736.29,,614,
7479,9923,108,58,,4220.0,,3743.0,,124.0,,24,,3:48.60,,,,,140,True,Relays,606,1010,1111.0,M,False,2,2024-02-10,2024-02-10,False,80.35,,1038.9,,457,
7480,9924,108,4220,,,,,,,,2,Prelims,7.48,,,,,140,True,Sprints,706,1055,1233.5,M,False,2,2024-02-10,2024-02-10,False,,,,,,
7483,9927,108,3986,,,,,,,,2,Prelims,7.92,,,,,140,True,Sprints,526,917,984.5,M,False,2,2024-02-10,2024-02-10,False,,,,,,
7487,9933,188,3851,,,,,,,,8,,1:28.88,,,,,141,True,Sprints,691,1094,1238.0,M,False,2,2024-02-10,2024-02-10,False,,,,,,
7489,9935,188,4222,,,,,,,,8,,1:38.43,,,,,141,True,Sprints,413,897,861.5,M,False,2,2024-02-10,2024-02-10,False,,,,,,
7496,9942,107,3620,,,,,,,,6,,50.65,,,,,142,True,Sprints,879,1213,1485.5,M,False,2,2024-02-10,2024-02-10,False,84.67,,794.33,,669,
7499,9945,107,3622,,,,,,,,2,,7.32,,,,,142,True,Sprints,779,1107,1332.5,M,False,2,2024-02-10,2024-02-10,False,,,,,,
7501,9947,107,3624,,,,,,,,6,,51.23,,,,,142,True,Sprints,845,1190,1440.0,M,False,2,2024-02-10,2024-02-10,False,83.5,,773.57,,646,
7784,10246,119,2878,,2880.0,,4308.0,,463.0,,30,,12:05.03,,,,,143,True,Relays,0,0,0.0,M,False,2,2024-02-10,2024-02-10,False,,,,,,
7785,10247,119,4308,,2880.0,,2887.0,,464.0,,24,,4:10.36,,,,,143,True,Relays,392,846,815.0,M,False,2,2024-02-10,2024-02-10,False,72.39,,877.73,,307,
7790,10252,119,2878,,,,,,,,6,,1:02.30,,,,,143,True,Sprints,328,796,726.0,M,False,2,2024-02-10,2024-02-10,False,65.81,,451.49,,280,
7793,10255,130,4309,,,,,,,,2,,8.21,,,,,143,True,Sprints,421,831,836.5,M,False,2,2024-02-10,2024-02-10,False,,,,,,
7794,10256,130,4309,,,,,,,,4,,27.50,,,,,143,True,Sprints,363,784,755.0,M,False,2,2024-02-10,2024-02-10,False,75.07,,424.23,,249,
7796,10258,130,4310,,2464.0,,2458.0,,2447.0,,30,,12:16.26,,,,,143,True,Relays,0,0,0.0,M,False,2,2024-02-10,2024-02-10,False,,,,,,
7809,10267,130,2464,,,,,,,,6,,54.99,,,,,143,True,Sprints,642,1047,1165.5,M,False,2,2024-02-10,2024-02-10,False,76.56,,649.63,,505,
7817,10275,130,4310,,,,,,,,6,,58.84,,,,,143,True,Sprints,464,910,919.0,M,False,2,2024-02-10,2024-02-10,False,70.51,,539.14,,380,
7818,10276,130,4310,,,,,,,,4,,26.45,,,,,143,True,Sprints,458,868,892.0,M,False,2,2024-02-10,2024-02-10,False,78.78,,489.98,,326,
7822,10281,171,1222,,1183.0,,1239.0,,1177.0,,30,,11:33.36,,,,,143,True,Relays,0,0,0.0,M,False,2,2024-02-10,2024-02-10,False,,,,,,
7824,10284,171,2817,,,,,,,,6,,58.51,,,,,143,True,Sprints,478,922,939.0,M,False,2,2024-02-10,2024-02-10,False,71.0,,548.04,,390,
7829,10290,171,4316,,,,,,,,4,,26.96,,,,,143,True,Sprints,410,826,823.0,M,False,2,2024-02-10,2024-02-10,False,76.94,,457.4,,288,
7837,10283,171,2354,,1297.0,,4315.0,,4316.0,,24,,3:56.68,,,,,143,True,Relays,521,948,995.0,M,False,2,2024-02-10,2024-02-10,False,77.2,,975.6,,398,
7841,10282,171,4313,,1282.0,,1260.0,,1280.0,,30,,12:50.71,,,,,143,True,Relays,0,0,0.0,M,False,2,2024-02-10,2024-02-10,False,,,,,,
7842,10306,131,4318,,,,,,,,2,,7.70,,,,,143,True,Sprints,613,985,1105.5,M,False,2,2024-02-10,2024-02-10,False,,,,,,
7843,10307,131,4318,,,,,,,,4,,24.94,,,,,143,True,Sprints,615,997,1113.5,M,False,2,2024-02-10,2024-02-10,False,84.77,,594.23,,448,
7854,10318,178,1815,,1833.0,,1818.0,,1824.0,,30,,11:11.57,,,,,143,True,Relays,0,0,0.0,M,False,2,2024-02-10,2024-02-10,False,,,,,,
7855,10319,178,1896,,3071.0,,3209.0,,3206.0,,30,,11:16.79,,,,,143,True,Relays,0,0,0.0,M,False,2,2024-02-10,2024-02-10,False,,,,,,
7857,10321,178,4322,,4324.0,,4321.0,,3054.0,,24,,3:42.87,,,,,143,True,Relays,670,1056,1198.0,M,False,2,2024-02-10,2024-02-10,False,82.74,,1086.58,,502,
7858,10322,178,3071,,3052.0,,1872.0,,1896.0,,24,,3:49.86,,,,,143,True,Relays,593,1001,1093.5,M,False,2,2024-02-10,2024-02-10,False,79.84,,1028.74,,448,
7867,10331,178,4326,,,,,,,,4,,26.49,,,,,143,True,Sprints,454,865,886.5,M,False,2,2024-02-10,2024-02-10,False,78.63,,487.38,,323,
7872,10336,178,4328,,,,,,,,4,,24.83,,,,,143,True,Sprints,627,1007,1130.5,M,False,2,2024-02-10,2024-02-10,False,85.24,,602.32,,457,
7875,10339,178,4330,,,,,,,,2,,7.61,,,,,143,True,Sprints,650,1013,1156.5,M,False,2,2024-02-10,2024-02-10,False,,,,,,
7876,10340,178,4330,,,,,,,,4,,24.67,,,,,143,True,Sprints,645,1021,1155.5,M,False,2,2024-02-10,2024-02-10,False,85.93,,614.22,,471,
7883,10348,158,4333,,,,,,,,2,,7.68,,,,,143,True,Sprints,621,991,1116.5,M,False,2,2024-02-10,2024-02-10,False,,,,,,
7884,10349,158,4334,,2456.0,,2437.0,,2463.0,,30,,11:45.11,,,,,143,True,Relays,0,0,0.0,M,False,2,2024-02-10,2024-02-10,False,,,,,,
7885,10350,158,4335,,3677.0,,2467.0,,4336.0,,30,,12:00.59,,,,,143,True,Relays,0,0,0.0,M,False,2,2024-02-10,2024-02-10,False,,,,,,
7886,10351,158,4337,,2487.0,,3676.0,,2900.0,,24,,3:54.93,,,,,143,True,Relays,539,961,1019.5,M,False,2,2024-02-10,2024-02-10,False,77.86,,988.94,,411,
7887,10352,158,3682,,4333.0,,3170.0,,3674.0,,22,,1:44.75,,,,,143,True,Relays,480,949,954.5,M,False,2,2024-02-10,2024-02-10,False,,,,,,
7888,10353,158,3677,,,,,,,,6,,55.12,,,,,143,True,Sprints,636,1042,1157.0,M,False,2,2024-02-10,2024-02-10,False,76.34,,645.65,,500,
7889,10354,158,2466,,,,,,,,4,,26.17,,,,,143,True,Sprints,486,891,931.5,M,False,2,2024-02-10,2024-02-10,False,79.83,,508.4,,347,
7893,10358,158,2487,,,,,,,,2,,9.12,,,,,143,True,Sprints,169,590,464.0,M,False,2,2024-02-10,2024-02-10,False,,,,,,
7894,10359,158,2487,,,,,,,,4,,29.48,,,,,143,True,Sprints,213,636,531.0,M,False,2,2024-02-10,2024-02-10,False,68.9,,312.99,,119,
7898,10363,158,3682,,,,,,,,2,,7.72,,,,,143,True,Sprints,605,978,1094.0,M,False,2,2024-02-10,2024-02-10,False,,,,,,
7900,10259,130,2450,,4310.0,,2464.0,,6845.0,,24,,3:54.97,,,,,143,True,Relays,539,961,1019.5,M,False,2,2024-02-10,2024-02-10,False,77.85,,988.63,,410,
7902,10305,131,4319,,4318.0,,4320.0,,1371.0,,24,,3:59.86,,,,,143,True,Relays,490,923,951.5,M,False,2,2024-02-10,2024-02-10,False,76.03,,951.85,,376,
7910,10369,158,4337,,,,,,,,6,,57.76,,,,,143,True,Sprints,511,948,985.0,M,False,2,2024-02-10,2024-02-10,False,72.12,,568.65,,413,
7913,10372,69,2621,,,,,,,,2,,8.86,,,,,143,True,Sprints,229,655,556.5,M,False,2,2024-02-10,2024-02-10,False,,,,,,
7914,10373,69,2621,,,,,,,,6,,1:07.47,,,,,143,True,Sprints,168,639,487.5,M,False,2,2024-02-10,2024-02-10,False,59.8,,337.28,,151,
7915,10374,69,2621,,,,,,,,4,,28.28,,,,,143,True,Sprints,299,724,661.0,M,False,2,2024-02-10,2024-02-10,False,72.52,,378.55,,195,
7918,10377,69,2590,,3021.0,,2616.0,,2556.0,,30,,12:32.11,,,,,143,True,Relays,0,0,0.0,M,False,2,2024-02-10,2024-02-10,False,,,,,,
7919,10378,69,4341,,2616.0,,4342.0,,3021.0,,22,,1:41.14,,,,,143,True,Relays,572,1014,1079.0,M,False,2,2024-02-10,2024-02-10,False,,,,,,
7920,10379,69,4341,,,,,,,,2,,7.46,,,,,143,True,Sprints,715,1061,1245.5,M,False,2,2024-02-10,2024-02-10,False,,,,,,
7921,10380,69,4341,,,,,,,,4,,24.05,,,,,143,True,Sprints,718,1077,1256.5,M,False,2,2024-02-10,2024-02-10,False,88.71,,661.82,,527,
7922,10381,69,3021,,,,,,,,4,,27.90,,,,,143,True,Sprints,329,752,705.0,M,False,2,2024-02-10,2024-02-10,False,73.74,,400.48,,221,
7924,10383,69,4342,,,,,,,,2,,7.57,,,,,143,True,Sprints,667,1026,1180.0,M,False,2,2024-02-10,2024-02-10,False,,,,,,
7925,10384,69,4342,,,,,,,,6,,58.49,,,,,143,True,Sprints,479,922,940.0,M,False,2,2024-02-10,2024-02-10,False,71.02,,548.58,,390,
7926,10385,69,4342,,,,,,,,4,,25.29,,,,,143,True,Sprints,577,966,1060.0,M,False,2,2024-02-10,2024-02-10,False,83.3,,568.96,,418,
7928,10387,69,4344,,,,,,,,2,,8.09,,,,,143,True,Sprints,463,866,896.0,M,False,2,2024-02-10,2024-02-10,False,,,,,,
7929,10388,69,2616,,,,,,,,6,,1:01.97,,,,,143,True,Sprints,340,806,743.0,M,False,2,2024-02-10,2024-02-10,False,66.23,,459.43,,289,
7930,10389,69,2616,,,,,,,,4,,25.95,,,,,143,True,Sprints,508,910,963.0,M,False,2,2024-02-10,2024-02-10,False,80.67,,523.16,,365,
7931,10390,138,802,,,,,,,,6,,58.37,,,,,143,True,Sprints,484,926,947.0,M,False,2,2024-02-10,2024-02-10,False,71.2,,551.85,,394,
7932,10391,138,802,,,,,,,,4,,25.80,,,,,143,True,Sprints,523,923,984.5,M,False,2,2024-02-10,2024-02-10,False,81.26,,533.36,,377,
7936,10401,139,1599,,,,,,,,6,,1:06.54,,,,,143,True,Sprints,193,665,525.5,M,False,2,2024-02-10,2024-02-10,False,60.8,,356.52,,173,
7939,10404,139,4346,,,,,,,,6,,54.58,,,,,143,True,Sprints,663,1062,1194.0,M,False,2,2024-02-10,2024-02-10,False,77.26,,662.32,,519,
7940,10405,139,4346,,,,,,,,4,,24.28,,,,,143,True,Sprints,691,1056,1219.0,M,False,2,2024-02-10,2024-02-10,False,87.66,,643.88,,506,
7941,10406,139,4347,,,,,,,,6,,1:01.00,,,,,143,True,Sprints,376,838,795.0,M,False,2,2024-02-10,2024-02-10,False,67.5,,483.26,,316,
7942,10407,139,4348,,,,,,,,6,,58.30,,,,,143,True,Sprints,487,929,951.5,M,False,2,2024-02-10,2024-02-10,False,71.31,,553.76,,396,
7944,10412,139,4353,,,,,,,,2,,7.26,,,,,143,True,Sprints,807,1127,1370.5,M,False,2,2024-02-10,2024-02-10,False,,,,,,
7945,10413,139,4353,,,,,,,,4,,23.52,,,,,143,True,Sprints,783,1127,1346.5,M,False,2,2024-02-10,2024-02-10,False,91.23,,704.49,,577,
7948,10418,139,4354,,,,,,,,6,,1:05.93,,,,,143,True,Sprints,210,683,551.5,M,False,2,2024-02-10,2024-02-10,False,61.48,,369.43,,187,
7950,10421,139,4356,,,,,,,,6,,58.53,,,,,143,True,Sprints,477,921,937.5,M,False,2,2024-02-10,2024-02-10,False,70.97,,547.5,,389,
7951,10422,139,4356,,,,,,,,4,,25.70,,,,,143,True,Sprints,533,931,998.5,M,False,2,2024-02-10,2024-02-10,False,81.65,,540.23,,385,
7952,10424,141,1367,,,,,,,,6,,56.76,,,,,143,True,Sprints,557,983,1048.5,M,False,2,2024-02-10,2024-02-10,False,73.66,,596.97,,445,
7953,10425,141,1367,,,,,,,,4,,25.42,,,,,143,True,Sprints,563,955,1040.5,M,False,2,2024-02-10,2024-02-10,False,82.77,,559.75,,407,
7955,10427,141,4357,,3160.0,,1401.0,,1367.0,,24,,3:55.71,,,,,143,True,Relays,531,955,1008.5,M,False,2,2024-02-10,2024-02-10,False,77.57,,982.97,,405,
7964,10461,159,789,,2750.0,,2177.0,,761.0,,22,,1:46.87,,,,,143,True,Relays,429,912,885.0,M,False,2,2024-02-10,2024-02-10,False,,,,,,
7965,10437,159,2172,,,,,,,,2,,8.36,,,,,143,True,Sprints,372,789,766.5,M,False,2,2024-02-10,2024-02-10,False,,,,,,
7968,10440,159,4358,,,,,,,,6,,53.69,,,,,143,True,Sprints,709,1095,1256.5,M,False,2,2024-02-10,2024-02-10,False,78.83,,690.52,,551,
7971,10443,159,4361,,,,,,,,2,,9.67,,,,,143,True,Sprints,71,464,303.0,M,False,2,2024-02-10,2024-02-10,False,,,,,,
7972,10444,159,4361,,,,,,,,6,,1:07.95,,,,,143,True,Sprints,156,625,468.5,M,False,2,2024-02-10,2024-02-10,False,59.29,,327.56,,140,
7974,10446,159,4362,,,,,,,,2,,8.38,,,,,143,True,Sprints,366,783,757.5,M,False,2,2024-02-10,2024-02-10,False,,,,,,
7976,10448,159,4363,,,,,,,,2,,9.25,,,,,143,True,Sprints,142,559,421.5,M,False,2,2024-02-10,2024-02-10,False,,,,,,
7980,10452,159,4364,,,,,,,,6,,55.83,,,,,143,True,Sprints,601,1016,1109.0,M,False,2,2024-02-10,2024-02-10,False,75.16,,624.23,,476,
7983,10455,159,2182,,,,,,,,6,,50.72,,,,,143,True,Sprints,875,1210,1480.0,M,False,2,2024-02-10,2024-02-10,False,84.53,,791.8,,666,
7984,10457,159,762,,744.0,,2172.0,,714.0,,30,,12:14.71,,,,,143,True,Relays,0,0,0.0,M,False,2,2024-02-10,2024-02-10,False,,,,,,
7985,10458,159,4367,,2182.0,,2168.0,,4368.0,,24,,3:31.24,,,,,143,True,Relays,810,1153,1386.5,M,False,2,2024-02-10,2024-02-10,False,88.04,,1191.3,,600,
7986,10459,159,4360,,744.0,,2172.0,,4369.0,,24,,4:05.12,,,,,143,True,Relays,440,884,882.0,M,False,2,2024-02-10,2024-02-10,False,74.16,,913.92,,340,
7987,10460,159,2182,,4364.0,,2173.0,,2173.0,,22,,1:43.35,,,,,143,True,Relays,515,974,1002.0,M,False,2,2024-02-10,2024-02-10,False,,,,,,
7990,10464,159,705,,,,,,,,6,,56.62,,,,,143,True,Sprints,563,988,1057.0,M,False,2,2024-02-10,2024-02-10,False,73.88,,601.02,,450,
7997,10411,139,1533,,4352.0,,4348.0,,4346.0,,24,,3:51.49,,,,,143,True,Relays,575,988,1069.0,M,False,2,2024-02-10,2024-02-10,False,79.19,,1015.75,,436,
8000,10409,139,1520,,1589.0,,1533.0,,4351.0,,30,,11:22.38,,,,,143,True,Relays,0,0,0.0,M,False,2,2024-02-10,2024-02-10,False,,,,,,
8001,10399,139,1581,,,,,,,,4,,27.80,,,,,143,True,Sprints,338,760,718.0,M,False,2,2024-02-10,2024-02-10,False,74.07,,406.35,,228,
8002,10416,139,1551,,,,,,,,6,,59.29,,,,,143,True,Sprints,445,895,892.5,M,False,2,2024-02-10,2024-02-10,False,69.87,,527.16,,366,
8006,10469,159,4372,,,,,,,,2,,8.37,,,,,143,True,Sprints,369,786,762.0,M,False,2,2024-02-10,2024-02-10,False,,,,,,
8009,10472,159,4374,,,,,,,,2,,9.40,,,,,143,True,Sprints,114,524,376.0,M,False,2,2024-02-10,2024-02-10,False,,,,,,
8010,10473,159,4375,,,,,,,,2,,7.55,,,,,143,True,Sprints,676,1032,1192.0,M,False,2,2024-02-10,2024-02-10,False,,,,,,
8011,10474,159,4375,,,,,,,,4,,24.00,,,,,143,True,Sprints,724,1082,1265.0,M,False,2,2024-02-10,2024-02-10,False,88.94,,665.76,,532,
8012,10478,146,3685,,,,,,,,2,,7.96,,,,,143,True,Sprints,511,905,963.5,M,False,2,2024-02-10,2024-02-10,False,,,,,,
8013,10479,146,3685,,,,,,,,4,,26.06,,,,,143,True,Sprints,496,901,946.5,M,False,2,2024-02-10,2024-02-10,False,80.25,,515.75,,356,
8017,10483,146,3689,,,,,,,,2,,7.30,,,,,143,True,Sprints,788,1114,1345.0,M,False,2,2024-02-10,2024-02-10,False,,,,,,
8018,10484,146,3689,,,,,,,,4,,24.21,,,,,143,True,Sprints,699,1063,1230.5,M,False,2,2024-02-10,2024-02-10,False,87.98,,649.3,,512,
8021,10487,146,3690,,,,,,,,2,,7.49,,,,,143,True,Sprints,702,1052,1228.0,M,False,2,2024-02-10,2024-02-10,False,,,,,,
8022,10488,146,3690,,,,,,,,4,,23.27,,,,,143,True,Sprints,815,1150,1390.0,M,False,2,2024-02-10,2024-02-10,False,92.46,,725.3,,601,
8024,10490,146,1409,,,,,,,,6,,54.18,,,,,143,True,Sprints,684,1077,1222.5,M,False,2,2024-02-10,2024-02-10,False,77.96,,674.88,,534,
8029,10495,146,3691,,,,,,,,6,,53.22,,,,,143,True,Sprints,734,1113,1290.5,M,False,2,2024-02-10,2024-02-10,False,79.68,,705.79,,569,
8030,10496,146,3719,,,,,,,,2,,7.26,,,,,143,True,Sprints,807,1127,1370.5,M,False,2,2024-02-10,2024-02-10,False,,,,,,
8031,10497,146,3719,,,,,,,,4,,23.45,,,,,143,True,Sprints,792,1133,1358.5,M,False,2,2024-02-10,2024-02-10,False,91.57,,710.27,,584,
8033,10499,146,3720,,,,,,,,2,,7.98,,,,,143,True,Sprints,503,899,952.5,M,False,2,2024-02-10,2024-02-10,False,,,,,,
8034,10500,146,3720,,,,,,,,4,,25.66,,,,,143,True,Sprints,537,934,1004.0,M,False,2,2024-02-10,2024-02-10,False,81.81,,542.99,,388,
8035,10501,146,3721,,,,,,,,2,,7.93,,,,,143,True,Sprints,522,914,979.0,M,False,2,2024-02-10,2024-02-10,False,,,,,,
8036,10502,146,3721,,,,,,,,4,,25.74,,,,,143,True,Sprints,529,928,993.0,M,False,2,2024-02-10,2024-02-10,False,81.49,,537.47,,381,
8039,10505,146,3723,,,,,,,,6,,49.96,,,,,143,True,Sprints,920,1240,1540.0,M,False,2,2024-02-10,2024-02-10,False,86.12,,819.65,,698,
8040,10506,146,3723,,,,,,,,4,,22.88,,,,,143,True,Sprints,866,1188,1460.0,M,False,2,2024-02-10,2024-02-10,False,94.45,,758.66,,640,
8041,10507,146,4380,,,,,,,,2,,8.04,,,,,143,True,Sprints,481,881,921.5,M,False,2,2024-02-10,2024-02-10,False,,,,,,
8042,10508,146,4380,,,,,,,,4,,25.35,,,,,143,True,Sprints,570,961,1050.5,M,False,2,2024-02-10,2024-02-10,False,83.06,,564.7,,413,
8047,10513,146,3695,,,,,,,,2,,7.30,,,,,143,True,Sprints,788,1114,1345.0,M,False,2,2024-02-10,2024-02-10,False,,,,,,
8048,10514,146,3695,,,,,,,,4,,23.28,,,,,143,True,Sprints,814,1149,1388.5,M,False,2,2024-02-10,2024-02-10,False,92.41,,724.46,,600,
8050,10516,146,3696,,,,,,,,6,,52.28,,,,,143,True,Sprints,786,1149,1360.5,M,False,2,2024-02-10,2024-02-10,False,81.44,,737.17,,604,
8051,10517,146,3696,,,,,,,,4,,23.87,,,,,143,True,Sprints,740,1094,1287.0,M,False,2,2024-02-10,2024-02-10,False,89.55,,676.1,,544,
8052,10518,146,3697,,,,,,,,2,,8.41,,,,,143,True,Sprints,356,775,743.5,M,False,2,2024-02-10,2024-02-10,False,,,,,,
8054,10520,146,3698,,,,,,,,2,,7.26,,,,,143,True,Sprints,807,1127,1370.5,M,False,2,2024-02-10,2024-02-10,False,,,,,,
8056,10523,146,4382,,,,,,,,2,,7.41,,,,,143,True,Sprints,738,1078,1277.0,M,False,2,2024-02-10,2024-02-10,False,,,,,,
8058,10525,146,3724,,,,,,,,2,,7.99,,,,,143,True,Sprints,500,896,948.0,M,False,2,2024-02-10,2024-02-10,False,,,,,,
8059,10526,146,3724,,,,,,,,4,,28.49,,,,,143,True,Sprints,283,708,637.0,M,False,2,2024-02-10,2024-02-10,False,71.86,,366.68,,182,
8063,10530,146,3700,,,,,,,,6,,54.86,,,,,143,True,Sprints,649,1052,1175.0,M,False,2,2024-02-10,2024-02-10,False,76.78,,653.63,,510,
8064,10531,146,3701,,,,,,,,2,,7.41,,,,,143,True,Sprints,738,1078,1277.0,M,False,2,2024-02-10,2024-02-10,False,,,,,,
8065,10532,146,3701,,,,,,,,4,,23.26,,,,,143,True,Sprints,816,1151,1391.5,M,False,2,2024-02-10,2024-02-10,False,92.51,,726.14,,602,
8067,10534,146,3725,,,,,,,,4,,25.52,,,,,143,True,Sprints,552,947,1025.5,M,False,2,2024-02-10,2024-02-10,False,82.37,,552.73,,399,
8070,10537,146,3726,,,,,,,,6,,52.71,,,,,143,True,Sprints,762,1132,1328.0,M,False,2,2024-02-10,2024-02-10,False,80.63,,722.68,,588,
8071,10538,146,3727,,,,,,,,6,,1:03.86,,,,,143,True,Sprints,274,746,647.0,M,False,2,2024-02-10,2024-02-10,False,63.88,,415.08,,239,
8072,10539,146,3727,,,,,,,,4,,27.88,,,,,143,True,Sprints,331,754,708.0,M,False,2,2024-02-10,2024-02-10,False,73.81,,401.65,,222,
8073,10540,146,3702,,,,,,,,2,,7.94,,,,,143,True,Sprints,518,911,973.5,M,False,2,2024-02-10,2024-02-10,False,,,,,,
8074,10541,146,3702,,,,,,,,4,,25.34,,,,,143,True,Sprints,571,962,1052.0,M,False,2,2024-02-10,2024-02-10,False,83.1,,565.41,,414,
8076,10543,146,3703,,,,,,,,2,,8.24,,,,,143,True,Sprints,411,823,822.5,M,False,2,2024-02-10,2024-02-10,False,,,,,,
8078,10545,146,3728,,,,,,,,2,,7.93,,,,,143,True,Sprints,522,914,979.0,M,False,2,2024-02-10,2024-02-10,False,,,,,,
8079,10546,146,3728,,,,,,,,4,,24.47,,,,,143,True,Sprints,668,1039,1187.5,M,False,2,2024-02-10,2024-02-10,False,86.81,,629.31,,489,
8083,10552,146,4384,,,,,,,,2,,7.61,,,,,143,True,Sprints,650,1013,1156.5,M,False,2,2024-02-10,2024-02-10,False,,,,,,
8084,10553,146,4384,,,,,,,,4,,24.52,,,,,143,True,Sprints,663,1035,1180.5,M,False,2,2024-02-10,2024-02-10,False,86.59,,625.52,,484,
8090,10559,146,4386,,,,,,,,2,,7.73,,,,,143,True,Sprints,601,975,1088.5,M,False,2,2024-02-10,2024-02-10,False,,,,,,
8091,10560,146,4386,,,,,,,,4,,24.65,,,,,143,True,Sprints,648,1023,1159.5,M,False,2,2024-02-10,2024-02-10,False,86.01,,615.72,,473,
8092,10561,146,3705,,,,,,,,4,,24.43,,,,,143,True,Sprints,673,1043,1194.5,M,False,2,2024-02-10,2024-02-10,False,86.99,,632.36,,492,
8093,10562,146,4387,,,,,,,,6,,58.29,,,,,143,True,Sprints,487,929,951.5,M,False,2,2024-02-10,2024-02-10,False,71.32,,554.03,,397,
8094,10563,146,4387,,,,,,,,4,,25.91,,,,,143,True,Sprints,512,913,968.5,M,False,2,2024-02-10,2024-02-10,False,80.83,,525.86,,368,
8095,10564,146,4148,,,,,,,,2,,8.18,,,,,143,True,Sprints,432,840,852.0,M,False,2,2024-02-10,2024-02-10,False,,,,,,
8100,10569,146,4388,,,,,,,,6,,1:00.40,,,,,143,True,Sprints,399,858,828.0,M,False,2,2024-02-10,2024-02-10,False,68.32,,498.38,,333,
8101,10570,146,4388,,,,,,,,4,,26.94,,,,,143,True,Sprints,412,828,826.0,M,False,2,2024-02-10,2024-02-10,False,77.01,,458.66,,289,
8102,10571,146,3729,,,,,,,,2,,7.74,,,,,143,True,Sprints,596,972,1082.0,M,False,2,2024-02-10,2024-02-10,False,,,,,,
8103,10572,146,3729,,,,,,,,4,,24.15,,,,,143,True,Sprints,706,1068,1240.0,M,False,2,2024-02-10,2024-02-10,False,88.25,,653.97,,518,
8104,10573,146,4149,,,,,,,,2,,7.57,,,,,143,True,Sprints,667,1026,1180.0,M,False,2,2024-02-10,2024-02-10,False,,,,,,
8105,10574,146,4149,,,,,,,,4,,24.30,,,,,143,True,Sprints,688,1055,1215.5,M,False,2,2024-02-10,2024-02-10,False,87.57,,642.33,,504,
8106,10575,146,3730,,,,,,,,2,,7.76,,,,,143,True,Sprints,588,966,1071.0,M,False,2,2024-02-10,2024-02-10,False,,,,,,
8110,10576,146,3730,,,,,,,,4,,24.69,,,,,143,True,Sprints,643,1019,1152.5,M,False,2,2024-02-10,2024-02-10,False,85.84,,612.73,,469,
8111,10577,146,3708,,,,,,,,2,,7.60,,,,,143,True,Sprints,654,1016,1162.0,M,False,2,2024-02-10,2024-02-10,False,,,,,,
8112,10578,146,3708,,,,,,,,4,,24.04,,,,,143,True,Sprints,719,1078,1258.0,M,False,2,2024-02-10,2024-02-10,False,88.76,,662.6,,528,
8114,10580,146,3709,,,,,,,,2,,8.52,,,,,143,True,Sprints,323,745,695.5,M,False,2,2024-02-10,2024-02-10,False,,,,,,
8115,10581,146,3709,,,,,,,,4,,27.76,,,,,143,True,Sprints,341,763,722.5,M,False,2,2024-02-10,2024-02-10,False,74.2,,408.72,,231,
8118,10588,146,3733,,1216.0,,3729.0,,3696.0,,24,,3:27.62,,,,,143,True,Relays,856,1183,1447.5,M,False,2,2024-02-10,2024-02-10,False,89.83,,1226.29,,633,
8119,10589,146,3726,,3700.0,,3705.0,,3691.0,,24,,3:35.76,,,,,143,True,Relays,754,1115,1311.5,M,False,2,2024-02-10,2024-02-10,False,85.9,,1149.26,,561,
8120,10590,146,3728,,1409.0,,3708.0,,3720.0,,24,,3:43.50,,,,,143,True,Relays,663,1051,1188.5,M,False,2,2024-02-10,2024-02-10,False,82.47,,1081.22,,497,
8121,10592,146,3732,,3694.0,,3713.0,,4148.0,,24,,3:51.87,,,,,143,True,Relays,571,985,1063.5,M,False,2,2024-02-10,2024-02-10,False,79.05,,1012.75,,433,
8122,10593,146,3690,,3719.0,,3723.0,,3701.0,,22,,1:31.05,,,,,143,True,Relays,874,1208,1478.0,M,False,2,2024-02-10,2024-02-10,False,,,,,,
8123,10594,146,3698,,3695.0,,1216.0,,3691.0,,22,,1:31.10,,,,,143,True,Relays,872,1207,1475.5,M,False,2,2024-02-10,2024-02-10,False,,,,,,
8124,10595,146,3689,,3734.0,,3728.0,,3730.0,,22,,1:34.89,,,,,143,True,Relays,752,1132,1318.0,M,False,2,2024-02-10,2024-02-10,False,,,,,,
8125,10596,146,4149,,4148.0,,3720.0,,4387.0,,22,,1:40.85,,,,,143,True,Relays,580,1020,1090.0,M,False,2,2024-02-10,2024-02-10,False,,,,,,
8126,10597,146,4380,,3721.0,,3725.0,,3699.0,,22,,1:41.72,,,,,143,True,Relays,557,1004,1059.0,M,False,2,2024-02-10,2024-02-10,False,,,,,,
8127,10598,146,3710,,,,,,,,2,,7.56,,,,,143,True,Sprints,672,1029,1186.5,M,False,2,2024-02-10,2024-02-10,False,,,,,,
8138,10609,146,3733,,,,,,,,4,,23.07,,,,,143,True,Sprints,841,1170,1426.0,M,False,2,2024-02-10,2024-02-10,False,93.47,,742.26,,621,
8139,10610,146,3734,,,,,,,,2,,7.43,,,,,143,True,Sprints,729,1071,1264.5,M,False,2,2024-02-10,2024-02-10,False,,,,,,
8140,10611,146,3734,,,,,,,,4,,24.14,,,,,143,True,Sprints,707,1069,1241.5,M,False,2,2024-02-10,2024-02-10,False,88.3,,654.76,,519,
8141,10612,146,4393,,,,,,,,2,,7.57,,,,,143,True,Sprints,667,1026,1180.0,M,False,2,2024-02-10,2024-02-10,False,,,,,,
8146,10622,146,4396,,,,,,,,6,,56.30,,,,,143,True,Sprints,578,999,1077.5,M,False,2,2024-02-10,2024-02-10,False,74.39,,610.34,,460,
8147,10623,146,3736,,,,,,,,2,,8.36,,,,,143,True,Sprints,372,789,766.5,M,False,2,2024-02-10,2024-02-10,False,,,,,,
8153,10630,162,4306,,,,,,,,6,,53.76,,,,,143,True,Sprints,706,1093,1252.5,M,False,2,2024-02-10,2024-02-10,False,78.7,,688.27,,549,
8158,10638,162,4399,,,,,,,,2,,7.55,,,,,143,True,Sprints,676,1032,1192.0,M,False,2,2024-02-10,2024-02-10,False,,,,,,
8159,10639,162,4399,,,,,,,,4,,26.12,,,,,143,True,Sprints,490,896,938.0,M,False,2,2024-02-10,2024-02-10,False,80.02,,511.73,,351,
8162,10642,162,3788,,,,,,,,2,,7.79,,,,,143,True,Sprints,576,957,1054.5,M,False,2,2024-02-10,2024-02-10,False,,,,,,
8163,10643,162,3788,,,,,,,,6,,55.72,,,,,143,True,Sprints,606,1020,1116.0,M,False,2,2024-02-10,2024-02-10,False,75.34,,627.51,,480,
8164,10644,162,3788,,,,,,,,4,,25.13,,,,,143,True,Sprints,594,980,1084.0,M,False,2,2024-02-10,2024-02-10,False,83.97,,580.43,,432,
8167,10649,162,4400,,,,,,,,2,,7.63,,,,,143,True,Sprints,642,1007,1145.5,M,False,2,2024-02-10,2024-02-10,False,,,,,,
8168,10650,162,4400,,,,,,,,4,,25.10,,,,,143,True,Sprints,597,983,1088.5,M,False,2,2024-02-10,2024-02-10,False,84.09,,582.59,,434,
8170,10652,162,3158,,,,,,,,6,,56.77,,,,,143,True,Sprints,556,983,1047.5,M,False,2,2024-02-10,2024-02-10,False,73.65,,596.69,,445,
8172,10654,162,4402,,,,,,,,6,,1:07.93,,,,,143,True,Sprints,157,625,469.5,M,False,2,2024-02-10,2024-02-10,False,59.31,,327.96,,140,
8173,10655,162,4402,,,,,,,,4,,31.16,,,,,143,True,Sprints,117,523,378.5,M,False,2,2024-02-10,2024-02-10,False,64.37,,229.69,,21,
8175,10663,162,4401,,3788.0,,3790.0,,,,22,,1:46.49,,,,,143,True,Relays,438,919,897.5,M,False,2,2024-02-10,2024-02-10,False,,,,,,
8178,10666,203,4404,,,,,,,,2,,7.66,,,,,143,True,Sprints,629,997,1127.5,M,False,2,2024-02-10,2024-02-10,False,,,,,,
8180,10668,203,4405,,,,,,,,2,,7.13,,,,,143,True,Sprints,869,1171,1454.5,M,False,2,2024-02-10,2024-02-10,False,,,,,,
8185,10673,203,4408,,,,,,,,4,,25.02,,,,,143,True,Sprints,606,990,1101.0,M,False,2,2024-02-10,2024-02-10,False,84.43,,588.39,,441,
8187,10675,203,4409,,,,,,,,6,,56.93,,,,,143,True,Sprints,549,977,1037.5,M,False,2,2024-02-10,2024-02-10,False,73.39,,592.09,,440,
8197,10659,162,1337,,1704.0,,3158.0,,,,30,,11:52.49,,,,,143,True,Relays,0,0,0.0,M,False,2,2024-02-10,2024-02-10,False,,,,,,
8198,10661,162,4401,,1209.0,,1337.0,,,,24,,3:56.40,,,,,143,True,Relays,524,950,999.0,M,False,2,2024-02-10,2024-02-10,False,77.31,,977.72,,400,
8199,10632,162,1428,,,,,,,,4,,33.58,,,,,143,True,Sprints,29,379,218.5,M,False,2,2024-02-10,2024-02-10,False,58.75,,124.35,,0,
8201,10637,162,1365,,,,,,,,4,,27.92,,,,,143,True,Sprints,328,751,703.5,M,False,2,2024-02-10,2024-02-10,False,73.68,,399.31,,220,
8203,10662,162,3136,,1288.0,,1377.0,,,,24,,4:09.04,,,,,143,True,Relays,404,855,831.5,M,False,2,2024-02-10,2024-02-10,False,72.83,,886.7,,315,
8204,10660,162,4403,,1698.0,,1696.0,,,,30,,12:15.27,,,,,143,True,Relays,0,0,0.0,M,False,2,2024-02-10,2024-02-10,False,,,,,,
8206,10587,146,4381,,4390.0,,1405.0,,4391.0,,30,,13:04.00,,,,,143,True,Relays,0,0,0.0,M,False,2,2024-02-10,2024-02-10,False,,,,,,
8210,10591,146,3687,,3699.0,,1245.0,,3709.0,,24,,3:46.42,,,,,143,True,Relays,630,1028,1144.0,M,False,2,2024-02-10,2024-02-10,False,81.24,,1056.76,,474,
8211,10586,146,1321,,1363.0,,1373.0,,1399.0,,30,,12:52.01,,,,,143,True,Relays,0,0,0.0,M,False,2,2024-02-10,2024-02-10,False,,,,,,
8213,10682,203,4413,,,,,,,,2,,7.35,,,,,143,True,Sprints,765,1097,1313.5,M,False,2,2024-02-10,2024-02-10,False,,,,,,
8214,10683,203,4414,,,,,,,,4,,24.37,,,,,143,True,Sprints,680,1048,1204.0,M,False,2,2024-02-10,2024-02-10,False,87.25,,636.95,,498,
8215,10684,203,4415,,,,,,,,2,,7.98,,,,,143,True,Sprints,503,899,952.5,M,False,2,2024-02-10,2024-02-10,False,,,,,,
8216,10685,203,4415,,,,,,,,4,,25.45,,,,,143,True,Sprints,559,953,1035.5,M,False,2,2024-02-10,2024-02-10,False,82.65,,557.64,,405,
8217,10686,203,3852,,,,,,,,6,,56.06,,,,,143,True,Sprints,590,1008,1094.0,M,False,2,2024-02-10,2024-02-10,False,74.78,,617.4,,468,
8218,10687,203,4416,,,,,,,,6,,59.15,,,,,143,True,Sprints,450,900,900.0,M,False,2,2024-02-10,2024-02-10,False,70.07,,530.87,,370,
8221,10690,203,4419,,,,,,,,2,,7.49,,,,,143,True,Sprints,702,1052,1228.0,M,False,2,2024-02-10,2024-02-10,False,,,,,,
8222,10691,203,4419,,,,,,,,4,,24.65,,,,,143,True,Sprints,648,1023,1159.5,M,False,2,2024-02-10,2024-02-10,False,86.01,,615.72,,473,
8227,10696,203,4423,,,,,,,,6,,53.88,,,,,143,True,Sprints,699,1088,1243.0,M,False,2,2024-02-10,2024-02-10,False,78.49,,684.42,,544,
8228,10697,203,4424,,,,,,,,2,,8.00,,,,,143,True,Sprints,496,893,942.5,M,False,2,2024-02-10,2024-02-10,False,,,,,,
8229,10698,203,4424,,,,,,,,4,,25.99,,,,,143,True,Sprints,504,906,957.0,M,False,2,2024-02-10,2024-02-10,False,80.52,,520.45,,361,
8231,10700,203,4426,,,,,,,,4,,24.16,,,,,143,True,Sprints,705,1067,1238.5,M,False,2,2024-02-10,2024-02-10,False,88.2,,653.19,,517,
8233,10702,203,4427,,,,,,,,2,,7.99,,,,,143,True,Sprints,500,896,948.0,M,False,2,2024-02-10,2024-02-10,False,,,,,,
8236,10705,203,4429,,3852.0,,4418.0,,1855.0,,30,,11:21.03,,,,,143,True,Relays,0,0,0.0,M,False,2,2024-02-10,2024-02-10,False,,,,,,
8237,10706,203,4428,,4420.0,,4407.0,,4416.0,,30,,13:01.11,,,,,143,True,Relays,0,0,0.0,M,False,2,2024-02-10,2024-02-10,False,,,,,,
8238,10707,203,4430,,4405.0,,4415.0,,4419.0,,22,,1:33.88,,,,,143,True,Relays,783,1152,1359.0,M,False,2,2024-02-10,2024-02-10,False,,,,,,
8250,10721,164,4121,,,,,,,,2,,7.74,,,,,143,True,Sprints,596,972,1082.0,M,False,2,2024-02-10,2024-02-10,False,,,,,,
8252,10723,164,2742,,,,,,,,4,,25.94,,,,,143,True,Sprints,509,911,964.5,M,False,2,2024-02-10,2024-02-10,False,80.71,,523.83,,365,
8258,10729,164,683,,772.0,,766.0,,4123.0,,30,,10:59.40,,,,,143,True,Relays,0,0,0.0,M,False,2,2024-02-10,2024-02-10,False,,,,,,
8259,10730,164,731,,748.0,,727.0,,2727.0,,30,,11:50.92,,,,,143,True,Relays,0,0,0.0,M,False,2,2024-02-10,2024-02-10,False,,,,,,
8260,10731,164,691,,700.0,,795.0,,721.0,,30,,12:04.51,,,,,143,True,Relays,0,0,0.0,M,False,2,2024-02-10,2024-02-10,False,,,,,,
8261,10732,164,675,,786.0,,2742.0,,747.0,,30,,12:05.24,,,,,143,True,Relays,0,0,0.0,M,False,2,2024-02-10,2024-02-10,False,,,,,,
8262,10733,164,772,,2727.0,,4123.0,,689.0,,24,,3:45.76,,,,,143,True,Relays,638,1033,1154.5,M,False,2,2024-02-10,2024-02-10,False,81.52,,1062.23,,479,
8263,10735,164,700,,801.0,,691.0,,675.0,,24,,4:06.15,,,,,143,True,Relays,430,876,868.0,M,False,2,2024-02-10,2024-02-10,False,73.81,,906.69,,334,
8264,10736,164,2742,,727.0,,766.0,,747.0,,22,,1:46.22,,,,,143,True,Relays,445,924,907.0,M,False,2,2024-02-10,2024-02-10,False,,,,,,
8266,10738,164,795,,,,,,,,6,,1:05.39,,,,,143,True,Sprints,226,700,576.0,M,False,2,2024-02-10,2024-02-10,False,62.09,,381.06,,200,
8275,10748,165,4435,,400.0,,401.0,,396.0,,30,,11:03.58,,,,,143,True,Relays,0,0,0.0,M,False,2,2024-02-10,2024-02-10,False,,,,,,
8276,10750,167,4437,,,,,,,,2,,8.15,,,,,143,True,Sprints,442,849,866.5,M,False,2,2024-02-10,2024-02-10,False,,,,,,
8277,10751,167,4437,,,,,,,,4,,26.17,,,,,143,True,Sprints,486,891,931.5,M,False,2,2024-02-10,2024-02-10,False,79.83,,508.4,,347,
8279,10753,167,4438,,,,,,,,2,,7.61,,,,,143,True,Sprints,650,1013,1156.5,M,False,2,2024-02-10,2024-02-10,False,,,,,,
8280,10754,167,4438,,,,,,,,4,,23.95,,,,,143,True,Sprints,730,1087,1273.5,M,False,2,2024-02-10,2024-02-10,False,89.18,,669.72,,536,
8281,10755,167,4439,,,,,,,,2,,7.92,,,,,143,True,Sprints,526,917,984.5,M,False,2,2024-02-10,2024-02-10,False,,,,,,
8282,10756,167,4439,,,,,,,,4,,25.14,,,,,143,True,Sprints,593,980,1083.0,M,False,2,2024-02-10,2024-02-10,False,83.93,,579.71,,431,
8287,10761,167,4304,,,,,,,,6,,58.18,,,,,143,True,Sprints,492,933,958.5,M,False,2,2024-02-10,2024-02-10,False,71.48,,557.04,,400,
8288,10762,167,4303,,,,,,,,6,,57.09,,,,,143,True,Sprints,541,971,1026.5,M,False,2,2024-02-10,2024-02-10,False,73.14,,587.52,,435,
8289,10763,167,4303,,,,,,,,4,,26.06,,,,,143,True,Sprints,496,901,946.5,M,False,2,2024-02-10,2024-02-10,False,80.25,,515.75,,356,
8293,10767,169,4442,,,,,,,,2,,8.57,,,,,143,True,Sprints,308,731,673.5,M,False,2,2024-02-10,2024-02-10,False,,,,,,
8294,10768,169,4442,,,,,,,,4,,27.84,,,,,143,True,Sprints,334,757,712.5,M,False,2,2024-02-10,2024-02-10,False,73.94,,404.0,,225,
8296,10771,169,4444,,,,,,,,2,,7.48,,,,,143,True,Sprints,706,1055,1233.5,M,False,2,2024-02-10,2024-02-10,False,,,,,,
8301,10776,169,4447,,,,,,,,6,,54.27,,,,,143,True,Sprints,679,1074,1216.0,M,False,2,2024-02-10,2024-02-10,False,77.8,,672.04,,530,
8302,10777,169,4447,,,,,,,,4,,24.15,,,,,143,True,Sprints,706,1068,1240.0,M,False,2,2024-02-10,2024-02-10,False,88.25,,653.97,,518,
8309,10784,169,4451,,,,,,,,6,,53.63,,,,,143,True,Sprints,713,1098,1262.0,M,False,2,2024-02-10,2024-02-10,False,78.94,,692.45,,554,
8310,10785,169,4451,,,,,,,,4,,24.01,,,,,143,True,Sprints,723,1081,1263.5,M,False,2,2024-02-10,2024-02-10,False,88.9,,664.97,,531,
8313,10749,165,394,,2174.0,,397.0,,400.0,,24,,3:53.73,,,,,143,True,Relays,552,970,1037.0,M,False,2,2024-02-10,2024-02-10,False,78.32,,998.2,,419,
8316,10787,169,4452,,,,,,,,2,,7.70,,,,,143,True,Sprints,613,985,1105.5,M,False,2,2024-02-10,2024-02-10,False,,,,,,
8320,10793,146,3705,,3656.0,,3650.0,,3723.0,,24,,3:48.04,,,,,143,True,Relays,612,1015,1119.5,M,False,2,2024-02-10,2024-02-10,False,80.58,,1043.46,,462,
8321,10794,169,4447,,4451.0,,4289.0,,4299.0,,24,,4:04.25,,,,,143,True,Relays,448,890,893.0,M,False,2,2024-02-10,2024-02-10,False,74.47,,920.08,,346,
8322,10796,164,686,,4115.0,,675.0,,620.0,,24,,4:18.96,,,,,143,True,Relays,321,784,713.0,M,False,2,2024-02-10,2024-02-10,False,69.66,,821.5,,254,
8323,10797,69,4340,,2524.0,,2536.0,,4344.0,,24,,4:25.04,,,,,143,True,Relays,274,743,645.5,M,False,2,2024-02-10,2024-02-10,False,67.84,,783.94,,219,
8324,10798,130,2485,,2478.0,,2419.0,,2394.0,,24,,5:01.35,,,,,143,True,Relays,73,517,331.5,M,False,2,2024-02-10,2024-02-10,False,58.68,,591.22,,38,
8358,10832,56,3568,,,,,,,,2,,7.76,,,,,144,True,Sprints,588,966,1071.0,M,False,2,2024-02-10,2024-02-10,False,,,,,,
8359,10833,56,3568,,,,,,,,4,,25.90,,,,,144,True,Sprints,513,914,970.0,M,False,2,2024-02-10,2024-02-10,False,80.87,,526.54,,369,
8360,10834,56,4456,,,,,,,,2,,7.79,,,,,144,True,Sprints,576,957,1054.5,M,False,2,2024-02-10,2024-02-10,False,,,,,,
8361,10835,56,4456,,,,,,,,4,,25.72,,,,,144,True,Sprints,531,929,995.5,M,False,2,2024-02-10,2024-02-10,False,81.57,,538.85,,383,
8362,10836,56,4457,,,,,,,,2,,7.70,,,,,144,True,Sprints,613,985,1105.5,M,False,2,2024-02-10,2024-02-10,False,,,,,,
8364,10838,56,157,,,,,,,,6,,54.60,,,,,144,True,Sprints,662,1061,1192.5,M,False,2,2024-02-10,2024-02-10,False,77.23,,661.69,,519,
8375,10849,56,4110,,,,,,,,4,,25.41,,,,,144,True,Sprints,564,956,1042.0,M,False,2,2024-02-10,2024-02-10,False,82.81,,560.45,,408,
8377,10851,56,3578,,152.0,,4460.0,,128.0,,24,,3:30.64,,,,,144,True,Relays,818,1158,1397.0,M,False,2,2024-02-10,2024-02-10,False,88.33,,1197.02,,605,
8378,10852,56,130,,123.0,,129.0,,3804.0,,24,,3:39.34,,,,,144,True,Relays,711,1085,1253.5,M,False,2,2024-02-10,2024-02-10,False,84.28,,1117.19,,531,
8379,10853,56,3415,,3574.0,,4456.0,,4461.0,,24,,3:43.63,,,,,144,True,Relays,662,1050,1187.0,M,False,2,2024-02-10,2024-02-10,False,82.41,,1080.12,,496,
8380,10854,56,4458,,196.0,,186.0,,2199.0,,24,,4:00.87,,,,,144,True,Relays,480,916,938.0,M,False,2,2024-02-10,2024-02-10,False,75.66,,944.44,,369,
8383,10857,56,3572,,,,,,,,2,,7.88,,,,,144,True,Sprints,541,929,1005.5,M,False,2,2024-02-10,2024-02-10,False,,,,,,
8384,10858,56,3572,,,,,,,,4,,25.33,,,,,144,True,Sprints,572,963,1053.5,M,False,2,2024-02-10,2024-02-10,False,83.14,,566.12,,415,
8386,10860,56,3807,,,,,,,,2,,8.11,,,,,144,True,Sprints,456,860,886.0,M,False,2,2024-02-10,2024-02-10,False,,,,,,
8387,10861,56,3807,,,,,,,,4,,28.00,,,,,144,True,Sprints,321,745,693.5,M,False,2,2024-02-10,2024-02-10,False,73.42,,394.65,,214,
8389,10863,56,186,,,,,,,,4,,25.10,,,,,144,True,Sprints,597,983,1088.5,M,False,2,2024-02-10,2024-02-10,False,84.09,,582.59,,434,
8392,10866,56,4462,,,,,,,,2,,7.39,,,,,144,True,Sprints,747,1084,1289.0,M,False,2,2024-02-10,2024-02-10,False,,,,,,
8393,10867,56,4462,,,,,,,,4,,23.95,,,,,144,True,Sprints,730,1087,1273.5,M,False,2,2024-02-10,2024-02-10,False,89.18,,669.72,,536,
8395,10869,56,3574,,,,,,,,4,,25.19,,,,,144,True,Sprints,587,975,1074.5,M,False,2,2024-02-10,2024-02-10,False,83.72,,576.11,,427,
8397,10871,56,4461,,,,,,,,4,,25.19,,,,,144,True,Sprints,587,975,1074.5,M,False,2,2024-02-10,2024-02-10,False,83.72,,576.11,,427,
8398,10872,56,4461,,,,,,,,6,,56.12,,,,,144,True,Sprints,587,1006,1090.0,M,False,2,2024-02-10,2024-02-10,False,74.69,,615.63,,466,
8400,10874,56,3808,,,,,,,,2,,7.42,,,,,144,True,Sprints,733,1074,1270.0,M,False,2,2024-02-10,2024-02-10,False,,,,,,
8401,10875,56,3808,,,,,,,,6,,55.12,,,,,144,True,Sprints,636,1042,1157.0,M,False,2,2024-02-10,2024-02-10,False,76.34,,645.65,,500,
8404,10878,56,3809,,,,,,,,2,,7.39,,,,,144,True,Sprints,747,1084,1289.0,M,False,2,2024-02-10,2024-02-10,False,,,,,,
8410,10884,56,4463,,,,,,,,2,,7.93,,,,,144,True,Sprints,522,914,979.0,M,False,2,2024-02-10,2024-02-10,False,,,,,,
8411,10885,56,4463,,,,,,,,4,,26.08,,,,,144,True,Sprints,494,899,943.5,M,False,2,2024-02-10,2024-02-10,False,80.17,,514.41,,354,
8412,10886,56,3576,,,,,,,,2,,7.47,,,,,144,True,Sprints,711,1058,1240.0,M,False,2,2024-02-10,2024-02-10,False,,,,,,
8416,10890,56,3578,,,,,,,,4,,21.94,,,,,144,True,Sprints,994,1280,1634.0,M,False,2,2024-02-10,2024-02-10,False,99.59,,843.95,,740,
8418,10792,169,3166,,2442.0,,1294.0,,1198.0,,24,,3:44.33,,,,,143,True,Relays,654,1045,1176.5,M,False,2,2024-02-10,2024-02-10,False,82.12,,1074.2,,490,
8421,10894,58,4465,,,,,,,,4,,27.56,,,,,145,True,Sprints,358,779,747.5,M,False,2,2024-02-10,2024-02-10,False,74.87,,420.62,,245,
8426,10899,58,4467,,,,,,,,2,,10.56,,,,,145,True,Sprints,1,292,147.0,M,False,2,2024-02-10,2024-02-10,False,,,,,,
8427,10900,58,4467,,,,,,,,4,,37.41,,,,,145,True,Sprints,0,199,99.5,M,False,2,2024-02-10,2024-02-10,False,51.53,,-14.51,,0,
8432,10906,58,3924,,,,,,,,2,,7.30,,,,,145,True,Sprints,788,1114,1345.0,M,False,2,2024-02-10,2024-02-10,False,,,,,,
8433,10907,58,3925,,,,,,,,2,,7.56,,,,,145,True,Sprints,672,1029,1186.5,M,False,2,2024-02-10,2024-02-10,False,,,,,,
8434,10908,58,3925,,,,,,,,4,,24.72,,,,,145,True,Sprints,640,1017,1148.5,M,False,2,2024-02-10,2024-02-10,False,85.71,,610.49,,467,
8436,10910,58,4465,,178.0,,2219.0,,162.0,,24,,3:42.90,,,,,145,True,Relays,670,1056,1198.0,M,False,2,2024-02-10,2024-02-10,False,82.72,,1086.32,,502,
8437,10911,58,2211,,165.0,,131.0,,2210.0,,30,,11:22.87,,,,,145,True,Relays,0,0,0.0,M,False,2,2024-02-10,2024-02-10,False,,,,,,
8438,10912,58,3928,,,,,,,,2,,7.30,,,,,145,True,Sprints,788,1114,1345.0,M,False,2,2024-02-10,2024-02-10,False,,,,,,
8439,10913,58,3928,,,,,,,,4,,24.02,,,,,145,True,Sprints,722,1080,1262.0,M,False,2,2024-02-10,2024-02-10,False,88.85,,664.18,,530,
8440,10914,58,3929,,,,,,,,4,,25.86,,,,,145,True,Sprints,517,917,975.5,M,False,2,2024-02-10,2024-02-10,False,81.02,,529.26,,372,
8442,10916,58,165,,,,,,,,8,,1:36.42,,,,,145,True,Sprints,466,937,934.5,M,False,2,2024-02-10,2024-02-10,False,,,,,,
8445,10919,58,2219,,,,,,,,6,,55.63,,,,,145,True,Sprints,611,1024,1123.0,M,False,2,2024-02-10,2024-02-10,False,75.49,,630.2,,483,
8446,10920,58,2219,,,,,,,,8,,1:36.41,,,,,145,True,Sprints,466,937,934.5,M,False,2,2024-02-10,2024-02-10,False,,,,,,
8451,10925,116,3942,,,,,,,,6,,55.20,,,,,146,True,Sprints,632,1039,1151.5,M,False,2,2024-02-10,2024-02-10,False,76.2,,643.21,,498,
8452,10926,116,3942,,,,,,,,4,,24.61,,,,,146,True,Sprints,652,1027,1165.5,M,False,2,2024-02-10,2024-02-10,False,86.19,,618.72,,476,
8454,10928,116,3944,,,,,,,,4,,23.36,,,,,146,True,Sprints,803,1142,1374.0,M,False,2,2024-02-10,2024-02-10,False,92.01,,717.76,,592,
8455,10929,116,455,,,,,,,,6,,52.04,,,,,146,True,Sprints,799,1158,1378.0,M,False,2,2024-02-10,2024-02-10,False,81.9,,745.36,,614,
8457,10931,116,3946,,,,,,,,2,,7.44,,,,,146,True,Sprints,724,1068,1258.0,M,False,2,2024-02-10,2024-02-10,False,,,,,,
8458,10932,116,3946,,,,,,,,6,,52.23,,,,,146,True,Sprints,789,1151,1364.5,M,False,2,2024-02-10,2024-02-10,False,81.54,,738.87,,606,
8459,10933,116,3946,,,,,,,,4,,23.53,,,,,146,True,Sprints,782,1126,1345.0,M,False,2,2024-02-10,2024-02-10,False,91.18,,703.67,,576,
8465,10939,206,4473,,,,,,,,2,,7.69,,,,,147,True,Sprints,617,988,1111.0,M,False,2,2024-02-10,2024-02-10,False,,,,,,
8467,10941,206,4475,,,,,,,,2,,7.43,,,,,147,True,Sprints,729,1071,1264.5,M,False,2,2024-02-10,2024-02-10,False,,,,,,
8468,10942,206,4475,,,,,,,,4,,24.56,,,,,147,True,Sprints,658,1031,1173.5,M,False,2,2024-02-10,2024-02-10,False,86.41,,622.49,,481,
8470,10944,206,4477,,,,,,,,4,,24.29,,,,,147,True,Sprints,689,1056,1217.0,M,False,2,2024-02-10,2024-02-10,False,87.61,,643.1,,505,
8471,10945,206,4478,,,,,,,,2,,7.58,,,,,147,True,Sprints,663,1023,1174.5,M,False,2,2024-02-10,2024-02-10,False,,,,,,
8473,10947,206,4479,,,,,,,,2,,7.76,,,,,147,True,Sprints,588,966,1071.0,M,False,2,2024-02-10,2024-02-10,False,,,,,,
8474,10948,206,4479,,,,,,,,4,,25.74,,,,,147,True,Sprints,529,928,993.0,M,False,2,2024-02-10,2024-02-10,False,81.49,,537.47,,381,
8475,10949,206,4480,,,,,,,,2,,7.75,,,,,147,True,Sprints,592,969,1076.5,M,False,2,2024-02-10,2024-02-10,False,,,,,,
8476,10950,206,4480,,,,,,,,4,,25.42,,,,,147,True,Sprints,563,955,1040.5,M,False,2,2024-02-10,2024-02-10,False,82.77,,559.75,,407,
8487,10961,204,3601,,,,,,,,2,,7.70,,,,,148,True,Sprints,613,985,1105.5,M,False,2,2024-02-11,2024-02-11,False,,,,,,
8488,10962,204,3602,,,,,,,,6,,55.20,,,,,148,True,Sprints,632,1039,1151.5,M,False,2,2024-02-11,2024-02-11,False,76.2,,643.21,,498,
8489,10963,204,3602,,,,,,,,4,,24.58,,,,,148,True,Sprints,656,1029,1170.5,M,False,2,2024-02-11,2024-02-11,False,86.32,,620.98,,479,
8491,10965,204,3604,,,,,,,,4,,24.05,,,,,148,True,Sprints,718,1077,1256.5,M,False,2,2024-02-11,2024-02-11,False,88.71,,661.82,,527,
8493,10967,204,3605,,,,,,,,2,,8.31,,,,,148,True,Sprints,388,803,789.5,M,False,2,2024-02-11,2024-02-11,False,,,,,,
8494,10968,204,3605,,,,,,,,4,,27.26,,,,,148,True,Sprints,384,802,785.0,M,False,2,2024-02-11,2024-02-11,False,75.89,,438.81,,266,
8498,10972,204,3606,,,,,,,,2,,7.33,,,,,148,True,Sprints,774,1104,1326.0,M,False,2,2024-02-11,2024-02-11,False,,,,,,
8499,10973,205,3554,,,,,,,,2,,7.25,,,,,148,True,Sprints,811,1131,1376.5,M,False,2,2024-02-11,2024-02-11,False,,,,,,
8502,10976,205,2145,,,,,,,,6,,58.42,,,,,148,True,Sprints,482,925,944.5,M,False,2,2024-02-11,2024-02-11,False,71.13,,550.49,,393,
8503,10977,205,2145,,,,,,,,4,,25.66,,,,,148,True,Sprints,537,934,1004.0,M,False,2,2024-02-11,2024-02-11,False,81.81,,542.99,,388,
8505,10979,205,3557,,,,,,,,4,,26.25,,,,,148,True,Sprints,478,885,920.5,M,False,2,2024-02-11,2024-02-11,False,79.53,,503.1,,341,
8507,10981,205,4485,,,,,,,,4,,25.09,,,,,148,True,Sprints,598,984,1090.0,M,False,2,2024-02-11,2024-02-11,False,84.13,,583.32,,435,
8508,10982,205,3559,,,,,,,,6,,1:05.47,,,,,148,True,Sprints,224,697,572.5,M,False,2,2024-02-11,2024-02-11,False,62.0,,379.32,,198,
8509,10983,205,4486,,,,,,,,2,,8.58,,,,,148,True,Sprints,305,728,669.0,M,False,2,2024-02-11,2024-02-11,False,,,,,,
8510,10984,205,4487,,,,,,,,2,,8.17,,,,,148,True,Sprints,435,843,856.5,M,False,2,2024-02-11,2024-02-11,False,,,,,,
8512,10986,205,3561,,,,,,,,4,,24.75,,,,,148,True,Sprints,636,1014,1143.0,M,False,2,2024-02-11,2024-02-11,False,85.58,,608.25,,464,
8542,11016,198,3737,,,,,,,,2,,7.54,,,,,149,True,Sprints,680,1035,1197.5,M,False,2,2024-02-16,2024-02-16,False,,,,,,
8544,11018,198,4498,,,,,,,,2,,7.81,,,,,149,True,Sprints,568,950,1043.0,M,False,2,2024-02-16,2024-02-16,False,,,,,,
8545,11019,198,4498,,,,,,,,4,,24.83,,,,,149,True,Sprints,627,1007,1130.5,M,False,2,2024-02-16,2024-02-16,False,85.24,,602.32,,457,
8550,11024,198,4503,,,,,,,,6,,53.93,,,,,149,True,Sprints,697,1086,1240.0,M,False,2,2024-02-16,2024-02-16,False,78.4,,682.82,,543,
8560,11034,203,4413,,,,,,,,2,,7.29,,,,,149,True,Sprints,793,1117,1351.5,M,False,2,2024-02-16,2024-02-16,False,,,,,,
8561,11035,203,4415,,,,,,,,4,,25.51,,,,,149,True,Sprints,553,947,1026.5,M,False,2,2024-02-16,2024-02-16,False,82.41,,553.43,,400,
8562,11036,203,4415,,,,,,,,6,,56.78,,,,,149,True,Sprints,556,982,1047.0,M,False,2,2024-02-16,2024-02-16,False,73.63,,596.4,,445,
8565,11039,203,4419,,,,,,,,4,,24.07,,,,,149,True,Sprints,716,1076,1254.0,M,False,2,2024-02-16,2024-02-16,False,88.62,,660.24,,525,
8570,11044,203,4509,,,,,,,,6,,51.31,,,,,149,True,Sprints,841,1187,1434.5,M,False,2,2024-02-16,2024-02-16,False,83.34,,770.74,,642,
8571,11045,203,4423,,,,,,,,6,,54.86,,,,,149,True,Sprints,649,1052,1175.0,M,False,2,2024-02-16,2024-02-16,False,76.78,,653.63,,510,
8572,11046,203,4424,,,,,,,,2,,7.93,,,,,149,True,Sprints,522,914,979.0,M,False,2,2024-02-16,2024-02-16,False,,,,,,
8573,11047,203,4424,,,,,,,,4,,25.53,,,,,149,True,Sprints,551,946,1024.0,M,False,2,2024-02-16,2024-02-16,False,82.33,,552.03,,398,
8575,11049,203,4426,,,,,,,,2,,7.43,,,,,149,True,Sprints,729,1071,1264.5,M,False,2,2024-02-16,2024-02-16,False,,,,,,
8577,11051,203,4427,,,,,,,,2,,8.12,,,,,149,True,Sprints,453,857,881.5,M,False,2,2024-02-16,2024-02-16,False,,,,,,
8579,11053,203,4510,,,,,,,,2,,7.50,,,,,149,True,Sprints,698,1048,1222.0,M,False,2,2024-02-16,2024-02-16,False,,,,,,
8580,11054,203,4510,,,,,,,,4,,24.65,,,,,149,True,Sprints,648,1023,1159.5,M,False,2,2024-02-16,2024-02-16,False,86.01,,615.72,,473,
8598,11073,107,3715,,,,,,,,2,Prelims,7.41,,,,,150,True,Sprints,738,1078,1277.0,M,False,2,2024-02-16,2024-02-16,False,,,,,,
8599,11074,107,3622,,,,,,,,2,Prelims,7.35,,,,,150,True,Sprints,765,1097,1313.5,M,False,2,2024-02-16,2024-02-16,False,,,,,,
8600,11075,107,3622,,,,,,,,4,,23.05,,,,,150,True,Sprints,843,1171,1428.5,M,False,2,2024-02-16,2024-02-16,False,93.57,,743.98,,623,
8601,11076,107,3623,,,,,,,,2,Prelims,7.70,,,,,150,True,Sprints,613,985,1105.5,M,False,2,2024-02-16,2024-02-16,False,,,,,,
8602,11077,107,3623,,,,,,,,6,,54.07,,,,,150,True,Sprints,689,1081,1229.5,M,False,2,2024-02-16,2024-02-16,False,78.15,,678.36,,538,
8604,11079,107,3624,,,,,,,,6,,50.92,,,,,150,True,Sprints,863,1202,1464.0,M,False,2,2024-02-16,2024-02-16,False,84.12,,784.6,,658,
8606,11081,112,3757,,,,,,,,2,,7.52,,,,,150,True,Sprints,689,1042,1210.0,M,False,2,2024-02-16,2024-02-16,False,,,,,,
8613,11088,112,3879,,,,,,,,2,Prelims,7.24,,,,,150,True,Sprints,816,1134,1383.0,M,False,2,2024-02-16,2024-02-16,False,,,,,,
8614,11089,112,3879,,,,,,,,4,,24.02,,,,,150,True,Sprints,722,1080,1262.0,M,False,2,2024-02-16,2024-02-16,False,88.85,,664.18,,530,
8616,11091,112,4513,,,,,,,,2,Prelims,7.56,,,,,150,True,Sprints,672,1029,1186.5,M,False,2,2024-02-16,2024-02-16,False,,,,,,
8617,11092,112,4514,,,,,,,,4,,23.74,,,,,150,True,Sprints,756,1106,1309.0,M,False,2,2024-02-16,2024-02-16,False,90.17,,686.55,,556,
8618,11093,112,417,,3333.0,,435.0,,4515.0,,24,,3:48.92,,,,,150,True,Relays,603,1008,1107.0,M,False,2,2024-02-16,2024-02-16,False,80.22,,1036.31,,455,
8620,11095,112,3762,,,,,,,,6,,51.73,,,,,150,True,Sprints,817,1170,1402.0,M,False,2,2024-02-16,2024-02-16,False,82.51,,756.05,,626,
8628,11103,112,3763,,,,,,,,2,,7.46,,,,,150,True,Sprints,715,1061,1245.5,M,False,2,2024-02-16,2024-02-16,False,,,,,,
8631,11106,112,3764,,,,,,,,2,,7.25,,,,,150,True,Sprints,811,1131,1376.5,M,False,2,2024-02-16,2024-02-16,False,,,,,,
8632,11107,112,3764,,,,,,,,4,,23.56,,,,,150,True,Sprints,778,1123,1339.5,M,False,2,2024-02-16,2024-02-16,False,91.03,,701.2,,573,
8633,11108,127,4516,,,,,,,,2,,7.36,,,,,150,True,Sprints,760,1094,1307.0,M,False,2,2024-02-16,2024-02-16,False,,,,,,
8634,11109,127,4516,,,,,,,,4,,23.55,,,,,150,True,Sprints,779,1124,1341.0,M,False,2,2024-02-16,2024-02-16,False,91.08,,702.02,,574,
8635,11110,127,4516,,,,,,,,6,,52.81,,,,,150,True,Sprints,757,1129,1321.5,M,False,2,2024-02-16,2024-02-16,False,80.44,,719.34,,584,
8636,11111,127,3630,,,,,,,,2,,7.36,,,,,150,True,Sprints,760,1094,1307.0,M,False,2,2024-02-16,2024-02-16,False,,,,,,
8637,11112,127,3630,,,,,,,,4,,23.27,,,,,150,True,Sprints,815,1150,1390.0,M,False,2,2024-02-16,2024-02-16,False,92.46,,725.3,,601,
8640,11115,127,4518,,,,,,,,2,,7.83,,,,,150,True,Sprints,561,944,1033.0,M,False,2,2024-02-16,2024-02-16,False,,,,,,
8643,11118,127,4519,,,,,,,,2,,7.77,,,,,150,True,Sprints,584,963,1065.5,M,False,2,2024-02-16,2024-02-16,False,,,,,,
8646,11121,127,4516,,3777.0,,3627.0,,11.0,,24,,3:41.61,,,,,150,True,Relays,685,1067,1218.5,M,False,2,2024-02-16,2024-02-16,False,83.28,,1097.39,,512,
8647,11122,146,3690,,,,,,,,4,,23.14,,,,,151,True,Sprints,832,1163,1413.5,M,False,2,2024-02-16,2024-02-16,False,93.12,,736.29,,614,
8655,11131,124,3843,,,,,,,,2,,7.19,,,,,152,True,Sprints,840,1151,1415.5,M,False,2,2024-02-16,2024-02-16,False,,,,,,
8656,11132,124,3843,,,,,,,,4,,22.76,,,,,152,True,Sprints,882,1199,1481.5,M,False,2,2024-02-16,2024-02-16,False,95.08,,769.16,,653,
8658,11134,124,3846,,,,,,,,4,,22.47,,,,,152,True,Sprints,921,1228,1535.0,M,False,2,2024-02-16,2024-02-16,False,96.63,,794.98,,683,
8678,11154,59,4077,,,,,,,,4,,26.15,,,,,153,True,Sprints,488,893,934.5,M,False,2,2024-02-16,2024-02-16,False,79.91,,509.73,,349,
8679,11155,59,4077,,,,,,,,6,,59.54,,,,,153,True,Sprints,434,886,877.0,M,False,2,2024-02-16,2024-02-16,False,69.51,,520.59,,359,
8684,11160,59,3896,,,,,,,,2,,7.34,,,,,153,True,Sprints,769,1101,1319.5,M,False,2,2024-02-16,2024-02-16,False,,,,,,
8685,11161,59,3899,,,,,,,,2,,7.51,,,,,153,True,Sprints,693,1045,1215.5,M,False,2,2024-02-16,2024-02-16,False,,,,,,
8686,11162,59,3899,,,,,,,,4,,24.02,,,,,153,True,Sprints,722,1080,1262.0,M,False,2,2024-02-16,2024-02-16,False,88.85,,664.18,,530,
8690,11166,59,3902,,,,,,,,2,,7.66,,,,,153,True,Sprints,629,997,1127.5,M,False,2,2024-02-16,2024-02-16,False,,,,,,
8691,11167,59,3902,,,,,,,,4,,24.41,,,,,153,True,Sprints,675,1045,1197.5,M,False,2,2024-02-16,2024-02-16,False,87.07,,633.89,,494,
8692,11168,59,3902,,,,,,,,6,,53.66,,,,,153,True,Sprints,711,1096,1259.0,M,False,2,2024-02-16,2024-02-16,False,78.88,,691.49,,552,
8693,11169,59,1622,,,,,,,,2,,7.34,,,,,153,True,Sprints,769,1101,1319.5,M,False,2,2024-02-16,2024-02-16,False,,,,,,
8696,11172,59,3907,,,,,,,,2,,7.69,,,,,153,True,Sprints,617,988,1111.0,M,False,2,2024-02-16,2024-02-16,False,,,,,,
8697,11173,59,3907,,,,,,,,6,,54.04,,,,,153,True,Sprints,691,1082,1232.0,M,False,2,2024-02-16,2024-02-16,False,78.21,,679.32,,539,
8698,11174,59,4521,,,,,,,,2,,7.39,,,,,153,True,Sprints,747,1084,1289.0,M,False,2,2024-02-16,2024-02-16,False,,,,,,
8699,11175,59,3908,,,,,,,,2,,7.46,,,,,153,True,Sprints,715,1061,1245.5,M,False,2,2024-02-16,2024-02-16,False,,,,,,
8701,11177,59,3909,,,,,,,,4,,25.50,,,,,153,True,Sprints,554,948,1028.0,M,False,2,2024-02-16,2024-02-16,False,82.45,,554.13,,401,
8702,11178,59,3909,,,,,,,,6,,56.26,,,,,153,True,Sprints,580,1001,1080.5,M,False,2,2024-02-16,2024-02-16,False,74.46,,611.51,,462,
8703,11179,59,1624,,,,,,,,6,,54.55,,,,,153,True,Sprints,665,1063,1196.5,M,False,2,2024-02-16,2024-02-16,False,77.31,,663.25,,520,
8704,11180,59,4522,,,,,,,,2,,7.30,,,,,153,True,Sprints,788,1114,1345.0,M,False,2,2024-02-16,2024-02-16,False,,,,,,
8705,11181,59,4522,,,,,,,,4,,24.43,,,,,153,True,Sprints,673,1043,1194.5,M,False,2,2024-02-16,2024-02-16,False,86.99,,632.36,,492,
8708,11184,59,4083,,,,,,,,2,,7.34,,,,,153,True,Sprints,769,1101,1319.5,M,False,2,2024-02-16,2024-02-16,False,,,,,,
8709,11185,59,3912,,,,,,,,4,,23.92,,,,,153,True,Sprints,734,1089,1278.5,M,False,2,2024-02-16,2024-02-16,False,89.32,,672.11,,539,
8712,11188,59,3912,,3896.0,,1624.0,,3907.0,,24,,3:32.78,,,,,153,True,Relays,791,1140,1361.0,M,False,2,2024-02-16,2024-02-16,False,87.3,,1176.78,,587,
8713,11189,59,3904,,1652.0,,3919.0,,3902.0,,24,,3:48.93,,,,,153,True,Relays,603,1008,1107.0,M,False,2,2024-02-16,2024-02-16,False,80.22,,1036.23,,455,
8714,11190,59,2787,,1639.0,,4523.0,,4524.0,,24,,3:54.73,,,,,153,True,Relays,541,963,1022.5,M,False,2,2024-02-16,2024-02-16,False,77.94,,990.47,,412,
8715,11191,59,4525,,,,,,,,4,,33.03,,,,,153,True,Sprints,44,410,249.0,M,False,2,2024-02-16,2024-02-16,False,59.94,,146.94,,0,
8716,11192,59,4525,,,,,,,,6,,1:00.19,,,,,153,True,Sprints,408,865,840.5,M,False,2,2024-02-16,2024-02-16,False,68.6,,503.74,,340,
8718,11194,59,3919,,,,,,,,4,,25.36,,,,,153,True,Sprints,569,960,1049.0,M,False,2,2024-02-16,2024-02-16,False,83.02,,563.99,,412,
8719,11195,59,3919,,,,,,,,6,,56.36,,,,,153,True,Sprints,575,997,1073.5,M,False,2,2024-02-16,2024-02-16,False,74.3,,608.58,,458,
8770,11246,121,2807,,,,,,,,4,,26.91,,,,,157,True,Sprints,415,830,830.0,M,False,2,2024-02-17,2024-02-17,False,77.11,,460.54,,291,
8771,11247,121,2807,,,,,,,,6,,1:00.45,,,,,157,True,Sprints,397,856,825.0,M,False,2,2024-02-17,2024-02-17,False,68.25,,497.11,,332,
8777,11254,121,3964,,2804.0,,2805.0,,2801.0,,24,,4:07.11,,,,,157,True,Relays,421,869,855.5,M,False,2,2024-02-17,2024-02-17,False,73.48,,900.0,,327,
8785,11264,116,4531,,,,,,,,2,,8.47,,,,,157,True,Sprints,338,758,717.0,M,False,2,2024-02-17,2024-02-17,False,,,,,,
8786,11265,116,4531,,,,,,,,4,,28.26,,,,,157,True,Sprints,301,725,663.5,M,False,2,2024-02-17,2024-02-17,False,72.58,,379.69,,197,
8787,11266,116,2059,,,,,,,,6,,59.42,,,,,157,True,Sprints,439,890,884.0,M,False,2,2024-02-17,2024-02-17,False,69.68,,523.74,,362,
8789,11268,116,3942,,,,,,,,7,,1:14.71,,,,,157,True,Sprints,552,984,1044.0,M,False,2,2024-02-17,2024-02-17,False,,,,,,
8792,11271,116,350,,,,,,,,7,,1:23.66,,,,,157,True,Sprints,281,765,663.5,M,False,2,2024-02-17,2024-02-17,False,,,,,,
8798,11277,116,462,,,,,,,,6,,1:01.59,,,,,157,True,Sprints,354,818,763.0,M,False,2,2024-02-17,2024-02-17,False,66.72,,468.68,,300,
8800,11279,116,3944,,,,,,,,2,,7.10,,,,,157,True,Sprints,884,1182,1475.0,M,False,2,2024-02-17,2024-02-17,False,,,,,,
8801,11280,116,3944,,,,,,,,4,,23.92,,,,,157,True,Sprints,734,1089,1278.5,M,False,2,2024-02-17,2024-02-17,False,89.32,,672.11,,539,
8802,11281,116,3945,,,,,,,,2,,7.79,,,,,157,True,Sprints,576,957,1054.5,M,False,2,2024-02-17,2024-02-17,False,,,,,,
8803,11282,116,4533,,,,,,,,2,,7.20,,,,,157,True,Sprints,835,1147,1408.5,M,False,2,2024-02-17,2024-02-17,False,,,,,,
8808,11287,116,458,,,,,,,,6,,57.44,,,,,157,True,Sprints,525,959,1004.5,M,False,2,2024-02-17,2024-02-17,False,72.6,,577.61,,423,
8812,11291,116,3946,,,,,,,,2,,7.54,,,,,157,True,Sprints,680,1035,1197.5,M,False,2,2024-02-17,2024-02-17,False,,,,,,
8813,11292,116,3946,,,,,,,,4,,23.75,,,,,157,True,Sprints,755,1105,1307.5,M,False,2,2024-02-17,2024-02-17,False,90.12,,685.74,,555,
8814,11293,116,4537,,,,,,,,4,,25.07,,,,,157,True,Sprints,601,986,1094.0,M,False,2,2024-02-17,2024-02-17,False,84.22,,584.76,,437,
8817,11296,116,3949,,,,,,,,2,,7.81,,,,,157,True,Sprints,568,950,1043.0,M,False,2,2024-02-17,2024-02-17,False,,,,,,
8818,11297,116,3949,,,,,,,,4,,25.40,,,,,157,True,Sprints,565,957,1043.5,M,False,2,2024-02-17,2024-02-17,False,82.85,,561.16,,409,
8819,11298,116,3949,,,,,,,,6,,57.54,,,,,157,True,Sprints,521,955,998.5,M,False,2,2024-02-17,2024-02-17,False,72.45,,574.8,,420,
8822,11301,116,3951,,,,,,,,2,,6.88,,,,,157,True,Sprints,995,1258,1624.0,M,False,2,2024-02-17,2024-02-17,False,,,,,,
8823,11302,116,4538,,,,,,,,4,,26.48,,,,,157,True,Sprints,455,866,888.0,M,False,2,2024-02-17,2024-02-17,False,78.67,,488.03,,324,
8998,11534,202,4592,,,,,,,,8,,1:38.26,,,,,160,True,Sprints,417,901,867.5,M,False,2,2024-02-17,2024-02-17,False,,,,,,
8999,11535,202,3508,,,,,,,,6,,52.97,,,,,160,True,Sprints,748,1123,1309.5,M,False,2,2024-02-17,2024-02-17,False,80.14,,714.03,,578,
9000,11536,202,3518,,2918.0,,3508.0,,3509.0,,24,,3:37.02,,,,,160,True,Relays,739,1104,1291.0,M,False,2,2024-02-17,2024-02-17,False,85.33,,1137.85,,550,
9001,11537,202,3512,,3515.0,,2916.0,,3507.0,,24,,3:39.42,,,,,160,True,Relays,710,1085,1252.5,M,False,2,2024-02-17,2024-02-17,False,84.24,,1116.49,,530,
9004,11540,202,3513,,,,,,,,2,,7.34,,,,,160,True,Sprints,769,1101,1319.5,M,False,2,2024-02-17,2024-02-17,False,,,,,,
9009,11545,202,3510,,,,,,,,4,,24.88,,,,,160,True,Sprints,622,1002,1123.0,M,False,2,2024-02-17,2024-02-17,False,85.02,,598.64,,453,
9010,11546,202,4593,,,,,,,,2,,8.14,,,,,160,True,Sprints,446,852,872.0,M,False,2,2024-02-17,2024-02-17,False,,,,,,
9011,11547,202,3509,,,,,,,,6,,54.73,,,,,160,True,Sprints,656,1057,1184.5,M,False,2,2024-02-17,2024-02-17,False,77.0,,657.65,,514,
9012,11548,202,3517,,,,,,,,2,,7.61,,,,,160,True,Sprints,650,1013,1156.5,M,False,2,2024-02-17,2024-02-17,False,,,,,,
9013,11549,202,3518,,,,,,,,4,,23.75,,,,,160,True,Sprints,755,1105,1307.5,M,False,2,2024-02-17,2024-02-17,False,90.12,,685.74,,555,
9014,11550,202,4594,,,,,,,,8,,1:32.00,,,,,160,True,Sprints,592,1028,1106.0,M,False,2,2024-02-17,2024-02-17,False,,,,,,
9019,11555,202,3520,,,,,,,,4,,28.32,,,,,160,True,Sprints,296,721,656.5,M,False,2,2024-02-17,2024-02-17,False,72.39,,376.27,,193,
9021,11557,202,4597,,,,,,,,8,,1:30.26,,,,,160,True,Sprints,646,1064,1178.0,M,False,2,2024-02-17,2024-02-17,False,,,,,,
9063,11601,56,4107,,,,,,,,6,,1:01.19,,,,,161,True,Sprints,369,831,784.5,M,False,2,2024-02-17,2024-02-17,False,67.25,,478.53,,311,
9070,11608,56,4460,,,,,,,,6,,54.40,,,,,161,True,Sprints,672,1069,1206.5,M,False,2,2024-02-17,2024-02-17,False,77.57,,667.95,,526,
9072,11610,56,3808,,,,,,,,2,Prelims,7.40,,,,,161,True,Sprints,742,1081,1282.5,M,False,2,2024-02-17,2024-02-17,False,,,,,,
9073,11611,56,3808,,,,,,,,4,,24.02,,,,,161,True,Sprints,722,1080,1262.0,M,False,2,2024-02-17,2024-02-17,False,88.85,,664.18,,530,
9079,11617,56,3578,,,,,,,,6,,49.48,,,,,161,True,Sprints,949,1259,1578.5,M,False,2,2024-02-17,2024-02-17,False,87.15,,837.68,,718,
9085,11623,49,3778,,,,,,,,2,Prelims,7.52,,,,,161,True,Sprints,689,1042,1210.0,M,False,2,2024-02-17,2024-02-17,False,,,,,,
9086,11624,49,3778,,,,,,,,6,,54.14,,,,,161,True,Sprints,686,1078,1225.0,M,False,2,2024-02-17,2024-02-17,False,78.03,,676.14,,535,
9088,11626,49,3779,,,,,,,,2,Prelims,7.28,,,,,161,True,Sprints,797,1121,1357.5,M,False,2,2024-02-17,2024-02-17,False,,,,,,
9089,11627,49,3779,,,,,,,,2,Finals,7.20,,,,,161,True,Sprints,835,1147,1408.5,M,False,2,2024-02-17,2024-02-17,False,,,,,,
9090,11628,49,3779,,,,,,,,4,,23.71,,,,,161,True,Sprints,760,1109,1314.5,M,False,2,2024-02-17,2024-02-17,False,90.31,,688.97,,559,
9093,11631,49,3781,,,,,,,,4,,25.74,,,,,161,True,Sprints,529,928,993.0,M,False,2,2024-02-17,2024-02-17,False,81.49,,537.47,,381,
9095,11633,49,3783,,,,,,,,6,,54.57,,,,,161,True,Sprints,664,1062,1195.0,M,False,2,2024-02-17,2024-02-17,False,77.28,,662.63,,520,
9098,11635,49,3782,,3781.0,,2260.0,,48.0,,24,,3:44.58,,,,,161,True,Relays,651,1043,1172.5,M,False,2,2024-02-17,2024-02-17,False,82.01,,1072.1,,489,
9099,11636,49,3785,,,,,,,,2,,7.45,,,,,161,True,Sprints,720,1065,1252.5,M,False,2,2024-02-17,2024-02-17,False,,,,,,
9100,11637,49,3785,,,,,,,,4,,24.40,,,,,161,True,Sprints,677,1046,1200.0,M,False,2,2024-02-17,2024-02-17,False,87.12,,634.65,,495,
9102,11639,49,3784,,,,,,,,2,Prelims,7.46,,,,,161,True,Sprints,715,1061,1245.5,M,False,2,2024-02-17,2024-02-17,False,,,,,,
9103,11640,49,3784,,,,,,,,4,,24.29,,,,,161,True,Sprints,689,1056,1217.0,M,False,2,2024-02-17,2024-02-17,False,87.61,,643.1,,505,
9105,11642,1,3522,,,,,,,,6,,54.42,,,,,161,True,Sprints,671,1068,1205.0,M,False,2,2024-02-17,2024-02-17,False,77.54,,667.32,,525,
9110,11647,1,50,,,,,,,,4,,28.14,,,,,161,True,Sprints,310,734,677.0,M,False,2,2024-02-17,2024-02-17,False,72.96,,386.56,,205,
9111,11648,1,50,,,,,,,,6,,1:04.97,,,,,161,True,Sprints,239,712,595.0,M,False,2,2024-02-17,2024-02-17,False,62.57,,390.24,,211,
9112,11649,1,4604,,,,,,,,4,,27.53,,,,,161,True,Sprints,360,781,750.5,M,False,2,2024-02-17,2024-02-17,False,74.97,,422.42,,247,
9113,11650,1,4604,,,,,,,,6,,1:04.38,,,,,161,True,Sprints,257,730,622.0,M,False,2,2024-02-17,2024-02-17,False,63.26,,403.34,,226,
9114,11651,1,44,,,,,,,,4,,26.71,,,,,161,True,Sprints,434,847,857.5,M,False,2,2024-02-17,2024-02-17,False,77.83,,473.21,,306,
9115,11652,1,3522,,4605.0,,150.0,,4606.0,,24,,3:50.18,,,,,161,True,Relays,589,998,1088.0,M,False,2,2024-02-17,2024-02-17,False,79.71,,1026.17,,446,
9117,11655,1,4605,,,,,,,,4,,25.45,,,,,161,True,Sprints,559,953,1035.5,M,False,2,2024-02-17,2024-02-17,False,82.65,,557.64,,405,
9120,11653,1,44,,4607.0,,4604.0,,37.0,,24,,4:08.37,,,,,161,True,Relays,410,860,840.0,M,False,2,2024-02-17,2024-02-17,False,73.05,,891.29,,319,
9169,11709,61,4036,,,,,,,,4,,25.60,,,,,162,True,Sprints,544,940,1014.0,M,False,2,2024-02-17,2024-02-17,False,82.05,,547.15,,393,
9170,11710,61,4036,,,,,,,,6,,55.86,,,,,162,True,Sprints,599,1015,1106.5,M,False,2,2024-02-17,2024-02-17,False,75.11,,623.33,,475,
9175,11715,61,2273,,,,,,,,6,,55.45,,,,,162,True,Sprints,620,1030,1135.0,M,False,2,2024-02-17,2024-02-17,False,75.79,,635.62,,489,
9188,11728,61,4619,,,,,,,,2,,7.40,,,,,162,True,Sprints,742,1081,1282.5,M,False,2,2024-02-17,2024-02-17,False,,,,,,
9194,11734,61,4621,,,,,,,,2,,7.19,,,,,162,True,Sprints,840,1151,1415.5,M,False,2,2024-02-17,2024-02-17,False,,,,,,
9195,11735,61,4621,,,,,,,,4,,23.41,,,,,162,True,Sprints,797,1137,1365.5,M,False,2,2024-02-17,2024-02-17,False,91.77,,713.59,,587,
9196,11736,61,4622,,,,,,,,2,,7.50,,,,,162,True,Sprints,698,1048,1222.0,M,False,2,2024-02-17,2024-02-17,False,,,,,,
9197,11737,61,4622,,,,,,,,4,,24.11,,,,,162,True,Sprints,711,1072,1247.0,M,False,2,2024-02-17,2024-02-17,False,88.43,,657.1,,521,
9198,11738,61,4042,,,,,,,,4,,24.04,,,,,162,True,Sprints,719,1078,1258.0,M,False,2,2024-02-17,2024-02-17,False,88.76,,662.6,,528,
9199,11739,61,4042,,,,,,,,6,,52.41,,,,,162,True,Sprints,779,1144,1351.0,M,False,2,2024-02-17,2024-02-17,False,81.19,,732.76,,599,
9202,11740,61,4623,,,,,,,,2,,7.07,,,,,162,True,Sprints,898,1192,1494.0,M,False,2,2024-02-17,2024-02-17,False,,,,,,
9203,11741,61,4623,,,,,,,,4,,23.11,,,,,162,True,Sprints,836,1166,1419.0,M,False,2,2024-02-17,2024-02-17,False,93.27,,738.85,,617,
9204,11742,61,4623,,,,,,,,6,,50.51,,,,,162,True,Sprints,887,1218,1496.0,M,False,2,2024-02-17,2024-02-17,False,84.96,,799.41,,675,
9205,11743,61,4624,,,,,,,,2,,7.59,,,,,162,True,Sprints,659,1019,1168.5,M,False,2,2024-02-17,2024-02-17,False,,,,,,
9209,11747,61,4625,,,,,,,,6,,57.19,,,,,162,True,Sprints,537,968,1021.0,M,False,2,2024-02-17,2024-02-17,False,72.99,,584.67,,431,
9210,11748,61,4045,,,,,,,,2,,8.93,,,,,162,True,Sprints,212,637,530.5,M,False,2,2024-02-17,2024-02-17,False,,,,,,
9218,11756,61,4626,,,,,,,,2,,7.53,,,,,162,True,Sprints,685,1039,1204.5,M,False,2,2024-02-17,2024-02-17,False,,,,,,
9219,11757,61,4626,,,,,,,,4,,24.90,,,,,162,True,Sprints,619,1001,1119.5,M,False,2,2024-02-17,2024-02-17,False,84.94,,597.17,,451,
9224,11762,61,2272,,,,,,,,2,,8.76,,,,,162,True,Sprints,255,681,595.5,M,False,2,2024-02-17,2024-02-17,False,,,,,,
9228,11766,61,2289,,,,,,,,2,,7.47,,,,,162,True,Sprints,711,1058,1240.0,M,False,2,2024-02-17,2024-02-17,False,,,,,,
9229,11767,61,2289,,,,,,,,4,,24.25,,,,,162,True,Sprints,694,1059,1223.5,M,False,2,2024-02-17,2024-02-17,False,87.79,,646.2,,509,
9232,11770,61,2273,,4046.0,,1660.0,,1658.0,,24,,3:40.29,,,,,162,True,Relays,700,1077,1238.5,M,False,2,2024-02-17,2024-02-17,False,83.86,,1108.86,,523,
9233,11771,61,4045,,2269.0,,4629.0,,4624.0,,24,,4:01.03,,,,,162,True,Relays,478,914,935.0,M,False,2,2024-02-17,2024-02-17,False,75.61,,943.27,,368,
9234,11772,61,4050,,,,,,,,6,,1:00.08,,,,,162,True,Sprints,412,868,846.0,M,False,2,2024-02-17,2024-02-17,False,68.76,,506.57,,343,
9277,11817,147,3646,,,,,,,,2,,7.74,,,,,165,True,Sprints,596,972,1082.0,M,False,2,2024-02-18,2024-02-18,False,,,,,,
9278,11818,147,4642,,,,,,,,6,,54.97,,,,,165,True,Sprints,643,1048,1167.0,M,False,2,2024-02-18,2024-02-18,False,76.59,,650.25,,506,
9279,11819,147,4642,,,,,,,,4,,25.89,,,,,165,True,Sprints,514,915,971.5,M,False,2,2024-02-18,2024-02-18,False,80.91,,527.22,,369,
9280,11820,147,1700,,,,,,,,6,,1:01.43,,,,,165,True,Sprints,360,824,772.0,M,False,2,2024-02-18,2024-02-18,False,66.93,,472.6,,304,
9299,11839,174,4647,,,,,,,,2,,7.91,,,,,166,True,Sprints,530,920,990.0,M,False,2,2024-02-18,2024-02-18,False,,,,,,
9303,11843,174,3580,,,,,,,,2,,8.00,,,,,166,True,Sprints,496,893,942.5,M,False,2,2024-02-18,2024-02-18,False,,,,,,
9304,11844,174,3580,,,,,,,,4,,26.56,,,,,166,True,Sprints,448,859,877.5,M,False,2,2024-02-18,2024-02-18,False,78.38,,482.84,,317,
9306,11846,188,4649,,,,,,,,4,,25.47,,,,,166,True,Sprints,557,951,1032.5,M,False,2,2024-02-18,2024-02-18,False,82.57,,556.23,,403,
9311,11850,205,3554,,,,,,,,2,,7.21,,,,,166,True,Sprints,830,1144,1402.0,M,False,2,2024-02-18,2024-02-18,False,,,,,,
9312,11851,205,3554,,,,,,,,4,,23.23,,,,,166,True,Sprints,820,1154,1397.0,M,False,2,2024-02-18,2024-02-18,False,92.66,,728.67,,605,
9317,11856,205,3559,,,,,,,,6,,1:02.78,,,,,166,True,Sprints,311,780,701.0,M,False,2,2024-02-18,2024-02-18,False,65.2,,440.1,,267,
9318,11857,205,3559,,,,,,,,4,,27.50,,,,,166,True,Sprints,363,784,755.0,M,False,2,2024-02-18,2024-02-18,False,75.07,,424.23,,249,
9320,11859,205,4652,,,,,,,,2,,7.36,,,,,166,True,Sprints,760,1094,1307.0,M,False,2,2024-02-18,2024-02-18,False,,,,,,
9321,11860,205,4652,,,,,,,,4,,24.48,,,,,166,True,Sprints,667,1038,1186.0,M,False,2,2024-02-18,2024-02-18,False,86.76,,628.55,,488,
9322,11861,205,4487,,,,,,,,2,,8.09,,,,,166,True,Sprints,463,866,896.0,M,False,2,2024-02-18,2024-02-18,False,,,,,,
9323,11862,205,3561,,,,,,,,4,,24.11,,,,,166,True,Sprints,711,1072,1247.0,M,False,2,2024-02-18,2024-02-18,False,88.43,,657.1,,521,
9501,12047,130,4309,,,,,,,,3,,12.80,,,,,168,True,Sprints,432,837,850.5,M,False,2,2024-02-24,2024-02-24,False,81.27,,501.78,,293,
9502,12048,130,4309,,,,,,,,4,,26.98,,,,,168,True,Sprints,409,825,821.5,M,False,2,2024-02-24,2024-02-24,False,76.87,,456.15,,286,
9520,12064,130,4310,,,,,,,,3,,12.35,,,,,168,True,Sprints,530,921,990.5,M,False,2,2024-02-24,2024-02-24,False,85.01,,568.3,,378,
9521,12065,130,4310,,,,,,,,6,,57.89,,,,,168,True,Sprints,505,943,976.5,M,False,2,2024-02-24,2024-02-24,False,71.92,,565.04,,409,
9530,12075,158,4333,,,,,,,,4,,23.88,,,,,168,True,Sprints,739,1093,1285.5,M,False,2,2024-02-24,2024-02-24,False,89.5,,675.3,,543,
9531,12076,158,2896,,,,,,,,3,,10.94,,,,,168,True,Sprints,901,1211,1506.5,M,False,2,2024-02-24,2024-02-24,False,99.12,,812.18,,692,
9533,12078,158,3677,,,,,,,,6,,52.45,,,,,168,True,Sprints,776,1142,1347.0,M,False,2,2024-02-24,2024-02-24,False,81.12,,731.41,,598,
9536,12081,158,2466,,,,,,,,3,,12.03,,,,,168,True,Sprints,605,984,1097.0,M,False,2,2024-02-24,2024-02-24,False,87.87,,618.64,,443,
9537,12082,158,2466,,,,,,,,4,,25.84,,,,,168,True,Sprints,519,919,978.5,M,False,2,2024-02-24,2024-02-24,False,81.1,,530.63,,373,
9543,12088,158,4691,,,,,,,,3,,12.39,,,,,168,True,Sprints,521,914,978.0,M,False,2,2024-02-24,2024-02-24,False,84.67,,562.19,,370,
9544,12089,158,2487,,,,,,,,3,,13.22,,,,,168,True,Sprints,350,762,731.0,M,False,2,2024-02-24,2024-02-24,False,78.05,,443.78,,218,
9545,12090,158,2487,,,,,,,,4,,30.21,,,,,168,True,Sprints,168,585,460.5,M,False,2,2024-02-24,2024-02-24,False,66.86,,275.65,,75,
9547,12092,158,3679,,,,,,,,6,,53.91,,,,,168,True,Sprints,698,1087,1241.5,M,False,2,2024-02-24,2024-02-24,False,78.44,,683.46,,543,
9548,12093,158,3679,,,,,,,,4,,24.17,,,,,168,True,Sprints,704,1066,1237.0,M,False,2,2024-02-24,2024-02-24,False,88.16,,652.41,,516,
9549,12094,158,3680,,,,,,,,3,,10.70,,,,,168,True,Sprints,974,1264,1606.0,M,False,2,2024-02-24,2024-02-24,False,101.97,,860.09,,754,
9550,12095,158,3680,,,,,,,,4,,24.54,,,,,168,True,Sprints,660,1033,1176.5,M,False,2,2024-02-24,2024-02-24,False,86.5,,624.0,,483,
9553,12098,158,3681,,,,,,,,4,,26.48,,,,,168,True,Sprints,455,866,888.0,M,False,2,2024-02-24,2024-02-24,False,78.67,,488.03,,324,
9554,12099,158,3682,,,,,,,,3,,11.50,,,,,168,True,Sprints,742,1091,1287.5,M,False,2,2024-02-24,2024-02-24,False,93.03,,708.16,,558,
9561,12107,158,2897,,,,,,,,4,,25.10,,,,,168,True,Sprints,597,983,1088.5,M,False,2,2024-02-24,2024-02-24,False,84.09,,582.59,,434,
9562,12108,158,3170,,,,,,,,6,,54.33,,,,,168,True,Sprints,676,1071,1211.5,M,False,2,2024-02-24,2024-02-24,False,77.7,,670.15,,528,
9568,12114,158,4337,,,,,,,,4,,25.45,,,,,168,True,Sprints,559,953,1035.5,M,False,2,2024-02-24,2024-02-24,False,82.65,,557.64,,405,
9582,12128,137,4701,,,,,,,,6,,55.17,,,,,168,True,Sprints,633,1040,1153.0,M,False,2,2024-02-24,2024-02-24,False,76.26,,644.12,,499,
9584,12130,137,4702,,,,,,,,4,,32.74,,,,,168,True,Sprints,53,426,266.0,M,False,2,2024-02-24,2024-02-24,False,60.59,,159.15,,0,
9585,12131,137,804,,,,,,,,3,,13.47,,,,,168,True,Sprints,305,720,665.0,M,False,2,2024-02-24,2024-02-24,False,76.24,,410.97,,176,
9586,12132,137,804,,,,,,,,4,,29.01,,,,,168,True,Sprints,245,670,580.0,M,False,2,2024-02-24,2024-02-24,False,70.28,,338.02,,148,
9588,12134,137,799,,,,,,,,6,,1:02.08,,,,,168,True,Sprints,336,803,737.5,M,False,2,2024-02-24,2024-02-24,False,66.09,,456.78,,286,
9589,12135,138,802,,,,,,,,4,,25.38,,,,,168,True,Sprints,567,959,1046.5,M,False,2,2024-02-24,2024-02-24,False,82.94,,562.57,,411,
9592,12139,138,4703,,,,,,,,6,,52.40,,,,,168,True,Sprints,779,1144,1351.0,M,False,2,2024-02-24,2024-02-24,False,81.21,,733.1,,600,
9594,12141,138,3024,,,,,,,,6,,1:10.09,,,,,168,True,Sprints,108,566,391.0,M,False,2,2024-02-24,2024-02-24,False,57.14,,285.83,,92,
9598,12145,139,4705,,,,,,,,6,,56.04,,,,,168,True,Sprints,591,1009,1095.5,M,False,2,2024-02-24,2024-02-24,False,74.82,,617.99,,469,
9605,12152,139,1571,,,,,,,,6,,1:00.48,,,,,168,True,Sprints,396,855,823.5,M,False,2,2024-02-24,2024-02-24,False,68.21,,496.35,,331,
9606,12153,139,4118,,,,,,,,3,,13.75,,,,,168,True,Sprints,258,673,594.5,M,False,2,2024-02-24,2024-02-24,False,74.31,,375.65,,130,
9607,12154,139,1595,,,,,,,,6,,1:02.91,,,,,168,True,Sprints,306,776,694.0,M,False,2,2024-02-24,2024-02-24,False,65.04,,437.04,,264,
9608,12155,139,4346,,,,,,,,3,,11.50,,,,,168,True,Sprints,742,1091,1287.5,M,False,2,2024-02-24,2024-02-24,False,93.03,,708.16,,558,
9609,12156,139,4346,,,,,,,,6,,53.28,,,,,168,True,Sprints,731,1111,1286.5,M,False,2,2024-02-24,2024-02-24,False,79.57,,703.83,,566,
9610,12157,139,4346,,,,,,,,4,,23.83,,,,,168,True,Sprints,745,1098,1294.0,M,False,2,2024-02-24,2024-02-24,False,89.74,,679.3,,547,
9611,12160,139,4348,,,,,,,,6,,57.65,,,,,168,True,Sprints,516,951,991.5,M,False,2,2024-02-24,2024-02-24,False,72.28,,571.72,,417,
9612,12167,139,4354,,,,,,,,6,,1:03.01,,,,,168,True,Sprints,303,773,689.5,M,False,2,2024-02-24,2024-02-24,False,64.92,,434.7,,261,
9614,12166,139,1551,,,,,,,,6,,59.84,,,,,168,True,Sprints,422,876,860.0,M,False,2,2024-02-24,2024-02-24,False,69.09,,512.77,,350,
9617,12158,139,4347,,,,,,,,6,,1:01.88,,,,,168,True,Sprints,343,809,747.5,M,False,2,2024-02-24,2024-02-24,False,66.35,,461.61,,292,
9618,12159,139,4347,,,,,,,,4,,29.46,,,,,168,True,Sprints,214,637,532.5,M,False,2,2024-02-24,2024-02-24,False,68.96,,314.04,,120,
9627,12175,159,789,,,,,,,,6,,57.33,,,,,168,True,Sprints,530,963,1011.5,M,False,2,2024-02-24,2024-02-24,False,72.77,,580.71,,427,
9631,12179,159,714,,,,,,,,6,,1:00.19,,,,,168,True,Sprints,408,865,840.5,M,False,2,2024-02-24,2024-02-24,False,68.6,,503.74,,340,
9635,12185,159,4713,,,,,,,,6,,1:00.60,,,,,168,True,Sprints,392,851,817.5,M,False,2,2024-02-24,2024-02-24,False,68.04,,493.31,,328,
9637,12187,159,4361,,,,,,,,3,,13.88,,,,,168,True,Sprints,238,652,564.0,M,False,2,2024-02-24,2024-02-24,False,73.44,,359.73,,110,
9642,12192,159,2746,,,,,,,,6,,1:01.02,,,,,168,True,Sprints,375,837,793.5,M,False,2,2024-02-24,2024-02-24,False,67.48,,482.76,,316,
9643,12193,159,2746,,,,,,,,4,,26.28,,,,,168,True,Sprints,475,882,916.0,M,False,2,2024-02-24,2024-02-24,False,79.42,,501.12,,339,
9646,12196,159,2168,,,,,,,,6,,55.34,,,,,168,True,Sprints,625,1034,1142.0,M,False,2,2024-02-24,2024-02-24,False,75.97,,638.95,,493,
9647,12197,159,4364,,,,,,,,4,,24.48,,,,,168,True,Sprints,667,1038,1186.0,M,False,2,2024-02-24,2024-02-24,False,86.76,,628.55,,488,
9663,12214,152,2490,,,,,,,,4,,29.98,,,,,168,True,Sprints,182,601,482.5,M,False,2,2024-02-24,2024-02-24,False,67.49,,287.22,,89,
9664,12215,152,2489,,,,,,,,3,,14.44,,,,,168,True,Sprints,160,565,442.5,M,False,2,2024-02-24,2024-02-24,False,69.91,,294.44,,26,
9665,12216,152,2489,,,,,,,,4,,30.83,,,,,168,True,Sprints,134,544,406.0,M,False,2,2024-02-24,2024-02-24,False,65.21,,245.34,,40,
9669,12220,152,4720,,,,,,,,6,,1:23.45,,,,,168,True,Sprints,0,262,131.0,M,False,2,2024-02-24,2024-02-24,False,46.45,,73.73,,0,
9680,12233,160,4722,,,,,,,,6,,58.96,,,,,168,True,Sprints,458,906,911.0,M,False,2,2024-02-24,2024-02-24,False,70.34,,535.93,,376,
9693,12246,164,689,,,,,,,,6,,52.34,,,,,168,True,Sprints,782,1147,1355.5,M,False,2,2024-02-24,2024-02-24,False,81.33,,735.13,,602,
9695,12248,164,4724,,,,,,,,3,,11.66,,,,,168,True,Sprints,699,1058,1228.0,M,False,2,2024-02-24,2024-02-24,False,91.41,,680.28,,522,
9696,12249,164,4724,,,,,,,,4,,25.23,,,,,168,True,Sprints,583,972,1069.0,M,False,2,2024-02-24,2024-02-24,False,83.55,,573.24,,423,
9713,12266,166,3590,,,,,,,,3,,10.76,,,,,168,True,Sprints,955,1251,1580.5,M,False,2,2024-02-24,2024-02-24,False,101.25,,847.91,,738,
9714,12267,166,3590,,,,,,,,4,,23.84,,,,,168,True,Sprints,744,1097,1292.5,M,False,2,2024-02-24,2024-02-24,False,89.69,,678.5,,546,
9717,12270,166,4727,,,,,,,,3,,11.03,,,,,168,True,Sprints,874,1191,1469.5,M,False,2,2024-02-24,2024-02-24,False,98.09,,794.75,,670,
9718,12271,166,4728,,,,,,,,6,,56.65,,,,,168,True,Sprints,562,987,1055.5,M,False,2,2024-02-24,2024-02-24,False,73.84,,600.15,,449,
9736,12286,132,3173,,,,,,,,6,,57.98,,,,,168,True,Sprints,501,940,971.0,M,False,2,2024-02-24,2024-02-24,False,71.78,,562.55,,406,
9737,12287,132,3173,,,,,,,,4,,26.04,,,,,168,True,Sprints,498,902,949.0,M,False,2,2024-02-24,2024-02-24,False,80.33,,517.09,,358,
9743,12294,169,4731,,,,,,,,3,,11.90,,,,,168,True,Sprints,638,1009,1142.5,M,False,2,2024-02-24,2024-02-24,False,89.09,,639.86,,470,
9744,12295,169,4731,,,,,,,,4,,24.83,,,,,168,True,Sprints,627,1007,1130.5,M,False,2,2024-02-24,2024-02-24,False,85.24,,602.32,,457,
9748,12301,169,4444,,,,,,,,3,,11.19,,,,,168,True,Sprints,828,1157,1406.5,M,False,2,2024-02-24,2024-02-24,False,96.31,,764.45,,631,
9749,12302,169,4444,,,,,,,,6,,54.16,,,,,168,True,Sprints,685,1078,1224.0,M,False,2,2024-02-24,2024-02-24,False,77.99,,675.51,,534,
9752,12305,169,4447,,,,,,,,6,,53.57,,,,,168,True,Sprints,716,1100,1266.0,M,False,2,2024-02-24,2024-02-24,False,79.05,,694.39,,556,
9753,12306,169,4447,,,,,,,,4,,23.76,,,,,168,True,Sprints,753,1104,1305.0,M,False,2,2024-02-24,2024-02-24,False,90.07,,684.93,,554,
9756,12309,169,4735,,,,,,,,3,,12.34,,,,,168,True,Sprints,532,923,993.5,M,False,2,2024-02-24,2024-02-24,False,85.1,,569.84,,380,
9757,12310,169,4735,,,,,,,,6,,56.16,,,,,168,True,Sprints,585,1004,1087.0,M,False,2,2024-02-24,2024-02-24,False,74.62,,614.45,,465,
9758,12311,169,4735,,,,,,,,4,,24.70,,,,,168,True,Sprints,642,1019,1151.5,M,False,2,2024-02-24,2024-02-24,False,85.8,,611.98,,469,
9759,12312,169,4736,,,,,,,,3,,12.34,,,,,168,True,Sprints,532,923,993.5,M,False,2,2024-02-24,2024-02-24,False,85.1,,569.84,,380,
9760,12313,169,4736,,,,,,,,4,,27.66,,,,,168,True,Sprints,349,771,734.5,M,False,2,2024-02-24,2024-02-24,False,74.53,,414.65,,238,
9761,12314,169,4451,,,,,,,,6,,53.06,,,,,168,True,Sprints,743,1119,1302.5,M,False,2,2024-02-24,2024-02-24,False,79.98,,711.05,,575,
9762,12315,169,4451,,,,,,,,4,,23.49,,,,,168,True,Sprints,787,1130,1352.0,M,False,2,2024-02-24,2024-02-24,False,91.37,,706.96,,580,
9766,12319,169,4452,,,,,,,,3,,11.38,,,,,168,True,Sprints,775,1116,1333.0,M,False,2,2024-02-24,2024-02-24,False,94.27,,729.59,,586,
9767,12320,169,4452,,,,,,,,6,,52.66,,,,,168,True,Sprints,765,1134,1332.0,M,False,2,2024-02-24,2024-02-24,False,80.72,,724.35,,590,
10109,12678,120,344,,4838.0,,315.0,,338.0,,24,,4:26.91,,,,,169,True,Relays,261,730,626.0,M,False,2,2024-02-24,2024-02-24,False,67.31,,772.74,,208,
10110,12679,120,4011,,324.0,,323.0,,345.0,,24,,4:30.26,,,,,169,True,Relays,237,708,591.0,M,False,2,2024-02-24,2024-02-24,False,66.36,,753.05,,190,
10111,12680,120,315,,4010.0,,324.0,,323.0,,26,,8:55.90,,,,,169,True,Relays,0,0,0.0,M,False,2,2024-02-24,2024-02-24,False,,,,,,
10112,12681,120,344,,337.0,,345.0,,4839.0,,26,,9:45.73,,,,,169,True,Relays,0,0,0.0,M,False,2,2024-02-24,2024-02-24,False,,,,,,
10113,12682,120,344,,324.0,,4838.0,,4010.0,,22,,1:51.22,,,,,169,True,Relays,335,838,754.0,M,False,2,2024-02-24,2024-02-24,False,,,,,,
10114,12683,120,344,,4838.0,,4840.0,,338.0,,29,,4:26.09,,,,,169,True,Relays,0,0,0.0,M,False,2,2024-02-24,2024-02-24,False,,,,,,
10125,12693,120,327,,,,,,,,2,,8.45,,,,,169,True,Sprints,344,764,726.0,M,False,2,2024-02-24,2024-02-24,False,,,,,,
10128,12696,120,4010,,,,,,,,2,,8.73,,,,,169,True,Sprints,263,688,607.0,M,False,2,2024-02-24,2024-02-24,False,,,,,,
10130,12698,104,2020,,2023.0,,2006.0,,2029.0,,24,,4:20.33,,,,,169,True,Relays,310,775,697.5,M,False,2,2024-02-24,2024-02-24,False,69.24,,812.88,,246,
10131,12699,104,2023,,2020.0,,2029.0,,2006.0,,26,,8:42.33,,,,,169,True,Relays,0,0,0.0,M,False,2,2024-02-24,2024-02-24,False,,,,,,
10142,12711,107,4845,,3624.0,,4846.0,,3622.0,,24,,4:10.71,,,,,169,True,Relays,389,843,810.5,M,False,2,2024-02-24,2024-02-24,False,72.28,,875.36,,304,
10143,12713,107,3624,,3622.0,,3620.0,,3860.0,,29,,3:40.30,,,,,169,True,Relays,0,0,0.0,M,False,2,2024-02-24,2024-02-24,False,,,,,,
10144,12714,107,4848,,,,,,,,2,,8.36,,,,,169,True,Sprints,372,789,766.5,M,False,2,2024-02-24,2024-02-24,False,,,,,,
10145,12715,107,3622,,,,,,,,2,,7.31,,,,,169,True,Sprints,783,1111,1338.5,M,False,2,2024-02-24,2024-02-24,False,,,,,,
10152,12722,56,3568,,,,,,,,2,,7.80,,,,,169,True,Sprints,572,954,1049.0,M,False,2,2024-02-24,2024-02-24,False,,,,,,
10156,12726,56,4457,,,,,,,,2,,7.57,,,,,169,True,Sprints,667,1026,1180.0,M,False,2,2024-02-24,2024-02-24,False,,,,,,
10158,12728,56,3569,,,,,,,,2,,8.64,,,,,169,True,Sprints,288,712,644.0,M,False,2,2024-02-24,2024-02-24,False,,,,,,
10171,12741,56,3578,,3809.0,,128.0,,4111.0,,24,,3:25.01,,,,,169,True,Relays,890,1206,1493.0,M,False,2,2024-02-24,2024-02-24,False,91.17,,1252.29,,657,
10172,12742,56,3805,,3415.0,,4851.0,,163.0,,24,,3:33.67,,,,,169,True,Relays,780,1132,1346.0,M,False,2,2024-02-24,2024-02-24,False,86.88,,1168.48,,579,
10173,12744,56,152,,4602.0,,3574.0,,4460.0,,24,,4:03.64,,,,,169,True,Relays,453,895,900.5,M,False,2,2024-02-24,2024-02-24,False,74.68,,924.43,,350,
10174,12745,56,4110,,3568.0,,4854.0,,3577.0,,24,,4:13.45,,,,,169,True,Relays,366,823,777.5,M,False,2,2024-02-24,2024-02-24,False,71.39,,857.08,,287,
10175,12746,56,4855,,4856.0,,147.0,,4857.0,,24,,4:21.19,,,,,169,True,Relays,303,769,687.5,M,False,2,2024-02-24,2024-02-24,False,68.98,,807.52,,241,
10176,12747,56,128,,130.0,,4858.0,,4602.0,,26,,7:56.63,,,,,169,True,Relays,0,0,0.0,M,False,2,2024-02-24,2024-02-24,False,,,,,,
10177,12748,56,4853,,3415.0,,3804.0,,152.0,,26,,8:25.21,,,,,169,True,Relays,0,0,0.0,M,False,2,2024-02-24,2024-02-24,False,,,,,,
10178,12749,56,3805,,186.0,,3417.0,,4460.0,,26,,9:02.57,,,,,169,True,Relays,0,0,0.0,M,False,2,2024-02-24,2024-02-24,False,,,,,,
10179,12750,56,3578,,3809.0,,4111.0,,4462.0,,22,,1:31.51,,,,,169,True,Relays,859,1198,1458.0,M,False,2,2024-02-24,2024-02-24,False,,,,,,
10180,12752,56,3572,,3568.0,,3570.0,,4859.0,,22,,1:39.74,,,,,169,True,Relays,611,1040,1131.0,M,False,2,2024-02-24,2024-02-24,False,,,,,,
10181,12753,56,3574,,3805.0,,4463.0,,4110.0,,22,,1:39.90,,,,,169,True,Relays,606,1037,1124.5,M,False,2,2024-02-24,2024-02-24,False,,,,,,
10182,12754,56,4111,,4462.0,,152.0,,123.0,,29,,3:39.32,,,,,169,True,Relays,0,0,0.0,M,False,2,2024-02-24,2024-02-24,False,,,,,,
10183,12756,56,3574,,4463.0,,3577.0,,186.0,,29,,3:59.13,,,,,169,True,Relays,0,0,0.0,M,False,2,2024-02-24,2024-02-24,False,,,,,,
10184,12757,56,4108,,3570.0,,4853.0,,3417.0,,29,,4:04.41,,,,,169,True,Relays,0,0,0.0,M,False,2,2024-02-24,2024-02-24,False,,,,,,
10190,12764,56,4462,,,,,,,,2,,7.27,,,,,169,True,Sprints,802,1124,1364.0,M,False,2,2024-02-24,2024-02-24,False,,,,,,
10193,12767,56,4111,,,,,,,,2,,7.30,,,,,169,True,Sprints,788,1114,1345.0,M,False,2,2024-02-24,2024-02-24,False,,,,,,
10197,12771,56,3809,,,,,,,,2,,7.33,,,,,169,True,Sprints,774,1104,1326.0,M,False,2,2024-02-24,2024-02-24,False,,,,,,
10202,12776,56,4463,,,,,,,,2,,7.92,,,,,169,True,Sprints,526,917,984.5,M,False,2,2024-02-24,2024-02-24,False,,,,,,
10203,12777,56,3576,,,,,,,,2,,7.49,,,,,169,True,Sprints,702,1052,1228.0,M,False,2,2024-02-24,2024-02-24,False,,,,,,
10206,12780,56,3577,,,,,,,,2,,7.88,,,,,169,True,Sprints,541,929,1005.5,M,False,2,2024-02-24,2024-02-24,False,,,,,,
10209,12783,56,3578,,,,,,,,2,,6.82,,,,,169,True,Sprints,1027,1280,1667.0,M,False,2,2024-02-24,2024-02-24,False,,,,,,
10215,12790,43,42,,26.0,,4865.0,,53.0,,24,,4:27.47,,,,,169,True,Relays,257,726,620.0,M,False,2,2024-02-24,2024-02-24,False,67.15,,769.41,,205,
10219,12755,56,4461,,4112.0,,3805.0,,3804.0,,29,,3:48.32,,,,,169,True,Relays,0,0,0.0,M,False,2,2024-02-24,2024-02-24,False,,,,,,
10220,12751,56,3808,,4461.0,,4112.0,,3576.0,,22,,1:37.17,,,,,169,True,Relays,683,1088,1227.0,M,False,2,2024-02-24,2024-02-24,False,,,,,,
10222,12791,43,3400,,26.0,,4865.0,,49.0,,26,,9:42.52,,,,,169,True,Relays,0,0,0.0,M,False,2,2024-02-24,2024-02-24,False,,,,,,
10223,12712,107,3860,,4842.0,,3620.0,,4843.0,,26,,8:03.03,,,,,169,True,Relays,0,0,0.0,M,False,2,2024-02-24,2024-02-24,False,,,,,,
10224,12758,56,4856,,4861.0,,4855.0,,4857.0,,29,,4:37.08,,,,,169,True,Relays,0,0,0.0,M,False,2,2024-02-24,2024-02-24,False,,,,,,
10226,12797,108,3983,,,,,,,,2,,6.97,,,,,169,True,Sprints,949,1227,1562.5,M,False,2,2024-02-24,2024-02-24,False,,,,,,
10233,12804,108,124,,3743.0,,141.0,,10.0,,26,,8:07.44,,,,,169,True,Relays,0,0,0.0,M,False,2,2024-02-24,2024-02-24,False,,,,,,
10234,12805,108,206,,3982.0,,3984.0,,3743.0,,22,,1:52.70,,,,,169,True,Relays,305,814,712.0,M,False,2,2024-02-24,2024-02-24,False,,,,,,
10238,12810,108,3986,,,,,,,,2,,7.88,,,,,169,True,Sprints,541,929,1005.5,M,False,2,2024-02-24,2024-02-24,False,,,,,,
10247,12819,58,178,,170.0,,193.0,,4867.0,,24,,4:07.91,,,,,169,True,Relays,414,863,845.5,M,False,2,2024-02-24,2024-02-24,False,73.21,,894.46,,322,
10248,12820,58,2211,,2219.0,,165.0,,4868.0,,24,,4:17.83,,,,,169,True,Relays,330,792,726.0,M,False,2,2024-02-24,2024-02-24,False,70.01,,828.67,,261,
10249,12821,58,178,,131.0,,4868.0,,2211.0,,26,,8:22.35,,,,,169,True,Relays,0,0,0.0,M,False,2,2024-02-24,2024-02-24,False,,,,,,
10250,12822,58,4867,,179.0,,170.0,,2219.0,,26,,9:35.31,,,,,169,True,Relays,0,0,0.0,M,False,2,2024-02-24,2024-02-24,False,,,,,,
10251,12823,58,2219,,4867.0,,3926.0,,3928.0,,22,,1:43.27,,,,,169,True,Relays,517,976,1005.0,M,False,2,2024-02-24,2024-02-24,False,,,,,,
10252,12824,58,3926,,,,,,,,2,,7.56,,,,,169,True,Sprints,672,1029,1186.5,M,False,2,2024-02-24,2024-02-24,False,,,,,,
10254,12826,58,3928,,,,,,,,2,,7.24,,,,,169,True,Sprints,816,1134,1383.0,M,False,2,2024-02-24,2024-02-24,False,,,,,,
10261,12833,44,4869,,,,,,,,2,,7.54,,,,,169,True,Sprints,680,1035,1197.5,M,False,2,2024-02-24,2024-02-24,False,,,,,,
10262,12834,44,4870,,,,,,,,2,,7.47,,,,,169,True,Sprints,711,1058,1240.0,M,False,2,2024-02-24,2024-02-24,False,,,,,,
10266,12838,44,3421,,,,,,,,2,,8.30,,,,,169,True,Sprints,391,806,794.0,M,False,2,2024-02-24,2024-02-24,False,,,,,,
10268,12841,44,3404,,4874.0,,4130.0,,4875.0,,24,,4:19.65,,,,,169,True,Relays,315,780,705.0,M,False,2,2024-02-24,2024-02-24,False,69.45,,817.14,,250,
10269,12842,44,2217,,2215.0,,4876.0,,2214.0,,24,,4:20.62,,,,,169,True,Relays,308,773,694.5,M,False,2,2024-02-24,2024-02-24,False,69.15,,811.07,,244,
10270,12843,44,4133,,4870.0,,3421.0,,4137.0,,24,,5:14.61,,,,,169,True,Relays,31,444,253.0,M,False,2,2024-02-24,2024-02-24,False,55.91,,531.93,,0,
10271,12844,44,2214,,4874.0,,4134.0,,2224.0,,26,,8:46.21,,,,,169,True,Relays,0,0,0.0,M,False,2,2024-02-24,2024-02-24,False,,,,,,
10272,12845,44,4137,,4875.0,,4130.0,,4135.0,,22,,1:42.54,,,,,169,True,Relays,536,989,1030.5,M,False,2,2024-02-24,2024-02-24,False,,,,,,
10273,12846,44,4870,,4133.0,,3421.0,,4873.0,,29,,4:12.51,,,,,169,True,Relays,0,0,0.0,M,False,2,2024-02-24,2024-02-24,False,,,,,,
10275,12850,44,4875,,,,,,,,2,,8.38,,,,,169,True,Sprints,366,783,757.5,M,False,2,2024-02-24,2024-02-24,False,,,,,,
10276,12851,44,4135,,,,,,,,2,,7.24,,,,,169,True,Sprints,816,1134,1383.0,M,False,2,2024-02-24,2024-02-24,False,,,,,,
10277,12852,44,4133,,,,,,,,2,,7.97,,,,,169,True,Sprints,507,902,958.0,M,False,2,2024-02-24,2024-02-24,False,,,,,,
10279,12854,44,4137,,,,,,,,2,,7.73,,,,,169,True,Sprints,601,975,1088.5,M,False,2,2024-02-24,2024-02-24,False,,,,,,
10280,12855,36,4877,,,,,,,,2,,8.62,,,,,169,True,Sprints,293,718,652.0,M,False,2,2024-02-24,2024-02-24,False,,,,,,
10284,12859,36,4878,,,,,,,,2,,7.62,,,,,169,True,Sprints,646,1010,1151.0,M,False,2,2024-02-24,2024-02-24,False,,,,,,
10285,12860,36,4879,,,,,,,,2,,8.39,,,,,169,True,Sprints,362,780,752.0,M,False,2,2024-02-24,2024-02-24,False,,,,,,
10289,12864,36,3847,,,,,,,,2,,8.15,,,,,169,True,Sprints,442,849,866.5,M,False,2,2024-02-24,2024-02-24,False,,,,,,
10291,12866,36,4881,,,,,,,,2,,8.73,,,,,169,True,Sprints,263,688,607.0,M,False,2,2024-02-24,2024-02-24,False,,,,,,
10293,12868,36,4882,,,,,,,,2,,8.93,,,,,169,True,Sprints,212,637,530.5,M,False,2,2024-02-24,2024-02-24,False,,,,,,
10295,12870,36,4883,,4882.0,,4878.0,,4880.0,,24,,4:08.29,,,,,169,True,Relays,411,861,841.5,M,False,2,2024-02-24,2024-02-24,False,73.08,,891.84,,320,
10296,12871,36,4884,,4885.0,,4886.0,,4887.0,,24,,4:17.67,,,,,169,True,Relays,331,793,727.5,M,False,2,2024-02-24,2024-02-24,False,70.06,,829.69,,262,
10297,12872,36,4879,,4881.0,,4888.0,,4877.0,,24,,5:55.13,,,,,169,True,Relays,0,257,128.5,M,False,2,2024-02-24,2024-02-24,False,48.81,,378.19,,0,
10298,12873,36,4880,,4889.0,,4890.0,,4887.0,,26,,8:26.64,,,,,169,True,Relays,0,0,0.0,M,False,2,2024-02-24,2024-02-24,False,,,,,,
10299,12874,36,4891,,4878.0,,4885.0,,3847.0,,26,,9:41.40,,,,,169,True,Relays,0,0,0.0,M,False,2,2024-02-24,2024-02-24,False,,,,,,
10300,12875,36,4887,,,,,,,,2,,8.57,,,,,169,True,Sprints,308,731,673.5,M,False,2,2024-02-24,2024-02-24,False,,,,,,
10301,12876,36,4890,,,,,,,,2,,7.85,,,,,169,True,Sprints,553,938,1022.0,M,False,2,2024-02-24,2024-02-24,False,,,,,,
10305,12880,36,4889,,,,,,,,2,,8.58,,,,,169,True,Sprints,305,728,669.0,M,False,2,2024-02-24,2024-02-24,False,,,,,,
10308,12883,36,4884,,,,,,,,2,,8.82,,,,,169,True,Sprints,239,665,571.5,M,False,2,2024-02-24,2024-02-24,False,,,,,,
10311,12886,36,4883,,,,,,,,2,,8.27,,,,,169,True,Sprints,401,814,808.0,M,False,2,2024-02-24,2024-02-24,False,,,,,,
10313,12888,36,4885,,,,,,,,2,,8.46,,,,,169,True,Sprints,341,761,721.5,M,False,2,2024-02-24,2024-02-24,False,,,,,,
10316,12891,36,4892,,,,,,,,2,,8.34,,,,,169,True,Sprints,378,794,775.0,M,False,2,2024-02-24,2024-02-24,False,,,,,,
10321,12896,111,4154,,333.0,,334.0,,347.0,,26,,9:35.07,,,,,169,True,Relays,0,0,0.0,M,False,2,2024-02-24,2024-02-24,False,,,,,,
10326,12847,44,5332,,,,,,,,2,,8.21,,,,,169,True,Sprints,421,831,836.5,M,False,2,2024-02-24,2024-02-24,False,,,,,,
10328,12806,108,58,,206.0,,3984.0,,16.0,,24,,3:57.28,,,,,169,True,Relays,515,943,986.5,M,False,2,2024-02-24,2024-02-24,False,76.98,,971.07,,394,
10332,12904,124,3871,,,,,,,,2,,7.28,,,,,169,True,Sprints,797,1121,1357.5,M,False,2,2024-02-24,2024-02-24,False,,,,,,
10347,12923,124,3873,,3846.0,,,,,,24,,3:28.13,,,,,169,True,Relays,850,1179,1439.5,M,False,2,2024-02-24,2024-02-24,False,89.58,,1221.29,,628,
10348,12924,124,2860,,1998.0,,,,,,26,,7:53.47,,,,,169,True,Relays,0,0,0.0,M,False,2,2024-02-24,2024-02-24,False,,,,,,
10349,12925,124,3828,,3832.0,,,,,,26,,8:12.21,,,,,169,True,Relays,0,0,0.0,M,False,2,2024-02-24,2024-02-24,False,,,,,,
10350,12926,124,2004,,2863.0,,,,,,26,,8:49.66,,,,,169,True,Relays,0,0,0.0,M,False,2,2024-02-24,2024-02-24,False,,,,,,
10351,12927,124,2011,,1992.0,,,,,,26,,8:55.76,,,,,169,True,Relays,0,0,0.0,M,False,2,2024-02-24,2024-02-24,False,,,,,,
10352,12928,124,3843,,3846.0,,,,,,22,,1:33.98,,,,,169,True,Relays,780,1150,1355.0,M,False,2,2024-02-24,2024-02-24,False,,,,,,
10353,12929,124,3843,,,,,,,,2,,7.12,,,,,169,True,Sprints,874,1175,1461.5,M,False,2,2024-02-24,2024-02-24,False,,,,,,
10358,12934,124,3846,,,,,,,,2,,7.21,,,,,169,True,Sprints,830,1144,1402.0,M,False,2,2024-02-24,2024-02-24,False,,,,,,
10360,12938,59,4077,,,,,,,,2,,8.01,,,,,169,True,Sprints,492,890,937.0,M,False,2,2024-02-24,2024-02-24,False,,,,,,
10361,12939,59,1651,,,,,,,,2,,8.81,,,,,169,True,Sprints,242,668,576.0,M,False,2,2024-02-24,2024-02-24,False,,,,,,
10372,12950,59,3896,,,,,,,,2,,7.30,,,,,169,True,Sprints,788,1114,1345.0,M,False,2,2024-02-24,2024-02-24,False,,,,,,
10373,12951,59,3899,,,,,,,,2,,7.43,,,,,169,True,Sprints,729,1071,1264.5,M,False,2,2024-02-24,2024-02-24,False,,,,,,
10378,12956,59,3904,,,,,,,,2,,7.89,,,,,169,True,Sprints,537,926,1000.0,M,False,2,2024-02-24,2024-02-24,False,,,,,,
10382,12960,59,3907,,,,,,,,2,,7.50,,,,,169,True,Sprints,698,1048,1222.0,M,False,2,2024-02-24,2024-02-24,False,,,,,,
10383,12961,59,1641,,,,,,,,2,,8.48,,,,,169,True,Sprints,335,755,712.5,M,False,2,2024-02-24,2024-02-24,False,,,,,,
10386,12964,59,3908,,,,,,,,2,,7.46,,,,,169,True,Sprints,715,1061,1245.5,M,False,2,2024-02-24,2024-02-24,False,,,,,,
10388,12966,59,3909,,,,,,,,2,,7.83,,,,,169,True,Sprints,561,944,1033.0,M,False,2,2024-02-24,2024-02-24,False,,,,,,
10389,12967,59,1624,,,,,,,,2,,7.81,,,,,169,True,Sprints,568,950,1043.0,M,False,2,2024-02-24,2024-02-24,False,,,,,,
10390,12968,59,4083,,,,,,,,2,,7.46,,,,,169,True,Sprints,715,1061,1245.5,M,False,2,2024-02-24,2024-02-24,False,,,,,,
10394,12972,59,3916,,4896.0,,1624.0,,3907.0,,24,,3:50.73,,,,,169,True,Relays,583,994,1080.0,M,False,2,2024-02-24,2024-02-24,False,79.49,,1021.78,,441,
10395,12973,59,1625,,4082.0,,1632.0,,1631.0,,24,,4:23.30,,,,,169,True,Relays,287,754,664.0,M,False,2,2024-02-24,2024-02-24,False,68.35,,794.51,,229,
10396,12974,59,3899,,3908.0,,3909.0,,3904.0,,24,,4:29.88,,,,,169,True,Relays,240,710,595.0,M,False,2,2024-02-24,2024-02-24,False,66.47,,755.26,,192,
10397,12975,59,1638,,3901.0,,3896.0,,4895.0,,24,,4:52.92,,,,,169,True,Relays,108,565,390.5,M,False,2,2024-02-24,2024-02-24,False,60.59,,631.71,,76,
10398,12976,59,1625,,2783.0,,4082.0,,1638.0,,26,,9:42.48,,,,,169,True,Relays,0,0,0.0,M,False,2,2024-02-24,2024-02-24,False,,,,,,
10399,12977,59,3912,,3896.0,,3907.0,,3899.0,,22,,1:35.70,,,,,169,True,Relays,727,1117,1285.5,M,False,2,2024-02-24,2024-02-24,False,,,,,,
10400,12978,59,3909,,1624.0,,3908.0,,3916.0,,22,,1:39.21,,,,,169,True,Relays,625,1050,1150.0,M,False,2,2024-02-24,2024-02-24,False,,,,,,
10401,12979,59,4077,,3919.0,,1652.0,,4896.0,,22,,1:43.42,,,,,169,True,Relays,513,973,999.5,M,False,2,2024-02-24,2024-02-24,False,,,,,,
10402,12980,59,3899,,3896.0,,3912.0,,1639.0,,29,,3:48.03,,,,,169,True,Relays,0,0,0.0,M,False,2,2024-02-24,2024-02-24,False,,,,,,
10403,12981,59,4077,,3919.0,,3916.0,,4896.0,,29,,3:59.63,,,,,169,True,Relays,0,0,0.0,M,False,2,2024-02-24,2024-02-24,False,,,,,,
10404,12982,59,4897,,3908.0,,3907.0,,3909.0,,29,,4:01.46,,,,,169,True,Relays,0,0,0.0,M,False,2,2024-02-24,2024-02-24,False,,,,,,
10407,12985,59,2788,,,,,,,,2,,8.76,,,,,169,True,Sprints,255,681,595.5,M,False,2,2024-02-24,2024-02-24,False,,,,,,
10411,12989,60,4898,,,,,,,,2,,8.59,,,,,169,True,Sprints,302,726,665.0,M,False,2,2024-02-24,2024-02-24,False,,,,,,
10419,12997,60,4903,,3393.0,,2906.0,,3386.0,,24,,3:57.87,,,,,169,True,Relays,509,938,978.0,M,False,2,2024-02-24,2024-02-24,False,76.76,,966.64,,390,
10420,12998,60,3407,,4904.0,,3405.0,,4905.0,,24,,4:10.72,,,,,169,True,Relays,389,843,810.5,M,False,2,2024-02-24,2024-02-24,False,72.27,,875.3,,304,
10421,12999,60,4903,,4901.0,,3407.0,,3386.0,,26,,9:01.21,,,,,169,True,Relays,0,0,0.0,M,False,2,2024-02-24,2024-02-24,False,,,,,,
10422,13000,60,3405,,4902.0,,4900.0,,2906.0,,26,,9:42.46,,,,,169,True,Relays,0,0,0.0,M,False,2,2024-02-24,2024-02-24,False,,,,,,
10423,13001,60,4905,,4904.0,,3405.0,,4898.0,,22,,1:49.90,,,,,169,True,Relays,362,860,792.0,M,False,2,2024-02-24,2024-02-24,False,,,,,,
10424,13002,60,4903,,4905.0,,4906.0,,4901.0,,29,,4:08.30,,,,,169,True,Relays,0,0,0.0,M,False,2,2024-02-24,2024-02-24,False,,,,,,
10425,13003,60,4907,,,,,,,,2,,7.93,,,,,169,True,Sprints,522,914,979.0,M,False,2,2024-02-24,2024-02-24,False,,,,,,
10427,13005,49,2268,,,,,,,,2,,8.94,,,,,169,True,Sprints,210,635,527.5,M,False,2,2024-02-24,2024-02-24,False,,,,,,
10433,13009,49,18,,,,,,,,2,,8.24,,,,,169,True,Sprints,411,823,822.5,M,False,2,2024-02-24,2024-02-24,False,,,,,,
10435,13011,49,2260,,,,,,,,2,,8.05,,,,,169,True,Sprints,478,878,917.0,M,False,2,2024-02-24,2024-02-24,False,,,,,,
10436,13012,49,2258,,,,,,,,2,,8.52,,,,,169,True,Sprints,323,745,695.5,M,False,2,2024-02-24,2024-02-24,False,,,,,,
10441,13017,49,33,,,,,,,,2,,8.50,,,,,169,True,Sprints,329,750,704.0,M,False,2,2024-02-24,2024-02-24,False,,,,,,
10443,13019,49,3782,,,,,,,,2,,8.60,,,,,169,True,Sprints,299,723,660.5,M,False,2,2024-02-24,2024-02-24,False,,,,,,
10447,13023,49,4908,,3784.0,,3783.0,,3778.0,,22,,1:39.46,,,,,169,True,Relays,618,1046,1141.0,M,False,2,2024-02-24,2024-02-24,False,,,,,,
10450,13026,1,4604,,,,,,,,2,,8.38,,,,,169,True,Sprints,366,783,757.5,M,False,2,2024-02-24,2024-02-24,False,,,,,,
10451,13027,1,471,,8.0,,7.0,,2.0,,26,,8:43.04,,,,,169,True,Relays,0,0,0.0,M,False,2,2024-02-24,2024-02-24,False,,,,,,
10458,13028,1,3987,,4604.0,,37.0,,471.0,,22,,1:47.02,,,,,169,True,Relays,426,910,881.0,M,False,2,2024-02-24,2024-02-24,False,,,,,,
10461,13038,116,3943,,,,,,,,2,,7.81,,,,,169,True,Sprints,568,950,1043.0,M,False,2,2024-02-24,2024-02-24,False,,,,,,
10467,13044,116,4911,,,,,,,,2,,7.69,,,,,169,True,Sprints,617,988,1111.0,M,False,2,2024-02-24,2024-02-24,False,,,,,,
10468,13045,116,462,,,,,,,,2,,8.00,,,,,169,True,Sprints,496,893,942.5,M,False,2,2024-02-24,2024-02-24,False,,,,,,
10469,13046,116,3944,,,,,,,,2,,7.10,,,,,169,True,Sprints,884,1182,1475.0,M,False,2,2024-02-24,2024-02-24,False,,,,,,
10470,13047,116,3945,,,,,,,,2,,7.78,,,,,169,True,Sprints,580,960,1060.0,M,False,2,2024-02-24,2024-02-24,False,,,,,,
10471,13048,116,4533,,,,,,,,2,,7.19,,,,,169,True,Sprints,840,1151,1415.5,M,False,2,2024-02-24,2024-02-24,False,,,,,,
10473,13050,116,4912,,,,,,,,2,,7.87,,,,,169,True,Sprints,545,932,1011.0,M,False,2,2024-02-24,2024-02-24,False,,,,,,
10483,13060,116,3946,,,,,,,,2,,7.37,,,,,169,True,Sprints,756,1091,1301.5,M,False,2,2024-02-24,2024-02-24,False,,,,,,
10484,13061,116,3947,,,,,,,,2,,7.64,,,,,169,True,Sprints,638,1004,1140.0,M,False,2,2024-02-24,2024-02-24,False,,,,,,
10486,13063,116,4537,,,,,,,,2,,7.61,,,,,169,True,Sprints,650,1013,1156.5,M,False,2,2024-02-24,2024-02-24,False,,,,,,
10489,13068,116,4916,,451.0,,4535.0,,4536.0,,24,,4:12.63,,,,,169,True,Relays,373,829,787.5,M,False,2,2024-02-24,2024-02-24,False,71.65,,862.51,,292,
10490,13069,116,4917,,4910.0,,4144.0,,4918.0,,24,,4:18.48,,,,,169,True,Relays,324,788,718.0,M,False,2,2024-02-24,2024-02-24,False,69.81,,824.53,,257,
10491,13070,116,3947,,4534.0,,3950.0,,3946.0,,24,,4:23.46,,,,,169,True,Relays,286,753,662.5,M,False,2,2024-02-24,2024-02-24,False,68.31,,793.53,,228,
10492,13071,116,4919,,4920.0,,4921.0,,4922.0,,24,,5:32.65,,,,,169,True,Relays,2,355,179.5,M,False,2,2024-02-24,2024-02-24,False,52.52,,458.86,,0,
10493,13072,116,4913,,458.0,,462.0,,4923.0,,26,,9:48.50,,,,,169,True,Relays,0,0,0.0,M,False,2,2024-02-24,2024-02-24,False,,,,,,
10494,13073,116,4534,,3947.0,,3949.0,,3943.0,,22,,1:46.16,,,,,169,True,Relays,446,925,908.5,M,False,2,2024-02-24,2024-02-24,False,,,,,,
10499,13079,116,3951,,,,,,,,2,,6.92,,,,,169,True,Sprints,975,1244,1597.0,M,False,2,2024-02-24,2024-02-24,False,,,,,,
10507,13087,117,3993,,,,,,,,2,,7.62,,,,,169,True,Sprints,646,1010,1151.0,M,False,2,2024-02-24,2024-02-24,False,,,,,,
10509,13089,117,4096,,,,,,,,2,,9.97,,,,,169,True,Sprints,35,402,236.0,M,False,2,2024-02-24,2024-02-24,False,,,,,,
10512,13092,117,47,,,,,,,,2,,8.22,,,,,169,True,Sprints,418,828,832.0,M,False,2,2024-02-24,2024-02-24,False,,,,,,
10513,13093,117,4924,,,,,,,,2,,7.37,,,,,169,True,Sprints,756,1091,1301.5,M,False,2,2024-02-24,2024-02-24,False,,,,,,
10518,13098,117,3996,,,,,,,,2,,7.39,,,,,169,True,Sprints,747,1084,1289.0,M,False,2,2024-02-24,2024-02-24,False,,,,,,
10523,13103,117,3997,,,,,,,,2,,8.81,,,,,169,True,Sprints,242,668,576.0,M,False,2,2024-02-24,2024-02-24,False,,,,,,
10530,13110,117,4000,,,,,,,,2,,7.38,,,,,169,True,Sprints,751,1087,1294.5,M,False,2,2024-02-24,2024-02-24,False,,,,,,
10532,13066,116,3948,,,,,,,,2,,7.57,,,,,169,True,Sprints,667,1026,1180.0,M,False,2,2024-02-24,2024-02-24,False,,,,,,
10533,13067,116,3953,,455.0,,3942.0,,3949.0,,24,,3:41.72,,,,,169,True,Relays,684,1066,1217.0,M,False,2,2024-02-24,2024-02-24,False,83.23,,1096.45,,511,
10534,13074,116,3942,,3943.0,,3951.0,,455.0,,29,,3:47.42,,,,,169,True,Relays,0,0,0.0,M,False,2,2024-02-24,2024-02-24,False,,,,,,
10539,13116,117,164,,,,,,,,2,,8.66,,,,,169,True,Sprints,282,707,635.5,M,False,2,2024-02-24,2024-02-24,False,,,,,,
10544,13121,117,3996,,4002.0,,4095.0,,182.0,,24,,3:40.05,,,,,169,True,Relays,703,1079,1242.5,M,False,2,2024-02-24,2024-02-24,False,83.97,,1110.96,,525,
10545,13122,117,3,,161.0,,17.0,,4006.0,,24,,4:07.00,,,,,169,True,Relays,422,870,857.0,M,False,2,2024-02-24,2024-02-24,False,73.52,,900.76,,328,
10546,13123,117,125,,12.0,,3346.0,,2012.0,,24,,4:10.11,,,,,169,True,Relays,395,847,818.5,M,False,2,2024-02-24,2024-02-24,False,72.47,,879.42,,308,
10547,13124,117,15,,25.0,,47.0,,2037.0,,24,,4:17.26,,,,,169,True,Relays,334,796,732.0,M,False,2,2024-02-24,2024-02-24,False,70.18,,832.31,,264,
10548,13125,117,164,,146.0,,188.0,,217.0,,24,,4:24.23,,,,,169,True,Relays,280,748,654.0,M,False,2,2024-02-24,2024-02-24,False,68.08,,788.85,,223,
10549,13126,117,60,,3997.0,,2030.0,,4925.0,,24,,4:53.96,,,,,169,True,Relays,103,559,382.5,M,False,2,2024-02-24,2024-02-24,False,60.34,,626.59,,71,
10550,13127,117,30,,161.0,,135.0,,182.0,,26,,8:27.19,,,,,169,True,Relays,0,0,0.0,M,False,2,2024-02-24,2024-02-24,False,,,,,,
10551,13128,117,2037,,25.0,,31.0,,4926.0,,26,,9:07.86,,,,,169,True,Relays,0,0,0.0,M,False,2,2024-02-24,2024-02-24,False,,,,,,
10552,13129,117,4927,,47.0,,4006.0,,4925.0,,26,,9:22.30,,,,,169,True,Relays,0,0,0.0,M,False,2,2024-02-24,2024-02-24,False,,,,,,
10553,13130,117,3342,,17.0,,4008.0,,4928.0,,26,,9:31.13,,,,,169,True,Relays,0,0,0.0,M,False,2,2024-02-24,2024-02-24,False,,,,,,
10554,13131,117,146,,54.0,,188.0,,2030.0,,26,,9:53.85,,,,,169,True,Relays,0,0,0.0,M,False,2,2024-02-24,2024-02-24,False,,,,,,
10555,13132,117,3996,,4095.0,,4002.0,,4000.0,,22,,1:36.03,,,,,169,True,Relays,717,1110,1272.0,M,False,2,2024-02-24,2024-02-24,False,,,,,,
10556,13133,117,3997,,3993.0,,4929.0,,4096.0,,22,,1:47.18,,,,,169,True,Relays,422,907,875.5,M,False,2,2024-02-24,2024-02-24,False,,,,,,
10557,13134,117,3997,,3993.0,,4100.0,,135.0,,29,,3:59.83,,,,,169,True,Relays,0,0,0.0,M,False,2,2024-02-24,2024-02-24,False,,,,,,
10576,13155,127,4516,,,,,,,,2,,7.38,,,,,169,True,Sprints,751,1087,1294.5,M,False,2,2024-02-24,2024-02-24,False,,,,,,
10579,13158,127,3630,,,,,,,,2,,7.35,,,,,169,True,Sprints,765,1097,1313.5,M,False,2,2024-02-24,2024-02-24,False,,,,,,
10584,13163,127,4935,,,,,,,,2,,7.16,,,,,169,True,Sprints,854,1161,1434.5,M,False,2,2024-02-24,2024-02-24,False,,,,,,
10586,13165,127,4516,,4935.0,,3627.0,,3636.0,,24,,3:38.14,,,,,169,True,Relays,726,1095,1273.5,M,False,2,2024-02-24,2024-02-24,False,84.82,,1127.82,,541,
10587,13166,127,3635,,3632.0,,59.0,,4936.0,,24,,3:57.61,,,,,169,True,Relays,512,940,982.0,M,False,2,2024-02-24,2024-02-24,False,76.86,,968.59,,392,
10588,13167,127,3629,,3776.0,,4933.0,,4934.0,,24,,4:55.45,,,,,169,True,Relays,97,550,372.0,M,False,2,2024-02-24,2024-02-24,False,60.0,,619.31,,65,
10589,13168,127,3634,,11.0,,3632.0,,46.0,,26,,8:53.48,,,,,169,True,Relays,0,0,0.0,M,False,2,2024-02-24,2024-02-24,False,,,,,,
10590,13169,127,3630,,3636.0,,3627.0,,4516.0,,22,,1:36.44,,,,,169,True,Relays,705,1102,1256.0,M,False,2,2024-02-24,2024-02-24,False,,,,,,
10591,13170,127,4935,,3627.0,,3635.0,,59.0,,29,,4:17.26,,,,,169,True,Relays,0,0,0.0,M,False,2,2024-02-24,2024-02-24,False,,,,,,
10592,13171,127,3636,,,,,,,,2,,7.61,,,,,169,True,Sprints,650,1013,1156.5,M,False,2,2024-02-24,2024-02-24,False,,,,,,
10604,13183,61,4937,,,,,,,,2,,7.50,,,,,169,True,Sprints,698,1048,1222.0,M,False,2,2024-02-24,2024-02-24,False,,,,,,
10607,13186,61,4938,,,,,,,,2,,7.75,,,,,169,True,Sprints,592,969,1076.5,M,False,2,2024-02-24,2024-02-24,False,,,,,,
10615,13194,61,2286,,,,,,,,2,,8.23,,,,,169,True,Sprints,415,826,828.0,M,False,2,2024-02-24,2024-02-24,False,,,,,,
10621,13200,61,4041,,,,,,,,2,,7.60,,,,,169,True,Sprints,654,1016,1162.0,M,False,2,2024-02-24,2024-02-24,False,,,,,,
10628,13207,61,4621,,,,,,,,2,,7.19,,,,,169,True,Sprints,840,1151,1415.5,M,False,2,2024-02-24,2024-02-24,False,,,,,,
10633,13212,61,4623,,,,,,,,2,,7.13,,,,,169,True,Sprints,869,1171,1454.5,M,False,2,2024-02-24,2024-02-24,False,,,,,,
10638,13152,62,4930,,4931.0,,4932.0,,8043.0,,26,,9:29.34,,,,,169,True,Relays,0,0,0.0,M,False,2,2024-02-24,2024-02-24,False,,,,,,
10642,13220,61,4625,,,,,,,,2,,7.89,,,,,169,True,Sprints,537,926,1000.0,M,False,2,2024-02-24,2024-02-24,False,,,,,,
10647,13225,61,4942,,,,,,,,2,,8.39,,,,,169,True,Sprints,362,780,752.0,M,False,2,2024-02-24,2024-02-24,False,,,,,,
10653,13231,61,4626,,,,,,,,2,,7.48,,,,,169,True,Sprints,706,1055,1233.5,M,False,2,2024-02-24,2024-02-24,False,,,,,,
10658,13236,61,4944,,,,,,,,2,,7.41,,,,,169,True,Sprints,738,1078,1277.0,M,False,2,2024-02-24,2024-02-24,False,,,,,,
10662,13240,61,4945,,,,,,,,2,,7.76,,,,,169,True,Sprints,588,966,1071.0,M,False,2,2024-02-24,2024-02-24,False,,,,,,
10664,13242,61,4623,,4042.0,,2289.0,,4622.0,,24,,3:27.08,,,,,169,True,Relays,863,1188,1457.0,M,False,2,2024-02-24,2024-02-24,False,90.11,,1231.62,,638,
10665,13243,61,1660,,1658.0,,2273.0,,4939.0,,24,,3:44.05,,,,,169,True,Relays,657,1047,1180.5,M,False,2,2024-02-24,2024-02-24,False,82.23,,1076.56,,493,
10666,13244,61,4940,,4946.0,,4938.0,,4942.0,,24,,4:05.69,,,,,169,True,Relays,434,880,874.0,M,False,2,2024-02-24,2024-02-24,False,73.97,,909.91,,337,
10667,13245,61,2780,,4037.0,,2781.0,,2259.0,,24,,4:09.45,,,,,169,True,Relays,400,852,826.0,M,False,2,2024-02-24,2024-02-24,False,72.69,,883.9,,312,
10668,13246,61,2284,,4947.0,,1665.0,,2286.0,,24,,4:13.05,,,,,169,True,Relays,369,826,782.0,M,False,2,2024-02-24,2024-02-24,False,71.51,,859.73,,290,
10669,13247,61,1655,,3396.0,,4948.0,,4949.0,,24,,4:19.37,,,,,169,True,Relays,317,782,708.0,M,False,2,2024-02-24,2024-02-24,False,69.53,,818.91,,252,
10670,13248,61,4036,,4050.0,,4625.0,,4945.0,,24,,4:53.91,,,,,169,True,Relays,103,560,383.0,M,False,2,2024-02-24,2024-02-24,False,60.36,,626.83,,72,
10671,13249,61,4944,,2269.0,,4038.0,,4950.0,,24,,4:54.57,,,,,169,True,Relays,100,556,378.0,M,False,2,2024-02-24,2024-02-24,False,60.2,,623.6,,69,
10672,13250,61,4619,,4951.0,,4952.0,,4953.0,,24,,5:13.68,,,,,169,True,Relays,33,449,257.5,M,False,2,2024-02-24,2024-02-24,False,56.09,,535.93,,0,
10673,13251,61,4044,,2276.0,,1662.0,,1661.0,,24,,5:32.65,,,,,169,True,Relays,2,355,179.5,M,False,2,2024-02-24,2024-02-24,False,52.52,,458.86,,0,
10674,13252,61,1655,,382.0,,1658.0,,4046.0,,26,,8:15.67,,,,,169,True,Relays,0,0,0.0,M,False,2,2024-02-24,2024-02-24,False,,,,,,
10675,13253,61,1662,,4947.0,,2284.0,,2273.0,,26,,9:00.87,,,,,169,True,Relays,0,0,0.0,M,False,2,2024-02-24,2024-02-24,False,,,,,,
10676,13254,61,1661,,1665.0,,2276.0,,1660.0,,26,,9:12.78,,,,,169,True,Relays,0,0,0.0,M,False,2,2024-02-24,2024-02-24,False,,,,,,
10677,13255,61,4623,,4622.0,,4621.0,,4042.0,,22,,1:33.57,,,,,169,True,Relays,793,1158,1372.0,M,False,2,2024-02-24,2024-02-24,False,,,,,,
10678,13256,61,4619,,4041.0,,4626.0,,4945.0,,22,,1:40.05,,,,,169,True,Relays,602,1035,1119.5,M,False,2,2024-02-24,2024-02-24,False,,,,,,
10679,13257,61,4941,,4047.0,,4944.0,,4043.0,,22,,1:44.40,,,,,169,True,Relays,489,956,967.0,M,False,2,2024-02-24,2024-02-24,False,,,,,,
10680,13258,61,2289,,4622.0,,4623.0,,4042.0,,29,,3:39.80,,,,,169,True,Relays,0,0,0.0,M,False,2,2024-02-24,2024-02-24,False,,,,,,
10681,13259,61,4941,,4626.0,,4047.0,,4041.0,,29,,4:17.17,,,,,169,True,Relays,0,0,0.0,M,False,2,2024-02-24,2024-02-24,False,,,,,,
10682,13260,61,4050,,,,,,,,2,,8.09,,,,,169,True,Sprints,463,866,896.0,M,False,2,2024-02-24,2024-02-24,False,,,,,,
10851,13432,171,1183,,1217.0,,1239.0,,4316.0,,24,,3:54.55,,,,,170,True,Relays,543,964,1025.0,M,False,2,2024-02-25,2024-02-25,False,78.01,,991.86,,413,
10864,13452,172,4993,,,,,,,,6,,1:00.96,,,,,170,True,Sprints,378,839,797.5,M,False,2,2024-02-25,2024-02-25,False,67.56,,484.26,,317,
10869,13457,174,4647,,,,,,,,2,,7.98,,,,,170,True,Sprints,503,899,952.5,M,False,2,2024-02-25,2024-02-25,False,,,,,,
10870,13458,174,2128,,4648.0,,2116.0,,1856.0,,24,,3:51.51,,,,,170,True,Relays,575,988,1069.0,M,False,2,2024-02-25,2024-02-25,False,79.19,,1015.59,,436,
10871,13459,174,4994,,1856.0,,3580.0,,4995.0,,22,,1:50.39,,,,,170,True,Relays,352,852,778.0,M,False,2,2024-02-25,2024-02-25,False,,,,,,
10872,13460,174,4995,,,,,,,,2,,8.11,,,,,170,True,Sprints,456,860,886.0,M,False,2,2024-02-25,2024-02-25,False,,,,,,
10878,13466,174,2157,,,,,,,,6,,1:11.58,,,,,170,True,Sprints,79,526,342.0,M,False,2,2024-02-25,2024-02-25,False,55.72,,258.26,,61,
10881,13469,174,4996,,,,,,,,2,,7.98,,,,,170,True,Sprints,503,899,952.5,M,False,2,2024-02-25,2024-02-25,False,,,,,,
10882,13470,174,4996,,,,,,,,4,,26.37,,,,,170,True,Sprints,466,875,903.5,M,False,2,2024-02-25,2024-02-25,False,79.08,,495.2,,332,
10885,13473,174,4994,,,,,,,,6,,56.90,,,,,170,True,Sprints,550,978,1039.0,M,False,2,2024-02-25,2024-02-25,False,73.44,,592.95,,441,
10886,13474,174,3580,,,,,,,,2,,8.04,,,,,170,True,Sprints,481,881,921.5,M,False,2,2024-02-25,2024-02-25,False,,,,,,
10887,13475,174,4998,,,,,,,,2,,7.34,,,,,170,True,Sprints,769,1101,1319.5,M,False,2,2024-02-25,2024-02-25,False,,,,,,
10890,13478,175,5000,,,,,,,,26,,9:39.00,,,,,170,True,Relays,0,0,0.0,M,False,2,2024-02-25,2024-02-25,False,,,,,,
10891,13479,175,5001,,,,,,,,2,,8.03,,,,,170,True,Sprints,485,884,927.0,M,False,2,2024-02-25,2024-02-25,False,,,,,,
10892,13480,175,5001,,,,,,,,6,,58.58,,,,,170,True,Sprints,475,919,934.5,M,False,2,2024-02-25,2024-02-25,False,70.89,,546.15,,388,
10895,13483,175,5004,,,,,,,,6,,1:06.97,,,,,170,True,Sprints,181,653,507.5,M,False,2,2024-02-25,2024-02-25,False,60.33,,347.56,,162,
10903,13491,176,2152,,,,,,,,6,,58.28,,,,,170,True,Sprints,488,930,953.0,M,False,2,2024-02-25,2024-02-25,False,71.34,,554.31,,397,
10904,13492,176,5008,,2146.0,,2114.0,,2156.0,,24,,4:10.99,,,,,170,True,Relays,387,841,807.5,M,False,2,2024-02-25,2024-02-25,False,72.18,,873.48,,303,
10909,13497,186,5009,,,,,,,,2,,7.47,,,,,170,True,Sprints,711,1058,1240.0,M,False,2,2024-02-25,2024-02-25,False,,,,,,
10910,13498,186,5009,,,,,,,,6,,53.47,,,,,170,True,Sprints,721,1104,1273.0,M,False,2,2024-02-25,2024-02-25,False,79.23,,697.64,,559,
10911,13499,186,5009,,,,,,,,4,,24.58,,,,,170,True,Sprints,656,1029,1170.5,M,False,2,2024-02-25,2024-02-25,False,86.32,,620.98,,479,
10917,13506,188,5012,,,,,,,,6,,57.77,,,,,170,True,Sprints,510,947,983.5,M,False,2,2024-02-25,2024-02-25,False,72.1,,568.37,,413,
10918,13508,188,3541,,,,,,,,2,,7.49,,,,,170,True,Sprints,702,1052,1228.0,M,False,2,2024-02-25,2024-02-25,False,,,,,,
10919,13509,188,3541,,,,,,,,4,,23.94,,,,,170,True,Sprints,731,1088,1275.0,M,False,2,2024-02-25,2024-02-25,False,89.22,,670.52,,537,
10921,13511,188,5014,,,,,,,,2,,8.69,,,,,170,True,Sprints,274,699,623.5,M,False,2,2024-02-25,2024-02-25,False,,,,,,
10922,13512,188,5014,,,,,,,,4,,29.35,,,,,170,True,Sprints,222,645,544.5,M,False,2,2024-02-25,2024-02-25,False,69.27,,319.83,,127,
10924,13515,188,3851,,,,,,,,6,,54.34,,,,,170,True,Sprints,675,1071,1210.5,M,False,2,2024-02-25,2024-02-25,False,77.68,,669.83,,528,
10928,13520,188,3549,,,,,,,,2,,7.31,,,,,170,True,Sprints,783,1111,1338.5,M,False,2,2024-02-25,2024-02-25,False,,,,,,
10929,13521,188,3549,,,,,,,,4,,24.16,,,,,170,True,Sprints,705,1067,1238.5,M,False,2,2024-02-25,2024-02-25,False,88.2,,653.19,,517,
10934,13532,188,5018,,,,,,,,2,,8.33,,,,,170,True,Sprints,382,797,780.5,M,False,2,2024-02-25,2024-02-25,False,,,,,,
10935,13526,188,928,,3541.0,,1863.0,,3851.0,,24,,3:37.08,,,,,170,True,Relays,738,1104,1290.0,M,False,2,2024-02-25,2024-02-25,False,85.3,,1137.31,,550,
10938,13513,188,966,,,,,,,,2,,8.86,,,,,170,True,Sprints,229,655,556.5,M,False,2,2024-02-25,2024-02-25,False,,,,,,
10939,13528,188,3551,,5014.0,,966.0,,5017.0,,22,,1:50.42,,,,,170,True,Relays,351,852,777.0,M,False,2,2024-02-25,2024-02-25,False,,,,,,
10940,13527,188,3543,,3549.0,,5016.0,,966.0,,24,,3:42.39,,,,,170,True,Relays,676,1060,1206.0,M,False,2,2024-02-25,2024-02-25,False,82.94,,1090.69,,506,
10942,13525,188,876,,916.0,,886.0,,5013.0,,26,,8:45.45,,,,,170,True,Relays,0,0,0.0,M,False,2,2024-02-25,2024-02-25,False,,,,,,
10943,13448,171,1260,,,,,,,,6,,1:01.68,,,,,170,True,Sprints,350,816,758.0,M,False,2,2024-02-25,2024-02-25,False,66.61,,466.48,,297,
10946,13444,171,2354,,,,,,,,4,,28.44,,,,,170,True,Sprints,287,712,643.0,M,False,2,2024-02-25,2024-02-25,False,72.02,,369.49,,185,
10947,13533,188,5018,,,,,,,,4,,28.39,,,,,170,True,Sprints,291,715,648.5,M,False,2,2024-02-25,2024-02-25,False,72.17,,372.31,,188,
10950,13537,188,3551,,,,,,,,2,,8.22,,,,,170,True,Sprints,418,828,832.0,M,False,2,2024-02-25,2024-02-25,False,,,,,,
10955,13542,191,5019,,,,,,,,6,,55.45,,,,,170,True,Sprints,620,1030,1135.0,M,False,2,2024-02-25,2024-02-25,False,75.79,,635.62,,489,
10956,13543,191,5020,,,,,,,,6,,58.24,,,,,170,True,Sprints,490,931,955.5,M,False,2,2024-02-25,2024-02-25,False,71.39,,555.4,,398,
10958,13545,191,5021,,,,,,,,6,,58.82,,,,,170,True,Sprints,464,911,919.5,M,False,2,2024-02-25,2024-02-25,False,70.54,,539.68,,380,
10959,13546,191,5022,,,,,,,,2,,8.12,,,,,170,True,Sprints,453,857,881.5,M,False,2,2024-02-25,2024-02-25,False,,,,,,
10960,13547,191,5022,,,,,,,,4,,26.29,,,,,170,True,Sprints,474,881,914.5,M,False,2,2024-02-25,2024-02-25,False,79.38,,500.46,,338,
10961,13548,191,2159,,5019.0,,5021.0,,5022.0,,24,,3:45.02,,,,,170,True,Relays,646,1039,1165.5,M,False,2,2024-02-25,2024-02-25,False,81.83,,1068.41,,485,
10962,13549,191,5023,,,,,,,,2,,9.38,,,,,170,True,Sprints,117,529,381.5,M,False,2,2024-02-25,2024-02-25,False,,,,,,
10963,13550,191,5023,,,,,,,,4,,26.73,,,,,170,True,Sprints,432,845,854.5,M,False,2,2024-02-25,2024-02-25,False,77.76,,471.94,,305,
10975,13564,196,2373,,,,,,,,6,,1:04.12,,,,,170,True,Sprints,266,738,635.0,M,False,2,2024-02-25,2024-02-25,False,63.57,,409.19,,232,
10976,13565,196,2373,,,,,,,,4,,28.37,,,,,170,True,Sprints,292,717,650.5,M,False,2,2024-02-25,2024-02-25,False,72.23,,373.44,,189,
10977,13568,196,5024,,,,,,,,2,,8.74,,,,,170,True,Sprints,260,686,603.0,M,False,2,2024-02-25,2024-02-25,False,,,,,,
10979,13570,196,2373,,5025.0,,913.0,,5026.0,,26,,9:36.70,,,,,170,True,Relays,0,0,0.0,M,False,2,2024-02-25,2024-02-25,False,,,,,,
10980,13571,196,5025,,913.0,,2359.0,,5026.0,,24,,3:49.58,,,,,170,True,Relays,596,1003,1097.5,M,False,2,2024-02-25,2024-02-25,False,79.95,,1030.99,,450,
10981,13572,196,2373,,5024.0,,2375.0,,2371.0,,22,,1:50.70,,,,,170,True,Relays,345,847,768.5,M,False,2,2024-02-25,2024-02-25,False,,,,,,
10984,13575,199,3208,,,,,,,,2,,8.40,,,,,170,True,Sprints,359,778,748.0,M,False,2,2024-02-25,2024-02-25,False,,,,,,
10988,13579,199,3552,,,,,,,,2,,7.67,,,,,170,True,Sprints,625,994,1122.0,M,False,2,2024-02-25,2024-02-25,False,,,,,,
10991,13583,199,5028,,,,,,,,6,,1:02.51,,,,,170,True,Sprints,320,789,714.5,M,False,2,2024-02-25,2024-02-25,False,65.54,,446.49,,275,
10992,13584,199,5028,,,,,,,,4,,26.37,,,,,170,True,Sprints,466,875,903.5,M,False,2,2024-02-25,2024-02-25,False,79.08,,495.2,,332,
10993,13585,199,5029,,,,,,,,2,,8.40,,,,,170,True,Sprints,359,778,748.0,M,False,2,2024-02-25,2024-02-25,False,,,,,,
10994,13586,199,2139,,,,,,,,2,,7.79,,,,,170,True,Sprints,576,957,1054.5,M,False,2,2024-02-25,2024-02-25,False,,,,,,
10996,13588,199,5030,,,,,,,,2,,7.71,,,,,170,True,Sprints,609,982,1100.0,M,False,2,2024-02-25,2024-02-25,False,,,,,,
10997,13590,199,3552,,5030.0,,2139.0,,3861.0,,22,,1:41.28,,,,,170,True,Relays,569,1012,1075.0,M,False,2,2024-02-25,2024-02-25,False,,,,,,
11006,13599,203,4405,,,,,,,,2,,7.21,,,,,170,True,Sprints,830,1144,1402.0,M,False,2,2024-02-25,2024-02-25,False,,,,,,
11011,13604,203,4408,,,,,,,,4,,25.48,,,,,170,True,Sprints,556,950,1031.0,M,False,2,2024-02-25,2024-02-25,False,82.53,,555.53,,403,
11016,13610,203,4413,,,,,,,,2,,7.10,,,,,170,True,Sprints,884,1182,1475.0,M,False,2,2024-02-25,2024-02-25,False,,,,,,
11022,13616,203,4414,,,,,,,,2,,7.45,,,,,170,True,Sprints,720,1065,1252.5,M,False,2,2024-02-25,2024-02-25,False,,,,,,
11023,13617,203,4414,,,,,,,,4,,24.05,,,,,170,True,Sprints,718,1077,1256.5,M,False,2,2024-02-25,2024-02-25,False,88.71,,661.82,,527,
11026,13620,203,4415,,,,,,,,6,,57.50,,,,,170,True,Sprints,523,957,1001.5,M,False,2,2024-02-25,2024-02-25,False,72.51,,575.92,,421,
11027,13621,203,4415,,,,,,,,4,,26.21,,,,,170,True,Sprints,482,888,926.0,M,False,2,2024-02-25,2024-02-25,False,79.68,,505.74,,344,
11035,13629,203,5037,,,,,,,,4,,27.42,,,,,170,True,Sprints,370,790,765.0,M,False,2,2024-02-25,2024-02-25,False,75.34,,429.06,,255,
11038,13632,203,4423,,,,,,,,6,,55.58,,,,,170,True,Sprints,613,1025,1125.5,M,False,2,2024-02-25,2024-02-25,False,75.57,,631.71,,485,
11043,13637,203,4424,,,,,,,,2,,7.80,,,,,170,True,Sprints,572,954,1049.0,M,False,2,2024-02-25,2024-02-25,False,,,,,,
11044,13638,203,4424,,,,,,,,4,,25.99,,,,,170,True,Sprints,504,906,957.0,M,False,2,2024-02-25,2024-02-25,False,80.52,,520.45,,361,
11052,13640,203,4426,,,,,,,,4,,24.40,,,,,170,True,Sprints,677,1046,1200.0,M,False,2,2024-02-25,2024-02-25,False,87.12,,634.65,,495,
11056,13644,203,4510,,,,,,,,2,,7.37,,,,,170,True,Sprints,756,1091,1301.5,M,False,2,2024-02-25,2024-02-25,False,,,,,,
11057,13645,204,2142,,,,,,,,6,,1:05.17,,,,,170,True,Sprints,233,706,586.0,M,False,2,2024-02-25,2024-02-25,False,62.34,,385.85,,206,
11058,13646,204,1921,,,,,,,,2,,8.50,,,,,170,True,Sprints,329,750,704.0,M,False,2,2024-02-25,2024-02-25,False,,,,,,
11059,13647,204,1921,,,,,,,,4,,27.94,,,,,170,True,Sprints,326,749,700.5,M,False,2,2024-02-25,2024-02-25,False,73.61,,398.15,,218,
11060,13648,204,3601,,,,,,,,2,,7.66,,,,,170,True,Sprints,629,997,1127.5,M,False,2,2024-02-25,2024-02-25,False,,,,,,
11065,13653,204,1874,,,,,,,,4,,25.42,,,,,170,True,Sprints,563,955,1040.5,M,False,2,2024-02-25,2024-02-25,False,82.77,,559.75,,407,
11071,13663,204,3605,,,,,,,,2,,8.17,,,,,170,True,Sprints,435,843,856.5,M,False,2,2024-02-25,2024-02-25,False,,,,,,
11074,13667,204,2142,,922.0,,5038.0,,1876.0,,24,,4:10.91,,,,,170,True,Relays,388,842,809.0,M,False,2,2024-02-25,2024-02-25,False,72.21,,874.02,,303,
11077,13671,205,3554,,,,,,,,2,,7.14,,,,,170,True,Sprints,864,1168,1448.0,M,False,2,2024-02-25,2024-02-25,False,,,,,,
11078,13672,205,3554,,,,,,,,4,,23.44,,,,,170,True,Sprints,793,1134,1360.0,M,False,2,2024-02-25,2024-02-25,False,91.62,,711.1,,585,
11080,13674,205,2145,,,,,,,,6,,57.95,,,,,170,True,Sprints,502,941,972.5,M,False,2,2024-02-25,2024-02-25,False,71.83,,563.38,,407,
11081,13675,205,2145,,,,,,,,4,,25.89,,,,,170,True,Sprints,514,915,971.5,M,False,2,2024-02-25,2024-02-25,False,80.91,,527.22,,369,
11083,13677,205,3557,,,,,,,,6,,59.06,,,,,170,True,Sprints,454,903,905.5,M,False,2,2024-02-25,2024-02-25,False,70.2,,533.26,,373,
11086,13680,205,4485,,,,,,,,2,,7.80,,,,,170,True,Sprints,572,954,1049.0,M,False,2,2024-02-25,2024-02-25,False,,,,,,
11087,13681,205,4485,,,,,,,,4,,24.84,,,,,170,True,Sprints,626,1006,1129.0,M,False,2,2024-02-25,2024-02-25,False,85.19,,601.59,,456,
11088,13682,205,3559,,,,,,,,6,,1:02.36,,,,,170,True,Sprints,326,794,723.0,M,False,2,2024-02-25,2024-02-25,False,65.73,,450.06,,279,
11089,13683,205,3559,,,,,,,,4,,27.78,,,,,170,True,Sprints,339,762,720.0,M,False,2,2024-02-25,2024-02-25,False,74.13,,407.53,,229,
11092,13686,206,4473,,,,,,,,2,,7.72,,,,,170,True,Sprints,605,978,1094.0,M,False,2,2024-02-25,2024-02-25,False,,,,,,
11093,13687,206,5041,,,,,,,,2,,7.58,,,,,170,True,Sprints,663,1023,1174.5,M,False,2,2024-02-25,2024-02-25,False,,,,,,
11095,13689,206,5042,,,,,,,,2,,8.35,,,,,170,True,Sprints,375,792,771.0,M,False,2,2024-02-25,2024-02-25,False,,,,,,
11096,13690,206,5042,,,,,,,,4,,28.87,,,,,170,True,Sprints,255,680,595.0,M,False,2,2024-02-25,2024-02-25,False,70.7,,345.63,,157,
11097,13691,206,4475,,,,,,,,2,,7.32,,,,,170,True,Sprints,779,1107,1332.5,M,False,2,2024-02-25,2024-02-25,False,,,,,,
11099,13693,206,4477,,,,,,,,2,,7.46,,,,,170,True,Sprints,715,1061,1245.5,M,False,2,2024-02-25,2024-02-25,False,,,,,,
11100,13694,206,4477,,,,,,,,4,,23.92,,,,,170,True,Sprints,734,1089,1278.5,M,False,2,2024-02-25,2024-02-25,False,89.32,,672.11,,539,
11101,13695,206,4479,,,,,,,,2,,7.91,,,,,170,True,Sprints,530,920,990.0,M,False,2,2024-02-25,2024-02-25,False,,,,,,
11102,13696,206,4479,,,,,,,,4,,25.82,,,,,170,True,Sprints,521,921,981.5,M,False,2,2024-02-25,2024-02-25,False,81.18,,531.99,,375,
11103,13697,206,4480,,,,,,,,2,,7.76,,,,,170,True,Sprints,588,966,1071.0,M,False,2,2024-02-25,2024-02-25,False,,,,,,
11104,13698,206,4480,,,,,,,,4,,25.59,,,,,170,True,Sprints,545,940,1015.0,M,False,2,2024-02-25,2024-02-25,False,82.09,,547.85,,394,
11105,13699,206,4481,,,,,,,,4,,25.78,,,,,170,True,Sprints,525,924,987.0,M,False,2,2024-02-25,2024-02-25,False,81.34,,534.73,,378,
11107,13701,206,4475,,4473.0,,5041.0,,4477.0,,22,,1:37.39,,,,,170,True,Relays,677,1084,1219.0,M,False,2,2024-02-25,2024-02-25,False,,,,,,
11109,13703,167,4440,,,,,,,,2,,7.51,,,,,171,True,Sprints,693,1045,1215.5,M,False,2,2024-02-25,2024-02-26,False,,,,,,
11151,13668,204,930,,924.0,,1921.0,,2142.0,,22,,1:50.70,,,,,170,True,Relays,345,847,768.5,M,False,2,2024-02-25,2024-02-25,False,,,,,,
11153,13656,204,930,,,,,,,,4,,25.67,,,,,170,True,Sprints,536,934,1003.0,M,False,2,2024-02-25,2024-02-25,False,81.77,,542.3,,387,
11154,13666,204,930,,897.0,,924.0,,1921.0,,24,,3:58.72,,,,,170,True,Relays,501,932,967.0,M,False,2,2024-02-25,2024-02-25,False,76.45,,960.29,,384,
11534,14141,201,5089,,,,,,,,4,,29.90,,,,,177,True,Sprints,186,607,489.5,M,False,2,2024-03-03,2024-03-03,False,67.71,,291.29,,93,
11535,14142,201,5089,,,,,,,,6,,1:12.18,,,,,177,True,Sprints,69,510,324.0,M,False,2,2024-03-03,2024-03-03,False,55.17,,247.47,,49,
11539,14146,201,5090,,,,,,,,4,,24.01,,,,,177,True,Sprints,723,1081,1263.5,M,False,2,2024-03-03,2024-03-03,False,88.9,,664.97,,531,
11540,14147,172,5091,,,,,,,,2,,7.73,,,,,177,True,Sprints,601,975,1088.5,M,False,2,2024-03-03,2024-03-03,False,,,,,,
11542,14149,172,5091,,,,,,,,4,,25.42,,,,,177,True,Sprints,563,955,1040.5,M,False,2,2024-03-03,2024-03-03,False,82.77,,559.75,,407,
11543,14150,172,5092,,,,,,,,2,,9.04,,,,,177,True,Sprints,186,610,491.0,M,False,2,2024-03-03,2024-03-03,False,,,,,,
11545,14152,172,5092,,,,,,,,4,,31.05,,,,,177,True,Sprints,122,530,387.0,M,False,2,2024-03-03,2024-03-03,False,64.65,,234.87,,27,
11547,14154,172,5092,,,,,,,,6,,1:13.49,,,,,177,True,Sprints,49,477,287.5,M,False,2,2024-03-03,2024-03-03,False,54.0,,224.54,,23,
11549,14156,172,5093,,,,,,,,2,,8.52,,,,,177,True,Sprints,323,745,695.5,M,False,2,2024-03-03,2024-03-03,False,,,,,,
11551,14158,172,5093,,,,,,,,4,,28.23,,,,,177,True,Sprints,303,727,666.5,M,False,2,2024-03-03,2024-03-03,False,72.68,,381.4,,199,
11553,14160,172,5093,,,,,,,,6,,1:02.01,,,,,177,True,Sprints,338,805,740.5,M,False,2,2024-03-03,2024-03-03,False,66.18,,458.46,,288,
11556,14163,172,5095,,,,,,,,2,,8.88,,,,,177,True,Sprints,224,650,549.0,M,False,2,2024-03-03,2024-03-03,False,,,,,,
11558,14165,172,5095,,,,,,,,4,,30.80,,,,,177,True,Sprints,135,546,408.0,M,False,2,2024-03-03,2024-03-03,False,65.29,,246.77,,41,
11560,14167,172,5095,,,,,,,,6,,1:21.22,,,,,177,True,Sprints,0,305,152.5,M,False,2,2024-03-03,2024-03-03,False,47.96,,104.28,,0,
11562,14169,172,5096,,,,,,,,2,,7.31,,,,,177,True,Sprints,783,1111,1338.5,M,False,2,2024-03-03,2024-03-03,False,,,,,,
11563,14170,172,5097,,,,,,,,2,,10.09,,,,,177,True,Sprints,24,378,213.0,M,False,2,2024-03-03,2024-03-03,False,,,,,,
11573,14172,172,5097,,,,,,,,4,,37.12,,,,,177,True,Sprints,0,210,105.0,M,False,2,2024-03-03,2024-03-03,False,52.02,,-5.0,,0,
11574,14173,172,5097,,,,,,,,6,,96.93,,,,,177,True,Sprints,0,73,36.5,M,False,2,2024-03-03,2024-03-03,False,38.94,,-81.02,,0,
11580,14179,172,5102,,,,,,,,2,,8.42,,,,,177,True,Sprints,353,772,739.0,M,False,2,2024-03-03,2024-03-03,False,,,,,,
11581,14180,172,5102,,,,,,,,4,,28.86,,,,,177,True,Sprints,256,680,596.0,M,False,2,2024-03-03,2024-03-03,False,70.73,,346.18,,158,
11582,14181,172,5103,,,,,,,,2,,8.21,,,,,177,True,Sprints,421,831,836.5,M,False,2,2024-03-03,2024-03-03,False,,,,,,
11583,14182,172,5103,,,,,,,,4,,27.48,,,,,177,True,Sprints,364,785,756.5,M,False,2,2024-03-03,2024-03-03,False,75.14,,425.43,,250,
11584,14183,174,1866,,5104.0,,5105.0,,1886.0,,22,,1:55.43,,,,,177,True,Relays,254,770,639.0,M,False,2,2024-03-03,2024-03-03,False,,,,,,
11586,14185,174,2116,,,,,,,,2,,8.66,,,,,177,True,Sprints,282,707,635.5,M,False,2,2024-03-03,2024-03-03,False,,,,,,
11588,14187,174,2116,,,,,,,,4,,27.25,,,,,177,True,Sprints,384,803,785.5,M,False,2,2024-03-03,2024-03-03,False,75.92,,439.42,,267,
11590,14189,174,2116,,,,,,,,6,,1:01.57,,,,,177,True,Sprints,354,819,763.5,M,False,2,2024-03-03,2024-03-03,False,66.75,,469.17,,300,
11600,14199,174,3580,,,,,,,,2,,8.05,,,,,177,True,Sprints,478,878,917.0,M,False,2,2024-03-03,2024-03-03,False,,,,,,
11601,14200,174,3580,,,,,,,,4,,26.08,,,,,177,True,Sprints,494,899,943.5,M,False,2,2024-03-03,2024-03-03,False,80.17,,514.41,,354,
11603,14202,175,5001,,,,,,,,4,,25.57,,,,,177,True,Sprints,547,942,1018.0,M,False,2,2024-03-03,2024-03-03,False,82.17,,549.24,,395,
11604,14203,175,5001,,,,,,,,6,,57.09,,,,,177,True,Sprints,541,971,1026.5,M,False,2,2024-03-03,2024-03-03,False,73.14,,587.52,,435,
11605,14204,175,5106,,,,,,,,2,,8.09,,,,,177,True,Sprints,463,866,896.0,M,False,2,2024-03-03,2024-03-03,False,,,,,,
11618,14218,178,4324,,,,,,,,4,,25.56,,,,,177,True,Sprints,548,943,1019.5,M,False,2,2024-03-03,2024-03-03,False,82.21,,549.94,,396,
11620,14220,178,4330,,,,,,,,2,,7.47,,,,,177,True,Sprints,711,1058,1240.0,M,False,2,2024-03-03,2024-03-03,False,,,,,,
11621,14221,178,4330,,,,,,,,4,,24.72,,,,,177,True,Sprints,640,1017,1148.5,M,False,2,2024-03-03,2024-03-03,False,85.71,,610.49,,467,
11623,14224,180,1820,,5109.0,,2110.0,,3211.0,,22,,1:51.50,,,,,177,True,Relays,329,834,746.0,M,False,2,2024-03-03,2024-03-03,False,,,,,,
11624,14225,180,1922,,,,,,,,2,,8.96,,,,,177,True,Sprints,205,629,519.5,M,False,2,2024-03-03,2024-03-03,False,,,,,,
11626,14227,180,1922,,,,,,,,4,,34.50,,,,,177,True,Sprints,11,331,176.5,M,False,2,2024-03-03,2024-03-03,False,56.85,,88.18,,0,
11628,14229,180,1922,,,,,,,,6,,1:15.26,,,,,177,True,Sprints,27,434,244.0,M,False,2,2024-03-03,2024-03-03,False,52.49,,194.82,,0,
11631,14232,180,5110,,,,,,,,2,,7.90,,,,,177,True,Sprints,533,923,994.5,M,False,2,2024-03-03,2024-03-03,False,,,,,,
11632,14233,180,5110,,,,,,,,4,,25.66,,,,,177,True,Sprints,537,934,1004.0,M,False,2,2024-03-03,2024-03-03,False,81.81,,542.99,,388,
11634,14235,180,5110,,,,,,,,6,,58.56,,,,,177,True,Sprints,476,920,936.0,M,False,2,2024-03-03,2024-03-03,False,70.92,,546.69,,388,
11642,14244,188,5012,,,,,,,,4,,25.37,,,,,177,True,Sprints,568,959,1047.5,M,False,2,2024-03-03,2024-03-03,False,82.98,,563.28,,412,
11644,14247,188,3540,,,,,,,,2,,8.07,,,,,177,True,Sprints,470,872,906.0,M,False,2,2024-03-03,2024-03-03,False,,,,,,
11645,14248,188,3540,,,,,,,,4,,27.31,,,,,177,True,Sprints,379,798,778.0,M,False,2,2024-03-03,2024-03-03,False,75.72,,435.75,,262,
11646,14252,188,3541,,,,,,,,2,,7.26,,,,,177,True,Sprints,807,1127,1370.5,M,False,2,2024-03-03,2024-03-03,False,,,,,,
11648,14254,188,3541,,,,,,,,4,,24.32,,,,,177,True,Sprints,686,1053,1212.5,M,False,2,2024-03-03,2024-03-03,False,87.48,,640.79,,502,
11650,14256,188,3541,,,,,,,,6,,58.80,,,,,177,True,Sprints,465,912,921.0,M,False,2,2024-03-03,2024-03-03,False,70.57,,540.21,,381,
11654,14261,188,3851,,,,,,,,6,,53.10,,,,,177,True,Sprints,741,1118,1300.0,M,False,2,2024-03-03,2024-03-03,False,79.9,,709.74,,573,
11657,14265,188,5113,,,,,,,,2,,7.47,,,,,177,True,Sprints,711,1058,1240.0,M,False,2,2024-03-03,2024-03-03,False,,,,,,
11658,14266,188,5113,,,,,,,,4,,24.36,,,,,177,True,Sprints,681,1049,1205.5,M,False,2,2024-03-03,2024-03-03,False,87.3,,637.72,,499,
11659,14267,188,3548,,,,,,,,2,,8.41,,,,,177,True,Sprints,356,775,743.5,M,False,2,2024-03-03,2024-03-03,False,,,,,,
11661,14269,188,3548,,,,,,,,4,,27.73,,,,,177,True,Sprints,343,766,726.0,M,False,2,2024-03-03,2024-03-03,False,74.3,,410.49,,233,
11663,14271,188,3548,,,,,,,,6,,1:02.75,,,,,177,True,Sprints,312,781,702.5,M,False,2,2024-03-03,2024-03-03,False,65.24,,440.8,,268,
11665,14273,188,3854,,,,,,,,2,,7.67,,,,,177,True,Sprints,625,994,1122.0,M,False,2,2024-03-03,2024-03-03,False,,,,,,
11666,14274,188,3549,,,,,,,,2,,7.48,,,,,177,True,Sprints,706,1055,1233.5,M,False,2,2024-03-03,2024-03-03,False,,,,,,
11668,14276,188,5114,,,,,,,,4,,25.51,,,,,177,True,Sprints,553,947,1026.5,M,False,2,2024-03-03,2024-03-03,False,82.41,,553.43,,400,
11670,14250,188,928,,,,,,,,6,,52.65,,,,,177,True,Sprints,765,1135,1332.5,M,False,2,2024-03-03,2024-03-03,False,80.74,,724.68,,590,
11671,14277,188,3851,,3854.0,,3549.0,,928.0,,22,,1:35.36,,,,,177,True,Relays,737,1123,1298.5,M,False,2,2024-03-03,2024-03-03,False,,,,,,
11672,14259,188,966,,,,,,,,6,,58.99,,,,,177,True,Sprints,457,905,909.5,M,False,2,2024-03-03,2024-03-03,False,70.3,,535.13,,375,
11676,14280,188,5018,,,,,,,,2,,8.02,,,,,177,True,Sprints,489,887,932.5,M,False,2,2024-03-03,2024-03-03,False,,,,,,
11677,14281,188,5018,,,,,,,,4,,27.39,,,,,177,True,Sprints,372,792,768.0,M,False,2,2024-03-03,2024-03-03,False,75.44,,430.88,,257,
11678,14288,188,3551,,,,,,,,2,,8.29,,,,,177,True,Sprints,395,809,799.5,M,False,2,2024-03-03,2024-03-03,False,,,,,,
11679,14289,188,3551,,,,,,,,4,,27.96,,,,,177,True,Sprints,324,748,698.0,M,False,2,2024-03-03,2024-03-03,False,73.55,,396.98,,217,
11682,14292,147,4642,,,,,,,,2,,7.48,,,,,177,True,Sprints,706,1055,1233.5,M,False,2,2024-03-03,2024-03-03,False,,,,,,
11683,14293,147,4642,,,,,,,,4,,24.31,,,,,177,True,Sprints,687,1054,1214.0,M,False,2,2024-03-03,2024-03-03,False,87.52,,641.56,,503,
11684,14294,147,4642,,,,,,,,6,,55.93,,,,,177,True,Sprints,596,1013,1102.5,M,False,2,2024-03-03,2024-03-03,False,74.99,,621.25,,473,
11686,14296,191,5019,,,,,,,,6,,54.97,,,,,177,True,Sprints,643,1048,1167.0,M,False,2,2024-03-03,2024-03-03,False,76.59,,650.25,,506,
11687,14297,191,2159,,,,,,,,2,,8.22,,,,,177,True,Sprints,418,828,832.0,M,False,2,2024-03-03,2024-03-03,False,,,,,,
11689,14299,191,2159,,,,,,,,4,,27.05,,,,,177,True,Sprints,402,819,811.5,M,False,2,2024-03-03,2024-03-03,False,76.62,,451.78,,281,
11691,14301,191,2159,,,,,,,,6,,1:01.27,,,,,177,True,Sprints,366,829,780.5,M,False,2,2024-03-03,2024-03-03,False,67.15,,476.55,,309,
11693,14303,191,5115,,2159.0,,2147.0,,5019.0,,22,,1:44.72,,,,,177,True,Relays,481,950,956.0,M,False,2,2024-03-03,2024-03-03,False,,,,,,
11694,14304,191,2147,,,,,,,,2,,8.38,,,,,177,True,Sprints,366,783,757.5,M,False,2,2024-03-03,2024-03-03,False,,,,,,
11696,14306,191,2147,,,,,,,,4,,31.62,,,,,177,True,Sprints,96,494,343.0,M,False,2,2024-03-03,2024-03-03,False,63.22,,208.43,,0,
11698,14308,191,2147,,,,,,,,6,,1:08.89,,,,,177,True,Sprints,134,598,433.0,M,False,2,2024-03-03,2024-03-03,False,58.33,,308.91,,119,
11707,14317,196,895,,,,,,,,2,,8.73,,,,,177,True,Sprints,263,688,607.0,M,False,2,2024-03-03,2024-03-03,False,,,,,,
11709,14319,196,895,,,,,,,,4,,27.72,,,,,177,True,Sprints,344,766,727.0,M,False,2,2024-03-03,2024-03-03,False,74.33,,411.08,,233,
11711,14321,196,895,,,,,,,,6,,1:04.52,,,,,177,True,Sprints,253,726,616.0,M,False,2,2024-03-03,2024-03-03,False,63.09,,400.21,,222,
11714,14325,196,2375,,,,,,,,6,,58.91,,,,,177,True,Sprints,461,908,915.0,M,False,2,2024-03-03,2024-03-03,False,70.41,,537.27,,378,
11717,14328,196,2373,,,,,,,,2,,8.59,,,,,177,True,Sprints,302,726,665.0,M,False,2,2024-03-03,2024-03-03,False,,,,,,
11719,14330,196,2373,,,,,,,,4,,28.37,,,,,177,True,Sprints,292,717,650.5,M,False,2,2024-03-03,2024-03-03,False,72.23,,373.44,,189,
11721,14332,196,2373,,,,,,,,6,,1:03.65,,,,,177,True,Sprints,281,753,657.5,M,False,2,2024-03-03,2024-03-03,False,64.13,,419.88,,244,
11723,14336,196,5025,,,,,,,,2,,8.62,,,,,177,True,Sprints,293,718,652.0,M,False,2,2024-03-03,2024-03-03,False,,,,,,
11725,14338,196,5025,,,,,,,,4,,26.73,,,,,177,True,Sprints,432,845,854.5,M,False,2,2024-03-03,2024-03-03,False,77.76,,471.94,,305,
11727,14340,196,5025,,,,,,,,6,,56.84,,,,,177,True,Sprints,553,980,1043.0,M,False,2,2024-03-03,2024-03-03,False,73.54,,594.67,,443,
11729,14344,196,2359,,913.0,,948.0,,895.0,,22,,1:45.75,,,,,177,True,Relays,456,932,922.0,M,False,2,2024-03-03,2024-03-03,False,,,,,,
11732,14348,196,2371,,,,,,,,6,,1:06.59,,,,,177,True,Sprints,192,664,524.0,M,False,2,2024-03-03,2024-03-03,False,60.75,,355.47,,171,
11736,14352,199,1839,,,,,,,,2,,8.05,,,,,177,True,Sprints,478,878,917.0,M,False,2,2024-03-03,2024-03-03,False,,,,,,
11738,14354,199,3552,,,,,,,,2,,7.63,,,,,177,True,Sprints,642,1007,1145.5,M,False,2,2024-03-03,2024-03-03,False,,,,,,
11739,14355,199,3552,,,,,,,,4,,25.28,,,,,177,True,Sprints,578,967,1061.5,M,False,2,2024-03-03,2024-03-03,False,83.35,,569.67,,419,
11740,14356,199,5028,,,,,,,,2,,7.93,,,,,177,True,Sprints,522,914,979.0,M,False,2,2024-03-03,2024-03-03,False,,,,,,
11741,14357,199,5030,,,,,,,,2,,7.73,,,,,177,True,Sprints,601,975,1088.5,M,False,2,2024-03-03,2024-03-03,False,,,,,,
11744,14360,199,3861,,5030.0,,5028.0,,3552.0,,22,,1:39.42,,,,,177,True,Relays,619,1046,1142.0,M,False,2,2024-03-03,2024-03-03,False,,,,,,
11752,14368,203,4405,,,,,,,,2,,7.37,,,,,177,True,Sprints,756,1091,1301.5,M,False,2,2024-03-03,2024-03-03,False,,,,,,
11753,14369,203,4405,,,,,,,,4,,24.48,,,,,177,True,Sprints,667,1038,1186.0,M,False,2,2024-03-03,2024-03-03,False,86.76,,628.55,,488,
11767,14384,203,4412,,,,,,,,2,,7.87,,,,,177,True,Sprints,545,932,1011.0,M,False,2,2024-03-03,2024-03-03,False,,,,,,
11768,14385,203,4412,,,,,,,,4,,25.87,,,,,177,True,Sprints,516,917,974.5,M,False,2,2024-03-03,2024-03-03,False,80.98,,528.58,,371,
11773,14282,188,918,,,,,,,,2,,7.78,,,,,177,True,Sprints,580,960,1060.0,M,False,2,2024-03-03,2024-03-03,False,,,,,,
11775,14386,203,4413,,,,,,,,2,,7.14,,,,,177,True,Sprints,864,1168,1448.0,M,False,2,2024-03-03,2024-03-03,False,,,,,,
11780,14391,203,2124,,,,,,,,6,,1:00.15,,,,,177,True,Sprints,409,866,842.0,M,False,2,2024-03-03,2024-03-03,False,68.66,,504.77,,341,
11782,14393,203,4414,,,,,,,,4,,23.93,,,,,177,True,Sprints,733,1089,1277.5,M,False,2,2024-03-03,2024-03-03,False,89.27,,671.31,,538,
11783,14394,203,4414,,,,,,,,6,,53.05,,,,,177,True,Sprints,744,1119,1303.5,M,False,2,2024-03-03,2024-03-03,False,80.0,,711.38,,575,
11786,14397,203,4430,,,,,,,,6,,52.60,,,,,177,True,Sprints,768,1137,1336.5,M,False,2,2024-03-03,2024-03-03,False,80.84,,726.36,,592,
11789,14400,203,4415,,,,,,,,4,,25.88,,,,,177,True,Sprints,515,916,973.0,M,False,2,2024-03-03,2024-03-03,False,80.94,,527.9,,370,
11791,14402,203,5035,,,,,,,,2,,7.83,,,,,177,True,Sprints,561,944,1033.0,M,False,2,2024-03-03,2024-03-03,False,,,,,,
11796,14407,203,1883,,,,,,,,2,,8.32,,,,,177,True,Sprints,385,800,785.0,M,False,2,2024-03-03,2024-03-03,False,,,,,,
11798,14409,203,1883,,,,,,,,4,,26.31,,,,,177,True,Sprints,472,880,912.0,M,False,2,2024-03-03,2024-03-03,False,79.3,,499.14,,337,
11800,14411,203,1883,,,,,,,,6,,1:00.68,,,,,177,True,Sprints,388,848,812.0,M,False,2,2024-03-03,2024-03-03,False,67.93,,491.29,,325,
11802,14413,203,4419,,,,,,,,2,,7.39,,,,,177,True,Sprints,747,1084,1289.0,M,False,2,2024-03-03,2024-03-03,False,,,,,,
11804,14415,203,4420,,,,,,,,4,,27.68,,,,,177,True,Sprints,348,769,732.5,M,False,2,2024-03-03,2024-03-03,False,74.47,,413.46,,236,
11807,14418,203,5120,,,,,,,,2,,8.17,,,,,177,True,Sprints,435,843,856.5,M,False,2,2024-03-03,2024-03-03,False,,,,,,
11808,14419,203,5120,,,,,,,,4,,25.77,,,,,177,True,Sprints,526,925,988.5,M,False,2,2024-03-03,2024-03-03,False,81.37,,535.41,,379,
11809,14420,203,4509,,,,,,,,4,,23.17,,,,,177,True,Sprints,828,1160,1408.0,M,False,2,2024-03-03,2024-03-03,False,92.96,,733.74,,611,
11810,14421,203,4509,,,,,,,,6,,52.98,,,,,177,True,Sprints,747,1122,1308.0,M,False,2,2024-03-03,2024-03-03,False,80.13,,713.7,,578,
11812,14423,203,4423,,,,,,,,6,,53.45,,,,,177,True,Sprints,722,1104,1274.0,M,False,2,2024-03-03,2024-03-03,False,79.26,,698.29,,560,
11815,14426,203,4424,,,,,,,,2,,7.84,,,,,177,True,Sprints,557,941,1027.5,M,False,2,2024-03-03,2024-03-03,False,,,,,,
11816,14427,203,4424,,,,,,,,4,,25.46,,,,,177,True,Sprints,558,952,1034.0,M,False,2,2024-03-03,2024-03-03,False,82.61,,556.93,,404,
11819,14430,203,4426,,,,,,,,4,,24.20,,,,,177,True,Sprints,700,1064,1232.0,M,False,2,2024-03-03,2024-03-03,False,88.02,,650.08,,513,
11820,14431,203,4427,,,,,,,,2,,7.88,,,,,177,True,Sprints,541,929,1005.5,M,False,2,2024-03-03,2024-03-03,False,,,,,,
11822,14433,203,4427,,,,,,,,4,,26.87,,,,,177,True,Sprints,419,834,836.0,M,False,2,2024-03-03,2024-03-03,False,77.26,,463.06,,294,
11824,14435,203,4427,,,,,,,,6,,1:11.02,,,,,177,True,Sprints,89,541,359.5,M,False,2,2024-03-03,2024-03-03,False,56.25,,268.49,,73,
11827,14439,203,4510,,,,,,,,2,,7.39,,,,,177,True,Sprints,747,1084,1289.0,M,False,2,2024-03-03,2024-03-03,False,,,,,,
11828,14440,203,4510,,,,,,,,4,,24.57,,,,,177,True,Sprints,657,1030,1172.0,M,False,2,2024-03-03,2024-03-03,False,86.37,,621.74,,480,
11829,14441,203,5033,,1832.0,,2109.0,,1841.0,,22,,1:48.89,,,,,177,True,Relays,384,878,823.0,M,False,2,2024-03-03,2024-03-03,False,,,,,,
11830,14443,204,2142,,,,,,,,4,,26.88,,,,,177,True,Sprints,418,833,834.5,M,False,2,2024-03-03,2024-03-03,False,77.22,,462.43,,294,
11833,14446,204,3602,,,,,,,,2,,7.45,,,,,177,True,Sprints,720,1065,1252.5,M,False,2,2024-03-03,2024-03-03,False,,,,,,
11834,14447,204,3602,,,,,,,,4,,24.17,,,,,177,True,Sprints,704,1066,1237.0,M,False,2,2024-03-03,2024-03-03,False,88.16,,652.41,,516,
11836,14449,204,924,,,,,,,,2,,8.22,,,,,177,True,Sprints,418,828,832.0,M,False,2,2024-03-03,2024-03-03,False,,,,,,
11838,14451,204,924,,,,,,,,4,,27.15,,,,,177,True,Sprints,393,811,798.5,M,False,2,2024-03-03,2024-03-03,False,76.27,,445.58,,274,
11840,14453,204,924,,,,,,,,6,,1:00.38,,,,,177,True,Sprints,400,858,829.0,M,False,2,2024-03-03,2024-03-03,False,68.34,,498.89,,334,
11846,14471,204,964,,,,,,,,4,,27.59,,,,,177,True,Sprints,355,776,743.0,M,False,2,2024-03-03,2024-03-03,False,74.77,,418.83,,243,
11847,14472,204,964,,,,,,,,6,,1:01.50,,,,,177,True,Sprints,357,821,767.5,M,False,2,2024-03-03,2024-03-03,False,66.84,,470.88,,302,
11850,14476,204,3605,,,,,,,,2,,8.13,,,,,177,True,Sprints,449,855,876.5,M,False,2,2024-03-03,2024-03-03,False,,,,,,
11852,14478,204,3605,,,,,,,,4,,26.89,,,,,177,True,Sprints,417,832,833.0,M,False,2,2024-03-03,2024-03-03,False,77.18,,461.8,,293,
11854,14480,204,5124,,,,,,,,4,,30.34,,,,,177,True,Sprints,160,577,448.5,M,False,2,2024-03-03,2024-03-03,False,66.51,,269.19,,67,
11855,14483,204,1876,,922.0,,2142.0,,964.0,,22,,1:44.00,,,,,177,True,Relays,498,963,979.5,M,False,2,2024-03-03,2024-03-03,False,,,,,,
11857,14486,205,3554,,,,,,,,2,,7.20,,,,,177,True,Sprints,835,1147,1408.5,M,False,2,2024-03-03,2024-03-03,False,,,,,,
11859,14488,205,3554,,,,,,,,4,,23.42,,,,,177,True,Sprints,796,1136,1364.0,M,False,2,2024-03-03,2024-03-03,False,91.72,,712.76,,587,
11860,14489,205,2145,,,,,,,,4,,25.87,,,,,177,True,Sprints,516,917,974.5,M,False,2,2024-03-03,2024-03-03,False,80.98,,528.58,,371,
11861,14490,205,2145,,,,,,,,6,,59.16,,,,,177,True,Sprints,450,899,899.5,M,False,2,2024-03-03,2024-03-03,False,70.05,,530.6,,370,
11862,14491,205,5125,,,,,,,,2,,8.11,,,,,177,True,Sprints,456,860,886.0,M,False,2,2024-03-03,2024-03-03,False,,,,,,
11864,14464,204,930,,,,,,,,2,,8.04,,,,,177,True,Sprints,481,881,921.5,M,False,2,2024-03-03,2024-03-03,False,,,,,,
11868,14466,204,930,,,,,,,,4,,25.20,,,,,177,True,Sprints,586,974,1073.0,M,False,2,2024-03-03,2024-03-03,False,83.68,,575.39,,426,
11870,14468,204,930,,,,,,,,6,,57.01,,,,,177,True,Sprints,545,974,1032.0,M,False,2,2024-03-03,2024-03-03,False,73.27,,589.8,,437,
11872,14455,204,899,,,,,,,,2,,8.49,,,,,177,True,Sprints,332,753,708.5,M,False,2,2024-03-03,2024-03-03,False,,,,,,
11874,14457,204,899,,,,,,,,4,,26.60,,,,,177,True,Sprints,444,856,872.0,M,False,2,2024-03-03,2024-03-03,False,78.23,,480.27,,314,
11876,14459,204,899,,,,,,,,6,,59.14,,,,,177,True,Sprints,451,900,901.0,M,False,2,2024-03-03,2024-03-03,False,70.08,,531.14,,371,
11881,14494,205,4485,,,,,,,,2,,7.72,,,,,177,True,Sprints,605,978,1094.0,M,False,2,2024-03-03,2024-03-03,False,,,,,,
11882,14495,205,4485,,,,,,,,4,,24.58,,,,,177,True,Sprints,656,1029,1170.5,M,False,2,2024-03-03,2024-03-03,False,86.32,,620.98,,479,
11883,14496,205,3559,,,,,,,,2,,8.40,,,,,177,True,Sprints,359,778,748.0,M,False,2,2024-03-03,2024-03-03,False,,,,,,
11884,14497,205,3559,,,,,,,,4,,27.31,,,,,177,True,Sprints,379,798,778.0,M,False,2,2024-03-03,2024-03-03,False,75.72,,435.75,,262,
11888,14501,206,5126,,,,,,,,2,,10.28,,,,,177,True,Sprints,11,342,182.0,M,False,2,2024-03-03,2024-03-03,False,,,,,,
11889,14502,206,5126,,,,,,,,4,,31.24,,,,,177,True,Sprints,113,518,372.0,M,False,2,2024-03-03,2024-03-03,False,64.17,,225.95,,17,
11892,14505,206,5041,,,,,,,,4,,24.56,,,,,177,True,Sprints,658,1031,1173.5,M,False,2,2024-03-03,2024-03-03,False,86.41,,622.49,,481,
11894,14507,206,5042,,,,,,,,2,,8.34,,,,,177,True,Sprints,378,794,775.0,M,False,2,2024-03-03,2024-03-03,False,,,,,,
11895,14508,206,5042,,,,,,,,4,,28.24,,,,,177,True,Sprints,302,727,665.5,M,False,2,2024-03-03,2024-03-03,False,72.65,,380.83,,198,
11896,14509,206,4475,,,,,,,,2,,7.26,,,,,177,True,Sprints,807,1127,1370.5,M,False,2,2024-03-03,2024-03-03,False,,,,,,
11897,14510,206,5127,,,,,,,,2,,7.73,,,,,177,True,Sprints,601,975,1088.5,M,False,2,2024-03-03,2024-03-03,False,,,,,,
11898,14511,206,5127,,,,,,,,4,,24.65,,,,,177,True,Sprints,648,1023,1159.5,M,False,2,2024-03-03,2024-03-03,False,86.01,,615.72,,473,
11899,14512,206,5128,,,,,,,,2,,8.64,,,,,177,True,Sprints,288,712,644.0,M,False,2,2024-03-03,2024-03-03,False,,,,,,
11900,14513,206,5128,,,,,,,,4,,28.74,,,,,177,True,Sprints,264,689,608.5,M,False,2,2024-03-03,2024-03-03,False,71.09,,352.77,,165,
11902,14515,206,4477,,,,,,,,4,,24.08,,,,,177,True,Sprints,714,1075,1251.5,M,False,2,2024-03-03,2024-03-03,False,88.57,,659.46,,524,
11903,14516,206,4477,,,,,,,,6,,52.55,,,,,177,True,Sprints,771,1139,1340.5,M,False,2,2024-03-03,2024-03-03,False,80.93,,728.04,,594,
11905,14518,206,4479,,,,,,,,4,,25.01,,,,,177,True,Sprints,607,991,1102.5,M,False,2,2024-03-03,2024-03-03,False,84.47,,589.12,,442,
11907,14520,206,4480,,,,,,,,2,,7.77,,,,,177,True,Sprints,584,963,1065.5,M,False,2,2024-03-03,2024-03-03,False,,,,,,
11908,14521,206,4480,,,,,,,,4,,24.89,,,,,177,True,Sprints,620,1002,1121.0,M,False,2,2024-03-03,2024-03-03,False,84.98,,597.9,,452,
11909,14522,206,4480,,,,,,,,6,,57.65,,,,,177,True,Sprints,516,951,991.5,M,False,2,2024-03-03,2024-03-03,False,72.28,,571.72,,417,
11910,14523,206,4475,,4477.0,,5041.0,,4478.0,,22,,1:37.31,,,,,177,True,Relays,679,1086,1222.0,M,False,2,2024-03-03,2024-03-03,False,,,,,,
11912,14525,206,4481,,,,,,,,4,,25.77,,,,,177,True,Sprints,526,925,988.5,M,False,2,2024-03-03,2024-03-03,False,81.37,,535.41,,379,
11919,14532,208,5132,,,,,,,,6,,1:08.18,,,,,177,True,Sprints,151,618,460.0,M,False,2,2024-03-03,2024-03-03,False,59.05,,322.95,,135,
11922,14535,208,3214,,,,,,,,6,,59.49,,,,,177,True,Sprints,436,888,880.0,M,False,2,2024-03-03,2024-03-03,False,69.58,,521.9,,360,
11924,14537,208,5133,,,,,,,,2,,8.30,,,,,177,True,Sprints,391,806,794.0,M,False,2,2024-03-03,2024-03-03,False,,,,,,
11926,14539,208,5133,,,,,,,,4,,26.78,,,,,177,True,Sprints,427,841,847.5,M,False,2,2024-03-03,2024-03-03,False,77.58,,468.76,,301,
11928,14541,208,5133,,,,,,,,6,,58.49,,,,,177,True,Sprints,479,922,940.0,M,False,2,2024-03-03,2024-03-03,False,71.02,,548.58,,390,
11935,14548,208,5135,,,,,,,,4,,27.22,,,,,177,True,Sprints,387,806,790.0,M,False,2,2024-03-03,2024-03-03,False,76.03,,441.26,,269,
11939,14552,208,3207,,5131.0,,5133.0,,3210.0,,22,,1:47.80,,,,,177,True,Relays,408,896,856.0,M,False,2,2024-03-03,2024-03-03,False,,,,,,
11940,14553,208,5135,,3222.0,,5134.0,,5132.0,,22,,1:55.96,,,,,177,True,Relays,245,761,625.5,M,False,2,2024-03-03,2024-03-03,False,,,,,,
13135,15786,58,4465,,,,,,,,4,,26.57,,,,,203,True,Sprints,447,858,876.0,M,False,2,2024-03-23,2024-03-23,False,78.34,,482.2,,317,
13137,15788,58,5330,,,,,,,,4,,22.55,,,,,203,True,Sprints,910,1220,1520.0,M,False,2,2024-03-23,2024-03-23,False,96.2,,787.79,,674,
13139,15790,58,3925,,,,,,,,4,,24.78,,,,,203,True,Sprints,633,1011,1138.5,M,False,2,2024-03-23,2024-03-23,False,85.45,,606.03,,462,
13140,15791,58,2219,,162.0,,5330.0,,170.0,,24,,3:50.19,,,,,203,True,Relays,589,998,1088.0,M,False,2,2024-03-23,2024-03-23,False,79.71,,1026.09,,445,
13141,15792,58,3926,,,,,,,,4,,24.63,,,,,203,True,Sprints,650,1025,1162.5,M,False,2,2024-03-23,2024-03-23,False,86.1,,617.22,,475,
13142,15793,58,3929,,,,,,,,4,,24.30,,,,,203,True,Sprints,688,1055,1215.5,M,False,2,2024-03-23,2024-03-23,False,87.57,,642.33,,504,
13145,15796,44,4130,,,,,,,,4,,26.26,,,,,203,True,Sprints,477,884,919.0,M,False,2,2024-03-23,2024-03-23,False,79.49,,502.44,,340,
13146,15797,44,4870,,,,,,,,4,,25.21,,,,,203,True,Sprints,585,973,1071.5,M,False,2,2024-03-23,2024-03-23,False,83.63,,574.68,,425,
13148,15799,44,5332,,4135.0,,4130.0,,4875.0,,22,,1:51.74,,,,,203,True,Relays,324,830,739.0,M,False,2,2024-03-23,2024-03-23,False,,,,,,
13149,15800,44,2222,,2224.0,,4133.0,,4134.0,,24,,3:46.59,,,,,203,True,Relays,628,1026,1141.0,M,False,2,2024-03-23,2024-03-23,False,81.17,,1055.35,,473,
13150,15801,44,2226,,4136.0,,3421.0,,5333.0,,24,,4:04.17,,,,,203,True,Relays,448,891,893.5,M,False,2,2024-03-23,2024-03-23,False,74.49,,920.65,,347,
13151,15802,44,5334,,4138.0,,4873.0,,4876.0,,24,,4:10.23,,,,,203,True,Relays,393,846,816.0,M,False,2,2024-03-23,2024-03-23,False,72.44,,878.61,,307,
13152,15803,44,2214,,2215.0,,4130.0,,5335.0,,24,,4:50.65,,,,,203,True,Relays,119,579,408.5,M,False,2,2024-03-23,2024-03-23,False,61.12,,643.01,,87,
13153,15804,44,2212,,4873.0,,2224.0,,5336.0,,26,,8:54.25,,,,,203,True,Relays,0,0,0.0,M,False,2,2024-03-23,2024-03-23,False,,,,,,
13154,15806,44,4875,,,,,,,,4,,28.86,,,,,203,True,Sprints,256,680,596.0,M,False,2,2024-03-23,2024-03-23,False,70.73,,346.18,,158,
13155,15807,44,5337,,,,,,,,4,,25.30,,,,,203,True,Sprints,575,966,1058.0,M,False,2,2024-03-23,2024-03-23,False,83.26,,568.25,,417,
13156,15808,36,4883,,4881.0,,4878.0,,4886.0,,22,,1:50.45,,,,,203,True,Relays,350,851,775.5,M,False,2,2024-03-23,2024-03-23,False,,,,,,
13157,15809,36,4883,,4889.0,,4878.0,,4886.0,,24,,3:57.04,,,,,203,True,Relays,518,945,990.5,M,False,2,2024-03-23,2024-03-23,False,77.07,,972.88,,396,
13158,15810,112,414,,3333.0,,420.0,,437.0,,24,,3:55.63,,,,,203,True,Relays,532,956,1010.0,M,False,2,2024-03-23,2024-03-23,False,77.6,,983.58,,406,
13159,15811,37,5338,,,,,,,,4,,25.88,,,,,203,True,Sprints,515,916,973.0,M,False,2,2024-03-23,2024-03-23,False,80.94,,527.9,,370,
13160,15812,37,5339,,5338.0,,3390.0,,3402.0,,24,,3:52.31,,,,,203,True,Relays,566,981,1056.5,M,False,2,2024-03-23,2024-03-23,False,78.87,,1009.29,,430,
13161,15813,37,3406,,5340.0,,5341.0,,3471.0,,26,,9:17.40,,,,,203,True,Relays,0,0,0.0,M,False,2,2024-03-23,2024-03-23,False,,,,,,
13162,15814,37,5339,,,,,,,,4,,25.66,,,,,203,True,Sprints,537,934,1004.0,M,False,2,2024-03-23,2024-03-23,False,81.81,,542.99,,388,
13164,15816,37,3388,,,,,,,,4,,28.51,,,,,203,True,Sprints,281,706,634.0,M,False,2,2024-03-23,2024-03-23,False,71.8,,365.55,,180,
20453,10320,178,18865,,3209.0,,1818.0,,1824.0,,24,,3:41.95,,,,,143,True,Relays,681,1064,1213.0,M,False,2,2024-02-10,2024-02-10,False,83.13,,1094.46,,509,
20457,14214,178,4330,,18865.0,,4321.0,,5107.0,,22,,1:39.40,,,,,177,True,Relays,620,1047,1143.5,M,False,2,2024-03-03,2024-03-03,False,,,,,,
20534,9698,88,4073,Fr,,,,,,,6,,55.16,,,,,133,True,Sprints,634,1041,1154.5,M,False,2,2024-02-08,2024-02-08,False,76.27,,644.43,,499,
20535,9699,88,4073,Fr,,,,,,,4,,24.23,,,,,133,True,Sprints,697,1061,1227.5,M,False,2,2024-02-08,2024-02-08,False,87.89,,647.75,,510,
23239,12710,107,3860,,4843.0,,2002.0,,4842.0,,24,,3:40.06,,,,,169,True,Relays,703,1079,1242.5,M,False,2,2024-02-24,2024-02-24,False,83.96,,1110.87,,525,
28639,8047,188,928,,,,,,,,6,,51.89,,,,,85,True,Sprints,808,1164,1390.0,M,False,2,2023-12-10,2023-12-10,False,82.19,,750.51,,619,
28642,9931,188,928,,,,,,,,8,,1:26.69,,,,,141,True,Sprints,765,1142,1336.0,M,False,2,2024-02-10,2024-02-10,False,,,,,,
37442,7719,188,928,,885.0,,1863.0,,1863.0,,24,,3:44.49,,,,,74,True,Relays,652,1043,1173.5,M,False,2,2023-12-02,2023-12-02,False,82.05,,1072.85,,489,
43416,10585,146,1205,,1258.0,,1254.0,,1225.0,,30,,11:38.54,,,,,143,True,Relays,0,0,0.0,M,False,2,2024-02-10,2024-02-10,False,,,,,,
45508,10795,130,6845,,2464.0,,4231.0,,2387.0,,24,,4:09.51,,,,,143,True,Relays,400,852,826.0,M,False,2,2024-02-10,2024-02-10,False,72.67,,883.5,,312,
62870,12743,56,4112,,4461.0,,186.0,,4853.0,,24,,3:50.14,,,,,169,True,Relays,590,998,1089.0,M,False,2,2024-02-24,2024-02-24,False,79.73,,1026.49,,446,
62881,15785,43,3400,,5329.0,,4865.0,,53.0,,24,,4:17.43,,,,,203,True,Relays,333,795,730.5,M,False,2,2024-03-23,2024-03-23,False,70.13,,831.22,,263,
63259,10791,169,2442,,3166.0,,1294.0,,1198.0,,30,,11:40.41,,,,,143,True,Relays,0,0,0.0,M,False,2,2024-02-10,2024-02-10,False,,,,,,
63293,8349,162,1179,,,,,,,,8,,1:38.57,,,,,100,True,Sprints,409,895,856.5,M,False,2,2024-01-20,2024-01-20,False,,,,,,
63301,10636,162,1365,,,,,,,,6,,1:00.12,,,,,143,True,Sprints,411,867,844.5,M,False,2,2024-02-10,2024-02-10,False,68.7,,505.54,,342,
63320,14484,204,932,,934.0,,872.0,,897.0,,22,,1:48.83,,,,,177,True,Relays,385,879,824.5,M,False,2,2024-03-03,2024-03-03,False,,,,,,
63326,9636,116,3942,,,,,,,,6,,54.46,,,,,122,True,Sprints,669,1067,1202.5,M,False,2,2024-02-02,2024-02-03,False,77.47,,666.07,,524,
63327,9656,116,3946,,,,,,,,4,,23.60,,,,,122,True,Sprints,773,1119,1332.5,M,False,2,2024-02-02,2024-02-03,False,90.84,,697.93,,569,
63328,9675,146,3696,,,,,,,,6,,52.75,,,,,122,True,Sprints,760,1131,1325.5,M,False,2,2024-02-02,2024-02-03,False,80.55,,721.34,,586,
63339,14345,196,891,,2373.0,,2371.0,,5025.0,,22,,1:51.67,,,,,177,True,Relays,325,831,740.5,M,False,2,2024-03-03,2024-03-03,False,,,,,,
63353,10734,164,709,,727.0,,2742.0,,721.0,,24,,4:49.46,,,,,143,True,Relays,124,586,417.0,M,False,2,2024-02-10,2024-02-10,False,61.4,,649.01,,92,
63373,8657,124,3836,,,,,,,,2,,7.50,,,,,109,True,Sprints,698,1048,1222.0,M,False,2,2024-01-26,2024-01-27,False,,,,,,
63380,10475,159,2750,,,,,,,,2,,8.62,,,,,143,True,Sprints,293,718,652.0,M,False,2,2024-02-10,2024-02-10,False,,,,,,
63419,10456,159,705,,2184.0,,4365.0,,674.0,,30,,11:16.79,,,,,143,True,Relays,0,0,0.0,M,False,2,2024-02-10,2024-02-10,False,,,,,,
63425,11253,121,2807,,3957.0,,2808.0,,2798.0,,24,,3:58.96,,,,,157,True,Relays,499,930,964.0,M,False,2,2024-02-17,2024-02-17,False,76.36,,958.51,,382,
63426,11255,121,2802,,3963.0,,2808.0,,2807.0,,22,,2:00.64,,,,,157,True,Relays,170,689,514.5,M,False,2,2024-02-17,2024-02-17,False,,,,,,
63461,14284,188,918,,,,,,,,4,,25.04,,,,,177,True,Sprints,604,988,1098.0,M,False,2,2024-03-03,2024-03-03,False,84.34,,586.94,,439,
63463,14286,188,918,,,,,,,,6,,56.46,,,,,177,True,Sprints,571,994,1068.0,M,False,2,2024-03-03,2024-03-03,False,74.14,,605.67,,455,
63478,7705,188,966,,,,,,,,4,,26.41,,,,,74,True,Sprints,462,871,897.5,M,False,2,2023-12-02,2023-12-02,False,78.93,,492.58,,329,
63479,8524,188,966,,,,,,,,4,,27.23,,,,,104,True,Sprints,386,805,788.5,M,False,2,2024-01-21,2024-01-21,False,75.99,,440.65,,268,
63480,9932,188,966,,,,,,,,8,,1:38.05,,,,,141,True,Sprints,423,905,875.5,M,False,2,2024-02-10,2024-02-10,False,,,,,,
63501,10304,131,1371,,4318.0,,4319.0,,1231.0,,30,,11:51.47,,,,,143,True,Relays,0,0,0.0,M,False,2,2024-02-10,2024-02-10,False,,,,,,
63508,13449,171,1260,,,,,,,,4,,28.41,,,,,170,True,Sprints,289,714,646.0,M,False,2,2024-02-25,2024-02-25,False,72.11,,371.18,,187,
